ISO-10303-21;
HEADER;
FILE_DESCRIPTION(('STEP AP242'),
    '1');
FILE_NAME('itemCanisterLidBig',
    '',
    ('UNSPECIFIED'),
    ('UNSPECIFIED'),
    'C3D Converter',
    'C3D Toolkit',
    '');
FILE_SCHEMA(('AP242_MANAGED_MODEL_BASED_3D_ENGINEERING_MIM_LF { 1 0 10303 442 1 1 4 }'));
ENDSEC;

DATA;
#1=PRODUCT_DEFINITION('','UNSPECIFIED',#28,#31);
#2=SHAPE_DEFINITION_REPRESENTATION(#26,#3);
#3=SHAPE_REPRESENTATION('NONE',(#4,#48),#8);
#4=AXIS2_PLACEMENT_3D('',#5,#6,#7);
#5=CARTESIAN_POINT('',(0.,0.,0.));
#6=DIRECTION('',(0.,0.,1.));
#7=DIRECTION('',(1.,0.,0.));
#8=(GEOMETRIC_REPRESENTATION_CONTEXT(3)GLOBAL_UNCERTAINTY_ASSIGNED_CONTEXT((#10))
GLOBAL_UNIT_ASSIGNED_CONTEXT((#9,#11,#12))REPRESENTATION_CONTEXT('NONE','NONE'));
#9=(LENGTH_UNIT()NAMED_UNIT(*)SI_UNIT(.MILLI.,.METRE.));
#10=UNCERTAINTY_MEASURE_WITH_UNIT(LENGTH_MEASURE(1.E-5),#9,'NONE','NONE');
#11=(NAMED_UNIT(*)PLANE_ANGLE_UNIT()SI_UNIT($,.RADIAN.));
#12=(NAMED_UNIT(*)SI_UNIT($,.STERADIAN.)SOLID_ANGLE_UNIT());
#13=MANIFOLD_SOLID_BREP('',#14);
#14=CLOSED_SHELL('',(#114,#115,#116,#117,#118,#119,#120,#121,#122,#123,#124,#125,
#126,#127,#128,#129,#130,#131,#132,#133,#134,#135,#136,#137,#138,#139,#140,#141,
#142,#143,#144,#145,#146,#147,#148,#149,#150,#151,#152,#153,#154,#155,#156,#157,
#158,#159,#160,#161,#162,#163,#164,#165,#166,#167,#168,#169,#170,#171,#172,#173,
#174,#175,#176,#177,#178,#179,#180,#181,#182,#183,#184,#185,#186,#187,#188,#189,
#190,#191,#192,#193,#194,#195));
#15=COLOUR_RGB('',0.564705882352941,0.564705882352941,0.564705882352941);
#16=FILL_AREA_STYLE_COLOUR('',#15);
#17=FILL_AREA_STYLE($,(#16));
#18=SURFACE_STYLE_FILL_AREA(#17);
#19=SURFACE_SIDE_STYLE('',(#18));
#20=SURFACE_STYLE_USAGE(.BOTH.,#19);
#21=PRESENTATION_STYLE_ASSIGNMENT((#20));
#22=MECHANICAL_DESIGN_GEOMETRIC_PRESENTATION_REPRESENTATION('NONE',(#23,#64,#205,
#212,#218,#224),#8);
#23=STYLED_ITEM('',(#21),#13);
#24=ADVANCED_BREP_SHAPE_REPRESENTATION('NONE',(#13),#8);
#25=SHAPE_REPRESENTATION_RELATIONSHIP('','',#3,#24);
#26=PRODUCT_DEFINITION_SHAPE('NONE','NONE',#1);
#27=MECHANICAL_CONTEXT('NONE',#32,'mechanical');
#28=PRODUCT_DEFINITION_FORMATION_WITH_SPECIFIED_SOURCE('ANY','UNSPECIFIED',#29,.NOT_KNOWN.);
#29=PRODUCT('','itemCanisterLidBig','NONE',(#27));
#30=PRODUCT_RELATED_PRODUCT_CATEGORY('detail','',(#29));
#31=DESIGN_CONTEXT('detailed design',#32,'design');
#32=APPLICATION_CONTEXT('configuration controlled 3d designs of mechanical parts and assemblies');
#33=APPLICATION_PROTOCOL_DEFINITION('international standard','config_control_design',
1994,#32);
#34=CC_DESIGN_DATE_AND_TIME_ASSIGNMENT(#35,#39,(#1));
#35=DATE_AND_TIME(#36,#37);
#36=CALENDAR_DATE(0,1,1);
#37=LOCAL_TIME(0,0,0.,#38);
#38=COORDINATED_UNIVERSAL_TIME_OFFSET(0,0,.AHEAD.);
#39=DATE_TIME_ROLE('creation_date');
#40=CC_DESIGN_APPROVAL(#41,(#1));
#41=APPROVAL(#42,'UNSPECIFIED');
#42=APPROVAL_STATUS('not_yet_approved');
#43=APPROVAL_DATE_TIME(#44,#41);
#44=DATE_AND_TIME(#45,#46);
#45=CALENDAR_DATE(0,1,1);
#46=LOCAL_TIME(0,0,0.,#47);
#47=COORDINATED_UNIVERSAL_TIME_OFFSET(0,0,.AHEAD.);
#48=AXIS2_PLACEMENT_3D('',#49,#50,#51);
#49=CARTESIAN_POINT('',(0.,0.,0.));
#50=DIRECTION('',(0.,0.,1.));
#51=DIRECTION('',(1.,0.,0.));
#52=PRODUCT_DEFINITION('','UNSPECIFIED',#72,#75);
#53=SHAPE_DEFINITION_REPRESENTATION(#70,#54);
#54=SHAPE_REPRESENTATION('NONE',(#4),#8);
#55=MANIFOLD_SOLID_BREP('',#56);
#56=CLOSED_SHELL('',(#196,#197,#198,#199));
#57=COLOUR_RGB('',0.564705882352941,0.564705882352941,0.564705882352941);
#58=FILL_AREA_STYLE_COLOUR('',#57);
#59=FILL_AREA_STYLE($,(#58));
#60=SURFACE_STYLE_FILL_AREA(#59);
#61=SURFACE_SIDE_STYLE('',(#60));
#62=SURFACE_STYLE_USAGE(.BOTH.,#61);
#63=PRESENTATION_STYLE_ASSIGNMENT((#62));
#64=STYLED_ITEM('',(#63),#55);
#65=ADVANCED_BREP_SHAPE_REPRESENTATION('NONE',(#55),#8);
#66=SHAPE_REPRESENTATION_RELATIONSHIP('','',#54,#65);
#67=GEOMETRIC_CURVE_SET('',(#200,#207,#213,#219));
#68=GEOMETRICALLY_BOUNDED_WIREFRAME_SHAPE_REPRESENTATION('NONE',(#67),#8);
#69=SHAPE_REPRESENTATION_RELATIONSHIP('','',#54,#68);
#70=PRODUCT_DEFINITION_SHAPE('NONE','NONE',#52);
#71=MECHANICAL_CONTEXT('NONE',#76,'mechanical');
#72=PRODUCT_DEFINITION_FORMATION_WITH_SPECIFIED_SOURCE('ANY','UNSPECIFIED',#73,.NOT_KNOWN.);
#73=PRODUCT('','itemBlankCanisterLid','NONE',(#71));
#74=PRODUCT_RELATED_PRODUCT_CATEGORY('detail','',(#73));
#75=DESIGN_CONTEXT('detailed design',#76,'design');
#76=APPLICATION_CONTEXT('configuration controlled 3d designs of mechanical parts and assemblies');
#77=APPLICATION_PROTOCOL_DEFINITION('international standard','config_control_design',
1994,#76);
#78=CC_DESIGN_DATE_AND_TIME_ASSIGNMENT(#79,#83,(#52));
#79=DATE_AND_TIME(#80,#81);
#80=CALENDAR_DATE(0,1,1);
#81=LOCAL_TIME(0,0,0.,#82);
#82=COORDINATED_UNIVERSAL_TIME_OFFSET(0,0,.AHEAD.);
#83=DATE_TIME_ROLE('creation_date');
#84=CC_DESIGN_APPROVAL(#85,(#52));
#85=APPROVAL(#86,'UNSPECIFIED');
#86=APPROVAL_STATUS('not_yet_approved');
#87=APPROVAL_DATE_TIME(#88,#85);
#88=DATE_AND_TIME(#89,#90);
#89=CALENDAR_DATE(0,1,1);
#90=LOCAL_TIME(0,0,0.,#91);
#91=COORDINATED_UNIVERSAL_TIME_OFFSET(0,0,.AHEAD.);
#92=ITEM_DEFINED_TRANSFORMATION('','',#4,#48);
#93=(REPRESENTATION_RELATIONSHIP('','',#54,#3)REPRESENTATION_RELATIONSHIP_WITH_TRANSFORMATION(
#92)SHAPE_REPRESENTATION_RELATIONSHIP());
#94=NEXT_ASSEMBLY_USAGE_OCCURRENCE('ANY','itemCanisterLidBig','',#1,#52,'');
#95=CC_DESIGN_SECURITY_CLASSIFICATION(#96,(#94));
#96=SECURITY_CLASSIFICATION('','',#97);
#97=SECURITY_CLASSIFICATION_LEVEL('unclassified');
#98=CC_DESIGN_DATE_AND_TIME_ASSIGNMENT(#99,#103,(#96));
#99=DATE_AND_TIME(#100,#101);
#100=CALENDAR_DATE(0,1,1);
#101=LOCAL_TIME(0,0,0.,#102);
#102=COORDINATED_UNIVERSAL_TIME_OFFSET(0,0,.AHEAD.);
#103=DATE_TIME_ROLE('classification_date');
#104=CC_DESIGN_APPROVAL(#105,(#96));
#105=APPROVAL(#106,'UNSPECIFIED');
#106=APPROVAL_STATUS('not_yet_approved');
#107=APPROVAL_DATE_TIME(#108,#105);
#108=DATE_AND_TIME(#109,#110);
#109=CALENDAR_DATE(0,1,1);
#110=LOCAL_TIME(0,0,0.,#111);
#111=COORDINATED_UNIVERSAL_TIME_OFFSET(0,0,.AHEAD.);
#112=PRODUCT_DEFINITION_SHAPE('NONE','NONE',#94);
#113=CONTEXT_DEPENDENT_SHAPE_REPRESENTATION(#93,#112);
#114=ADVANCED_FACE('',(#225,#227),#229,.F.);
#115=ADVANCED_FACE('',(#234,#236),#238,.T.);
#116=ADVANCED_FACE('',(#243),#245,.T.);
#117=ADVANCED_FACE('',(#792),#794,.F.);
#118=ADVANCED_FACE('',(#799),#801,.T.);
#119=ADVANCED_FACE('',(#1288),#1290,.T.);
#120=ADVANCED_FACE('',(#1295),#1297,.T.);
#121=ADVANCED_FACE('',(#1302),#1304,.T.);
#122=ADVANCED_FACE('',(#1309),#1311,.F.);
#123=ADVANCED_FACE('',(#1316),#1318,.T.);
#124=ADVANCED_FACE('',(#1323),#1325,.T.);
#125=ADVANCED_FACE('',(#1330),#1332,.T.);
#126=ADVANCED_FACE('',(#1337),#1339,.F.);
#127=ADVANCED_FACE('',(#1344),#1346,.F.);
#128=ADVANCED_FACE('',(#1351),#1353,.F.);
#129=ADVANCED_FACE('',(#1358),#1360,.T.);
#130=ADVANCED_FACE('',(#1365),#1367,.T.);
#131=ADVANCED_FACE('',(#1372),#1374,.T.);
#132=ADVANCED_FACE('',(#1379),#1381,.F.);
#133=ADVANCED_FACE('',(#1386),#1388,.F.);
#134=ADVANCED_FACE('',(#1393),#1395,.F.);
#135=ADVANCED_FACE('',(#1400),#1402,.T.);
#136=ADVANCED_FACE('',(#1407),#1409,.T.);
#137=ADVANCED_FACE('',(#1414),#1416,.T.);
#138=ADVANCED_FACE('',(#1421),#1423,.F.);
#139=ADVANCED_FACE('',(#1428),#1430,.F.);
#140=ADVANCED_FACE('',(#1435),#1437,.F.);
#141=ADVANCED_FACE('',(#1442),#1444,.T.);
#142=ADVANCED_FACE('',(#1449),#1451,.T.);
#143=ADVANCED_FACE('',(#1456),#1458,.T.);
#144=ADVANCED_FACE('',(#1463),#1465,.F.);
#145=ADVANCED_FACE('',(#1470),#1472,.F.);
#146=ADVANCED_FACE('',(#1477),#1479,.F.);
#147=ADVANCED_FACE('',(#1484),#1486,.T.);
#148=ADVANCED_FACE('',(#1491),#1493,.T.);
#149=ADVANCED_FACE('',(#1498),#1500,.T.);
#150=ADVANCED_FACE('',(#1505),#1507,.F.);
#151=ADVANCED_FACE('',(#1512),#1514,.F.);
#152=ADVANCED_FACE('',(#1519),#1521,.F.);
#153=ADVANCED_FACE('',(#1526),#1528,.T.);
#154=ADVANCED_FACE('',(#1533),#1535,.T.);
#155=ADVANCED_FACE('',(#1540),#1542,.T.);
#156=ADVANCED_FACE('',(#1547),#1549,.F.);
#157=ADVANCED_FACE('',(#1554),#1556,.F.);
#158=ADVANCED_FACE('',(#1561),#1563,.T.);
#159=ADVANCED_FACE('',(#2604),#2606,.F.);
#160=ADVANCED_FACE('',(#2611),#2613,.F.);
#161=ADVANCED_FACE('',(#2618),#2620,.T.);
#162=ADVANCED_FACE('',(#2625),#2627,.T.);
#163=ADVANCED_FACE('',(#2632),#2634,.T.);
#164=ADVANCED_FACE('',(#2639),#2641,.T.);
#165=ADVANCED_FACE('',(#2646),#2648,.T.);
#166=ADVANCED_FACE('',(#2653),#2655,.F.);
#167=ADVANCED_FACE('',(#2660),#2662,.T.);
#168=ADVANCED_FACE('',(#2667),#2669,.T.);
#169=ADVANCED_FACE('',(#2674),#2676,.T.);
#170=ADVANCED_FACE('',(#2681),#2683,.F.);
#171=ADVANCED_FACE('',(#2688),#2690,.T.);
#172=ADVANCED_FACE('',(#2695),#2697,.T.);
#173=ADVANCED_FACE('',(#2702),#2704,.T.);
#174=ADVANCED_FACE('',(#2709),#2711,.F.);
#175=ADVANCED_FACE('',(#2716),#2718,.T.);
#176=ADVANCED_FACE('',(#2723),#2725,.T.);
#177=ADVANCED_FACE('',(#2730),#2732,.T.);
#178=ADVANCED_FACE('',(#2737),#2739,.F.);
#179=ADVANCED_FACE('',(#2744),#2746,.T.);
#180=ADVANCED_FACE('',(#2751),#2753,.T.);
#181=ADVANCED_FACE('',(#2758),#2760,.T.);
#182=ADVANCED_FACE('',(#2765),#2767,.F.);
#183=ADVANCED_FACE('',(#2772),#2774,.T.);
#184=ADVANCED_FACE('',(#2779),#2781,.T.);
#185=ADVANCED_FACE('',(#2786),#2788,.T.);
#186=ADVANCED_FACE('',(#2793),#2795,.T.);
#187=ADVANCED_FACE('',(#2800),#2802,.T.);
#188=ADVANCED_FACE('',(#2807),#2809,.T.);
#189=ADVANCED_FACE('',(#2814),#2816,.T.);
#190=ADVANCED_FACE('',(#2821),#2823,.T.);
#191=ADVANCED_FACE('',(#2828),#2830,.F.);
#192=ADVANCED_FACE('',(#2835),#2837,.F.);
#193=ADVANCED_FACE('',(#2842),#2844,.F.);
#194=ADVANCED_FACE('',(#2849),#2851,.F.);
#195=ADVANCED_FACE('',(#2856),#2858,.F.);
#196=ADVANCED_FACE('',(#2863,#2865),#2867,.F.);
#197=ADVANCED_FACE('',(#2872,#2874),#2876,.T.);
#198=ADVANCED_FACE('',(#2881,#2883),#2885,.T.);
#199=ADVANCED_FACE('',(#2890,#2892),#2894,.T.);
#200=B_SPLINE_CURVE_WITH_KNOTS('',3,
(#2899,#2900,#2901,#2902,#2903,#2904,#2905,#2906,#2907,#2908,#2909,#2910,#2911,#2912,
#2913,#2914,#2915,#2916,#2917,#2918,#2919,#2920,#2921,#2922,#2923,#2924,#2925,#2926,
#2927,#2928,#2929,#2930,#2931,#2932,#2933,#2934,#2935,#2936,#2937,#2938,#2939,#2940,
#2941,#2942,#2943,#2944,#2945,#2946,#2947,#2948,#2949,#2950,#2951,#2952,#2953,#2954,
#2955,#2956,#2957,#2958,#2959,#2960,#2961,#2962,#2963,#2964,#2965,#2966,#2967,#2968,
#2969,#2970,#2971,#2972,#2973,#2974,#2975,#2976,#2977,#2978,#2979,#2980,#2981,#2982,
#2983,#2984,#2985,#2986,#2987,#2988,#2989,#2990,#2991,#2992,#2993,#2994,#2995,#2996,
#2997,#2998,#2999,#3000,#3001,#3002,#3003,#3004,#3005,#3006,#3007,#3008,#3009,#3010,
#3011,#3012,#3013,#3014,#3015,#3016,#3017,#3018,#3019,#3020,#3021,#3022,#3023,#3024,
#3025,#3026,#3027,#3028,#3029,#3030,#3031,#3032,#3033,#3034,#3035,#3036,#3037,#3038,
#3039,#3040,#3041,#3042,#3043,#3044,#3045,#3046,#3047,#3048,#3049,#3050,#3051,#3052,
#3053,#3054,#3055,#3056,#3057,#3058,#3059,#3060,#3061,#3062,#3063,#3064,#3065,#3066,
#3067,#3068,#3069,#3070,#3071,#3072,#3073,#3074,#3075,#3076,#3077,#3078,#3079,#3080,
#3081,#3082,#3083,#3084,#3085,#3086,#3087,#3088,#3089,#3090,#3091,#3092,#3093,#3094,
#3095,#3096,#3097,#3098,#3099,#3100,#3101,#3102,#3103,#3104,#3105,#3106,#3107,#3108,
#3109,#3110,#3111,#3112),
.UNSPECIFIED.,.F.,.F.,
(4,1,1,1,1,1,1,1,1,1,1,1,1,1,1,1,1,1,1,1,1,1,1,1,1,1,1,1,1,1,1,1,1,1,1,1,1,1,1,1,
1,1,1,1,1,1,1,1,1,1,1,1,1,1,1,1,1,1,1,1,1,1,1,1,1,1,1,1,1,1,1,1,1,1,1,1,1,1,1,1,
1,1,1,1,1,1,1,1,1,1,1,1,1,1,1,1,1,1,1,1,1,1,1,1,1,1,1,1,1,1,1,1,1,1,1,1,1,1,1,1,
1,1,1,1,1,1,1,1,1,1,1,1,1,1,1,1,1,1,1,1,1,1,1,1,1,1,1,1,1,1,1,1,1,1,1,1,1,1,1,1,
1,1,1,1,1,1,1,1,1,1,1,1,1,1,1,1,1,1,1,1,1,1,1,1,1,1,1,1,1,1,1,1,1,1,1,1,1,1,1,1,
1,1,1,1,1,1,1,1,1,1,1,4),
(0.,0.004739336492891,0.00947867298578199,0.014218009478673,0.018957345971564,0.023696682464455,
0.028436018957346,0.033175355450237,0.037914691943128,0.042654028436019,0.0473933649289099,
0.0521327014218009,0.0568720379146919,0.0616113744075829,0.0663507109004739,0.0710900473933649,
0.0758293838862559,0.0805687203791469,0.0853080568720379,0.0900473933649289,0.0947867298578199,
0.0995260663507109,0.104265402843602,0.109004739336493,0.113744075829384,0.118483412322275,
0.123222748815166,0.127962085308057,0.132701421800948,0.137440758293839,0.14218009478673,
0.146919431279621,0.151658767772512,0.156398104265403,0.161137440758294,0.165876777251185,
0.170616113744076,0.175355450236967,0.180094786729858,0.184834123222749,0.18957345971564,
0.194312796208531,0.199052132701422,0.203791469194313,0.208530805687204,0.213270142180095,
0.218009478672986,0.222748815165877,0.227488151658768,0.232227488151659,0.23696682464455,
0.241706161137441,0.246445497630332,0.251184834123223,0.255924170616114,0.260663507109005,
0.265402843601896,0.270142180094787,0.274881516587678,0.279620853080569,0.28436018957346,
0.289099526066351,0.293838862559241,0.298578199052133,0.303317535545023,0.308056872037914,
0.312796208530806,0.317535545023697,0.322274881516588,0.327014218009479,0.33175355450237,
0.336492890995261,0.341232227488152,0.345971563981043,0.350710900473934,0.355450236966825,
0.360189573459716,0.364928909952607,0.369668246445498,0.374407582938389,0.37914691943128,
0.383886255924171,0.388625592417062,0.393364928909953,0.398104265402844,0.402843601895735,
0.407582938388626,0.412322274881517,0.417061611374408,0.421800947867299,0.42654028436019,
0.431279620853081,0.436018957345972,0.440758293838863,0.445497630331754,0.450236966824645,
0.454976303317536,0.459715639810427,0.464454976303318,0.469194312796209,0.4739336492891,
0.478672985781991,0.483412322274882,0.488151658767773,0.492890995260664,0.497630331753555,
0.502369668246446,0.507109004739337,0.511848341232228,0.516587677725119,0.52132701421801,
0.526066350710901,0.530805687203792,0.535545023696683,0.540284360189574,0.545023696682466,
0.549763033175356,0.554502369668247,0.559241706161139,0.56398104265403,0.568720379146921,
0.573459715639812,0.578199052132703,0.582938388625594,0.587677725118485,0.592417061611376,
0.597156398104267,0.601895734597158,0.606635071090049,0.61137440758294,0.616113744075831,
0.620853080568722,0.625592417061613,0.630331753554504,0.635071090047394,0.639810426540285,
0.644549763033176,0.649289099526067,0.654028436018958,0.658767772511849,0.66350710900474,
0.668246445497631,0.672985781990522,0.677725118483413,0.682464454976304,0.687203791469195,
0.691943127962086,0.696682464454977,0.701421800947868,0.706161137440759,0.71090047393365,
0.715639810426541,0.720379146919432,0.725118483412323,0.729857819905213,0.734597156398104,
0.739336492890995,0.744075829383886,0.748815165876777,0.753554502369668,0.758293838862559,
0.76303317535545,0.767772511848341,0.772511848341232,0.777251184834123,0.781990521327014,
0.786729857819905,0.791469194312796,0.796208530805687,0.800947867298578,0.805687203791469,
0.81042654028436,0.815165876777251,0.819905213270142,0.824644549763033,0.829383886255924,
0.834123222748815,0.838862559241705,0.843601895734596,0.848341232227487,0.853080568720378,
0.857819905213269,0.86255924170616,0.867298578199051,0.872037914691942,0.876777251184833,
0.881516587677724,0.886255924170615,0.890995260663506,0.895734597156397,0.900473933649288,
0.905213270142179,0.90995260663507,0.914691943127961,0.919431279620852,0.924170616113743,
0.928909952606633,0.933649289099524,0.938388625592415,0.943127962085306,0.947867298578197,
0.952606635071088,0.957345971563979,0.96208530805687,0.966824644549761,0.971563981042652,
0.976303317535543,0.981042654028434,0.985781990521325,0.990521327014216,0.995260663507107,
1.),
.UNSPECIFIED.);
#201=COLOUR_RGB('',0.,0.,1.);
#202=PRESENTATION_STYLE_ASSIGNMENT((#203));
#203=CURVE_STYLE('',#204,POSITIVE_LENGTH_MEASURE(0.1),#201);
#204=PRE_DEFINED_CURVE_FONT('continuous');
#205=STYLED_ITEM('',(#202),#200);
#206=INVISIBILITY((#205,#212,#218,#224));
#207=B_SPLINE_CURVE_WITH_KNOTS('',3,
(#3113,#3114,#3115,#3116,#3117,#3118,#3119,#3120,#3121,#3122,#3123,#3124,#3125,#3126,
#3127,#3128,#3129,#3130,#3131,#3132,#3133,#3134,#3135,#3136,#3137,#3138,#3139,#3140,
#3141,#3142,#3143,#3144,#3145,#3146,#3147,#3148,#3149,#3150,#3151,#3152,#3153,#3154,
#3155,#3156,#3157,#3158,#3159,#3160,#3161,#3162,#3163,#3164,#3165,#3166,#3167,#3168,
#3169,#3170,#3171,#3172,#3173,#3174,#3175,#3176,#3177,#3178,#3179,#3180,#3181,#3182,
#3183,#3184,#3185,#3186,#3187,#3188,#3189,#3190,#3191,#3192,#3193,#3194,#3195,#3196,
#3197,#3198,#3199,#3200,#3201,#3202,#3203,#3204,#3205,#3206,#3207,#3208,#3209,#3210,
#3211,#3212,#3213,#3214,#3215,#3216,#3217,#3218,#3219,#3220,#3221,#3222,#3223,#3224,
#3225,#3226,#3227,#3228,#3229,#3230,#3231,#3232,#3233,#3234,#3235,#3236,#3237,#3238,
#3239,#3240,#3241),
.UNSPECIFIED.,.F.,.F.,
(4,1,1,1,1,1,1,1,1,1,1,1,1,1,1,1,1,1,1,1,1,1,1,1,1,1,1,1,1,1,1,1,1,1,1,1,1,1,1,1,
1,1,1,1,1,1,1,1,1,1,1,1,1,1,1,1,1,1,1,1,1,1,1,1,1,1,1,1,1,1,1,1,1,1,1,1,1,1,1,1,
1,1,1,1,1,1,1,1,1,1,1,1,1,1,1,1,1,1,1,1,1,1,1,1,1,1,1,1,1,1,1,1,1,1,1,1,1,1,1,1,
1,1,1,1,1,1,4),
(0.,0.00793650793650794,0.0158730158730159,0.0238095238095238,0.0317460317460317,
0.0396825396825397,0.0476190476190476,0.0555555555555556,0.0634920634920635,0.0714285714285714,
0.0793650793650794,0.0873015873015873,0.0952380952380953,0.103174603174603,0.111111111111111,
0.119047619047619,0.126984126984127,0.134920634920635,0.142857142857143,0.150793650793651,
0.158730158730159,0.166666666666667,0.174603174603175,0.182539682539683,0.190476190476191,
0.198412698412698,0.206349206349206,0.214285714285714,0.222222222222222,0.23015873015873,
0.238095238095238,0.246031746031746,0.253968253968254,0.261904761904762,0.26984126984127,
0.277777777777778,0.285714285714286,0.293650793650794,0.301587301587301,0.309523809523809,
0.317460317460317,0.325396825396825,0.333333333333333,0.341269841269841,0.349206349206349,
0.357142857142857,0.365079365079365,0.373015873015873,0.380952380952381,0.388888888888889,
0.396825396825396,0.404761904761904,0.412698412698412,0.42063492063492,0.428571428571428,
0.436507936507936,0.444444444444444,0.452380952380952,0.46031746031746,0.468253968253968,
0.476190476190476,0.484126984126983,0.492063492063491,0.499999999999999,0.507936507936507,
0.515873015873015,0.523809523809523,0.531746031746031,0.539682539682539,0.547619047619047,
0.555555555555555,0.563492063492063,0.57142857142857,0.579365079365078,0.587301587301586,
0.595238095238094,0.603174603174602,0.61111111111111,0.619047619047618,0.626984126984126,
0.634920634920634,0.642857142857142,0.65079365079365,0.658730158730157,0.666666666666665,
0.674603174603173,0.682539682539681,0.690476190476189,0.698412698412697,0.706349206349205,
0.714285714285713,0.722222222222221,0.730158730158729,0.738095238095237,0.746031746031745,
0.753968253968253,0.76190476190476,0.769841269841268,0.777777777777776,0.785714285714284,
0.793650793650792,0.8015873015873,0.809523809523808,0.817460317460316,0.825396825396824,
0.833333333333332,0.84126984126984,0.849206349206347,0.857142857142855,0.865079365079363,
0.873015873015871,0.880952380952379,0.888888888888887,0.896825396825395,0.904761904761903,
0.912698412698411,0.920634920634919,0.928571428571427,0.936507936507934,0.944444444444442,
0.95238095238095,0.960317460317458,0.968253968253966,0.976190476190474,0.984126984126982,
0.99206349206349,1.),
.UNSPECIFIED.);
#208=COLOUR_RGB('',0.,0.,1.);
#209=PRESENTATION_STYLE_ASSIGNMENT((#210));
#210=CURVE_STYLE('',#211,POSITIVE_LENGTH_MEASURE(0.1),#208);
#211=PRE_DEFINED_CURVE_FONT('continuous');
#212=STYLED_ITEM('',(#209),#207);
#213=B_SPLINE_CURVE_WITH_KNOTS('',3,
(#3242,#3243,#3244,#3245,#3246,#3247,#3248,#3249,#3250,#3251,#3252,#3253,#3254,#3255,
#3256,#3257,#3258,#3259,#3260,#3261,#3262,#3263,#3264,#3265,#3266,#3267,#3268,#3269,
#3270,#3271,#3272,#3273,#3274,#3275,#3276,#3277,#3278,#3279,#3280,#3281,#3282,#3283,
#3284,#3285,#3286,#3287,#3288,#3289,#3290,#3291,#3292,#3293,#3294,#3295,#3296,#3297,
#3298,#3299,#3300,#3301,#3302,#3303,#3304,#3305,#3306,#3307,#3308,#3309,#3310,#3311,
#3312,#3313,#3314,#3315,#3316,#3317,#3318,#3319,#3320,#3321,#3322,#3323,#3324,#3325,
#3326,#3327,#3328,#3329,#3330,#3331,#3332,#3333,#3334,#3335,#3336,#3337,#3338,#3339,
#3340,#3341,#3342,#3343,#3344,#3345,#3346,#3347,#3348,#3349,#3350,#3351,#3352,#3353,
#3354,#3355,#3356,#3357,#3358,#3359,#3360,#3361,#3362,#3363,#3364,#3365,#3366,#3367,
#3368,#3369,#3370,#3371,#3372,#3373,#3374,#3375,#3376,#3377,#3378,#3379,#3380,#3381,
#3382,#3383,#3384,#3385,#3386,#3387,#3388,#3389,#3390,#3391,#3392,#3393,#3394,#3395,
#3396,#3397,#3398,#3399,#3400,#3401,#3402,#3403,#3404,#3405,#3406,#3407,#3408,#3409,
#3410,#3411,#3412,#3413,#3414,#3415,#3416,#3417,#3418,#3419,#3420,#3421,#3422,#3423,
#3424,#3425,#3426,#3427,#3428,#3429,#3430,#3431,#3432,#3433,#3434,#3435,#3436,#3437,
#3438,#3439,#3440,#3441,#3442,#3443,#3444,#3445,#3446,#3447,#3448,#3449,#3450,#3451,
#3452,#3453,#3454,#3455),
.UNSPECIFIED.,.F.,.F.,
(4,1,1,1,1,1,1,1,1,1,1,1,1,1,1,1,1,1,1,1,1,1,1,1,1,1,1,1,1,1,1,1,1,1,1,1,1,1,1,1,
1,1,1,1,1,1,1,1,1,1,1,1,1,1,1,1,1,1,1,1,1,1,1,1,1,1,1,1,1,1,1,1,1,1,1,1,1,1,1,1,
1,1,1,1,1,1,1,1,1,1,1,1,1,1,1,1,1,1,1,1,1,1,1,1,1,1,1,1,1,1,1,1,1,1,1,1,1,1,1,1,
1,1,1,1,1,1,1,1,1,1,1,1,1,1,1,1,1,1,1,1,1,1,1,1,1,1,1,1,1,1,1,1,1,1,1,1,1,1,1,1,
1,1,1,1,1,1,1,1,1,1,1,1,1,1,1,1,1,1,1,1,1,1,1,1,1,1,1,1,1,1,1,1,1,1,1,1,1,1,1,1,
1,1,1,1,1,1,1,1,1,1,1,4),
(0.,0.004739336492891,0.00947867298578199,0.014218009478673,0.018957345971564,0.023696682464455,
0.028436018957346,0.033175355450237,0.037914691943128,0.042654028436019,0.0473933649289099,
0.0521327014218009,0.0568720379146919,0.0616113744075829,0.0663507109004739,0.0710900473933649,
0.0758293838862559,0.0805687203791469,0.0853080568720379,0.0900473933649289,0.0947867298578199,
0.0995260663507109,0.104265402843602,0.109004739336493,0.113744075829384,0.118483412322275,
0.123222748815166,0.127962085308057,0.132701421800948,0.137440758293839,0.14218009478673,
0.146919431279621,0.151658767772512,0.156398104265403,0.161137440758294,0.165876777251185,
0.170616113744076,0.175355450236967,0.180094786729858,0.184834123222749,0.18957345971564,
0.194312796208531,0.199052132701422,0.203791469194313,0.208530805687204,0.213270142180095,
0.218009478672986,0.222748815165877,0.227488151658768,0.232227488151659,0.23696682464455,
0.241706161137441,0.246445497630332,0.251184834123223,0.255924170616114,0.260663507109005,
0.265402843601896,0.270142180094787,0.274881516587678,0.279620853080569,0.28436018957346,
0.289099526066351,0.293838862559241,0.298578199052133,0.303317535545023,0.308056872037914,
0.312796208530806,0.317535545023697,0.322274881516588,0.327014218009479,0.33175355450237,
0.336492890995261,0.341232227488152,0.345971563981043,0.350710900473934,0.355450236966825,
0.360189573459716,0.364928909952607,0.369668246445498,0.374407582938389,0.37914691943128,
0.383886255924171,0.388625592417062,0.393364928909953,0.398104265402844,0.402843601895735,
0.407582938388626,0.412322274881517,0.417061611374408,0.421800947867299,0.42654028436019,
0.431279620853081,0.436018957345972,0.440758293838863,0.445497630331754,0.450236966824645,
0.454976303317536,0.459715639810427,0.464454976303318,0.469194312796209,0.4739336492891,
0.478672985781991,0.483412322274882,0.488151658767773,0.492890995260664,0.497630331753555,
0.502369668246446,0.507109004739337,0.511848341232228,0.516587677725119,0.52132701421801,
0.526066350710901,0.530805687203792,0.535545023696683,0.540284360189574,0.545023696682466,
0.549763033175356,0.554502369668247,0.559241706161139,0.56398104265403,0.568720379146921,
0.573459715639812,0.578199052132703,0.582938388625594,0.587677725118485,0.592417061611376,
0.597156398104267,0.601895734597158,0.606635071090049,0.61137440758294,0.616113744075831,
0.620853080568722,0.625592417061613,0.630331753554504,0.635071090047394,0.639810426540285,
0.644549763033176,0.649289099526067,0.654028436018958,0.658767772511849,0.66350710900474,
0.668246445497631,0.672985781990522,0.677725118483413,0.682464454976304,0.687203791469195,
0.691943127962086,0.696682464454977,0.701421800947868,0.706161137440759,0.71090047393365,
0.715639810426541,0.720379146919432,0.725118483412323,0.729857819905213,0.734597156398104,
0.739336492890995,0.744075829383886,0.748815165876777,0.753554502369668,0.758293838862559,
0.76303317535545,0.767772511848341,0.772511848341232,0.777251184834123,0.781990521327014,
0.786729857819905,0.791469194312796,0.796208530805687,0.800947867298578,0.805687203791469,
0.81042654028436,0.815165876777251,0.819905213270142,0.824644549763033,0.829383886255924,
0.834123222748815,0.838862559241705,0.843601895734596,0.848341232227487,0.853080568720378,
0.857819905213269,0.86255924170616,0.867298578199051,0.872037914691942,0.876777251184833,
0.881516587677724,0.886255924170615,0.890995260663506,0.895734597156397,0.900473933649288,
0.905213270142179,0.90995260663507,0.914691943127961,0.919431279620852,0.924170616113743,
0.928909952606633,0.933649289099524,0.938388625592415,0.943127962085306,0.947867298578197,
0.952606635071088,0.957345971563979,0.96208530805687,0.966824644549761,0.971563981042652,
0.976303317535543,0.981042654028434,0.985781990521325,0.990521327014216,0.995260663507107,
1.),
.UNSPECIFIED.);
#214=COLOUR_RGB('',0.,0.,1.);
#215=PRESENTATION_STYLE_ASSIGNMENT((#216));
#216=CURVE_STYLE('',#217,POSITIVE_LENGTH_MEASURE(0.1),#214);
#217=PRE_DEFINED_CURVE_FONT('continuous');
#218=STYLED_ITEM('',(#215),#213);
#219=B_SPLINE_CURVE_WITH_KNOTS('',3,
(#3456,#3457,#3458,#3459,#3460,#3461,#3462,#3463,#3464,#3465,#3466,#3467,#3468,#3469,
#3470,#3471,#3472,#3473,#3474,#3475,#3476,#3477,#3478,#3479,#3480,#3481,#3482,#3483,
#3484,#3485,#3486,#3487,#3488,#3489,#3490,#3491,#3492,#3493,#3494,#3495,#3496,#3497,
#3498,#3499,#3500,#3501,#3502,#3503,#3504,#3505,#3506,#3507,#3508,#3509,#3510,#3511,
#3512,#3513,#3514,#3515,#3516,#3517,#3518,#3519,#3520,#3521,#3522,#3523,#3524,#3525,
#3526,#3527,#3528,#3529,#3530,#3531,#3532,#3533,#3534,#3535,#3536,#3537,#3538,#3539,
#3540,#3541,#3542,#3543,#3544,#3545,#3546,#3547,#3548,#3549,#3550,#3551,#3552,#3553,
#3554,#3555,#3556,#3557,#3558,#3559,#3560,#3561,#3562,#3563,#3564,#3565,#3566,#3567,
#3568,#3569,#3570,#3571,#3572,#3573,#3574,#3575,#3576,#3577,#3578,#3579,#3580,#3581,
#3582,#3583,#3584),
.UNSPECIFIED.,.F.,.F.,
(4,1,1,1,1,1,1,1,1,1,1,1,1,1,1,1,1,1,1,1,1,1,1,1,1,1,1,1,1,1,1,1,1,1,1,1,1,1,1,1,
1,1,1,1,1,1,1,1,1,1,1,1,1,1,1,1,1,1,1,1,1,1,1,1,1,1,1,1,1,1,1,1,1,1,1,1,1,1,1,1,
1,1,1,1,1,1,1,1,1,1,1,1,1,1,1,1,1,1,1,1,1,1,1,1,1,1,1,1,1,1,1,1,1,1,1,1,1,1,1,1,
1,1,1,1,1,1,4),
(0.,0.00793650793650794,0.0158730158730159,0.0238095238095238,0.0317460317460317,
0.0396825396825397,0.0476190476190476,0.0555555555555556,0.0634920634920635,0.0714285714285714,
0.0793650793650794,0.0873015873015873,0.0952380952380953,0.103174603174603,0.111111111111111,
0.119047619047619,0.126984126984127,0.134920634920635,0.142857142857143,0.150793650793651,
0.158730158730159,0.166666666666667,0.174603174603175,0.182539682539683,0.190476190476191,
0.198412698412698,0.206349206349206,0.214285714285714,0.222222222222222,0.23015873015873,
0.238095238095238,0.246031746031746,0.253968253968254,0.261904761904762,0.26984126984127,
0.277777777777778,0.285714285714286,0.293650793650794,0.301587301587301,0.309523809523809,
0.317460317460317,0.325396825396825,0.333333333333333,0.341269841269841,0.349206349206349,
0.357142857142857,0.365079365079365,0.373015873015873,0.380952380952381,0.388888888888889,
0.396825396825396,0.404761904761904,0.412698412698412,0.42063492063492,0.428571428571428,
0.436507936507936,0.444444444444444,0.452380952380952,0.46031746031746,0.468253968253968,
0.476190476190476,0.484126984126983,0.492063492063491,0.499999999999999,0.507936507936507,
0.515873015873015,0.523809523809523,0.531746031746031,0.539682539682539,0.547619047619047,
0.555555555555555,0.563492063492063,0.57142857142857,0.579365079365078,0.587301587301586,
0.595238095238094,0.603174603174602,0.61111111111111,0.619047619047618,0.626984126984126,
0.634920634920634,0.642857142857142,0.65079365079365,0.658730158730157,0.666666666666665,
0.674603174603173,0.682539682539681,0.690476190476189,0.698412698412697,0.706349206349205,
0.714285714285713,0.722222222222221,0.730158730158729,0.738095238095237,0.746031746031745,
0.753968253968253,0.76190476190476,0.769841269841268,0.777777777777776,0.785714285714284,
0.793650793650792,0.8015873015873,0.809523809523808,0.817460317460316,0.825396825396824,
0.833333333333332,0.84126984126984,0.849206349206347,0.857142857142855,0.865079365079363,
0.873015873015871,0.880952380952379,0.888888888888887,0.896825396825395,0.904761904761903,
0.912698412698411,0.920634920634919,0.928571428571427,0.936507936507934,0.944444444444442,
0.95238095238095,0.960317460317458,0.968253968253966,0.976190476190474,0.984126984126982,
0.99206349206349,1.),
.UNSPECIFIED.);
#220=COLOUR_RGB('',0.,0.,1.);
#221=PRESENTATION_STYLE_ASSIGNMENT((#222));
#222=CURVE_STYLE('',#223,POSITIVE_LENGTH_MEASURE(0.1),#220);
#223=PRE_DEFINED_CURVE_FONT('continuous');
#224=STYLED_ITEM('',(#221),#219);
#225=FACE_BOUND('',#226,.T.);
#226=EDGE_LOOP('',(#3585));
#227=FACE_BOUND('',#228,.T.);
#228=EDGE_LOOP('',(#3586,#3587));
#229=PLANE('',#230);
#230=AXIS2_PLACEMENT_3D('',#231,#232,#233);
#231=CARTESIAN_POINT('',(0.,0.,0.));
#232=DIRECTION('',(0.,0.,1.));
#233=DIRECTION('',(-1.,1.22464679914735E-16,0.));
#234=FACE_BOUND('',#235,.T.);
#235=EDGE_LOOP('',(#3588,#3589,#3590,#3591,#3592,#3593,#3594,#3595,#3596,#3597,#3598,
#3599,#3600,#3601,#3602,#3603,#3604,#3605,#3606,#3607,#3608,#3609,#3610,#3611,#3612,
#3613,#3614,#3615,#3616,#3617,#3618,#3619,#3620,#3621,#3622,#3623,#3624));
#236=FACE_OUTER_BOUND('',#237,.T.);
#237=EDGE_LOOP('',(#3625));
#238=CYLINDRICAL_SURFACE('',#239,30.);
#239=AXIS2_PLACEMENT_3D('',#240,#241,#242);
#240=CARTESIAN_POINT('',(0.,0.,0.));
#241=DIRECTION('',(0.,0.,1.));
#242=DIRECTION('',(-1.,1.22464679914735E-16,0.));
#243=FACE_BOUND('',#244,.T.);
#244=EDGE_LOOP('',(#3626,#3627,#3628,#3629,#3630,#3631,#3632,#3633,#3634,#3635));
#245=B_SPLINE_SURFACE_WITH_KNOTS('',1,3,(
(#246,#247,#248,#249,#250,#251,#252,#253,#254,#255,#256,#257,#258,#259,#260,#261,
#262,#263,#264,#265,#266,#267,#268,#269,#270,#271,#272,#273,#274,#275,#276,#277,
#278,#279,#280,#281,#282,#283,#284,#285,#286,#287,#288,#289,#290,#291,#292,#293,
#294,#295,#296,#297,#298,#299,#300,#301,#302,#303,#304,#305,#306,#307,#308,#309,
#310,#311,#312,#313,#314,#315,#316,#317,#318,#319,#320,#321,#322,#323,#324,#325,
#326,#327,#328,#329,#330,#331,#332,#333,#334,#335,#336,#337,#338,#339,#340,#341,
#342,#343,#344,#345,#346,#347,#348,#349,#350,#351,#352,#353,#354,#355,#356,#357,
#358,#359,#360,#361,#362,#363,#364,#365,#366,#367,#368,#369,#370,#371,#372,#373,
#374,#375,#376,#377,#378,#379,#380,#381,#382,#383,#384,#385,#386,#387,#388,#389,
#390,#391,#392,#393,#394,#395,#396,#397,#398,#399,#400,#401,#402,#403,#404,#405,
#406,#407,#408,#409,#410,#411,#412,#413,#414,#415,#416,#417,#418,#419,#420,#421,
#422,#423,#424,#425,#426,#427,#428,#429,#430,#431,#432,#433,#434,#435,#436,#437,
#438,#439,#440,#441,#442,#443,#444,#445,#446,#447,#448,#449,#450,#451,#452,#453,
#454,#455,#456,#457,#458,#459,#460,#461,#462,#463,#464,#465,#466,#467,#468,#469,
#470,#471,#472,#473,#474,#475,#476,#477,#478,#479,#480,#481,#482,#483,#484,#485,
#486,#487,#488,#489,#490,#491,#492,#493,#494,#495,#496,#497,#498,#499,#500,#501,
#502,#503,#504,#505,#506,#507,#508,#509,#510,#511,#512,#513,#514,#515,#516,#517,
#518),
(#519,#520,#521,#522,#523,#524,#525,#526,#527,#528,#529,#530,#531,#532,#533,#534,
#535,#536,#537,#538,#539,#540,#541,#542,#543,#544,#545,#546,#547,#548,#549,#550,
#551,#552,#553,#554,#555,#556,#557,#558,#559,#560,#561,#562,#563,#564,#565,#566,
#567,#568,#569,#570,#571,#572,#573,#574,#575,#576,#577,#578,#579,#580,#581,#582,
#583,#584,#585,#586,#587,#588,#589,#590,#591,#592,#593,#594,#595,#596,#597,#598,
#599,#600,#601,#602,#603,#604,#605,#606,#607,#608,#609,#610,#611,#612,#613,#614,
#615,#616,#617,#618,#619,#620,#621,#622,#623,#624,#625,#626,#627,#628,#629,#630,
#631,#632,#633,#634,#635,#636,#637,#638,#639,#640,#641,#642,#643,#644,#645,#646,
#647,#648,#649,#650,#651,#652,#653,#654,#655,#656,#657,#658,#659,#660,#661,#662,
#663,#664,#665,#666,#667,#668,#669,#670,#671,#672,#673,#674,#675,#676,#677,#678,
#679,#680,#681,#682,#683,#684,#685,#686,#687,#688,#689,#690,#691,#692,#693,#694,
#695,#696,#697,#698,#699,#700,#701,#702,#703,#704,#705,#706,#707,#708,#709,#710,
#711,#712,#713,#714,#715,#716,#717,#718,#719,#720,#721,#722,#723,#724,#725,#726,
#727,#728,#729,#730,#731,#732,#733,#734,#735,#736,#737,#738,#739,#740,#741,#742,
#743,#744,#745,#746,#747,#748,#749,#750,#751,#752,#753,#754,#755,#756,#757,#758,
#759,#760,#761,#762,#763,#764,#765,#766,#767,#768,#769,#770,#771,#772,#773,#774,
#775,#776,#777,#778,#779,#780,#781,#782,#783,#784,#785,#786,#787,#788,#789,#790,
#791)),
.UNSPECIFIED.,.F.,.F.,.F.,
(2,2),
(4,1,1,1,1,1,1,1,1,1,1,1,1,1,1,1,1,1,1,1,1,1,1,1,1,1,1,1,1,1,1,1,1,1,1,1,1,1,1,1,
1,1,1,1,1,1,1,1,1,1,1,1,1,1,1,1,1,1,1,1,1,1,1,1,1,1,1,1,1,1,1,1,1,1,1,1,1,1,1,1,
1,1,1,1,1,1,1,1,1,1,1,1,1,1,1,1,1,1,1,1,1,1,1,1,1,1,1,1,1,1,1,1,1,1,1,1,1,1,1,1,
1,1,1,1,1,1,1,1,1,1,1,1,1,1,1,1,1,1,1,1,1,1,1,1,1,1,1,1,1,1,1,1,1,1,1,1,1,1,1,1,
1,1,1,1,1,1,1,1,1,1,1,1,1,1,1,1,1,1,1,1,1,1,1,1,1,1,1,1,1,1,1,1,1,1,1,1,1,1,1,1,
1,1,1,1,1,1,1,1,1,1,1,1,1,1,1,1,1,1,1,1,1,1,1,1,1,1,1,1,1,1,1,1,1,1,1,1,1,1,1,1,
1,1,1,1,1,1,1,1,1,1,1,1,1,1,1,1,1,1,1,1,1,1,1,1,1,1,1,1,1,1,4),
(0.,1.),
(1.11821937630186,1.21181626116798,1.3054131460341,1.39901003090022,1.49260691576634,
1.58620380063246,1.67980068549858,1.7733975703647,1.86699445523082,1.96059134009694,
2.05418822496306,2.14778510982918,2.2413819946953,2.33497887956142,2.42857576442754,
2.52217264929366,2.61576953415978,2.7093664190259,2.80296330389202,2.89656018875814,
2.99015707362426,3.08375395849038,3.1773508433565,3.27094772822262,3.36454461308874,
3.45814149795486,3.55173838282098,3.6453352676871,3.73893215255322,3.83252903741934,
3.92612592228546,4.01972280715158,4.1133196920177,4.20691657688382,4.30051346174994,
4.39411034661606,4.48770723148218,4.5813041163483,4.67490100121442,4.76849788608054,
4.86209477094666,4.95569165581278,5.0492885406789,5.14288542554502,5.23648231041114,
5.33007919527726,5.42367608014338,5.5172729650095,5.61086984987562,5.70446673474174,
5.79806361960786,5.89166050447398,5.9852573893401,6.07885427420621,6.17245115907233,
6.26604804393845,6.35964492880457,6.45324181367069,6.54683869853681,6.64043558340293,
6.73403246826905,6.82762935313517,6.92122623800129,7.01482312286741,7.10842000773353,
7.20201689259965,7.29561377746577,7.38921066233189,7.48280754719801,7.57640443206413,
7.67000131693025,7.76359820179637,7.85719508666249,7.95079197152861,8.04438885639473,
8.13798574126085,8.23158262612697,8.32517951099309,8.41877639585921,8.51237328072533,
8.60597016559145,8.69956705045757,8.79316393532369,8.88676082018981,8.98035770505593,
9.07395458992205,9.16755147478817,9.26114835965429,9.35474524452041,9.44834212938652,
9.54193901425264,9.63553589911876,9.72913278398488,9.822729668851,9.91632655371712,
10.0099234385832,10.1035203234494,10.1971172083155,10.2907140931816,10.3843109780477,
10.4779078629138,10.57150474778,10.6651016326461,10.7586985175122,10.8522954023783,
10.9458922872444,11.0394891721106,11.1330860569767,11.2266829418428,11.3202798267089,
11.413876711575,11.5074735964412,11.6010704813073,11.6946673661734,11.7882642510395,
11.8818611359056,11.9754580207718,12.0690549056379,12.162651790504,12.2562486753701,
12.3498455602362,12.4434424451024,12.5370393299685,12.6306362148346,12.7242330997007,
12.8178299845668,12.911426869433,13.0050237542991,13.0986206391652,13.1922175240313,
13.2858144088974,13.3794112937636,13.4730081786297,13.5666050634958,13.6602019483619,
13.753798833228,13.8473957180942,13.9409926029603,14.0345894878264,14.1281863726925,
14.2217832575586,14.3153801424248,14.4089770272909,14.502573912157,14.5961707970231,
14.6897676818892,14.7833645667553,14.8769614516215,14.9705583364876,15.0641552213537,
15.1577521062198,15.2513489910859,15.3449458759521,15.4385427608182,15.5321396456843,
15.6257365305504,15.7193334154165,15.8129303002827,15.9065271851488,16.0001240700149,
16.093720954881,16.1873178397471,16.2809147246133,16.3745116094794,16.4681084943455,
16.5617053792116,16.6553022640777,16.7488991489439,16.84249603381,16.9360929186761,
17.0296898035422,17.1232866884083,17.2168835732745,17.3104804581406,17.4040773430067,
17.4976742278728,17.5912711127389,17.6848679976051,17.7784648824712,17.8720617673373,
17.9656586522034,18.0592555370695,18.1528524219357,18.2464493068018,18.3400461916679,
18.433643076534,18.5272399614001,18.6208368462663,18.7144337311324,18.8080306159985,
18.9016275008646,18.9952243857307,19.0888212705969,19.182418155463,19.2760150403291,
19.3696119251952,19.4632088100613,19.5568056949275,19.6504025797936,19.7439994646597,
19.8375963495258,19.9311932343919,20.0247901192581,20.1183870041242,20.2119838889903,
20.3055807738564,20.3991776587225,20.4927745435887,20.5863714284548,20.6799683133209,
20.773565198187,20.8671620830531,20.9607589679193,21.0543558527854,21.1479527376515,
21.2415496225176,21.3351465073837,21.4287433922498,21.522340277116,21.6159371619821,
21.7095340468482,21.8031309317143,21.8967278165804,21.9903247014466,22.0839215863127,
22.1775184711788,22.2711153560449,22.364712240911,22.4583091257772,22.5519060106433,
22.6455028955094,22.7390997803755,22.8326966652416,22.9262935501078,23.0198904349739,
23.11348731984,23.2070842047061,23.3006810895722,23.3942779744384,23.4878748593045,
23.5814717441706,23.6750686290367,23.7686655139028,23.862262398769,23.9558592836351,
24.0494561685012,24.1430530533673,24.2366499382334,24.3302468230996,24.4238437079657,
24.5174405928318,24.6110374776979,24.704634362564,24.7982312474302,24.8918281322963,
24.9854250171624,25.0790219020285,25.1726187868946,25.2662156717608,25.3598125566269,
25.453409441493,25.5470063263591,25.6406032112252,25.7342000960914,25.8277969809575,
25.9213938658236,26.0149907506897,26.1085876355558,26.202184520422,26.2957814052881,
26.3893782901543),
.UNSPECIFIED.);
#246=CARTESIAN_POINT('',(-10.5357891365334,21.6679987929359,21.9851490025958));
#247=CARTESIAN_POINT('',(-9.85977007376622,21.9967044738645,21.9603216577884));
#248=CARTESIAN_POINT('',(-8.47694465336916,22.5907958663937,21.9106669681736));
#249=CARTESIAN_POINT('',(-6.32849868795859,23.2841738938643,21.8361849337513));
#250=CARTESIAN_POINT('',(-4.1246533652184,23.7737225456749,21.7617028993291));
#251=CARTESIAN_POINT('',(-1.88470083789733,24.0551564535981,21.6872208649069));
#252=CARTESIAN_POINT('',(0.371750313789207,24.1260119143714,21.6127388304846));
#253=CARTESIAN_POINT('',(2.62494717354515,23.9856686699846,21.5382567960624));
#254=CARTESIAN_POINT('',(4.85516528827908,23.6353552803162,21.4637747616402));
#255=CARTESIAN_POINT('',(7.04288136710001,23.0781383836379,21.389292727218));
#256=CARTESIAN_POINT('',(9.1689441794512,22.3188958472158,21.3148106927957));
#257=CARTESIAN_POINT('',(11.2147422069229,21.3642740676393,21.2403286583735));
#258=CARTESIAN_POINT('',(13.1623665675697,20.2226297880818,21.1658466239513));
#259=CARTESIAN_POINT('',(14.9947677901276,18.9039569435887,21.091364589529));
#260=CARTESIAN_POINT('',(16.6959050647586,17.4197991743151,21.0168825551068));
#261=CARTESIAN_POINT('',(18.2508866640448,15.7831487726972,20.9424005206846));
#262=CARTESIAN_POINT('',(19.6461003049195,14.0083329491393,20.8679184862623));
#263=CARTESIAN_POINT('',(20.869332310368,12.1108884118521,20.7934364518401));
#264=CARTESIAN_POINT('',(21.9098745277523,10.1074253587674,20.7189544174179));
#265=CARTESIAN_POINT('',(22.7586180678019,8.01548207214161,20.6444723829957));
#266=CARTESIAN_POINT('',(23.4081330436787,5.85337138872454,20.5699903485734));
#267=CARTESIAN_POINT('',(23.852733612083,3.64002038949077,20.4955083141512));
#268=CARTESIAN_POINT('',(24.088527747031,1.39480471228766,20.421026279729));
#269=CARTESIAN_POINT('',(24.1134513105858,-0.862621062176308,20.3465442453067));
#270=CARTESIAN_POINT('',(23.9272861222864,-3.11249546620423,20.2720622108845));
#271=CARTESIAN_POINT('',(23.531661869096,-5.33512313667043,20.1975801764623));
#272=CARTESIAN_POINT('',(22.9300418391491,-7.51104722790185,20.12309814204));
#273=CARTESIAN_POINT('',(22.1276926041853,-9.62121973658152,20.0486161076178));
#274=CARTESIAN_POINT('',(21.1316379160671,-11.6471682476529,19.9741340731956));
#275=CARTESIAN_POINT('',(19.9505972209738,-13.5711576415343,19.8996520387734));
#276=CARTESIAN_POINT('',(18.5949093295136,-15.3763453470604,19.8251700043511));
#277=CARTESIAN_POINT('',(17.0764419109484,-17.046928781071,19.7506879699289));
#278=CARTESIAN_POINT('',(15.4084876038137,-18.5682836839602,19.6762059355067));
#279=CARTESIAN_POINT('',(13.605647652382,-19.9270921402028,19.6017239010844));
#280=CARTESIAN_POINT('',(11.6837040876137,-21.1114591631649,19.5272418666622));
#281=CARTESIAN_POINT('',(9.65948157151977,-22.1110168236192,19.45275983224));
#282=CARTESIAN_POINT('',(7.55070011435068,-22.917015010425,19.3782777978177));
#283=CARTESIAN_POINT('',(5.37581995392115,-23.5223980288559,19.3037957633955));
#284=CARTESIAN_POINT('',(3.15387995499526,-23.9218663660338,19.2293137289733));
#285=CARTESIAN_POINT('',(0.904330943380858,-24.1119230827768,19.1548316945511));
#286=CARTESIAN_POINT('',(-1.35313456627618,-24.0909044257464,19.0803496601288));
#287=CARTESIAN_POINT('',(-3.59875475843772,-23.8589943919169,19.0058676257066));
#288=CARTESIAN_POINT('',(-5.81287151127806,-23.4182231178685,18.9313855912844));
#289=CARTESIAN_POINT('',(-7.97610248355551,-22.7724491080059,18.8569035568621));
#290=CARTESIAN_POINT('',(-10.0695107873054,-21.9273254572746,18.7824215224399));
#291=CARTESIAN_POINT('',(-12.0747707610424,-20.8902503640616,18.7079394880177));
#292=CARTESIAN_POINT('',(-13.9743283922966,-19.6703023664903,18.6334574535954));
#293=CARTESIAN_POINT('',(-15.7515549851468,-18.278160869048,18.5589754191732));
#294=CARTESIAN_POINT('',(-17.3908927275478,-16.7260126552572,18.484493384751));
#295=CARTESIAN_POINT('',(-18.877990884159,-15.0274452047749,18.4100113503288));
#296=CARTESIAN_POINT('',(-20.1998314224423,-13.1973277488215,18.3355293159065));
#297=CARTESIAN_POINT('',(-21.344842972303,-11.2516811051783,18.2610472814843));
#298=CARTESIAN_POINT('',(-22.3030021216711,-9.20753743221478,18.1865652470621));
#299=CARTESIAN_POINT('',(-23.0659211612835,-7.0827911296574,18.1120832126398));
#300=CARTESIAN_POINT('',(-23.6269215105522,-4.89604219131196,18.0376011782176));
#301=CARTESIAN_POINT('',(-23.981092181747,-2.66643338102709,17.9631191437954));
#302=CARTESIAN_POINT('',(-24.1253327707008,-0.413482657257764,17.8886371093731));
#303=CARTESIAN_POINT('',(-24.0583805976961,1.84308768681849,17.8141550749509));
#304=CARTESIAN_POINT('',(-23.7808217609422,4.08352367192815,17.7396730405287));
#305=CARTESIAN_POINT('',(-23.2950860058814,6.28821255870785,17.6651910061065));
#306=CARTESIAN_POINT('',(-22.6054254552373,8.43785453729866,17.5907089716842));
#307=CARTESIAN_POINT('',(-21.7178773860038,10.5136316775607,17.516226937262));
#308=CARTESIAN_POINT('',(-20.6402113792222,12.4973726609206,17.4417449028398));
#309=CARTESIAN_POINT('',(-19.3818613051983,14.3717118517926,17.3672628684175));
#310=CARTESIAN_POINT('',(-17.9538427395584,16.1202413160631,17.2927808339953));
#311=CARTESIAN_POINT('',(-16.3686565330832,17.7276544558736,17.2182987995731));
#312=CARTESIAN_POINT('',(-14.6401793794684,19.1798800033235,17.1438167651509));
#313=CARTESIAN_POINT('',(-12.7835423389786,20.4642052001157,17.0693347307286));
#314=CARTESIAN_POINT('',(-10.8149983813969,21.5693870848312,16.9948526963064));
#315=CARTESIAN_POINT('',(-8.75178010779846,22.4857509136263,16.9203706618842));
#316=CARTESIAN_POINT('',(-6.61194889664652,23.2052748527794,16.8458886274619));
#317=CARTESIAN_POINT('',(-4.4142367947859,23.7216602016903,16.7714065930397));
#318=CARTESIAN_POINT('',(-2.17788253741638,24.0303865316003,16.6969245586175));
#319=CARTESIAN_POINT('',(0.0775368674754428,24.1287512573503,16.6224425241952));
#320=CARTESIAN_POINT('',(2.33227751591854,24.0158932957665,16.547960489773));
#321=CARTESIAN_POINT('',(4.56660144576456,23.6928006035682,16.4734784553508));
#322=CARTESIAN_POINT('',(6.76094942248026,23.1623015288111,16.3989964209286));
#323=CARTESIAN_POINT('',(8.89611216036149,22.4290400515753,16.3245143865063));
#324=CARTESIAN_POINT('',(10.9533984803008,21.4994351306411,16.2500323520841));
#325=CARTESIAN_POINT('',(12.9147989320586,20.3816245120304,16.1755503176619));
#326=CARTESIAN_POINT('',(14.7631434486911,19.0853934913135,16.1010682832396));
#327=CARTESIAN_POINT('',(16.482251653031,17.622089253294,16.0265862488174));
#328=CARTESIAN_POINT('',(18.0570745004399,16.0045215389422,15.9521042143952));
#329=CARTESIAN_POINT('',(19.4738260178952,14.2468505091353,15.8776221799729));
#330=CARTESIAN_POINT('',(20.7201039861686,12.3644627868445,15.8031401455507));
#331=CARTESIAN_POINT('',(21.7849985086467,10.3738367628936,15.7286581111285));
#332=CARTESIAN_POINT('',(22.6591875163851,8.29239834439937,15.6541760767063));
#333=CARTESIAN_POINT('',(23.3350183733447,6.1383684086706,15.579694042284));
#334=CARTESIAN_POINT('',(23.8065748674402,3.93060329795098,15.5052120078618));
#335=CARTESIAN_POINT('',(24.0697290009627,1.68842975131269,15.4307299734396));
#336=CARTESIAN_POINT('',(24.1221771270024,-0.56852428129617,15.3562479390173));
#337=CARTESIAN_POINT('',(23.9634601155361,-2.82050146179905,15.2817659045951));
#338=CARTESIAN_POINT('',(23.5949673726433,-5.04778801939997,15.2072838701729));
#339=CARTESIAN_POINT('',(23.0199246776686,-7.23088632460538,15.1328018357506));
#340=CARTESIAN_POINT('',(22.2433659448029,-9.35068557114842,15.0583198013284));
#341=CARTESIAN_POINT('',(21.2720891562824,-11.3886290716694,14.9838377669062));
#342=CARTESIAN_POINT('',(20.114596852965,-13.3268767026483,14.909355732484));
#343=CARTESIAN_POINT('',(18.7810217032291,-15.1484610765496,14.8348736980617));
#344=CARTESIAN_POINT('',(17.2830378017629,-16.8374360740504,14.7603916636395));
#345=CARTESIAN_POINT('',(15.633758474734,-18.3790164361041,14.6859096292173));
#346=CARTESIAN_POINT('',(13.8476214859496,-19.759707193852,14.611427594795));
#347=CARTESIAN_POINT('',(11.9402626489126,-20.9674218033568,14.5369455603728));
#348=CARTESIAN_POINT('',(9.92837895117002,-21.9915879510067,14.4624635259506));
#349=CARTESIAN_POINT('',(7.8295823891616,-22.8232401033734,14.3879814915283));
#350=CARTESIAN_POINT('',(5.66224579309583,-23.4550979913423,14.3134994571061));
#351=CARTESIAN_POINT('',(3.44534199149979,-23.8816303414677,14.2390174226839));
#352=CARTESIAN_POINT('',(1.19827772339362,-24.0991032966482,14.1645353882617));
#353=CARTESIAN_POINT('',(-1.05927624798015,-24.10561310225,14.0900533538394));
#354=CARTESIAN_POINT('',(-3.30755733269101,-23.9011027715431,14.0155713194172));
#355=CARTESIAN_POINT('',(-5.52688411550409,-23.4873625845621,13.941089284995));
#356=CARTESIAN_POINT('',(-7.69782864666196,-22.8680144160251,13.8666072505727));
#357=CARTESIAN_POINT('',(-9.80138651383375,-22.0484800295018,13.7921252161505));
#358=CARTESIAN_POINT('',(-11.8191432064247,-21.035933615386,13.7176431817283));
#359=CARTESIAN_POINT('',(-13.7334353158959,-19.8392389881519,13.643161147306));
#360=CARTESIAN_POINT('',(-15.5275051609486,-18.4688719926696,13.5686791128838));
#361=CARTESIAN_POINT('',(-17.1856474839881,-16.9368287988335,13.4941970784616));
#362=CARTESIAN_POINT('',(-18.6933469346873,-15.25652088729,13.4197150440394));
#363=CARTESIAN_POINT('',(-20.0374051371225,-13.4426576455594,13.3452330096171));
#364=CARTESIAN_POINT('',(-21.2060562281362,-11.511117602302,13.2707509751949));
#365=CARTESIAN_POINT('',(-22.1890698555081,-9.47880942694188,13.1962689407727));
#366=CARTESIAN_POINT('',(-22.9778407342881,-7.36352391145633,13.1217869063504));
#367=CARTESIAN_POINT('',(-23.5654639773179,-5.1837782300784,13.0473048719282));
#368=CARTESIAN_POINT('',(-23.9467955404978,-2.95865384026169,12.972822837506));
#369=CARTESIAN_POINT('',(-24.118497253664,-0.707629443918938,12.8983408030837));
#370=CARTESIAN_POINT('',(-24.0790660428743,1.54958952881058,12.8238587686615));
#371=CARTESIAN_POINT('',(-23.8288470882922,3.79324342056892,12.7493767342393));
#372=CARTESIAN_POINT('',(-23.370030802486,6.00369132249138,12.6748946998171));
#373=CARTESIAN_POINT('',(-22.7066336555931,8.16158301039624,12.6004126653948));
#374=CARTESIAN_POINT('',(-21.8444630152076,10.2480283363254,12.5259306309726));
#375=CARTESIAN_POINT('',(-20.7910663087807,12.2447625925857,12.4514485965504));
#376=CARTESIAN_POINT('',(-19.5556649535662,14.1343064006962,12.3769665621281));
#377=CARTESIAN_POINT('',(-18.1490736324876,15.900118725577,12.3024845277059));
#378=CARTESIAN_POINT('',(-16.583605622583,17.526741675495,12.2280024932837));
#379=CARTESIAN_POINT('',(-14.8729650047832,18.9999358201915,12.1535204588614));
#380=CARTESIAN_POINT('',(-13.0321266986147,20.3068048426175,12.0790384244392));
#381=CARTESIAN_POINT('',(-11.0772053720032,21.4359084330794,12.004556390017));
#382=CARTESIAN_POINT('',(-9.0253143737386,22.377362437519,11.9300743555948));
#383=CARTESIAN_POINT('',(-6.89441592350439,23.1229253832345,11.8555923211725));
#384=CARTESIAN_POINT('',(-4.7031638709048,23.666070624595,11.7811102867503));
#385=CARTESIAN_POINT('',(-2.47074039997575,24.0020434771881,11.7066282523281));
#386=CARTESIAN_POINT('',(-0.216688108664713,24.1279028402483,11.6321462179058));
#387=CARTESIAN_POINT('',(2.03926106674684,24.042546943004,11.5576641834836));
#388=CARTESIAN_POINT('',(4.27735858468557,23.7467229895604,11.4831821490614));
#389=CARTESIAN_POINT('',(6.47801217669082,23.2430206178876,11.4087001146392));
#390=CARTESIAN_POINT('',(8.62195735780701,22.5358492301723,11.3342180802169));
#391=CARTESIAN_POINT('',(10.6904260675646,21.6313993929851,11.2597360457947));
#392=CARTESIAN_POINT('',(12.6653109652696,20.5375886451629,11.1852540113725));
#393=CARTESIAN_POINT('',(14.5293239413625,19.263992187806,11.1107719769502));
#394=CARTESIAN_POINT('',(16.2661474572423,17.821759063127,11.036289942528));
#395=CARTESIAN_POINT('',(17.8605773887281,16.2235145559203,10.9618079081058));
#396=CARTESIAN_POINT('',(19.2986561227092,14.4832496720288,10.8873258736835));
#397=CARTESIAN_POINT('',(20.5677947418583,12.6161986613119,10.8128438392613));
#398=CARTESIAN_POINT('',(21.6568832278045,10.6387056572753,10.7383618048391));
#399=CARTESIAN_POINT('',(22.5563877180495,8.56808160079772,10.6638797704169));
#400=CARTESIAN_POINT('',(23.258433965241,6.4224527004427,10.5893977359946));
#401=CARTESIAN_POINT('',(23.7568762682037,4.22060175592995,10.5149157015724));
#402=CARTESIAN_POINT('',(24.0473512713047,1.98180373381899,10.4404336671502));
#403=CARTESIAN_POINT('',(24.1273161611964,-0.27434296522765,10.3659516327279));
#404=CARTESIAN_POINT('',(23.9960709265622,-2.52808807051802,10.2914695983057));
#405=CARTESIAN_POINT('',(23.654764486004,-4.75970233487194,10.2169875638835));
#406=CARTESIAN_POINT('',(23.1063846304277,-6.94965024412288,10.1425055294612));
#407=CARTESIAN_POINT('',(22.3557318679714,-9.07876103068409,10.068023495039));
#408=CARTESIAN_POINT('',(21.4093774004372,-11.1283964941293,9.99354146061679));
#409=CARTESIAN_POINT('',(20.2756055990993,-13.0806141596896,9.91905942619456));
#410=CARTESIAN_POINT('',(18.9643414834563,-14.9183243463788,9.84457739177233));
#411=CARTESIAN_POINT('',(17.4870638377749,-16.6254397697771,9.77009535735009));
#412=CARTESIAN_POINT('',(15.8567047260036,-18.1870163698512,9.69561332292787));
#413=CARTESIAN_POINT('',(14.0875362847,-19.5893841310073,9.62113128850564));
#414=CARTESIAN_POINT('',(12.1950457849845,-20.8202667491805,9.54664925408341));
#415=CARTESIAN_POINT('',(10.1958000572263,-21.8688890983965,9.47216721966118));
#416=CARTESIAN_POINT('',(8.10730046528615,-22.7260715560449,9.39768518523895));
#417=CARTESIAN_POINT('',(5.94782969986766,-23.3843103611433,9.32320315081672));
#418=CARTESIAN_POINT('',(3.73629173214724,-23.837843302136,9.24872111639449));
#419=CARTESIAN_POINT('',(1.49204632872449,-24.0827001591981,9.17423908197226));
#420=CARTESIAN_POINT('',(-0.76526042345262,-24.116737459474,9.09975704755003));
#421=CARTESIAN_POINT('',(-3.01586809860632,-23.939657241003,9.0252750131278));
#422=CARTESIAN_POINT('',(-5.2400749145677,-23.5530096610735,8.95079297870557));
#423=CARTESIAN_POINT('',(-7.41841020185027,-22.9601794261714,8.87631094428334));
#424=CARTESIAN_POINT('',(-9.53180484956694,-22.1663561623166,8.80182890986111));
#425=CARTESIAN_POINT('',(-11.5617582361096,-21.1784889851626,8.72734687543888));
#426=CARTESIAN_POINT('',(-13.4905001832832,-20.0052256675534,8.65286484101665));
#427=CARTESIAN_POINT('',(-15.3011465161502,-18.6568369370643,8.57838280659442));
#428=CARTESIAN_POINT('',(-16.977846866817,-17.1451265662232,8.50390077217219));
#429=CARTESIAN_POINT('',(-18.5059234282913,-15.4833280424824,8.42941873774996));
#430=CARTESIAN_POINT('',(-19.8719994437603,-13.6859887224888,8.35493670332773));
#431=CARTESIAN_POINT('',(-21.0641163064974,-11.7688424847667,8.2804546689055));
#432=CARTESIAN_POINT('',(-22.0718382453069,-9.7486719956058,8.20597263448327));
#433=CARTESIAN_POINT('',(-22.886343679091,-7.64316179388021,8.13149060006104));
#434=CARTESIAN_POINT('',(-23.5005024408248,-5.47074348088887,8.05700856563881));
#435=CARTESIAN_POINT('',(-23.9089381949192,-3.25043437042433,7.98252653121658));
#436=CARTESIAN_POINT('',(-24.1080755015736,-1.00167101152396,7.90804449679436));
#437=CARTESIAN_POINT('',(-24.0961711161166,1.25586095875716,7.83356246237212));
#438=CARTESIAN_POINT('',(-23.8733292493404,3.5023991430857,7.75908042794989));
#439=CARTESIAN_POINT('',(-23.4415006552419,5.71827738354779,7.68459839352766));
#440=CARTESIAN_POINT('',(-22.804465554154,7.88409791886838,7.61011635910543));
#441=CARTESIAN_POINT('',(-21.9678005407601,9.98090119209098,7.5356343246832));
#442=CARTESIAN_POINT('',(-20.9388297666766,11.990331822224,7.46115229026097));
#443=CARTESIAN_POINT('',(-19.7265608249521,13.8947992869407,7.38667025583875));
#444=CARTESIAN_POINT('',(-18.3416058977466,15.6776319097193,7.31218822141651));
#445=CARTESIAN_POINT('',(-16.7960888574662,17.323222803422,7.23770618699428));
#446=CARTESIAN_POINT('',(-15.1035391345852,18.8171664927256,7.16322415257205));
#447=CARTESIAN_POINT('',(-13.2787732812368,20.1463850194126,7.08874211814982));
#448=CARTESIAN_POINT('',(-11.3377652673619,21.2992424266006,7.01426008372759));
#449=CARTESIAN_POINT('',(-9.29750664484227,22.2656466197147,6.93977804930537));
#450=CARTESIAN_POINT('',(-7.17585780373726,23.0371377125164,6.86529601488313));
#451=CARTESIAN_POINT('',(-4.99139162272666,23.6069620848061,6.7908139804609));
#452=CARTESIAN_POINT('',(-2.76323088243934,23.9701315035032,6.71633194603867));
#453=CARTESIAN_POINT('',(-0.51088086494959,24.1234667895543,6.64184991161645));
#454=CARTESIAN_POINT('',(1.74594139513784,24.0656256484149,6.56736787719421));
#455=CARTESIAN_POINT('',(3.98747971328088,23.7971144204728,6.49288584277199));
#456=CARTESIAN_POINT('',(6.19411170031108,23.320283648553,6.41840380834975));
#457=CARTESIAN_POINT('',(8.34652053650224,22.6393075013051,6.34392177392753));
#458=CARTESIAN_POINT('',(10.425864070689,21.7601472325997,6.2694397395053));
#459=CARTESIAN_POINT('',(12.4139397641451,20.690498996812,6.19495770508306));
#460=CARTESIAN_POINT('',(14.2933440353043,19.4397264768137,6.12047567066084));
#461=CARTESIAN_POINT('',(16.0476246104246,18.0187789144491,6.0459936362386));
#462=CARTESIAN_POINT('',(17.6614245465187,16.4400952610539,5.97151160181638));
#463=CARTESIAN_POINT('',(19.1206166657776,14.7174952870822,5.89702956739414));
#464=CARTESIAN_POINT('',(20.4124272246504,12.8660586040657,5.82254753297192));
#465=CARTESIAN_POINT('',(21.5255477349827,10.9019926579447,5.74806549854969));
#466=CARTESIAN_POINT('',(22.4502339583343,8.8424908493565,5.67358346412746));
#467=CARTESIAN_POINT('',(23.1783912068801,6.70558202289135,5.59910142970523));
#468=CARTESIAN_POINT('',(23.7036452041729,4.50997264288716,5.52461939528299));
#469=CARTESIAN_POINT('',(24.0213978854535,2.27488303735152,5.45013736086077));
#470=CARTESIAN_POINT('',(24.128867649033,0.0198791435299116,5.37565532643854));
#471=CARTESIAN_POINT('',(24.0251137063879,-2.23529877198364,5.30117329201631));
#472=CARTESIAN_POINT('',(23.7110443178071,-4.47090891921211,5.22669125759408));
#473=CARTESIAN_POINT('',(23.1894088414962,-6.6673808040967,5.15220922317185));
#474=CARTESIAN_POINT('',(22.4647736657422,-8.80548654827643,5.07772718874962));
#475=CARTESIAN_POINT('',(21.5434822348254,-10.8665092096157,5.00324515432739));
#476=CARTESIAN_POINT('',(20.4335995186145,-12.8324066300043,4.92876311990516));
#477=CARTESIAN_POINT('',(19.1448414119538,-14.68596937611,4.85428108548293));
#478=CARTESIAN_POINT('',(17.6884896818817,-16.4109713904712,4.7797990510607));
#479=CARTESIAN_POINT('',(16.0772932072294,-17.9923120341349,4.70531701663847));
#480=CARTESIAN_POINT('',(14.3253563751478,-19.4161482773982,4.63083498221624));
#481=CARTESIAN_POINT('',(12.4480156115365,-20.6700158814609,4.55635294779401));
#482=CARTESIAN_POINT('',(10.4617051262269,-21.7429385101642,4.48187091337178));
#483=CARTESIAN_POINT('',(8.38381304818224,-22.6255238166552,4.40738887894955));
#484=CARTESIAN_POINT('',(6.23252921010604,-23.3100456638351,4.33290684452732));
#485=CARTESIAN_POINT('',(4.02668591494878,-23.7905117588347,4.25842481010509));
#486=CARTESIAN_POINT('',(1.78559307824116,-24.062716109447,4.18394277568286));
#487=CARTESIAN_POINT('',(-0.471130810585501,-24.1242758433122,4.10946074126063));
#488=CARTESIAN_POINT('',(-2.72373042812948,-23.9746520675438,4.0349787068384));
#489=CARTESIAN_POINT('',(-4.9524865547913,-23.6151545861871,3.96049667241617));
#490=CARTESIAN_POINT('',(-7.13788869649426,-23.0489304342167,3.88601463799394));
#491=CARTESIAN_POINT('',(-9.26080587922516,-22.2809363284448,3.81153260357171));
#492=CARTESIAN_POINT('',(-11.3026541212627,-21.3178952765043,3.73705056914948));
#493=CARTESIAN_POINT('',(-13.2455591170446,-20.1682377237521,3.66256853472725));
#494=CARTESIAN_POINT('',(-15.0725127085412,-18.8420277532904,3.58808650030502));
#495=CARTESIAN_POINT('',(-16.7675217743881,-17.3508749851505,3.51360446588279));
#496=CARTESIAN_POINT('',(-18.3157482334047,-15.7078329458723,3.43912243146056));
#497=CARTESIAN_POINT('',(-19.7036389369102,-13.9272847981499,3.36464039703833));
#498=CARTESIAN_POINT('',(-20.9190443127615,-12.0248174308644,3.29015836261611));
#499=CARTESIAN_POINT('',(-21.9513247225063,-10.017085011718,3.21567632819387));
#500=CARTESIAN_POINT('',(-22.7914436006006,-7.92166319692653,3.14119429377165));
#501=CARTESIAN_POINT('',(-23.4320465603539,-5.75689527421753,3.06671225934941));
#502=CARTESIAN_POINT('',(-23.8675257741072,-3.54173158599418,2.99223022492718));
#503=CARTESIAN_POINT('',(-24.0940690640638,-1.29556363835311,2.91774819050496));
#504=CARTESIAN_POINT('',(-24.1096932740301,0.961945651837611,2.84326615608272));
#505=CARTESIAN_POINT('',(-23.9142616299317,3.21103408578576,2.7687841216605));
#506=CARTESIAN_POINT('',(-23.5094849371315,5.43201318073485,2.69430208723826));
#507=CARTESIAN_POINT('',(-22.8989066040701,7.60544052261383,2.61982005281603));
#508=CARTESIAN_POINT('',(-22.0878716233159,9.71228996461052,2.54533801839381));
#509=CARTESIAN_POINT('',(-21.0834797816344,11.7341181817296,2.47085598397157));
#510=CARTESIAN_POINT('',(-19.8945235084017,13.6532261234088,2.39637394954935));
#511=CARTESIAN_POINT('',(-18.5314109074638,15.4528139505049,2.32189191512711));
#512=CARTESIAN_POINT('',(-17.0060746423798,17.1171281015829,2.24740988070489));
#513=CARTESIAN_POINT('',(-15.3318674869987,18.6315991964341,2.17292784628265));
#514=CARTESIAN_POINT('',(-13.5234454022279,19.9829695869984,2.09844581186043));
#515=CARTESIAN_POINT('',(-11.5966393621645,21.1594093742501,2.0239637774382));
#516=CARTESIAN_POINT('',(-9.56831630660336,22.1506201175078,1.94948174301595));
#517=CARTESIAN_POINT('',(-8.16026091392771,22.6821563224198,1.89982705340111));
#518=CARTESIAN_POINT('',(-7.44535406626873,22.914443638196,1.87499970859368));
#519=CARTESIAN_POINT('',(-11.7192244637513,24.1018625414762,20.4226497311116));
#520=CARTESIAN_POINT('',(-10.9672713793001,24.4674901757608,20.3978223863042));
#521=CARTESIAN_POINT('',(-9.42911972442115,25.1283130425445,20.3481676966894));
#522=CARTESIAN_POINT('',(-7.03934899243291,25.8995749420433,20.2736856622671));
#523=CARTESIAN_POINT('',(-4.58795615551451,26.4441122768502,20.1992036278449));
#524=CARTESIAN_POINT('',(-2.09640036262212,26.7571583236077,20.1247215934227));
#525=CARTESIAN_POINT('',(0.413507267021779,26.8359726429267,20.0502395590004));
#526=CARTESIAN_POINT('',(2.91979506552528,26.6798653061506,19.9757575245782));
#527=CARTESIAN_POINT('',(5.40052302533814,26.2902028714739,19.901275490156));
#528=CARTESIAN_POINT('',(7.83397489670845,25.670396438131,19.8267934557338));
#529=CARTESIAN_POINT('',(10.1988482819949,24.8258717811306,19.7523114213115));
#530=CARTESIAN_POINT('',(12.4744411190141,23.7640218553335,19.6778293868893));
#531=CARTESIAN_POINT('',(14.6408329058755,22.4941420773206,19.6033473524671));
#532=CARTESIAN_POINT('',(16.6790590849042,21.0273489535591,19.5288653180448));
#533=CARTESIAN_POINT('',(18.5712770580151,19.3764827666661,19.4543832836226));
#534=CARTESIAN_POINT('',(20.3009223805328,17.5559951717938,19.3799012492004));
#535=CARTESIAN_POINT('',(21.8528537660615,15.5818226870799,19.3054192147781));
#536=CARTESIAN_POINT('',(23.2134856330553,13.471247185632,19.2309371803559));
#537=CARTESIAN_POINT('',(24.3709070327729,11.2427446102989,19.1564551459337));
#538=CARTESIAN_POINT('',(25.3149859175249,8.91582323557294,19.0819731115115));
#539=CARTESIAN_POINT('',(26.0374578364506,6.51085289248041,19.0074910770892));
#540=CARTESIAN_POINT('',(26.531998282384,4.04888665141883,18.933009042667));
#541=CARTESIAN_POINT('',(26.7942780564837,1.55147652392893,18.8585270082448));
#542=CARTESIAN_POINT('',(26.8220011659679,-0.959515203256045,18.7840449738225));
#543=CARTESIAN_POINT('',(26.6149249231973,-3.46210735030495,18.7095629394003));
#544=CARTESIAN_POINT('',(26.1748620701581,-5.9343922671715,18.6350809049781));
#545=CARTESIAN_POINT('',(25.5056649097491,-8.35472761279852,18.5605988705558));
#546=CARTESIAN_POINT('',(24.6131915827863,-10.7019258118117,18.4861168361336));
#547=CARTESIAN_POINT('',(23.5052547859353,-12.9554395302023,18.4116348017114));
#548=CARTESIAN_POINT('',(22.1915533794949,-15.0955415463471,18.3371527672892));
#549=CARTESIAN_POINT('',(20.6835874837349,-17.1034974427791,18.2626707328669));
#550=CARTESIAN_POINT('',(18.9945578070349,-18.9617296069656,18.1881886984447));
#551=CARTESIAN_POINT('',(17.1392500871022,-20.6539711054371,18.1137066640225));
#552=CARTESIAN_POINT('',(15.1339056568702,-22.1654080842518,18.0392246296002));
#553=CARTESIAN_POINT('',(12.9960792681397,-23.4828094492268,17.964742595178));
#554=CARTESIAN_POINT('',(10.7444854175732,-24.5946426907167,17.8902605607558));
#555=CARTESIAN_POINT('',(8.39883452030278,-25.4911748390111,17.8157785263335));
#556=CARTESIAN_POINT('',(5.97966036528365,-26.1645576665901,17.7412964919113));
#557=CARTESIAN_POINT('',(3.50814036284675,-26.6088963913769,17.6668144574891));
#558=CARTESIAN_POINT('',(1.00591015800106,-26.8203012795624,17.5923324230668));
#559=CARTESIAN_POINT('',(-1.50512576764315,-26.7969216962703,17.5178503886446));
#560=CARTESIAN_POINT('',(-4.00298584734217,-26.5389623059841,17.4433683542224));
#561=CARTESIAN_POINT('',(-6.46580385548859,-26.0486812809173,17.3688863198002));
#562=CARTESIAN_POINT('',(-8.8720203241868,-25.330370533012,17.2944042853779));
#563=CARTESIAN_POINT('',(-11.2005712744764,-24.3903181426122,17.2199222509557));
#564=CARTESIAN_POINT('',(-13.4310726100538,-23.236753312714,17.1454402165335));
#565=CARTESIAN_POINT('',(-15.5439985593126,-21.8797743306587,17.0709581821112));
#566=CARTESIAN_POINT('',(-17.5208526036231,-20.3312601678937,16.996476147689));
#567=CARTESIAN_POINT('',(-19.3443293955493,-18.6047664916535,16.9219941132668));
#568=CARTESIAN_POINT('',(-20.9984662495725,-16.7154069988747,16.8475120788446));
#569=CARTESIAN_POINT('',(-22.4687828791747,-14.6797211111441,16.7730300444223));
#570=CARTESIAN_POINT('',(-23.7424081570266,-12.5155291888766,16.6985480100001));
#571=CARTESIAN_POINT('',(-24.8081927886214,-10.2417765321773,16.6240659755779));
#572=CARTESIAN_POINT('',(-25.6568069130143,-7.87836753399873,16.5495839411556));
#573=CARTESIAN_POINT('',(-26.2808217762698,-5.44599143741599,16.4751019067334));
#574=CARTESIAN_POINT('',(-26.6747747626499,-2.96594122233708,16.4006198723112));
#575=CARTESIAN_POINT('',(-26.835217214262,-0.459927207110604,16.3261378378889));
#576=CARTESIAN_POINT('',(-26.7607446205521,2.05011300324001,16.2516558034667));
#577=CARTESIAN_POINT('',(-26.4520089133675,4.54220655844615,16.1771737690445));
#578=CARTESIAN_POINT('',(-25.9117127599556,6.99453771295997,16.1026917346223));
#579=CARTESIAN_POINT('',(-25.1445859038602,9.38563880062818,16.0282097002));
#580=CARTESIAN_POINT('',(-24.1573437608252,11.6945781622846,15.9537276657778));
#581=CARTESIAN_POINT('',(-22.9586286321564,13.9011433811466,15.8792456313556));
#582=CARTESIAN_POINT('',(-21.5589340501598,15.9860182219752,15.8047635969333));
#583=CARTESIAN_POINT('',(-19.9705129179346,17.9309517250779,15.7302815625111));
#584=CARTESIAN_POINT('',(-18.2072702476625,19.7189179749054,15.6557995280889));
#585=CARTESIAN_POINT('',(-16.2846414363628,21.3342651446343,15.5813174936666));
#586=CARTESIAN_POINT('',(-14.2194571446834,22.7628525119981,15.5068354592444));
#587=CARTESIAN_POINT('',(-12.029795961577,23.992174246935,15.4323534248222));
#588=CARTESIAN_POINT('',(-9.73482614463466,25.0114688874165,15.3578713904));
#589=CARTESIAN_POINT('',(-7.35463782147679,25.811813545107,15.2833893559777));
#590=CARTESIAN_POINT('',(-4.9100671211105,26.3862020161799,15.2089073215555));
#591=CARTESIAN_POINT('',(-2.4225137748025,26.7296061135094,15.1344252871333));
#592=CARTESIAN_POINT('',(0.0862462168125575,26.839019683337,15.059943252711));
#593=CARTESIAN_POINT('',(2.5942512104796,26.7134849210916,14.9854612182888));
#594=CARTESIAN_POINT('',(5.07954617218303,26.3541007559948,14.9109791838666));
#595=CARTESIAN_POINT('',(7.52037487114949,25.7640132310525,14.8364971494443));
#596=CARTESIAN_POINT('',(9.89537033353028,24.9483879626471,14.7620151150221));
#597=CARTESIAN_POINT('',(12.1837418885353,23.9143649208173,14.6875330805999));
#598=CARTESIAN_POINT('',(14.3654571696192,22.6709959260793,14.6130510461777));
#599=CARTESIAN_POINT('',(16.4214174774853,21.2291654099403,14.5385690117554));
#600=CARTESIAN_POINT('',(18.3336249697818,19.6014951327662,14.4640869773332));
#601=CARTESIAN_POINT('',(20.0853402139141,17.8022336931012,14.389604942911));
#602=CARTESIAN_POINT('',(21.6612287237597,15.847131795673,14.3151229084887));
#603=CARTESIAN_POINT('',(23.0474951975047,13.7533043699854,14.2406408740665));
#604=CARTESIAN_POINT('',(24.2320042814865,11.5390807465103,14.1661588396443));
#605=CARTESIAN_POINT('',(25.2043868028779,9.22384420203295,14.0916768052221));
#606=CARTESIAN_POINT('',(25.9561305412539,6.82786227876991,14.0171947707998));
#607=CARTESIAN_POINT('',(26.4806547444275,4.37210936264094,13.9427127363776));
#608=CARTESIAN_POINT('',(26.773367736245,1.87808307384364,13.8682307019554));
#609=CARTESIAN_POINT('',(26.8317071120428,-0.632383922956424,13.7937486675331));
#610=CARTESIAN_POINT('',(26.6551621698952,-3.13731504140916,13.7192666331109));
#611=CARTESIAN_POINT('',(26.2452783812904,-5.61478215615151,13.6447845986887));
#612=CARTESIAN_POINT('',(25.6056438620989,-8.04309756125224,13.5703025642664));
#613=CARTESIAN_POINT('',(24.741857962267,-10.4010038240291,13.4958205298442));
#614=CARTESIAN_POINT('',(23.6614822492003,-12.6678598722612,13.421338495422));
#615=CARTESIAN_POINT('',(22.3739743139281,-14.8238216857918,13.3468564609997));
#616=CARTESIAN_POINT('',(20.8906049795094,-16.850016010751,13.2723744265775));
#617=CARTESIAN_POINT('',(19.2243596364345,-18.7287055757063,13.1978923921553));
#618=CARTESIAN_POINT('',(17.3898245687332,-20.443444363442,13.1234103577331));
#619=CARTESIAN_POINT('',(15.4030592658866,-21.9792215791199,13.0489283233108));
#620=CARTESIAN_POINT('',(13.281455838323,-23.3225930545285,12.9744462888886));
#621=CARTESIAN_POINT('',(11.0435867671729,-24.4617989381073,12.8999642544664));
#622=CARTESIAN_POINT('',(8.70904232107755,-25.3868666404924,12.8254822200441));
#623=CARTESIAN_POINT('',(6.29825906330304,-26.0896981343975,12.7510001856219));
#624=CARTESIAN_POINT('',(3.83234095040544,-26.5641408446106,12.6765181511997));
#625=CARTESIAN_POINT('',(1.33287458854583,-26.8060415075347,12.6020361167774));
#626=CARTESIAN_POINT('',(-1.17825973530106,-26.8132825287885,12.5275540823552));
#627=CARTESIAN_POINT('',(-3.67907959301529,-26.5858005205922,12.453072047933));
#628=CARTESIAN_POINT('',(-6.14769284914193,-26.1255868566636,12.3785900135108));
#629=CARTESIAN_POINT('',(-8.56248930428088,-25.4366702397649,12.3041079790885));
#630=CARTESIAN_POINT('',(-10.9023298704131,-24.5250814345062,12.2296259446663));
#631=CARTESIAN_POINT('',(-13.1467316221257,-23.3988004741325,12.1551439102441));
#632=CARTESIAN_POINT('',(-15.2760471038003,-22.0676868034449,12.0806618758218));
#633=CARTESIAN_POINT('',(-17.2716363231132,-20.5433929693851,12.0061798413996));
#634=CARTESIAN_POINT('',(-19.1160299252179,-18.8392626148328,11.9316978069774));
#635=CARTESIAN_POINT('',(-20.793082119187,-16.9702136685786,11.8572157725552));
#636=CARTESIAN_POINT('',(-22.2881120179978,-14.9526077540223,11.7827337381329));
#637=CARTESIAN_POINT('',(-23.588032154773,-12.8041069597946,11.7082517037107));
#638=CARTESIAN_POINT('',(-24.6814630502482,-10.5435192261264,11.6337696692885));
#639=CARTESIAN_POINT('',(-25.5588328285442,-8.19063370045292,11.5592876348662));
#640=CARTESIAN_POINT('',(-26.2124610092092,-5.76604750354604,11.484805600444));
#641=CARTESIAN_POINT('',(-26.6366257420172,-3.29098542266145,11.4103235660218));
#642=CARTESIAN_POINT('',(-26.8276138959494,-0.787114110103965,11.3358415315995));
#643=CARTESIAN_POINT('',(-26.7837535638818,1.72364758628654,11.2613594971773));
#644=CARTESIAN_POINT('',(-26.5054286984321,4.21932050036466,11.1868774627551));
#645=CARTESIAN_POINT('',(-25.9950757508448,6.67805755293449,11.1123954283329));
#646=CARTESIAN_POINT('',(-25.2571623423379,9.07833500071766,11.0379133939106));
#647=CARTESIAN_POINT('',(-24.2981481546205,11.3991408548441,10.9634313594884));
#648=CARTESIAN_POINT('',(-23.1264283819471,13.6201588194534,10.8889493250662));
#649=CARTESIAN_POINT('',(-21.7522602397263,15.7219461402107,10.8144672906439));
#650=CARTESIAN_POINT('',(-20.1876731730276,17.6861038058552,10.7399852562217));
#651=CARTESIAN_POINT('',(-18.4463635510196,19.4954376128386,10.6655032217995));
#652=CARTESIAN_POINT('',(-16.5435747691816,21.1341086830971,10.5910211873772));
#653=CARTESIAN_POINT('',(-14.4959638088735,22.587772117327,10.516539152955));
#654=CARTESIAN_POINT('',(-12.3214554223975,23.843702569994,10.4420571185328));
#655=CARTESIAN_POINT('',(-10.0390852200146,24.8909056467969,10.3675750841106));
#656=CARTESIAN_POINT('',(-7.66883303252912,25.7202141494128,10.2930930496883));
#657=CARTESIAN_POINT('',(-5.23144800818155,26.324368324998,10.2186110152661));
#658=CARTESIAN_POINT('',(-2.74826697495025,26.6980794179443,10.1441289808439));
#659=CARTESIAN_POINT('',(-0.241027658313882,26.8380759675576,10.0696469464216));
#660=CARTESIAN_POINT('',(2.26832161043595,26.7431324463701,9.99516491199941));
#661=CARTESIAN_POINT('',(4.75781402952194,26.4140799883878,9.92068287757718));
#662=CARTESIAN_POINT('',(7.20565662369858,25.8537991133569,9.84620084315495));
#663=CARTESIAN_POINT('',(9.59042101959513,25.067194510742,9.77171880873272));
#664=CARTESIAN_POINT('',(11.8912310293398,24.061152104156,9.69723677431049));
#665=CARTESIAN_POINT('',(14.0879454003615,22.8444787720994,9.62275473988826));
#666=CARTESIAN_POINT('',(16.1613341315795,21.4278252526921,9.54827270546603));
#667=CARTESIAN_POINT('',(18.0932468125136,19.8235929072893,9.4737906710438));
#668=CARTESIAN_POINT('',(19.8667715116757,18.0458251591701,9.39930863662157));
#669=CARTESIAN_POINT('',(21.4663828233365,16.1100845576437,9.32482660219934));
#670=CARTESIAN_POINT('',(22.8780777766694,14.0333165437516,9.25034456777711));
#671=CARTESIAN_POINT('',(24.0894984175242,11.8337011101583,9.17586253335488));
#672=CARTESIAN_POINT('',(25.0900399897525,9.53049365379801,9.10138049893265));
#673=CARTESIAN_POINT('',(25.8709437690663,7.14385641444967,9.02689846451042));
#674=CARTESIAN_POINT('',(26.4253737367651,4.69468197482551,8.95241643008819));
#675=CARTESIAN_POINT('',(26.7484764221297,2.20441036724914,8.87793439566596));
#676=CARTESIAN_POINT('',(26.8374233896246,-0.305158612030821,8.80345236124373));
#677=CARTESIAN_POINT('',(26.6914359989751,-2.81205623789474,8.7289703268215));
#678=CARTESIAN_POINT('',(26.3117922213717,-5.29433717020636,8.65448829239927));
#679=CARTESIAN_POINT('',(25.7018154521315,-7.7302715629555,8.58000625797704));
#680=CARTESIAN_POINT('',(24.8668454177508,-10.0985352869687,8.50552422355481));
#681=CARTESIAN_POINT('',(23.8141914320279,-12.3783966009816,8.43104218913258));
#682=CARTESIAN_POINT('',(22.5530684104522,-14.5498976369571,8.35656015471035));
#683=CARTESIAN_POINT('',(21.0945162029865,-16.5940291109303,8.28207812028812));
#684=CARTESIAN_POINT('',(19.4513029514048,-18.4928967299646,8.20759608586589));
#685=CARTESIAN_POINT('',(17.6378133171906,-20.2298778384942,8.13311405144366));
#686=CARTESIAN_POINT('',(15.6699225584502,-21.7897669327746,8.05863201702143));
#687=CARTESIAN_POINT('',(13.5648575581668,-23.1589087696098,7.9841499825992));
#688=CARTESIAN_POINT('',(11.3410460203532,-24.325317904124,7.90966794817697));
#689=CARTESIAN_POINT('',(9.01795515423773,-25.2787836101467,7.83518591375474));
#690=CARTESIAN_POINT('',(6.61592125863768,-26.0109592647401,7.76070387933251));
#691=CARTESIAN_POINT('',(4.15597169833816,-26.5154354143973,7.68622184491028));
#692=CARTESIAN_POINT('',(1.65964083089002,-26.7877958832918,7.61173981048805));
#693=CARTESIAN_POINT('',(-0.851218504797963,-26.8256564324073,7.53725777606582));
#694=CARTESIAN_POINT('',(-3.3546262878476,-26.6286856311262,7.46277574164359));
#695=CARTESIAN_POINT('',(-5.82866772814861,-26.1986077585681,7.38829370722137));
#696=CARTESIAN_POINT('',(-8.25168510806688,-25.5391877092787,7.31381167279913));
#697=CARTESIAN_POINT('',(-10.6024673737445,-24.6561980354058,7.23932963837691));
#698=CARTESIAN_POINT('',(-12.8604358163128,-23.5573684138735,7.16484760395467));
#699=CARTESIAN_POINT('',(-15.0058242175671,-22.2523179809192,7.09036556953244));
#700=CARTESIAN_POINT('',(-17.019851883113,-20.7524711263348,7.01588353511021));
#701=CARTESIAN_POINT('',(-18.8848880482521,-19.0709574845483,6.94140150068798));
#702=CARTESIAN_POINT('',(-20.5846062174036,-17.2224969980225,6.86691946626575));
#703=CARTESIAN_POINT('',(-22.1041270859747,-15.2232710591233,6.79243743184353));
#704=CARTESIAN_POINT('',(-23.4301487935463,-13.09078085848,6.71795539742129));
#705=CARTESIAN_POINT('',(-24.551063368137,-10.8436941798534,6.64347336299906));
#706=CARTESIAN_POINT('',(-25.4570583421976,-8.50168198266748,6.56899132857684));
#707=CARTESIAN_POINT('',(-26.1402026507886,-6.0852462027572,6.49450929415461));
#708=CARTESIAN_POINT('',(-26.5945160599907,-3.61554027876343,6.42002725973237));
#709=CARTESIAN_POINT('',(-26.8160215177734,-1.1141839752826,6.34554522531015));
#710=CARTESIAN_POINT('',(-26.8027799690421,1.39692587619304,6.27106319088792));
#711=CARTESIAN_POINT('',(-26.5549073300943,3.89580706177426,6.19658115646568));
#712=CARTESIAN_POINT('',(-26.0745734738899,6.36058441710976,6.12209912204346));
#713=CARTESIAN_POINT('',(-25.3659832350202,8.76968132221119,6.04761708762123));
#714=CARTESIAN_POINT('',(-24.4353396006548,11.1020085828258,5.973135053199));
#715=CARTESIAN_POINT('',(-23.2907894096957,13.3371490448922,5.89865301877676));
#716=CARTESIAN_POINT('',(-21.9423520354851,15.4555363259677,5.82417098435454));
#717=CARTESIAN_POINT('',(-20.401831676377,17.4386260990149,5.74968894993231));
#718=CARTESIAN_POINT('',(-18.6827140219819,19.269058429132,5.67520691551008));
#719=CARTESIAN_POINT('',(-16.8000481996638,20.9308097421347,5.60072488108785));
#720=CARTESIAN_POINT('',(-14.7703150347292,22.4093330946576,5.52624284666562));
#721=CARTESIAN_POINT('',(-12.6112827775571,23.6916855178553,5.45176081224339));
#722=CARTESIAN_POINT('',(-10.3418515606299,24.766641319936,5.37727877782116));
#723=CARTESIAN_POINT('',(-7.98188794708812,25.6247903556808,5.30279674339893));
#724=CARTESIAN_POINT('',(-5.55205101916723,26.2586204026988,5.2283147089767));
#725=CARTESIAN_POINT('',(-3.07361152893489,26.6625829232965,5.15383267455447));
#726=CARTESIAN_POINT('',(-0.5682656944812,26.8331416362852,5.07935064013224));
#727=CARTESIAN_POINT('',(1.9420547284138,26.768803473527,5.00486860571001));
#728=CARTESIAN_POINT('',(4.43537443650554,26.4701316502291,4.93038657128778));
#729=CARTESIAN_POINT('',(6.8898669505242,25.9397407345667,4.85590453686555));
#730=CARTESIAN_POINT('',(9.28404568381132,25.1822737597972,4.78142250244332));
#731=CARTESIAN_POINT('',(11.5969520355421,24.2043615792237,4.70694046802109));
#732=CARTESIAN_POINT('',(13.8083388619688,23.0145648198159,4.63245843359886));
#733=CARTESIAN_POINT('',(15.8988477195801,21.6232989426236,4.55797639917663));
#734=CARTESIAN_POINT('',(17.850178328594,20.0427430660041,4.4834943647544));
#735=CARTESIAN_POINT('',(19.6452487733027,18.2867333498226,4.40901233033217));
#736=CARTESIAN_POINT('',(21.2683450368787,16.3706418739383,4.33453029590994));
#737=CARTESIAN_POINT('',(22.7052585616168,14.3112420712736,4.26004826148771));
#738=CARTESIAN_POINT('',(23.9434106304121,12.1265618934606,4.18556622706548));
#739=CARTESIAN_POINT('',(24.9719624806404,9.83572599445282,4.11108419264325));
#740=CARTESIAN_POINT('',(25.7819101865056,7.4587883136218,4.03660215822102));
#741=CARTESIAN_POINT('',(26.3661634792573,5.01655652390576,3.96212012379879));
#742=CARTESIAN_POINT('',(26.7196078152847,2.53040988178647,3.88763808937656));
#743=CARTESIAN_POINT('',(26.8391491487466,0.02211207363351,3.81315605495433));
#744=CARTESIAN_POINT('',(26.7237410167975,-2.4863793032444,3.7386740205321));
#745=CARTESIAN_POINT('',(26.3743937003056,-4.97310495704112,3.66419198610987));
#746=CARTESIAN_POINT('',(25.7941653798711,-7.41629613272848,3.58970995168764));
#747=CARTESIAN_POINT('',(24.9881353645641,-9.79456517537589,3.51522791726541));
#748=CARTESIAN_POINT('',(23.9633596277372,-12.0870927573259,3.44074588284318));
#749=CARTESIAN_POINT('',(22.7288090391523,-14.2738101302426,3.36626384842095));
#750=CARTESIAN_POINT('',(21.2952908341357,-16.3355748066004,3.29178181399873));
#751=CARTESIAN_POINT('',(19.6753540072202,-18.2543381327023,3.21729977957649));
#752=CARTESIAN_POINT('',(17.8831794584547,-20.0133032862935,3.14281774515427));
#753=CARTESIAN_POINT('',(15.934455854042,-21.5970723156647,3.06833571073203));
#754=CARTESIAN_POINT('',(13.8462422880148,-22.9917809330651,2.99385367630981));
#755=CARTESIAN_POINT('',(11.6368189472108,-24.1852198824468,2.91937164188757));
#756=CARTESIAN_POINT('',(9.32552708682077,-25.1669418190895,2.84488960746534));
#757=CARTESIAN_POINT('',(6.93259971736217,-25.9283527654823,2.77040757304312));
#758=CARTESIAN_POINT('',(4.47898448524162,-26.46278734286,2.69592553862088));
#759=CARTESIAN_POINT('',(1.98616029740643,-26.7655671198178,2.62144350419866));
#760=CARTESIAN_POINT('',(-0.524050704649659,-26.8340415672224,2.54696146977642));
#761=CARTESIAN_POINT('',(-3.0296741755503,-26.6676112608998,2.4724794353542));
#762=CARTESIAN_POINT('',(-5.50877592909059,-26.2677331289842,2.39799740093197));
#763=CARTESIAN_POINT('',(-7.93965394973846,-25.6379076979941,2.32351536650973));
#764=CARTESIAN_POINT('',(-10.3010283717178,-24.7836484492806,2.24903333208751));
#765=CARTESIAN_POINT('',(-12.5722277625996,-23.7124335541037,2.17455129766527));
#766=CARTESIAN_POINT('',(-14.7333700806779,-22.4336404098454,2.10006926324305));
#767=CARTESIAN_POINT('',(-16.7655367220321,-20.9584635504289,2.02558722882081));
#768=CARTESIAN_POINT('',(-18.6509381336713,-19.2998166495547,1.95110519439859));
#769=CARTESIAN_POINT('',(-20.3730695429854,-17.4722194746158,1.87662315997636));
#770=CARTESIAN_POINT('',(-21.91685544025,-15.4916707808954,1.80214112555412));
#771=CARTESIAN_POINT('',(-23.268781549388,-13.3755082587289,1.7276590911319));
#772=CARTESIAN_POINT('',(-24.4170131317175,-11.1422567596514,1.65317705670966));
#773=CARTESIAN_POINT('',(-25.3514985870578,-8.81146613015502,1.57869502228744));
#774=CARTESIAN_POINT('',(-26.0640574452699,-6.40354007265776,1.5042129878652));
#775=CARTESIAN_POINT('',(-26.5484519779563,-3.93955753183196,1.42973095344298));
#776=CARTESIAN_POINT('',(-26.8004418034315,-1.44108816987296,1.35524891902075));
#777=CARTESIAN_POINT('',(-26.8178210069529,1.06999645396507,1.28076688459852));
#778=CARTESIAN_POINT('',(-26.6004374512621,3.57171434663519,1.20628485017629));
#779=CARTESIAN_POINT('',(-26.1501941083907,6.0421655112996,1.13180281575406));
#780=CARTESIAN_POINT('',(-25.4710324010785,8.45972365953666,1.05732078133183));
#781=CARTESIAN_POINT('',(-24.5688976996109,10.8032255275147,0.982838746909601));
#782=CARTESIAN_POINT('',(-23.451687276197,13.0521561388349,0.908356712487366));
#783=CARTESIAN_POINT('',(-22.1291811721897,15.1868283923558,0.833874678065142));
#784=CARTESIAN_POINT('',(-20.6129565844778,17.1885554025181,0.759392643642906));
#785=CARTESIAN_POINT('',(-18.9162865162402,19.0398140848933,0.684910609220681));
#786=CARTESIAN_POINT('',(-17.0540235952128,20.7243985497513,0.610428574798446));
#787=CARTESIAN_POINT('',(-15.0424700170242,22.2275619801748,0.535946540376219));
#788=CARTESIAN_POINT('',(-12.8992349741631,23.5361456805721,0.461464505953992));
#789=CARTESIAN_POINT('',(-10.6430799899391,24.6386944351632,0.386982471531739));
#790=CARTESIAN_POINT('',(-9.07686439941039,25.2299355861819,0.337327781916905));
#791=CARTESIAN_POINT('',(-8.28165544924862,25.4883146367101,0.312500437109478));
#792=FACE_BOUND('',#793,.T.);
#793=EDGE_LOOP('',(#3636,#3637,#3638,#3639));
#794=CONICAL_SURFACE('',#795,26.3,0.785398163397448);
#795=AXIS2_PLACEMENT_3D('',#796,#797,#798);
#796=CARTESIAN_POINT('',(0.,0.,20.5));
#797=DIRECTION('',(0.,0.,-1.));
#798=DIRECTION('',(0.,-1.,0.));
#799=FACE_BOUND('',#800,.T.);
#800=EDGE_LOOP('',(#3640,#3641,#3642,#3643,#3644,#3645,#3646,#3647));
#801=B_SPLINE_SURFACE_WITH_KNOTS('',1,3,(
(#802,#803,#804,#805,#806,#807,#808,#809,#810,#811,#812,#813,#814,#815,#816,#817,
#818,#819,#820,#821,#822,#823,#824,#825,#826,#827,#828,#829,#830,#831,#832,#833,
#834,#835,#836,#837,#838,#839,#840,#841,#842,#843,#844,#845,#846,#847,#848,#849,
#850,#851,#852,#853,#854,#855,#856,#857,#858,#859,#860,#861,#862,#863,#864,#865,
#866,#867,#868,#869,#870,#871,#872,#873,#874,#875,#876,#877,#878,#879,#880,#881,
#882,#883,#884,#885,#886,#887,#888,#889,#890,#891,#892,#893,#894,#895,#896,#897,
#898,#899,#900,#901,#902,#903,#904,#905,#906,#907,#908,#909,#910,#911,#912,#913,
#914,#915,#916,#917,#918,#919,#920,#921,#922,#923,#924,#925,#926,#927,#928,#929,
#930,#931,#932,#933,#934,#935,#936,#937,#938,#939,#940,#941,#942,#943,#944,#945,
#946,#947,#948,#949,#950,#951,#952,#953,#954,#955,#956,#957,#958,#959,#960,#961,
#962,#963,#964,#965,#966,#967,#968,#969,#970,#971,#972,#973,#974,#975,#976,#977,
#978,#979,#980,#981,#982,#983,#984,#985,#986,#987,#988,#989,#990,#991,#992,#993,
#994,#995,#996,#997,#998,#999,#1000,#1001,#1002,#1003,#1004,#1005,#1006,#1007,#1008,
#1009,#1010,#1011,#1012,#1013,#1014,#1015,#1016,#1017,#1018,#1019,#1020,#1021,#1022,
#1023,#1024,#1025,#1026,#1027,#1028,#1029,#1030,#1031,#1032,#1033,#1034,#1035,#1036,
#1037,#1038,#1039,#1040,#1041,#1042,#1043,#1044),
(#1045,#1046,#1047,#1048,#1049,#1050,#1051,#1052,#1053,#1054,#1055,#1056,#1057,#1058,
#1059,#1060,#1061,#1062,#1063,#1064,#1065,#1066,#1067,#1068,#1069,#1070,#1071,#1072,
#1073,#1074,#1075,#1076,#1077,#1078,#1079,#1080,#1081,#1082,#1083,#1084,#1085,#1086,
#1087,#1088,#1089,#1090,#1091,#1092,#1093,#1094,#1095,#1096,#1097,#1098,#1099,#1100,
#1101,#1102,#1103,#1104,#1105,#1106,#1107,#1108,#1109,#1110,#1111,#1112,#1113,#1114,
#1115,#1116,#1117,#1118,#1119,#1120,#1121,#1122,#1123,#1124,#1125,#1126,#1127,#1128,
#1129,#1130,#1131,#1132,#1133,#1134,#1135,#1136,#1137,#1138,#1139,#1140,#1141,#1142,
#1143,#1144,#1145,#1146,#1147,#1148,#1149,#1150,#1151,#1152,#1153,#1154,#1155,#1156,
#1157,#1158,#1159,#1160,#1161,#1162,#1163,#1164,#1165,#1166,#1167,#1168,#1169,#1170,
#1171,#1172,#1173,#1174,#1175,#1176,#1177,#1178,#1179,#1180,#1181,#1182,#1183,#1184,
#1185,#1186,#1187,#1188,#1189,#1190,#1191,#1192,#1193,#1194,#1195,#1196,#1197,#1198,
#1199,#1200,#1201,#1202,#1203,#1204,#1205,#1206,#1207,#1208,#1209,#1210,#1211,#1212,
#1213,#1214,#1215,#1216,#1217,#1218,#1219,#1220,#1221,#1222,#1223,#1224,#1225,#1226,
#1227,#1228,#1229,#1230,#1231,#1232,#1233,#1234,#1235,#1236,#1237,#1238,#1239,#1240,
#1241,#1242,#1243,#1244,#1245,#1246,#1247,#1248,#1249,#1250,#1251,#1252,#1253,#1254,
#1255,#1256,#1257,#1258,#1259,#1260,#1261,#1262,#1263,#1264,#1265,#1266,#1267,#1268,
#1269,#1270,#1271,#1272,#1273,#1274,#1275,#1276,#1277,#1278,#1279,#1280,#1281,#1282,
#1283,#1284,#1285,#1286,#1287)),
.UNSPECIFIED.,.F.,.F.,.F.,
(2,2),
(4,1,1,1,1,1,1,1,1,1,1,1,1,1,1,1,1,1,1,1,1,1,1,1,1,1,1,1,1,1,1,1,1,1,1,1,1,1,1,1,
1,1,1,1,1,1,1,1,1,1,1,1,1,1,1,1,1,1,1,1,1,1,1,1,1,1,1,1,1,1,1,1,1,1,1,1,1,1,1,1,
1,1,1,1,1,1,1,1,1,1,1,1,1,1,1,1,1,1,1,1,1,1,1,1,1,1,1,1,1,1,1,1,1,1,1,1,1,1,1,1,
1,1,1,1,1,1,1,1,1,1,1,1,1,1,1,1,1,1,1,1,1,1,1,1,1,1,1,1,1,1,1,1,1,1,1,1,1,1,1,1,
1,1,1,1,1,1,1,1,1,1,1,1,1,1,1,1,1,1,1,1,1,1,1,1,1,1,1,1,1,1,1,1,1,1,1,1,1,1,1,1,
1,1,1,1,1,1,1,1,1,1,1,1,1,1,1,1,1,1,1,1,1,1,1,1,1,1,1,1,1,1,1,1,1,1,1,1,1,1,1,1,
4),
(0.,1.),
(3.92699118317922,4.02058446279161,4.11417774240401,4.2077710220164,4.3013643016288,
4.3949575812412,4.48855086085359,4.58214414046599,4.67573742007838,4.76933069969078,
4.86292397930317,4.95651725891557,5.05011053852797,5.14370381814036,5.23729709775276,
5.33089037736515,5.42448365697755,5.51807693658994,5.61167021620234,5.70526349581474,
5.79885677542713,5.89245005503953,5.98604333465192,6.07963661426432,6.17322989387671,
6.26682317348911,6.36041645310151,6.4540097327139,6.5476030123263,6.64119629193869,
6.73478957155109,6.82838285116348,6.92197613077588,7.01556941038828,7.10916269000067,
7.20275596961307,7.29634924922546,7.38994252883786,7.48353580845026,7.57712908806265,
7.67072236767505,7.76431564728744,7.85790892689984,7.95150220651223,8.04509548612463,
8.13868876573703,8.23228204534942,8.32587532496182,8.41946860457421,8.51306188418661,
8.606655163799,8.7002484434114,8.7938417230238,8.88743500263619,8.98102828224859,
9.07462156186098,9.16821484147338,9.26180812108577,9.35540140069817,9.44899468031057,
9.54258795992296,9.63618123953536,9.72977451914775,9.82336779876015,9.91696107837254,
10.0105543579849,10.1041476375973,10.1977409172097,10.2913341968221,10.3849274764345,
10.4785207560469,10.5721140356593,10.6657073152717,10.7593005948841,10.8528938744965,
10.9464871541089,11.0400804337213,11.1336737133337,11.2272669929461,11.3208602725585,
11.4144535521709,11.5080468317833,11.6016401113957,11.6952333910081,11.7888266706205,
11.8824199502329,11.9760132298453,12.0696065094576,12.16319978907,12.2567930686824,
12.3503863482948,12.4439796279072,12.5375729075196,12.631166187132,12.7247594667444,
12.8183527463568,12.9119460259692,13.0055393055816,13.099132585194,13.1927258648064,
13.2863191444188,13.3799124240312,13.4735057036436,13.567098983256,13.6606922628684,
13.7542855424808,13.8478788220932,13.9414721017056,14.035065381318,14.1286586609304,
14.2222519405427,14.3158452201551,14.4094384997675,14.5030317793799,14.5966250589923,
14.6902183386047,14.7838116182171,14.8774048978295,14.9709981774419,15.0645914570543,
15.1581847366667,15.2517780162791,15.3453712958915,15.4389645755039,15.5325578551163,
15.6261511347287,15.7197444143411,15.8133376939535,15.9069309735659,16.0005242531783,
16.0941175327907,16.1877108124031,16.2813040920155,16.3748973716278,16.4684906512402,
16.5620839308526,16.655677210465,16.7492704900774,16.8428637696898,16.9364570493022,
17.0300503289146,17.123643608527,17.2172368881394,17.3108301677518,17.4044234473642,
17.4980167269766,17.591610006589,17.6852032862014,17.7787965658138,17.8723898454262,
17.9659831250386,18.059576404651,18.1531696842634,18.2467629638758,18.3403562434882,
18.4339495231006,18.527542802713,18.6211360823253,18.7147293619377,18.8083226415501,
18.9019159211625,18.9955092007749,19.0891024803873,19.1826957599997,19.2762890396121,
19.3698823192245,19.4634755988369,19.5570688784493,19.6506621580617,19.7442554376741,
19.8378487172865,19.9314419968989,20.0250352765113,20.1186285561237,20.2122218357361,
20.3058151153485,20.3994083949609,20.4930016745733,20.5865949541857,20.6801882337981,
20.7737815134104,20.8673747930228,20.9609680726352,21.0545613522476,21.14815463186,
21.2417479114724,21.3353411910848,21.4289344706972,21.5225277503096,21.616121029922,
21.7097143095344,21.8033075891468,21.8969008687592,21.9904941483716,22.084087427984,
22.1776807075964,22.2712739872088,22.3648672668212,22.4584605464336,22.552053826046,
22.6456471056584,22.7392403852708,22.8328336648832,22.9264269444955,23.0200202241079,
23.1136135037203,23.2072067833327,23.3008000629451,23.3943933425575,23.4879866221699,
23.5815799017823,23.6751731813947,23.7687664610071,23.8623597406195,23.9559530202319,
24.0495462998443,24.1431395794567,24.2367328590691,24.3303261386815,24.4239194182939,
24.5175126979063,24.6111059775187,24.7046992571311,24.7982925367435,24.8918858163559,
24.9854790959683,25.0790723755807,25.172665655193,25.2662589348054,25.3598522144178,
25.4534454940302,25.5470387736426,25.640632053255,25.7342253328674,25.8278186124798,
25.9214118920922,26.0150051717046,26.108598451317,26.2021917309294,26.2957850105418,
26.3893782901543),
.UNSPECIFIED.);
#802=CARTESIAN_POINT('',(18.9504547962912,-18.9504686753052,22.5624992714842));
#803=CARTESIAN_POINT('',(18.3592426251199,-19.5416804134823,22.537672883));
#804=CARTESIAN_POINT('',(17.1214453073943,-20.6687291259733,22.4880201060317));
#805=CARTESIAN_POINT('',(15.1148793195977,-22.1783831134025,22.4135409405793));
#806=CARTESIAN_POINT('',(12.9760083031738,-23.493902661473,22.3390617751268));
#807=CARTESIAN_POINT('',(10.7235542197549,-24.6037728587742,22.2645826096743));
#808=CARTESIAN_POINT('',(8.37723356090803,-25.4982786041131,22.1901034442218));
#809=CARTESIAN_POINT('',(5.95758438041224,-26.1695900289716,22.1156242787694));
#810=CARTESIAN_POINT('',(3.48578662098791,-26.6118309320983,22.0411451133169));
#811=CARTESIAN_POINT('',(0.983476692192633,-26.8211302432272,21.9666659478644));
#812=CARTESIAN_POINT('',(-1.52744191239653,-26.7956559003828,21.892186782412));
#813=CARTESIAN_POINT('',(-4.02499034521637,-26.5356308884603,21.8177076169595));
#814=CARTESIAN_POINT('',(-6.4873067918433,-26.0433312868407,21.743228451507));
#815=CARTESIAN_POINT('',(-8.89283783436278,-25.3230663463052,21.6687492860545));
#816=CARTESIAN_POINT('',(-11.220527115069,-24.3811407687919,21.594270120602));
#817=CARTESIAN_POINT('',(-13.4499996492906,-23.2257995203982,21.5197909551496));
#818=CARTESIAN_POINT('',(-15.5617401739349,-21.8671556606383,21.4453117896971));
#819=CARTESIAN_POINT('',(-17.5372639706262,-20.317101819704,21.3708326242446));
#820=CARTESIAN_POINT('',(-19.3592786681661,-18.5892060985921,21.2963534587922));
#821=CARTESIAN_POINT('',(-21.0118356080109,-16.6985933033166,21.2218742933397));
#822=CARTESIAN_POINT('',(-22.4804694478154,-14.6618125528013,21.1473951278872));
#823=CARTESIAN_POINT('',(-23.7523247810517,-12.4966924193198,21.0729159624347));
#824=CARTESIAN_POINT('',(-24.8162686643606,-10.2221848694844,20.9984367969823));
#825=CARTESIAN_POINT('',(-25.6629880676513,-7.85819937181748,20.9239576315298));
#826=CARTESIAN_POINT('',(-26.2850713939349,-5.42542862301102,20.8494784660773));
#827=CARTESIAN_POINT('',(-26.6770733553278,-2.94516741834877,20.7749993006248));
#828=CARTESIAN_POINT('',(-26.8355626373409,-0.439126251772396,20.7005201351724));
#829=CARTESIAN_POINT('',(-26.7591519342379,2.07075872279114,20.6260409697199));
#830=CARTESIAN_POINT('',(-26.4485100925514,4.56251770537395,20.5515618042674));
#831=CARTESIAN_POINT('',(-25.9063562564624,7.01433955842577,20.4770826388149));
#832=CARTESIAN_POINT('',(-25.1374360662896,9.40476272645129,20.4026034733625));
#833=CARTESIAN_POINT('',(-24.1484801184311,11.7128630956475,20.32812430791));
#834=CARTESIAN_POINT('',(-22.948145050371,13.9184371491478,20.2536451424575));
#835=CARTESIAN_POINT('',(-21.5469377664523,16.0021788146576,20.1791659770051));
#836=CARTESIAN_POINT('',(-19.9571234676914,17.9458484564805,20.1046868115526));
#837=CARTESIAN_POINT('',(-18.1926182906779,19.7324325326944,20.0302076461001));
#838=CARTESIAN_POINT('',(-16.2688674953237,21.3462925199493,19.9557284806476));
#839=CARTESIAN_POINT('',(-14.2027102677231,22.7733018023026,19.8812493151952));
#840=CARTESIAN_POINT('',(-12.0122323215453,24.0009693258599,19.8067701497427));
#841=CARTESIAN_POINT('',(-9.71660758818534,25.0185489368361,19.7322909842902));
#842=CARTESIAN_POINT('',(-7.33593038140833,25.8171334459652,19.6578118188377));
#843=CARTESIAN_POINT('',(-4.89103950560215,26.3897325958844,19.5833326533853));
#844=CARTESIAN_POINT('',(-2.40333584727321,26.7313342490205,19.5088534879328));
#845=CARTESIAN_POINT('',(0.105404953536507,26.8389482603811,19.4343743224803));
#846=CARTESIAN_POINT('',(2.6132231121661,26.7116326512193,19.3598951570278));
#847=CARTESIAN_POINT('',(5.09816692012718,26.350501854465,19.2854159915754));
#848=CARTESIAN_POINT('',(7.53848489520222,25.7587169597488,19.2109368261229));
#849=CARTESIAN_POINT('',(9.91281617890012,24.941458043406,19.1364576606704));
#850=CARTESIAN_POINT('',(12.2003775146618,23.905878825665,19.061978495218));
#851=CARTESIAN_POINT('',(14.3811451701367,22.6610440519209,18.9874993297655));
#852=CARTESIAN_POINT('',(16.4360302111098,21.2178501462125,18.913020164313));
#853=CARTESIAN_POINT('',(18.3470455928499,19.5889298314515,18.8385409988605));
#854=CARTESIAN_POINT('',(20.0974636062797,17.7885415512883,18.7640618334081));
#855=CARTESIAN_POINT('',(21.6719623007897,15.8324446615421,18.6895826679556));
#856=CARTESIAN_POINT('',(23.0567596020147,13.7377614836824,18.6151035025031));
#857=CARTESIAN_POINT('',(24.2397339505954,11.5228274278494,18.5406243370506));
#858=CARTESIAN_POINT('',(25.2105304059393,9.20703049733494,18.4661451715982));
#859=CARTESIAN_POINT('',(25.9606512862205,6.8106415793889,18.3916660061457));
#860=CARTESIAN_POINT('',(26.4835305512187,4.35463700786966,18.3171868406932));
#861=CARTESIAN_POINT('',(26.7745912769012,1.86051495090178,18.2427076752407));
#862=CARTESIAN_POINT('',(26.8312857186556,-0.649892769243035,18.1682285097883));
#863=CARTESIAN_POINT('',(26.6531176124867,-3.15461177684303,18.0937493443358));
#864=CARTESIAN_POINT('',(26.2416465189692,-5.63171749123796,18.0192701788833));
#865=CARTESIAN_POINT('',(25.6004741719311,-8.05952703946907,17.9447910134309));
#866=CARTESIAN_POINT('',(24.7352129513627,-10.4167890531767,17.8703118479784));
#867=CARTESIAN_POINT('',(23.6534367565178,-12.6828696884047,17.7958326825259));
#868=CARTESIAN_POINT('',(22.3646147092294,-14.8379332400226,17.7213535170734));
#869=CARTESIAN_POINT('',(20.8800282677554,-16.8631157697912,17.646874351621));
#870=CARTESIAN_POINT('',(19.2126724766835,-18.7406902282529,17.5723951861685));
#871=CARTESIAN_POINT('',(17.3771422172838,-20.4542216250812,17.497916020716));
#872=CARTESIAN_POINT('',(15.3895044539958,-21.988710889638,17.4234368552635));
#873=CARTESIAN_POINT('',(13.2671575953168,-23.3307261624809,17.3489576898111));
#874=CARTESIAN_POINT('',(11.0286792001468,-24.4685203685857,17.2744785243586));
#875=CARTESIAN_POINT('',(8.6936633626665,-25.3921340431299,17.1999993589061));
#876=CARTESIAN_POINT('',(6.28254919916668,-26.0934825097704,17.1255201934536));
#877=CARTESIAN_POINT('',(3.8164419381373,-26.5664266483182,17.0510410280012));
#878=CARTESIAN_POINT('',(1.31692817967092,-26.8068266323568,16.9765618625487));
#879=CARTESIAN_POINT('',(-1.19411305872888,-26.8125781664244,16.9020826970962));
#880=CARTESIAN_POINT('',(-3.69470185595898,-26.5836309055633,16.8276035316437));
#881=CARTESIAN_POINT('',(-6.16294978436878,-26.1219888960047,16.7531243661913));
#882=CARTESIAN_POINT('',(-8.57725150594163,-25.4316930331322,16.6786452007388));
#883=CARTESIAN_POINT('',(-10.9164738905052,-24.5187856902736,16.6041660352863));
#884=CARTESIAN_POINT('',(-13.1601410005603,-23.3912578279369,16.5296868698339));
#885=CARTESIAN_POINT('',(-15.2886133234989,-22.0589790464603,16.4552077043814));
#886=CARTESIAN_POINT('',(-17.2832596823366,-20.5336111943458,16.3807285389289));
#887=CARTESIAN_POINT('',(-19.1266203201701,-18.8285062884898,16.3062493734764));
#888=CARTESIAN_POINT('',(-20.8025597308341,-16.9585896398469,16.231770208024));
#889=CARTESIAN_POINT('',(-22.2964078979796,-14.9402292075642,16.1572910425715));
#890=CARTESIAN_POINT('',(-23.5950887062679,-12.7910923251688,16.082811877119));
#891=CARTESIAN_POINT('',(-24.6872344006546,-10.5299910529298,16.0083327116665));
#892=CARTESIAN_POINT('',(-25.563285091868,-8.17671751007228,15.9338535462141));
#893=CARTESIAN_POINT('',(-26.2155724370786,-5.75187062823281,15.8593743807616));
#894=CARTESIAN_POINT('',(-26.6383867632771,-3.27667584263515,15.7848952153091));
#895=CARTESIAN_POINT('',(-26.8280270458091,-0.77279929928688,15.7104160498567));
#896=CARTESIAN_POINT('',(-26.7828333045899,1.73784179550208,15.6359368844042));
#897=CARTESIAN_POINT('',(-26.5032011344233,4.2332710232095,15.5614577189517));
#898=CARTESIAN_POINT('',(-25.9915782422384,6.69164511949363,15.4869785534992));
#899=CARTESIAN_POINT('',(-25.2524430215528,9.0914451750463,15.4124993880468));
#900=CARTESIAN_POINT('',(-24.2922653517086,11.4116649972659,15.3380202225943));
#901=CARTESIAN_POINT('',(-23.1194499650156,13.6319949839627,15.2635410571418));
#902=CARTESIAN_POINT('',(-21.7442628775289,15.732999899592,15.1890618916893));
#903=CARTESIAN_POINT('',(-20.1787415274326,17.6962889978863,15.1145827262369));
#904=CARTESIAN_POINT('',(-18.4365894076181,19.5046770017488,15.0401035607844));
#905=CARTESIAN_POINT('',(-16.5330561147695,21.142334531303,14.9656243953319));
#906=CARTESIAN_POINT('',(-14.4848038649246,22.5949266633532,14.8911452298794));
#907=CARTESIAN_POINT('',(-12.309761643941,23.8497384094041,14.816666064427));
#908=CARTESIAN_POINT('',(-10.0269682695338,24.8957860138901,14.7421868989745));
#909=CARTESIAN_POINT('',(-7.65640573861203,25.7239130983875,14.667707733522));
#910=CARTESIAN_POINT('',(-5.21882431867538,26.3268708102282,14.5932285680695));
#911=CARTESIAN_POINT('',(-2.73556091430087,26.6993812739508,14.5187494026171));
#912=CARTESIAN_POINT('',(-0.228352298613385,26.8381837901778,14.4442702371646));
#913=CARTESIAN_POINT('',(2.28085515541673,26.7420633775267,14.3697910717121));
#914=CARTESIAN_POINT('',(4.77009757836849,26.4118614077177,14.2953119062597));
#915=CARTESIAN_POINT('',(7.21758586091696,25.850468240787,14.2208327408072));
#916=CARTESIAN_POINT('',(9.6018963806506,25.0627979248705,14.1463535753547));
#917=CARTESIAN_POINT('',(11.9021585296688,24.05574518202,14.0718744099022));
#918=CARTESIAN_POINT('',(14.0982374014719,22.8381250565668,13.9973952444498));
#919=CARTESIAN_POINT('',(16.1709100380294,21.4205957543109,13.9229160789973));
#920=CARTESIAN_POINT('',(18.1020336942812,19.8155653479469,13.8484369135448));
#921=CARTESIAN_POINT('',(19.8747046471996,18.0370831653631,13.7739577480923));
#922=CARTESIAN_POINT('',(21.473406159309,16.1007168115272,13.6994785826399));
#923=CARTESIAN_POINT('',(22.8841443014909,14.0234159004212,13.6249994171874));
#924=CARTESIAN_POINT('',(24.0945704461767,11.823363689825,13.5505202517349));
#925=CARTESIAN_POINT('',(25.0940893587067,9.51981791763303,13.4760410862824));
#926=CARTESIAN_POINT('',(25.8739519406979,7.13294223291492,13.40156192083));
#927=CARTESIAN_POINT('',(26.42733181361,4.68362969725429,13.3270827553775));
#928=CARTESIAN_POINT('',(26.7493850721496,2.19331990131474,13.252603589925));
#929=CARTESIAN_POINT('',(26.8372926844724,-0.31618870253268,13.1781244244726));
#930=CARTESIAN_POINT('',(26.690285168041,-2.82292960880943,13.1036452590201));
#931=CARTESIAN_POINT('',(26.3096493251443,-5.3049605385504,13.0291660935676));
#932=CARTESIAN_POINT('',(25.6987169791183,-7.74055550686259,12.9546869281151));
#933=CARTESIAN_POINT('',(24.8628358098655,-10.1083949971949,12.8802077626627));
#934=CARTESIAN_POINT('',(23.8093225439576,-12.3877525776646,12.8057285972102));
#935=CARTESIAN_POINT('',(22.5473989090636,-14.5586763259303,12.7312494317577));
#936=CARTESIAN_POINT('',(21.0881109133129,-16.6021634745433,12.6567702663052));
#937=CARTESIAN_POINT('',(19.4442321561681,-18.5003267480519,12.5822911008528));
#938=CARTESIAN_POINT('',(17.6301520171554,-20.2365509358595,12.5078119354003));
#939=CARTESIAN_POINT('',(15.6617497011722,-21.7956383303054,12.4333327699478));
#940=CARTESIAN_POINT('',(13.5562552428919,-23.1639417569034,12.3588536044953));
#941=CARTESIAN_POINT('',(11.3320986869385,-24.3294840322834,12.2843744390429));
#942=CARTESIAN_POINT('',(9.00874876400153,-25.2820628041848,12.2098952735904));
#943=CARTESIAN_POINT('',(6.60654247501116,-26.0133398558032,12.1354161081379));
#944=CARTESIAN_POINT('',(4.14650707507494,-26.5169140927823,12.0609369426855));
#945=CARTESIAN_POINT('',(1.65017601540607,-26.7883775739746,11.986457777233));
#946=CARTESIAN_POINT('',(-0.860599545639436,-26.8253540955136,11.9119786117805));
#947=CARTESIAN_POINT('',(-3.36384201251458,-26.6275199904626,11.837499446328));
#948=CARTESIAN_POINT('',(-5.83763972917707,-26.1966069619708,11.7630202808756));
#949=CARTESIAN_POINT('',(-8.26033877859608,-25.5363869251401,11.6885411154231));
#950=CARTESIAN_POINT('',(-10.6107325261897,-24.6526389902847,11.6140619499706));
#951=CARTESIAN_POINT('',(-12.8682472480608,-23.5530988765899,11.5395827845181));
#952=CARTESIAN_POINT('',(-15.0131222191694,-22.2473911989682,11.4651036190657));
#953=CARTESIAN_POINT('',(-17.026582685075,-20.7469452208258,11.3906244536132));
#954=CARTESIAN_POINT('',(-18.8910042031728,-19.0648948101833,11.3161452881607));
#955=CARTESIAN_POINT('',(-20.5900669148939,-17.2159634748635,11.2416661227082));
#956=CARTESIAN_POINT('',(-22.1088983984791,-15.2163354830713,11.1671869572558));
#957=CARTESIAN_POINT('',(-23.4342038518885,-13.0835141974846,11.0927077918033));
#958=CARTESIAN_POINT('',(-24.554382466319,-10.836168862904,11.0182286263508));
#959=CARTESIAN_POINT('',(-25.4596289716739,-8.49397118857524,10.9437494608983));
#960=CARTESIAN_POINT('',(-26.1420194651267,-6.07742315562953,10.8692702954459));
#961=CARTESIAN_POINT('',(-26.5955807714947,-3.6076775568979,10.7947911299934));
#962=CARTESIAN_POINT('',(-26.8163427282905,-1.10635283996885,10.7203119645409));
#963=CARTESIAN_POINT('',(-26.8023729377824,1.40465612577414,10.6458327990885));
#964=CARTESIAN_POINT('',(-26.5537936818703,3.90336970172051,10.571353633636));
#965=CARTESIAN_POINT('',(-26.0727808517141,6.36791587461191,10.4968744681835));
#966=CARTESIAN_POINT('',(-25.3635449014851,8.77672170904341,10.422395302731));
#967=CARTESIAN_POINT('',(-24.4322939929574,11.1087021820437,10.3479161372786));
#968=CARTESIAN_POINT('',(-23.2871796535466,13.3434447468069,10.2734369718261));
#969=CARTESIAN_POINT('',(-21.9382254234677,15.461388010032,10.1989578063736));
#970=CARTESIAN_POINT('',(-20.3972391165849,17.4439929588527,10.1244786409211));
#971=CARTESIAN_POINT('',(-18.6777094629631,19.2739052385546,10.0499994754687));
#972=CARTESIAN_POINT('',(-16.7946880378385,20.935107060613,9.9755203100162));
#973=CARTESIAN_POINT('',(-14.7646575105224,22.4130574113533,9.90104114456372));
#974=CARTESIAN_POINT('',(-12.6053873664956,23.6948193339438,9.82656197911125));
#975=CARTESIAN_POINT('',(-10.3357783656023,24.769173169583,9.75208281365877));
#976=CARTESIAN_POINT('',(-7.97569709784976,25.6267147666453,9.6776036482063));
#977=CARTESIAN_POINT('',(-5.54580208499732,26.2599377981305,9.60312448275382));
#978=CARTESIAN_POINT('',(-3.06736295012188,26.6632994668676,9.52864531730135));
#979=CARTESIAN_POINT('',(-0.562074238024357,26.8332690233336,9.45416615184888));
#980=CARTESIAN_POINT('',(1.94813448383523,26.7683586713967,9.3796869863964));
#981=CARTESIAN_POINT('',(4.4412905816287,26.4691365914565,9.30520782094393));
#982=CARTESIAN_POINT('',(6.89557068842397,25.9382219669852,9.23072865549146));
#983=CARTESIAN_POINT('',(9.2894917308699,25.1802620580038,9.15624949003898));
#984=CARTESIAN_POINT('',(11.6020989771862,24.201891522177,9.08177032458651));
#985=CARTESIAN_POINT('',(13.8131494604158,23.0116743396012,9.00729115913404));
#986=CARTESIAN_POINT('',(15.9032891713799,21.6200288496365,8.93281199368156));
#987=CARTESIAN_POINT('',(17.8542224703102,20.0391365559575,8.85833282822909));
#988=CARTESIAN_POINT('',(19.6488722342458,18.2828354980821,8.78385366277662));
#989=CARTESIAN_POINT('',(21.2715293383759,16.3664991227281,8.70937449732415));
#990=CARTESIAN_POINT('',(22.707990162871,14.306901715277,8.63489533187167));
#991=CARTESIAN_POINT('',(23.9456809215635,12.1220715692621,8.5604161664192));
#992=CARTESIAN_POINT('',(24.973767724189,9.8311331791355,8.48593700096673));
#993=CARTESIAN_POINT('',(25.783251408781,7.45413983764969,8.41145783551425));
#994=CARTESIAN_POINT('',(26.3670463141208,5.01189810317952,8.33697867006178));
#995=CARTESIAN_POINT('',(26.7200423027229,2.52578567347741,8.2624995046093));
#996=CARTESIAN_POINT('',(26.8391494914502,0.0175642600687039,8.18802033915683));
#997=CARTESIAN_POINT('',(26.7233252982173,-2.49081089874436,8.11354117370436));
#998=CARTESIAN_POINT('',(26.373583568034,-4.97738321887842,8.03906200825188));
#999=CARTESIAN_POINT('',(25.7929856985063,-7.42038696324485,7.96458284279941));
#1000=CARTESIAN_POINT('',(24.9866138424757,-9.79843776398279,7.89010367734694));
#1001=CARTESIAN_POINT('',(23.9615264223626,-12.0907198064493,7.81562451189446));
#1002=CARTESIAN_POINT('',(22.7266963456099,-14.2771680364871,7.74114534644199));
#1003=CARTESIAN_POINT('',(21.2929324620476,-16.3386437960537,7.66666618098952));
#1004=CARTESIAN_POINT('',(19.6727849506849,-18.2571023498186,7.59218701553704));
#1005=CARTESIAN_POINT('',(17.8804354641089,-20.0157508363159,7.51770785008457));
#1006=CARTESIAN_POINT('',(15.9315729920908,-21.5991952610584,7.4432286846321));
#1007=CARTESIAN_POINT('',(13.8432565310026,-22.9935752449353,7.36874951917962));
#1008=CARTESIAN_POINT('',(11.6337657611422,-24.1866853484003,7.29427035372715));
#1009=CARTESIAN_POINT('',(9.32244103903463,-25.1680819094616,7.21979118827468));
#1010=CARTESIAN_POINT('',(6.92951410530555,-25.9291744602873,7.1453120228222));
#1011=CARTESIAN_POINT('',(4.47593098999399,-26.4633009222292,7.07083285736973));
#1012=CARTESIAN_POINT('',(1.98316866546893,-26.7657859210588,6.99635369191726));
#1013=CARTESIAN_POINT('',(-0.526952948156829,-26.833981711965,6.92187452646478));
#1014=CARTESIAN_POINT('',(-3.03246197954044,-26.6672913560843,6.84739536101231));
#1015=CARTESIAN_POINT('',(-5.51142693269898,-26.2671739456906,6.77291619555983));
#1016=CARTESIAN_POINT('',(-7.94214866018138,-25.6371318323096,6.69843703010736));
#1017=CARTESIAN_POINT('',(-10.3033503024217,-24.7826799695519,6.62395786465489));
#1018=CARTESIAN_POINT('',(-12.574363530676,-23.7112976390169,6.54947869920241));
#1019=CARTESIAN_POINT('',(-14.7353094633003,-22.4323629818264,6.47499953374994));
#1020=CARTESIAN_POINT('',(-16.7672726717542,-20.957070908853,6.40052036829747));
#1021=CARTESIAN_POINT('',(-18.6524667532007,-19.2983351082001,6.326041202845));
#1022=CARTESIAN_POINT('',(-20.3743900203953,-17.4706750076939,6.25156203739252));
#1023=CARTESIAN_POINT('',(-21.9179699460614,-15.4900886818376,6.17708287194005));
#1024=CARTESIAN_POINT('',(-23.2696950973864,-13.3739128157139,6.10260370648758));
#1025=CARTESIAN_POINT('',(-24.4177334057745,-11.1406709516155,6.0281245410351));
#1026=CARTESIAN_POINT('',(-25.3520357366055,-8.80991134674585,5.95364537558263));
#1027=CARTESIAN_POINT('',(-26.06442385242,-6.40203586127432,5.87916621013016));
#1028=CARTESIAN_POINT('',(-26.5486619995629,-3.93812137453982,5.80468704467768));
#1029=CARTESIAN_POINT('',(-26.8005114916652,-1.43973529260286,5.73020787922521));
#1030=CARTESIAN_POINT('',(-26.8177678121774,1.07125323793465,5.65572871377273));
#1031=CARTESIAN_POINT('',(-26.6002799111856,3.57286475733779,5.58124954832026));
#1032=CARTESIAN_POINT('',(-26.1499515275969,6.04320188575243,5.50677038286778));
#1033=CARTESIAN_POINT('',(-25.4707245251276,8.46064099774697,5.43229121741531));
#1034=CARTESIAN_POINT('',(-24.5685443879361,10.8040215006025,5.35781205196284));
#1035=CARTESIAN_POINT('',(-23.4513081780112,13.0528310595131,5.28333288651037));
#1036=CARTESIAN_POINT('',(-22.1287954095536,15.1873851484631,5.20885372105789));
#1037=CARTESIAN_POINT('',(-20.6125824465737,17.1889993547439,5.13437455560542));
#1038=CARTESIAN_POINT('',(-18.9159411687373,19.0401529302641,5.05989539015295));
#1039=CARTESIAN_POINT('',(-17.0537228084108,20.7246421528591,4.98541622470047));
#1040=CARTESIAN_POINT('',(-15.0422279162257,22.2277221745083,4.910937059248));
#1041=CARTESIAN_POINT('',(-12.8990638154054,23.5362360426845,4.83645789379553));
#1042=CARTESIAN_POINT('',(-10.6429899640538,24.6387300346833,4.76197872834303));
#1043=CARTESIAN_POINT('',(-9.07683376879666,25.2299455386716,4.7123259513747));
#1044=CARTESIAN_POINT('',(-8.28165544924862,25.4883146367101,4.68749956289052));
#1045=CARTESIAN_POINT('',(17.036792527756,-17.036805005234,21.));
#1046=CARTESIAN_POINT('',(16.505282376237,-17.5683147674835,20.9751736115158));
#1047=CARTESIAN_POINT('',(15.3924807933626,-18.5815514042708,20.9255208345475));
#1048=CARTESIAN_POINT('',(13.5885426401721,-19.9387569198642,20.851041669095));
#1049=CARTESIAN_POINT('',(11.6656599367144,-21.1214321562955,20.7765625036426));
#1050=CARTESIAN_POINT('',(9.64066405613982,-22.1192250054603,20.7020833381901));
#1051=CARTESIAN_POINT('',(7.53128047152074,-22.9234014203296,20.6276041727376));
#1052=CARTESIAN_POINT('',(5.35597325482379,-23.526922211243,20.5531250072852));
#1053=CARTESIAN_POINT('',(3.13378354747566,-23.9245045698116,20.4786458418327));
#1054=CARTESIAN_POINT('',(0.884162862626854,-24.1126683357073,20.4041666763802));
#1055=CARTESIAN_POINT('',(-1.37319717333598,-24.0897664529564,20.3296875109277));
#1056=CARTESIAN_POINT('',(-3.6185371894659,-23.8559993889059,20.2552083454753));
#1057=CARTESIAN_POINT('',(-5.83220302966908,-23.4134133789948,20.1807291800228));
#1058=CARTESIAN_POINT('',(-7.99481779174337,-22.7658825155497,20.1062500145703));
#1059=CARTESIAN_POINT('',(-10.0874514393661,-21.9190748366215,20.0317708491178));
#1060=CARTESIAN_POINT('',(-12.0917865025699,-20.8804027119032,19.9572916836654));
#1061=CARTESIAN_POINT('',(-13.9902784162237,-19.6589579599614,19.8828125182129));
#1062=CARTESIAN_POINT('',(-15.7663090930421,-18.2654322647356,19.8083333527604));
#1063=CARTESIAN_POINT('',(-17.4043323868463,-16.7120235879189,19.733854187308));
#1064=CARTESIAN_POINT('',(-18.8900101727931,-15.0123293964247,19.6593750218555));
#1065=CARTESIAN_POINT('',(-20.2103378534189,-13.1812276395504,19.584895856403));
#1066=CARTESIAN_POINT('',(-21.3537581919063,-11.2347465176825,19.5104166909505));
#1067=CARTESIAN_POINT('',(-22.3102624761548,-9.18992418249805,19.4359375254981));
#1068=CARTESIAN_POINT('',(-23.0714781281355,-7.06465959675006,19.3614583600456));
#1069=CARTESIAN_POINT('',(-23.6307419916574,-4.87755585910674,19.2869791945931));
#1070=CARTESIAN_POINT('',(-23.9831586570363,-2.6477573654715,19.2125000291406));
#1071=CARTESIAN_POINT('',(-24.1256433121307,-0.39478223216055,19.1380208636882));
#1072=CARTESIAN_POINT('',(-24.0569487446567,1.86164855220984,19.0635416982357));
#1073=CARTESIAN_POINT('',(-23.7776762594239,4.10178375064022,18.9890625327832));
#1074=CARTESIAN_POINT('',(-23.2902704149275,6.30601476643817,18.9145833673307));
#1075=CARTESIAN_POINT('',(-22.5989976253721,8.45504728333387,18.8401042018783));
#1076=CARTESIAN_POINT('',(-21.7099088154269,10.5300701546018,18.7656250364258));
#1077=CARTESIAN_POINT('',(-20.6307864546099,12.5129200628499,18.6911458709733));
#1078=CARTESIAN_POINT('',(-19.3710764349234,14.3862405091581,18.6166667055208));
#1079=CARTESIAN_POINT('',(-17.941805388038,16.133633739885,18.5421875400684));
#1080=CARTESIAN_POINT('',(-16.355484165773,17.7398042812804,18.4677083746159));
#1081=CARTESIAN_POINT('',(-14.6259983287381,19.190692825501,18.3932292091634));
#1082=CARTESIAN_POINT('',(-12.7684866017244,20.473599296083,18.318750043711));
#1083=CARTESIAN_POINT('',(-10.7992083597605,21.5772940156421,18.2442708782585));
#1084=CARTESIAN_POINT('',(-8.73540130477137,22.4921160027149,18.169791712806));
#1085=CARTESIAN_POINT('',(-6.59513057863791,23.2100575373199,18.0953125473535));
#1086=CARTESIAN_POINT('',(-4.39713063341942,23.7248342550086,18.0208333819011));
#1087=CARTESIAN_POINT('',(-2.16064124289649,24.0319401558526,17.9463542164486));
#1088=CARTESIAN_POINT('',(0.0947609091234407,24.1286870468554,17.8718750509961));
#1089=CARTESIAN_POINT('',(2.34933358957822,24.0142280725378,17.7973958855436));
#1090=CARTESIAN_POINT('',(4.583341826027,23.6895651277261,17.7229167200912));
#1091=CARTESIAN_POINT('',(6.77723065297186,23.1575400876562,17.6484375546387));
#1092=CARTESIAN_POINT('',(8.9117962825228,22.4228099321605,17.5739583891862));
#1093=CARTESIAN_POINT('',(10.9683542010966,21.4918059816822,17.4994792237337));
#1094=CARTESIAN_POINT('',(12.9289027207468,20.3726776019366,17.4250000582813));
#1095=CARTESIAN_POINT('',(14.7762805535099,19.0752208699912,17.3505208928288));
#1096=CARTESIAN_POINT('',(16.4943170294698,17.6107928261713,17.2760417273763));
#1097=CARTESIAN_POINT('',(18.0679736436364,15.992212062371,17.2015625619239));
#1098=CARTESIAN_POINT('',(19.4834756926342,14.2336465169512,17.1270833964714));
#1099=CARTESIAN_POINT('',(20.728432848944,12.3504894583902,17.0526042310189));
#1100=CARTESIAN_POINT('',(21.791947617274,10.3592247432408,16.9781250655664));
#1101=CARTESIAN_POINT('',(22.6647107237094,8.27728252783232,16.903645900114));
#1102=CARTESIAN_POINT('',(23.3390826026677,6.12288669671746,16.8291667346615));
#1103=CARTESIAN_POINT('',(23.8091602683807,3.91489534337102,16.754687569209));
#1104=CARTESIAN_POINT('',(24.0708289855558,1.67263569946116,16.6802084037565));
#1105=CARTESIAN_POINT('',(24.1217982869276,-0.584265042390924,16.6057292383041));
#1106=CARTESIAN_POINT('',(23.9616220224268,-2.83605153150249,16.5312500728516));
#1107=CARTESIAN_POINT('',(23.5917022644694,-5.06301318382782,16.4567709073991));
#1108=CARTESIAN_POINT('',(23.0152770351836,-7.24565671480067,16.3822917419466));
#1109=CARTESIAN_POINT('',(22.2373919629994,-9.36487677008701,16.3078125764942));
#1110=CARTESIAN_POINT('',(21.2648561167017,-11.4021231606644,16.2333334110417));
#1111=CARTESIAN_POINT('',(20.1061824035437,-13.3395632383679,16.1588542455892));
#1112=CARTESIAN_POINT('',(18.7715130531352,-15.1602379905779,16.0843750801368));
#1113=CARTESIAN_POINT('',(17.2725308393678,-16.8482104877069,16.0098959146843));
#1114=CARTESIAN_POINT('',(15.6223568174793,-18.3887053840759,15.9354167492318));
#1115=CARTESIAN_POINT('',(13.8354354713965,-19.7682382510888,15.8609375837793));
#1116=CARTESIAN_POINT('',(11.9274082766969,-20.974733610608,15.7864584183269));
#1117=CARTESIAN_POINT('',(9.91497678593184,-21.9976306353529,15.7119792528744));
#1118=CARTESIAN_POINT('',(7.8157564347685,-22.8279755910891,15.6375000874219));
#1119=CARTESIAN_POINT('',(5.64812234862933,-23.4585002114351,15.5630209219694));
#1120=CARTESIAN_POINT('',(3.43104849953243,-23.8836853192476,15.488541756517));
#1121=CARTESIAN_POINT('',(1.18394162104224,-24.0998091376872,15.4140625910645));
#1122=CARTESIAN_POINT('',(-1.0735286648756,-24.1049798680828,15.339583425612));
#1123=CARTESIAN_POINT('',(-3.32160202214288,-23.899152249431,15.2651042601595));
#1124=CARTESIAN_POINT('',(-5.54060036890609,-23.4841279545795,15.1906250947071));
#1125=CARTESIAN_POINT('',(-7.71110012587714,-22.8635398196273,15.1161459292546));
#1126=CARTESIAN_POINT('',(-9.81410223693421,-22.0428200445857,15.0416667638021));
#1127=CARTESIAN_POINT('',(-11.83119847374,-21.0291526436506,14.9671875983497));
#1128=CARTESIAN_POINT('',(-13.7447325686618,-19.8314105613028,14.8927084328972));
#1129=CARTESIAN_POINT('',(-15.537954765546,-18.4600780046789,14.8182292674447));
#1130=CARTESIAN_POINT('',(-17.1951684355181,-16.9271586720615,14.7437501019922));
#1131=CARTESIAN_POINT('',(-18.701867474433,-15.2460706807928,14.6692709365398));
#1132=CARTESIAN_POINT('',(-20.044863279294,-13.4315291143412,14.5947917710873));
#1133=CARTESIAN_POINT('',(-21.2124001921768,-11.4994172166212,14.5203126056348));
#1134=CARTESIAN_POINT('',(-22.1942584011412,-9.46664736104385,14.4458334401823));
#1135=CARTESIAN_POINT('',(-22.9818433974085,-7.35101301127793,14.3713542747299));
#1136=CARTESIAN_POINT('',(-23.5682612057562,-5.17103296955565,14.2968751092774));
#1137=CARTESIAN_POINT('',(-23.9483787296172,-2.94578927586531,14.2223959438249));
#1138=CARTESIAN_POINT('',(-24.1188686826623,-0.694760176949553,14.1479167783724));
#1139=CARTESIAN_POINT('',(-24.0782387135676,1.56235037281672,14.07343761292));
#1140=CARTESIAN_POINT('',(-23.826844469027,3.80578518623713,13.9989584474675));
#1141=CARTESIAN_POINT('',(-23.3668864806672,6.01590678406809,13.924479282015));
#1142=CARTESIAN_POINT('',(-22.702390903113,8.17336928795214,13.8500001165626));
#1143=CARTESIAN_POINT('',(-21.8391742718096,10.2592877608787,13.7755209511101));
#1144=CARTESIAN_POINT('',(-20.7847925890883,12.2554035128822,13.7010417856576));
#1145=CARTESIAN_POINT('',(-19.548475184139,14.1442439250066,13.6265626202051));
#1146=CARTESIAN_POINT('',(-18.1410439258358,15.9092753925464,13.5520834547527));
#1147=CARTESIAN_POINT('',(-16.574818495569,17.5350480488058,13.4776042893002));
#1148=CARTESIAN_POINT('',(-14.8635085492619,19.0073310025633,13.4031251238477));
#1149=CARTESIAN_POINT('',(-13.0220937125084,20.3132369054672,13.3286459583952));
#1150=CARTESIAN_POINT('',(-11.0666924592752,21.4413347589838,13.2541667929428));
#1151=CARTESIAN_POINT('',(-9.01442102190986,22.3817499734658,13.1796876274903));
#1152=CARTESIAN_POINT('',(-6.88324356746214,23.1262508034912,13.1052084620378));
#1153=CARTESIAN_POINT('',(-4.69181495176997,23.6683204028789,13.0307292965853));
#1154=CARTESIAN_POINT('',(-2.45931742773284,24.0032138686601,12.9562501311329));
#1155=CARTESIAN_POINT('',(-0.205292737115407,24.1279997746824,12.8817709656804));
#1156=CARTESIAN_POINT('',(2.05052894436615,24.0415858312904,12.8072918002279));
#1157=CARTESIAN_POINT('',(4.28840171137846,23.7447284464748,12.7328126347754));
#1158=CARTESIAN_POINT('',(6.48873677099151,23.2400261047996,12.658333469323));
#1159=CARTESIAN_POINT('',(8.63227390944574,22.531896622062,12.5838543038705));
#1160=CARTESIAN_POINT('',(10.7002500827639,21.6265384747836,12.509375138418));
#1161=CARTESIAN_POINT('',(12.6745636554819,20.5318765430275,12.4348959729656));
#1162=CARTESIAN_POINT('',(14.5379328498666,19.2574927414696,12.3604168075131));
#1163=CARTESIAN_POINT('',(16.2740470186644,17.8145421459348,12.2859376420606));
#1164=CARTESIAN_POINT('',(17.867709417245,16.2156553495651,12.2114584766081));
#1165=CARTESIAN_POINT('',(19.3049702254103,14.4748279033296,12.1369793111557));
#1166=CARTESIAN_POINT('',(20.5732486544878,12.6072978086346,12.0625001457032));
#1167=CARTESIAN_POINT('',(21.6614430708677,10.6294121343818,11.9880209802507));
#1168=CARTESIAN_POINT('',(22.5600281720376,8.55848392601478,11.9135418147982));
#1169=CARTESIAN_POINT('',(23.2611383645035,6.41264065907395,11.8390626493458));
#1170=CARTESIAN_POINT('',(23.7586366137637,4.21066556379293,11.7645834838933));
#1171=CARTESIAN_POINT('',(24.0481681636715,1.97183320967107,11.6901043184408));
#1172=CARTESIAN_POINT('',(24.1271986549633,-0.28425921079867,11.6156251529883));
#1173=CARTESIAN_POINT('',(23.9950363092896,-2.53786342242077,11.5411459875359));
#1174=CARTESIAN_POINT('',(23.652837984565,-4.76925293006181,11.4666668220834));
#1175=CARTESIAN_POINT('',(23.1035990486331,-6.95889569076759,11.3921876566309));
#1176=CARTESIAN_POINT('',(22.3521271598843,-9.08762508378003,11.3177084911785));
#1177=CARTESIAN_POINT('',(21.4050001843342,-11.1368076819006,11.243229325726));
#1178=CARTESIAN_POINT('',(20.2705086175265,-13.0885063556454,11.1687501602735));
#1179=CARTESIAN_POINT('',(18.9585830152599,-14.9256372824909,11.094270994821));
#1180=CARTESIAN_POINT('',(17.4807070683596,-16.63211948686,11.0197918293686));
#1181=CARTESIAN_POINT('',(15.8498170823773,-18.1930156018777,10.9453126639161));
#1182=CARTESIAN_POINT('',(14.0801887421053,-19.5946626207668,10.8708334984636));
#1183=CARTESIAN_POINT('',(12.187312152089,-20.8247914933746,10.7963543330111));
#1184=CARTESIAN_POINT('',(10.1877562469483,-21.8726345209659,10.7218751675587));
#1185=CARTESIAN_POINT('',(8.09902375836435,-22.7290196092228,10.6473960021062));
#1186=CARTESIAN_POINT('',(5.93939800825259,-23.3864505544247,10.5729168366537));
#1187=CARTESIAN_POINT('',(3.72778286918737,-23.8391726600396,10.4984376712012));
#1188=CARTESIAN_POINT('',(1.48353729295481,-24.0832231093639,10.4239585057488));
#1189=CARTESIAN_POINT('',(-0.773694144343681,-24.1164656532833,10.3494793402963));
#1190=CARTESIAN_POINT('',(-3.02415319734575,-23.9386093095227,10.2750001748438));
#1191=CARTESIAN_POINT('',(-5.24814090146478,-23.5512109097039,10.2005210093913));
#1192=CARTESIAN_POINT('',(-7.42619000402359,-22.9576614719166,10.1260418439389));
#1193=CARTESIAN_POINT('',(-9.53923536714197,-22.1631565180877,10.0515626784864));
#1194=CARTESIAN_POINT('',(-11.5687808507891,-21.1746505959697,9.97708351303393));
#1195=CARTESIAN_POINT('',(-13.4970612152216,-20.0007964038322,9.90260434758146));
#1196=CARTESIAN_POINT('',(-15.3071976256252,-18.6518690507156,9.82812518212898));
#1197=CARTESIAN_POINT('',(-16.9833453977795,-17.1396761152219,9.75364601667651));
#1198=CARTESIAN_POINT('',(-18.5108326914831,-15.4774542901249,9.67916685122404));
#1199=CARTESIAN_POINT('',(-19.8762889377115,-13.6797535175015,9.60468768577156));
#1200=CARTESIAN_POINT('',(-21.0677618753456,-11.7623096285857,9.53020852031909));
#1201=CARTESIAN_POINT('',(-22.0748221730128,-9.74190660316797,9.45572935486662));
#1202=CARTESIAN_POINT('',(-22.8886547202521,-7.63622965422521,9.38125018941414));
#1203=CARTESIAN_POINT('',(-23.5021357889039,-5.46371042377854,9.30677102396167));
#1204=CARTESIAN_POINT('',(-23.909895389308,-3.24336564502611,9.2322918585092));
#1205=CARTESIAN_POINT('',(-24.1083642754841,-0.994630682991933,9.15781269305672));
#1206=CARTESIAN_POINT('',(-24.0958051878473,1.26281058923921,9.08333352760425));
#1207=CARTESIAN_POINT('',(-23.8723280599788,3.50919808955487,9.00885436215177));
#1208=CARTESIAN_POINT('',(-23.4398890563426,5.72486849292921,8.9343751966993));
#1209=CARTESIAN_POINT('',(-22.8022734493736,7.89042735059258,8.85989603124683));
#1210=CARTESIAN_POINT('',(-21.9650624858152,9.98691885564396,8.78541686579435));
#1211=CARTESIAN_POINT('',(-20.9355845323406,11.9959917690955,8.71093770034188));
#1212=CARTESIAN_POINT('',(-19.72285092809,13.9000600539467,8.63645853488941));
#1213=CARTESIAN_POINT('',(-18.337477105631,15.6824568112093,8.56197936943694));
#1214=CARTESIAN_POINT('',(-16.7915896707916,17.327580170432,8.48750020398446));
#1215=CARTESIAN_POINT('',(-15.0987202547264,18.8210298577017,8.41302103853199));
#1216=CARTESIAN_POINT('',(-13.2736870673612,20.1497332456971,8.33854187307951));
#1217=CARTESIAN_POINT('',(-11.3324651890155,21.3020597824421,8.26406270762704));
#1218=CARTESIAN_POINT('',(-9.29204673558005,22.2679227971264,8.18958354217457));
#1219=CARTESIAN_POINT('',(-7.17029212126798,23.038867791857,8.1151043767221));
#1220=CARTESIAN_POINT('',(-4.9857737208812,23.608146446495,8.04062521126962));
#1221=CARTESIAN_POINT('',(-2.75761330006599,23.97077568879,7.96614604581715));
#1222=CARTESIAN_POINT('',(-0.505314636580205,24.1235813127538,7.89166688036467));
#1223=CARTESIAN_POINT('',(1.75140720230964,24.065225763468,7.8171877149122));
#1224=CARTESIAN_POINT('',(3.9927984319138,23.796219845116,7.74270854945973));
#1225=CARTESIAN_POINT('',(6.19923946111026,23.3189182497559,7.66822938400725));
#1226=CARTESIAN_POINT('',(8.35141662869795,22.6374989459722,7.59375021855478));
#1227=CARTESIAN_POINT('',(10.4304912618506,21.7579266078237,7.5192710531023));
#1228=CARTESIAN_POINT('',(12.4182645768504,20.6879004042055,7.44479188764983));
#1229=CARTESIAN_POINT('',(14.2973369786742,19.4367866056409,7.37031272219736));
#1230=CARTESIAN_POINT('',(16.0512603650338,18.0155365984164,7.29583355674489));
#1231=CARTESIAN_POINT('',(17.6646821017058,16.4365910237086,7.22135439129241));
#1232=CARTESIAN_POINT('',(19.1234794088904,14.7137708808017,7.14687522583994));
#1233=CARTESIAN_POINT('',(20.414882982274,12.862156547603,7.07239606038747));
#1234=CARTESIAN_POINT('',(21.5275887667015,10.8979557774279,6.99791689493499));
#1235=CARTESIAN_POINT('',(22.45185690407,8.83836182751926,6.92343772948252));
#1236=CARTESIAN_POINT('',(23.1795969893209,6.70140296114543,6.84895856403005));
#1237=CARTESIAN_POINT('',(23.7044388882595,4.50578464063217,6.77447939857757));
#1238=CARTESIAN_POINT('',(24.0217884973106,2.27072579266197,6.7000002331251));
#1239=CARTESIAN_POINT('',(24.1288679571297,0.0157905790605416,6.62552106767262));
#1240=CARTESIAN_POINT('',(24.0247399680647,-2.23928285436643,6.55104190222015));
#1241=CARTESIAN_POINT('',(23.7103159946307,-4.47475515193238,6.47656273676768));
#1242=CARTESIAN_POINT('',(23.1883482871783,-6.6710585327593,6.4020835713152));
#1243=CARTESIAN_POINT('',(22.4634057905949,-8.80896807361978,6.32760440586273));
#1244=CARTESIAN_POINT('',(21.5418341509159,-10.86976999064,6.25312524041026));
#1245=CARTESIAN_POINT('',(20.4317001699211,-12.8354254468417,6.17864607495778));
#1246=CARTESIAN_POINT('',(19.142721193922,-14.688728451665,6.10416690950531));
#1247=CARTESIAN_POINT('',(17.6861800548224,-16.4134564703291,6.02968774405284));
#1248=CARTESIAN_POINT('',(16.0748263079982,-17.9945124246997,5.95520857860036));
#1249=CARTESIAN_POINT('',(14.3227646314943,-19.4180568426864,5.88072941314789));
#1250=CARTESIAN_POINT('',(12.4453313634114,-20.6716289994251,5.80625024769542));
#1251=CARTESIAN_POINT('',(10.4589602581929,-21.7442559898592,5.73177108224294));
#1252=CARTESIAN_POINT('',(8.38103863688561,-22.6265487779735,5.65729191679047));
#1253=CARTESIAN_POINT('',(6.22975519053791,-23.3107843819326,5.582812751338));
#1254=CARTESIAN_POINT('',(4.02394076895743,-23.7909734757304,5.50833358588552));
#1255=CARTESIAN_POINT('',(1.78290354845485,-24.0629128156151,5.43385442043305));
#1256=CARTESIAN_POINT('',(-0.473739978599049,-24.1242220323819,5.35937525498057));
#1257=CARTESIAN_POINT('',(-2.72623671300225,-23.974364467482,5.2848960895281));
#1258=CARTESIAN_POINT('',(-4.9548698537122,-23.6146518705603,5.21041692407563));
#1259=CARTESIAN_POINT('',(-7.1401314851075,-23.0482329173054,5.13593775862316));
#1260=CARTESIAN_POINT('',(-9.26289333581085,-22.2800656481164,5.06145859317068));
#1261=CARTESIAN_POINT('',(-11.3045742143684,-21.3168740688409,4.98697942771821));
#1262=CARTESIAN_POINT('',(-13.2473026561694,-20.167089293471,4.91250026226573));
#1263=CARTESIAN_POINT('',(-15.0740733579067,-18.840775743993,4.83802109681326));
#1264=CARTESIAN_POINT('',(-16.7688960302598,-17.3495430533868,4.76354193136079));
#1265=CARTESIAN_POINT('',(-18.3169353658462,-15.7064444429157,4.68906276590831));
#1266=CARTESIAN_POINT('',(-19.704640897258,-13.9258624632405,4.61458360045584));
#1267=CARTESIAN_POINT('',(-20.9198656084971,-12.0233830995026,4.54010443500337));
#1268=CARTESIAN_POINT('',(-21.9519722615655,-10.0156593423719,4.46562526955089));
#1269=CARTESIAN_POINT('',(-22.7919265075018,-7.92026541926619,4.39114610409842));
#1270=CARTESIAN_POINT('',(-23.4323759668333,-5.75554296169875,4.31666693864595));
#1271=CARTESIAN_POINT('',(-23.8677145872295,-3.54044045530173,4.24218777319347));
#1272=CARTESIAN_POINT('',(-24.094131715013,-1.29434737786681,4.167708607741));
#1273=CARTESIAN_POINT('',(-24.1096454509902,0.963075522754805,4.09322944228853));
#1274=CARTESIAN_POINT('',(-23.9141199986291,3.21206832526299,4.01875027683605));
#1275=CARTESIAN_POINT('',(-23.5092668527267,5.43294489961568,3.94427111138358));
#1276=CARTESIAN_POINT('',(-22.8986298181694,7.60626522581672,3.86979194593111));
#1277=CARTESIAN_POINT('',(-22.0875539898995,9.71300555843137,3.79531278047863));
#1278=CARTESIAN_POINT('',(-21.0831389656905,11.7347249473029,3.72083361502616));
#1279=CARTESIAN_POINT('',(-19.8941767009997,13.6537266569522,3.64635444957369));
#1280=CARTESIAN_POINT('',(-18.5310745509004,15.4532130713726,3.57187528412121));
#1281=CARTESIAN_POINT('',(-17.0057641688941,17.1174327295374,3.49739611866874));
#1282=CARTESIAN_POINT('',(-15.3315970743676,18.6318181999172,3.42291695321627));
#1283=CARTESIAN_POINT('',(-13.5232277493472,19.9831136045248,3.34843778776379));
#1284=CARTESIAN_POINT('',(-11.5964854874278,21.1594906113802,3.27395862231132));
#1285=CARTESIAN_POINT('',(-9.56823537174736,22.1506521221033,3.19947945685883));
#1286=CARTESIAN_POINT('',(-8.16023337646666,22.6821652698833,3.14982667989049));
#1287=CARTESIAN_POINT('',(-7.44535406626873,22.914443638196,3.12500029140632));
#1288=FACE_BOUND('',#1289,.T.);
#1289=EDGE_LOOP('',(#3648,#3649,#3650));
#1290=PLANE('',#1291);
#1291=AXIS2_PLACEMENT_3D('',#1292,#1293,#1294);
#1292=CARTESIAN_POINT('',(-8.28165544924862,25.4883146367101,4.68749956289052));
#1293=DIRECTION('',(0.154508497187474,-0.475528258147577,0.866025403784439));
#1294=DIRECTION('',(0.267616567329818,-0.823639103546332,-0.5));
#1295=FACE_BOUND('',#1296,.T.);
#1296=EDGE_LOOP('',(#3651,#3652,#3653,#3654));
#1297=CYLINDRICAL_SURFACE('',#1298,0.721688172974064);
#1298=AXIS2_PLACEMENT_3D('',#1299,#1300,#1301);
#1299=CARTESIAN_POINT('',(-7.55686102131292,23.2576267580161,2.5));
#1300=DIRECTION('',(0.951056516295153,0.309016994374948,0.));
#1301=DIRECTION('',(0.154508497187473,-0.475528258147575,0.86602540378444));
#1302=FACE_BOUND('',#1303,.T.);
#1303=EDGE_LOOP('',(#3655,#3656,#3657));
#1304=PLANE('',#1305);
#1305=AXIS2_PLACEMENT_3D('',#1306,#1307,#1308);
#1306=CARTESIAN_POINT('',(-7.44535406626873,22.914443638196,1.87499970859368));
#1307=DIRECTION('',(0.154508497187474,-0.475528258147577,-0.866025403784439));
#1308=DIRECTION('',(-0.267616567329818,0.823639103546332,-0.5));
#1309=FACE_BOUND('',#1310,.T.);
#1310=EDGE_LOOP('',(#3658,#3659,#3660,#3661));
#1311=PLANE('',#1312);
#1312=AXIS2_PLACEMENT_3D('',#1313,#1314,#1315);
#1313=CARTESIAN_POINT('',(2.98071497923816,-24.5133370998722,7.));
#1314=DIRECTION('',(0.331907864640534,0.624369417404281,0.707106781186548));
#1315=DIRECTION('',(0.882991698024122,-0.469388603632936,0.));
#1316=FACE_BOUND('',#1317,.T.);
#1317=EDGE_LOOP('',(#3662,#3663,#3664,#3665));
#1318=PLANE('',#1319);
#1319=AXIS2_PLACEMENT_3D('',#1320,#1321,#1322);
#1320=CARTESIAN_POINT('',(7.4378221735089,-26.8826859021799,5.));
#1321=DIRECTION('',(-0.469388603632936,-0.882991698024122,0.));
#1322=DIRECTION('',(0.882991698024122,-0.469388603632936,0.));
#1323=FACE_BOUND('',#1324,.T.);
#1324=EDGE_LOOP('',(#3666,#3667,#3668,#3669));
#1325=CONICAL_SURFACE('',#1326,29.,0.78539816339745);
#1326=AXIS2_PLACEMENT_3D('',#1327,#1328,#1329);
#1327=CARTESIAN_POINT('',(0.,0.,24.));
#1328=DIRECTION('',(0.,0.,-1.));
#1329=DIRECTION('',(-0.999226843648801,-0.0393155812834318,0.));
#1330=FACE_BOUND('',#1331,.T.);
#1331=EDGE_LOOP('',(#3670,#3671,#3672,#3673));
#1332=PLANE('',#1333);
#1333=AXIS2_PLACEMENT_3D('',#1334,#1335,#1336);
#1334=CARTESIAN_POINT('',(-15.7679491924312,-31.3108891324553,5.));
#1335=DIRECTION('',(0.469388603632935,-0.882991698024123,0.));
#1336=DIRECTION('',(0.882991698024123,0.469388603632935,0.));
#1337=FACE_BOUND('',#1338,.T.);
#1338=EDGE_LOOP('',(#3674,#3675,#3676,#3677));
#1339=PLANE('',#1340);
#1340=AXIS2_PLACEMENT_3D('',#1341,#1342,#1343);
#1341=CARTESIAN_POINT('',(-22.8318827766241,-35.0659979615188,7.));
#1342=DIRECTION('',(-0.331907864640532,0.62436941740428,0.707106781186549));
#1343=DIRECTION('',(0.882991698024123,0.469388603632935,0.));
#1344=FACE_BOUND('',#1345,.T.);
#1345=EDGE_LOOP('',(#3678,#3679,#3680,#3681));
#1346=PLANE('',#1347);
#1347=AXIS2_PLACEMENT_3D('',#1348,#1349,#1350);
#1348=CARTESIAN_POINT('',(0.,0.,5.));
#1349=DIRECTION('',(0.,0.,1.));
#1350=DIRECTION('',(-0.866025403784438,0.5,0.));
#1351=FACE_BOUND('',#1352,.T.);
#1352=EDGE_LOOP('',(#3682,#3683,#3684,#3685));
#1353=PLANE('',#1354);
#1354=AXIS2_PLACEMENT_3D('',#1355,#1356,#1357);
#1355=CARTESIAN_POINT('',(-19.7388151704018,-14.8380434433971,7.));
#1356=DIRECTION('',(0.706673709138463,0.0247440662075914,0.707106781186549));
#1357=DIRECTION('',(0.0349933940190336,-0.999387543636115,0.));
#1358=FACE_BOUND('',#1359,.T.);
#1359=EDGE_LOOP('',(#3686,#3687,#3688,#3689));
#1360=PLANE('',#1361);
#1361=AXIS2_PLACEMENT_3D('',#1362,#1363,#1364);
#1362=CARTESIAN_POINT('',(-19.5621778264911,-19.8826859021798,5.));
#1363=DIRECTION('',(-0.999387543636115,-0.0349933940190336,0.));
#1364=DIRECTION('',(0.0349933940190336,-0.999387543636115,0.));
#1365=FACE_BOUND('',#1366,.T.);
#1366=EDGE_LOOP('',(#3690,#3691,#3692,#3693));
#1367=CONICAL_SURFACE('',#1368,29.,0.78539816339745);
#1368=AXIS2_PLACEMENT_3D('',#1369,#1370,#1371);
#1369=CARTESIAN_POINT('',(0.,0.,24.));
#1370=DIRECTION('',(0.,0.,-1.));
#1371=DIRECTION('',(-0.999226843648801,-0.0393155812834318,0.));
#1372=FACE_BOUND('',#1373,.T.);
#1373=EDGE_LOOP('',(#3694,#3695,#3696,#3697));
#1374=PLANE('',#1375);
#1375=AXIS2_PLACEMENT_3D('',#1376,#1377,#1378);
#1376=CARTESIAN_POINT('',(-35.,-1.99999999999997,5.));
#1377=DIRECTION('',(-0.529998940003181,-0.847998304005088,0.));
#1378=DIRECTION('',(0.847998304005088,-0.529998940003181,0.));
#1379=FACE_BOUND('',#1380,.T.);
#1380=EDGE_LOOP('',(#3698,#3699,#3700,#3701));
#1381=PLANE('',#1382);
#1382=AXIS2_PLACEMENT_3D('',#1383,#1384,#1385);
#1383=CARTESIAN_POINT('',(-41.7839864320407,2.23999152002548,7.));
#1384=DIRECTION('',(0.37476584449793,0.599625351196687,0.70710678118655));
#1385=DIRECTION('',(0.847998304005088,-0.529998940003181,0.));
#1386=FACE_BOUND('',#1387,.T.);
#1387=EDGE_LOOP('',(#3702,#3703,#3704,#3705,#3706));
#1388=PLANE('',#1389);
#1389=AXIS2_PLACEMENT_3D('',#1390,#1391,#1392);
#1390=CARTESIAN_POINT('',(0.,0.,5.));
#1391=DIRECTION('',(0.,0.,1.));
#1392=DIRECTION('',(3.88578058618805E-16,1.,0.));
#1393=FACE_BOUND('',#1394,.T.);
#1394=EDGE_LOOP('',(#3707,#3708,#3709,#3710));
#1395=PLANE('',#1396);
#1396=AXIS2_PLACEMENT_3D('',#1397,#1398,#1399);
#1397=CARTESIAN_POINT('',(-22.71953014964,9.67529365647504,7.));
#1398=DIRECTION('',(0.37476584449793,-0.599625351196689,0.707106781186548));
#1399=DIRECTION('',(-0.847998304005088,-0.529998940003179,0.));
#1400=FACE_BOUND('',#1401,.T.);
#1401=EDGE_LOOP('',(#3711,#3712,#3713,#3714));
#1402=PLANE('',#1403);
#1403=AXIS2_PLACEMENT_3D('',#1404,#1405,#1406);
#1404=CARTESIAN_POINT('',(-27.,7.00000000000002,5.));
#1405=DIRECTION('',(-0.529998940003179,0.847998304005088,0.));
#1406=DIRECTION('',(-0.847998304005088,-0.529998940003179,0.));
#1407=FACE_BOUND('',#1408,.T.);
#1408=EDGE_LOOP('',(#3715,#3716,#3717,#3718));
#1409=CONICAL_SURFACE('',#1410,29.,0.78539816339745);
#1410=AXIS2_PLACEMENT_3D('',#1411,#1412,#1413);
#1411=CARTESIAN_POINT('',(0.,0.,24.));
#1412=DIRECTION('',(0.,0.,-1.));
#1413=DIRECTION('',(-0.999226843648801,-0.0393155812834318,0.));
#1414=FACE_BOUND('',#1415,.T.);
#1415=EDGE_LOOP('',(#3719,#3720,#3721,#3722));
#1416=PLANE('',#1417);
#1417=AXIS2_PLACEMENT_3D('',#1418,#1419,#1420);
#1418=CARTESIAN_POINT('',(-19.2320508075689,29.3108891324554,5.));
#1419=DIRECTION('',(-0.999387543636115,0.0349933940190351,0.));
#1420=DIRECTION('',(-0.0349933940190351,-0.999387543636115,0.));
#1421=FACE_BOUND('',#1422,.T.);
#1422=EDGE_LOOP('',(#3723,#3724,#3725,#3726));
#1423=PLANE('',#1424);
#1424=AXIS2_PLACEMENT_3D('',#1425,#1426,#1427);
#1425=CARTESIAN_POINT('',(-18.9521036554166,37.3059894815443,7.));
#1426=DIRECTION('',(0.706673709138464,-0.0247440662075926,0.707106781186548));
#1427=DIRECTION('',(-0.0349933940190352,-0.999387543636115,0.));
#1428=FACE_BOUND('',#1429,.T.);
#1429=EDGE_LOOP('',(#3727,#3728,#3729,#3730));
#1430=PLANE('',#1431);
#1431=AXIS2_PLACEMENT_3D('',#1432,#1433,#1434);
#1432=CARTESIAN_POINT('',(0.,0.,5.));
#1433=DIRECTION('',(0.,0.,1.));
#1434=DIRECTION('',(0.866025403784439,0.5,0.));
#1435=FACE_BOUND('',#1436,.T.);
#1436=EDGE_LOOP('',(#3731,#3732,#3733,#3734));
#1437=PLANE('',#1438);
#1438=AXIS2_PLACEMENT_3D('',#1439,#1440,#1441);
#1439=CARTESIAN_POINT('',(-2.98071497923817,24.5133370998722,7.));
#1440=DIRECTION('',(-0.331907864640533,-0.62436941740428,0.707106781186548));
#1441=DIRECTION('',(-0.882991698024122,0.469388603632936,-2.79354569020493E-17));
#1442=FACE_BOUND('',#1443,.T.);
#1443=EDGE_LOOP('',(#3735,#3736,#3737,#3738));
#1444=PLANE('',#1445);
#1445=AXIS2_PLACEMENT_3D('',#1446,#1447,#1448);
#1446=CARTESIAN_POINT('',(-7.43782217350891,26.8826859021799,5.));
#1447=DIRECTION('',(0.469388603632936,0.882991698024122,0.));
#1448=DIRECTION('',(-0.882991698024122,0.469388603632936,0.));
#1449=FACE_BOUND('',#1450,.T.);
#1450=EDGE_LOOP('',(#3739,#3740,#3741,#3742));
#1451=CONICAL_SURFACE('',#1452,29.,0.78539816339745);
#1452=AXIS2_PLACEMENT_3D('',#1453,#1454,#1455);
#1453=CARTESIAN_POINT('',(0.,0.,24.));
#1454=DIRECTION('',(0.,0.,-1.));
#1455=DIRECTION('',(-0.999226843648801,-0.0393155812834318,0.));
#1456=FACE_BOUND('',#1457,.T.);
#1457=EDGE_LOOP('',(#3743,#3744,#3745,#3746));
#1458=PLANE('',#1459);
#1459=AXIS2_PLACEMENT_3D('',#1460,#1461,#1462);
#1460=CARTESIAN_POINT('',(15.7679491924311,31.3108891324553,5.));
#1461=DIRECTION('',(-0.469388603632935,0.882991698024123,0.));
#1462=DIRECTION('',(-0.882991698024123,-0.469388603632935,0.));
#1463=FACE_BOUND('',#1464,.T.);
#1464=EDGE_LOOP('',(#3747,#3748,#3749,#3750));
#1465=PLANE('',#1466);
#1466=AXIS2_PLACEMENT_3D('',#1467,#1468,#1469);
#1467=CARTESIAN_POINT('',(22.8318827766241,35.0659979615188,7.));
#1468=DIRECTION('',(0.331907864640533,-0.624369417404282,0.707106781186547));
#1469=DIRECTION('',(-0.882991698024123,-0.469388603632935,-2.79354569020493E-17));
#1470=FACE_BOUND('',#1471,.T.);
#1471=EDGE_LOOP('',(#3751,#3752,#3753,#3754));
#1472=PLANE('',#1473);
#1473=AXIS2_PLACEMENT_3D('',#1474,#1475,#1476);
#1474=CARTESIAN_POINT('',(0.,0.,5.));
#1475=DIRECTION('',(0.,0.,1.));
#1476=DIRECTION('',(0.866025403784439,-0.5,0.));
#1477=FACE_BOUND('',#1478,.T.);
#1478=EDGE_LOOP('',(#3755,#3756,#3757,#3758));
#1479=PLANE('',#1480);
#1480=AXIS2_PLACEMENT_3D('',#1481,#1482,#1483);
#1481=CARTESIAN_POINT('',(19.7388151704018,14.8380434433972,7.));
#1482=DIRECTION('',(-0.706673709138463,-0.0247440662075917,0.707106781186548));
#1483=DIRECTION('',(-0.0349933940190341,0.999387543636115,0.));
#1484=FACE_BOUND('',#1485,.T.);
#1485=EDGE_LOOP('',(#3759,#3760,#3761,#3762));
#1486=PLANE('',#1487);
#1487=AXIS2_PLACEMENT_3D('',#1488,#1489,#1490);
#1488=CARTESIAN_POINT('',(19.5621778264911,19.8826859021798,5.));
#1489=DIRECTION('',(0.999387543636115,0.0349933940190339,0.));
#1490=DIRECTION('',(-0.0349933940190339,0.999387543636115,0.));
#1491=FACE_BOUND('',#1492,.T.);
#1492=EDGE_LOOP('',(#3763,#3764,#3765,#3766));
#1493=CONICAL_SURFACE('',#1494,29.,0.78539816339745);
#1494=AXIS2_PLACEMENT_3D('',#1495,#1496,#1497);
#1495=CARTESIAN_POINT('',(0.,0.,24.));
#1496=DIRECTION('',(0.,0.,-1.));
#1497=DIRECTION('',(-0.999226843648801,-0.0393155812834318,0.));
#1498=FACE_BOUND('',#1499,.T.);
#1499=EDGE_LOOP('',(#3767,#3768,#3769,#3770));
#1500=PLANE('',#1501);
#1501=AXIS2_PLACEMENT_3D('',#1502,#1503,#1504);
#1502=CARTESIAN_POINT('',(35.,1.99999999999998,5.));
#1503=DIRECTION('',(0.52999894000318,0.847998304005088,0.));
#1504=DIRECTION('',(-0.847998304005088,0.52999894000318,0.));
#1505=FACE_BOUND('',#1506,.T.);
#1506=EDGE_LOOP('',(#3771,#3772,#3773,#3774));
#1507=PLANE('',#1508);
#1508=AXIS2_PLACEMENT_3D('',#1509,#1510,#1511);
#1509=CARTESIAN_POINT('',(41.7839864320407,-2.23999152002546,7.));
#1510=DIRECTION('',(-0.374765844497931,-0.599625351196689,0.707106781186548));
#1511=DIRECTION('',(-0.847998304005088,0.52999894000318,-2.79354569020493E-17));
#1512=FACE_BOUND('',#1513,.T.);
#1513=EDGE_LOOP('',(#3775,#3776,#3777,#3778));
#1514=PLANE('',#1515);
#1515=AXIS2_PLACEMENT_3D('',#1516,#1517,#1518);
#1516=CARTESIAN_POINT('',(0.,0.,5.));
#1517=DIRECTION('',(0.,0.,1.));
#1518=DIRECTION('',(6.12323399573677E-17,-1.,0.));
#1519=FACE_BOUND('',#1520,.T.);
#1520=EDGE_LOOP('',(#3779,#3780,#3781,#3782));
#1521=PLANE('',#1522);
#1522=AXIS2_PLACEMENT_3D('',#1523,#1524,#1525);
#1523=CARTESIAN_POINT('',(22.71953014964,-9.67529365647503,7.));
#1524=DIRECTION('',(-0.374765844497931,0.599625351196689,0.707106781186547));
#1525=DIRECTION('',(0.847998304005088,0.52999894000318,0.));
#1526=FACE_BOUND('',#1527,.T.);
#1527=EDGE_LOOP('',(#3783,#3784,#3785,#3786));
#1528=PLANE('',#1529);
#1529=AXIS2_PLACEMENT_3D('',#1530,#1531,#1532);
#1530=CARTESIAN_POINT('',(27.,-7.00000000000001,5.));
#1531=DIRECTION('',(0.52999894000318,-0.847998304005088,0.));
#1532=DIRECTION('',(0.847998304005088,0.52999894000318,0.));
#1533=FACE_BOUND('',#1534,.T.);
#1534=EDGE_LOOP('',(#3787,#3788,#3789,#3790));
#1535=CONICAL_SURFACE('',#1536,29.,0.78539816339745);
#1536=AXIS2_PLACEMENT_3D('',#1537,#1538,#1539);
#1537=CARTESIAN_POINT('',(0.,0.,24.));
#1538=DIRECTION('',(0.,0.,-1.));
#1539=DIRECTION('',(-0.999226843648801,-0.0393155812834318,0.));
#1540=FACE_BOUND('',#1541,.T.);
#1541=EDGE_LOOP('',(#3791,#3792,#3793,#3794));
#1542=PLANE('',#1543);
#1543=AXIS2_PLACEMENT_3D('',#1544,#1545,#1546);
#1544=CARTESIAN_POINT('',(19.2320508075688,-29.3108891324554,5.));
#1545=DIRECTION('',(0.999387543636116,-0.0349933940190356,0.));
#1546=DIRECTION('',(0.0349933940190356,0.999387543636116,0.));
#1547=FACE_BOUND('',#1548,.T.);
#1548=EDGE_LOOP('',(#3795,#3796,#3797,#3798));
#1549=PLANE('',#1550);
#1550=AXIS2_PLACEMENT_3D('',#1551,#1552,#1553);
#1551=CARTESIAN_POINT('',(18.9521036554166,-37.3059894815443,7.));
#1552=DIRECTION('',(-0.706673709138467,0.024744066207593,0.707106781186545));
#1553=DIRECTION('',(0.0349933940190357,0.999387543636115,-3.49193211275614E-18));
#1554=FACE_BOUND('',#1555,.T.);
#1555=EDGE_LOOP('',(#3799,#3800,#3801,#3802));
#1556=PLANE('',#1557);
#1557=AXIS2_PLACEMENT_3D('',#1558,#1559,#1560);
#1558=CARTESIAN_POINT('',(0.,0.,5.));
#1559=DIRECTION('',(0.,0.,1.));
#1560=DIRECTION('',(-0.866025403784439,-0.499999999999999,0.));
#1561=FACE_BOUND('',#1562,.T.);
#1562=EDGE_LOOP('',(#3803,#3804,#3805,#3806));
#1563=(BOUNDED_SURFACE()B_SPLINE_SURFACE(3,3,(
(#1564,#1565,#1566,#1567,#1568,#1569,#1570,#1571,#1572,#1573,#1574,#1575,#1576,#1577,
#1578,#1579,#1580,#1581,#1582,#1583,#1584,#1585,#1586,#1587,#1588,#1589,#1590,#1591,
#1592,#1593,#1594,#1595,#1596,#1597,#1598,#1599,#1600,#1601,#1602,#1603,#1604,#1605,
#1606,#1607,#1608,#1609,#1610,#1611,#1612,#1613,#1614,#1615,#1616,#1617,#1618,#1619,
#1620,#1621,#1622,#1623,#1624,#1625,#1626,#1627,#1628,#1629,#1630,#1631,#1632,#1633,
#1634,#1635,#1636,#1637,#1638,#1639,#1640,#1641,#1642,#1643,#1644,#1645,#1646,#1647,
#1648,#1649,#1650,#1651,#1652,#1653,#1654,#1655,#1656,#1657,#1658,#1659,#1660,#1661,
#1662,#1663,#1664,#1665,#1666,#1667,#1668,#1669,#1670,#1671,#1672,#1673,#1674,#1675,
#1676,#1677,#1678,#1679,#1680,#1681,#1682,#1683,#1684,#1685,#1686,#1687,#1688,#1689,
#1690,#1691,#1692,#1693,#1694,#1695,#1696,#1697,#1698,#1699,#1700,#1701,#1702,#1703,
#1704,#1705,#1706,#1707,#1708,#1709,#1710,#1711,#1712,#1713,#1714,#1715,#1716,#1717,
#1718,#1719,#1720,#1721,#1722,#1723,#1724,#1725,#1726,#1727,#1728,#1729,#1730,#1731,
#1732,#1733,#1734,#1735,#1736,#1737,#1738,#1739,#1740,#1741,#1742,#1743,#1744,#1745,
#1746,#1747,#1748,#1749,#1750,#1751,#1752,#1753,#1754,#1755,#1756,#1757,#1758,#1759,
#1760,#1761,#1762,#1763,#1764,#1765,#1766,#1767,#1768,#1769,#1770,#1771,#1772,#1773,
#1774,#1775,#1776,#1777,#1778,#1779,#1780,#1781,#1782,#1783,#1784,#1785,#1786,#1787,
#1788,#1789,#1790,#1791,#1792,#1793,#1794,#1795,#1796,#1797,#1798,#1799,#1800,#1801,
#1802,#1803,#1804,#1805,#1806,#1807,#1808,#1809,#1810,#1811,#1812,#1813,#1814,#1815,
#1816,#1817,#1818,#1819,#1820,#1821,#1822,#1823),
(#1824,#1825,#1826,#1827,#1828,#1829,#1830,#1831,#1832,#1833,#1834,#1835,#1836,#1837,
#1838,#1839,#1840,#1841,#1842,#1843,#1844,#1845,#1846,#1847,#1848,#1849,#1850,#1851,
#1852,#1853,#1854,#1855,#1856,#1857,#1858,#1859,#1860,#1861,#1862,#1863,#1864,#1865,
#1866,#1867,#1868,#1869,#1870,#1871,#1872,#1873,#1874,#1875,#1876,#1877,#1878,#1879,
#1880,#1881,#1882,#1883,#1884,#1885,#1886,#1887,#1888,#1889,#1890,#1891,#1892,#1893,
#1894,#1895,#1896,#1897,#1898,#1899,#1900,#1901,#1902,#1903,#1904,#1905,#1906,#1907,
#1908,#1909,#1910,#1911,#1912,#1913,#1914,#1915,#1916,#1917,#1918,#1919,#1920,#1921,
#1922,#1923,#1924,#1925,#1926,#1927,#1928,#1929,#1930,#1931,#1932,#1933,#1934,#1935,
#1936,#1937,#1938,#1939,#1940,#1941,#1942,#1943,#1944,#1945,#1946,#1947,#1948,#1949,
#1950,#1951,#1952,#1953,#1954,#1955,#1956,#1957,#1958,#1959,#1960,#1961,#1962,#1963,
#1964,#1965,#1966,#1967,#1968,#1969,#1970,#1971,#1972,#1973,#1974,#1975,#1976,#1977,
#1978,#1979,#1980,#1981,#1982,#1983,#1984,#1985,#1986,#1987,#1988,#1989,#1990,#1991,
#1992,#1993,#1994,#1995,#1996,#1997,#1998,#1999,#2000,#2001,#2002,#2003,#2004,#2005,
#2006,#2007,#2008,#2009,#2010,#2011,#2012,#2013,#2014,#2015,#2016,#2017,#2018,#2019,
#2020,#2021,#2022,#2023,#2024,#2025,#2026,#2027,#2028,#2029,#2030,#2031,#2032,#2033,
#2034,#2035,#2036,#2037,#2038,#2039,#2040,#2041,#2042,#2043,#2044,#2045,#2046,#2047,
#2048,#2049,#2050,#2051,#2052,#2053,#2054,#2055,#2056,#2057,#2058,#2059,#2060,#2061,
#2062,#2063,#2064,#2065,#2066,#2067,#2068,#2069,#2070,#2071,#2072,#2073,#2074,#2075,
#2076,#2077,#2078,#2079,#2080,#2081,#2082,#2083),
(#2084,#2085,#2086,#2087,#2088,#2089,#2090,#2091,#2092,#2093,#2094,#2095,#2096,#2097,
#2098,#2099,#2100,#2101,#2102,#2103,#2104,#2105,#2106,#2107,#2108,#2109,#2110,#2111,
#2112,#2113,#2114,#2115,#2116,#2117,#2118,#2119,#2120,#2121,#2122,#2123,#2124,#2125,
#2126,#2127,#2128,#2129,#2130,#2131,#2132,#2133,#2134,#2135,#2136,#2137,#2138,#2139,
#2140,#2141,#2142,#2143,#2144,#2145,#2146,#2147,#2148,#2149,#2150,#2151,#2152,#2153,
#2154,#2155,#2156,#2157,#2158,#2159,#2160,#2161,#2162,#2163,#2164,#2165,#2166,#2167,
#2168,#2169,#2170,#2171,#2172,#2173,#2174,#2175,#2176,#2177,#2178,#2179,#2180,#2181,
#2182,#2183,#2184,#2185,#2186,#2187,#2188,#2189,#2190,#2191,#2192,#2193,#2194,#2195,
#2196,#2197,#2198,#2199,#2200,#2201,#2202,#2203,#2204,#2205,#2206,#2207,#2208,#2209,
#2210,#2211,#2212,#2213,#2214,#2215,#2216,#2217,#2218,#2219,#2220,#2221,#2222,#2223,
#2224,#2225,#2226,#2227,#2228,#2229,#2230,#2231,#2232,#2233,#2234,#2235,#2236,#2237,
#2238,#2239,#2240,#2241,#2242,#2243,#2244,#2245,#2246,#2247,#2248,#2249,#2250,#2251,
#2252,#2253,#2254,#2255,#2256,#2257,#2258,#2259,#2260,#2261,#2262,#2263,#2264,#2265,
#2266,#2267,#2268,#2269,#2270,#2271,#2272,#2273,#2274,#2275,#2276,#2277,#2278,#2279,
#2280,#2281,#2282,#2283,#2284,#2285,#2286,#2287,#2288,#2289,#2290,#2291,#2292,#2293,
#2294,#2295,#2296,#2297,#2298,#2299,#2300,#2301,#2302,#2303,#2304,#2305,#2306,#2307,
#2308,#2309,#2310,#2311,#2312,#2313,#2314,#2315,#2316,#2317,#2318,#2319,#2320,#2321,
#2322,#2323,#2324,#2325,#2326,#2327,#2328,#2329,#2330,#2331,#2332,#2333,#2334,#2335,
#2336,#2337,#2338,#2339,#2340,#2341,#2342,#2343),
(#2344,#2345,#2346,#2347,#2348,#2349,#2350,#2351,#2352,#2353,#2354,#2355,#2356,#2357,
#2358,#2359,#2360,#2361,#2362,#2363,#2364,#2365,#2366,#2367,#2368,#2369,#2370,#2371,
#2372,#2373,#2374,#2375,#2376,#2377,#2378,#2379,#2380,#2381,#2382,#2383,#2384,#2385,
#2386,#2387,#2388,#2389,#2390,#2391,#2392,#2393,#2394,#2395,#2396,#2397,#2398,#2399,
#2400,#2401,#2402,#2403,#2404,#2405,#2406,#2407,#2408,#2409,#2410,#2411,#2412,#2413,
#2414,#2415,#2416,#2417,#2418,#2419,#2420,#2421,#2422,#2423,#2424,#2425,#2426,#2427,
#2428,#2429,#2430,#2431,#2432,#2433,#2434,#2435,#2436,#2437,#2438,#2439,#2440,#2441,
#2442,#2443,#2444,#2445,#2446,#2447,#2448,#2449,#2450,#2451,#2452,#2453,#2454,#2455,
#2456,#2457,#2458,#2459,#2460,#2461,#2462,#2463,#2464,#2465,#2466,#2467,#2468,#2469,
#2470,#2471,#2472,#2473,#2474,#2475,#2476,#2477,#2478,#2479,#2480,#2481,#2482,#2483,
#2484,#2485,#2486,#2487,#2488,#2489,#2490,#2491,#2492,#2493,#2494,#2495,#2496,#2497,
#2498,#2499,#2500,#2501,#2502,#2503,#2504,#2505,#2506,#2507,#2508,#2509,#2510,#2511,
#2512,#2513,#2514,#2515,#2516,#2517,#2518,#2519,#2520,#2521,#2522,#2523,#2524,#2525,
#2526,#2527,#2528,#2529,#2530,#2531,#2532,#2533,#2534,#2535,#2536,#2537,#2538,#2539,
#2540,#2541,#2542,#2543,#2544,#2545,#2546,#2547,#2548,#2549,#2550,#2551,#2552,#2553,
#2554,#2555,#2556,#2557,#2558,#2559,#2560,#2561,#2562,#2563,#2564,#2565,#2566,#2567,
#2568,#2569,#2570,#2571,#2572,#2573,#2574,#2575,#2576,#2577,#2578,#2579,#2580,#2581,
#2582,#2583,#2584,#2585,#2586,#2587,#2588,#2589,#2590,#2591,#2592,#2593,#2594,#2595,
#2596,#2597,#2598,#2599,#2600,#2601,#2602,#2603)),
.UNSPECIFIED.,.F.,.F.,.F.)B_SPLINE_SURFACE_WITH_KNOTS((4,4),
(4,1,1,1,1,1,1,1,1,1,1,1,1,1,1,1,1,1,1,1,1,1,1,1,1,1,1,1,1,1,1,1,1,1,1,1,1,1,1,1,
1,1,1,1,1,1,1,1,1,1,1,1,1,1,1,1,1,1,1,1,1,1,1,1,1,1,1,1,1,1,1,1,1,1,1,1,1,1,1,1,
1,1,1,1,1,1,1,1,1,1,1,1,1,1,1,1,1,1,1,1,1,1,1,1,1,1,1,1,1,1,1,1,1,1,1,1,1,1,1,1,
1,1,1,1,1,1,1,1,1,1,1,1,1,1,1,1,1,1,1,1,1,1,1,1,1,1,1,1,1,1,1,1,1,1,1,1,1,1,1,1,
1,1,1,1,1,1,1,1,1,1,1,1,1,1,1,1,1,1,1,1,1,1,1,1,1,1,1,1,1,1,1,1,1,1,1,1,1,1,1,1,
1,1,1,1,1,1,1,1,1,1,1,1,1,1,1,1,1,1,1,1,1,1,1,1,1,1,1,1,1,1,1,1,1,1,1,1,1,1,1,1,
1,1,1,1,1,1,1,1,1,1,1,1,1,1,1,1,1,4),
(0.,2.0943951023932),
(2.35619412400037,2.44970845927723,2.54322279455409,2.63673712983096,2.73025146510782,
2.82376580038468,2.91728013566155,3.01079447093841,3.10430880621528,3.19782314149214,
3.291337476769,3.38485181204587,3.47836614732273,3.57188048259959,3.66539481787646,
3.75890915315332,3.85242348843018,3.94593782370705,4.03945215898391,4.13296649426077,
4.22648082953764,4.3199951648145,4.41350950009136,4.50702383536823,4.60053817064509,
4.69405250592195,4.78756684119881,4.88108117647568,4.97459551175254,5.0681098470294,
5.16162418230627,5.25513851758313,5.34865285285999,5.44216718813686,5.53568152341372,
5.62919585869058,5.72271019396744,5.81622452924431,5.90973886452117,6.00325319979803,
6.0967675350749,6.19028187035176,6.28379620562862,6.37731054090549,6.47082487618235,
6.56433921145921,6.65785354673608,6.75136788201294,6.8448822172898,6.93839655256666,
7.03191088784353,7.12542522312039,7.21893955839725,7.31245389367412,7.40596822895098,
7.49948256422784,7.59299689950471,7.68651123478157,7.78002557005843,7.87353990533529,
7.96705424061216,8.06056857588902,8.15408291116588,8.24759724644275,8.34111158171961,
8.43462591699647,8.52814025227334,8.6216545875502,8.71516892282706,8.80868325810393,
8.90219759338079,8.99571192865765,9.08922626393452,9.18274059921138,9.27625493448824,
9.3697692697651,9.46328360504197,9.55679794031883,9.65031227559569,9.74382661087256,
9.83734094614942,9.93085528142628,10.0243696167031,10.11788395198,10.2113982872569,
10.3049126225337,10.3984269578106,10.4919412930875,10.5854556283643,10.6789699636412,
10.772484298918,10.8659986341949,10.9595129694718,11.0530273047486,11.1465416400255,
11.2400559753024,11.3335703105792,11.4270846458561,11.520598981133,11.6141133164098,
11.7076276516867,11.8011419869635,11.8946563222404,11.9881706575173,12.0816849927941,
12.175199328071,12.2687136633479,12.3622279986247,12.4557423339016,12.5492566691784,
12.6427710044553,12.7362853397322,12.829799675009,12.9233140102859,13.0168283455628,
13.1103426808396,13.2038570161165,13.2973713513934,13.3908856866702,13.4844000219471,
13.5779143572239,13.6714286925008,13.7649430277777,13.8584573630545,13.9519716983314,
14.0454860336083,14.1390003688851,14.232514704162,14.3260290394388,14.4195433747157,
14.5130577099926,14.6065720452694,14.7000863805463,14.7936007158232,14.8871150511,
14.9806293863769,15.0741437216537,15.1676580569306,15.2611723922075,15.3546867274843,
15.4482010627612,15.5417153980381,15.6352297333149,15.7287440685918,15.8222584038687,
15.9157727391455,16.0092870744224,16.1028014096992,16.1963157449761,16.289830080253,
16.3833444155298,16.4768587508067,16.5703730860836,16.6638874213604,16.7574017566373,
16.8509160919142,16.944430427191,17.0379447624679,17.1314590977448,17.2249734330216,
17.3184877682985,17.4120021035754,17.5055164388522,17.5990307741291,17.6925451094059,
17.7860594446828,17.8795737799597,17.9730881152365,18.0666024505134,18.1601167857903,
18.2536311210671,18.347145456344,18.4406597916209,18.5341741268977,18.6276884621746,
18.7212027974515,18.8147171327283,18.9082314680052,19.0017458032821,19.0952601385589,
19.1887744738358,19.2822888091127,19.3758031443895,19.4693174796664,19.5628318149432,
19.6563461502201,19.749860485497,19.8433748207738,19.9368891560507,20.0304034913276,
20.1239178266044,20.2174321618813,20.3109464971582,20.404460832435,20.4979751677119,
20.5914895029888,20.6850038382656,20.7785181735425,20.8720325088194,20.9655468440962,
21.0590611793731,21.1525755146499,21.2460898499268,21.3396041852037,21.4331185204805,
21.5266328557574,21.6201471910343,21.7136615263111,21.807175861588,21.9006901968649,
21.9942045321417,22.0877188674186,22.1812332026955,22.2747475379723,22.3682618732492,
22.4617762085261,22.5552905438029,22.6488048790798,22.7423192143566,22.8358335496335,
22.9293478849104,23.0228622201872,23.1163765554641,23.209890890741,23.3034052260178,
23.3969195612947,23.4904338965716,23.5839482318484,23.6774625671253,23.7709769024022,
23.864491237679,23.9580055729559,24.0515199082328,24.1450342435096,24.2385485787865,
24.3320629140633,24.4255772493402,24.5190915846171,24.6126059198939,24.7061202551708,
24.7996345904477,24.8931489257245,24.9866632610014,25.0801775962783,25.1736919315551,
25.267206266832,25.3607206021089,25.4542349373857,25.5477492726626,25.6412636079395,
25.7347779432163,25.8282922784932,25.9218066137701,26.0153209490469,26.1088352843238,
26.2023496196006,26.2958639548775,26.3893782901543),
.UNSPECIFIED.)GEOMETRIC_REPRESENTATION_ITEM()RATIONAL_B_SPLINE_SURFACE((
(1.,1.,1.,1.,1.,1.,1.,1.,1.,1.,1.,1.,1.,1.,1.,1.,1.,1.,1.,1.,1.,1.,1.,1.,1.,1.,1.,
1.,1.,1.,1.,1.,1.,1.,1.,1.,1.,1.,1.,1.,1.,1.,1.,1.,1.,1.,1.,1.,1.,1.,1.,1.,1.,1.,
1.,1.,1.,1.,1.,1.,1.,1.,1.,1.,1.,1.,1.,1.,1.,1.,1.,1.,1.,1.,1.,1.,1.,1.,1.,1.,1.,
1.,1.,1.,1.,1.,1.,1.,1.,1.,1.,1.,1.,1.,1.,1.,1.,1.,1.,1.,1.,1.,1.,1.,1.,1.,1.,1.,
1.,1.,1.,1.,1.,1.,1.,1.,1.,1.,1.,1.,1.,1.,1.,1.,1.,1.,1.,1.,1.,1.,1.,1.,1.,1.,1.,
1.,1.,1.,1.,1.,1.,1.,1.,1.,1.,1.,1.,1.,1.,1.,1.,1.,1.,1.,1.,1.,1.,1.,1.,1.,1.,1.,
1.,1.,1.,1.,1.,1.,1.,1.,1.,1.,1.,1.,1.,1.,1.,1.,1.,1.,1.,1.,1.,1.,1.,1.,1.,1.,1.,
1.,1.,1.,1.,1.,1.,1.,1.,1.,1.,1.,1.,1.,1.,1.,1.,1.,1.,1.,1.,1.,1.,1.,1.,1.,1.,1.,
1.,1.,1.,1.,1.,1.,1.,1.,1.,1.,1.,1.,1.,1.,1.,1.,1.,1.,1.,1.,1.,1.,1.,1.,1.,1.,1.,
1.,1.,1.,1.,1.,1.,1.,1.,1.,1.,1.,1.,1.,1.,1.,1.,1.),
(0.666666666666666,0.666666666666666,0.666666666666666,0.666666666666666,0.666666666666666,
0.666666666666666,0.666666666666666,0.666666666666666,0.666666666666666,0.666666666666666,
0.666666666666666,0.666666666666666,0.666666666666666,0.666666666666666,0.666666666666666,
0.666666666666666,0.666666666666666,0.666666666666666,0.666666666666666,0.666666666666666,
0.666666666666666,0.666666666666666,0.666666666666666,0.666666666666666,0.666666666666666,
0.666666666666666,0.666666666666666,0.666666666666666,0.666666666666666,0.666666666666666,
0.666666666666666,0.666666666666666,0.666666666666666,0.666666666666666,0.666666666666666,
0.666666666666666,0.666666666666666,0.666666666666666,0.666666666666666,0.666666666666666,
0.666666666666666,0.666666666666666,0.666666666666666,0.666666666666666,0.666666666666666,
0.666666666666666,0.666666666666666,0.666666666666666,0.666666666666666,0.666666666666666,
0.666666666666666,0.666666666666666,0.666666666666666,0.666666666666666,0.666666666666666,
0.666666666666666,0.666666666666666,0.666666666666666,0.666666666666666,0.666666666666666,
0.666666666666666,0.666666666666666,0.666666666666666,0.666666666666666,0.666666666666666,
0.666666666666666,0.666666666666666,0.666666666666666,0.666666666666666,0.666666666666666,
0.666666666666666,0.666666666666666,0.666666666666666,0.666666666666666,0.666666666666666,
0.666666666666666,0.666666666666666,0.666666666666666,0.666666666666666,0.666666666666666,
0.666666666666666,0.666666666666666,0.666666666666666,0.666666666666666,0.666666666666666,
0.666666666666666,0.666666666666666,0.666666666666666,0.666666666666666,0.666666666666666,
0.666666666666666,0.666666666666666,0.666666666666666,0.666666666666666,0.666666666666666,
0.666666666666666,0.666666666666666,0.666666666666666,0.666666666666666,0.666666666666666,
0.666666666666666,0.666666666666666,0.666666666666666,0.666666666666666,0.666666666666666,
0.666666666666666,0.666666666666666,0.666666666666666,0.666666666666666,0.666666666666666,
0.666666666666666,0.666666666666666,0.666666666666666,0.666666666666666,0.666666666666666,
0.666666666666666,0.666666666666666,0.666666666666666,0.666666666666666,0.666666666666666,
0.666666666666666,0.666666666666666,0.666666666666666,0.666666666666666,0.666666666666666,
0.666666666666666,0.666666666666666,0.666666666666666,0.666666666666666,0.666666666666666,
0.666666666666666,0.666666666666666,0.666666666666666,0.666666666666666,0.666666666666666,
0.666666666666666,0.666666666666666,0.666666666666666,0.666666666666666,0.666666666666666,
0.666666666666666,0.666666666666666,0.666666666666666,0.666666666666666,0.666666666666666,
0.666666666666666,0.666666666666666,0.666666666666666,0.666666666666666,0.666666666666666,
0.666666666666666,0.666666666666666,0.666666666666666,0.666666666666666,0.666666666666666,
0.666666666666666,0.666666666666666,0.666666666666666,0.666666666666666,0.666666666666666,
0.666666666666666,0.666666666666666,0.666666666666666,0.666666666666666,0.666666666666666,
0.666666666666666,0.666666666666666,0.666666666666666,0.666666666666666,0.666666666666666,
0.666666666666666,0.666666666666666,0.666666666666666,0.666666666666666,0.666666666666666,
0.666666666666666,0.666666666666666,0.666666666666666,0.666666666666666,0.666666666666666,
0.666666666666666,0.666666666666666,0.666666666666666,0.666666666666666,0.666666666666666,
0.666666666666666,0.666666666666666,0.666666666666666,0.666666666666666,0.666666666666666,
0.666666666666666,0.666666666666666,0.666666666666666,0.666666666666666,0.666666666666666,
0.666666666666666,0.666666666666666,0.666666666666666,0.666666666666666,0.666666666666666,
0.666666666666666,0.666666666666666,0.666666666666666,0.666666666666666,0.666666666666666,
0.666666666666666,0.666666666666666,0.666666666666666,0.666666666666666,0.666666666666666,
0.666666666666666,0.666666666666666,0.666666666666666,0.666666666666666,0.666666666666666,
0.666666666666666,0.666666666666666,0.666666666666666,0.666666666666666,0.666666666666666,
0.666666666666666,0.666666666666666,0.666666666666666,0.666666666666666,0.666666666666666,
0.666666666666666,0.666666666666666,0.666666666666666,0.666666666666666,0.666666666666666,
0.666666666666666,0.666666666666666,0.666666666666666,0.666666666666666,0.666666666666666,
0.666666666666666,0.666666666666666,0.666666666666666,0.666666666666666,0.666666666666666,
0.666666666666666,0.666666666666666,0.666666666666666,0.666666666666666,0.666666666666666,
0.666666666666666,0.666666666666666,0.666666666666666,0.666666666666666,0.666666666666666,
0.666666666666666,0.666666666666666,0.666666666666666,0.666666666666666,0.666666666666666,
0.666666666666666,0.666666666666666,0.666666666666666,0.666666666666666,0.666666666666666),
(0.666666666666666,0.666666666666666,0.666666666666666,0.666666666666666,0.666666666666666,
0.666666666666666,0.666666666666666,0.666666666666666,0.666666666666666,0.666666666666666,
0.666666666666666,0.666666666666666,0.666666666666666,0.666666666666666,0.666666666666666,
0.666666666666666,0.666666666666666,0.666666666666666,0.666666666666666,0.666666666666666,
0.666666666666666,0.666666666666666,0.666666666666666,0.666666666666666,0.666666666666666,
0.666666666666666,0.666666666666666,0.666666666666666,0.666666666666666,0.666666666666666,
0.666666666666666,0.666666666666666,0.666666666666666,0.666666666666666,0.666666666666666,
0.666666666666666,0.666666666666666,0.666666666666666,0.666666666666666,0.666666666666666,
0.666666666666666,0.666666666666666,0.666666666666666,0.666666666666666,0.666666666666666,
0.666666666666666,0.666666666666666,0.666666666666666,0.666666666666666,0.666666666666666,
0.666666666666666,0.666666666666666,0.666666666666666,0.666666666666666,0.666666666666666,
0.666666666666666,0.666666666666666,0.666666666666666,0.666666666666666,0.666666666666666,
0.666666666666666,0.666666666666666,0.666666666666666,0.666666666666666,0.666666666666666,
0.666666666666666,0.666666666666666,0.666666666666666,0.666666666666666,0.666666666666666,
0.666666666666666,0.666666666666666,0.666666666666666,0.666666666666666,0.666666666666666,
0.666666666666666,0.666666666666666,0.666666666666666,0.666666666666666,0.666666666666666,
0.666666666666666,0.666666666666666,0.666666666666666,0.666666666666666,0.666666666666666,
0.666666666666666,0.666666666666666,0.666666666666666,0.666666666666666,0.666666666666666,
0.666666666666666,0.666666666666666,0.666666666666666,0.666666666666666,0.666666666666666,
0.666666666666666,0.666666666666666,0.666666666666666,0.666666666666666,0.666666666666666,
0.666666666666666,0.666666666666666,0.666666666666666,0.666666666666666,0.666666666666666,
0.666666666666666,0.666666666666666,0.666666666666666,0.666666666666666,0.666666666666666,
0.666666666666666,0.666666666666666,0.666666666666666,0.666666666666666,0.666666666666666,
0.666666666666666,0.666666666666666,0.666666666666666,0.666666666666666,0.666666666666666,
0.666666666666666,0.666666666666666,0.666666666666666,0.666666666666666,0.666666666666666,
0.666666666666666,0.666666666666666,0.666666666666666,0.666666666666666,0.666666666666666,
0.666666666666666,0.666666666666666,0.666666666666666,0.666666666666666,0.666666666666666,
0.666666666666666,0.666666666666666,0.666666666666666,0.666666666666666,0.666666666666666,
0.666666666666666,0.666666666666666,0.666666666666666,0.666666666666666,0.666666666666666,
0.666666666666666,0.666666666666666,0.666666666666666,0.666666666666666,0.666666666666666,
0.666666666666666,0.666666666666666,0.666666666666666,0.666666666666666,0.666666666666666,
0.666666666666666,0.666666666666666,0.666666666666666,0.666666666666666,0.666666666666666,
0.666666666666666,0.666666666666666,0.666666666666666,0.666666666666666,0.666666666666666,
0.666666666666666,0.666666666666666,0.666666666666666,0.666666666666666,0.666666666666666,
0.666666666666666,0.666666666666666,0.666666666666666,0.666666666666666,0.666666666666666,
0.666666666666666,0.666666666666666,0.666666666666666,0.666666666666666,0.666666666666666,
0.666666666666666,0.666666666666666,0.666666666666666,0.666666666666666,0.666666666666666,
0.666666666666666,0.666666666666666,0.666666666666666,0.666666666666666,0.666666666666666,
0.666666666666666,0.666666666666666,0.666666666666666,0.666666666666666,0.666666666666666,
0.666666666666666,0.666666666666666,0.666666666666666,0.666666666666666,0.666666666666666,
0.666666666666666,0.666666666666666,0.666666666666666,0.666666666666666,0.666666666666666,
0.666666666666666,0.666666666666666,0.666666666666666,0.666666666666666,0.666666666666666,
0.666666666666666,0.666666666666666,0.666666666666666,0.666666666666666,0.666666666666666,
0.666666666666666,0.666666666666666,0.666666666666666,0.666666666666666,0.666666666666666,
0.666666666666666,0.666666666666666,0.666666666666666,0.666666666666666,0.666666666666666,
0.666666666666666,0.666666666666666,0.666666666666666,0.666666666666666,0.666666666666666,
0.666666666666666,0.666666666666666,0.666666666666666,0.666666666666666,0.666666666666666,
0.666666666666666,0.666666666666666,0.666666666666666,0.666666666666666,0.666666666666666,
0.666666666666666,0.666666666666666,0.666666666666666,0.666666666666666,0.666666666666666,
0.666666666666666,0.666666666666666,0.666666666666666,0.666666666666666,0.666666666666666,
0.666666666666666,0.666666666666666,0.666666666666666,0.666666666666666,0.666666666666666,
0.666666666666666,0.666666666666666,0.666666666666666,0.666666666666666,0.666666666666666),
(1.,1.,1.,1.,1.,1.,1.,1.,1.,1.,1.,1.,1.,1.,1.,1.,1.,1.,1.,1.,1.,1.,1.,1.,1.,1.,1.,
1.,1.,1.,1.,1.,1.,1.,1.,1.,1.,1.,1.,1.,1.,1.,1.,1.,1.,1.,1.,1.,1.,1.,1.,1.,1.,1.,
1.,1.,1.,1.,1.,1.,1.,1.,1.,1.,1.,1.,1.,1.,1.,1.,1.,1.,1.,1.,1.,1.,1.,1.,1.,1.,1.,
1.,1.,1.,1.,1.,1.,1.,1.,1.,1.,1.,1.,1.,1.,1.,1.,1.,1.,1.,1.,1.,1.,1.,1.,1.,1.,1.,
1.,1.,1.,1.,1.,1.,1.,1.,1.,1.,1.,1.,1.,1.,1.,1.,1.,1.,1.,1.,1.,1.,1.,1.,1.,1.,1.,
1.,1.,1.,1.,1.,1.,1.,1.,1.,1.,1.,1.,1.,1.,1.,1.,1.,1.,1.,1.,1.,1.,1.,1.,1.,1.,1.,
1.,1.,1.,1.,1.,1.,1.,1.,1.,1.,1.,1.,1.,1.,1.,1.,1.,1.,1.,1.,1.,1.,1.,1.,1.,1.,1.,
1.,1.,1.,1.,1.,1.,1.,1.,1.,1.,1.,1.,1.,1.,1.,1.,1.,1.,1.,1.,1.,1.,1.,1.,1.,1.,1.,
1.,1.,1.,1.,1.,1.,1.,1.,1.,1.,1.,1.,1.,1.,1.,1.,1.,1.,1.,1.,1.,1.,1.,1.,1.,1.,1.,
1.,1.,1.,1.,1.,1.,1.,1.,1.,1.,1.,1.,1.,1.,1.,1.,1.)))REPRESENTATION_ITEM('')SURFACE(
));
#1564=CARTESIAN_POINT('',(17.0367925277559,17.036805005234,22.2500005828126));
#1565=CARTESIAN_POINT('',(17.5678543595246,16.5057435624063,22.2251951349639));
#1566=CARTESIAN_POINT('',(18.580279181513,15.3939233636008,22.1755842392663));
#1567=CARTESIAN_POINT('',(19.9365521591494,13.5916717153303,22.10116789572));
#1568=CARTESIAN_POINT('',(21.1186082124385,11.6706485973443,22.0267515521736));
#1569=CARTESIAN_POINT('',(22.1161180870693,9.64764077194369,21.9523352086273));
#1570=CARTESIAN_POINT('',(22.9203649260389,7.54032647144405,21.877918865081));
#1571=CARTESIAN_POINT('',(23.5243207854562,5.36712057285716,21.8035025215347));
#1572=CARTESIAN_POINT('',(23.9227079567368,3.14701377029795,21.7290861779883));
#1573=CARTESIAN_POINT('',(24.1120451108044,0.899406599037516,21.654669834442));
#1574=CARTESIAN_POINT('',(24.0906777132943,-1.3560600906382,21.5802534908957));
#1575=CARTESIAN_POINT('',(23.8587924845693,-3.59967676794415,21.5058371473494));
#1576=CARTESIAN_POINT('',(23.4184157675792,-5.81183745403854,21.431420803803));
#1577=CARTESIAN_POINT('',(22.7733958206678,-7.97321105017116,21.3570044602567));
#1578=CARTESIAN_POINT('',(21.9293691893033,-10.0649102636145,21.2825881167104));
#1579=CARTESIAN_POINT('',(20.8937114507966,-12.0686566554124,21.208171773164));
#1580=CARTESIAN_POINT('',(19.6754727623745,-13.9669403676123,21.1337554296177));
#1581=CARTESIAN_POINT('',(18.2852987758389,-15.743173134209,21.0593390860714));
#1582=CARTESIAN_POINT('',(16.7353376099005,-17.3818332387014,20.9849227425251));
#1583=CARTESIAN_POINT('',(15.0391336931151,-18.8686011515424,20.9105063989787));
#1584=CARTESIAN_POINT('',(13.2115094050825,-20.1904846622064,20.8360900554324));
#1585=CARTESIAN_POINT('',(11.2684355501946,-21.3359324123997,20.7616737118861));
#1586=CARTESIAN_POINT('',(9.22689179580311,-22.2949348382972,20.6872573683398));
#1587=CARTESIAN_POINT('',(7.10471829437935,-23.0591116397161,20.6128410247934));
#1588=CARTESIAN_POINT('',(4.92045978627194,-23.6217850118711,20.5384246812471));
#1589=CARTESIAN_POINT('',(2.69320354538193,-23.9780379997722,20.4640083377008));
#1590=CARTESIAN_POINT('',(0.442412583875658,-24.1247574653302,20.3895919941544));
#1591=CARTESIAN_POINT('',(-1.81224442651373,-24.0606612917008,20.3151756506081));
#1592=CARTESIAN_POINT('',(-4.05106503035319,-23.7863095871391,20.2407593070618));
#1593=CARTESIAN_POINT('',(-6.25448515959757,-23.3040997904607,20.1663429635155));
#1594=CARTESIAN_POINT('',(-8.40325009537093,-22.6182457208782,20.0919266199691));
#1595=CARTESIAN_POINT('',(-10.4785827264816,-21.7347407552899,20.0175102764228));
#1596=CARTESIAN_POINT('',(-12.4623476343338,-20.6613054547962,19.9430939328765));
#1597=CARTESIAN_POINT('',(-14.3372095703703,-19.407320098114,19.8686775893301));
#1598=CARTESIAN_POINT('',(-16.0867849411808,-17.9837427114485,19.7942612457838));
#1599=CARTESIAN_POINT('',(-17.695784977515,-16.4030133111246,19.7198449022375));
#1600=CARTESIAN_POINT('',(-19.1501493361095,-14.6789451957585,19.6454285586912));
#1601=CARTESIAN_POINT('',(-20.4371689668397,-12.8266042379197,19.5710122151448));
#1602=CARTESIAN_POINT('',(-21.5455971715165,-10.8621772301007,19.4965958715985));
#1603=CARTESIAN_POINT('',(-22.4657478838323,-8.80283043546002,19.4221795280522));
#1604=CARTESIAN_POINT('',(-23.1895803116323,-6.66655957940333,19.3477631845059));
#1605=CARTESIAN_POINT('',(-23.7107692018584,-4.47203259285775,19.2733468409595));
#1606=CARTESIAN_POINT('',(-24.0247601141525,-2.23842648143867,19.1989304974132));
#1607=CARTESIAN_POINT('',(-24.1288092201064,0.0147402539633381,19.1245141538669));
#1608=CARTESIAN_POINT('',(-24.0220072803708,2.26777818077253,19.0500978103205));
#1609=CARTESIAN_POINT('',(-23.7052875900981,4.50099899201479,18.9756814667742));
#1610=CARTESIAN_POINT('',(-23.1814178232863,6.69488755376821,18.9012651232279));
#1611=CARTESIAN_POINT('',(-22.4549758472944,8.83027243933073,18.8268487796816));
#1612=CARTESIAN_POINT('',(-21.5323097188735,10.8884934598815,18.7524324361352));
#1613=CARTESIAN_POINT('',(-20.4214822112931,12.8515647276592,18.6780160925889));
#1614=CARTESIAN_POINT('',(-19.1322003573129,14.702331826721,18.6035997490426));
#1615=CARTESIAN_POINT('',(-17.6757306236956,16.4246217178335,18.5291834054962));
#1616=CARTESIAN_POINT('',(-16.0648004585114,18.0033840675466,18.4547670619499));
#1617=CARTESIAN_POINT('',(-14.3134870715705,19.4248227664337,18.3803507184036));
#1618=CARTESIAN_POINT('',(-12.4370944198814,20.6765164872212,18.3059343748573));
#1619=CARTESIAN_POINT('',(-10.4520194731048,21.7475272293016,18.2315180313109));
#1620=CARTESIAN_POINT('',(-8.37560892765156,22.6284959011071,18.1571016877646));
#1621=CARTESIAN_POINT('',(-6.22600762153663,23.3117241050924,18.0826853442183));
#1622=CARTESIAN_POINT('',(-4.02199997462402,23.7912414106432,18.0082690006719));
#1623=CARTESIAN_POINT('',(-1.78284583984802,24.0628575270418,17.9338526571256));
#1624=CARTESIAN_POINT('',(0.471887800166133,24.1241989205742,17.8594363135793));
#1625=CARTESIAN_POINT('',(2.72249782035283,23.9747295557959,17.785019970033));
#1626=CARTESIAN_POINT('',(4.94931713014548,23.6157555797105,17.7106036264866));
#1627=CARTESIAN_POINT('',(7.13288653552634,23.0504139079255,17.6361872829403));
#1628=CARTESIAN_POINT('',(9.25412478435984,22.2836448125273,17.561770939394));
#1629=CARTESIAN_POINT('',(11.2944953090581,21.3221487512174,17.4873545958477));
#1630=CARTESIAN_POINT('',(13.236168209488,20.1743278149612,17.4129382523013));
#1631=CARTESIAN_POINT('',(15.0621760606221,18.8502123058123,17.338521908755));
#1632=CARTESIAN_POINT('',(16.7565621833995,17.3613730865172,17.2641055652087));
#1633=CARTESIAN_POINT('',(18.304520083122,15.7208204678369,17.1896892216623));
#1634=CARTESIAN_POINT('',(19.6925228368958,13.9428905171673,17.115272878116));
#1635=CARTESIAN_POINT('',(20.908441299458,12.0431197819541,17.0408565345697));
#1636=CARTESIAN_POINT('',(21.9416500944394,10.0381095226424,16.9664401910234));
#1637=CARTESIAN_POINT('',(22.7831204648528,7.94538064156673,16.892023847477));
#1638=CARTESIAN_POINT('',(23.4254991714272,5.78322057549584,16.8176075039307));
#1639=CARTESIAN_POINT('',(23.8631727493302,3.57052348977046,16.7431911603844));
#1640=CARTESIAN_POINT('',(24.0923165617662,1.32662517050681,16.668774816838));
#1641=CARTESIAN_POINT('',(24.1109282217951,-0.928865942329354,16.5943584732917));
#1642=CARTESIAN_POINT('',(23.9188450903102,-3.17624010445076,16.5199421297454));
#1643=CARTESIAN_POINT('',(23.5177456972696,-5.39585850203049,16.4455257861991));
#1644=CARTESIAN_POINT('',(22.911135073762,-7.56832486665381,16.3711094426527));
#1645=CARTESIAN_POINT('',(22.1043141230821,-9.67465497077234,16.2966930991064));
#1646=CARTESIAN_POINT('',(21.1043332984696,-11.6964425225144,16.2222767555601));
#1647=CARTESIAN_POINT('',(19.9199309923008,-13.61602001017,16.1478604120137));
#1648=CARTESIAN_POINT('',(18.5614571751232,-15.4166130908006,16.0734440684674));
#1649=CARTESIAN_POINT('',(17.0407829518172,-17.0824871738407,15.9990277249211));
#1650=CARTESIAN_POINT('',(15.3711968252349,-18.5990849187605,15.9246113813748));
#1651=CARTESIAN_POINT('',(13.5672885738211,-19.9531534452587,15.8501950378284));
#1652=CARTESIAN_POINT('',(11.6448217579599,-21.1328601443515,15.7757786942821));
#1653=CARTESIAN_POINT('',(9.62059596915745,-22.1278960783354,15.7013623507358));
#1654=CARTESIAN_POINT('',(7.51230002580456,-22.929566066057,15.6269460071895));
#1655=CARTESIAN_POINT('',(5.33835739837686,-23.5308646662755,15.5525296636431));
#1656=CARTESIAN_POINT('',(3.11776521483372,-23.9265373951299,15.4781133200968));
#1657=CARTESIAN_POINT('',(0.869928253076919,-24.1131266427619,15.4036969765505));
#1658=CARTESIAN_POINT('',(-1.38551062886429,-24.0890018878467,15.3292806330041));
#1659=CARTESIAN_POINT('',(-3.62884214312545,-23.8543739460011,15.2548642894578));
#1660=CARTESIAN_POINT('',(-5.84046280280027,-23.4112931275588,15.1804479459115));
#1661=CARTESIAN_POINT('',(-8.00104622818612,-22.763631320811,15.1060316023652));
#1662=CARTESIAN_POINT('',(-10.0917120315114,-21.9170481572776,15.0316152588188));
#1663=CARTESIAN_POINT('',(-12.0941908043359,-20.8789415546788,14.9571989152725));
#1664=CARTESIAN_POINT('',(-13.9909837658715,-19.6583830697872,14.8827825717262));
#1665=CARTESIAN_POINT('',(-15.7655156771271,-18.2660386260852,14.8083662281799));
#1666=CARTESIAN_POINT('',(-17.4022796846277,-16.7140753089536,14.7339498846335));
#1667=CARTESIAN_POINT('',(-18.8869728279837,-15.0160550428661,14.6595335410872));
#1668=CARTESIAN_POINT('',(-20.2066210271668,-13.1868160797001,14.5851171975409));
#1669=CARTESIAN_POINT('',(-21.3496924572868,-11.2423433337827,14.5107008539945));
#1670=CARTESIAN_POINT('',(-22.3061983201339,-9.19962869675898,14.4362845104482));
#1671=CARTESIAN_POINT('',(-23.0677801318913,-7.07652255292811,14.3618681669019));
#1672=CARTESIAN_POINT('',(-23.6277827642463,-4.89157779259036,14.2874518233556));
#1673=CARTESIAN_POINT('',(-23.9813126006287,-2.66388768650304,14.2130354798092));
#1674=CARTESIAN_POINT('',(-24.1252802993722,-0.412919038189503,14.1386191362629));
#1675=CARTESIAN_POINT('',(-24.0584277901116,1.84165792789028,14.0642027927166));
#1676=CARTESIAN_POINT('',(-23.7813392675064,4.08014145577526,13.9897864491702));
#1677=CARTESIAN_POINT('',(-23.2964360862204,6.28297042297872,13.9153701056239));
#1678=CARTESIAN_POINT('',(-22.6079556017692,8.43089527652966,13.8409537620776));
#1679=CARTESIAN_POINT('',(-21.7219141421348,10.5051462463452,13.7665374185313));
#1680=CARTESIAN_POINT('',(-20.646054433723,12.4875973659918,13.6921210749849));
#1681=CARTESIAN_POINT('',(-19.3897779410844,14.360924867529,13.6177047314386));
#1682=CARTESIAN_POINT('',(-17.9640627116533,16.1087585662945,13.5432883878923));
#1683=CARTESIAN_POINT('',(-16.3813674434216,17.7158249127435,13.4688720443459));
#1684=CARTESIAN_POINT('',(-14.6555226138601,19.1680804612776,13.3944557007996));
#1685=CARTESIAN_POINT('',(-12.8016096214619,20.4528345897352,13.3200393572533));
#1686=CARTESIAN_POINT('',(-10.8358289960375,21.5588603971548,13.245623013707));
#1687=CARTESIAN_POINT('',(-8.77535882941431,22.4764928107211,13.1712066701606));
#1688=CARTESIAN_POINT('',(-6.63820466365113,23.1977130445839,13.0967903266143));
#1689=CARTESIAN_POINT('',(-4.44304214853001,23.7162186724984,13.022373983068));
#1690=CARTESIAN_POINT('',(-2.20905384327088,24.0274787019551,12.9479576395217));
#1691=CARTESIAN_POINT('',(0.0442384114119064,24.1287731685292,12.8735412959753));
#1692=CARTESIAN_POINT('',(2.29714408608485,24.0192169044526,12.799124952429));
#1693=CARTESIAN_POINT('',(4.52997602946703,23.6997672737061,12.7247086088827));
#1694=CARTESIAN_POINT('',(6.72322250578169,23.1732158060362,12.6502922653363));
#1695=CARTESIAN_POINT('',(8.85771769922883,22.4441638030056,12.57587592179));
#1696=CARTESIAN_POINT('',(10.9148091956154,21.5189821292431,12.5014595782437));
#1697=CARTESIAN_POINT('',(12.876520977595,20.405755540262,12.4270432346974));
#1698=CARTESIAN_POINT('',(14.7257105091725,19.1142120333386,12.352626891151));
#1699=CARTESIAN_POINT('',(16.4462185367829,17.6556378388252,12.2782105476047));
#1700=CARTESIAN_POINT('',(18.0230102978968,16.0427787947501,12.2037942040584));
#1701=CARTESIAN_POINT('',(19.4423069031945,14.2897289665471,12.1293778605121));
#1702=CARTESIAN_POINT('',(20.6917057442155,12.4118074852206,12.0549615169657));
#1703=CARTESIAN_POINT('',(21.7602888742966,10.4254246802009,11.9805451734194));
#1704=CARTESIAN_POINT('',(22.638718415703,8.34793867669655,11.9061288298731));
#1705=CARTESIAN_POINT('',(23.3193181592327,6.19750371067706,11.8317124863267));
#1706=CARTESIAN_POINT('',(23.7961406432306,3.9929114869935,11.7572961427804));
#1707=CARTESIAN_POINT('',(24.0650191258388,1.75342696693933,11.6828797992341));
#1708=CARTESIAN_POINT('',(24.12360399632,-0.501379979768673,11.6084634556878));
#1709=CARTESIAN_POINT('',(23.9713833072717,-2.75180558746994,11.5340471121414));
#1710=CARTESIAN_POINT('',(23.6096872483098,-4.97818437709748,11.4596307685951));
#1711=CARTESIAN_POINT('',(23.0416765221258,-7.1610610041454,11.3852144250488));
#1712=CARTESIAN_POINT('',(22.2723147244983,-9.28136027036313,11.3107980815024));
#1713=CARTESIAN_POINT('',(21.3083249696124,-11.3205538135186,11.2363817379561));
#1714=CARTESIAN_POINT('',(20.1581311397243,-13.2608220186026,11.1619653944098));
#1715=CARTESIAN_POINT('',(18.831784272561,-15.085209735602,11.0875490508635));
#1716=CARTESIAN_POINT('',(17.3408747297246,-16.7777744430951,11.0131327073171));
#1717=CARTESIAN_POINT('',(15.6984309136226,-18.3237255629306,10.9387163637708));
#1718=CARTESIAN_POINT('',(13.9188054179928,-19.7095537085808,10.8643000202245));
#1719=CARTESIAN_POINT('',(12.0175496069023,-20.9231487377264,10.7898836766781));
#1720=CARTESIAN_POINT('',(10.0112777182206,-21.9539055774602,10.7154673331318));
#1721=CARTESIAN_POINT('',(7.91752167910628,-22.792816897353,10.6410509895855));
#1722=CARTESIAN_POINT('',(5.7545779022101,-23.4325518205502,10.5666346460391));
#1723=CARTESIAN_POINT('',(3.54134740137681,-23.8675199850789,10.4922183024928));
#1724=CARTESIAN_POINT('',(1.29717062400255,-24.0939203955604,10.4178019589465));
#1725=CARTESIAN_POINT('',(-0.958341556624045,-24.1097746384371,10.3433856154002));
#1726=CARTESIAN_POINT('',(-3.20547921211355,-23.9149441704572,10.2689692718538));
#1727=CARTESIAN_POINT('',(-5.42460559536643,-23.5111315293436,10.1945529283075));
#1728=CARTESIAN_POINT('',(-7.59632873746465,-22.9018654560659,10.1201365847612));
#1729=CARTESIAN_POINT('',(-9.70167090555438,-22.0924700587258,10.0457202412148));
#1730=CARTESIAN_POINT('',(-11.7222344409022,-21.0900182875194,9.97130389766851));
#1731=CARTESIAN_POINT('',(-13.6403625279387,-19.903270127338,9.89688755412219));
#1732=CARTESIAN_POINT('',(-15.4392934893995,-18.5425960481148,9.82247121057585));
#1733=CARTESIAN_POINT('',(-17.1033072592472,-17.0198863818523,9.74805486702953));
#1734=CARTESIAN_POINT('',(-18.6178627534102,-15.3484474182426,9.6736385234832));
#1735=CARTESIAN_POINT('',(-19.969724937918,-13.542885126858,9.59922217993687));
#1736=CARTESIAN_POINT('',(-21.1470804840385,-11.6189775220101,9.52480583639054));
#1737=CARTESIAN_POINT('',(-22.1396409997592,-9.59353678562596,9.45038949284421));
#1738=CARTESIAN_POINT('',(-22.9387329355179,-7.48426235298862,9.37597314929788));
#1739=CARTESIAN_POINT('',(-23.5373733785351,-5.309586245161,9.30155680575155));
#1740=CARTESIAN_POINT('',(-23.9303310734161,-3.08851199966492,9.22714046220522));
#1741=CARTESIAN_POINT('',(-24.1141721357895,-0.840448606929396,9.15272411865889));
#1742=CARTESIAN_POINT('',(-24.0872900595122,1.41495909633562,9.07830777511256));
#1743=CARTESIAN_POINT('',(-23.849919755219,3.65800209472238,9.00389143156623));
#1744=CARTESIAN_POINT('',(-23.4041354975423,5.8690794225379,8.92947508801991));
#1745=CARTESIAN_POINT('',(-22.7538327989389,8.02886944801753,8.85505874447358));
#1746=CARTESIAN_POINT('',(-21.9046943685207,10.1184987165623,8.78064240092725));
#1747=CARTESIAN_POINT('',(-20.8641404533607,12.1197068775534,8.70622605738092));
#1748=CARTESIAN_POINT('',(-19.6412639962189,14.0150062535203,8.63180971383459));
#1749=CARTESIAN_POINT('',(-18.2467511763172,15.7878346572588,8.55739337028826));
#1750=CARTESIAN_POINT('',(-16.6927880275218,17.4227001214967,8.48297702674193));
#1751=CARTESIAN_POINT('',(-14.9929539499553,18.9053162763784,8.4085606831956));
#1752=CARTESIAN_POINT('',(-13.1621030455955,20.2227271917638,8.33414433964927));
#1753=CARTESIAN_POINT('',(-11.2162343148141,21.3634205934013,8.25972799610294));
#1754=CARTESIAN_POINT('',(-9.17235184815359,22.3174284636257,8.18531165255661));
#1755=CARTESIAN_POINT('',(-7.04831623506253,23.0764141474782,8.11089530901028));
#1756=CARTESIAN_POINT('',(-4.86268848806399,23.6337452030656,8.03647896546396));
#1757=CARTESIAN_POINT('',(-2.63456784623514,23.9845513595514,7.96206262191762));
#1758=CARTESIAN_POINT('',(-0.383424875361744,24.1257670763093,7.8876462783713));
#1759=CARTESIAN_POINT('',(1.8710686767681,24.0561583313337,7.81322993482497));
#1760=CARTESIAN_POINT('',(4.10921178311115,23.7763334048149,7.73881359127864));
#1761=CARTESIAN_POINT('',(6.31144629597474,23.2887375636466,7.66439724773231));
#1762=CARTESIAN_POINT('',(8.45852785706272,22.597631693314,7.58998090418598));
#1763=CARTESIAN_POINT('',(10.531694065454,21.7090550638911,7.51556456063965));
#1764=CARTESIAN_POINT('',(12.5128284339677,20.6307725555168,7.44114821709332));
#1765=CARTESIAN_POINT('',(14.3846187011722,19.3722068045245,7.36673187354699));
#1766=CARTESIAN_POINT('',(16.1307081156193,17.9443558631697,7.29231553000066));
#1767=CARTESIAN_POINT('',(17.7358383702975,16.359697092491,7.21789918645434));
#1768=CARTESIAN_POINT('',(19.1859829382623,14.6320781281432,7.143482842908));
#1769=CARTESIAN_POINT('',(20.4684696442825,12.7765958720023,7.06906649936167));
#1770=CARTESIAN_POINT('',(21.5720914014031,10.8094645669842,6.99465015581535));
#1771=CARTESIAN_POINT('',(22.4872041447468,8.74787410791091,6.92023381226902));
#1772=CARTESIAN_POINT('',(23.2058111067526,6.60983982658401,6.84581746872269));
#1773=CARTESIAN_POINT('',(23.7216326974084,4.4140450637281,6.77140112517636));
#1774=CARTESIAN_POINT('',(24.0301613788252,2.17967790349786,6.69698478163003));
#1775=CARTESIAN_POINT('',(24.1287010546266,-0.0737365027454978,6.6225684380837));
#1776=CARTESIAN_POINT('',(24.0163906299492,-2.32650655813973,6.54815209453737));
#1777=CARTESIAN_POINT('',(23.6942115361709,-4.55894629652111,6.47373575099104));
#1778=CARTESIAN_POINT('',(23.1649791546147,-6.75154740941979,6.39931940744472));
#1779=CARTESIAN_POINT('',(22.4333182141699,-8.88514972058267,6.32490306389838));
#1780=CARTESIAN_POINT('',(21.5056223778215,-10.9411086183221,6.25048672035205));
#1781=CARTESIAN_POINT('',(20.3899983712429,-12.9014579825727,6.17607037680573));
#1782=CARTESIAN_POINT('',(19.096195141688,-14.7490671829085,6.1016540332594));
#1783=CARTESIAN_POINT('',(17.6355186662309,-16.4677907755837,6.02723768971307));
#1784=CARTESIAN_POINT('',(16.0207331538076,-18.0426095914606,5.95282134616673));
#1785=CARTESIAN_POINT('',(14.2659495044113,-19.4597619819196,5.87840500262041));
#1786=CARTESIAN_POINT('',(12.3865020001468,-20.7068640758502,5.80398865907408));
#1787=CARTESIAN_POINT('',(10.3988143056872,-21.7730179968513,5.72957231552775));
#1788=CARTESIAN_POINT('',(8.32025594909578,-22.6489070949773,5.65515597198142));
#1789=CARTESIAN_POINT('',(6.16899053716365,-23.326877360842,5.58073962843509));
#1790=CARTESIAN_POINT('',(3.96381703164332,-23.8010043106385,5.50632328488876));
#1791=CARTESIAN_POINT('',(1.72400547339442,-24.067144757596,5.43190694134243));
#1792=CARTESIAN_POINT('',(-0.53087141002339,-24.1229730174661,5.3574905977961));
#1793=CARTESIAN_POINT('',(-2.78110924180343,-23.9680012316533,5.28307425424978));
#1794=CARTESIAN_POINT('',(-5.00704418376981,-23.6035836303972,5.20865791070344));
#1795=CARTESIAN_POINT('',(-7.18922477000607,-23.0329046987502,5.13424156715712));
#1796=CARTESIAN_POINT('',(-9.30858188465595,-22.2609513487639,5.05982522361079));
#1797=CARTESIAN_POINT('',(-11.3465953985354,-21.2944693410592,4.98540888006446));
#1798=CARTESIAN_POINT('',(-13.2854560083917,-20.1419043365931,4.91099253651813));
#1799=CARTESIAN_POINT('',(-15.108220864567,-18.8133280937435,4.8365761929718));
#1800=CARTESIAN_POINT('',(-16.7989616271063,-17.3203504556457,4.76215984942547));
#1801=CARTESIAN_POINT('',(-18.3429036565104,-15.6760178968816,4.68774350587914));
#1802=CARTESIAN_POINT('',(-19.726555122809,-13.89469951608,4.61332716233281));
#1803=CARTESIAN_POINT('',(-20.9378249047256,-11.9919614706865,4.53891081878648));
#1804=CARTESIAN_POINT('',(-21.9661282486654,-9.98443095116395,4.46449447524016));
#1805=CARTESIAN_POINT('',(-22.8024792642193,-7.88965088329186,4.39007813169382));
#1806=CARTESIAN_POINT('',(-23.4395694479055,-5.72592662825779,4.31566178814749));
#1807=CARTESIAN_POINT('',(-23.8718315489658,-3.51216602016145,4.24124544460117));
#1808=CARTESIAN_POINT('',(-24.0954882191196,-1.26771413877306,4.16682910105484));
#1809=CARTESIAN_POINT('',(-24.1085850211484,0.987815738605818,4.09241275750851));
#1810=CARTESIAN_POINT('',(-23.9110075078626,3.2347135289416,4.01799641396217));
#1811=CARTESIAN_POINT('',(-23.5044822222048,5.45334458121094,3.94358007041585));
#1812=CARTESIAN_POINT('',(-22.8925616097535,7.62432125497461,3.86916372686952));
#1813=CARTESIAN_POINT('',(-22.0805929754525,9.7286723404396,3.79474738332319));
#1814=CARTESIAN_POINT('',(-21.0756717559117,11.7480088394981,3.72033103977686));
#1815=CARTESIAN_POINT('',(-19.8865795153385,13.6646846591454,3.64591469623054));
#1816=CARTESIAN_POINT('',(-18.5237072079497,15.461950812714,3.5714983526842));
#1817=CARTESIAN_POINT('',(-16.9989643736167,17.1241017826707,3.49708200913787));
#1818=CARTESIAN_POINT('',(-15.3256750745139,18.6366127613386,3.42266566559154));
#1819=CARTESIAN_POINT('',(-13.518461428877,19.9862665875629,3.34824932204522));
#1820=CARTESIAN_POINT('',(-11.5931159583706,21.1612692054982,3.27383297849889));
#1821=CARTESIAN_POINT('',(-9.56646312282267,22.1513528775795,3.19941663495258));
#1822=CARTESIAN_POINT('',(-8.15963038795622,22.682361192727,3.14980573925507));
#1823=CARTESIAN_POINT('',(-7.44535406626873,22.914443638196,3.12500029140632));
#1824=CARTESIAN_POINT('',(16.6540597171506,16.6540719143212,21.9375004371095));
#1825=CARTESIAN_POINT('',(17.1731912053909,16.1349408062844,21.9126949892607));
#1826=CARTESIAN_POINT('',(18.1628718284924,15.0480977308947,21.8630840935631));
#1827=CARTESIAN_POINT('',(19.4886760328645,13.2863337998771,21.7886677500168));
#1828=CARTESIAN_POINT('',(20.6441771090456,11.4084666090404,21.7142514064705));
#1829=CARTESIAN_POINT('',(21.6192778501906,9.43090580482234,21.6398350629242));
#1830=CARTESIAN_POINT('',(22.4054572241373,7.3709324767355,21.5654187193778));
#1831=CARTESIAN_POINT('',(22.9958451702763,5.24654781021063,21.4910023758315));
#1832=CARTESIAN_POINT('',(23.3852825441391,3.07631587200768,21.4165860322852));
#1833=CARTESIAN_POINT('',(23.5703662249657,0.879201362930674,21.3421696887389));
#1834=CARTESIAN_POINT('',(23.549478847629,-1.32559609989616,21.2677533451925));
#1835=CARTESIAN_POINT('',(23.3228029378051,-3.51880976176201,21.1933370016462));
#1836=CARTESIAN_POINT('',(22.8923193164985,-5.68127409359722,21.1189206580999));
#1837=CARTESIAN_POINT('',(22.2617897906436,-7.79409227122203,21.0445043145535));
#1838=CARTESIAN_POINT('',(21.4367242802954,-9.83880130634404,20.9700879710072));
#1839=CARTESIAN_POINT('',(20.4243326698722,-11.7975333864971,20.8956716274609));
#1840=CARTESIAN_POINT('',(19.2334618041461,-13.6531720139892,20.8212552839146));
#1841=CARTESIAN_POINT('',(17.8745181795598,-15.389501579444,20.7468389403682));
#1842=CARTESIAN_POINT('',(16.3593770064342,-16.9913490628753,20.6724225968219));
#1843=CARTESIAN_POINT('',(14.7012784367306,-18.444716624032,20.5980062532756));
#1844=CARTESIAN_POINT('',(12.9147118641893,-19.7369039233637,20.5235899097292));
#1845=CARTESIAN_POINT('',(11.0152893078943,-20.8566191046994,20.4491735661829));
#1846=CARTESIAN_POINT('',(9.01960898570811,-21.7940774698095,20.3747572226366));
#1847=CARTESIAN_POINT('',(6.9451102697505,-22.5410869825776,20.3003408790903));
#1848=CARTESIAN_POINT('',(4.80992129139961,-23.0911198555995,20.2259245355439));
#1849=CARTESIAN_POINT('',(2.63270052752943,-23.4393695936445,20.1515081919976));
#1850=CARTESIAN_POINT('',(0.432473752291131,-23.5827929955021,20.0770918484513));
#1851=CARTESIAN_POINT('',(-1.77153222075473,-23.5201367471779,20.002675504905));
#1852=CARTESIAN_POINT('',(-3.96005755330104,-23.2519483740539,19.9282591613586));
#1853=CARTESIAN_POINT('',(-6.11397768554563,-22.780571456304,19.8538428178123));
#1854=CARTESIAN_POINT('',(-8.21447045730344,-22.1101251493792,19.779426474266));
#1855=CARTESIAN_POINT('',(-10.2431805865816,-21.2464681885202,19.7050101307196));
#1856=CARTESIAN_POINT('',(-12.1823800683112,-20.1971476918484,19.6305937871733));
#1857=CARTESIAN_POINT('',(-14.0151230915824,-18.9713332094219,19.556177443627));
#1858=CARTESIAN_POINT('',(-15.7253941216289,-17.5797365945728,19.4817611000807));
#1859=CARTESIAN_POINT('',(-17.2982478525382,-16.0345183977343,19.4073447565343));
#1860=CARTESIAN_POINT('',(-18.7199398077033,-14.3491816007425,19.332928412988));
#1861=CARTESIAN_POINT('',(-19.9780464467556,-12.5384536202197,19.2585120694417));
#1862=CARTESIAN_POINT('',(-21.0615737294167,-10.6181576111614,19.1840957258953));
#1863=CARTESIAN_POINT('',(-21.9610531875788,-8.60507419534871,19.109679382349));
#1864=CARTESIAN_POINT('',(-22.6686246660805,-6.51679482287796,19.0352630388027));
#1865=CARTESIAN_POINT('',(-23.1781050091439,-4.37156804822034,18.9608466952564));
#1866=CARTESIAN_POINT('',(-23.4850420922521,-2.18814006413456,18.88643035171));
#1867=CARTESIAN_POINT('',(-23.586753727306,0.0144091130623009,18.8120140081637));
#1868=CARTESIAN_POINT('',(-23.482351101086,2.21683237536096,18.7375976646174));
#1869=CARTESIAN_POINT('',(-23.1727465421993,4.39988371506703,18.6631813210711));
#1870=CARTESIAN_POINT('',(-22.660645548642,6.5444864071929,18.5887649775247));
#1871=CARTESIAN_POINT('',(-21.9505231456425,8.6318997125625,18.5143486339784));
#1872=CARTESIAN_POINT('',(-21.0485847803851,10.6438826448839,18.4399322904321));
#1873=CARTESIAN_POINT('',(-19.9627120953385,12.5628533707017,18.3655159468857));
#1874=CARTESIAN_POINT('',(-18.7023940540497,14.3720428493019,18.2910996033394));
#1875=CARTESIAN_POINT('',(-17.278644021268,16.0556413699802,18.2166832597931));
#1876=CARTESIAN_POINT('',(-15.7039035219969,17.5989367061461,18.1422669162468));
#1877=CARTESIAN_POINT('',(-13.9919335204816,18.9884426789967,18.0678505727004));
#1878=CARTESIAN_POINT('',(-12.1576941691987,20.2120170072993,17.9934342291541));
#1879=CARTESIAN_POINT('',(-10.2172140786665,21.2589674134428,17.9190178856078));
#1880=CARTESIAN_POINT('',(-8.18745025047166,22.1201450585473,17.8446015420614));
#1881=CARTESIAN_POINT('',(-6.08613989749417,22.7880244901407,17.7701851985151));
#1882=CARTESIAN_POINT('',(-3.93164544620944,23.2567694037763,17.6957688549688));
#1883=CARTESIAN_POINT('',(-1.74279407552387,23.5222836439288,17.6213525114225));
#1884=CARTESIAN_POINT('',(0.461286805656532,23.5822469984955,17.5469361678761));
#1885=CARTESIAN_POINT('',(2.66133670443545,23.4361354741081,17.4725198243298));
#1886=CARTESIAN_POINT('',(4.83813035289786,23.0852258750806,17.3981034807835));
#1887=CARTESIAN_POINT('',(6.97264570926617,22.5325846459782,17.3236871372371));
#1888=CARTESIAN_POINT('',(9.04623018315249,21.7830410753077,17.2492707936908));
#1889=CARTESIAN_POINT('',(11.0407636323378,20.8431450944902,17.1748544501445));
#1890=CARTESIAN_POINT('',(12.9388167067208,19.7211100408929,17.1004381065982));
#1891=CARTESIAN_POINT('',(14.7238031557387,18.4267408850882,17.0260217630518));
#1892=CARTESIAN_POINT('',(16.3801247683117,16.9713485495308,16.9516054195055));
#1893=CARTESIAN_POINT('',(17.893307678746,15.3676510673835,16.8771890759592));
#1894=CARTESIAN_POINT('',(19.2501288474759,13.6296624452222,16.8027727324129));
#1895=CARTESIAN_POINT('',(20.4387316113885,11.7725702007994,16.7283563888665));
#1896=CARTESIAN_POINT('',(21.4487292939847,9.81260264601023,16.6539400453202));
#1897=CARTESIAN_POINT('',(22.2712959699741,7.76688707481574,16.5795237017739));
#1898=CARTESIAN_POINT('',(22.8992435911526,5.65330009535829,16.5051073582275));
#1899=CARTESIAN_POINT('',(23.3270847995925,3.49031141414967,16.4306910146812));
#1900=CARTESIAN_POINT('',(23.5510808792482,1.29682243743363,16.3562746711349));
#1901=CARTESIAN_POINT('',(23.569274426951,-0.907998899885533,16.2818583275886));
#1902=CARTESIAN_POINT('',(23.3815064572939,-3.10488563439114,16.2074419840422));
#1903=CARTESIAN_POINT('',(22.9894177919346,-5.27464013966879,16.1330256404959));
#1904=CARTESIAN_POINT('',(22.3964347211779,-7.39830188591555,16.0586092969496));
#1905=CARTESIAN_POINT('',(21.6077390631319,-9.45731312766615,15.9841929534032));
#1906=CARTESIAN_POINT('',(20.6302228820802,-11.4336810717641,15.9097766098569));
#1907=CARTESIAN_POINT('',(19.4724282617648,-13.3101351084633,15.8353602663106));
#1908=CARTESIAN_POINT('',(18.1444726598753,-15.0702777316863,15.7609439227643));
#1909=CARTESIAN_POINT('',(16.6579604960388,-16.6987278296143,15.6865275792179));
#1910=CARTESIAN_POINT('',(15.0258817459027,-18.1812550934547,15.6121112356716));
#1911=CARTESIAN_POINT('',(13.2624984274545,-19.5049043698473,15.5376948921253));
#1912=CARTESIAN_POINT('',(11.3832199715226,-20.6581088702488,15.463278548579));
#1913=CARTESIAN_POINT('',(9.40446856554114,-21.6307912480073,15.3888622050326));
#1914=CARTESIAN_POINT('',(7.34353564728071,-22.4144516598609,15.3144458614863));
#1915=CARTESIAN_POINT('',(5.21843080258321,-23.0022420423265,15.24002951794));
#1916=CARTESIAN_POINT('',(3.04772438751622,-23.389025953914,15.1656131743936));
#1917=CARTESIAN_POINT('',(0.850385250203423,-23.5714234602274,15.0911968308473));
#1918=CARTESIAN_POINT('',(-1.35438502959173,-23.5478406697247,15.016780487301));
#1919=CARTESIAN_POINT('',(-3.54731993462178,-23.3184836620342,14.9423641437547));
#1920=CARTESIAN_POINT('',(-5.70925637177109,-22.8853566871157,14.8679478002083));
#1921=CARTESIAN_POINT('',(-7.82130212989369,-22.2522446510019,14.793531456662));
#1922=CARTESIAN_POINT('',(-9.86500097053282,-21.42468004117,14.7191151131157));
#1923=CARTESIAN_POINT('',(-11.8224939088669,-20.4098945805687,14.6446987695693));
#1924=CARTESIAN_POINT('',(-13.6766752755192,-19.2167560327732,14.570282426023));
#1925=CARTESIAN_POINT('',(-15.4113421954744,-17.8556907105021,14.4958660824767));
#1926=CARTESIAN_POINT('',(-17.011336177874,-16.3385923646586,14.4214497389304));
#1927=CARTESIAN_POINT('',(-18.4626755793963,-14.678718250075,14.347033395384));
#1928=CARTESIAN_POINT('',(-19.7526777836857,-12.8905732761972,14.2726170518377));
#1929=CARTESIAN_POINT('',(-20.8700700291552,-10.9897832550638,14.1982007082914));
#1930=CARTESIAN_POINT('',(-21.8050879166894,-8.99295835421067,14.1237843647451));
#1931=CARTESIAN_POINT('',(-22.5495607364317,-6.91754794772695,14.0493680211987));
#1932=CARTESIAN_POINT('',(-23.0969828680218,-4.7816881338531,13.9749516776524));
#1933=CARTESIAN_POINT('',(-23.4425706303494,-2.60404325159951,13.9005353341061));
#1934=CARTESIAN_POINT('',(-23.5833040840385,-0.403642781301287,13.8261189905597));
#1935=CARTESIAN_POINT('',(-23.5179534213681,1.80028494563633,13.7517026470134));
#1936=CARTESIAN_POINT('',(-23.2470897130212,3.98848077466454,13.6772863034671));
#1937=CARTESIAN_POINT('',(-22.7730799177491,6.1418230253674,13.6028699599208));
#1938=CARTESIAN_POINT('',(-22.1000661985609,8.24149458741237,13.5284536163744));
#1939=CARTESIAN_POINT('',(-21.2339297261831,10.2691473549968,13.4540372728281));
#1940=CARTESIAN_POINT('',(-20.1822392860973,12.2070625628705,13.3796209292818));
#1941=CARTESIAN_POINT('',(-18.9541851382541,14.0383056228275,13.3052045857354));
#1942=CARTESIAN_POINT('',(-17.5604987074359,15.746874107621,13.2307882421891));
#1943=CARTESIAN_POINT('',(-16.0133588060584,17.317837589132,13.1563718986428));
#1944=CARTESIAN_POINT('',(-14.3262852088877,18.7374681088115,13.0819555550965));
#1945=CARTESIAN_POINT('',(-12.5140205096786,19.9933601402682,13.0075392115501));
#1946=CARTESIAN_POINT('',(-10.5924012921352,21.0745389957051,12.9331228680038));
#1947=CARTESIAN_POINT('',(-8.57821974097497,21.9715567288863,12.8587065244575));
#1948=CARTESIAN_POINT('',(-6.48907690241596,22.6765746965818,12.7842901809112));
#1949=CARTESIAN_POINT('',(-4.3432288763795,23.1834320570209,12.7098738373648));
#1950=CARTESIAN_POINT('',(-2.15942728446669,23.4876996067777,12.6354574938185));
#1951=CARTESIAN_POINT('',(0.0432445922109738,23.5867184856301,12.5610411502722));
#1952=CARTESIAN_POINT('',(2.24553857342745,23.4796234111702,12.4866248067258));
#1953=CARTESIAN_POINT('',(4.42820978121884,23.1673502401254,12.4122084631795));
#1954=CARTESIAN_POINT('',(6.57218481240305,22.6526277903192,12.3377921196332));
#1955=CARTESIAN_POINT('',(8.65872841265678,21.9399539947324,12.2633757760869));
#1956=CARTESIAN_POINT('',(10.6696071956584,21.0355565960465,12.1889594325405));
#1957=CARTESIAN_POINT('',(12.5872489766274,19.9473387251411,12.1145430889942));
#1958=CARTESIAN_POINT('',(14.3948963279143,18.6848098391106,12.0401267454479));
#1959=CARTESIAN_POINT('',(16.0767530147864,17.2590026223034,11.9657104019015));
#1960=CARTESIAN_POINT('',(17.6181220317725,15.682376576549,11.8912940583552));
#1961=CARTESIAN_POINT('',(19.0055340333255,13.9687091430536,11.8168777148089));
#1962=CARTESIAN_POINT('',(20.226865036506,12.1329753074048,11.7424613712626));
#1963=CARTESIAN_POINT('',(21.2714423671342,10.1912167397622,11.6680450277162));
#1964=CARTESIAN_POINT('',(22.1301379235929,8.16040161376129,11.5936286841699));
#1965=CARTESIAN_POINT('',(22.7954479432903,6.05827632911097,11.5192123406236));
#1966=CARTESIAN_POINT('',(23.2615585747395,3.90321043361591,11.4447959970773));
#1967=CARTESIAN_POINT('',(23.5243966822481,1.714036099782,11.3703796535309));
#1968=CARTESIAN_POINT('',(23.5816654392589,-0.490116441251933,11.2959633099846));
#1969=CARTESIAN_POINT('',(23.4328643993058,-2.68998607038562,11.2215469664383));
#1970=CARTESIAN_POINT('',(23.0792938691959,-4.86634909500117,11.1471306228919));
#1971=CARTESIAN_POINT('',(22.5240435462001,-7.00018723635329,11.0727142793456));
#1972=CARTESIAN_POINT('',(21.7719655185485,-9.0728538219381,10.9982979357993));
#1973=CARTESIAN_POINT('',(20.8296318651665,-11.0662367305585,10.923881592253));
#1974=CARTESIAN_POINT('',(19.7052772251692,-12.9629166661809,10.8494652487066));
#1975=CARTESIAN_POINT('',(18.4087268389738,-14.7463193774978,10.7750489051603));
#1976=CARTESIAN_POINT('',(16.9513106898474,-16.4008604930164,10.700632561614));
#1977=CARTESIAN_POINT('',(15.345764496169,-17.9120817060229,10.6262162180676));
#1978=CARTESIAN_POINT('',(13.6061184195911,-19.2667771193624,10.5517998745213));
#1979=CARTESIAN_POINT('',(11.7475744616309,-20.4531086459628,10.477383530975));
#1980=CARTESIAN_POINT('',(9.78637362006939,-21.4607094566683,10.4029671874286));
#1981=CARTESIAN_POINT('',(7.73965396601792,-22.2807745713973,10.3285508438823));
#1982=CARTESIAN_POINT('',(5.62530088185713,-22.9061378019888,10.254134500336));
#1983=CARTESIAN_POINT('',(3.46179076875066,-23.3313343743669,10.1797181567897));
#1984=CARTESIAN_POINT('',(1.26802958950616,-23.552648682797,10.1053018132433));
#1985=CARTESIAN_POINT('',(-0.936812342313956,-23.5681467589289,10.030885469697));
#1986=CARTESIAN_POINT('',(-3.13346788332673,-23.3776931718954,9.95646912615067));
#1987=CARTESIAN_POINT('',(-5.30274142741596,-22.9829522117827,9.88205278260434));
#1988=CARTESIAN_POINT('',(-7.42567664768689,-22.3873733461324,9.80763643905801));
#1989=CARTESIAN_POINT('',(-9.48372214746502,-21.5961610765618,9.73322009551169));
#1990=CARTESIAN_POINT('',(-11.458893572788,-20.6162294589151,9.65880375196535));
#1991=CARTESIAN_POINT('',(-13.3339307697607,-19.4561416843718,9.58438740841903));
#1992=CARTESIAN_POINT('',(-15.0924486134446,-18.1260352494873,9.5099710648727));
#1993=CARTESIAN_POINT('',(-16.7190801902544,-16.6375333690714,9.43555472132637));
#1994=CARTESIAN_POINT('',(-18.1996110826531,-15.0036434060295,9.36113837778004));
#1995=CARTESIAN_POINT('',(-19.5211035826921,-13.2386432057415,9.28672203423371));
#1996=CARTESIAN_POINT('',(-20.6720097489476,-11.3579563282547,9.21230569068738));
#1997=CARTESIAN_POINT('',(-21.6422723188983,-9.37801726857919,9.13788934714105));
#1998=CARTESIAN_POINT('',(-22.4234125949179,-7.31612784286883,9.06347300359472));
#1999=CARTESIAN_POINT('',(-23.0086045358814,-5.19030599546312,8.9890566600484));
#2000=CARTESIAN_POINT('',(-23.3927344069354,-3.01912834800078,8.91464031650206));
#2001=CARTESIAN_POINT('',(-23.5724454661764,-0.821567866498041,8.84022397295573));
#2002=CARTESIAN_POINT('',(-23.546167297741,1.38317193505219,8.76580762940941));
#2003=CARTESIAN_POINT('',(-23.3141295349792,3.57582480573842,8.69139128586307));
#2004=CARTESIAN_POINT('',(-22.8783598537896,5.73723011701903,8.61697494231675));
#2005=CARTESIAN_POINT('',(-22.2426662536521,7.84850029902329,8.54255859877042));
#2006=CARTESIAN_POINT('',(-21.4126037811959,9.89118589071282,8.46814225522409));
#2007=CARTESIAN_POINT('',(-20.3954259870919,11.8474367616028,8.39372591167776));
#2008=CARTESIAN_POINT('',(-19.2000215404652,13.7001580961971,8.31930956813143));
#2009=CARTESIAN_POINT('',(-17.8368365547269,15.4331597780584,8.2448932245851));
#2010=CARTESIAN_POINT('',(-16.3177833035866,17.0312978681107,8.17047688103877));
#2011=CARTESIAN_POINT('',(-14.6561361249338,18.4806069408592,8.09606053749244));
#2012=CARTESIAN_POINT('',(-12.8664154222409,19.7684221220978,8.02164419394611));
#2013=CARTESIAN_POINT('',(-10.9642607771471,20.8834897616714,7.94722785039978));
#2014=CARTESIAN_POINT('',(-8.96629428203689,21.8160657741728,7.87281150685345));
#2015=CARTESIAN_POINT('',(-6.88997528688901,22.5580007882166,7.79839516330713));
#2016=CARTESIAN_POINT('',(-4.75344782970046,23.1028113602098,7.7239788197608));
#2017=CARTESIAN_POINT('',(-2.57538208372279,23.4457366303122,7.64956247621446));
#2018=CARTESIAN_POINT('',(-0.37481120703397,23.5837799254955,7.57514613266814));
#2019=CARTESIAN_POINT('',(1.8290349798543,23.5157349461502,7.50072978912181));
#2020=CARTESIAN_POINT('',(4.01689803493582,23.2421963074072,7.42631344557548));
#2021=CARTESIAN_POINT('',(6.16965918575975,22.7655543430573,7.35189710202915));
#2022=CARTESIAN_POINT('',(8.26850639996963,22.0899742174767,7.27748075848282));
#2023=CARTESIAN_POINT('',(10.2950987753758,21.2213595280881,7.20306441493649));
#2024=CARTESIAN_POINT('',(12.2317268130287,20.1673007164211,7.12864807139016));
#2025=CARTESIAN_POINT('',(14.0614671727365,18.9370087385832,7.05423172784384));
#2026=CARTESIAN_POINT('',(15.7683305586885,17.5412345747685,6.97981538429751));
#2027=CARTESIAN_POINT('',(17.3374014428743,15.9921752811724,6.90539904075118));
#2028=CARTESIAN_POINT('',(18.7549684053199,14.3033674052852,6.83098269720484));
#2029=CARTESIAN_POINT('',(20.0086439521527,12.48956869596,6.75656635365852));
#2030=CARTESIAN_POINT('',(21.0874727644594,10.5666291419404,6.68215001011219));
#2031=CARTESIAN_POINT('',(21.9820274319969,8.55135246578329,6.60773366656586));
#2032=CARTESIAN_POINT('',(22.6844908351819,6.46134928352211,6.53331732301953));
#2033=CARTESIAN_POINT('',(23.1887244554588,4.31488321324323,6.4589009794732));
#2034=CARTESIAN_POINT('',(23.4903220171124,2.13071127736439,6.38448463592687));
#2035=CARTESIAN_POINT('',(23.5866479917718,-0.0720800067299474,6.31006829238054));
#2036=CARTESIAN_POINT('',(23.4768606291336,-2.27424141536489,6.23565194883421));
#2037=CARTESIAN_POINT('',(23.1619193126469,-4.45652922906998,6.16123560528788));
#2038=CARTESIAN_POINT('',(22.6445761758841,-6.59987339497532,6.08681926174156));
#2039=CARTESIAN_POINT('',(21.9293520528561,-8.68554417161168,6.01240291819522));
#2040=CARTESIAN_POINT('',(21.0224969724337,-10.6953157998789,5.9379865746489));
#2041=CARTESIAN_POINT('',(19.9319355420954,-12.6116257699346,5.86357023110257));
#2042=CARTESIAN_POINT('',(18.6671976982703,-14.4177282922385,5.78915388755624));
#2043=CARTESIAN_POINT('',(17.2393354284171,-16.097840631639,5.71473754400991));
#2044=CARTESIAN_POINT('',(15.6608261925692,-17.6372810257495,5.64032120046358));
#2045=CARTESIAN_POINT('',(13.9454638883025,-19.0225969824095,5.56590485691725));
#2046=CARTESIAN_POINT('',(12.1082383119343,-20.2416828350937,5.49148851337092));
#2047=CARTESIAN_POINT('',(10.1652041692901,-21.2838855290045,5.41707216982459));
#2048=CARTESIAN_POINT('',(8.13334078069393,-22.1400977134299,5.34265582627827));
#2049=CARTESIAN_POINT('',(6.03040370616013,-22.8028373268734,5.26823948273193));
#2050=CARTESIAN_POINT('',(3.87476958736797,-23.2663129794974,5.1938231391856));
#2051=CARTESIAN_POINT('',(1.68527556227669,-23.5264745615299,5.11940679563928));
#2052=CARTESIAN_POINT('',(-0.518945344333663,-23.5810486353919,5.04499045209295));
#2053=CARTESIAN_POINT('',(-2.71863141594615,-23.4295583022675,4.97057410854662));
#2054=CARTESIAN_POINT('',(-4.89456056397125,-23.0733273695135,4.89615776500028));
#2055=CARTESIAN_POINT('',(-7.02771830112027,-22.5154687824887,4.82174142145396));
#2056=CARTESIAN_POINT('',(-9.09946390064225,-21.7608574218947,4.74732507790763));
#2057=CARTESIAN_POINT('',(-11.091693289432,-20.8160875043389,4.6729087343613));
#2058=CARTESIAN_POINT('',(-12.9869972515581,-19.6894149583766,4.59849239081497));
#2059=CARTESIAN_POINT('',(-14.76881355974,-18.3906852795855,4.52407604726864));
#2060=CARTESIAN_POINT('',(-16.4215717053638,-16.9312474951114,4.44965970372231));
#2061=CARTESIAN_POINT('',(-17.9308289623049,-15.3238549895152,4.37524336017598));
#2062=CARTESIAN_POINT('',(-19.2833965955562,-13.5825540585567,4.30082701662965));
#2063=CARTESIAN_POINT('',(-20.4674551117794,-11.7225611647974,4.22641067308332));
#2064=CARTESIAN_POINT('',(-21.4726575446563,-9.76012996763034,4.151994329537));
#2065=CARTESIAN_POINT('',(-22.2902198724737,-7.71240928970331,4.07757798599066));
#2066=CARTESIAN_POINT('',(-22.9129977778239,-5.59729326090401,4.00316164244434));
#2067=CARTESIAN_POINT('',(-23.3355490786507,-3.43326494943356,3.92874529889801));
#2068=CARTESIAN_POINT('',(-23.5541812850834,-1.23923484640707,3.85432895535168));
#2069=CARTESIAN_POINT('',(-23.566983866481,0.965624384606477,3.77991261180535));
#2070=CARTESIAN_POINT('',(-23.3738449467186,3.16204544905403,3.70549626825902));
#2071=CARTESIAN_POINT('',(-22.9764522818231,5.33083478980708,3.63107992471269));
#2072=CARTESIAN_POINT('',(-22.378278511419,7.4530403112101,3.55666358116636));
#2073=CARTESIAN_POINT('',(-21.5845508128471,9.51011699310832,3.48224723762003));
#2074=CARTESIAN_POINT('',(-20.6022052232065,11.4840889476035,3.4078308940737));
#2075=CARTESIAN_POINT('',(-19.4398260282117,13.3577065024818,3.33341455052738));
#2076=CARTESIAN_POINT('',(-18.1075707485206,15.1145969383066,3.25899820698104));
#2077=CARTESIAN_POINT('',(-16.6170813753062,16.7394075631634,3.18458186343472));
#2078=CARTESIAN_POINT('',(-14.9813826446955,18.2179398702595,3.11016551988839));
#2079=CARTESIAN_POINT('',(-13.2147681879513,19.5372736229481,3.03574917634206));
#2080=CARTESIAN_POINT('',(-11.3326757465648,20.6858797197249,2.96133283279573));
#2081=CARTESIAN_POINT('',(-9.35155181762336,21.6537210885128,2.88691648924943));
#2082=CARTESIAN_POINT('',(-7.97632368472584,22.1728002623867,2.83730559355191));
#2083=CARTESIAN_POINT('',(-7.27809363370243,22.3996689584659,2.81250014570316));
#2084=CARTESIAN_POINT('',(16.6540597171506,16.6540719143212,21.3125001457032));
#2085=CARTESIAN_POINT('',(17.1731912053909,16.1349408062844,21.2876946978544));
#2086=CARTESIAN_POINT('',(18.1628718284924,15.0480977308947,21.2380838021568));
#2087=CARTESIAN_POINT('',(19.4886760328645,13.2863337998771,21.1636674586105));
#2088=CARTESIAN_POINT('',(20.6441771090456,11.4084666090404,21.0892511150642));
#2089=CARTESIAN_POINT('',(21.6192778501906,9.43090580482234,21.0148347715178));
#2090=CARTESIAN_POINT('',(22.4054572241373,7.3709324767355,20.9404184279715));
#2091=CARTESIAN_POINT('',(22.9958451702763,5.24654781021063,20.8660020844252));
#2092=CARTESIAN_POINT('',(23.3852825441391,3.07631587200768,20.7915857408789));
#2093=CARTESIAN_POINT('',(23.5703662249657,0.879201362930674,20.7171693973325));
#2094=CARTESIAN_POINT('',(23.549478847629,-1.32559609989616,20.6427530537862));
#2095=CARTESIAN_POINT('',(23.3228029378051,-3.51880976176201,20.5683367102399));
#2096=CARTESIAN_POINT('',(22.8923193164985,-5.68127409359722,20.4939203666935));
#2097=CARTESIAN_POINT('',(22.2617897906436,-7.79409227122203,20.4195040231472));
#2098=CARTESIAN_POINT('',(21.4367242802954,-9.83880130634404,20.3450876796009));
#2099=CARTESIAN_POINT('',(20.4243326698722,-11.7975333864971,20.2706713360546));
#2100=CARTESIAN_POINT('',(19.2334618041461,-13.6531720139892,20.1962549925082));
#2101=CARTESIAN_POINT('',(17.8745181795598,-15.389501579444,20.1218386489619));
#2102=CARTESIAN_POINT('',(16.3593770064342,-16.9913490628753,20.0474223054156));
#2103=CARTESIAN_POINT('',(14.7012784367306,-18.444716624032,19.9730059618693));
#2104=CARTESIAN_POINT('',(12.9147118641893,-19.7369039233637,19.8985896183229));
#2105=CARTESIAN_POINT('',(11.0152893078943,-20.8566191046994,19.8241732747766));
#2106=CARTESIAN_POINT('',(9.01960898570811,-21.7940774698095,19.7497569312303));
#2107=CARTESIAN_POINT('',(6.9451102697505,-22.5410869825776,19.6753405876839));
#2108=CARTESIAN_POINT('',(4.80992129139961,-23.0911198555995,19.6009242441376));
#2109=CARTESIAN_POINT('',(2.63270052752943,-23.4393695936445,19.5265079005913));
#2110=CARTESIAN_POINT('',(0.432473752291131,-23.5827929955021,19.452091557045));
#2111=CARTESIAN_POINT('',(-1.77153222075473,-23.5201367471779,19.3776752134986));
#2112=CARTESIAN_POINT('',(-3.96005755330104,-23.2519483740539,19.3032588699523));
#2113=CARTESIAN_POINT('',(-6.11397768554563,-22.780571456304,19.228842526406));
#2114=CARTESIAN_POINT('',(-8.21447045730344,-22.1101251493792,19.1544261828597));
#2115=CARTESIAN_POINT('',(-10.2431805865816,-21.2464681885202,19.0800098393133));
#2116=CARTESIAN_POINT('',(-12.1823800683112,-20.1971476918484,19.005593495767));
#2117=CARTESIAN_POINT('',(-14.0151230915824,-18.9713332094219,18.9311771522207));
#2118=CARTESIAN_POINT('',(-15.7253941216289,-17.5797365945728,18.8567608086743));
#2119=CARTESIAN_POINT('',(-17.2982478525382,-16.0345183977343,18.782344465128));
#2120=CARTESIAN_POINT('',(-18.7199398077033,-14.3491816007425,18.7079281215817));
#2121=CARTESIAN_POINT('',(-19.9780464467556,-12.5384536202197,18.6335117780354));
#2122=CARTESIAN_POINT('',(-21.0615737294167,-10.6181576111614,18.559095434489));
#2123=CARTESIAN_POINT('',(-21.9610531875788,-8.60507419534871,18.4846790909427));
#2124=CARTESIAN_POINT('',(-22.6686246660805,-6.51679482287796,18.4102627473964));
#2125=CARTESIAN_POINT('',(-23.1781050091439,-4.37156804822034,18.33584640385));
#2126=CARTESIAN_POINT('',(-23.4850420922521,-2.18814006413456,18.2614300603037));
#2127=CARTESIAN_POINT('',(-23.586753727306,0.0144091130623009,18.1870137167574));
#2128=CARTESIAN_POINT('',(-23.482351101086,2.21683237536096,18.1125973732111));
#2129=CARTESIAN_POINT('',(-23.1727465421993,4.39988371506703,18.0381810296647));
#2130=CARTESIAN_POINT('',(-22.660645548642,6.5444864071929,17.9637646861184));
#2131=CARTESIAN_POINT('',(-21.9505231456425,8.6318997125625,17.8893483425721));
#2132=CARTESIAN_POINT('',(-21.0485847803851,10.6438826448839,17.8149319990257));
#2133=CARTESIAN_POINT('',(-19.9627120953385,12.5628533707017,17.7405156554794));
#2134=CARTESIAN_POINT('',(-18.7023940540497,14.3720428493019,17.6660993119331));
#2135=CARTESIAN_POINT('',(-17.278644021268,16.0556413699802,17.5916829683868));
#2136=CARTESIAN_POINT('',(-15.7039035219969,17.5989367061461,17.5172666248404));
#2137=CARTESIAN_POINT('',(-13.9919335204816,18.9884426789967,17.4428502812941));
#2138=CARTESIAN_POINT('',(-12.1576941691987,20.2120170072993,17.3684339377478));
#2139=CARTESIAN_POINT('',(-10.2172140786665,21.2589674134428,17.2940175942014));
#2140=CARTESIAN_POINT('',(-8.18745025047166,22.1201450585473,17.2196012506551));
#2141=CARTESIAN_POINT('',(-6.08613989749417,22.7880244901407,17.1451849071088));
#2142=CARTESIAN_POINT('',(-3.93164544620944,23.2567694037763,17.0707685635625));
#2143=CARTESIAN_POINT('',(-1.74279407552387,23.5222836439288,16.9963522200161));
#2144=CARTESIAN_POINT('',(0.461286805656532,23.5822469984955,16.9219358764698));
#2145=CARTESIAN_POINT('',(2.66133670443545,23.4361354741081,16.8475195329235));
#2146=CARTESIAN_POINT('',(4.83813035289786,23.0852258750806,16.7731031893772));
#2147=CARTESIAN_POINT('',(6.97264570926617,22.5325846459782,16.6986868458308));
#2148=CARTESIAN_POINT('',(9.04623018315249,21.7830410753077,16.6242705022845));
#2149=CARTESIAN_POINT('',(11.0407636323378,20.8431450944902,16.5498541587382));
#2150=CARTESIAN_POINT('',(12.9388167067208,19.7211100408929,16.4754378151918));
#2151=CARTESIAN_POINT('',(14.7238031557387,18.4267408850882,16.4010214716455));
#2152=CARTESIAN_POINT('',(16.3801247683117,16.9713485495308,16.3266051280992));
#2153=CARTESIAN_POINT('',(17.893307678746,15.3676510673835,16.2521887845529));
#2154=CARTESIAN_POINT('',(19.2501288474759,13.6296624452222,16.1777724410065));
#2155=CARTESIAN_POINT('',(20.4387316113885,11.7725702007994,16.1033560974602));
#2156=CARTESIAN_POINT('',(21.4487292939847,9.81260264601023,16.0289397539139));
#2157=CARTESIAN_POINT('',(22.2712959699741,7.76688707481574,15.9545234103676));
#2158=CARTESIAN_POINT('',(22.8992435911526,5.65330009535829,15.8801070668212));
#2159=CARTESIAN_POINT('',(23.3270847995925,3.49031141414967,15.8056907232749));
#2160=CARTESIAN_POINT('',(23.5510808792482,1.29682243743363,15.7312743797286));
#2161=CARTESIAN_POINT('',(23.569274426951,-0.907998899885533,15.6568580361822));
#2162=CARTESIAN_POINT('',(23.3815064572939,-3.10488563439114,15.5824416926359));
#2163=CARTESIAN_POINT('',(22.9894177919346,-5.27464013966879,15.5080253490896));
#2164=CARTESIAN_POINT('',(22.3964347211779,-7.39830188591555,15.4336090055433));
#2165=CARTESIAN_POINT('',(21.6077390631319,-9.45731312766615,15.3591926619969));
#2166=CARTESIAN_POINT('',(20.6302228820802,-11.4336810717641,15.2847763184506));
#2167=CARTESIAN_POINT('',(19.4724282617648,-13.3101351084633,15.2103599749043));
#2168=CARTESIAN_POINT('',(18.1444726598753,-15.0702777316863,15.1359436313579));
#2169=CARTESIAN_POINT('',(16.6579604960388,-16.6987278296143,15.0615272878116));
#2170=CARTESIAN_POINT('',(15.0258817459027,-18.1812550934547,14.9871109442653));
#2171=CARTESIAN_POINT('',(13.2624984274545,-19.5049043698473,14.912694600719));
#2172=CARTESIAN_POINT('',(11.3832199715226,-20.6581088702488,14.8382782571726));
#2173=CARTESIAN_POINT('',(9.40446856554114,-21.6307912480073,14.7638619136263));
#2174=CARTESIAN_POINT('',(7.34353564728071,-22.4144516598609,14.68944557008));
#2175=CARTESIAN_POINT('',(5.21843080258321,-23.0022420423265,14.6150292265336));
#2176=CARTESIAN_POINT('',(3.04772438751622,-23.389025953914,14.5406128829873));
#2177=CARTESIAN_POINT('',(0.850385250203423,-23.5714234602274,14.466196539441));
#2178=CARTESIAN_POINT('',(-1.35438502959173,-23.5478406697247,14.3917801958947));
#2179=CARTESIAN_POINT('',(-3.54731993462178,-23.3184836620342,14.3173638523483));
#2180=CARTESIAN_POINT('',(-5.70925637177109,-22.8853566871157,14.242947508802));
#2181=CARTESIAN_POINT('',(-7.82130212989369,-22.2522446510019,14.1685311652557));
#2182=CARTESIAN_POINT('',(-9.86500097053282,-21.42468004117,14.0941148217094));
#2183=CARTESIAN_POINT('',(-11.8224939088669,-20.4098945805687,14.019698478163));
#2184=CARTESIAN_POINT('',(-13.6766752755192,-19.2167560327732,13.9452821346167));
#2185=CARTESIAN_POINT('',(-15.4113421954744,-17.8556907105021,13.8708657910704));
#2186=CARTESIAN_POINT('',(-17.011336177874,-16.3385923646586,13.796449447524));
#2187=CARTESIAN_POINT('',(-18.4626755793963,-14.678718250075,13.7220331039777));
#2188=CARTESIAN_POINT('',(-19.7526777836857,-12.8905732761972,13.6476167604314));
#2189=CARTESIAN_POINT('',(-20.8700700291552,-10.9897832550638,13.5732004168851));
#2190=CARTESIAN_POINT('',(-21.8050879166894,-8.99295835421067,13.4987840733387));
#2191=CARTESIAN_POINT('',(-22.5495607364317,-6.91754794772695,13.4243677297924));
#2192=CARTESIAN_POINT('',(-23.0969828680218,-4.7816881338531,13.3499513862461));
#2193=CARTESIAN_POINT('',(-23.4425706303494,-2.60404325159951,13.2755350426997));
#2194=CARTESIAN_POINT('',(-23.5833040840385,-0.403642781301287,13.2011186991534));
#2195=CARTESIAN_POINT('',(-23.5179534213681,1.80028494563633,13.1267023556071));
#2196=CARTESIAN_POINT('',(-23.2470897130212,3.98848077466454,13.0522860120608));
#2197=CARTESIAN_POINT('',(-22.7730799177491,6.1418230253674,12.9778696685144));
#2198=CARTESIAN_POINT('',(-22.1000661985609,8.24149458741237,12.9034533249681));
#2199=CARTESIAN_POINT('',(-21.2339297261831,10.2691473549968,12.8290369814218));
#2200=CARTESIAN_POINT('',(-20.1822392860973,12.2070625628705,12.7546206378755));
#2201=CARTESIAN_POINT('',(-18.9541851382541,14.0383056228275,12.6802042943291));
#2202=CARTESIAN_POINT('',(-17.5604987074359,15.746874107621,12.6057879507828));
#2203=CARTESIAN_POINT('',(-16.0133588060584,17.317837589132,12.5313716072365));
#2204=CARTESIAN_POINT('',(-14.3262852088877,18.7374681088115,12.4569552636901));
#2205=CARTESIAN_POINT('',(-12.5140205096786,19.9933601402682,12.3825389201438));
#2206=CARTESIAN_POINT('',(-10.5924012921352,21.0745389957051,12.3081225765975));
#2207=CARTESIAN_POINT('',(-8.57821974097497,21.9715567288863,12.2337062330512));
#2208=CARTESIAN_POINT('',(-6.48907690241596,22.6765746965818,12.1592898895048));
#2209=CARTESIAN_POINT('',(-4.3432288763795,23.1834320570209,12.0848735459585));
#2210=CARTESIAN_POINT('',(-2.15942728446669,23.4876996067777,12.0104572024122));
#2211=CARTESIAN_POINT('',(0.0432445922109738,23.5867184856301,11.9360408588659));
#2212=CARTESIAN_POINT('',(2.24553857342745,23.4796234111702,11.8616245153195));
#2213=CARTESIAN_POINT('',(4.42820978121884,23.1673502401254,11.7872081717732));
#2214=CARTESIAN_POINT('',(6.57218481240305,22.6526277903192,11.7127918282269));
#2215=CARTESIAN_POINT('',(8.65872841265678,21.9399539947324,11.6383754846805));
#2216=CARTESIAN_POINT('',(10.6696071956584,21.0355565960465,11.5639591411342));
#2217=CARTESIAN_POINT('',(12.5872489766274,19.9473387251411,11.4895427975879));
#2218=CARTESIAN_POINT('',(14.3948963279143,18.6848098391106,11.4151264540416));
#2219=CARTESIAN_POINT('',(16.0767530147864,17.2590026223034,11.3407101104952));
#2220=CARTESIAN_POINT('',(17.6181220317725,15.682376576549,11.2662937669489));
#2221=CARTESIAN_POINT('',(19.0055340333255,13.9687091430536,11.1918774234026));
#2222=CARTESIAN_POINT('',(20.226865036506,12.1329753074048,11.1174610798562));
#2223=CARTESIAN_POINT('',(21.2714423671342,10.1912167397622,11.0430447363099));
#2224=CARTESIAN_POINT('',(22.1301379235929,8.16040161376129,10.9686283927636));
#2225=CARTESIAN_POINT('',(22.7954479432903,6.05827632911097,10.8942120492173));
#2226=CARTESIAN_POINT('',(23.2615585747395,3.90321043361591,10.8197957056709));
#2227=CARTESIAN_POINT('',(23.5243966822481,1.714036099782,10.7453793621246));
#2228=CARTESIAN_POINT('',(23.5816654392589,-0.490116441251933,10.6709630185783));
#2229=CARTESIAN_POINT('',(23.4328643993058,-2.68998607038562,10.5965466750319));
#2230=CARTESIAN_POINT('',(23.0792938691959,-4.86634909500117,10.5221303314856));
#2231=CARTESIAN_POINT('',(22.5240435462001,-7.00018723635329,10.4477139879393));
#2232=CARTESIAN_POINT('',(21.7719655185485,-9.0728538219381,10.373297644393));
#2233=CARTESIAN_POINT('',(20.8296318651665,-11.0662367305585,10.2988813008466));
#2234=CARTESIAN_POINT('',(19.7052772251692,-12.9629166661809,10.2244649573003));
#2235=CARTESIAN_POINT('',(18.4087268389738,-14.7463193774978,10.150048613754));
#2236=CARTESIAN_POINT('',(16.9513106898474,-16.4008604930164,10.0756322702076));
#2237=CARTESIAN_POINT('',(15.345764496169,-17.9120817060229,10.0012159266613));
#2238=CARTESIAN_POINT('',(13.6061184195911,-19.2667771193624,9.92679958311499));
#2239=CARTESIAN_POINT('',(11.7475744616309,-20.4531086459628,9.85238323956866));
#2240=CARTESIAN_POINT('',(9.78637362006939,-21.4607094566683,9.77796689602233));
#2241=CARTESIAN_POINT('',(7.73965396601792,-22.2807745713973,9.703550552476));
#2242=CARTESIAN_POINT('',(5.62530088185713,-22.9061378019888,9.62913420892967));
#2243=CARTESIAN_POINT('',(3.46179076875066,-23.3313343743669,9.55471786538334));
#2244=CARTESIAN_POINT('',(1.26802958950616,-23.552648682797,9.48030152183701));
#2245=CARTESIAN_POINT('',(-0.936812342313956,-23.5681467589289,9.40588517829068));
#2246=CARTESIAN_POINT('',(-3.13346788332673,-23.3776931718954,9.33146883474436));
#2247=CARTESIAN_POINT('',(-5.30274142741596,-22.9829522117827,9.25705249119802));
#2248=CARTESIAN_POINT('',(-7.42567664768689,-22.3873733461324,9.1826361476517));
#2249=CARTESIAN_POINT('',(-9.48372214746502,-21.5961610765618,9.10821980410537));
#2250=CARTESIAN_POINT('',(-11.458893572788,-20.6162294589151,9.03380346055904));
#2251=CARTESIAN_POINT('',(-13.3339307697607,-19.4561416843718,8.95938711701271));
#2252=CARTESIAN_POINT('',(-15.0924486134446,-18.1260352494873,8.88497077346638));
#2253=CARTESIAN_POINT('',(-16.7190801902544,-16.6375333690714,8.81055442992005));
#2254=CARTESIAN_POINT('',(-18.1996110826531,-15.0036434060295,8.73613808637372));
#2255=CARTESIAN_POINT('',(-19.5211035826921,-13.2386432057415,8.66172174282739));
#2256=CARTESIAN_POINT('',(-20.6720097489476,-11.3579563282547,8.58730539928106));
#2257=CARTESIAN_POINT('',(-21.6422723188983,-9.37801726857919,8.51288905573473));
#2258=CARTESIAN_POINT('',(-22.4234125949179,-7.31612784286883,8.4384727121884));
#2259=CARTESIAN_POINT('',(-23.0086045358814,-5.19030599546312,8.36405636864207));
#2260=CARTESIAN_POINT('',(-23.3927344069354,-3.01912834800078,8.28964002509574));
#2261=CARTESIAN_POINT('',(-23.5724454661764,-0.821567866498041,8.21522368154941));
#2262=CARTESIAN_POINT('',(-23.546167297741,1.38317193505219,8.14080733800309));
#2263=CARTESIAN_POINT('',(-23.3141295349792,3.57582480573842,8.06639099445676));
#2264=CARTESIAN_POINT('',(-22.8783598537896,5.73723011701903,7.99197465091043));
#2265=CARTESIAN_POINT('',(-22.2426662536521,7.84850029902329,7.9175583073641));
#2266=CARTESIAN_POINT('',(-21.4126037811959,9.89118589071282,7.84314196381777));
#2267=CARTESIAN_POINT('',(-20.3954259870919,11.8474367616028,7.76872562027144));
#2268=CARTESIAN_POINT('',(-19.2000215404652,13.7001580961971,7.69430927672511));
#2269=CARTESIAN_POINT('',(-17.8368365547269,15.4331597780584,7.61989293317878));
#2270=CARTESIAN_POINT('',(-16.3177833035866,17.0312978681107,7.54547658963245));
#2271=CARTESIAN_POINT('',(-14.6561361249338,18.4806069408592,7.47106024608612));
#2272=CARTESIAN_POINT('',(-12.8664154222409,19.7684221220978,7.3966439025398));
#2273=CARTESIAN_POINT('',(-10.9642607771471,20.8834897616714,7.32222755899346));
#2274=CARTESIAN_POINT('',(-8.96629428203689,21.8160657741728,7.24781121544714));
#2275=CARTESIAN_POINT('',(-6.88997528688901,22.5580007882166,7.17339487190081));
#2276=CARTESIAN_POINT('',(-4.75344782970046,23.1028113602098,7.09897852835448));
#2277=CARTESIAN_POINT('',(-2.57538208372279,23.4457366303122,7.02456218480815));
#2278=CARTESIAN_POINT('',(-0.37481120703397,23.5837799254955,6.95014584126182));
#2279=CARTESIAN_POINT('',(1.8290349798543,23.5157349461502,6.87572949771549));
#2280=CARTESIAN_POINT('',(4.01689803493582,23.2421963074072,6.80131315416916));
#2281=CARTESIAN_POINT('',(6.16965918575975,22.7655543430573,6.72689681062283));
#2282=CARTESIAN_POINT('',(8.26850639996963,22.0899742174767,6.65248046707651));
#2283=CARTESIAN_POINT('',(10.2950987753758,21.2213595280881,6.57806412353017));
#2284=CARTESIAN_POINT('',(12.2317268130287,20.1673007164211,6.50364777998384));
#2285=CARTESIAN_POINT('',(14.0614671727365,18.9370087385832,6.42923143643751));
#2286=CARTESIAN_POINT('',(15.7683305586885,17.5412345747685,6.35481509289119));
#2287=CARTESIAN_POINT('',(17.3374014428743,15.9921752811724,6.28039874934486));
#2288=CARTESIAN_POINT('',(18.7549684053199,14.3033674052852,6.20598240579852));
#2289=CARTESIAN_POINT('',(20.0086439521527,12.48956869596,6.1315660622522));
#2290=CARTESIAN_POINT('',(21.0874727644594,10.5666291419404,6.05714971870587));
#2291=CARTESIAN_POINT('',(21.9820274319969,8.55135246578329,5.98273337515954));
#2292=CARTESIAN_POINT('',(22.6844908351819,6.46134928352211,5.90831703161321));
#2293=CARTESIAN_POINT('',(23.1887244554588,4.31488321324323,5.83390068806688));
#2294=CARTESIAN_POINT('',(23.4903220171124,2.13071127736439,5.75948434452055));
#2295=CARTESIAN_POINT('',(23.5866479917718,-0.0720800067299474,5.68506800097422));
#2296=CARTESIAN_POINT('',(23.4768606291336,-2.27424141536489,5.61065165742789));
#2297=CARTESIAN_POINT('',(23.1619193126469,-4.45652922906998,5.53623531388156));
#2298=CARTESIAN_POINT('',(22.6445761758841,-6.59987339497532,5.46181897033524));
#2299=CARTESIAN_POINT('',(21.9293520528561,-8.68554417161168,5.3874026267889));
#2300=CARTESIAN_POINT('',(21.0224969724337,-10.6953157998789,5.31298628324258));
#2301=CARTESIAN_POINT('',(19.9319355420954,-12.6116257699346,5.23856993969625));
#2302=CARTESIAN_POINT('',(18.6671976982703,-14.4177282922385,5.16415359614992));
#2303=CARTESIAN_POINT('',(17.2393354284171,-16.097840631639,5.08973725260359));
#2304=CARTESIAN_POINT('',(15.6608261925692,-17.6372810257495,5.01532090905726));
#2305=CARTESIAN_POINT('',(13.9454638883025,-19.0225969824095,4.94090456551093));
#2306=CARTESIAN_POINT('',(12.1082383119343,-20.2416828350937,4.8664882219646));
#2307=CARTESIAN_POINT('',(10.1652041692901,-21.2838855290045,4.79207187841827));
#2308=CARTESIAN_POINT('',(8.13334078069393,-22.1400977134299,4.71765553487195));
#2309=CARTESIAN_POINT('',(6.03040370616013,-22.8028373268734,4.64323919132561));
#2310=CARTESIAN_POINT('',(3.87476958736797,-23.2663129794974,4.56882284777928));
#2311=CARTESIAN_POINT('',(1.68527556227669,-23.5264745615299,4.49440650423296));
#2312=CARTESIAN_POINT('',(-0.518945344333663,-23.5810486353919,4.41999016068663));
#2313=CARTESIAN_POINT('',(-2.71863141594615,-23.4295583022675,4.3455738171403));
#2314=CARTESIAN_POINT('',(-4.89456056397125,-23.0733273695135,4.27115747359396));
#2315=CARTESIAN_POINT('',(-7.02771830112027,-22.5154687824887,4.19674113004764));
#2316=CARTESIAN_POINT('',(-9.09946390064225,-21.7608574218947,4.12232478650131));
#2317=CARTESIAN_POINT('',(-11.091693289432,-20.8160875043389,4.04790844295498));
#2318=CARTESIAN_POINT('',(-12.9869972515581,-19.6894149583766,3.97349209940865));
#2319=CARTESIAN_POINT('',(-14.76881355974,-18.3906852795855,3.89907575586232));
#2320=CARTESIAN_POINT('',(-16.4215717053638,-16.9312474951114,3.82465941231599));
#2321=CARTESIAN_POINT('',(-17.9308289623049,-15.3238549895152,3.75024306876966));
#2322=CARTESIAN_POINT('',(-19.2833965955562,-13.5825540585567,3.67582672522333));
#2323=CARTESIAN_POINT('',(-20.4674551117794,-11.7225611647974,3.60141038167701));
#2324=CARTESIAN_POINT('',(-21.4726575446563,-9.76012996763034,3.52699403813068));
#2325=CARTESIAN_POINT('',(-22.2902198724737,-7.71240928970331,3.45257769458434));
#2326=CARTESIAN_POINT('',(-22.9129977778239,-5.59729326090401,3.37816135103802));
#2327=CARTESIAN_POINT('',(-23.3355490786507,-3.43326494943356,3.30374500749169));
#2328=CARTESIAN_POINT('',(-23.5541812850834,-1.23923484640707,3.22932866394536));
#2329=CARTESIAN_POINT('',(-23.566983866481,0.965624384606477,3.15491232039903));
#2330=CARTESIAN_POINT('',(-23.3738449467186,3.16204544905403,3.0804959768527));
#2331=CARTESIAN_POINT('',(-22.9764522818231,5.33083478980708,3.00607963330637));
#2332=CARTESIAN_POINT('',(-22.378278511419,7.4530403112101,2.93166328976004));
#2333=CARTESIAN_POINT('',(-21.5845508128471,9.51011699310832,2.85724694621371));
#2334=CARTESIAN_POINT('',(-20.6022052232065,11.4840889476035,2.78283060266738));
#2335=CARTESIAN_POINT('',(-19.4398260282117,13.3577065024818,2.70841425912106));
#2336=CARTESIAN_POINT('',(-18.1075707485206,15.1145969383066,2.63399791557472));
#2337=CARTESIAN_POINT('',(-16.6170813753062,16.7394075631634,2.5595815720284));
#2338=CARTESIAN_POINT('',(-14.9813826446955,18.2179398702595,2.48516522848207));
#2339=CARTESIAN_POINT('',(-13.2147681879513,19.5372736229481,2.41074888493574));
#2340=CARTESIAN_POINT('',(-11.3326757465648,20.6858797197249,2.33633254138941));
#2341=CARTESIAN_POINT('',(-9.35155181762336,21.6537210885128,2.26191619784311));
#2342=CARTESIAN_POINT('',(-7.97632368472584,22.1728002623867,2.21230530214559));
#2343=CARTESIAN_POINT('',(-7.27809363370243,22.3996689584659,2.18749985429684));
#2344=CARTESIAN_POINT('',(17.0367925277559,17.036805005234,21.));
#2345=CARTESIAN_POINT('',(17.5678543595246,16.5057435624063,20.9751945521512));
#2346=CARTESIAN_POINT('',(18.580279181513,15.3939233636008,20.9255836564537));
#2347=CARTESIAN_POINT('',(19.9365521591494,13.5916717153303,20.8511673129073));
#2348=CARTESIAN_POINT('',(21.1186082124385,11.6706485973443,20.776750969361));
#2349=CARTESIAN_POINT('',(22.1161180870693,9.64764077194369,20.7023346258147));
#2350=CARTESIAN_POINT('',(22.9203649260389,7.54032647144405,20.6279182822684));
#2351=CARTESIAN_POINT('',(23.5243207854562,5.36712057285716,20.553501938722));
#2352=CARTESIAN_POINT('',(23.9227079567368,3.14701377029795,20.4790855951757));
#2353=CARTESIAN_POINT('',(24.1120451108044,0.899406599037516,20.4046692516294));
#2354=CARTESIAN_POINT('',(24.0906777132943,-1.3560600906382,20.330252908083));
#2355=CARTESIAN_POINT('',(23.8587924845693,-3.59967676794415,20.2558365645367));
#2356=CARTESIAN_POINT('',(23.4184157675792,-5.81183745403854,20.1814202209904));
#2357=CARTESIAN_POINT('',(22.7733958206678,-7.97321105017116,20.1070038774441));
#2358=CARTESIAN_POINT('',(21.9293691893033,-10.0649102636145,20.0325875338977));
#2359=CARTESIAN_POINT('',(20.8937114507966,-12.0686566554124,19.9581711903514));
#2360=CARTESIAN_POINT('',(19.6754727623745,-13.9669403676123,19.8837548468051));
#2361=CARTESIAN_POINT('',(18.2852987758389,-15.743173134209,19.8093385032588));
#2362=CARTESIAN_POINT('',(16.7353376099005,-17.3818332387014,19.7349221597124));
#2363=CARTESIAN_POINT('',(15.0391336931151,-18.8686011515424,19.6605058161661));
#2364=CARTESIAN_POINT('',(13.2115094050825,-20.1904846622064,19.5860894726198));
#2365=CARTESIAN_POINT('',(11.2684355501946,-21.3359324123997,19.5116731290734));
#2366=CARTESIAN_POINT('',(9.22689179580311,-22.2949348382972,19.4372567855271));
#2367=CARTESIAN_POINT('',(7.10471829437935,-23.0591116397161,19.3628404419808));
#2368=CARTESIAN_POINT('',(4.92045978627194,-23.6217850118711,19.2884240984345));
#2369=CARTESIAN_POINT('',(2.69320354538193,-23.9780379997722,19.2140077548881));
#2370=CARTESIAN_POINT('',(0.442412583875658,-24.1247574653302,19.1395914113418));
#2371=CARTESIAN_POINT('',(-1.81224442651373,-24.0606612917008,19.0651750677955));
#2372=CARTESIAN_POINT('',(-4.05106503035319,-23.7863095871391,18.9907587242491));
#2373=CARTESIAN_POINT('',(-6.25448515959757,-23.3040997904607,18.9163423807028));
#2374=CARTESIAN_POINT('',(-8.40325009537093,-22.6182457208782,18.8419260371565));
#2375=CARTESIAN_POINT('',(-10.4785827264816,-21.7347407552899,18.7675096936102));
#2376=CARTESIAN_POINT('',(-12.4623476343338,-20.6613054547962,18.6930933500638));
#2377=CARTESIAN_POINT('',(-14.3372095703703,-19.407320098114,18.6186770065175));
#2378=CARTESIAN_POINT('',(-16.0867849411808,-17.9837427114485,18.5442606629712));
#2379=CARTESIAN_POINT('',(-17.695784977515,-16.4030133111246,18.4698443194249));
#2380=CARTESIAN_POINT('',(-19.1501493361095,-14.6789451957585,18.3954279758785));
#2381=CARTESIAN_POINT('',(-20.4371689668397,-12.8266042379197,18.3210116323322));
#2382=CARTESIAN_POINT('',(-21.5455971715165,-10.8621772301007,18.2465952887859));
#2383=CARTESIAN_POINT('',(-22.4657478838323,-8.80283043546002,18.1721789452395));
#2384=CARTESIAN_POINT('',(-23.1895803116323,-6.66655957940333,18.0977626016932));
#2385=CARTESIAN_POINT('',(-23.7107692018584,-4.47203259285775,18.0233462581469));
#2386=CARTESIAN_POINT('',(-24.0247601141525,-2.23842648143867,17.9489299146006));
#2387=CARTESIAN_POINT('',(-24.1288092201064,0.0147402539633381,17.8745135710542));
#2388=CARTESIAN_POINT('',(-24.0220072803708,2.26777818077253,17.8000972275079));
#2389=CARTESIAN_POINT('',(-23.7052875900981,4.50099899201479,17.7256808839616));
#2390=CARTESIAN_POINT('',(-23.1814178232863,6.69488755376821,17.6512645404152));
#2391=CARTESIAN_POINT('',(-22.4549758472944,8.83027243933073,17.5768481968689));
#2392=CARTESIAN_POINT('',(-21.5323097188735,10.8884934598815,17.5024318533226));
#2393=CARTESIAN_POINT('',(-20.4214822112931,12.8515647276592,17.4280155097763));
#2394=CARTESIAN_POINT('',(-19.1322003573129,14.702331826721,17.3535991662299));
#2395=CARTESIAN_POINT('',(-17.6757306236956,16.4246217178335,17.2791828226836));
#2396=CARTESIAN_POINT('',(-16.0648004585114,18.0033840675466,17.2047664791373));
#2397=CARTESIAN_POINT('',(-14.3134870715705,19.4248227664337,17.1303501355909));
#2398=CARTESIAN_POINT('',(-12.4370944198814,20.6765164872212,17.0559337920446));
#2399=CARTESIAN_POINT('',(-10.4520194731048,21.7475272293016,16.9815174484983));
#2400=CARTESIAN_POINT('',(-8.37560892765156,22.6284959011071,16.907101104952));
#2401=CARTESIAN_POINT('',(-6.22600762153663,23.3117241050924,16.8326847614056));
#2402=CARTESIAN_POINT('',(-4.02199997462402,23.7912414106432,16.7582684178593));
#2403=CARTESIAN_POINT('',(-1.78284583984802,24.0628575270418,16.683852074313));
#2404=CARTESIAN_POINT('',(0.471887800166133,24.1241989205742,16.6094357307667));
#2405=CARTESIAN_POINT('',(2.72249782035283,23.9747295557959,16.5350193872203));
#2406=CARTESIAN_POINT('',(4.94931713014548,23.6157555797105,16.460603043674));
#2407=CARTESIAN_POINT('',(7.13288653552634,23.0504139079255,16.3861867001277));
#2408=CARTESIAN_POINT('',(9.25412478435984,22.2836448125273,16.3117703565813));
#2409=CARTESIAN_POINT('',(11.2944953090581,21.3221487512174,16.237354013035));
#2410=CARTESIAN_POINT('',(13.236168209488,20.1743278149612,16.1629376694887));
#2411=CARTESIAN_POINT('',(15.0621760606221,18.8502123058123,16.0885213259424));
#2412=CARTESIAN_POINT('',(16.7565621833995,17.3613730865172,16.014104982396));
#2413=CARTESIAN_POINT('',(18.304520083122,15.7208204678369,15.9396886388497));
#2414=CARTESIAN_POINT('',(19.6925228368958,13.9428905171673,15.8652722953034));
#2415=CARTESIAN_POINT('',(20.908441299458,12.0431197819541,15.7908559517571));
#2416=CARTESIAN_POINT('',(21.9416500944394,10.0381095226424,15.7164396082107));
#2417=CARTESIAN_POINT('',(22.7831204648528,7.94538064156673,15.6420232646644));
#2418=CARTESIAN_POINT('',(23.4254991714272,5.78322057549584,15.5676069211181));
#2419=CARTESIAN_POINT('',(23.8631727493302,3.57052348977046,15.4931905775717));
#2420=CARTESIAN_POINT('',(24.0923165617662,1.32662517050681,15.4187742340254));
#2421=CARTESIAN_POINT('',(24.1109282217951,-0.928865942329354,15.3443578904791));
#2422=CARTESIAN_POINT('',(23.9188450903102,-3.17624010445076,15.2699415469328));
#2423=CARTESIAN_POINT('',(23.5177456972696,-5.39585850203049,15.1955252033864));
#2424=CARTESIAN_POINT('',(22.911135073762,-7.56832486665381,15.1211088598401));
#2425=CARTESIAN_POINT('',(22.1043141230821,-9.67465497077234,15.0466925162938));
#2426=CARTESIAN_POINT('',(21.1043332984696,-11.6964425225144,14.9722761727474));
#2427=CARTESIAN_POINT('',(19.9199309923008,-13.61602001017,14.8978598292011));
#2428=CARTESIAN_POINT('',(18.5614571751232,-15.4166130908006,14.8234434856548));
#2429=CARTESIAN_POINT('',(17.0407829518172,-17.0824871738407,14.7490271421085));
#2430=CARTESIAN_POINT('',(15.3711968252349,-18.5990849187605,14.6746107985621));
#2431=CARTESIAN_POINT('',(13.5672885738211,-19.9531534452587,14.6001944550158));
#2432=CARTESIAN_POINT('',(11.6448217579599,-21.1328601443515,14.5257781114695));
#2433=CARTESIAN_POINT('',(9.62059596915745,-22.1278960783354,14.4513617679231));
#2434=CARTESIAN_POINT('',(7.51230002580456,-22.929566066057,14.3769454243768));
#2435=CARTESIAN_POINT('',(5.33835739837686,-23.5308646662755,14.3025290808305));
#2436=CARTESIAN_POINT('',(3.11776521483372,-23.9265373951299,14.2281127372842));
#2437=CARTESIAN_POINT('',(0.869928253076919,-24.1131266427619,14.1536963937378));
#2438=CARTESIAN_POINT('',(-1.38551062886429,-24.0890018878467,14.0792800501915));
#2439=CARTESIAN_POINT('',(-3.62884214312545,-23.8543739460011,14.0048637066452));
#2440=CARTESIAN_POINT('',(-5.84046280280027,-23.4112931275588,13.9304473630989));
#2441=CARTESIAN_POINT('',(-8.00104622818612,-22.763631320811,13.8560310195525));
#2442=CARTESIAN_POINT('',(-10.0917120315114,-21.9170481572776,13.7816146760062));
#2443=CARTESIAN_POINT('',(-12.0941908043359,-20.8789415546788,13.7071983324599));
#2444=CARTESIAN_POINT('',(-13.9909837658715,-19.6583830697872,13.6327819889135));
#2445=CARTESIAN_POINT('',(-15.7655156771271,-18.2660386260852,13.5583656453672));
#2446=CARTESIAN_POINT('',(-17.4022796846277,-16.7140753089536,13.4839493018209));
#2447=CARTESIAN_POINT('',(-18.8869728279837,-15.0160550428661,13.4095329582746));
#2448=CARTESIAN_POINT('',(-20.2066210271668,-13.1868160797001,13.3351166147282));
#2449=CARTESIAN_POINT('',(-21.3496924572868,-11.2423433337827,13.2607002711819));
#2450=CARTESIAN_POINT('',(-22.3061983201339,-9.19962869675898,13.1862839276356));
#2451=CARTESIAN_POINT('',(-23.0677801318913,-7.07652255292811,13.1118675840892));
#2452=CARTESIAN_POINT('',(-23.6277827642463,-4.89157779259036,13.0374512405429));
#2453=CARTESIAN_POINT('',(-23.9813126006287,-2.66388768650304,12.9630348969966));
#2454=CARTESIAN_POINT('',(-24.1252802993722,-0.412919038189503,12.8886185534503));
#2455=CARTESIAN_POINT('',(-24.0584277901116,1.84165792789028,12.8142022099039));
#2456=CARTESIAN_POINT('',(-23.7813392675064,4.08014145577526,12.7397858663576));
#2457=CARTESIAN_POINT('',(-23.2964360862204,6.28297042297872,12.6653695228113));
#2458=CARTESIAN_POINT('',(-22.6079556017692,8.43089527652966,12.590953179265));
#2459=CARTESIAN_POINT('',(-21.7219141421348,10.5051462463452,12.5165368357186));
#2460=CARTESIAN_POINT('',(-20.646054433723,12.4875973659918,12.4421204921723));
#2461=CARTESIAN_POINT('',(-19.3897779410844,14.360924867529,12.367704148626));
#2462=CARTESIAN_POINT('',(-17.9640627116533,16.1087585662945,12.2932878050796));
#2463=CARTESIAN_POINT('',(-16.3813674434216,17.7158249127435,12.2188714615333));
#2464=CARTESIAN_POINT('',(-14.6555226138601,19.1680804612776,12.144455117987));
#2465=CARTESIAN_POINT('',(-12.8016096214619,20.4528345897352,12.0700387744407));
#2466=CARTESIAN_POINT('',(-10.8358289960375,21.5588603971548,11.9956224308943));
#2467=CARTESIAN_POINT('',(-8.77535882941431,22.4764928107211,11.921206087348));
#2468=CARTESIAN_POINT('',(-6.63820466365113,23.1977130445839,11.8467897438017));
#2469=CARTESIAN_POINT('',(-4.44304214853001,23.7162186724984,11.7723734002553));
#2470=CARTESIAN_POINT('',(-2.20905384327088,24.0274787019551,11.697957056709));
#2471=CARTESIAN_POINT('',(0.0442384114119064,24.1287731685292,11.6235407131627));
#2472=CARTESIAN_POINT('',(2.29714408608485,24.0192169044526,11.5491243696164));
#2473=CARTESIAN_POINT('',(4.52997602946703,23.6997672737061,11.47470802607));
#2474=CARTESIAN_POINT('',(6.72322250578169,23.1732158060362,11.4002916825237));
#2475=CARTESIAN_POINT('',(8.85771769922883,22.4441638030056,11.3258753389774));
#2476=CARTESIAN_POINT('',(10.9148091956154,21.5189821292431,11.2514589954311));
#2477=CARTESIAN_POINT('',(12.876520977595,20.405755540262,11.1770426518847));
#2478=CARTESIAN_POINT('',(14.7257105091725,19.1142120333386,11.1026263083384));
#2479=CARTESIAN_POINT('',(16.4462185367829,17.6556378388252,11.0282099647921));
#2480=CARTESIAN_POINT('',(18.0230102978968,16.0427787947501,10.9537936212457));
#2481=CARTESIAN_POINT('',(19.4423069031945,14.2897289665471,10.8793772776994));
#2482=CARTESIAN_POINT('',(20.6917057442155,12.4118074852206,10.8049609341531));
#2483=CARTESIAN_POINT('',(21.7602888742966,10.4254246802009,10.7305445906068));
#2484=CARTESIAN_POINT('',(22.638718415703,8.34793867669655,10.6561282470604));
#2485=CARTESIAN_POINT('',(23.3193181592327,6.19750371067706,10.5817119035141));
#2486=CARTESIAN_POINT('',(23.7961406432306,3.9929114869935,10.5072955599678));
#2487=CARTESIAN_POINT('',(24.0650191258388,1.75342696693933,10.4328792164214));
#2488=CARTESIAN_POINT('',(24.12360399632,-0.501379979768673,10.3584628728751));
#2489=CARTESIAN_POINT('',(23.9713833072717,-2.75180558746994,10.2840465293288));
#2490=CARTESIAN_POINT('',(23.6096872483098,-4.97818437709748,10.2096301857825));
#2491=CARTESIAN_POINT('',(23.0416765221258,-7.1610610041454,10.1352138422361));
#2492=CARTESIAN_POINT('',(22.2723147244983,-9.28136027036313,10.0607974986898));
#2493=CARTESIAN_POINT('',(21.3083249696124,-11.3205538135186,9.98638115514348));
#2494=CARTESIAN_POINT('',(20.1581311397243,-13.2608220186026,9.91196481159714));
#2495=CARTESIAN_POINT('',(18.831784272561,-15.085209735602,9.83754846805082));
#2496=CARTESIAN_POINT('',(17.3408747297246,-16.7777744430951,9.76313212450449));
#2497=CARTESIAN_POINT('',(15.6984309136226,-18.3237255629306,9.68871578095816));
#2498=CARTESIAN_POINT('',(13.9188054179928,-19.7095537085808,9.61429943741183));
#2499=CARTESIAN_POINT('',(12.0175496069023,-20.9231487377264,9.5398830938655));
#2500=CARTESIAN_POINT('',(10.0112777182206,-21.9539055774602,9.46546675031917));
#2501=CARTESIAN_POINT('',(7.91752167910628,-22.792816897353,9.39105040677284));
#2502=CARTESIAN_POINT('',(5.7545779022101,-23.4325518205502,9.31663406322651));
#2503=CARTESIAN_POINT('',(3.54134740137681,-23.8675199850789,9.24221771968018));
#2504=CARTESIAN_POINT('',(1.29717062400255,-24.0939203955604,9.16780137613385));
#2505=CARTESIAN_POINT('',(-0.958341556624045,-24.1097746384371,9.09338503258753));
#2506=CARTESIAN_POINT('',(-3.20547921211355,-23.9149441704572,9.01896868904119));
#2507=CARTESIAN_POINT('',(-5.42460559536643,-23.5111315293436,8.94455234549487));
#2508=CARTESIAN_POINT('',(-7.59632873746465,-22.9018654560659,8.87013600194854));
#2509=CARTESIAN_POINT('',(-9.70167090555438,-22.0924700587258,8.79571965840221));
#2510=CARTESIAN_POINT('',(-11.7222344409022,-21.0900182875194,8.72130331485588));
#2511=CARTESIAN_POINT('',(-13.6403625279387,-19.903270127338,8.64688697130955));
#2512=CARTESIAN_POINT('',(-15.4392934893995,-18.5425960481148,8.57247062776322));
#2513=CARTESIAN_POINT('',(-17.1033072592472,-17.0198863818523,8.49805428421689));
#2514=CARTESIAN_POINT('',(-18.6178627534102,-15.3484474182426,8.42363794067056));
#2515=CARTESIAN_POINT('',(-19.969724937918,-13.542885126858,8.34922159712423));
#2516=CARTESIAN_POINT('',(-21.1470804840385,-11.6189775220101,8.2748052535779));
#2517=CARTESIAN_POINT('',(-22.1396409997592,-9.59353678562596,8.20038891003158));
#2518=CARTESIAN_POINT('',(-22.9387329355179,-7.48426235298862,8.12597256648524));
#2519=CARTESIAN_POINT('',(-23.5373733785351,-5.309586245161,8.05155622293892));
#2520=CARTESIAN_POINT('',(-23.9303310734161,-3.08851199966492,7.97713987939258));
#2521=CARTESIAN_POINT('',(-24.1141721357895,-0.840448606929396,7.90272353584626));
#2522=CARTESIAN_POINT('',(-24.0872900595122,1.41495909633562,7.82830719229993));
#2523=CARTESIAN_POINT('',(-23.849919755219,3.65800209472238,7.7538908487536));
#2524=CARTESIAN_POINT('',(-23.4041354975423,5.8690794225379,7.67947450520727));
#2525=CARTESIAN_POINT('',(-22.7538327989389,8.02886944801753,7.60505816166094));
#2526=CARTESIAN_POINT('',(-21.9046943685207,10.1184987165623,7.53064181811461));
#2527=CARTESIAN_POINT('',(-20.8641404533607,12.1197068775534,7.45622547456828));
#2528=CARTESIAN_POINT('',(-19.6412639962189,14.0150062535203,7.38180913102195));
#2529=CARTESIAN_POINT('',(-18.2467511763172,15.7878346572588,7.30739278747562));
#2530=CARTESIAN_POINT('',(-16.6927880275218,17.4227001214967,7.23297644392929));
#2531=CARTESIAN_POINT('',(-14.9929539499553,18.9053162763784,7.15856010038297));
#2532=CARTESIAN_POINT('',(-13.1621030455955,20.2227271917638,7.08414375683664));
#2533=CARTESIAN_POINT('',(-11.2162343148141,21.3634205934013,7.00972741329031));
#2534=CARTESIAN_POINT('',(-9.17235184815359,22.3174284636257,6.93531106974398));
#2535=CARTESIAN_POINT('',(-7.04831623506253,23.0764141474782,6.86089472619765));
#2536=CARTESIAN_POINT('',(-4.86268848806399,23.6337452030656,6.78647838265132));
#2537=CARTESIAN_POINT('',(-2.63456784623514,23.9845513595514,6.71206203910499));
#2538=CARTESIAN_POINT('',(-0.383424875361744,24.1257670763093,6.63764569555866));
#2539=CARTESIAN_POINT('',(1.8710686767681,24.0561583313337,6.56322935201233));
#2540=CARTESIAN_POINT('',(4.10921178311115,23.7763334048149,6.488813008466));
#2541=CARTESIAN_POINT('',(6.31144629597474,23.2887375636466,6.41439666491967));
#2542=CARTESIAN_POINT('',(8.45852785706272,22.597631693314,6.33998032137335));
#2543=CARTESIAN_POINT('',(10.531694065454,21.7090550638911,6.26556397782701));
#2544=CARTESIAN_POINT('',(12.5128284339677,20.6307725555168,6.19114763428069));
#2545=CARTESIAN_POINT('',(14.3846187011722,19.3722068045245,6.11673129073436));
#2546=CARTESIAN_POINT('',(16.1307081156193,17.9443558631697,6.04231494718803));
#2547=CARTESIAN_POINT('',(17.7358383702975,16.359697092491,5.9678986036417));
#2548=CARTESIAN_POINT('',(19.1859829382623,14.6320781281432,5.89348226009537));
#2549=CARTESIAN_POINT('',(20.4684696442825,12.7765958720023,5.81906591654904));
#2550=CARTESIAN_POINT('',(21.5720914014031,10.8094645669842,5.74464957300271));
#2551=CARTESIAN_POINT('',(22.4872041447468,8.74787410791091,5.67023322945638));
#2552=CARTESIAN_POINT('',(23.2058111067526,6.60983982658401,5.59581688591005));
#2553=CARTESIAN_POINT('',(23.7216326974084,4.4140450637281,5.52140054236372));
#2554=CARTESIAN_POINT('',(24.0301613788252,2.17967790349786,5.44698419881739));
#2555=CARTESIAN_POINT('',(24.1287010546266,-0.0737365027454978,5.37256785527106));
#2556=CARTESIAN_POINT('',(24.0163906299492,-2.32650655813973,5.29815151172474));
#2557=CARTESIAN_POINT('',(23.6942115361709,-4.55894629652111,5.22373516817841));
#2558=CARTESIAN_POINT('',(23.1649791546147,-6.75154740941979,5.14931882463208));
#2559=CARTESIAN_POINT('',(22.4333182141699,-8.88514972058267,5.07490248108575));
#2560=CARTESIAN_POINT('',(21.5056223778215,-10.9411086183221,5.00048613753942));
#2561=CARTESIAN_POINT('',(20.3899983712429,-12.9014579825727,4.92606979399309));
#2562=CARTESIAN_POINT('',(19.096195141688,-14.7490671829085,4.85165345044676));
#2563=CARTESIAN_POINT('',(17.6355186662309,-16.4677907755837,4.77723710690043));
#2564=CARTESIAN_POINT('',(16.0207331538076,-18.0426095914606,4.7028207633541));
#2565=CARTESIAN_POINT('',(14.2659495044113,-19.4597619819196,4.62840441980777));
#2566=CARTESIAN_POINT('',(12.3865020001468,-20.7068640758502,4.55398807626144));
#2567=CARTESIAN_POINT('',(10.3988143056872,-21.7730179968513,4.47957173271511));
#2568=CARTESIAN_POINT('',(8.32025594909578,-22.6489070949773,4.40515538916879));
#2569=CARTESIAN_POINT('',(6.16899053716365,-23.326877360842,4.33073904562245));
#2570=CARTESIAN_POINT('',(3.96381703164332,-23.8010043106385,4.25632270207613));
#2571=CARTESIAN_POINT('',(1.72400547339442,-24.067144757596,4.1819063585298));
#2572=CARTESIAN_POINT('',(-0.53087141002339,-24.1229730174661,4.10749001498347));
#2573=CARTESIAN_POINT('',(-2.78110924180343,-23.9680012316533,4.03307367143714));
#2574=CARTESIAN_POINT('',(-5.00704418376981,-23.6035836303972,3.95865732789081));
#2575=CARTESIAN_POINT('',(-7.18922477000607,-23.0329046987502,3.88424098434448));
#2576=CARTESIAN_POINT('',(-9.30858188465595,-22.2609513487639,3.80982464079815));
#2577=CARTESIAN_POINT('',(-11.3465953985354,-21.2944693410592,3.73540829725182));
#2578=CARTESIAN_POINT('',(-13.2854560083917,-20.1419043365931,3.66099195370549));
#2579=CARTESIAN_POINT('',(-15.108220864567,-18.8133280937435,3.58657561015917));
#2580=CARTESIAN_POINT('',(-16.7989616271063,-17.3203504556457,3.51215926661283));
#2581=CARTESIAN_POINT('',(-18.3429036565104,-15.6760178968816,3.43774292306651));
#2582=CARTESIAN_POINT('',(-19.726555122809,-13.89469951608,3.36332657952018));
#2583=CARTESIAN_POINT('',(-20.9378249047256,-11.9919614706865,3.28891023597385));
#2584=CARTESIAN_POINT('',(-21.9661282486654,-9.98443095116395,3.21449389242752));
#2585=CARTESIAN_POINT('',(-22.8024792642193,-7.88965088329186,3.14007754888119));
#2586=CARTESIAN_POINT('',(-23.4395694479055,-5.72592662825779,3.06566120533486));
#2587=CARTESIAN_POINT('',(-23.8718315489658,-3.51216602016145,2.99124486178853));
#2588=CARTESIAN_POINT('',(-24.0954882191196,-1.26771413877306,2.9168285182422));
#2589=CARTESIAN_POINT('',(-24.1085850211484,0.987815738605818,2.84241217469587));
#2590=CARTESIAN_POINT('',(-23.9110075078626,3.2347135289416,2.76799583114954));
#2591=CARTESIAN_POINT('',(-23.5044822222048,5.45334458121094,2.69357948760321));
#2592=CARTESIAN_POINT('',(-22.8925616097535,7.62432125497461,2.61916314405688));
#2593=CARTESIAN_POINT('',(-22.0805929754525,9.7286723404396,2.54474680051056));
#2594=CARTESIAN_POINT('',(-21.0756717559117,11.7480088394981,2.47033045696423));
#2595=CARTESIAN_POINT('',(-19.8865795153385,13.6646846591454,2.3959141134179));
#2596=CARTESIAN_POINT('',(-18.5237072079497,15.461950812714,2.32149776987157));
#2597=CARTESIAN_POINT('',(-16.9989643736167,17.1241017826707,2.24708142632524));
#2598=CARTESIAN_POINT('',(-15.3256750745139,18.6366127613386,2.17266508277891));
#2599=CARTESIAN_POINT('',(-13.518461428877,19.9862665875629,2.09824873923258));
#2600=CARTESIAN_POINT('',(-11.5931159583706,21.1612692054982,2.02383239568625));
#2601=CARTESIAN_POINT('',(-9.56646312282267,22.1513528775795,1.94941605213995));
#2602=CARTESIAN_POINT('',(-8.15963038795622,22.682361192727,1.89980515644243));
#2603=CARTESIAN_POINT('',(-7.44535406626873,22.914443638196,1.87499970859368));
#2604=FACE_BOUND('',#2605,.T.);
#2605=EDGE_LOOP('',(#3807,#3808,#3809,#3810));
#2606=PLANE('',#2607);
#2607=AXIS2_PLACEMENT_3D('',#2608,#2609,#2610);
#2608=CARTESIAN_POINT('',(0.,0.,21.));
#2609=DIRECTION('',(0.,0.,1.));
#2610=DIRECTION('',(0.,-1.,0.));
#2611=FACE_BOUND('',#2612,.T.);
#2612=EDGE_LOOP('',(#3811,#3812,#3813,#3814));
#2613=PLANE('',#2614);
#2614=AXIS2_PLACEMENT_3D('',#2615,#2616,#2617);
#2615=CARTESIAN_POINT('',(8.83974596215557,-35.3108891324554,7.));
#2616=DIRECTION('',(-0.353553390593274,0.612372435695795,0.707106781186547));
#2617=DIRECTION('',(0.866025403784439,0.499999999999999,-3.14018491736755E-17));
#2618=FACE_BOUND('',#2619,.T.);
#2619=EDGE_LOOP('',(#3815,#3816,#3817,#3818));
#2620=PLANE('',#2621);
#2621=AXIS2_PLACEMENT_3D('',#2622,#2623,#2624);
#2622=CARTESIAN_POINT('',(15.7679491924311,-31.3108891324554,5.));
#2623=DIRECTION('',(0.499999999999999,-0.866025403784439,0.));
#2624=DIRECTION('',(0.866025403784439,0.499999999999999,0.));
#2625=FACE_BOUND('',#2626,.T.);
#2626=EDGE_LOOP('',(#3819,#3820,#3821,#3822));
#2627=PLANE('',#2628);
#2628=AXIS2_PLACEMENT_3D('',#2629,#2630,#2631);
#2629=CARTESIAN_POINT('',(-6.55253467629871,-19.4455672058744,23.));
#2630=DIRECTION('',(-0.331907864640535,-0.624369417404282,0.707106781186546));
#2631=DIRECTION('',(0.882991698024122,-0.469388603632936,0.));
#2632=FACE_BOUND('',#2633,.T.);
#2633=EDGE_LOOP('',(#3823,#3824,#3825,#3826,#3827,#3828,#3829,#3830,#3831,#3832,
#3833,#3834,#3835,#3836,#3837,#3838,#3839,#3840,#3841,#3842,#3843,#3844,#3845,#3846));
#2634=PLANE('',#2635);
#2635=AXIS2_PLACEMENT_3D('',#2636,#2637,#2638);
#2636=CARTESIAN_POINT('',(0.,0.,25.));
#2637=DIRECTION('',(0.,0.,1.));
#2638=DIRECTION('',(-1.,1.22464679914735E-16,0.));
#2639=FACE_BOUND('',#2640,.T.);
#2640=EDGE_LOOP('',(#3847,#3848,#3849,#3850));
#2641=PLANE('',#2642);
#2642=AXIS2_PLACEMENT_3D('',#2643,#2644,#2645);
#2643=CARTESIAN_POINT('',(-22.8318827766241,-35.0659979615188,23.));
#2644=DIRECTION('',(0.331907864640533,-0.624369417404281,0.707106781186547));
#2645=DIRECTION('',(0.882991698024123,0.469388603632935,-9.11235089525622E-17));
#2646=FACE_BOUND('',#2647,.T.);
#2647=EDGE_LOOP('',(#3851,#3852,#3853,#3854));
#2648=PLANE('',#2649);
#2649=AXIS2_PLACEMENT_3D('',#2650,#2651,#2652);
#2650=CARTESIAN_POINT('',(-19.2320508075689,-29.3108891324553,5.));
#2651=DIRECTION('',(-0.5,-0.866025403784438,0.));
#2652=DIRECTION('',(0.866025403784438,-0.5,0.));
#2653=FACE_BOUND('',#2654,.T.);
#2654=EDGE_LOOP('',(#3855,#3856,#3857,#3858));
#2655=PLANE('',#2656);
#2656=AXIS2_PLACEMENT_3D('',#2657,#2658,#2659);
#2657=CARTESIAN_POINT('',(-26.1602540378444,-25.3108891324553,7.));
#2658=DIRECTION('',(0.353553390593275,0.612372435695797,0.707106781186545));
#2659=DIRECTION('',(0.866025403784438,-0.500000000000001,0.));
#2660=FACE_BOUND('',#2661,.T.);
#2661=EDGE_LOOP('',(#3859,#3860,#3861,#3862));
#2662=PLANE('',#2663);
#2663=AXIS2_PLACEMENT_3D('',#2664,#2665,#2666);
#2664=CARTESIAN_POINT('',(-20.1166225294342,-4.0481221140841,23.));
#2665=DIRECTION('',(-0.706673709138464,-0.0247440662075916,0.707106781186548));
#2666=DIRECTION('',(0.0349933940190336,-0.999387543636115,-2.15273537006905E-16));
#2667=FACE_BOUND('',#2668,.T.);
#2668=EDGE_LOOP('',(#3863,#3864,#3865,#3866));
#2669=PLANE('',#2670);
#2670=AXIS2_PLACEMENT_3D('',#2671,#2672,#2673);
#2671=CARTESIAN_POINT('',(-41.7839864320407,2.23999152002548,23.));
#2672=DIRECTION('',(-0.37476584449793,-0.599625351196687,0.707106781186549));
#2673=DIRECTION('',(0.847998304005088,-0.529998940003181,1.2886810221174E-16));
#2674=FACE_BOUND('',#2675,.T.);
#2675=EDGE_LOOP('',(#3867,#3868,#3869,#3870));
#2676=PLANE('',#2677);
#2677=AXIS2_PLACEMENT_3D('',#2678,#2679,#2680);
#2678=CARTESIAN_POINT('',(-35.,2.00000000000003,5.));
#2679=DIRECTION('',(-1.,4.49810398576173E-16,0.));
#2680=DIRECTION('',(-4.49810398576173E-16,-1.,0.));
#2681=FACE_BOUND('',#2682,.T.);
#2682=EDGE_LOOP('',(#3871,#3872,#3873,#3874));
#2683=PLANE('',#2684);
#2684=AXIS2_PLACEMENT_3D('',#2685,#2686,#2687);
#2685=CARTESIAN_POINT('',(-35.,10.,7.));
#2686=DIRECTION('',(0.707106781186547,-5.02429586778808E-16,0.707106781186547));
#2687=DIRECTION('',(-7.105427357601E-16,-1.,0.));
#2688=FACE_BOUND('',#2689,.T.);
#2689=EDGE_LOOP('',(#3875,#3876,#3877,#3878));
#2690=PLANE('',#2691);
#2691=AXIS2_PLACEMENT_3D('',#2692,#2693,#2694);
#2692=CARTESIAN_POINT('',(-13.5640878531355,15.3974450917903,23.));
#2693=DIRECTION('',(-0.374765844497929,0.599625351196687,0.70710678118655));
#2694=DIRECTION('',(-0.847998304005088,-0.529998940003179,-1.82247017905124E-16));
#2695=FACE_BOUND('',#2696,.T.);
#2696=EDGE_LOOP('',(#3879,#3880,#3881,#3882));
#2697=PLANE('',#2698);
#2698=AXIS2_PLACEMENT_3D('',#2699,#2700,#2701);
#2699=CARTESIAN_POINT('',(-18.9521036554166,37.3059894815443,23.));
#2700=DIRECTION('',(-0.706673709138464,0.0247440662075925,0.707106781186548));
#2701=DIRECTION('',(-0.0349933940190351,-0.999387543636116,0.));
#2702=FACE_BOUND('',#2703,.T.);
#2703=EDGE_LOOP('',(#3883,#3884,#3885,#3886));
#2704=PLANE('',#2705);
#2705=AXIS2_PLACEMENT_3D('',#2706,#2707,#2708);
#2706=CARTESIAN_POINT('',(-15.7679491924311,31.3108891324554,5.));
#2707=DIRECTION('',(-0.5,0.866025403784439,0.));
#2708=DIRECTION('',(-0.866025403784439,-0.5,0.));
#2709=FACE_BOUND('',#2710,.T.);
#2710=EDGE_LOOP('',(#3887,#3888,#3889,#3890));
#2711=PLANE('',#2712);
#2712=AXIS2_PLACEMENT_3D('',#2713,#2714,#2715);
#2713=CARTESIAN_POINT('',(-8.83974596215559,35.3108891324554,7.));
#2714=DIRECTION('',(0.353553390593275,-0.612372435695797,0.707106781186545));
#2715=DIRECTION('',(-0.866025403784439,-0.5,0.));
#2716=FACE_BOUND('',#2717,.T.);
#2717=EDGE_LOOP('',(#3891,#3892,#3893,#3894));
#2718=PLANE('',#2719);
#2719=AXIS2_PLACEMENT_3D('',#2720,#2721,#2722);
#2720=CARTESIAN_POINT('',(6.55253467629869,19.4455672058744,23.));
#2721=DIRECTION('',(0.331907864640534,0.624369417404281,0.707106781186548));
#2722=DIRECTION('',(-0.882991698024122,0.469388603632936,0.));
#2723=FACE_BOUND('',#2724,.T.);
#2724=EDGE_LOOP('',(#3895,#3896,#3897,#3898));
#2725=PLANE('',#2726);
#2726=AXIS2_PLACEMENT_3D('',#2727,#2728,#2729);
#2727=CARTESIAN_POINT('',(22.8318827766241,35.0659979615188,23.));
#2728=DIRECTION('',(-0.331907864640534,0.624369417404283,0.707106781186545));
#2729=DIRECTION('',(-0.882991698024123,-0.469388603632935,9.11235089525624E-17));
#2730=FACE_BOUND('',#2731,.T.);
#2731=EDGE_LOOP('',(#3899,#3900,#3901,#3902));
#2732=PLANE('',#2733);
#2733=AXIS2_PLACEMENT_3D('',#2734,#2735,#2736);
#2734=CARTESIAN_POINT('',(19.2320508075689,29.3108891324553,5.));
#2735=DIRECTION('',(0.5,0.866025403784439,0.));
#2736=DIRECTION('',(-0.866025403784439,0.5,0.));
#2737=FACE_BOUND('',#2738,.T.);
#2738=EDGE_LOOP('',(#3903,#3904,#3905,#3906));
#2739=PLANE('',#2740);
#2740=AXIS2_PLACEMENT_3D('',#2741,#2742,#2743);
#2741=CARTESIAN_POINT('',(26.1602540378444,25.3108891324553,7.));
#2742=DIRECTION('',(-0.353553390593273,-0.612372435695794,0.707106781186548));
#2743=DIRECTION('',(-0.866025403784439,0.5,-3.14018491736755E-17));
#2744=FACE_BOUND('',#2745,.T.);
#2745=EDGE_LOOP('',(#3907,#3908,#3909,#3910));
#2746=PLANE('',#2747);
#2747=AXIS2_PLACEMENT_3D('',#2748,#2749,#2750);
#2748=CARTESIAN_POINT('',(20.1166225294342,4.0481221140841,23.));
#2749=DIRECTION('',(0.706673709138464,0.0247440662075917,0.707106781186548));
#2750=DIRECTION('',(-0.0349933940190339,0.999387543636115,-2.35903707869859E-18));
#2751=FACE_BOUND('',#2752,.T.);
#2752=EDGE_LOOP('',(#3911,#3912,#3913,#3914));
#2753=PLANE('',#2754);
#2754=AXIS2_PLACEMENT_3D('',#2755,#2756,#2757);
#2755=CARTESIAN_POINT('',(41.7839864320407,-2.23999152002546,23.));
#2756=DIRECTION('',(0.374765844497931,0.599625351196688,0.707106781186548));
#2757=DIRECTION('',(-0.847998304005088,0.52999894000318,2.97704092598115E-16));
#2758=FACE_BOUND('',#2759,.T.);
#2759=EDGE_LOOP('',(#3915,#3916,#3917,#3918));
#2760=PLANE('',#2761);
#2761=AXIS2_PLACEMENT_3D('',#2762,#2763,#2764);
#2762=CARTESIAN_POINT('',(35.,-2.00000000000002,5.));
#2763=DIRECTION('',(1.,0.,0.));
#2764=DIRECTION('',(0.,1.,0.));
#2765=FACE_BOUND('',#2766,.T.);
#2766=EDGE_LOOP('',(#3919,#3920,#3921,#3922));
#2767=PLANE('',#2768);
#2768=AXIS2_PLACEMENT_3D('',#2769,#2770,#2771);
#2769=CARTESIAN_POINT('',(35.,-10.,7.));
#2770=DIRECTION('',(-0.707106781186547,0.,0.707106781186547));
#2771=DIRECTION('',(0.,1.,0.));
#2772=FACE_BOUND('',#2773,.T.);
#2773=EDGE_LOOP('',(#3923,#3924,#3925,#3926));
#2774=PLANE('',#2775);
#2775=AXIS2_PLACEMENT_3D('',#2776,#2777,#2778);
#2776=CARTESIAN_POINT('',(22.71953014964,-9.67529365647503,23.));
#2777=DIRECTION('',(0.37476584449793,-0.599625351196688,0.707106781186549));
#2778=DIRECTION('',(0.847998304005088,0.52999894000318,2.79354569020493E-17));
#2779=FACE_BOUND('',#2780,.T.);
#2780=EDGE_LOOP('',(#3927,#3928,#3929,#3930));
#2781=PLANE('',#2782);
#2782=AXIS2_PLACEMENT_3D('',#2783,#2784,#2785);
#2783=CARTESIAN_POINT('',(18.9521036554166,-37.3059894815443,23.));
#2784=DIRECTION('',(0.706673709138463,-0.0247440662075928,0.707106781186548));
#2785=DIRECTION('',(0.0349933940190355,0.999387543636116,-2.35903707869859E-18));
#2786=FACE_BOUND('',#2787,.T.);
#2787=EDGE_LOOP('',(#3931,#3932,#3933,#3934));
#2788=PLANE('',#2789);
#2789=AXIS2_PLACEMENT_3D('',#2790,#2791,#2792);
#2790=CARTESIAN_POINT('',(8.83974596215557,-35.3108891324554,23.));
#2791=DIRECTION('',(0.353553390593274,-0.612372435695796,0.707106781186547));
#2792=DIRECTION('',(0.866025403784439,0.499999999999999,0.));
#2793=FACE_BOUND('',#2794,.T.);
#2794=EDGE_LOOP('',(#3935,#3936,#3937,#3938));
#2795=PLANE('',#2796);
#2796=AXIS2_PLACEMENT_3D('',#2797,#2798,#2799);
#2797=CARTESIAN_POINT('',(35.,-10.,23.));
#2798=DIRECTION('',(0.707106781186547,0.,0.707106781186547));
#2799=DIRECTION('',(0.,1.,0.));
#2800=FACE_BOUND('',#2801,.T.);
#2801=EDGE_LOOP('',(#3939,#3940,#3941,#3942));
#2802=PLANE('',#2803);
#2803=AXIS2_PLACEMENT_3D('',#2804,#2805,#2806);
#2804=CARTESIAN_POINT('',(26.1602540378444,25.3108891324553,23.));
#2805=DIRECTION('',(0.353553390593274,0.612372435695796,0.707106781186546));
#2806=DIRECTION('',(-0.866025403784439,0.5,-3.14018491736754E-17));
#2807=FACE_BOUND('',#2808,.T.);
#2808=EDGE_LOOP('',(#3943,#3944,#3945,#3946));
#2809=PLANE('',#2810);
#2810=AXIS2_PLACEMENT_3D('',#2811,#2812,#2813);
#2811=CARTESIAN_POINT('',(-8.83974596215559,35.3108891324554,23.));
#2812=DIRECTION('',(-0.353553390593273,0.612372435695794,0.707106781186549));
#2813=DIRECTION('',(-0.866025403784439,-0.5,0.));
#2814=FACE_BOUND('',#2815,.T.);
#2815=EDGE_LOOP('',(#3947,#3948,#3949,#3950));
#2816=PLANE('',#2817);
#2817=AXIS2_PLACEMENT_3D('',#2818,#2819,#2820);
#2818=CARTESIAN_POINT('',(-35.,10.,23.));
#2819=DIRECTION('',(-0.707106781186549,5.02429586778809E-16,0.707106781186546));
#2820=DIRECTION('',(-7.105427357601E-16,-1.,0.));
#2821=FACE_BOUND('',#2822,.T.);
#2822=EDGE_LOOP('',(#3951,#3952,#3953,#3954));
#2823=PLANE('',#2824);
#2824=AXIS2_PLACEMENT_3D('',#2825,#2826,#2827);
#2825=CARTESIAN_POINT('',(-26.1602540378444,-25.3108891324553,23.));
#2826=DIRECTION('',(-0.353553390593275,-0.612372435695796,0.707106781186546));
#2827=DIRECTION('',(0.866025403784438,-0.5,-3.14018491736754E-17));
#2828=FACE_BOUND('',#2829,.T.);
#2829=EDGE_LOOP('',(#3955,#3956,#3957,#3958,#3959,#3960,#3961,#3962,#3963,#3964));
#2830=CYLINDRICAL_SURFACE('',#2831,26.8);
#2831=AXIS2_PLACEMENT_3D('',#2832,#2833,#2834);
#2832=CARTESIAN_POINT('',(0.,0.,0.));
#2833=DIRECTION('',(0.,0.,1.));
#2834=DIRECTION('',(0.,-1.,0.));
#2835=FACE_BOUND('',#2836,.T.);
#2836=EDGE_LOOP('',(#3965,#3966,#3967,#3968));
#2837=CYLINDRICAL_SURFACE('',#2838,26.8);
#2838=AXIS2_PLACEMENT_3D('',#2839,#2840,#2841);
#2839=CARTESIAN_POINT('',(0.,0.,0.));
#2840=DIRECTION('',(0.,0.,1.));
#2841=DIRECTION('',(0.,-1.,0.));
#2842=FACE_BOUND('',#2843,.T.);
#2843=EDGE_LOOP('',(#3969,#3970,#3971,#3972));
#2844=CYLINDRICAL_SURFACE('',#2845,26.8);
#2845=AXIS2_PLACEMENT_3D('',#2846,#2847,#2848);
#2846=CARTESIAN_POINT('',(0.,0.,0.));
#2847=DIRECTION('',(0.,0.,1.));
#2848=DIRECTION('',(0.,-1.,0.));
#2849=FACE_BOUND('',#2850,.T.);
#2850=EDGE_LOOP('',(#3973,#3974,#3975,#3976));
#2851=CYLINDRICAL_SURFACE('',#2852,26.8);
#2852=AXIS2_PLACEMENT_3D('',#2853,#2854,#2855);
#2853=CARTESIAN_POINT('',(0.,0.,0.));
#2854=DIRECTION('',(0.,0.,1.));
#2855=DIRECTION('',(0.,-1.,0.));
#2856=FACE_BOUND('',#2857,.T.);
#2857=EDGE_LOOP('',(#3977,#3978,#3979,#3980));
#2858=CYLINDRICAL_SURFACE('',#2859,26.8);
#2859=AXIS2_PLACEMENT_3D('',#2860,#2861,#2862);
#2860=CARTESIAN_POINT('',(0.,0.,0.));
#2861=DIRECTION('',(0.,0.,1.));
#2862=DIRECTION('',(0.,-1.,0.));
#2863=FACE_OUTER_BOUND('',#2864,.T.);
#2864=EDGE_LOOP('',(#3981));
#2865=FACE_OUTER_BOUND('',#2866,.T.);
#2866=EDGE_LOOP('',(#3982));
#2867=CYLINDRICAL_SURFACE('',#2868,0.01);
#2868=AXIS2_PLACEMENT_3D('',#2869,#2870,#2871);
#2869=CARTESIAN_POINT('',(0.,0.,0.));
#2870=DIRECTION('',(0.,0.,-1.));
#2871=DIRECTION('',(0.,-1.,0.));
#2872=FACE_BOUND('',#2873,.T.);
#2873=EDGE_LOOP('',(#3983));
#2874=FACE_BOUND('',#2875,.T.);
#2875=EDGE_LOOP('',(#3984));
#2876=PLANE('',#2877);
#2877=AXIS2_PLACEMENT_3D('',#2878,#2879,#2880);
#2878=CARTESIAN_POINT('',(0.,0.,0.));
#2879=DIRECTION('',(0.,0.,-1.));
#2880=DIRECTION('',(0.,-1.,0.));
#2881=FACE_OUTER_BOUND('',#2882,.T.);
#2882=EDGE_LOOP('',(#3985));
#2883=FACE_OUTER_BOUND('',#2884,.T.);
#2884=EDGE_LOOP('',(#3986));
#2885=CYLINDRICAL_SURFACE('',#2886,0.02);
#2886=AXIS2_PLACEMENT_3D('',#2887,#2888,#2889);
#2887=CARTESIAN_POINT('',(0.,0.,0.00999999999999979));
#2888=DIRECTION('',(0.,0.,-1.));
#2889=DIRECTION('',(0.,-1.,0.));
#2890=FACE_BOUND('',#2891,.T.);
#2891=EDGE_LOOP('',(#3987));
#2892=FACE_BOUND('',#2893,.T.);
#2893=EDGE_LOOP('',(#3988));
#2894=PLANE('',#2895);
#2895=AXIS2_PLACEMENT_3D('',#2896,#2897,#2898);
#2896=CARTESIAN_POINT('',(0.,0.,0.00999999999999979));
#2897=DIRECTION('',(0.,0.,1.));
#2898=DIRECTION('',(0.,-1.,0.));
#2899=CARTESIAN_POINT('',(-26.8,4.92308013257236E-15,21.));
#2900=CARTESIAN_POINT('',(-26.8,1.11727541576009,20.9668246445498));
#2901=CARTESIAN_POINT('',(-26.6600821973135,3.35182097651252,20.9004739336493));
#2902=CARTESIAN_POINT('',(-26.0337307080952,6.65128253010362,20.8009478672986));
#2903=CARTESIAN_POINT('',(-25.0006890847629,9.84683886576994,20.7014218009479));
#2904=CARTESIAN_POINT('',(-23.5770951540865,12.8885715191872,20.6018957345972));
#2905=CARTESIAN_POINT('',(-21.7851878188602,15.7289631871383,20.5023696682464));
#2906=CARTESIAN_POINT('',(-19.6529596492867,18.3236423349487,20.4028436018957));
#2907=CARTESIAN_POINT('',(-17.213719592515,20.632075735111,20.303317535545));
#2908=CARTESIAN_POINT('',(-14.505572631536,22.6182018293735,20.2037914691943));
#2909=CARTESIAN_POINT('',(-11.5708245220292,24.2509940257997,20.1042654028436));
#2910=CARTESIAN_POINT('',(-8.45532090615884,25.5049453975891,20.0047393364929));
#2911=CARTESIAN_POINT('',(-5.20773112746158,26.3604671404714,19.9052132701422));
#2912=CARTESIAN_POINT('',(-1.87878793482591,26.8041945832335,19.8056872037915));
#2913=CARTESIAN_POINT('',(1.47950504734831,26.8291959658641,19.7061611374408));
#2914=CARTESIAN_POINT('',(4.81468570217787,26.4350807252242,19.60663507109));
#2915=CARTESIAN_POINT('',(8.07465296573861,25.6280055962762,19.5071090047393));
#2916=CARTESIAN_POINT('',(11.2084807322607,24.4205784336575,19.4075829383886));
#2917=CARTESIAN_POINT('',(14.1672134045249,22.8316612560393,19.3080568720379));
#2918=CARTESIAN_POINT('',(16.9046306616414,20.886075590052,19.2085308056872));
#2919=CARTESIAN_POINT('',(19.3779694972664,18.6142147167934,19.1090047393365));
#2920=CARTESIAN_POINT('',(21.5485922488209,16.0515688782726,19.0094786729858));
#2921=CARTESIAN_POINT('',(23.382590181985,13.2381708608559,18.9099526066351));
#2922=CARTESIAN_POINT('',(24.8513132014738,10.2179706166208,18.8104265402844));
#2923=CARTESIAN_POINT('',(25.9318174131346,7.03814869207264,18.7109004739337));
#2924=CARTESIAN_POINT('',(26.6072235456988,3.74837918960765,18.6113744075829));
#2925=CARTESIAN_POINT('',(26.8669806330483,0.400053775490039,18.5118483412322));
#2926=CARTESIAN_POINT('',(26.7070308378381,-2.95452114337321,18.4123222748815));
#2927=CARTESIAN_POINT('',(26.1298728416593,-6.26294153242612,18.3127962085308));
#2928=CARTESIAN_POINT('',(25.1445228114803,-9.47352436756373,18.2132701421801));
#2929=CARTESIAN_POINT('',(23.7663735521361,-12.5361150098506,18.1137440758294));
#2930=CARTESIAN_POINT('',(22.0169540451391,-15.4028707043235,18.0142180094787));
#2931=CARTESIAN_POINT('',(19.9235931302127,-18.0290079633244,17.914691943128));
#2932=CARTESIAN_POINT('',(17.5189925834023,-20.3735021589949,17.8151658767773));
#2933=CARTESIAN_POINT('',(14.8407162609924,-22.3997283961344,17.7156398104265));
#2934=CARTESIAN_POINT('',(11.9306032896517,-24.0760336539229,17.6161137440758));
#2935=CARTESIAN_POINT('',(8.83411446975016,-25.376231258704,17.5165876777251));
#2936=CARTESIAN_POINT('',(5.59962210211414,-26.2800099633427,17.4170616113744));
#2937=CARTESIAN_POINT('',(2.27765433230735,-26.7732512426563,17.3175355450237));
#2938=CARTESIAN_POINT('',(-1.07989418296606,-26.8482498482391,17.218009478673));
#2939=CARTESIAN_POINT('',(-4.42057295663295,-26.5038341772461,17.1184834123223));
#2940=CARTESIAN_POINT('',(-7.69219503501665,-25.7453845747765,17.0189573459716));
#2941=CARTESIAN_POINT('',(-10.8436522447729,-24.5847492839424,16.9194312796208));
#2942=CARTESIAN_POINT('',(-13.8257135874842,-23.0400593566234,16.8199052132702));
#2943=CARTESIAN_POINT('',(-16.5917943096629,-21.1354454163075,16.7203791469194));
#2944=CARTESIAN_POINT('',(-19.0986836340105,-18.9006606976543,16.6208530805687));
#2945=CARTESIAN_POINT('',(-21.3072197835633,-16.3706162515284,16.521327014218));
#2946=CARTESIAN_POINT('',(-23.1829017537234,-13.5848355763728,16.4218009478673));
#2947=CARTESIAN_POINT('',(-24.6964282752816,-10.586837195487,16.3222748815166));
#2948=CARTESIAN_POINT('',(-25.8241555489323,-7.42345482537765,16.2227488151659));
#2949=CARTESIAN_POINT('',(-26.5484666007079,-4.14410575528313,16.1232227488152));
#2950=CARTESIAN_POINT('',(-26.8580464883863,-0.800018866998223,16.0236966824645));
#2951=CARTESIAN_POINT('',(-26.7480590596907,2.5565656453868,15.9241706161137));
#2952=CARTESIAN_POINT('',(-26.2202225010242,5.87321235412579,15.824644549763));
#2953=CARTESIAN_POINT('',(-25.2827824965435,9.09810972633054,15.7251184834123));
#2954=CARTESIAN_POINT('',(-23.9503834168697,12.1808795062101,15.6255924170616));
#2955=CARTESIAN_POINT('',(-22.2438395496854,15.0733637071401,15.5260663507109));
#2956=CARTESIAN_POINT('',(-20.1898099459732,17.7303769194385,15.4265402843602));
#2957=CARTESIAN_POINT('',(-17.8203819613402,20.1104121815495,15.3270142180095));
#2958=CARTESIAN_POINT('',(-15.1725699982033,22.1762893877559,15.2274881516588));
#2959=CARTESIAN_POINT('',(-12.2877372793165,23.8957361032124,15.1279620853081));
#2960=CARTESIAN_POINT('',(-9.21094968549785,25.2418917130056,15.0284360189574));
#2961=CARTESIAN_POINT('',(-5.99027175168475,26.1937270295932,14.9289099526066));
#2962=CARTESIAN_POINT('',(-2.67601581902901,26.736372803658,14.8293838862559));
#2963=CARTESIAN_POINT('',(0.680043927476323,26.8613520064902,14.7298578199052));
#2964=CARTESIAN_POINT('',(4.02548025780019,26.5667122552629,14.6303317535545));
#2965=CARTESIAN_POINT('',(7.30803189732525,25.8570563124953,14.5308056872038));
#2966=CARTESIAN_POINT('',(10.4764199348005,24.7434701832542,14.4312796208531));
#2967=CARTESIAN_POINT('',(13.4811488841454,23.2433499333332,14.3317535545024));
#2968=CARTESIAN_POINT('',(16.2752798861896,21.3801299337976,14.2322274881517));
#2969=CARTESIAN_POINT('',(18.8151639716519,19.1829167771673,14.1327014218009));
#2970=CARTESIAN_POINT('',(21.0611239305723,16.6860345840751,14.0331753554502));
#2971=CARTESIAN_POINT('',(22.9780741362631,13.9284888034658,13.9336492890995));
#2972=CARTESIAN_POINT('',(24.5360686411003,10.9533568826678,13.8341232227488));
#2973=CARTESIAN_POINT('',(25.7107689819869,7.80711532608395,13.7345971563981));
#2974=CARTESIAN_POINT('',(26.4838243875893,4.53891365496219,13.6350710900474));
#2975=CARTESIAN_POINT('',(26.84315844788,1.19980661020169,13.5355450236967));
#2976=CARTESIAN_POINT('',(26.7831577677289,-2.15804340753818,13.436018957346));
#2977=CARTESIAN_POINT('',(26.3047596574635,-5.48218120121472,13.3364928909953));
#2978=CARTESIAN_POINT('',(25.4154374905243,-8.72067821474502,13.2369668246445));
#2979=CARTESIAN_POINT('',(24.1290839569521,-11.8229437433419,13.1374407582938));
#2980=CARTESIAN_POINT('',(22.4657940364853,-14.74051524439,13.0379146919431));
#2981=CARTESIAN_POINT('',(20.4515510815834,-17.4278154028914,12.9383886255924));
#2982=CARTESIAN_POINT('',(18.117820914285,-19.8428641248629,12.8388625592417));
#2983=CARTESIAN_POINT('',(15.5010602777812,-21.9479343361618,12.739336492891));
#2984=CARTESIAN_POINT('',(12.6421473215055,-23.7101413420761,12.6398104265403));
#2985=CARTESIAN_POINT('',(9.58574301651307,-25.1019565409003,12.5402843601896));
#2986=CARTESIAN_POINT('',(6.37959347689874,-26.1016374664385,12.4407582938389));
#2987=CARTESIAN_POINT('',(3.07378408615497,-26.6935674414563,12.3412322274881));
#2988=CARTESIAN_POINT('',(-0.280042919745531,-26.8684995361292,12.2417061611374));
#2989=CARTESIAN_POINT('',(-3.62949518989011,-26.6237010204524,12.1421800947867));
#2990=CARTESIAN_POINT('',(-6.92224871400812,-25.9629960540244,12.042654028436));
#2991=CARTESIAN_POINT('',(-10.1068652104586,-24.8967059463194,11.9431279620853));
#2992=CARTESIAN_POINT('',(-13.133595677665,-23.4414879206823,11.8436018957346));
#2993=CARTESIAN_POINT('',(-15.9551575561877,-21.6200749008208,11.7440758293839));
#2994=CARTESIAN_POINT('',(-18.527473360873,-19.4609203847612,11.6445497630332));
#2995=CARTESIAN_POINT('',(-20.8103592444144,-16.9977539539284,11.5450236966825));
#2996=CARTESIAN_POINT('',(-22.7681527358217,-14.2690543610348,11.4454976303317));
#2997=CARTESIAN_POINT('',(-24.3702698474784,-11.3174484280229,11.345971563981));
#2998=CARTESIAN_POINT('',(-25.5916828478499,-8.18904514427294,11.2464454976303));
#2999=CARTESIAN_POINT('',(-26.4133112362388,-4.93271536756918,11.1469194312796));
#3000=CARTESIAN_POINT('',(-26.8223198119123,-1.59932838009236,11.0473933649289));
#3001=CARTESIAN_POINT('',(-26.8123191812656,1.75904277429794,10.9478672985782));
#3002=CARTESIAN_POINT('',(-26.3834655707675,5.08993475753861,10.8483412322275));
#3003=CARTESIAN_POINT('',(-25.5424583864434,8.34131350188222,10.7488151658768));
#3004=CARTESIAN_POINT('',(-24.3024355580206,11.4623870685007,10.649289099526));
#3005=CARTESIAN_POINT('',(-22.6827683026347,14.4043991019711,10.5497630331753));
#3006=CARTESIAN_POINT('',(-20.7087585142285,17.1213904855664,10.4502369668246));
#3007=CARTESIAN_POINT('',(-18.4112435059245,19.5709172990289,10.3507109004739));
#3008=CARTESIAN_POINT('',(-15.8261142799509,21.7147138631346,10.2511848341232));
#3009=CARTESIAN_POINT('',(-12.9937548505468,23.5192905131886,10.1516587677725));
#3010=CARTESIAN_POINT('',(-9.95841137855342,24.9564567632381,10.0521327014218));
#3011=CARTESIAN_POINT('',(-6.7675009728571,26.0037616883068,9.95260663507107));
#3012=CARTESIAN_POINT('',(-3.47087095635558,26.6448446451504,9.85308056872036));
#3013=CARTESIAN_POINT('',(-0.120020167942424,26.8696908526905,9.75355450236965));
#3014=CARTESIAN_POINT('',(3.23270553493244,26.6747878395366,9.65402843601894));
#3015=CARTESIAN_POINT('',(6.53493100553964,26.0631803146261,9.55450236966822));
#3016=CARTESIAN_POINT('',(9.73506999469446,25.0444226038109,9.45497630331751));
#3017=CARTESIAN_POINT('',(12.7831310136904,23.6344293954117,9.3554502369668));
#3018=CARTESIAN_POINT('',(15.6314982844239,21.8552271263404,9.25592417061609));
#3019=CARTESIAN_POINT('',(18.235675576972,19.7346098925543,9.15639810426538));
#3020=CARTESIAN_POINT('',(20.5549813146434,17.3057052590911,9.05687203791466));
#3021=CARTESIAN_POINT('',(22.5531840878072,14.6064567524555,8.95734597156396));
#3022=CARTESIAN_POINT('',(24.1990686487175,11.6790311196834,8.85781990521324));
#3023=CARTESIAN_POINT('',(25.4669235455536,8.56915961368459,8.75829383886253));
#3024=CARTESIAN_POINT('',(26.3369427780225,5.32542359508068,8.65876777251182));
#3025=CARTESIAN_POINT('',(26.7955351999954,1.99849561062366,8.55924170616111));
#3026=CARTESIAN_POINT('',(26.8355368357944,-1.35965219618705,8.4597156398104));
#3027=CARTESIAN_POINT('',(26.4563227933973,-4.69655997634866,8.36018957345969));
#3028=CARTESIAN_POINT('',(25.6638170262893,-7.96009968536932,8.26066350710897));
#3029=CARTESIAN_POINT('',(24.4703997914657,-11.0992894099447,8.16113744075827));
#3030=CARTESIAN_POINT('',(22.894714249245,-14.065089790161,8.06161137440756));
#3031=CARTESIAN_POINT('',(20.9613752261259,-16.8111700957854,7.96208530805685));
#3032=CARTESIAN_POINT('',(18.7005846902939,-19.2946319892612,7.86255924170614));
#3033=CARTESIAN_POINT('',(16.1476599466919,-21.4766796690242,7.76303317535543));
#3034=CARTESIAN_POINT('',(13.3424819220301,-23.3232259243908,7.66350710900472));
#3035=CARTESIAN_POINT('',(10.3288721584399,-24.8054246344319,7.56398104265401));
#3036=CARTESIAN_POINT('',(7.15390824816737,-25.9001213923155,7.4644549763033));
#3037=CARTESIAN_POINT('',(3.8671884033533,-26.5902152156173,7.36492890995259));
#3038=CARTESIAN_POINT('',(0.520056649541711,-26.864925692083,7.26540284360187));
#3039=CARTESIAN_POINT('',(-2.83519925331792,-26.7199613875818,7.16587677725117));
#3040=CARTESIAN_POINT('',(-6.14616463256799,-26.1575868854381,7.06635071090046));
#3041=CARTESIAN_POINT('',(-9.36111670712763,-25.1865874098777,6.96682464454975));
#3042=CARTESIAN_POINT('',(-12.4298325832812,-23.8221315862262,6.86729857819904));
#3043=CARTESIAN_POINT('',(-15.3043738197342,-22.0855344817758,6.76777251184833));
#3044=CARTESIAN_POINT('',(-17.9398353057255,-20.0039246290151,6.66824644549762));
#3045=CARTESIAN_POINT('',(-20.2950467534771,-17.6098202328716,6.56872037914691));
#3046=CARTESIAN_POINT('',(-22.3332158465018,-14.9406211823149,6.4691943127962));
#3047=CARTESIAN_POINT('',(-24.0225029967251,-12.0380248019436,6.36966824644549));
#3048=CARTESIAN_POINT('',(-25.3365187317588,-8.94737447048624,6.27014218009478));
#3049=CARTESIAN_POINT('',(-26.2547359423116,-5.71695128187789,6.17061611374407));
#3050=CARTESIAN_POINT('',(-26.7628105497459,-2.39721981434405,6.07109004739336));
#3051=CARTESIAN_POINT('',(-26.852805584422,0.959960210168714,5.97156398104265));
#3052=CARTESIAN_POINT('',(-26.5233151743529,4.30214406102527,5.87203791469194));
#3053=CARTESIAN_POINT('',(-25.7794865072606,7.57712127274226,5.77251184834123));
#3054=CARTESIAN_POINT('',(-24.632939422951,10.7337312592175,5.67298578199052));
#3055=CARTESIAN_POINT('',(-23.1015848921072,13.7226625270987,5.57345971563981));
#3056=CARTESIAN_POINT('',(-21.2093452171648,16.4972230032512,5.4739336492891));
#3057=CARTESIAN_POINT('',(-18.9857803261959,19.0140694425288,5.37440758293839));
#3058=CARTESIAN_POINT('',(-16.4656259977124,21.2338845212865,5.27488151658768));
#3059=CARTESIAN_POINT('',(-13.6882512300855,23.1219910393101,5.17535545023697));
#3060=CARTESIAN_POINT('',(-10.6970432323708,24.6488936353067,5.07582938388626));
#3061=CARTESIAN_POINT('',(-7.53872964400619,25.790739553461,4.97630331753555));
#3062=CARTESIAN_POINT('',(-4.26264857143634,26.529691263117,4.87677725118484));
#3063=CARTESIAN_POINT('',(-0.919977844904275,26.8542051106481,4.77725118483413));
#3064=CARTESIAN_POINT('',(2.43706446429956,26.7592116505087,4.67772511848341));
#3065=CARTESIAN_POINT('',(5.756035776882,26.2461948383976,4.57819905213271));
#3066=CARTESIAN_POINT('',(8.98508824577998,25.3231688494039,4.478672985782));
#3067=CARTESIAN_POINT('',(12.0737787056876,24.0045528832753,4.37914691943129));
#3068=CARTESIAN_POINT('',(14.9738566791201,22.310945912557,4.27962085308058));
#3069=CARTESIAN_POINT('',(17.6400181290503,20.2688048924117,4.18009478672987));
#3070=CARTESIAN_POINT('',(20.0306131832489,17.9100314590156,4.08056872037915));
#3071=CARTESIAN_POINT('',(22.1082967744989,15.2714735729907,3.98104265402845));
#3072=CARTESIAN_POINT('',(23.840612032602,12.3943498930289,3.88151658767774));
#3073=CARTESIAN_POINT('',(25.2004973146248,9.32360587195,3.78199052132703));
#3074=CARTESIAN_POINT('',(26.1667089527302,6.10721163404264,3.68246445497632));
#3075=CARTESIAN_POINT('',(26.7241531155694,2.79541260201029,3.58293838862561));
#3076=CARTESIAN_POINT('',(26.8641215990096,-0.560055420024387,3.4834123222749));
#3077=CARTESIAN_POINT('',(26.5844278627529,-3.90677444574982,3.38388625592418));
#3078=CARTESIAN_POINT('',(25.8894411877287,-7.19246316271506,3.28436018957348));
#3079=CARTESIAN_POINT('',(24.7900184206657,-10.3657936533065,3.18483412322277));
#3080=CARTESIAN_POINT('',(23.3033343721049,-13.3771932221132,3.08530805687205));
#3081=CARTESIAN_POINT('',(21.4526135173192,-16.179618803804,2.98578199052135));
#3082=CARTESIAN_POINT('',(19.2667671914177,-18.7292918539806,2.88625592417064));
#3083=CARTESIAN_POINT('',(16.7799419462489,-20.9863822427876,2.78672985781993));
#3084=CARTESIAN_POINT('',(14.0309861245192,-22.9156304677271,2.68720379146921));
#3085=CARTESIAN_POINT('',(11.0628429841254,-24.4868984656788,2.58767772511851));
#3086=CARTESIAN_POINT('',(7.92187985310701,-25.6756404195263,2.4881516587678));
#3087=CARTESIAN_POINT('',(4.65716379493354,-26.4632862046087,2.38862559241708));
#3088=CARTESIAN_POINT('',(1.31969509943778,-26.837531484926,2.28909952606638));
#3089=CARTESIAN_POINT('',(-2.03838942645884,-26.7925299273132,2.18957345971567));
#3090=CARTESIAN_POINT('',(-5.36463092230655,-26.3289845308798,2.09004739336495));
#3091=CARTESIAN_POINT('',(-8.60706796869878,-25.4541366449949,1.99052132701425));
#3092=CARTESIAN_POINT('',(-11.7150483109879,-24.1816528473778,1.89099526066354));
#3093=CARTESIAN_POINT('',(-14.6400201316722,-22.5314114494433,1.79146919431283));
#3094=CARTESIAN_POINT('',(-17.3362905104641,-20.5291919640464,1.69194312796211));
#3095=CARTESIAN_POINT('',(-19.7617392236333,-18.2062723866525,1.59241706161141));
#3096=CARTESIAN_POINT('',(-21.8784767318931,-15.5989405810742,1.4928909952607));
#3097=CARTESIAN_POINT('',(-23.6534360779653,-12.7479274027383,1.39336492890998));
#3098=CARTESIAN_POINT('',(-25.0588894474001,-9.69777041504114,1.29383886255928));
#3099=CARTESIAN_POINT('',(-26.072881323115,-6.49611813860042,1.19431279620857));
#3100=CARTESIAN_POINT('',(-26.6795714670505,-3.19298570218389,1.09478672985785));
#3101=CARTESIAN_POINT('',(-26.8694823710261,0.160026476707524,0.995260663507147));
#3102=CARTESIAN_POINT('',(-26.6396473111092,3.51053877612482,0.895734597156437));
#3103=CARTESIAN_POINT('',(-25.9936566929898,6.80621062633466,0.79620853080573));
#3104=CARTESIAN_POINT('',(-24.9416019630651,9.99555815675735,0.696682464455015));
#3105=CARTESIAN_POINT('',(-23.4999179663101,13.0287584585912,0.597156398104307));
#3106=CARTESIAN_POINT('',(-21.6911261953732,15.8584279051159,0.497630331753599));
#3107=CARTESIAN_POINT('',(-19.5434830096681,18.4403623489579,0.398104265402884));
#3108=CARTESIAN_POINT('',(-17.0905380664761,20.7342277155372,0.298578199052176));
#3109=CARTESIAN_POINT('',(-14.3706108077588,22.7041898972151,0.199052132701469));
#3110=CARTESIAN_POINT('',(-11.4261896515709,24.3194752548742,0.0995260663507367));
#3111=CARTESIAN_POINT('',(-9.34424751390412,25.1430575458427,0.0331753554502527));
#3112=CARTESIAN_POINT('',(-8.28165544924861,25.4883146367101,0.));
#3113=CARTESIAN_POINT('',(-8.28165544924856,25.4883146367101,0.));
#3114=CARTESIAN_POINT('',(-7.22660552080699,25.8451693636414,-0.0330687830687831));
#3115=CARTESIAN_POINT('',(-5.07037480413102,26.427693939158,-0.0992063492063492));
#3116=CARTESIAN_POINT('',(-1.74750974413781,26.8931650079994,-0.198412698412698));
#3117=CARTESIAN_POINT('',(1.61245114271627,26.9418584791643,-0.297619047619047));
#3118=CARTESIAN_POINT('',(4.95736035371953,26.5717739979245,-0.396825396825397));
#3119=CARTESIAN_POINT('',(8.23514750062202,25.7874199287903,-0.496031746031746));
#3120=CARTESIAN_POINT('',(11.3946319979503,24.5997633916108,-0.595238095238095));
#3121=CARTESIAN_POINT('',(14.3863216213853,23.0260785514398,-0.694444444444444));
#3122=CARTESIAN_POINT('',(17.1631878732307,21.0896965629865,-0.793650793650794));
#3123=CARTESIAN_POINT('',(19.6814050987514,18.8196604131844,-0.892857142857143));
#3124=CARTESIAN_POINT('',(21.9010419828076,16.2502898514661,-0.992063492063492));
#3125=CARTESIAN_POINT('',(23.7866944536548,13.420662891008,-1.09126984126984));
#3126=CARTESIAN_POINT('',(25.308049984315,10.3740217153639,-1.19047619047619));
#3127=CARTESIAN_POINT('',(26.440374298658,7.15711201652876,-1.28968253968254));
#3128=CARTESIAN_POINT('',(27.1649126774334,3.81946585607465,-1.38888888888889));
#3129=CARTESIAN_POINT('',(27.4691993650755,0.412639049539841,-1.48809523809524));
#3130=CARTESIAN_POINT('',(27.347269990784,-3.01058518513425,-1.58730158730159));
#3131=CARTESIAN_POINT('',(26.7997734128769,-6.39701401465616,-1.68650793650794));
#3132=CARTESIAN_POINT('',(25.833980951352,-9.6938715427347,-1.78571428571429));
#3133=CARTESIAN_POINT('',(24.463692565726,-12.8496212841181,-1.88492063492064));
#3134=CARTESIAN_POINT('',(22.7090411388834,-15.8147717428682,-1.98412698412698));
#3135=CARTESIAN_POINT('',(20.5961976179061,-18.5426525033161,-2.08333333333333));
#3136=CARTESIAN_POINT('',(18.156981314839,-20.9901486648466,-2.18253968253968));
#3137=CARTESIAN_POINT('',(15.4283811597984,-23.1183820651468,-2.28174603174603));
#3138=CARTESIAN_POINT('',(12.4519951023478,-24.8933285318119,-2.38095238095238));
#3139=CARTESIAN_POINT('',(9.27339615254111,-26.2863613673763,-2.48015873015873));
#3140=CARTESIAN_POINT('',(5.94143471996721,-27.2747123933583,-2.57936507936508));
#3141=CARTESIAN_POINT('',(2.507487928973,-27.8418431377852,-2.67857142857143));
#3142=CARTESIAN_POINT('',(-0.975332555322151,-27.9777201286595,-2.77777777777778));
#3143=CARTESIAN_POINT('',(-4.45300197638449,-27.6789897318276,-2.87698412698413));
#3144=CARTESIAN_POINT('',(-7.87142050624594,-26.9490495229893,-2.97619047619048));
#3145=CARTESIAN_POINT('',(-11.1772548369321,-25.7980147861901,-3.07539682539683));
#3146=CARTESIAN_POINT('',(-14.3187702513815,-24.2425803602469,-3.17460317460317));
#3147=CARTESIAN_POINT('',(-17.2466401927757,-22.3057796848626,-3.27380952380953));
#3148=CARTESIAN_POINT('',(-19.914720664591,-20.0166445042864,-3.37301587301587));
#3149=CARTESIAN_POINT('',(-22.2807773052708,-17.4097702431913,-3.47222222222222));
#3150=CARTESIAN_POINT('',(-24.3071536838126,-14.5247935525625,-3.57142857142857));
#3151=CARTESIAN_POINT('',(-25.9613702453383,-11.4057899095117,-3.67063492063492));
#3152=CARTESIAN_POINT('',(-27.2166443856534,-8.1006004221843,-3.76984126984127));
#3153=CARTESIAN_POINT('',(-28.0523233349923,-4.66009811922101,-3.86904761904762));
#3154=CARTESIAN_POINT('',(-28.4542228653199,-1.13740497461505,-3.96825396825397));
#3155=CARTESIAN_POINT('',(-28.4148662822998,2.41292828231439,-4.06746031746032));
#3156=CARTESIAN_POINT('',(-27.9336197001174,5.93576690865907,-4.16666666666667));
#3157=CARTESIAN_POINT('',(-27.0167212010816,9.37624836024741,-4.26587301587301));
#3158=CARTESIAN_POINT('',(-25.6772031275143,12.6806366780546,-4.36507936507936));
#3159=CARTESIAN_POINT('',(-23.9347084153571,15.7971617432967,-4.46428571428571));
#3160=CARTESIAN_POINT('',(-21.8152035313353,18.6768302941156,-4.56349206349206));
#3161=CARTESIAN_POINT('',(-19.3505921926513,21.2741959997638,-4.66269841269841));
#3162=CARTESIAN_POINT('',(-16.5782356047428,23.5480764901792,-4.76190476190476));
#3163=CARTESIAN_POINT('',(-13.5403864242139,25.462206030995,-4.86111111111111));
#3164=CARTESIAN_POINT('',(-10.2835450174786,26.9858135045192,-4.96031746031746));
#3165=CARTESIAN_POINT('',(-6.85774781939642,28.0941164914513,-5.05952380952381));
#3166=CARTESIAN_POINT('',(-3.31579868065178,28.7687235288374,-5.15873015873015));
#3167=CARTESIAN_POINT('',(0.287544989463761,28.9979380274718,-5.2579365079365));
#3168=CARTESIAN_POINT('',(3.89641874164336,28.7769588450508,-5.35714285714285));
#3169=CARTESIAN_POINT('',(7.45471718004252,28.107974106588,-5.4563492063492));
#3170=CARTESIAN_POINT('',(10.9069662031963,27.0001465162985,-5.55555555555555));
#3171=CARTESIAN_POINT('',(14.199187832143,25.4694900897551,-5.6547619047619));
#3172=CARTESIAN_POINT('',(17.2797441435456,23.5386399254654,-5.75396825396825));
#3173=CARTESIAN_POINT('',(20.1001471138058,21.2365183048006,-5.8531746031746));
#3174=CARTESIAN_POINT('',(22.6158216746282,18.5979020323526,-5.95238095238095));
#3175=CARTESIAN_POINT('',(24.7868099740885,15.6628974799027,-6.0515873015873));
#3176=CARTESIAN_POINT('',(26.5784057197155,12.4763312518867,-6.15079365079364));
#3177=CARTESIAN_POINT('',(27.9617085381973,9.08706572562077,-6.24999999999999));
#3178=CARTESIAN_POINT('',(28.9140895040552,5.54724991448223,-6.34920634920634));
#3179=CARTESIAN_POINT('',(29.419560348465,1.91151713772124,-6.44841269841269));
#3180=CARTESIAN_POINT('',(29.4690403385666,-1.7638581599425,-6.54761904761904));
#3181=CARTESIAN_POINT('',(29.0605163943681,-5.42183142618378,-6.64682539682539));
#3182=CARTESIAN_POINT('',(28.1990936604354,-9.00547337485729,-6.74603174603174));
#3183=CARTESIAN_POINT('',(26.8969354474513,-12.4588559740465,-6.84523809523809));
#3184=CARTESIAN_POINT('',(25.1730931781201,-15.7279252598794,-6.94444444444443));
#3185=CARTESIAN_POINT('',(23.053228686055,-18.7613473553618,-7.04365079365078));
#3186=CARTESIAN_POINT('',(20.56923289851,-21.5113144537825,-7.14285714285713));
#3187=CARTESIAN_POINT('',(17.7587465578151,-23.934298113746,-7.24206349206348));
#3188=CARTESIAN_POINT('',(14.66459017669,-25.9917379990059,-7.34126984126983));
#3189=CARTESIAN_POINT('',(11.3341118550389,-27.6506551692851,-7.44047619047618));
#3190=CARTESIAN_POINT('',(7.81846288775905,-28.8841801735334,-7.53968253968253));
#3191=CARTESIAN_POINT('',(4.17181224390721,-29.6719874972051,-7.63888888888888));
#3192=CARTESIAN_POINT('',(0.450511978932444,-30.0006293503153,-7.73809523809523));
#3193=CARTESIAN_POINT('',(-3.28777356214255,-29.8637633312488,-7.83730158730157));
#3194=CARTESIAN_POINT('',(-6.98496129461176,-29.2622701387518,-7.93650793650793));
#3195=CARTESIAN_POINT('',(-10.5834518508982,-28.2042592059626,-8.03571428571427));
#3196=CARTESIAN_POINT('',(-14.027026922521,-26.7049618694039,-8.13492063492062));
#3197=CARTESIAN_POINT('',(-17.2617275076956,-24.7865134355903,-8.23412698412697));
#3198=CARTESIAN_POINT('',(-20.236699345069,-22.4776272410647,-8.33333333333332));
#3199=CARTESIAN_POINT('',(-22.9049922884282,-19.813165491246,-8.43253968253967));
#3200=CARTESIAN_POINT('',(-25.2243010590457,-16.8336132830035,-8.53174603174602));
#3201=CARTESIAN_POINT('',(-27.1576356915714,-13.5844637399771,-8.63095238095237));
#3202=CARTESIAN_POINT('',(-28.673911052875,-10.1155235943376,-8.73015873015872));
#3203=CARTESIAN_POINT('',(-29.7484460449144,-6.48014981174679,-8.82936507936506));
#3204=CARTESIAN_POINT('',(-30.3633644838067,-2.73442895767829,-8.92857142857141));
#3205=CARTESIAN_POINT('',(-30.507891156707,1.0636880745666,-9.02777777777776));
#3206=CARTESIAN_POINT('',(-30.1785381726712,4.85528262571749,-9.12698412698411));
#3207=CARTESIAN_POINT('',(-29.3791784185447,8.58138225165106,-9.22619047619046));
#3208=CARTESIAN_POINT('',(-28.1210046798704,12.1838779455536,-9.32539682539681));
#3209=CARTESIAN_POINT('',(-26.4223747627828,15.6064303352643,-9.42460317460316));
#3210=CARTESIAN_POINT('',(-24.3085447282296,18.7953507241595,-9.52380952380951));
#3211=CARTESIAN_POINT('',(-21.8112940970246,21.7004431985353,-9.62301587301585));
#3212=CARTESIAN_POINT('',(-18.9684485758721,24.2757945944649,-9.72222222222221));
#3213=CARTESIAN_POINT('',(-15.8233074641523,26.4804998942355,-9.82142857142855));
#3214=CARTESIAN_POINT('',(-12.4239844036213,28.2793115951392,-9.9206349206349));
#3215=CARTESIAN_POINT('',(-8.82267150459447,29.6432027469749,-10.0198412698412));
#3216=CARTESIAN_POINT('',(-5.07483810095058,30.5498346716045,-10.1190476190476));
#3217=CARTESIAN_POINT('',(-1.2383764330383,30.9839218382286,-10.2182539682539));
#3218=CARTESIAN_POINT('',(2.62729258445366,30.9374879493201,-10.3174603174603));
#3219=CARTESIAN_POINT('',(6.46213969723844,30.4100089700818,-10.4166666666666));
#3220=CARTESIAN_POINT('',(10.20645949434,29.4084405829867,-10.515873015873));
#3221=CARTESIAN_POINT('',(13.8017999634805,27.9471293413734,-10.6150793650793));
#3222=CARTESIAN_POINT('',(17.1918749468046,26.047608604413,-10.7142857142857));
#3223=CARTESIAN_POINT('',(20.3234452536567,23.7382821319046,-10.813492063492));
#3224=CARTESIAN_POINT('',(23.1471546383179,21.0539999733126,-10.9126984126984));
#3225=CARTESIAN_POINT('',(25.6183075176659,18.0355329737734,-11.0119047619047));
#3226=CARTESIAN_POINT('',(27.6975761768257,14.7289538140075,-11.1111111111111));
#3227=CARTESIAN_POINT('',(29.351626276946,11.1849339761272,-11.2103174603174));
#3228=CARTESIAN_POINT('',(30.5536507221758,7.45796735993837,-11.3095238095238));
#3229=CARTESIAN_POINT('',(31.2838033438084,3.60553244338879,-11.4087301587301));
#3230=CARTESIAN_POINT('',(31.5295253970419,-0.312794132275429,-11.5079365079365));
#3231=CARTESIAN_POINT('',(31.2857595160894,-4.23625888325452,-11.6071428571428));
#3232=CARTESIAN_POINT('',(30.5550475118394,-8.10387346215022,-11.7063492063492));
#3233=CARTESIAN_POINT('',(29.3475101930395,-11.8553626903963,-11.8055555555555));
#3234=CARTESIAN_POINT('',(27.6807092306378,-15.4321039053856,-11.9047619047619));
#3235=CARTESIAN_POINT('',(25.5793928942762,-18.7780429914207,-12.0039682539682));
#3236=CARTESIAN_POINT('',(23.0751294010281,-21.840572751598,-12.1031746031746));
#3237=CARTESIAN_POINT('',(20.2058330053381,-24.5713599686793,-12.2023809523809));
#3238=CARTESIAN_POINT('',(17.0151910214018,-26.9271077403353,-12.3015873015873));
#3239=CARTESIAN_POINT('',(13.5519963815712,-28.8702426134235,-12.4007936507936));
#3240=CARTESIAN_POINT('',(11.0969394851046,-29.8697541041392,-12.4669312169312));
#3241=CARTESIAN_POINT('',(9.8422925737015,-30.2914618221434,-12.5));
#3242=CARTESIAN_POINT('',(-26.8,4.92308013257236E-15,21.));
#3243=CARTESIAN_POINT('',(-26.8,1.11727541576009,20.9668246445498));
#3244=CARTESIAN_POINT('',(-26.6600821973135,3.35182097651252,20.9004739336493));
#3245=CARTESIAN_POINT('',(-26.0337307080952,6.65128253010362,20.8009478672986));
#3246=CARTESIAN_POINT('',(-25.0006890847629,9.84683886576994,20.7014218009479));
#3247=CARTESIAN_POINT('',(-23.5770951540865,12.8885715191872,20.6018957345972));
#3248=CARTESIAN_POINT('',(-21.7851878188602,15.7289631871383,20.5023696682464));
#3249=CARTESIAN_POINT('',(-19.6529596492867,18.3236423349487,20.4028436018957));
#3250=CARTESIAN_POINT('',(-17.213719592515,20.632075735111,20.303317535545));
#3251=CARTESIAN_POINT('',(-14.505572631536,22.6182018293735,20.2037914691943));
#3252=CARTESIAN_POINT('',(-11.5708245220292,24.2509940257997,20.1042654028436));
#3253=CARTESIAN_POINT('',(-8.45532090615884,25.5049453975891,20.0047393364929));
#3254=CARTESIAN_POINT('',(-5.20773112746158,26.3604671404714,19.9052132701422));
#3255=CARTESIAN_POINT('',(-1.87878793482591,26.8041945832335,19.8056872037915));
#3256=CARTESIAN_POINT('',(1.47950504734831,26.8291959658641,19.7061611374408));
#3257=CARTESIAN_POINT('',(4.81468570217787,26.4350807252242,19.60663507109));
#3258=CARTESIAN_POINT('',(8.07465296573861,25.6280055962762,19.5071090047393));
#3259=CARTESIAN_POINT('',(11.2084807322607,24.4205784336575,19.4075829383886));
#3260=CARTESIAN_POINT('',(14.1672134045249,22.8316612560393,19.3080568720379));
#3261=CARTESIAN_POINT('',(16.9046306616414,20.886075590052,19.2085308056872));
#3262=CARTESIAN_POINT('',(19.3779694972664,18.6142147167934,19.1090047393365));
#3263=CARTESIAN_POINT('',(21.5485922488209,16.0515688782726,19.0094786729858));
#3264=CARTESIAN_POINT('',(23.382590181985,13.2381708608559,18.9099526066351));
#3265=CARTESIAN_POINT('',(24.8513132014738,10.2179706166208,18.8104265402844));
#3266=CARTESIAN_POINT('',(25.9318174131346,7.03814869207264,18.7109004739337));
#3267=CARTESIAN_POINT('',(26.6072235456988,3.74837918960765,18.6113744075829));
#3268=CARTESIAN_POINT('',(26.8669806330483,0.400053775490039,18.5118483412322));
#3269=CARTESIAN_POINT('',(26.7070308378381,-2.95452114337321,18.4123222748815));
#3270=CARTESIAN_POINT('',(26.1298728416593,-6.26294153242612,18.3127962085308));
#3271=CARTESIAN_POINT('',(25.1445228114803,-9.47352436756373,18.2132701421801));
#3272=CARTESIAN_POINT('',(23.7663735521361,-12.5361150098506,18.1137440758294));
#3273=CARTESIAN_POINT('',(22.0169540451391,-15.4028707043235,18.0142180094787));
#3274=CARTESIAN_POINT('',(19.9235931302127,-18.0290079633244,17.914691943128));
#3275=CARTESIAN_POINT('',(17.5189925834023,-20.3735021589949,17.8151658767773));
#3276=CARTESIAN_POINT('',(14.8407162609924,-22.3997283961344,17.7156398104265));
#3277=CARTESIAN_POINT('',(11.9306032896517,-24.0760336539229,17.6161137440758));
#3278=CARTESIAN_POINT('',(8.83411446975016,-25.376231258704,17.5165876777251));
#3279=CARTESIAN_POINT('',(5.59962210211414,-26.2800099633427,17.4170616113744));
#3280=CARTESIAN_POINT('',(2.27765433230735,-26.7732512426563,17.3175355450237));
#3281=CARTESIAN_POINT('',(-1.07989418296606,-26.8482498482391,17.218009478673));
#3282=CARTESIAN_POINT('',(-4.42057295663295,-26.5038341772461,17.1184834123223));
#3283=CARTESIAN_POINT('',(-7.69219503501665,-25.7453845747765,17.0189573459716));
#3284=CARTESIAN_POINT('',(-10.8436522447729,-24.5847492839424,16.9194312796208));
#3285=CARTESIAN_POINT('',(-13.8257135874842,-23.0400593566234,16.8199052132702));
#3286=CARTESIAN_POINT('',(-16.5917943096629,-21.1354454163075,16.7203791469194));
#3287=CARTESIAN_POINT('',(-19.0986836340105,-18.9006606976543,16.6208530805687));
#3288=CARTESIAN_POINT('',(-21.3072197835633,-16.3706162515284,16.521327014218));
#3289=CARTESIAN_POINT('',(-23.1829017537234,-13.5848355763728,16.4218009478673));
#3290=CARTESIAN_POINT('',(-24.6964282752816,-10.586837195487,16.3222748815166));
#3291=CARTESIAN_POINT('',(-25.8241555489323,-7.42345482537765,16.2227488151659));
#3292=CARTESIAN_POINT('',(-26.5484666007079,-4.14410575528313,16.1232227488152));
#3293=CARTESIAN_POINT('',(-26.8580464883863,-0.800018866998223,16.0236966824645));
#3294=CARTESIAN_POINT('',(-26.7480590596907,2.5565656453868,15.9241706161137));
#3295=CARTESIAN_POINT('',(-26.2202225010242,5.87321235412579,15.824644549763));
#3296=CARTESIAN_POINT('',(-25.2827824965435,9.09810972633054,15.7251184834123));
#3297=CARTESIAN_POINT('',(-23.9503834168697,12.1808795062101,15.6255924170616));
#3298=CARTESIAN_POINT('',(-22.2438395496854,15.0733637071401,15.5260663507109));
#3299=CARTESIAN_POINT('',(-20.1898099459732,17.7303769194385,15.4265402843602));
#3300=CARTESIAN_POINT('',(-17.8203819613402,20.1104121815495,15.3270142180095));
#3301=CARTESIAN_POINT('',(-15.1725699982033,22.1762893877559,15.2274881516588));
#3302=CARTESIAN_POINT('',(-12.2877372793165,23.8957361032124,15.1279620853081));
#3303=CARTESIAN_POINT('',(-9.21094968549785,25.2418917130056,15.0284360189574));
#3304=CARTESIAN_POINT('',(-5.99027175168475,26.1937270295932,14.9289099526066));
#3305=CARTESIAN_POINT('',(-2.67601581902901,26.736372803658,14.8293838862559));
#3306=CARTESIAN_POINT('',(0.680043927476323,26.8613520064902,14.7298578199052));
#3307=CARTESIAN_POINT('',(4.02548025780019,26.5667122552629,14.6303317535545));
#3308=CARTESIAN_POINT('',(7.30803189732525,25.8570563124953,14.5308056872038));
#3309=CARTESIAN_POINT('',(10.4764199348005,24.7434701832542,14.4312796208531));
#3310=CARTESIAN_POINT('',(13.4811488841454,23.2433499333332,14.3317535545024));
#3311=CARTESIAN_POINT('',(16.2752798861896,21.3801299337976,14.2322274881517));
#3312=CARTESIAN_POINT('',(18.8151639716519,19.1829167771673,14.1327014218009));
#3313=CARTESIAN_POINT('',(21.0611239305723,16.6860345840751,14.0331753554502));
#3314=CARTESIAN_POINT('',(22.9780741362631,13.9284888034658,13.9336492890995));
#3315=CARTESIAN_POINT('',(24.5360686411003,10.9533568826678,13.8341232227488));
#3316=CARTESIAN_POINT('',(25.7107689819869,7.80711532608395,13.7345971563981));
#3317=CARTESIAN_POINT('',(26.4838243875893,4.53891365496219,13.6350710900474));
#3318=CARTESIAN_POINT('',(26.84315844788,1.19980661020169,13.5355450236967));
#3319=CARTESIAN_POINT('',(26.7831577677289,-2.15804340753818,13.436018957346));
#3320=CARTESIAN_POINT('',(26.3047596574635,-5.48218120121472,13.3364928909953));
#3321=CARTESIAN_POINT('',(25.4154374905243,-8.72067821474502,13.2369668246445));
#3322=CARTESIAN_POINT('',(24.1290839569521,-11.8229437433419,13.1374407582938));
#3323=CARTESIAN_POINT('',(22.4657940364853,-14.74051524439,13.0379146919431));
#3324=CARTESIAN_POINT('',(20.4515510815834,-17.4278154028914,12.9383886255924));
#3325=CARTESIAN_POINT('',(18.117820914285,-19.8428641248629,12.8388625592417));
#3326=CARTESIAN_POINT('',(15.5010602777812,-21.9479343361618,12.739336492891));
#3327=CARTESIAN_POINT('',(12.6421473215055,-23.7101413420761,12.6398104265403));
#3328=CARTESIAN_POINT('',(9.58574301651307,-25.1019565409003,12.5402843601896));
#3329=CARTESIAN_POINT('',(6.37959347689874,-26.1016374664385,12.4407582938389));
#3330=CARTESIAN_POINT('',(3.07378408615497,-26.6935674414563,12.3412322274881));
#3331=CARTESIAN_POINT('',(-0.280042919745531,-26.8684995361292,12.2417061611374));
#3332=CARTESIAN_POINT('',(-3.62949518989011,-26.6237010204524,12.1421800947867));
#3333=CARTESIAN_POINT('',(-6.92224871400812,-25.9629960540244,12.042654028436));
#3334=CARTESIAN_POINT('',(-10.1068652104586,-24.8967059463194,11.9431279620853));
#3335=CARTESIAN_POINT('',(-13.133595677665,-23.4414879206823,11.8436018957346));
#3336=CARTESIAN_POINT('',(-15.9551575561877,-21.6200749008208,11.7440758293839));
#3337=CARTESIAN_POINT('',(-18.527473360873,-19.4609203847612,11.6445497630332));
#3338=CARTESIAN_POINT('',(-20.8103592444144,-16.9977539539284,11.5450236966825));
#3339=CARTESIAN_POINT('',(-22.7681527358217,-14.2690543610348,11.4454976303317));
#3340=CARTESIAN_POINT('',(-24.3702698474784,-11.3174484280229,11.345971563981));
#3341=CARTESIAN_POINT('',(-25.5916828478499,-8.18904514427294,11.2464454976303));
#3342=CARTESIAN_POINT('',(-26.4133112362388,-4.93271536756918,11.1469194312796));
#3343=CARTESIAN_POINT('',(-26.8223198119123,-1.59932838009236,11.0473933649289));
#3344=CARTESIAN_POINT('',(-26.8123191812656,1.75904277429794,10.9478672985782));
#3345=CARTESIAN_POINT('',(-26.3834655707675,5.08993475753861,10.8483412322275));
#3346=CARTESIAN_POINT('',(-25.5424583864434,8.34131350188222,10.7488151658768));
#3347=CARTESIAN_POINT('',(-24.3024355580206,11.4623870685007,10.649289099526));
#3348=CARTESIAN_POINT('',(-22.6827683026347,14.4043991019711,10.5497630331753));
#3349=CARTESIAN_POINT('',(-20.7087585142285,17.1213904855664,10.4502369668246));
#3350=CARTESIAN_POINT('',(-18.4112435059245,19.5709172990289,10.3507109004739));
#3351=CARTESIAN_POINT('',(-15.8261142799509,21.7147138631346,10.2511848341232));
#3352=CARTESIAN_POINT('',(-12.9937548505468,23.5192905131886,10.1516587677725));
#3353=CARTESIAN_POINT('',(-9.95841137855342,24.9564567632381,10.0521327014218));
#3354=CARTESIAN_POINT('',(-6.7675009728571,26.0037616883068,9.95260663507107));
#3355=CARTESIAN_POINT('',(-3.47087095635558,26.6448446451504,9.85308056872036));
#3356=CARTESIAN_POINT('',(-0.120020167942424,26.8696908526905,9.75355450236965));
#3357=CARTESIAN_POINT('',(3.23270553493244,26.6747878395366,9.65402843601894));
#3358=CARTESIAN_POINT('',(6.53493100553964,26.0631803146261,9.55450236966822));
#3359=CARTESIAN_POINT('',(9.73506999469446,25.0444226038109,9.45497630331751));
#3360=CARTESIAN_POINT('',(12.7831310136904,23.6344293954117,9.3554502369668));
#3361=CARTESIAN_POINT('',(15.6314982844239,21.8552271263404,9.25592417061609));
#3362=CARTESIAN_POINT('',(18.235675576972,19.7346098925543,9.15639810426538));
#3363=CARTESIAN_POINT('',(20.5549813146434,17.3057052590911,9.05687203791466));
#3364=CARTESIAN_POINT('',(22.5531840878072,14.6064567524555,8.95734597156396));
#3365=CARTESIAN_POINT('',(24.1990686487175,11.6790311196834,8.85781990521324));
#3366=CARTESIAN_POINT('',(25.4669235455536,8.56915961368459,8.75829383886253));
#3367=CARTESIAN_POINT('',(26.3369427780225,5.32542359508068,8.65876777251182));
#3368=CARTESIAN_POINT('',(26.7955351999954,1.99849561062366,8.55924170616111));
#3369=CARTESIAN_POINT('',(26.8355368357944,-1.35965219618705,8.4597156398104));
#3370=CARTESIAN_POINT('',(26.4563227933973,-4.69655997634866,8.36018957345969));
#3371=CARTESIAN_POINT('',(25.6638170262893,-7.96009968536932,8.26066350710897));
#3372=CARTESIAN_POINT('',(24.4703997914657,-11.0992894099447,8.16113744075827));
#3373=CARTESIAN_POINT('',(22.894714249245,-14.065089790161,8.06161137440756));
#3374=CARTESIAN_POINT('',(20.9613752261259,-16.8111700957854,7.96208530805685));
#3375=CARTESIAN_POINT('',(18.7005846902939,-19.2946319892612,7.86255924170614));
#3376=CARTESIAN_POINT('',(16.1476599466919,-21.4766796690242,7.76303317535543));
#3377=CARTESIAN_POINT('',(13.3424819220301,-23.3232259243908,7.66350710900472));
#3378=CARTESIAN_POINT('',(10.3288721584399,-24.8054246344319,7.56398104265401));
#3379=CARTESIAN_POINT('',(7.15390824816737,-25.9001213923155,7.4644549763033));
#3380=CARTESIAN_POINT('',(3.8671884033533,-26.5902152156173,7.36492890995259));
#3381=CARTESIAN_POINT('',(0.520056649541711,-26.864925692083,7.26540284360187));
#3382=CARTESIAN_POINT('',(-2.83519925331792,-26.7199613875818,7.16587677725117));
#3383=CARTESIAN_POINT('',(-6.14616463256799,-26.1575868854381,7.06635071090046));
#3384=CARTESIAN_POINT('',(-9.36111670712763,-25.1865874098777,6.96682464454975));
#3385=CARTESIAN_POINT('',(-12.4298325832812,-23.8221315862262,6.86729857819904));
#3386=CARTESIAN_POINT('',(-15.3043738197342,-22.0855344817758,6.76777251184833));
#3387=CARTESIAN_POINT('',(-17.9398353057255,-20.0039246290151,6.66824644549762));
#3388=CARTESIAN_POINT('',(-20.2950467534771,-17.6098202328716,6.56872037914691));
#3389=CARTESIAN_POINT('',(-22.3332158465018,-14.9406211823149,6.4691943127962));
#3390=CARTESIAN_POINT('',(-24.0225029967251,-12.0380248019436,6.36966824644549));
#3391=CARTESIAN_POINT('',(-25.3365187317588,-8.94737447048624,6.27014218009478));
#3392=CARTESIAN_POINT('',(-26.2547359423116,-5.71695128187789,6.17061611374407));
#3393=CARTESIAN_POINT('',(-26.7628105497459,-2.39721981434405,6.07109004739336));
#3394=CARTESIAN_POINT('',(-26.852805584422,0.959960210168714,5.97156398104265));
#3395=CARTESIAN_POINT('',(-26.5233151743529,4.30214406102527,5.87203791469194));
#3396=CARTESIAN_POINT('',(-25.7794865072606,7.57712127274226,5.77251184834123));
#3397=CARTESIAN_POINT('',(-24.632939422951,10.7337312592175,5.67298578199052));
#3398=CARTESIAN_POINT('',(-23.1015848921072,13.7226625270987,5.57345971563981));
#3399=CARTESIAN_POINT('',(-21.2093452171648,16.4972230032512,5.4739336492891));
#3400=CARTESIAN_POINT('',(-18.9857803261959,19.0140694425288,5.37440758293839));
#3401=CARTESIAN_POINT('',(-16.4656259977124,21.2338845212865,5.27488151658768));
#3402=CARTESIAN_POINT('',(-13.6882512300855,23.1219910393101,5.17535545023697));
#3403=CARTESIAN_POINT('',(-10.6970432323708,24.6488936353067,5.07582938388626));
#3404=CARTESIAN_POINT('',(-7.53872964400619,25.790739553461,4.97630331753555));
#3405=CARTESIAN_POINT('',(-4.26264857143634,26.529691263117,4.87677725118484));
#3406=CARTESIAN_POINT('',(-0.919977844904275,26.8542051106481,4.77725118483413));
#3407=CARTESIAN_POINT('',(2.43706446429956,26.7592116505087,4.67772511848341));
#3408=CARTESIAN_POINT('',(5.756035776882,26.2461948383976,4.57819905213271));
#3409=CARTESIAN_POINT('',(8.98508824577998,25.3231688494039,4.478672985782));
#3410=CARTESIAN_POINT('',(12.0737787056876,24.0045528832753,4.37914691943129));
#3411=CARTESIAN_POINT('',(14.9738566791201,22.310945912557,4.27962085308058));
#3412=CARTESIAN_POINT('',(17.6400181290503,20.2688048924117,4.18009478672987));
#3413=CARTESIAN_POINT('',(20.0306131832489,17.9100314590156,4.08056872037915));
#3414=CARTESIAN_POINT('',(22.1082967744989,15.2714735729907,3.98104265402845));
#3415=CARTESIAN_POINT('',(23.840612032602,12.3943498930289,3.88151658767774));
#3416=CARTESIAN_POINT('',(25.2004973146248,9.32360587195,3.78199052132703));
#3417=CARTESIAN_POINT('',(26.1667089527302,6.10721163404264,3.68246445497632));
#3418=CARTESIAN_POINT('',(26.7241531155694,2.79541260201029,3.58293838862561));
#3419=CARTESIAN_POINT('',(26.8641215990096,-0.560055420024387,3.4834123222749));
#3420=CARTESIAN_POINT('',(26.5844278627529,-3.90677444574982,3.38388625592418));
#3421=CARTESIAN_POINT('',(25.8894411877287,-7.19246316271506,3.28436018957348));
#3422=CARTESIAN_POINT('',(24.7900184206657,-10.3657936533065,3.18483412322277));
#3423=CARTESIAN_POINT('',(23.3033343721049,-13.3771932221132,3.08530805687205));
#3424=CARTESIAN_POINT('',(21.4526135173192,-16.179618803804,2.98578199052135));
#3425=CARTESIAN_POINT('',(19.2667671914177,-18.7292918539806,2.88625592417064));
#3426=CARTESIAN_POINT('',(16.7799419462489,-20.9863822427876,2.78672985781993));
#3427=CARTESIAN_POINT('',(14.0309861245192,-22.9156304677271,2.68720379146921));
#3428=CARTESIAN_POINT('',(11.0628429841254,-24.4868984656788,2.58767772511851));
#3429=CARTESIAN_POINT('',(7.92187985310701,-25.6756404195263,2.4881516587678));
#3430=CARTESIAN_POINT('',(4.65716379493354,-26.4632862046087,2.38862559241708));
#3431=CARTESIAN_POINT('',(1.31969509943778,-26.837531484926,2.28909952606638));
#3432=CARTESIAN_POINT('',(-2.03838942645884,-26.7925299273132,2.18957345971567));
#3433=CARTESIAN_POINT('',(-5.36463092230655,-26.3289845308798,2.09004739336495));
#3434=CARTESIAN_POINT('',(-8.60706796869878,-25.4541366449949,1.99052132701425));
#3435=CARTESIAN_POINT('',(-11.7150483109879,-24.1816528473778,1.89099526066354));
#3436=CARTESIAN_POINT('',(-14.6400201316722,-22.5314114494433,1.79146919431283));
#3437=CARTESIAN_POINT('',(-17.3362905104641,-20.5291919640464,1.69194312796211));
#3438=CARTESIAN_POINT('',(-19.7617392236333,-18.2062723866525,1.59241706161141));
#3439=CARTESIAN_POINT('',(-21.8784767318931,-15.5989405810742,1.4928909952607));
#3440=CARTESIAN_POINT('',(-23.6534360779653,-12.7479274027383,1.39336492890998));
#3441=CARTESIAN_POINT('',(-25.0588894474001,-9.69777041504114,1.29383886255928));
#3442=CARTESIAN_POINT('',(-26.072881323115,-6.49611813860042,1.19431279620857));
#3443=CARTESIAN_POINT('',(-26.6795714670505,-3.19298570218389,1.09478672985785));
#3444=CARTESIAN_POINT('',(-26.8694823710261,0.160026476707524,0.995260663507147));
#3445=CARTESIAN_POINT('',(-26.6396473111092,3.51053877612482,0.895734597156437));
#3446=CARTESIAN_POINT('',(-25.9936566929898,6.80621062633466,0.79620853080573));
#3447=CARTESIAN_POINT('',(-24.9416019630651,9.99555815675735,0.696682464455015));
#3448=CARTESIAN_POINT('',(-23.4999179663101,13.0287584585912,0.597156398104307));
#3449=CARTESIAN_POINT('',(-21.6911261953732,15.8584279051159,0.497630331753599));
#3450=CARTESIAN_POINT('',(-19.5434830096681,18.4403623489579,0.398104265402884));
#3451=CARTESIAN_POINT('',(-17.0905380664761,20.7342277155372,0.298578199052176));
#3452=CARTESIAN_POINT('',(-14.3706108077588,22.7041898972151,0.199052132701469));
#3453=CARTESIAN_POINT('',(-11.4261896515709,24.3194752548742,0.0995260663507367));
#3454=CARTESIAN_POINT('',(-9.34424751390412,25.1430575458427,0.0331753554502527));
#3455=CARTESIAN_POINT('',(-8.28165544924861,25.4883146367101,0.));
#3456=CARTESIAN_POINT('',(-8.28165544924856,25.4883146367101,0.));
#3457=CARTESIAN_POINT('',(-7.22660552080699,25.8451693636414,-0.0330687830687831));
#3458=CARTESIAN_POINT('',(-5.07037480413102,26.427693939158,-0.0992063492063492));
#3459=CARTESIAN_POINT('',(-1.74750974413781,26.8931650079994,-0.198412698412698));
#3460=CARTESIAN_POINT('',(1.61245114271627,26.9418584791643,-0.297619047619047));
#3461=CARTESIAN_POINT('',(4.95736035371953,26.5717739979245,-0.396825396825397));
#3462=CARTESIAN_POINT('',(8.23514750062202,25.7874199287903,-0.496031746031746));
#3463=CARTESIAN_POINT('',(11.3946319979503,24.5997633916108,-0.595238095238095));
#3464=CARTESIAN_POINT('',(14.3863216213853,23.0260785514398,-0.694444444444444));
#3465=CARTESIAN_POINT('',(17.1631878732307,21.0896965629865,-0.793650793650794));
#3466=CARTESIAN_POINT('',(19.6814050987514,18.8196604131844,-0.892857142857143));
#3467=CARTESIAN_POINT('',(21.9010419828076,16.2502898514661,-0.992063492063492));
#3468=CARTESIAN_POINT('',(23.7866944536548,13.420662891008,-1.09126984126984));
#3469=CARTESIAN_POINT('',(25.308049984315,10.3740217153639,-1.19047619047619));
#3470=CARTESIAN_POINT('',(26.440374298658,7.15711201652876,-1.28968253968254));
#3471=CARTESIAN_POINT('',(27.1649126774334,3.81946585607465,-1.38888888888889));
#3472=CARTESIAN_POINT('',(27.4691993650755,0.412639049539841,-1.48809523809524));
#3473=CARTESIAN_POINT('',(27.347269990784,-3.01058518513425,-1.58730158730159));
#3474=CARTESIAN_POINT('',(26.7997734128769,-6.39701401465616,-1.68650793650794));
#3475=CARTESIAN_POINT('',(25.833980951352,-9.6938715427347,-1.78571428571429));
#3476=CARTESIAN_POINT('',(24.463692565726,-12.8496212841181,-1.88492063492064));
#3477=CARTESIAN_POINT('',(22.7090411388834,-15.8147717428682,-1.98412698412698));
#3478=CARTESIAN_POINT('',(20.5961976179061,-18.5426525033161,-2.08333333333333));
#3479=CARTESIAN_POINT('',(18.156981314839,-20.9901486648466,-2.18253968253968));
#3480=CARTESIAN_POINT('',(15.4283811597984,-23.1183820651468,-2.28174603174603));
#3481=CARTESIAN_POINT('',(12.4519951023478,-24.8933285318119,-2.38095238095238));
#3482=CARTESIAN_POINT('',(9.27339615254111,-26.2863613673763,-2.48015873015873));
#3483=CARTESIAN_POINT('',(5.94143471996721,-27.2747123933583,-2.57936507936508));
#3484=CARTESIAN_POINT('',(2.507487928973,-27.8418431377852,-2.67857142857143));
#3485=CARTESIAN_POINT('',(-0.975332555322151,-27.9777201286595,-2.77777777777778));
#3486=CARTESIAN_POINT('',(-4.45300197638449,-27.6789897318276,-2.87698412698413));
#3487=CARTESIAN_POINT('',(-7.87142050624594,-26.9490495229893,-2.97619047619048));
#3488=CARTESIAN_POINT('',(-11.1772548369321,-25.7980147861901,-3.07539682539683));
#3489=CARTESIAN_POINT('',(-14.3187702513815,-24.2425803602469,-3.17460317460317));
#3490=CARTESIAN_POINT('',(-17.2466401927757,-22.3057796848626,-3.27380952380953));
#3491=CARTESIAN_POINT('',(-19.914720664591,-20.0166445042864,-3.37301587301587));
#3492=CARTESIAN_POINT('',(-22.2807773052708,-17.4097702431913,-3.47222222222222));
#3493=CARTESIAN_POINT('',(-24.3071536838126,-14.5247935525625,-3.57142857142857));
#3494=CARTESIAN_POINT('',(-25.9613702453383,-11.4057899095117,-3.67063492063492));
#3495=CARTESIAN_POINT('',(-27.2166443856534,-8.1006004221843,-3.76984126984127));
#3496=CARTESIAN_POINT('',(-28.0523233349923,-4.66009811922101,-3.86904761904762));
#3497=CARTESIAN_POINT('',(-28.4542228653199,-1.13740497461505,-3.96825396825397));
#3498=CARTESIAN_POINT('',(-28.4148662822998,2.41292828231439,-4.06746031746032));
#3499=CARTESIAN_POINT('',(-27.9336197001174,5.93576690865907,-4.16666666666667));
#3500=CARTESIAN_POINT('',(-27.0167212010816,9.37624836024741,-4.26587301587301));
#3501=CARTESIAN_POINT('',(-25.6772031275143,12.6806366780546,-4.36507936507936));
#3502=CARTESIAN_POINT('',(-23.9347084153571,15.7971617432967,-4.46428571428571));
#3503=CARTESIAN_POINT('',(-21.8152035313353,18.6768302941156,-4.56349206349206));
#3504=CARTESIAN_POINT('',(-19.3505921926513,21.2741959997638,-4.66269841269841));
#3505=CARTESIAN_POINT('',(-16.5782356047428,23.5480764901792,-4.76190476190476));
#3506=CARTESIAN_POINT('',(-13.5403864242139,25.462206030995,-4.86111111111111));
#3507=CARTESIAN_POINT('',(-10.2835450174786,26.9858135045192,-4.96031746031746));
#3508=CARTESIAN_POINT('',(-6.85774781939642,28.0941164914513,-5.05952380952381));
#3509=CARTESIAN_POINT('',(-3.31579868065178,28.7687235288374,-5.15873015873015));
#3510=CARTESIAN_POINT('',(0.287544989463761,28.9979380274718,-5.2579365079365));
#3511=CARTESIAN_POINT('',(3.89641874164336,28.7769588450508,-5.35714285714285));
#3512=CARTESIAN_POINT('',(7.45471718004252,28.107974106588,-5.4563492063492));
#3513=CARTESIAN_POINT('',(10.9069662031963,27.0001465162985,-5.55555555555555));
#3514=CARTESIAN_POINT('',(14.199187832143,25.4694900897551,-5.6547619047619));
#3515=CARTESIAN_POINT('',(17.2797441435456,23.5386399254654,-5.75396825396825));
#3516=CARTESIAN_POINT('',(20.1001471138058,21.2365183048006,-5.8531746031746));
#3517=CARTESIAN_POINT('',(22.6158216746282,18.5979020323526,-5.95238095238095));
#3518=CARTESIAN_POINT('',(24.7868099740885,15.6628974799027,-6.0515873015873));
#3519=CARTESIAN_POINT('',(26.5784057197155,12.4763312518867,-6.15079365079364));
#3520=CARTESIAN_POINT('',(27.9617085381973,9.08706572562077,-6.24999999999999));
#3521=CARTESIAN_POINT('',(28.9140895040552,5.54724991448223,-6.34920634920634));
#3522=CARTESIAN_POINT('',(29.419560348465,1.91151713772124,-6.44841269841269));
#3523=CARTESIAN_POINT('',(29.4690403385666,-1.7638581599425,-6.54761904761904));
#3524=CARTESIAN_POINT('',(29.0605163943681,-5.42183142618378,-6.64682539682539));
#3525=CARTESIAN_POINT('',(28.1990936604354,-9.00547337485729,-6.74603174603174));
#3526=CARTESIAN_POINT('',(26.8969354474513,-12.4588559740465,-6.84523809523809));
#3527=CARTESIAN_POINT('',(25.1730931781201,-15.7279252598794,-6.94444444444443));
#3528=CARTESIAN_POINT('',(23.053228686055,-18.7613473553618,-7.04365079365078));
#3529=CARTESIAN_POINT('',(20.56923289851,-21.5113144537825,-7.14285714285713));
#3530=CARTESIAN_POINT('',(17.7587465578151,-23.934298113746,-7.24206349206348));
#3531=CARTESIAN_POINT('',(14.66459017669,-25.9917379990059,-7.34126984126983));
#3532=CARTESIAN_POINT('',(11.3341118550389,-27.6506551692851,-7.44047619047618));
#3533=CARTESIAN_POINT('',(7.81846288775905,-28.8841801735334,-7.53968253968253));
#3534=CARTESIAN_POINT('',(4.17181224390721,-29.6719874972051,-7.63888888888888));
#3535=CARTESIAN_POINT('',(0.450511978932444,-30.0006293503153,-7.73809523809523));
#3536=CARTESIAN_POINT('',(-3.28777356214255,-29.8637633312488,-7.83730158730157));
#3537=CARTESIAN_POINT('',(-6.98496129461176,-29.2622701387518,-7.93650793650793));
#3538=CARTESIAN_POINT('',(-10.5834518508982,-28.2042592059626,-8.03571428571427));
#3539=CARTESIAN_POINT('',(-14.027026922521,-26.7049618694039,-8.13492063492062));
#3540=CARTESIAN_POINT('',(-17.2617275076956,-24.7865134355903,-8.23412698412697));
#3541=CARTESIAN_POINT('',(-20.236699345069,-22.4776272410647,-8.33333333333332));
#3542=CARTESIAN_POINT('',(-22.9049922884282,-19.813165491246,-8.43253968253967));
#3543=CARTESIAN_POINT('',(-25.2243010590457,-16.8336132830035,-8.53174603174602));
#3544=CARTESIAN_POINT('',(-27.1576356915714,-13.5844637399771,-8.63095238095237));
#3545=CARTESIAN_POINT('',(-28.673911052875,-10.1155235943376,-8.73015873015872));
#3546=CARTESIAN_POINT('',(-29.7484460449144,-6.48014981174679,-8.82936507936506));
#3547=CARTESIAN_POINT('',(-30.3633644838067,-2.73442895767829,-8.92857142857141));
#3548=CARTESIAN_POINT('',(-30.507891156707,1.0636880745666,-9.02777777777776));
#3549=CARTESIAN_POINT('',(-30.1785381726712,4.85528262571749,-9.12698412698411));
#3550=CARTESIAN_POINT('',(-29.3791784185447,8.58138225165106,-9.22619047619046));
#3551=CARTESIAN_POINT('',(-28.1210046798704,12.1838779455536,-9.32539682539681));
#3552=CARTESIAN_POINT('',(-26.4223747627828,15.6064303352643,-9.42460317460316));
#3553=CARTESIAN_POINT('',(-24.3085447282296,18.7953507241595,-9.52380952380951));
#3554=CARTESIAN_POINT('',(-21.8112940970246,21.7004431985353,-9.62301587301585));
#3555=CARTESIAN_POINT('',(-18.9684485758721,24.2757945944649,-9.72222222222221));
#3556=CARTESIAN_POINT('',(-15.8233074641523,26.4804998942355,-9.82142857142855));
#3557=CARTESIAN_POINT('',(-12.4239844036213,28.2793115951392,-9.9206349206349));
#3558=CARTESIAN_POINT('',(-8.82267150459447,29.6432027469749,-10.0198412698412));
#3559=CARTESIAN_POINT('',(-5.07483810095058,30.5498346716045,-10.1190476190476));
#3560=CARTESIAN_POINT('',(-1.2383764330383,30.9839218382286,-10.2182539682539));
#3561=CARTESIAN_POINT('',(2.62729258445366,30.9374879493201,-10.3174603174603));
#3562=CARTESIAN_POINT('',(6.46213969723844,30.4100089700818,-10.4166666666666));
#3563=CARTESIAN_POINT('',(10.20645949434,29.4084405829867,-10.515873015873));
#3564=CARTESIAN_POINT('',(13.8017999634805,27.9471293413734,-10.6150793650793));
#3565=CARTESIAN_POINT('',(17.1918749468046,26.047608604413,-10.7142857142857));
#3566=CARTESIAN_POINT('',(20.3234452536567,23.7382821319046,-10.813492063492));
#3567=CARTESIAN_POINT('',(23.1471546383179,21.0539999733126,-10.9126984126984));
#3568=CARTESIAN_POINT('',(25.6183075176659,18.0355329737734,-11.0119047619047));
#3569=CARTESIAN_POINT('',(27.6975761768257,14.7289538140075,-11.1111111111111));
#3570=CARTESIAN_POINT('',(29.351626276946,11.1849339761272,-11.2103174603174));
#3571=CARTESIAN_POINT('',(30.5536507221758,7.45796735993837,-11.3095238095238));
#3572=CARTESIAN_POINT('',(31.2838033438084,3.60553244338879,-11.4087301587301));
#3573=CARTESIAN_POINT('',(31.5295253970419,-0.312794132275429,-11.5079365079365));
#3574=CARTESIAN_POINT('',(31.2857595160894,-4.23625888325452,-11.6071428571428));
#3575=CARTESIAN_POINT('',(30.5550475118394,-8.10387346215022,-11.7063492063492));
#3576=CARTESIAN_POINT('',(29.3475101930395,-11.8553626903963,-11.8055555555555));
#3577=CARTESIAN_POINT('',(27.6807092306378,-15.4321039053856,-11.9047619047619));
#3578=CARTESIAN_POINT('',(25.5793928942762,-18.7780429914207,-12.0039682539682));
#3579=CARTESIAN_POINT('',(23.0751294010281,-21.840572751598,-12.1031746031746));
#3580=CARTESIAN_POINT('',(20.2058330053381,-24.5713599686793,-12.2023809523809));
#3581=CARTESIAN_POINT('',(17.0151910214018,-26.9271077403353,-12.3015873015873));
#3582=CARTESIAN_POINT('',(13.5519963815712,-28.8702426134235,-12.4007936507936));
#3583=CARTESIAN_POINT('',(11.0969394851046,-29.8697541041392,-12.4669312169312));
#3584=CARTESIAN_POINT('',(9.8422925737015,-30.2914618221434,-12.5));
#3585=ORIENTED_EDGE('',*,*,#3989,.F.);
#3586=ORIENTED_EDGE('',*,*,#3990,.T.);
#3587=ORIENTED_EDGE('',*,*,#3991,.T.);
#3588=ORIENTED_EDGE('',*,*,#3992,.F.);
#3589=ORIENTED_EDGE('',*,*,#3993,.F.);
#3590=ORIENTED_EDGE('',*,*,#3994,.F.);
#3591=ORIENTED_EDGE('',*,*,#3995,.F.);
#3592=ORIENTED_EDGE('',*,*,#3996,.F.);
#3593=ORIENTED_EDGE('',*,*,#3997,.F.);
#3594=ORIENTED_EDGE('',*,*,#3998,.F.);
#3595=ORIENTED_EDGE('',*,*,#3999,.F.);
#3596=ORIENTED_EDGE('',*,*,#4000,.F.);
#3597=ORIENTED_EDGE('',*,*,#4001,.F.);
#3598=ORIENTED_EDGE('',*,*,#4002,.F.);
#3599=ORIENTED_EDGE('',*,*,#4003,.F.);
#3600=ORIENTED_EDGE('',*,*,#4004,.F.);
#3601=ORIENTED_EDGE('',*,*,#4005,.F.);
#3602=ORIENTED_EDGE('',*,*,#4006,.F.);
#3603=ORIENTED_EDGE('',*,*,#4007,.F.);
#3604=ORIENTED_EDGE('',*,*,#4008,.F.);
#3605=ORIENTED_EDGE('',*,*,#4009,.F.);
#3606=ORIENTED_EDGE('',*,*,#4010,.F.);
#3607=ORIENTED_EDGE('',*,*,#4011,.F.);
#3608=ORIENTED_EDGE('',*,*,#4012,.F.);
#3609=ORIENTED_EDGE('',*,*,#4013,.F.);
#3610=ORIENTED_EDGE('',*,*,#4014,.F.);
#3611=ORIENTED_EDGE('',*,*,#4015,.F.);
#3612=ORIENTED_EDGE('',*,*,#4016,.F.);
#3613=ORIENTED_EDGE('',*,*,#4017,.F.);
#3614=ORIENTED_EDGE('',*,*,#4018,.F.);
#3615=ORIENTED_EDGE('',*,*,#4019,.F.);
#3616=ORIENTED_EDGE('',*,*,#4020,.F.);
#3617=ORIENTED_EDGE('',*,*,#4021,.F.);
#3618=ORIENTED_EDGE('',*,*,#4022,.F.);
#3619=ORIENTED_EDGE('',*,*,#4023,.F.);
#3620=ORIENTED_EDGE('',*,*,#4024,.F.);
#3621=ORIENTED_EDGE('',*,*,#4025,.F.);
#3622=ORIENTED_EDGE('',*,*,#4026,.F.);
#3623=ORIENTED_EDGE('',*,*,#4027,.F.);
#3624=ORIENTED_EDGE('',*,*,#4028,.F.);
#3625=ORIENTED_EDGE('',*,*,#3989,.T.);
#3626=ORIENTED_EDGE('',*,*,#4029,.F.);
#3627=ORIENTED_EDGE('',*,*,#4030,.T.);
#3628=ORIENTED_EDGE('',*,*,#4031,.T.);
#3629=ORIENTED_EDGE('',*,*,#4032,.T.);
#3630=ORIENTED_EDGE('',*,*,#4033,.T.);
#3631=ORIENTED_EDGE('',*,*,#4034,.T.);
#3632=ORIENTED_EDGE('',*,*,#4035,.T.);
#3633=ORIENTED_EDGE('',*,*,#4036,.T.);
#3634=ORIENTED_EDGE('',*,*,#4037,.T.);
#3635=ORIENTED_EDGE('',*,*,#4038,.F.);
#3636=ORIENTED_EDGE('',*,*,#4039,.T.);
#3637=ORIENTED_EDGE('',*,*,#4031,.F.);
#3638=ORIENTED_EDGE('',*,*,#4040,.T.);
#3639=ORIENTED_EDGE('',*,*,#4041,.F.);
#3640=ORIENTED_EDGE('',*,*,#4042,.T.);
#3641=ORIENTED_EDGE('',*,*,#4043,.T.);
#3642=ORIENTED_EDGE('',*,*,#4044,.T.);
#3643=ORIENTED_EDGE('',*,*,#4045,.T.);
#3644=ORIENTED_EDGE('',*,*,#4041,.T.);
#3645=ORIENTED_EDGE('',*,*,#4046,.T.);
#3646=ORIENTED_EDGE('',*,*,#4047,.T.);
#3647=ORIENTED_EDGE('',*,*,#4048,.F.);
#3648=ORIENTED_EDGE('',*,*,#4049,.T.);
#3649=ORIENTED_EDGE('',*,*,#4050,.T.);
#3650=ORIENTED_EDGE('',*,*,#4048,.T.);
#3651=ORIENTED_EDGE('',*,*,#4051,.T.);
#3652=ORIENTED_EDGE('',*,*,#4052,.T.);
#3653=ORIENTED_EDGE('',*,*,#4049,.F.);
#3654=ORIENTED_EDGE('',*,*,#4053,.T.);
#3655=ORIENTED_EDGE('',*,*,#4054,.T.);
#3656=ORIENTED_EDGE('',*,*,#4051,.F.);
#3657=ORIENTED_EDGE('',*,*,#4038,.T.);
#3658=ORIENTED_EDGE('',*,*,#4055,.F.);
#3659=ORIENTED_EDGE('',*,*,#3999,.T.);
#3660=ORIENTED_EDGE('',*,*,#4056,.T.);
#3661=ORIENTED_EDGE('',*,*,#4057,.T.);
#3662=ORIENTED_EDGE('',*,*,#4055,.T.);
#3663=ORIENTED_EDGE('',*,*,#4058,.T.);
#3664=ORIENTED_EDGE('',*,*,#4059,.F.);
#3665=ORIENTED_EDGE('',*,*,#4000,.T.);
#3666=ORIENTED_EDGE('',*,*,#4060,.F.);
#3667=ORIENTED_EDGE('',*,*,#4061,.F.);
#3668=ORIENTED_EDGE('',*,*,#4062,.F.);
#3669=ORIENTED_EDGE('',*,*,#4001,.T.);
#3670=ORIENTED_EDGE('',*,*,#4063,.T.);
#3671=ORIENTED_EDGE('',*,*,#4002,.T.);
#3672=ORIENTED_EDGE('',*,*,#4064,.F.);
#3673=ORIENTED_EDGE('',*,*,#4065,.F.);
#3674=ORIENTED_EDGE('',*,*,#4063,.F.);
#3675=ORIENTED_EDGE('',*,*,#4066,.F.);
#3676=ORIENTED_EDGE('',*,*,#4067,.T.);
#3677=ORIENTED_EDGE('',*,*,#4003,.T.);
#3678=ORIENTED_EDGE('',*,*,#4068,.F.);
#3679=ORIENTED_EDGE('',*,*,#4004,.T.);
#3680=ORIENTED_EDGE('',*,*,#4067,.F.);
#3681=ORIENTED_EDGE('',*,*,#4069,.F.);
#3682=ORIENTED_EDGE('',*,*,#4070,.F.);
#3683=ORIENTED_EDGE('',*,*,#4005,.T.);
#3684=ORIENTED_EDGE('',*,*,#4068,.T.);
#3685=ORIENTED_EDGE('',*,*,#4071,.T.);
#3686=ORIENTED_EDGE('',*,*,#4070,.T.);
#3687=ORIENTED_EDGE('',*,*,#4072,.T.);
#3688=ORIENTED_EDGE('',*,*,#4073,.F.);
#3689=ORIENTED_EDGE('',*,*,#4006,.T.);
#3690=ORIENTED_EDGE('',*,*,#4074,.F.);
#3691=ORIENTED_EDGE('',*,*,#4075,.F.);
#3692=ORIENTED_EDGE('',*,*,#4076,.F.);
#3693=ORIENTED_EDGE('',*,*,#4007,.T.);
#3694=ORIENTED_EDGE('',*,*,#4077,.T.);
#3695=ORIENTED_EDGE('',*,*,#4008,.T.);
#3696=ORIENTED_EDGE('',*,*,#4078,.F.);
#3697=ORIENTED_EDGE('',*,*,#4079,.F.);
#3698=ORIENTED_EDGE('',*,*,#4077,.F.);
#3699=ORIENTED_EDGE('',*,*,#4080,.F.);
#3700=ORIENTED_EDGE('',*,*,#4081,.T.);
#3701=ORIENTED_EDGE('',*,*,#4009,.T.);
#3702=ORIENTED_EDGE('',*,*,#4082,.F.);
#3703=ORIENTED_EDGE('',*,*,#4011,.T.);
#3704=ORIENTED_EDGE('',*,*,#4010,.T.);
#3705=ORIENTED_EDGE('',*,*,#4081,.F.);
#3706=ORIENTED_EDGE('',*,*,#4083,.F.);
#3707=ORIENTED_EDGE('',*,*,#4084,.F.);
#3708=ORIENTED_EDGE('',*,*,#4012,.T.);
#3709=ORIENTED_EDGE('',*,*,#4082,.T.);
#3710=ORIENTED_EDGE('',*,*,#4085,.T.);
#3711=ORIENTED_EDGE('',*,*,#4084,.T.);
#3712=ORIENTED_EDGE('',*,*,#4086,.T.);
#3713=ORIENTED_EDGE('',*,*,#4087,.F.);
#3714=ORIENTED_EDGE('',*,*,#4013,.T.);
#3715=ORIENTED_EDGE('',*,*,#4088,.F.);
#3716=ORIENTED_EDGE('',*,*,#4089,.F.);
#3717=ORIENTED_EDGE('',*,*,#4090,.F.);
#3718=ORIENTED_EDGE('',*,*,#4014,.T.);
#3719=ORIENTED_EDGE('',*,*,#4091,.T.);
#3720=ORIENTED_EDGE('',*,*,#4015,.T.);
#3721=ORIENTED_EDGE('',*,*,#4092,.F.);
#3722=ORIENTED_EDGE('',*,*,#4093,.F.);
#3723=ORIENTED_EDGE('',*,*,#4091,.F.);
#3724=ORIENTED_EDGE('',*,*,#4094,.F.);
#3725=ORIENTED_EDGE('',*,*,#4095,.T.);
#3726=ORIENTED_EDGE('',*,*,#4016,.T.);
#3727=ORIENTED_EDGE('',*,*,#4096,.F.);
#3728=ORIENTED_EDGE('',*,*,#4017,.T.);
#3729=ORIENTED_EDGE('',*,*,#4095,.F.);
#3730=ORIENTED_EDGE('',*,*,#4097,.F.);
#3731=ORIENTED_EDGE('',*,*,#4098,.F.);
#3732=ORIENTED_EDGE('',*,*,#4018,.T.);
#3733=ORIENTED_EDGE('',*,*,#4096,.T.);
#3734=ORIENTED_EDGE('',*,*,#4099,.T.);
#3735=ORIENTED_EDGE('',*,*,#4098,.T.);
#3736=ORIENTED_EDGE('',*,*,#4100,.T.);
#3737=ORIENTED_EDGE('',*,*,#4101,.F.);
#3738=ORIENTED_EDGE('',*,*,#4019,.T.);
#3739=ORIENTED_EDGE('',*,*,#4102,.F.);
#3740=ORIENTED_EDGE('',*,*,#4103,.F.);
#3741=ORIENTED_EDGE('',*,*,#4104,.F.);
#3742=ORIENTED_EDGE('',*,*,#4020,.T.);
#3743=ORIENTED_EDGE('',*,*,#4105,.T.);
#3744=ORIENTED_EDGE('',*,*,#4021,.T.);
#3745=ORIENTED_EDGE('',*,*,#4106,.F.);
#3746=ORIENTED_EDGE('',*,*,#4107,.F.);
#3747=ORIENTED_EDGE('',*,*,#4105,.F.);
#3748=ORIENTED_EDGE('',*,*,#4108,.F.);
#3749=ORIENTED_EDGE('',*,*,#4109,.T.);
#3750=ORIENTED_EDGE('',*,*,#4022,.T.);
#3751=ORIENTED_EDGE('',*,*,#4110,.F.);
#3752=ORIENTED_EDGE('',*,*,#4023,.T.);
#3753=ORIENTED_EDGE('',*,*,#4109,.F.);
#3754=ORIENTED_EDGE('',*,*,#4111,.F.);
#3755=ORIENTED_EDGE('',*,*,#4112,.F.);
#3756=ORIENTED_EDGE('',*,*,#4024,.T.);
#3757=ORIENTED_EDGE('',*,*,#4110,.T.);
#3758=ORIENTED_EDGE('',*,*,#4113,.T.);
#3759=ORIENTED_EDGE('',*,*,#4112,.T.);
#3760=ORIENTED_EDGE('',*,*,#4114,.T.);
#3761=ORIENTED_EDGE('',*,*,#4115,.F.);
#3762=ORIENTED_EDGE('',*,*,#4025,.T.);
#3763=ORIENTED_EDGE('',*,*,#4116,.F.);
#3764=ORIENTED_EDGE('',*,*,#4117,.F.);
#3765=ORIENTED_EDGE('',*,*,#4118,.F.);
#3766=ORIENTED_EDGE('',*,*,#4026,.T.);
#3767=ORIENTED_EDGE('',*,*,#4119,.T.);
#3768=ORIENTED_EDGE('',*,*,#4027,.T.);
#3769=ORIENTED_EDGE('',*,*,#4120,.F.);
#3770=ORIENTED_EDGE('',*,*,#4121,.F.);
#3771=ORIENTED_EDGE('',*,*,#4119,.F.);
#3772=ORIENTED_EDGE('',*,*,#4122,.F.);
#3773=ORIENTED_EDGE('',*,*,#4123,.T.);
#3774=ORIENTED_EDGE('',*,*,#4028,.T.);
#3775=ORIENTED_EDGE('',*,*,#4124,.F.);
#3776=ORIENTED_EDGE('',*,*,#3992,.T.);
#3777=ORIENTED_EDGE('',*,*,#4123,.F.);
#3778=ORIENTED_EDGE('',*,*,#4125,.F.);
#3779=ORIENTED_EDGE('',*,*,#4126,.F.);
#3780=ORIENTED_EDGE('',*,*,#3993,.T.);
#3781=ORIENTED_EDGE('',*,*,#4124,.T.);
#3782=ORIENTED_EDGE('',*,*,#4127,.T.);
#3783=ORIENTED_EDGE('',*,*,#4126,.T.);
#3784=ORIENTED_EDGE('',*,*,#4128,.T.);
#3785=ORIENTED_EDGE('',*,*,#4129,.F.);
#3786=ORIENTED_EDGE('',*,*,#3994,.T.);
#3787=ORIENTED_EDGE('',*,*,#4130,.F.);
#3788=ORIENTED_EDGE('',*,*,#3995,.T.);
#3789=ORIENTED_EDGE('',*,*,#4131,.T.);
#3790=ORIENTED_EDGE('',*,*,#4132,.F.);
#3791=ORIENTED_EDGE('',*,*,#4133,.T.);
#3792=ORIENTED_EDGE('',*,*,#3996,.T.);
#3793=ORIENTED_EDGE('',*,*,#4134,.F.);
#3794=ORIENTED_EDGE('',*,*,#4135,.F.);
#3795=ORIENTED_EDGE('',*,*,#4133,.F.);
#3796=ORIENTED_EDGE('',*,*,#4136,.F.);
#3797=ORIENTED_EDGE('',*,*,#4137,.T.);
#3798=ORIENTED_EDGE('',*,*,#3997,.T.);
#3799=ORIENTED_EDGE('',*,*,#4056,.F.);
#3800=ORIENTED_EDGE('',*,*,#3998,.T.);
#3801=ORIENTED_EDGE('',*,*,#4137,.F.);
#3802=ORIENTED_EDGE('',*,*,#4138,.F.);
#3803=ORIENTED_EDGE('',*,*,#4047,.F.);
#3804=ORIENTED_EDGE('',*,*,#4139,.T.);
#3805=ORIENTED_EDGE('',*,*,#4029,.T.);
#3806=ORIENTED_EDGE('',*,*,#4053,.F.);
#3807=ORIENTED_EDGE('',*,*,#4040,.F.);
#3808=ORIENTED_EDGE('',*,*,#4030,.F.);
#3809=ORIENTED_EDGE('',*,*,#4139,.F.);
#3810=ORIENTED_EDGE('',*,*,#4046,.F.);
#3811=ORIENTED_EDGE('',*,*,#4140,.F.);
#3812=ORIENTED_EDGE('',*,*,#4057,.F.);
#3813=ORIENTED_EDGE('',*,*,#4138,.T.);
#3814=ORIENTED_EDGE('',*,*,#4136,.T.);
#3815=ORIENTED_EDGE('',*,*,#4140,.T.);
#3816=ORIENTED_EDGE('',*,*,#4135,.T.);
#3817=ORIENTED_EDGE('',*,*,#4141,.F.);
#3818=ORIENTED_EDGE('',*,*,#4058,.F.);
#3819=ORIENTED_EDGE('',*,*,#4059,.T.);
#3820=ORIENTED_EDGE('',*,*,#4142,.T.);
#3821=ORIENTED_EDGE('',*,*,#4143,.F.);
#3822=ORIENTED_EDGE('',*,*,#4060,.T.);
#3823=ORIENTED_EDGE('',*,*,#4143,.T.);
#3824=ORIENTED_EDGE('',*,*,#4144,.T.);
#3825=ORIENTED_EDGE('',*,*,#4145,.T.);
#3826=ORIENTED_EDGE('',*,*,#4132,.T.);
#3827=ORIENTED_EDGE('',*,*,#4146,.T.);
#3828=ORIENTED_EDGE('',*,*,#4147,.T.);
#3829=ORIENTED_EDGE('',*,*,#4148,.T.);
#3830=ORIENTED_EDGE('',*,*,#4117,.T.);
#3831=ORIENTED_EDGE('',*,*,#4149,.T.);
#3832=ORIENTED_EDGE('',*,*,#4150,.T.);
#3833=ORIENTED_EDGE('',*,*,#4151,.T.);
#3834=ORIENTED_EDGE('',*,*,#4103,.T.);
#3835=ORIENTED_EDGE('',*,*,#4152,.T.);
#3836=ORIENTED_EDGE('',*,*,#4153,.T.);
#3837=ORIENTED_EDGE('',*,*,#4154,.T.);
#3838=ORIENTED_EDGE('',*,*,#4089,.T.);
#3839=ORIENTED_EDGE('',*,*,#4155,.T.);
#3840=ORIENTED_EDGE('',*,*,#4156,.T.);
#3841=ORIENTED_EDGE('',*,*,#4157,.T.);
#3842=ORIENTED_EDGE('',*,*,#4075,.T.);
#3843=ORIENTED_EDGE('',*,*,#4158,.T.);
#3844=ORIENTED_EDGE('',*,*,#4159,.T.);
#3845=ORIENTED_EDGE('',*,*,#4160,.T.);
#3846=ORIENTED_EDGE('',*,*,#4061,.T.);
#3847=ORIENTED_EDGE('',*,*,#4064,.T.);
#3848=ORIENTED_EDGE('',*,*,#4062,.T.);
#3849=ORIENTED_EDGE('',*,*,#4160,.F.);
#3850=ORIENTED_EDGE('',*,*,#4161,.F.);
#3851=ORIENTED_EDGE('',*,*,#4162,.T.);
#3852=ORIENTED_EDGE('',*,*,#4065,.T.);
#3853=ORIENTED_EDGE('',*,*,#4163,.F.);
#3854=ORIENTED_EDGE('',*,*,#4072,.F.);
#3855=ORIENTED_EDGE('',*,*,#4162,.F.);
#3856=ORIENTED_EDGE('',*,*,#4071,.F.);
#3857=ORIENTED_EDGE('',*,*,#4069,.T.);
#3858=ORIENTED_EDGE('',*,*,#4066,.T.);
#3859=ORIENTED_EDGE('',*,*,#4073,.T.);
#3860=ORIENTED_EDGE('',*,*,#4164,.T.);
#3861=ORIENTED_EDGE('',*,*,#4158,.F.);
#3862=ORIENTED_EDGE('',*,*,#4074,.T.);
#3863=ORIENTED_EDGE('',*,*,#4078,.T.);
#3864=ORIENTED_EDGE('',*,*,#4076,.T.);
#3865=ORIENTED_EDGE('',*,*,#4157,.F.);
#3866=ORIENTED_EDGE('',*,*,#4165,.F.);
#3867=ORIENTED_EDGE('',*,*,#4166,.T.);
#3868=ORIENTED_EDGE('',*,*,#4079,.T.);
#3869=ORIENTED_EDGE('',*,*,#4167,.F.);
#3870=ORIENTED_EDGE('',*,*,#4086,.F.);
#3871=ORIENTED_EDGE('',*,*,#4166,.F.);
#3872=ORIENTED_EDGE('',*,*,#4085,.F.);
#3873=ORIENTED_EDGE('',*,*,#4083,.T.);
#3874=ORIENTED_EDGE('',*,*,#4080,.T.);
#3875=ORIENTED_EDGE('',*,*,#4087,.T.);
#3876=ORIENTED_EDGE('',*,*,#4168,.T.);
#3877=ORIENTED_EDGE('',*,*,#4155,.F.);
#3878=ORIENTED_EDGE('',*,*,#4088,.T.);
#3879=ORIENTED_EDGE('',*,*,#4092,.T.);
#3880=ORIENTED_EDGE('',*,*,#4090,.T.);
#3881=ORIENTED_EDGE('',*,*,#4154,.F.);
#3882=ORIENTED_EDGE('',*,*,#4169,.F.);
#3883=ORIENTED_EDGE('',*,*,#4170,.T.);
#3884=ORIENTED_EDGE('',*,*,#4093,.T.);
#3885=ORIENTED_EDGE('',*,*,#4171,.F.);
#3886=ORIENTED_EDGE('',*,*,#4100,.F.);
#3887=ORIENTED_EDGE('',*,*,#4170,.F.);
#3888=ORIENTED_EDGE('',*,*,#4099,.F.);
#3889=ORIENTED_EDGE('',*,*,#4097,.T.);
#3890=ORIENTED_EDGE('',*,*,#4094,.T.);
#3891=ORIENTED_EDGE('',*,*,#4101,.T.);
#3892=ORIENTED_EDGE('',*,*,#4172,.T.);
#3893=ORIENTED_EDGE('',*,*,#4152,.F.);
#3894=ORIENTED_EDGE('',*,*,#4102,.T.);
#3895=ORIENTED_EDGE('',*,*,#4106,.T.);
#3896=ORIENTED_EDGE('',*,*,#4104,.T.);
#3897=ORIENTED_EDGE('',*,*,#4151,.F.);
#3898=ORIENTED_EDGE('',*,*,#4173,.F.);
#3899=ORIENTED_EDGE('',*,*,#4174,.T.);
#3900=ORIENTED_EDGE('',*,*,#4107,.T.);
#3901=ORIENTED_EDGE('',*,*,#4175,.F.);
#3902=ORIENTED_EDGE('',*,*,#4114,.F.);
#3903=ORIENTED_EDGE('',*,*,#4174,.F.);
#3904=ORIENTED_EDGE('',*,*,#4113,.F.);
#3905=ORIENTED_EDGE('',*,*,#4111,.T.);
#3906=ORIENTED_EDGE('',*,*,#4108,.T.);
#3907=ORIENTED_EDGE('',*,*,#4115,.T.);
#3908=ORIENTED_EDGE('',*,*,#4176,.T.);
#3909=ORIENTED_EDGE('',*,*,#4149,.F.);
#3910=ORIENTED_EDGE('',*,*,#4116,.T.);
#3911=ORIENTED_EDGE('',*,*,#4120,.T.);
#3912=ORIENTED_EDGE('',*,*,#4118,.T.);
#3913=ORIENTED_EDGE('',*,*,#4148,.F.);
#3914=ORIENTED_EDGE('',*,*,#4177,.F.);
#3915=ORIENTED_EDGE('',*,*,#4178,.T.);
#3916=ORIENTED_EDGE('',*,*,#4121,.T.);
#3917=ORIENTED_EDGE('',*,*,#4179,.F.);
#3918=ORIENTED_EDGE('',*,*,#4128,.F.);
#3919=ORIENTED_EDGE('',*,*,#4178,.F.);
#3920=ORIENTED_EDGE('',*,*,#4127,.F.);
#3921=ORIENTED_EDGE('',*,*,#4125,.T.);
#3922=ORIENTED_EDGE('',*,*,#4122,.T.);
#3923=ORIENTED_EDGE('',*,*,#4129,.T.);
#3924=ORIENTED_EDGE('',*,*,#4180,.T.);
#3925=ORIENTED_EDGE('',*,*,#4146,.F.);
#3926=ORIENTED_EDGE('',*,*,#4131,.F.);
#3927=ORIENTED_EDGE('',*,*,#4134,.T.);
#3928=ORIENTED_EDGE('',*,*,#4130,.T.);
#3929=ORIENTED_EDGE('',*,*,#4145,.F.);
#3930=ORIENTED_EDGE('',*,*,#4181,.F.);
#3931=ORIENTED_EDGE('',*,*,#4141,.T.);
#3932=ORIENTED_EDGE('',*,*,#4181,.T.);
#3933=ORIENTED_EDGE('',*,*,#4144,.F.);
#3934=ORIENTED_EDGE('',*,*,#4142,.F.);
#3935=ORIENTED_EDGE('',*,*,#4179,.T.);
#3936=ORIENTED_EDGE('',*,*,#4177,.T.);
#3937=ORIENTED_EDGE('',*,*,#4147,.F.);
#3938=ORIENTED_EDGE('',*,*,#4180,.F.);
#3939=ORIENTED_EDGE('',*,*,#4175,.T.);
#3940=ORIENTED_EDGE('',*,*,#4173,.T.);
#3941=ORIENTED_EDGE('',*,*,#4150,.F.);
#3942=ORIENTED_EDGE('',*,*,#4176,.F.);
#3943=ORIENTED_EDGE('',*,*,#4171,.T.);
#3944=ORIENTED_EDGE('',*,*,#4169,.T.);
#3945=ORIENTED_EDGE('',*,*,#4153,.F.);
#3946=ORIENTED_EDGE('',*,*,#4172,.F.);
#3947=ORIENTED_EDGE('',*,*,#4167,.T.);
#3948=ORIENTED_EDGE('',*,*,#4165,.T.);
#3949=ORIENTED_EDGE('',*,*,#4156,.F.);
#3950=ORIENTED_EDGE('',*,*,#4168,.F.);
#3951=ORIENTED_EDGE('',*,*,#4163,.T.);
#3952=ORIENTED_EDGE('',*,*,#4161,.T.);
#3953=ORIENTED_EDGE('',*,*,#4159,.F.);
#3954=ORIENTED_EDGE('',*,*,#4164,.F.);
#3955=ORIENTED_EDGE('',*,*,#4052,.F.);
#3956=ORIENTED_EDGE('',*,*,#4054,.F.);
#3957=ORIENTED_EDGE('',*,*,#4037,.F.);
#3958=ORIENTED_EDGE('',*,*,#4182,.F.);
#3959=ORIENTED_EDGE('',*,*,#3990,.F.);
#3960=ORIENTED_EDGE('',*,*,#4183,.T.);
#3961=ORIENTED_EDGE('',*,*,#4035,.F.);
#3962=ORIENTED_EDGE('',*,*,#4184,.F.);
#3963=ORIENTED_EDGE('',*,*,#4042,.F.);
#3964=ORIENTED_EDGE('',*,*,#4050,.F.);
#3965=ORIENTED_EDGE('',*,*,#4183,.F.);
#3966=ORIENTED_EDGE('',*,*,#3991,.F.);
#3967=ORIENTED_EDGE('',*,*,#4182,.T.);
#3968=ORIENTED_EDGE('',*,*,#4036,.F.);
#3969=ORIENTED_EDGE('',*,*,#4034,.F.);
#3970=ORIENTED_EDGE('',*,*,#4185,.F.);
#3971=ORIENTED_EDGE('',*,*,#4043,.F.);
#3972=ORIENTED_EDGE('',*,*,#4184,.T.);
#3973=ORIENTED_EDGE('',*,*,#4039,.F.);
#3974=ORIENTED_EDGE('',*,*,#4045,.F.);
#3975=ORIENTED_EDGE('',*,*,#4186,.T.);
#3976=ORIENTED_EDGE('',*,*,#4032,.F.);
#3977=ORIENTED_EDGE('',*,*,#4033,.F.);
#3978=ORIENTED_EDGE('',*,*,#4186,.F.);
#3979=ORIENTED_EDGE('',*,*,#4044,.F.);
#3980=ORIENTED_EDGE('',*,*,#4185,.T.);
#3981=ORIENTED_EDGE('',*,*,#4187,.F.);
#3982=ORIENTED_EDGE('',*,*,#4188,.T.);
#3983=ORIENTED_EDGE('',*,*,#4189,.T.);
#3984=ORIENTED_EDGE('',*,*,#4188,.F.);
#3985=ORIENTED_EDGE('',*,*,#4190,.T.);
#3986=ORIENTED_EDGE('',*,*,#4189,.F.);
#3987=ORIENTED_EDGE('',*,*,#4190,.F.);
#3988=ORIENTED_EDGE('',*,*,#4187,.T.);
#3989=EDGE_CURVE('',#4191,#4191,#4192,.T.);
#3990=EDGE_CURVE('',#4193,#4194,#4195,.T.);
#3991=EDGE_CURVE('',#4194,#4193,#4196,.T.);
#3992=EDGE_CURVE('',#4197,#4198,#4199,.T.);
#3993=EDGE_CURVE('',#4200,#4197,#4201,.F.);
#3994=EDGE_CURVE('',#4202,#4200,#4203,.F.);
#3995=EDGE_CURVE('',#4204,#4202,#4205,.T.);
#3996=EDGE_CURVE('',#4206,#4204,#4207,.T.);
#3997=EDGE_CURVE('',#4208,#4206,#4209,.T.);
#3998=EDGE_CURVE('',#4210,#4208,#4211,.T.);
#3999=EDGE_CURVE('',#4212,#4210,#4213,.F.);
#4000=EDGE_CURVE('',#4214,#4212,#4215,.F.);
#4001=EDGE_CURVE('',#4216,#4214,#4217,.T.);
#4002=EDGE_CURVE('',#4218,#4216,#4219,.T.);
#4003=EDGE_CURVE('',#4220,#4218,#4221,.T.);
#4004=EDGE_CURVE('',#4222,#4220,#4223,.T.);
#4005=EDGE_CURVE('',#4224,#4222,#4225,.F.);
#4006=EDGE_CURVE('',#4226,#4224,#4227,.F.);
#4007=EDGE_CURVE('',#4228,#4226,#4229,.T.);
#4008=EDGE_CURVE('',#4230,#4228,#4231,.T.);
#4009=EDGE_CURVE('',#4232,#4230,#4233,.T.);
#4010=EDGE_CURVE('',#4234,#4232,#4235,.T.);
#4011=EDGE_CURVE('',#4236,#4234,#4237,.T.);
#4012=EDGE_CURVE('',#4238,#4236,#4239,.F.);
#4013=EDGE_CURVE('',#4240,#4238,#4241,.F.);
#4014=EDGE_CURVE('',#4242,#4240,#4243,.T.);
#4015=EDGE_CURVE('',#4244,#4242,#4245,.T.);
#4016=EDGE_CURVE('',#4246,#4244,#4247,.T.);
#4017=EDGE_CURVE('',#4248,#4246,#4249,.T.);
#4018=EDGE_CURVE('',#4250,#4248,#4251,.F.);
#4019=EDGE_CURVE('',#4252,#4250,#4253,.F.);
#4020=EDGE_CURVE('',#4254,#4252,#4255,.T.);
#4021=EDGE_CURVE('',#4256,#4254,#4257,.T.);
#4022=EDGE_CURVE('',#4258,#4256,#4259,.T.);
#4023=EDGE_CURVE('',#4260,#4258,#4261,.T.);
#4024=EDGE_CURVE('',#4262,#4260,#4263,.F.);
#4025=EDGE_CURVE('',#4264,#4262,#4265,.F.);
#4026=EDGE_CURVE('',#4266,#4264,#4267,.T.);
#4027=EDGE_CURVE('',#4268,#4266,#4269,.T.);
#4028=EDGE_CURVE('',#4198,#4268,#4270,.T.);
#4029=EDGE_CURVE('',#4271,#4272,#4273,.T.);
#4030=EDGE_CURVE('',#4271,#4274,#4275,.F.);
#4031=EDGE_CURVE('',#4274,#4276,#4277,.F.);
#4032=EDGE_CURVE('',#4276,#4278,#4279,.F.);
#4033=EDGE_CURVE('',#4278,#4280,#4281,.F.);
#4034=EDGE_CURVE('',#4280,#4282,#4283,.F.);
#4035=EDGE_CURVE('',#4282,#4284,#4285,.F.);
#4036=EDGE_CURVE('',#4284,#4286,#4287,.F.);
#4037=EDGE_CURVE('',#4286,#4288,#4289,.F.);
#4038=EDGE_CURVE('',#4272,#4288,#4290,.T.);
#4039=EDGE_CURVE('',#4291,#4276,#4292,.T.);
#4040=EDGE_CURVE('',#4274,#4293,#4294,.F.);
#4041=EDGE_CURVE('',#4291,#4293,#4295,.T.);
#4042=EDGE_CURVE('',#4296,#4297,#4298,.T.);
#4043=EDGE_CURVE('',#4297,#4299,#4300,.T.);
#4044=EDGE_CURVE('',#4299,#4301,#4302,.T.);
#4045=EDGE_CURVE('',#4301,#4291,#4303,.T.);
#4046=EDGE_CURVE('',#4293,#4304,#4305,.F.);
#4047=EDGE_CURVE('',#4304,#4306,#4307,.T.);
#4048=EDGE_CURVE('',#4296,#4306,#4308,.T.);
#4049=EDGE_CURVE('',#4306,#4309,#4310,.T.);
#4050=EDGE_CURVE('',#4309,#4296,#4311,.T.);
#4051=EDGE_CURVE('',#4272,#4312,#4313,.T.);
#4052=EDGE_CURVE('',#4312,#4309,#4314,.F.);
#4053=EDGE_CURVE('',#4306,#4272,#4315,.T.);
#4054=EDGE_CURVE('',#4288,#4312,#4316,.F.);
#4055=EDGE_CURVE('',#4212,#4317,#4318,.T.);
#4056=EDGE_CURVE('',#4210,#4319,#4320,.T.);
#4057=EDGE_CURVE('',#4319,#4317,#4321,.F.);
#4058=EDGE_CURVE('',#4317,#4322,#4323,.T.);
#4059=EDGE_CURVE('',#4214,#4322,#4324,.T.);
#4060=EDGE_CURVE('',#4325,#4214,#4326,.F.);
#4061=EDGE_CURVE('',#4327,#4325,#4328,.T.);
#4062=EDGE_CURVE('',#4216,#4327,#4329,.T.);
#4063=EDGE_CURVE('',#4330,#4218,#4331,.T.);
#4064=EDGE_CURVE('',#4332,#4216,#4333,.T.);
#4065=EDGE_CURVE('',#4330,#4332,#4334,.T.);
#4066=EDGE_CURVE('',#4335,#4330,#4336,.F.);
#4067=EDGE_CURVE('',#4335,#4220,#4337,.T.);
#4068=EDGE_CURVE('',#4222,#4338,#4339,.T.);
#4069=EDGE_CURVE('',#4338,#4335,#4340,.T.);
#4070=EDGE_CURVE('',#4224,#4341,#4342,.T.);
#4071=EDGE_CURVE('',#4338,#4341,#4343,.F.);
#4072=EDGE_CURVE('',#4341,#4344,#4345,.T.);
#4073=EDGE_CURVE('',#4226,#4344,#4346,.T.);
#4074=EDGE_CURVE('',#4347,#4226,#4348,.F.);
#4075=EDGE_CURVE('',#4349,#4347,#4350,.T.);
#4076=EDGE_CURVE('',#4228,#4349,#4351,.T.);
#4077=EDGE_CURVE('',#4352,#4230,#4353,.T.);
#4078=EDGE_CURVE('',#4354,#4228,#4355,.T.);
#4079=EDGE_CURVE('',#4352,#4354,#4356,.T.);
#4080=EDGE_CURVE('',#4357,#4352,#4358,.F.);
#4081=EDGE_CURVE('',#4357,#4232,#4359,.T.);
#4082=EDGE_CURVE('',#4236,#4360,#4361,.T.);
#4083=EDGE_CURVE('',#4360,#4357,#4362,.T.);
#4084=EDGE_CURVE('',#4238,#4363,#4364,.T.);
#4085=EDGE_CURVE('',#4360,#4363,#4365,.F.);
#4086=EDGE_CURVE('',#4363,#4366,#4367,.T.);
#4087=EDGE_CURVE('',#4240,#4366,#4368,.T.);
#4088=EDGE_CURVE('',#4369,#4240,#4370,.F.);
#4089=EDGE_CURVE('',#4371,#4369,#4372,.T.);
#4090=EDGE_CURVE('',#4242,#4371,#4373,.T.);
#4091=EDGE_CURVE('',#4374,#4244,#4375,.T.);
#4092=EDGE_CURVE('',#4376,#4242,#4377,.T.);
#4093=EDGE_CURVE('',#4374,#4376,#4378,.T.);
#4094=EDGE_CURVE('',#4379,#4374,#4380,.F.);
#4095=EDGE_CURVE('',#4379,#4246,#4381,.T.);
#4096=EDGE_CURVE('',#4248,#4382,#4383,.T.);
#4097=EDGE_CURVE('',#4382,#4379,#4384,.T.);
#4098=EDGE_CURVE('',#4250,#4385,#4386,.T.);
#4099=EDGE_CURVE('',#4382,#4385,#4387,.F.);
#4100=EDGE_CURVE('',#4385,#4388,#4389,.T.);
#4101=EDGE_CURVE('',#4252,#4388,#4390,.T.);
#4102=EDGE_CURVE('',#4391,#4252,#4392,.F.);
#4103=EDGE_CURVE('',#4393,#4391,#4394,.T.);
#4104=EDGE_CURVE('',#4254,#4393,#4395,.T.);
#4105=EDGE_CURVE('',#4396,#4256,#4397,.T.);
#4106=EDGE_CURVE('',#4398,#4254,#4399,.T.);
#4107=EDGE_CURVE('',#4396,#4398,#4400,.T.);
#4108=EDGE_CURVE('',#4401,#4396,#4402,.F.);
#4109=EDGE_CURVE('',#4401,#4258,#4403,.T.);
#4110=EDGE_CURVE('',#4260,#4404,#4405,.T.);
#4111=EDGE_CURVE('',#4404,#4401,#4406,.T.);
#4112=EDGE_CURVE('',#4262,#4407,#4408,.T.);
#4113=EDGE_CURVE('',#4404,#4407,#4409,.F.);
#4114=EDGE_CURVE('',#4407,#4410,#4411,.T.);
#4115=EDGE_CURVE('',#4264,#4410,#4412,.T.);
#4116=EDGE_CURVE('',#4413,#4264,#4414,.F.);
#4117=EDGE_CURVE('',#4415,#4413,#4416,.T.);
#4118=EDGE_CURVE('',#4266,#4415,#4417,.T.);
#4119=EDGE_CURVE('',#4418,#4268,#4419,.T.);
#4120=EDGE_CURVE('',#4420,#4266,#4421,.T.);
#4121=EDGE_CURVE('',#4418,#4420,#4422,.T.);
#4122=EDGE_CURVE('',#4423,#4418,#4424,.F.);
#4123=EDGE_CURVE('',#4423,#4198,#4425,.T.);
#4124=EDGE_CURVE('',#4197,#4426,#4427,.T.);
#4125=EDGE_CURVE('',#4426,#4423,#4428,.T.);
#4126=EDGE_CURVE('',#4200,#4429,#4430,.T.);
#4127=EDGE_CURVE('',#4426,#4429,#4431,.F.);
#4128=EDGE_CURVE('',#4429,#4432,#4433,.T.);
#4129=EDGE_CURVE('',#4202,#4432,#4434,.T.);
#4130=EDGE_CURVE('',#4204,#4435,#4436,.T.);
#4131=EDGE_CURVE('',#4202,#4437,#4438,.T.);
#4132=EDGE_CURVE('',#4435,#4437,#4439,.T.);
#4133=EDGE_CURVE('',#4440,#4206,#4441,.T.);
#4134=EDGE_CURVE('',#4442,#4204,#4443,.T.);
#4135=EDGE_CURVE('',#4440,#4442,#4444,.T.);
#4136=EDGE_CURVE('',#4445,#4440,#4446,.F.);
#4137=EDGE_CURVE('',#4445,#4208,#4447,.T.);
#4138=EDGE_CURVE('',#4319,#4445,#4448,.T.);
#4139=EDGE_CURVE('',#4304,#4271,#4449,.F.);
#4140=EDGE_CURVE('',#4317,#4440,#4450,.T.);
#4141=EDGE_CURVE('',#4322,#4442,#4451,.T.);
#4142=EDGE_CURVE('',#4322,#4452,#4453,.T.);
#4143=EDGE_CURVE('',#4325,#4452,#4454,.T.);
#4144=EDGE_CURVE('',#4452,#4455,#4456,.T.);
#4145=EDGE_CURVE('',#4455,#4435,#4457,.T.);
#4146=EDGE_CURVE('',#4437,#4458,#4459,.T.);
#4147=EDGE_CURVE('',#4458,#4460,#4461,.T.);
#4148=EDGE_CURVE('',#4460,#4415,#4462,.T.);
#4149=EDGE_CURVE('',#4413,#4463,#4464,.T.);
#4150=EDGE_CURVE('',#4463,#4465,#4466,.T.);
#4151=EDGE_CURVE('',#4465,#4393,#4467,.T.);
#4152=EDGE_CURVE('',#4391,#4468,#4469,.T.);
#4153=EDGE_CURVE('',#4468,#4470,#4471,.T.);
#4154=EDGE_CURVE('',#4470,#4371,#4472,.T.);
#4155=EDGE_CURVE('',#4369,#4473,#4474,.T.);
#4156=EDGE_CURVE('',#4473,#4475,#4476,.T.);
#4157=EDGE_CURVE('',#4475,#4349,#4477,.T.);
#4158=EDGE_CURVE('',#4347,#4478,#4479,.T.);
#4159=EDGE_CURVE('',#4478,#4480,#4481,.T.);
#4160=EDGE_CURVE('',#4480,#4327,#4482,.T.);
#4161=EDGE_CURVE('',#4332,#4480,#4483,.T.);
#4162=EDGE_CURVE('',#4341,#4330,#4484,.T.);
#4163=EDGE_CURVE('',#4344,#4332,#4485,.T.);
#4164=EDGE_CURVE('',#4344,#4478,#4486,.T.);
#4165=EDGE_CURVE('',#4354,#4475,#4487,.T.);
#4166=EDGE_CURVE('',#4363,#4352,#4488,.T.);
#4167=EDGE_CURVE('',#4366,#4354,#4489,.T.);
#4168=EDGE_CURVE('',#4366,#4473,#4490,.T.);
#4169=EDGE_CURVE('',#4376,#4470,#4491,.T.);
#4170=EDGE_CURVE('',#4385,#4374,#4492,.T.);
#4171=EDGE_CURVE('',#4388,#4376,#4493,.T.);
#4172=EDGE_CURVE('',#4388,#4468,#4494,.T.);
#4173=EDGE_CURVE('',#4398,#4465,#4495,.T.);
#4174=EDGE_CURVE('',#4407,#4396,#4496,.T.);
#4175=EDGE_CURVE('',#4410,#4398,#4497,.T.);
#4176=EDGE_CURVE('',#4410,#4463,#4498,.T.);
#4177=EDGE_CURVE('',#4420,#4460,#4499,.T.);
#4178=EDGE_CURVE('',#4429,#4418,#4500,.T.);
#4179=EDGE_CURVE('',#4432,#4420,#4501,.T.);
#4180=EDGE_CURVE('',#4432,#4458,#4502,.T.);
#4181=EDGE_CURVE('',#4442,#4455,#4503,.T.);
#4182=EDGE_CURVE('',#4194,#4286,#4504,.T.);
#4183=EDGE_CURVE('',#4193,#4284,#4505,.T.);
#4184=EDGE_CURVE('',#4297,#4282,#4506,.T.);
#4185=EDGE_CURVE('',#4299,#4280,#4507,.T.);
#4186=EDGE_CURVE('',#4301,#4278,#4508,.T.);
#4187=EDGE_CURVE('',#4509,#4509,#4510,.T.);
#4188=EDGE_CURVE('',#4511,#4511,#4512,.T.);
#4189=EDGE_CURVE('',#4513,#4513,#4514,.T.);
#4190=EDGE_CURVE('',#4515,#4515,#4516,.T.);
#4191=VERTEX_POINT('',#4517);
#4192=CIRCLE('',#4518,30.);
#4193=VERTEX_POINT('',#4522);
#4194=VERTEX_POINT('',#4523);
#4195=CIRCLE('',#4524,26.8);
#4196=CIRCLE('',#4528,26.8);
#4197=VERTEX_POINT('',#4532);
#4198=VERTEX_POINT('',#4533);
#4199=CIRCLE('',#4534,30.);
#4200=VERTEX_POINT('',#4538);
#4201=(BOUNDED_CURVE()B_SPLINE_CURVE(3,
(#4539,#4540,#4541,#4542),
.UNSPECIFIED.,.F.,.F.)B_SPLINE_CURVE_WITH_KNOTS((4,4),
(0.,1.),
.UNSPECIFIED.)CURVE()GEOMETRIC_REPRESENTATION_ITEM()RATIONAL_B_SPLINE_CURVE((1.,
0.999369452663219,0.999369452663219,1.))REPRESENTATION_ITEM(''));
#4202=VERTEX_POINT('',#4543);
#4203=LINE('',#4544,#4545);
#4204=VERTEX_POINT('',#4547);
#4205=CIRCLE('',#4548,30.);
#4206=VERTEX_POINT('',#4552);
#4207=LINE('',#4553,#4554);
#4208=VERTEX_POINT('',#4556);
#4209=(BOUNDED_CURVE()B_SPLINE_CURVE(3,
(#4557,#4558,#4559,#4560),
.UNSPECIFIED.,.F.,.F.)B_SPLINE_CURVE_WITH_KNOTS((4,4),
(0.,1.),
.UNSPECIFIED.)CURVE()GEOMETRIC_REPRESENTATION_ITEM()RATIONAL_B_SPLINE_CURVE((1.,
0.999369452663219,0.999369452663219,1.))REPRESENTATION_ITEM(''));
#4210=VERTEX_POINT('',#4561);
#4211=CIRCLE('',#4562,30.);
#4212=VERTEX_POINT('',#4566);
#4213=(BOUNDED_CURVE()B_SPLINE_CURVE(3,
(#4567,#4568,#4569,#4570),
.UNSPECIFIED.,.F.,.F.)B_SPLINE_CURVE_WITH_KNOTS((4,4),
(0.,1.),
.UNSPECIFIED.)CURVE()GEOMETRIC_REPRESENTATION_ITEM()RATIONAL_B_SPLINE_CURVE((1.,
0.999369452663219,0.999369452663219,1.))REPRESENTATION_ITEM(''));
#4214=VERTEX_POINT('',#4571);
#4215=LINE('',#4572,#4573);
#4216=VERTEX_POINT('',#4575);
#4217=CIRCLE('',#4576,30.);
#4218=VERTEX_POINT('',#4580);
#4219=LINE('',#4581,#4582);
#4220=VERTEX_POINT('',#4584);
#4221=(BOUNDED_CURVE()B_SPLINE_CURVE(3,
(#4585,#4586,#4587,#4588),
.UNSPECIFIED.,.F.,.F.)B_SPLINE_CURVE_WITH_KNOTS((4,4),
(0.,1.),
.UNSPECIFIED.)CURVE()GEOMETRIC_REPRESENTATION_ITEM()RATIONAL_B_SPLINE_CURVE((1.,
0.999369452663219,0.999369452663219,1.))REPRESENTATION_ITEM(''));
#4222=VERTEX_POINT('',#4589);
#4223=CIRCLE('',#4590,30.);
#4224=VERTEX_POINT('',#4594);
#4225=(BOUNDED_CURVE()B_SPLINE_CURVE(3,
(#4595,#4596,#4597,#4598),
.UNSPECIFIED.,.F.,.F.)B_SPLINE_CURVE_WITH_KNOTS((4,4),
(0.,1.),
.UNSPECIFIED.)CURVE()GEOMETRIC_REPRESENTATION_ITEM()RATIONAL_B_SPLINE_CURVE((1.,
0.999369452663219,0.999369452663219,1.))REPRESENTATION_ITEM(''));
#4226=VERTEX_POINT('',#4599);
#4227=LINE('',#4600,#4601);
#4228=VERTEX_POINT('',#4603);
#4229=CIRCLE('',#4604,30.);
#4230=VERTEX_POINT('',#4608);
#4231=LINE('',#4609,#4610);
#4232=VERTEX_POINT('',#4612);
#4233=(BOUNDED_CURVE()B_SPLINE_CURVE(3,
(#4613,#4614,#4615,#4616),
.UNSPECIFIED.,.F.,.F.)B_SPLINE_CURVE_WITH_KNOTS((4,4),
(0.,1.),
.UNSPECIFIED.)CURVE()GEOMETRIC_REPRESENTATION_ITEM()RATIONAL_B_SPLINE_CURVE((1.,
0.999369452663218,0.999369452663218,1.))REPRESENTATION_ITEM(''));
#4234=VERTEX_POINT('',#4617);
#4235=CIRCLE('',#4618,30.);
#4236=VERTEX_POINT('',#4622);
#4237=CIRCLE('',#4623,30.);
#4238=VERTEX_POINT('',#4627);
#4239=(BOUNDED_CURVE()B_SPLINE_CURVE(3,
(#4628,#4629,#4630,#4631),
.UNSPECIFIED.,.F.,.F.)B_SPLINE_CURVE_WITH_KNOTS((4,4),
(0.,1.),
.UNSPECIFIED.)CURVE()GEOMETRIC_REPRESENTATION_ITEM()RATIONAL_B_SPLINE_CURVE((1.,
0.999369452663218,0.999369452663218,1.))REPRESENTATION_ITEM(''));
#4240=VERTEX_POINT('',#4632);
#4241=LINE('',#4633,#4634);
#4242=VERTEX_POINT('',#4636);
#4243=CIRCLE('',#4637,30.);
#4244=VERTEX_POINT('',#4641);
#4245=LINE('',#4642,#4643);
#4246=VERTEX_POINT('',#4645);
#4247=(BOUNDED_CURVE()B_SPLINE_CURVE(3,
(#4646,#4647,#4648,#4649),
.UNSPECIFIED.,.F.,.F.)B_SPLINE_CURVE_WITH_KNOTS((4,4),
(0.,1.),
.UNSPECIFIED.)CURVE()GEOMETRIC_REPRESENTATION_ITEM()RATIONAL_B_SPLINE_CURVE((1.,
0.999369452663219,0.999369452663219,1.))REPRESENTATION_ITEM(''));
#4248=VERTEX_POINT('',#4650);
#4249=CIRCLE('',#4651,30.);
#4250=VERTEX_POINT('',#4655);
#4251=(BOUNDED_CURVE()B_SPLINE_CURVE(3,
(#4656,#4657,#4658,#4659),
.UNSPECIFIED.,.F.,.F.)B_SPLINE_CURVE_WITH_KNOTS((4,4),
(0.,1.),
.UNSPECIFIED.)CURVE()GEOMETRIC_REPRESENTATION_ITEM()RATIONAL_B_SPLINE_CURVE((1.,
0.999369452663219,0.999369452663219,1.))REPRESENTATION_ITEM(''));
#4252=VERTEX_POINT('',#4660);
#4253=LINE('',#4661,#4662);
#4254=VERTEX_POINT('',#4664);
#4255=CIRCLE('',#4665,30.);
#4256=VERTEX_POINT('',#4669);
#4257=LINE('',#4670,#4671);
#4258=VERTEX_POINT('',#4673);
#4259=(BOUNDED_CURVE()B_SPLINE_CURVE(3,
(#4674,#4675,#4676,#4677),
.UNSPECIFIED.,.F.,.F.)B_SPLINE_CURVE_WITH_KNOTS((4,4),
(0.,1.),
.UNSPECIFIED.)CURVE()GEOMETRIC_REPRESENTATION_ITEM()RATIONAL_B_SPLINE_CURVE((1.,
0.999369452663219,0.999369452663219,1.))REPRESENTATION_ITEM(''));
#4260=VERTEX_POINT('',#4678);
#4261=CIRCLE('',#4679,30.);
#4262=VERTEX_POINT('',#4683);
#4263=(BOUNDED_CURVE()B_SPLINE_CURVE(3,
(#4684,#4685,#4686,#4687),
.UNSPECIFIED.,.F.,.F.)B_SPLINE_CURVE_WITH_KNOTS((4,4),
(0.,1.),
.UNSPECIFIED.)CURVE()GEOMETRIC_REPRESENTATION_ITEM()RATIONAL_B_SPLINE_CURVE((1.,
0.999369452663219,0.999369452663219,1.))REPRESENTATION_ITEM(''));
#4264=VERTEX_POINT('',#4688);
#4265=LINE('',#4689,#4690);
#4266=VERTEX_POINT('',#4692);
#4267=CIRCLE('',#4693,30.);
#4268=VERTEX_POINT('',#4697);
#4269=LINE('',#4698,#4699);
#4270=(BOUNDED_CURVE()B_SPLINE_CURVE(3,
(#4701,#4702,#4703,#4704),
.UNSPECIFIED.,.F.,.F.)B_SPLINE_CURVE_WITH_KNOTS((4,4),
(0.,1.),
.UNSPECIFIED.)CURVE()GEOMETRIC_REPRESENTATION_ITEM()RATIONAL_B_SPLINE_CURVE((1.,
0.999369452663219,0.999369452663219,1.))REPRESENTATION_ITEM(''));
#4271=VERTEX_POINT('',#4705);
#4272=VERTEX_POINT('',#4706);
#4273=B_SPLINE_CURVE_WITH_KNOTS('',3,
(#4707,#4708,#4709,#4710,#4711,#4712,#4713,#4714,#4715,#4716,#4717,#4718,#4719,#4720,
#4721,#4722,#4723,#4724,#4725,#4726,#4727,#4728,#4729,#4730,#4731,#4732,#4733,#4734,
#4735,#4736,#4737,#4738,#4739,#4740,#4741,#4742,#4743,#4744,#4745,#4746,#4747,#4748,
#4749,#4750,#4751,#4752,#4753,#4754,#4755,#4756,#4757,#4758,#4759,#4760,#4761,#4762,
#4763,#4764,#4765,#4766,#4767,#4768,#4769,#4770,#4771,#4772,#4773,#4774,#4775,#4776,
#4777,#4778,#4779,#4780,#4781,#4782,#4783,#4784,#4785,#4786,#4787,#4788,#4789,#4790,
#4791,#4792,#4793,#4794,#4795,#4796,#4797,#4798,#4799,#4800,#4801,#4802,#4803,#4804,
#4805,#4806,#4807,#4808,#4809,#4810,#4811,#4812,#4813,#4814,#4815,#4816,#4817,#4818,
#4819,#4820,#4821,#4822,#4823,#4824,#4825,#4826,#4827,#4828,#4829,#4830,#4831,#4832,
#4833,#4834,#4835,#4836,#4837,#4838,#4839,#4840,#4841,#4842,#4843,#4844,#4845,#4846,
#4847,#4848,#4849,#4850,#4851,#4852,#4853,#4854,#4855,#4856,#4857,#4858,#4859,#4860,
#4861,#4862,#4863,#4864,#4865,#4866,#4867,#4868,#4869,#4870,#4871,#4872,#4873,#4874,
#4875,#4876,#4877,#4878,#4879,#4880,#4881,#4882,#4883,#4884,#4885,#4886,#4887,#4888,
#4889,#4890,#4891,#4892,#4893,#4894,#4895,#4896,#4897,#4898,#4899,#4900,#4901,#4902),
.UNSPECIFIED.,.F.,.F.,
(4,1,1,1,1,1,1,1,1,1,1,1,1,1,1,1,1,1,1,1,1,1,1,1,1,1,1,1,1,1,1,1,1,1,1,1,1,1,1,1,
1,1,1,1,1,1,1,1,1,1,1,1,1,1,1,1,1,1,1,1,1,1,1,1,1,1,1,1,1,1,1,1,1,1,1,1,1,1,1,1,
1,1,1,1,1,1,1,1,1,1,1,1,1,1,1,1,1,1,1,1,1,1,1,1,1,1,1,1,1,1,1,1,1,1,1,1,1,1,1,1,
1,1,1,1,1,1,1,1,1,1,1,1,1,1,1,1,1,1,1,1,1,1,1,1,1,1,1,1,1,1,1,1,1,1,1,1,1,1,1,1,
1,1,1,1,1,1,1,1,1,1,1,1,1,1,1,1,1,1,1,1,1,1,1,1,1,1,1,1,1,1,1,1,1,4),
(0.,0.00518134715025907,0.0103626943005181,0.0155440414507772,0.0207253886010363,
0.0259067357512953,0.0310880829015544,0.0362694300518135,0.0414507772020725,0.0466321243523316,
0.0518134715025907,0.0569948186528497,0.0621761658031088,0.0673575129533679,0.0725388601036269,
0.077720207253886,0.0829015544041451,0.0880829015544042,0.0932642487046633,0.0984455958549224,
0.103626943005181,0.108808290155441,0.1139896373057,0.119170984455959,0.124352331606218,
0.129533678756477,0.134715025906736,0.139896373056995,0.145077720207254,0.150259067357513,
0.155440414507772,0.160621761658031,0.16580310880829,0.17098445595855,0.176165803108809,
0.181347150259068,0.186528497409327,0.191709844559586,0.196891191709845,0.202072538860104,
0.207253886010363,0.212435233160622,0.217616580310881,0.22279792746114,0.2279792746114,
0.233160621761659,0.238341968911918,0.243523316062177,0.248704663212436,0.253886010362695,
0.259067357512954,0.264248704663213,0.269430051813472,0.274611398963731,0.27979274611399,
0.284974093264249,0.290155440414508,0.295336787564768,0.300518134715027,0.305699481865286,
0.310880829015545,0.316062176165804,0.321243523316063,0.326424870466322,0.331606217616581,
0.33678756476684,0.341968911917099,0.347150259067358,0.352331606217617,0.357512953367877,
0.362694300518136,0.367875647668395,0.373056994818654,0.378238341968913,0.383419689119172,
0.388601036269431,0.39378238341969,0.398963730569949,0.404145077720208,0.409326424870467,
0.414507772020727,0.419689119170986,0.424870466321245,0.430051813471504,0.435233160621763,
0.440414507772022,0.445595854922281,0.45077720207254,0.455958549222799,0.461139896373058,
0.466321243523317,0.471502590673576,0.476683937823836,0.481865284974095,0.487046632124354,
0.492227979274613,0.497409326424872,0.502590673575131,0.50777202072539,0.512953367875649,
0.518134715025908,0.523316062176167,0.528497409326426,0.533678756476685,0.538860103626945,
0.544041450777204,0.549222797927463,0.554404145077722,0.559585492227981,0.56476683937824,
0.569948186528499,0.575129533678758,0.580310880829017,0.585492227979276,0.590673575129535,
0.595854922279794,0.601036269430053,0.606217616580312,0.611398963730571,0.61658031088083,
0.621761658031089,0.626943005181348,0.632124352331607,0.637305699481866,0.642487046632125,
0.647668393782384,0.652849740932643,0.658031088082902,0.663212435233161,0.66839378238342,
0.673575129533679,0.678756476683938,0.683937823834197,0.689119170984456,0.694300518134715,
0.699481865284974,0.704663212435233,0.709844559585492,0.715025906735751,0.72020725388601,
0.725388601036269,0.730569948186528,0.735751295336787,0.740932642487047,0.746113989637306,
0.751295336787564,0.756476683937824,0.761658031088082,0.766839378238341,0.772020725388601,
0.777202072538859,0.782383419689118,0.787564766839378,0.792746113989637,0.797927461139896,
0.803108808290155,0.808290155440414,0.813471502590673,0.818652849740932,0.823834196891191,
0.82901554404145,0.834196891191709,0.839378238341968,0.844559585492227,0.849740932642486,
0.854922279792745,0.860103626943004,0.865284974093263,0.870466321243522,0.875647668393781,
0.88082901554404,0.886010362694299,0.891191709844558,0.896373056994817,0.901554404145076,
0.906735751295335,0.911917098445594,0.917098445595853,0.922279792746112,0.927461139896371,
0.93264248704663,0.937823834196889,0.943005181347148,0.948186528497407,0.953367875647666,
0.958549222797925,0.963730569948184,0.968911917098443,0.974093264248702,0.979274611398961,
0.98445595854922,0.989637305699479,0.994818652849738,1.),
.UNSPECIFIED.);
#4274=VERTEX_POINT('',#4903);
#4275=B_SPLINE_CURVE_WITH_KNOTS('',3,
(#4904,#4905,#4906,#4907,#4908,#4909,#4910,#4911,#4912,#4913,#4914,#4915,#4916,#4917,
#4918,#4919,#4920,#4921,#4922,#4923,#4924,#4925,#4926,#4927,#4928,#4929,#4930,#4931,
#4932,#4933,#4934,#4935,#4936,#4937,#4938,#4939,#4940),
.UNSPECIFIED.,.F.,.F.,
(4,1,1,1,1,1,1,1,1,1,1,1,1,1,1,1,1,1,1,1,1,1,1,1,1,1,1,1,1,1,1,1,1,1,4),
(0.,0.046272244554828,0.0504626391094732,0.0925449829871109,0.138818670379222,0.151389712184024,
0.18509135142798,0.231361843363889,0.252310654972062,0.277160229458153,0.322494155620651,
0.328964876597061,0.3532153140515,0.381374344668436,0.438827280490654,0.441583268105737,
0.494856249834339,0.517336136098853,0.534972882128135,0.574611008710952,0.592984641682235,
0.631343349231121,0.668548973036752,0.702702207894215,0.743609504665851,0.785740402155928,
0.818247388718943,0.853929822102548,0.898707609607493,0.902058825724485,0.933071927367083,
0.955656220533809,0.970927296784558,0.977964468964663,1.),
.UNSPECIFIED.);
#4276=VERTEX_POINT('',#4941);
#4277=B_SPLINE_CURVE_WITH_KNOTS('',3,
(#4942,#4943,#4944,#4945,#4946,#4947,#4948,#4949,#4950),
.UNSPECIFIED.,.F.,.F.,
(4,1,1,1,1,1,4),
(0.,0.166666666666667,0.333333333333333,0.5,0.666666666666666,0.833333333333333,
1.),
.UNSPECIFIED.);
#4278=VERTEX_POINT('',#4951);
#4279=B_SPLINE_CURVE_WITH_KNOTS('',3,
(#4952,#4953,#4954,#4955,#4956,#4957,#4958,#4959,#4960,#4961,#4962,#4963,#4964,#4965,
#4966,#4967,#4968,#4969,#4970,#4971,#4972,#4973,#4974,#4975,#4976,#4977,#4978,#4979,
#4980,#4981,#4982,#4983,#4984,#4985,#4986,#4987,#4988,#4989,#4990,#4991,#4992,#4993,
#4994),
.UNSPECIFIED.,.F.,.F.,
(4,1,1,1,1,1,1,1,1,1,1,1,1,1,1,1,1,1,1,1,1,1,1,1,1,1,1,1,1,1,1,1,1,1,1,1,1,1,1,1,
4),
(0.,0.025,0.05,0.075,0.1,0.125,0.15,0.175,0.2,0.225,0.25,0.275,0.3,0.325,0.35,0.375,
0.4,0.425,0.45,0.475,0.5,0.525,0.55,0.575,0.6,0.625,0.65,0.675,0.7,0.725,0.75,0.775,
0.8,0.825,0.85,0.875,0.9,0.925,0.95,0.975,1.),
.UNSPECIFIED.);
#4280=VERTEX_POINT('',#4995);
#4281=B_SPLINE_CURVE_WITH_KNOTS('',3,
(#4996,#4997,#4998,#4999,#5000,#5001,#5002,#5003,#5004,#5005,#5006,#5007,#5008,#5009,
#5010,#5011,#5012,#5013,#5014,#5015,#5016,#5017,#5018,#5019,#5020,#5021,#5022,#5023,
#5024,#5025,#5026,#5027,#5028,#5029,#5030,#5031,#5032,#5033,#5034,#5035,#5036,#5037,
#5038,#5039,#5040,#5041,#5042,#5043,#5044,#5045),
.UNSPECIFIED.,.F.,.F.,
(4,1,1,1,1,1,1,1,1,1,1,1,1,1,1,1,1,1,1,1,1,1,1,1,1,1,1,1,1,1,1,1,1,1,1,1,1,1,1,1,
1,1,1,1,1,1,1,4),
(0.,0.0212765957446808,0.0425531914893616,0.0638297872340424,0.0851063829787232,
0.106382978723404,0.127659574468085,0.148936170212766,0.170212765957446,0.191489361702127,
0.212765957446808,0.234042553191489,0.255319148936169,0.27659574468085,0.297872340425531,
0.319148936170212,0.340425531914893,0.361702127659573,0.382978723404254,0.404255319148935,
0.425531914893616,0.446808510638297,0.468085106382977,0.489361702127658,0.510638297872339,
0.53191489361702,0.553191489361701,0.574468085106382,0.595744680851063,0.617021276595744,
0.638297872340424,0.659574468085105,0.680851063829786,0.702127659574467,0.723404255319148,
0.744680851063829,0.76595744680851,0.787234042553191,0.808510638297872,0.829787234042553,
0.851063829787234,0.872340425531915,0.893617021276596,0.914893617021277,0.936170212765958,
0.957446808510639,0.97872340425532,1.),
.UNSPECIFIED.);
#4282=VERTEX_POINT('',#5046);
#4283=B_SPLINE_CURVE_WITH_KNOTS('',3,
(#5047,#5048,#5049,#5050,#5051,#5052,#5053,#5054,#5055,#5056,#5057,#5058,#5059,#5060,
#5061,#5062,#5063,#5064,#5065,#5066,#5067,#5068,#5069,#5070,#5071,#5072,#5073,#5074,
#5075,#5076,#5077,#5078,#5079,#5080,#5081,#5082,#5083,#5084,#5085,#5086,#5087,#5088,
#5089,#5090,#5091,#5092,#5093,#5094,#5095,#5096),
.UNSPECIFIED.,.F.,.F.,
(4,1,1,1,1,1,1,1,1,1,1,1,1,1,1,1,1,1,1,1,1,1,1,1,1,1,1,1,1,1,1,1,1,1,1,1,1,1,1,1,
1,1,1,1,1,1,1,4),
(0.,0.0212765957446808,0.0425531914893616,0.0638297872340424,0.0851063829787232,
0.106382978723404,0.127659574468085,0.148936170212766,0.170212765957446,0.191489361702127,
0.212765957446808,0.234042553191489,0.255319148936169,0.27659574468085,0.297872340425531,
0.319148936170212,0.340425531914893,0.361702127659573,0.382978723404254,0.404255319148935,
0.425531914893616,0.446808510638297,0.468085106382978,0.489361702127659,0.51063829787234,
0.531914893617021,0.553191489361702,0.574468085106383,0.595744680851064,0.617021276595744,
0.638297872340425,0.659574468085106,0.680851063829787,0.702127659574468,0.723404255319149,
0.74468085106383,0.765957446808511,0.787234042553192,0.808510638297873,0.829787234042554,
0.851063829787235,0.872340425531916,0.893617021276597,0.914893617021278,0.936170212765959,
0.95744680851064,0.978723404255321,1.),
.UNSPECIFIED.);
#4284=VERTEX_POINT('',#5097);
#4285=B_SPLINE_CURVE_WITH_KNOTS('',3,
(#5098,#5099,#5100,#5101,#5102,#5103,#5104,#5105,#5106,#5107,#5108,#5109,#5110,#5111,
#5112,#5113,#5114,#5115,#5116,#5117,#5118,#5119,#5120,#5121,#5122,#5123,#5124,#5125,
#5126,#5127,#5128,#5129,#5130,#5131,#5132,#5133,#5134,#5135,#5136,#5137,#5138,#5139,
#5140,#5141,#5142,#5143,#5144,#5145,#5146,#5147),
.UNSPECIFIED.,.F.,.F.,
(4,1,1,1,1,1,1,1,1,1,1,1,1,1,1,1,1,1,1,1,1,1,1,1,1,1,1,1,1,1,1,1,1,1,1,1,1,1,1,1,
1,1,1,1,1,1,1,4),
(0.,0.0212765957446809,0.0425531914893617,0.0638297872340425,0.0851063829787234,
0.106382978723404,0.127659574468085,0.148936170212766,0.170212765957447,0.191489361702128,
0.212765957446809,0.234042553191489,0.25531914893617,0.276595744680851,0.297872340425532,
0.319148936170213,0.340425531914894,0.361702127659574,0.382978723404255,0.404255319148936,
0.425531914893617,0.446808510638298,0.468085106382979,0.48936170212766,0.51063829787234,
0.531914893617021,0.553191489361702,0.574468085106383,0.595744680851064,0.617021276595745,
0.638297872340426,0.659574468085107,0.680851063829787,0.702127659574468,0.723404255319149,
0.74468085106383,0.765957446808511,0.787234042553191,0.808510638297872,0.829787234042553,
0.851063829787234,0.872340425531915,0.893617021276595,0.914893617021276,0.936170212765957,
0.957446808510638,0.978723404255319,1.),
.UNSPECIFIED.);
#4286=VERTEX_POINT('',#5148);
#4287=B_SPLINE_CURVE_WITH_KNOTS('',3,
(#5149,#5150,#5151,#5152,#5153,#5154,#5155,#5156,#5157),
.UNSPECIFIED.,.F.,.F.,
(4,1,1,1,1,1,4),
(0.,0.166666666666667,0.333333333333334,0.500000000000001,0.666666666666668,0.833333333333335,
1.),
.UNSPECIFIED.);
#4288=VERTEX_POINT('',#5158);
#4289=B_SPLINE_CURVE_WITH_KNOTS('',3,
(#5159,#5160,#5161,#5162,#5163,#5164,#5165,#5166,#5167,#5168,#5169,#5170,#5171,#5172,
#5173,#5174,#5175,#5176,#5177,#5178,#5179,#5180),
.UNSPECIFIED.,.F.,.F.,
(4,1,1,1,1,1,1,1,1,1,1,1,1,1,1,1,1,1,1,4),
(0.,0.0526315789473685,0.105263157894737,0.157894736842105,0.210526315789474,0.263157894736842,
0.31578947368421,0.368421052631579,0.421052631578947,0.473684210526315,0.526315789473683,
0.578947368421052,0.63157894736842,0.684210526315788,0.736842105263156,0.789473684210525,
0.842105263157893,0.894736842105261,0.947368421052629,1.),
.UNSPECIFIED.);
#4290=LINE('',#5181,#5182);
#4291=VERTEX_POINT('',#5184);
#4292=CIRCLE('',#5185,26.8);
#4293=VERTEX_POINT('',#5189);
#4294=CIRCLE('',#5190,25.8);
#4295=B_SPLINE_CURVE_WITH_KNOTS('',3,
(#5194,#5195,#5196,#5197,#5198,#5199,#5200,#5201,#5202,#5203,#5204,#5205,#5206,#5207,
#5208,#5209,#5210,#5211,#5212,#5213),
.UNSPECIFIED.,.F.,.F.,
(4,1,1,1,1,1,1,1,1,1,1,1,1,1,1,1,1,4),
(0.,0.0588235294117647,0.117647058823529,0.176470588235294,0.235294117647059,0.294117647058823,
0.352941176470588,0.411764705882353,0.470588235294117,0.529411764705882,0.588235294117647,
0.647058823529411,0.705882352941176,0.764705882352941,0.823529411764705,0.88235294117647,
0.941176470588235,1.),
.UNSPECIFIED.);
#4296=VERTEX_POINT('',#5214);
#4297=VERTEX_POINT('',#5215);
#4298=B_SPLINE_CURVE_WITH_KNOTS('',3,
(#5216,#5217,#5218,#5219,#5220,#5221,#5222,#5223,#5224,#5225,#5226,#5227,#5228,#5229,
#5230,#5231,#5232,#5233,#5234,#5235,#5236,#5237),
.UNSPECIFIED.,.F.,.F.,
(4,1,1,1,1,1,1,1,1,1,1,1,1,1,1,1,1,1,1,4),
(0.,0.0526315789473684,0.105263157894737,0.157894736842105,0.210526315789474,0.263157894736842,
0.31578947368421,0.368421052631578,0.421052631578947,0.473684210526315,0.526315789473683,
0.578947368421051,0.63157894736842,0.684210526315788,0.736842105263156,0.789473684210524,
0.842105263157892,0.894736842105261,0.947368421052629,1.),
.UNSPECIFIED.);
#4299=VERTEX_POINT('',#5238);
#4300=B_SPLINE_CURVE_WITH_KNOTS('',3,
(#5239,#5240,#5241,#5242,#5243,#5244,#5245,#5246,#5247,#5248,#5249,#5250,#5251,#5252,
#5253,#5254,#5255,#5256,#5257,#5258,#5259,#5260,#5261,#5262,#5263,#5264,#5265,#5266,
#5267,#5268,#5269,#5270,#5271,#5272,#5273,#5274,#5275,#5276,#5277,#5278,#5279,#5280,
#5281,#5282,#5283,#5284,#5285,#5286,#5287,#5288),
.UNSPECIFIED.,.F.,.F.,
(4,1,1,1,1,1,1,1,1,1,1,1,1,1,1,1,1,1,1,1,1,1,1,1,1,1,1,1,1,1,1,1,1,1,1,1,1,1,1,1,
1,1,1,1,1,1,1,4),
(0.,0.0212765957446808,0.0425531914893616,0.0638297872340423,0.0851063829787231,
0.106382978723404,0.127659574468085,0.148936170212765,0.170212765957446,0.191489361702127,
0.212765957446808,0.234042553191489,0.255319148936169,0.27659574468085,0.297872340425531,
0.319148936170212,0.340425531914893,0.361702127659573,0.382978723404254,0.404255319148935,
0.425531914893616,0.446808510638296,0.468085106382977,0.489361702127658,0.510638297872339,
0.53191489361702,0.553191489361701,0.574468085106382,0.595744680851063,0.617021276595744,
0.638297872340425,0.659574468085106,0.680851063829787,0.702127659574468,0.723404255319149,
0.74468085106383,0.765957446808511,0.787234042553191,0.808510638297873,0.829787234042553,
0.851063829787234,0.872340425531915,0.893617021276596,0.914893617021277,0.936170212765958,
0.957446808510639,0.97872340425532,1.),
.UNSPECIFIED.);
#4301=VERTEX_POINT('',#5289);
#4302=B_SPLINE_CURVE_WITH_KNOTS('',3,
(#5290,#5291,#5292,#5293,#5294,#5295,#5296,#5297,#5298,#5299,#5300,#5301,#5302,#5303,
#5304,#5305,#5306,#5307,#5308,#5309,#5310,#5311,#5312,#5313,#5314,#5315,#5316,#5317,
#5318,#5319,#5320,#5321,#5322,#5323,#5324,#5325,#5326,#5327,#5328,#5329,#5330,#5331,
#5332,#5333,#5334,#5335,#5336,#5337,#5338,#5339),
.UNSPECIFIED.,.F.,.F.,
(4,1,1,1,1,1,1,1,1,1,1,1,1,1,1,1,1,1,1,1,1,1,1,1,1,1,1,1,1,1,1,1,1,1,1,1,1,1,1,1,
1,1,1,1,1,1,1,4),
(0.,0.0212765957446808,0.0425531914893616,0.0638297872340424,0.0851063829787232,
0.106382978723404,0.127659574468085,0.148936170212766,0.170212765957446,0.191489361702127,
0.212765957446808,0.234042553191489,0.25531914893617,0.27659574468085,0.297872340425531,
0.319148936170212,0.340425531914893,0.361702127659574,0.382978723404254,0.404255319148935,
0.425531914893616,0.446808510638297,0.468085106382978,0.489361702127658,0.510638297872339,
0.53191489361702,0.553191489361701,0.574468085106382,0.595744680851063,0.617021276595744,
0.638297872340425,0.659574468085106,0.680851063829787,0.702127659574468,0.723404255319149,
0.74468085106383,0.765957446808511,0.787234042553192,0.808510638297873,0.829787234042553,
0.851063829787235,0.872340425531915,0.893617021276596,0.914893617021277,0.936170212765958,
0.957446808510639,0.97872340425532,1.),
.UNSPECIFIED.);
#4303=B_SPLINE_CURVE_WITH_KNOTS('',3,
(#5340,#5341,#5342,#5343,#5344,#5345,#5346,#5347,#5348,#5349,#5350,#5351,#5352,#5353,
#5354,#5355,#5356,#5357,#5358,#5359,#5360,#5361,#5362,#5363,#5364,#5365,#5366,#5367,
#5368,#5369,#5370,#5371,#5372,#5373,#5374,#5375,#5376,#5377,#5378,#5379,#5380,#5381,
#5382,#5383,#5384,#5385,#5386,#5387,#5388,#5389),
.UNSPECIFIED.,.F.,.F.,
(4,1,1,1,1,1,1,1,1,1,1,1,1,1,1,1,1,1,1,1,1,1,1,1,1,1,1,1,1,1,1,1,1,1,1,1,1,1,1,1,
1,1,1,1,1,1,1,4),
(0.,0.0212765957446809,0.0425531914893617,0.0638297872340426,0.0851063829787235,
0.106382978723404,0.127659574468085,0.148936170212766,0.170212765957447,0.191489361702128,
0.212765957446809,0.234042553191489,0.25531914893617,0.276595744680851,0.297872340425532,
0.319148936170213,0.340425531914894,0.361702127659574,0.382978723404255,0.404255319148936,
0.425531914893617,0.446808510638298,0.468085106382979,0.48936170212766,0.51063829787234,
0.531914893617021,0.553191489361702,0.574468085106383,0.595744680851064,0.617021276595745,
0.638297872340426,0.659574468085107,0.680851063829787,0.702127659574468,0.723404255319149,
0.74468085106383,0.765957446808511,0.787234042553192,0.808510638297873,0.829787234042553,
0.851063829787234,0.872340425531915,0.893617021276596,0.914893617021277,0.936170212765958,
0.957446808510639,0.978723404255319,1.),
.UNSPECIFIED.);
#4304=VERTEX_POINT('',#5390);
#4305=B_SPLINE_CURVE_WITH_KNOTS('',3,
(#5391,#5392,#5393,#5394,#5395,#5396,#5397,#5398,#5399,#5400,#5401,#5402,#5403,#5404,
#5405,#5406,#5407,#5408,#5409,#5410,#5411,#5412,#5413,#5414,#5415,#5416,#5417,#5418,
#5419,#5420,#5421,#5422,#5423,#5424,#5425,#5426,#5427,#5428,#5429),
.UNSPECIFIED.,.F.,.F.,
(4,1,1,1,1,1,1,1,1,1,1,1,1,1,1,1,1,1,1,1,1,1,1,1,1,1,1,1,1,1,1,1,1,1,1,1,4),
(0.,0.0340146448114853,0.0420236325097347,0.0680035201305731,0.101964082900499,0.128522165647263,
0.135856525450109,0.169710523119967,0.203964143106709,0.215649430360218,0.265924131670444,
0.274632951655224,0.334871998281231,0.334908429521966,0.384351206719043,0.410587683034268,
0.43448781765768,0.48608575329725,0.497918184226664,0.562099450001382,0.562189407137907,
0.61485260868493,0.638325749958686,0.65474745772802,0.671029672372455,0.694324307143681,
0.714240089153257,0.745068739734234,0.790226136967278,0.79382546218996,0.840592873223528,
0.866202545571577,0.884196788014867,0.927018705933193,0.952077745168767,0.969056840487192,
1.),
.UNSPECIFIED.);
#4306=VERTEX_POINT('',#5430);
#4307=B_SPLINE_CURVE_WITH_KNOTS('',3,
(#5431,#5432,#5433,#5434,#5435,#5436,#5437,#5438,#5439,#5440,#5441,#5442,#5443,#5444,
#5445,#5446,#5447,#5448,#5449,#5450,#5451,#5452,#5453,#5454,#5455,#5456,#5457,#5458,
#5459,#5460,#5461,#5462,#5463,#5464,#5465,#5466,#5467,#5468,#5469,#5470,#5471,#5472,
#5473,#5474,#5475,#5476,#5477,#5478,#5479,#5480,#5481,#5482,#5483,#5484,#5485,#5486,
#5487,#5488,#5489,#5490,#5491,#5492,#5493,#5494,#5495,#5496,#5497,#5498,#5499,#5500,
#5501,#5502,#5503,#5504,#5505,#5506,#5507,#5508,#5509,#5510,#5511,#5512,#5513,#5514,
#5515,#5516,#5517,#5518,#5519,#5520,#5521,#5522,#5523,#5524,#5525,#5526,#5527,#5528,
#5529,#5530,#5531,#5532,#5533,#5534,#5535,#5536,#5537,#5538,#5539,#5540,#5541,#5542,
#5543,#5544,#5545,#5546,#5547,#5548,#5549,#5550,#5551,#5552,#5553,#5554,#5555,#5556,
#5557,#5558,#5559,#5560,#5561,#5562,#5563,#5564,#5565,#5566,#5567,#5568,#5569,#5570,
#5571,#5572,#5573,#5574,#5575,#5576,#5577,#5578,#5579,#5580,#5581,#5582,#5583,#5584,
#5585,#5586,#5587,#5588,#5589,#5590,#5591,#5592,#5593,#5594,#5595,#5596,#5597,#5598,
#5599,#5600,#5601,#5602,#5603,#5604,#5605,#5606,#5607,#5608,#5609,#5610,#5611,#5612,
#5613),
.UNSPECIFIED.,.F.,.F.,
(4,1,1,1,1,1,1,1,1,1,1,1,1,1,1,1,1,1,1,1,1,1,1,1,1,1,1,1,1,1,1,1,1,1,1,1,1,1,1,1,
1,1,1,1,1,1,1,1,1,1,1,1,1,1,1,1,1,1,1,1,1,1,1,1,1,1,1,1,1,1,1,1,1,1,1,1,1,1,1,1,
1,1,1,1,1,1,1,1,1,1,1,1,1,1,1,1,1,1,1,1,1,1,1,1,1,1,1,1,1,1,1,1,1,1,1,1,1,1,1,1,
1,1,1,1,1,1,1,1,1,1,1,1,1,1,1,1,1,1,1,1,1,1,1,1,1,1,1,1,1,1,1,1,1,1,1,1,1,1,1,1,
1,1,1,1,1,1,1,1,1,1,1,1,1,1,1,1,1,1,1,1,4),
(0.,0.00555555555555557,0.0111111111111111,0.0166666666666667,0.0222222222222222,
0.0277777777777778,0.0333333333333333,0.0388888888888889,0.0444444444444444,0.05,
0.0555555555555555,0.0611111111111111,0.0666666666666666,0.0722222222222222,0.0777777777777777,
0.0833333333333333,0.0888888888888888,0.0944444444444444,0.0999999999999999,0.105555555555555,
0.111111111111111,0.116666666666667,0.122222222222222,0.127777777777778,0.133333333333333,
0.138888888888889,0.144444444444444,0.15,0.155555555555555,0.161111111111111,0.166666666666667,
0.172222222222222,0.177777777777778,0.183333333333333,0.188888888888889,0.194444444444444,
0.2,0.205555555555556,0.211111111111111,0.216666666666667,0.222222222222222,0.227777777777778,
0.233333333333334,0.238888888888889,0.244444444444445,0.25,0.255555555555556,0.261111111111112,
0.266666666666667,0.272222222222223,0.277777777777778,0.283333333333334,0.288888888888889,
0.294444444444445,0.300000000000001,0.305555555555556,0.311111111111112,0.316666666666667,
0.322222222222223,0.327777777777779,0.333333333333334,0.33888888888889,0.344444444444445,
0.350000000000001,0.355555555555557,0.361111111111112,0.366666666666668,0.372222222222223,
0.377777777777779,0.383333333333334,0.38888888888889,0.394444444444446,0.400000000000001,
0.405555555555557,0.411111111111112,0.416666666666668,0.422222222222224,0.427777777777779,
0.433333333333335,0.43888888888889,0.444444444444446,0.450000000000002,0.455555555555557,
0.461111111111113,0.466666666666668,0.472222222222224,0.47777777777778,0.483333333333335,
0.488888888888891,0.494444444444446,0.500000000000002,0.505555555555557,0.511111111111113,
0.516666666666669,0.522222222222224,0.52777777777778,0.533333333333335,0.538888888888891,
0.544444444444447,0.550000000000002,0.555555555555558,0.561111111111113,0.566666666666669,
0.572222222222225,0.57777777777778,0.583333333333336,0.588888888888891,0.594444444444447,
0.600000000000002,0.605555555555558,0.611111111111114,0.616666666666669,0.622222222222225,
0.62777777777778,0.633333333333336,0.638888888888892,0.644444444444447,0.650000000000003,
0.655555555555558,0.661111111111114,0.66666666666667,0.672222222222225,0.677777777777781,
0.683333333333336,0.688888888888892,0.694444444444447,0.700000000000003,0.705555555555559,
0.711111111111114,0.71666666666667,0.722222222222225,0.727777777777781,0.733333333333337,
0.738888888888892,0.744444444444448,0.750000000000003,0.755555555555559,0.761111111111115,
0.76666666666667,0.772222222222226,0.777777777777781,0.783333333333337,0.788888888888892,
0.794444444444448,0.800000000000004,0.805555555555559,0.811111111111115,0.81666666666667,
0.822222222222226,0.827777777777782,0.833333333333337,0.838888888888893,0.844444444444448,
0.850000000000004,0.855555555555559,0.861111111111115,0.866666666666671,0.872222222222226,
0.877777777777782,0.883333333333337,0.888888888888893,0.894444444444449,0.900000000000004,
0.90555555555556,0.911111111111115,0.916666666666671,0.922222222222227,0.927777777777782,
0.933333333333338,0.938888888888893,0.944444444444449,0.950000000000005,0.95555555555556,
0.961111111111116,0.966666666666671,0.972222222222227,0.977777777777782,0.983333333333338,
0.988888888888894,0.994444444444449,1.),
.UNSPECIFIED.);
#4308=LINE('',#5614,#5615);
#4309=VERTEX_POINT('',#5617);
#4310=LINE('',#5618,#5619);
#4311=(BOUNDED_CURVE()B_SPLINE_CURVE(3,
(#5621,#5622,#5623,#5624),
.UNSPECIFIED.,.F.,.F.)B_SPLINE_CURVE_WITH_KNOTS((4,4),
(0.,1.),
.UNSPECIFIED.)CURVE()GEOMETRIC_REPRESENTATION_ITEM()RATIONAL_B_SPLINE_CURVE((1.,
0.982951615656134,0.982951615656134,1.))REPRESENTATION_ITEM(''));
#4312=VERTEX_POINT('',#5625);
#4313=LINE('',#5626,#5627);
#4314=B_SPLINE_CURVE_WITH_KNOTS('',3,
(#5629,#5630,#5631,#5632,#5633,#5634,#5635,#5636,#5637,#5638,#5639,#5640,#5641,#5642,
#5643,#5644,#5645,#5646,#5647,#5648,#5649,#5650,#5651,#5652,#5653,#5654,#5655,#5656,
#5657,#5658,#5659,#5660,#5661,#5662,#5663,#5664,#5665,#5666,#5667,#5668,#5669,#5670,
#5671,#5672,#5673,#5674,#5675,#5676,#5677,#5678,#5679,#5680,#5681,#5682,#5683,#5684,
#5685,#5686,#5687),
.UNSPECIFIED.,.F.,.F.,
(4,1,1,1,1,1,1,1,1,1,1,1,1,1,1,1,1,1,1,1,1,1,1,1,1,1,1,1,1,1,1,1,1,1,1,1,1,1,1,1,
1,1,1,1,1,1,1,1,1,1,1,1,1,1,1,1,4),
(0.,0.0233597437701357,0.0460264561870446,0.0681204991179547,0.089359276779544,0.110188214101733,
0.130170334024063,0.149664780613318,0.168513657693357,0.18721813804451,0.205123812033947,
0.222410746762596,0.238611979867705,0.254377336435194,0.268961727299898,0.282813641175689,
0.299752357681795,0.315765427512317,0.330869370287759,0.340879403455368,0.350520230296712,
0.363480061846119,0.37991763082399,0.396441185834566,0.409377291394778,0.421928189329574,
0.438578137233445,0.458870206416781,0.478008848583594,0.494895851420123,0.499999066294502,
0.512066074377853,0.533973846073175,0.561661272904144,0.593397977020302,0.625200904038107,
0.650427009604853,0.668694121315186,0.687722078866418,0.714037058777557,0.742363421823668,
0.766357487807592,0.783779648427895,0.799913777285509,0.814671934284806,0.829340354594941,
0.843943212722794,0.858563312203378,0.873308410941569,0.888152382818707,0.903338748844983,
0.918766376486711,0.934581723889228,0.950553121702614,0.966842987419044,0.983320729714695,
1.),
.UNSPECIFIED.);
#4315=CIRCLE('',#5688,0.721688172974064);
#4316=(BOUNDED_CURVE()B_SPLINE_CURVE(3,
(#5692,#5693,#5694,#5695),
.UNSPECIFIED.,.F.,.F.)B_SPLINE_CURVE_WITH_KNOTS((4,4),
(0.,1.),
.UNSPECIFIED.)CURVE()GEOMETRIC_REPRESENTATION_ITEM()RATIONAL_B_SPLINE_CURVE((1.,
0.982951615656134,0.982951615656134,1.))REPRESENTATION_ITEM(''));
#4317=VERTEX_POINT('',#5696);
#4318=LINE('',#5697,#5698);
#4319=VERTEX_POINT('',#5700);
#4320=LINE('',#5701,#5702);
#4321=LINE('',#5704,#5705);
#4322=VERTEX_POINT('',#5707);
#4323=LINE('',#5708,#5709);
#4324=LINE('',#5711,#5712);
#4325=VERTEX_POINT('',#5714);
#4326=B_SPLINE_CURVE_WITH_KNOTS('',3,
(#5715,#5716,#5717,#5718,#5719,#5720,#5721),
.UNSPECIFIED.,.F.,.F.,
(4,1,1,1,4),
(0.,0.253511859944609,0.50468406648209,0.753514192772046,1.),
.UNSPECIFIED.);
#4327=VERTEX_POINT('',#5722);
#4328=CIRCLE('',#5723,28.);
#4329=B_SPLINE_CURVE_WITH_KNOTS('',3,
(#5727,#5728,#5729,#5730,#5731,#5732,#5733),
.UNSPECIFIED.,.F.,.F.,
(4,1,1,1,4),
(0.,0.253511859944612,0.504684066482087,0.753514192772044,1.),
.UNSPECIFIED.);
#4330=VERTEX_POINT('',#5734);
#4331=LINE('',#5735,#5736);
#4332=VERTEX_POINT('',#5738);
#4333=LINE('',#5739,#5740);
#4334=LINE('',#5742,#5743);
#4335=VERTEX_POINT('',#5745);
#4336=LINE('',#5746,#5747);
#4337=LINE('',#5749,#5750);
#4338=VERTEX_POINT('',#5752);
#4339=LINE('',#5753,#5754);
#4340=LINE('',#5756,#5757);
#4341=VERTEX_POINT('',#5759);
#4342=LINE('',#5760,#5761);
#4343=LINE('',#5763,#5764);
#4344=VERTEX_POINT('',#5766);
#4345=LINE('',#5767,#5768);
#4346=LINE('',#5770,#5771);
#4347=VERTEX_POINT('',#5773);
#4348=B_SPLINE_CURVE_WITH_KNOTS('',3,
(#5774,#5775,#5776,#5777,#5778,#5779,#5780),
.UNSPECIFIED.,.F.,.F.,
(4,1,1,1,4),
(0.,0.253511859944608,0.50468406648209,0.753514192772046,1.),
.UNSPECIFIED.);
#4349=VERTEX_POINT('',#5781);
#4350=CIRCLE('',#5782,28.);
#4351=B_SPLINE_CURVE_WITH_KNOTS('',3,
(#5786,#5787,#5788,#5789,#5790,#5791,#5792),
.UNSPECIFIED.,.F.,.F.,
(4,1,1,1,4),
(0.,0.25351185994461,0.504684066482089,0.753514192772046,1.),
.UNSPECIFIED.);
#4352=VERTEX_POINT('',#5793);
#4353=LINE('',#5794,#5795);
#4354=VERTEX_POINT('',#5797);
#4355=LINE('',#5798,#5799);
#4356=LINE('',#5801,#5802);
#4357=VERTEX_POINT('',#5804);
#4358=LINE('',#5805,#5806);
#4359=LINE('',#5808,#5809);
#4360=VERTEX_POINT('',#5811);
#4361=LINE('',#5812,#5813);
#4362=LINE('',#5815,#5816);
#4363=VERTEX_POINT('',#5818);
#4364=LINE('',#5819,#5820);
#4365=LINE('',#5822,#5823);
#4366=VERTEX_POINT('',#5825);
#4367=LINE('',#5826,#5827);
#4368=LINE('',#5829,#5830);
#4369=VERTEX_POINT('',#5832);
#4370=B_SPLINE_CURVE_WITH_KNOTS('',3,
(#5833,#5834,#5835,#5836,#5837,#5838,#5839),
.UNSPECIFIED.,.F.,.F.,
(4,1,1,1,4),
(0.,0.25351185994461,0.504684066482087,0.753514192772047,1.),
.UNSPECIFIED.);
#4371=VERTEX_POINT('',#5840);
#4372=CIRCLE('',#5841,28.);
#4373=B_SPLINE_CURVE_WITH_KNOTS('',3,
(#5845,#5846,#5847,#5848,#5849,#5850,#5851),
.UNSPECIFIED.,.F.,.F.,
(4,1,1,1,4),
(0.,0.253511859944608,0.504684066482088,0.753514192772043,1.),
.UNSPECIFIED.);
#4374=VERTEX_POINT('',#5852);
#4375=LINE('',#5853,#5854);
#4376=VERTEX_POINT('',#5856);
#4377=LINE('',#5857,#5858);
#4378=LINE('',#5860,#5861);
#4379=VERTEX_POINT('',#5863);
#4380=LINE('',#5864,#5865);
#4381=LINE('',#5867,#5868);
#4382=VERTEX_POINT('',#5870);
#4383=LINE('',#5871,#5872);
#4384=LINE('',#5874,#5875);
#4385=VERTEX_POINT('',#5877);
#4386=LINE('',#5878,#5879);
#4387=LINE('',#5881,#5882);
#4388=VERTEX_POINT('',#5884);
#4389=LINE('',#5885,#5886);
#4390=LINE('',#5888,#5889);
#4391=VERTEX_POINT('',#5891);
#4392=B_SPLINE_CURVE_WITH_KNOTS('',3,
(#5892,#5893,#5894,#5895,#5896,#5897,#5898),
.UNSPECIFIED.,.F.,.F.,
(4,1,1,1,4),
(0.,0.25351185994461,0.504684066482085,0.753514192772048,1.),
.UNSPECIFIED.);
#4393=VERTEX_POINT('',#5899);
#4394=CIRCLE('',#5900,28.);
#4395=B_SPLINE_CURVE_WITH_KNOTS('',3,
(#5904,#5905,#5906,#5907,#5908,#5909,#5910),
.UNSPECIFIED.,.F.,.F.,
(4,1,1,1,4),
(0.,0.253511859944609,0.504684066482089,0.753514192772045,1.),
.UNSPECIFIED.);
#4396=VERTEX_POINT('',#5911);
#4397=LINE('',#5912,#5913);
#4398=VERTEX_POINT('',#5915);
#4399=LINE('',#5916,#5917);
#4400=LINE('',#5919,#5920);
#4401=VERTEX_POINT('',#5922);
#4402=LINE('',#5923,#5924);
#4403=LINE('',#5926,#5927);
#4404=VERTEX_POINT('',#5929);
#4405=LINE('',#5930,#5931);
#4406=LINE('',#5933,#5934);
#4407=VERTEX_POINT('',#5936);
#4408=LINE('',#5937,#5938);
#4409=LINE('',#5940,#5941);
#4410=VERTEX_POINT('',#5943);
#4411=LINE('',#5944,#5945);
#4412=LINE('',#5947,#5948);
#4413=VERTEX_POINT('',#5950);
#4414=B_SPLINE_CURVE_WITH_KNOTS('',3,
(#5951,#5952,#5953,#5954,#5955,#5956,#5957),
.UNSPECIFIED.,.F.,.F.,
(4,1,1,1,4),
(0.,0.253511859944611,0.504684066482089,0.753514192772044,1.),
.UNSPECIFIED.);
#4415=VERTEX_POINT('',#5958);
#4416=CIRCLE('',#5959,28.);
#4417=B_SPLINE_CURVE_WITH_KNOTS('',3,
(#5963,#5964,#5965,#5966,#5967,#5968,#5969),
.UNSPECIFIED.,.F.,.F.,
(4,1,1,1,4),
(0.,0.250052899182764,0.500088082491225,0.750050168736496,1.),
.UNSPECIFIED.);
#4418=VERTEX_POINT('',#5970);
#4419=LINE('',#5971,#5972);
#4420=VERTEX_POINT('',#5974);
#4421=LINE('',#5975,#5976);
#4422=LINE('',#5978,#5979);
#4423=VERTEX_POINT('',#5981);
#4424=LINE('',#5982,#5983);
#4425=LINE('',#5985,#5986);
#4426=VERTEX_POINT('',#5988);
#4427=LINE('',#5989,#5990);
#4428=LINE('',#5992,#5993);
#4429=VERTEX_POINT('',#5995);
#4430=LINE('',#5996,#5997);
#4431=LINE('',#5999,#6000);
#4432=VERTEX_POINT('',#6002);
#4433=LINE('',#6003,#6004);
#4434=LINE('',#6006,#6007);
#4435=VERTEX_POINT('',#6009);
#4436=B_SPLINE_CURVE_WITH_KNOTS('',3,
(#6010,#6011,#6012,#6013,#6014,#6015,#6016),
.UNSPECIFIED.,.F.,.F.,
(4,1,1,1,4),
(0.,0.253511859944606,0.504684066482086,0.753514192772045,1.),
.UNSPECIFIED.);
#4437=VERTEX_POINT('',#6017);
#4438=B_SPLINE_CURVE_WITH_KNOTS('',3,
(#6018,#6019,#6020,#6021,#6022,#6023,#6024),
.UNSPECIFIED.,.F.,.F.,
(4,1,1,1,4),
(0.,0.250052899182768,0.500088082491226,0.750050168736498,1.),
.UNSPECIFIED.);
#4439=CIRCLE('',#6025,28.);
#4440=VERTEX_POINT('',#6029);
#4441=LINE('',#6030,#6031);
#4442=VERTEX_POINT('',#6033);
#4443=LINE('',#6034,#6035);
#4444=LINE('',#6037,#6038);
#4445=VERTEX_POINT('',#6040);
#4446=LINE('',#6041,#6042);
#4447=LINE('',#6044,#6045);
#4448=LINE('',#6047,#6048);
#4449=B_SPLINE_CURVE_WITH_KNOTS('',3,
(#6050,#6051,#6052,#6053,#6054,#6055,#6056,#6057,#6058,#6059,#6060,#6061,#6062,#6063,
#6064,#6065,#6066,#6067,#6068,#6069,#6070,#6071,#6072,#6073,#6074,#6075,#6076,#6077,
#6078,#6079,#6080,#6081,#6082,#6083,#6084,#6085,#6086,#6087,#6088,#6089,#6090,#6091,
#6092,#6093,#6094,#6095,#6096,#6097,#6098,#6099,#6100,#6101,#6102,#6103,#6104,#6105,
#6106,#6107,#6108,#6109,#6110,#6111,#6112,#6113,#6114),
.UNSPECIFIED.,.F.,.F.,
(4,1,1,1,1,1,1,1,1,1,1,1,1,1,1,1,1,1,1,1,1,1,1,1,1,1,1,1,1,1,1,1,1,1,1,1,1,1,1,1,
1,1,1,1,1,1,1,1,1,1,1,1,1,1,1,1,1,1,1,1,1,1,4),
(0.,0.0165907887496524,0.0331832973962248,0.0394131914048165,0.0497804635821157,
0.0663968700848437,0.0830237913671252,0.0996911937874816,0.115106715569676,0.11638748251292,
0.133127785271735,0.149883189180314,0.166725184343726,0.183639400638823,0.189298793161712,
0.200682988943541,0.217785490451039,0.235040871183404,0.25239168059943,0.266502405413291,
0.269875115115361,0.287395536318,0.30508413190667,0.322902827130453,0.340944134127692,
0.345936819897198,0.359077178185636,0.387888929690174,0.426634546633453,0.431836373103566,
0.491142582719931,0.500000135318238,0.507509790860922,0.551110642077687,0.588459120017676,
0.596310771423035,0.626525112989414,0.645809798443953,0.66504281916579,0.669750653435561,
0.684117997168014,0.703087955676185,0.721899498884142,0.74065916667432,0.75053520465548,
0.759195532013652,0.777560730411245,0.795636785468722,0.813593129576978,0.830277066440297,
0.831254792531876,0.848739444239448,0.865988466833237,0.883178102624763,0.900190472938828,
0.908191873941302,0.91708509340538,0.933805897965472,0.950471778441243,0.96702944839911,
0.973244980812744,0.983537909898376,1.),
.UNSPECIFIED.);
#4450=LINE('',#6115,#6116);
#4451=LINE('',#6118,#6119);
#4452=VERTEX_POINT('',#6121);
#4453=LINE('',#6122,#6123);
#4454=LINE('',#6125,#6126);
#4455=VERTEX_POINT('',#6128);
#4456=LINE('',#6129,#6130);
#4457=LINE('',#6132,#6133);
#4458=VERTEX_POINT('',#6135);
#4459=LINE('',#6136,#6137);
#4460=VERTEX_POINT('',#6139);
#4461=LINE('',#6140,#6141);
#4462=LINE('',#6143,#6144);
#4463=VERTEX_POINT('',#6146);
#4464=LINE('',#6147,#6148);
#4465=VERTEX_POINT('',#6150);
#4466=LINE('',#6151,#6152);
#4467=LINE('',#6154,#6155);
#4468=VERTEX_POINT('',#6157);
#4469=LINE('',#6158,#6159);
#4470=VERTEX_POINT('',#6161);
#4471=LINE('',#6162,#6163);
#4472=LINE('',#6165,#6166);
#4473=VERTEX_POINT('',#6168);
#4474=LINE('',#6169,#6170);
#4475=VERTEX_POINT('',#6172);
#4476=LINE('',#6173,#6174);
#4477=LINE('',#6176,#6177);
#4478=VERTEX_POINT('',#6179);
#4479=LINE('',#6180,#6181);
#4480=VERTEX_POINT('',#6183);
#4481=LINE('',#6184,#6185);
#4482=LINE('',#6187,#6188);
#4483=LINE('',#6190,#6191);
#4484=LINE('',#6193,#6194);
#4485=LINE('',#6196,#6197);
#4486=LINE('',#6199,#6200);
#4487=LINE('',#6202,#6203);
#4488=LINE('',#6205,#6206);
#4489=LINE('',#6208,#6209);
#4490=LINE('',#6211,#6212);
#4491=LINE('',#6214,#6215);
#4492=LINE('',#6217,#6218);
#4493=LINE('',#6220,#6221);
#4494=LINE('',#6223,#6224);
#4495=LINE('',#6226,#6227);
#4496=LINE('',#6229,#6230);
#4497=LINE('',#6232,#6233);
#4498=LINE('',#6235,#6236);
#4499=LINE('',#6238,#6239);
#4500=LINE('',#6241,#6242);
#4501=LINE('',#6244,#6245);
#4502=LINE('',#6247,#6248);
#4503=LINE('',#6250,#6251);
#4504=LINE('',#6253,#6254);
#4505=LINE('',#6256,#6257);
#4506=LINE('',#6259,#6260);
#4507=LINE('',#6262,#6263);
#4508=LINE('',#6265,#6266);
#4509=VERTEX_POINT('',#6268);
#4510=CIRCLE('',#6269,0.01);
#4511=VERTEX_POINT('',#6273);
#4512=CIRCLE('',#6274,0.01);
#4513=VERTEX_POINT('',#6278);
#4514=CIRCLE('',#6279,0.02);
#4515=VERTEX_POINT('',#6283);
#4516=CIRCLE('',#6284,0.02);
#4517=CARTESIAN_POINT('',(-30.,3.67394039744206E-15,0.));
#4518=AXIS2_PLACEMENT_3D('',#4519,#4520,#4521);
#4519=CARTESIAN_POINT('',(0.,0.,0.));
#4520=DIRECTION('',(0.,0.,1.));
#4521=DIRECTION('',(-1.,1.22464679914735E-16,0.));
#4522=CARTESIAN_POINT('',(0.,-26.8,0.));
#4523=CARTESIAN_POINT('',(-15.3239143148343,-21.9867607907944,0.));
#4524=AXIS2_PLACEMENT_3D('',#4525,#4526,#4527);
#4525=CARTESIAN_POINT('',(0.,0.,0.));
#4526=DIRECTION('',(0.,0.,1.));
#4527=DIRECTION('',(7.34788079488412E-16,-1.,0.));
#4528=AXIS2_PLACEMENT_3D('',#4529,#4530,#4531);
#4529=CARTESIAN_POINT('',(0.,0.,0.));
#4530=DIRECTION('',(0.,0.,1.));
#4531=DIRECTION('',(-0.571787847568444,-0.820401522044569,0.));
#4532=CARTESIAN_POINT('',(29.8641856148386,-2.85138870771173,5.));
#4533=CARTESIAN_POINT('',(29.8641856148386,2.8513887077117,5.));
#4534=AXIS2_PLACEMENT_3D('',#4535,#4536,#4537);
#4535=CARTESIAN_POINT('',(0.,0.,5.));
#4536=DIRECTION('',(0.,0.,1.));
#4537=DIRECTION('',(0.995472853827954,-0.0950462902570575,0.));
#4538=CARTESIAN_POINT('',(29.5035165816807,-5.4353021364496,7.));
#4539=CARTESIAN_POINT('',(29.8641856148386,-2.85138870771172,5.));
#4540=CARTESIAN_POINT('',(29.7814760271965,-3.71765238855971,5.69075413840187));
#4541=CARTESIAN_POINT('',(29.6611771620148,-4.57950030071138,6.35784143518693));
#4542=CARTESIAN_POINT('',(29.5035165816807,-5.43530213644959,7.));
#4543=CARTESIAN_POINT('',(29.5035165816807,-5.4353021364496,23.));
#4544=CARTESIAN_POINT('',(29.5035165816807,-5.4353021364496,7.));
#4545=VECTOR('',#4546,1.);
#4546=DIRECTION('',(0.,4.44089209850063E-16,1.));
#4547=CARTESIAN_POINT('',(19.4588680182495,-22.8331437924861,23.));
#4548=AXIS2_PLACEMENT_3D('',#4549,#4550,#4551);
#4549=CARTESIAN_POINT('',(0.,0.,23.));
#4550=DIRECTION('',(0.,0.,1.));
#4551=DIRECTION('',(0.648628933941649,-0.76110479308287,0.));
#4552=CARTESIAN_POINT('',(19.4588680182495,-22.8331437924861,7.));
#4553=CARTESIAN_POINT('',(19.4588680182495,-22.8331437924861,7.));
#4554=VECTOR('',#4555,1.);
#4555=DIRECTION('',(0.,0.,1.));
#4556=CARTESIAN_POINT('',(17.4014678643617,-24.4374490519282,4.99999999999999));
#4557=CARTESIAN_POINT('',(17.4014678643617,-24.4374490519282,4.99999999999996));
#4558=CARTESIAN_POINT('',(18.1103194245308,-23.9326886074696,5.69075413840185));
#4559=CARTESIAN_POINT('',(18.7965521780619,-23.3975827781,6.35784143518692));
#4560=CARTESIAN_POINT('',(19.4588680182495,-22.8331437924861,7.));
#4561=CARTESIAN_POINT('',(12.4627177504769,-27.2888377596399,5.));
#4562=AXIS2_PLACEMENT_3D('',#4563,#4564,#4565);
#4563=CARTESIAN_POINT('',(0.,0.,5.));
#4564=DIRECTION('',(0.,0.,1.));
#4565=DIRECTION('',(0.415423925015895,-0.90962792532133,0.));
#4566=CARTESIAN_POINT('',(10.0446485634311,-28.2684459289357,7.));
#4567=CARTESIAN_POINT('',(12.4627177504769,-27.2888377596399,5.));
#4568=CARTESIAN_POINT('',(11.6711566026657,-27.6503409960293,5.69075413840186));
#4569=CARTESIAN_POINT('',(10.8646249839529,-27.9770830788113,6.35784143518691));
#4570=CARTESIAN_POINT('',(10.0446485634312,-28.2684459289357,6.99999999999998));
#4571=CARTESIAN_POINT('',(10.0446485634311,-28.2684459289357,23.));
#4572=CARTESIAN_POINT('',(10.0446485634311,-28.2684459289357,7.));
#4573=VECTOR('',#4574,1.);
#4574=DIRECTION('',(0.,0.,1.));
#4575=CARTESIAN_POINT('',(-10.0446485634312,-28.2684459289357,23.));
#4576=AXIS2_PLACEMENT_3D('',#4577,#4578,#4579);
#4577=CARTESIAN_POINT('',(0.,0.,23.));
#4578=DIRECTION('',(0.,0.,1.));
#4579=DIRECTION('',(-0.33482161878104,-0.942281530964522,0.));
#4580=CARTESIAN_POINT('',(-10.0446485634312,-28.2684459289357,7.));
#4581=CARTESIAN_POINT('',(-10.0446485634312,-28.2684459289357,7.));
#4582=VECTOR('',#4583,1.);
#4583=DIRECTION('',(0.,0.,1.));
#4584=CARTESIAN_POINT('',(-12.4627177504769,-27.2888377596399,5.));
#4585=CARTESIAN_POINT('',(-12.4627177504769,-27.2888377596399,5.));
#4586=CARTESIAN_POINT('',(-11.6711566026657,-27.6503409960293,5.69075413840186));
#4587=CARTESIAN_POINT('',(-10.8646249839529,-27.9770830788113,6.35784143518691));
#4588=CARTESIAN_POINT('',(-10.0446485634312,-28.2684459289357,6.99999999999999));
#4589=CARTESIAN_POINT('',(-17.4014678643618,-24.4374490519282,5.00000000000001));
#4590=AXIS2_PLACEMENT_3D('',#4591,#4592,#4593);
#4591=CARTESIAN_POINT('',(0.,0.,5.));
#4592=DIRECTION('',(0.,0.,1.));
#4593=DIRECTION('',(-0.580048928812058,-0.814581635064272,0.));
#4594=CARTESIAN_POINT('',(-19.4588680182495,-22.8331437924861,7.));
#4595=CARTESIAN_POINT('',(-17.4014678643618,-24.4374490519282,5.00000000000001));
#4596=CARTESIAN_POINT('',(-18.1103194245309,-23.9326886074696,5.69075413840188));
#4597=CARTESIAN_POINT('',(-18.796552178062,-23.3975827780999,6.35784143518694));
#4598=CARTESIAN_POINT('',(-19.4588680182495,-22.8331437924861,7.));
#4599=CARTESIAN_POINT('',(-19.4588680182495,-22.8331437924861,23.));
#4600=CARTESIAN_POINT('',(-19.4588680182495,-22.8331437924861,7.));
#4601=VECTOR('',#4602,1.);
#4602=DIRECTION('',(0.,2.22044604925031E-16,1.));
#4603=CARTESIAN_POINT('',(-29.5035165816807,-5.43530213644954,23.));
#4604=AXIS2_PLACEMENT_3D('',#4605,#4606,#4607);
#4605=CARTESIAN_POINT('',(0.,0.,23.));
#4606=DIRECTION('',(0.,0.,1.));
#4607=DIRECTION('',(-0.983450552722689,-0.181176737881652,0.));
#4608=CARTESIAN_POINT('',(-29.5035165816807,-5.43530213644955,7.));
#4609=CARTESIAN_POINT('',(-29.5035165816807,-5.43530213644955,7.));
#4610=VECTOR('',#4611,1.);
#4611=DIRECTION('',(0.,0.,1.));
#4612=CARTESIAN_POINT('',(-29.8641856148391,-2.85138870771084,4.99999999999977));
#4613=CARTESIAN_POINT('',(-29.8641856148387,-2.85138870771079,4.9999999999993));
#4614=CARTESIAN_POINT('',(-29.7814760271966,-3.71765238855906,5.69075413840141));
#4615=CARTESIAN_POINT('',(-29.6611771620149,-4.57950030071102,6.35784143518669));
#4616=CARTESIAN_POINT('',(-29.5035165816807,-5.43530213644954,6.99999999999999));
#4617=CARTESIAN_POINT('',(-30.,7.34788079488412E-15,5.));
#4618=AXIS2_PLACEMENT_3D('',#4619,#4620,#4621);
#4619=CARTESIAN_POINT('',(0.,0.,5.));
#4620=DIRECTION('',(0.,0.,1.));
#4621=DIRECTION('',(-1.,1.22464679914735E-16,0.));
#4622=CARTESIAN_POINT('',(-29.8641856148391,2.85138870771092,4.99999999999978));
#4623=AXIS2_PLACEMENT_3D('',#4624,#4625,#4626);
#4624=CARTESIAN_POINT('',(0.,0.,5.));
#4625=DIRECTION('',(0.,0.,1.));
#4626=DIRECTION('',(-0.995472853827957,0.0950462902570289,0.));
#4627=CARTESIAN_POINT('',(-29.5035165816807,5.4353021364496,7.));
#4628=CARTESIAN_POINT('',(-29.8641856148387,2.85138870771089,4.99999999999933));
#4629=CARTESIAN_POINT('',(-29.7814760271966,3.71765238855914,5.69075413840143));
#4630=CARTESIAN_POINT('',(-29.6611771620149,4.57950030071109,6.3578414351867));
#4631=CARTESIAN_POINT('',(-29.5035165816807,5.43530213644959,6.99999999999999));
#4632=CARTESIAN_POINT('',(-29.5035165816807,5.43530213644961,23.));
#4633=CARTESIAN_POINT('',(-29.5035165816807,5.43530213644961,7.));
#4634=VECTOR('',#4635,1.);
#4635=DIRECTION('',(0.,0.,1.));
#4636=CARTESIAN_POINT('',(-19.4588680182495,22.8331437924861,23.));
#4637=AXIS2_PLACEMENT_3D('',#4638,#4639,#4640);
#4638=CARTESIAN_POINT('',(0.,0.,23.));
#4639=DIRECTION('',(0.,0.,1.));
#4640=DIRECTION('',(-0.648628933941649,0.761104793082871,0.));
#4641=CARTESIAN_POINT('',(-19.4588680182495,22.8331437924861,7.));
#4642=CARTESIAN_POINT('',(-19.4588680182495,22.8331437924861,7.));
#4643=VECTOR('',#4644,1.);
#4644=DIRECTION('',(0.,0.,1.));
#4645=CARTESIAN_POINT('',(-17.4014678643617,24.4374490519282,5.));
#4646=CARTESIAN_POINT('',(-17.4014678643617,24.4374490519282,5.));
#4647=CARTESIAN_POINT('',(-18.1103194245308,23.9326886074696,5.69075413840188));
#4648=CARTESIAN_POINT('',(-18.7965521780619,23.3975827781,6.35784143518693));
#4649=CARTESIAN_POINT('',(-19.4588680182495,22.8331437924861,7.));
#4650=CARTESIAN_POINT('',(-12.4627177504769,27.2888377596399,4.99999999999999));
#4651=AXIS2_PLACEMENT_3D('',#4652,#4653,#4654);
#4652=CARTESIAN_POINT('',(0.,0.,5.));
#4653=DIRECTION('',(0.,0.,1.));
#4654=DIRECTION('',(-0.415423925015896,0.90962792532133,0.));
#4655=CARTESIAN_POINT('',(-10.0446485634311,28.2684459289357,7.));
#4656=CARTESIAN_POINT('',(-12.4627177504769,27.2888377596399,4.99999999999996));
#4657=CARTESIAN_POINT('',(-11.6711566026657,27.6503409960293,5.69075413840184));
#4658=CARTESIAN_POINT('',(-10.8646249839529,27.9770830788113,6.3578414351869));
#4659=CARTESIAN_POINT('',(-10.0446485634312,28.2684459289357,6.99999999999999));
#4660=CARTESIAN_POINT('',(-10.0446485634311,28.2684459289357,23.));
#4661=CARTESIAN_POINT('',(-10.0446485634311,28.2684459289357,7.));
#4662=VECTOR('',#4663,1.);
#4663=DIRECTION('',(0.,0.,1.));
#4664=CARTESIAN_POINT('',(10.0446485634312,28.2684459289357,23.));
#4665=AXIS2_PLACEMENT_3D('',#4666,#4667,#4668);
#4666=CARTESIAN_POINT('',(0.,0.,23.));
#4667=DIRECTION('',(0.,0.,1.));
#4668=DIRECTION('',(0.33482161878104,0.942281530964522,0.));
#4669=CARTESIAN_POINT('',(10.0446485634312,28.2684459289357,7.));
#4670=CARTESIAN_POINT('',(10.0446485634312,28.2684459289357,7.));
#4671=VECTOR('',#4672,1.);
#4672=DIRECTION('',(0.,0.,1.));
#4673=CARTESIAN_POINT('',(12.4627177504769,27.2888377596399,4.99999999999999));
#4674=CARTESIAN_POINT('',(12.4627177504769,27.2888377596399,4.99999999999996));
#4675=CARTESIAN_POINT('',(11.6711566026657,27.6503409960293,5.69075413840184));
#4676=CARTESIAN_POINT('',(10.8646249839529,27.9770830788113,6.3578414351869));
#4677=CARTESIAN_POINT('',(10.0446485634312,28.2684459289357,6.99999999999999));
#4678=CARTESIAN_POINT('',(17.4014678643617,24.4374490519282,5.00000000000001));
#4679=AXIS2_PLACEMENT_3D('',#4680,#4681,#4682);
#4680=CARTESIAN_POINT('',(0.,0.,5.));
#4681=DIRECTION('',(0.,0.,1.));
#4682=DIRECTION('',(0.580048928812058,0.814581635064273,0.));
#4683=CARTESIAN_POINT('',(19.4588680182495,22.8331437924861,7.00000000000001));
#4684=CARTESIAN_POINT('',(17.4014678643617,24.4374490519282,5.));
#4685=CARTESIAN_POINT('',(18.1103194245309,23.9326886074696,5.69075413840188));
#4686=CARTESIAN_POINT('',(18.7965521780619,23.3975827780999,6.35784143518694));
#4687=CARTESIAN_POINT('',(19.4588680182495,22.8331437924861,7.00000000000002));
#4688=CARTESIAN_POINT('',(19.4588680182495,22.8331437924861,23.));
#4689=CARTESIAN_POINT('',(19.4588680182495,22.8331437924861,7.));
#4690=VECTOR('',#4691,1.);
#4691=DIRECTION('',(0.,0.,1.));
#4692=CARTESIAN_POINT('',(29.5035165816807,5.43530213644956,23.));
#4693=AXIS2_PLACEMENT_3D('',#4694,#4695,#4696);
#4694=CARTESIAN_POINT('',(0.,0.,23.));
#4695=DIRECTION('',(0.,0.,1.));
#4696=DIRECTION('',(0.98345055272269,0.181176737881652,0.));
#4697=CARTESIAN_POINT('',(29.5035165816807,5.43530213644956,7.));
#4698=CARTESIAN_POINT('',(29.5035165816807,5.43530213644956,7.));
#4699=VECTOR('',#4700,1.);
#4700=DIRECTION('',(0.,3.88578058618805E-16,1.));
#4701=CARTESIAN_POINT('',(29.8641856148386,2.85138870771171,5.00000000000001));
#4702=CARTESIAN_POINT('',(29.7814760271965,3.71765238855967,5.69075413840187));
#4703=CARTESIAN_POINT('',(29.6611771620148,4.57950030071134,6.35784143518692));
#4704=CARTESIAN_POINT('',(29.5035165816807,5.43530213644955,6.99999999999999));
#4705=CARTESIAN_POINT('',(17.0367925277559,17.036805005234,21.));
#4706=CARTESIAN_POINT('',(-7.44535406626873,22.914443638196,1.87499970859368));
#4707=CARTESIAN_POINT('',(17.0367925277559,17.036805005234,21.));
#4708=CARTESIAN_POINT('',(17.7439577648779,16.3296402860283,20.9669689114138));
#4709=CARTESIAN_POINT('',(19.0701119421226,14.8271410427599,20.9009067342414));
#4710=CARTESIAN_POINT('',(20.7640209883839,12.3437724821076,20.8018134684828));
#4711=CARTESIAN_POINT('',(22.1363721542172,9.66924566746918,20.7027202027243));
#4712=CARTESIAN_POINT('',(23.1659137358679,6.84497814257268,20.6036269369657));
#4713=CARTESIAN_POINT('',(23.8367017380765,3.91470750809473,20.5045336712071));
#4714=CARTESIAN_POINT('',(24.1383482227561,0.92381265378504,20.4054404054485));
#4715=CARTESIAN_POINT('',(24.0661817946806,-2.0813886064467,20.3063471396899));
#4716=CARTESIAN_POINT('',(23.6213200470375,-5.05435692764993,20.2072538739313));
#4717=CARTESIAN_POINT('',(22.8106522264621,-7.9490521269421,20.1081606081728));
#4718=CARTESIAN_POINT('',(21.6467325517238,-10.7206461814812,20.0090673424142));
#4719=CARTESIAN_POINT('',(20.1475857937574,-13.3262174452201,19.9099740766556));
#4720=CARTESIAN_POINT('',(18.336428139777,-15.7254153455154,19.810880810897));
#4721=CARTESIAN_POINT('',(16.2413076610555,-17.8810852627322,19.7117875451384));
#4722=CARTESIAN_POINT('',(13.8946699530384,-19.7598439166481,19.6126942793798));
#4723=CARTESIAN_POINT('',(11.3328556741746,-21.3325963488388,19.5136010136213));
#4724=CARTESIAN_POINT('',(8.59553776477415,-22.5749864949794,19.4145077478627));
#4725=CARTESIAN_POINT('',(5.72510706125497,-23.467774369363,19.3154144821041));
#4726=CARTESIAN_POINT('',(2.76601582032585,-23.997134020459,19.2163212163455));
#4727=CARTESIAN_POINT('',(-0.235910680536512,-24.1548676432923,19.1172279505869));
#4728=CARTESIAN_POINT('',(-3.23418380557667,-23.9385325328414,19.0181346848284));
#4729=CARTESIAN_POINT('',(-6.18237149619317,-23.3514789124205,18.9190414190698));
#4730=CARTESIAN_POINT('',(-9.0348173302023,-22.4027980512265,18.8199481533112));
#4731=CARTESIAN_POINT('',(-11.7473475693892,-21.1071814745154,18.7208548875526));
#4732=CARTESIAN_POINT('',(-14.2779552458188,-19.4846934467175,18.621761621794));
#4733=CARTESIAN_POINT('',(-16.5874506929634,-17.5604602508781,18.5226683560354));
#4734=CARTESIAN_POINT('',(-18.640068447348,-15.3642810763258,18.4235750902769));
#4735=CARTESIAN_POINT('',(-20.4040211220724,-12.9301665404659,18.3244818245183));
#4736=CARTESIAN_POINT('',(-21.8519916747769,-10.2958119912732,18.2253885587597));
#4737=CARTESIAN_POINT('',(-22.9615564466576,-7.50201374706277,18.1262952930011));
#4738=CARTESIAN_POINT('',(-23.7155324212376,-4.59203731380631,18.0272020272425));
#4739=CARTESIAN_POINT('',(-24.1022433251503,-1.61094736394788,17.928108761484));
#4740=CARTESIAN_POINT('',(-24.115700450028,1.3950901471524,17.8290154957254));
#4741=CARTESIAN_POINT('',(-23.7556953952398,4.37952291953626,17.7299222299668));
#4742=CARTESIAN_POINT('',(-23.0278032952394,7.29613323000094,17.6308289642082));
#4743=CARTESIAN_POINT('',(-21.9432964815433,10.0997536721077,17.5317356984496));
#4744=CARTESIAN_POINT('',(-20.5189699163938,12.7469666307042,17.432642432691));
#4745=CARTESIAN_POINT('',(-18.776881101487,15.1967766587122,17.3335491669325));
#4746=CARTESIAN_POINT('',(-16.7440084896087,17.4112453435725,17.2344559011739));
#4747=CARTESIAN_POINT('',(-14.4518336891071,19.3560788316371,17.1353626354153));
#4748=CARTESIAN_POINT('',(-11.9358539312963,21.0011589119487,17.0362693696567));
#4749=CARTESIAN_POINT('',(-9.23503235084825,22.3210094349012,16.9371761038981));
#4750=CARTESIAN_POINT('',(-6.39119459228092,23.2951908426989,16.8380828381395));
#4751=CARTESIAN_POINT('',(-3.44838108685324,23.9086167018085,16.738989572381));
#4752=CARTESIAN_POINT('',(-0.45216503068135,24.1517873354994,16.6398963066224));
#4753=CARTESIAN_POINT('',(2.55105337395131,24.0209369383755,16.5408030408638));
#4754=CARTESIAN_POINT('',(5.5147654845224,23.5180918946432,16.4417097751052));
#4755=CARTESIAN_POINT('',(8.39307446353346,22.6510393969845,16.3426165093466));
#4756=CARTESIAN_POINT('',(11.1414060491968,21.4332068520108,16.2435232435881));
#4757=CARTESIAN_POINT('',(13.7171988443615,19.8834539398569,16.1444299778295));
#4758=CARTESIAN_POINT('',(16.0805634336799,18.025780548136,16.0453367120709));
#4759=CARTESIAN_POINT('',(18.1949001217503,15.8889551032689,15.9462434463123));
#4760=CARTESIAN_POINT('',(20.0274657257771,13.5060690549465,15.8471501805537));
#4761=CARTESIAN_POINT('',(21.5498806452477,10.9140244130999,15.7480569147951));
#4762=CARTESIAN_POINT('',(22.7385683560066,8.15296227351621,15.6489636490366));
#4763=CARTESIAN_POINT('',(23.5751205226077,5.26564118210521,15.549870383278));
#4764=CARTESIAN_POINT('',(24.0465820747147,2.29677496463484,15.4507771175194));
#4765=CARTESIAN_POINT('',(24.1456518327808,-0.70765972352009,15.3516838517608));
#4766=CARTESIAN_POINT('',(23.8707955760662,-3.70113540414566,15.2525905860022));
#4767=CARTESIAN_POINT('',(23.2262698019901,-6.63729431314626,15.1534973202437));
#4768=CARTESIAN_POINT('',(22.2220558088746,-9.47066630926376,15.0544040544851));
#4769=CARTESIAN_POINT('',(20.8737051228923,-12.1573730368325,14.9553107887265));
#4770=CARTESIAN_POINT('',(19.2020986629775,-14.655807437717,14.8562175229679));
#4771=CARTESIAN_POINT('',(17.2331233733372,-16.9272780893297,14.7571242572093));
#4772=CARTESIAN_POINT('',(14.9972713313176,-18.9366083903375,14.6580309914507));
#4773=CARTESIAN_POINT('',(12.5291675389479,-20.6526813149076,14.5589377256922));
#4774=CARTESIAN_POINT('',(9.86703371090961,-22.0489212992821,14.4598444599336));
#4775=CARTESIAN_POINT('',(7.05209636285126,-23.1037057980581,14.360751194175));
#4776=CARTESIAN_POINT('',(4.12794836655394,-23.8007001367024,14.2616579284164));
#4777=CARTESIAN_POINT('',(1.13987385907292,-24.1291104746852,14.1625646626578));
#4778=CARTESIAN_POINT('',(-1.8658530395064,-24.0838509617778,14.0634713968992));
#4779=CARTESIAN_POINT('',(-4.84268483945427,-23.6656224988882,13.9643781311407));
#4780=CARTESIAN_POINT('',(-7.74452152825763,-22.8809018837221,13.8652848653821));
#4781=CARTESIAN_POINT('',(-10.5264244877295,-21.7418415093637,13.7661915996235));
#4782=CARTESIAN_POINT('',(-13.1453124254556,-20.2660811690697,13.6670983338649));
#4783=CARTESIAN_POINT('',(-15.5606285431978,-18.4764748817186,13.5680050681063));
#4784=CARTESIAN_POINT('',(-17.7349686103063,-16.4007369683686,13.4689118023478));
#4785=CARTESIAN_POINT('',(-19.634660215628,-14.0710128608781,13.3698185365892));
#4786=CARTESIAN_POINT('',(-21.2302842274612,-11.5233812891604,13.2707252708306));
#4787=CARTESIAN_POINT('',(-22.4971303860887,-8.79729555633344,13.171632005072));
#4788=CARTESIAN_POINT('',(-23.4155799734607,-5.93497255432821,13.0725387393134));
#4789=CARTESIAN_POINT('',(-23.9714096339037,-2.98073898182185,12.9734454735548));
#4790=CARTESIAN_POINT('',(-24.1560116408065,0.019655110859872,12.8743522077963));
#4791=CARTESIAN_POINT('',(-23.9665271981739,3.01974481924396,12.7752589420377));
#4792=CARTESIAN_POINT('',(-23.4058907127053,5.97306995263399,12.6761656762791));
#4793=CARTESIAN_POINT('',(-22.4827843507882,8.83389452903502,12.5770724105205));
#4794=CARTESIAN_POINT('',(-21.2115035841508,11.5579150547891,12.4779791447619));
#4795=CARTESIAN_POINT('',(-19.6117358063671,14.1029466203138,12.3788858790033));
#4796=CARTESIAN_POINT('',(-17.7082554486211,16.4295761868815,12.2797926132448));
#4797=CARTESIAN_POINT('',(-15.5305403162465,18.5017729474665,12.1806993474862));
#4798=CARTESIAN_POINT('',(-13.1123150875589,20.287446309448,12.0816060817276));
#4799=CARTESIAN_POINT('',(-10.4910290444772,21.7589428581008,11.982512815969));
#4800=CARTESIAN_POINT('',(-7.70727612293985,22.8934746047629,11.8834195502104));
#4801=CARTESIAN_POINT('',(-4.80416626436786,23.6734718877158,11.7843262844519));
#4802=CARTESIAN_POINT('',(-1.82665780359536,24.08685546066,11.6852330186933));
#4803=CARTESIAN_POINT('',(1.1791387679143,24.1272235551495,11.5861397529347));
#4804=CARTESIAN_POINT('',(4.16667488145772,23.7939510200889,11.4870464871761));
#4805=CARTESIAN_POINT('',(7.08968475466188,23.0921990029897,11.3879532214175));
#4806=CARTESIAN_POINT('',(9.90290187574978,22.0328350230612,11.2888599556589));
#4807=CARTESIAN_POINT('',(12.5627600128348,20.6322646739053,11.1897666899004));
#4808=CARTESIAN_POINT('',(15.0280678922262,18.9121775621106,11.0906734241418));
#4809=CARTESIAN_POINT('',(17.2606470974982,16.8992114162107,10.9915801583832));
#4810=CARTESIAN_POINT('',(19.2259233106455,14.624539567704,10.8924868926246));
#4811=CARTESIAN_POINT('',(20.8934617392088,12.1233881925136,10.793393626866));
#4812=CARTESIAN_POINT('',(22.2374384376014,9.4344907890172,10.6943003611074));
#4813=CARTESIAN_POINT('',(23.2370402236292,6.59948834074279,10.5952070953489));
#4814=CARTESIAN_POINT('',(23.8767869969908,3.66228445297379,10.4961138295903));
#4815=CARTESIAN_POINT('',(24.1467714682458,0.668365449788656,10.3970205638317));
#4816=CARTESIAN_POINT('',(24.0428125857463,-2.33590403930538,10.2979272980731));
#4817=CARTESIAN_POINT('',(23.566520284519,-5.30399909441119,10.1988340323145));
#4818=CARTESIAN_POINT('',(22.7252705543822,-8.18995500258036,10.099740766556));
#4819=CARTESIAN_POINT('',(21.5320912133961,-10.9490790796374,10.0006475007974));
#4820=CARTESIAN_POINT('',(20.0054601555924,-13.5386427930264,9.90155423503879));
#4821=CARTESIAN_POINT('',(18.1690191973711,-15.9185434672812,9.80246096928021));
#4822=CARTESIAN_POINT('',(16.0512079540153,-18.0519253247712,9.70336770352163));
#4823=CARTESIAN_POINT('',(13.6848234162119,-19.9057502441194,9.60427443776305));
#4824=CARTESIAN_POINT('',(11.1065120470916,-21.4513093973765,9.50518117200447));
#4825=CARTESIAN_POINT('',(8.35620226531113,-22.6646678425997,9.40608790624589));
#4826=CARTESIAN_POINT('',(5.47648610289502,-23.5270351867582,9.30699464048731));
#4827=CARTESIAN_POINT('',(2.51195961364909,-24.0250565787795,9.20790137472872));
#4828=CARTESIAN_POINT('',(-0.491467753242505,-24.1510195263406,9.10880810897015));
#4829=CARTESIAN_POINT('',(-3.48728411921203,-23.9029733335845,9.00971484321156));
#4830=CARTESIAN_POINT('',(-6.42909547168532,-23.2847593101178,8.91062157745298));
#4831=CARTESIAN_POINT('',(-9.2713441341546,-22.3059512834633,8.8115283116944));
#4832=CARTESIAN_POINT('',(-11.9700142845276,-20.9817073362099,8.71243504593582));
#4833=CARTESIAN_POINT('',(-14.4833135959074,-19.3325350638959,8.61334178017724));
#4834=CARTESIAN_POINT('',(-16.7723204437314,-17.3839739889058,8.51424851441866));
#4835=CARTESIAN_POINT('',(-18.8015866564471,-15.1662000486039,8.41515524866008));
#4836=CARTESIAN_POINT('',(-20.539686475367,-12.7135582827069,8.3160619829015));
#4837=CARTESIAN_POINT('',(-21.959703222363,-10.0640309568236,8.21696871714292));
#4838=CARTESIAN_POINT('',(-23.0396461387342,-7.25864935894222,8.11787545138434));
#4839=CARTESIAN_POINT('',(-23.7627909399716,-4.34085837794393,8.01878218562576));
#4840=CARTESIAN_POINT('',(-24.1179388124954,-1.35584370444675,7.91968891986718));
#4841=CARTESIAN_POINT('',(-24.0995898414743,1.65016792687041,7.82059565410859));
#4842=CARTESIAN_POINT('',(-23.7080281839752,4.63062461683057,7.72150238835001));
#4843=CARTESIAN_POINT('',(-22.9493176684319,7.53937021690555,7.62240912259143));
#4844=CARTESIAN_POINT('',(-21.835207888577,10.3313591156627,7.52331585683285));
#4845=CARTESIAN_POINT('',(-20.3829522460952,12.9633538271376,7.42422259107427));
#4846=CARTESIAN_POINT('',(-18.6150407598355,15.3945945780922,7.32512932531569));
#4847=CARTESIAN_POINT('',(-16.5588517793705,17.5874305247526,7.22603605955711));
#4848=CARTESIAN_POINT('',(-14.2462279965616,19.5079028238339,7.12694279379853));
#4849=CARTESIAN_POINT('',(-11.7129833211257,21.1262705282592,7.02784952803995));
#4850=CARTESIAN_POINT('',(-8.99834825686138,22.4174711634118,6.92875626228137));
#4851=CARTESIAN_POINT('',(-6.14436236758733,23.3615088513122,6.82966299652279));
#4852=CARTESIAN_POINT('',(-3.19522324122564,23.9437639721263,6.7305697307642));
#4853=CARTESIAN_POINT('',(-0.196602034148112,24.155219567504,6.63147646500563));
#4854=CARTESIAN_POINT('',(2.80506380455236,23.9926009796052,6.53238319924704));
#4855=CARTESIAN_POINT('',(5.76328967580421,23.4584265633254,6.43328993348846));
#4856=CARTESIAN_POINT('',(8.63226370347675,22.5609686863796,6.33419666772988));
#4857=CARTESIAN_POINT('',(11.3675561893325,21.3141256212055,6.2351034019713));
#4858=CARTESIAN_POINT('',(13.9268076632036,19.737206312604,6.13601013621272));
#4859=CARTESIAN_POINT('',(16.270384873063,17.8546313542612,6.03691687045414));
#4860=CARTESIAN_POINT('',(18.3619945561533,15.6955548049108,5.93782360469556));
#4861=CARTESIAN_POINT('',(20.1692454861498,13.2934127007924,5.83873033893698));
#4862=CARTESIAN_POINT('',(21.6641500923444,10.6854052562613,5.73963707317839));
#4863=CARTESIAN_POINT('',(22.8235578826426,7.91192077133131,5.64054380741981));
#4864=CARTESIAN_POINT('',(23.6295139582687,5.01591016767099,5.54145054166123));
#4865=CARTESIAN_POINT('',(24.0695370681248,2.04222183915635,5.44235727590265));
#4866=CARTESIAN_POINT('',(24.1368128967797,-0.963092882337963,5.34326401014407));
#4867=CARTESIAN_POINT('',(23.8302995927782,-3.95349289016663,5.24417074438549));
#4868=CARTESIAN_POINT('',(23.1547439030308,-6.88266805092463,5.14507747862691));
#4869=CARTESIAN_POINT('',(22.1206076634234,-9.70525637554484,5.04598421286832));
#4870=CARTESIAN_POINT('',(20.7439057840315,-12.3775465071792,4.94689094710975));
#4871=CARTESIAN_POINT('',(19.0459582379446,-14.8581546469484,4.84779768135117));
#4872=CARTESIAN_POINT('',(17.053059894467,-17.1086654345066,4.74870441559258));
#4873=CARTESIAN_POINT('',(14.7960733097478,-19.0942268585751,4.64961114983401));
#4874=CARTESIAN_POINT('',(12.3099507809905,-20.784089984499,4.55051788407542));
#4875=CARTESIAN_POINT('',(9.63319306584196,-22.1520851404642,4.45142461831684));
#4876=CARTESIAN_POINT('',(6.80725314937329,-23.1770271880263,4.35233135255826));
#4877=CARTESIAN_POINT('',(3.87589429207931,-23.8430436008239,4.25323808679968));
#4878=CARTESIAN_POINT('',(0.884512300335068,-24.1398202707625,4.1541448210411));
#4879=CARTESIAN_POINT('',(-2.12056748518916,-24.0627612350478,4.05505155528252));
#4880=CARTESIAN_POINT('',(-5.09280759612926,-23.6130598504931,3.95595828952394));
#4881=CARTESIAN_POINT('',(-7.98617912809483,-22.7976803128771,3.85686502376536));
#4882=CARTESIAN_POINT('',(-10.7558745565791,-21.6292498075475,3.75777175800678));
#4883=CARTESIAN_POINT('',(-13.359001638254,-20.1258629614555,3.6586784922482));
#4884=CARTESIAN_POINT('',(-15.7552476517086,-18.3108016249287,3.55958522648961));
#4885=CARTESIAN_POINT('',(-17.9075036910227,-16.2121743227172,3.46049196073103));
#4886=CARTESIAN_POINT('',(-19.7824393441974,-13.8624809578702,3.36139869497246));
#4887=CARTESIAN_POINT('',(-21.3510188568196,-11.298109509555,3.26230542921387));
#4888=CARTESIAN_POINT('',(-22.5889507875114,-8.55877251909091,3.16321216345529));
#4889=CARTESIAN_POINT('',(-23.477064191682,-5.68689209092468,3.06411889769671));
#4890=CARTESIAN_POINT('',(-24.0016055078929,-2.72694293258758,2.96502563193813));
#4891=CARTESIAN_POINT('',(-24.1544515491991,0.275236392502765,2.86593236617955));
#4892=CARTESIAN_POINT('',(-23.9332353009401,3.27315333329773,2.76683910042097));
#4893=CARTESIAN_POINT('',(-23.3413825771534,6.22038134712153,2.66774583466239));
#4894=CARTESIAN_POINT('',(-22.3880589667883,9.0712788737461,2.5686525689038));
#4895=CARTESIAN_POINT('',(-21.0880278956136,11.7816961519193,2.46955930314523));
#4896=CARTESIAN_POINT('',(-19.4614219859088,14.3096589375966,2.37046603738665));
#4897=CARTESIAN_POINT('',(-17.5334313144454,16.616018516227,2.27137277162806));
#4898=CARTESIAN_POINT('',(-15.3339131735873,18.665058015253,2.17227950586948));
#4899=CARTESIAN_POINT('',(-12.896930210701,20.4250453570217,2.0731862401109));
#4900=CARTESIAN_POINT('',(-10.2602209938759,21.8687252976439,1.9740929743523));
#4901=CARTESIAN_POINT('',(-8.39648885732577,22.6054012108092,1.9080307971799));
#4902=CARTESIAN_POINT('',(-7.44535406626873,22.914443638196,1.87499970859368));
#4903=CARTESIAN_POINT('',(-11.2819399680376,23.2025393127044,21.));
#4904=CARTESIAN_POINT('',(-11.281939964045,23.2025393146458,21.));
#4905=CARTESIAN_POINT('',(-10.8423745830291,23.387980596393,21.));
#4906=CARTESIAN_POINT('',(-10.3573750148359,23.5768825098637,21.));
#4907=CARTESIAN_POINT('',(-9.45816339205406,23.8960254143651,21.));
#4908=CARTESIAN_POINT('',(-8.55011191948596,24.1900852739689,21.));
#4909=CARTESIAN_POINT('',(-7.54408094059646,24.457520034842,21.));
#4910=CARTESIAN_POINT('',(-6.61376646516071,24.669644412834,21.));
#4911=CARTESIAN_POINT('',(-5.67771711273193,24.8556260702182,21.));
#4912=CARTESIAN_POINT('',(-4.64799938833009,25.0086664226632,21.));
#4913=CARTESIAN_POINT('',(-3.70398276446414,25.1096579948248,21.0000000000001));
#4914=CARTESIAN_POINT('',(-2.76714247210513,25.1834715051568,21.0000000000001));
#4915=CARTESIAN_POINT('',(-1.97706272360132,25.2117101868003,21.0000000000001));
#4916=CARTESIAN_POINT('',(-1.19297361811093,25.214821779038,21.0000000000001));
#4917=CARTESIAN_POINT('',(-0.585952949571904,25.2057926797473,21.0000000000001));
#4918=CARTESIAN_POINT('',(0.545591255770665,25.1524949462311,21.0000000000001));
#4919=CARTESIAN_POINT('',(1.45272202138711,25.0616978652929,21.0000000000001));
#4920=CARTESIAN_POINT('',(2.61180393254119,24.9019405005675,21.0000000000001));
#4921=CARTESIAN_POINT('',(3.40981389381344,24.763644225655,21.0000000000001));
#4922=CARTESIAN_POINT('',(4.34989061682084,24.5548181474637,21.0000000000001));
#4923=CARTESIAN_POINT('',(5.1479943161551,24.3565382152694,21.0000000000001));
#4924=CARTESIAN_POINT('',(5.89801106748834,24.1415689296847,21.0000000000001));
#4925=CARTESIAN_POINT('',(6.84270772910388,23.83340655777,21.0000000000001));
#4926=CARTESIAN_POINT('',(7.75253049471603,23.5005235225949,21.0000000000001));
#4927=CARTESIAN_POINT('',(8.79557485881663,23.0619078685463,21.0000000000001));
#4928=CARTESIAN_POINT('',(9.84162932179949,22.565781768875,21.0000000000001));
#4929=CARTESIAN_POINT('',(10.9080342502479,21.9968380017988,21.0000000000001));
#4930=CARTESIAN_POINT('',(11.9286555798311,21.3815610042977,21.0000000000001));
#4931=CARTESIAN_POINT('',(12.874166998381,20.748820053703,21.0000000000002));
#4932=CARTESIAN_POINT('',(13.8134729940961,20.0595986753861,21.0000000000002));
#4933=CARTESIAN_POINT('',(14.4833769247026,19.5131939660041,21.0000000000002));
#4934=CARTESIAN_POINT('',(15.0995390167317,18.9782874897052,21.0000000000002));
#4935=CARTESIAN_POINT('',(15.5344344285884,18.5836863922916,21.0000000000002));
#4936=CARTESIAN_POINT('',(16.0436274474498,18.0888030452902,21.0000000000002));
#4937=CARTESIAN_POINT('',(16.3676116749258,17.7582694646971,21.0000000000002));
#4938=CARTESIAN_POINT('',(16.682922412402,17.4272384223039,21.0000000000002));
#4939=CARTESIAN_POINT('',(16.8855842024928,17.206363963367,21.0000000000002));
#4940=CARTESIAN_POINT('',(17.036792527756,17.036805005234,21.0000000000002));
#4941=CARTESIAN_POINT('',(2.10271844104383,26.7173833890539,20.));
#4942=CARTESIAN_POINT('',(2.10271844204877,26.7173833889748,20.));
#4943=CARTESIAN_POINT('',(1.31002263078388,26.7240429936899,20.0555555555556));
#4944=CARTESIAN_POINT('',(-0.271045723412576,26.6667609462511,20.1666666666667));
#4945=CARTESIAN_POINT('',(-2.61102153309634,26.3723154881447,20.3333333333333));
#4946=CARTESIAN_POINT('',(-4.90118780511263,25.874260782015,20.5));
#4947=CARTESIAN_POINT('',(-7.12398287003606,25.179081362882,20.6666666666667));
#4948=CARTESIAN_POINT('',(-9.26259953872843,24.2947622594717,20.8333333333333));
#4949=CARTESIAN_POINT('',(-10.6216074173632,23.5853924741306,20.9444444444444));
#4950=CARTESIAN_POINT('',(-11.2819399680376,23.2025393127044,21.));
#4951=CARTESIAN_POINT('',(-25.9316584629335,6.76676358104578,16.1093757649416));
#4952=CARTESIAN_POINT('',(-25.9316584629335,6.76676358104577,16.1093757649416));
#4953=CARTESIAN_POINT('',(-26.2073534750799,5.71024242299318,16.1417976335671));
#4954=CARTESIAN_POINT('',(-26.6294454546673,3.56346514989769,16.206641370818));
#4955=CARTESIAN_POINT('',(-26.8652467473812,0.290125175270957,16.3039069766945));
#4956=CARTESIAN_POINT('',(-26.7001917691222,-2.98754277676033,16.401172582571));
#4957=CARTESIAN_POINT('',(-26.1367436263682,-6.22063390151037,16.4984381884474));
#4958=CARTESIAN_POINT('',(-25.1833094353275,-9.36090695424407,16.5957037943239));
#4959=CARTESIAN_POINT('',(-23.8541153990339,-12.3615060483081,16.6929694002003));
#4960=CARTESIAN_POINT('',(-22.1689943991275,-15.177659257722,16.7902350060768));
#4961=CARTESIAN_POINT('',(-20.1530901069753,-17.7673468014904,16.8875006119533));
#4962=CARTESIAN_POINT('',(-17.8364818052644,-20.091927981933,16.9847662178297));
#4963=CARTESIAN_POINT('',(-15.2537355780741,-22.1167177523233,17.0820318237062));
#4964=CARTESIAN_POINT('',(-12.4433885500427,-23.8115042492934,17.1792974295826));
#4965=CARTESIAN_POINT('',(-9.44737387459735,-25.1509995844122,17.2765630354591));
#4966=CARTESIAN_POINT('',(-6.31039504983647,-26.1152171642609,17.3738286413356));
#4967=CARTESIAN_POINT('',(-3.07925889819846,-26.6897699101993,17.471094247212));
#4968=CARTESIAN_POINT('',(0.197822837563495,-26.8660849277756,17.5683598530885));
#4969=CARTESIAN_POINT('',(3.47195286120074,-26.6415314227826,17.6656254589649));
#4970=CARTESIAN_POINT('',(6.69427791892496,-26.0194599553047,17.7628910648414));
#4971=CARTESIAN_POINT('',(9.81671773820666,-25.0091524460525,17.8601566707179));
#4972=CARTESIAN_POINT('',(12.7926824329299,-23.6256836809376,17.9574222765943));
#4973=CARTESIAN_POINT('',(15.5777676705095,-21.8896963803782,18.0546878824708));
#4974=CARTESIAN_POINT('',(18.1304172283914,-19.8270931895213,18.1519534883472));
#4975=CARTESIAN_POINT('',(20.4125430539375,-17.4686501851935,18.2492190942237));
#4976=CARTESIAN_POINT('',(22.3900935757908,-14.8495576664372,18.3464847001002));
#4977=CARTESIAN_POINT('',(24.0335617869522,-12.0088950804919,18.4437503059766));
#4978=CARTESIAN_POINT('',(25.318425518469,-8.98904791884276,18.5410159118531));
#4979=CARTESIAN_POINT('',(26.2255133344158,-5.83507528382383,18.6382815177296));
#4980=CARTESIAN_POINT('',(26.7412905886543,-2.59403756230659,18.735547123606));
#4981=CARTESIAN_POINT('',(26.8580613751221,0.68570576175324,18.8328127294825));
#4982=CARTESIAN_POINT('',(26.5740833583492,3.95521767858101,18.9300783353589));
#4983=CARTESIAN_POINT('',(25.8935937708378,7.16571384110255,19.0273439412354));
#4984=CARTESIAN_POINT('',(24.8267461893147,10.2692904755908,19.1246095471119));
#4985=CARTESIAN_POINT('',(23.3894590335407,13.2196391532679,19.2218751529883));
#4986=CARTESIAN_POINT('',(21.6031780470064,15.9727377578611,19.3191407588648));
#4987=CARTESIAN_POINT('',(19.4945563080907,18.4875073388346,19.4164063647412));
#4988=CARTESIAN_POINT('',(17.0950565292318,20.7264250507375,19.5136719706177));
#4989=CARTESIAN_POINT('',(14.4404816416475,22.6560840280124,19.6109375764942));
#4990=CARTESIAN_POINT('',(11.5704404329522,24.2476918600179,19.7082031823706));
#4991=CARTESIAN_POINT('',(8.52775709460661,25.4775001589715,19.8054687882471));
#4992=CARTESIAN_POINT('',(5.35783019124161,26.3271590708047,19.9027343941235));
#4993=CARTESIAN_POINT('',(3.19125201396154,26.6317133373075,19.9675781313745));
#4994=CARTESIAN_POINT('',(2.10271844104384,26.7173833890539,20.));
#4995=CARTESIAN_POINT('',(-25.1435252551413,-9.27594403519513,11.5937506556642));
#4996=CARTESIAN_POINT('',(-25.1435252551413,-9.27594403519513,11.5937506556642));
#4997=CARTESIAN_POINT('',(-24.7702177249714,-10.2878375176426,11.6257763656591));
#4998=CARTESIAN_POINT('',(-23.9012856876443,-12.2664946200213,11.6898277856488));
#4999=CARTESIAN_POINT('',(-22.2499070970653,-15.0558954508066,11.7859049156335));
#5000=CARTESIAN_POINT('',(-20.2745919814688,-17.6260963004216,11.8819820456181));
#5001=CARTESIAN_POINT('',(-18.0040985775088,-19.9396786912762,11.9780591756027));
#5002=CARTESIAN_POINT('',(-15.4714831568334,-21.9629588273215,12.0741363055873));
#5003=CARTESIAN_POINT('',(-12.7136180893639,-23.6664798126543,12.170213435572));
#5004=CARTESIAN_POINT('',(-9.77065519717349,-25.025440028599,12.2662905655566));
#5005=CARTESIAN_POINT('',(-6.68544113519791,-26.0200543513318,12.3623676955412));
#5006=CARTESIAN_POINT('',(-3.50289359879324,-26.6358421689769,12.4584448255258));
#5007=CARTESIAN_POINT('',(-0.269347362635659,-26.8638382144904,12.5545219555105));
#5008=CARTESIAN_POINT('',(2.9681203072879,-26.7007230886594,12.6505990854951));
#5009=CARTESIAN_POINT('',(6.16237505280829,-26.148871587975,12.7466762154797));
#5010=CARTESIAN_POINT('',(9.26691165359465,-25.2163181297415,12.8427533454643));
#5011=CARTESIAN_POINT('',(12.2365310976285,-23.9166397788785,12.938830475449));
#5012=CARTESIAN_POINT('',(15.0279986345414,-22.2687585791414,13.0349076054336));
#5013=CARTESIAN_POINT('',(17.6006732312335,-20.2966660667018,13.1309847354182));
#5014=CARTESIAN_POINT('',(19.9170992655072,-18.0290739768796,13.2270618654028));
#5015=CARTESIAN_POINT('',(21.9435518432387,-15.4989962294001,13.3231389953875));
#5016=CARTESIAN_POINT('',(23.650527799803,-12.74326827806,13.4192161253721));
#5017=CARTESIAN_POINT('',(25.0131752372523,-9.80201082260013,13.5152932553567));
#5018=CARTESIAN_POINT('',(26.0116553436083,-6.71804569061551,13.6113703853413));
#5019=CARTESIAN_POINT('',(26.6314312265318,-3.53627239368942,13.707447515326));
#5020=CARTESIAN_POINT('',(26.8634795562369,-0.303014434483791,13.8035246453106));
#5021=CARTESIAN_POINT('',(26.704421936334,2.93465511808582,13.8996017752952));
#5022=CARTESIAN_POINT('',(26.1565740899722,6.12959896662562,13.9956789052798));
#5023=CARTESIAN_POINT('',(25.2279121451786,9.23530185814273,14.0917560352645));
#5024=CARTESIAN_POINT('',(23.9319565102465,12.2065478005672,14.1878331652491));
#5025=CARTESIAN_POINT('',(22.2875750298345,15.0000783633073,14.2839102952337));
#5026=CARTESIAN_POINT('',(20.3187082876284,17.575222477628,14.3799874252183));
#5027=CARTESIAN_POINT('',(18.0540210548934,19.8944885675739,14.476064555203));
#5028=CARTESIAN_POINT('',(15.5264849594809,21.9241103905923,14.5721416851876));
#5029=CARTESIAN_POINT('',(12.7728984512229,23.6345386409511,14.6682188151722));
#5030=CARTESIAN_POINT('',(9.83335105254667,25.0008711586865,14.7642959451568));
#5031=CARTESIAN_POINT('',(6.75063969429529,26.0032154806605,14.8603730751415));
#5032=CARTESIAN_POINT('',(3.56964563433476,26.6269784553402,14.9564502051261));
#5033=CARTESIAN_POINT('',(0.336681030399446,26.8630787047869,15.0525273351107));
#5034=CARTESIAN_POINT('',(-2.9011853195583,26.7080788406365,15.1486044650953));
#5035=CARTESIAN_POINT('',(-6.09681325297554,26.1642355090581,15.24468159508));
#5036=CARTESIAN_POINT('',(-9.20367755722351,25.2394665363814,15.3407587250646));
#5037=CARTESIAN_POINT('',(-12.1765453313129,23.947235652608,15.4368358550492));
#5038=CARTESIAN_POINT('',(-14.972134531952,22.3063564752763,15.5329129850338));
#5039=CARTESIAN_POINT('',(-17.5497441202208,20.3407185919666,15.6289901150185));
#5040=CARTESIAN_POINT('',(-19.8718466194314,18.0789397873266,15.7250672450031));
#5041=CARTESIAN_POINT('',(-21.9046345135108,15.5539492617241,15.8211443749877));
#5042=CARTESIAN_POINT('',(-23.6185123203993,12.8025087160606,15.9172215049723));
#5043=CARTESIAN_POINT('',(-24.988527961885,9.86467526497916,16.013298634957));
#5044=CARTESIAN_POINT('',(-25.6593321325784,7.81037524334964,16.0773500549467));
#5045=CARTESIAN_POINT('',(-25.9316584629335,6.7667635810458,16.1093757649416));
#5046=CARTESIAN_POINT('',(-15.3239143148343,-21.9867607907944,7.07812554638685));
#5047=CARTESIAN_POINT('',(-15.3239143148343,-21.9867607907944,7.07812554638685));
#5048=CARTESIAN_POINT('',(-14.439063852595,-22.6034670347844,7.11015125638172));
#5049=CARTESIAN_POINT('',(-12.5948186009735,-23.7299155538736,7.17420267637147));
#5050=CARTESIAN_POINT('',(-9.64507959475033,-25.0741060312145,7.2702798063561));
#5051=CARTESIAN_POINT('',(-6.55491845577733,-26.0532415419825,7.36635693634072));
#5052=CARTESIAN_POINT('',(-3.36932391593741,-26.6530675204465,7.46243406632534));
#5053=CARTESIAN_POINT('',(-0.134675376044412,-26.864850903474,7.55851119630997));
#5054=CARTESIAN_POINT('',(3.10193392039219,-26.6855083818632,7.6545883262946));
#5055=CARTESIAN_POINT('',(6.29338209327207,-26.1176509938229,7.75066545627922));
#5056=CARTESIAN_POINT('',(9.39320478830629,-25.1695461902553,7.84674258626384));
#5057=CARTESIAN_POINT('',(12.356271621962,-23.8549974474828,7.94281971624847));
#5058=CARTESIAN_POINT('',(15.1394432438255,-22.1931433078566,8.03889684623309));
#5059=CARTESIAN_POINT('',(17.7021994010961,-20.2081787397983,8.13497397621772));
#5060=CARTESIAN_POINT('',(20.0072288743653,-17.9290028831679,8.23105110620234));
#5061=CARTESIAN_POINT('',(22.0209726922677,-15.3887983059841,8.32712823618697));
#5062=CARTESIAN_POINT('',(23.7141127172749,-12.6245478987663,8.42320536617159));
#5063=CARTESIAN_POINT('',(25.0619984890501,-9.67649643986469,8.51928249615622));
#5064=CARTESIAN_POINT('',(26.045006111008,-6.5875646709099,8.61535962614084));
#5065=CARTESIAN_POINT('',(26.6488239550271,-3.40272441285462,8.71143675612547));
#5066=CARTESIAN_POINT('',(26.864661024737,-0.16834382031074,8.80751388611009));
#5067=CARTESIAN_POINT('',(26.6893749438149,3.0684876933644,8.90359101609472));
#5068=CARTESIAN_POINT('',(26.1255177059064,6.26064503180244,8.99966814607934));
#5069=CARTESIAN_POINT('',(25.1812985200984,9.36165351086821,9.09574527606397));
#5070=CARTESIAN_POINT('',(23.8704642928753,12.3263654845388,9.19182240604859));
#5071=CARTESIAN_POINT('',(22.2120994866255,15.1116176504078,9.28789953603322));
#5072=CARTESIAN_POINT('',(20.2303482685626,17.6768594650896,9.38397666601784));
#5073=CARTESIAN_POINT('',(17.9540629952999,19.9847435204124,9.48005379600247));
#5074=CARTESIAN_POINT('',(15.4163841507987,22.0016692850989,9.57613092598709));
#5075=CARTESIAN_POINT('',(12.6542578533829,23.6982722955907,9.67220805597172));
#5076=CARTESIAN_POINT('',(9.70789795644503,25.0498516738745,9.76828518595634));
#5077=CARTESIAN_POINT('',(6.62020057413025,26.0367297480722,9.86436231594097));
#5078=CARTESIAN_POINT('',(3.43611955593092,26.6445385400688,9.96043944592559));
#5079=CARTESIAN_POINT('',(0.202012002670277,26.8644289492005,10.0565165759102));
#5080=CARTESIAN_POINT('',(-3.03503664747885,26.6931995864925,10.1525937058948));
#5081=CARTESIAN_POINT('',(-6.22789813685373,26.1333433837471,10.2486708358795));
#5082=CARTESIAN_POINT('',(-9.33008752957121,25.1930112988979,10.3447479658641));
#5083=CARTESIAN_POINT('',(-12.2964399866626,23.8858936460473,10.4408250958487));
#5084=CARTESIAN_POINT('',(-15.0837683218887,22.2310207778993,10.5369022258333));
#5085=CARTESIAN_POINT('',(-17.651491764875,20.252486022477,10.632979355818));
#5086=CARTESIAN_POINT('',(-19.962226777361,17.979094907818,10.7290564858026));
#5087=CARTESIAN_POINT('',(-21.982331320967,15.4439457818813,10.8251336157872));
#5088=CARTESIAN_POINT('',(-23.682394652073,12.6839479323483,10.9212107457718));
#5089=CARTESIAN_POINT('',(-25.0376655143623,9.73928422605519,11.0172878757565));
#5090=CARTESIAN_POINT('',(-26.0284124894179,6.65282607645139,11.1133650057411));
#5091=CARTESIAN_POINT('',(-26.6402112797328,3.46950931273969,11.2094421357257));
#5092=CARTESIAN_POINT('',(-26.8641546642643,0.235679827868411,11.3055192657103));
#5093=CARTESIAN_POINT('',(-26.6969823583165,-3.00158068580516,11.401596395695));
#5094=CARTESIAN_POINT('',(-26.1411278103078,-6.19514201536597,11.4976735256796));
#5095=CARTESIAN_POINT('',(-25.5168327853112,-8.2640505527477,11.5617249456693));
#5096=CARTESIAN_POINT('',(-25.1435252551413,-9.27594403519515,11.5937506556642));
#5097=CARTESIAN_POINT('',(-3.28205342171491E-15,-26.8,2.56250043710948));
#5098=CARTESIAN_POINT('',(0.,-26.8,2.56250043710948));
#5099=CARTESIAN_POINT('',(1.07855780183601,-26.8,2.59452614710435));
#5100=CARTESIAN_POINT('',(3.23566898741647,-26.6696230567526,2.6585775670941));
#5101=CARTESIAN_POINT('',(6.42423113751697,-26.0857740530239,2.75465469707873));
#5102=CARTESIAN_POINT('',(9.51926182547327,-25.1221417300528,2.85073182706335));
#5103=CARTESIAN_POINT('',(12.4757016397163,-23.7927556305857,2.94680895704798));
#5104=CARTESIAN_POINT('',(15.2505073898559,-22.1169703140993,3.0428860870326));
#5105=CARTESIAN_POINT('',(17.8032807085067,-20.1191835733731,3.13896321701723));
#5106=CARTESIAN_POINT('',(20.0968556934304,-17.8284812265233,3.23504034700185));
#5107=CARTESIAN_POINT('',(22.0978401456035,-15.2782136559812,3.33111747698648));
#5108=CARTESIAN_POINT('',(23.7771016897007,-12.5055102595914,3.4271946069711));
#5109=CARTESIAN_POINT('',(25.1101919229192,-9.5507388829471,3.52327173695573));
#5110=CARTESIAN_POINT('',(26.0777023571034,-6.45691810309899,3.61934886694035));
#5111=CARTESIAN_POINT('',(26.6655469880384,-3.26909092020965,3.71542599692498));
#5112=CARTESIAN_POINT('',(26.8651673736819,-0.0336689755908403,3.8115031269096));
#5113=CARTESIAN_POINT('',(26.6736572367491,3.20224315633387,3.90758025689423));
#5114=CARTESIAN_POINT('',(26.0938047772493,6.39153376449388,4.00365738687885));
#5115=CARTESIAN_POINT('',(25.1340520790285,9.48776990153889,4.09973451686348));
#5116=CARTESIAN_POINT('',(23.8083722012966,12.4458734020714,4.1958116468481));
#5117=CARTESIAN_POINT('',(22.1360657445725,15.2227771765807,4.29188877683273));
#5118=CARTESIAN_POINT('',(20.1414798528447,17.7780522260824,4.38796590681735));
#5119=CARTESIAN_POINT('',(17.8536537430034,20.0744962487432,4.48404303680198));
#5120=CARTESIAN_POINT('',(15.3058959222863,22.0786752689558,4.5801201667866));
#5121=CARTESIAN_POINT('',(12.5352992490388,23.7614104032759,4.67619729677123));
#5122=CARTESIAN_POINT('',(9.58220089702877,25.0982026763839,4.77227442675585));
#5123=CARTESIAN_POINT('',(6.48959508570686,26.0695897021689,4.86835155674048));
#5124=CARTESIAN_POINT('',(3.30250712648398,26.6614290370075,4.9644286867251));
#5125=CARTESIAN_POINT('',(0.0673378982993984,26.8651040798899,5.06050581670973));
#5126=CARTESIAN_POINT('',(-3.16881170372707,26.6776495216911,5.15658294669435));
#5127=CARTESIAN_POINT('',(-6.35882651119275,26.1017945171671,5.25266007667898));
#5128=CARTESIAN_POINT('',(-9.4562630331148,25.1459229511348,5.3487372066636));
#5129=CARTESIAN_POINT('',(-12.4160256276676,23.8239513773212,5.44481433664823));
#5130=CARTESIAN_POINT('',(-15.1950230505568,22.155126406972,5.54089146663285));
#5131=CARTESIAN_POINT('',(-17.7527958213282,20.1637444970446,5.63696859661748));
#5132=CARTESIAN_POINT('',(-20.0521052737732,17.8787982175923,5.7330457266021));
#5133=CARTESIAN_POINT('',(-22.0594757144336,15.3335541483431,5.82912285658673));
#5134=CARTESIAN_POINT('',(-23.7456817959099,12.5650685498836,5.92519998657135));
#5135=CARTESIAN_POINT('',(-25.0861740092896,9.61364786079916,6.02127711655597));
#5136=CARTESIAN_POINT('',(-26.0614361009627,6.52226187541647,6.1173542465406));
#5137=CARTESIAN_POINT('',(-26.6572692101158,3.3359181456573,6.21343137652522));
#5138=CARTESIAN_POINT('',(-26.864998590395,0.101006715277114,6.30950850650985));
#5139=CARTESIAN_POINT('',(-26.6815999051285,-3.13537527414249,6.40558563649447));
#5140=CARTESIAN_POINT('',(-26.1097432608991,-6.32610926991541,6.5016627664791));
#5141=CARTESIAN_POINT('',(-25.1577543252237,-9.42474131392923,6.59773989646372));
#5142=CARTESIAN_POINT('',(-23.8394931435318,-12.3861583454874,6.69381702644834));
#5143=CARTESIAN_POINT('',(-22.1741522364954,-15.1672450827268,6.78989415643297));
#5144=CARTESIAN_POINT('',(-20.1859776011204,-17.7275114424085,6.88597128641759));
#5145=CARTESIAN_POINT('',(-17.9039141251913,-20.0296831423559,6.98204841640222));
#5146=CARTESIAN_POINT('',(-16.2087647770737,-21.3700545468045,7.04609983639197));
#5147=CARTESIAN_POINT('',(-15.3239143148343,-21.9867607907944,7.07812554638685));
#5148=CARTESIAN_POINT('',(-15.3239143148343,-21.9867607907944,2.07812554638685));
#5149=CARTESIAN_POINT('',(-15.3239143148343,-21.9867607907944,2.07812554638685));
#5150=CARTESIAN_POINT('',(-14.5804155827538,-22.50495039462,2.10503526253811));
#5151=CARTESIAN_POINT('',(-13.0408056295049,-23.4658379409284,2.15885469484062));
#5152=CARTESIAN_POINT('',(-10.597294547924,-24.6658774870062,2.23958384329439));
#5153=CARTESIAN_POINT('',(-8.04481475993906,-25.6122845139808,2.32031299174817));
#5154=CARTESIAN_POINT('',(-5.40961242001076,-26.2953276725111,2.40104214020193));
#5155=CARTESIAN_POINT('',(-2.71878418050016,-26.7079833442419,2.48177128865571));
#5156=CARTESIAN_POINT('',(-0.906262009640864,-26.8,2.53559072095822));
#5157=CARTESIAN_POINT('',(-6.56410684342981E-15,-26.8,2.56250043710948));
#5158=CARTESIAN_POINT('',(-8.28165544924862,25.4883146367101,0.312500437109478));
#5159=CARTESIAN_POINT('',(-8.28165544924863,25.4883146367101,0.312500437109479));
#5160=CARTESIAN_POINT('',(-9.27379925272674,25.1659475734646,0.343476316219609));
#5161=CARTESIAN_POINT('',(-11.2203956674003,24.4052239861799,0.405428074439867));
#5162=CARTESIAN_POINT('',(-13.9874576897548,22.9317088096551,0.498355711770255));
#5163=CARTESIAN_POINT('',(-16.5639927416311,21.1458360836465,0.591283349100643));
#5164=CARTESIAN_POINT('',(-18.9149062472646,19.0719312544588,0.684210986431031));
#5165=CARTESIAN_POINT('',(-21.0081756423497,16.7382435156189,0.777138623761419));
#5166=CARTESIAN_POINT('',(-22.8152881183381,14.1765605132429,0.870066261091806));
#5167=CARTESIAN_POINT('',(-24.3116285841524,11.4217754952296,0.962993898422194));
#5168=CARTESIAN_POINT('',(-25.4768150655556,8.51141198638813,1.05592153575258));
#5169=CARTESIAN_POINT('',(-26.2949763024966,5.48511268208313,1.14884917308297));
#5170=CARTESIAN_POINT('',(-26.754967942994,2.38409946381688,1.24177681041336));
#5171=CARTESIAN_POINT('',(-26.8505243407614,-0.749388092200466,1.33470444774374));
#5172=CARTESIAN_POINT('',(-26.5803439010189,-3.87266807004771,1.42763208507413));
#5173=CARTESIAN_POINT('',(-25.9481068115011,-6.9431975924171,1.52055972240452));
#5174=CARTESIAN_POINT('',(-24.9624249069318,-9.91915231124931,1.61348735973491));
#5175=CARTESIAN_POINT('',(-23.6367243911926,-12.75999608826,1.7064149970653));
#5176=CARTESIAN_POINT('',(-21.9890628595887,-15.4270332137553,1.79934263439568));
#5177=CARTESIAN_POINT('',(-20.0418836925206,-17.8839352383352,1.89227027172607));
#5178=CARTESIAN_POINT('',(-17.8217090053689,-20.0972367472889,1.98519790905646));
#5179=CARTESIAN_POINT('',(-16.1797586022289,-21.3902707188069,2.04714966727672));
#5180=CARTESIAN_POINT('',(-15.3239143148343,-21.9867607907944,2.07812554638685));
#5181=CARTESIAN_POINT('',(-7.44535406626873,22.914443638196,1.87499970859368));
#5182=VECTOR('',#5183,1.);
#5183=DIRECTION('',(-0.267616567329818,0.823639103546332,-0.5));
#5184=CARTESIAN_POINT('',(-17.4052188891199,20.3788703176065,20.));
#5185=AXIS2_PLACEMENT_3D('',#5186,#5187,#5188);
#5186=CARTESIAN_POINT('',(0.,0.,20.));
#5187=DIRECTION('',(0.,0.,-1.));
#5188=DIRECTION('',(-0.649448466011935,0.760405608865915,0.));
#5189=CARTESIAN_POINT('',(-11.2819399600523,-23.2025393165872,21.));
#5190=AXIS2_PLACEMENT_3D('',#5191,#5192,#5193);
#5191=CARTESIAN_POINT('',(0.,0.,21.));
#5192=DIRECTION('',(0.,0.,-1.));
#5193=DIRECTION('',(-0.437284494575672,-0.899323229325085,0.));
#5194=CARTESIAN_POINT('',(-17.4052188891198,20.3788703176066,20.));
#5195=CARTESIAN_POINT('',(-18.1845261058971,19.6874923036945,20.0196078431373));
#5196=CARTESIAN_POINT('',(-19.6606892849135,18.2152605564732,20.0588235294118));
#5197=CARTESIAN_POINT('',(-21.5986288427065,15.7696169943629,20.1176470588235));
#5198=CARTESIAN_POINT('',(-23.2351779722852,13.1209073287912,20.1764705882353));
#5199=CARTESIAN_POINT('',(-24.5494574101223,10.3059650639967,20.2352941176471));
#5200=CARTESIAN_POINT('',(-25.5250548894095,7.36371980372703,20.2941176470588));
#5201=CARTESIAN_POINT('',(-26.1502296579102,4.33465787576987,20.3529411764706));
#5202=CARTESIAN_POINT('',(-26.4180511380214,1.26026563540694,20.4117647058823));
#5203=CARTESIAN_POINT('',(-26.3264719515031,-1.81753877898247,20.4705882352941));
#5204=CARTESIAN_POINT('',(-25.8783341152844,-4.85697695151286,20.5294117647059));
#5205=CARTESIAN_POINT('',(-25.0813087476559,-7.81697729920357,20.5882352941176));
#5206=CARTESIAN_POINT('',(-23.9477703664838,-10.6577300517318,20.6470588235294));
#5207=CARTESIAN_POINT('',(-22.4946077760171,-13.3412226157612,20.7058823529412));
#5208=CARTESIAN_POINT('',(-20.7429744394973,-15.8317481054547,20.7647058823529));
#5209=CARTESIAN_POINT('',(-18.7179818337376,-18.0963803012734,20.8235294117647));
#5210=CARTESIAN_POINT('',(-16.448340846618,-20.105408486968,20.8823529411765));
#5211=CARTESIAN_POINT('',(-13.9659539612044,-21.8327273036222,20.9411764705882));
#5212=CARTESIAN_POINT('',(-12.1922998765943,-22.7816912605064,20.9803921568627));
#5213=CARTESIAN_POINT('',(-11.2819399600523,-23.2025393165872,21.));
#5214=CARTESIAN_POINT('',(-8.28165544924862,25.4883146367101,4.68749956289052));
#5215=CARTESIAN_POINT('',(-15.3239143148343,-21.9867607907945,6.45312467216789));
#5216=CARTESIAN_POINT('',(-8.28165544924863,25.4883146367101,4.68749956289053));
#5217=CARTESIAN_POINT('',(-9.27379925272674,25.1659475734646,4.71847544200066));
#5218=CARTESIAN_POINT('',(-11.2203956674003,24.4052239861799,4.78042720022091));
#5219=CARTESIAN_POINT('',(-13.9874576897548,22.9317088096551,4.8733548375513));
#5220=CARTESIAN_POINT('',(-16.5639927416311,21.1458360836465,4.96628247488169));
#5221=CARTESIAN_POINT('',(-18.9149062472646,19.0719312544588,5.05921011221208));
#5222=CARTESIAN_POINT('',(-21.0081756423497,16.7382435156189,5.15213774954247));
#5223=CARTESIAN_POINT('',(-22.8152881183381,14.1765605132429,5.24506538687285));
#5224=CARTESIAN_POINT('',(-24.3116285841524,11.4217754952296,5.33799302420324));
#5225=CARTESIAN_POINT('',(-25.4768150655556,8.51141198638813,5.43092066153363));
#5226=CARTESIAN_POINT('',(-26.2949763024966,5.48511268208313,5.52384829886402));
#5227=CARTESIAN_POINT('',(-26.754967942994,2.38409946381688,5.6167759361944));
#5228=CARTESIAN_POINT('',(-26.8505243407614,-0.749388092200466,5.70970357352479));
#5229=CARTESIAN_POINT('',(-26.5803439010189,-3.87266807004771,5.80263121085518));
#5230=CARTESIAN_POINT('',(-25.9481068115011,-6.9431975924171,5.89555884818557));
#5231=CARTESIAN_POINT('',(-24.9624249069318,-9.91915231124931,5.98848648551595));
#5232=CARTESIAN_POINT('',(-23.6367243911926,-12.75999608826,6.08141412284634));
#5233=CARTESIAN_POINT('',(-21.9890628595887,-15.4270332137553,6.17434176017673));
#5234=CARTESIAN_POINT('',(-20.0418836925206,-17.8839352383352,6.26726939750711));
#5235=CARTESIAN_POINT('',(-17.8217090053689,-20.0972367472889,6.36019703483751));
#5236=CARTESIAN_POINT('',(-16.1797586022289,-21.3902707188069,6.42214879305776));
#5237=CARTESIAN_POINT('',(-15.3239143148343,-21.9867607907944,6.4531246721679));
#5238=CARTESIAN_POINT('',(-25.1435252551413,-9.27594403519523,10.9687497814453));
#5239=CARTESIAN_POINT('',(-15.3239143148343,-21.9867607907944,6.4531246721679));
#5240=CARTESIAN_POINT('',(-14.439063852595,-22.6034670347844,6.48515038216277));
#5241=CARTESIAN_POINT('',(-12.5948186009735,-23.7299155538736,6.54920180215252));
#5242=CARTESIAN_POINT('',(-9.64507959475031,-25.0741060312146,6.64527893213715));
#5243=CARTESIAN_POINT('',(-6.55491845577731,-26.0532415419825,6.74135606212177));
#5244=CARTESIAN_POINT('',(-3.36932391593739,-26.6530675204465,6.83743319210639));
#5245=CARTESIAN_POINT('',(-0.134675376044388,-26.864850903474,6.93351032209102));
#5246=CARTESIAN_POINT('',(3.10193392039221,-26.6855083818632,7.02958745207565));
#5247=CARTESIAN_POINT('',(6.2933820932721,-26.1176509938229,7.12566458206027));
#5248=CARTESIAN_POINT('',(9.39320478830631,-25.1695461902553,7.22174171204489));
#5249=CARTESIAN_POINT('',(12.356271621962,-23.8549974474828,7.31781884202952));
#5250=CARTESIAN_POINT('',(15.1394432438255,-22.1931433078566,7.41389597201414));
#5251=CARTESIAN_POINT('',(17.7021994010961,-20.2081787397983,7.50997310199877));
#5252=CARTESIAN_POINT('',(20.0072288743653,-17.9290028831678,7.60605023198339));
#5253=CARTESIAN_POINT('',(22.0209726922677,-15.3887983059841,7.70212736196802));
#5254=CARTESIAN_POINT('',(23.7141127172749,-12.6245478987662,7.79820449195264));
#5255=CARTESIAN_POINT('',(25.0619984890501,-9.67649643986467,7.89428162193727));
#5256=CARTESIAN_POINT('',(26.045006111008,-6.58756467090988,7.99035875192189));
#5257=CARTESIAN_POINT('',(26.6488239550271,-3.4027244128546,8.08643588190651));
#5258=CARTESIAN_POINT('',(26.864661024737,-0.168343820310716,8.18251301189114));
#5259=CARTESIAN_POINT('',(26.6893749438149,3.06848769336442,8.27859014187576));
#5260=CARTESIAN_POINT('',(26.1255177059064,6.26064503180245,8.37466727186039));
#5261=CARTESIAN_POINT('',(25.1812985200984,9.3616535108682,8.47074440184501));
#5262=CARTESIAN_POINT('',(23.8704642928753,12.3263654845388,8.56682153182964));
#5263=CARTESIAN_POINT('',(22.2120994866255,15.1116176504078,8.66289866181426));
#5264=CARTESIAN_POINT('',(20.2303482685626,17.6768594650896,8.75897579179889));
#5265=CARTESIAN_POINT('',(17.9540629952999,19.9847435204124,8.85505292178351));
#5266=CARTESIAN_POINT('',(15.4163841507987,22.0016692850989,8.95113005176814));
#5267=CARTESIAN_POINT('',(12.6542578533829,23.6982722955907,9.04720718175277));
#5268=CARTESIAN_POINT('',(9.70789795644503,25.0498516738745,9.14328431173739));
#5269=CARTESIAN_POINT('',(6.62020057413025,26.0367297480722,9.23936144172202));
#5270=CARTESIAN_POINT('',(3.43611955593092,26.6445385400688,9.33543857170664));
#5271=CARTESIAN_POINT('',(0.202012002670277,26.8644289492005,9.43151570169126));
#5272=CARTESIAN_POINT('',(-3.03503664747885,26.6931995864925,9.52759283167589));
#5273=CARTESIAN_POINT('',(-6.22789813685373,26.1333433837471,9.62366996166051));
#5274=CARTESIAN_POINT('',(-9.33008752957121,25.1930112988979,9.71974709164514));
#5275=CARTESIAN_POINT('',(-12.2964399866626,23.8858936460473,9.81582422162977));
#5276=CARTESIAN_POINT('',(-15.0837683218887,22.2310207778993,9.91190135161439));
#5277=CARTESIAN_POINT('',(-17.651491764875,20.252486022477,10.007978481599));
#5278=CARTESIAN_POINT('',(-19.962226777361,17.979094907818,10.1040556115836));
#5279=CARTESIAN_POINT('',(-21.982331320967,15.4439457818813,10.2001327415683));
#5280=CARTESIAN_POINT('',(-23.682394652073,12.6839479323483,10.2962098715529));
#5281=CARTESIAN_POINT('',(-25.0376655143623,9.73928422605519,10.3922870015375));
#5282=CARTESIAN_POINT('',(-26.0284124894179,6.65282607645139,10.4883641315221));
#5283=CARTESIAN_POINT('',(-26.6402112797328,3.46950931273969,10.5844412615068));
#5284=CARTESIAN_POINT('',(-26.8641546642643,0.235679827868411,10.6805183914914));
#5285=CARTESIAN_POINT('',(-26.6969823583165,-3.00158068580516,10.776595521476));
#5286=CARTESIAN_POINT('',(-26.1411278103078,-6.195142015366,10.8726726514606));
#5287=CARTESIAN_POINT('',(-25.5168327853112,-8.26405055274776,10.9367240714504));
#5288=CARTESIAN_POINT('',(-25.1435252551412,-9.27594403519524,10.9687497814453));
#5289=CARTESIAN_POINT('',(-25.9316584629335,6.76676358104578,15.4843748907226));
#5290=CARTESIAN_POINT('',(-25.1435252551413,-9.27594403519522,10.9687497814453));
#5291=CARTESIAN_POINT('',(-24.7702177249713,-10.2878375176427,11.0007754914401));
#5292=CARTESIAN_POINT('',(-23.9012856876442,-12.2664946200214,11.0648269114299));
#5293=CARTESIAN_POINT('',(-22.2499070970653,-15.0558954508067,11.1609040414145));
#5294=CARTESIAN_POINT('',(-20.2745919814687,-17.6260963004217,11.2569811713991));
#5295=CARTESIAN_POINT('',(-18.0040985775087,-19.9396786912762,11.3530583013838));
#5296=CARTESIAN_POINT('',(-15.4714831568333,-21.9629588273216,11.4491354313684));
#5297=CARTESIAN_POINT('',(-12.7136180893638,-23.6664798126543,11.545212561353));
#5298=CARTESIAN_POINT('',(-9.7706551971734,-25.025440028599,11.6412896913376));
#5299=CARTESIAN_POINT('',(-6.68544113519782,-26.0200543513318,11.7373668213223));
#5300=CARTESIAN_POINT('',(-3.50289359879315,-26.6358421689769,11.8334439513069));
#5301=CARTESIAN_POINT('',(-0.269347362635564,-26.8638382144904,11.9295210812915));
#5302=CARTESIAN_POINT('',(2.968120307288,-26.7007230886594,12.0255982112761));
#5303=CARTESIAN_POINT('',(6.16237505280839,-26.148871587975,12.1216753412608));
#5304=CARTESIAN_POINT('',(9.26691165359474,-25.2163181297415,12.2177524712454));
#5305=CARTESIAN_POINT('',(12.2365310976285,-23.9166397788785,12.31382960123));
#5306=CARTESIAN_POINT('',(15.0279986345414,-22.2687585791414,12.4099067312146));
#5307=CARTESIAN_POINT('',(17.6006732312335,-20.2966660667017,12.5059838611993));
#5308=CARTESIAN_POINT('',(19.9170992655073,-18.0290739768795,12.6020609911839));
#5309=CARTESIAN_POINT('',(21.9435518432388,-15.4989962294,12.6981381211685));
#5310=CARTESIAN_POINT('',(23.650527799803,-12.7432682780599,12.7942152511531));
#5311=CARTESIAN_POINT('',(25.0131752372524,-9.80201082260003,12.8902923811378));
#5312=CARTESIAN_POINT('',(26.0116553436083,-6.71804569061542,12.9863695111224));
#5313=CARTESIAN_POINT('',(26.6314312265318,-3.53627239368933,13.082446641107));
#5314=CARTESIAN_POINT('',(26.8634795562369,-0.303014434483696,13.1785237710916));
#5315=CARTESIAN_POINT('',(26.704421936334,2.93465511808592,13.2746009010763));
#5316=CARTESIAN_POINT('',(26.1565740899722,6.12959896662572,13.3706780310609));
#5317=CARTESIAN_POINT('',(25.2279121451785,9.23530185814282,13.4667551610455));
#5318=CARTESIAN_POINT('',(23.9319565102465,12.2065478005672,13.5628322910301));
#5319=CARTESIAN_POINT('',(22.2875750298344,15.0000783633074,13.6589094210148));
#5320=CARTESIAN_POINT('',(20.3187082876284,17.5752224776281,13.7549865509994));
#5321=CARTESIAN_POINT('',(18.0540210548933,19.8944885675739,13.851063680984));
#5322=CARTESIAN_POINT('',(15.5264849594808,21.9241103905923,13.9471408109686));
#5323=CARTESIAN_POINT('',(12.7728984512229,23.6345386409511,14.0432179409533));
#5324=CARTESIAN_POINT('',(9.83335105254658,25.0008711586865,14.1392950709379));
#5325=CARTESIAN_POINT('',(6.7506396942952,26.0032154806605,14.2353722009225));
#5326=CARTESIAN_POINT('',(3.56964563433466,26.6269784553403,14.3314493309071));
#5327=CARTESIAN_POINT('',(0.336681030399351,26.8630787047869,14.4275264608918));
#5328=CARTESIAN_POINT('',(-2.90118531955839,26.7080788406365,14.5236035908764));
#5329=CARTESIAN_POINT('',(-6.09681325297563,26.1642355090581,14.619680720861));
#5330=CARTESIAN_POINT('',(-9.2036775572236,25.2394665363814,14.7157578508456));
#5331=CARTESIAN_POINT('',(-12.176545331313,23.9472356526079,14.8118349808303));
#5332=CARTESIAN_POINT('',(-14.9721345319521,22.3063564752763,14.9079121108149));
#5333=CARTESIAN_POINT('',(-17.5497441202209,20.3407185919665,15.0039892407995));
#5334=CARTESIAN_POINT('',(-19.8718466194315,18.0789397873265,15.1000663707841));
#5335=CARTESIAN_POINT('',(-21.9046345135109,15.553949261724,15.1961435007688));
#5336=CARTESIAN_POINT('',(-23.6185123203993,12.8025087160605,15.2922206307534));
#5337=CARTESIAN_POINT('',(-24.988527961885,9.8646752649791,15.388297760738));
#5338=CARTESIAN_POINT('',(-25.6593321325784,7.81037524334961,15.4523491807278));
#5339=CARTESIAN_POINT('',(-25.9316584629335,6.7667635810458,15.4843748907226));
#5340=CARTESIAN_POINT('',(-25.9316584629335,6.76676358104579,15.4843748907226));
#5341=CARTESIAN_POINT('',(-26.2039847932886,5.72315191874192,15.5164006007175));
#5342=CARTESIAN_POINT('',(-26.6224837129573,3.60301384103966,15.5804520207073));
#5343=CARTESIAN_POINT('',(-26.8626357008149,0.370346944043225,15.6765291506919));
#5344=CARTESIAN_POINT('',(-26.7116937850818,-2.86771092315753,15.7726062806765));
#5345=CARTESIAN_POINT('',(-26.1718558361199,-6.06401797435877,15.8686834106611));
#5346=CARTESIAN_POINT('',(-25.2509812842616,-9.17203879759955,15.9647605406458));
#5347=CARTESIAN_POINT('',(-23.9624771828071,-12.146523737614,16.0608376706304));
#5348=CARTESIAN_POINT('',(-22.3251028835396,-14.9441671847724,16.156914800615));
#5349=CARTESIAN_POINT('',(-20.3626969540177,-17.5242381967747,16.2529919305996));
#5350=CARTESIAN_POINT('',(-18.1038301019822,-19.8491734652523,16.3490690605842));
#5351=CARTESIAN_POINT('',(-15.5813892163553,-21.8851242103973,16.4451461905689));
#5352=CARTESIAN_POINT('',(-12.8320985656752,-23.6024489834551,16.5412233205535));
#5353=CARTESIAN_POINT('',(-9.89598512889839,-24.9761452178774,16.6373004505381));
#5354=CARTESIAN_POINT('',(-6.81579584174435,-25.9862132420158,16.7333775805228));
#5355=CARTESIAN_POINT('',(-3.63637524319463,-26.617947454801,16.8294547105074));
#5356=CARTESIAN_POINT('',(-0.404012582927097,-26.8621504248766,16.925531840492));
#5357=CARTESIAN_POINT('',(2.83423210481824,-26.715266796195,17.0216089704766));
#5358=CARTESIAN_POINT('',(6.03121314924276,-26.1794350505175,17.1176861004612));
#5359=CARTESIAN_POINT('',(9.14038563777695,-25.2624563732148,17.2137632304459));
#5360=CARTESIAN_POINT('',(12.1164830644167,-23.9776810756496,17.3098403604305));
#5361=CARTESIAN_POINT('',(14.9161763657123,-22.3438142277192,17.4059174904151));
#5362=CARTESIAN_POINT('',(17.4987047494916,-20.3846433303598,17.5019946203998));
#5363=CARTESIAN_POINT('',(19.8264691320687,-18.1286919928325,17.5980717503844));
#5364=CARTESIAN_POINT('',(21.8655795440743,-15.6088046569114,17.694148880369));
#5365=CARTESIAN_POINT('',(23.5863485352149,-12.8616684139823,17.7902260103536));
#5366=CARTESIAN_POINT('',(24.9637233944694,-9.92727887692709,17.8863031403383));
#5367=CARTESIAN_POINT('',(25.9776508930235,-6.84835788317596,17.9823802703229));
#5368=CARTESIAN_POINT('',(26.6133692396383,-3.66973150660025,18.0784574003075));
#5369=CARTESIAN_POINT('',(26.8616229978722,-0.437677433783965,18.1745345302921));
#5370=CARTESIAN_POINT('',(26.7187978361694,2.80074879376394,18.2706116602767));
#5371=CARTESIAN_POINT('',(26.1869731489873,5.99839886220314,18.3666887902614));
#5372=CARTESIAN_POINT('',(25.2738917828499,9.10871811862976,18.462765920246));
#5373=CARTESIAN_POINT('',(23.9928473080866,12.0864233612224,18.5588430502306));
#5374=CARTESIAN_POINT('',(22.3624904774692,14.8881621183061,18.6549201802152));
#5375=CARTESIAN_POINT('',(20.4065576895196,17.4731438178756,18.7509973101999));
#5376=CARTESIAN_POINT('',(18.1535254097983,19.8037336583708,18.8470744401845));
#5377=CARTESIAN_POINT('',(15.636195581455,21.846000534521,18.9431515701691));
#5378=CARTESIAN_POINT('',(12.8912180610768,23.5702110410119,19.0392287001538));
#5379=CARTESIAN_POINT('',(9.95855703263553,24.9512623617095,19.1353058301384));
#5380=CARTESIAN_POINT('',(6.88090916825969,25.9690477421991,19.231382960123));
#5381=CARTESIAN_POINT('',(3.70308200596521,26.6087492239706,19.3274600901076));
#5382=CARTESIAN_POINT('',(0.471341597823205,26.8610533811155,19.4235372200923));
#5383=CARTESIAN_POINT('',(-2.76726108602585,26.7222869082076,19.5196143500769));
#5384=CARTESIAN_POINT('',(-5.96557514510272,26.1944701242098,19.6156914800615));
#5385=CARTESIAN_POINT('',(-9.0770363251642,25.2852874683763,19.7117686100461));
#5386=CARTESIAN_POINT('',(-12.0563445538514,24.0079759590948,19.8078457400307));
#5387=CARTESIAN_POINT('',(-14.8601249368596,22.3811312190944,19.9039228700154));
#5388=CARTESIAN_POINT('',(-16.5850774871177,21.0793380275141,19.9679742900051));
#5389=CARTESIAN_POINT('',(-17.4052188891199,20.3788703176065,20.));
#5390=CARTESIAN_POINT('',(17.036792527756,-17.036805005234,21.));
#5391=CARTESIAN_POINT('',(17.036792527756,-17.036805005234,21.));
#5392=CARTESIAN_POINT('',(16.8032930748445,-17.2986441018398,21.));
#5393=CARTESIAN_POINT('',(16.5077824195116,-17.6157641314057,21.));
#5394=CARTESIAN_POINT('',(16.0161060231445,-18.1156853510666,21.));
#5395=CARTESIAN_POINT('',(15.5140398965257,-18.6044023995772,20.9999999999999));
#5396=CARTESIAN_POINT('',(14.8515391501531,-19.2015743446484,20.9999999999999));
#5397=CARTESIAN_POINT('',(14.31420157623,-19.64956474444,20.9999999999999));
#5398=CARTESIAN_POINT('',(13.7682309526482,-20.0851269609076,20.9999999999999));
#5399=CARTESIAN_POINT('',(13.147562449168,-20.5541925163991,20.9999999999998));
#5400=CARTESIAN_POINT('',(12.4702228803893,-21.0214867752999,20.9999999999998));
#5401=CARTESIAN_POINT('',(11.6376108606997,-21.5608341006703,20.9999999999998));
#5402=CARTESIAN_POINT('',(11.010698646913,-21.932876453721,20.9999999999998));
#5403=CARTESIAN_POINT('',(9.93099418178395,-22.520466251653,20.9999999999997));
#5404=CARTESIAN_POINT('',(9.29164359076427,-22.8332066253656,20.9999999999997));
#5405=CARTESIAN_POINT('',(8.2574082712061,-23.2914741249208,20.9999999999997));
#5406=CARTESIAN_POINT('',(7.53385908694594,-23.5855510865685,20.9999999999997));
#5407=CARTESIAN_POINT('',(6.56536051842857,-23.9267349338168,20.9999999999996));
#5408=CARTESIAN_POINT('',(5.56550455397366,-24.2441583556678,20.9999999999996));
#5409=CARTESIAN_POINT('',(4.69500952524192,-24.4760501419736,20.9999999999996));
#5410=CARTESIAN_POINT('',(3.41125685587155,-24.7644019703429,20.9999999999996));
#5411=CARTESIAN_POINT('',(2.63780817292709,-24.9001795269514,20.9999999999996));
#5412=CARTESIAN_POINT('',(1.4430015771751,-25.0613250099751,20.9999999999995));
#5413=CARTESIAN_POINT('',(0.660724585062177,-25.1409730362488,20.9999999999995));
#5414=CARTESIAN_POINT('',(-0.292245139735012,-25.1930481495567,20.9999999999995));
#5415=CARTESIAN_POINT('',(-0.871212120537095,-25.2104620270065,20.9999999999995));
#5416=CARTESIAN_POINT('',(-1.44857353905302,-25.2162283509467,20.9999999999995));
#5417=CARTESIAN_POINT('',(-2.06196046755698,-25.2074635866979,20.9999999999995));
#5418=CARTESIAN_POINT('',(-2.82474268579071,-25.1763625193167,20.9999999999994));
#5419=CARTESIAN_POINT('',(-3.81112828682804,-25.1054330524632,20.9999999999994));
#5420=CARTESIAN_POINT('',(-4.62622029452004,-25.0086698694954,20.9999999999994));
#5421=CARTESIAN_POINT('',(-5.60033608058147,-24.8636078211532,20.9999999999994));
#5422=CARTESIAN_POINT('',(-6.37154675555432,-24.7244882227375,20.9999999999994));
#5423=CARTESIAN_POINT('',(-7.28048536216318,-24.5189671279622,20.9999999999994));
#5424=CARTESIAN_POINT('',(-8.14419320219929,-24.2995550896811,20.9999999999994));
#5425=CARTESIAN_POINT('',(-8.99401654922423,-24.050065284479,20.9999999999993));
#5426=CARTESIAN_POINT('',(-9.82281472788192,-23.7694232291312,20.9999999999993));
#5427=CARTESIAN_POINT('',(-10.5292111955354,-23.5101203119129,20.9999999999993));
#5428=CARTESIAN_POINT('',(-10.9880080024058,-23.3265389293876,20.9999999999993));
#5429=CARTESIAN_POINT('',(-11.2819399617234,-23.2025393158822,20.9999999999993));
#5430=CARTESIAN_POINT('',(-7.44535406626873,22.914443638196,3.12500029140632));
#5431=CARTESIAN_POINT('',(17.036792527756,-17.036805005234,21.));
#5432=CARTESIAN_POINT('',(16.3281123257307,-17.7454846882334,20.9668981486878));
#5433=CARTESIAN_POINT('',(14.8222035340455,-19.074288974438,20.9006944460634));
#5434=CARTESIAN_POINT('',(12.3328138178152,-20.7708431846906,20.8013888921267));
#5435=CARTESIAN_POINT('',(9.65161743566079,-22.1443559703072,20.7020833381901));
#5436=CARTESIAN_POINT('',(6.82031307233589,-23.1734665325469,20.6027777842535));
#5437=CARTESIAN_POINT('',(3.88293512716766,-23.8421692798133,20.5034722303168));
#5438=CARTESIAN_POINT('',(0.885167413304166,-24.1400642074407,20.4041666763802));
#5439=CARTESIAN_POINT('',(-2.12636695573749,-24.0625182560213,20.3048611224436));
#5440=CARTESIAN_POINT('',(-5.10483078111202,-23.6107374717342,20.205555568507));
#5441=CARTESIAN_POINT('',(-8.00390119116653,-22.7917482212693,20.1062500145703));
#5442=CARTESIAN_POINT('',(-10.7784900902309,-21.6182879210037,20.0069444606337));
#5443=CARTESIAN_POINT('',(-13.385445393941,-20.1086069349963,19.9076389066971));
#5444=CARTESIAN_POINT('',(-15.7842221570843,-18.2861847348276,19.8083333527604));
#5445=CARTESIAN_POINT('',(-17.9375131529606,-16.1793647325158,19.7090277988238));
#5446=CARTESIAN_POINT('',(-19.8118290979688,-13.820913466674,19.6097222448872));
#5447=CARTESIAN_POINT('',(-21.3780194971852,-11.2475109974777,19.5104166909505));
#5448=CARTESIAN_POINT('',(-22.6117260104896,-8.49918043619273,19.4111111370139));
#5449=CARTESIAN_POINT('',(-23.4937612881992,-5.61866548154683,19.3118055830773));
#5450=CARTESIAN_POINT('',(-24.010407384333,-2.65076564388169,19.2125000291406));
#5451=CARTESIAN_POINT('',(-24.1536291064023,0.358360503921095,19.113194475204));
#5452=CARTESIAN_POINT('',(-23.9211989835834,3.36191321247631,19.0138889212674));
#5453=CARTESIAN_POINT('',(-23.3167319096904,6.31317941389599,18.9145833673307));
#5454=CARTESIAN_POINT('',(-22.3496289221608,9.16625923166736,18.8152778133941));
#5455=CARTESIAN_POINT('',(-21.0349309914369,11.8767798432867,18.7159722594575));
#5456=CARTESIAN_POINT('',(-19.3930850946985,14.4025855932259,18.6166667055208));
#5457=CARTESIAN_POINT('',(-17.4496262121099,16.7043936231777,18.5173611515842));
#5458=CARTESIAN_POINT('',(-15.2347801913687,18.7464048228213,18.4180555976476));
#5459=CARTESIAN_POINT('',(-12.7829936570448,20.4968605992324,18.318750043711));
#5460=CARTESIAN_POINT('',(-10.1323982758471,21.9285368057248,18.2194444897743));
#5461=CARTESIAN_POINT('',(-7.32421770988496,23.0191671482402,18.1201389358377));
#5462=CARTESIAN_POINT('',(-4.40212648134863,23.7517894842183,18.0208333819011));
#5463=CARTESIAN_POINT('',(-1.41157071993134,24.1150096280936,17.9215278279644));
#5464=CARTESIAN_POINT('',(1.60093864285975,24.1031785605595,17.8222222740278));
#5465=CARTESIAN_POINT('',(4.58854923983417,23.7164802855321,17.7229167200912));
#5466=CARTESIAN_POINT('',(7.50479594446303,22.9609289684104,17.6236111661545));
#5467=CARTESIAN_POINT('',(10.3043235246229,21.848275400139,17.5243056122179));
#5468=CARTESIAN_POINT('',(12.943592034591,20.3958242418022,17.4250000582813));
#5469=CARTESIAN_POINT('',(15.3815539746083,18.6261648920712,17.3256945043446));
#5470=CARTESIAN_POINT('',(17.5802926864161,16.5668201632166,17.226388950408));
#5471=CARTESIAN_POINT('',(19.5056120560523,14.2498182296899,17.1270833964714));
#5472=CARTESIAN_POINT('',(21.1275683524935,11.7111945065876,17.0277778425347));
#5473=CARTESIAN_POINT('',(22.4209359306659,8.99043120508642,16.9284722885981));
#5474=CARTESIAN_POINT('',(23.3655995559302,6.12984328122086,16.8291667346615));
#5475=CARTESIAN_POINT('',(23.9468672483748,3.17392032810059,16.7298611807248));
#5476=CARTESIAN_POINT('',(24.1556987813703,0.168634646856655,16.6305556267882));
#5477=CARTESIAN_POINT('',(23.988846280641,-2.83927374238386,16.5312500728516));
#5478=CARTESIAN_POINT('',(23.4489047371693,-5.80302402955323,16.4319445189149));
#5479=CARTESIAN_POINT('',(22.5442716483269,-8.6765221780883,16.3326389649783));
#5480=CARTESIAN_POINT('',(21.2890164149178,-11.4150778072589,16.2333334110417));
#5481=CARTESIAN_POINT('',(19.7026615253498,-13.9760992439921,16.134027857105));
#5482=CARTESIAN_POINT('',(17.80987893009,-16.3197559343255,16.0347223031684));
#5483=CARTESIAN_POINT('',(15.6401063285726,-18.4095979122673,15.9354167492318));
#5484=CARTESIAN_POINT('',(13.2270893362975,-20.2131226917075,15.8361111952952));
#5485=CARTESIAN_POINT('',(10.6083566526125,-21.702280764735,15.7368056413585));
#5486=CARTESIAN_POINT('',(7.82463639168889,-22.8539118445459,15.6375000874219));
#5487=CARTESIAN_POINT('',(4.91922265426245,-23.6501050682276,15.5381945334853));
#5488=CARTESIAN_POINT('',(1.93730219160026,-24.0784775573298,15.4388889795486));
#5489=CARTESIAN_POINT('',(-1.07474836617826,-24.132367003877,15.339583425612));
#5490=CARTESIAN_POINT('',(-4.07008378749564,-23.8109352866111,15.2402778716754));
#5491=CARTESIAN_POINT('',(-7.0021188046838,-23.1191815059597,15.1409723177387));
#5492=CARTESIAN_POINT('',(-9.8252526362357,-22.0678642350038,15.0416667638021));
#5493=CARTESIAN_POINT('',(-12.4955781977328,-20.6733341956434,14.9423612098655));
#5494=CARTESIAN_POINT('',(-14.9715649713713,-18.9572799622842,14.8430556559288));
#5495=CARTESIAN_POINT('',(-17.2147049136876,-16.9463906480134,14.7437501019922));
#5496=CARTESIAN_POINT('',(-19.1901113559345,-14.6719408193752,14.6444445480556));
#5497=CARTESIAN_POINT('',(-20.8670615826492,-12.1693040954009,14.5451389941189));
#5498=CARTESIAN_POINT('',(-22.2194746499007,-9.47740299569639,14.4458334401823));
#5499=CARTESIAN_POINT('',(-23.2263170119007,-6.6381035938817,14.3465278862457));
#5500=CARTESIAN_POINT('',(-23.871929647426,-3.69556439109897,14.247222332309));
#5501=CARTESIAN_POINT('',(-24.1462715983848,-0.69554953630122,14.1479167783724));
#5502=CARTESIAN_POINT('',(-24.045076132869,2.31528292546448,14.0486112244358));
#5503=CARTESIAN_POINT('',(-23.5699171039483,5.29010670718639,13.9493056704991));
#5504=CARTESIAN_POINT('',(-22.728184472156,8.18265555061824,13.8500001165625));
#5505=CARTESIAN_POINT('',(-21.5329693723538,10.9479427871034,13.7506945626259));
#5506=CARTESIAN_POINT('',(-20.0028605124871,13.5429609974481,13.6513890086892));
#5507=CARTESIAN_POINT('',(-18.1616550707587,15.9273508893099,13.5520834547526));
#5508=CARTESIAN_POINT('',(-16.0379885875238,18.0640289893166,13.452777900816));
#5509=CARTESIAN_POINT('',(-13.6648896080517,19.9197643876672,13.3534723468793));
#5510=CARTESIAN_POINT('',(-11.0792660026178,21.4656955653352,13.2541667929427));
#5511=CARTESIAN_POINT('',(-8.32133095298822,22.6777792658641,13.1548612390061));
#5512=CARTESIAN_POINT('',(-5.43397753270117,23.53716443063,13.0555556850694));
#5513=CARTESIAN_POINT('',(-2.46211160805098,24.0304853819043,12.9562501311328));
#5514=CARTESIAN_POINT('',(0.548046565097795,24.1500696939553,12.8569445771962));
#5515=CARTESIAN_POINT('',(3.5496811866777,23.8940575192528,12.7576390232596));
#5516=CARTESIAN_POINT('',(6.49610902004925,23.2664305139411,12.6583334693229));
#5517=CARTESIAN_POINT('',(9.34150543792516,22.2769499127154,12.5590279153863));
#5518=CARTESIAN_POINT('',(12.0416171146828,20.9410047161972,12.4597223614497));
#5519=CARTESIAN_POINT('',(14.5544502808431,19.2793723518916,12.360416807513));
#5520=CARTESIAN_POINT('',(16.8409238355658,17.3178955310709,12.2611112535764));
#5521=CARTESIAN_POINT('',(18.8654771595612,15.0870803273029,12.1618056996398));
#5522=CARTESIAN_POINT('',(20.5966231753435,12.6216217275483,12.0625001457031));
#5523=CARTESIAN_POINT('',(22.0074380532996,9.95986403474437,11.9631945917665));
#5524=CARTESIAN_POINT('',(23.0759799473672,7.14320451402031,11.8638890378299));
#5525=CARTESIAN_POINT('',(23.7856302478923,4.21544955739778,11.7645834838932));
#5526=CARTESIAN_POINT('',(24.1253520442954,1.22213338029391,11.6652779299566));
#5527=CARTESIAN_POINT('',(24.0898617777784,-1.79019015413025,11.56597237602));
#5528=CARTESIAN_POINT('',(23.6797114144264,-4.77467156879933,11.4666668220833));
#5529=CARTESIAN_POINT('',(22.9012798606965,-7.68489440411979,11.3673612681467));
#5530=CARTESIAN_POINT('',(21.7666737548083,-10.4755971148262,11.2680557142101));
#5531=CARTESIAN_POINT('',(20.2935391769851,-13.1033770049016,11.1687501602734));
#5532=CARTESIAN_POINT('',(18.5047872069447,-15.5273652525505,11.0694446063368));
#5533=CARTESIAN_POINT('',(16.4282375969335,-17.7098625268272,10.9701390524002));
#5534=CARTESIAN_POINT('',(14.0961861021179,-19.616925310427,10.8708334984635));
#5535=CARTESIAN_POINT('',(11.5449021974719,-21.2188938097919,10.7715279445269));
#5536=CARTESIAN_POINT('',(8.81406499297061,-22.4908532421539,10.6722223905903));
#5537=CARTESIAN_POINT('',(5.94614612007954,-23.4130213253027,10.5729168366536));
#5538=CARTESIAN_POINT('',(2.98574918726037,-23.9710559435997,10.473611282717));
#5539=CARTESIAN_POINT('',(-0.021083922318276,-24.1562782052334,10.3743057287804));
#5540=CARTESIAN_POINT('',(-3.02758912198817,-23.965807421592,10.2750001748437));
#5541=CARTESIAN_POINT('',(-5.98700742493425,-23.4026059094751,10.1756946209071));
#5542=CARTESIAN_POINT('',(-8.85331216823146,-22.4754329193513,10.0763890669705));
#5543=CARTESIAN_POINT('',(-11.5819248473375,-21.1987084061987,9.97708351303385));
#5544=CARTESIAN_POINT('',(-14.1304084279511,-19.5922887616456,9.87777795909722));
#5545=CARTESIAN_POINT('',(-16.4591273524295,-17.6811579953611,9.77847240516058));
#5546=CARTESIAN_POINT('',(-18.531863975948,-15.49503916863,9.67916685122395));
#5547=CARTESIAN_POINT('',(-20.3163818452115,-13.0679321233305,9.57986129728732));
#5548=CARTESIAN_POINT('',(-21.7849270592693,-10.4375846958352,9.48055574335069));
#5549=CARTESIAN_POINT('',(-22.9146599149638,-7.64490563983409,9.38125018941406));
#5550=CARTESIAN_POINT('',(-23.6880101238054,-4.73332838866117,9.28194463547743));
#5551=CARTESIAN_POINT('',(-24.092950075723,-1.74813555227621,9.18263908154079));
#5552=CARTESIAN_POINT('',(-24.1231818997285,1.26424534526652,9.08333352760416));
#5553=CARTESIAN_POINT('',(-23.7782354122144,4.2569639347458,8.98402797366753));
#5554=CARTESIAN_POINT('',(-23.0634754295343,7.18347564704462,8.8847224197309));
#5555=CARTESIAN_POINT('',(-21.9900183311341,9.99826560243335,8.78541686579426));
#5556=CARTESIAN_POINT('',(-20.5745591708977,12.6575564855009,8.68611131185763));
#5557=CARTESIAN_POINT('',(-18.8391120255738,15.1199893964347,8.586805757921));
#5558=CARTESIAN_POINT('',(-16.8106676185428,17.3472670896395,8.48750020398437));
#5559=CARTESIAN_POINT('',(-14.5207735437667,19.304749595658,8.38819465004773));
#5560=CARTESIAN_POINT('',(-12.0050436185315,20.9619929629215,8.2888890961111));
#5561=CARTESIAN_POINT('',(-9.30260399582595,22.2932227404935,8.18958354217447));
#5562=CARTESIAN_POINT('',(-6.45548465075233,23.2777348379157,8.09027798823784));
#5563=CARTESIAN_POINT('',(-3.5079657049388,23.9002175277421,7.99097243430121));
#5564=CARTESIAN_POINT('',(-0.505888755313107,24.1509895827824,7.89166688036458));
#5565=CARTESIAN_POINT('',(2.50405608213203,24.0261508444019,7.79236132642794));
#5566=CARTESIAN_POINT('',(5.47505632525502,23.5276428801463,7.69305577249131));
#5567=CARTESIAN_POINT('',(8.36090518179389,22.6632187873097,7.59375021855467));
#5568=CARTESIAN_POINT('',(11.1167201853395,21.4463226120769,7.49444466461805));
#5569=CARTESIAN_POINT('',(13.6996412345922,19.8958802595883,7.39513911068141));
#5570=CARTESIAN_POINT('',(16.0694971795738,18.0360051468191,7.29583355674478));
#5571=CARTESIAN_POINT('',(18.1894305876422,15.8956231761376,7.19652800280815));
#5572=CARTESIAN_POINT('',(20.0264709725705,13.508022862181,7.09722244887152));
#5573=CARTESIAN_POINT('',(21.5520475714854,10.9103376087474,6.99791689493488));
#5574=CARTESIAN_POINT('',(22.7424336946467,8.14296818764583,6.89861134099825));
#5575=CARTESIAN_POINT('',(23.579115737274,5.2489544014644,6.79930578706162));
#5576=CARTESIAN_POINT('',(24.0490811143219,2.27330570253516,6.70000023312498));
#5577=CARTESIAN_POINT('',(24.1450206400717,-0.737698821284419,6.60069467918836));
#5578=CARTESIAN_POINT('',(23.865442205007,-3.73723020696949,6.50138912525172));
#5579=CARTESIAN_POINT('',(23.2146939820031,-6.67863792867697,6.40208357131509));
#5580=CARTESIAN_POINT('',(22.2028968009136,-9.5161754349317,6.30277801737846));
#5581=CARTESIAN_POINT('',(20.8457867433041,-12.2057116266567,6.20347246344183));
#5582=CARTESIAN_POINT('',(19.1644704053973,-14.7054172107107,6.10416690950519));
#5583=CARTESIAN_POINT('',(17.1850966355254,-16.9764152543483,6.00486135556856));
#5584=CARTESIAN_POINT('',(14.9384498514294,-18.9833858227858,5.90555580163193));
#5585=CARTESIAN_POINT('',(12.4594712623803,-20.6951152961837,5.80625024769529));
#5586=CARTESIAN_POINT('',(9.78671544236402,-22.0849818227367,5.70694469375866));
#5587=CARTESIAN_POINT('',(6.96175070603445,-23.1313693578103,5.60763913982204));
#5588=CARTESIAN_POINT('',(4.02851261314826,-23.8180038497377,5.5083335858854));
#5589=CARTESIAN_POINT('',(1.03262065617323,-24.1342063437118,5.40902803194877));
#5590=CARTESIAN_POINT('',(-1.97933124164349,-24.0750590673475,5.30972247801214));
#5591=CARTESIAN_POINT('',(-4.96049938314381,-23.6414819148514,5.2104169240755));
#5592=CARTESIAN_POINT('',(-7.86451883876194,-22.8402181402712,5.11111137013887));
#5593=CARTESIAN_POINT('',(-10.6462245419446,-21.683729482331,5.01180581620224));
#5594=CARTESIAN_POINT('',(-13.262353723576,-20.1900023519356,4.91250026226561));
#5595=CARTESIAN_POINT('',(-15.6722187607232,-18.3822680966319,4.81319470832898));
#5596=CARTESIAN_POINT('',(-17.8383399751504,-16.2886416926448,4.71388915439234));
#5597=CARTESIAN_POINT('',(-19.7270285399376,-13.9416844837667,4.61458360045571));
#5598=CARTESIAN_POINT('',(-21.3089104284882,-11.3778977676495,4.51527804651908));
#5599=CARTESIAN_POINT('',(-22.5593832571513,-8.63715510555255,4.41597249258244));
#5600=CARTESIAN_POINT('',(-23.4589989163702,-5.76208218460756,4.31666693864581));
#5601=CARTESIAN_POINT('',(-23.9937660394379,-2.79739387735667,4.21736138470918));
#5602=CARTESIAN_POINT('',(-24.1553676047064,0.210801190978672,4.11805583077255));
#5603=CARTESIAN_POINT('',(-23.9412902868844,3.21571775173458,4.01875027683592));
#5604=CARTESIAN_POINT('',(-23.3548635459857,6.17062152552988,3.91944472289929));
#5605=CARTESIAN_POINT('',(-22.4052078448312,9.02955606227265,3.82013916896265));
#5606=CARTESIAN_POINT('',(-21.1070928047924,11.7480574827847,3.72083361502602));
#5607=CARTESIAN_POINT('',(-19.480707489648,14.2838460112056,3.62152806108939));
#5608=CARTESIAN_POINT('',(-17.5513464506042,16.5974835234323,3.52222250715275));
#5609=CARTESIAN_POINT('',(-15.3490161900077,18.6529869582036,3.42291695321612));
#5610=CARTESIAN_POINT('',(-12.907969005057,20.4183877775007,3.3236113992795));
#5611=CARTESIAN_POINT('',(-10.2661683235771,21.8662297947547,3.22430584534288));
#5612=CARTESIAN_POINT('',(-8.39852647986441,22.6047391471129,3.1581021427185));
#5613=CARTESIAN_POINT('',(-7.44535406626873,22.914443638196,3.12500029140632));
#5614=CARTESIAN_POINT('',(-8.28165544924862,25.4883146367101,4.68749956289052));
#5615=VECTOR('',#5616,1.);
#5616=DIRECTION('',(0.267616567329818,-0.823639103546332,-0.5));
#5617=CARTESIAN_POINT('',(3.71629705584889,26.5410839302522,3.12500029140632));
#5618=CARTESIAN_POINT('',(-7.44535406626873,22.914443638196,3.12500029140632));
#5619=VECTOR('',#5620,1.);
#5620=DIRECTION('',(0.951056516295153,0.309016994374949,3.78397364532693E-17));
#5621=CARTESIAN_POINT('',(3.71629705584888,26.5410839302522,3.12500029140632));
#5622=CARTESIAN_POINT('',(-0.328559140077631,27.1074469021548,4.15763310537718));
#5623=CARTESIAN_POINT('',(-4.39724109552624,26.7504373685643,4.68749956289052));
#5624=CARTESIAN_POINT('',(-8.28165544924861,25.4883146367101,4.68749956289053));
#5625=CARTESIAN_POINT('',(3.71629705642291,26.5410839304387,1.87499970859368));
#5626=CARTESIAN_POINT('',(-7.44535406626873,22.914443638196,1.87499970859368));
#5627=VECTOR('',#5628,1.);
#5628=DIRECTION('',(0.951056516295153,0.309016994374948,0.));
#5629=CARTESIAN_POINT('',(3.71629705584889,26.5410839302522,3.12500029140632));
#5630=CARTESIAN_POINT('',(3.7320237977921,26.5388819549499,3.12098533472317));
#5631=CARTESIAN_POINT('',(3.76315096391567,26.5344952631093,3.11271836664833));
#5632=CARTESIAN_POINT('',(3.80946921057368,26.5278845070722,3.09939823200459));
#5633=CARTESIAN_POINT('',(3.85443299740821,26.5213878496129,3.08542890608984));
#5634=CARTESIAN_POINT('',(3.89809571515007,26.5150047317208,3.07080750940229));
#5635=CARTESIAN_POINT('',(3.94015595128812,26.5087863596373,3.05565327661316));
#5636=CARTESIAN_POINT('',(3.98075726788684,26.5027188921644,3.03993765793428));
#5637=CARTESIAN_POINT('',(4.01965851404988,26.4968458809258,3.0237854684066));
#5638=CARTESIAN_POINT('',(4.05725629058829,26.491114267307,3.00705500923699));
#5639=CARTESIAN_POINT('',(4.09328207262446,26.4855709657264,2.9898770819696));
#5640=CARTESIAN_POINT('',(4.12774184149418,26.4802214816766,2.97227215333446));
#5641=CARTESIAN_POINT('',(4.16004524830759,26.4751649269636,2.95460378310277));
#5642=CARTESIAN_POINT('',(4.19044916853262,26.4703688963651,2.93682030604448));
#5643=CARTESIAN_POINT('',(4.21864119331394,26.4658897659066,2.91919850826888));
#5644=CARTESIAN_POINT('',(4.24488035838948,26.46169317011,2.90168327307572));
#5645=CARTESIAN_POINT('',(4.27126472480187,26.4574477289046,2.88290056001809));
#5646=CARTESIAN_POINT('',(4.29782368303571,26.4531467486159,2.86256275288486));
#5647=CARTESIAN_POINT('',(4.32428260224997,26.4488335901816,2.84053284253801));
#5648=CARTESIAN_POINT('',(4.34613417717844,26.4452500588216,2.82072475914657));
#5649=CARTESIAN_POINT('',(4.36397222327244,26.4423112157683,2.80331165358682));
#5650=CARTESIAN_POINT('',(4.38020304410208,26.4396277716089,2.78646629170695));
#5651=CARTESIAN_POINT('',(4.39887503294633,26.4365286041085,2.76558372802047));
#5652=CARTESIAN_POINT('',(4.41954429305106,26.4330812631053,2.73988205051625));
#5653=CARTESIAN_POINT('',(4.43853158449058,26.4298986066857,2.71286450765533));
#5654=CARTESIAN_POINT('',(4.45430437403013,26.4272442057693,2.68706531637293));
#5655=CARTESIAN_POINT('',(4.4685636661158,26.4248369316294,2.66028269019905));
#5656=CARTESIAN_POINT('',(4.48299049624887,26.4223933333,2.62764718619886));
#5657=CARTESIAN_POINT('',(4.4955711437895,26.4202550886725,2.58912671249519));
#5658=CARTESIAN_POINT('',(4.50361601424509,26.4188843725915,2.54920632750343));
#5659=CARTESIAN_POINT('',(4.50618116763925,26.4184467988636,2.51957025381291));
#5660=CARTESIAN_POINT('',(4.50658096407939,26.4183786036841,2.49496993255504));
#5661=CARTESIAN_POINT('',(4.50549526071469,26.4185638085676,2.46674192966402));
#5662=CARTESIAN_POINT('',(4.49899085658671,26.4196729852217,2.42258476991615));
#5663=CARTESIAN_POINT('',(4.48177275183804,26.4226020109677,2.3662952112527));
#5664=CARTESIAN_POINT('',(4.45258844490543,26.4275400958581,2.30718893569404));
#5665=CARTESIAN_POINT('',(4.41624286626274,26.433639607119,2.25457303441507));
#5666=CARTESIAN_POINT('',(4.38087133460469,26.439522023318,2.21365472710717));
#5667=CARTESIAN_POINT('',(4.3492035807638,26.4447484000768,2.18189803809787));
#5668=CARTESIAN_POINT('',(4.31527583286469,26.4503094044775,2.15142345889113));
#5669=CARTESIAN_POINT('',(4.27394394377029,26.4570248112483,2.11855916940839));
#5670=CARTESIAN_POINT('',(4.22774532132684,26.4644464863375,2.08635135038467));
#5671=CARTESIAN_POINT('',(4.18538566866039,26.471173969187,2.06000690088244));
#5672=CARTESIAN_POINT('',(4.14966771638038,26.4767935550717,2.03959631885204));
#5673=CARTESIAN_POINT('',(4.1192182297155,26.4815470968162,2.02331045615773));
#5674=CARTESIAN_POINT('',(4.090138885336,26.4860536479184,2.0086495041606));
#5675=CARTESIAN_POINT('',(4.06172850788079,26.4904254061159,1.9950920661296));
#5676=CARTESIAN_POINT('',(4.03312351980511,26.4947956331219,1.98215416202872));
#5677=CARTESIAN_POINT('',(4.00420532972236,26.4991816534857,1.96974528894316));
#5678=CARTESIAN_POINT('',(3.97488159738253,26.5035962478705,1.95780234967091));
#5679=CARTESIAN_POINT('',(3.9449488378022,26.5080683915589,1.94622976663735));
#5680=CARTESIAN_POINT('',(3.91434987768859,26.5126044081118,1.93500403916894));
#5681=CARTESIAN_POINT('',(3.88291060295601,26.5172274182807,1.92406730291355));
#5682=CARTESIAN_POINT('',(3.85077917697932,26.5219128204927,1.91347854670055));
#5683=CARTESIAN_POINT('',(3.81792932432661,26.526661849874,1.90323248791666));
#5684=CARTESIAN_POINT('',(3.78452433017562,26.5314485586192,1.89338020229848));
#5685=CARTESIAN_POINT('',(3.75056281020013,26.5362709425069,1.88391941290612));
#5686=CARTESIAN_POINT('',(3.727765204991,26.5394781690881,1.87792752587149));
#5687=CARTESIAN_POINT('',(3.7162970564043,26.5410839303078,1.87499970859368));
#5688=AXIS2_PLACEMENT_3D('',#5689,#5690,#5691);
#5689=CARTESIAN_POINT('',(-7.55686102131292,23.2576267580161,2.5));
#5690=DIRECTION('',(0.951056516295153,0.309016994374948,0.));
#5691=DIRECTION('',(0.154508497187474,-0.475528258147575,0.86602540378444));
#5692=CARTESIAN_POINT('',(3.71629705584887,26.5410839302522,1.87499970859368));
#5693=CARTESIAN_POINT('',(-0.328559140077652,27.1074469021547,0.842366894622824));
#5694=CARTESIAN_POINT('',(-4.39724109552625,26.7504373685643,0.312500437109479));
#5695=CARTESIAN_POINT('',(-8.28165544924861,25.4883146367101,0.312500437109478));
#5696=CARTESIAN_POINT('',(15.7679491924311,-31.3108891324554,7.));
#5697=CARTESIAN_POINT('',(10.0446485634311,-28.2684459289357,7.));
#5698=VECTOR('',#5699,1.);
#5699=DIRECTION('',(0.882991698024122,-0.469388603632936,0.));
#5700=CARTESIAN_POINT('',(15.7279342674966,-29.0245906833794,5.));
#5701=CARTESIAN_POINT('',(12.4627177504769,-27.2888377596399,5.));
#5702=VECTOR('',#5703,1.);
#5703=DIRECTION('',(0.882991698024123,-0.469388603632935,0.));
#5704=CARTESIAN_POINT('',(15.7679491924311,-31.3108891324554,7.));
#5705=VECTOR('',#5706,1.);
#5706=DIRECTION('',(-0.0131719565163502,0.75259478316926,-0.658352179238396));
#5707=CARTESIAN_POINT('',(15.7679491924311,-31.3108891324554,23.));
#5708=CARTESIAN_POINT('',(15.7679491924311,-31.3108891324554,7.));
#5709=VECTOR('',#5710,1.);
#5710=DIRECTION('',(0.,0.,1.));
#5711=CARTESIAN_POINT('',(10.0446485634311,-28.2684459289357,23.));
#5712=VECTOR('',#5713,1.);
#5713=DIRECTION('',(0.882991698024122,-0.469388603632936,0.));
#5714=CARTESIAN_POINT('',(10.1892040344574,-26.0802630574194,25.));
#5715=CARTESIAN_POINT('',(10.0446485634311,-28.2684459289357,23.));
#5716=CARTESIAN_POINT('',(10.0582526709927,-28.0839161161744,23.1693239057582));
#5717=CARTESIAN_POINT('',(10.0846609184394,-27.7163749157197,23.5062554648348));
#5718=CARTESIAN_POINT('',(10.1220253802599,-27.1670554561444,24.0088384397624));
#5719=CARTESIAN_POINT('',(10.1569587736444,-26.6222872623429,24.5062615689776));
#5720=CARTESIAN_POINT('',(10.1787290116404,-26.2604323454946,24.8359951580576));
#5721=CARTESIAN_POINT('',(10.1892040344574,-26.0802630574194,25.));
#5722=CARTESIAN_POINT('',(-10.1892040344575,-26.0802630574194,25.));
#5723=AXIS2_PLACEMENT_3D('',#5724,#5725,#5726);
#5724=CARTESIAN_POINT('',(0.,0.,25.));
#5725=DIRECTION('',(0.,0.,1.));
#5726=DIRECTION('',(-0.363900144087768,-0.931437966336407,0.));
#5727=CARTESIAN_POINT('',(-10.0446485634312,-28.2684459289357,23.));
#5728=CARTESIAN_POINT('',(-10.0582526709928,-28.0839161161744,23.1693239057582));
#5729=CARTESIAN_POINT('',(-10.0846609184394,-27.7163749157197,23.5062554648348));
#5730=CARTESIAN_POINT('',(-10.12202538026,-27.1670554561444,24.0088384397625));
#5731=CARTESIAN_POINT('',(-10.1569587736444,-26.6222872623429,24.5062615689777));
#5732=CARTESIAN_POINT('',(-10.1787290116405,-26.2604323454946,24.8359951580576));
#5733=CARTESIAN_POINT('',(-10.1892040344575,-26.0802630574194,25.));
#5734=CARTESIAN_POINT('',(-15.7679491924311,-31.3108891324553,7.));
#5735=CARTESIAN_POINT('',(-15.7679491924311,-31.3108891324553,7.));
#5736=VECTOR('',#5737,1.);
#5737=DIRECTION('',(0.882991698024123,0.469388603632935,0.));
#5738=CARTESIAN_POINT('',(-15.7679491924311,-31.3108891324553,23.));
#5739=CARTESIAN_POINT('',(-15.7679491924312,-31.3108891324553,23.));
#5740=VECTOR('',#5741,1.);
#5741=DIRECTION('',(0.882991698024123,0.469388603632934,0.));
#5742=CARTESIAN_POINT('',(-15.7679491924311,-31.3108891324553,7.));
#5743=VECTOR('',#5744,1.);
#5744=DIRECTION('',(0.,0.,1.));
#5745=CARTESIAN_POINT('',(-15.7279342674966,-29.0245906833794,5.));
#5746=CARTESIAN_POINT('',(-15.7679491924311,-31.3108891324553,7.));
#5747=VECTOR('',#5748,1.);
#5748=DIRECTION('',(0.013171956516352,0.752594783169259,-0.658352179238398));
#5749=CARTESIAN_POINT('',(-15.7279342674966,-29.0245906833794,5.));
#5750=VECTOR('',#5751,1.);
#5751=DIRECTION('',(0.882991698024123,0.469388603632934,0.));
#5752=CARTESIAN_POINT('',(-17.2720657325034,-28.1330859663935,5.));
#5753=CARTESIAN_POINT('',(-17.4014678643618,-24.4374490519282,5.00000000000001));
#5754=VECTOR('',#5755,1.);
#5755=DIRECTION('',(0.0349933940190323,-0.999387543636116,0.));
#5756=CARTESIAN_POINT('',(-17.2720657325034,-28.1330859663935,4.99999999999999));
#5757=VECTOR('',#5758,1.);
#5758=DIRECTION('',(0.866025403784439,-0.5,0.));
#5759=CARTESIAN_POINT('',(-19.2320508075689,-29.3108891324553,7.));
#5760=CARTESIAN_POINT('',(-19.4588680182495,-22.8331437924861,7.));
#5761=VECTOR('',#5762,1.);
#5762=DIRECTION('',(0.034993394019034,-0.999387543636115,0.));
#5763=CARTESIAN_POINT('',(-19.2320508075689,-29.3108891324553,7.));
#5764=VECTOR('',#5765,1.);
#5765=DIRECTION('',(0.645180222722044,0.387704640545335,-0.658352179238397));
#5766=CARTESIAN_POINT('',(-19.2320508075689,-29.3108891324553,23.));
#5767=CARTESIAN_POINT('',(-19.2320508075689,-29.3108891324553,7.));
#5768=VECTOR('',#5769,1.);
#5769=DIRECTION('',(0.,0.,1.));
#5770=CARTESIAN_POINT('',(-19.4588680182495,-22.8331437924861,23.));
#5771=VECTOR('',#5772,1.);
#5772=DIRECTION('',(0.0349933940190336,-0.999387543636115,-5.48113210748067E-16));
#5773=CARTESIAN_POINT('',(-17.4915683278773,-21.8642410668927,25.));
#5774=CARTESIAN_POINT('',(-19.4588680182495,-22.8331437924861,23.));
#5775=CARTESIAN_POINT('',(-19.2922584588619,-22.7526603888496,23.1693239057582));
#5776=CARTESIAN_POINT('',(-18.9607543186074,-22.5917600017805,23.5062554648348));
#5777=CARTESIAN_POINT('',(-18.4663474809117,-22.3494588451281,24.0088384397624));
#5778=CARTESIAN_POINT('',(-17.9770976892136,-22.1073279543387,24.5062615689776));
#5779=CARTESIAN_POINT('',(-17.6528370197406,-21.9452540750656,24.8359951580576));
#5780=CARTESIAN_POINT('',(-17.4915683278773,-21.8642410668927,25.));
#5781=CARTESIAN_POINT('',(-27.6807723623348,-4.21602199052659,25.));
#5782=AXIS2_PLACEMENT_3D('',#5783,#5784,#5785);
#5783=CARTESIAN_POINT('',(0.,0.,25.));
#5784=DIRECTION('',(0.,0.,1.));
#5785=DIRECTION('',(-0.988599012940527,-0.150572213947378,0.));
#5786=CARTESIAN_POINT('',(-29.5035165816807,-5.43530213644954,23.));
#5787=CARTESIAN_POINT('',(-29.3505111298546,-5.33125572732478,23.1693239057582));
#5788=CARTESIAN_POINT('',(-29.0454152370468,-5.12461491393922,23.5062554648348));
#5789=CARTESIAN_POINT('',(-28.5883728611717,-4.81759661101614,24.0088384397625));
#5790=CARTESIAN_POINT('',(-28.134056462858,-4.5149593080041,24.5062615689776));
#5791=CARTESIAN_POINT('',(-27.8315660313811,-4.31517827042894,24.8359951580576));
#5792=CARTESIAN_POINT('',(-27.6807723623348,-4.21602199052659,25.));
#5793=CARTESIAN_POINT('',(-35.,-1.99999999999997,7.));
#5794=CARTESIAN_POINT('',(-35.,-1.99999999999997,7.));
#5795=VECTOR('',#5796,1.);
#5796=DIRECTION('',(0.847998304005087,-0.529998940003181,0.));
#5797=CARTESIAN_POINT('',(-35.,-1.99999999999997,23.));
#5798=CARTESIAN_POINT('',(-35.,-1.99999999999997,23.));
#5799=VECTOR('',#5800,1.);
#5800=DIRECTION('',(0.847998304005087,-0.529998940003181,0.));
#5801=CARTESIAN_POINT('',(-35.,-1.99999999999997,7.));
#5802=VECTOR('',#5803,1.);
#5803=DIRECTION('',(0.,0.,1.));
#5804=CARTESIAN_POINT('',(-33.,-0.891504716985812,5.));
#5805=CARTESIAN_POINT('',(-35.,-1.99999999999997,7.));
#5806=VECTOR('',#5807,1.);
#5807=DIRECTION('',(0.658352179238396,0.364890142623927,-0.658352179238396));
#5808=CARTESIAN_POINT('',(-33.,-0.891504716985811,5.00000000000001));
#5809=VECTOR('',#5810,1.);
#5810=DIRECTION('',(0.847998304005088,-0.529998940003181,0.));
#5811=CARTESIAN_POINT('',(-33.,0.891504716985878,5.));
#5812=CARTESIAN_POINT('',(-29.8641856148398,2.85138870771098,5.));
#5813=VECTOR('',#5814,1.);
#5814=DIRECTION('',(-0.847998304005088,-0.529998940003179,0.));
#5815=CARTESIAN_POINT('',(-33.,0.89150471698588,5.));
#5816=VECTOR('',#5817,1.);
#5817=DIRECTION('',(0.,-1.,0.));
#5818=CARTESIAN_POINT('',(-35.,2.00000000000003,7.));
#5819=CARTESIAN_POINT('',(-29.5035165816807,5.43530213644961,7.));
#5820=VECTOR('',#5821,1.);
#5821=DIRECTION('',(-0.847998304005088,-0.529998940003179,0.));
#5822=CARTESIAN_POINT('',(-35.,2.00000000000003,7.));
#5823=VECTOR('',#5824,1.);
#5824=DIRECTION('',(0.658352179238396,-0.364890142623925,-0.658352179238396));
#5825=CARTESIAN_POINT('',(-35.,2.00000000000003,23.));
#5826=CARTESIAN_POINT('',(-35.,2.00000000000003,7.));
#5827=VECTOR('',#5828,1.);
#5828=DIRECTION('',(0.,0.,1.));
#5829=CARTESIAN_POINT('',(-29.5035165816807,5.4353021364496,23.));
#5830=VECTOR('',#5831,1.);
#5831=DIRECTION('',(-0.847998304005089,-0.529998940003179,-5.48113210748066E-16));
#5832=CARTESIAN_POINT('',(-27.6807723623348,4.21602199052665,25.));
#5833=CARTESIAN_POINT('',(-29.5035165816807,5.4353021364496,23.));
#5834=CARTESIAN_POINT('',(-29.3505111298546,5.33125572732484,23.1693239057582));
#5835=CARTESIAN_POINT('',(-29.0454152370468,5.12461491393927,23.5062554648348));
#5836=CARTESIAN_POINT('',(-28.5883728611716,4.8175966110162,24.0088384397624));
#5837=CARTESIAN_POINT('',(-28.134056462858,4.51495930800413,24.5062615689776));
#5838=CARTESIAN_POINT('',(-27.8315660313811,4.31517827042898,24.8359951580576));
#5839=CARTESIAN_POINT('',(-27.6807723623347,4.21602199052663,25.));
#5840=CARTESIAN_POINT('',(-17.4915683278773,21.8642410668928,25.));
#5841=AXIS2_PLACEMENT_3D('',#5842,#5843,#5844);
#5842=CARTESIAN_POINT('',(0.,0.,25.));
#5843=DIRECTION('',(0.,0.,1.));
#5844=DIRECTION('',(-0.624698868852759,0.780865752389028,0.));
#5845=CARTESIAN_POINT('',(-19.4588680182495,22.8331437924861,23.));
#5846=CARTESIAN_POINT('',(-19.2922584588618,22.7526603888496,23.1693239057582));
#5847=CARTESIAN_POINT('',(-18.9607543186073,22.5917600017805,23.5062554648348));
#5848=CARTESIAN_POINT('',(-18.4663474809116,22.3494588451282,24.0088384397624));
#5849=CARTESIAN_POINT('',(-17.9770976892136,22.1073279543387,24.5062615689776));
#5850=CARTESIAN_POINT('',(-17.6528370197406,21.9452540750656,24.8359951580576));
#5851=CARTESIAN_POINT('',(-17.4915683278773,21.8642410668928,25.));
#5852=CARTESIAN_POINT('',(-19.2320508075689,29.3108891324554,7.));
#5853=CARTESIAN_POINT('',(-19.2320508075689,29.3108891324554,7.));
#5854=VECTOR('',#5855,1.);
#5855=DIRECTION('',(-0.0349933940190352,-0.999387543636115,0.));
#5856=CARTESIAN_POINT('',(-19.2320508075689,29.3108891324554,23.));
#5857=CARTESIAN_POINT('',(-19.2320508075689,29.3108891324554,23.));
#5858=VECTOR('',#5859,1.);
#5859=DIRECTION('',(-0.0349933940190352,-0.999387543636115,0.));
#5860=CARTESIAN_POINT('',(-19.2320508075689,29.3108891324554,7.));
#5861=VECTOR('',#5862,1.);
#5862=DIRECTION('',(0.,0.,1.));
#5863=CARTESIAN_POINT('',(-17.2720657325034,28.1330859663936,4.99999999999999));
#5864=CARTESIAN_POINT('',(-19.2320508075689,29.3108891324554,7.));
#5865=VECTOR('',#5866,1.);
#5866=DIRECTION('',(0.645180222722044,-0.387704640545334,-0.658352179238398));
#5867=CARTESIAN_POINT('',(-17.2720657325034,28.1330859663936,5.));
#5868=VECTOR('',#5869,1.);
#5869=DIRECTION('',(-0.0349933940190352,-0.999387543636115,0.));
#5870=CARTESIAN_POINT('',(-15.7279342674966,29.0245906833794,5.));
#5871=CARTESIAN_POINT('',(-12.4627177504769,27.2888377596399,5.));
#5872=VECTOR('',#5873,1.);
#5873=DIRECTION('',(-0.882991698024122,0.469388603632936,0.));
#5874=CARTESIAN_POINT('',(-15.7279342674966,29.0245906833794,4.99999999999999));
#5875=VECTOR('',#5876,1.);
#5876=DIRECTION('',(-0.866025403784438,-0.500000000000001,0.));
#5877=CARTESIAN_POINT('',(-15.7679491924311,31.3108891324554,7.));
#5878=CARTESIAN_POINT('',(-10.0446485634311,28.2684459289357,7.));
#5879=VECTOR('',#5880,1.);
#5880=DIRECTION('',(-0.882991698024122,0.469388603632936,0.));
#5881=CARTESIAN_POINT('',(-15.7679491924311,31.3108891324554,7.));
#5882=VECTOR('',#5883,1.);
#5883=DIRECTION('',(0.0131719565163514,-0.752594783169259,-0.658352179238398));
#5884=CARTESIAN_POINT('',(-15.7679491924311,31.3108891324554,23.));
#5885=CARTESIAN_POINT('',(-15.7679491924311,31.3108891324554,7.));
#5886=VECTOR('',#5887,1.);
#5887=DIRECTION('',(0.,0.,1.));
#5888=CARTESIAN_POINT('',(-10.0446485634312,28.2684459289357,23.));
#5889=VECTOR('',#5890,1.);
#5890=DIRECTION('',(-0.882991698024122,0.469388603632936,0.));
#5891=CARTESIAN_POINT('',(-10.1892040344575,26.0802630574194,25.));
#5892=CARTESIAN_POINT('',(-10.0446485634311,28.2684459289357,23.));
#5893=CARTESIAN_POINT('',(-10.0582526709927,28.0839161161744,23.1693239057582));
#5894=CARTESIAN_POINT('',(-10.0846609184394,27.7163749157197,23.5062554648348));
#5895=CARTESIAN_POINT('',(-10.12202538026,27.1670554561443,24.0088384397624));
#5896=CARTESIAN_POINT('',(-10.1569587736444,26.6222872623428,24.5062615689776));
#5897=CARTESIAN_POINT('',(-10.1787290116404,26.2604323454945,24.8359951580576));
#5898=CARTESIAN_POINT('',(-10.1892040344575,26.0802630574194,25.));
#5899=CARTESIAN_POINT('',(10.1892040344575,26.0802630574194,25.));
#5900=AXIS2_PLACEMENT_3D('',#5901,#5902,#5903);
#5901=CARTESIAN_POINT('',(0.,0.,25.));
#5902=DIRECTION('',(0.,0.,1.));
#5903=DIRECTION('',(0.363900144087768,0.931437966336407,0.));
#5904=CARTESIAN_POINT('',(10.0446485634312,28.2684459289357,23.));
#5905=CARTESIAN_POINT('',(10.0582526709927,28.0839161161744,23.1693239057582));
#5906=CARTESIAN_POINT('',(10.0846609184394,27.7163749157197,23.5062554648348));
#5907=CARTESIAN_POINT('',(10.12202538026,27.1670554561444,24.0088384397625));
#5908=CARTESIAN_POINT('',(10.1569587736444,26.6222872623429,24.5062615689777));
#5909=CARTESIAN_POINT('',(10.1787290116405,26.2604323454946,24.8359951580576));
#5910=CARTESIAN_POINT('',(10.1892040344575,26.0802630574194,25.));
#5911=CARTESIAN_POINT('',(15.7679491924311,31.3108891324553,7.));
#5912=CARTESIAN_POINT('',(15.7679491924311,31.3108891324553,7.));
#5913=VECTOR('',#5914,1.);
#5914=DIRECTION('',(-0.882991698024123,-0.469388603632935,0.));
#5915=CARTESIAN_POINT('',(15.7679491924311,31.3108891324553,23.));
#5916=CARTESIAN_POINT('',(15.7679491924311,31.3108891324553,23.));
#5917=VECTOR('',#5918,1.);
#5918=DIRECTION('',(-0.882991698024123,-0.469388603632935,5.48113210748065E-16));
#5919=CARTESIAN_POINT('',(15.7679491924311,31.3108891324553,7.));
#5920=VECTOR('',#5921,1.);
#5921=DIRECTION('',(0.,0.,1.));
#5922=CARTESIAN_POINT('',(15.7279342674966,29.0245906833794,5.));
#5923=CARTESIAN_POINT('',(15.7679491924311,31.3108891324553,7.));
#5924=VECTOR('',#5925,1.);
#5925=DIRECTION('',(-0.013171956516355,-0.75259478316926,-0.658352179238397));
#5926=CARTESIAN_POINT('',(15.7279342674966,29.0245906833794,5.));
#5927=VECTOR('',#5928,1.);
#5928=DIRECTION('',(-0.882991698024123,-0.469388603632935,0.));
#5929=CARTESIAN_POINT('',(17.2720657325034,28.1330859663935,5.));
#5930=CARTESIAN_POINT('',(17.4014678643618,24.4374490519282,5.));
#5931=VECTOR('',#5932,1.);
#5932=DIRECTION('',(-0.0349933940190342,0.999387543636116,0.));
#5933=CARTESIAN_POINT('',(17.2720657325034,28.1330859663935,5.));
#5934=VECTOR('',#5935,1.);
#5935=DIRECTION('',(-0.866025403784438,0.500000000000001,0.));
#5936=CARTESIAN_POINT('',(19.2320508075689,29.3108891324553,7.));
#5937=CARTESIAN_POINT('',(19.4588680182495,22.8331437924861,7.));
#5938=VECTOR('',#5939,1.);
#5939=DIRECTION('',(-0.034993394019034,0.999387543636115,0.));
#5940=CARTESIAN_POINT('',(19.2320508075689,29.3108891324553,7.));
#5941=VECTOR('',#5942,1.);
#5942=DIRECTION('',(-0.645180222722044,-0.387704640545335,-0.658352179238396));
#5943=CARTESIAN_POINT('',(19.2320508075689,29.3108891324553,23.));
#5944=CARTESIAN_POINT('',(19.2320508075689,29.3108891324553,7.));
#5945=VECTOR('',#5946,1.);
#5946=DIRECTION('',(0.,0.,1.));
#5947=CARTESIAN_POINT('',(19.4588680182495,22.8331437924861,23.));
#5948=VECTOR('',#5949,1.);
#5949=DIRECTION('',(-0.0349933940190336,0.999387543636115,0.));
#5950=CARTESIAN_POINT('',(17.4915683278773,21.8642410668928,25.));
#5951=CARTESIAN_POINT('',(19.4588680182495,22.8331437924861,23.));
#5952=CARTESIAN_POINT('',(19.2922584588619,22.7526603888496,23.1693239057582));
#5953=CARTESIAN_POINT('',(18.9607543186074,22.5917600017805,23.5062554648348));
#5954=CARTESIAN_POINT('',(18.4663474809117,22.3494588451282,24.0088384397624));
#5955=CARTESIAN_POINT('',(17.9770976892136,22.1073279543387,24.5062615689776));
#5956=CARTESIAN_POINT('',(17.6528370197407,21.9452540750656,24.8359951580576));
#5957=CARTESIAN_POINT('',(17.4915683278773,21.8642410668928,25.));
#5958=CARTESIAN_POINT('',(27.6807723623348,4.21602199052661,25.));
#5959=AXIS2_PLACEMENT_3D('',#5960,#5961,#5962);
#5960=CARTESIAN_POINT('',(0.,0.,25.));
#5961=DIRECTION('',(0.,0.,1.));
#5962=DIRECTION('',(0.988599012940527,0.150572213947379,0.));
#5963=CARTESIAN_POINT('',(29.5035165816807,5.43530213644955,23.));
#5964=CARTESIAN_POINT('',(29.3525988181596,5.33267538418593,23.1670135662957));
#5965=CARTESIAN_POINT('',(29.0502881227589,5.12790978044392,23.5008787987379));
#5966=CARTESIAN_POINT('',(28.5953713331171,4.82227872950387,24.001158827843));
#5967=CARTESIAN_POINT('',(28.138975026896,4.51821409981333,24.5008946771201));
#5968=CARTESIAN_POINT('',(27.8336852776052,4.31657181524097,24.8336902366405));
#5969=CARTESIAN_POINT('',(27.6807723625728,4.21602199090741,25.000000000449));
#5970=CARTESIAN_POINT('',(35.,1.99999999999998,7.));
#5971=CARTESIAN_POINT('',(35.,1.99999999999998,7.));
#5972=VECTOR('',#5973,1.);
#5973=DIRECTION('',(-0.847998304005088,0.529998940003181,0.));
#5974=CARTESIAN_POINT('',(35.,1.99999999999998,23.));
#5975=CARTESIAN_POINT('',(35.,1.99999999999998,23.));
#5976=VECTOR('',#5977,1.);
#5977=DIRECTION('',(-0.847998304005088,0.52999894000318,5.48113210748065E-16));
#5978=CARTESIAN_POINT('',(35.,1.99999999999998,7.));
#5979=VECTOR('',#5980,1.);
#5980=DIRECTION('',(0.,0.,1.));
#5981=CARTESIAN_POINT('',(33.,0.891504716985835,5.));
#5982=CARTESIAN_POINT('',(35.,1.99999999999998,7.));
#5983=VECTOR('',#5984,1.);
#5984=DIRECTION('',(-0.658352179238397,-0.364890142623924,-0.658352179238396));
#5985=CARTESIAN_POINT('',(33.,0.891504716985835,5.));
#5986=VECTOR('',#5987,1.);
#5987=DIRECTION('',(-0.847998304005088,0.52999894000318,0.));
#5988=CARTESIAN_POINT('',(33.,-0.891504716985868,5.));
#5989=CARTESIAN_POINT('',(29.8641856148386,-2.85138870771173,5.));
#5990=VECTOR('',#5991,1.);
#5991=DIRECTION('',(0.847998304005088,0.52999894000318,0.));
#5992=CARTESIAN_POINT('',(33.,-0.891504716985869,5.));
#5993=VECTOR('',#5994,1.);
#5994=DIRECTION('',(0.,1.,0.));
#5995=CARTESIAN_POINT('',(35.,-2.00000000000002,7.));
#5996=CARTESIAN_POINT('',(29.5035165816807,-5.43530213644959,7.));
#5997=VECTOR('',#5998,1.);
#5998=DIRECTION('',(0.847998304005088,0.52999894000318,0.));
#5999=CARTESIAN_POINT('',(35.,-2.00000000000001,7.));
#6000=VECTOR('',#6001,1.);
#6001=DIRECTION('',(-0.658352179238397,0.364890142623923,-0.658352179238397));
#6002=CARTESIAN_POINT('',(35.,-2.00000000000002,23.));
#6003=CARTESIAN_POINT('',(35.,-2.00000000000002,7.));
#6004=VECTOR('',#6005,1.);
#6005=DIRECTION('',(0.,0.,1.));
#6006=CARTESIAN_POINT('',(29.5035165816807,-5.43530213644959,23.));
#6007=VECTOR('',#6008,1.);
#6008=DIRECTION('',(0.847998304005088,0.52999894000318,0.));
#6009=CARTESIAN_POINT('',(17.4915683278772,-21.8642410668928,25.));
#6010=CARTESIAN_POINT('',(19.4588680182495,-22.8331437924861,23.));
#6011=CARTESIAN_POINT('',(19.2922584588618,-22.7526603888496,23.1693239057582));
#6012=CARTESIAN_POINT('',(18.9607543186073,-22.5917600017805,23.5062554648348));
#6013=CARTESIAN_POINT('',(18.4663474809116,-22.3494588451282,24.0088384397624));
#6014=CARTESIAN_POINT('',(17.9770976892135,-22.1073279543387,24.5062615689776));
#6015=CARTESIAN_POINT('',(17.6528370197406,-21.9452540750656,24.8359951580576));
#6016=CARTESIAN_POINT('',(17.4915683278772,-21.8642410668928,25.));
#6017=CARTESIAN_POINT('',(27.6807723623348,-4.21602199052663,25.));
#6018=CARTESIAN_POINT('',(29.5035165816807,-5.43530213644962,23.));
#6019=CARTESIAN_POINT('',(29.3525988181597,-5.33267538418596,23.1670135662957));
#6020=CARTESIAN_POINT('',(29.0502881227589,-5.12790978044392,23.5008787987379));
#6021=CARTESIAN_POINT('',(28.595371333117,-4.82227872950393,24.001158827843));
#6022=CARTESIAN_POINT('',(28.138975026896,-4.51821409981336,24.5008946771201));
#6023=CARTESIAN_POINT('',(27.8336852776053,-4.31657181524102,24.8336902366405));
#6024=CARTESIAN_POINT('',(27.6807723625728,-4.2160219909075,25.0000000004491));
#6025=AXIS2_PLACEMENT_3D('',#6026,#6027,#6028);
#6026=CARTESIAN_POINT('',(0.,0.,25.));
#6027=DIRECTION('',(0.,0.,1.));
#6028=DIRECTION('',(0.624698868852759,-0.780865752389029,0.));
#6029=CARTESIAN_POINT('',(19.2320508075688,-29.3108891324554,7.));
#6030=CARTESIAN_POINT('',(19.2320508075688,-29.3108891324554,7.));
#6031=VECTOR('',#6032,1.);
#6032=DIRECTION('',(0.0349933940190356,0.999387543636115,0.));
#6033=CARTESIAN_POINT('',(19.2320508075688,-29.3108891324554,23.));
#6034=CARTESIAN_POINT('',(19.2320508075688,-29.3108891324554,23.));
#6035=VECTOR('',#6036,1.);
#6036=DIRECTION('',(0.0349933940190357,0.999387543636115,0.));
#6037=CARTESIAN_POINT('',(19.2320508075688,-29.3108891324554,7.));
#6038=VECTOR('',#6039,1.);
#6039=DIRECTION('',(0.,0.,1.));
#6040=CARTESIAN_POINT('',(17.2720657325034,-28.1330859663936,5.));
#6041=CARTESIAN_POINT('',(19.2320508075688,-29.3108891324554,7.));
#6042=VECTOR('',#6043,1.);
#6043=DIRECTION('',(-0.645180222722041,0.387704640545338,-0.658352179238398));
#6044=CARTESIAN_POINT('',(17.2720657325034,-28.1330859663936,5.));
#6045=VECTOR('',#6046,1.);
#6046=DIRECTION('',(0.0349933940190352,0.999387543636115,0.));
#6047=CARTESIAN_POINT('',(15.7279342674966,-29.0245906833794,5.));
#6048=VECTOR('',#6049,1.);
#6049=DIRECTION('',(0.866025403784439,0.5,0.));
#6050=CARTESIAN_POINT('',(17.0367925277559,17.036805005234,21.));
#6051=CARTESIAN_POINT('',(17.1745080781365,16.8824134454092,20.999999999704));
#6052=CARTESIAN_POINT('',(17.447149995011,16.5709075139281,21.0000000015066));
#6053=CARTESIAN_POINT('',(17.7636582373297,16.1943194478596,21.0000000035457));
#6054=CARTESIAN_POINT('',(18.0255579972288,15.873268363612,20.9999999985383));
#6055=CARTESIAN_POINT('',(18.2842037343719,15.5491294235969,20.9999999998747));
#6056=CARTESIAN_POINT('',(18.6161887929671,15.1174175847149,21.0000000021756));
#6057=CARTESIAN_POINT('',(18.9848722708728,14.6147856795038,20.9999999995425));
#6058=CARTESIAN_POINT('',(19.3332398576265,14.1160232117394,21.0000000013058));
#6059=CARTESIAN_POINT('',(19.5640455149292,13.7690881813791,21.0000000016402));
#6060=CARTESIAN_POINT('',(19.7911791846166,13.4186855160832,20.9999999970346));
#6061=CARTESIAN_POINT('',(20.0227170009523,13.0512054172615,21.000000000034));
#6062=CARTESIAN_POINT('',(20.3449132640074,12.5113385669242,20.9999999984611));
#6063=CARTESIAN_POINT('',(20.6548802377066,11.9618900192624,21.0000000020016));
#6064=CARTESIAN_POINT('',(20.8860708122332,11.5273297871262,20.9999999986417));
#6065=CARTESIAN_POINT('',(21.0789727320802,11.1497421663031,20.9999999998423));
#6066=CARTESIAN_POINT('',(21.2681508381592,10.7676699414097,21.0000000011587));
#6067=CARTESIAN_POINT('',(21.5107159168258,10.2506677500859,21.0000000005352));
#6068=CARTESIAN_POINT('',(21.7698996566073,9.65948729736117,20.9999999998674));
#6069=CARTESIAN_POINT('',(21.9996382574799,9.09642866781248,21.0000000010395));
#6070=CARTESIAN_POINT('',(22.1543977720087,8.69007623063004,20.99999999832));
#6071=CARTESIAN_POINT('',(22.3045489760369,8.2797488008821,21.0000000017728));
#6072=CARTESIAN_POINT('',(22.4629693257548,7.82488082658659,21.0000000000783));
#6073=CARTESIAN_POINT('',(22.6641114419054,7.19411158296923,21.0000000007059));
#6074=CARTESIAN_POINT('',(22.8501429044173,6.55190879894439,20.9999999990421));
#6075=CARTESIAN_POINT('',(22.9787720067793,6.05828599195447,20.9999999999092));
#6076=CARTESIAN_POINT('',(23.085041100861,5.61930445087033,20.9999999992766));
#6077=CARTESIAN_POINT('',(23.2151383129603,5.04775388710813,21.0000000010459));
#6078=CARTESIAN_POINT('',(23.4075253621601,4.05846159009517,20.9999999994696));
#6079=CARTESIAN_POINT('',(23.5351308471607,3.15862495716054,20.9999999984088));
#6080=CARTESIAN_POINT('',(23.6734647463183,1.87690371929706,21.000000001919));
#6081=CARTESIAN_POINT('',(23.7271015574368,0.96159013898859,20.9999999989745));
#6082=CARTESIAN_POINT('',(23.733458692958,0.0168282230612177,21.000000000172));
#6083=CARTESIAN_POINT('',(23.7291870843494,-0.731857692381568,21.0000000005751));
#6084=CARTESIAN_POINT('',(23.6799791773141,-1.83576654728366,21.0000000011659));
#6085=CARTESIAN_POINT('',(23.5625882070516,-2.93872144342813,20.9999999982594));
#6086=CARTESIAN_POINT('',(23.4308856231672,-3.87110076113606,21.0000000016006));
#6087=CARTESIAN_POINT('',(23.3102723275872,-4.5771458980329,20.9999999987519));
#6088=CARTESIAN_POINT('',(23.1341455946044,-5.41715033233778,21.000000000731));
#6089=CARTESIAN_POINT('',(23.0080462196167,-5.94195794851292,21.0000000004005));
#6090=CARTESIAN_POINT('',(22.8879188649663,-6.40490743329126,21.0000000002997));
#6091=CARTESIAN_POINT('',(22.762006685899,-6.86292494741795,20.9999999995037));
#6092=CARTESIAN_POINT('',(22.5737018709293,-7.48619277613223,20.9999999991851));
#6093=CARTESIAN_POINT('',(22.3504392102703,-8.15582631917163,21.000000001615));
#6094=CARTESIAN_POINT('',(22.1473456178518,-8.71219352495223,20.9999999982668));
#6095=CARTESIAN_POINT('',(21.9783872481675,-9.1459692362182,21.0000000009604));
#6096=CARTESIAN_POINT('',(21.8052898292358,-9.57280329824849,21.0000000007438));
#6097=CARTESIAN_POINT('',(21.5832325059736,-10.0901748512657,20.9999999982017));
#6098=CARTESIAN_POINT('',(21.2985748775844,-10.7067763134874,21.0000000015884));
#6099=CARTESIAN_POINT('',(21.0068279010614,-11.2968571942062,20.9999999980355));
#6100=CARTESIAN_POINT('',(20.7995744914205,-11.690436265633,21.0000000059134));
#6101=CARTESIAN_POINT('',(20.590062926059,-12.0761124406052,20.9999999935353));
#6102=CARTESIAN_POINT('',(20.3718751737998,-12.4651243177165,21.0000000017877));
#6103=CARTESIAN_POINT('',(20.0404328031587,-13.0225566931149,20.9999999977592));
#6104=CARTESIAN_POINT('',(19.6983857485103,-13.5665696130646,21.0000000031663));
#6105=CARTESIAN_POINT('',(19.4069909940536,-14.0058123161706,20.9999999969801));
#6106=CARTESIAN_POINT('',(19.1666923013998,-14.3545011432443,21.0000000013636));
#6107=CARTESIAN_POINT('',(18.9243807110978,-14.6973437670497,20.999999997618));
#6108=CARTESIAN_POINT('',(18.6119727294246,-15.1230619423099,20.9999999989328));
#6109=CARTESIAN_POINT('',(18.2316211281112,-15.6173560266994,21.00000000075));
#6110=CARTESIAN_POINT('',(17.9227861648484,-16.0008791679056,20.9999999949761));
#6111=CARTESIAN_POINT('',(17.6592675058535,-16.3185332322584,21.0000000038059));
#6112=CARTESIAN_POINT('',(17.3932814158115,-16.6324670431271,20.9999999964761));
#6113=CARTESIAN_POINT('',(17.173434531959,-16.8836070721965,20.9999999928428));
#6114=CARTESIAN_POINT('',(17.0367925277559,-17.036805005234,21.));
#6115=CARTESIAN_POINT('',(15.7679491924311,-31.3108891324554,7.));
#6116=VECTOR('',#6117,1.);
#6117=DIRECTION('',(0.866025403784439,0.5,0.));
#6118=CARTESIAN_POINT('',(15.7679491924311,-31.3108891324554,23.));
#6119=VECTOR('',#6120,1.);
#6120=DIRECTION('',(0.866025403784439,0.5,0.));
#6121=CARTESIAN_POINT('',(15.7279342674966,-29.0245906833794,25.));
#6122=CARTESIAN_POINT('',(15.7679491924311,-31.3108891324554,23.));
#6123=VECTOR('',#6124,1.);
#6124=DIRECTION('',(-0.0131719565163526,0.752594783169258,0.658352179238398));
#6125=CARTESIAN_POINT('',(10.1892040344575,-26.0802630574194,25.));
#6126=VECTOR('',#6127,1.);
#6127=DIRECTION('',(0.882991698024122,-0.469388603632936,0.));
#6128=CARTESIAN_POINT('',(17.2720657325034,-28.1330859663936,25.));
#6129=CARTESIAN_POINT('',(15.7279342674966,-29.0245906833794,25.));
#6130=VECTOR('',#6131,1.);
#6131=DIRECTION('',(0.866025403784438,0.500000000000002,0.));
#6132=CARTESIAN_POINT('',(17.2720657325034,-28.1330859663936,25.));
#6133=VECTOR('',#6134,1.);
#6134=DIRECTION('',(0.0349933940190351,0.999387543636115,0.));
#6135=CARTESIAN_POINT('',(33.,-0.891504716985866,25.));
#6136=CARTESIAN_POINT('',(27.6807723623348,-4.21602199052663,25.));
#6137=VECTOR('',#6138,1.);
#6138=DIRECTION('',(0.847998304005088,0.52999894000318,0.));
#6139=CARTESIAN_POINT('',(33.,0.891504716985827,25.));
#6140=CARTESIAN_POINT('',(33.,-0.891504716985868,25.));
#6141=VECTOR('',#6142,1.);
#6142=DIRECTION('',(0.,1.,0.));
#6143=CARTESIAN_POINT('',(33.,0.891504716985827,25.));
#6144=VECTOR('',#6145,1.);
#6145=DIRECTION('',(-0.847998304005087,0.529998940003181,0.));
#6146=CARTESIAN_POINT('',(17.2720657325034,28.1330859663936,25.));
#6147=CARTESIAN_POINT('',(17.4915683278773,21.8642410668928,25.));
#6148=VECTOR('',#6149,1.);
#6149=DIRECTION('',(-0.0349933940190339,0.999387543636116,0.));
#6150=CARTESIAN_POINT('',(15.7279342674966,29.0245906833794,25.));
#6151=CARTESIAN_POINT('',(17.2720657325034,28.1330859663936,25.));
#6152=VECTOR('',#6153,1.);
#6153=DIRECTION('',(-0.866025403784439,0.499999999999999,0.));
#6154=CARTESIAN_POINT('',(15.7279342674966,29.0245906833794,25.));
#6155=VECTOR('',#6156,1.);
#6156=DIRECTION('',(-0.882991698024123,-0.469388603632934,0.));
#6157=CARTESIAN_POINT('',(-15.7279342674966,29.0245906833794,25.));
#6158=CARTESIAN_POINT('',(-10.1892040344575,26.0802630574194,25.));
#6159=VECTOR('',#6160,1.);
#6160=DIRECTION('',(-0.882991698024122,0.469388603632936,0.));
#6161=CARTESIAN_POINT('',(-17.2720657325034,28.1330859663936,25.));
#6162=CARTESIAN_POINT('',(-15.7279342674966,29.0245906833794,25.));
#6163=VECTOR('',#6164,1.);
#6164=DIRECTION('',(-0.86602540378444,-0.499999999999999,0.));
#6165=CARTESIAN_POINT('',(-17.2720657325034,28.1330859663936,25.));
#6166=VECTOR('',#6167,1.);
#6167=DIRECTION('',(-0.0349933940190352,-0.999387543636115,0.));
#6168=CARTESIAN_POINT('',(-33.,0.891504716985877,25.));
#6169=CARTESIAN_POINT('',(-27.6807723623348,4.21602199052664,25.));
#6170=VECTOR('',#6171,1.);
#6171=DIRECTION('',(-0.847998304005088,-0.529998940003179,0.));
#6172=CARTESIAN_POINT('',(-33.,-0.891504716985815,25.));
#6173=CARTESIAN_POINT('',(-33.,0.891504716985879,25.));
#6174=VECTOR('',#6175,1.);
#6175=DIRECTION('',(0.,-1.,0.));
#6176=CARTESIAN_POINT('',(-33.,-0.891504716985814,25.));
#6177=VECTOR('',#6178,1.);
#6178=DIRECTION('',(0.847998304005087,-0.529998940003181,5.66378312690687E-16));
#6179=CARTESIAN_POINT('',(-17.2720657325034,-28.1330859663935,25.));
#6180=CARTESIAN_POINT('',(-17.4915683278773,-21.8642410668928,25.));
#6181=VECTOR('',#6182,1.);
#6182=DIRECTION('',(0.0349933940190334,-0.999387543636116,0.));
#6183=CARTESIAN_POINT('',(-15.7279342674966,-29.0245906833794,25.));
#6184=CARTESIAN_POINT('',(-17.2720657325034,-28.1330859663935,25.));
#6185=VECTOR('',#6186,1.);
#6186=DIRECTION('',(0.866025403784439,-0.499999999999999,0.));
#6187=CARTESIAN_POINT('',(-15.7279342674966,-29.0245906833794,25.));
#6188=VECTOR('',#6189,1.);
#6189=DIRECTION('',(0.882991698024123,0.469388603632934,0.));
#6190=CARTESIAN_POINT('',(-15.7679491924312,-31.3108891324553,23.));
#6191=VECTOR('',#6192,1.);
#6192=DIRECTION('',(0.0131719565163509,0.752594783169258,0.658352179238398));
#6193=CARTESIAN_POINT('',(-19.2320508075689,-29.3108891324553,7.));
#6194=VECTOR('',#6195,1.);
#6195=DIRECTION('',(0.866025403784438,-0.500000000000001,0.));
#6196=CARTESIAN_POINT('',(-19.2320508075689,-29.3108891324553,23.));
#6197=VECTOR('',#6198,1.);
#6198=DIRECTION('',(0.866025403784439,-0.5,0.));
#6199=CARTESIAN_POINT('',(-19.2320508075689,-29.3108891324553,23.));
#6200=VECTOR('',#6201,1.);
#6201=DIRECTION('',(0.645180222722045,0.387704640545331,0.658352179238399));
#6202=CARTESIAN_POINT('',(-35.,-1.99999999999997,23.));
#6203=VECTOR('',#6204,1.);
#6204=DIRECTION('',(0.658352179238396,0.364890142623925,0.658352179238396));
#6205=CARTESIAN_POINT('',(-35.,2.00000000000003,7.));
#6206=VECTOR('',#6207,1.);
#6207=DIRECTION('',(0.,-1.,0.));
#6208=CARTESIAN_POINT('',(-35.,2.00000000000003,23.));
#6209=VECTOR('',#6210,1.);
#6210=DIRECTION('',(0.,-1.,0.));
#6211=CARTESIAN_POINT('',(-35.,2.00000000000003,23.));
#6212=VECTOR('',#6213,1.);
#6213=DIRECTION('',(0.658352179238396,-0.364890142623927,0.658352179238396));
#6214=CARTESIAN_POINT('',(-19.2320508075689,29.3108891324554,23.));
#6215=VECTOR('',#6216,1.);
#6216=DIRECTION('',(0.645180222722044,-0.387704640545336,0.658352179238396));
#6217=CARTESIAN_POINT('',(-15.7679491924311,31.3108891324554,7.));
#6218=VECTOR('',#6219,1.);
#6219=DIRECTION('',(-0.866025403784439,-0.5,0.));
#6220=CARTESIAN_POINT('',(-15.7679491924311,31.3108891324554,23.));
#6221=VECTOR('',#6222,1.);
#6222=DIRECTION('',(-0.866025403784439,-0.5,0.));
#6223=CARTESIAN_POINT('',(-15.7679491924311,31.3108891324554,23.));
#6224=VECTOR('',#6225,1.);
#6225=DIRECTION('',(0.0131719565163549,-0.75259478316926,0.658352179238396));
#6226=CARTESIAN_POINT('',(15.7679491924311,31.3108891324553,23.));
#6227=VECTOR('',#6228,1.);
#6228=DIRECTION('',(-0.0131719565163514,-0.75259478316926,0.658352179238397));
#6229=CARTESIAN_POINT('',(19.2320508075689,29.3108891324553,7.));
#6230=VECTOR('',#6231,1.);
#6231=DIRECTION('',(-0.866025403784439,0.5,0.));
#6232=CARTESIAN_POINT('',(19.2320508075689,29.3108891324553,23.));
#6233=VECTOR('',#6234,1.);
#6234=DIRECTION('',(-0.866025403784439,0.5,0.));
#6235=CARTESIAN_POINT('',(19.2320508075689,29.3108891324553,23.));
#6236=VECTOR('',#6237,1.);
#6237=DIRECTION('',(-0.645180222722045,-0.387704640545332,0.658352179238397));
#6238=CARTESIAN_POINT('',(35.,1.99999999999998,23.));
#6239=VECTOR('',#6240,1.);
#6240=DIRECTION('',(-0.658352179238396,-0.364890142623927,0.658352179238396));
#6241=CARTESIAN_POINT('',(35.,-2.00000000000002,7.));
#6242=VECTOR('',#6243,1.);
#6243=DIRECTION('',(0.,1.,0.));
#6244=CARTESIAN_POINT('',(35.,-2.00000000000002,23.));
#6245=VECTOR('',#6246,1.);
#6246=DIRECTION('',(0.,1.,0.));
#6247=CARTESIAN_POINT('',(35.,-2.00000000000001,23.));
#6248=VECTOR('',#6249,1.);
#6249=DIRECTION('',(-0.658352179238397,0.364890142623925,0.658352179238396));
#6250=CARTESIAN_POINT('',(19.2320508075688,-29.3108891324554,23.));
#6251=VECTOR('',#6252,1.);
#6252=DIRECTION('',(-0.645180222722044,0.387704640545335,0.658352179238397));
#6253=CARTESIAN_POINT('',(-15.3239143148343,-21.9867607907944,0.));
#6254=VECTOR('',#6255,1.);
#6255=DIRECTION('',(0.,0.,1.));
#6256=CARTESIAN_POINT('',(0.,-26.8,0.));
#6257=VECTOR('',#6258,1.);
#6258=DIRECTION('',(0.,0.,1.));
#6259=CARTESIAN_POINT('',(-15.3239143148343,-21.9867607907944,6.4531246721679));
#6260=VECTOR('',#6261,1.);
#6261=DIRECTION('',(0.,0.,1.));
#6262=CARTESIAN_POINT('',(-25.1435252551413,-9.27594403519515,10.9687497814453));
#6263=VECTOR('',#6264,1.);
#6264=DIRECTION('',(0.,0.,1.));
#6265=CARTESIAN_POINT('',(-25.9316584629335,6.76676358104576,15.4843748907226));
#6266=VECTOR('',#6267,1.);
#6267=DIRECTION('',(0.,0.,1.));
#6268=CARTESIAN_POINT('',(0.,-0.01,0.01));
#6269=AXIS2_PLACEMENT_3D('',#6270,#6271,#6272);
#6270=CARTESIAN_POINT('',(0.,0.,0.00999999999999979));
#6271=DIRECTION('',(0.,0.,-1.));
#6272=DIRECTION('',(0.,-1.,0.));
#6273=CARTESIAN_POINT('',(0.,-0.01,0.));
#6274=AXIS2_PLACEMENT_3D('',#6275,#6276,#6277);
#6275=CARTESIAN_POINT('',(0.,0.,0.));
#6276=DIRECTION('',(0.,0.,-1.));
#6277=DIRECTION('',(0.,-1.,0.));
#6278=CARTESIAN_POINT('',(0.,-0.02,0.));
#6279=AXIS2_PLACEMENT_3D('',#6280,#6281,#6282);
#6280=CARTESIAN_POINT('',(0.,0.,0.));
#6281=DIRECTION('',(0.,0.,-1.));
#6282=DIRECTION('',(0.,-1.,0.));
#6283=CARTESIAN_POINT('',(0.,-0.02,0.01));
#6284=AXIS2_PLACEMENT_3D('',#6285,#6286,#6287);
#6285=CARTESIAN_POINT('',(0.,0.,0.00999999999999979));
#6286=DIRECTION('',(0.,0.,-1.));
#6287=DIRECTION('',(0.,-1.,0.));
ENDSEC;
END-ISO-10303-21;
