ISO-10303-21;
HEADER;
FILE_DESCRIPTION(('STEP AP242'),
    '1');
FILE_NAME('itemAdapter0.5InchTo8mm',
    '',
    ('UNSPECIFIED'),
    ('UNSPECIFIED'),
    'C3D Converter',
    'C3D Toolkit',
    '');
FILE_SCHEMA(('AP242_MANAGED_MODEL_BASED_3D_ENGINEERING_MIM_LF { 1 0 10303 442 1 1 4 }'));
ENDSEC;

DATA;
#1=PRODUCT_DEFINITION('','UNSPECIFIED',#31,#34);
#2=SHAPE_DEFINITION_REPRESENTATION(#29,#3);
#3=SHAPE_REPRESENTATION('NONE',(#4),#8);
#4=AXIS2_PLACEMENT_3D('',#5,#6,#7);
#5=CARTESIAN_POINT('',(0.,0.,0.));
#6=DIRECTION('',(0.,0.,1.));
#7=DIRECTION('',(1.,0.,0.));
#8=(GEOMETRIC_REPRESENTATION_CONTEXT(3)GLOBAL_UNCERTAINTY_ASSIGNED_CONTEXT((#10))
GLOBAL_UNIT_ASSIGNED_CONTEXT((#9,#11,#12))REPRESENTATION_CONTEXT('NONE','NONE'));
#9=(LENGTH_UNIT()NAMED_UNIT(*)SI_UNIT(.MILLI.,.METRE.));
#10=UNCERTAINTY_MEASURE_WITH_UNIT(LENGTH_MEASURE(1.E-5),#9,'NONE','NONE');
#11=(NAMED_UNIT(*)PLANE_ANGLE_UNIT()SI_UNIT($,.RADIAN.));
#12=(NAMED_UNIT(*)SI_UNIT($,.STERADIAN.)SOLID_ANGLE_UNIT());
#13=MANIFOLD_SOLID_BREP('',#14);
#14=CLOSED_SHELL('',(#51,#52,#53,#54,#55,#56,#57,#58,#59,#60,#61,#62,#63,#64,#65,
#66,#67,#68,#69,#70,#71,#72,#73,#74,#75,#76,#77,#78,#79,#80,#81,#82,#83,#84));
#15=COLOUR_RGB('',0.564705882352941,0.564705882352941,0.564705882352941);
#16=FILL_AREA_STYLE_COLOUR('',#15);
#17=FILL_AREA_STYLE($,(#16));
#18=SURFACE_STYLE_FILL_AREA(#17);
#19=SURFACE_SIDE_STYLE('',(#18));
#20=SURFACE_STYLE_USAGE(.BOTH.,#19);
#21=PRESENTATION_STYLE_ASSIGNMENT((#20));
#22=MECHANICAL_DESIGN_GEOMETRIC_PRESENTATION_REPRESENTATION('NONE',(#23,#90,#97,
#103,#109),#8);
#23=STYLED_ITEM('',(#21),#13);
#24=ADVANCED_BREP_SHAPE_REPRESENTATION('NONE',(#13),#8);
#25=SHAPE_REPRESENTATION_RELATIONSHIP('','',#3,#24);
#26=GEOMETRIC_CURVE_SET('',(#85,#92,#98,#104));
#27=GEOMETRICALLY_BOUNDED_WIREFRAME_SHAPE_REPRESENTATION('NONE',(#26),#8);
#28=SHAPE_REPRESENTATION_RELATIONSHIP('','',#3,#27);
#29=PRODUCT_DEFINITION_SHAPE('NONE','NONE',#1);
#30=MECHANICAL_CONTEXT('NONE',#35,'mechanical');
#31=PRODUCT_DEFINITION_FORMATION_WITH_SPECIFIED_SOURCE('ANY','UNSPECIFIED',#32,.NOT_KNOWN.);
#32=PRODUCT('','itemAdapter0.5InchTo8mm','NONE',(#30));
#33=PRODUCT_RELATED_PRODUCT_CATEGORY('detail','',(#32));
#34=DESIGN_CONTEXT('detailed design',#35,'design');
#35=APPLICATION_CONTEXT('configuration controlled 3d designs of mechanical parts and assemblies');
#36=APPLICATION_PROTOCOL_DEFINITION('international standard','config_control_design',
1994,#35);
#37=CC_DESIGN_DATE_AND_TIME_ASSIGNMENT(#38,#42,(#1));
#38=DATE_AND_TIME(#39,#40);
#39=CALENDAR_DATE(0,1,1);
#40=LOCAL_TIME(0,0,0.,#41);
#41=COORDINATED_UNIVERSAL_TIME_OFFSET(0,0,.AHEAD.);
#42=DATE_TIME_ROLE('creation_date');
#43=CC_DESIGN_APPROVAL(#44,(#1));
#44=APPROVAL(#45,'UNSPECIFIED');
#45=APPROVAL_STATUS('not_yet_approved');
#46=APPROVAL_DATE_TIME(#47,#44);
#47=DATE_AND_TIME(#48,#49);
#48=CALENDAR_DATE(0,1,1);
#49=LOCAL_TIME(0,0,0.,#50);
#50=COORDINATED_UNIVERSAL_TIME_OFFSET(0,0,.AHEAD.);
#51=ADVANCED_FACE('',(#110,#112),#114,.F.);
#52=ADVANCED_FACE('',(#119,#121),#123,.T.);
#53=ADVANCED_FACE('',(#128,#130),#132,.T.);
#54=ADVANCED_FACE('',(#137),#139,.F.);
#55=ADVANCED_FACE('',(#3016),#3018,.T.);
#56=ADVANCED_FACE('',(#3023,#3025),#3027,.T.);
#57=ADVANCED_FACE('',(#3032),#3034,.F.);
#58=ADVANCED_FACE('',(#3039),#3041,.F.);
#59=ADVANCED_FACE('',(#4480),#4482,.F.);
#60=ADVANCED_FACE('',(#5887,#5889),#5891,.F.);
#61=ADVANCED_FACE('',(#5896),#5898,.F.);
#62=ADVANCED_FACE('',(#5903),#5905,.F.);
#63=ADVANCED_FACE('',(#5910),#5912,.F.);
#64=ADVANCED_FACE('',(#5917),#5919,.F.);
#65=ADVANCED_FACE('',(#5924),#5926,.F.);
#66=ADVANCED_FACE('',(#5931),#5933,.F.);
#67=ADVANCED_FACE('',(#5938),#5940,.F.);
#68=ADVANCED_FACE('',(#5945),#5947,.F.);
#69=ADVANCED_FACE('',(#5952,#5954),#5956,.T.);
#70=ADVANCED_FACE('',(#5961),#5963,.T.);
#71=ADVANCED_FACE('',(#5968),#5970,.T.);
#72=ADVANCED_FACE('',(#5975),#5977,.T.);
#73=ADVANCED_FACE('',(#5982),#5984,.T.);
#74=ADVANCED_FACE('',(#5989),#5991,.T.);
#75=ADVANCED_FACE('',(#5996),#5998,.T.);
#76=ADVANCED_FACE('',(#6003,#6005),#6007,.F.);
#77=ADVANCED_FACE('',(#6012,#6014),#6016,.T.);
#78=ADVANCED_FACE('',(#6021),#6023,.T.);
#79=ADVANCED_FACE('',(#6028),#6030,.T.);
#80=ADVANCED_FACE('',(#6035),#6037,.T.);
#81=ADVANCED_FACE('',(#6042),#6044,.T.);
#82=ADVANCED_FACE('',(#6049),#6051,.T.);
#83=ADVANCED_FACE('',(#6056),#6058,.T.);
#84=ADVANCED_FACE('',(#6063),#6065,.T.);
#85=B_SPLINE_CURVE_WITH_KNOTS('',3,
(#6070,#6071,#6072,#6073,#6074,#6075,#6076,#6077,#6078,#6079,#6080,#6081,#6082,#6083,
#6084,#6085,#6086,#6087,#6088,#6089,#6090,#6091,#6092,#6093,#6094,#6095,#6096,#6097,
#6098,#6099,#6100,#6101,#6102,#6103,#6104,#6105,#6106,#6107,#6108,#6109,#6110,#6111,
#6112,#6113,#6114,#6115,#6116,#6117,#6118,#6119,#6120,#6121,#6122,#6123,#6124,#6125,
#6126,#6127,#6128,#6129,#6130,#6131,#6132,#6133,#6134,#6135,#6136,#6137,#6138,#6139,
#6140,#6141,#6142,#6143,#6144,#6145,#6146,#6147,#6148,#6149,#6150,#6151,#6152,#6153,
#6154,#6155,#6156,#6157,#6158,#6159,#6160,#6161,#6162,#6163,#6164,#6165,#6166,#6167,
#6168,#6169,#6170,#6171,#6172,#6173,#6174,#6175,#6176,#6177,#6178,#6179,#6180,#6181,
#6182,#6183,#6184,#6185,#6186,#6187,#6188,#6189,#6190,#6191,#6192,#6193,#6194,#6195,
#6196,#6197,#6198,#6199,#6200,#6201,#6202,#6203,#6204,#6205,#6206,#6207,#6208,#6209,
#6210,#6211,#6212,#6213,#6214,#6215,#6216,#6217,#6218,#6219,#6220,#6221,#6222,#6223,
#6224,#6225,#6226,#6227,#6228,#6229,#6230,#6231,#6232,#6233,#6234,#6235,#6236,#6237,
#6238,#6239,#6240,#6241,#6242,#6243,#6244,#6245,#6246,#6247,#6248,#6249,#6250,#6251,
#6252,#6253,#6254,#6255,#6256,#6257,#6258,#6259,#6260,#6261,#6262,#6263,#6264,#6265,
#6266,#6267,#6268,#6269,#6270,#6271,#6272,#6273,#6274,#6275,#6276,#6277,#6278,#6279,
#6280,#6281,#6282,#6283,#6284,#6285,#6286,#6287,#6288,#6289,#6290,#6291,#6292,#6293,
#6294,#6295,#6296,#6297,#6298,#6299,#6300,#6301,#6302,#6303,#6304,#6305,#6306,#6307,
#6308,#6309,#6310,#6311,#6312,#6313,#6314,#6315,#6316,#6317,#6318,#6319,#6320,#6321,
#6322,#6323,#6324,#6325,#6326,#6327,#6328,#6329,#6330,#6331,#6332,#6333,#6334,#6335,
#6336,#6337,#6338,#6339,#6340,#6341,#6342,#6343,#6344,#6345,#6346,#6347,#6348,#6349,
#6350,#6351,#6352,#6353,#6354,#6355,#6356,#6357,#6358,#6359,#6360,#6361,#6362,#6363,
#6364,#6365,#6366,#6367,#6368,#6369,#6370,#6371,#6372,#6373,#6374,#6375,#6376,#6377,
#6378,#6379,#6380,#6381,#6382,#6383,#6384,#6385,#6386,#6387,#6388,#6389,#6390,#6391,
#6392,#6393,#6394,#6395,#6396,#6397,#6398,#6399,#6400,#6401,#6402,#6403,#6404,#6405,
#6406,#6407,#6408,#6409,#6410,#6411,#6412,#6413,#6414,#6415,#6416,#6417,#6418,#6419,
#6420,#6421,#6422,#6423,#6424,#6425,#6426,#6427,#6428,#6429,#6430,#6431,#6432,#6433,
#6434,#6435,#6436,#6437,#6438,#6439,#6440,#6441,#6442,#6443,#6444,#6445,#6446,#6447,
#6448,#6449,#6450,#6451,#6452,#6453,#6454,#6455,#6456,#6457,#6458,#6459,#6460,#6461,
#6462,#6463,#6464,#6465,#6466,#6467,#6468,#6469,#6470,#6471,#6472,#6473,#6474,#6475,
#6476,#6477,#6478,#6479,#6480,#6481,#6482,#6483,#6484,#6485,#6486,#6487,#6488,#6489,
#6490,#6491,#6492,#6493,#6494,#6495,#6496,#6497,#6498,#6499,#6500,#6501,#6502,#6503,
#6504,#6505,#6506,#6507,#6508,#6509,#6510,#6511,#6512,#6513,#6514,#6515,#6516,#6517,
#6518,#6519,#6520,#6521,#6522,#6523,#6524,#6525,#6526,#6527,#6528,#6529,#6530,#6531,
#6532,#6533,#6534,#6535,#6536,#6537,#6538,#6539,#6540,#6541,#6542,#6543,#6544,#6545,
#6546,#6547,#6548,#6549,#6550,#6551,#6552,#6553,#6554,#6555,#6556,#6557,#6558,#6559,
#6560,#6561,#6562,#6563,#6564,#6565,#6566,#6567,#6568,#6569,#6570,#6571,#6572,#6573),
.UNSPECIFIED.,.F.,.F.,
(4,1,1,1,1,1,1,1,1,1,1,1,1,1,1,1,1,1,1,1,1,1,1,1,1,1,1,1,1,1,1,1,1,1,1,1,1,1,1,1,
1,1,1,1,1,1,1,1,1,1,1,1,1,1,1,1,1,1,1,1,1,1,1,1,1,1,1,1,1,1,1,1,1,1,1,1,1,1,1,1,
1,1,1,1,1,1,1,1,1,1,1,1,1,1,1,1,1,1,1,1,1,1,1,1,1,1,1,1,1,1,1,1,1,1,1,1,1,1,1,1,
1,1,1,1,1,1,1,1,1,1,1,1,1,1,1,1,1,1,1,1,1,1,1,1,1,1,1,1,1,1,1,1,1,1,1,1,1,1,1,1,
1,1,1,1,1,1,1,1,1,1,1,1,1,1,1,1,1,1,1,1,1,1,1,1,1,1,1,1,1,1,1,1,1,1,1,1,1,1,1,1,
1,1,1,1,1,1,1,1,1,1,1,1,1,1,1,1,1,1,1,1,1,1,1,1,1,1,1,1,1,1,1,1,1,1,1,1,1,1,1,1,
1,1,1,1,1,1,1,1,1,1,1,1,1,1,1,1,1,1,1,1,1,1,1,1,1,1,1,1,1,1,1,1,1,1,1,1,1,1,1,1,
1,1,1,1,1,1,1,1,1,1,1,1,1,1,1,1,1,1,1,1,1,1,1,1,1,1,1,1,1,1,1,1,1,1,1,1,1,1,1,1,
1,1,1,1,1,1,1,1,1,1,1,1,1,1,1,1,1,1,1,1,1,1,1,1,1,1,1,1,1,1,1,1,1,1,1,1,1,1,1,1,
1,1,1,1,1,1,1,1,1,1,1,1,1,1,1,1,1,1,1,1,1,1,1,1,1,1,1,1,1,1,1,1,1,1,1,1,1,1,1,1,
1,1,1,1,1,1,1,1,1,1,1,1,1,1,1,1,1,1,1,1,1,1,1,1,1,1,1,1,1,1,1,1,1,1,1,1,1,1,1,1,
1,1,1,1,1,1,1,1,1,1,1,1,1,1,1,1,1,1,1,1,1,1,1,1,1,1,1,1,1,1,1,1,1,1,1,1,1,1,1,1,
1,1,1,1,1,1,1,1,1,1,1,1,1,1,1,1,1,1,1,1,1,4),
(0.,0.00199600798403194,0.00399201596806387,0.00598802395209581,0.00798403193612774,
0.00998003992015968,0.0119760479041916,0.0139720558882235,0.0159680638722555,0.0179640718562874,
0.0199600798403194,0.0219560878243513,0.0239520958083832,0.0259481037924152,0.0279441117764471,
0.029940119760479,0.031936127744511,0.0339321357285429,0.0359281437125748,0.0379241516966068,
0.0399201596806387,0.0419161676646706,0.0439121756487026,0.0459081836327345,0.0479041916167665,
0.0499001996007984,0.0518962075848303,0.0538922155688623,0.0558882235528942,0.0578842315369261,
0.0598802395209581,0.06187624750499,0.0638722554890219,0.0658682634730539,0.0678642714570858,
0.0698602794411178,0.0718562874251497,0.0738522954091817,0.0758483033932136,0.0778443113772455,
0.0798403193612775,0.0818363273453094,0.0838323353293413,0.0858283433133733,0.0878243512974052,
0.0898203592814372,0.0918163672654691,0.0938123752495011,0.095808383233533,0.0978043912175649,
0.0998003992015969,0.101796407185629,0.103792415169661,0.105788423153693,0.107784431137725,
0.109780439121757,0.111776447105789,0.11377245508982,0.115768463073852,0.117764471057884,
0.119760479041916,0.121756487025948,0.12375249500998,0.125748502994012,0.127744510978044,
0.129740518962076,0.131736526946108,0.13373253493014,0.135728542914172,0.137724550898204,
0.139720558882236,0.141716566866267,0.143712574850299,0.145708582834331,0.147704590818363,
0.149700598802395,0.151696606786427,0.153692614770459,0.155688622754491,0.157684630738523,
0.159680638722555,0.161676646706587,0.163672654690619,0.165668662674651,0.167664670658683,
0.169660678642714,0.171656686626746,0.173652694610778,0.17564870259481,0.177644710578842,
0.179640718562874,0.181636726546906,0.183632734530938,0.18562874251497,0.187624750499002,
0.189620758483034,0.191616766467066,0.193612774451098,0.195608782435129,0.197604790419161,
0.199600798403193,0.201596806387225,0.203592814371257,0.205588822355289,0.207584830339321,
0.209580838323353,0.211576846307385,0.213572854291417,0.215568862275449,0.217564870259481,
0.219560878243513,0.221556886227545,0.223552894211576,0.225548902195608,0.22754491017964,
0.229540918163672,0.231536926147704,0.233532934131736,0.235528942115768,0.2375249500998,
0.239520958083832,0.241516966067864,0.243512974051896,0.245508982035928,0.24750499001996,
0.249500998003992,0.251497005988023,0.253493013972055,0.255489021956087,0.257485029940119,
0.259481037924151,0.261477045908183,0.263473053892215,0.265469061876247,0.267465069860279,
0.269461077844311,0.271457085828343,0.273453093812375,0.275449101796407,0.277445109780439,
0.27944111776447,0.281437125748502,0.283433133732534,0.285429141716566,0.287425149700598,
0.28942115768463,0.291417165668662,0.293413173652694,0.295409181636726,0.297405189620758,
0.29940119760479,0.301397205588822,0.303393213572854,0.305389221556886,0.307385229540917,
0.309381237524949,0.311377245508981,0.313373253493013,0.315369261477045,0.317365269461077,
0.319361277445109,0.321357285429141,0.323353293413173,0.325349301397205,0.327345309381237,
0.329341317365269,0.331337325349301,0.333333333333333,0.335329341317364,0.337325349301396,
0.339321357285428,0.34131736526946,0.343313373253492,0.345309381237524,0.347305389221556,
0.349301397205588,0.35129740518962,0.353293413173652,0.355289421157684,0.357285429141716,
0.359281437125748,0.36127744510978,0.363273453093811,0.365269461077843,0.367265469061875,
0.369261477045907,0.371257485029939,0.373253493013971,0.375249500998003,0.377245508982035,
0.379241516966067,0.381237524950099,0.383233532934131,0.385229540918163,0.387225548902195,
0.389221556886227,0.391217564870258,0.39321357285429,0.395209580838322,0.397205588822354,
0.399201596806386,0.401197604790418,0.40319361277445,0.405189620758482,0.407185628742514,
0.409181636726546,0.411177644710578,0.41317365269461,0.415169660678642,0.417165668662673,
0.419161676646705,0.421157684630737,0.423153692614769,0.425149700598801,0.427145708582833,
0.429141716566865,0.431137724550897,0.433133732534929,0.435129740518961,0.437125748502993,
0.439121756487025,0.441117764471057,0.443113772455089,0.445109780439121,0.447105788423152,
0.449101796407184,0.451097804391216,0.453093812375248,0.45508982035928,0.457085828343312,
0.459081836327344,0.461077844311376,0.463073852295408,0.46506986027944,0.467065868263472,
0.469061876247504,0.471057884231536,0.473053892215568,0.4750499001996,0.477045908183632,
0.479041916167664,0.481037924151696,0.483033932135728,0.48502994011976,0.487025948103792,
0.489021956087824,0.491017964071856,0.493013972055888,0.49500998003992,0.497005988023952,
0.499001996007984,0.500998003992016,0.502994011976048,0.50499001996008,0.506986027944111,
0.508982035928143,0.510978043912175,0.512974051896207,0.514970059880239,0.516966067864271,
0.518962075848303,0.520958083832335,0.522954091816367,0.524950099800399,0.526946107784431,
0.528942115768463,0.530938123752495,0.532934131736527,0.534930139720559,0.536926147704591,
0.538922155688623,0.540918163672655,0.542914171656687,0.544910179640719,0.546906187624751,
0.548902195608783,0.550898203592815,0.552894211576847,0.554890219560879,0.556886227544911,
0.558882235528943,0.560878243512975,0.562874251497007,0.564870259481039,0.566866267465071,
0.568862275449103,0.570858283433135,0.572854291417167,0.574850299401199,0.576846307385231,
0.578842315369263,0.580838323353295,0.582834331337327,0.584830339321359,0.586826347305391,
0.588822355289423,0.590818363273455,0.592814371257487,0.594810379241518,0.59680638722555,
0.598802395209582,0.600798403193614,0.602794411177646,0.604790419161678,0.60678642714571,
0.608782435129742,0.610778443113774,0.612774451097806,0.614770459081838,0.61676646706587,
0.618762475049902,0.620758483033934,0.622754491017966,0.624750499001998,0.62674650698603,
0.628742514970062,0.630738522954094,0.632734530938126,0.634730538922158,0.63672654690619,
0.638722554890222,0.640718562874254,0.642714570858286,0.644710578842318,0.64670658682635,
0.648702594810382,0.650698602794414,0.652694610778446,0.654690618762478,0.65668662674651,
0.658682634730542,0.660678642714574,0.662674650698606,0.664670658682638,0.66666666666667,
0.668662674650702,0.670658682634734,0.672654690618766,0.674650698602798,0.67664670658683,
0.678642714570862,0.680638722554894,0.682634730538926,0.684630738522958,0.68662674650699,
0.688622754491021,0.690618762475053,0.692614770459086,0.694610778443117,0.696606786427149,
0.698602794411181,0.700598802395213,0.702594810379245,0.704590818363277,0.706586826347309,
0.708582834331341,0.710578842315373,0.712574850299405,0.714570858283437,0.716566866267469,
0.718562874251501,0.720558882235533,0.722554890219565,0.724550898203597,0.726546906187629,
0.728542914171661,0.730538922155693,0.732534930139725,0.734530938123757,0.736526946107789,
0.738522954091821,0.740518962075853,0.742514970059885,0.744510978043917,0.746506986027949,
0.748502994011981,0.750499001996013,0.752495009980045,0.754491017964077,0.756487025948109,
0.758483033932141,0.760479041916173,0.762475049900205,0.764471057884237,0.766467065868269,
0.768463073852301,0.770459081836333,0.772455089820365,0.774451097804397,0.776447105788429,
0.778443113772461,0.780439121756493,0.782435129740525,0.784431137724557,0.786427145708589,
0.78842315369262,0.790419161676652,0.792415169660684,0.794411177644716,0.796407185628748,
0.79840319361278,0.800399201596812,0.802395209580844,0.804391217564876,0.806387225548908,
0.80838323353294,0.810379241516972,0.812375249501004,0.814371257485036,0.816367265469068,
0.8183632734531,0.820359281437132,0.822355289421164,0.824351297405196,0.826347305389228,
0.82834331337326,0.830339321357292,0.832335329341324,0.834331337325356,0.836327345309388,
0.83832335329342,0.840319361277452,0.842315369261484,0.844311377245516,0.846307385229548,
0.84830339321358,0.850299401197612,0.852295409181644,0.854291417165676,0.856287425149708,
0.85828343313374,0.860279441117772,0.862275449101804,0.864271457085836,0.866267465069868,
0.8682634730539,0.870259481037932,0.872255489021964,0.874251497005996,0.876247504990028,
0.878243512974059,0.880239520958092,0.882235528942123,0.884231536926155,0.886227544910187,
0.888223552894219,0.890219560878251,0.892215568862283,0.894211576846315,0.896207584830347,
0.898203592814379,0.900199600798411,0.902195608782443,0.904191616766475,0.906187624750507,
0.908183632734539,0.910179640718571,0.912175648702603,0.914171656686635,0.916167664670667,
0.918163672654699,0.920159680638731,0.922155688622763,0.924151696606795,0.926147704590827,
0.928143712574859,0.930139720558891,0.932135728542922,0.934131736526954,0.936127744510986,
0.938123752495018,0.94011976047905,0.942115768463082,0.944111776447114,0.946107784431145,
0.948103792415177,0.950099800399209,0.952095808383241,0.954091816367273,0.956087824351305,
0.958083832335337,0.960079840319369,0.9620758483034,0.964071856287432,0.966067864271464,
0.968063872255496,0.970059880239528,0.97205588822356,0.974051896207592,0.976047904191624,
0.978043912175655,0.980039920159687,0.982035928143719,0.984031936127751,0.986027944111783,
0.988023952095815,0.990019960079847,0.992015968063879,0.99401197604791,0.996007984031942,
0.998003992015974,1.),
.UNSPECIFIED.);
#86=COLOUR_RGB('',0.,0.,1.);
#87=PRESENTATION_STYLE_ASSIGNMENT((#88));
#88=CURVE_STYLE('',#89,POSITIVE_LENGTH_MEASURE(0.1),#86);
#89=PRE_DEFINED_CURVE_FONT('continuous');
#90=STYLED_ITEM('',(#87),#85);
#91=INVISIBILITY((#90,#97,#103,#109));
#92=B_SPLINE_CURVE_WITH_KNOTS('',3,
(#6574,#6575,#6576,#6577,#6578,#6579,#6580,#6581,#6582,#6583,#6584,#6585,#6586,#6587,
#6588,#6589,#6590,#6591,#6592,#6593,#6594,#6595,#6596,#6597,#6598,#6599,#6600,#6601,
#6602,#6603,#6604,#6605,#6606,#6607,#6608,#6609,#6610,#6611,#6612,#6613,#6614,#6615,
#6616,#6617,#6618,#6619,#6620,#6621,#6622,#6623,#6624,#6625,#6626,#6627,#6628,#6629,
#6630,#6631,#6632,#6633,#6634,#6635,#6636,#6637,#6638,#6639,#6640,#6641,#6642,#6643,
#6644,#6645,#6646,#6647,#6648,#6649,#6650,#6651,#6652,#6653,#6654,#6655,#6656,#6657,
#6658,#6659,#6660,#6661,#6662,#6663,#6664,#6665,#6666,#6667,#6668,#6669,#6670,#6671,
#6672,#6673,#6674,#6675,#6676,#6677,#6678,#6679,#6680,#6681,#6682,#6683,#6684,#6685,
#6686,#6687,#6688,#6689,#6690,#6691,#6692,#6693,#6694,#6695,#6696,#6697,#6698,#6699,
#6700,#6701,#6702),
.UNSPECIFIED.,.F.,.F.,
(4,1,1,1,1,1,1,1,1,1,1,1,1,1,1,1,1,1,1,1,1,1,1,1,1,1,1,1,1,1,1,1,1,1,1,1,1,1,1,1,
1,1,1,1,1,1,1,1,1,1,1,1,1,1,1,1,1,1,1,1,1,1,1,1,1,1,1,1,1,1,1,1,1,1,1,1,1,1,1,1,
1,1,1,1,1,1,1,1,1,1,1,1,1,1,1,1,1,1,1,1,1,1,1,1,1,1,1,1,1,1,1,1,1,1,1,1,1,1,1,1,
1,1,1,1,1,1,4),
(0.,0.00793650793650794,0.0158730158730159,0.0238095238095238,0.0317460317460317,
0.0396825396825397,0.0476190476190476,0.0555555555555556,0.0634920634920635,0.0714285714285714,
0.0793650793650794,0.0873015873015873,0.0952380952380953,0.103174603174603,0.111111111111111,
0.119047619047619,0.126984126984127,0.134920634920635,0.142857142857143,0.150793650793651,
0.158730158730159,0.166666666666667,0.174603174603175,0.182539682539683,0.190476190476191,
0.198412698412698,0.206349206349206,0.214285714285714,0.222222222222222,0.23015873015873,
0.238095238095238,0.246031746031746,0.253968253968254,0.261904761904762,0.26984126984127,
0.277777777777778,0.285714285714286,0.293650793650794,0.301587301587301,0.309523809523809,
0.317460317460317,0.325396825396825,0.333333333333333,0.341269841269841,0.349206349206349,
0.357142857142857,0.365079365079365,0.373015873015873,0.380952380952381,0.388888888888889,
0.396825396825396,0.404761904761904,0.412698412698412,0.42063492063492,0.428571428571428,
0.436507936507936,0.444444444444444,0.452380952380952,0.46031746031746,0.468253968253968,
0.476190476190476,0.484126984126983,0.492063492063491,0.499999999999999,0.507936507936507,
0.515873015873015,0.523809523809523,0.531746031746031,0.539682539682539,0.547619047619047,
0.555555555555555,0.563492063492063,0.57142857142857,0.579365079365078,0.587301587301586,
0.595238095238094,0.603174603174602,0.61111111111111,0.619047619047618,0.626984126984126,
0.634920634920634,0.642857142857142,0.65079365079365,0.658730158730157,0.666666666666665,
0.674603174603173,0.682539682539681,0.690476190476189,0.698412698412697,0.706349206349205,
0.714285714285713,0.722222222222221,0.730158730158729,0.738095238095237,0.746031746031745,
0.753968253968253,0.76190476190476,0.769841269841268,0.777777777777776,0.785714285714284,
0.793650793650792,0.8015873015873,0.809523809523808,0.817460317460316,0.825396825396824,
0.833333333333332,0.84126984126984,0.849206349206347,0.857142857142855,0.865079365079363,
0.873015873015871,0.880952380952379,0.888888888888887,0.896825396825395,0.904761904761903,
0.912698412698411,0.920634920634919,0.928571428571427,0.936507936507934,0.944444444444442,
0.95238095238095,0.960317460317458,0.968253968253966,0.976190476190474,0.984126984126982,
0.99206349206349,1.),
.UNSPECIFIED.);
#93=COLOUR_RGB('',0.,0.,1.);
#94=PRESENTATION_STYLE_ASSIGNMENT((#95));
#95=CURVE_STYLE('',#96,POSITIVE_LENGTH_MEASURE(0.1),#93);
#96=PRE_DEFINED_CURVE_FONT('continuous');
#97=STYLED_ITEM('',(#94),#92);
#98=B_SPLINE_CURVE_WITH_KNOTS('',3,
(#6703,#6704,#6705,#6706,#6707,#6708,#6709,#6710,#6711,#6712,#6713,#6714,#6715,#6716,
#6717,#6718,#6719,#6720,#6721,#6722,#6723,#6724,#6725,#6726,#6727,#6728,#6729,#6730,
#6731,#6732,#6733,#6734,#6735,#6736,#6737,#6738,#6739,#6740,#6741,#6742,#6743,#6744,
#6745,#6746,#6747,#6748,#6749,#6750,#6751,#6752,#6753,#6754,#6755,#6756,#6757,#6758,
#6759,#6760,#6761,#6762,#6763,#6764,#6765,#6766,#6767,#6768,#6769,#6770,#6771,#6772,
#6773,#6774,#6775,#6776,#6777,#6778,#6779,#6780,#6781,#6782,#6783,#6784,#6785,#6786,
#6787,#6788,#6789,#6790,#6791,#6792,#6793,#6794,#6795,#6796,#6797,#6798,#6799,#6800,
#6801,#6802,#6803,#6804,#6805,#6806,#6807,#6808,#6809,#6810,#6811,#6812,#6813,#6814,
#6815,#6816,#6817,#6818,#6819,#6820,#6821,#6822,#6823,#6824,#6825,#6826,#6827,#6828,
#6829,#6830,#6831,#6832,#6833,#6834,#6835,#6836,#6837,#6838,#6839,#6840,#6841,#6842,
#6843,#6844,#6845,#6846,#6847,#6848,#6849,#6850,#6851,#6852,#6853,#6854,#6855,#6856,
#6857,#6858,#6859,#6860,#6861,#6862,#6863,#6864,#6865,#6866,#6867,#6868,#6869,#6870,
#6871,#6872,#6873,#6874,#6875,#6876,#6877,#6878,#6879,#6880,#6881,#6882,#6883,#6884,
#6885,#6886,#6887,#6888,#6889,#6890,#6891,#6892,#6893,#6894,#6895,#6896,#6897,#6898,
#6899,#6900,#6901,#6902,#6903,#6904,#6905,#6906,#6907,#6908,#6909,#6910,#6911,#6912,
#6913,#6914,#6915,#6916,#6917,#6918,#6919,#6920,#6921,#6922,#6923,#6924,#6925,#6926,
#6927,#6928,#6929,#6930,#6931,#6932,#6933,#6934,#6935,#6936,#6937,#6938,#6939,#6940,
#6941,#6942,#6943,#6944,#6945,#6946,#6947,#6948,#6949,#6950,#6951,#6952,#6953,#6954,
#6955,#6956,#6957,#6958,#6959,#6960,#6961,#6962,#6963,#6964,#6965,#6966,#6967,#6968,
#6969,#6970,#6971,#6972,#6973,#6974,#6975,#6976,#6977,#6978,#6979,#6980,#6981,#6982,
#6983,#6984,#6985,#6986,#6987,#6988,#6989,#6990,#6991,#6992,#6993,#6994,#6995,#6996,
#6997,#6998,#6999,#7000,#7001,#7002,#7003,#7004,#7005,#7006,#7007,#7008,#7009,#7010,
#7011,#7012,#7013,#7014,#7015,#7016,#7017,#7018,#7019,#7020,#7021,#7022,#7023,#7024,
#7025,#7026,#7027,#7028,#7029,#7030,#7031,#7032,#7033,#7034,#7035,#7036,#7037,#7038,
#7039,#7040,#7041,#7042,#7043,#7044,#7045,#7046,#7047,#7048,#7049,#7050,#7051,#7052,
#7053,#7054,#7055,#7056,#7057,#7058,#7059,#7060,#7061,#7062,#7063,#7064,#7065,#7066,
#7067,#7068,#7069,#7070,#7071,#7072,#7073,#7074,#7075,#7076,#7077,#7078,#7079,#7080,
#7081,#7082,#7083,#7084,#7085,#7086,#7087,#7088,#7089,#7090,#7091,#7092,#7093,#7094,
#7095,#7096,#7097,#7098,#7099,#7100,#7101,#7102,#7103,#7104,#7105,#7106,#7107,#7108,
#7109,#7110,#7111,#7112,#7113,#7114,#7115,#7116,#7117,#7118,#7119,#7120,#7121,#7122,
#7123,#7124,#7125,#7126,#7127,#7128,#7129,#7130,#7131,#7132,#7133,#7134,#7135,#7136,
#7137,#7138,#7139,#7140,#7141,#7142,#7143,#7144,#7145,#7146,#7147,#7148,#7149,#7150,
#7151,#7152,#7153,#7154,#7155,#7156,#7157,#7158,#7159,#7160,#7161,#7162,#7163,#7164,
#7165,#7166,#7167,#7168,#7169,#7170,#7171,#7172,#7173,#7174,#7175,#7176,#7177,#7178,
#7179,#7180,#7181,#7182,#7183,#7184,#7185,#7186,#7187,#7188,#7189,#7190,#7191,#7192,
#7193,#7194,#7195,#7196,#7197,#7198,#7199,#7200,#7201,#7202,#7203,#7204,#7205,#7206),
.UNSPECIFIED.,.F.,.F.,
(4,1,1,1,1,1,1,1,1,1,1,1,1,1,1,1,1,1,1,1,1,1,1,1,1,1,1,1,1,1,1,1,1,1,1,1,1,1,1,1,
1,1,1,1,1,1,1,1,1,1,1,1,1,1,1,1,1,1,1,1,1,1,1,1,1,1,1,1,1,1,1,1,1,1,1,1,1,1,1,1,
1,1,1,1,1,1,1,1,1,1,1,1,1,1,1,1,1,1,1,1,1,1,1,1,1,1,1,1,1,1,1,1,1,1,1,1,1,1,1,1,
1,1,1,1,1,1,1,1,1,1,1,1,1,1,1,1,1,1,1,1,1,1,1,1,1,1,1,1,1,1,1,1,1,1,1,1,1,1,1,1,
1,1,1,1,1,1,1,1,1,1,1,1,1,1,1,1,1,1,1,1,1,1,1,1,1,1,1,1,1,1,1,1,1,1,1,1,1,1,1,1,
1,1,1,1,1,1,1,1,1,1,1,1,1,1,1,1,1,1,1,1,1,1,1,1,1,1,1,1,1,1,1,1,1,1,1,1,1,1,1,1,
1,1,1,1,1,1,1,1,1,1,1,1,1,1,1,1,1,1,1,1,1,1,1,1,1,1,1,1,1,1,1,1,1,1,1,1,1,1,1,1,
1,1,1,1,1,1,1,1,1,1,1,1,1,1,1,1,1,1,1,1,1,1,1,1,1,1,1,1,1,1,1,1,1,1,1,1,1,1,1,1,
1,1,1,1,1,1,1,1,1,1,1,1,1,1,1,1,1,1,1,1,1,1,1,1,1,1,1,1,1,1,1,1,1,1,1,1,1,1,1,1,
1,1,1,1,1,1,1,1,1,1,1,1,1,1,1,1,1,1,1,1,1,1,1,1,1,1,1,1,1,1,1,1,1,1,1,1,1,1,1,1,
1,1,1,1,1,1,1,1,1,1,1,1,1,1,1,1,1,1,1,1,1,1,1,1,1,1,1,1,1,1,1,1,1,1,1,1,1,1,1,1,
1,1,1,1,1,1,1,1,1,1,1,1,1,1,1,1,1,1,1,1,1,1,1,1,1,1,1,1,1,1,1,1,1,1,1,1,1,1,1,1,
1,1,1,1,1,1,1,1,1,1,1,1,1,1,1,1,1,1,1,1,1,4),
(0.,0.00199600798403194,0.00399201596806387,0.00598802395209581,0.00798403193612774,
0.00998003992015968,0.0119760479041916,0.0139720558882235,0.0159680638722555,0.0179640718562874,
0.0199600798403194,0.0219560878243513,0.0239520958083832,0.0259481037924152,0.0279441117764471,
0.029940119760479,0.031936127744511,0.0339321357285429,0.0359281437125748,0.0379241516966068,
0.0399201596806387,0.0419161676646706,0.0439121756487026,0.0459081836327345,0.0479041916167665,
0.0499001996007984,0.0518962075848303,0.0538922155688623,0.0558882235528942,0.0578842315369261,
0.0598802395209581,0.06187624750499,0.0638722554890219,0.0658682634730539,0.0678642714570858,
0.0698602794411178,0.0718562874251497,0.0738522954091817,0.0758483033932136,0.0778443113772455,
0.0798403193612775,0.0818363273453094,0.0838323353293413,0.0858283433133733,0.0878243512974052,
0.0898203592814372,0.0918163672654691,0.0938123752495011,0.095808383233533,0.0978043912175649,
0.0998003992015969,0.101796407185629,0.103792415169661,0.105788423153693,0.107784431137725,
0.109780439121757,0.111776447105789,0.11377245508982,0.115768463073852,0.117764471057884,
0.119760479041916,0.121756487025948,0.12375249500998,0.125748502994012,0.127744510978044,
0.129740518962076,0.131736526946108,0.13373253493014,0.135728542914172,0.137724550898204,
0.139720558882236,0.141716566866267,0.143712574850299,0.145708582834331,0.147704590818363,
0.149700598802395,0.151696606786427,0.153692614770459,0.155688622754491,0.157684630738523,
0.159680638722555,0.161676646706587,0.163672654690619,0.165668662674651,0.167664670658683,
0.169660678642714,0.171656686626746,0.173652694610778,0.17564870259481,0.177644710578842,
0.179640718562874,0.181636726546906,0.183632734530938,0.18562874251497,0.187624750499002,
0.189620758483034,0.191616766467066,0.193612774451098,0.195608782435129,0.197604790419161,
0.199600798403193,0.201596806387225,0.203592814371257,0.205588822355289,0.207584830339321,
0.209580838323353,0.211576846307385,0.213572854291417,0.215568862275449,0.217564870259481,
0.219560878243513,0.221556886227545,0.223552894211576,0.225548902195608,0.22754491017964,
0.229540918163672,0.231536926147704,0.233532934131736,0.235528942115768,0.2375249500998,
0.239520958083832,0.241516966067864,0.243512974051896,0.245508982035928,0.24750499001996,
0.249500998003992,0.251497005988023,0.253493013972055,0.255489021956087,0.257485029940119,
0.259481037924151,0.261477045908183,0.263473053892215,0.265469061876247,0.267465069860279,
0.269461077844311,0.271457085828343,0.273453093812375,0.275449101796407,0.277445109780439,
0.27944111776447,0.281437125748502,0.283433133732534,0.285429141716566,0.287425149700598,
0.28942115768463,0.291417165668662,0.293413173652694,0.295409181636726,0.297405189620758,
0.29940119760479,0.301397205588822,0.303393213572854,0.305389221556886,0.307385229540917,
0.309381237524949,0.311377245508981,0.313373253493013,0.315369261477045,0.317365269461077,
0.319361277445109,0.321357285429141,0.323353293413173,0.325349301397205,0.327345309381237,
0.329341317365269,0.331337325349301,0.333333333333333,0.335329341317364,0.337325349301396,
0.339321357285428,0.34131736526946,0.343313373253492,0.345309381237524,0.347305389221556,
0.349301397205588,0.35129740518962,0.353293413173652,0.355289421157684,0.357285429141716,
0.359281437125748,0.36127744510978,0.363273453093811,0.365269461077843,0.367265469061875,
0.369261477045907,0.371257485029939,0.373253493013971,0.375249500998003,0.377245508982035,
0.379241516966067,0.381237524950099,0.383233532934131,0.385229540918163,0.387225548902195,
0.389221556886227,0.391217564870258,0.39321357285429,0.395209580838322,0.397205588822354,
0.399201596806386,0.401197604790418,0.40319361277445,0.405189620758482,0.407185628742514,
0.409181636726546,0.411177644710578,0.41317365269461,0.415169660678642,0.417165668662673,
0.419161676646705,0.421157684630737,0.423153692614769,0.425149700598801,0.427145708582833,
0.429141716566865,0.431137724550897,0.433133732534929,0.435129740518961,0.437125748502993,
0.439121756487025,0.441117764471057,0.443113772455089,0.445109780439121,0.447105788423152,
0.449101796407184,0.451097804391216,0.453093812375248,0.45508982035928,0.457085828343312,
0.459081836327344,0.461077844311376,0.463073852295408,0.46506986027944,0.467065868263472,
0.469061876247504,0.471057884231536,0.473053892215568,0.4750499001996,0.477045908183632,
0.479041916167664,0.481037924151696,0.483033932135728,0.48502994011976,0.487025948103792,
0.489021956087824,0.491017964071856,0.493013972055888,0.49500998003992,0.497005988023952,
0.499001996007984,0.500998003992016,0.502994011976048,0.50499001996008,0.506986027944111,
0.508982035928143,0.510978043912175,0.512974051896207,0.514970059880239,0.516966067864271,
0.518962075848303,0.520958083832335,0.522954091816367,0.524950099800399,0.526946107784431,
0.528942115768463,0.530938123752495,0.532934131736527,0.534930139720559,0.536926147704591,
0.538922155688623,0.540918163672655,0.542914171656687,0.544910179640719,0.546906187624751,
0.548902195608783,0.550898203592815,0.552894211576847,0.554890219560879,0.556886227544911,
0.558882235528943,0.560878243512975,0.562874251497007,0.564870259481039,0.566866267465071,
0.568862275449103,0.570858283433135,0.572854291417167,0.574850299401199,0.576846307385231,
0.578842315369263,0.580838323353295,0.582834331337327,0.584830339321359,0.586826347305391,
0.588822355289423,0.590818363273455,0.592814371257487,0.594810379241518,0.59680638722555,
0.598802395209582,0.600798403193614,0.602794411177646,0.604790419161678,0.60678642714571,
0.608782435129742,0.610778443113774,0.612774451097806,0.614770459081838,0.61676646706587,
0.618762475049902,0.620758483033934,0.622754491017966,0.624750499001998,0.62674650698603,
0.628742514970062,0.630738522954094,0.632734530938126,0.634730538922158,0.63672654690619,
0.638722554890222,0.640718562874254,0.642714570858286,0.644710578842318,0.64670658682635,
0.648702594810382,0.650698602794414,0.652694610778446,0.654690618762478,0.65668662674651,
0.658682634730542,0.660678642714574,0.662674650698606,0.664670658682638,0.66666666666667,
0.668662674650702,0.670658682634734,0.672654690618766,0.674650698602798,0.67664670658683,
0.678642714570862,0.680638722554894,0.682634730538926,0.684630738522958,0.68662674650699,
0.688622754491021,0.690618762475053,0.692614770459086,0.694610778443117,0.696606786427149,
0.698602794411181,0.700598802395213,0.702594810379245,0.704590818363277,0.706586826347309,
0.708582834331341,0.710578842315373,0.712574850299405,0.714570858283437,0.716566866267469,
0.718562874251501,0.720558882235533,0.722554890219565,0.724550898203597,0.726546906187629,
0.728542914171661,0.730538922155693,0.732534930139725,0.734530938123757,0.736526946107789,
0.738522954091821,0.740518962075853,0.742514970059885,0.744510978043917,0.746506986027949,
0.748502994011981,0.750499001996013,0.752495009980045,0.754491017964077,0.756487025948109,
0.758483033932141,0.760479041916173,0.762475049900205,0.764471057884237,0.766467065868269,
0.768463073852301,0.770459081836333,0.772455089820365,0.774451097804397,0.776447105788429,
0.778443113772461,0.780439121756493,0.782435129740525,0.784431137724557,0.786427145708589,
0.78842315369262,0.790419161676652,0.792415169660684,0.794411177644716,0.796407185628748,
0.79840319361278,0.800399201596812,0.802395209580844,0.804391217564876,0.806387225548908,
0.80838323353294,0.810379241516972,0.812375249501004,0.814371257485036,0.816367265469068,
0.8183632734531,0.820359281437132,0.822355289421164,0.824351297405196,0.826347305389228,
0.82834331337326,0.830339321357292,0.832335329341324,0.834331337325356,0.836327345309388,
0.83832335329342,0.840319361277452,0.842315369261484,0.844311377245516,0.846307385229548,
0.84830339321358,0.850299401197612,0.852295409181644,0.854291417165676,0.856287425149708,
0.85828343313374,0.860279441117772,0.862275449101804,0.864271457085836,0.866267465069868,
0.8682634730539,0.870259481037932,0.872255489021964,0.874251497005996,0.876247504990028,
0.878243512974059,0.880239520958092,0.882235528942123,0.884231536926155,0.886227544910187,
0.888223552894219,0.890219560878251,0.892215568862283,0.894211576846315,0.896207584830347,
0.898203592814379,0.900199600798411,0.902195608782443,0.904191616766475,0.906187624750507,
0.908183632734539,0.910179640718571,0.912175648702603,0.914171656686635,0.916167664670667,
0.918163672654699,0.920159680638731,0.922155688622763,0.924151696606795,0.926147704590827,
0.928143712574859,0.930139720558891,0.932135728542922,0.934131736526954,0.936127744510986,
0.938123752495018,0.94011976047905,0.942115768463082,0.944111776447114,0.946107784431145,
0.948103792415177,0.950099800399209,0.952095808383241,0.954091816367273,0.956087824351305,
0.958083832335337,0.960079840319369,0.9620758483034,0.964071856287432,0.966067864271464,
0.968063872255496,0.970059880239528,0.97205588822356,0.974051896207592,0.976047904191624,
0.978043912175655,0.980039920159687,0.982035928143719,0.984031936127751,0.986027944111783,
0.988023952095815,0.990019960079847,0.992015968063879,0.99401197604791,0.996007984031942,
0.998003992015974,1.),
.UNSPECIFIED.);
#99=COLOUR_RGB('',0.,0.,1.);
#100=PRESENTATION_STYLE_ASSIGNMENT((#101));
#101=CURVE_STYLE('',#102,POSITIVE_LENGTH_MEASURE(0.1),#99);
#102=PRE_DEFINED_CURVE_FONT('continuous');
#103=STYLED_ITEM('',(#100),#98);
#104=B_SPLINE_CURVE_WITH_KNOTS('',3,
(#7207,#7208,#7209,#7210,#7211,#7212,#7213,#7214,#7215,#7216,#7217,#7218,#7219,#7220,
#7221,#7222,#7223,#7224,#7225,#7226,#7227,#7228,#7229,#7230,#7231,#7232,#7233,#7234,
#7235,#7236,#7237,#7238,#7239,#7240,#7241,#7242,#7243,#7244,#7245,#7246,#7247,#7248,
#7249,#7250,#7251,#7252,#7253,#7254,#7255,#7256,#7257,#7258,#7259,#7260,#7261,#7262,
#7263,#7264,#7265,#7266,#7267,#7268,#7269,#7270,#7271,#7272,#7273,#7274,#7275,#7276,
#7277,#7278,#7279,#7280,#7281,#7282,#7283,#7284,#7285,#7286,#7287,#7288,#7289,#7290,
#7291,#7292,#7293,#7294,#7295,#7296,#7297,#7298,#7299,#7300,#7301,#7302,#7303,#7304,
#7305,#7306,#7307,#7308,#7309,#7310,#7311,#7312,#7313,#7314,#7315,#7316,#7317,#7318,
#7319,#7320,#7321,#7322,#7323,#7324,#7325,#7326,#7327,#7328,#7329,#7330,#7331,#7332,
#7333,#7334,#7335),
.UNSPECIFIED.,.F.,.F.,
(4,1,1,1,1,1,1,1,1,1,1,1,1,1,1,1,1,1,1,1,1,1,1,1,1,1,1,1,1,1,1,1,1,1,1,1,1,1,1,1,
1,1,1,1,1,1,1,1,1,1,1,1,1,1,1,1,1,1,1,1,1,1,1,1,1,1,1,1,1,1,1,1,1,1,1,1,1,1,1,1,
1,1,1,1,1,1,1,1,1,1,1,1,1,1,1,1,1,1,1,1,1,1,1,1,1,1,1,1,1,1,1,1,1,1,1,1,1,1,1,1,
1,1,1,1,1,1,4),
(0.,0.00793650793650794,0.0158730158730159,0.0238095238095238,0.0317460317460317,
0.0396825396825397,0.0476190476190476,0.0555555555555556,0.0634920634920635,0.0714285714285714,
0.0793650793650794,0.0873015873015873,0.0952380952380953,0.103174603174603,0.111111111111111,
0.119047619047619,0.126984126984127,0.134920634920635,0.142857142857143,0.150793650793651,
0.158730158730159,0.166666666666667,0.174603174603175,0.182539682539683,0.190476190476191,
0.198412698412698,0.206349206349206,0.214285714285714,0.222222222222222,0.23015873015873,
0.238095238095238,0.246031746031746,0.253968253968254,0.261904761904762,0.26984126984127,
0.277777777777778,0.285714285714286,0.293650793650794,0.301587301587301,0.309523809523809,
0.317460317460317,0.325396825396825,0.333333333333333,0.341269841269841,0.349206349206349,
0.357142857142857,0.365079365079365,0.373015873015873,0.380952380952381,0.388888888888889,
0.396825396825396,0.404761904761904,0.412698412698412,0.42063492063492,0.428571428571428,
0.436507936507936,0.444444444444444,0.452380952380952,0.46031746031746,0.468253968253968,
0.476190476190476,0.484126984126983,0.492063492063491,0.499999999999999,0.507936507936507,
0.515873015873015,0.523809523809523,0.531746031746031,0.539682539682539,0.547619047619047,
0.555555555555555,0.563492063492063,0.57142857142857,0.579365079365078,0.587301587301586,
0.595238095238094,0.603174603174602,0.61111111111111,0.619047619047618,0.626984126984126,
0.634920634920634,0.642857142857142,0.65079365079365,0.658730158730157,0.666666666666665,
0.674603174603173,0.682539682539681,0.690476190476189,0.698412698412697,0.706349206349205,
0.714285714285713,0.722222222222221,0.730158730158729,0.738095238095237,0.746031746031745,
0.753968253968253,0.76190476190476,0.769841269841268,0.777777777777776,0.785714285714284,
0.793650793650792,0.8015873015873,0.809523809523808,0.817460317460316,0.825396825396824,
0.833333333333332,0.84126984126984,0.849206349206347,0.857142857142855,0.865079365079363,
0.873015873015871,0.880952380952379,0.888888888888887,0.896825396825395,0.904761904761903,
0.912698412698411,0.920634920634919,0.928571428571427,0.936507936507934,0.944444444444442,
0.95238095238095,0.960317460317458,0.968253968253966,0.976190476190474,0.984126984126982,
0.99206349206349,1.),
.UNSPECIFIED.);
#105=COLOUR_RGB('',0.,0.,1.);
#106=PRESENTATION_STYLE_ASSIGNMENT((#107));
#107=CURVE_STYLE('',#108,POSITIVE_LENGTH_MEASURE(0.1),#105);
#108=PRE_DEFINED_CURVE_FONT('continuous');
#109=STYLED_ITEM('',(#106),#104);
#110=FACE_OUTER_BOUND('',#111,.T.);
#111=EDGE_LOOP('',(#7336));
#112=FACE_OUTER_BOUND('',#113,.T.);
#113=EDGE_LOOP('',(#7337));
#114=CYLINDRICAL_SURFACE('',#115,3.);
#115=AXIS2_PLACEMENT_3D('',#116,#117,#118);
#116=CARTESIAN_POINT('',(0.,0.,-5.));
#117=DIRECTION('',(0.,0.,-1.));
#118=DIRECTION('',(-6.12323399573676E-17,1.,0.));
#119=FACE_BOUND('',#120,.T.);
#120=EDGE_LOOP('',(#7338,#7339));
#121=FACE_BOUND('',#122,.T.);
#122=EDGE_LOOP('',(#7340));
#123=PLANE('',#124);
#124=AXIS2_PLACEMENT_3D('',#125,#126,#127);
#125=CARTESIAN_POINT('',(0.,0.,20.));
#126=DIRECTION('',(0.,0.,1.));
#127=DIRECTION('',(0.,-1.,0.));
#128=FACE_BOUND('',#129,.T.);
#129=EDGE_LOOP('',(#7341));
#130=FACE_BOUND('',#131,.T.);
#131=EDGE_LOOP('',(#7342));
#132=PLANE('',#133);
#133=AXIS2_PLACEMENT_3D('',#134,#135,#136);
#134=CARTESIAN_POINT('',(0.,0.,-25.));
#135=DIRECTION('',(0.,0.,-1.));
#136=DIRECTION('',(-6.12323399573677E-17,1.,0.));
#137=FACE_BOUND('',#138,.T.);
#138=EDGE_LOOP('',(#7343,#7344,#7345,#7346,#7347,#7348));
#139=(BOUNDED_SURFACE()B_SPLINE_SURFACE(3,3,(
(#140,#141,#142,#143,#144,#145,#146,#147,#148,#149,#150,#151,#152,#153,#154,#155,
#156,#157,#158,#159,#160,#161,#162,#163,#164,#165,#166,#167,#168,#169,#170,#171,
#172,#173,#174,#175,#176,#177,#178,#179,#180,#181,#182,#183,#184,#185,#186,#187,
#188,#189,#190,#191,#192,#193,#194,#195,#196,#197,#198,#199,#200,#201,#202,#203,
#204,#205,#206,#207,#208,#209,#210,#211,#212,#213,#214,#215,#216,#217,#218,#219,
#220,#221,#222,#223,#224,#225,#226,#227,#228,#229,#230,#231,#232,#233,#234,#235,
#236,#237,#238,#239,#240,#241,#242,#243,#244,#245,#246,#247,#248,#249,#250,#251,
#252,#253,#254,#255,#256,#257,#258,#259,#260,#261,#262,#263,#264,#265,#266,#267,
#268,#269,#270,#271,#272,#273,#274,#275,#276,#277,#278,#279,#280,#281,#282,#283,
#284,#285,#286,#287,#288,#289,#290,#291,#292,#293,#294,#295,#296,#297,#298,#299,
#300,#301,#302,#303,#304,#305,#306,#307,#308,#309,#310,#311,#312,#313,#314,#315,
#316,#317,#318,#319,#320,#321,#322,#323,#324,#325,#326,#327,#328,#329,#330,#331,
#332,#333,#334,#335,#336,#337,#338,#339,#340,#341,#342,#343,#344,#345,#346,#347,
#348,#349,#350,#351,#352,#353,#354,#355,#356,#357,#358,#359,#360,#361,#362,#363,
#364,#365,#366,#367,#368,#369,#370,#371,#372,#373,#374,#375,#376,#377,#378,#379,
#380,#381,#382,#383,#384,#385,#386,#387,#388,#389,#390,#391,#392,#393,#394,#395,
#396,#397,#398,#399,#400,#401,#402,#403,#404,#405,#406,#407,#408,#409,#410,#411,
#412,#413,#414,#415,#416,#417,#418,#419,#420,#421,#422,#423,#424,#425,#426,#427,
#428,#429,#430,#431,#432,#433,#434,#435,#436,#437,#438,#439,#440,#441,#442,#443,
#444,#445,#446,#447,#448,#449,#450,#451,#452,#453,#454,#455,#456,#457,#458,#459,
#460,#461,#462,#463,#464,#465,#466,#467,#468,#469,#470,#471,#472,#473,#474,#475,
#476,#477,#478,#479,#480,#481,#482,#483,#484,#485,#486,#487,#488,#489,#490,#491,
#492,#493,#494,#495,#496,#497,#498,#499,#500,#501,#502,#503,#504,#505,#506,#507,
#508,#509,#510,#511,#512,#513,#514,#515,#516,#517,#518,#519,#520,#521,#522,#523,
#524,#525,#526,#527,#528,#529,#530,#531,#532,#533,#534,#535,#536,#537,#538,#539,
#540,#541,#542,#543,#544,#545,#546,#547,#548,#549,#550,#551,#552,#553,#554,#555,
#556,#557,#558,#559,#560,#561,#562,#563,#564,#565,#566,#567,#568,#569,#570,#571,
#572,#573,#574,#575,#576,#577,#578,#579,#580,#581,#582,#583,#584,#585,#586,#587,
#588,#589,#590,#591,#592,#593,#594,#595,#596,#597,#598,#599,#600,#601,#602,#603,
#604,#605,#606,#607,#608,#609,#610,#611,#612,#613,#614,#615,#616,#617,#618,#619,
#620,#621,#622,#623,#624,#625,#626,#627,#628,#629,#630,#631,#632,#633,#634,#635,
#636,#637,#638,#639,#640,#641,#642,#643,#644,#645,#646,#647,#648,#649,#650,#651,
#652,#653,#654,#655,#656,#657,#658,#659,#660,#661,#662,#663,#664,#665,#666,#667,
#668,#669,#670,#671,#672,#673,#674,#675,#676,#677,#678,#679,#680,#681,#682,#683,
#684,#685,#686,#687,#688,#689,#690,#691,#692,#693,#694,#695,#696,#697,#698,#699,
#700,#701,#702,#703,#704,#705,#706,#707,#708,#709,#710,#711,#712,#713,#714,#715,
#716,#717,#718,#719,#720,#721,#722,#723,#724,#725,#726,#727,#728,#729,#730,#731,
#732,#733,#734,#735,#736,#737,#738,#739,#740,#741,#742,#743,#744,#745,#746,#747,
#748,#749,#750,#751,#752,#753,#754,#755,#756,#757,#758,#759,#760,#761,#762,#763,
#764,#765,#766,#767,#768,#769,#770,#771,#772,#773,#774,#775,#776,#777,#778,#779,
#780,#781,#782,#783,#784,#785,#786,#787,#788,#789,#790,#791,#792,#793,#794,#795,
#796,#797,#798,#799,#800,#801,#802,#803,#804,#805,#806,#807,#808,#809,#810,#811,
#812,#813,#814,#815,#816,#817,#818,#819,#820,#821,#822,#823,#824,#825,#826,#827,
#828,#829,#830,#831,#832,#833,#834,#835,#836,#837,#838,#839,#840,#841,#842,#843,
#844,#845,#846,#847,#848,#849,#850,#851,#852,#853,#854,#855,#856,#857,#858),
(#859,#860,#861,#862,#863,#864,#865,#866,#867,#868,#869,#870,#871,#872,#873,#874,
#875,#876,#877,#878,#879,#880,#881,#882,#883,#884,#885,#886,#887,#888,#889,#890,
#891,#892,#893,#894,#895,#896,#897,#898,#899,#900,#901,#902,#903,#904,#905,#906,
#907,#908,#909,#910,#911,#912,#913,#914,#915,#916,#917,#918,#919,#920,#921,#922,
#923,#924,#925,#926,#927,#928,#929,#930,#931,#932,#933,#934,#935,#936,#937,#938,
#939,#940,#941,#942,#943,#944,#945,#946,#947,#948,#949,#950,#951,#952,#953,#954,
#955,#956,#957,#958,#959,#960,#961,#962,#963,#964,#965,#966,#967,#968,#969,#970,
#971,#972,#973,#974,#975,#976,#977,#978,#979,#980,#981,#982,#983,#984,#985,#986,
#987,#988,#989,#990,#991,#992,#993,#994,#995,#996,#997,#998,#999,#1000,#1001,#1002,
#1003,#1004,#1005,#1006,#1007,#1008,#1009,#1010,#1011,#1012,#1013,#1014,#1015,#1016,
#1017,#1018,#1019,#1020,#1021,#1022,#1023,#1024,#1025,#1026,#1027,#1028,#1029,#1030,
#1031,#1032,#1033,#1034,#1035,#1036,#1037,#1038,#1039,#1040,#1041,#1042,#1043,#1044,
#1045,#1046,#1047,#1048,#1049,#1050,#1051,#1052,#1053,#1054,#1055,#1056,#1057,#1058,
#1059,#1060,#1061,#1062,#1063,#1064,#1065,#1066,#1067,#1068,#1069,#1070,#1071,#1072,
#1073,#1074,#1075,#1076,#1077,#1078,#1079,#1080,#1081,#1082,#1083,#1084,#1085,#1086,
#1087,#1088,#1089,#1090,#1091,#1092,#1093,#1094,#1095,#1096,#1097,#1098,#1099,#1100,
#1101,#1102,#1103,#1104,#1105,#1106,#1107,#1108,#1109,#1110,#1111,#1112,#1113,#1114,
#1115,#1116,#1117,#1118,#1119,#1120,#1121,#1122,#1123,#1124,#1125,#1126,#1127,#1128,
#1129,#1130,#1131,#1132,#1133,#1134,#1135,#1136,#1137,#1138,#1139,#1140,#1141,#1142,
#1143,#1144,#1145,#1146,#1147,#1148,#1149,#1150,#1151,#1152,#1153,#1154,#1155,#1156,
#1157,#1158,#1159,#1160,#1161,#1162,#1163,#1164,#1165,#1166,#1167,#1168,#1169,#1170,
#1171,#1172,#1173,#1174,#1175,#1176,#1177,#1178,#1179,#1180,#1181,#1182,#1183,#1184,
#1185,#1186,#1187,#1188,#1189,#1190,#1191,#1192,#1193,#1194,#1195,#1196,#1197,#1198,
#1199,#1200,#1201,#1202,#1203,#1204,#1205,#1206,#1207,#1208,#1209,#1210,#1211,#1212,
#1213,#1214,#1215,#1216,#1217,#1218,#1219,#1220,#1221,#1222,#1223,#1224,#1225,#1226,
#1227,#1228,#1229,#1230,#1231,#1232,#1233,#1234,#1235,#1236,#1237,#1238,#1239,#1240,
#1241,#1242,#1243,#1244,#1245,#1246,#1247,#1248,#1249,#1250,#1251,#1252,#1253,#1254,
#1255,#1256,#1257,#1258,#1259,#1260,#1261,#1262,#1263,#1264,#1265,#1266,#1267,#1268,
#1269,#1270,#1271,#1272,#1273,#1274,#1275,#1276,#1277,#1278,#1279,#1280,#1281,#1282,
#1283,#1284,#1285,#1286,#1287,#1288,#1289,#1290,#1291,#1292,#1293,#1294,#1295,#1296,
#1297,#1298,#1299,#1300,#1301,#1302,#1303,#1304,#1305,#1306,#1307,#1308,#1309,#1310,
#1311,#1312,#1313,#1314,#1315,#1316,#1317,#1318,#1319,#1320,#1321,#1322,#1323,#1324,
#1325,#1326,#1327,#1328,#1329,#1330,#1331,#1332,#1333,#1334,#1335,#1336,#1337,#1338,
#1339,#1340,#1341,#1342,#1343,#1344,#1345,#1346,#1347,#1348,#1349,#1350,#1351,#1352,
#1353,#1354,#1355,#1356,#1357,#1358,#1359,#1360,#1361,#1362,#1363,#1364,#1365,#1366,
#1367,#1368,#1369,#1370,#1371,#1372,#1373,#1374,#1375,#1376,#1377,#1378,#1379,#1380,
#1381,#1382,#1383,#1384,#1385,#1386,#1387,#1388,#1389,#1390,#1391,#1392,#1393,#1394,
#1395,#1396,#1397,#1398,#1399,#1400,#1401,#1402,#1403,#1404,#1405,#1406,#1407,#1408,
#1409,#1410,#1411,#1412,#1413,#1414,#1415,#1416,#1417,#1418,#1419,#1420,#1421,#1422,
#1423,#1424,#1425,#1426,#1427,#1428,#1429,#1430,#1431,#1432,#1433,#1434,#1435,#1436,
#1437,#1438,#1439,#1440,#1441,#1442,#1443,#1444,#1445,#1446,#1447,#1448,#1449,#1450,
#1451,#1452,#1453,#1454,#1455,#1456,#1457,#1458,#1459,#1460,#1461,#1462,#1463,#1464,
#1465,#1466,#1467,#1468,#1469,#1470,#1471,#1472,#1473,#1474,#1475,#1476,#1477,#1478,
#1479,#1480,#1481,#1482,#1483,#1484,#1485,#1486,#1487,#1488,#1489,#1490,#1491,#1492,
#1493,#1494,#1495,#1496,#1497,#1498,#1499,#1500,#1501,#1502,#1503,#1504,#1505,#1506,
#1507,#1508,#1509,#1510,#1511,#1512,#1513,#1514,#1515,#1516,#1517,#1518,#1519,#1520,
#1521,#1522,#1523,#1524,#1525,#1526,#1527,#1528,#1529,#1530,#1531,#1532,#1533,#1534,
#1535,#1536,#1537,#1538,#1539,#1540,#1541,#1542,#1543,#1544,#1545,#1546,#1547,#1548,
#1549,#1550,#1551,#1552,#1553,#1554,#1555,#1556,#1557,#1558,#1559,#1560,#1561,#1562,
#1563,#1564,#1565,#1566,#1567,#1568,#1569,#1570,#1571,#1572,#1573,#1574,#1575,#1576,
#1577),
(#1578,#1579,#1580,#1581,#1582,#1583,#1584,#1585,#1586,#1587,#1588,#1589,#1590,#1591,
#1592,#1593,#1594,#1595,#1596,#1597,#1598,#1599,#1600,#1601,#1602,#1603,#1604,#1605,
#1606,#1607,#1608,#1609,#1610,#1611,#1612,#1613,#1614,#1615,#1616,#1617,#1618,#1619,
#1620,#1621,#1622,#1623,#1624,#1625,#1626,#1627,#1628,#1629,#1630,#1631,#1632,#1633,
#1634,#1635,#1636,#1637,#1638,#1639,#1640,#1641,#1642,#1643,#1644,#1645,#1646,#1647,
#1648,#1649,#1650,#1651,#1652,#1653,#1654,#1655,#1656,#1657,#1658,#1659,#1660,#1661,
#1662,#1663,#1664,#1665,#1666,#1667,#1668,#1669,#1670,#1671,#1672,#1673,#1674,#1675,
#1676,#1677,#1678,#1679,#1680,#1681,#1682,#1683,#1684,#1685,#1686,#1687,#1688,#1689,
#1690,#1691,#1692,#1693,#1694,#1695,#1696,#1697,#1698,#1699,#1700,#1701,#1702,#1703,
#1704,#1705,#1706,#1707,#1708,#1709,#1710,#1711,#1712,#1713,#1714,#1715,#1716,#1717,
#1718,#1719,#1720,#1721,#1722,#1723,#1724,#1725,#1726,#1727,#1728,#1729,#1730,#1731,
#1732,#1733,#1734,#1735,#1736,#1737,#1738,#1739,#1740,#1741,#1742,#1743,#1744,#1745,
#1746,#1747,#1748,#1749,#1750,#1751,#1752,#1753,#1754,#1755,#1756,#1757,#1758,#1759,
#1760,#1761,#1762,#1763,#1764,#1765,#1766,#1767,#1768,#1769,#1770,#1771,#1772,#1773,
#1774,#1775,#1776,#1777,#1778,#1779,#1780,#1781,#1782,#1783,#1784,#1785,#1786,#1787,
#1788,#1789,#1790,#1791,#1792,#1793,#1794,#1795,#1796,#1797,#1798,#1799,#1800,#1801,
#1802,#1803,#1804,#1805,#1806,#1807,#1808,#1809,#1810,#1811,#1812,#1813,#1814,#1815,
#1816,#1817,#1818,#1819,#1820,#1821,#1822,#1823,#1824,#1825,#1826,#1827,#1828,#1829,
#1830,#1831,#1832,#1833,#1834,#1835,#1836,#1837,#1838,#1839,#1840,#1841,#1842,#1843,
#1844,#1845,#1846,#1847,#1848,#1849,#1850,#1851,#1852,#1853,#1854,#1855,#1856,#1857,
#1858,#1859,#1860,#1861,#1862,#1863,#1864,#1865,#1866,#1867,#1868,#1869,#1870,#1871,
#1872,#1873,#1874,#1875,#1876,#1877,#1878,#1879,#1880,#1881,#1882,#1883,#1884,#1885,
#1886,#1887,#1888,#1889,#1890,#1891,#1892,#1893,#1894,#1895,#1896,#1897,#1898,#1899,
#1900,#1901,#1902,#1903,#1904,#1905,#1906,#1907,#1908,#1909,#1910,#1911,#1912,#1913,
#1914,#1915,#1916,#1917,#1918,#1919,#1920,#1921,#1922,#1923,#1924,#1925,#1926,#1927,
#1928,#1929,#1930,#1931,#1932,#1933,#1934,#1935,#1936,#1937,#1938,#1939,#1940,#1941,
#1942,#1943,#1944,#1945,#1946,#1947,#1948,#1949,#1950,#1951,#1952,#1953,#1954,#1955,
#1956,#1957,#1958,#1959,#1960,#1961,#1962,#1963,#1964,#1965,#1966,#1967,#1968,#1969,
#1970,#1971,#1972,#1973,#1974,#1975,#1976,#1977,#1978,#1979,#1980,#1981,#1982,#1983,
#1984,#1985,#1986,#1987,#1988,#1989,#1990,#1991,#1992,#1993,#1994,#1995,#1996,#1997,
#1998,#1999,#2000,#2001,#2002,#2003,#2004,#2005,#2006,#2007,#2008,#2009,#2010,#2011,
#2012,#2013,#2014,#2015,#2016,#2017,#2018,#2019,#2020,#2021,#2022,#2023,#2024,#2025,
#2026,#2027,#2028,#2029,#2030,#2031,#2032,#2033,#2034,#2035,#2036,#2037,#2038,#2039,
#2040,#2041,#2042,#2043,#2044,#2045,#2046,#2047,#2048,#2049,#2050,#2051,#2052,#2053,
#2054,#2055,#2056,#2057,#2058,#2059,#2060,#2061,#2062,#2063,#2064,#2065,#2066,#2067,
#2068,#2069,#2070,#2071,#2072,#2073,#2074,#2075,#2076,#2077,#2078,#2079,#2080,#2081,
#2082,#2083,#2084,#2085,#2086,#2087,#2088,#2089,#2090,#2091,#2092,#2093,#2094,#2095,
#2096,#2097,#2098,#2099,#2100,#2101,#2102,#2103,#2104,#2105,#2106,#2107,#2108,#2109,
#2110,#2111,#2112,#2113,#2114,#2115,#2116,#2117,#2118,#2119,#2120,#2121,#2122,#2123,
#2124,#2125,#2126,#2127,#2128,#2129,#2130,#2131,#2132,#2133,#2134,#2135,#2136,#2137,
#2138,#2139,#2140,#2141,#2142,#2143,#2144,#2145,#2146,#2147,#2148,#2149,#2150,#2151,
#2152,#2153,#2154,#2155,#2156,#2157,#2158,#2159,#2160,#2161,#2162,#2163,#2164,#2165,
#2166,#2167,#2168,#2169,#2170,#2171,#2172,#2173,#2174,#2175,#2176,#2177,#2178,#2179,
#2180,#2181,#2182,#2183,#2184,#2185,#2186,#2187,#2188,#2189,#2190,#2191,#2192,#2193,
#2194,#2195,#2196,#2197,#2198,#2199,#2200,#2201,#2202,#2203,#2204,#2205,#2206,#2207,
#2208,#2209,#2210,#2211,#2212,#2213,#2214,#2215,#2216,#2217,#2218,#2219,#2220,#2221,
#2222,#2223,#2224,#2225,#2226,#2227,#2228,#2229,#2230,#2231,#2232,#2233,#2234,#2235,
#2236,#2237,#2238,#2239,#2240,#2241,#2242,#2243,#2244,#2245,#2246,#2247,#2248,#2249,
#2250,#2251,#2252,#2253,#2254,#2255,#2256,#2257,#2258,#2259,#2260,#2261,#2262,#2263,
#2264,#2265,#2266,#2267,#2268,#2269,#2270,#2271,#2272,#2273,#2274,#2275,#2276,#2277,
#2278,#2279,#2280,#2281,#2282,#2283,#2284,#2285,#2286,#2287,#2288,#2289,#2290,#2291,
#2292,#2293,#2294,#2295,#2296),
(#2297,#2298,#2299,#2300,#2301,#2302,#2303,#2304,#2305,#2306,#2307,#2308,#2309,#2310,
#2311,#2312,#2313,#2314,#2315,#2316,#2317,#2318,#2319,#2320,#2321,#2322,#2323,#2324,
#2325,#2326,#2327,#2328,#2329,#2330,#2331,#2332,#2333,#2334,#2335,#2336,#2337,#2338,
#2339,#2340,#2341,#2342,#2343,#2344,#2345,#2346,#2347,#2348,#2349,#2350,#2351,#2352,
#2353,#2354,#2355,#2356,#2357,#2358,#2359,#2360,#2361,#2362,#2363,#2364,#2365,#2366,
#2367,#2368,#2369,#2370,#2371,#2372,#2373,#2374,#2375,#2376,#2377,#2378,#2379,#2380,
#2381,#2382,#2383,#2384,#2385,#2386,#2387,#2388,#2389,#2390,#2391,#2392,#2393,#2394,
#2395,#2396,#2397,#2398,#2399,#2400,#2401,#2402,#2403,#2404,#2405,#2406,#2407,#2408,
#2409,#2410,#2411,#2412,#2413,#2414,#2415,#2416,#2417,#2418,#2419,#2420,#2421,#2422,
#2423,#2424,#2425,#2426,#2427,#2428,#2429,#2430,#2431,#2432,#2433,#2434,#2435,#2436,
#2437,#2438,#2439,#2440,#2441,#2442,#2443,#2444,#2445,#2446,#2447,#2448,#2449,#2450,
#2451,#2452,#2453,#2454,#2455,#2456,#2457,#2458,#2459,#2460,#2461,#2462,#2463,#2464,
#2465,#2466,#2467,#2468,#2469,#2470,#2471,#2472,#2473,#2474,#2475,#2476,#2477,#2478,
#2479,#2480,#2481,#2482,#2483,#2484,#2485,#2486,#2487,#2488,#2489,#2490,#2491,#2492,
#2493,#2494,#2495,#2496,#2497,#2498,#2499,#2500,#2501,#2502,#2503,#2504,#2505,#2506,
#2507,#2508,#2509,#2510,#2511,#2512,#2513,#2514,#2515,#2516,#2517,#2518,#2519,#2520,
#2521,#2522,#2523,#2524,#2525,#2526,#2527,#2528,#2529,#2530,#2531,#2532,#2533,#2534,
#2535,#2536,#2537,#2538,#2539,#2540,#2541,#2542,#2543,#2544,#2545,#2546,#2547,#2548,
#2549,#2550,#2551,#2552,#2553,#2554,#2555,#2556,#2557,#2558,#2559,#2560,#2561,#2562,
#2563,#2564,#2565,#2566,#2567,#2568,#2569,#2570,#2571,#2572,#2573,#2574,#2575,#2576,
#2577,#2578,#2579,#2580,#2581,#2582,#2583,#2584,#2585,#2586,#2587,#2588,#2589,#2590,
#2591,#2592,#2593,#2594,#2595,#2596,#2597,#2598,#2599,#2600,#2601,#2602,#2603,#2604,
#2605,#2606,#2607,#2608,#2609,#2610,#2611,#2612,#2613,#2614,#2615,#2616,#2617,#2618,
#2619,#2620,#2621,#2622,#2623,#2624,#2625,#2626,#2627,#2628,#2629,#2630,#2631,#2632,
#2633,#2634,#2635,#2636,#2637,#2638,#2639,#2640,#2641,#2642,#2643,#2644,#2645,#2646,
#2647,#2648,#2649,#2650,#2651,#2652,#2653,#2654,#2655,#2656,#2657,#2658,#2659,#2660,
#2661,#2662,#2663,#2664,#2665,#2666,#2667,#2668,#2669,#2670,#2671,#2672,#2673,#2674,
#2675,#2676,#2677,#2678,#2679,#2680,#2681,#2682,#2683,#2684,#2685,#2686,#2687,#2688,
#2689,#2690,#2691,#2692,#2693,#2694,#2695,#2696,#2697,#2698,#2699,#2700,#2701,#2702,
#2703,#2704,#2705,#2706,#2707,#2708,#2709,#2710,#2711,#2712,#2713,#2714,#2715,#2716,
#2717,#2718,#2719,#2720,#2721,#2722,#2723,#2724,#2725,#2726,#2727,#2728,#2729,#2730,
#2731,#2732,#2733,#2734,#2735,#2736,#2737,#2738,#2739,#2740,#2741,#2742,#2743,#2744,
#2745,#2746,#2747,#2748,#2749,#2750,#2751,#2752,#2753,#2754,#2755,#2756,#2757,#2758,
#2759,#2760,#2761,#2762,#2763,#2764,#2765,#2766,#2767,#2768,#2769,#2770,#2771,#2772,
#2773,#2774,#2775,#2776,#2777,#2778,#2779,#2780,#2781,#2782,#2783,#2784,#2785,#2786,
#2787,#2788,#2789,#2790,#2791,#2792,#2793,#2794,#2795,#2796,#2797,#2798,#2799,#2800,
#2801,#2802,#2803,#2804,#2805,#2806,#2807,#2808,#2809,#2810,#2811,#2812,#2813,#2814,
#2815,#2816,#2817,#2818,#2819,#2820,#2821,#2822,#2823,#2824,#2825,#2826,#2827,#2828,
#2829,#2830,#2831,#2832,#2833,#2834,#2835,#2836,#2837,#2838,#2839,#2840,#2841,#2842,
#2843,#2844,#2845,#2846,#2847,#2848,#2849,#2850,#2851,#2852,#2853,#2854,#2855,#2856,
#2857,#2858,#2859,#2860,#2861,#2862,#2863,#2864,#2865,#2866,#2867,#2868,#2869,#2870,
#2871,#2872,#2873,#2874,#2875,#2876,#2877,#2878,#2879,#2880,#2881,#2882,#2883,#2884,
#2885,#2886,#2887,#2888,#2889,#2890,#2891,#2892,#2893,#2894,#2895,#2896,#2897,#2898,
#2899,#2900,#2901,#2902,#2903,#2904,#2905,#2906,#2907,#2908,#2909,#2910,#2911,#2912,
#2913,#2914,#2915,#2916,#2917,#2918,#2919,#2920,#2921,#2922,#2923,#2924,#2925,#2926,
#2927,#2928,#2929,#2930,#2931,#2932,#2933,#2934,#2935,#2936,#2937,#2938,#2939,#2940,
#2941,#2942,#2943,#2944,#2945,#2946,#2947,#2948,#2949,#2950,#2951,#2952,#2953,#2954,
#2955,#2956,#2957,#2958,#2959,#2960,#2961,#2962,#2963,#2964,#2965,#2966,#2967,#2968,
#2969,#2970,#2971,#2972,#2973,#2974,#2975,#2976,#2977,#2978,#2979,#2980,#2981,#2982,
#2983,#2984,#2985,#2986,#2987,#2988,#2989,#2990,#2991,#2992,#2993,#2994,#2995,#2996,
#2997,#2998,#2999,#3000,#3001,#3002,#3003,#3004,#3005,#3006,#3007,#3008,#3009,#3010,
#3011,#3012,#3013,#3014,#3015)),
.UNSPECIFIED.,.F.,.F.,.F.)B_SPLINE_SURFACE_WITH_KNOTS((4,4),
(4,1,1,1,1,1,1,1,1,1,1,1,1,1,1,1,1,1,1,1,1,1,1,1,1,1,1,1,1,1,1,1,1,1,1,1,1,1,1,1,
1,1,1,1,1,1,1,1,1,1,1,1,1,1,1,1,1,1,1,1,1,1,1,1,1,1,1,1,1,1,1,1,1,1,1,1,1,1,1,1,
1,1,1,1,1,1,1,1,1,1,1,1,1,1,1,1,1,1,1,1,1,1,1,1,1,1,1,1,1,1,1,1,1,1,1,1,1,1,1,1,
1,1,1,1,1,1,1,1,1,1,1,1,1,1,1,1,1,1,1,1,1,1,1,1,1,1,1,1,1,1,1,1,1,1,1,1,1,1,1,1,
1,1,1,1,1,1,1,1,1,1,1,1,1,1,1,1,1,1,1,1,1,1,1,1,1,1,1,1,1,1,1,1,1,1,1,1,1,1,1,1,
1,1,1,1,1,1,1,1,1,1,1,1,1,1,1,1,1,1,1,1,1,1,1,1,1,1,1,1,1,1,1,1,1,1,1,1,1,1,1,1,
1,1,1,1,1,1,1,1,1,1,1,1,1,1,1,1,1,1,1,1,1,1,1,1,1,1,1,1,1,1,1,1,1,1,1,1,1,1,1,1,
1,1,1,1,1,1,1,1,1,1,1,1,1,1,1,1,1,1,1,1,1,1,1,1,1,1,1,1,1,1,1,1,1,1,1,1,1,1,1,1,
1,1,1,1,1,1,1,1,1,1,1,1,1,1,1,1,1,1,1,1,1,1,1,1,1,1,1,1,1,1,1,1,1,1,1,1,1,1,1,1,
1,1,1,1,1,1,1,1,1,1,1,1,1,1,1,1,1,1,1,1,1,1,1,1,1,1,1,1,1,1,1,1,1,1,1,1,1,1,1,1,
1,1,1,1,1,1,1,1,1,1,1,1,1,1,1,1,1,1,1,1,1,1,1,1,1,1,1,1,1,1,1,1,1,1,1,1,1,1,1,1,
1,1,1,1,1,1,1,1,1,1,1,1,1,1,1,1,1,1,1,1,1,1,1,1,1,1,1,1,1,1,1,1,1,1,1,1,1,1,1,1,
1,1,1,1,1,1,1,1,1,1,1,1,1,1,1,1,1,1,1,1,1,1,1,1,1,1,1,1,1,1,1,1,1,1,1,1,1,1,1,1,
1,1,1,1,1,1,1,1,1,1,1,1,1,1,1,1,1,1,1,1,1,1,1,1,1,1,1,1,1,1,1,1,1,1,1,1,1,1,1,1,
1,1,1,1,1,1,1,1,1,1,1,1,1,1,1,1,1,1,1,1,1,1,1,1,1,1,1,1,1,1,1,1,1,1,1,1,1,1,1,1,
1,1,1,1,1,1,1,1,1,1,1,1,1,1,1,1,1,1,1,1,1,1,1,1,1,1,1,1,1,1,1,1,1,1,1,1,1,1,1,1,
1,1,1,1,1,1,1,1,1,1,1,1,1,1,1,1,1,1,1,1,1,1,1,1,1,1,1,1,1,1,1,1,1,1,1,1,1,1,1,1,
1,1,1,1,1,1,1,1,1,1,1,1,1,1,1,1,1,1,1,1,1,1,1,1,1,1,1,1,1,1,1,1,1,1,1,1,4),
(0.,2.09439510239319),
(2.40136078038937,2.49497265354216,2.58858452669495,2.68219639984774,2.77580827300052,
2.86942014615331,2.9630320193061,3.05664389245889,3.15025576561168,3.24386763876446,
3.33747951191725,3.43109138507004,3.52470325822283,3.61831513137562,3.7119270045284,
3.80553887768119,3.89915075083398,3.99276262398677,4.08637449713955,4.17998637029234,
4.27359824344513,4.36721011659792,4.4608219897507,4.55443386290349,4.64804573605628,
4.74165760920907,4.83526948236185,4.92888135551464,5.02249322866743,5.11610510182022,
5.209716974973,5.30332884812579,5.39694072127858,5.49055259443137,5.58416446758415,
5.67777634073694,5.77138821388973,5.86500008704252,5.9586119601953,6.05222383334809,
6.14583570650088,6.23944757965367,6.33305945280645,6.42667132595924,6.52028319911203,
6.61389507226482,6.70750694541761,6.80111881857039,6.89473069172318,6.98834256487597,
7.08195443802876,7.17556631118154,7.26917818433433,7.36279005748712,7.45640193063991,
7.55001380379269,7.64362567694548,7.73723755009827,7.83084942325106,7.92446129640384,
8.01807316955663,8.11168504270942,8.20529691586221,8.298908789015,8.39252066216778,
8.48613253532057,8.57974440847336,8.67335628162615,8.76696815477894,8.86058002793173,
8.95419190108452,9.0478037742373,9.14141564739009,9.23502752054288,9.32863939369567,
9.42225126684846,9.51586314000125,9.60947501315403,9.70308688630682,9.79669875945961,
9.8903106326124,9.98392250576519,10.077534378918,10.1711462520708,10.2647581252236,
10.3583699983763,10.4519818715291,10.5455937446819,10.6392056178347,10.7328174909875,
10.8264293641403,10.9200412372931,11.0136531104459,11.1072649835986,11.2008768567514,
11.2944887299042,11.388100603057,11.4817124762098,11.5753243493626,11.6689362225154,
11.7625480956682,11.856159968821,11.9497718419737,12.0433837151265,12.1369955882793,
12.2306074614321,12.3242193345849,12.4178312077377,12.5114430808905,12.6050549540433,
12.6986668271961,12.7922787003488,12.8858905735016,12.9795024466544,13.0731143198072,
13.16672619296,13.2603380661128,13.3539499392656,13.4475618124184,13.5411736855711,
13.6347855587239,13.7283974318767,13.8220093050295,13.9156211781823,14.0092330513351,
14.1028449244879,14.1964567976407,14.2900686707935,14.3836805439462,14.477292417099,
14.5709042902518,14.6645161634046,14.7581280365574,14.8517399097102,14.945351782863,
15.0389636560158,15.1325755291685,15.2261874023213,15.3197992754741,15.4134111486269,
15.5070230217797,15.6006348949325,15.6942467680853,15.7878586412381,15.8814705143909,
15.9750823875436,16.0686942606964,16.1623061338492,16.255918007002,16.3495298801548,
16.4431417533076,16.5367536264604,16.6303654996132,16.723977372766,16.8175892459187,
16.9112011190715,17.0048129922243,17.0984248653771,17.1920367385299,17.2856486116827,
17.3792604848355,17.4728723579883,17.566484231141,17.6600961042938,17.7537079774466,
17.8473198505994,17.9409317237522,18.034543596905,18.1281554700578,18.2217673432106,
18.3153792163634,18.4089910895161,18.5026029626689,18.5962148358217,18.6898267089745,
18.7834385821273,18.8770504552801,18.9706623284329,19.0642742015857,19.1578860747384,
19.2514979478912,19.345109821044,19.4387216941968,19.5323335673496,19.6259454405024,
19.7195573136552,19.813169186808,19.9067810599608,20.0003929331135,20.0940048062663,
20.1876166794191,20.2812285525719,20.3748404257247,20.4684522988775,20.5620641720303,
20.6556760451831,20.7492879183359,20.8428997914886,20.9365116646414,21.0301235377942,
21.123735410947,21.2173472840998,21.3109591572526,21.4045710304054,21.4981829035582,
21.5917947767109,21.6854066498637,21.7790185230165,21.8726303961693,21.9662422693221,
22.0598541424749,22.1534660156277,22.2470778887805,22.3406897619333,22.434301635086,
22.5279135082388,22.6215253813916,22.7151372545444,22.8087491276972,22.90236100085,
22.9959728740028,23.0895847471556,23.1831966203084,23.2768084934611,23.3704203666139,
23.4640322397667,23.5576441129195,23.6512559860723,23.7448678592251,23.8384797323779,
23.9320916055307,24.0257034786834,24.1193153518362,24.212927224989,24.3065390981418,
24.4001509712946,24.4937628444474,24.5873747176002,24.680986590753,24.7745984639058,
24.8682103370585,24.9618222102113,25.0554340833641,25.1490459565169,25.2426578296697,
25.3362697028225,25.4298815759753,25.5234934491281,25.6171053222808,25.7107171954336,
25.8043290685864,25.8979409417392,25.991552814892,26.0851646880448,26.1787765611976,
26.2723884343504,26.3660003075032,26.4596121806559,26.5532240538087,26.6468359269615,
26.7404478001143,26.8340596732671,26.9276715464199,27.0212834195727,27.1148952927255,
27.2085071658783,27.302119039031,27.3957309121838,27.4893427853366,27.5829546584894,
27.6765665316422,27.770178404795,27.8637902779478,27.9574021511006,28.0510140242533,
28.1446258974061,28.2382377705589,28.3318496437117,28.4254615168645,28.5190733900173,
28.6126852631701,28.7062971363229,28.7999090094757,28.8935208826284,28.9871327557812,
29.080744628934,29.1743565020868,29.2679683752396,29.3615802483924,29.4551921215452,
29.548803994698,29.6424158678508,29.7360277410035,29.8296396141563,29.9232514873091,
30.0168633604619,30.1104752336147,30.2040871067675,30.2976989799203,30.3913108530731,
30.4849227262258,30.5785345993786,30.6721464725314,30.7657583456842,30.859370218837,
30.9529820919898,31.0465939651426,31.1402058382954,31.2338177114482,31.3274295846009,
31.4210414577537,31.5146533309065,31.6082652040593,31.7018770772121,31.7954889503649,
31.8891008235177,31.9827126966705,32.0763245698232,32.169936442976,32.2635483161288,
32.3571601892816,32.4507720624344,32.5443839355872,32.63799580874,32.7316076818928,
32.8252195550456,32.9188314281983,33.0124433013511,33.1060551745039,33.1996670476567,
33.2932789208095,33.3868907939623,33.4805026671151,33.5741145402679,33.6677264134207,
33.7613382865734,33.8549501597262,33.948562032879,34.0421739060318,34.1357857791846,
34.2293976523374,34.3230095254902,34.416621398643,34.5102332717957,34.6038451449485,
34.6974570181013,34.7910688912541,34.8846807644069,34.9782926375597,35.0719045107125,
35.1655163838653,35.2591282570181,35.3527401301708,35.4463520033236,35.5399638764764,
35.6335757496292,35.727187622782,35.8207994959348,35.9144113690876,36.0080232422404,
36.1016351153932,36.1952469885459,36.2888588616987,36.3824707348515,36.4760826080043,
36.5696944811571,36.6633063543099,36.7569182274627,36.8505301006155,36.9441419737682,
37.037753846921,37.1313657200738,37.2249775932266,37.3185894663794,37.4122013395322,
37.505813212685,37.5994250858378,37.6930369589906,37.7866488321433,37.8802607052961,
37.9738725784489,38.0674844516017,38.1610963247545,38.2547081979073,38.3483200710601,
38.4419319442129,38.5355438173656,38.6291556905184,38.7227675636712,38.816379436824,
38.9099913099768,39.0036031831296,39.0972150562824,39.1908269294352,39.284438802588,
39.3780506757407,39.4716625488935,39.5652744220463,39.6588862951991,39.7524981683519,
39.8461100415047,39.9397219146575,40.0333337878103,40.1269456609631,40.2205575341158,
40.3141694072686,40.4077812804214,40.5013931535742,40.595005026727,40.6886168998798,
40.7822287730326,40.8758406461854,40.9694525193381,41.0630643924909,41.1566762656437,
41.2502881387965,41.3439000119493,41.4375118851021,41.5311237582549,41.6247356314077,
41.7183475045605,41.8119593777132,41.905571250866,41.9991831240188,42.0927949971716,
42.1864068703244,42.2800187434772,42.37363061663,42.4672424897828,42.5608543629356,
42.6544662360883,42.7480781092411,42.8416899823939,42.9353018555467,43.0289137286995,
43.1225256018523,43.2161374750051,43.3097493481579,43.4033612213106,43.4969730944634,
43.5905849676162,43.684196840769,43.7778087139218,43.8714205870746,43.9650324602274,
44.0586443333802,44.152256206533,44.2458680796857,44.3394799528385,44.4330918259913,
44.5267036991441,44.6203155722969,44.7139274454497,44.8075393186025,44.9011511917553,
44.994763064908,45.0883749380608,45.1819868112136,45.2755986843664,45.3692105575192,
45.462822430672,45.5564343038248,45.6500461769776,45.7436580501304,45.8372699232831,
45.9308817964359,46.0244936695887,46.1181055427415,46.2117174158943,46.3053292890471,
46.3989411621999,46.4925530353527,46.5861649085055,46.6797767816582,46.773388654811,
46.8670005279638,46.9606124011166,47.0542242742694,47.1478361474222,47.241448020575,
47.3350598937278,47.4286717668805,47.5222836400333,47.6158955131861,47.7095073863389,
47.8031192594917,47.8967311326445,47.9903430057973,48.0839548789501,48.1775667521029,
48.2711786252556,48.3647904984084,48.4584023715612,48.552014244714,48.6456261178668,
48.7392379910196,48.8328498641724,48.9264617373252,49.020073610478,49.1136854836307,
49.2072973567835,49.3009092299363,49.3945211030891,49.4881329762419,49.5817448493947,
49.6753567225475,49.7689685957003,49.862580468853,49.9561923420058,50.0498042151586,
50.1434160883114,50.2370279614642,50.330639834617,50.4242517077698,50.5178635809226,
50.6114754540754,50.7050873272281,50.7986992003809,50.8923110735337,50.9859229466865,
51.0795348198393,51.1731466929921,51.2667585661449,51.3603704392977,51.4539823124504,
51.5475941856032,51.641206058756,51.7348179319088,51.8284298050616,51.9220416782144,
52.0156535513672,52.10926542452,52.2028772976728,52.2964891708255,52.3901010439783,
52.4837129171311,52.5773247902839,52.6709366634367,52.7645485365895,52.8581604097423,
52.9517722828951,53.0453841560479,53.1389960292006,53.2326079023534,53.3262197755062,
53.419831648659,53.5134435218118,53.6070553949646,53.7006672681174,53.7942791412702,
53.8878910144229,53.9815028875757,54.0751147607285,54.1687266338813,54.2623385070341,
54.3559503801869,54.4495622533397,54.5431741264925,54.6367859996453,54.730397872798,
54.8240097459508,54.9176216191036,55.0112334922564,55.1048453654092,55.198457238562,
55.2920691117148,55.3856809848676,55.4792928580204,55.5729047311731,55.6665166043259,
55.7601284774787,55.8537403506315,55.9473522237843,56.0409640969371,56.1345759700899,
56.2281878432427,56.3217997163954,56.4154115895482,56.509023462701,56.6026353358538,
56.6962472090066,56.7898590821594,56.8834709553122,56.977082828465,57.0706947016178,
57.1643065747705,57.2579184479233,57.3515303210761,57.4451421942289,57.5387540673817,
57.6323659405345,57.7259778136873,57.8195896868401,57.9132015599928,58.0068134331456,
58.1004253062984,58.1940371794512,58.287649052604,58.3812609257568,58.4748727989096,
58.5684846720624,58.6620965452152,58.7557084183679,58.8493202915207,58.9429321646735,
59.0365440378263,59.1301559109791,59.2237677841319,59.3173796572847,59.4109915304375,
59.5046034035903,59.598215276743,59.6918271498958,59.7854390230486,59.8790508962014,
59.9726627693542,60.066274642507,60.1598865156598,60.2534983888126,60.3471102619653,
60.4407221351181,60.5343340082709,60.6279458814237,60.7215577545765,60.8151696277293,
60.9087815008821,61.0023933740349,61.0960052471877,61.1896171203404,61.2832289934932,
61.376840866646,61.4704527397988,61.5640646129516,61.6576764861044,61.7512883592572,
61.84490023241,61.9385121055628,62.0321239787155,62.1257358518683,62.2193477250211,
62.3129595981739,62.4065714713267,62.5001833444795,62.5937952176323,62.6874070907851,
62.7810189639378,62.8746308370906,62.9682427102434,63.0618545833962,63.155466456549,
63.2490783297018,63.3426902028546,63.4363020760074,63.5299139491602,63.6235258223129,
63.7171376954657,63.8107495686185,63.9043614417713,63.9979733149241,64.0915851880769,
64.1851970612297,64.2788089343824,64.3724208075352,64.466032680688,64.5596445538408,
64.6532564269936,64.7468683001463,64.8404801732991,64.9340920464519,65.0277039196047,
65.1213157927575,65.2149276659103,65.308539539063,65.4021514122158,65.4957632853686,
65.5893751585214,65.6829870316742,65.7765989048269,65.8702107779797,65.9638226511325,
66.0574345242853,66.1510463974381,66.2446582705908,66.3382701437436,66.4318820168964,
66.5254938900492,66.619105763202,66.7127176363548,66.8063295095075,66.8999413826603,
66.9935532558131,67.0871651289659,67.1807770021187,67.2743888752714,67.3680007484242,
67.461612621577,67.5552244947298,67.6488363678826,67.7424482410353,67.8360601141881,
67.9296719873409,68.0232838604937,68.1168957336465,68.2105076067993,68.304119479952,
68.3977313531048,68.4913432262576,68.5849550994104,68.6785669725632,68.7721788457159,
68.8657907188687,68.9594025920215,69.0530144651743,69.1466263383271,69.2402382114798,
69.3338500846326,69.4274619577855),
.UNSPECIFIED.)GEOMETRIC_REPRESENTATION_ITEM()RATIONAL_B_SPLINE_SURFACE((
(1.,1.,1.,1.,1.,1.,1.,1.,1.,1.,1.,1.,1.,1.,1.,1.,1.,1.,1.,1.,1.,1.,1.,1.,1.,1.,1.,
1.,1.,1.,1.,1.,1.,1.,1.,1.,1.,1.,1.,1.,1.,1.,1.,1.,1.,1.,1.,1.,1.,1.,1.,1.,1.,1.,
1.,1.,1.,1.,1.,1.,1.,1.,1.,1.,1.,1.,1.,1.,1.,1.,1.,1.,1.,1.,1.,1.,1.,1.,1.,1.,1.,
1.,1.,1.,1.,1.,1.,1.,1.,1.,1.,1.,1.,1.,1.,1.,1.,1.,1.,1.,1.,1.,1.,1.,1.,1.,1.,1.,
1.,1.,1.,1.,1.,1.,1.,1.,1.,1.,1.,1.,1.,1.,1.,1.,1.,1.,1.,1.,1.,1.,1.,1.,1.,1.,1.,
1.,1.,1.,1.,1.,1.,1.,1.,1.,1.,1.,1.,1.,1.,1.,1.,1.,1.,1.,1.,1.,1.,1.,1.,1.,1.,1.,
1.,1.,1.,1.,1.,1.,1.,1.,1.,1.,1.,1.,1.,1.,1.,1.,1.,1.,1.,1.,1.,1.,1.,1.,1.,1.,1.,
1.,1.,1.,1.,1.,1.,1.,1.,1.,1.,1.,1.,1.,1.,1.,1.,1.,1.,1.,1.,1.,1.,1.,1.,1.,1.,1.,
1.,1.,1.,1.,1.,1.,1.,1.,1.,1.,1.,1.,1.,1.,1.,1.,1.,1.,1.,1.,1.,1.,1.,1.,1.,1.,1.,
1.,1.,1.,1.,1.,1.,1.,1.,1.,1.,1.,1.,1.,1.,1.,1.,1.,1.,1.,1.,1.,1.,1.,1.,1.,1.,1.,
1.,1.,1.,1.,1.,1.,1.,1.,1.,1.,1.,1.,1.,1.,1.,1.,1.,1.,1.,1.,1.,1.,1.,1.,1.,1.,1.,
1.,1.,1.,1.,1.,1.,1.,1.,1.,1.,1.,1.,1.,1.,1.,1.,1.,1.,1.,1.,1.,1.,1.,1.,1.,1.,1.,
1.,1.,1.,1.,1.,1.,1.,1.,1.,1.,1.,1.,1.,1.,1.,1.,1.,1.,1.,1.,1.,1.,1.,1.,1.,1.,1.,
1.,1.,1.,1.,1.,1.,1.,1.,1.,1.,1.,1.,1.,1.,1.,1.,1.,1.,1.,1.,1.,1.,1.,1.,1.,1.,1.,
1.,1.,1.,1.,1.,1.,1.,1.,1.,1.,1.,1.,1.,1.,1.,1.,1.,1.,1.,1.,1.,1.,1.,1.,1.,1.,1.,
1.,1.,1.,1.,1.,1.,1.,1.,1.,1.,1.,1.,1.,1.,1.,1.,1.,1.,1.,1.,1.,1.,1.,1.,1.,1.,1.,
1.,1.,1.,1.,1.,1.,1.,1.,1.,1.,1.,1.,1.,1.,1.,1.,1.,1.,1.,1.,1.,1.,1.,1.,1.,1.,1.,
1.,1.,1.,1.,1.,1.,1.,1.,1.,1.,1.,1.,1.,1.,1.,1.,1.,1.,1.,1.,1.,1.,1.,1.,1.,1.,1.,
1.,1.,1.,1.,1.,1.,1.,1.,1.,1.,1.,1.,1.,1.,1.,1.,1.,1.,1.,1.,1.,1.,1.,1.,1.,1.,1.,
1.,1.,1.,1.,1.,1.,1.,1.,1.,1.,1.,1.,1.,1.,1.,1.,1.,1.,1.,1.,1.,1.,1.,1.,1.,1.,1.,
1.,1.,1.,1.,1.,1.,1.,1.,1.,1.,1.,1.,1.,1.,1.,1.,1.,1.,1.,1.,1.,1.,1.,1.,1.,1.,1.,
1.,1.,1.,1.,1.,1.,1.,1.,1.,1.,1.,1.,1.,1.,1.,1.,1.,1.,1.,1.,1.,1.,1.,1.,1.,1.,1.,
1.,1.,1.,1.,1.,1.,1.,1.,1.,1.,1.,1.,1.,1.,1.,1.,1.,1.,1.,1.,1.,1.,1.,1.,1.,1.,1.,
1.,1.,1.,1.,1.,1.,1.,1.,1.,1.,1.,1.,1.,1.,1.,1.,1.,1.,1.,1.,1.,1.,1.,1.,1.,1.,1.,
1.,1.,1.,1.,1.,1.,1.,1.,1.,1.,1.,1.,1.,1.,1.,1.,1.,1.,1.,1.,1.,1.,1.,1.,1.,1.,1.,
1.,1.,1.,1.,1.,1.,1.,1.,1.,1.,1.,1.,1.,1.,1.,1.,1.,1.,1.,1.,1.,1.,1.,1.,1.,1.,1.,
1.,1.,1.,1.,1.,1.,1.,1.,1.,1.,1.,1.,1.,1.,1.,1.,1.),
(0.666666666666668,0.666666666666668,0.666666666666668,0.666666666666668,0.666666666666668,
0.666666666666668,0.666666666666668,0.666666666666668,0.666666666666668,0.666666666666668,
0.666666666666668,0.666666666666668,0.666666666666668,0.666666666666668,0.666666666666668,
0.666666666666668,0.666666666666668,0.666666666666668,0.666666666666668,0.666666666666668,
0.666666666666668,0.666666666666668,0.666666666666668,0.666666666666668,0.666666666666668,
0.666666666666668,0.666666666666668,0.666666666666668,0.666666666666668,0.666666666666668,
0.666666666666668,0.666666666666668,0.666666666666668,0.666666666666668,0.666666666666668,
0.666666666666668,0.666666666666668,0.666666666666668,0.666666666666668,0.666666666666668,
0.666666666666668,0.666666666666668,0.666666666666668,0.666666666666668,0.666666666666668,
0.666666666666668,0.666666666666668,0.666666666666668,0.666666666666668,0.666666666666668,
0.666666666666668,0.666666666666668,0.666666666666668,0.666666666666668,0.666666666666668,
0.666666666666668,0.666666666666668,0.666666666666668,0.666666666666668,0.666666666666668,
0.666666666666668,0.666666666666668,0.666666666666668,0.666666666666668,0.666666666666668,
0.666666666666668,0.666666666666668,0.666666666666668,0.666666666666668,0.666666666666668,
0.666666666666668,0.666666666666668,0.666666666666668,0.666666666666668,0.666666666666668,
0.666666666666668,0.666666666666668,0.666666666666668,0.666666666666668,0.666666666666668,
0.666666666666668,0.666666666666668,0.666666666666668,0.666666666666668,0.666666666666668,
0.666666666666668,0.666666666666668,0.666666666666668,0.666666666666668,0.666666666666668,
0.666666666666668,0.666666666666668,0.666666666666668,0.666666666666668,0.666666666666668,
0.666666666666668,0.666666666666668,0.666666666666668,0.666666666666668,0.666666666666668,
0.666666666666668,0.666666666666668,0.666666666666668,0.666666666666668,0.666666666666668,
0.666666666666668,0.666666666666668,0.666666666666668,0.666666666666668,0.666666666666668,
0.666666666666668,0.666666666666668,0.666666666666668,0.666666666666668,0.666666666666668,
0.666666666666668,0.666666666666668,0.666666666666668,0.666666666666668,0.666666666666668,
0.666666666666668,0.666666666666668,0.666666666666668,0.666666666666668,0.666666666666668,
0.666666666666668,0.666666666666668,0.666666666666668,0.666666666666668,0.666666666666668,
0.666666666666668,0.666666666666668,0.666666666666668,0.666666666666668,0.666666666666668,
0.666666666666668,0.666666666666668,0.666666666666668,0.666666666666668,0.666666666666668,
0.666666666666668,0.666666666666668,0.666666666666668,0.666666666666668,0.666666666666668,
0.666666666666668,0.666666666666668,0.666666666666668,0.666666666666668,0.666666666666668,
0.666666666666668,0.666666666666668,0.666666666666668,0.666666666666668,0.666666666666668,
0.666666666666668,0.666666666666668,0.666666666666668,0.666666666666668,0.666666666666668,
0.666666666666668,0.666666666666668,0.666666666666668,0.666666666666668,0.666666666666668,
0.666666666666668,0.666666666666668,0.666666666666668,0.666666666666668,0.666666666666668,
0.666666666666668,0.666666666666668,0.666666666666668,0.666666666666668,0.666666666666668,
0.666666666666668,0.666666666666668,0.666666666666668,0.666666666666668,0.666666666666668,
0.666666666666668,0.666666666666668,0.666666666666668,0.666666666666668,0.666666666666668,
0.666666666666668,0.666666666666668,0.666666666666668,0.666666666666668,0.666666666666668,
0.666666666666668,0.666666666666668,0.666666666666668,0.666666666666668,0.666666666666668,
0.666666666666668,0.666666666666668,0.666666666666668,0.666666666666668,0.666666666666668,
0.666666666666668,0.666666666666668,0.666666666666668,0.666666666666668,0.666666666666668,
0.666666666666668,0.666666666666668,0.666666666666668,0.666666666666668,0.666666666666668,
0.666666666666668,0.666666666666668,0.666666666666668,0.666666666666668,0.666666666666668,
0.666666666666668,0.666666666666668,0.666666666666668,0.666666666666668,0.666666666666668,
0.666666666666668,0.666666666666668,0.666666666666668,0.666666666666668,0.666666666666668,
0.666666666666668,0.666666666666668,0.666666666666668,0.666666666666668,0.666666666666668,
0.666666666666668,0.666666666666668,0.666666666666668,0.666666666666668,0.666666666666668,
0.666666666666668,0.666666666666668,0.666666666666668,0.666666666666668,0.666666666666668,
0.666666666666668,0.666666666666668,0.666666666666668,0.666666666666668,0.666666666666668,
0.666666666666668,0.666666666666668,0.666666666666668,0.666666666666668,0.666666666666668,
0.666666666666668,0.666666666666668,0.666666666666668,0.666666666666668,0.666666666666668,
0.666666666666668,0.666666666666668,0.666666666666668,0.666666666666668,0.666666666666668,
0.666666666666668,0.666666666666668,0.666666666666668,0.666666666666668,0.666666666666668,
0.666666666666668,0.666666666666668,0.666666666666668,0.666666666666668,0.666666666666668,
0.666666666666668,0.666666666666668,0.666666666666668,0.666666666666668,0.666666666666668,
0.666666666666668,0.666666666666668,0.666666666666668,0.666666666666668,0.666666666666668,
0.666666666666668,0.666666666666668,0.666666666666668,0.666666666666668,0.666666666666668,
0.666666666666668,0.666666666666668,0.666666666666668,0.666666666666668,0.666666666666668,
0.666666666666668,0.666666666666668,0.666666666666668,0.666666666666668,0.666666666666668,
0.666666666666668,0.666666666666668,0.666666666666668,0.666666666666668,0.666666666666668,
0.666666666666668,0.666666666666668,0.666666666666668,0.666666666666668,0.666666666666668,
0.666666666666668,0.666666666666668,0.666666666666668,0.666666666666668,0.666666666666668,
0.666666666666668,0.666666666666668,0.666666666666668,0.666666666666668,0.666666666666668,
0.666666666666668,0.666666666666668,0.666666666666668,0.666666666666668,0.666666666666668,
0.666666666666668,0.666666666666668,0.666666666666668,0.666666666666668,0.666666666666668,
0.666666666666668,0.666666666666668,0.666666666666668,0.666666666666668,0.666666666666668,
0.666666666666668,0.666666666666668,0.666666666666668,0.666666666666668,0.666666666666668,
0.666666666666668,0.666666666666668,0.666666666666668,0.666666666666668,0.666666666666668,
0.666666666666668,0.666666666666668,0.666666666666668,0.666666666666668,0.666666666666668,
0.666666666666668,0.666666666666668,0.666666666666668,0.666666666666668,0.666666666666668,
0.666666666666668,0.666666666666668,0.666666666666668,0.666666666666668,0.666666666666668,
0.666666666666668,0.666666666666668,0.666666666666668,0.666666666666668,0.666666666666668,
0.666666666666668,0.666666666666668,0.666666666666668,0.666666666666668,0.666666666666668,
0.666666666666668,0.666666666666668,0.666666666666668,0.666666666666668,0.666666666666668,
0.666666666666668,0.666666666666668,0.666666666666668,0.666666666666668,0.666666666666668,
0.666666666666668,0.666666666666668,0.666666666666668,0.666666666666668,0.666666666666668,
0.666666666666668,0.666666666666668,0.666666666666668,0.666666666666668,0.666666666666668,
0.666666666666668,0.666666666666668,0.666666666666668,0.666666666666668,0.666666666666668,
0.666666666666668,0.666666666666668,0.666666666666668,0.666666666666668,0.666666666666668,
0.666666666666668,0.666666666666668,0.666666666666668,0.666666666666668,0.666666666666668,
0.666666666666668,0.666666666666668,0.666666666666668,0.666666666666668,0.666666666666668,
0.666666666666668,0.666666666666668,0.666666666666668,0.666666666666668,0.666666666666668,
0.666666666666668,0.666666666666668,0.666666666666668,0.666666666666668,0.666666666666668,
0.666666666666668,0.666666666666668,0.666666666666668,0.666666666666668,0.666666666666668,
0.666666666666668,0.666666666666668,0.666666666666668,0.666666666666668,0.666666666666668,
0.666666666666668,0.666666666666668,0.666666666666668,0.666666666666668,0.666666666666668,
0.666666666666668,0.666666666666668,0.666666666666668,0.666666666666668,0.666666666666668,
0.666666666666668,0.666666666666668,0.666666666666668,0.666666666666668,0.666666666666668,
0.666666666666668,0.666666666666668,0.666666666666668,0.666666666666668,0.666666666666668,
0.666666666666668,0.666666666666668,0.666666666666668,0.666666666666668,0.666666666666668,
0.666666666666668,0.666666666666668,0.666666666666668,0.666666666666668,0.666666666666668,
0.666666666666668,0.666666666666668,0.666666666666668,0.666666666666668,0.666666666666668,
0.666666666666668,0.666666666666668,0.666666666666668,0.666666666666668,0.666666666666668,
0.666666666666668,0.666666666666668,0.666666666666668,0.666666666666668,0.666666666666668,
0.666666666666668,0.666666666666668,0.666666666666668,0.666666666666668,0.666666666666668,
0.666666666666668,0.666666666666668,0.666666666666668,0.666666666666668,0.666666666666668,
0.666666666666668,0.666666666666668,0.666666666666668,0.666666666666668,0.666666666666668,
0.666666666666668,0.666666666666668,0.666666666666668,0.666666666666668,0.666666666666668,
0.666666666666668,0.666666666666668,0.666666666666668,0.666666666666668,0.666666666666668,
0.666666666666668,0.666666666666668,0.666666666666668,0.666666666666668,0.666666666666668,
0.666666666666668,0.666666666666668,0.666666666666668,0.666666666666668,0.666666666666668,
0.666666666666668,0.666666666666668,0.666666666666668,0.666666666666668,0.666666666666668,
0.666666666666668,0.666666666666668,0.666666666666668,0.666666666666668,0.666666666666668,
0.666666666666668,0.666666666666668,0.666666666666668,0.666666666666668,0.666666666666668,
0.666666666666668,0.666666666666668,0.666666666666668,0.666666666666668,0.666666666666668,
0.666666666666668,0.666666666666668,0.666666666666668,0.666666666666668,0.666666666666668,
0.666666666666668,0.666666666666668,0.666666666666668,0.666666666666668,0.666666666666668,
0.666666666666668,0.666666666666668,0.666666666666668,0.666666666666668,0.666666666666668,
0.666666666666668,0.666666666666668,0.666666666666668,0.666666666666668,0.666666666666668,
0.666666666666668,0.666666666666668,0.666666666666668,0.666666666666668,0.666666666666668,
0.666666666666668,0.666666666666668,0.666666666666668,0.666666666666668,0.666666666666668,
0.666666666666668,0.666666666666668,0.666666666666668,0.666666666666668,0.666666666666668,
0.666666666666668,0.666666666666668,0.666666666666668,0.666666666666668,0.666666666666668,
0.666666666666668,0.666666666666668,0.666666666666668,0.666666666666668,0.666666666666668,
0.666666666666668,0.666666666666668,0.666666666666668,0.666666666666668,0.666666666666668,
0.666666666666668,0.666666666666668,0.666666666666668,0.666666666666668,0.666666666666668,
0.666666666666668,0.666666666666668,0.666666666666668,0.666666666666668,0.666666666666668,
0.666666666666668,0.666666666666668,0.666666666666668,0.666666666666668,0.666666666666668,
0.666666666666668,0.666666666666668,0.666666666666668,0.666666666666668,0.666666666666668,
0.666666666666668,0.666666666666668,0.666666666666668,0.666666666666668,0.666666666666668,
0.666666666666668,0.666666666666668,0.666666666666668,0.666666666666668,0.666666666666668,
0.666666666666668,0.666666666666668,0.666666666666668,0.666666666666668,0.666666666666668,
0.666666666666668,0.666666666666668,0.666666666666668,0.666666666666668,0.666666666666668,
0.666666666666668,0.666666666666668,0.666666666666668,0.666666666666668,0.666666666666668,
0.666666666666668,0.666666666666668,0.666666666666668,0.666666666666668,0.666666666666668,
0.666666666666668,0.666666666666668,0.666666666666668,0.666666666666668,0.666666666666668,
0.666666666666668,0.666666666666668,0.666666666666668,0.666666666666668,0.666666666666668,
0.666666666666668,0.666666666666668,0.666666666666668,0.666666666666668,0.666666666666668,
0.666666666666668,0.666666666666668,0.666666666666668,0.666666666666668,0.666666666666668,
0.666666666666668,0.666666666666668,0.666666666666668,0.666666666666668,0.666666666666668,
0.666666666666668,0.666666666666668,0.666666666666668,0.666666666666668,0.666666666666668,
0.666666666666668,0.666666666666668,0.666666666666668,0.666666666666668,0.666666666666668,
0.666666666666668,0.666666666666668,0.666666666666668,0.666666666666668,0.666666666666668,
0.666666666666668,0.666666666666668,0.666666666666668,0.666666666666668,0.666666666666668,
0.666666666666668,0.666666666666668,0.666666666666668,0.666666666666668,0.666666666666668,
0.666666666666668,0.666666666666668,0.666666666666668,0.666666666666668,0.666666666666668,
0.666666666666668,0.666666666666668,0.666666666666668,0.666666666666668,0.666666666666668,
0.666666666666668,0.666666666666668,0.666666666666668,0.666666666666668,0.666666666666668,
0.666666666666668,0.666666666666668,0.666666666666668,0.666666666666668,0.666666666666668,
0.666666666666668,0.666666666666668,0.666666666666668,0.666666666666668,0.666666666666668,
0.666666666666668,0.666666666666668,0.666666666666668,0.666666666666668,0.666666666666668,
0.666666666666668,0.666666666666668,0.666666666666668,0.666666666666668,0.666666666666668,
0.666666666666668,0.666666666666668,0.666666666666668,0.666666666666668,0.666666666666668,
0.666666666666668,0.666666666666668,0.666666666666668,0.666666666666668),
(0.666666666666668,0.666666666666668,0.666666666666668,0.666666666666668,0.666666666666668,
0.666666666666668,0.666666666666668,0.666666666666668,0.666666666666668,0.666666666666668,
0.666666666666668,0.666666666666668,0.666666666666668,0.666666666666668,0.666666666666668,
0.666666666666668,0.666666666666668,0.666666666666668,0.666666666666668,0.666666666666668,
0.666666666666668,0.666666666666668,0.666666666666668,0.666666666666668,0.666666666666668,
0.666666666666668,0.666666666666668,0.666666666666668,0.666666666666668,0.666666666666668,
0.666666666666668,0.666666666666668,0.666666666666668,0.666666666666668,0.666666666666668,
0.666666666666668,0.666666666666668,0.666666666666668,0.666666666666668,0.666666666666668,
0.666666666666668,0.666666666666668,0.666666666666668,0.666666666666668,0.666666666666668,
0.666666666666668,0.666666666666668,0.666666666666668,0.666666666666668,0.666666666666668,
0.666666666666668,0.666666666666668,0.666666666666668,0.666666666666668,0.666666666666668,
0.666666666666668,0.666666666666668,0.666666666666668,0.666666666666668,0.666666666666668,
0.666666666666668,0.666666666666668,0.666666666666668,0.666666666666668,0.666666666666668,
0.666666666666668,0.666666666666668,0.666666666666668,0.666666666666668,0.666666666666668,
0.666666666666668,0.666666666666668,0.666666666666668,0.666666666666668,0.666666666666668,
0.666666666666668,0.666666666666668,0.666666666666668,0.666666666666668,0.666666666666668,
0.666666666666668,0.666666666666668,0.666666666666668,0.666666666666668,0.666666666666668,
0.666666666666668,0.666666666666668,0.666666666666668,0.666666666666668,0.666666666666668,
0.666666666666668,0.666666666666668,0.666666666666668,0.666666666666668,0.666666666666668,
0.666666666666668,0.666666666666668,0.666666666666668,0.666666666666668,0.666666666666668,
0.666666666666668,0.666666666666668,0.666666666666668,0.666666666666668,0.666666666666668,
0.666666666666668,0.666666666666668,0.666666666666668,0.666666666666668,0.666666666666668,
0.666666666666668,0.666666666666668,0.666666666666668,0.666666666666668,0.666666666666668,
0.666666666666668,0.666666666666668,0.666666666666668,0.666666666666668,0.666666666666668,
0.666666666666668,0.666666666666668,0.666666666666668,0.666666666666668,0.666666666666668,
0.666666666666668,0.666666666666668,0.666666666666668,0.666666666666668,0.666666666666668,
0.666666666666668,0.666666666666668,0.666666666666668,0.666666666666668,0.666666666666668,
0.666666666666668,0.666666666666668,0.666666666666668,0.666666666666668,0.666666666666668,
0.666666666666668,0.666666666666668,0.666666666666668,0.666666666666668,0.666666666666668,
0.666666666666668,0.666666666666668,0.666666666666668,0.666666666666668,0.666666666666668,
0.666666666666668,0.666666666666668,0.666666666666668,0.666666666666668,0.666666666666668,
0.666666666666668,0.666666666666668,0.666666666666668,0.666666666666668,0.666666666666668,
0.666666666666668,0.666666666666668,0.666666666666668,0.666666666666668,0.666666666666668,
0.666666666666668,0.666666666666668,0.666666666666668,0.666666666666668,0.666666666666668,
0.666666666666668,0.666666666666668,0.666666666666668,0.666666666666668,0.666666666666668,
0.666666666666668,0.666666666666668,0.666666666666668,0.666666666666668,0.666666666666668,
0.666666666666668,0.666666666666668,0.666666666666668,0.666666666666668,0.666666666666668,
0.666666666666668,0.666666666666668,0.666666666666668,0.666666666666668,0.666666666666668,
0.666666666666668,0.666666666666668,0.666666666666668,0.666666666666668,0.666666666666668,
0.666666666666668,0.666666666666668,0.666666666666668,0.666666666666668,0.666666666666668,
0.666666666666668,0.666666666666668,0.666666666666668,0.666666666666668,0.666666666666668,
0.666666666666668,0.666666666666668,0.666666666666668,0.666666666666668,0.666666666666668,
0.666666666666668,0.666666666666668,0.666666666666668,0.666666666666668,0.666666666666668,
0.666666666666668,0.666666666666668,0.666666666666668,0.666666666666668,0.666666666666668,
0.666666666666668,0.666666666666668,0.666666666666668,0.666666666666668,0.666666666666668,
0.666666666666668,0.666666666666668,0.666666666666668,0.666666666666668,0.666666666666668,
0.666666666666668,0.666666666666668,0.666666666666668,0.666666666666668,0.666666666666668,
0.666666666666668,0.666666666666668,0.666666666666668,0.666666666666668,0.666666666666668,
0.666666666666668,0.666666666666668,0.666666666666668,0.666666666666668,0.666666666666668,
0.666666666666668,0.666666666666668,0.666666666666668,0.666666666666668,0.666666666666668,
0.666666666666668,0.666666666666668,0.666666666666668,0.666666666666668,0.666666666666668,
0.666666666666668,0.666666666666668,0.666666666666668,0.666666666666668,0.666666666666668,
0.666666666666668,0.666666666666668,0.666666666666668,0.666666666666668,0.666666666666668,
0.666666666666668,0.666666666666668,0.666666666666668,0.666666666666668,0.666666666666668,
0.666666666666668,0.666666666666668,0.666666666666668,0.666666666666668,0.666666666666668,
0.666666666666668,0.666666666666668,0.666666666666668,0.666666666666668,0.666666666666668,
0.666666666666668,0.666666666666668,0.666666666666668,0.666666666666668,0.666666666666668,
0.666666666666668,0.666666666666668,0.666666666666668,0.666666666666668,0.666666666666668,
0.666666666666668,0.666666666666668,0.666666666666668,0.666666666666668,0.666666666666668,
0.666666666666668,0.666666666666668,0.666666666666668,0.666666666666668,0.666666666666668,
0.666666666666668,0.666666666666668,0.666666666666668,0.666666666666668,0.666666666666668,
0.666666666666668,0.666666666666668,0.666666666666668,0.666666666666668,0.666666666666668,
0.666666666666668,0.666666666666668,0.666666666666668,0.666666666666668,0.666666666666668,
0.666666666666668,0.666666666666668,0.666666666666668,0.666666666666668,0.666666666666668,
0.666666666666668,0.666666666666668,0.666666666666668,0.666666666666668,0.666666666666668,
0.666666666666668,0.666666666666668,0.666666666666668,0.666666666666668,0.666666666666668,
0.666666666666668,0.666666666666668,0.666666666666668,0.666666666666668,0.666666666666668,
0.666666666666668,0.666666666666668,0.666666666666668,0.666666666666668,0.666666666666668,
0.666666666666668,0.666666666666668,0.666666666666668,0.666666666666668,0.666666666666668,
0.666666666666668,0.666666666666668,0.666666666666668,0.666666666666668,0.666666666666668,
0.666666666666668,0.666666666666668,0.666666666666668,0.666666666666668,0.666666666666668,
0.666666666666668,0.666666666666668,0.666666666666668,0.666666666666668,0.666666666666668,
0.666666666666668,0.666666666666668,0.666666666666668,0.666666666666668,0.666666666666668,
0.666666666666668,0.666666666666668,0.666666666666668,0.666666666666668,0.666666666666668,
0.666666666666668,0.666666666666668,0.666666666666668,0.666666666666668,0.666666666666668,
0.666666666666668,0.666666666666668,0.666666666666668,0.666666666666668,0.666666666666668,
0.666666666666668,0.666666666666668,0.666666666666668,0.666666666666668,0.666666666666668,
0.666666666666668,0.666666666666668,0.666666666666668,0.666666666666668,0.666666666666668,
0.666666666666668,0.666666666666668,0.666666666666668,0.666666666666668,0.666666666666668,
0.666666666666668,0.666666666666668,0.666666666666668,0.666666666666668,0.666666666666668,
0.666666666666668,0.666666666666668,0.666666666666668,0.666666666666668,0.666666666666668,
0.666666666666668,0.666666666666668,0.666666666666668,0.666666666666668,0.666666666666668,
0.666666666666668,0.666666666666668,0.666666666666668,0.666666666666668,0.666666666666668,
0.666666666666668,0.666666666666668,0.666666666666668,0.666666666666668,0.666666666666668,
0.666666666666668,0.666666666666668,0.666666666666668,0.666666666666668,0.666666666666668,
0.666666666666668,0.666666666666668,0.666666666666668,0.666666666666668,0.666666666666668,
0.666666666666668,0.666666666666668,0.666666666666668,0.666666666666668,0.666666666666668,
0.666666666666668,0.666666666666668,0.666666666666668,0.666666666666668,0.666666666666668,
0.666666666666668,0.666666666666668,0.666666666666668,0.666666666666668,0.666666666666668,
0.666666666666668,0.666666666666668,0.666666666666668,0.666666666666668,0.666666666666668,
0.666666666666668,0.666666666666668,0.666666666666668,0.666666666666668,0.666666666666668,
0.666666666666668,0.666666666666668,0.666666666666668,0.666666666666668,0.666666666666668,
0.666666666666668,0.666666666666668,0.666666666666668,0.666666666666668,0.666666666666668,
0.666666666666668,0.666666666666668,0.666666666666668,0.666666666666668,0.666666666666668,
0.666666666666668,0.666666666666668,0.666666666666668,0.666666666666668,0.666666666666668,
0.666666666666668,0.666666666666668,0.666666666666668,0.666666666666668,0.666666666666668,
0.666666666666668,0.666666666666668,0.666666666666668,0.666666666666668,0.666666666666668,
0.666666666666668,0.666666666666668,0.666666666666668,0.666666666666668,0.666666666666668,
0.666666666666668,0.666666666666668,0.666666666666668,0.666666666666668,0.666666666666668,
0.666666666666668,0.666666666666668,0.666666666666668,0.666666666666668,0.666666666666668,
0.666666666666668,0.666666666666668,0.666666666666668,0.666666666666668,0.666666666666668,
0.666666666666668,0.666666666666668,0.666666666666668,0.666666666666668,0.666666666666668,
0.666666666666668,0.666666666666668,0.666666666666668,0.666666666666668,0.666666666666668,
0.666666666666668,0.666666666666668,0.666666666666668,0.666666666666668,0.666666666666668,
0.666666666666668,0.666666666666668,0.666666666666668,0.666666666666668,0.666666666666668,
0.666666666666668,0.666666666666668,0.666666666666668,0.666666666666668,0.666666666666668,
0.666666666666668,0.666666666666668,0.666666666666668,0.666666666666668,0.666666666666668,
0.666666666666668,0.666666666666668,0.666666666666668,0.666666666666668,0.666666666666668,
0.666666666666668,0.666666666666668,0.666666666666668,0.666666666666668,0.666666666666668,
0.666666666666668,0.666666666666668,0.666666666666668,0.666666666666668,0.666666666666668,
0.666666666666668,0.666666666666668,0.666666666666668,0.666666666666668,0.666666666666668,
0.666666666666668,0.666666666666668,0.666666666666668,0.666666666666668,0.666666666666668,
0.666666666666668,0.666666666666668,0.666666666666668,0.666666666666668,0.666666666666668,
0.666666666666668,0.666666666666668,0.666666666666668,0.666666666666668,0.666666666666668,
0.666666666666668,0.666666666666668,0.666666666666668,0.666666666666668,0.666666666666668,
0.666666666666668,0.666666666666668,0.666666666666668,0.666666666666668,0.666666666666668,
0.666666666666668,0.666666666666668,0.666666666666668,0.666666666666668,0.666666666666668,
0.666666666666668,0.666666666666668,0.666666666666668,0.666666666666668,0.666666666666668,
0.666666666666668,0.666666666666668,0.666666666666668,0.666666666666668,0.666666666666668,
0.666666666666668,0.666666666666668,0.666666666666668,0.666666666666668,0.666666666666668,
0.666666666666668,0.666666666666668,0.666666666666668,0.666666666666668,0.666666666666668,
0.666666666666668,0.666666666666668,0.666666666666668,0.666666666666668,0.666666666666668,
0.666666666666668,0.666666666666668,0.666666666666668,0.666666666666668,0.666666666666668,
0.666666666666668,0.666666666666668,0.666666666666668,0.666666666666668,0.666666666666668,
0.666666666666668,0.666666666666668,0.666666666666668,0.666666666666668,0.666666666666668,
0.666666666666668,0.666666666666668,0.666666666666668,0.666666666666668,0.666666666666668,
0.666666666666668,0.666666666666668,0.666666666666668,0.666666666666668,0.666666666666668,
0.666666666666668,0.666666666666668,0.666666666666668,0.666666666666668,0.666666666666668,
0.666666666666668,0.666666666666668,0.666666666666668,0.666666666666668,0.666666666666668,
0.666666666666668,0.666666666666668,0.666666666666668,0.666666666666668,0.666666666666668,
0.666666666666668,0.666666666666668,0.666666666666668,0.666666666666668,0.666666666666668,
0.666666666666668,0.666666666666668,0.666666666666668,0.666666666666668,0.666666666666668,
0.666666666666668,0.666666666666668,0.666666666666668,0.666666666666668,0.666666666666668,
0.666666666666668,0.666666666666668,0.666666666666668,0.666666666666668,0.666666666666668,
0.666666666666668,0.666666666666668,0.666666666666668,0.666666666666668,0.666666666666668,
0.666666666666668,0.666666666666668,0.666666666666668,0.666666666666668,0.666666666666668,
0.666666666666668,0.666666666666668,0.666666666666668,0.666666666666668,0.666666666666668,
0.666666666666668,0.666666666666668,0.666666666666668,0.666666666666668,0.666666666666668,
0.666666666666668,0.666666666666668,0.666666666666668,0.666666666666668,0.666666666666668,
0.666666666666668,0.666666666666668,0.666666666666668,0.666666666666668,0.666666666666668,
0.666666666666668,0.666666666666668,0.666666666666668,0.666666666666668,0.666666666666668,
0.666666666666668,0.666666666666668,0.666666666666668,0.666666666666668,0.666666666666668,
0.666666666666668,0.666666666666668,0.666666666666668,0.666666666666668,0.666666666666668,
0.666666666666668,0.666666666666668,0.666666666666668,0.666666666666668),
(1.,1.,1.,1.,1.,1.,1.,1.,1.,1.,1.,1.,1.,1.,1.,1.,1.,1.,1.,1.,1.,1.,1.,1.,1.,1.,1.,
1.,1.,1.,1.,1.,1.,1.,1.,1.,1.,1.,1.,1.,1.,1.,1.,1.,1.,1.,1.,1.,1.,1.,1.,1.,1.,1.,
1.,1.,1.,1.,1.,1.,1.,1.,1.,1.,1.,1.,1.,1.,1.,1.,1.,1.,1.,1.,1.,1.,1.,1.,1.,1.,1.,
1.,1.,1.,1.,1.,1.,1.,1.,1.,1.,1.,1.,1.,1.,1.,1.,1.,1.,1.,1.,1.,1.,1.,1.,1.,1.,1.,
1.,1.,1.,1.,1.,1.,1.,1.,1.,1.,1.,1.,1.,1.,1.,1.,1.,1.,1.,1.,1.,1.,1.,1.,1.,1.,1.,
1.,1.,1.,1.,1.,1.,1.,1.,1.,1.,1.,1.,1.,1.,1.,1.,1.,1.,1.,1.,1.,1.,1.,1.,1.,1.,1.,
1.,1.,1.,1.,1.,1.,1.,1.,1.,1.,1.,1.,1.,1.,1.,1.,1.,1.,1.,1.,1.,1.,1.,1.,1.,1.,1.,
1.,1.,1.,1.,1.,1.,1.,1.,1.,1.,1.,1.,1.,1.,1.,1.,1.,1.,1.,1.,1.,1.,1.,1.,1.,1.,1.,
1.,1.,1.,1.,1.,1.,1.,1.,1.,1.,1.,1.,1.,1.,1.,1.,1.,1.,1.,1.,1.,1.,1.,1.,1.,1.,1.,
1.,1.,1.,1.,1.,1.,1.,1.,1.,1.,1.,1.,1.,1.,1.,1.,1.,1.,1.,1.,1.,1.,1.,1.,1.,1.,1.,
1.,1.,1.,1.,1.,1.,1.,1.,1.,1.,1.,1.,1.,1.,1.,1.,1.,1.,1.,1.,1.,1.,1.,1.,1.,1.,1.,
1.,1.,1.,1.,1.,1.,1.,1.,1.,1.,1.,1.,1.,1.,1.,1.,1.,1.,1.,1.,1.,1.,1.,1.,1.,1.,1.,
1.,1.,1.,1.,1.,1.,1.,1.,1.,1.,1.,1.,1.,1.,1.,1.,1.,1.,1.,1.,1.,1.,1.,1.,1.,1.,1.,
1.,1.,1.,1.,1.,1.,1.,1.,1.,1.,1.,1.,1.,1.,1.,1.,1.,1.,1.,1.,1.,1.,1.,1.,1.,1.,1.,
1.,1.,1.,1.,1.,1.,1.,1.,1.,1.,1.,1.,1.,1.,1.,1.,1.,1.,1.,1.,1.,1.,1.,1.,1.,1.,1.,
1.,1.,1.,1.,1.,1.,1.,1.,1.,1.,1.,1.,1.,1.,1.,1.,1.,1.,1.,1.,1.,1.,1.,1.,1.,1.,1.,
1.,1.,1.,1.,1.,1.,1.,1.,1.,1.,1.,1.,1.,1.,1.,1.,1.,1.,1.,1.,1.,1.,1.,1.,1.,1.,1.,
1.,1.,1.,1.,1.,1.,1.,1.,1.,1.,1.,1.,1.,1.,1.,1.,1.,1.,1.,1.,1.,1.,1.,1.,1.,1.,1.,
1.,1.,1.,1.,1.,1.,1.,1.,1.,1.,1.,1.,1.,1.,1.,1.,1.,1.,1.,1.,1.,1.,1.,1.,1.,1.,1.,
1.,1.,1.,1.,1.,1.,1.,1.,1.,1.,1.,1.,1.,1.,1.,1.,1.,1.,1.,1.,1.,1.,1.,1.,1.,1.,1.,
1.,1.,1.,1.,1.,1.,1.,1.,1.,1.,1.,1.,1.,1.,1.,1.,1.,1.,1.,1.,1.,1.,1.,1.,1.,1.,1.,
1.,1.,1.,1.,1.,1.,1.,1.,1.,1.,1.,1.,1.,1.,1.,1.,1.,1.,1.,1.,1.,1.,1.,1.,1.,1.,1.,
1.,1.,1.,1.,1.,1.,1.,1.,1.,1.,1.,1.,1.,1.,1.,1.,1.,1.,1.,1.,1.,1.,1.,1.,1.,1.,1.,
1.,1.,1.,1.,1.,1.,1.,1.,1.,1.,1.,1.,1.,1.,1.,1.,1.,1.,1.,1.,1.,1.,1.,1.,1.,1.,1.,
1.,1.,1.,1.,1.,1.,1.,1.,1.,1.,1.,1.,1.,1.,1.,1.,1.,1.,1.,1.,1.,1.,1.,1.,1.,1.,1.,
1.,1.,1.,1.,1.,1.,1.,1.,1.,1.,1.,1.,1.,1.,1.,1.,1.,1.,1.,1.,1.,1.,1.,1.,1.,1.,1.,
1.,1.,1.,1.,1.,1.,1.,1.,1.,1.,1.,1.,1.,1.,1.,1.,1.)))REPRESENTATION_ITEM('')SURFACE(
));
#140=CARTESIAN_POINT('',(7.01050254006264,6.4041979431818,20.4394890320829));
#141=CARTESIAN_POINT('',(7.2103388618968,6.18544251834259,20.4305000940351));
#142=CARTESIAN_POINT('',(7.58951814602681,5.72921127479009,20.4125222179396));
#143=CARTESIAN_POINT('',(8.09182752922657,4.99469467709569,20.3855554037963));
#144=CARTESIAN_POINT('',(8.52327845315817,4.21644068049794,20.358588589653));
#145=CARTESIAN_POINT('',(8.88009287537309,3.40126419983224,20.3316217755097));
#146=CARTESIAN_POINT('',(9.15914622701075,2.5563035841016,20.3046549613664));
#147=CARTESIAN_POINT('',(9.35799490359547,1.68895796559781,20.2776881472231));
#148=CARTESIAN_POINT('',(9.47489762842477,0.806822505308428,20.2507213330799));
#149=CARTESIAN_POINT('',(9.50883070986171,-0.0823781264638945,20.2237545189366));
#150=CARTESIAN_POINT('',(9.45949700308904,-0.970857390650477,20.1967877047933));
#151=CARTESIAN_POINT('',(9.32732851281076,-1.85083506519821,20.16982089065));
#152=CARTESIAN_POINT('',(9.11348261010061,-2.71460537460703,20.1428540765067));
#153=CARTESIAN_POINT('',(8.81983189760019,-3.55460446780343,20.1158872623634));
#154=CARTESIAN_POINT('',(8.44894781152696,-4.36347665314563,20.0889204482201));
#155=CARTESIAN_POINT('',(8.00407810416303,-5.13413881063916,20.0619536340768));
#156=CARTESIAN_POINT('',(7.48911840398505,-5.85984241729637,20.0349868199336));
#157=CARTESIAN_POINT('',(6.90857810248264,-6.53423264250292,20.0080200057903));
#158=CARTESIAN_POINT('',(6.26754086638556,-7.1514039959046,19.981053191647));
#159=CARTESIAN_POINT('',(5.57162012108607,-7.70595204051792,19.9540863775037));
#160=CARTESIAN_POINT('',(4.82690989507844,-8.19302071822397,19.9271195633604));
#161=CARTESIAN_POINT('',(4.03993145586034,-8.60834487322641,19.9001527492171));
#162=CARTESIAN_POINT('',(3.217576204594,-8.94828760110469,19.8731859350738));
#163=CARTESIAN_POINT('',(2.36704532958639,-9.20987209640485,19.8462191209305));
#164=CARTESIAN_POINT('',(1.49578674702994,-9.3908077198856,19.8192523067873));
#165=CARTESIAN_POINT('',(0.611429881200093,-9.48951005715411,19.792285492644));
#166=CARTESIAN_POINT('',(-0.278281144774354,-9.50511479304256,19.7653186785007));
#167=CARTESIAN_POINT('',(-1.16555532253422,-9.4374852802304,19.7383518643574));
#168=CARTESIAN_POINT('',(-2.04262298267673,-9.28721373583564,19.7113850502141));
#169=CARTESIAN_POINT('',(-2.90180383208171,-9.05561605549668,19.6844182360708));
#170=CARTESIAN_POINT('',(-3.73557420858881,-8.74472029035689,19.6574514219275));
#171=CARTESIAN_POINT('',(-4.5366329640911,-8.3572488878563,19.6304846077843));
#172=CARTESIAN_POINT('',(-5.29796539912087,-7.89659485184414,19.603517793641));
#173=CARTESIAN_POINT('',(-6.01290468906623,-7.36679203077287,19.5765509794977));
#174=CARTESIAN_POINT('',(-6.67519026412231,-6.7724797941537,19.5495841653544));
#175=CARTESIAN_POINT('',(-7.27902263175637,-6.11886240659421,19.5226173512111));
#176=CARTESIAN_POINT('',(-7.8191141616183,-5.41166345517102,19.4956505370678));
#177=CARTESIAN_POINT('',(-8.29073538818384,-4.65707572920706,19.4686837229245));
#178=CARTESIAN_POINT('',(-8.68975642566845,-3.86170699134558,19.4417169087812));
#179=CARTESIAN_POINT('',(-9.01268313255,-3.03252211479193,19.414750094638));
#180=CARTESIAN_POINT('',(-9.25668770901567,-2.17678209341485,19.3877832804947));
#181=CARTESIAN_POINT('',(-9.41963345939753,-1.30198045878266,19.3608164663514));
#182=CARTESIAN_POINT('',(-9.50009350275753,-0.415777660916869,19.3338496522081));
#183=CARTESIAN_POINT('',(-9.49736326777747,0.474066012623379,19.3068828380648));
#184=CARTESIAN_POINT('',(-9.41146666253865,1.35975839191265,19.2799160239215));
#185=CARTESIAN_POINT('',(-9.24315586516399,2.23354365901765,19.2529492097782));
#186=CARTESIAN_POINT('',(-8.99390473715569,3.08777026402902,19.2259823956349));
#187=CARTESIAN_POINT('',(-8.6658959171067,3.91495792804047,19.1990155814917));
#188=CARTESIAN_POINT('',(-8.26200170780328,4.70786314634453,19.1720487673484));
#189=CARTESIAN_POINT('',(-7.78575892408649,5.45954261824751,19.1450819532051));
#190=CARTESIAN_POINT('',(-7.24133792172424,6.16341404806231,19.1181151390618));
#191=CARTESIAN_POINT('',(-6.63350607850154,6.81331378485803,19.0911483249185));
#192=CARTESIAN_POINT('',(-5.96758604731723,7.40355079622731,19.0641815107752));
#193=CARTESIAN_POINT('',(-5.24940914685575,7.92895650343477,19.0372146966319));
#194=CARTESIAN_POINT('',(-4.48526429798185,8.3849300415509,19.0102478824886));
#195=CARTESIAN_POINT('',(-3.6818429530114,8.76747854823801,18.9832810683454));
#196=CARTESIAN_POINT('',(-2.84618050010065,9.07325212838816,18.9563142542021));
#197=CARTESIAN_POINT('',(-1.98559465586321,9.29957318843509,18.9293474400588));
#198=CARTESIAN_POINT('',(-1.10762138569739,9.44445988346603,18.9023806259155));
#199=CARTESIAN_POINT('',(-0.219948912955843,9.50664347181185,18.8754138117722));
#200=CARTESIAN_POINT('',(0.669649605175054,9.48557942514542,18.8484469976289));
#201=CARTESIAN_POINT('',(1.55338414554314,9.38145219679921,18.8214801834856));
#202=CARTESIAN_POINT('',(2.42351603459003,9.19517360654699,18.7945133693423));
#203=CARTESIAN_POINT('',(3.27242571425334,8.92837485599406,18.7675465551991));
#204=CARTESIAN_POINT('',(4.09267946480007,8.58339224449502,18.7405797410558));
#205=CARTESIAN_POINT('',(4.87709450031366,8.16324671068219,18.7136129269125));
#206=CARTESIAN_POINT('',(5.61880186680757,7.67161737875483,18.6866461127692));
#207=CARTESIAN_POINT('',(6.31130659217992,7.11280934117875,18.6596792986259));
#208=CARTESIAN_POINT('',(6.94854456128923,6.49171595991623,18.6327124844826));
#209=CARTESIAN_POINT('',(7.52493561810824,5.81377601630638,18.6057456703393));
#210=CARTESIAN_POINT('',(8.03543242995168,5.08492608482505,18.578778856196));
#211=CARTESIAN_POINT('',(8.47556468588455,4.31154854777725,18.5518120420528));
#212=CARTESIAN_POINT('',(8.84147824227479,3.50041570614617,18.5248452279095));
#213=CARTESIAN_POINT('',(9.12996887270131,2.658630476008,18.4978784137662));
#214=CARTESIAN_POINT('',(9.33851032667649,1.79356418982146,18.4709115996229));
#215=CARTESIAN_POINT('',(9.46527645147914,0.912792047252685,18.4439447854796));
#216=CARTESIAN_POINT('',(9.50915718338164,0.0240267807788167,18.4169779713363));
#217=CARTESIAN_POINT('',(9.46976826823959,-0.864948883053775,18.390011157193));
#218=CARTESIAN_POINT('',(9.34745462632278,-1.74635037529424,18.3630443430497));
#219=CARTESIAN_POINT('',(9.14328733192252,-2.61245945238554,18.3360775289065));
#220=CARTESIAN_POINT('',(8.85905423418412,-3.45569178316555,18.3091107147632));
#221=CARTESIAN_POINT('',(8.49724430129586,-4.26866336322605,18.2821439006199));
#222=CARTESIAN_POINT('',(8.06102582512926,-5.04425517505335,18.2551770864766));
#223=CARTESIAN_POINT('',(7.55421867718755,-5.77567552773562,18.2282102723333));
#224=CARTESIAN_POINT('',(6.98126085881144,-6.45651953034146,18.20124345819));
#225=CARTESIAN_POINT('',(6.34716963855454,-7.08082517817414,18.1742766440467));
#226=CARTESIAN_POINT('',(5.65749761704029,-7.64312556076615,18.1473098299034));
#227=CARTESIAN_POINT('',(4.91828410403091,-8.13849673443999,18.1203430157601));
#228=CARTESIAN_POINT('',(4.13600223348893,-8.56260084022535,18.0933762016169));
#229=CARTESIAN_POINT('',(3.31750227973343,-8.91172408955848,18.0664093874736));
#230=CARTESIAN_POINT('',(2.46995167105915,-9.18280928513085,18.0394425733303));
#231=CARTESIAN_POINT('',(1.60077222610633,-9.37348259210951,18.012475759187));
#232=CARTESIAN_POINT('',(0.717575162589001,-9.4820743252987,17.9855089450437));
#233=CARTESIAN_POINT('',(-0.171905552503796,-9.50763357021461,17.9585421309004));
#234=CARTESIAN_POINT('',(-1.0598809275958,-9.44993651003921,17.9315753167571));
#235=CARTESIAN_POINT('',(-1.93857515304981,-9.30948838553608,17.9046085026139));
#236=CARTESIAN_POINT('',(-2.80029369226257,-9.08751907076557,17.8776416884706));
#237=CARTESIAN_POINT('',(-3.63749066106914,-8.78597230334174,17.8506748743273));
#238=CARTESIAN_POINT('',(-4.44283490542979,-8.40748866353967,17.823708060184));
#239=CARTESIAN_POINT('',(-5.20927419877135,-7.95538245130104,17.7967412460407));
#240=CARTESIAN_POINT('',(-5.93009699682055,-7.43361266362146,17.7697744318974));
#241=CARTESIAN_POINT('',(-6.59899120915573,-6.84674832646409,17.7428076177541));
#242=CARTESIAN_POINT('',(-7.21009947282694,-6.19992848478062,17.7158408036108));
#243=CARTESIAN_POINT('',(-7.75807044402519,-5.49881720099843,17.6888739894675));
#244=CARTESIAN_POINT('',(-8.23810565865084,-4.74955395604244,17.6619071753243));
#245=CARTESIAN_POINT('',(-8.64600155143306,-3.95869988721934,17.634940361181));
#246=CARTESIAN_POINT('',(-8.97818626564809,-3.13318033374738,17.6079735470377));
#247=CARTESIAN_POINT('',(-9.23175093110135,-2.28022419304832,17.5810067328944));
#248=CARTESIAN_POINT('',(-9.40447513647896,-1.40730061884532,17.5540399187511));
#249=CARTESIAN_POINT('',(-9.49484637301276,-0.522053615388081,17.5270731046078));
#250=CARTESIAN_POINT('',(-9.50207327919467,0.367764899450593,17.5001062904645));
#251=CARTESIAN_POINT('',(-9.42609257055949,1.25436297605462,17.4731394763212));
#252=CARTESIAN_POINT('',(-9.26756959385331,2.12997686549384,17.446172662178));
#253=CARTESIAN_POINT('',(-9.02789250073504,2.98693900500587,17.4192058480347));
#254=CARTESIAN_POINT('',(-8.70916009203041,3.81774516119636,17.3922390338914));
#255=CARTESIAN_POINT('',(-8.31416343898399,4.61512014299902,17.3652722197481));
#256=CARTESIAN_POINT('',(-7.84636144244773,5.37208150896121,17.3383054056048));
#257=CARTESIAN_POINT('',(-7.30985054402913,6.08200071098404,17.3113385914615));
#258=CARTESIAN_POINT('',(-6.70932885443194,6.73866113909435,17.2843717773182));
#259=CARTESIAN_POINT('',(-6.05005501310981,7.336312558963,17.257404963175));
#260=CARTESIAN_POINT('',(-5.33780213949002,7.8697214654719,17.2304381490317));
#261=CARTESIAN_POINT('',(-4.57880727900668,8.33421691139419,17.2034713348884));
#262=CARTESIAN_POINT('',(-3.77971678663345,8.72573140987589,17.1765045207451));
#263=CARTESIAN_POINT('',(-2.94752812618058,9.04083655254467,17.1495377066018));
#264=CARTESIAN_POINT('',(-2.08952859500722,9.27677303134557,17.1225708924585));
#265=CARTESIAN_POINT('',(-1.21323151072371,9.431474801209,17.0956040783152));
#266=CARTESIAN_POINT('',(-0.32631041868293,9.50358717196367,17.0686372641719));
#267=CARTESIAN_POINT('',(0.563468103608153,9.4924786710674,17.0416704500286));
#268=CARTESIAN_POINT('',(1.44831245673961,9.39824657327665,17.0147036358854));
#269=CARTESIAN_POINT('',(2.32047424876105,9.22171604883225,16.9877368217421));
#270=CARTESIAN_POINT('',(3.17231614618573,8.96443293762091,16.9607700075988));
#271=CARTESIAN_POINT('',(3.99637875247951,8.62865021258735,16.9338031934555));
#272=CARTESIAN_POINT('',(4.78544592839415,8.21730825093407,16.9068363793122));
#273=CARTESIAN_POINT('',(5.53260798214879,7.73400908586981,16.8798695651689));
#274=CARTESIAN_POINT('',(6.23132217611681,7.18298486437834,16.8529027510256));
#275=CARTESIAN_POINT('',(6.87547002017391,6.56906078721632,16.8259359368824));
#276=CARTESIAN_POINT('',(7.45941085000206,5.89761285566668,16.7989691227391));
#277=CARTESIAN_POINT('',(7.9780312211753,5.17452079505006,16.7720023085958));
#278=CARTESIAN_POINT('',(8.42678968649439,4.406116567233,16.7450354944525));
#279=CARTESIAN_POINT('',(8.80175656446445,3.59912892299794,16.7180686803092));
#280=CARTESIAN_POINT('',(9.09964835067181,2.76062447981779,16.6911018661659));
#281=CARTESIAN_POINT('',(9.31785647072689,1.89794584100454,16.6641350520226));
#282=CARTESIAN_POINT('',(9.45447012298989,1.0186472981091,16.6371682378793));
#283=CARTESIAN_POINT('',(9.50829301105029,0.130428679612789,16.6102014237361));
#284=CARTESIAN_POINT('',(9.47885381943763,-0.758932074816963,16.5832346095928));
#285=CARTESIAN_POINT('',(9.36641034082981,-1.64164702407365,16.5562677954495));
#286=CARTESIAN_POINT('',(9.17194721861797,-2.50998642293926,16.5293009813062));
#287=CARTESIAN_POINT('',(8.89716732459587,-3.35634640980292,16.5023341671629));
#288=CARTESIAN_POINT('',(8.54447684727725,-4.17331559204385,16.4753673530196));
#289=CARTESIAN_POINT('',(8.1169642214199,-4.9537399460047,16.4484005388763));
#290=CARTESIAN_POINT('',(7.61837308326576,-5.69078546324013,16.421433724733));
#291=CARTESIAN_POINT('',(7.0530694883225,-6.37799799446092,16.3944669105898));
#292=CARTESIAN_POINT('',(6.42600367875314,-7.00935976713312,16.3675000964465));
#293=CARTESIAN_POINT('',(5.74266673516867,-7.57934208181955,16.3405332823032));
#294=CARTESIAN_POINT('',(5.00904249241453,-8.0829537258133,16.3135664681599));
#295=CARTESIAN_POINT('',(4.23155514041413,-8.5157846801154,16.2865996540166));
#296=CARTESIAN_POINT('',(3.41701296891745,-8.874044737024,16.2596328398733));
#297=CARTESIAN_POINT('',(2.57254874877007,-9.15459669016909,16.23266602573));
#298=CARTESIAN_POINT('',(1.70555727177079,-9.35498380635494,16.2056992115867));
#299=CARTESIAN_POINT('',(0.823630596068224,-9.47345133864495,16.1787323974435));
#300=CARTESIAN_POINT('',(-0.0655084358618292,-9.50896189230372,16.1517655833002));
#301=CARTESIAN_POINT('',(-0.954073824489174,-9.46120450903996,16.1247987691569));
#302=CARTESIAN_POINT('',(-1.83428459355481,-9.3305973900014,16.0978319550136));
#303=CARTESIAN_POINT('',(-2.69843292640879,-9.1182842336772,16.0708651408703));
#304=CARTESIAN_POINT('',(-3.53895166170516,-8.82612422077594,16.043898326727));
#305=CARTESIAN_POINT('',(-4.34848055740848,-8.45667573377943,16.0169315125837));
#306=CARTESIAN_POINT('',(-5.11993074285258,-8.01317395373684,15.9899646984404));
#307=CARTESIAN_POINT('',(-5.84654679445829,-7.49950253047913,15.9629978842971));
#308=CARTESIAN_POINT('',(-6.52196589152686,-6.92015957433162,15.9360310701539));
#309=CARTESIAN_POINT('',(-7.14027353409416,-6.28021826712796,15.9090642560106));
#310=CARTESIAN_POINT('',(-7.69605533493653,-5.58528243744649,15.8820974418673));
#311=CARTESIAN_POINT('',(-8.18444443219678,-4.84143748908696,15.855130627724));
#312=CARTESIAN_POINT('',(-8.60116410744809,-4.05519711249651,15.8281638135807));
#313=CARTESIAN_POINT('',(-8.94256523599885,-3.23344624578146,15.8011969994374));
#314=CARTESIAN_POINT('',(-9.20565824149366,-2.38338078478309,15.7742301852941));
#315=CARTESIAN_POINT('',(-9.38813927499145,-1.5124445701633,15.7472633711509));
#316=CARTESIAN_POINT('',(-9.48841038927579,-0.628264203290767,15.7202965570076));
#317=CARTESIAN_POINT('',(-9.50559353173549,0.261417738269178,15.6933297428643));
#318=CARTESIAN_POINT('',(-9.43953823328268,1.14881050084333,15.666362928721));
#319=CARTESIAN_POINT('',(-9.29082292597832,2.02614337660716,15.6393961145777));
#320=CARTESIAN_POINT('',(-9.06074987782688,2.88573375000426,15.6124293004344));
#321=CARTESIAN_POINT('',(-8.75133378909511,3.72005437276064,15.5854624862911));
#322=CARTESIAN_POINT('',(-8.36528415001457,4.52179927838116,15.5584956721478));
#323=CARTESIAN_POINT('',(-7.90598151435758,5.28394775892889,15.5315288580045));
#324=CARTESIAN_POINT('',(-7.37744789665395,5.9998258438566,15.5045620438613));
#325=CARTESIAN_POINT('',(-6.78431155227359,6.66316474253342,15.477595229718));
#326=CARTESIAN_POINT('',(-6.13176644878833,7.26815573869789,15.4506284155747));
#327=CARTESIAN_POINT('',(-5.42552678351346,7.8095010561387,15.4236616014314));
#328=CARTESIAN_POINT('',(-4.67177694550912,8.28246025018308,15.3966947872881));
#329=CARTESIAN_POINT('',(-3.8771173602137,8.68289171875263,15.3697279731448));
#330=CARTESIAN_POINT('',(-3.04850669093581,9.00728896948316,15.3427611590015));
#331=CARTESIAN_POINT('',(-2.19320090333442,9.25281132532521,15.3157943448582));
#332=CARTESIAN_POINT('',(-1.31868972648596,9.41730879974283,15.288827530715));
#333=CARTESIAN_POINT('',(-0.432631066935484,9.49934092368389,15.2618607165717));
#334=CARTESIAN_POINT('',(0.457216049946118,9.49818935945821,15.2348939024284));
#335=CARTESIAN_POINT('',(1.34305942408082,9.41386419106633,15.2079270882851));
#336=CARTESIAN_POINT('',(2.21714191530588,9.24710383589625,15.1809602741418));
#337=CARTESIAN_POINT('',(3.07180937098417,8.99936857856079,15.1539934599985));
#338=CARTESIAN_POINT('',(3.89957765177479,8.67282778349898,15.1270266458552));
#339=CARTESIAN_POINT('',(4.69319816863387,8.27034089831762,15.1000598317119));
#340=CARTESIAN_POINT('',(5.44572135715187,7.79543241422266,15.0730930175687));
#341=CARTESIAN_POINT('',(6.15055753339653,7.25226100280682,15.0461262034254));
#342=CARTESIAN_POINT('',(6.80153459835967,6.6455830994556,15.0191593892821));
#343=CARTESIAN_POINT('',(7.39295208570255,5.9807112522642,14.9921925751388));
#344=CARTESIAN_POINT('',(7.91963107951526,5.26346760119499,14.9652257609955));
#345=CARTESIAN_POINT('',(8.37695956497094,4.50013289484824,14.9382589468522));
#346=CARTESIAN_POINT('',(8.76093281474909,3.69739149129571,14.9112921327089));
#347=CARTESIAN_POINT('',(9.06818845757252,2.8622728245927,14.8843253185656));
#348=CARTESIAN_POINT('',(9.29603592177049,2.00208984953377,14.8573585044224));
#349=CARTESIAN_POINT('',(9.44247999603688,1.1243750036784,14.8303916902791));
#350=CARTESIAN_POINT('',(9.50623830106712,0.23681424741304,14.8034248761358));
#351=CARTESIAN_POINT('',(9.48675251907831,-0.652820240353115,14.7764580619925));
#352=CARTESIAN_POINT('',(9.38419328287809,-1.53673812148953,14.7494912478492));
#353=CARTESIAN_POINT('',(9.19945868166982,-2.4071991169621,14.7225244337059));
#354=CARTESIAN_POINT('',(8.93416639667835,-3.25658078679414,14.6955576195626));
#355=CARTESIAN_POINT('',(8.59063953546293,-4.07744527813613,14.6685908054193));
#356=CARTESIAN_POINT('',(8.17188628896331,-4.86260445694556,14.6416239912761));
#357=CARTESIAN_POINT('',(7.68157358941779,-5.60518285293285,14.6146571771328));
#358=CARTESIAN_POINT('',(7.12399499982521,-6.29867786657794,14.5876903629895));
#359=CARTESIAN_POINT('',(6.50403311613592,-6.93701671099765,14.5607235488462));
#360=CARTESIAN_POINT('',(5.82711681140779,-7.51460959003606,14.5337567347029));
#361=CARTESIAN_POINT('',(5.09917369633087,-8.02639864690889,14.5067899205596));
#362=CARTESIAN_POINT('',(4.32657821241368,-8.46790225476892,14.4798231064163));
#363=CARTESIAN_POINT('',(3.51609581236811,-8.83525426134986,14.452856292273));
#364=CARTESIAN_POINT('',(2.67482371649309,-9.12523784403121,14.4258894781298));
#365=CARTESIAN_POINT('',(1.81012876384081,-9.33531367886316,14.3989226639865));
#366=CARTESIAN_POINT('',(0.929582902389415,-9.46364217688088,14.3719558498432));
#367=CARTESIAN_POINT('',(0.0408968831208895,-9.5090995929901,14.3449890356999));
#368=CARTESIAN_POINT('',(-0.848147261369149,-9.47128786636144,14.3180222215566));
#369=CARTESIAN_POINT('',(-1.72976436245944,-9.35053810616366,14.2910554074133));
#370=CARTESIAN_POINT('',(-2.59623428855256,-9.14790769211175,14.26408859327));
#371=CARTESIAN_POINT('',(-3.43996954860918,-8.86517101521989,14.2371217791267));
#372=CARTESIAN_POINT('',(-4.25358173417742,-8.50480393984045,14.2101549649835));
#373=CARTESIAN_POINT('',(-5.02994621809875,-8.06996212305159,14.1831881508402));
#374=CARTESIAN_POINT('',(-5.76226454333778,-7.5644533812461,14.1562213366969));
#375=CARTESIAN_POINT('',(-6.4441239556103,-6.99270434590101,14.1292545225536));
#376=CARTESIAN_POINT('',(-7.0695535584952,-6.35972170051656,14.1022877084103));
#377=CARTESIAN_POINT('',(-7.633076599292,-5.67104833816414,14.075320894267));
#378=CARTESIAN_POINT('',(-8.12975842776791,-4.93271482356217,14.0483540801237));
#379=CARTESIAN_POINT('',(-8.55524970783004,-4.15118658471616,14.0213872659804));
#380=CARTESIAN_POINT('',(-8.9058245037274,-3.33330729655427,13.9944204518372));
#381=CARTESIAN_POINT('',(-9.17841290727001,-2.48623895233596,13.9674536376939));
#382=CARTESIAN_POINT('',(-9.37062792035555,-1.61739914761521,13.9404868235506));
#383=CARTESIAN_POINT('',(-9.48078635739904,-0.734396125949482,13.9135200094073));
#384=CARTESIAN_POINT('',(-9.50792358462751,0.155037844854993,13.886553195264));
#385=CARTESIAN_POINT('',(-9.45180196717076,1.04311418255165,13.8595863811207));
#386=CARTESIAN_POINT('',(-9.31291294997884,1.92205619339544,13.8326195669774));
#387=CARTESIAN_POINT('',(-9.09247275434424,2.78416717097967,13.8056527528341));
#388=CARTESIAN_POINT('',(-8.79241172771322,3.62189779464088,13.7786859386909));
#389=CARTESIAN_POINT('',(-8.4153574400478,4.4279122372384,13.7517191245476));
#390=CARTESIAN_POINT('',(-7.96461167476002,5.19515240341703,13.7247523104043));
#391=CARTESIAN_POINT('',(-7.44412151570376,5.91689973583208,13.697785496261));
#392=CARTESIAN_POINT('',(-6.85844478340914,6.58683404811305,13.6708186821177));
#393=CARTESIAN_POINT('',(-6.21271012322717,7.19908886937813,13.6438518679744));
#394=CARTESIAN_POINT('',(-5.51257209488388,7.74830281565976,13.6168850538311));
#395=CARTESIAN_POINT('',(-4.76416165671537,8.22966653839245,13.5899182396878));
#396=CARTESIAN_POINT('',(-3.97403247818244,8.63896483884525,13.5629514255446));
#397=CARTESIAN_POINT('',(-3.14910355079478,8.9726135797116,13.5359846114013));
#398=CARTESIAN_POINT('',(-2.29659859998837,9.22769107063001,13.509017797258));
#399=CARTESIAN_POINT('',(-1.42398282851341,9.40196365279893,13.4820509831147));
#400=CARTESIAN_POINT('',(-0.538897545257211,9.49390525864721,13.4550841689714));
#401=CARTESIAN_POINT('',(0.350906748056491,9.50271077527996,13.4281173548281));
#402=CARTESIAN_POINT('',(1.23763822634645,9.4283030946793,13.4011505406848));
#403=CARTESIAN_POINT('',(2.1135319725126,9.27133378892274,13.3741837265415));
#404=CARTESIAN_POINT('',(2.9709179731473,9.03317740450633,13.3472169123983));
#405=CARTESIAN_POINT('',(3.80228828319539,8.71591942573636,13.320250098255));
#406=CARTESIAN_POINT('',(4.60036277141642,8.32233801259112,13.2932832841117));
#407=CARTESIAN_POINT('',(5.3581528709303,7.85587967297073,13.2663164699684));
#408=CARTESIAN_POINT('',(6.06902277659641,7.32062908236767,13.2393496558251));
#409=CARTESIAN_POINT('',(6.72674755333398,6.72127331524085,13.2123828416818));
#410=CARTESIAN_POINT('',(7.32556764654156,6.06306080131125,13.1854160275385));
#411=CARTESIAN_POINT('',(7.86023931727962,5.35175536619014,13.1584492133952));
#412=CARTESIAN_POINT('',(8.32608056056619,4.59358575879619,13.131482399252));
#413=CARTESIAN_POINT('',(8.71901210468882,3.79519110753901,13.1045155851087));
#414=CARTESIAN_POINT('',(9.03559313251085,2.96356278289764,13.0775487709654));
#415=CARTESIAN_POINT('',(9.27305141196805,2.10598317549091,13.0505819568221));
#416=CARTESIAN_POINT('',(9.42930757190932,1.22996192574689,13.0236151426788));
#417=CARTESIAN_POINT('',(9.5029933107033,0.343170163594661,12.9966483285355));
#418=CARTESIAN_POINT('',(9.49346337816188,-0.546626665972865,12.9696815143922));
#419=CARTESIAN_POINT('',(9.40080122585743,-1.43163680323287,12.9427147002489));
#420=CARTESIAN_POINT('',(9.22581827635538,-2.30411040449897,12.9157478861057));
#421=CARTESIAN_POINT('',(8.97004681776107,-3.15640740583782,12.8887810719624));
#422=CARTESIAN_POINT('',(8.63572658580191,-3.98106442546807,12.8618142578191));
#423=CARTESIAN_POINT('',(8.22578515094269,-4.77086011899154,12.8348474436758));
#424=CARTESIAN_POINT('',(7.74381228227981,-5.51887841515517,12.8078806295325));
#425=CARTESIAN_POINT('',(7.19402851270431,-6.21856907840145,12.7809138153892));
#426=CARTESIAN_POINT('',(6.58124818060188,-6.86380506787437,12.7539470012459));
#427=CARTESIAN_POINT('',(5.9108372717256,-7.44893619060016,12.7269801871026));
#428=CARTESIAN_POINT('',(5.18866643041129,-7.96883857901365,12.7000133729594));
#429=CARTESIAN_POINT('',(4.42105955160595,-8.41895955956597,12.6730465588161));
#430=CARTESIAN_POINT('',(3.61473840387795,-8.79535751950899,12.6460797446728));
#431=CARTESIAN_POINT('',(2.77676376833345,-9.09473642275157,12.6191129305295));
#432=CARTESIAN_POINT('',(1.91447360887277,-9.31447467253967,12.5921461163862));
#433=CARTESIAN_POINT('',(1.03541881521658,-9.45264806821606,12.5651793022429));
#434=CARTESIAN_POINT('',(0.147297081386447,-9.50804665503217,12.5382124880996));
#435=CARTESIAN_POINT('',(-0.742114501348402,-9.48018531946195,12.5112456739563));
#436=CARTESIAN_POINT('',(-1.62502754678891,-9.36930803723683,12.4842788598131));
#437=CARTESIAN_POINT('',(-2.49371057503134,-9.17638573690264,12.4573120456698));
#438=CARTESIAN_POINT('',(-3.34055671537617,-8.90310779760689,12.4303452315265));
#439=CARTESIAN_POINT('',(-4.15815031806099,-8.55186725556838,12.4033784173832));
#440=CARTESIAN_POINT('',(-4.93933189151275,-8.12573984877306,12.3764116032399));
#441=CARTESIAN_POINT('',(-5.67726079647765,-7.62845708339709,12.3494447890966));
#442=CARTESIAN_POINT('',(-6.36547514802989,-7.06437355780873,12.3224779749533));
#443=CARTESIAN_POINT('',(-6.99794840091003,-6.4384288302857,12.29551116081));
#444=CARTESIAN_POINT('',(-7.56914212268743,-5.7561041643643,12.2685443466668));
#445=CARTESIAN_POINT('',(-8.0740544926235,-5.02337453059192,12.2415775325235));
#446=CARTESIAN_POINT('',(-8.50826410154156,-4.24665628499324,12.2146107183802));
#447=CARTESIAN_POINT('',(-8.86796866915738,-3.43275098241869,12.1876439042369));
#448=CARTESIAN_POINT('',(-9.15001833983097,-2.58878581678945,12.1606770900936));
#449=CARTESIAN_POINT('',(-9.35194326517587,-1.72215120979114,12.1337102759503));
#450=CARTESIAN_POINT('',(-9.47197523199097,-0.84043609453839,12.106743461807));
#451=CARTESIAN_POINT('',(-9.50906314612377,0.0486385390824011,12.0797766476637));
#452=CARTESIAN_POINT('',(-9.46288223667608,0.937287255463204,12.0528098335205));
#453=CARTESIAN_POINT('',(-9.33383689995302,1.81772834866178,12.0258430193772));
#454=CARTESIAN_POINT('',(-9.12305715825149,2.68225198512922,11.9988762052339));
#455=CARTESIAN_POINT('',(-8.83238876449753,3.52328771706643,11.9719093910906));
#456=CARTESIAN_POINT('',(-8.46437703938447,4.33347077520945,11.9449425769473));
#457=CARTESIAN_POINT('',(-8.02224458254626,5.1057065605321,11.917975762804));
#458=CARTESIAN_POINT('',(-7.50986305294468,5.83323277012582,11.8910089486607));
#459=CARTESIAN_POINT('',(-6.93171926558333,6.50967861323386,11.8640421345174));
#460=CARTESIAN_POINT('',(-6.29287590143237,7.12912059889753,11.8370753203742));
#461=CARTESIAN_POINT('',(-5.59892717461865,7.68613440669431,11.8101085062309));
#462=CARTESIAN_POINT('',(-4.85594984509411,8.17584238634674,11.7831416920876));
#463=CARTESIAN_POINT('',(-4.07045000575412,8.59395627025817,11.7561748779443));
#464=CARTESIAN_POINT('',(-3.24930610997934,8.93681472495118,11.729208063801));
#465=CARTESIAN_POINT('',(-2.3997087384969,9.20141541257838,11.7022412496577));
#466=CARTESIAN_POINT('',(-1.52909763300934,9.38544128175008,11.6752744355144));
#467=CARTESIAN_POINT('',(-0.6450965479745,9.48728085745567,11.6483076213711));
#468=CARTESIAN_POINT('',(0.24455350897484,9.50604235240415,11.6213408072279));
#469=CARTESIAN_POINT('',(1.13206206337215,9.44156147621393,11.5943739930846));
#470=CARTESIAN_POINT('',(2.0096573934288,9.29440287406837,11.5674071789413));
#471=CARTESIAN_POINT('',(2.86965458533249,9.06585518223921,11.540440364798));
#472=CARTESIAN_POINT('',(3.70452282838695,8.75791974377554,11.5134735506547));
#473=CARTESIAN_POINT('',(4.5069513607037,8.3732930831725,11.4865067365114));
#474=CARTESIAN_POINT('',(5.26991348797368,7.91534329348554,11.4595399223681));
#475=CARTESIAN_POINT('',(5.98672811472008,7.38808054266286,11.4325731082248));
#476=CARTESIAN_POINT('',(6.65111824921645,6.79612195736608,11.4056062940816));
#477=CARTESIAN_POINT('',(7.25726596975505,6.14465119178368,11.3786394799383));
#478=CARTESIAN_POINT('',(7.79986337093769,5.43937303548469,11.351672665795));
#479=CARTESIAN_POINT('',(8.27415904386319,4.68646345780167,11.3247058516517));
#480=CARTESIAN_POINT('',(8.67599968319463,3.89251552619384,11.2977390375084));
#481=CARTESIAN_POINT('',(9.00186645676214,3.06448167217133,11.2707722233651));
#482=CARTESIAN_POINT('',(9.24890581922041,2.2096128103458,11.2438054092218));
#483=CARTESIAN_POINT('',(9.41495449993236,1.3353948437285,11.2168385950785));
#484=CARTESIAN_POINT('',(9.49855844626554,0.449483111285485,11.1898717809353));
#485=CARTESIAN_POINT('',(9.49898555641865,-0.44036464822149,11.162904966792));
#486=CARTESIAN_POINT('',(9.41623209027981,-1.32635622908706,11.1359381526487));
#487=CARTESIAN_POINT('',(9.25102270217793,-2.20073319333398,11.1089713385054));
#488=CARTESIAN_POINT('',(9.00480409524035,-3.05583880968812,11.0820045243621));
#489=CARTESIAN_POINT('',(8.67973235292432,-3.88418510192965,11.0550377102188));
#490=CARTESIAN_POINT('',(8.27865405865726,-4.67851841949255,11.0280708960755));
#491=CARTESIAN_POINT('',(7.80508136891704,-5.43188295612464,11.0011040819322));
#492=CARTESIAN_POINT('',(7.26316125803213,-6.13768166038892,10.974137267789));
#493=CARTESIAN_POINT('',(6.657639204018,-6.78973400462609,10.9471704536457));
#494=CARTESIAN_POINT('',(5.99381763344552,-7.38233010650776,10.9202036395024));
#495=CARTESIAN_POINT('',(5.27750948923025,-7.91028072924963,10.8932368253591));
#496=CARTESIAN_POINT('',(4.51498732793987,-8.36896272264346,10.8662700112158));
#497=CARTESIAN_POINT('',(3.71292839236364,-8.75435950699041,10.8393031970725));
#498=CARTESIAN_POINT('',(2.87835614033132,-9.06309624542685,10.8123363829292));
#499=CARTESIAN_POINT('',(2.0185787418016,-9.29246939664587,10.7853695687859));
#500=CARTESIAN_POINT('',(1.14112508278739,-9.4404703892278,10.7584027546426));
#501=CARTESIAN_POINT('',(0.25367883651808,-9.50580321026878,10.7314359404994));
#502=CARTESIAN_POINT('',(-0.635988820836585,-9.48789575428737,10.7044691263561));
#503=CARTESIAN_POINT('',(-1.52008726068711,-9.38690483302937,10.6775023122128));
#504=CARTESIAN_POINT('',(-2.39087462288549,-9.20371480230105,10.6505354980695));
#505=CARTESIAN_POINT('',(-3.24072560953175,-8.93992981785531,10.6235686839262));
#506=CARTESIAN_POINT('',(-4.06219825806982,-8.59785978814425,10.5966018697829));
#507=CARTESIAN_POINT('',(-4.84809910895523,-8.18050014694706,10.5696350556396));
#508=CARTESIAN_POINT('',(-5.59154619723535,-7.69150562299972,10.5426682414963));
#509=CARTESIAN_POINT('',(-6.28602931643828,-7.13515823632047,10.5157014273531));
#510=CARTESIAN_POINT('',(-6.92546702705271,-6.51632980148021,10.4887346132098));
#511=CARTESIAN_POINT('',(-7.50425991038746,-5.84043926616868,10.4617677990665));
#512=CARTESIAN_POINT('',(-8.01733960147835,-5.11340525863345,10.4348009849232));
#513=CARTESIAN_POINT('',(-8.46021317167158,-4.34159425952358,10.4078341707799));
#514=CARTESIAN_POINT('',(-8.82900247223489,-3.53176485198599,10.3808673566366));
#515=CARTESIAN_POINT('',(-9.12047809447312,-2.69100853820446,10.3539005424933));
#516=CARTESIAN_POINT('',(-9.3320876489665,-1.82668764063818,10.32693372835));
#517=CARTESIAN_POINT('',(-9.46197811629657,-0.946370831745247,10.2999669142068));
#518=CARTESIAN_POINT('',(-9.50901207353926,-0.0577668567435827,10.2730001000635));
#519=CARTESIAN_POINT('',(-9.4727776544331,0.831342970215216,10.2460332859202));
#520=CARTESIAN_POINT('',(-9.35359215600366,1.71317290534262,10.2190664717769));
#521=CARTESIAN_POINT('',(-9.15249926006161,2.58000095329924,10.1920996576336));
#522=CARTESIAN_POINT('',(-8.87125989390526,3.42423648704954,10.1651328434903));
#523=CARTESIAN_POINT('',(-8.51233681025847,4.23848671735232,10.138166029347));
#524=CARTESIAN_POINT('',(-8.07887302147395,5.01562142982838,10.1111992152038));
#525=CARTESIAN_POINT('',(-7.57466427684923,5.74883542271628,10.0842324010605));
#526=CARTESIAN_POINT('',(-7.00412582406524,6.43170809856261,10.0572655869172));
#527=CARTESIAN_POINT('',(-6.37225374581075,7.05825968801476,10.0302987727739));
#528=CARTESIAN_POINT('',(-5.68458121015933,7.62300361337687,10.0033319586306));
#529=CARTESIAN_POINT('',(-4.94713001780494,8.12099453339224,9.97636514448731));
#530=CARTESIAN_POINT('',(-4.16635787044666,8.54787164853454,9.94939833034402));
#531=CARTESIAN_POINT('',(-3.34910182208192,8.89989688759263,9.92243151620074));
#532=CARTESIAN_POINT('',(-2.5025184083931,9.17398764115731,9.89546470205745));
#533=CARTESIAN_POINT('',(-1.63402097850171,9.36774375536979,9.86849788791416));
#534=CARTESIAN_POINT('',(-0.751214777862372,9.47946854955353,9.84153107377087));
#535=CARTESIAN_POINT('',(0.138169649238149,9.50818367368252,9.81456425962759));
#536=CARTESIAN_POINT('',(1.02634415439686,9.45363767558228,9.7875974454843));
#537=CARTESIAN_POINT('',(1.90553118423733,9.31630820284261,9.76063063134101));
#538=CARTESIAN_POINT('',(2.76803188677414,9.09739782016017,9.73366381719772));
#539=CARTESIAN_POINT('',(3.60629352860612,8.79882347873777,9.70669700305443));
#540=CARTESIAN_POINT('',(4.41297563258053,8.42319972995439,9.67973018891115));
#541=CARTESIAN_POINT('',(5.18101425677491,7.97381583030035,9.65276337476786));
#542=CARTESIAN_POINT('',(5.90368385191922,7.45460693806465,9.62579656062457));
#543=CARTESIAN_POINT('',(6.57465615558631,6.87011965399908,9.59882974648128));
#544=CARTESIAN_POINT('',(7.18805560742676,6.22547220771196,9.57186293233799));
#545=CARTESIAN_POINT('',(7.7385108001889,5.52630963843079,9.54489611819471));
#546=CARTESIAN_POINT('',(8.22120151597843,4.77875436260615,9.51792930405142));
#547=CARTESIAN_POINT('',(8.63190093587119,3.98935256122588,9.49096248990813));
#548=CARTESIAN_POINT('',(8.96701265325864,3.16501685631416,9.46399567576485));
#549=CARTESIAN_POINT('',(9.22360216680811,2.31296577858518,9.43702886162156));
#550=CARTESIAN_POINT('',(9.39942257726063,1.44066055632008,9.41006204747827));
#551=CARTESIAN_POINT('',(9.49293426304521,0.555739778993433,9.38309523333498));
#552=CARTESIAN_POINT('',(9.5033183624142,-0.334047492214107,9.35612841919169));
#553=CARTESIAN_POINT('',(9.43048394403975,-1.22090958128023,9.32916160504841));
#554=CARTESIAN_POINT('',(9.27506880327994,-2.09708042737434,9.30219479090512));
#555=CARTESIAN_POINT('',(9.0384338771418,-2.95488759058427,9.27522797676183));
#556=CARTESIAN_POINT('',(8.72265132684822,-3.78681943782462,9.24826116261855));
#557=CARTESIAN_POINT('',(8.33048639236724,-4.58559092059438,9.22129434847526));
#558=CARTESIAN_POINT('',(7.86537317779955,-5.34420736858188,9.19432753433197));
#559=CARTESIAN_POINT('',(7.33138457966645,-6.05602574049041,9.16736072018868));
#560=CARTESIAN_POINT('',(6.73319662142984,-6.71481279572403,9.14039390604539));
#561=CARTESIAN_POINT('',(6.07604750655909,-7.31479967753667,9.11342709190211));
#562=CARTESIAN_POINT('',(5.3656917487083,-7.85073242967158,9.08646027775882));
#563=CARTESIAN_POINT('',(4.60834978067628,-8.31791800412786,9.05949346361553));
#564=CARTESIAN_POINT('',(3.81065348341248,-8.71226535717374,9.03252664947225));
#565=CARTESIAN_POINT('',(2.97958811206004,-9.03032127373793,9.00555983532896));
#566=CARTESIAN_POINT('',(2.12243112757672,-9.26930060647225,8.97859302118567));
#567=CARTESIAN_POINT('',(1.24668846957246,-9.42711066468875,8.95162620704238));
#568=CARTESIAN_POINT('',(0.3600288284083,-9.50236953960265,8.92465939289909));
#569=CARTESIAN_POINT('',(-0.529783507877971,-9.49441820541069,8.89769257875581));
#570=CARTESIAN_POINT('',(-1.41495664377453,-9.40332629023856,8.87072576461252));
#571=CARTESIAN_POINT('',(-2.28773930825092,-9.22989146642239,8.84375895046923));
#572=CARTESIAN_POINT('',(-3.14048873097368,-8.97563246546341,8.81679213632594));
#573=CARTESIAN_POINT('',(-3.96573756840455,-8.64277577882234,8.78982532218266));
#574=CARTESIAN_POINT('',(-4.756259293724,-8.23423616101199,8.76285850803937));
#575=CARTESIAN_POINT('',(-5.50513147797445,-7.75359110571793,8.73589169389608));
#576=CARTESIAN_POINT('',(-6.20579640828383,-7.20504951845474,8.70892487975279));
#577=CARTESIAN_POINT('',(-6.8521185123487,-6.59341486008439,8.68195806560951));
#578=CARTESIAN_POINT('',(-7.43843808632311,-5.92404308394116,8.65499125146622));
#579=CARTESIAN_POINT('',(-7.95962085562955,-5.20279573489873,8.62802443732293));
#580=CARTESIAN_POINT('',(-8.41110293469868,-4.43598862108061,8.60105762317965));
#581=CARTESIAN_POINT('',(-8.78893079193499,-3.63033650768496,8.57409080903636));
#582=CARTESIAN_POINT('',(-9.08979586994389,-2.79289431722799,8.54712399489307));
#583=CARTESIAN_POINT('',(-9.31106355785809,-1.93099535110274,8.52015718074978));
#584=CARTESIAN_POINT('',(-9.45079626205919,-1.05218707343388,8.49319036660649));
#585=CARTESIAN_POINT('',(-9.50777037326879,-0.164165019555407,8.46622355246321));
#586=CARTESIAN_POINT('',(-9.48148698143212,0.725294592139371,8.43925673831992));
#587=CARTESIAN_POINT('',(-9.37217624456625,1.60840295487211,8.41228992417663));
#588=CARTESIAN_POINT('',(-9.18079537331579,2.4774268783875,8.38532311003334));
#589=CARTESIAN_POINT('',(-8.9090202488648,3.32475650683933,8.35835629589006));
#590=CARTESIAN_POINT('',(-8.55923074760528,4.14297195666369,8.33138948174677));
#591=CARTESIAN_POINT('',(-8.13448990107074,4.92490829090568,8.30442266760348));
#592=CARTESIAN_POINT('',(-7.63851707362696,5.66371826103337,8.27745585346019));
#593=CARTESIAN_POINT('',(-7.07565539279705,6.35293226682257,8.25048903931691));
#594=CARTESIAN_POINT('',(-6.45083371742664,6.9865150092564,8.22352222517362));
#595=CARTESIAN_POINT('',(-5.76952347672553,7.55891834034251,8.19655541103033));
#596=CARTESIAN_POINT('',(-5.03769075813734,8.06512984705336,8.16958859688704));
#597=CARTESIAN_POINT('',(-4.26174406359312,8.5007167439506,8.14262178274376));
#598=CARTESIAN_POINT('',(-3.44847819163643,8.86186469013498,8.11565496860047));
#599=CARTESIAN_POINT('',(-2.60501473683189,9.14541119061041,8.08868815445718));
#600=CARTESIAN_POINT('',(-1.73873972749117,9.34887328957331,8.06172134031389));
#601=CARTESIAN_POINT('',(-0.857238947809454,9.4704693131234,8.03475452617061));
#602=CARTESIAN_POINT('',(0.0317684892174252,9.50913447099925,8.00778771202732));
#603=CARTESIAN_POINT('',(0.920497736407575,9.464530180718,7.98082089788403));
#604=CARTESIAN_POINT('',(1.80116638262775,9.33704703246937,7.95385408374074));
#605=CARTESIAN_POINT('',(2.66606260169613,9.12780136880129,7.92688726959745));
#606=CARTESIAN_POINT('',(3.50761268318778,8.83862550904798,7.89992045545417));
#607=CARTESIAN_POINT('',(4.31844735379017,8.47205170410309,7.87295364131088));
#608=CARTESIAN_POINT('',(5.09146630844677,8.03128996204251,7.84598682716759));
#609=CARTESIAN_POINT('',(5.8199003862034,7.5201999387731,7.81902001302431));
#610=CARTESIAN_POINT('',(6.49737084629676,6.94325713985492,7.79205319888102));
#611=CARTESIAN_POINT('',(7.11794522541733,6.30551372946027,7.76508638473773));
#612=CARTESIAN_POINT('',(7.67618928701629,5.61255428965722,7.73811957059444));
#613=CARTESIAN_POINT('',(8.16721460774786,4.87044691742384,7.71115275645115));
#614=CARTESIAN_POINT('',(8.58672138434252,4.08569008762635,7.68418594230787));
#615=CARTESIAN_POINT('',(8.9310360860608,3.26515574727043,7.65721912816458));
#616=CARTESIAN_POINT('',(9.19714362301286,2.41602913933733,7.63025231402129));
#617=CARTESIAN_POINT('',(9.38271374865315,1.54574588315432,7.603285499878));
#618=CARTESIAN_POINT('',(9.48612146524882,0.661926862273268,7.57631868573472));
#619=CARTESIAN_POINT('',(9.50646125363593,-0.227688509969721,7.54935187159143));
#620=CARTESIAN_POINT('',(9.44355500265621,-1.11531006283465,7.52238505744814));
#621=CARTESIAN_POINT('',(9.29795356883828,-1.99316508502956,7.49541824330485));
#622=CARTESIAN_POINT('',(9.07093195266528,-2.85356638867389,7.46845142916157));
#623=CARTESIAN_POINT('',(8.76447813366955,-3.68897962435166,7.44148461501828));
#624=CARTESIAN_POINT('',(8.38127566212279,-4.49208925779103,7.41451780087499));
#625=CARTESIAN_POINT('',(7.92468015976276,-5.25586263042669,7.38755098673171));
#626=CARTESIAN_POINT('',(7.39868993533444,-5.97361154288042,7.36058417258842));
#627=CARTESIAN_POINT('',(6.80791097225911,-6.63905082208649,7.33361735844513));
#628=CARTESIAN_POINT('',(6.15751659502683,-7.24635335920231,7.30665054430184));
#629=CARTESIAN_POINT('',(5.45320216750503,-7.79020113634891,7.27968373015855));
#630=CARTESIAN_POINT('',(4.70113521986037,-8.26583179535137,7.25271691601527));
#631=CARTESIAN_POINT('',(3.9079014408218,-8.66908034068645,7.22575010187198));
#632=CARTESIAN_POINT('',(3.08044700821881,-8.99641561145377,7.19878328772869));
#633=CARTESIAN_POINT('',(2.22601776279411,-9.24497120299347,7.1718164735854));
#634=CARTESIAN_POINT('',(1.35209575793257,-9.41257056737606,7.14484965944212));
#635=CARTESIAN_POINT('',(0.466333740926706,-9.49774607296524,7.11788284529883));
#636=CARTESIAN_POINT('',(-0.423511860487646,-9.49975185615286,7.09091603115554));
#637=CARTESIAN_POINT('',(-1.30964885950308,-9.41857035272634,7.06394921701225));
#638=CARTESIAN_POINT('',(-2.18431754474684,-9.25491245167476,7.03698240286897));
#639=CARTESIAN_POINT('',(-3.03985863040668,-9.01021127008659,7.01001558872568));
#640=CARTESIAN_POINT('',(-3.86878032695161,-8.68660960365122,6.98304877458239));
#641=CARTESIAN_POINT('',(-4.6638239451237,-8.28694116265731,6.9560819604391));
#642=CARTESIAN_POINT('',(-5.41802745872089,-7.81470575780047,6.92911514629581));
#643=CARTESIAN_POINT('',(-6.12478646956511,-7.27403865309262,6.90214833215253));
#644=CARTESIAN_POINT('',(-6.77791204079859,-6.66967435424331,6.87518151800924));
#645=CARTESIAN_POINT('',(-7.37168489207463,-6.00690514961007,6.84821470386595));
#646=CARTESIAN_POINT('',(-7.90090548206726,-5.29153476676597,6.82124788972267));
#647=CARTESIAN_POINT('',(-8.36093953973776,-4.52982755050378,6.79428107557938));
#648=CARTESIAN_POINT('',(-8.74775864565085,-3.72845360731418,6.76731426143609));
#649=CARTESIAN_POINT('',(-9.05797550797844,-2.89443039669574,6.7403474472928));
#650=CARTESIAN_POINT('',(-9.28887362428656,-2.03506128076939,6.71338063314952));
#651=CARTESIAN_POINT('',(-9.43843106936385,-1.15787157030499,6.68641381900623));
#652=CARTESIAN_POINT('',(-9.50533820078622,-0.27054262719117,6.65944700486294));
#653=CARTESIAN_POINT('',(-9.48900912717437,0.619155399600867,6.63248019071965));
#654=CARTESIAN_POINT('',(-9.38958683871869,1.50343161554298,6.60551337657637));
#655=CARTESIAN_POINT('',(-9.20794195504492,2.37454260374012,6.57854656243308));
#656=CARTESIAN_POINT('',(-8.94566510138506,3.22486023236895,6.55157974828979));
#657=CARTESIAN_POINT('',(-8.60505297981388,4.04693845258978,6.5246129341465));
#658=CARTESIAN_POINT('',(-8.18908825752207,4.83357850199698,6.49764612000322));
#659=CARTESIAN_POINT('',(-7.70141344824041,5.57789194263524,6.47067930585993));
#660=CARTESIAN_POINT('',(-7.14629901552924,6.27336098157114,6.44371249171664));
#661=CARTESIAN_POINT('',(-6.52860597724638,6.91389554580601,6.41674567757335));
#662=CARTESIAN_POINT('',(-5.85374333865779,7.49388661173712,6.38977886343006));
#663=CARTESIAN_POINT('',(-5.12762072694021,8.00825532217265,6.36281204928678));
#664=CARTESIAN_POINT('',(-4.35659664184528,8.45249746079322,6.33584523514349));
#665=CARTESIAN_POINT('',(-3.54742277568289,8.82272289460684,6.3088784210002));
#666=CARTESIAN_POINT('',(-2.70718489020182,9.11568963900792,6.28191160685691));
#667=CARTESIAN_POINT('',(-1.84324076809597,9.32883224714017,6.25494479271363));
#668=CARTESIAN_POINT('',(-0.963155782481657,9.4602842749637,6.22797797857034));
#669=CARTESIAN_POINT('',(-0.0746366485501467,9.50889462530459,6.20101116442705));
#670=CARTESIAN_POINT('',(0.814536062481995,9.47423762776561,6.17404435028376));
#671=CARTESIAN_POINT('',(1.69657605616391,9.35661676623045,6.14707753614048));
#672=CARTESIAN_POINT('',(2.56375949771858,9.15706202132055,6.12011072199719));
#673=CARTESIAN_POINT('',(3.40849264800504,8.87732085107601,6.0931439078539));
#674=CARTESIAN_POINT('',(4.22337836026099,8.51984288884088,6.06617709371061));
#675=CARTESIAN_POINT('',(5.00128085532823,8.08775849235007,6.03921027956732));
#676=CARTESIAN_POINT('',(5.7353882081381,7.58485133185904,6.01224346542404));
#677=CARTESIAN_POINT('',(6.4192719982762,7.01552525735603,5.98527665128075));
#678=CARTESIAN_POINT('',(7.04694360227928,6.38476573499361,5.95830983713746));
#679=CARTESIAN_POINT('',(7.61290663472459,5.69809619043235,5.93134302299418));
#680=CARTESIAN_POINT('',(8.11220507889656,4.96152964138866,5.90437620885089));
#681=CARTESIAN_POINT('',(8.54046668556063,4.18151604293017,5.8774093947076));
#682=CARTESIAN_POINT('',(8.8939412598108,3.36488580660449,5.85044258056431));
#683=CARTESIAN_POINT('',(9.16953350072088,2.51878998799243,5.82347576642103));
#684=CARTESIAN_POINT('',(9.36483010622988,1.6506376664501,5.79650895227774));
#685=CARTESIAN_POINT('',(9.47812090590986,0.768031065392452,5.76954213813445));
#686=CARTESIAN_POINT('',(9.50841383656102,-0.121301018744419,5.74257532399116));
#687=CARTESIAN_POINT('',(9.45544362949606,-1.0095708959136,5.71560850984788));
#688=CARTESIAN_POINT('',(9.31967413344113,-1.88900017758647,5.68864169570459));
#689=CARTESIAN_POINT('',(9.10229425271213,-2.75188789043033,5.6616748815613));
#690=CARTESIAN_POINT('',(8.80520753623499,-3.59067791207788,5.63470806741801));
#691=CARTESIAN_POINT('',(8.43101550857656,-4.39802513846783,5.60774125327473));
#692=CARTESIAN_POINT('',(7.98299488895276,-5.16685980334356,5.58077443913144));
#693=CARTESIAN_POINT('',(7.4650688977022,-5.89044938667778,5.55380762498815));
#694=CARTESIAN_POINT('',(6.88177290148828,-6.56245756990435,5.52684081084486));
#695=CARTESIAN_POINT('',(6.23821469806748,-7.17699972169905,5.49987399670157));
#696=CARTESIAN_POINT('',(5.54002978840145,-7.72869442843214,5.47290718255829));
#697=CARTESIAN_POINT('',(4.79333202778553,-8.21271061805168,5.445940368415));
#698=CARTESIAN_POINT('',(4.00466008813104,-8.6248098647439,5.41897355427171));
#699=CARTESIAN_POINT('',(3.1809202002198,-8.96138350391763,5.39200674012843));
#700=CARTESIAN_POINT('',(2.3293256773245,-9.2194842325051,5.36503992598514));
#701=CARTESIAN_POINT('',(1.45733374977365,-9.39685191786186,5.33807311184185));
#702=CARTESIAN_POINT('',(0.572580263587307,-9.49193338926289,5.31110629769856));
#703=CARTESIAN_POINT('',(-0.317187184986458,-9.50389603868507,5.28413948355528));
#704=CARTESIAN_POINT('',(-1.20417709350788,-9.43263511177679,5.25717266941199));
#705=CARTESIAN_POINT('',(-2.08062228185885,-9.27877462516931,5.2302058552687));
#706=CARTESIAN_POINT('',(-2.93884790777098,-9.04366190209715,5.20323904112541));
#707=CARTESIAN_POINT('',(-3.77133867377087,-8.72935577417793,5.17627222698212));
#708=CARTESIAN_POINT('',(-4.57080463702597,-8.33860855266604,5.14930541283884));
#709=CARTESIAN_POINT('',(-5.33024504580817,-7.8748419270542,5.12233859869555));
#710=CARTESIAN_POINT('',(-6.04300964357306,-7.34211700207347,5.09537178455226));
#711=CARTESIAN_POINT('',(-6.7028569038281,-6.74509873547136,5.06840497040898));
#712=CARTESIAN_POINT('',(-7.30400868583955,-6.08901508797882,5.04143815626568));
#713=CARTESIAN_POINT('',(-7.84120083256985,-5.37961124318098,5.0144713421224));
#714=CARTESIAN_POINT('',(-8.3097292677701,-4.62309929817848,4.98750452797911));
#715=CARTESIAN_POINT('',(-8.70549118856544,-3.8261038655874,4.96053771383582));
#716=CARTESIAN_POINT('',(-9.02502099281861,-2.99560406322945,4.93357089969254));
#717=CARTESIAN_POINT('',(-9.2655206266635,-2.1388723994962,4.90660408554925));
#718=CARTESIAN_POINT('',(-9.42488408646189,-1.26341108955512,4.87963727140596));
#719=CARTESIAN_POINT('',(-9.50171586062497,-0.37688636006269,4.85267045726267));
#720=CARTESIAN_POINT('',(-9.49534314980859,0.512938682335823,4.82570364311939));
#721=CARTESIAN_POINT('',(-9.40582175847263,1.3982720308639,4.79873682897609));
#722=CARTESIAN_POINT('',(-9.23393560621328,2.2713610115435,4.77177001483281));
#723=CARTESIAN_POINT('',(-8.98118986314758,3.12456017169594,4.74480320068952));
#724=CARTESIAN_POINT('',(-8.64979776946192,3.95039822952889,4.71783638654624));
#725=CARTESIAN_POINT('',(-8.24266125454315,4.74164349854632,4.69086957240295));
#726=CARTESIAN_POINT('',(-7.76334552540619,5.49136721387389,4.66390275825966));
#727=CARTESIAN_POINT('',(-7.21604784694198,6.19300420596478,4.63693594411638));
#728=CARTESIAN_POINT('',(-6.6055607873703,6.84041039037931,4.60996912997308));
#729=CARTESIAN_POINT('',(-5.93723025074925,7.42791657021276,4.5830023158298));
#730=CARTESIAN_POINT('',(-5.21690866404165,7.95037808003497,4.55603550168651));
#731=CARTESIAN_POINT('',(-4.45090372866907,8.40321983662055,4.52906868754322));
#732=CARTESIAN_POINT('',(-3.64592318532533,8.78247640197004,4.50210187339993));
#733=CARTESIAN_POINT('',(-2.80901607573194,9.08482670779872,4.47513505925665));
#734=CARTESIAN_POINT('',(-1.94751101569374,9.30762313741832,4.44816824511336));
#735=CARTESIAN_POINT('',(-1.06895201998439,9.44891471034767,4.42120143097007));
#736=CARTESIAN_POINT('',(-0.181032441029326,9.50746416662973,4.39423461682679));
#737=CARTESIAN_POINT('',(0.708472400129047,9.48275880125129,4.36726780268349));
#738=CARTESIAN_POINT('',(1.59177330064769,9.37501495379066,4.34030098854021));
#739=CARTESIAN_POINT('',(2.46113538425924,9.18517611397846,4.31333417439692));
#740=CARTESIAN_POINT('',(3.30894583392218,8.91490465976067,4.28636736025364));
#741=CARTESIAN_POINT('',(4.12778055562451,8.56656730021201,4.25940054611034));
#742=CARTESIAN_POINT('',(4.9104691895805,8.14321435077292,4.23243373196706));
#743=CARTESIAN_POINT('',(5.65015789953122,7.64855302229241,4.20546691782377));
#744=CARTESIAN_POINT('',(6.34036939031658,7.08691495777887,4.17850010368049));
#745=CARTESIAN_POINT('',(6.97505962815783,6.46321830113265,4.15153328953719));
#746=CARTESIAN_POINT('',(7.54867076696322,5.78292463001623,4.12456647539391));
#747=CARTESIAN_POINT('',(8.05617981719243,5.0519911299917,4.09759966125062));
#748=CARTESIAN_POINT('',(8.49314263109719,4.2768184287263,4.07063284710733));
#749=CARTESIAN_POINT('',(8.85573281916856,3.46419454707069,4.04366603296405));
#750=CARTESIAN_POINT('',(9.14077525700799,2.62123545781829,4.01669921882076));
#751=CARTESIAN_POINT('',(9.34577388920974,1.75532277265998,3.98973240467747));
#752=CARTESIAN_POINT('',(9.46893358678196,0.874039102995906,3.96276559053418));
#753=CARTESIAN_POINT('',(9.50917586670567,-0.0148983393639079,3.9357987763909));
#754=CARTESIAN_POINT('',(9.46614833597897,-0.903705320165829,3.90883196224761));
#755=CARTESIAN_POINT('',(9.34022777744681,-1.78459874758007,3.88186514810432));
#756=CARTESIAN_POINT('',(9.13251685039461,-2.64986482706417,3.85489833396103));
#757=CARTESIAN_POINT('',(8.84483443479768,-3.49192660940498,3.82793151981775));
#758=CARTESIAN_POINT('',(8.47969970377996,-4.30341034043554,3.80096470567446));
#759=CARTESIAN_POINT('',(8.04031006375603,-5.07721003141655,3.77399789153117));
#760=CARTESIAN_POINT('',(7.53051315542994,-5.80654968465353,3.74703107738789));
#761=CARTESIAN_POINT('',(6.95477316083192,-6.4850426294532,3.72006426324459));
#762=CARTESIAN_POINT('',(6.3181317114352,-7.10674744882708,3.69309744910131));
#763=CARTESIAN_POINT('',(5.62616373967205,-7.66622000720386,3.66613063495802));
#764=CARTESIAN_POINT('',(4.88492866044788,-8.15856112355532,3.63916382081474));
#765=CARTESIAN_POINT('',(4.10091731014637,-8.57945947247233,3.61219700667144));
#766=CARTESIAN_POINT('',(3.28099510776939,-8.92522933751546,3.58523019252816));
#767=CARTESIAN_POINT('',(2.43234193593737,-9.1928428862422,3.55826337838487));
#768=CARTESIAN_POINT('',(1.56238926819932,-9.37995668428533,3.53129656424158));
#769=CARTESIAN_POINT('',(0.678755093215131,-9.48493221630434,3.5043297500983));
#770=CARTESIAN_POINT('',(-0.210822794334931,-9.50685023411236,3.47736293595501));
#771=CARTESIAN_POINT('',(-1.09855455195627,-9.44551880633507,3.45039612181172));
#772=CARTESIAN_POINT('',(-1.97666650331754,-9.30147499911255,3.42342930766843));
#773=CARTESIAN_POINT('',(-2.83746921066467,-9.07598017312639,3.39646249352515));
#774=CARTESIAN_POINT('',(-3.67342480957564,-8.7710089381352,3.36949567938186));
#775=CARTESIAN_POINT('',(-4.4772130164203,-8.38923186174098,3.34252886523857));
#776=CARTESIAN_POINT('',(-5.24179523051176,-7.9339920838023,3.31556205109528));
#777=CARTESIAN_POINT('',(-5.9604761696209,-7.40927604127655,3.288595236952));
#778=CARTESIAN_POINT('',(-6.62696249912475,-6.81967855984779,3.26162842280871));
#779=CARTESIAN_POINT('',(-7.23541794138614,-6.17036261802504,3.23466160866542));
#780=CARTESIAN_POINT('',(-7.7805143827834,-5.46701413604849,3.20769479452214));
#781=CARTESIAN_POINT('',(-8.25747853085694,-4.71579218550714,3.18072798037884));
#782=CARTESIAN_POINT('',(-8.6621337130061,-3.92327505567178,3.15376116623556));
#783=CARTESIAN_POINT('',(-8.99093645071411,-3.09640264882875,3.12679435209227));
#784=CARTESIAN_POINT('',(-9.24100748902825,-2.2424157090462,3.09982753794898));
#785=CARTESIAN_POINT('',(-9.41015700957714,-1.36879241653349,3.07286072380569));
#786=CARTESIAN_POINT('',(-9.49690380633987,-0.483182902823264,3.04589390966241));
#787=CARTESIAN_POINT('',(-9.50048825624896,0.406657739787263,3.01892709551912));
#788=CARTESIAN_POINT('',(-9.42087897104646,1.29293736791386,2.99196028137583));
#789=CARTESIAN_POINT('',(-9.2587730721441,2.16789502121127,2.96499346723255));
#790=CARTESIAN_POINT('',(-9.01559008608091,3.02386888343608,2.93802665308925));
#791=CARTESIAN_POINT('',(-8.69345951403414,3.85336337532586,2.91105983894597));
#792=CARTESIAN_POINT('',(-8.29520218423486,4.64911479177688,2.88409302480268));
#793=CARTESIAN_POINT('',(-7.82430555058101,5.40415490854959,2.8571262106594));
#794=CARTESIAN_POINT('',(-7.28489315375265,6.11187200151157,2.8301593965161));
#795=CARTESIAN_POINT('',(-6.68168851225193,6.76606874408574,2.80319258237282));
#796=CARTESIAN_POINT('',(-6.01997375956604,7.36101647590805,2.77622576822953));
#797=CARTESIAN_POINT('',(-5.30554338965881,7.8915053674759,2.74925895408625));
#798=CARTESIAN_POINT('',(-4.54465351583167,8.35289004150613,2.72229213994295));
#799=CARTESIAN_POINT('',(-3.74396708728311,8.74113025150604,2.69532532579967));
#800=CARTESIAN_POINT('',(-2.91049554309369,9.0528262613443,2.66835851165638));
#801=CARTESIAN_POINT('',(-2.05153741455992,9.28524861600992,2.6413916975131));
#802=CARTESIAN_POINT('',(-1.1746144135233,9.43636204286359,2.61442488336981));
#803=CARTESIAN_POINT('',(-0.287405566355272,9.50484327408303,2.58745806922652));
#804=CARTESIAN_POINT('',(0.602320029627344,9.49009263423509,2.56049125508324));
#805=CARTESIAN_POINT('',(1.48677123847893,9.39223929150472,2.53352444093996));
#806=CARTESIAN_POINT('',(2.35820311092913,9.21214012659694,2.50655762679667));
#807=CARTESIAN_POINT('',(3.20898470524011,8.9513722292165,2.47959081265338));
#808=CARTESIAN_POINT('',(4.03166590972436,8.61221908783212,2.4526239985101));
#809=CARTESIAN_POINT('',(4.81904268177257,8.19765059365838,2.42565718436681));
#810=CARTESIAN_POINT('',(5.56422013210749,7.71129703395629,2.39869037022353));
#811=CARTESIAN_POINT('',(6.26067290184837,7.15741730238742,2.37172355608024));
#812=CARTESIAN_POINT('',(6.90230230367717,6.54086160479688,2.34475674193696));
#813=CARTESIAN_POINT('',(7.48348972673352,5.86702898700247,2.31778992779367));
#814=CARTESIAN_POINT('',(7.99914583758318,5.14182005651006,2.29082311365039));
#815=CARTESIAN_POINT('',(8.44475514641788,4.37158531216103,2.2638562995071));
#816=CARTESIAN_POINT('',(8.8164155482297,3.56306953417793,2.23688948536382));
#817=CARTESIAN_POINT('',(9.1108724927065,2.72335272157268,2.20992267122053));
#818=CARTESIAN_POINT('',(9.32554748363001,1.85978809411591,2.18295585707724));
#819=CARTESIAN_POINT('',(9.45856065821335,0.979937701770825,2.15598904293396));
#820=CARTESIAN_POINT('',(9.50874724865575,0.0915062054458061,2.12902222879068));
#821=CARTESIAN_POINT('',(9.47566778176394,-0.797726591066276,2.10205541464739));
#822=CARTESIAN_POINT('',(9.35961192732458,-1.67997386715892,2.0750886005041));
#823=CARTESIAN_POINT('',(9.16159596152809,-2.54750997292757,2.04812178636082));
#824=CARTESIAN_POINT('',(8.88335386765641,-3.39273808102647,2.02115497221753));
#825=CARTESIAN_POINT('',(8.52732215196375,-4.20825671045408,1.99418815807424));
#826=CARTESIAN_POINT('',(8.09661850771466,-4.98692453973246,1.96722134393096));
#827=CARTESIAN_POINT('',(7.5950145142138,-5.72192294192564,1.94025452978767));
#828=CARTESIAN_POINT('',(7.02690260989599,-6.40681569389118,1.91328771564439));
#829=CARTESIAN_POINT('',(6.39725762868624,-7.03560533690379,1.8863209015011));
#830=CARTESIAN_POINT('',(5.71159323644765,-7.60278569511326,1.85935408735782));
#831=CARTESIAN_POINT('',(4.97591364899363,-8.10339009194376,1.83238727321453));
#832=CARTESIAN_POINT('',(4.19666105445965,-8.53303484221381,1.80542045907125));
#833=CARTESIAN_POINT('',(3.38065920044544,-8.88795763912593,1.77845364492796));
#834=CARTESIAN_POINT('',(2.53505363992284,-9.16505049997911,1.75148683078468));
#835=CARTESIAN_POINT('',(1.6672491591632,-9.36188698210585,1.72452001664139));
#836=CARTESIAN_POINT('',(0.784844935614417,-9.4767434307094,1.6975532024981));
#837=CARTESIAN_POINT('',(-0.104432006463774,-9.50861407253861,1.67058638835482));
#838=CARTESIAN_POINT('',(-0.992794459891637,-9.45721982322827,1.64361957421153));
#839=CARTESIAN_POINT('',(-1.87246322547013,-9.32301073118096,1.61665276006825));
#840=CARTESIAN_POINT('',(-2.73573523275743,-9.10716203658983,1.58968594592496));
#841=CARTESIAN_POINT('',(-3.57505099420234,-8.81156388011267,1.56271913178168));
#842=CARTESIAN_POINT('',(-4.38306080195308,-8.43880475131613,1.53575231763839));
#843=CARTESIAN_POINT('',(-5.15268908767038,-7.99214882182858,1.50878550349511));
#844=CARTESIAN_POINT('',(-5.87719638175969,-7.47550736169018,1.48181868935182));
#845=CARTESIAN_POINT('',(-6.55023832945891,-6.89340448920134,1.45485187520854));
#846=CARTESIAN_POINT('',(-7.1659212469903,-6.25093755419013,1.42788506106525));
#847=CARTESIAN_POINT('',(-7.71885373128385,-5.55373250161593,1.40091824692196));
#848=CARTESIAN_POINT('',(-8.20419387133441,-4.80789460637295,1.37395143277868));
#849=CARTESIAN_POINT('',(-8.61769164778226,-4.01995501072744,1.34698461863539));
#850=CARTESIAN_POINT('',(-8.95572614939797,-3.19681353243989,1.32001780449211));
#851=CARTESIAN_POINT('',(-9.21533728070589,-2.34567824479557,1.29305099034882));
#852=CARTESIAN_POINT('',(-9.39425168259993,-1.47400235611217,1.26608417620553));
#853=CARTESIAN_POINT('',(-9.49090264079743,-0.58941894711361,1.23911736206225));
#854=CARTESIAN_POINT('',(-9.50444380097853,0.300325883448455,1.21215054791897));
#855=CARTESIAN_POINT('',(-9.43475659595692,1.18744080071565,1.18518373377568));
#856=CARTESIAN_POINT('',(-9.28245122487727,2.06415764364707,1.15821691963239));
#857=CARTESIAN_POINT('',(-9.1267247618154,2.63658505896649,1.14023904353686));
#858=CARTESIAN_POINT('',(-9.03565497353791,2.91853325471175,1.13125010548909));
#859=CARTESIAN_POINT('',(6.86583887600002,6.27204554261585,20.3263639793383));
#860=CARTESIAN_POINT('',(7.06155151991464,6.05780419663332,20.3173750412906));
#861=CARTESIAN_POINT('',(7.43290633436285,5.6109874113133,20.299397165195));
#862=CARTESIAN_POINT('',(7.92485042414014,4.89162776730804,20.2724303510517));
#863=CARTESIAN_POINT('',(8.3473982386067,4.12943325775502,20.2454635369085));
#864=CARTESIAN_POINT('',(8.69684969626764,3.33107816983212,20.2184967227652));
#865=CARTESIAN_POINT('',(8.97014470460735,2.50355355073106,20.1915299086219));
#866=CARTESIAN_POINT('',(9.16489008360615,1.65410584959687,20.1645630944786));
#867=CARTESIAN_POINT('',(9.2793804882892,0.790173499163847,20.1375962803353));
#868=CARTESIAN_POINT('',(9.31261335118039,-0.0806782309792586,20.110629466192));
#869=CARTESIAN_POINT('',(9.26429765912817,-0.950823479156805,20.0836626520487));
#870=CARTESIAN_POINT('',(9.13485650229966,-1.81264257035535,20.0566958379054));
#871=CARTESIAN_POINT('',(8.92542336909556,-2.65858873988926,20.0297290237622));
#872=CARTESIAN_POINT('',(8.63783222048263,-3.4812542188495,20.0027622096189));
#873=CARTESIAN_POINT('',(8.27460143037888,-4.2734351023312,19.9757953954756));
#874=CARTESIAN_POINT('',(7.8389117327974,-5.02819443248528,19.9488285813323));
#875=CARTESIAN_POINT('',(7.33457836884093,-5.73892294396741,19.921861767189));
#876=CARTESIAN_POINT('',(6.76601767745511,-6.39939693985533,19.8948949530457));
#877=CARTESIAN_POINT('',(6.13820842249696,-7.00383279122597,19.8679281389024));
#878=CARTESIAN_POINT('',(5.45664819476905,-7.54693758315176,19.8409613247591));
#879=CARTESIAN_POINT('',(4.72730527079769,-8.02395546361974,19.8139945106159));
#880=CARTESIAN_POINT('',(3.95656634991726,-8.43070928950627,19.7870276964726));
#881=CARTESIAN_POINT('',(3.15118062731587,-8.76363720492205,19.7600608823293));
#882=CARTESIAN_POINT('',(2.31820069278276,-9.01982383161923,19.733094068186));
#883=CARTESIAN_POINT('',(1.46492077269427,-9.1970257983325,19.7061272540427));
#884=CARTESIAN_POINT('',(0.598812856040155,-9.29369138549941,19.6791604398994));
#885=CARTESIAN_POINT('',(-0.272538736179172,-9.30897411333529,19.6521936257561));
#886=CARTESIAN_POINT('',(-1.14150376522261,-9.242740154275,19.6252268116128));
#887=CARTESIAN_POINT('',(-2.00047289097019,-9.09556950487204,19.5982599974696));
#888=CARTESIAN_POINT('',(-2.84192430528018,-8.86875090689341,19.5712931833263));
#889=CARTESIAN_POINT('',(-3.65848959884735,-8.5642705620847,19.544326369183));
#890=CARTESIAN_POINT('',(-4.4430182847807,-8.18479473942805,19.5173595550397));
#891=CARTESIAN_POINT('',(-5.18864041388137,-7.73364642719731,19.4903927408964));
#892=CARTESIAN_POINT('',(-5.88882673331217,-7.21477623426345,19.4634259267531));
#893=CARTESIAN_POINT('',(-6.53744586186232,-6.63272779546123,19.4364591126098));
#894=CARTESIAN_POINT('',(-7.12881798113582,-5.99259798395482,19.4094922984665));
#895=CARTESIAN_POINT('',(-7.65776457250118,-5.29999227901425,19.3825254843233));
#896=CARTESIAN_POINT('',(-8.11965376426682,-4.56097568003738,19.35555867018));
#897=CARTESIAN_POINT('',(-8.51044089198665,-3.78201959665286,19.3285918560367));
#898=CARTESIAN_POINT('',(-8.82670391671786,-2.96994517997596,19.3016250418934));
#899=CARTESIAN_POINT('',(-9.06567339108096,-2.13186359125331,19.2746582277501));
#900=CARTESIAN_POINT('',(-9.22525671071566,-1.27511373095123,19.2476914136068));
#901=CARTESIAN_POINT('',(-9.30405643876781,-0.407197973580634,19.2207245994635));
#902=CARTESIAN_POINT('',(-9.3013825429437,0.464283528985188,19.1937577853203));
#903=CARTESIAN_POINT('',(-9.21725843797478,1.33169940040814,19.166790971177));
#904=CARTESIAN_POINT('',(-9.0524207805798,2.18745386620881,19.1398241570337));
#905=CARTESIAN_POINT('',(-8.80831301872012,3.02405326833215,19.1128573428904));
#906=CARTESIAN_POINT('',(-8.48707275163605,3.83417168550153,19.0858905287471));
#907=CARTESIAN_POINT('',(-8.09151301134932,4.61071508473788,19.0589237146038));
#908=CARTESIAN_POINT('',(-7.6250976295459,5.34688344228283,19.0319569004605));
#909=CARTESIAN_POINT('',(-7.0919109055459,6.03623028994619,19.0049900863172));
#910=CARTESIAN_POINT('',(-6.49662184097167,6.67271916544332,18.978023272174));
#911=CARTESIAN_POINT('',(-5.8444432543034,7.25077647239882,18.9510564580307));
#912=CARTESIAN_POINT('',(-5.14108613334733,7.76534028713286,18.9240896438874));
#913=CARTESIAN_POINT('',(-4.39270962534214,8.21190468483965,18.8971228297441));
#914=CARTESIAN_POINT('',(-3.6058671026295,8.58655919700313,18.8701560156008));
#915=CARTESIAN_POINT('',(-2.78744877617998,8.88602305452994,18.8431892014575));
#916=CARTESIAN_POINT('',(-1.94462135949553,9.10767391673958,18.8162223873142));
#917=CARTESIAN_POINT('',(-1.08476531123861,9.24957083463866,18.7892555731709));
#918=CARTESIAN_POINT('',(-0.215410206140897,9.31047124739425,18.7622887590277));
#919=CARTESIAN_POINT('',(0.655831199865433,9.28984186317226,18.7353219448844));
#920=CARTESIAN_POINT('',(1.52132963291628,9.18786332905946,18.7083551307411));
#921=CARTESIAN_POINT('',(2.37350610912823,9.00542864917577,18.6813883165978));
#922=CARTESIAN_POINT('',(3.20489830213255,8.74413536482897,18.6544215024545));
#923=CARTESIAN_POINT('',(4.00822588906446,8.40627156518859,18.6274546883112));
#924=CARTESIAN_POINT('',(4.77645430278672,7.9947958509805,18.6004878741679));
#925=CARTESIAN_POINT('',(5.50285633208318,7.51331142665581,18.5735210600246));
#926=CARTESIAN_POINT('',(6.18107103040247,6.96603454790344,18.5465542458814));
#927=CARTESIAN_POINT('',(6.80515941730075,6.35775760080452,18.5195874317381));
#928=CARTESIAN_POINT('',(7.36965648481787,5.69380713593696,18.4926206175948));
#929=CARTESIAN_POINT('',(7.86961905337825,4.97999722491598,18.4656538034515));
#930=CARTESIAN_POINT('',(8.30066905815272,4.22257854781777,18.4386869893082));
#931=CARTESIAN_POINT('',(8.65903188683192,3.42818365731663,18.4117201751649));
#932=CARTESIAN_POINT('',(8.94156943309554,2.60376889884574,18.3847533610216));
#933=CARTESIAN_POINT('',(9.14580757633535,1.75655349537433,18.3577865468783));
#934=CARTESIAN_POINT('',(9.26995784699799,0.893956330222673,18.3308197327351));
#935=CARTESIAN_POINT('',(9.3129330878287,0.0235309814943532,18.3038529185918));
#936=CARTESIAN_POINT('',(9.27435697387392,-0.847100422984846,18.2768861044485));
#937=CARTESIAN_POINT('',(9.154567307878,-1.71031395100318,18.2499192903052));
#938=CARTESIAN_POINT('',(8.95461306221725,-2.55855062709985,18.2229524761619));
#939=CARTESIAN_POINT('',(8.67624519327403,-3.38438262488952,18.1959856620186));
#940=CARTESIAN_POINT('',(8.32190130868785,-4.18057831094267,18.1690188478753));
#941=CARTESIAN_POINT('',(7.89468432174879,-4.94016557064625,18.142052033732));
#942=CARTESIAN_POINT('',(7.39833527985232,-5.65649286151386,18.1150852195887));
#943=CARTESIAN_POINT('',(6.83720060495072,-6.32328745931468,18.0881184054455));
#944=CARTESIAN_POINT('',(6.21619403286962,-6.93471038697226,18.0611515913022));
#945=CARTESIAN_POINT('',(5.54075358477876,-7.48540754523266,18.0341847771589));
#946=CARTESIAN_POINT('',(4.81679394760858,-7.9705565973617,18.0072179630156));
#947=CARTESIAN_POINT('',(4.05065468040719,-8.38590919731189,17.9802511488723));
#948=CARTESIAN_POINT('',(3.24904470018336,-8.72782819157637,17.953284334729));
#949=CARTESIAN_POINT('',(2.4189835333613,-8.99331946896093,17.9263175205857));
#950=CARTESIAN_POINT('',(1.56773984729542,-9.18005817937266,17.8993507064425));
#951=CARTESIAN_POINT('',(0.702767800111456,-9.2864090920329,17.8723838922992));
#952=CARTESIAN_POINT('',(-0.168358233755134,-9.3114409148419,17.8454170781559));
#953=CARTESIAN_POINT('',(-1.03800999072931,-9.25493444950373,17.8184502640126));
#954=CARTESIAN_POINT('',(-1.89857211716211,-9.11738451099872,17.7914834498693));
#955=CARTESIAN_POINT('',(-2.74250885534693,-8.89999559459489,17.764516635726));
#956=CARTESIAN_POINT('',(-3.56243003253121,-8.60467132834163,17.7375498215827));
#957=CARTESIAN_POINT('',(-4.35115577507189,-8.23399780340773,17.7105830074394));
#958=CARTESIAN_POINT('',(-5.10177938104685,-7.79122092823647,17.6836161932962));
#959=CARTESIAN_POINT('',(-5.80772780076015,-7.28021800482255,17.6566493791529));
#960=CARTESIAN_POINT('',(-6.46281919552645,-6.70546377601129,17.6296825650096));
#961=CARTESIAN_POINT('',(-7.06131707070462,-6.07199124113666,17.6027157508663));
#962=CARTESIAN_POINT('',(-7.59798050894921,-5.38534758312708,17.575748936723));
#963=CARTESIAN_POINT('',(-8.06811006379798,-4.65154559301601,17.5487821225797));
#964=CARTESIAN_POINT('',(-8.46758891171519,-3.87701101722225,17.5218153084364));
#965=CARTESIAN_POINT('',(-8.79291890223112,-3.06852628866878,17.4948484942931));
#966=CARTESIAN_POINT('',(-9.04125119049434,-2.23317113447434,17.4678816801499));
#967=CARTESIAN_POINT('',(-9.21041118399422,-1.37826058030367,17.4409148660066));
#968=CARTESIAN_POINT('',(-9.29891758500045,-0.511280894258947,17.4139480518633));
#969=CARTESIAN_POINT('',(-9.30599536196913,0.360175968762085,17.38698123772));
#970=CARTESIAN_POINT('',(-9.23158253632756,1.22847884818453,17.3600144235767));
#971=CARTESIAN_POINT('',(-9.07633072520721,2.08602420219045,17.3330476094334));
#972=CARTESIAN_POINT('',(-8.84159943537255,2.92530269030141,17.3060807952901));
#973=CARTESIAN_POINT('',(-8.52944415831223,3.73896493106024,17.2791139811468));
#974=CARTESIAN_POINT('',(-8.14259837074165,4.51988585898584,17.2521471670036));
#975=CARTESIAN_POINT('',(-7.68444959813449,5.26122711724132,17.2251803528603));
#976=CARTESIAN_POINT('',(-7.15900975088965,5.95649693965604,17.198213538717));
#977=CARTESIAN_POINT('',(-6.57087999289362,6.5996069977276,17.1712467245737));
#978=CARTESIAN_POINT('',(-5.9252104501166,7.18492571480693,17.1442799104304));
#979=CARTESIAN_POINT('',(-5.2276551120655,7.70732758060537,17.1173130962871));
#980=CARTESIAN_POINT('',(-4.48432232101224,8.16223803418745,17.0903462821438));
#981=CARTESIAN_POINT('',(-3.70172128255244,8.54567352241841,17.0633794680005));
#982=CARTESIAN_POINT('',(-2.88670506589008,8.85427638308345,17.0364126538573));
#983=CARTESIAN_POINT('',(-2.04641059298241,9.08534424721453,17.009445839714));
#984=CARTESIAN_POINT('',(-1.18819614204728,9.23685370315502,16.9824790255707));
#985=CARTESIAN_POINT('',(-0.319576912701195,9.30747801514101,16.9555122114274));
#986=CARTESIAN_POINT('',(0.551840783029557,9.29659874124134,16.9285453972841));
#987=CARTESIAN_POINT('',(1.41842612754963,9.20431114892089,16.9015785831408));
#988=CARTESIAN_POINT('',(2.27259061912531,9.03142338080374,16.8746117689975));
#989=CARTESIAN_POINT('',(3.10685452276434,8.77944937794185,16.8476449548542));
#990=CARTESIAN_POINT('',(3.9139123686487,8.45059562255842,16.820678140711));
#991=CARTESIAN_POINT('',(4.68669692456469,8.04774181635697,16.7937113265677));
#992=CARTESIAN_POINT('',(5.41844108213757,7.57441566359205,16.7667445124244));
#993=CARTESIAN_POINT('',(6.10273711494605,7.03476197972077,16.7397776982811));
#994=CARTESIAN_POINT('',(6.73359278960633,6.43350639614404,16.7128108841378));
#995=CARTESIAN_POINT('',(7.30548383847285,5.77591397886748,16.6858440699945));
#996=CARTESIAN_POINT('',(7.81340233446344,5.06774312344914,16.6588772558512));
#997=CARTESIAN_POINT('',(8.25290054440123,4.3151951299665,16.6319104417079));
#998=CARTESIAN_POINT('',(8.62012987685879,3.52485989956357,16.6049436275647));
#999=CARTESIAN_POINT('',(8.91187458344658,2.703658228102,16.5779768134214));
#1000=CARTESIAN_POINT('',(9.12557991843098,1.85878120223819,16.5510099992781));
#1001=CARTESIAN_POINT('',(9.25937451009391,0.997627228621955,16.5240431851348));
#1002=CARTESIAN_POINT('',(9.31208674793306,0.127737247638575,16.4970763709915));
#1003=CARTESIAN_POINT('',(9.28325504220338,-0.74327130098652,16.4701095568482));
#1004=CARTESIAN_POINT('',(9.17313186595939,-1.60777118247131,16.4431427427049));
#1005=CARTESIAN_POINT('',(8.9826815442028,-2.45819215703395,16.4161759285616));
#1006=CARTESIAN_POINT('',(8.71357180949564,-3.28708727085663,16.3892091144183));
#1007=CARTESIAN_POINT('',(8.36815919798441,-4.08719806746061,16.3622423002751));
#1008=CARTESIAN_POINT('',(7.94946841371917,-4.85151814845066,16.3352754861318));
#1009=CARTESIAN_POINT('',(7.46116584196984,-5.5733545270409,16.3083086719885));
#1010=CARTESIAN_POINT('',(6.9075274434779,-6.24638623710258,16.2813418578452));
#1011=CARTESIAN_POINT('',(6.29340131078652,-6.86471968450681,16.2543750437019));
#1012=CARTESIAN_POINT('',(5.62416521453551,-7.42294025606253,16.2274082295586));
#1013=CARTESIAN_POINT('',(4.90567951147885,-7.91615973412118,16.2004414154153));
#1014=CARTESIAN_POINT('',(4.14423582659931,-8.34005910164883,16.1734746012721));
#1015=CARTESIAN_POINT('',(3.34650195869982,-8.69092636293065,16.1465077871288));
#1016=CARTESIAN_POINT('',(2.5194634919215,-8.9656890487201,16.1195409729855));
#1017=CARTESIAN_POINT('',(1.67036262448366,-9.16194112119221,16.0925741588422));
#1018=CARTESIAN_POINT('',(0.806634750309605,-9.27796404310007,16.0656073446989));
#1019=CARTESIAN_POINT('',(-0.0641566511210597,-9.31274182663633,16.0386405305556));
#1020=CARTESIAN_POINT('',(-0.93438624653765,-9.26596993022026,16.0116737164123));
#1021=CARTESIAN_POINT('',(-1.79643362228408,-9.13805792530295,15.984706902269));
#1022=CARTESIAN_POINT('',(-2.64275001464452,-8.93012590983807,15.9577400881258));
#1023=CARTESIAN_POINT('',(-3.46592441274588,-8.64399469982467,15.9307732739825));
#1024=CARTESIAN_POINT('',(-4.2587484551883,-8.28216988481256,15.9038064598392));
#1025=CARTESIAN_POINT('',(-5.01427955211764,-7.8478198869928,15.8768396456959));
#1026=CARTESIAN_POINT('',(-5.72590167999373,-7.34474821600508,15.8498728315526));
#1027=CARTESIAN_POINT('',(-6.38738331668747,-6.77736016242072,15.8229060174093));
#1028=CARTESIAN_POINT('',(-6.99293200958169,-6.15062422155935,15.795939203266));
#1029=CARTESIAN_POINT('',(-7.53724509883459,-5.47002858544255,15.7689723891227));
#1030=CARTESIAN_POINT('',(-8.01555615163309,-4.74153308387506,15.7420055749795));
#1031=CARTESIAN_POINT('',(-8.42367670082115,-3.97151699549527,15.7150387608362));
#1032=CARTESIAN_POINT('',(-8.7580329224071,-3.16672318580235,15.6880719466929));
#1033=CARTESIAN_POINT('',(-9.01569693077272,-2.33419906133133,15.6611051325496));
#1034=CARTESIAN_POINT('',(-9.19441241753875,-1.48123485702774,15.6341383184063));
#1035=CARTESIAN_POINT('',(-9.29261440957271,-0.615299797226004,15.607171504263));
#1036=CARTESIAN_POINT('',(-9.30944297312254,0.256023310743781,15.5802046901197));
#1037=CARTESIAN_POINT('',(-9.24475074407172,1.12510447757097,15.5532378759764));
#1038=CARTESIAN_POINT('',(-9.09910421837522,1.98433334614198,15.5262710618332));
#1039=CARTESIAN_POINT('',(-8.87377879137611,2.82618583380294,15.4993042476899));
#1040=CARTESIAN_POINT('',(-8.57074758944241,3.64329001913544,15.4723374335466));
#1041=CARTESIAN_POINT('',(-8.19266419172335,4.42849069628905,15.4453706194033));
#1042=CARTESIAN_POINT('',(-7.74283939332668,5.17491203158211,15.41840380526));
#1043=CARTESIAN_POINT('',(-7.225212213397,5.87601777370046,15.3914369911167));
#1044=CARTESIAN_POINT('',(-6.64431540197115,6.52566849024633,15.3644701769734));
#1045=CARTESIAN_POINT('',(-6.00523574765973,7.1181753294292,15.3375033628301));
#1046=CARTESIAN_POINT('',(-5.31356953373177,7.64834983611906,15.3105365486868));
#1047=CARTESIAN_POINT('',(-4.57537353266412,8.11154938603356,15.2835697345436));
#1048=CARTESIAN_POINT('',(-3.79711196828579,8.50371784020176,15.2566029204003));
#1049=CARTESIAN_POINT('',(-2.98559990995828,8.8214210637018,15.229636106257));
#1050=CARTESIAN_POINT('',(-2.14794359447694,9.06187699764294,15.2026692921137));
#1051=CARTESIAN_POINT('',(-1.29147819828166,9.22298002105762,15.1757024779704));
#1052=CARTESIAN_POINT('',(-0.423703604892278,9.30331938937206,15.1487356638271));
#1053=CARTESIAN_POINT('',(0.447781269960595,9.30219158799351,15.1217688496838));
#1054=CARTESIAN_POINT('',(1.31534502040846,9.21960649283642,15.0948020355405));
#1055=CARTESIAN_POINT('',(2.17139057702706,9.05628728384115,15.0678352213973));
#1056=CARTESIAN_POINT('',(3.00842173274155,8.8136641122426,15.040868407254));
#1057=CARTESIAN_POINT('',(3.81910878550185,8.493861577043,15.0139015931107));
#1058=CARTESIAN_POINT('',(4.59635272290916,8.09968012035477,14.9869347789674));
#1059=CARTESIAN_POINT('',(5.33334738674281,7.63457150453046,14.9599679648241));
#1060=CARTESIAN_POINT('',(6.0236390730259,7.10260858582116,14.9330011506808));
#1061=CARTESIAN_POINT('',(6.66118304572495,6.50844964924914,14.9060343365375));
#1062=CARTESIAN_POINT('',(7.24039646920497,5.85729761700641,14.8790675223942));
#1063=CARTESIAN_POINT('',(7.75620729592204,5.1548544875826,14.852100708251));
#1064=CARTESIAN_POINT('',(8.20409868125428,4.40727140458884,14.8251338941077));
#1065=CARTESIAN_POINT('',(8.58014853654002,3.6210947925144,14.7981670799644));
#1066=CARTESIAN_POINT('',(8.88106387396584,2.80320903109342,14.7712002658211));
#1067=CARTESIAN_POINT('',(9.10420964255355,1.96077617027027,14.7442334516778));
#1068=CARTESIAN_POINT('',(9.24763180273567,1.10117321366648,14.7172666375345));
#1069=CARTESIAN_POINT('',(9.31007443746021,0.231927519744485,14.6902998233912));
#1070=CARTESIAN_POINT('',(9.29099074998652,-0.639349113653704,14.6633330092479));
#1071=CARTESIAN_POINT('',(9.19054785206695,-1.50502710418529,14.6363661951047));
#1072=CARTESIAN_POINT('',(9.00962530058511,-2.35752589562054,14.6093993809614));
#1073=CARTESIAN_POINT('',(8.74980739546514,-3.18938033914558,14.5824325668181));
#1074=CARTESIAN_POINT('',(8.41336930629756,-3.99330606406707,14.5554657526748));
#1075=CARTESIAN_POINT('',(8.00325714916787,-4.76226326548189,14.5284989385315));
#1076=CARTESIAN_POINT('',(7.5230621881507,-5.48951835033657,14.5015321243882));
#1077=CARTESIAN_POINT('',(6.97698938738172,-6.16870290205547,14.4745653102449));
#1078=CARTESIAN_POINT('',(6.36982058908982,-6.79386944739683,14.4475984961017));
#1079=CARTESIAN_POINT('',(5.7068726400318,-7.35954353719857,14.4206316819584));
#1080=CARTESIAN_POINT('',(4.99395083300724,-7.86077168495378,14.3936648678151));
#1081=CARTESIAN_POINT('',(4.23729807115641,-8.29316474342811,14.3666980536718));
#1082=CARTESIAN_POINT('',(3.44354020019828,-8.6529363394794,14.3397312395285));
#1083=CARTESIAN_POINT('',(2.61962798732272,-8.93693603051406,14.3127644253852));
#1084=CARTESIAN_POINT('',(1.77277625481511,-9.14267689223613,14.2857976112419));
#1085=CARTESIAN_POINT('',(0.910400701407228,-9.26835729610927,14.2588307970986));
#1086=CARTESIAN_POINT('',(0.0400529645961905,-9.31287668583085,14.2318639829553));
#1087=CARTESIAN_POINT('',(-0.830645507423099,-9.2758452146671,14.2048971688121));
#1088=CARTESIAN_POINT('',(-1.69407019514285,-9.15758715925726,14.1779303546688));
#1089=CARTESIAN_POINT('',(-2.54266027402211,-8.95913807999266,14.1509635405255));
#1090=CARTESIAN_POINT('',(-3.3689848230033,-8.68223575283684,14.1239967263822));
#1091=CARTESIAN_POINT('',(-4.16580789549189,-8.32930495199463,14.0970299122389));
#1092=CARTESIAN_POINT('',(-4.92615188298657,-7.90343621668529,14.0700630980956));
#1093=CARTESIAN_POINT('',(-5.6433586164982,-7.40835878795434,14.0430962839523));
#1094=CARTESIAN_POINT('',(-6.31114767070562,-6.8484079525107,14.016129469809));
#1095=CARTESIAN_POINT('',(-6.92367136029123,-6.22848707955213,13.9891626556658));
#1096=CARTESIAN_POINT('',(-7.47556594686531,-5.55402468301434,13.9621958415225));
#1097=CARTESIAN_POINT('',(-7.96199860807111,-4.8309268852404,13.9352290273792));
#1098=CARTESIAN_POINT('',(-8.37870975757216,-4.06552569833592,13.9082622132359));
#1099=CARTESIAN_POINT('',(-8.72205034533498,-3.26452357609906,13.8812953990926));
#1100=CARTESIAN_POINT('',(-8.98901381157644,-2.43493472207219,13.8543285849493));
#1101=CARTESIAN_POINT('',(-9.177262414562,-1.58402366766799,13.827361770806));
#1102=CARTESIAN_POINT('',(-9.28514770170803,-0.719241658228214,13.8003949566627));
#1103=CARTESIAN_POINT('',(-9.31172494472696,0.151838595931406,13.7734281425195));
#1104=CARTESIAN_POINT('',(-9.25676141241004,1.02158923211888,13.7464613283762));
#1105=CARTESIAN_POINT('',(-9.1207384086045,1.88239403082123,13.7194945142329));
#1106=CARTESIAN_POINT('',(-8.90484705753917,2.72671510930291,13.6925277000896));
#1107=CARTESIAN_POINT('',(-8.61097787340542,3.54715892922591,13.6655608859463));
#1108=CARTESIAN_POINT('',(-8.24170420553045,4.33654104027698,13.638594071803));
#1109=CARTESIAN_POINT('',(-7.80025970410993,5.08794899285592,13.6116272576597));
#1110=CARTESIAN_POINT('',(-7.29051000382782,5.79480286891204,13.5846604435164));
#1111=CARTESIAN_POINT('',(-6.71691887332363,6.4509129008733,13.5576936293732));
#1112=CARTESIAN_POINT('',(-6.08450912692927,7.05053367411143,13.5307268152299));
#1113=CARTESIAN_POINT('',(-5.39881864096271,7.58841443830385,13.5037600010866));
#1114=CARTESIAN_POINT('',(-4.66585185973455,8.05984508712646,13.4767931869433));
#1115=CARTESIAN_POINT('',(-3.8920272159188,8.46069740364304,13.4498263728));
#1116=CARTESIAN_POINT('',(-3.08412092571659,8.78746121021435,13.4228595586567));
#1117=CARTESIAN_POINT('',(-2.24920765098624,9.03727510636972,13.3958927445134));
#1118=CARTESIAN_POINT('',(-1.39459854794896,9.20795152547641,13.3689259303701));
#1119=CARTESIAN_POINT('',(-0.527777244964079,9.29799589079082,13.3419591162269));
#1120=CARTESIAN_POINT('',(0.343665689997093,9.30661970314591,13.3149923020836));
#1121=CARTESIAN_POINT('',(1.21209921832469,9.23374744566915,13.2880254879403));
#1122=CARTESIAN_POINT('',(2.06991865413636,9.0800172450675,13.261058673797));
#1123=CARTESIAN_POINT('',(2.90961225687818,8.84677528368891,13.2340918596537));
#1124=CARTESIAN_POINT('',(3.72382701002331,8.53606401129266,13.2071250455104));
#1125=CARTESIAN_POINT('',(4.50543300985835,8.15060425975543,13.1801582313671));
#1126=CARTESIAN_POINT('',(5.24758590051886,7.69377141733106,13.1531914172238));
#1127=CARTESIAN_POINT('',(5.94378680854353,7.16956587110048,13.1262246030806));
#1128=CARTESIAN_POINT('',(6.58793925211327,6.5825779764413,13.0992577889373));
#1129=CARTESIAN_POINT('',(7.17440252663307,5.93794786027174,13.072290974794));
#1130=CARTESIAN_POINT('',(7.69804109917063,5.24132041006316,13.0453241606507));
#1131=CARTESIAN_POINT('',(8.15426957921516,4.49879584277294,13.0183573465074));
#1132=CARTESIAN_POINT('',(8.53909287195727,3.71687628655479,12.9913905323641));
#1133=CARTESIAN_POINT('',(8.84914116247613,2.90240884301907,12.9644237182208));
#1134=CARTESIAN_POINT('',(9.08169942448494,2.06252562863464,12.9374569040775));
#1135=CARTESIAN_POINT('',(9.23473119523295,1.20458132031678,12.9104900899343));
#1136=CARTESIAN_POINT('',(9.30689640837244,0.336088752101138,12.883523275791));
#1137=CARTESIAN_POINT('',(9.29756312863184,-0.53534687313033,12.8565564616477));
#1138=CARTESIAN_POINT('',(9.20681308553721,-1.40209458077749,12.8295896475044));
#1139=CARTESIAN_POINT('',(9.03544095772431,-2.25656444732759,12.8026228333611));
#1140=CARTESIAN_POINT('',(8.78494741410848,-3.09127406368532,12.7756560192178));
#1141=CARTESIAN_POINT('',(8.45752597284929,-3.8989140570221,12.7486892050745));
#1142=CARTESIAN_POINT('',(8.0560437931831,-4.67241209738404,12.7217223909312));
#1143=CARTESIAN_POINT('',(7.58401656832552,-5.40499482856634,12.694755576788));
#1144=CARTESIAN_POINT('',(7.04557773930092,-6.09024718093873,12.6677887626447));
#1145=CARTESIAN_POINT('',(6.44544229928729,-6.72216854683241,12.6408219485014));
#1146=CARTESIAN_POINT('',(5.78886550543364,-7.29522532657254,12.6138551343581));
#1147=CARTESIAN_POINT('',(5.08159685970184,-7.80439938502209,12.5868883202148));
#1148=CARTESIAN_POINT('',(4.32982976171293,-8.24523199431343,12.5599215060715));
#1149=CARTESIAN_POINT('',(3.5401472744768,-8.61386287797056,12.5329546919282));
#1150=CARTESIAN_POINT('',(2.7194644779234,-8.90706401452115,12.5059878777849));
#1151=CARTESIAN_POINT('',(1.87496791503299,-9.12226790458719,12.4790210636417));
#1152=CARTESIAN_POINT('',(1.01405266082285,-9.25759005392564,12.4520542494984));
#1153=CARTESIAN_POINT('',(0.144257565263698,-9.31184547553969,12.4250874353551));
#1154=CARTESIAN_POINT('',(-0.726800762810322,-9.28455906635545,12.3981206212118));
#1155=CARTESIAN_POINT('',(-1.59149465270924,-9.17596976759747,12.3711538070685));
#1156=CARTESIAN_POINT('',(-2.44225216576122,-8.98702847243177,12.3441869929252));
#1157=CARTESIAN_POINT('',(-3.27162340115316,-8.71938969919867,12.3172201787819));
#1158=CARTESIAN_POINT('',(-4.07234573311201,-8.37539710315094,12.2902533646386));
#1159=CARTESIAN_POINT('',(-4.83740740815878,-7.95806295356824,12.2632865504954));
#1160=CARTESIAN_POINT('',(-5.56010894552772,-7.47104175596198,12.2363197363521));
#1161=CARTESIAN_POINT('',(-6.23412180308048,-6.91859825035544,12.2093529222088));
#1162=CARTESIAN_POINT('',(-6.85354379499033,-6.30557006587147,12.1823861080655));
#1163=CARTESIAN_POINT('',(-7.41295077591575,-5.63732535865324,12.1554192939222));
#1164=CARTESIAN_POINT('',(-7.90744413907619,-4.9197158040739,12.1284524797789));
#1165=CARTESIAN_POINT('',(-8.33269371229946,-4.15902535487219,12.1014856656356));
#1166=CARTESIAN_POINT('',(-8.68497567640948,-3.361915213928,12.0745188514923));
#1167=CARTESIAN_POINT('',(-8.96120517391087,-2.53536550353944,12.0475520373491));
#1168=CARTESIAN_POINT('',(-9.15896332242358,-1.68661414199114,12.0205852232058));
#1169=CARTESIAN_POINT('',(-9.27651839631625,-0.823093462658348,11.9936184090625));
#1170=CARTESIAN_POINT('',(-9.31284099105573,0.0476348693400248,11.9666515949192));
#1171=CARTESIAN_POINT('',(-9.26761303748134,0.917946073018772,11.9396847807759));
#1172=CARTESIAN_POINT('',(-9.14123058706835,1.78021902009579,11.9127179666326));
#1173=CARTESIAN_POINT('',(-8.93480034379014,2.62690297157554,11.8857511524893));
#1174=CARTESIAN_POINT('',(-8.65012997294928,3.4505836979487,11.858784338346));
#1175=CARTESIAN_POINT('',(-8.28971227184072,4.24404840400745,11.8318175242028));
#1176=CARTESIAN_POINT('',(-7.85670334086128,5.00034888974398,11.8048507100595));
#1177=CARTESIAN_POINT('',(-7.35489494621637,5.7128623942456,11.7778838959162));
#1178=CARTESIAN_POINT('',(-6.78868131623772,6.37534958978954,11.7509170817729));
#1179=CARTESIAN_POINT('',(-6.16302066206968,6.98200921829576,11.7239502676296));
#1180=CARTESIAN_POINT('',(-5.48339175967922,7.52752889169792,11.6969834534863));
#1181=CARTESIAN_POINT('',(-4.75574597339145,8.00713161138468,11.670016639343));
#1182=CARTESIAN_POINT('',(-3.98645514107059,8.4166175993505,11.6430498251997));
#1183=CARTESIAN_POINT('',(-3.18225577730426,8.75240107474963,11.6160830110565));
#1184=CARTESIAN_POINT('',(-2.3501900831922,9.01154165380873,11.5891161969132));
#1185=CARTESIAN_POINT('',(-1.49754427930374,9.19177009813613,11.5621493827699));
#1186=CARTESIAN_POINT('',(-0.631784801809251,9.29150818595494,11.5351825686266));
#1187=CARTESIAN_POINT('',(0.239507079497709,9.30988253225224,11.5082157544833));
#1188=CARTESIAN_POINT('',(1.10870164875168,9.24673223682399,11.48124894034));
#1189=CARTESIAN_POINT('',(1.96818755579839,9.10261029324364,11.4542821261967));
#1190=CARTESIAN_POINT('',(2.81043846715323,8.8787787464161,11.4273153120534));
#1191=CARTESIAN_POINT('',(3.6280789724871,8.57719764112159,11.4003484979102));
#1192=CARTESIAN_POINT('',(4.41394916951049,8.20050785832453,11.3733816837669));
#1193=CARTESIAN_POINT('',(5.16116736170004,7.75200798954613,11.3464148696236));
#1194=CARTESIAN_POINT('',(5.86319031983692,7.23562545180687,11.3194480554803));
#1195=CARTESIAN_POINT('',(6.51387057965967,6.6558820960793,11.292481241337));
#1196=CARTESIAN_POINT('',(7.10751027388844,6.01785461041018,11.2655144271937));
#1197=CARTESIAN_POINT('',(7.63891102722488,5.32713006445374,11.2385476130504));
#1198=CARTESIAN_POINT('',(8.10341947740817,4.58975698470265,11.2115807989071));
#1199=CARTESIAN_POINT('',(8.49696802370879,3.81219238884072,11.1846139847639));
#1200=CARTESIAN_POINT('',(8.81611044603456,3.00124524302582,11.1576471706206));
#1201=CARTESIAN_POINT('',(9.05805208273969,2.16401683723579,11.1306803564773));
#1202=CARTESIAN_POINT('',(9.22067430287663,1.30783860079725,11.103713542334));
#1203=CARTESIAN_POINT('',(9.30255305859223,0.440207902633717,11.0767467281907));
#1204=CARTESIAN_POINT('',(9.30297135520888,-0.431277601583775,11.0497799140474));
#1205=CARTESIAN_POINT('',(9.22192552979296,-1.29898650047552,11.0228130999041));
#1206=CARTESIAN_POINT('',(9.06012528323032,-2.15532045358351,10.9958462857608));
#1207=CARTESIAN_POINT('',(8.8189874655281,-2.99278072840679,10.9688794716176));
#1208=CARTESIAN_POINT('',(8.50062366876347,-3.80403386519141,10.9419126574743));
#1209=CARTESIAN_POINT('',(8.10782173632541,-4.58197589446235,10.914945843331));
#1210=CARTESIAN_POINT('',(7.64402135036888,-5.31979454495843,10.8879790291877));
#1211=CARTESIAN_POINT('',(7.11328391125704,-6.01102889722854,10.8610122150444));
#1212=CARTESIAN_POINT('',(6.52025697275051,-6.6496259605156,10.8340454009011));
#1213=CARTESIAN_POINT('',(5.8701335443774,-7.22999367749654,10.8070785867578));
#1214=CARTESIAN_POINT('',(5.16860661736416,-7.74704989272718,10.7801117726145));
#1215=CARTESIAN_POINT('',(4.42181931233421,-8.1962668559859,10.7531449584713));
#1216=CARTESIAN_POINT('',(3.6363110853201,-8.57371087080985,10.726178144328));
#1217=CARTESIAN_POINT('',(2.81896046315156,-8.87607674102997,10.6992113301847));
#1218=CARTESIAN_POINT('',(1.97692480967346,-9.10071671366395,10.6722445160414));
#1219=CARTESIAN_POINT('',(1.11757765024794,-9.2456636647204,10.6452777018981));
#1220=CARTESIAN_POINT('',(0.248444103376464,-9.30964832488114,10.6183108877548));
#1221=CARTESIAN_POINT('',(-0.622865015146578,-9.29211039421999,10.5913440736115));
#1222=CARTESIAN_POINT('',(-1.48871983851313,-9.1932034486289,10.5643772594682));
#1223=CARTESIAN_POINT('',(-2.34153826200631,-9.01379359498681,10.537410445325));
#1224=CARTESIAN_POINT('',(-3.17385233786295,-8.7554518868478,10.5104436311817));
#1225=CARTESIAN_POINT('',(-3.97837367048812,-8.42044056706249,10.4834768170384));
#1226=CARTESIAN_POINT('',(-4.74805723936996,-8.01169325780333,10.4565100028951));
#1227=CARTESIAN_POINT('',(-5.4761630908111,-7.53278927146532,10.4295431887518));
#1228=CARTESIAN_POINT('',(-6.15631535825564,-6.98792226739613,10.4025763746085));
#1229=CARTESIAN_POINT('',(-6.78255809438304,-6.38186352892193,10.3756095604652));
#1230=CARTESIAN_POINT('',(-7.34940742605968,-5.71992018224412,10.3486427463219));
#1231=CARTESIAN_POINT('',(-7.85189957543796,-5.00788872307502,10.3216759321786));
#1232=CARTESIAN_POINT('',(-8.28563432669281,-4.25200425796995,10.2947091180354));
#1233=CARTESIAN_POINT('',(-8.64681355776656,-3.45888590483831,10.2677423038921));
#1234=CARTESIAN_POINT('',(-8.93227449970806,-2.63547883074971,10.2407754897488));
#1235=CARTESIAN_POINT('',(-9.13951743236103,-1.78899343459767,10.2138086756055));
#1236=CARTESIAN_POINT('',(-9.2667275738766,-0.926842207185183,10.1868418614622));
#1237=CARTESIAN_POINT('',(-9.31279097236816,-0.0565748216348083,10.1598750473189));
#1238=CARTESIAN_POINT('',(-9.27730426054876,0.814187977477283,10.1329082331756));
#1239=CARTESIAN_POINT('',(-9.16057818793187,1.67782110734477,10.1059414190323));
#1240=CARTESIAN_POINT('',(-8.96363489966454,2.52676191814357,10.0789746048891));
#1241=CARTESIAN_POINT('',(-8.68819898582197,3.35357641753203,10.0520077907458));
#1242=CARTESIAN_POINT('',(-8.33668237954256,4.15102436852512,10.0250409766025));
#1243=CARTESIAN_POINT('',(-7.91216323624754,4.91212269069469,9.9980741624592));
#1244=CARTESIAN_POINT('',(-7.41835897889502,5.63020660950488,9.97110734831591));
#1245=CARTESIAN_POINT('',(-6.85959374530561,6.29898801831127,9.94414053417263));
#1246=CARTESIAN_POINT('',(-6.2407605226163,6.91261054196016,9.91717372002934));
#1247=CARTESIAN_POINT('',(-5.56727830044298,7.46570081980797,9.89020690588605));
#1248=CARTESIAN_POINT('',(-4.84504461795236,7.95341555908628,9.86324009174276));
#1249=CARTESIAN_POINT('',(-4.08038392037809,8.3714839465763,9.83627327759948));
#1250=CARTESIAN_POINT('',(-3.27999217721231,8.716245047203,9.80930646345619));
#1251=CARTESIAN_POINT('',(-2.45087824703898,8.98467986205718,9.7823396493129));
#1252=CARTESIAN_POINT('',(-1.6003025024646,9.17443776512056,9.75537283516961));
#1253=CARTESIAN_POINT('',(-0.735713252594743,9.28385708719287,9.72840602102632));
#1254=CARTESIAN_POINT('',(0.135318480208994,9.31197966677219,9.70143920688304));
#1255=CARTESIAN_POINT('',(1.00516525814572,9.25855924046942,9.67447239273975));
#1256=CARTESIAN_POINT('',(1.86621001980981,9.12406359948386,9.64750557859646));
#1257=CARTESIAN_POINT('',(2.71091278116158,8.90967049325617,9.62053876445318));
#1258=CARTESIAN_POINT('',(3.53187666154814,8.61725731616948,9.59357195030989));
#1259=CARTESIAN_POINT('',(4.32191265659844,8.24938466761001,9.5666051361666));
#1260=CARTESIAN_POINT('',(5.07410259079054,7.8092739293482,9.53963832202331));
#1261=CARTESIAN_POINT('',(5.78185969842874,7.30077905659049,9.51267150788003));
#1262=CARTESIAN_POINT('',(6.43898630253602,6.72835282972128,9.48570469373674));
#1263=CARTESIAN_POINT('',(7.03972808658016,6.09700786226155,9.45873787959345));
#1264=CARTESIAN_POINT('',(7.57882448378775,5.41227270648884,9.43177106545016));
#1265=CARTESIAN_POINT('',(8.05155474279746,4.68014344109243,9.40480425130688));
#1266=CARTESIAN_POINT('',(8.45377926626581,3.90703116480008,9.37783743716359));
#1267=CARTESIAN_POINT('',(8.78197586043199,3.09970585576351,9.3508706230203));
#1268=CARTESIAN_POINT('',(9.03327057821211,2.26523708831377,9.32390380887701));
#1269=CARTESIAN_POINT('',(9.20546288573653,1.41093212621728,9.29693699473372));
#1270=CARTESIAN_POINT('',(9.29704493195234,0.544271934536476,9.26997018059044));
#1271=CARTESIAN_POINT('',(9.30721475255114,-0.327154329574415,9.24300336644715));
#1272=CARTESIAN_POINT('',(9.23588329259824,-1.19571577348858,9.21603655230386));
#1273=CARTESIAN_POINT('',(9.08367518636765,-2.05380659119436,9.18906973816057));
#1274=CARTESIAN_POINT('',(8.85192328755382,-2.89391266570487,9.16210292401728));
#1275=CARTESIAN_POINT('',(8.54265699775819,-3.70867736856658,9.135136109874));
#1276=CARTESIAN_POINT('',(8.15858449545517,-4.49096598027454,9.10816929573071));
#1277=CARTESIAN_POINT('',(7.703069021055,-5.23392816747875,9.08120248158742));
#1278=CARTESIAN_POINT('',(7.18009942572978,-5.9310579698819,9.05423566744414));
#1279=CARTESIAN_POINT('',(6.59425524190052,-6.57625077153634,9.02726885330085));
#1280=CARTESIAN_POINT('',(5.95066658125533,-7.16385675765476,9.00030203915756));
#1281=CARTESIAN_POINT('',(5.25496921146324,-7.68873038882482,8.97333522501427));
#1282=CARTESIAN_POINT('',(4.51325520496718,-8.14627545939256,8.94636841087099));
#1283=CARTESIAN_POINT('',(3.73201959201409,-8.53248534544817,8.9194015967277));
#1284=CARTESIAN_POINT('',(2.91810348507006,-8.84397808997098,8.89243478258441));
#1285=CARTESIAN_POINT('',(2.07863417266783,-9.07802601790072,8.86546796844112));
#1286=CARTESIAN_POINT('',(1.22096270727192,-9.23257962180213,8.83850115429784));
#1287=CARTESIAN_POINT('',(0.352599533691112,-9.30628550896143,8.81153434015455));
#1288=CARTESIAN_POINT('',(-0.51885127827366,-9.29849825275558,8.78456752601126));
#1289=CARTESIAN_POINT('',(-1.3857586210353,-9.20928604451459,8.75760071186797));
#1290=CARTESIAN_POINT('',(-2.24053117319065,-9.03943009638471,8.73063389772469));
#1291=CARTESIAN_POINT('',(-3.07568387509156,-8.79041780042147,8.7036670835814));
#1292=CARTESIAN_POINT('',(-3.88390347390452,-8.46442970381686,8.67670026943811));
#1293=CARTESIAN_POINT('',(-4.65811256419498,-8.06432041431599,8.64973345529482));
#1294=CARTESIAN_POINT('',(-5.39153156324663,-7.59359360303013,8.62276664115154));
#1295=CARTESIAN_POINT('',(-6.07773807841109,-7.05637132354135,8.59579982700825));
#1296=CARTESIAN_POINT('',(-6.71072314662092,-6.45735791596462,8.56883301286496));
#1297=CARTESIAN_POINT('',(-7.28494385358857,-5.80179881205191,8.54186619872167));
#1298=CARTESIAN_POINT('',(-7.79537187191627,-5.09543460207285,8.51489938457838));
#1299=CARTESIAN_POINT('',(-8.23753749307907,-4.34445076569886,8.4879325704351));
#1300=CARTESIAN_POINT('',(-8.60756876770231,-3.5554235070861,8.46096575629181));
#1301=CARTESIAN_POINT('',(-8.90222541139077,-2.73526216846818,8.43399894214852));
#1302=CARTESIAN_POINT('',(-9.11892717920304,-1.89114872653025,8.40703212800523));
#1303=CARTESIAN_POINT('',(-9.25577646030236,-1.03047490138167,8.38006531386195));
#1304=CARTESIAN_POINT('',(-9.31157489492712,-0.160777428850735,8.35309849971866));
#1305=CARTESIAN_POINT('',(-9.28583386816989,0.710327937092307,8.32613168557537));
#1306=CARTESIAN_POINT('',(-9.17877878867324,1.57521311385697,8.29916487143208));
#1307=CARTESIAN_POINT('',(-8.99134711477466,2.42630448771341,8.2721980572888));
#1308=CARTESIAN_POINT('',(-8.72518014538523,3.25614923430119,8.24523124314551));
#1309=CARTESIAN_POINT('',(-8.38260864748762,4.0574805814114,8.21826442900222));
#1310=CARTESIAN_POINT('',(-7.9666324461102,4.82328144255017,8.19129761485894));
#1311=CARTESIAN_POINT('',(-7.48089415550362,5.54684586405794,8.16433080071565));
#1312=CARTESIAN_POINT('',(-6.92964728155011,6.22183774770526,8.13736398657236));
#1313=CARTESIAN_POINT('',(-6.31771897472614,6.84234633454417,8.11039717242907));
#1314=CARTESIAN_POINT('',(-5.65046775978245,7.40293796415477,8.08343035828578));
#1315=CARTESIAN_POINT('',(-4.93373661229374,7.89870365604236,8.0564635441425));
#1316=CARTESIAN_POINT('',(-4.17380179297653,8.32530209652543,8.02949672999921));
#1317=CARTESIAN_POINT('',(-3.37731788782208,8.67899765468696,8.00252991585592));
#1318=CARTESIAN_POINT('',(-2.55125953531622,8.95669309449212,7.97556310171263));
#1319=CARTESIAN_POINT('',(-1.70286035102811,9.15595669661894,7.94859628756935));
#1320=CARTESIAN_POINT('',(-0.839549584392407,9.27504355250213,7.92162947342606));
#1321=CARTESIAN_POINT('',(0.0311129376324048,9.31291084412262,7.89466265928277));
#1322=CARTESIAN_POINT('',(0.901503010344916,9.26922697574096,7.86769584513948));
#1323=CARTESIAN_POINT('',(1.76399881482383,9.14437447760998,7.8407290309962));
#1324=CARTESIAN_POINT('',(2.61104766055922,8.93944665623958,7.81376221685291));
#1325=CARTESIAN_POINT('',(3.43523212274112,8.65623802054636,7.78679540270962));
#1326=CARTESIAN_POINT('',(4.22933499505544,8.29722856772454,7.75982858856633));
#1327=CARTESIAN_POINT('',(4.98640248920954,7.86556206644317,7.73286177442304));
#1328=CARTESIAN_POINT('',(5.69980512776275,7.3650185275391,7.70589496027976));
#1329=CARTESIAN_POINT('',(6.36329579703638,6.79998110327404,7.67892814613647));
#1330=CARTESIAN_POINT('',(6.97106445174647,6.17539770501151,7.65196133199318));
#1331=CARTESIAN_POINT('',(7.51778899232242,5.4967376754199,7.6249945178499));
#1332=CARTESIAN_POINT('',(7.99868186938984,4.76994389461334,7.59802770370661));
#1333=CARTESIAN_POINT('',(8.4095320073121,4.00138073962701,7.57106088956332));
#1334=CARTESIAN_POINT('',(8.74674167967528,3.19777835293444,7.54409407542003));
#1335=CARTESIAN_POINT('',(9.00735801380555,2.36617370803533,7.51712726127675));
#1336=CARTESIAN_POINT('',(9.18909884844105,1.51384898819009,7.49016044713346));
#1337=CARTESIAN_POINT('',(9.29037271812781,0.648267817905093,7.46319363299017));
#1338=CARTESIAN_POINT('',(9.31029278934092,-0.222990094424053,7.43622681884688));
#1339=CARTESIAN_POINT('',(9.2486846262953,-1.09229533039093,7.40926000470359));
#1340=CARTESIAN_POINT('',(9.1060877184423,-1.95203557075661,7.38229319056031));
#1341=CARTESIAN_POINT('',(8.88375075627654,-2.79468225489426,7.35532637641702));
#1342=CARTESIAN_POINT('',(8.58362069682138,-3.61285650677751,7.32835956227373));
#1343=CARTESIAN_POINT('',(8.20832571454446,-4.39939375021297,7.30139274813045));
#1344=CARTESIAN_POINT('',(7.76115218699843,-5.14740644749511,7.27442593398716));
#1345=CARTESIAN_POINT('',(7.24601591671848,-5.85034441209465,7.24745911984387));
#1346=CARTESIAN_POINT('',(6.66742784138069,-6.50205216723509,7.22049230570058));
#1347=CARTESIAN_POINT('',(6.03045453248958,-7.09682284808073,7.19352549155729));
#1348=CARTESIAN_POINT('',(5.34067382849975,-7.62944817552637,7.16655867741401));
#1349=CARTESIAN_POINT('',(4.60412599088251,-8.0952640639787,7.13959186327072));
#1350=CARTESIAN_POINT('',(3.82726081085352,-8.49019146375213,7.11262504912743));
#1351=CARTESIAN_POINT('',(3.01688112993646,-8.81077208043075,7.08565823498415));
#1352=CARTESIAN_POINT('',(2.18008326894092,-9.05419865840974,7.05869142084086));
#1353=CARTESIAN_POINT('',(1.32419488700523,-9.21833956342974,7.03172460669757));
#1354=CARTESIAN_POINT('',(0.456710814859285,-9.30175744884027,7.00475779255428));
#1355=CARTESIAN_POINT('',(-0.414772575798424,-9.30372184213556,6.977790978411));
#1356=CARTESIAN_POINT('',(-1.28262389209618,-9.22421554154546,6.95082416426771));
#1357=CARTESIAN_POINT('',(-2.13924354645734,-9.06393476666759,6.92385735012442));
#1358=CARTESIAN_POINT('',(-2.97713030455644,-8.82428306182188,6.89689053598113));
#1359=CARTESIAN_POINT('',(-3.78894697201708,-8.50735900551443,6.86992372183784));
#1360=CARTESIAN_POINT('',(-4.56758464464717,-8.11593783363625,6.84295690769456));
#1361=CARTESIAN_POINT('',(-5.30622495958601,-7.65344713731866,6.81599009355127));
#1362=CARTESIAN_POINT('',(-5.99839980224347,-7.12393684825394,6.78902327940798));
#1363=CARTESIAN_POINT('',(-6.63804794619014,-6.53204377431334,6.76205646526469));
#1364=CARTESIAN_POINT('',(-7.21956813001537,-5.88295099601647,6.73508965112141));
#1365=CARTESIAN_POINT('',(-7.73786810637035,-5.18234247940845,6.70812283697812));
#1366=CARTESIAN_POINT('',(-8.18840923368445,-4.43635330279004,6.68115602283483));
#1367=CARTESIAN_POINT('',(-8.56724622007458,-3.6515159331547,6.65418920869154));
#1368=CARTESIAN_POINT('',(-8.87106167141887,-2.83470302277819,6.62722239454826));
#1369=CARTESIAN_POINT('',(-9.09719514106445,-1.99306722687872,6.60025558040497));
#1370=CARTESIAN_POINT('',(-9.24366642678739,-1.13397856935149,6.57328876626168));
#1371=CARTESIAN_POINT('',(-9.30919291099821,-0.264959905052358,6.54632195211839));
#1372=CARTESIAN_POINT('',(-9.29320079234871,0.606378956226293,6.5193551379751));
#1373=CARTESIAN_POINT('',(-9.19583011038704,1.47240788722548,6.49238832383182));
#1374=CARTESIAN_POINT('',(-9.01793351926154,2.32554325860519,6.46542150968853));
#1375=CARTESIAN_POINT('',(-8.76106882121141,3.15831434715768,6.43845469554524));
#1376=CARTESIAN_POINT('',(-8.4274853252272,3.963428755326,6.41148788140196));
#1377=CARTESIAN_POINT('',(-8.02010415033498,4.73383626916314,6.38452106725867));
#1378=CARTESIAN_POINT('',(-7.54249264598454,5.46279059554126,6.35755425311538));
#1379=CARTESIAN_POINT('',(-6.99883315353637,6.14390843799165,6.33058743897209));
#1380=CARTESIAN_POINT('',(-6.39388638239675,6.77122539386087,6.3036206248288));
#1381=CARTESIAN_POINT('',(-5.73294972150794,7.33924818330371,6.27665381068552));
#1382=CARTESIAN_POINT('',(-5.02181085125105,7.84300275275497,6.24968699654223));
#1383=CARTESIAN_POINT('',(-4.26669706197199,8.27807783164814,6.22272018239894));
#1384=CARTESIAN_POINT('',(-3.47422072293748,8.64066356096431,6.19575336825566));
#1385=CARTESIAN_POINT('',(-2.65132137923759,8.92758485534932,6.16878655411237));
#1386=CARTESIAN_POINT('',(-1.80520498367987,9.13632920665418,6.14181973996908));
#1387=CARTESIAN_POINT('',(-0.943280795808354,9.26506868542937,6.11485292582579));
#1388=CARTESIAN_POINT('',(-0.0730965006091231,9.31267594771038,6.08788611168251));
#1389=CARTESIAN_POINT('',(0.797727884946018,9.27873410692667,6.06091929753922));
#1390=CARTESIAN_POINT('',(1.6615667387515,9.16354038448784,6.03395248339593));
#1391=CARTESIAN_POINT('',(2.51085560950289,8.96810350707956,6.00698566925264));
#1392=CARTESIAN_POINT('',(3.33815745697229,8.69413487346068,5.98001885510935));
#1393=CARTESIAN_POINT('',(4.13622777657221,8.34403356811185,5.95305204096607));
#1394=CARTESIAN_POINT('',(4.89807803792628,7.92086535296801,5.92608522682278));
#1395=CARTESIAN_POINT('',(5.61703688192869,7.42833582119963,5.89911841267949));
#1396=CARTESIAN_POINT('',(6.28680854040305,6.87075794812916,5.87215159853621));
#1397=CARTESIAN_POINT('',(6.901527966792,6.25301432343255,5.84518478439292));
#1398=CARTESIAN_POINT('',(7.45581219511028,5.5805143953501,5.81821797024963));
#1399=CARTESIAN_POINT('',(7.9448074774216,4.85914710131013,5.79125115610634));
#1400=CARTESIAN_POINT('',(8.3642317870669,4.09522929976874,5.76428434196305));
#1401=CARTESIAN_POINT('',(8.71041231545206,3.29545045483706,5.73731752781977));
#1402=CARTESIAN_POINT('',(8.98031763404388,2.46681405808085,5.71035071367648));
#1403=CARTESIAN_POINT('',(9.17158423993867,1.61657630044904,5.68338389953319));
#1404=CARTESIAN_POINT('',(9.28253725254951,0.752182531368156,5.6564170853899));
#1405=CARTESIAN_POINT('',(9.31220508017586,-0.118797938583501,5.62945027124662));
#1406=CARTESIAN_POINT('',(9.26032792802335,-0.988738120502822,5.60248345710333));
#1407=CARTESIAN_POINT('',(9.12736007317104,-1.85002013506556,5.57551664296004));
#1408=CARTESIAN_POINT('',(8.91446588656454,-2.69510192065938,5.54854982881675));
#1409=CARTESIAN_POINT('',(8.62350963686982,-3.51658327759748,5.52158301467347));
#1410=CARTESIAN_POINT('',(8.25703916547283,-4.30727067007781,5.49461620053018));
#1411=CARTESIAN_POINT('',(7.81826357557978,-5.06024021843105,5.46764938638689));
#1412=CARTESIAN_POINT('',(7.31102513078961,-5.76889833004773,5.4406825722436));
#1413=CARTESIAN_POINT('',(6.73976560921687,-6.42703943805251,5.41371575810031));
#1414=CARTESIAN_POINT('',(6.10948740779484,-7.02890034212046,5.38674894395703));
#1415=CARTESIAN_POINT('',(5.42570973736,-7.56921067558446,5.35978212981374));
#1416=CARTESIAN_POINT('',(4.69442029210816,-8.04323905690412,5.33281531567046));
#1417=CARTESIAN_POINT('',(3.92202281664248,-8.44683452135772,5.30584850152717));
#1418=CARTESIAN_POINT('',(3.11528102975735,-8.7764628701487,5.27888168738388));
#1419=CARTESIAN_POINT('',(2.28125939600568,-9.02923761862542,5.25191487324059));
#1420=CARTESIAN_POINT('',(1.42726126370013,-9.20294527260735,5.2249480590973));
#1421=CARTESIAN_POINT('',(0.560764911060562,-9.29606471147808,5.19798124495402));
#1422=CARTESIAN_POINT('',(-0.3106419394621,-9.30778050831196,5.17101443081073));
#1423=CARTESIAN_POINT('',(-1.17932856524166,-9.23799007039247,5.14404761666744));
#1424=CARTESIAN_POINT('',(-2.03768806407575,-9.08730453759464,5.11708080252415));
#1425=CARTESIAN_POINT('',(-2.87820396619456,-8.85704343076439,5.09011398838086));
#1426=CARTESIAN_POINT('',(-3.6935160543722,-8.54922309695797,5.06314717423758));
#1427=CARTESIAN_POINT('',(-4.4764848157681,-8.16653905272377,5.03618036009429));
#1428=CARTESIAN_POINT('',(-5.22025396110751,-7.71234238004292,5.009213545951));
#1429=CARTESIAN_POINT('',(-5.91831046373406,-7.19061038162413,4.98224673180771));
#1430=CARTESIAN_POINT('',(-6.56454159278528,-6.60591175251811,4.95527991766443));
#1431=CARTESIAN_POINT('',(-7.15328844106387,-5.96336657303631,4.92831310352114));
#1432=CARTESIAN_POINT('',(-7.67939547887259,-5.26860147330733,4.90134628937785));
#1433=CARTESIAN_POINT('',(-8.13825569988044,-4.5277003620854,4.87437947523457));
#1434=CARTESIAN_POINT('',(-8.52585096368771,-3.74715115126813,4.84741266109127));
#1435=CARTESIAN_POINT('',(-8.8387871818183,-2.93378894264555,4.82044584694799));
#1436=CARTESIAN_POINT('',(-9.07432403902358,-2.09473617438176,4.7934790328047));
#1437=CARTESIAN_POINT('',(-9.23039898963445,-1.23734025135373,4.76651221866142));
#1438=CARTESIAN_POINT('',(-9.30564531883073,-0.369109205504893,4.73954540451812));
#1439=CARTESIAN_POINT('',(-9.29940411066933,0.50235405037797,4.71257859037484));
#1440=CARTESIAN_POINT('',(-9.2117300180696,1.36941829973905,4.68561177623155));
#1441=CARTESIAN_POINT('',(-9.0433907842295,2.2244908471778,4.65864496208827));
#1442=CARTESIAN_POINT('',(-8.79586051966325,3.06008400605181,4.63167814794497));
#1443=CARTESIAN_POINT('',(-8.47130679373226,3.86888066654046,4.60471133380169));
#1444=CARTESIAN_POINT('',(-8.07257165370569,4.64379837000404,4.5777445196584));
#1445=CARTESIAN_POINT('',(-7.60314673756303,5.37805132855288,4.55077770551511));
#1446=CARTESIAN_POINT('',(-7.0671426984702,6.06520984673442,4.52381089137183));
#1447=CARTESIAN_POINT('',(-6.46925320867269,6.69925662499526,4.49684407722854));
#1448=CARTESIAN_POINT('',(-5.81471385801585,7.27463945188098,4.46987726308525));
#1449=CARTESIAN_POINT('',(-5.10925630700912,7.78631982355929,4.44291044894196));
#1450=CARTESIAN_POINT('',(-4.35905809590599,8.22981706491592,4.41594363479868));
#1451=CARTESIAN_POINT('',(-3.57068854931088,8.60124756586421,4.38897682065538));
#1452=CARTESIAN_POINT('',(-2.75105125001453,8.89735878928451,4.3620100065121));
#1453=CARTESIAN_POINT('',(-1.90732358580229,9.11555775279314,4.33504319236881));
#1454=CARTESIAN_POINT('',(-1.04689389861087,9.25393373493219,4.30807637822553));
#1455=CARTESIAN_POINT('',(-0.177296786404877,9.31127500694697,4.28110956408224));
#1456=CARTESIAN_POINT('',(0.693852875679236,9.28707944363439,4.25414274993895));
#1457=CARTESIAN_POINT('',(1.55892661715919,9.18155892034557,4.22717593579567));
#1458=CARTESIAN_POINT('',(2.41034917308444,8.9956374576389,4.20020912165237));
#1459=CARTESIAN_POINT('',(3.24066481900429,8.7309431298304,4.17324230750909));
#1460=CARTESIAN_POINT('',(4.04260265914553,8.38979380829674,4.1462754933658));
#1461=CARTESIAN_POINT('',(4.80914029608508,7.97517686437332,4.11930867922252));
#1462=CARTESIAN_POINT('',(5.53356532437593,7.49072300958519,4.09234186507922));
#1463=CARTESIAN_POINT('',(6.2095341096399,6.94067450228603,4.06537505093594));
#1464=CARTESIAN_POINT('',(6.83112733841137,6.32984799911289,4.03840823679265));
#1465=CARTESIAN_POINT('',(7.39290185229401,5.66359237655859,4.01144142264936));
#1466=CARTESIAN_POINT('',(7.88993831252963,4.94774189200912,3.98447460850608));
#1467=CARTESIAN_POINT('',(8.31788427759119,4.18856509440477,3.95750779436279));
#1468=CARTESIAN_POINT('',(8.67299231657841,3.39270993190349,3.9305409802195));
#1469=CARTESIAN_POINT('',(8.95215282466523,2.56714553722674,3.90357416607621));
#1470=CARTESIAN_POINT('',(9.1529212532414,1.71910120046107,3.87660735193293));
#1471=CARTESIAN_POINT('',(9.27353951629964,0.856003063717577,3.84964053778963));
#1472=CARTESIAN_POINT('',(9.31295138561716,-0.014590907999535,3.82267372364635));
#1473=CARTESIAN_POINT('',(9.27081173991937,-0.885057110269181,3.79570690950306));
#1474=CARTESIAN_POINT('',(9.14748958703274,-1.74777305751989,3.76874009535978));
#1475=CARTESIAN_POINT('',(8.94406483256254,-2.59518413149875,3.74177328121649));
#1476=CARTESIAN_POINT('',(8.66231882339136,-3.41986973544088,3.7148064670732));
#1477=CARTESIAN_POINT('',(8.30471874880714,-4.21460827464144,3.68783965292992));
#1478=CARTESIAN_POINT('',(7.87439603585638,-4.97244039440938,3.66087283878662));
#1479=CARTESIAN_POINT('',(7.37511892811018,-5.68672992164177,3.63390602464334));
#1480=CARTESIAN_POINT('',(6.81125948796457,-6.35122197636624,3.60693921050005));
#1481=CARTESIAN_POINT('',(6.18775531142917,-6.96009774438153,3.57997239635676));
#1482=CARTESIAN_POINT('',(5.51006629065951,-7.5080254313636,3.55300558221347));
#1483=CARTESIAN_POINT('',(4.784126802854,-7.9902069522434,3.52603876807019));
#1484=CARTESIAN_POINT('',(4.01629374418753,-8.40241994700723,3.4990719539269));
#1485=CARTESIAN_POINT('',(3.21329086383694,-8.74105475499649,3.47210513978361));
#1486=CARTESIAN_POINT('',(2.38214988555367,-9.00314602393082,3.44513832564032));
#1487=CARTESIAN_POINT('',(1.53014893236916,-9.18639867686104,3.41817151149704));
#1488=CARTESIAN_POINT('',(0.664748793634675,-9.28920800966509,3.39120469735375));
#1489=CARTESIAN_POINT('',(-0.206472407508577,-9.31067374309735,3.36423788321046));
#1490=CARTESIAN_POINT('',(-1.07588557412615,-9.25060790634065,3.33727106906718));
#1491=CARTESIAN_POINT('',(-1.9358774418536,-9.1095364830263,3.31030425492388));
#1492=CARTESIAN_POINT('',(-2.77891724661731,-8.88869480530846,3.2833374407806));
#1493=CARTESIAN_POINT('',(-3.59762266991805,-8.59001673632575,3.25637062663731));
#1494=CARTESIAN_POINT('',(-4.38482448420839,-8.21611773577712,3.22940381249403));
#1495=CARTESIAN_POINT('',(-5.13362933227859,-7.77027195690303,3.20243699835073));
#1496=CARTESIAN_POINT('',(-5.83748009090503,-7.25638357542875,3.17547018420745));
#1497=CARTESIAN_POINT('',(-6.49021329016998,-6.67895260153609,3.14850337006416));
#1498=CARTESIAN_POINT('',(-7.08611308564381,-6.04303547424077,3.12153655592087));
#1499=CARTESIAN_POINT('',(-7.619961310807,-5.354200783242,3.09456974177759));
#1500=CARTESIAN_POINT('',(-8.08708317141362,-4.61848050597849,3.0676029276343));
#1501=CARTESIAN_POINT('',(-8.48338818166042,-3.84231718689767,3.04063611349101));
#1502=CARTESIAN_POINT('',(-8.80540598369243,-3.03250752147761,3.01366929934772));
#1503=CARTESIAN_POINT('',(-9.05031673678141,-2.19614283902463,2.98670248520444));
#1504=CARTESIAN_POINT('',(-9.21597581006532,-1.34054700542562,2.95973567106114));
#1505=CARTESIAN_POINT('',(-9.30093256262028,-0.473212289627508,2.93276885691786));
#1506=CARTESIAN_POINT('',(-9.30444304641147,0.398266244552668,2.90580204277457));
#1507=CARTESIAN_POINT('',(-9.22647652088632,1.26625724677032,2.87883522863129));
#1508=CARTESIAN_POINT('',(-9.06771572216292,2.12315990624921,2.851868414488));
#1509=CARTESIAN_POINT('',(-8.82955088445651,2.96147051044884,2.82490160034471));
#1510=CARTESIAN_POINT('',(-8.51406756609698,3.77384815346355,2.79793478620143));
#1511=CARTESIAN_POINT('',(-8.12402838674259,4.5531790187588,2.77096797205813));
#1512=CARTESIAN_POINT('',(-7.66284883571297,5.29263867333462,2.74400115791485));
#1513=CARTESIAN_POINT('',(-7.1345673632827,5.98575182781964,2.71703434377156));
#1514=CARTESIAN_POINT('',(-6.5438100168397,6.62644903918933,2.69006752962828));
#1515=CARTESIAN_POINT('',(-5.89574993158182,7.20911985957494,2.66310071548498));
#1516=CARTESIAN_POINT('',(-5.19606203048304,7.72866196575043,2.6361339013417));
#1517=CARTESIAN_POINT('',(-4.45087333021185,8.18052583908111,2.60916708719841));
#1518=CARTESIAN_POINT('',(-3.66670928816228,8.56075460468113,2.58220027305512));
#1519=CARTESIAN_POINT('',(-2.85043666042505,8.86601868091702,2.55523345891184));
#1520=CARTESIAN_POINT('',(-2.00920337107933,9.09364493583888,2.52826664476855));
#1521=CARTESIAN_POINT('',(-1.15037591935687,9.24164009522274,2.50129983062526));
#1522=CARTESIAN_POINT('',(-0.281474872790389,9.30870819724479,2.47433301648198));
#1523=CARTESIAN_POINT('',(0.589890988780948,9.29426194094076,2.4473662023387));
#1524=CARTESIAN_POINT('',(1.4560913016624,9.19842782907426,2.42039938819541));
#1525=CARTESIAN_POINT('',(2.30954093575962,9.02204506037935,2.39343257405212));
#1526=CARTESIAN_POINT('',(3.14276641593374,8.76665818087735,2.36646575990884));
#1527=CARTESIAN_POINT('',(3.94847136561798,8.43450355861918,2.33949894576555));
#1528=CARTESIAN_POINT('',(4.71960039962012,8.02848980029061,2.31253213162227));
#1529=CARTESIAN_POINT('',(5.44940090661521,7.55217228116825,2.28556531747898));
#1530=CARTESIAN_POINT('',(6.13148218031262,7.00972201146191,2.25859850333569));
#1531=CARTESIAN_POINT('',(6.75987138149839,6.40588911167402,2.23163168919241));
#1532=CARTESIAN_POINT('',(7.32906584090542,5.74596121681465,2.20466487504913));
#1533=CARTESIAN_POINT('',(7.83408124490624,5.03571717371747,2.17769806090584));
#1534=CARTESIAN_POINT('',(8.27049528207703,4.28137643691913,2.15073124676255));
#1535=CARTESIAN_POINT('',(8.63448636842882,3.48954460623183,2.12376443261927));
#1536=CARTESIAN_POINT('',(8.92286711219772,2.66715558292445,2.09679761847598));
#1537=CARTESIAN_POINT('',(9.13311222514998,1.82141085103849,2.0698308043327));
#1538=CARTESIAN_POINT('',(9.26338063598866,0.959716415539039,2.04286399018941));
#1539=CARTESIAN_POINT('',(9.31253161221956,0.089617949519985,2.01589717604613));
#1540=CARTESIAN_POINT('',(9.28013474930064,-0.781265281634556,1.98893036190284));
#1541=CARTESIAN_POINT('',(9.16647373960217,-1.64530714052074,1.96196354775956));
#1542=CARTESIAN_POINT('',(8.97254388817357,-2.49494139816225,1.93499673361627));
#1543=CARTESIAN_POINT('',(8.70004339707087,-3.32272798985237,1.90802991947298));
#1544=CARTESIAN_POINT('',(8.35135849456602,-4.12141816620259,1.8810631053297));
#1545=CARTESIAN_POINT('',(7.9295425394585,-4.88401796888411,1.85409629118641));
#1546=CARTESIAN_POINT('',(7.43828928346806,-5.60384947521871,1.82712947704313));
#1547=CARTESIAN_POINT('',(6.88190052584429,-6.27460927531339,1.80016266289985));
#1548=CARTESIAN_POINT('',(6.26524844343459,-6.89042366966685,1.77319584875656));
#1549=CARTESIAN_POINT('',(5.59373292607788,-7.44590010389456,1.74622903461327));
#1550=CARTESIAN_POINT('',(4.8732342909292,-7.93617439016914,1.71926222046999));
#1551=CARTESIAN_POINT('',(4.11006178978531,-8.35695330186854,1.6922954063267));
#1552=CARTESIAN_POINT('',(3.31089836032183,-8.7045521684394,1.66532859218341));
#1553=CARTESIAN_POINT('',(2.48274210504345,-8.97592714126564,1.63836177804013));
#1554=CARTESIAN_POINT('',(1.63284501040331,-9.16870184799712,1.61139496389684));
#1555=CARTESIAN_POINT('',(0.768649442715279,-9.28118820193181,1.58442814975355));
#1556=CARTESIAN_POINT('',(-0.102277023049372,-9.31240118422853,1.55746133561028));
#1557=CARTESIAN_POINT('',(-0.972307870890599,-9.26206746950533,1.53049452146699));
#1558=CARTESIAN_POINT('',(-1.83382442754215,-9.1306278192912,1.5035277073237));
#1559=CARTESIAN_POINT('',(-2.679282577557,-8.91923322237199,1.47656089318042));
#1560=CARTESIAN_POINT('',(-3.50127882550594,-8.62973481582885,1.44959407903713));
#1561=CARTESIAN_POINT('',(-4.29261512679694,-8.26466767502837,1.42262726489384));
#1562=CARTESIAN_POINT('',(-5.04636191940561,-7.82722861451215,1.39566045075056));
#1563=CARTESIAN_POINT('',(-5.75591880456144,-7.3212481941784,1.36869363660727));
#1564=CARTESIAN_POINT('',(-6.4150723450223,-6.75115717589181,1.34172682246399));
#1565=CARTESIAN_POINT('',(-7.0180504748096,-6.1219477242531,1.3147600083207));
#1566=CARTESIAN_POINT('',(-7.55957304395084,-5.43912969128727,1.28779319417742));
#1567=CARTESIAN_POINT('',(-8.03489805561722,-4.70868236784795,1.26082638003413));
#1568=CARTESIAN_POINT('',(-8.43986319077711,-3.93700212426952,1.23385956589085));
#1569=CARTESIAN_POINT('',(-8.77092225670845,-3.13084639865955,1.20689275174756));
#1570=CARTESIAN_POINT('',(-9.02517624032662,-2.2972745237121,1.17992593760427));
#1571=CARTESIAN_POINT('',(-9.20039869392115,-1.44358590872433,1.15295912346099));
#1572=CARTESIAN_POINT('',(-9.29505523279306,-0.577256123682606,1.12599230931771));
#1573=CARTESIAN_POINT('',(-9.30831696737859,0.2941285755573,1.09902549517442));
#1574=CARTESIAN_POINT('',(-9.24006777715822,1.1629376304925,1.07205868103113));
#1575=CARTESIAN_POINT('',(-9.09090526964803,2.02156317823943,1.04509186688784));
#1576=CARTESIAN_POINT('',(-8.93839226533741,2.5821783950985,1.02711399079231));
#1577=CARTESIAN_POINT('',(-8.84920172739645,2.85830851163485,1.01812505274454));
#1578=CARTESIAN_POINT('',(6.86583887600002,6.27204554261585,20.1001138738492));
#1579=CARTESIAN_POINT('',(7.06155151991464,6.05780419663332,20.0911249358015));
#1580=CARTESIAN_POINT('',(7.43290633436285,5.6109874113133,20.0731470597059));
#1581=CARTESIAN_POINT('',(7.92485042414014,4.89162776730804,20.0461802455627));
#1582=CARTESIAN_POINT('',(8.3473982386067,4.12943325775502,20.0192134314194));
#1583=CARTESIAN_POINT('',(8.69684969626764,3.33107816983212,19.9922466172761));
#1584=CARTESIAN_POINT('',(8.97014470460735,2.50355355073106,19.9652798031328));
#1585=CARTESIAN_POINT('',(9.16489008360615,1.65410584959687,19.9383129889895));
#1586=CARTESIAN_POINT('',(9.2793804882892,0.790173499163847,19.9113461748462));
#1587=CARTESIAN_POINT('',(9.31261335118039,-0.0806782309792586,19.8843793607029));
#1588=CARTESIAN_POINT('',(9.26429765912817,-0.950823479156805,19.8574125465596));
#1589=CARTESIAN_POINT('',(9.13485650229966,-1.81264257035535,19.8304457324164));
#1590=CARTESIAN_POINT('',(8.92542336909556,-2.65858873988925,19.8034789182731));
#1591=CARTESIAN_POINT('',(8.63783222048263,-3.4812542188495,19.7765121041298));
#1592=CARTESIAN_POINT('',(8.27460143037888,-4.27343510233119,19.7495452899865));
#1593=CARTESIAN_POINT('',(7.8389117327974,-5.02819443248528,19.7225784758432));
#1594=CARTESIAN_POINT('',(7.33457836884093,-5.73892294396741,19.6956116616999));
#1595=CARTESIAN_POINT('',(6.76601767745511,-6.39939693985533,19.6686448475566));
#1596=CARTESIAN_POINT('',(6.13820842249696,-7.00383279122597,19.6416780334134));
#1597=CARTESIAN_POINT('',(5.45664819476905,-7.54693758315175,19.6147112192701));
#1598=CARTESIAN_POINT('',(4.72730527079769,-8.02395546361974,19.5877444051268));
#1599=CARTESIAN_POINT('',(3.95656634991726,-8.43070928950626,19.5607775909835));
#1600=CARTESIAN_POINT('',(3.15118062731587,-8.76363720492205,19.5338107768402));
#1601=CARTESIAN_POINT('',(2.31820069278276,-9.01982383161923,19.5068439626969));
#1602=CARTESIAN_POINT('',(1.46492077269427,-9.1970257983325,19.4798771485536));
#1603=CARTESIAN_POINT('',(0.598812856040155,-9.2936913854994,19.4529103344103));
#1604=CARTESIAN_POINT('',(-0.272538736179172,-9.30897411333529,19.4259435202671));
#1605=CARTESIAN_POINT('',(-1.14150376522261,-9.242740154275,19.3989767061238));
#1606=CARTESIAN_POINT('',(-2.00047289097019,-9.09556950487204,19.3720098919805));
#1607=CARTESIAN_POINT('',(-2.84192430528018,-8.8687509068934,19.3450430778372));
#1608=CARTESIAN_POINT('',(-3.65848959884734,-8.5642705620847,19.3180762636939));
#1609=CARTESIAN_POINT('',(-4.4430182847807,-8.18479473942805,19.2911094495506));
#1610=CARTESIAN_POINT('',(-5.18864041388137,-7.73364642719731,19.2641426354073));
#1611=CARTESIAN_POINT('',(-5.88882673331216,-7.21477623426345,19.237175821264));
#1612=CARTESIAN_POINT('',(-6.53744586186232,-6.63272779546123,19.2102090071208));
#1613=CARTESIAN_POINT('',(-7.12881798113582,-5.99259798395482,19.1832421929775));
#1614=CARTESIAN_POINT('',(-7.65776457250118,-5.29999227901425,19.1562753788342));
#1615=CARTESIAN_POINT('',(-8.11965376426682,-4.56097568003738,19.1293085646909));
#1616=CARTESIAN_POINT('',(-8.51044089198665,-3.78201959665286,19.1023417505476));
#1617=CARTESIAN_POINT('',(-8.82670391671786,-2.96994517997596,19.0753749364043));
#1618=CARTESIAN_POINT('',(-9.06567339108096,-2.13186359125331,19.048408122261));
#1619=CARTESIAN_POINT('',(-9.22525671071566,-1.27511373095123,19.0214413081177));
#1620=CARTESIAN_POINT('',(-9.3040564387678,-0.407197973580634,18.9944744939745));
#1621=CARTESIAN_POINT('',(-9.3013825429437,0.464283528985188,18.9675076798312));
#1622=CARTESIAN_POINT('',(-9.21725843797478,1.33169940040814,18.9405408656879));
#1623=CARTESIAN_POINT('',(-9.05242078057979,2.18745386620881,18.9135740515446));
#1624=CARTESIAN_POINT('',(-8.80831301872012,3.02405326833215,18.8866072374013));
#1625=CARTESIAN_POINT('',(-8.48707275163605,3.83417168550153,18.859640423258));
#1626=CARTESIAN_POINT('',(-8.09151301134932,4.61071508473788,18.8326736091147));
#1627=CARTESIAN_POINT('',(-7.6250976295459,5.34688344228283,18.8057067949714));
#1628=CARTESIAN_POINT('',(-7.0919109055459,6.03623028994619,18.7787399808282));
#1629=CARTESIAN_POINT('',(-6.49662184097167,6.67271916544332,18.7517731666849));
#1630=CARTESIAN_POINT('',(-5.8444432543034,7.25077647239882,18.7248063525416));
#1631=CARTESIAN_POINT('',(-5.14108613334733,7.76534028713285,18.6978395383983));
#1632=CARTESIAN_POINT('',(-4.39270962534214,8.21190468483965,18.670872724255));
#1633=CARTESIAN_POINT('',(-3.6058671026295,8.58655919700313,18.6439059101117));
#1634=CARTESIAN_POINT('',(-2.78744877617998,8.88602305452994,18.6169390959684));
#1635=CARTESIAN_POINT('',(-1.94462135949553,9.10767391673958,18.5899722818251));
#1636=CARTESIAN_POINT('',(-1.08476531123861,9.24957083463866,18.5630054676819));
#1637=CARTESIAN_POINT('',(-0.215410206140897,9.31047124739425,18.5360386535386));
#1638=CARTESIAN_POINT('',(0.655831199865434,9.28984186317226,18.5090718393953));
#1639=CARTESIAN_POINT('',(1.52132963291628,9.18786332905946,18.482105025252));
#1640=CARTESIAN_POINT('',(2.37350610912823,9.00542864917577,18.4551382111087));
#1641=CARTESIAN_POINT('',(3.20489830213255,8.74413536482897,18.4281713969654));
#1642=CARTESIAN_POINT('',(4.00822588906446,8.40627156518858,18.4012045828221));
#1643=CARTESIAN_POINT('',(4.77645430278672,7.9947958509805,18.3742377686788));
#1644=CARTESIAN_POINT('',(5.50285633208317,7.51331142665581,18.3472709545356));
#1645=CARTESIAN_POINT('',(6.18107103040246,6.96603454790344,18.3203041403923));
#1646=CARTESIAN_POINT('',(6.80515941730075,6.35775760080452,18.293337326249));
#1647=CARTESIAN_POINT('',(7.36965648481787,5.69380713593696,18.2663705121057));
#1648=CARTESIAN_POINT('',(7.86961905337825,4.97999722491598,18.2394036979624));
#1649=CARTESIAN_POINT('',(8.30066905815272,4.22257854781777,18.2124368838191));
#1650=CARTESIAN_POINT('',(8.65903188683192,3.42818365731663,18.1854700696758));
#1651=CARTESIAN_POINT('',(8.94156943309553,2.60376889884574,18.1585032555325));
#1652=CARTESIAN_POINT('',(9.14580757633534,1.75655349537433,18.1315364413893));
#1653=CARTESIAN_POINT('',(9.26995784699799,0.893956330222673,18.104569627246));
#1654=CARTESIAN_POINT('',(9.3129330878287,0.0235309814943532,18.0776028131027));
#1655=CARTESIAN_POINT('',(9.27435697387391,-0.847100422984846,18.0506359989594));
#1656=CARTESIAN_POINT('',(9.154567307878,-1.71031395100318,18.0236691848161));
#1657=CARTESIAN_POINT('',(8.95461306221725,-2.55855062709985,17.9967023706728));
#1658=CARTESIAN_POINT('',(8.67624519327403,-3.38438262488952,17.9697355565295));
#1659=CARTESIAN_POINT('',(8.32190130868785,-4.18057831094267,17.9427687423862));
#1660=CARTESIAN_POINT('',(7.89468432174879,-4.94016557064625,17.915801928243));
#1661=CARTESIAN_POINT('',(7.39833527985232,-5.65649286151386,17.8888351140997));
#1662=CARTESIAN_POINT('',(6.83720060495072,-6.32328745931468,17.8618682999564));
#1663=CARTESIAN_POINT('',(6.21619403286962,-6.93471038697225,17.8349014858131));
#1664=CARTESIAN_POINT('',(5.54075358477876,-7.48540754523266,17.8079346716698));
#1665=CARTESIAN_POINT('',(4.81679394760858,-7.9705565973617,17.7809678575265));
#1666=CARTESIAN_POINT('',(4.05065468040719,-8.38590919731189,17.7540010433832));
#1667=CARTESIAN_POINT('',(3.24904470018336,-8.72782819157636,17.7270342292399));
#1668=CARTESIAN_POINT('',(2.4189835333613,-8.99331946896093,17.7000674150967));
#1669=CARTESIAN_POINT('',(1.56773984729542,-9.18005817937266,17.6731006009534));
#1670=CARTESIAN_POINT('',(0.702767800111456,-9.2864090920329,17.6461337868101));
#1671=CARTESIAN_POINT('',(-0.168358233755134,-9.3114409148419,17.6191669726668));
#1672=CARTESIAN_POINT('',(-1.03800999072931,-9.25493444950373,17.5922001585235));
#1673=CARTESIAN_POINT('',(-1.89857211716211,-9.11738451099872,17.5652333443802));
#1674=CARTESIAN_POINT('',(-2.74250885534693,-8.89999559459489,17.5382665302369));
#1675=CARTESIAN_POINT('',(-3.56243003253121,-8.60467132834163,17.5112997160936));
#1676=CARTESIAN_POINT('',(-4.35115577507189,-8.23399780340772,17.4843329019504));
#1677=CARTESIAN_POINT('',(-5.10177938104685,-7.79122092823647,17.4573660878071));
#1678=CARTESIAN_POINT('',(-5.80772780076015,-7.28021800482255,17.4303992736638));
#1679=CARTESIAN_POINT('',(-6.46281919552645,-6.70546377601129,17.4034324595205));
#1680=CARTESIAN_POINT('',(-7.06131707070462,-6.07199124113666,17.3764656453772));
#1681=CARTESIAN_POINT('',(-7.59798050894921,-5.38534758312708,17.3494988312339));
#1682=CARTESIAN_POINT('',(-8.06811006379797,-4.65154559301601,17.3225320170906));
#1683=CARTESIAN_POINT('',(-8.46758891171519,-3.87701101722225,17.2955652029473));
#1684=CARTESIAN_POINT('',(-8.79291890223112,-3.06852628866878,17.2685983888041));
#1685=CARTESIAN_POINT('',(-9.04125119049434,-2.23317113447433,17.2416315746608));
#1686=CARTESIAN_POINT('',(-9.21041118399422,-1.37826058030367,17.2146647605175));
#1687=CARTESIAN_POINT('',(-9.29891758500045,-0.511280894258947,17.1876979463742));
#1688=CARTESIAN_POINT('',(-9.30599536196913,0.360175968762085,17.1607311322309));
#1689=CARTESIAN_POINT('',(-9.23158253632756,1.22847884818453,17.1337643180876));
#1690=CARTESIAN_POINT('',(-9.07633072520721,2.08602420219044,17.1067975039443));
#1691=CARTESIAN_POINT('',(-8.84159943537254,2.92530269030141,17.079830689801));
#1692=CARTESIAN_POINT('',(-8.52944415831222,3.73896493106023,17.0528638756578));
#1693=CARTESIAN_POINT('',(-8.14259837074165,4.51988585898584,17.0258970615145));
#1694=CARTESIAN_POINT('',(-7.68444959813449,5.26122711724132,16.9989302473712));
#1695=CARTESIAN_POINT('',(-7.15900975088964,5.95649693965604,16.9719634332279));
#1696=CARTESIAN_POINT('',(-6.57087999289362,6.5996069977276,16.9449966190846));
#1697=CARTESIAN_POINT('',(-5.9252104501166,7.18492571480693,16.9180298049413));
#1698=CARTESIAN_POINT('',(-5.2276551120655,7.70732758060537,16.891062990798));
#1699=CARTESIAN_POINT('',(-4.48432232101224,8.16223803418745,16.8640961766547));
#1700=CARTESIAN_POINT('',(-3.70172128255244,8.54567352241841,16.8371293625115));
#1701=CARTESIAN_POINT('',(-2.88670506589008,8.85427638308345,16.8101625483682));
#1702=CARTESIAN_POINT('',(-2.04641059298241,9.08534424721453,16.7831957342249));
#1703=CARTESIAN_POINT('',(-1.18819614204728,9.23685370315502,16.7562289200816));
#1704=CARTESIAN_POINT('',(-0.319576912701194,9.307478015141,16.7292621059383));
#1705=CARTESIAN_POINT('',(0.551840783029557,9.29659874124134,16.702295291795));
#1706=CARTESIAN_POINT('',(1.41842612754963,9.20431114892089,16.6753284776517));
#1707=CARTESIAN_POINT('',(2.27259061912531,9.03142338080374,16.6483616635084));
#1708=CARTESIAN_POINT('',(3.10685452276434,8.77944937794185,16.6213948493652));
#1709=CARTESIAN_POINT('',(3.9139123686487,8.45059562255842,16.5944280352219));
#1710=CARTESIAN_POINT('',(4.68669692456469,8.04774181635697,16.5674612210786));
#1711=CARTESIAN_POINT('',(5.41844108213757,7.57441566359205,16.5404944069353));
#1712=CARTESIAN_POINT('',(6.10273711494604,7.03476197972077,16.513527592792));
#1713=CARTESIAN_POINT('',(6.73359278960633,6.43350639614404,16.4865607786487));
#1714=CARTESIAN_POINT('',(7.30548383847285,5.77591397886748,16.4595939645054));
#1715=CARTESIAN_POINT('',(7.81340233446344,5.06774312344914,16.4326271503621));
#1716=CARTESIAN_POINT('',(8.25290054440123,4.3151951299665,16.4056603362189));
#1717=CARTESIAN_POINT('',(8.62012987685879,3.52485989956357,16.3786935220756));
#1718=CARTESIAN_POINT('',(8.91187458344658,2.703658228102,16.3517267079323));
#1719=CARTESIAN_POINT('',(9.12557991843098,1.85878120223819,16.324759893789));
#1720=CARTESIAN_POINT('',(9.25937451009391,0.997627228621955,16.2977930796457));
#1721=CARTESIAN_POINT('',(9.31208674793306,0.127737247638575,16.2708262655024));
#1722=CARTESIAN_POINT('',(9.28325504220338,-0.74327130098652,16.2438594513591));
#1723=CARTESIAN_POINT('',(9.17313186595939,-1.60777118247131,16.2168926372158));
#1724=CARTESIAN_POINT('',(8.9826815442028,-2.45819215703395,16.1899258230726));
#1725=CARTESIAN_POINT('',(8.71357180949563,-3.28708727085663,16.1629590089293));
#1726=CARTESIAN_POINT('',(8.36815919798441,-4.08719806746061,16.135992194786));
#1727=CARTESIAN_POINT('',(7.94946841371916,-4.85151814845066,16.1090253806427));
#1728=CARTESIAN_POINT('',(7.46116584196984,-5.5733545270409,16.0820585664994));
#1729=CARTESIAN_POINT('',(6.9075274434779,-6.24638623710258,16.0550917523561));
#1730=CARTESIAN_POINT('',(6.29340131078652,-6.86471968450681,16.0281249382128));
#1731=CARTESIAN_POINT('',(5.62416521453551,-7.42294025606252,16.0011581240695));
#1732=CARTESIAN_POINT('',(4.90567951147884,-7.91615973412118,15.9741913099262));
#1733=CARTESIAN_POINT('',(4.14423582659931,-8.34005910164883,15.947224495783));
#1734=CARTESIAN_POINT('',(3.34650195869982,-8.69092636293065,15.9202576816397));
#1735=CARTESIAN_POINT('',(2.5194634919215,-8.9656890487201,15.8932908674964));
#1736=CARTESIAN_POINT('',(1.67036262448366,-9.16194112119221,15.8663240533531));
#1737=CARTESIAN_POINT('',(0.806634750309605,-9.27796404310007,15.8393572392098));
#1738=CARTESIAN_POINT('',(-0.0641566511210597,-9.31274182663633,15.8123904250665));
#1739=CARTESIAN_POINT('',(-0.934386246537649,-9.26596993022026,15.7854236109232));
#1740=CARTESIAN_POINT('',(-1.79643362228408,-9.13805792530295,15.75845679678));
#1741=CARTESIAN_POINT('',(-2.64275001464452,-8.93012590983807,15.7314899826367));
#1742=CARTESIAN_POINT('',(-3.46592441274588,-8.64399469982467,15.7045231684934));
#1743=CARTESIAN_POINT('',(-4.2587484551883,-8.28216988481256,15.6775563543501));
#1744=CARTESIAN_POINT('',(-5.01427955211764,-7.8478198869928,15.6505895402068));
#1745=CARTESIAN_POINT('',(-5.72590167999373,-7.34474821600508,15.6236227260635));
#1746=CARTESIAN_POINT('',(-6.38738331668747,-6.77736016242072,15.5966559119202));
#1747=CARTESIAN_POINT('',(-6.99293200958169,-6.15062422155935,15.5696890977769));
#1748=CARTESIAN_POINT('',(-7.53724509883459,-5.47002858544255,15.5427222836337));
#1749=CARTESIAN_POINT('',(-8.01555615163309,-4.74153308387506,15.5157554694904));
#1750=CARTESIAN_POINT('',(-8.42367670082114,-3.97151699549527,15.4887886553471));
#1751=CARTESIAN_POINT('',(-8.75803292240709,-3.16672318580235,15.4618218412038));
#1752=CARTESIAN_POINT('',(-9.01569693077272,-2.33419906133133,15.4348550270605));
#1753=CARTESIAN_POINT('',(-9.19441241753875,-1.48123485702774,15.4078882129172));
#1754=CARTESIAN_POINT('',(-9.29261440957271,-0.615299797226004,15.3809213987739));
#1755=CARTESIAN_POINT('',(-9.30944297312253,0.256023310743781,15.3539545846306));
#1756=CARTESIAN_POINT('',(-9.24475074407171,1.12510447757097,15.3269877704873));
#1757=CARTESIAN_POINT('',(-9.09910421837522,1.98433334614198,15.3000209563441));
#1758=CARTESIAN_POINT('',(-8.87377879137611,2.82618583380294,15.2730541422008));
#1759=CARTESIAN_POINT('',(-8.57074758944241,3.64329001913544,15.2460873280575));
#1760=CARTESIAN_POINT('',(-8.19266419172335,4.42849069628905,15.2191205139142));
#1761=CARTESIAN_POINT('',(-7.74283939332668,5.17491203158211,15.1921536997709));
#1762=CARTESIAN_POINT('',(-7.225212213397,5.87601777370046,15.1651868856276));
#1763=CARTESIAN_POINT('',(-6.64431540197115,6.52566849024633,15.1382200714843));
#1764=CARTESIAN_POINT('',(-6.00523574765973,7.1181753294292,15.1112532573411));
#1765=CARTESIAN_POINT('',(-5.31356953373177,7.64834983611905,15.0842864431978));
#1766=CARTESIAN_POINT('',(-4.57537353266412,8.11154938603356,15.0573196290545));
#1767=CARTESIAN_POINT('',(-3.79711196828579,8.50371784020176,15.0303528149112));
#1768=CARTESIAN_POINT('',(-2.98559990995827,8.82142106370181,15.0033860007679));
#1769=CARTESIAN_POINT('',(-2.14794359447694,9.06187699764294,14.9764191866246));
#1770=CARTESIAN_POINT('',(-1.29147819828166,9.22298002105761,14.9494523724813));
#1771=CARTESIAN_POINT('',(-0.423703604892278,9.30331938937206,14.922485558338));
#1772=CARTESIAN_POINT('',(0.447781269960594,9.30219158799351,14.8955187441948));
#1773=CARTESIAN_POINT('',(1.31534502040846,9.21960649283642,14.8685519300515));
#1774=CARTESIAN_POINT('',(2.17139057702705,9.05628728384115,14.8415851159082));
#1775=CARTESIAN_POINT('',(3.00842173274155,8.8136641122426,14.8146183017649));
#1776=CARTESIAN_POINT('',(3.81910878550185,8.493861577043,14.7876514876216));
#1777=CARTESIAN_POINT('',(4.59635272290916,8.09968012035477,14.7606846734783));
#1778=CARTESIAN_POINT('',(5.33334738674281,7.63457150453046,14.733717859335));
#1779=CARTESIAN_POINT('',(6.0236390730259,7.10260858582116,14.7067510451917));
#1780=CARTESIAN_POINT('',(6.66118304572495,6.50844964924914,14.6797842310484));
#1781=CARTESIAN_POINT('',(7.24039646920497,5.85729761700641,14.6528174169052));
#1782=CARTESIAN_POINT('',(7.75620729592204,5.1548544875826,14.6258506027619));
#1783=CARTESIAN_POINT('',(8.20409868125428,4.40727140458884,14.5988837886186));
#1784=CARTESIAN_POINT('',(8.58014853654002,3.6210947925144,14.5719169744753));
#1785=CARTESIAN_POINT('',(8.88106387396584,2.80320903109342,14.544950160332));
#1786=CARTESIAN_POINT('',(9.10420964255355,1.96077617027027,14.5179833461887));
#1787=CARTESIAN_POINT('',(9.24763180273567,1.10117321366648,14.4910165320454));
#1788=CARTESIAN_POINT('',(9.31007443746021,0.231927519744485,14.4640497179022));
#1789=CARTESIAN_POINT('',(9.29099074998652,-0.639349113653704,14.4370829037589));
#1790=CARTESIAN_POINT('',(9.19054785206695,-1.50502710418529,14.4101160896156));
#1791=CARTESIAN_POINT('',(9.00962530058511,-2.35752589562054,14.3831492754723));
#1792=CARTESIAN_POINT('',(8.74980739546513,-3.18938033914558,14.356182461329));
#1793=CARTESIAN_POINT('',(8.41336930629756,-3.99330606406707,14.3292156471857));
#1794=CARTESIAN_POINT('',(8.00325714916787,-4.76226326548189,14.3022488330424));
#1795=CARTESIAN_POINT('',(7.5230621881507,-5.48951835033657,14.2752820188991));
#1796=CARTESIAN_POINT('',(6.97698938738172,-6.16870290205547,14.2483152047558));
#1797=CARTESIAN_POINT('',(6.36982058908982,-6.79386944739683,14.2213483906126));
#1798=CARTESIAN_POINT('',(5.7068726400318,-7.35954353719857,14.1943815764693));
#1799=CARTESIAN_POINT('',(4.99395083300724,-7.86077168495378,14.167414762326));
#1800=CARTESIAN_POINT('',(4.2372980711564,-8.29316474342811,14.1404479481827));
#1801=CARTESIAN_POINT('',(3.44354020019828,-8.6529363394794,14.1134811340394));
#1802=CARTESIAN_POINT('',(2.61962798732272,-8.93693603051405,14.0865143198961));
#1803=CARTESIAN_POINT('',(1.77277625481511,-9.14267689223613,14.0595475057528));
#1804=CARTESIAN_POINT('',(0.910400701407227,-9.26835729610927,14.0325806916095));
#1805=CARTESIAN_POINT('',(0.0400529645961905,-9.31287668583085,14.0056138774663));
#1806=CARTESIAN_POINT('',(-0.830645507423099,-9.2758452146671,13.978647063323));
#1807=CARTESIAN_POINT('',(-1.69407019514285,-9.15758715925726,13.9516802491797));
#1808=CARTESIAN_POINT('',(-2.54266027402211,-8.95913807999266,13.9247134350364));
#1809=CARTESIAN_POINT('',(-3.3689848230033,-8.68223575283684,13.8977466208931));
#1810=CARTESIAN_POINT('',(-4.16580789549189,-8.32930495199463,13.8707798067498));
#1811=CARTESIAN_POINT('',(-4.92615188298657,-7.90343621668529,13.8438129926065));
#1812=CARTESIAN_POINT('',(-5.6433586164982,-7.40835878795434,13.8168461784632));
#1813=CARTESIAN_POINT('',(-6.31114767070562,-6.8484079525107,13.78987936432));
#1814=CARTESIAN_POINT('',(-6.92367136029123,-6.22848707955213,13.7629125501767));
#1815=CARTESIAN_POINT('',(-7.47556594686531,-5.55402468301434,13.7359457360334));
#1816=CARTESIAN_POINT('',(-7.96199860807111,-4.8309268852404,13.7089789218901));
#1817=CARTESIAN_POINT('',(-8.37870975757216,-4.06552569833592,13.6820121077468));
#1818=CARTESIAN_POINT('',(-8.72205034533498,-3.26452357609906,13.6550452936035));
#1819=CARTESIAN_POINT('',(-8.98901381157644,-2.43493472207219,13.6280784794602));
#1820=CARTESIAN_POINT('',(-9.177262414562,-1.58402366766799,13.6011116653169));
#1821=CARTESIAN_POINT('',(-9.28514770170803,-0.719241658228214,13.5741448511737));
#1822=CARTESIAN_POINT('',(-9.31172494472696,0.151838595931406,13.5471780370304));
#1823=CARTESIAN_POINT('',(-9.25676141241004,1.02158923211888,13.5202112228871));
#1824=CARTESIAN_POINT('',(-9.1207384086045,1.88239403082123,13.4932444087438));
#1825=CARTESIAN_POINT('',(-8.90484705753917,2.72671510930291,13.4662775946005));
#1826=CARTESIAN_POINT('',(-8.61097787340542,3.54715892922591,13.4393107804572));
#1827=CARTESIAN_POINT('',(-8.24170420553044,4.33654104027698,13.4123439663139));
#1828=CARTESIAN_POINT('',(-7.80025970410993,5.08794899285592,13.3853771521706));
#1829=CARTESIAN_POINT('',(-7.29051000382782,5.79480286891204,13.3584103380274));
#1830=CARTESIAN_POINT('',(-6.71691887332363,6.4509129008733,13.3314435238841));
#1831=CARTESIAN_POINT('',(-6.08450912692927,7.05053367411143,13.3044767097408));
#1832=CARTESIAN_POINT('',(-5.39881864096271,7.58841443830385,13.2775098955975));
#1833=CARTESIAN_POINT('',(-4.66585185973455,8.05984508712645,13.2505430814542));
#1834=CARTESIAN_POINT('',(-3.8920272159188,8.46069740364304,13.2235762673109));
#1835=CARTESIAN_POINT('',(-3.08412092571659,8.78746121021435,13.1966094531676));
#1836=CARTESIAN_POINT('',(-2.24920765098624,9.03727510636971,13.1696426390243));
#1837=CARTESIAN_POINT('',(-1.39459854794896,9.20795152547641,13.1426758248811));
#1838=CARTESIAN_POINT('',(-0.527777244964079,9.29799589079082,13.1157090107378));
#1839=CARTESIAN_POINT('',(0.343665689997093,9.30661970314591,13.0887421965945));
#1840=CARTESIAN_POINT('',(1.21209921832469,9.23374744566914,13.0617753824512));
#1841=CARTESIAN_POINT('',(2.06991865413636,9.08001724506749,13.0348085683079));
#1842=CARTESIAN_POINT('',(2.90961225687818,8.84677528368891,13.0078417541646));
#1843=CARTESIAN_POINT('',(3.72382701002331,8.53606401129266,12.9808749400213));
#1844=CARTESIAN_POINT('',(4.50543300985835,8.15060425975543,12.953908125878));
#1845=CARTESIAN_POINT('',(5.24758590051886,7.69377141733106,12.9269413117348));
#1846=CARTESIAN_POINT('',(5.94378680854352,7.16956587110047,12.8999744975915));
#1847=CARTESIAN_POINT('',(6.58793925211327,6.5825779764413,12.8730076834482));
#1848=CARTESIAN_POINT('',(7.17440252663307,5.93794786027174,12.8460408693049));
#1849=CARTESIAN_POINT('',(7.69804109917063,5.24132041006316,12.8190740551616));
#1850=CARTESIAN_POINT('',(8.15426957921516,4.49879584277294,12.7921072410183));
#1851=CARTESIAN_POINT('',(8.53909287195727,3.71687628655478,12.765140426875));
#1852=CARTESIAN_POINT('',(8.84914116247613,2.90240884301907,12.7381736127317));
#1853=CARTESIAN_POINT('',(9.08169942448494,2.06252562863464,12.7112067985885));
#1854=CARTESIAN_POINT('',(9.23473119523295,1.20458132031678,12.6842399844452));
#1855=CARTESIAN_POINT('',(9.30689640837244,0.336088752101138,12.6572731703019));
#1856=CARTESIAN_POINT('',(9.29756312863184,-0.53534687313033,12.6303063561586));
#1857=CARTESIAN_POINT('',(9.20681308553721,-1.40209458077749,12.6033395420153));
#1858=CARTESIAN_POINT('',(9.0354409577243,-2.25656444732759,12.576372727872));
#1859=CARTESIAN_POINT('',(8.78494741410848,-3.09127406368532,12.5494059137287));
#1860=CARTESIAN_POINT('',(8.45752597284929,-3.89891405702209,12.5224390995854));
#1861=CARTESIAN_POINT('',(8.0560437931831,-4.67241209738404,12.4954722854422));
#1862=CARTESIAN_POINT('',(7.58401656832551,-5.40499482856634,12.4685054712989));
#1863=CARTESIAN_POINT('',(7.04557773930092,-6.09024718093873,12.4415386571556));
#1864=CARTESIAN_POINT('',(6.44544229928729,-6.7221685468324,12.4145718430123));
#1865=CARTESIAN_POINT('',(5.78886550543363,-7.29522532657254,12.387605028869));
#1866=CARTESIAN_POINT('',(5.08159685970184,-7.80439938502209,12.3606382147257));
#1867=CARTESIAN_POINT('',(4.32982976171293,-8.24523199431343,12.3336714005824));
#1868=CARTESIAN_POINT('',(3.5401472744768,-8.61386287797056,12.3067045864391));
#1869=CARTESIAN_POINT('',(2.7194644779234,-8.90706401452115,12.2797377722959));
#1870=CARTESIAN_POINT('',(1.87496791503299,-9.12226790458719,12.2527709581526));
#1871=CARTESIAN_POINT('',(1.01405266082285,-9.25759005392563,12.2258041440093));
#1872=CARTESIAN_POINT('',(0.144257565263698,-9.31184547553969,12.198837329866));
#1873=CARTESIAN_POINT('',(-0.726800762810321,-9.28455906635545,12.1718705157227));
#1874=CARTESIAN_POINT('',(-1.59149465270924,-9.17596976759746,12.1449037015794));
#1875=CARTESIAN_POINT('',(-2.44225216576122,-8.98702847243177,12.1179368874361));
#1876=CARTESIAN_POINT('',(-3.27162340115316,-8.71938969919866,12.0909700732928));
#1877=CARTESIAN_POINT('',(-4.07234573311201,-8.37539710315094,12.0640032591496));
#1878=CARTESIAN_POINT('',(-4.83740740815878,-7.95806295356824,12.0370364450063));
#1879=CARTESIAN_POINT('',(-5.56010894552772,-7.47104175596197,12.010069630863));
#1880=CARTESIAN_POINT('',(-6.23412180308048,-6.91859825035544,11.9831028167197));
#1881=CARTESIAN_POINT('',(-6.85354379499033,-6.30557006587147,11.9561360025764));
#1882=CARTESIAN_POINT('',(-7.41295077591575,-5.63732535865324,11.9291691884331));
#1883=CARTESIAN_POINT('',(-7.90744413907619,-4.9197158040739,11.9022023742898));
#1884=CARTESIAN_POINT('',(-8.33269371229946,-4.15902535487219,11.8752355601465));
#1885=CARTESIAN_POINT('',(-8.68497567640947,-3.361915213928,11.8482687460033));
#1886=CARTESIAN_POINT('',(-8.96120517391087,-2.53536550353944,11.82130193186));
#1887=CARTESIAN_POINT('',(-9.15896332242357,-1.68661414199114,11.7943351177167));
#1888=CARTESIAN_POINT('',(-9.27651839631625,-0.823093462658348,11.7673683035734));
#1889=CARTESIAN_POINT('',(-9.31284099105572,0.0476348693400248,11.7404014894301));
#1890=CARTESIAN_POINT('',(-9.26761303748135,0.917946073018772,11.7134346752868));
#1891=CARTESIAN_POINT('',(-9.14123058706835,1.78021902009579,11.6864678611435));
#1892=CARTESIAN_POINT('',(-8.93480034379014,2.62690297157554,11.6595010470002));
#1893=CARTESIAN_POINT('',(-8.65012997294928,3.4505836979487,11.632534232857));
#1894=CARTESIAN_POINT('',(-8.28971227184072,4.24404840400745,11.6055674187137));
#1895=CARTESIAN_POINT('',(-7.85670334086128,5.00034888974398,11.5786006045704));
#1896=CARTESIAN_POINT('',(-7.35489494621637,5.7128623942456,11.5516337904271));
#1897=CARTESIAN_POINT('',(-6.78868131623772,6.37534958978954,11.5246669762838));
#1898=CARTESIAN_POINT('',(-6.16302066206968,6.98200921829575,11.4977001621405));
#1899=CARTESIAN_POINT('',(-5.48339175967921,7.52752889169792,11.4707333479972));
#1900=CARTESIAN_POINT('',(-4.75574597339145,8.00713161138468,11.4437665338539));
#1901=CARTESIAN_POINT('',(-3.98645514107059,8.4166175993505,11.4167997197107));
#1902=CARTESIAN_POINT('',(-3.18225577730426,8.75240107474963,11.3898329055674));
#1903=CARTESIAN_POINT('',(-2.3501900831922,9.01154165380873,11.3628660914241));
#1904=CARTESIAN_POINT('',(-1.49754427930374,9.19177009813613,11.3358992772808));
#1905=CARTESIAN_POINT('',(-0.631784801809251,9.29150818595494,11.3089324631375));
#1906=CARTESIAN_POINT('',(0.239507079497709,9.30988253225223,11.2819656489942));
#1907=CARTESIAN_POINT('',(1.10870164875168,9.24673223682399,11.2549988348509));
#1908=CARTESIAN_POINT('',(1.96818755579839,9.10261029324364,11.2280320207076));
#1909=CARTESIAN_POINT('',(2.81043846715323,8.87877874641609,11.2010652065644));
#1910=CARTESIAN_POINT('',(3.6280789724871,8.57719764112159,11.1740983924211));
#1911=CARTESIAN_POINT('',(4.41394916951049,8.20050785832453,11.1471315782778));
#1912=CARTESIAN_POINT('',(5.16116736170004,7.75200798954612,11.1201647641345));
#1913=CARTESIAN_POINT('',(5.86319031983692,7.23562545180687,11.0931979499912));
#1914=CARTESIAN_POINT('',(6.51387057965967,6.6558820960793,11.0662311358479));
#1915=CARTESIAN_POINT('',(7.10751027388843,6.01785461041018,11.0392643217046));
#1916=CARTESIAN_POINT('',(7.63891102722488,5.32713006445374,11.0122975075613));
#1917=CARTESIAN_POINT('',(8.10341947740817,4.58975698470265,10.9853306934181));
#1918=CARTESIAN_POINT('',(8.49696802370879,3.81219238884072,10.9583638792748));
#1919=CARTESIAN_POINT('',(8.81611044603456,3.00124524302582,10.9313970651315));
#1920=CARTESIAN_POINT('',(9.05805208273969,2.16401683723579,10.9044302509882));
#1921=CARTESIAN_POINT('',(9.22067430287663,1.30783860079725,10.8774634368449));
#1922=CARTESIAN_POINT('',(9.30255305859223,0.440207902633717,10.8504966227016));
#1923=CARTESIAN_POINT('',(9.30297135520888,-0.431277601583775,10.8235298085583));
#1924=CARTESIAN_POINT('',(9.22192552979296,-1.29898650047552,10.796562994415));
#1925=CARTESIAN_POINT('',(9.06012528323032,-2.15532045358351,10.7695961802718));
#1926=CARTESIAN_POINT('',(8.8189874655281,-2.99278072840678,10.7426293661285));
#1927=CARTESIAN_POINT('',(8.50062366876347,-3.80403386519141,10.7156625519852));
#1928=CARTESIAN_POINT('',(8.10782173632541,-4.58197589446235,10.6886957378419));
#1929=CARTESIAN_POINT('',(7.64402135036888,-5.31979454495843,10.6617289236986));
#1930=CARTESIAN_POINT('',(7.11328391125704,-6.01102889722854,10.6347621095553));
#1931=CARTESIAN_POINT('',(6.52025697275051,-6.6496259605156,10.607795295412));
#1932=CARTESIAN_POINT('',(5.8701335443774,-7.22999367749654,10.5808284812687));
#1933=CARTESIAN_POINT('',(5.16860661736416,-7.74704989272718,10.5538616671255));
#1934=CARTESIAN_POINT('',(4.42181931233421,-8.1962668559859,10.5268948529822));
#1935=CARTESIAN_POINT('',(3.6363110853201,-8.57371087080984,10.4999280388389));
#1936=CARTESIAN_POINT('',(2.81896046315156,-8.87607674102997,10.4729612246956));
#1937=CARTESIAN_POINT('',(1.97692480967346,-9.10071671366395,10.4459944105523));
#1938=CARTESIAN_POINT('',(1.11757765024794,-9.2456636647204,10.419027596409));
#1939=CARTESIAN_POINT('',(0.248444103376464,-9.30964832488114,10.3920607822657));
#1940=CARTESIAN_POINT('',(-0.622865015146578,-9.29211039421999,10.3650939681224));
#1941=CARTESIAN_POINT('',(-1.48871983851313,-9.1932034486289,10.3381271539792));
#1942=CARTESIAN_POINT('',(-2.34153826200631,-9.01379359498681,10.3111603398359));
#1943=CARTESIAN_POINT('',(-3.17385233786295,-8.7554518868478,10.2841935256926));
#1944=CARTESIAN_POINT('',(-3.97837367048812,-8.42044056706249,10.2572267115493));
#1945=CARTESIAN_POINT('',(-4.74805723936996,-8.01169325780333,10.230259897406));
#1946=CARTESIAN_POINT('',(-5.4761630908111,-7.53278927146532,10.2032930832627));
#1947=CARTESIAN_POINT('',(-6.15631535825564,-6.98792226739613,10.1763262691194));
#1948=CARTESIAN_POINT('',(-6.78255809438304,-6.38186352892193,10.1493594549761));
#1949=CARTESIAN_POINT('',(-7.34940742605968,-5.71992018224412,10.1223926408329));
#1950=CARTESIAN_POINT('',(-7.85189957543796,-5.00788872307502,10.0954258266896));
#1951=CARTESIAN_POINT('',(-8.28563432669281,-4.25200425796995,10.0684590125463));
#1952=CARTESIAN_POINT('',(-8.64681355776656,-3.45888590483831,10.041492198403));
#1953=CARTESIAN_POINT('',(-8.93227449970806,-2.63547883074971,10.0145253842597));
#1954=CARTESIAN_POINT('',(-9.13951743236103,-1.78899343459767,9.98755857011641));
#1955=CARTESIAN_POINT('',(-9.2667275738766,-0.926842207185183,9.96059175597313));
#1956=CARTESIAN_POINT('',(-9.31279097236815,-0.0565748216348083,9.93362494182984));
#1957=CARTESIAN_POINT('',(-9.27730426054876,0.814187977477283,9.90665812768655));
#1958=CARTESIAN_POINT('',(-9.16057818793187,1.67782110734477,9.87969131354327));
#1959=CARTESIAN_POINT('',(-8.96363489966454,2.52676191814357,9.85272449939998));
#1960=CARTESIAN_POINT('',(-8.68819898582197,3.35357641753203,9.82575768525669));
#1961=CARTESIAN_POINT('',(-8.33668237954256,4.15102436852512,9.7987908711134));
#1962=CARTESIAN_POINT('',(-7.91216323624753,4.91212269069469,9.77182405697012));
#1963=CARTESIAN_POINT('',(-7.41835897889502,5.63020660950488,9.74485724282683));
#1964=CARTESIAN_POINT('',(-6.85959374530561,6.29898801831127,9.71789042868354));
#1965=CARTESIAN_POINT('',(-6.24076052261629,6.91261054196016,9.69092361454025));
#1966=CARTESIAN_POINT('',(-5.56727830044298,7.46570081980797,9.66395680039696));
#1967=CARTESIAN_POINT('',(-4.84504461795235,7.95341555908628,9.63698998625368));
#1968=CARTESIAN_POINT('',(-4.08038392037809,8.3714839465763,9.61002317211039));
#1969=CARTESIAN_POINT('',(-3.27999217721231,8.716245047203,9.5830563579671));
#1970=CARTESIAN_POINT('',(-2.45087824703898,8.98467986205718,9.55608954382381));
#1971=CARTESIAN_POINT('',(-1.60030250246459,9.17443776512056,9.52912272968053));
#1972=CARTESIAN_POINT('',(-0.735713252594743,9.28385708719287,9.50215591553724));
#1973=CARTESIAN_POINT('',(0.135318480208994,9.31197966677219,9.47518910139395));
#1974=CARTESIAN_POINT('',(1.00516525814572,9.25855924046942,9.44822228725067));
#1975=CARTESIAN_POINT('',(1.8662100198098,9.12406359948385,9.42125547310738));
#1976=CARTESIAN_POINT('',(2.71091278116158,8.90967049325617,9.39428865896409));
#1977=CARTESIAN_POINT('',(3.53187666154813,8.61725731616947,9.3673218448208));
#1978=CARTESIAN_POINT('',(4.32191265659843,8.24938466761,9.34035503067751));
#1979=CARTESIAN_POINT('',(5.07410259079054,7.8092739293482,9.31338821653423));
#1980=CARTESIAN_POINT('',(5.78185969842874,7.30077905659049,9.28642140239094));
#1981=CARTESIAN_POINT('',(6.43898630253602,6.72835282972128,9.25945458824765));
#1982=CARTESIAN_POINT('',(7.03972808658016,6.09700786226155,9.23248777410436));
#1983=CARTESIAN_POINT('',(7.57882448378776,5.41227270648884,9.20552095996107));
#1984=CARTESIAN_POINT('',(8.05155474279746,4.68014344109243,9.17855414581779));
#1985=CARTESIAN_POINT('',(8.45377926626581,3.90703116480008,9.1515873316745));
#1986=CARTESIAN_POINT('',(8.78197586043199,3.09970585576351,9.12462051753121));
#1987=CARTESIAN_POINT('',(9.03327057821211,2.26523708831377,9.09765370338793));
#1988=CARTESIAN_POINT('',(9.20546288573653,1.41093212621728,9.07068688924464));
#1989=CARTESIAN_POINT('',(9.29704493195234,0.544271934536476,9.04372007510135));
#1990=CARTESIAN_POINT('',(9.30721475255113,-0.327154329574415,9.01675326095806));
#1991=CARTESIAN_POINT('',(9.23588329259824,-1.19571577348858,8.98978644681478));
#1992=CARTESIAN_POINT('',(9.08367518636765,-2.05380659119436,8.96281963267149));
#1993=CARTESIAN_POINT('',(8.85192328755382,-2.89391266570487,8.9358528185282));
#1994=CARTESIAN_POINT('',(8.54265699775819,-3.70867736856658,8.90888600438491));
#1995=CARTESIAN_POINT('',(8.15858449545516,-4.49096598027454,8.88191919024163));
#1996=CARTESIAN_POINT('',(7.703069021055,-5.23392816747875,8.85495237609834));
#1997=CARTESIAN_POINT('',(7.18009942572978,-5.9310579698819,8.82798556195505));
#1998=CARTESIAN_POINT('',(6.59425524190052,-6.57625077153634,8.80101874781176));
#1999=CARTESIAN_POINT('',(5.95066658125533,-7.16385675765476,8.77405193366848));
#2000=CARTESIAN_POINT('',(5.25496921146323,-7.68873038882482,8.74708511952519));
#2001=CARTESIAN_POINT('',(4.51325520496718,-8.14627545939256,8.7201183053819));
#2002=CARTESIAN_POINT('',(3.73201959201409,-8.53248534544817,8.69315149123861));
#2003=CARTESIAN_POINT('',(2.91810348507006,-8.84397808997097,8.66618467709533));
#2004=CARTESIAN_POINT('',(2.07863417266783,-9.07802601790072,8.63921786295203));
#2005=CARTESIAN_POINT('',(1.22096270727192,-9.23257962180213,8.61225104880875));
#2006=CARTESIAN_POINT('',(0.352599533691112,-9.30628550896143,8.58528423466546));
#2007=CARTESIAN_POINT('',(-0.51885127827366,-9.29849825275558,8.55831742052218));
#2008=CARTESIAN_POINT('',(-1.3857586210353,-9.20928604451459,8.53135060637889));
#2009=CARTESIAN_POINT('',(-2.24053117319065,-9.03943009638471,8.5043837922356));
#2010=CARTESIAN_POINT('',(-3.07568387509156,-8.79041780042147,8.47741697809231));
#2011=CARTESIAN_POINT('',(-3.88390347390452,-8.46442970381686,8.45045016394903));
#2012=CARTESIAN_POINT('',(-4.65811256419498,-8.06432041431599,8.42348334980574));
#2013=CARTESIAN_POINT('',(-5.39153156324663,-7.59359360303013,8.39651653566245));
#2014=CARTESIAN_POINT('',(-6.07773807841109,-7.05637132354135,8.36954972151916));
#2015=CARTESIAN_POINT('',(-6.71072314662092,-6.45735791596463,8.34258290737587));
#2016=CARTESIAN_POINT('',(-7.28494385358857,-5.8017988120519,8.31561609323259));
#2017=CARTESIAN_POINT('',(-7.79537187191627,-5.09543460207285,8.2886492790893));
#2018=CARTESIAN_POINT('',(-8.23753749307907,-4.34445076569886,8.26168246494601));
#2019=CARTESIAN_POINT('',(-8.60756876770231,-3.5554235070861,8.23471565080273));
#2020=CARTESIAN_POINT('',(-8.90222541139076,-2.73526216846818,8.20774883665944));
#2021=CARTESIAN_POINT('',(-9.11892717920303,-1.89114872653025,8.18078202251615));
#2022=CARTESIAN_POINT('',(-9.25577646030235,-1.03047490138167,8.15381520837286));
#2023=CARTESIAN_POINT('',(-9.31157489492711,-0.160777428850735,8.12684839422957));
#2024=CARTESIAN_POINT('',(-9.28583386816989,0.710327937092306,8.09988158008629));
#2025=CARTESIAN_POINT('',(-9.17877878867324,1.57521311385697,8.072914765943));
#2026=CARTESIAN_POINT('',(-8.99134711477466,2.42630448771341,8.04594795179971));
#2027=CARTESIAN_POINT('',(-8.72518014538523,3.25614923430119,8.01898113765643));
#2028=CARTESIAN_POINT('',(-8.38260864748762,4.0574805814114,7.99201432351314));
#2029=CARTESIAN_POINT('',(-7.9666324461102,4.82328144255017,7.96504750936985));
#2030=CARTESIAN_POINT('',(-7.48089415550361,5.54684586405794,7.93808069522656));
#2031=CARTESIAN_POINT('',(-6.9296472815501,6.22183774770526,7.91111388108327));
#2032=CARTESIAN_POINT('',(-6.31771897472614,6.84234633454417,7.88414706693998));
#2033=CARTESIAN_POINT('',(-5.65046775978245,7.40293796415476,7.8571802527967));
#2034=CARTESIAN_POINT('',(-4.93373661229374,7.89870365604236,7.83021343865341));
#2035=CARTESIAN_POINT('',(-4.17380179297652,8.32530209652543,7.80324662451012));
#2036=CARTESIAN_POINT('',(-3.37731788782208,8.67899765468696,7.77627981036684));
#2037=CARTESIAN_POINT('',(-2.55125953531622,8.95669309449212,7.74931299622355));
#2038=CARTESIAN_POINT('',(-1.70286035102811,9.15595669661894,7.72234618208026));
#2039=CARTESIAN_POINT('',(-0.839549584392407,9.27504355250213,7.69537936793697));
#2040=CARTESIAN_POINT('',(0.0311129376324048,9.31291084412262,7.66841255379369));
#2041=CARTESIAN_POINT('',(0.901503010344916,9.26922697574095,7.6414457396504));
#2042=CARTESIAN_POINT('',(1.76399881482383,9.14437447760998,7.61447892550711));
#2043=CARTESIAN_POINT('',(2.61104766055922,8.93944665623958,7.58751211136382));
#2044=CARTESIAN_POINT('',(3.43523212274112,8.65623802054636,7.56054529722054));
#2045=CARTESIAN_POINT('',(4.22933499505544,8.29722856772454,7.53357848307725));
#2046=CARTESIAN_POINT('',(4.98640248920954,7.86556206644316,7.50661166893396));
#2047=CARTESIAN_POINT('',(5.69980512776275,7.3650185275391,7.47964485479067));
#2048=CARTESIAN_POINT('',(6.36329579703638,6.79998110327403,7.45267804064738));
#2049=CARTESIAN_POINT('',(6.97106445174647,6.17539770501151,7.4257112265041));
#2050=CARTESIAN_POINT('',(7.51778899232243,5.4967376754199,7.39874441236081));
#2051=CARTESIAN_POINT('',(7.99868186938984,4.76994389461334,7.37177759821752));
#2052=CARTESIAN_POINT('',(8.4095320073121,4.00138073962701,7.34481078407424));
#2053=CARTESIAN_POINT('',(8.74674167967527,3.19777835293444,7.31784396993095));
#2054=CARTESIAN_POINT('',(9.00735801380555,2.36617370803533,7.29087715578766));
#2055=CARTESIAN_POINT('',(9.18909884844105,1.51384898819009,7.26391034164437));
#2056=CARTESIAN_POINT('',(9.2903727181278,0.648267817905093,7.23694352750108));
#2057=CARTESIAN_POINT('',(9.31029278934092,-0.222990094424053,7.2099767133578));
#2058=CARTESIAN_POINT('',(9.2486846262953,-1.09229533039093,7.18300989921451));
#2059=CARTESIAN_POINT('',(9.1060877184423,-1.95203557075661,7.15604308507122));
#2060=CARTESIAN_POINT('',(8.88375075627653,-2.79468225489426,7.12907627092793));
#2061=CARTESIAN_POINT('',(8.58362069682137,-3.61285650677751,7.10210945678465));
#2062=CARTESIAN_POINT('',(8.20832571454446,-4.39939375021296,7.07514264264136));
#2063=CARTESIAN_POINT('',(7.76115218699843,-5.14740644749511,7.04817582849807));
#2064=CARTESIAN_POINT('',(7.24601591671848,-5.85034441209465,7.02120901435478));
#2065=CARTESIAN_POINT('',(6.66742784138069,-6.50205216723508,6.9942422002115));
#2066=CARTESIAN_POINT('',(6.03045453248958,-7.09682284808073,6.96727538606821));
#2067=CARTESIAN_POINT('',(5.34067382849975,-7.62944817552637,6.94030857192492));
#2068=CARTESIAN_POINT('',(4.60412599088251,-8.0952640639787,6.91334175778163));
#2069=CARTESIAN_POINT('',(3.82726081085352,-8.49019146375213,6.88637494363834));
#2070=CARTESIAN_POINT('',(3.01688112993646,-8.81077208043075,6.85940812949506));
#2071=CARTESIAN_POINT('',(2.18008326894092,-9.05419865840974,6.83244131535177));
#2072=CARTESIAN_POINT('',(1.32419488700523,-9.21833956342974,6.80547450120848));
#2073=CARTESIAN_POINT('',(0.456710814859285,-9.30175744884026,6.7785076870652));
#2074=CARTESIAN_POINT('',(-0.414772575798424,-9.30372184213556,6.75154087292191));
#2075=CARTESIAN_POINT('',(-1.28262389209618,-9.22421554154546,6.72457405877862));
#2076=CARTESIAN_POINT('',(-2.13924354645734,-9.06393476666759,6.69760724463533));
#2077=CARTESIAN_POINT('',(-2.97713030455644,-8.82428306182188,6.67064043049204));
#2078=CARTESIAN_POINT('',(-3.78894697201708,-8.50735900551443,6.64367361634876));
#2079=CARTESIAN_POINT('',(-4.56758464464716,-8.11593783363624,6.61670680220547));
#2080=CARTESIAN_POINT('',(-5.30622495958601,-7.65344713731866,6.58973998806218));
#2081=CARTESIAN_POINT('',(-5.99839980224346,-7.12393684825394,6.5627731739189));
#2082=CARTESIAN_POINT('',(-6.63804794619014,-6.53204377431334,6.53580635977561));
#2083=CARTESIAN_POINT('',(-7.21956813001536,-5.88295099601647,6.50883954563232));
#2084=CARTESIAN_POINT('',(-7.73786810637035,-5.18234247940845,6.48187273148903));
#2085=CARTESIAN_POINT('',(-8.18840923368445,-4.43635330279004,6.45490591734575));
#2086=CARTESIAN_POINT('',(-8.56724622007458,-3.65151593315469,6.42793910320246));
#2087=CARTESIAN_POINT('',(-8.87106167141887,-2.83470302277819,6.40097228905917));
#2088=CARTESIAN_POINT('',(-9.09719514106445,-1.99306722687872,6.37400547491588));
#2089=CARTESIAN_POINT('',(-9.24366642678739,-1.13397856935149,6.34703866077259));
#2090=CARTESIAN_POINT('',(-9.30919291099821,-0.264959905052358,6.32007184662931));
#2091=CARTESIAN_POINT('',(-9.29320079234871,0.606378956226293,6.29310503248602));
#2092=CARTESIAN_POINT('',(-9.19583011038704,1.47240788722548,6.26613821834273));
#2093=CARTESIAN_POINT('',(-9.01793351926154,2.32554325860519,6.23917140419945));
#2094=CARTESIAN_POINT('',(-8.76106882121141,3.15831434715768,6.21220459005616));
#2095=CARTESIAN_POINT('',(-8.4274853252272,3.963428755326,6.18523777591287));
#2096=CARTESIAN_POINT('',(-8.02010415033498,4.73383626916314,6.15827096176958));
#2097=CARTESIAN_POINT('',(-7.54249264598453,5.46279059554126,6.13130414762629));
#2098=CARTESIAN_POINT('',(-6.99883315353637,6.14390843799165,6.10433733348301));
#2099=CARTESIAN_POINT('',(-6.39388638239674,6.77122539386086,6.07737051933972));
#2100=CARTESIAN_POINT('',(-5.73294972150794,7.33924818330371,6.05040370519643));
#2101=CARTESIAN_POINT('',(-5.02181085125104,7.84300275275497,6.02343689105314));
#2102=CARTESIAN_POINT('',(-4.26669706197198,8.27807783164814,5.99647007690985));
#2103=CARTESIAN_POINT('',(-3.47422072293748,8.64066356096431,5.96950326276657));
#2104=CARTESIAN_POINT('',(-2.65132137923759,8.92758485534932,5.94253644862328));
#2105=CARTESIAN_POINT('',(-1.80520498367987,9.13632920665417,5.91556963447999));
#2106=CARTESIAN_POINT('',(-0.943280795808354,9.26506868542937,5.88860282033671));
#2107=CARTESIAN_POINT('',(-0.0730965006091231,9.31267594771038,5.86163600619342));
#2108=CARTESIAN_POINT('',(0.797727884946018,9.27873410692667,5.83466919205013));
#2109=CARTESIAN_POINT('',(1.6615667387515,9.16354038448783,5.80770237790684));
#2110=CARTESIAN_POINT('',(2.51085560950289,8.96810350707956,5.78073556376355));
#2111=CARTESIAN_POINT('',(3.33815745697229,8.69413487346068,5.75376874962027));
#2112=CARTESIAN_POINT('',(4.13622777657221,8.34403356811185,5.72680193547698));
#2113=CARTESIAN_POINT('',(4.89807803792628,7.92086535296801,5.69983512133369));
#2114=CARTESIAN_POINT('',(5.61703688192869,7.42833582119963,5.67286830719041));
#2115=CARTESIAN_POINT('',(6.28680854040305,6.87075794812916,5.64590149304712));
#2116=CARTESIAN_POINT('',(6.901527966792,6.25301432343255,5.61893467890383));
#2117=CARTESIAN_POINT('',(7.45581219511027,5.5805143953501,5.59196786476054));
#2118=CARTESIAN_POINT('',(7.9448074774216,4.85914710131013,5.56500105061725));
#2119=CARTESIAN_POINT('',(8.3642317870669,4.09522929976874,5.53803423647397));
#2120=CARTESIAN_POINT('',(8.71041231545206,3.29545045483706,5.51106742233068));
#2121=CARTESIAN_POINT('',(8.98031763404388,2.46681405808085,5.48410060818739));
#2122=CARTESIAN_POINT('',(9.17158423993866,1.61657630044904,5.4571337940441));
#2123=CARTESIAN_POINT('',(9.28253725254951,0.752182531368156,5.43016697990082));
#2124=CARTESIAN_POINT('',(9.31220508017586,-0.118797938583501,5.40320016575753));
#2125=CARTESIAN_POINT('',(9.26032792802335,-0.988738120502822,5.37623335161424));
#2126=CARTESIAN_POINT('',(9.12736007317103,-1.85002013506556,5.34926653747095));
#2127=CARTESIAN_POINT('',(8.91446588656454,-2.69510192065938,5.32229972332767));
#2128=CARTESIAN_POINT('',(8.62350963686982,-3.51658327759747,5.29533290918438));
#2129=CARTESIAN_POINT('',(8.25703916547283,-4.30727067007781,5.26836609504109));
#2130=CARTESIAN_POINT('',(7.81826357557978,-5.06024021843105,5.2413992808978));
#2131=CARTESIAN_POINT('',(7.31102513078961,-5.76889833004773,5.21443246675452));
#2132=CARTESIAN_POINT('',(6.73976560921687,-6.42703943805251,5.18746565261123));
#2133=CARTESIAN_POINT('',(6.10948740779484,-7.02890034212046,5.16049883846794));
#2134=CARTESIAN_POINT('',(5.42570973736,-7.56921067558445,5.13353202432465));
#2135=CARTESIAN_POINT('',(4.69442029210816,-8.04323905690412,5.10656521018137));
#2136=CARTESIAN_POINT('',(3.92202281664248,-8.44683452135772,5.07959839603808));
#2137=CARTESIAN_POINT('',(3.11528102975735,-8.7764628701487,5.05263158189479));
#2138=CARTESIAN_POINT('',(2.28125939600568,-9.02923761862542,5.0256647677515));
#2139=CARTESIAN_POINT('',(1.42726126370013,-9.20294527260734,4.99869795360822));
#2140=CARTESIAN_POINT('',(0.560764911060562,-9.29606471147808,4.97173113946493));
#2141=CARTESIAN_POINT('',(-0.310641939462099,-9.30778050831196,4.94476432532164));
#2142=CARTESIAN_POINT('',(-1.17932856524166,-9.23799007039247,4.91779751117835));
#2143=CARTESIAN_POINT('',(-2.03768806407575,-9.08730453759463,4.89083069703507));
#2144=CARTESIAN_POINT('',(-2.87820396619456,-8.85704343076439,4.86386388289178));
#2145=CARTESIAN_POINT('',(-3.69351605437219,-8.54922309695797,4.83689706874849));
#2146=CARTESIAN_POINT('',(-4.47648481576809,-8.16653905272377,4.8099302546052));
#2147=CARTESIAN_POINT('',(-5.22025396110751,-7.71234238004292,4.78296344046192));
#2148=CARTESIAN_POINT('',(-5.91831046373406,-7.19061038162413,4.75599662631863));
#2149=CARTESIAN_POINT('',(-6.56454159278528,-6.60591175251811,4.72902981217534));
#2150=CARTESIAN_POINT('',(-7.15328844106387,-5.9633665730363,4.70206299803205));
#2151=CARTESIAN_POINT('',(-7.67939547887258,-5.26860147330733,4.67509618388877));
#2152=CARTESIAN_POINT('',(-8.13825569988044,-4.52770036208539,4.64812936974548));
#2153=CARTESIAN_POINT('',(-8.52585096368771,-3.74715115126813,4.62116255560219));
#2154=CARTESIAN_POINT('',(-8.83878718181829,-2.93378894264555,4.59419574145891));
#2155=CARTESIAN_POINT('',(-9.07432403902358,-2.09473617438176,4.56722892731561));
#2156=CARTESIAN_POINT('',(-9.23039898963445,-1.23734025135373,4.54026211317233));
#2157=CARTESIAN_POINT('',(-9.30564531883073,-0.369109205504893,4.51329529902904));
#2158=CARTESIAN_POINT('',(-9.29940411066933,0.50235405037797,4.48632848488576));
#2159=CARTESIAN_POINT('',(-9.2117300180696,1.36941829973905,4.45936167074246));
#2160=CARTESIAN_POINT('',(-9.0433907842295,2.2244908471778,4.43239485659918));
#2161=CARTESIAN_POINT('',(-8.79586051966325,3.06008400605181,4.40542804245589));
#2162=CARTESIAN_POINT('',(-8.47130679373226,3.86888066654046,4.3784612283126));
#2163=CARTESIAN_POINT('',(-8.07257165370569,4.64379837000403,4.35149441416932));
#2164=CARTESIAN_POINT('',(-7.60314673756303,5.37805132855288,4.32452760002603));
#2165=CARTESIAN_POINT('',(-7.0671426984702,6.06520984673442,4.29756078588274));
#2166=CARTESIAN_POINT('',(-6.46925320867269,6.69925662499526,4.27059397173945));
#2167=CARTESIAN_POINT('',(-5.81471385801585,7.27463945188098,4.24362715759617));
#2168=CARTESIAN_POINT('',(-5.10925630700911,7.78631982355929,4.21666034345288));
#2169=CARTESIAN_POINT('',(-4.35905809590598,8.22981706491592,4.18969352930959));
#2170=CARTESIAN_POINT('',(-3.57068854931087,8.60124756586421,4.1627267151663));
#2171=CARTESIAN_POINT('',(-2.75105125001453,8.89735878928451,4.13575990102302));
#2172=CARTESIAN_POINT('',(-1.90732358580229,9.11555775279314,4.10879308687972));
#2173=CARTESIAN_POINT('',(-1.04689389861087,9.25393373493219,4.08182627273644));
#2174=CARTESIAN_POINT('',(-0.177296786404877,9.31127500694697,4.05485945859315));
#2175=CARTESIAN_POINT('',(0.693852875679236,9.28707944363438,4.02789264444986));
#2176=CARTESIAN_POINT('',(1.55892661715919,9.18155892034557,4.00092583030658));
#2177=CARTESIAN_POINT('',(2.41034917308444,8.99563745763889,3.97395901616329));
#2178=CARTESIAN_POINT('',(3.24066481900428,8.7309431298304,3.94699220202));
#2179=CARTESIAN_POINT('',(4.04260265914553,8.38979380829674,3.92002538787671));
#2180=CARTESIAN_POINT('',(4.80914029608508,7.97517686437332,3.89305857373343));
#2181=CARTESIAN_POINT('',(5.53356532437593,7.49072300958519,3.86609175959014));
#2182=CARTESIAN_POINT('',(6.2095341096399,6.94067450228603,3.83912494544685));
#2183=CARTESIAN_POINT('',(6.83112733841137,6.32984799911289,3.81215813130356));
#2184=CARTESIAN_POINT('',(7.39290185229401,5.6635923765586,3.78519131716028));
#2185=CARTESIAN_POINT('',(7.88993831252962,4.94774189200912,3.75822450301699));
#2186=CARTESIAN_POINT('',(8.31788427759119,4.18856509440477,3.7312576888737));
#2187=CARTESIAN_POINT('',(8.67299231657841,3.39270993190349,3.70429087473042));
#2188=CARTESIAN_POINT('',(8.95215282466522,2.56714553722674,3.67732406058712));
#2189=CARTESIAN_POINT('',(9.1529212532414,1.71910120046107,3.65035724644384));
#2190=CARTESIAN_POINT('',(9.27353951629963,0.856003063717577,3.62339043230055));
#2191=CARTESIAN_POINT('',(9.31295138561716,-0.014590907999535,3.59642361815727));
#2192=CARTESIAN_POINT('',(9.27081173991937,-0.885057110269181,3.56945680401397));
#2193=CARTESIAN_POINT('',(9.14748958703274,-1.74777305751989,3.54248998987069));
#2194=CARTESIAN_POINT('',(8.94406483256254,-2.59518413149875,3.5155231757274));
#2195=CARTESIAN_POINT('',(8.66231882339136,-3.41986973544088,3.48855636158411));
#2196=CARTESIAN_POINT('',(8.30471874880714,-4.21460827464144,3.46158954744083));
#2197=CARTESIAN_POINT('',(7.87439603585637,-4.97244039440938,3.43462273329754));
#2198=CARTESIAN_POINT('',(7.37511892811018,-5.68672992164177,3.40765591915425));
#2199=CARTESIAN_POINT('',(6.81125948796456,-6.35122197636624,3.38068910501096));
#2200=CARTESIAN_POINT('',(6.18775531142917,-6.96009774438153,3.35372229086768));
#2201=CARTESIAN_POINT('',(5.51006629065951,-7.5080254313636,3.32675547672439));
#2202=CARTESIAN_POINT('',(4.784126802854,-7.9902069522434,3.2997886625811));
#2203=CARTESIAN_POINT('',(4.01629374418753,-8.40241994700722,3.27282184843781));
#2204=CARTESIAN_POINT('',(3.21329086383694,-8.74105475499649,3.24585503429453));
#2205=CARTESIAN_POINT('',(2.38214988555367,-9.00314602393082,3.21888822015123));
#2206=CARTESIAN_POINT('',(1.53014893236916,-9.18639867686104,3.19192140600795));
#2207=CARTESIAN_POINT('',(0.664748793634675,-9.28920800966509,3.16495459186467));
#2208=CARTESIAN_POINT('',(-0.206472407508577,-9.31067374309735,3.13798777772137));
#2209=CARTESIAN_POINT('',(-1.07588557412615,-9.25060790634064,3.11102096357809));
#2210=CARTESIAN_POINT('',(-1.93587744185359,-9.1095364830263,3.0840541494348));
#2211=CARTESIAN_POINT('',(-2.77891724661731,-8.88869480530846,3.05708733529151));
#2212=CARTESIAN_POINT('',(-3.59762266991805,-8.59001673632575,3.03012052114822));
#2213=CARTESIAN_POINT('',(-4.38482448420839,-8.21611773577712,3.00315370700494));
#2214=CARTESIAN_POINT('',(-5.13362933227859,-7.77027195690303,2.97618689286165));
#2215=CARTESIAN_POINT('',(-5.83748009090503,-7.25638357542875,2.94922007871836));
#2216=CARTESIAN_POINT('',(-6.49021329016998,-6.67895260153609,2.92225326457508));
#2217=CARTESIAN_POINT('',(-7.0861130856438,-6.04303547424077,2.89528645043179));
#2218=CARTESIAN_POINT('',(-7.619961310807,-5.354200783242,2.8683196362885));
#2219=CARTESIAN_POINT('',(-8.08708317141362,-4.61848050597849,2.84135282214521));
#2220=CARTESIAN_POINT('',(-8.48338818166041,-3.84231718689767,2.81438600800193));
#2221=CARTESIAN_POINT('',(-8.80540598369243,-3.03250752147761,2.78741919385863));
#2222=CARTESIAN_POINT('',(-9.05031673678141,-2.19614283902463,2.76045237971535));
#2223=CARTESIAN_POINT('',(-9.21597581006532,-1.34054700542562,2.73348556557206));
#2224=CARTESIAN_POINT('',(-9.30093256262028,-0.473212289627508,2.70651875142878));
#2225=CARTESIAN_POINT('',(-9.30444304641146,0.398266244552668,2.67955193728548));
#2226=CARTESIAN_POINT('',(-9.22647652088631,1.26625724677032,2.6525851231422));
#2227=CARTESIAN_POINT('',(-9.06771572216292,2.12315990624921,2.62561830899891));
#2228=CARTESIAN_POINT('',(-8.82955088445651,2.96147051044884,2.59865149485562));
#2229=CARTESIAN_POINT('',(-8.51406756609698,3.77384815346355,2.57168468071234));
#2230=CARTESIAN_POINT('',(-8.12402838674259,4.5531790187588,2.54471786656905));
#2231=CARTESIAN_POINT('',(-7.66284883571297,5.29263867333462,2.51775105242576));
#2232=CARTESIAN_POINT('',(-7.13456736328269,5.98575182781964,2.49078423828247));
#2233=CARTESIAN_POINT('',(-6.54381001683969,6.62644903918933,2.46381742413919));
#2234=CARTESIAN_POINT('',(-5.89574993158182,7.20911985957494,2.4368506099959));
#2235=CARTESIAN_POINT('',(-5.19606203048304,7.72866196575042,2.40988379585261));
#2236=CARTESIAN_POINT('',(-4.45087333021185,8.18052583908111,2.38291698170932));
#2237=CARTESIAN_POINT('',(-3.66670928816228,8.56075460468113,2.35595016756604));
#2238=CARTESIAN_POINT('',(-2.85043666042505,8.86601868091702,2.32898335342275));
#2239=CARTESIAN_POINT('',(-2.00920337107933,9.09364493583888,2.30201653927946));
#2240=CARTESIAN_POINT('',(-1.15037591935687,9.24164009522274,2.27504972513618));
#2241=CARTESIAN_POINT('',(-0.281474872790389,9.30870819724479,2.24808291099289));
#2242=CARTESIAN_POINT('',(0.589890988780948,9.29426194094075,2.22111609684961));
#2243=CARTESIAN_POINT('',(1.4560913016624,9.19842782907426,2.19414928270632));
#2244=CARTESIAN_POINT('',(2.30954093575962,9.02204506037934,2.16718246856304));
#2245=CARTESIAN_POINT('',(3.14276641593374,8.76665818087735,2.14021565441975));
#2246=CARTESIAN_POINT('',(3.94847136561798,8.43450355861918,2.11324884027647));
#2247=CARTESIAN_POINT('',(4.71960039962012,8.02848980029061,2.08628202613318));
#2248=CARTESIAN_POINT('',(5.44940090661521,7.55217228116825,2.05931521198989));
#2249=CARTESIAN_POINT('',(6.13148218031261,7.00972201146191,2.03234839784661));
#2250=CARTESIAN_POINT('',(6.75987138149839,6.40588911167402,2.00538158370333));
#2251=CARTESIAN_POINT('',(7.32906584090542,5.74596121681465,1.97841476956004));
#2252=CARTESIAN_POINT('',(7.83408124490624,5.03571717371747,1.95144795541675));
#2253=CARTESIAN_POINT('',(8.27049528207703,4.28137643691913,1.92448114127347));
#2254=CARTESIAN_POINT('',(8.63448636842882,3.48954460623183,1.89751432713018));
#2255=CARTESIAN_POINT('',(8.92286711219772,2.66715558292445,1.8705475129869));
#2256=CARTESIAN_POINT('',(9.13311222514997,1.82141085103849,1.84358069884361));
#2257=CARTESIAN_POINT('',(9.26338063598866,0.959716415539038,1.81661388470032));
#2258=CARTESIAN_POINT('',(9.31253161221956,0.089617949519985,1.78964707055704));
#2259=CARTESIAN_POINT('',(9.28013474930064,-0.781265281634556,1.76268025641376));
#2260=CARTESIAN_POINT('',(9.16647373960217,-1.64530714052074,1.73571344227047));
#2261=CARTESIAN_POINT('',(8.97254388817357,-2.49494139816225,1.70874662812718));
#2262=CARTESIAN_POINT('',(8.70004339707087,-3.32272798985237,1.6817798139839));
#2263=CARTESIAN_POINT('',(8.35135849456602,-4.12141816620259,1.65481299984061));
#2264=CARTESIAN_POINT('',(7.9295425394585,-4.8840179688841,1.62784618569733));
#2265=CARTESIAN_POINT('',(7.43828928346805,-5.60384947521871,1.60087937155404));
#2266=CARTESIAN_POINT('',(6.88190052584429,-6.27460927531339,1.57391255741076));
#2267=CARTESIAN_POINT('',(6.26524844343458,-6.89042366966685,1.54694574326747));
#2268=CARTESIAN_POINT('',(5.59373292607788,-7.44590010389455,1.51997892912419));
#2269=CARTESIAN_POINT('',(4.8732342909292,-7.93617439016914,1.4930121149809));
#2270=CARTESIAN_POINT('',(4.11006178978531,-8.35695330186854,1.46604530083761));
#2271=CARTESIAN_POINT('',(3.31089836032183,-8.70455216843939,1.43907848669433));
#2272=CARTESIAN_POINT('',(2.48274210504345,-8.97592714126564,1.41211167255104));
#2273=CARTESIAN_POINT('',(1.63284501040331,-9.16870184799711,1.38514485840776));
#2274=CARTESIAN_POINT('',(0.768649442715279,-9.28118820193181,1.35817804426447));
#2275=CARTESIAN_POINT('',(-0.102277023049372,-9.31240118422853,1.33121123012119));
#2276=CARTESIAN_POINT('',(-0.972307870890599,-9.26206746950533,1.3042444159779));
#2277=CARTESIAN_POINT('',(-1.83382442754215,-9.1306278192912,1.27727760183462));
#2278=CARTESIAN_POINT('',(-2.679282577557,-8.91923322237199,1.25031078769133));
#2279=CARTESIAN_POINT('',(-3.50127882550594,-8.62973481582884,1.22334397354804));
#2280=CARTESIAN_POINT('',(-4.29261512679694,-8.26466767502837,1.19637715940476));
#2281=CARTESIAN_POINT('',(-5.0463619194056,-7.82722861451215,1.16941034526147));
#2282=CARTESIAN_POINT('',(-5.75591880456144,-7.3212481941784,1.14244353111818));
#2283=CARTESIAN_POINT('',(-6.4150723450223,-6.7511571758918,1.11547671697491));
#2284=CARTESIAN_POINT('',(-7.0180504748096,-6.1219477242531,1.08850990283162));
#2285=CARTESIAN_POINT('',(-7.55957304395084,-5.43912969128726,1.06154308868833));
#2286=CARTESIAN_POINT('',(-8.03489805561721,-4.70868236784795,1.03457627454505));
#2287=CARTESIAN_POINT('',(-8.43986319077711,-3.93700212426952,1.00760946040176));
#2288=CARTESIAN_POINT('',(-8.77092225670845,-3.13084639865955,0.980642646258474));
#2289=CARTESIAN_POINT('',(-9.02517624032662,-2.2972745237121,0.953675832115188));
#2290=CARTESIAN_POINT('',(-9.20039869392114,-1.44358590872433,0.926709017971901));
#2291=CARTESIAN_POINT('',(-9.29505523279306,-0.577256123682606,0.899742203828621));
#2292=CARTESIAN_POINT('',(-9.30831696737858,0.2941285755573,0.872775389685333));
#2293=CARTESIAN_POINT('',(-9.24006777715821,1.1629376304925,0.845808575542048));
#2294=CARTESIAN_POINT('',(-9.09090526964803,2.02156317823943,0.818841761398755));
#2295=CARTESIAN_POINT('',(-8.93839226533741,2.5821783950985,0.800863885303223));
#2296=CARTESIAN_POINT('',(-8.84920172739645,2.85830851163485,0.791874947255454));
#2297=CARTESIAN_POINT('',(7.01050254006264,6.4041979431818,19.9869888211047));
#2298=CARTESIAN_POINT('',(7.2103388618968,6.18544251834259,19.9779998830569));
#2299=CARTESIAN_POINT('',(7.58951814602681,5.72921127479009,19.9600220069614));
#2300=CARTESIAN_POINT('',(8.09182752922657,4.99469467709569,19.9330551928181));
#2301=CARTESIAN_POINT('',(8.52327845315817,4.21644068049794,19.9060883786748));
#2302=CARTESIAN_POINT('',(8.88009287537309,3.40126419983224,19.8791215645315));
#2303=CARTESIAN_POINT('',(9.15914622701075,2.5563035841016,19.8521547503883));
#2304=CARTESIAN_POINT('',(9.35799490359547,1.68895796559781,19.825187936245));
#2305=CARTESIAN_POINT('',(9.47489762842477,0.806822505308428,19.7982211221017));
#2306=CARTESIAN_POINT('',(9.50883070986171,-0.0823781264638945,19.7712543079584));
#2307=CARTESIAN_POINT('',(9.45949700308904,-0.970857390650477,19.7442874938151));
#2308=CARTESIAN_POINT('',(9.32732851281076,-1.85083506519821,19.7173206796718));
#2309=CARTESIAN_POINT('',(9.11348261010061,-2.71460537460703,19.6903538655285));
#2310=CARTESIAN_POINT('',(8.81983189760019,-3.55460446780343,19.6633870513852));
#2311=CARTESIAN_POINT('',(8.44894781152696,-4.36347665314563,19.6364202372419));
#2312=CARTESIAN_POINT('',(8.00407810416303,-5.13413881063916,19.6094534230987));
#2313=CARTESIAN_POINT('',(7.48911840398505,-5.85984241729637,19.5824866089554));
#2314=CARTESIAN_POINT('',(6.90857810248264,-6.53423264250292,19.5555197948121));
#2315=CARTESIAN_POINT('',(6.26754086638556,-7.1514039959046,19.5285529806688));
#2316=CARTESIAN_POINT('',(5.57162012108607,-7.70595204051792,19.5015861665255));
#2317=CARTESIAN_POINT('',(4.82690989507844,-8.19302071822397,19.4746193523822));
#2318=CARTESIAN_POINT('',(4.03993145586034,-8.60834487322641,19.447652538239));
#2319=CARTESIAN_POINT('',(3.217576204594,-8.94828760110469,19.4206857240957));
#2320=CARTESIAN_POINT('',(2.36704532958639,-9.20987209640485,19.3937189099524));
#2321=CARTESIAN_POINT('',(1.49578674702994,-9.3908077198856,19.3667520958091));
#2322=CARTESIAN_POINT('',(0.611429881200093,-9.48951005715411,19.3397852816658));
#2323=CARTESIAN_POINT('',(-0.278281144774354,-9.50511479304256,19.3128184675225));
#2324=CARTESIAN_POINT('',(-1.16555532253422,-9.4374852802304,19.2858516533792));
#2325=CARTESIAN_POINT('',(-2.04262298267673,-9.28721373583564,19.2588848392359));
#2326=CARTESIAN_POINT('',(-2.90180383208171,-9.05561605549668,19.2319180250927));
#2327=CARTESIAN_POINT('',(-3.73557420858881,-8.74472029035689,19.2049512109494));
#2328=CARTESIAN_POINT('',(-4.5366329640911,-8.3572488878563,19.1779843968061));
#2329=CARTESIAN_POINT('',(-5.29796539912087,-7.89659485184414,19.1510175826628));
#2330=CARTESIAN_POINT('',(-6.01290468906623,-7.36679203077287,19.1240507685195));
#2331=CARTESIAN_POINT('',(-6.67519026412231,-6.7724797941537,19.0970839543762));
#2332=CARTESIAN_POINT('',(-7.27902263175637,-6.11886240659421,19.0701171402329));
#2333=CARTESIAN_POINT('',(-7.8191141616183,-5.41166345517102,19.0431503260896));
#2334=CARTESIAN_POINT('',(-8.29073538818384,-4.65707572920706,19.0161835119463));
#2335=CARTESIAN_POINT('',(-8.68975642566845,-3.86170699134558,18.9892166978031));
#2336=CARTESIAN_POINT('',(-9.01268313255,-3.03252211479193,18.9622498836598));
#2337=CARTESIAN_POINT('',(-9.25668770901567,-2.17678209341485,18.9352830695165));
#2338=CARTESIAN_POINT('',(-9.41963345939753,-1.30198045878266,18.9083162553732));
#2339=CARTESIAN_POINT('',(-9.50009350275753,-0.415777660916869,18.8813494412299));
#2340=CARTESIAN_POINT('',(-9.49736326777747,0.474066012623379,18.8543826270866));
#2341=CARTESIAN_POINT('',(-9.41146666253865,1.35975839191265,18.8274158129433));
#2342=CARTESIAN_POINT('',(-9.24315586516399,2.23354365901765,18.8004489988));
#2343=CARTESIAN_POINT('',(-8.99390473715569,3.08777026402902,18.7734821846568));
#2344=CARTESIAN_POINT('',(-8.6658959171067,3.91495792804047,18.7465153705135));
#2345=CARTESIAN_POINT('',(-8.26200170780328,4.70786314634453,18.7195485563702));
#2346=CARTESIAN_POINT('',(-7.78575892408649,5.45954261824751,18.6925817422269));
#2347=CARTESIAN_POINT('',(-7.24133792172424,6.16341404806231,18.6656149280836));
#2348=CARTESIAN_POINT('',(-6.63350607850154,6.81331378485803,18.6386481139403));
#2349=CARTESIAN_POINT('',(-5.96758604731723,7.40355079622731,18.611681299797));
#2350=CARTESIAN_POINT('',(-5.24940914685575,7.92895650343477,18.5847144856537));
#2351=CARTESIAN_POINT('',(-4.48526429798185,8.3849300415509,18.5577476715105));
#2352=CARTESIAN_POINT('',(-3.6818429530114,8.76747854823801,18.5307808573672));
#2353=CARTESIAN_POINT('',(-2.84618050010065,9.07325212838816,18.5038140432239));
#2354=CARTESIAN_POINT('',(-1.98559465586321,9.29957318843509,18.4768472290806));
#2355=CARTESIAN_POINT('',(-1.10762138569739,9.44445988346603,18.4498804149373));
#2356=CARTESIAN_POINT('',(-0.219948912955843,9.50664347181185,18.422913600794));
#2357=CARTESIAN_POINT('',(0.669649605175054,9.48557942514542,18.3959467866507));
#2358=CARTESIAN_POINT('',(1.55338414554314,9.38145219679921,18.3689799725075));
#2359=CARTESIAN_POINT('',(2.42351603459003,9.19517360654699,18.3420131583642));
#2360=CARTESIAN_POINT('',(3.27242571425334,8.92837485599406,18.3150463442209));
#2361=CARTESIAN_POINT('',(4.09267946480007,8.58339224449502,18.2880795300776));
#2362=CARTESIAN_POINT('',(4.87709450031366,8.16324671068219,18.2611127159343));
#2363=CARTESIAN_POINT('',(5.61880186680757,7.67161737875483,18.234145901791));
#2364=CARTESIAN_POINT('',(6.31130659217992,7.11280934117875,18.2071790876477));
#2365=CARTESIAN_POINT('',(6.94854456128923,6.49171595991623,18.1802122735044));
#2366=CARTESIAN_POINT('',(7.52493561810824,5.81377601630638,18.1532454593612));
#2367=CARTESIAN_POINT('',(8.03543242995168,5.08492608482505,18.1262786452179));
#2368=CARTESIAN_POINT('',(8.47556468588455,4.31154854777725,18.0993118310746));
#2369=CARTESIAN_POINT('',(8.84147824227479,3.50041570614617,18.0723450169313));
#2370=CARTESIAN_POINT('',(9.12996887270131,2.658630476008,18.045378202788));
#2371=CARTESIAN_POINT('',(9.33851032667649,1.79356418982146,18.0184113886447));
#2372=CARTESIAN_POINT('',(9.46527645147914,0.912792047252685,17.9914445745014));
#2373=CARTESIAN_POINT('',(9.50915718338164,0.0240267807788167,17.9644777603581));
#2374=CARTESIAN_POINT('',(9.46976826823959,-0.864948883053775,17.9375109462149));
#2375=CARTESIAN_POINT('',(9.34745462632278,-1.74635037529424,17.9105441320716));
#2376=CARTESIAN_POINT('',(9.14328733192252,-2.61245945238554,17.8835773179283));
#2377=CARTESIAN_POINT('',(8.85905423418412,-3.45569178316555,17.856610503785));
#2378=CARTESIAN_POINT('',(8.49724430129586,-4.26866336322605,17.8296436896417));
#2379=CARTESIAN_POINT('',(8.06102582512926,-5.04425517505335,17.8026768754984));
#2380=CARTESIAN_POINT('',(7.55421867718755,-5.77567552773562,17.7757100613551));
#2381=CARTESIAN_POINT('',(6.98126085881144,-6.45651953034146,17.7487432472118));
#2382=CARTESIAN_POINT('',(6.34716963855454,-7.08082517817414,17.7217764330685));
#2383=CARTESIAN_POINT('',(5.65749761704029,-7.64312556076615,17.6948096189253));
#2384=CARTESIAN_POINT('',(4.91828410403091,-8.13849673443999,17.667842804782));
#2385=CARTESIAN_POINT('',(4.13600223348893,-8.56260084022535,17.6408759906387));
#2386=CARTESIAN_POINT('',(3.31750227973343,-8.91172408955848,17.6139091764954));
#2387=CARTESIAN_POINT('',(2.46995167105915,-9.18280928513085,17.5869423623521));
#2388=CARTESIAN_POINT('',(1.60077222610633,-9.37348259210951,17.5599755482088));
#2389=CARTESIAN_POINT('',(0.717575162589001,-9.4820743252987,17.5330087340655));
#2390=CARTESIAN_POINT('',(-0.171905552503796,-9.50763357021461,17.5060419199223));
#2391=CARTESIAN_POINT('',(-1.0598809275958,-9.44993651003921,17.479075105779));
#2392=CARTESIAN_POINT('',(-1.93857515304981,-9.30948838553608,17.4521082916357));
#2393=CARTESIAN_POINT('',(-2.80029369226257,-9.08751907076557,17.4251414774924));
#2394=CARTESIAN_POINT('',(-3.63749066106914,-8.78597230334174,17.3981746633491));
#2395=CARTESIAN_POINT('',(-4.44283490542979,-8.40748866353967,17.3712078492058));
#2396=CARTESIAN_POINT('',(-5.20927419877135,-7.95538245130104,17.3442410350625));
#2397=CARTESIAN_POINT('',(-5.93009699682055,-7.43361266362146,17.3172742209192));
#2398=CARTESIAN_POINT('',(-6.59899120915573,-6.84674832646409,17.290307406776));
#2399=CARTESIAN_POINT('',(-7.21009947282694,-6.19992848478062,17.2633405926327));
#2400=CARTESIAN_POINT('',(-7.75807044402519,-5.49881720099843,17.2363737784894));
#2401=CARTESIAN_POINT('',(-8.23810565865084,-4.74955395604244,17.2094069643461));
#2402=CARTESIAN_POINT('',(-8.64600155143306,-3.95869988721934,17.1824401502028));
#2403=CARTESIAN_POINT('',(-8.97818626564809,-3.13318033374738,17.1554733360595));
#2404=CARTESIAN_POINT('',(-9.23175093110135,-2.28022419304832,17.1285065219162));
#2405=CARTESIAN_POINT('',(-9.40447513647896,-1.40730061884532,17.1015397077729));
#2406=CARTESIAN_POINT('',(-9.49484637301276,-0.522053615388081,17.0745728936296));
#2407=CARTESIAN_POINT('',(-9.50207327919467,0.367764899450593,17.0476060794864));
#2408=CARTESIAN_POINT('',(-9.42609257055949,1.25436297605462,17.0206392653431));
#2409=CARTESIAN_POINT('',(-9.26756959385331,2.12997686549384,16.9936724511998));
#2410=CARTESIAN_POINT('',(-9.02789250073504,2.98693900500587,16.9667056370565));
#2411=CARTESIAN_POINT('',(-8.70916009203041,3.81774516119636,16.9397388229132));
#2412=CARTESIAN_POINT('',(-8.31416343898399,4.61512014299902,16.9127720087699));
#2413=CARTESIAN_POINT('',(-7.84636144244773,5.37208150896121,16.8858051946266));
#2414=CARTESIAN_POINT('',(-7.30985054402913,6.08200071098404,16.8588383804834));
#2415=CARTESIAN_POINT('',(-6.70932885443194,6.73866113909435,16.8318715663401));
#2416=CARTESIAN_POINT('',(-6.05005501310981,7.336312558963,16.8049047521968));
#2417=CARTESIAN_POINT('',(-5.33780213949002,7.8697214654719,16.7779379380535));
#2418=CARTESIAN_POINT('',(-4.57880727900668,8.33421691139419,16.7509711239102));
#2419=CARTESIAN_POINT('',(-3.77971678663345,8.72573140987589,16.7240043097669));
#2420=CARTESIAN_POINT('',(-2.94752812618058,9.04083655254467,16.6970374956236));
#2421=CARTESIAN_POINT('',(-2.08952859500722,9.27677303134557,16.6700706814803));
#2422=CARTESIAN_POINT('',(-1.21323151072371,9.431474801209,16.6431038673371));
#2423=CARTESIAN_POINT('',(-0.32631041868293,9.50358717196367,16.6161370531938));
#2424=CARTESIAN_POINT('',(0.563468103608153,9.4924786710674,16.5891702390505));
#2425=CARTESIAN_POINT('',(1.44831245673961,9.39824657327665,16.5622034249072));
#2426=CARTESIAN_POINT('',(2.32047424876105,9.22171604883225,16.5352366107639));
#2427=CARTESIAN_POINT('',(3.17231614618573,8.96443293762091,16.5082697966206));
#2428=CARTESIAN_POINT('',(3.99637875247951,8.62865021258735,16.4813029824773));
#2429=CARTESIAN_POINT('',(4.78544592839415,8.21730825093407,16.454336168334));
#2430=CARTESIAN_POINT('',(5.53260798214879,7.73400908586981,16.4273693541907));
#2431=CARTESIAN_POINT('',(6.23132217611681,7.18298486437834,16.4004025400475));
#2432=CARTESIAN_POINT('',(6.87547002017391,6.56906078721632,16.3734357259042));
#2433=CARTESIAN_POINT('',(7.45941085000206,5.89761285566668,16.3464689117609));
#2434=CARTESIAN_POINT('',(7.9780312211753,5.17452079505006,16.3195020976176));
#2435=CARTESIAN_POINT('',(8.42678968649439,4.406116567233,16.2925352834743));
#2436=CARTESIAN_POINT('',(8.80175656446445,3.59912892299794,16.265568469331));
#2437=CARTESIAN_POINT('',(9.09964835067181,2.76062447981779,16.2386016551877));
#2438=CARTESIAN_POINT('',(9.31785647072689,1.89794584100454,16.2116348410445));
#2439=CARTESIAN_POINT('',(9.45447012298989,1.0186472981091,16.1846680269012));
#2440=CARTESIAN_POINT('',(9.50829301105029,0.130428679612789,16.1577012127579));
#2441=CARTESIAN_POINT('',(9.47885381943763,-0.758932074816963,16.1307343986146));
#2442=CARTESIAN_POINT('',(9.36641034082981,-1.64164702407365,16.1037675844713));
#2443=CARTESIAN_POINT('',(9.17194721861797,-2.50998642293926,16.076800770328));
#2444=CARTESIAN_POINT('',(8.89716732459587,-3.35634640980292,16.0498339561847));
#2445=CARTESIAN_POINT('',(8.54447684727725,-4.17331559204385,16.0228671420414));
#2446=CARTESIAN_POINT('',(8.1169642214199,-4.9537399460047,15.9959003278982));
#2447=CARTESIAN_POINT('',(7.61837308326576,-5.69078546324013,15.9689335137549));
#2448=CARTESIAN_POINT('',(7.0530694883225,-6.37799799446092,15.9419666996116));
#2449=CARTESIAN_POINT('',(6.42600367875314,-7.00935976713312,15.9149998854683));
#2450=CARTESIAN_POINT('',(5.74266673516867,-7.57934208181955,15.888033071325));
#2451=CARTESIAN_POINT('',(5.00904249241453,-8.0829537258133,15.8610662571817));
#2452=CARTESIAN_POINT('',(4.23155514041413,-8.5157846801154,15.8340994430384));
#2453=CARTESIAN_POINT('',(3.41701296891745,-8.874044737024,15.8071326288951));
#2454=CARTESIAN_POINT('',(2.57254874877007,-9.15459669016909,15.7801658147519));
#2455=CARTESIAN_POINT('',(1.70555727177079,-9.35498380635494,15.7531990006086));
#2456=CARTESIAN_POINT('',(0.823630596068224,-9.47345133864495,15.7262321864653));
#2457=CARTESIAN_POINT('',(-0.0655084358618292,-9.50896189230372,15.699265372322));
#2458=CARTESIAN_POINT('',(-0.954073824489174,-9.46120450903996,15.6722985581787));
#2459=CARTESIAN_POINT('',(-1.83428459355481,-9.3305973900014,15.6453317440354));
#2460=CARTESIAN_POINT('',(-2.69843292640879,-9.1182842336772,15.6183649298921));
#2461=CARTESIAN_POINT('',(-3.53895166170516,-8.82612422077594,15.5913981157488));
#2462=CARTESIAN_POINT('',(-4.34848055740848,-8.45667573377943,15.5644313016055));
#2463=CARTESIAN_POINT('',(-5.11993074285258,-8.01317395373684,15.5374644874623));
#2464=CARTESIAN_POINT('',(-5.84654679445829,-7.49950253047913,15.510497673319));
#2465=CARTESIAN_POINT('',(-6.52196589152686,-6.92015957433162,15.4835308591757));
#2466=CARTESIAN_POINT('',(-7.14027353409416,-6.28021826712796,15.4565640450324));
#2467=CARTESIAN_POINT('',(-7.69605533493653,-5.58528243744649,15.4295972308891));
#2468=CARTESIAN_POINT('',(-8.18444443219678,-4.84143748908696,15.4026304167458));
#2469=CARTESIAN_POINT('',(-8.60116410744809,-4.05519711249651,15.3756636026025));
#2470=CARTESIAN_POINT('',(-8.94256523599885,-3.23344624578146,15.3486967884592));
#2471=CARTESIAN_POINT('',(-9.20565824149366,-2.38338078478309,15.321729974316));
#2472=CARTESIAN_POINT('',(-9.38813927499145,-1.5124445701633,15.2947631601727));
#2473=CARTESIAN_POINT('',(-9.48841038927579,-0.628264203290767,15.2677963460294));
#2474=CARTESIAN_POINT('',(-9.50559353173549,0.261417738269178,15.2408295318861));
#2475=CARTESIAN_POINT('',(-9.43953823328268,1.14881050084333,15.2138627177428));
#2476=CARTESIAN_POINT('',(-9.29082292597832,2.02614337660716,15.1868959035995));
#2477=CARTESIAN_POINT('',(-9.06074987782688,2.88573375000426,15.1599290894562));
#2478=CARTESIAN_POINT('',(-8.75133378909511,3.72005437276064,15.1329622753129));
#2479=CARTESIAN_POINT('',(-8.36528415001457,4.52179927838116,15.1059954611697));
#2480=CARTESIAN_POINT('',(-7.90598151435758,5.28394775892889,15.0790286470264));
#2481=CARTESIAN_POINT('',(-7.37744789665395,5.9998258438566,15.0520618328831));
#2482=CARTESIAN_POINT('',(-6.78431155227359,6.66316474253342,15.0250950187398));
#2483=CARTESIAN_POINT('',(-6.13176644878833,7.26815573869789,14.9981282045965));
#2484=CARTESIAN_POINT('',(-5.42552678351346,7.8095010561387,14.9711613904532));
#2485=CARTESIAN_POINT('',(-4.67177694550912,8.28246025018308,14.9441945763099));
#2486=CARTESIAN_POINT('',(-3.8771173602137,8.68289171875263,14.9172277621666));
#2487=CARTESIAN_POINT('',(-3.04850669093581,9.00728896948316,14.8902609480234));
#2488=CARTESIAN_POINT('',(-2.19320090333442,9.25281132532521,14.8632941338801));
#2489=CARTESIAN_POINT('',(-1.31868972648596,9.41730879974283,14.8363273197368));
#2490=CARTESIAN_POINT('',(-0.432631066935484,9.49934092368389,14.8093605055935));
#2491=CARTESIAN_POINT('',(0.457216049946118,9.49818935945821,14.7823936914502));
#2492=CARTESIAN_POINT('',(1.34305942408082,9.41386419106633,14.7554268773069));
#2493=CARTESIAN_POINT('',(2.21714191530588,9.24710383589625,14.7284600631636));
#2494=CARTESIAN_POINT('',(3.07180937098417,8.99936857856079,14.7014932490203));
#2495=CARTESIAN_POINT('',(3.89957765177479,8.67282778349898,14.6745264348771));
#2496=CARTESIAN_POINT('',(4.69319816863387,8.27034089831762,14.6475596207338));
#2497=CARTESIAN_POINT('',(5.44572135715187,7.79543241422266,14.6205928065905));
#2498=CARTESIAN_POINT('',(6.15055753339653,7.25226100280682,14.5936259924472));
#2499=CARTESIAN_POINT('',(6.80153459835967,6.6455830994556,14.5666591783039));
#2500=CARTESIAN_POINT('',(7.39295208570255,5.9807112522642,14.5396923641606));
#2501=CARTESIAN_POINT('',(7.91963107951526,5.26346760119499,14.5127255500173));
#2502=CARTESIAN_POINT('',(8.37695956497094,4.50013289484824,14.485758735874));
#2503=CARTESIAN_POINT('',(8.76093281474909,3.69739149129571,14.4587919217308));
#2504=CARTESIAN_POINT('',(9.06818845757252,2.8622728245927,14.4318251075875));
#2505=CARTESIAN_POINT('',(9.29603592177049,2.00208984953377,14.4048582934442));
#2506=CARTESIAN_POINT('',(9.44247999603688,1.1243750036784,14.3778914793009));
#2507=CARTESIAN_POINT('',(9.50623830106712,0.23681424741304,14.3509246651576));
#2508=CARTESIAN_POINT('',(9.48675251907831,-0.652820240353115,14.3239578510143));
#2509=CARTESIAN_POINT('',(9.38419328287809,-1.53673812148953,14.296991036871));
#2510=CARTESIAN_POINT('',(9.19945868166982,-2.4071991169621,14.2700242227277));
#2511=CARTESIAN_POINT('',(8.93416639667835,-3.25658078679414,14.2430574085845));
#2512=CARTESIAN_POINT('',(8.59063953546293,-4.07744527813613,14.2160905944412));
#2513=CARTESIAN_POINT('',(8.17188628896331,-4.86260445694556,14.1891237802979));
#2514=CARTESIAN_POINT('',(7.68157358941779,-5.60518285293285,14.1621569661546));
#2515=CARTESIAN_POINT('',(7.12399499982521,-6.29867786657794,14.1351901520113));
#2516=CARTESIAN_POINT('',(6.50403311613592,-6.93701671099765,14.108223337868));
#2517=CARTESIAN_POINT('',(5.82711681140779,-7.51460959003606,14.0812565237247));
#2518=CARTESIAN_POINT('',(5.09917369633087,-8.02639864690889,14.0542897095814));
#2519=CARTESIAN_POINT('',(4.32657821241368,-8.46790225476892,14.0273228954382));
#2520=CARTESIAN_POINT('',(3.51609581236811,-8.83525426134986,14.0003560812949));
#2521=CARTESIAN_POINT('',(2.67482371649309,-9.12523784403121,13.9733892671516));
#2522=CARTESIAN_POINT('',(1.81012876384081,-9.33531367886316,13.9464224530083));
#2523=CARTESIAN_POINT('',(0.929582902389415,-9.46364217688088,13.919455638865));
#2524=CARTESIAN_POINT('',(0.0408968831208895,-9.5090995929901,13.8924888247217));
#2525=CARTESIAN_POINT('',(-0.848147261369149,-9.47128786636144,13.8655220105784));
#2526=CARTESIAN_POINT('',(-1.72976436245944,-9.35053810616366,13.8385551964351));
#2527=CARTESIAN_POINT('',(-2.59623428855256,-9.14790769211175,13.8115883822919));
#2528=CARTESIAN_POINT('',(-3.43996954860918,-8.86517101521989,13.7846215681486));
#2529=CARTESIAN_POINT('',(-4.25358173417742,-8.50480393984045,13.7576547540053));
#2530=CARTESIAN_POINT('',(-5.02994621809875,-8.06996212305159,13.730687939862));
#2531=CARTESIAN_POINT('',(-5.76226454333778,-7.5644533812461,13.7037211257187));
#2532=CARTESIAN_POINT('',(-6.4441239556103,-6.99270434590101,13.6767543115754));
#2533=CARTESIAN_POINT('',(-7.0695535584952,-6.35972170051656,13.6497874974321));
#2534=CARTESIAN_POINT('',(-7.633076599292,-5.67104833816414,13.6228206832888));
#2535=CARTESIAN_POINT('',(-8.12975842776791,-4.93271482356217,13.5958538691456));
#2536=CARTESIAN_POINT('',(-8.55524970783004,-4.15118658471616,13.5688870550023));
#2537=CARTESIAN_POINT('',(-8.9058245037274,-3.33330729655427,13.541920240859));
#2538=CARTESIAN_POINT('',(-9.17841290727001,-2.48623895233596,13.5149534267157));
#2539=CARTESIAN_POINT('',(-9.37062792035555,-1.61739914761521,13.4879866125724));
#2540=CARTESIAN_POINT('',(-9.48078635739904,-0.734396125949482,13.4610197984291));
#2541=CARTESIAN_POINT('',(-9.50792358462751,0.155037844854993,13.4340529842858));
#2542=CARTESIAN_POINT('',(-9.45180196717076,1.04311418255165,13.4070861701425));
#2543=CARTESIAN_POINT('',(-9.31291294997884,1.92205619339544,13.3801193559993));
#2544=CARTESIAN_POINT('',(-9.09247275434424,2.78416717097967,13.353152541856));
#2545=CARTESIAN_POINT('',(-8.79241172771322,3.62189779464088,13.3261857277127));
#2546=CARTESIAN_POINT('',(-8.4153574400478,4.4279122372384,13.2992189135694));
#2547=CARTESIAN_POINT('',(-7.96461167476002,5.19515240341703,13.2722520994261));
#2548=CARTESIAN_POINT('',(-7.44412151570376,5.91689973583208,13.2452852852828));
#2549=CARTESIAN_POINT('',(-6.85844478340914,6.58683404811305,13.2183184711395));
#2550=CARTESIAN_POINT('',(-6.21271012322717,7.19908886937813,13.1913516569962));
#2551=CARTESIAN_POINT('',(-5.51257209488388,7.74830281565976,13.164384842853));
#2552=CARTESIAN_POINT('',(-4.76416165671537,8.22966653839245,13.1374180287097));
#2553=CARTESIAN_POINT('',(-3.97403247818244,8.63896483884525,13.1104512145664));
#2554=CARTESIAN_POINT('',(-3.14910355079478,8.9726135797116,13.0834844004231));
#2555=CARTESIAN_POINT('',(-2.29659859998837,9.22769107063001,13.0565175862798));
#2556=CARTESIAN_POINT('',(-1.42398282851341,9.40196365279893,13.0295507721365));
#2557=CARTESIAN_POINT('',(-0.538897545257211,9.49390525864721,13.0025839579932));
#2558=CARTESIAN_POINT('',(0.350906748056491,9.50271077527996,12.9756171438499));
#2559=CARTESIAN_POINT('',(1.23763822634645,9.4283030946793,12.9486503297067));
#2560=CARTESIAN_POINT('',(2.1135319725126,9.27133378892274,12.9216835155634));
#2561=CARTESIAN_POINT('',(2.9709179731473,9.03317740450633,12.8947167014201));
#2562=CARTESIAN_POINT('',(3.80228828319539,8.71591942573636,12.8677498872768));
#2563=CARTESIAN_POINT('',(4.60036277141642,8.32233801259112,12.8407830731335));
#2564=CARTESIAN_POINT('',(5.3581528709303,7.85587967297073,12.8138162589902));
#2565=CARTESIAN_POINT('',(6.06902277659641,7.32062908236767,12.7868494448469));
#2566=CARTESIAN_POINT('',(6.72674755333398,6.72127331524085,12.7598826307036));
#2567=CARTESIAN_POINT('',(7.32556764654156,6.06306080131125,12.7329158165604));
#2568=CARTESIAN_POINT('',(7.86023931727962,5.35175536619014,12.7059490024171));
#2569=CARTESIAN_POINT('',(8.32608056056619,4.59358575879619,12.6789821882738));
#2570=CARTESIAN_POINT('',(8.71901210468882,3.79519110753901,12.6520153741305));
#2571=CARTESIAN_POINT('',(9.03559313251085,2.96356278289764,12.6250485599872));
#2572=CARTESIAN_POINT('',(9.27305141196805,2.10598317549091,12.5980817458439));
#2573=CARTESIAN_POINT('',(9.42930757190932,1.22996192574689,12.5711149317006));
#2574=CARTESIAN_POINT('',(9.5029933107033,0.343170163594661,12.5441481175573));
#2575=CARTESIAN_POINT('',(9.49346337816188,-0.546626665972865,12.5171813034141));
#2576=CARTESIAN_POINT('',(9.40080122585743,-1.43163680323287,12.4902144892708));
#2577=CARTESIAN_POINT('',(9.22581827635538,-2.30411040449897,12.4632476751275));
#2578=CARTESIAN_POINT('',(8.97004681776107,-3.15640740583782,12.4362808609842));
#2579=CARTESIAN_POINT('',(8.63572658580191,-3.98106442546807,12.4093140468409));
#2580=CARTESIAN_POINT('',(8.22578515094269,-4.77086011899154,12.3823472326976));
#2581=CARTESIAN_POINT('',(7.74381228227981,-5.51887841515517,12.3553804185543));
#2582=CARTESIAN_POINT('',(7.19402851270431,-6.21856907840145,12.328413604411));
#2583=CARTESIAN_POINT('',(6.58124818060188,-6.86380506787437,12.3014467902678));
#2584=CARTESIAN_POINT('',(5.9108372717256,-7.44893619060016,12.2744799761245));
#2585=CARTESIAN_POINT('',(5.18866643041129,-7.96883857901365,12.2475131619812));
#2586=CARTESIAN_POINT('',(4.42105955160595,-8.41895955956597,12.2205463478379));
#2587=CARTESIAN_POINT('',(3.61473840387795,-8.79535751950899,12.1935795336946));
#2588=CARTESIAN_POINT('',(2.77676376833345,-9.09473642275157,12.1666127195513));
#2589=CARTESIAN_POINT('',(1.91447360887277,-9.31447467253967,12.139645905408));
#2590=CARTESIAN_POINT('',(1.03541881521658,-9.45264806821606,12.1126790912647));
#2591=CARTESIAN_POINT('',(0.147297081386447,-9.50804665503217,12.0857122771215));
#2592=CARTESIAN_POINT('',(-0.742114501348402,-9.48018531946195,12.0587454629782));
#2593=CARTESIAN_POINT('',(-1.62502754678891,-9.36930803723683,12.0317786488349));
#2594=CARTESIAN_POINT('',(-2.49371057503134,-9.17638573690264,12.0048118346916));
#2595=CARTESIAN_POINT('',(-3.34055671537617,-8.90310779760689,11.9778450205483));
#2596=CARTESIAN_POINT('',(-4.15815031806099,-8.55186725556838,11.950878206405));
#2597=CARTESIAN_POINT('',(-4.93933189151275,-8.12573984877306,11.9239113922617));
#2598=CARTESIAN_POINT('',(-5.67726079647765,-7.62845708339709,11.8969445781184));
#2599=CARTESIAN_POINT('',(-6.36547514802989,-7.06437355780873,11.8699777639752));
#2600=CARTESIAN_POINT('',(-6.99794840091003,-6.4384288302857,11.8430109498319));
#2601=CARTESIAN_POINT('',(-7.56914212268743,-5.7561041643643,11.8160441356886));
#2602=CARTESIAN_POINT('',(-8.0740544926235,-5.02337453059192,11.7890773215453));
#2603=CARTESIAN_POINT('',(-8.50826410154156,-4.24665628499324,11.762110507402));
#2604=CARTESIAN_POINT('',(-8.86796866915738,-3.43275098241869,11.7351436932587));
#2605=CARTESIAN_POINT('',(-9.15001833983097,-2.58878581678945,11.7081768791154));
#2606=CARTESIAN_POINT('',(-9.35194326517587,-1.72215120979114,11.6812100649721));
#2607=CARTESIAN_POINT('',(-9.47197523199097,-0.84043609453839,11.6542432508289));
#2608=CARTESIAN_POINT('',(-9.50906314612377,0.0486385390824011,11.6272764366856));
#2609=CARTESIAN_POINT('',(-9.46288223667608,0.937287255463204,11.6003096225423));
#2610=CARTESIAN_POINT('',(-9.33383689995302,1.81772834866178,11.573342808399));
#2611=CARTESIAN_POINT('',(-9.12305715825149,2.68225198512922,11.5463759942557));
#2612=CARTESIAN_POINT('',(-8.83238876449753,3.52328771706643,11.5194091801124));
#2613=CARTESIAN_POINT('',(-8.46437703938447,4.33347077520945,11.4924423659691));
#2614=CARTESIAN_POINT('',(-8.02224458254626,5.1057065605321,11.4654755518258));
#2615=CARTESIAN_POINT('',(-7.50986305294468,5.83323277012582,11.4385087376826));
#2616=CARTESIAN_POINT('',(-6.93171926558333,6.50967861323386,11.4115419235393));
#2617=CARTESIAN_POINT('',(-6.29287590143237,7.12912059889753,11.384575109396));
#2618=CARTESIAN_POINT('',(-5.59892717461865,7.68613440669431,11.3576082952527));
#2619=CARTESIAN_POINT('',(-4.85594984509411,8.17584238634674,11.3306414811094));
#2620=CARTESIAN_POINT('',(-4.07045000575412,8.59395627025817,11.3036746669661));
#2621=CARTESIAN_POINT('',(-3.24930610997934,8.93681472495118,11.2767078528228));
#2622=CARTESIAN_POINT('',(-2.3997087384969,9.20141541257838,11.2497410386795));
#2623=CARTESIAN_POINT('',(-1.52909763300934,9.38544128175008,11.2227742245362));
#2624=CARTESIAN_POINT('',(-0.6450965479745,9.48728085745567,11.195807410393));
#2625=CARTESIAN_POINT('',(0.24455350897484,9.50604235240415,11.1688405962497));
#2626=CARTESIAN_POINT('',(1.13206206337215,9.44156147621393,11.1418737821064));
#2627=CARTESIAN_POINT('',(2.0096573934288,9.29440287406837,11.1149069679631));
#2628=CARTESIAN_POINT('',(2.86965458533249,9.06585518223921,11.0879401538198));
#2629=CARTESIAN_POINT('',(3.70452282838695,8.75791974377554,11.0609733396765));
#2630=CARTESIAN_POINT('',(4.5069513607037,8.3732930831725,11.0340065255332));
#2631=CARTESIAN_POINT('',(5.26991348797368,7.91534329348554,11.00703971139));
#2632=CARTESIAN_POINT('',(5.98672811472008,7.38808054266286,10.9800728972467));
#2633=CARTESIAN_POINT('',(6.65111824921645,6.79612195736608,10.9531060831034));
#2634=CARTESIAN_POINT('',(7.25726596975505,6.14465119178368,10.9261392689601));
#2635=CARTESIAN_POINT('',(7.79986337093769,5.43937303548469,10.8991724548168));
#2636=CARTESIAN_POINT('',(8.27415904386319,4.68646345780167,10.8722056406735));
#2637=CARTESIAN_POINT('',(8.67599968319463,3.89251552619384,10.8452388265302));
#2638=CARTESIAN_POINT('',(9.00186645676214,3.06448167217133,10.8182720123869));
#2639=CARTESIAN_POINT('',(9.24890581922041,2.2096128103458,10.7913051982436));
#2640=CARTESIAN_POINT('',(9.41495449993236,1.3353948437285,10.7643383841004));
#2641=CARTESIAN_POINT('',(9.49855844626554,0.449483111285485,10.7373715699571));
#2642=CARTESIAN_POINT('',(9.49898555641865,-0.44036464822149,10.7104047558138));
#2643=CARTESIAN_POINT('',(9.41623209027981,-1.32635622908706,10.6834379416705));
#2644=CARTESIAN_POINT('',(9.25102270217793,-2.20073319333398,10.6564711275272));
#2645=CARTESIAN_POINT('',(9.00480409524035,-3.05583880968812,10.6295043133839));
#2646=CARTESIAN_POINT('',(8.67973235292432,-3.88418510192965,10.6025374992406));
#2647=CARTESIAN_POINT('',(8.27865405865726,-4.67851841949255,10.5755706850973));
#2648=CARTESIAN_POINT('',(7.80508136891704,-5.43188295612464,10.5486038709541));
#2649=CARTESIAN_POINT('',(7.26316125803213,-6.13768166038892,10.5216370568108));
#2650=CARTESIAN_POINT('',(6.657639204018,-6.78973400462609,10.4946702426675));
#2651=CARTESIAN_POINT('',(5.99381763344552,-7.38233010650776,10.4677034285242));
#2652=CARTESIAN_POINT('',(5.27750948923025,-7.91028072924963,10.4407366143809));
#2653=CARTESIAN_POINT('',(4.51498732793987,-8.36896272264346,10.4137698002376));
#2654=CARTESIAN_POINT('',(3.71292839236364,-8.75435950699041,10.3868029860943));
#2655=CARTESIAN_POINT('',(2.87835614033132,-9.06309624542685,10.359836171951));
#2656=CARTESIAN_POINT('',(2.0185787418016,-9.29246939664587,10.3328693578078));
#2657=CARTESIAN_POINT('',(1.14112508278739,-9.4404703892278,10.3059025436645));
#2658=CARTESIAN_POINT('',(0.25367883651808,-9.50580321026878,10.2789357295212));
#2659=CARTESIAN_POINT('',(-0.635988820836585,-9.48789575428737,10.2519689153779));
#2660=CARTESIAN_POINT('',(-1.52008726068711,-9.38690483302937,10.2250021012346));
#2661=CARTESIAN_POINT('',(-2.39087462288549,-9.20371480230105,10.1980352870913));
#2662=CARTESIAN_POINT('',(-3.24072560953175,-8.93992981785531,10.171068472948));
#2663=CARTESIAN_POINT('',(-4.06219825806982,-8.59785978814425,10.1441016588047));
#2664=CARTESIAN_POINT('',(-4.84809910895523,-8.18050014694706,10.1171348446615));
#2665=CARTESIAN_POINT('',(-5.59154619723535,-7.69150562299972,10.0901680305182));
#2666=CARTESIAN_POINT('',(-6.28602931643828,-7.13515823632047,10.0632012163749));
#2667=CARTESIAN_POINT('',(-6.92546702705271,-6.51632980148021,10.0362344022316));
#2668=CARTESIAN_POINT('',(-7.50425991038746,-5.84043926616868,10.0092675880883));
#2669=CARTESIAN_POINT('',(-8.01733960147835,-5.11340525863345,9.98230077394502));
#2670=CARTESIAN_POINT('',(-8.46021317167158,-4.34159425952358,9.95533395980174));
#2671=CARTESIAN_POINT('',(-8.82900247223489,-3.53176485198599,9.92836714565845));
#2672=CARTESIAN_POINT('',(-9.12047809447312,-2.69100853820446,9.90140033151516));
#2673=CARTESIAN_POINT('',(-9.3320876489665,-1.82668764063818,9.87443351737187));
#2674=CARTESIAN_POINT('',(-9.46197811629657,-0.946370831745247,9.84746670322858));
#2675=CARTESIAN_POINT('',(-9.50901207353926,-0.0577668567435827,9.8204998890853));
#2676=CARTESIAN_POINT('',(-9.4727776544331,0.831342970215216,9.79353307494201));
#2677=CARTESIAN_POINT('',(-9.35359215600366,1.71317290534262,9.76656626079872));
#2678=CARTESIAN_POINT('',(-9.15249926006161,2.58000095329924,9.73959944665543));
#2679=CARTESIAN_POINT('',(-8.87125989390526,3.42423648704954,9.71263263251215));
#2680=CARTESIAN_POINT('',(-8.51233681025847,4.23848671735232,9.68566581836886));
#2681=CARTESIAN_POINT('',(-8.07887302147395,5.01562142982838,9.65869900422557));
#2682=CARTESIAN_POINT('',(-7.57466427684923,5.74883542271628,9.63173219008229));
#2683=CARTESIAN_POINT('',(-7.00412582406524,6.43170809856261,9.604765375939));
#2684=CARTESIAN_POINT('',(-6.37225374581075,7.05825968801476,9.57779856179571));
#2685=CARTESIAN_POINT('',(-5.68458121015933,7.62300361337687,9.55083174765242));
#2686=CARTESIAN_POINT('',(-4.94713001780494,8.12099453339224,9.52386493350913));
#2687=CARTESIAN_POINT('',(-4.16635787044666,8.54787164853454,9.49689811936585));
#2688=CARTESIAN_POINT('',(-3.34910182208192,8.89989688759263,9.46993130522256));
#2689=CARTESIAN_POINT('',(-2.5025184083931,9.17398764115731,9.44296449107927));
#2690=CARTESIAN_POINT('',(-1.63402097850171,9.36774375536979,9.41599767693598));
#2691=CARTESIAN_POINT('',(-0.751214777862372,9.47946854955353,9.3890308627927));
#2692=CARTESIAN_POINT('',(0.138169649238149,9.50818367368252,9.36206404864941));
#2693=CARTESIAN_POINT('',(1.02634415439686,9.45363767558228,9.33509723450612));
#2694=CARTESIAN_POINT('',(1.90553118423733,9.31630820284261,9.30813042036283));
#2695=CARTESIAN_POINT('',(2.76803188677414,9.09739782016017,9.28116360621955));
#2696=CARTESIAN_POINT('',(3.60629352860612,8.79882347873777,9.25419679207626));
#2697=CARTESIAN_POINT('',(4.41297563258053,8.42319972995439,9.22722997793297));
#2698=CARTESIAN_POINT('',(5.18101425677491,7.97381583030035,9.20026316378968));
#2699=CARTESIAN_POINT('',(5.90368385191922,7.45460693806465,9.1732963496464));
#2700=CARTESIAN_POINT('',(6.57465615558631,6.87011965399908,9.14632953550311));
#2701=CARTESIAN_POINT('',(7.18805560742676,6.22547220771196,9.11936272135982));
#2702=CARTESIAN_POINT('',(7.7385108001889,5.52630963843079,9.09239590721653));
#2703=CARTESIAN_POINT('',(8.22120151597843,4.77875436260615,9.06542909307325));
#2704=CARTESIAN_POINT('',(8.63190093587119,3.98935256122588,9.03846227892996));
#2705=CARTESIAN_POINT('',(8.96701265325864,3.16501685631416,9.01149546478667));
#2706=CARTESIAN_POINT('',(9.22360216680811,2.31296577858518,8.98452865064338));
#2707=CARTESIAN_POINT('',(9.39942257726063,1.44066055632008,8.95756183650009));
#2708=CARTESIAN_POINT('',(9.49293426304521,0.555739778993433,8.93059502235681));
#2709=CARTESIAN_POINT('',(9.5033183624142,-0.334047492214107,8.90362820821352));
#2710=CARTESIAN_POINT('',(9.43048394403975,-1.22090958128023,8.87666139407023));
#2711=CARTESIAN_POINT('',(9.27506880327994,-2.09708042737434,8.84969457992694));
#2712=CARTESIAN_POINT('',(9.0384338771418,-2.95488759058427,8.82272776578366));
#2713=CARTESIAN_POINT('',(8.72265132684822,-3.78681943782462,8.79576095164037));
#2714=CARTESIAN_POINT('',(8.33048639236724,-4.58559092059438,8.76879413749708));
#2715=CARTESIAN_POINT('',(7.86537317779955,-5.34420736858188,8.7418273233538));
#2716=CARTESIAN_POINT('',(7.33138457966645,-6.05602574049041,8.71486050921051));
#2717=CARTESIAN_POINT('',(6.73319662142984,-6.71481279572403,8.68789369506722));
#2718=CARTESIAN_POINT('',(6.07604750655909,-7.31479967753667,8.66092688092393));
#2719=CARTESIAN_POINT('',(5.3656917487083,-7.85073242967158,8.63396006678064));
#2720=CARTESIAN_POINT('',(4.60834978067628,-8.31791800412786,8.60699325263736));
#2721=CARTESIAN_POINT('',(3.81065348341248,-8.71226535717374,8.58002643849407));
#2722=CARTESIAN_POINT('',(2.97958811206004,-9.03032127373793,8.55305962435078));
#2723=CARTESIAN_POINT('',(2.12243112757672,-9.26930060647225,8.52609281020749));
#2724=CARTESIAN_POINT('',(1.24668846957246,-9.42711066468875,8.49912599606421));
#2725=CARTESIAN_POINT('',(0.3600288284083,-9.50236953960265,8.47215918192092));
#2726=CARTESIAN_POINT('',(-0.529783507877971,-9.49441820541069,8.44519236777763));
#2727=CARTESIAN_POINT('',(-1.41495664377453,-9.40332629023856,8.41822555363434));
#2728=CARTESIAN_POINT('',(-2.28773930825092,-9.22989146642239,8.39125873949106));
#2729=CARTESIAN_POINT('',(-3.14048873097368,-8.97563246546341,8.36429192534777));
#2730=CARTESIAN_POINT('',(-3.96573756840455,-8.64277577882234,8.33732511120448));
#2731=CARTESIAN_POINT('',(-4.756259293724,-8.23423616101199,8.31035829706119));
#2732=CARTESIAN_POINT('',(-5.50513147797445,-7.75359110571793,8.2833914829179));
#2733=CARTESIAN_POINT('',(-6.20579640828383,-7.20504951845474,8.25642466877462));
#2734=CARTESIAN_POINT('',(-6.8521185123487,-6.59341486008439,8.22945785463133));
#2735=CARTESIAN_POINT('',(-7.43843808632311,-5.92404308394116,8.20249104048804));
#2736=CARTESIAN_POINT('',(-7.95962085562955,-5.20279573489873,8.17552422634476));
#2737=CARTESIAN_POINT('',(-8.41110293469868,-4.43598862108061,8.14855741220147));
#2738=CARTESIAN_POINT('',(-8.78893079193499,-3.63033650768496,8.12159059805818));
#2739=CARTESIAN_POINT('',(-9.08979586994389,-2.79289431722799,8.09462378391489));
#2740=CARTESIAN_POINT('',(-9.31106355785809,-1.93099535110274,8.06765696977161));
#2741=CARTESIAN_POINT('',(-9.45079626205919,-1.05218707343388,8.04069015562832));
#2742=CARTESIAN_POINT('',(-9.50777037326879,-0.164165019555407,8.01372334148503));
#2743=CARTESIAN_POINT('',(-9.48148698143212,0.725294592139371,7.98675652734174));
#2744=CARTESIAN_POINT('',(-9.37217624456625,1.60840295487211,7.95978971319845));
#2745=CARTESIAN_POINT('',(-9.18079537331579,2.4774268783875,7.93282289905517));
#2746=CARTESIAN_POINT('',(-8.9090202488648,3.32475650683933,7.90585608491188));
#2747=CARTESIAN_POINT('',(-8.55923074760528,4.14297195666369,7.87888927076859));
#2748=CARTESIAN_POINT('',(-8.13448990107074,4.92490829090568,7.85192245662531));
#2749=CARTESIAN_POINT('',(-7.63851707362696,5.66371826103337,7.82495564248202));
#2750=CARTESIAN_POINT('',(-7.07565539279705,6.35293226682257,7.79798882833873));
#2751=CARTESIAN_POINT('',(-6.45083371742664,6.9865150092564,7.77102201419544));
#2752=CARTESIAN_POINT('',(-5.76952347672553,7.55891834034251,7.74405520005216));
#2753=CARTESIAN_POINT('',(-5.03769075813734,8.06512984705336,7.71708838590887));
#2754=CARTESIAN_POINT('',(-4.26174406359312,8.5007167439506,7.69012157176558));
#2755=CARTESIAN_POINT('',(-3.44847819163643,8.86186469013498,7.66315475762229));
#2756=CARTESIAN_POINT('',(-2.60501473683189,9.14541119061041,7.636187943479));
#2757=CARTESIAN_POINT('',(-1.73873972749117,9.34887328957331,7.60922112933572));
#2758=CARTESIAN_POINT('',(-0.857238947809454,9.4704693131234,7.58225431519243));
#2759=CARTESIAN_POINT('',(0.0317684892174252,9.50913447099925,7.55528750104914));
#2760=CARTESIAN_POINT('',(0.920497736407575,9.464530180718,7.52832068690585));
#2761=CARTESIAN_POINT('',(1.80116638262775,9.33704703246937,7.50135387276257));
#2762=CARTESIAN_POINT('',(2.66606260169613,9.12780136880129,7.47438705861928));
#2763=CARTESIAN_POINT('',(3.50761268318778,8.83862550904798,7.44742024447599));
#2764=CARTESIAN_POINT('',(4.31844735379017,8.47205170410309,7.4204534303327));
#2765=CARTESIAN_POINT('',(5.09146630844677,8.03128996204251,7.39348661618942));
#2766=CARTESIAN_POINT('',(5.8199003862034,7.5201999387731,7.36651980204613));
#2767=CARTESIAN_POINT('',(6.49737084629676,6.94325713985492,7.33955298790284));
#2768=CARTESIAN_POINT('',(7.11794522541733,6.30551372946027,7.31258617375956));
#2769=CARTESIAN_POINT('',(7.67618928701629,5.61255428965722,7.28561935961627));
#2770=CARTESIAN_POINT('',(8.16721460774786,4.87044691742384,7.25865254547298));
#2771=CARTESIAN_POINT('',(8.58672138434252,4.08569008762635,7.23168573132969));
#2772=CARTESIAN_POINT('',(8.9310360860608,3.26515574727043,7.2047189171864));
#2773=CARTESIAN_POINT('',(9.19714362301286,2.41602913933733,7.17775210304312));
#2774=CARTESIAN_POINT('',(9.38271374865315,1.54574588315432,7.15078528889983));
#2775=CARTESIAN_POINT('',(9.48612146524882,0.661926862273268,7.12381847475654));
#2776=CARTESIAN_POINT('',(9.50646125363593,-0.227688509969721,7.09685166061325));
#2777=CARTESIAN_POINT('',(9.44355500265621,-1.11531006283465,7.06988484646996));
#2778=CARTESIAN_POINT('',(9.29795356883828,-1.99316508502956,7.04291803232668));
#2779=CARTESIAN_POINT('',(9.07093195266528,-2.85356638867389,7.01595121818339));
#2780=CARTESIAN_POINT('',(8.76447813366955,-3.68897962435166,6.9889844040401));
#2781=CARTESIAN_POINT('',(8.38127566212279,-4.49208925779103,6.96201758989682));
#2782=CARTESIAN_POINT('',(7.92468015976276,-5.25586263042669,6.93505077575353));
#2783=CARTESIAN_POINT('',(7.39868993533444,-5.97361154288042,6.90808396161024));
#2784=CARTESIAN_POINT('',(6.80791097225911,-6.63905082208649,6.88111714746695));
#2785=CARTESIAN_POINT('',(6.15751659502683,-7.24635335920231,6.85415033332366));
#2786=CARTESIAN_POINT('',(5.45320216750503,-7.79020113634891,6.82718351918038));
#2787=CARTESIAN_POINT('',(4.70113521986037,-8.26583179535137,6.80021670503709));
#2788=CARTESIAN_POINT('',(3.9079014408218,-8.66908034068645,6.7732498908938));
#2789=CARTESIAN_POINT('',(3.08044700821881,-8.99641561145377,6.74628307675052));
#2790=CARTESIAN_POINT('',(2.22601776279411,-9.24497120299347,6.71931626260723));
#2791=CARTESIAN_POINT('',(1.35209575793257,-9.41257056737606,6.69234944846394));
#2792=CARTESIAN_POINT('',(0.466333740926706,-9.49774607296524,6.66538263432065));
#2793=CARTESIAN_POINT('',(-0.423511860487646,-9.49975185615286,6.63841582017736));
#2794=CARTESIAN_POINT('',(-1.30964885950308,-9.41857035272634,6.61144900603408));
#2795=CARTESIAN_POINT('',(-2.18431754474684,-9.25491245167476,6.58448219189079));
#2796=CARTESIAN_POINT('',(-3.03985863040668,-9.01021127008659,6.5575153777475));
#2797=CARTESIAN_POINT('',(-3.86878032695161,-8.68660960365122,6.53054856360422));
#2798=CARTESIAN_POINT('',(-4.6638239451237,-8.28694116265731,6.50358174946093));
#2799=CARTESIAN_POINT('',(-5.41802745872089,-7.81470575780047,6.47661493531764));
#2800=CARTESIAN_POINT('',(-6.12478646956511,-7.27403865309262,6.44964812117435));
#2801=CARTESIAN_POINT('',(-6.77791204079859,-6.66967435424331,6.42268130703106));
#2802=CARTESIAN_POINT('',(-7.37168489207463,-6.00690514961007,6.39571449288778));
#2803=CARTESIAN_POINT('',(-7.90090548206726,-5.29153476676597,6.36874767874449));
#2804=CARTESIAN_POINT('',(-8.36093953973776,-4.52982755050378,6.3417808646012));
#2805=CARTESIAN_POINT('',(-8.74775864565085,-3.72845360731418,6.31481405045791));
#2806=CARTESIAN_POINT('',(-9.05797550797844,-2.89443039669574,6.28784723631463));
#2807=CARTESIAN_POINT('',(-9.28887362428656,-2.03506128076939,6.26088042217134));
#2808=CARTESIAN_POINT('',(-9.43843106936385,-1.15787157030499,6.23391360802805));
#2809=CARTESIAN_POINT('',(-9.50533820078622,-0.27054262719117,6.20694679388476));
#2810=CARTESIAN_POINT('',(-9.48900912717437,0.619155399600867,6.17997997974148));
#2811=CARTESIAN_POINT('',(-9.38958683871869,1.50343161554298,6.15301316559819));
#2812=CARTESIAN_POINT('',(-9.20794195504492,2.37454260374012,6.1260463514549));
#2813=CARTESIAN_POINT('',(-8.94566510138506,3.22486023236895,6.09907953731161));
#2814=CARTESIAN_POINT('',(-8.60505297981388,4.04693845258978,6.07211272316833));
#2815=CARTESIAN_POINT('',(-8.18908825752207,4.83357850199698,6.04514590902504));
#2816=CARTESIAN_POINT('',(-7.70141344824041,5.57789194263524,6.01817909488175));
#2817=CARTESIAN_POINT('',(-7.14629901552924,6.27336098157114,5.99121228073846));
#2818=CARTESIAN_POINT('',(-6.52860597724638,6.91389554580601,5.96424546659518));
#2819=CARTESIAN_POINT('',(-5.85374333865779,7.49388661173712,5.93727865245189));
#2820=CARTESIAN_POINT('',(-5.12762072694021,8.00825532217265,5.9103118383086));
#2821=CARTESIAN_POINT('',(-4.35659664184528,8.45249746079322,5.88334502416531));
#2822=CARTESIAN_POINT('',(-3.54742277568289,8.82272289460684,5.85637821002203));
#2823=CARTESIAN_POINT('',(-2.70718489020182,9.11568963900792,5.82941139587874));
#2824=CARTESIAN_POINT('',(-1.84324076809597,9.32883224714017,5.80244458173545));
#2825=CARTESIAN_POINT('',(-0.963155782481657,9.4602842749637,5.77547776759216));
#2826=CARTESIAN_POINT('',(-0.0746366485501467,9.50889462530459,5.74851095344888));
#2827=CARTESIAN_POINT('',(0.814536062481995,9.47423762776561,5.72154413930559));
#2828=CARTESIAN_POINT('',(1.69657605616391,9.35661676623045,5.6945773251623));
#2829=CARTESIAN_POINT('',(2.56375949771858,9.15706202132055,5.66761051101901));
#2830=CARTESIAN_POINT('',(3.40849264800504,8.87732085107601,5.64064369687572));
#2831=CARTESIAN_POINT('',(4.22337836026099,8.51984288884088,5.61367688273244));
#2832=CARTESIAN_POINT('',(5.00128085532823,8.08775849235007,5.58671006858915));
#2833=CARTESIAN_POINT('',(5.7353882081381,7.58485133185904,5.55974325444586));
#2834=CARTESIAN_POINT('',(6.4192719982762,7.01552525735603,5.53277644030258));
#2835=CARTESIAN_POINT('',(7.04694360227928,6.38476573499361,5.50580962615929));
#2836=CARTESIAN_POINT('',(7.61290663472459,5.69809619043235,5.478842812016));
#2837=CARTESIAN_POINT('',(8.11220507889656,4.96152964138866,5.45187599787271));
#2838=CARTESIAN_POINT('',(8.54046668556063,4.18151604293017,5.42490918372942));
#2839=CARTESIAN_POINT('',(8.8939412598108,3.36488580660449,5.39794236958614));
#2840=CARTESIAN_POINT('',(9.16953350072088,2.51878998799243,5.37097555544285));
#2841=CARTESIAN_POINT('',(9.36483010622988,1.6506376664501,5.34400874129956));
#2842=CARTESIAN_POINT('',(9.47812090590986,0.768031065392452,5.31704192715627));
#2843=CARTESIAN_POINT('',(9.50841383656102,-0.121301018744419,5.29007511301299));
#2844=CARTESIAN_POINT('',(9.45544362949606,-1.0095708959136,5.2631082988697));
#2845=CARTESIAN_POINT('',(9.31967413344113,-1.88900017758647,5.23614148472641));
#2846=CARTESIAN_POINT('',(9.10229425271213,-2.75188789043033,5.20917467058312));
#2847=CARTESIAN_POINT('',(8.80520753623499,-3.59067791207788,5.18220785643984));
#2848=CARTESIAN_POINT('',(8.43101550857656,-4.39802513846783,5.15524104229655));
#2849=CARTESIAN_POINT('',(7.98299488895276,-5.16685980334356,5.12827422815326));
#2850=CARTESIAN_POINT('',(7.4650688977022,-5.89044938667778,5.10130741400997));
#2851=CARTESIAN_POINT('',(6.88177290148828,-6.56245756990435,5.07434059986669));
#2852=CARTESIAN_POINT('',(6.23821469806748,-7.17699972169905,5.0473737857234));
#2853=CARTESIAN_POINT('',(5.54002978840145,-7.72869442843214,5.02040697158011));
#2854=CARTESIAN_POINT('',(4.79333202778553,-8.21271061805168,4.99344015743682));
#2855=CARTESIAN_POINT('',(4.00466008813104,-8.6248098647439,4.96647334329354));
#2856=CARTESIAN_POINT('',(3.1809202002198,-8.96138350391763,4.93950652915025));
#2857=CARTESIAN_POINT('',(2.3293256773245,-9.2194842325051,4.91253971500696));
#2858=CARTESIAN_POINT('',(1.45733374977365,-9.39685191786186,4.88557290086367));
#2859=CARTESIAN_POINT('',(0.572580263587307,-9.49193338926289,4.85860608672039));
#2860=CARTESIAN_POINT('',(-0.317187184986458,-9.50389603868507,4.8316392725771));
#2861=CARTESIAN_POINT('',(-1.20417709350788,-9.43263511177679,4.80467245843381));
#2862=CARTESIAN_POINT('',(-2.08062228185885,-9.27877462516931,4.77770564429052));
#2863=CARTESIAN_POINT('',(-2.93884790777098,-9.04366190209715,4.75073883014724));
#2864=CARTESIAN_POINT('',(-3.77133867377087,-8.72935577417793,4.72377201600395));
#2865=CARTESIAN_POINT('',(-4.57080463702597,-8.33860855266604,4.69680520186066));
#2866=CARTESIAN_POINT('',(-5.33024504580817,-7.8748419270542,4.66983838771738));
#2867=CARTESIAN_POINT('',(-6.04300964357306,-7.34211700207347,4.64287157357408));
#2868=CARTESIAN_POINT('',(-6.7028569038281,-6.74509873547136,4.6159047594308));
#2869=CARTESIAN_POINT('',(-7.30400868583955,-6.08901508797882,4.58893794528751));
#2870=CARTESIAN_POINT('',(-7.84120083256985,-5.37961124318098,4.56197113114422));
#2871=CARTESIAN_POINT('',(-8.3097292677701,-4.62309929817848,4.53500431700094));
#2872=CARTESIAN_POINT('',(-8.70549118856544,-3.8261038655874,4.50803750285765));
#2873=CARTESIAN_POINT('',(-9.02502099281861,-2.99560406322945,4.48107068871436));
#2874=CARTESIAN_POINT('',(-9.2655206266635,-2.1388723994962,4.45410387457107));
#2875=CARTESIAN_POINT('',(-9.42488408646189,-1.26341108955512,4.42713706042779));
#2876=CARTESIAN_POINT('',(-9.50171586062497,-0.37688636006269,4.40017024628449));
#2877=CARTESIAN_POINT('',(-9.49534314980859,0.512938682335823,4.37320343214121));
#2878=CARTESIAN_POINT('',(-9.40582175847263,1.3982720308639,4.34623661799792));
#2879=CARTESIAN_POINT('',(-9.23393560621328,2.2713610115435,4.31926980385464));
#2880=CARTESIAN_POINT('',(-8.98118986314758,3.12456017169594,4.29230298971135));
#2881=CARTESIAN_POINT('',(-8.64979776946192,3.95039822952889,4.26533617556806));
#2882=CARTESIAN_POINT('',(-8.24266125454315,4.74164349854632,4.23836936142478));
#2883=CARTESIAN_POINT('',(-7.76334552540619,5.49136721387389,4.21140254728148));
#2884=CARTESIAN_POINT('',(-7.21604784694198,6.19300420596478,4.1844357331382));
#2885=CARTESIAN_POINT('',(-6.6055607873703,6.84041039037931,4.15746891899491));
#2886=CARTESIAN_POINT('',(-5.93723025074925,7.42791657021276,4.13050210485162));
#2887=CARTESIAN_POINT('',(-5.21690866404165,7.95037808003497,4.10353529070833));
#2888=CARTESIAN_POINT('',(-4.45090372866907,8.40321983662055,4.07656847656505));
#2889=CARTESIAN_POINT('',(-3.64592318532533,8.78247640197004,4.04960166242176));
#2890=CARTESIAN_POINT('',(-2.80901607573194,9.08482670779872,4.02263484827847));
#2891=CARTESIAN_POINT('',(-1.94751101569374,9.30762313741832,3.99566803413518));
#2892=CARTESIAN_POINT('',(-1.06895201998439,9.44891471034767,3.9687012199919));
#2893=CARTESIAN_POINT('',(-0.181032441029326,9.50746416662973,3.94173440584861));
#2894=CARTESIAN_POINT('',(0.708472400129047,9.48275880125129,3.91476759170532));
#2895=CARTESIAN_POINT('',(1.59177330064769,9.37501495379066,3.88780077756204));
#2896=CARTESIAN_POINT('',(2.46113538425924,9.18517611397846,3.86083396341874));
#2897=CARTESIAN_POINT('',(3.30894583392218,8.91490465976067,3.83386714927546));
#2898=CARTESIAN_POINT('',(4.12778055562451,8.56656730021201,3.80690033513217));
#2899=CARTESIAN_POINT('',(4.9104691895805,8.14321435077292,3.77993352098889));
#2900=CARTESIAN_POINT('',(5.65015789953122,7.64855302229241,3.75296670684559));
#2901=CARTESIAN_POINT('',(6.34036939031658,7.08691495777887,3.72599989270231));
#2902=CARTESIAN_POINT('',(6.97505962815783,6.46321830113265,3.69903307855902));
#2903=CARTESIAN_POINT('',(7.54867076696322,5.78292463001623,3.67206626441573));
#2904=CARTESIAN_POINT('',(8.05617981719243,5.0519911299917,3.64509945027245));
#2905=CARTESIAN_POINT('',(8.49314263109719,4.2768184287263,3.61813263612916));
#2906=CARTESIAN_POINT('',(8.85573281916856,3.46419454707069,3.59116582198587));
#2907=CARTESIAN_POINT('',(9.14077525700799,2.62123545781829,3.56419900784258));
#2908=CARTESIAN_POINT('',(9.34577388920974,1.75532277265998,3.5372321936993));
#2909=CARTESIAN_POINT('',(9.46893358678196,0.874039102995906,3.51026537955601));
#2910=CARTESIAN_POINT('',(9.50917586670567,-0.0148983393639079,3.48329856541272));
#2911=CARTESIAN_POINT('',(9.46614833597897,-0.903705320165829,3.45633175126943));
#2912=CARTESIAN_POINT('',(9.34022777744681,-1.78459874758007,3.42936493712615));
#2913=CARTESIAN_POINT('',(9.13251685039461,-2.64986482706417,3.40239812298285));
#2914=CARTESIAN_POINT('',(8.84483443479768,-3.49192660940498,3.37543130883957));
#2915=CARTESIAN_POINT('',(8.47969970377996,-4.30341034043554,3.34846449469629));
#2916=CARTESIAN_POINT('',(8.04031006375603,-5.07721003141655,3.32149768055299));
#2917=CARTESIAN_POINT('',(7.53051315542994,-5.80654968465353,3.29453086640971));
#2918=CARTESIAN_POINT('',(6.95477316083192,-6.4850426294532,3.26756405226642));
#2919=CARTESIAN_POINT('',(6.3181317114352,-7.10674744882708,3.24059723812313));
#2920=CARTESIAN_POINT('',(5.62616373967205,-7.66622000720386,3.21363042397984));
#2921=CARTESIAN_POINT('',(4.88492866044788,-8.15856112355532,3.18666360983656));
#2922=CARTESIAN_POINT('',(4.10091731014637,-8.57945947247233,3.15969679569327));
#2923=CARTESIAN_POINT('',(3.28099510776939,-8.92522933751546,3.13272998154998));
#2924=CARTESIAN_POINT('',(2.43234193593737,-9.1928428862422,3.10576316740669));
#2925=CARTESIAN_POINT('',(1.56238926819932,-9.37995668428533,3.07879635326341));
#2926=CARTESIAN_POINT('',(0.678755093215131,-9.48493221630434,3.05182953912012));
#2927=CARTESIAN_POINT('',(-0.210822794334931,-9.50685023411236,3.02486272497683));
#2928=CARTESIAN_POINT('',(-1.09855455195627,-9.44551880633507,2.99789591083355));
#2929=CARTESIAN_POINT('',(-1.97666650331754,-9.30147499911255,2.97092909669025));
#2930=CARTESIAN_POINT('',(-2.83746921066467,-9.07598017312639,2.94396228254697));
#2931=CARTESIAN_POINT('',(-3.67342480957564,-8.7710089381352,2.91699546840368));
#2932=CARTESIAN_POINT('',(-4.4772130164203,-8.38923186174098,2.8900286542604));
#2933=CARTESIAN_POINT('',(-5.24179523051176,-7.9339920838023,2.8630618401171));
#2934=CARTESIAN_POINT('',(-5.9604761696209,-7.40927604127655,2.83609502597382));
#2935=CARTESIAN_POINT('',(-6.62696249912475,-6.81967855984779,2.80912821183053));
#2936=CARTESIAN_POINT('',(-7.23541794138614,-6.17036261802504,2.78216139768724));
#2937=CARTESIAN_POINT('',(-7.7805143827834,-5.46701413604849,2.75519458354396));
#2938=CARTESIAN_POINT('',(-8.25747853085694,-4.71579218550714,2.72822776940067));
#2939=CARTESIAN_POINT('',(-8.6621337130061,-3.92327505567178,2.70126095525738));
#2940=CARTESIAN_POINT('',(-8.99093645071411,-3.09640264882875,2.67429414111409));
#2941=CARTESIAN_POINT('',(-9.24100748902825,-2.2424157090462,2.64732732697081));
#2942=CARTESIAN_POINT('',(-9.41015700957714,-1.36879241653349,2.62036051282751));
#2943=CARTESIAN_POINT('',(-9.49690380633987,-0.483182902823264,2.59339369868423));
#2944=CARTESIAN_POINT('',(-9.50048825624896,0.406657739787263,2.56642688454094));
#2945=CARTESIAN_POINT('',(-9.42087897104646,1.29293736791386,2.53946007039766));
#2946=CARTESIAN_POINT('',(-9.2587730721441,2.16789502121127,2.51249325625437));
#2947=CARTESIAN_POINT('',(-9.01559008608091,3.02386888343608,2.48552644211108));
#2948=CARTESIAN_POINT('',(-8.69345951403414,3.85336337532586,2.4585596279678));
#2949=CARTESIAN_POINT('',(-8.29520218423486,4.64911479177688,2.4315928138245));
#2950=CARTESIAN_POINT('',(-7.82430555058101,5.40415490854959,2.40462599968122));
#2951=CARTESIAN_POINT('',(-7.28489315375265,6.11187200151157,2.37765918553793));
#2952=CARTESIAN_POINT('',(-6.68168851225193,6.76606874408574,2.35069237139465));
#2953=CARTESIAN_POINT('',(-6.01997375956604,7.36101647590805,2.32372555725135));
#2954=CARTESIAN_POINT('',(-5.30554338965881,7.8915053674759,2.29675874310807));
#2955=CARTESIAN_POINT('',(-4.54465351583167,8.35289004150613,2.26979192896478));
#2956=CARTESIAN_POINT('',(-3.74396708728311,8.74113025150604,2.24282511482149));
#2957=CARTESIAN_POINT('',(-2.91049554309369,9.0528262613443,2.21585830067821));
#2958=CARTESIAN_POINT('',(-2.05153741455992,9.28524861600992,2.18889148653492));
#2959=CARTESIAN_POINT('',(-1.1746144135233,9.43636204286359,2.16192467239163));
#2960=CARTESIAN_POINT('',(-0.287405566355272,9.50484327408303,2.13495785824835));
#2961=CARTESIAN_POINT('',(0.602320029627344,9.49009263423509,2.10799104410507));
#2962=CARTESIAN_POINT('',(1.48677123847893,9.39223929150472,2.08102422996178));
#2963=CARTESIAN_POINT('',(2.35820311092913,9.21214012659694,2.05405741581849));
#2964=CARTESIAN_POINT('',(3.20898470524011,8.9513722292165,2.02709060167521));
#2965=CARTESIAN_POINT('',(4.03166590972436,8.61221908783212,2.00012378753192));
#2966=CARTESIAN_POINT('',(4.81904268177257,8.19765059365838,1.97315697338864));
#2967=CARTESIAN_POINT('',(5.56422013210749,7.71129703395629,1.94619015924535));
#2968=CARTESIAN_POINT('',(6.26067290184837,7.15741730238742,1.91922334510206));
#2969=CARTESIAN_POINT('',(6.90230230367717,6.54086160479688,1.89225653095878));
#2970=CARTESIAN_POINT('',(7.48348972673352,5.86702898700247,1.8652897168155));
#2971=CARTESIAN_POINT('',(7.99914583758318,5.14182005651006,1.83832290267221));
#2972=CARTESIAN_POINT('',(8.44475514641788,4.37158531216103,1.81135608852892));
#2973=CARTESIAN_POINT('',(8.8164155482297,3.56306953417793,1.78438927438564));
#2974=CARTESIAN_POINT('',(9.1108724927065,2.72335272157268,1.75742246024235));
#2975=CARTESIAN_POINT('',(9.32554748363001,1.85978809411591,1.73045564609907));
#2976=CARTESIAN_POINT('',(9.45856065821335,0.979937701770825,1.70348883195578));
#2977=CARTESIAN_POINT('',(9.50874724865575,0.0915062054458061,1.6765220178125));
#2978=CARTESIAN_POINT('',(9.47566778176394,-0.797726591066276,1.64955520366921));
#2979=CARTESIAN_POINT('',(9.35961192732458,-1.67997386715892,1.62258838952593));
#2980=CARTESIAN_POINT('',(9.16159596152809,-2.54750997292757,1.59562157538264));
#2981=CARTESIAN_POINT('',(8.88335386765641,-3.39273808102647,1.56865476123936));
#2982=CARTESIAN_POINT('',(8.52732215196375,-4.20825671045408,1.54168794709607));
#2983=CARTESIAN_POINT('',(8.09661850771466,-4.98692453973246,1.51472113295278));
#2984=CARTESIAN_POINT('',(7.5950145142138,-5.72192294192564,1.4877543188095));
#2985=CARTESIAN_POINT('',(7.02690260989599,-6.40681569389118,1.46078750466622));
#2986=CARTESIAN_POINT('',(6.39725762868624,-7.03560533690379,1.43382069052293));
#2987=CARTESIAN_POINT('',(5.71159323644765,-7.60278569511326,1.40685387637964));
#2988=CARTESIAN_POINT('',(4.97591364899363,-8.10339009194376,1.37988706223636));
#2989=CARTESIAN_POINT('',(4.19666105445965,-8.53303484221381,1.35292024809307));
#2990=CARTESIAN_POINT('',(3.38065920044544,-8.88795763912593,1.32595343394978));
#2991=CARTESIAN_POINT('',(2.53505363992284,-9.16505049997911,1.2989866198065));
#2992=CARTESIAN_POINT('',(1.6672491591632,-9.36188698210585,1.27201980566321));
#2993=CARTESIAN_POINT('',(0.784844935614417,-9.4767434307094,1.24505299151993));
#2994=CARTESIAN_POINT('',(-0.104432006463774,-9.50861407253861,1.21808617737665));
#2995=CARTESIAN_POINT('',(-0.992794459891637,-9.45721982322827,1.19111936323336));
#2996=CARTESIAN_POINT('',(-1.87246322547013,-9.32301073118096,1.16415254909007));
#2997=CARTESIAN_POINT('',(-2.73573523275743,-9.10716203658983,1.13718573494679));
#2998=CARTESIAN_POINT('',(-3.57505099420234,-8.81156388011267,1.1102189208035));
#2999=CARTESIAN_POINT('',(-4.38306080195308,-8.43880475131613,1.08325210666021));
#3000=CARTESIAN_POINT('',(-5.15268908767038,-7.99214882182858,1.05628529251693));
#3001=CARTESIAN_POINT('',(-5.87719638175969,-7.47550736169018,1.02931847837364));
#3002=CARTESIAN_POINT('',(-6.55023832945891,-6.89340448920134,1.00235166423036));
#3003=CARTESIAN_POINT('',(-7.1659212469903,-6.25093755419013,0.975384850087074));
#3004=CARTESIAN_POINT('',(-7.71885373128385,-5.55373250161593,0.948418035943789));
#3005=CARTESIAN_POINT('',(-8.20419387133441,-4.80789460637295,0.921451221800503));
#3006=CARTESIAN_POINT('',(-8.61769164778226,-4.01995501072744,0.894484407657217));
#3007=CARTESIAN_POINT('',(-8.95572614939797,-3.19681353243989,0.867517593513931));
#3008=CARTESIAN_POINT('',(-9.21533728070589,-2.34567824479557,0.840550779370645));
#3009=CARTESIAN_POINT('',(-9.39425168259993,-1.47400235611217,0.813583965227357));
#3010=CARTESIAN_POINT('',(-9.49090264079743,-0.58941894711361,0.786617151084078));
#3011=CARTESIAN_POINT('',(-9.50444380097853,0.300325883448455,0.75965033694079));
#3012=CARTESIAN_POINT('',(-9.43475659595692,1.18744080071565,0.732683522797505));
#3013=CARTESIAN_POINT('',(-9.28245122487727,2.06415764364707,0.705716708654213));
#3014=CARTESIAN_POINT('',(-9.1267247618154,2.63658505896649,0.68773883255868));
#3015=CARTESIAN_POINT('',(-9.03565497353791,2.91853325471175,0.678749894510911));
#3016=FACE_BOUND('',#3017,.T.);
#3017=EDGE_LOOP('',(#7349,#7350,#7351,#7352,#7353,#7354));
#3018=CONICAL_SURFACE('',#3019,9.975,0.785398163397448);
#3019=AXIS2_PLACEMENT_3D('',#3020,#3021,#3022);
#3020=CARTESIAN_POINT('',(0.,0.,19.5));
#3021=DIRECTION('',(0.,0.,-1.));
#3022=DIRECTION('',(0.,-1.,0.));
#3023=FACE_OUTER_BOUND('',#3024,.T.);
#3024=EDGE_LOOP('',(#7355));
#3025=FACE_OUTER_BOUND('',#3026,.T.);
#3026=EDGE_LOOP('',(#7356));
#3027=CYLINDRICAL_SURFACE('',#3028,4.);
#3028=AXIS2_PLACEMENT_3D('',#3029,#3030,#3031);
#3029=CARTESIAN_POINT('',(0.,0.,-5.));
#3030=DIRECTION('',(0.,0.,-1.));
#3031=DIRECTION('',(-6.12323399573677E-17,1.,0.));
#3032=FACE_BOUND('',#3033,.T.);
#3033=EDGE_LOOP('',(#7357,#7358,#7359,#7360));
#3034=CYLINDRICAL_SURFACE('',#3035,0.261251118616613);
#3035=AXIS2_PLACEMENT_3D('',#3036,#3037,#3038);
#3036=CARTESIAN_POINT('',(-9.15995713763222,2.95868308342968,0.905000000000001));
#3037=DIRECTION('',(0.307365793727775,0.951591440086603,0.));
#3038=DIRECTION('',(0.4757957200433,-0.153682896863887,0.86602540378444));
#3039=FACE_BOUND('',#3040,.T.);
#3040=EDGE_LOOP('',(#7361,#7362,#7363,#7364,#7365,#7366,#7367,#7368,#7369,#7370,
#7371,#7372));
#3041=B_SPLINE_SURFACE_WITH_KNOTS('',1,3,(
(#3042,#3043,#3044,#3045,#3046,#3047,#3048,#3049,#3050,#3051,#3052,#3053,#3054,#3055,
#3056,#3057,#3058,#3059,#3060,#3061,#3062,#3063,#3064,#3065,#3066,#3067,#3068,#3069,
#3070,#3071,#3072,#3073,#3074,#3075,#3076,#3077,#3078,#3079,#3080,#3081,#3082,#3083,
#3084,#3085,#3086,#3087,#3088,#3089,#3090,#3091,#3092,#3093,#3094,#3095,#3096,#3097,
#3098,#3099,#3100,#3101,#3102,#3103,#3104,#3105,#3106,#3107,#3108,#3109,#3110,#3111,
#3112,#3113,#3114,#3115,#3116,#3117,#3118,#3119,#3120,#3121,#3122,#3123,#3124,#3125,
#3126,#3127,#3128,#3129,#3130,#3131,#3132,#3133,#3134,#3135,#3136,#3137,#3138,#3139,
#3140,#3141,#3142,#3143,#3144,#3145,#3146,#3147,#3148,#3149,#3150,#3151,#3152,#3153,
#3154,#3155,#3156,#3157,#3158,#3159,#3160,#3161,#3162,#3163,#3164,#3165,#3166,#3167,
#3168,#3169,#3170,#3171,#3172,#3173,#3174,#3175,#3176,#3177,#3178,#3179,#3180,#3181,
#3182,#3183,#3184,#3185,#3186,#3187,#3188,#3189,#3190,#3191,#3192,#3193,#3194,#3195,
#3196,#3197,#3198,#3199,#3200,#3201,#3202,#3203,#3204,#3205,#3206,#3207,#3208,#3209,
#3210,#3211,#3212,#3213,#3214,#3215,#3216,#3217,#3218,#3219,#3220,#3221,#3222,#3223,
#3224,#3225,#3226,#3227,#3228,#3229,#3230,#3231,#3232,#3233,#3234,#3235,#3236,#3237,
#3238,#3239,#3240,#3241,#3242,#3243,#3244,#3245,#3246,#3247,#3248,#3249,#3250,#3251,
#3252,#3253,#3254,#3255,#3256,#3257,#3258,#3259,#3260,#3261,#3262,#3263,#3264,#3265,
#3266,#3267,#3268,#3269,#3270,#3271,#3272,#3273,#3274,#3275,#3276,#3277,#3278,#3279,
#3280,#3281,#3282,#3283,#3284,#3285,#3286,#3287,#3288,#3289,#3290,#3291,#3292,#3293,
#3294,#3295,#3296,#3297,#3298,#3299,#3300,#3301,#3302,#3303,#3304,#3305,#3306,#3307,
#3308,#3309,#3310,#3311,#3312,#3313,#3314,#3315,#3316,#3317,#3318,#3319,#3320,#3321,
#3322,#3323,#3324,#3325,#3326,#3327,#3328,#3329,#3330,#3331,#3332,#3333,#3334,#3335,
#3336,#3337,#3338,#3339,#3340,#3341,#3342,#3343,#3344,#3345,#3346,#3347,#3348,#3349,
#3350,#3351,#3352,#3353,#3354,#3355,#3356,#3357,#3358,#3359,#3360,#3361,#3362,#3363,
#3364,#3365,#3366,#3367,#3368,#3369,#3370,#3371,#3372,#3373,#3374,#3375,#3376,#3377,
#3378,#3379,#3380,#3381,#3382,#3383,#3384,#3385,#3386,#3387,#3388,#3389,#3390,#3391,
#3392,#3393,#3394,#3395,#3396,#3397,#3398,#3399,#3400,#3401,#3402,#3403,#3404,#3405,
#3406,#3407,#3408,#3409,#3410,#3411,#3412,#3413,#3414,#3415,#3416,#3417,#3418,#3419,
#3420,#3421,#3422,#3423,#3424,#3425,#3426,#3427,#3428,#3429,#3430,#3431,#3432,#3433,
#3434,#3435,#3436,#3437,#3438,#3439,#3440,#3441,#3442,#3443,#3444,#3445,#3446,#3447,
#3448,#3449,#3450,#3451,#3452,#3453,#3454,#3455,#3456,#3457,#3458,#3459,#3460,#3461,
#3462,#3463,#3464,#3465,#3466,#3467,#3468,#3469,#3470,#3471,#3472,#3473,#3474,#3475,
#3476,#3477,#3478,#3479,#3480,#3481,#3482,#3483,#3484,#3485,#3486,#3487,#3488,#3489,
#3490,#3491,#3492,#3493,#3494,#3495,#3496,#3497,#3498,#3499,#3500,#3501,#3502,#3503,
#3504,#3505,#3506,#3507,#3508,#3509,#3510,#3511,#3512,#3513,#3514,#3515,#3516,#3517,
#3518,#3519,#3520,#3521,#3522,#3523,#3524,#3525,#3526,#3527,#3528,#3529,#3530,#3531,
#3532,#3533,#3534,#3535,#3536,#3537,#3538,#3539,#3540,#3541,#3542,#3543,#3544,#3545,
#3546,#3547,#3548,#3549,#3550,#3551,#3552,#3553,#3554,#3555,#3556,#3557,#3558,#3559,
#3560,#3561,#3562,#3563,#3564,#3565,#3566,#3567,#3568,#3569,#3570,#3571,#3572,#3573,
#3574,#3575,#3576,#3577,#3578,#3579,#3580,#3581,#3582,#3583,#3584,#3585,#3586,#3587,
#3588,#3589,#3590,#3591,#3592,#3593,#3594,#3595,#3596,#3597,#3598,#3599,#3600,#3601,
#3602,#3603,#3604,#3605,#3606,#3607,#3608,#3609,#3610,#3611,#3612,#3613,#3614,#3615,
#3616,#3617,#3618,#3619,#3620,#3621,#3622,#3623,#3624,#3625,#3626,#3627,#3628,#3629,
#3630,#3631,#3632,#3633,#3634,#3635,#3636,#3637,#3638,#3639,#3640,#3641,#3642,#3643,
#3644,#3645,#3646,#3647,#3648,#3649,#3650,#3651,#3652,#3653,#3654,#3655,#3656,#3657,
#3658,#3659,#3660,#3661,#3662,#3663,#3664,#3665,#3666,#3667,#3668,#3669,#3670,#3671,
#3672,#3673,#3674,#3675,#3676,#3677,#3678,#3679,#3680,#3681,#3682,#3683,#3684,#3685,
#3686,#3687,#3688,#3689,#3690,#3691,#3692,#3693,#3694,#3695,#3696,#3697,#3698,#3699,
#3700,#3701,#3702,#3703,#3704,#3705,#3706,#3707,#3708,#3709,#3710,#3711,#3712,#3713,
#3714,#3715,#3716,#3717,#3718,#3719,#3720,#3721,#3722,#3723,#3724,#3725,#3726,#3727,
#3728,#3729,#3730,#3731,#3732,#3733,#3734,#3735,#3736,#3737,#3738,#3739,#3740,#3741,
#3742,#3743,#3744,#3745,#3746,#3747,#3748,#3749,#3750,#3751,#3752,#3753,#3754,#3755,
#3756,#3757,#3758,#3759,#3760),
(#3761,#3762,#3763,#3764,#3765,#3766,#3767,#3768,#3769,#3770,#3771,#3772,#3773,#3774,
#3775,#3776,#3777,#3778,#3779,#3780,#3781,#3782,#3783,#3784,#3785,#3786,#3787,#3788,
#3789,#3790,#3791,#3792,#3793,#3794,#3795,#3796,#3797,#3798,#3799,#3800,#3801,#3802,
#3803,#3804,#3805,#3806,#3807,#3808,#3809,#3810,#3811,#3812,#3813,#3814,#3815,#3816,
#3817,#3818,#3819,#3820,#3821,#3822,#3823,#3824,#3825,#3826,#3827,#3828,#3829,#3830,
#3831,#3832,#3833,#3834,#3835,#3836,#3837,#3838,#3839,#3840,#3841,#3842,#3843,#3844,
#3845,#3846,#3847,#3848,#3849,#3850,#3851,#3852,#3853,#3854,#3855,#3856,#3857,#3858,
#3859,#3860,#3861,#3862,#3863,#3864,#3865,#3866,#3867,#3868,#3869,#3870,#3871,#3872,
#3873,#3874,#3875,#3876,#3877,#3878,#3879,#3880,#3881,#3882,#3883,#3884,#3885,#3886,
#3887,#3888,#3889,#3890,#3891,#3892,#3893,#3894,#3895,#3896,#3897,#3898,#3899,#3900,
#3901,#3902,#3903,#3904,#3905,#3906,#3907,#3908,#3909,#3910,#3911,#3912,#3913,#3914,
#3915,#3916,#3917,#3918,#3919,#3920,#3921,#3922,#3923,#3924,#3925,#3926,#3927,#3928,
#3929,#3930,#3931,#3932,#3933,#3934,#3935,#3936,#3937,#3938,#3939,#3940,#3941,#3942,
#3943,#3944,#3945,#3946,#3947,#3948,#3949,#3950,#3951,#3952,#3953,#3954,#3955,#3956,
#3957,#3958,#3959,#3960,#3961,#3962,#3963,#3964,#3965,#3966,#3967,#3968,#3969,#3970,
#3971,#3972,#3973,#3974,#3975,#3976,#3977,#3978,#3979,#3980,#3981,#3982,#3983,#3984,
#3985,#3986,#3987,#3988,#3989,#3990,#3991,#3992,#3993,#3994,#3995,#3996,#3997,#3998,
#3999,#4000,#4001,#4002,#4003,#4004,#4005,#4006,#4007,#4008,#4009,#4010,#4011,#4012,
#4013,#4014,#4015,#4016,#4017,#4018,#4019,#4020,#4021,#4022,#4023,#4024,#4025,#4026,
#4027,#4028,#4029,#4030,#4031,#4032,#4033,#4034,#4035,#4036,#4037,#4038,#4039,#4040,
#4041,#4042,#4043,#4044,#4045,#4046,#4047,#4048,#4049,#4050,#4051,#4052,#4053,#4054,
#4055,#4056,#4057,#4058,#4059,#4060,#4061,#4062,#4063,#4064,#4065,#4066,#4067,#4068,
#4069,#4070,#4071,#4072,#4073,#4074,#4075,#4076,#4077,#4078,#4079,#4080,#4081,#4082,
#4083,#4084,#4085,#4086,#4087,#4088,#4089,#4090,#4091,#4092,#4093,#4094,#4095,#4096,
#4097,#4098,#4099,#4100,#4101,#4102,#4103,#4104,#4105,#4106,#4107,#4108,#4109,#4110,
#4111,#4112,#4113,#4114,#4115,#4116,#4117,#4118,#4119,#4120,#4121,#4122,#4123,#4124,
#4125,#4126,#4127,#4128,#4129,#4130,#4131,#4132,#4133,#4134,#4135,#4136,#4137,#4138,
#4139,#4140,#4141,#4142,#4143,#4144,#4145,#4146,#4147,#4148,#4149,#4150,#4151,#4152,
#4153,#4154,#4155,#4156,#4157,#4158,#4159,#4160,#4161,#4162,#4163,#4164,#4165,#4166,
#4167,#4168,#4169,#4170,#4171,#4172,#4173,#4174,#4175,#4176,#4177,#4178,#4179,#4180,
#4181,#4182,#4183,#4184,#4185,#4186,#4187,#4188,#4189,#4190,#4191,#4192,#4193,#4194,
#4195,#4196,#4197,#4198,#4199,#4200,#4201,#4202,#4203,#4204,#4205,#4206,#4207,#4208,
#4209,#4210,#4211,#4212,#4213,#4214,#4215,#4216,#4217,#4218,#4219,#4220,#4221,#4222,
#4223,#4224,#4225,#4226,#4227,#4228,#4229,#4230,#4231,#4232,#4233,#4234,#4235,#4236,
#4237,#4238,#4239,#4240,#4241,#4242,#4243,#4244,#4245,#4246,#4247,#4248,#4249,#4250,
#4251,#4252,#4253,#4254,#4255,#4256,#4257,#4258,#4259,#4260,#4261,#4262,#4263,#4264,
#4265,#4266,#4267,#4268,#4269,#4270,#4271,#4272,#4273,#4274,#4275,#4276,#4277,#4278,
#4279,#4280,#4281,#4282,#4283,#4284,#4285,#4286,#4287,#4288,#4289,#4290,#4291,#4292,
#4293,#4294,#4295,#4296,#4297,#4298,#4299,#4300,#4301,#4302,#4303,#4304,#4305,#4306,
#4307,#4308,#4309,#4310,#4311,#4312,#4313,#4314,#4315,#4316,#4317,#4318,#4319,#4320,
#4321,#4322,#4323,#4324,#4325,#4326,#4327,#4328,#4329,#4330,#4331,#4332,#4333,#4334,
#4335,#4336,#4337,#4338,#4339,#4340,#4341,#4342,#4343,#4344,#4345,#4346,#4347,#4348,
#4349,#4350,#4351,#4352,#4353,#4354,#4355,#4356,#4357,#4358,#4359,#4360,#4361,#4362,
#4363,#4364,#4365,#4366,#4367,#4368,#4369,#4370,#4371,#4372,#4373,#4374,#4375,#4376,
#4377,#4378,#4379,#4380,#4381,#4382,#4383,#4384,#4385,#4386,#4387,#4388,#4389,#4390,
#4391,#4392,#4393,#4394,#4395,#4396,#4397,#4398,#4399,#4400,#4401,#4402,#4403,#4404,
#4405,#4406,#4407,#4408,#4409,#4410,#4411,#4412,#4413,#4414,#4415,#4416,#4417,#4418,
#4419,#4420,#4421,#4422,#4423,#4424,#4425,#4426,#4427,#4428,#4429,#4430,#4431,#4432,
#4433,#4434,#4435,#4436,#4437,#4438,#4439,#4440,#4441,#4442,#4443,#4444,#4445,#4446,
#4447,#4448,#4449,#4450,#4451,#4452,#4453,#4454,#4455,#4456,#4457,#4458,#4459,#4460,
#4461,#4462,#4463,#4464,#4465,#4466,#4467,#4468,#4469,#4470,#4471,#4472,#4473,#4474,
#4475,#4476,#4477,#4478,#4479)),
.UNSPECIFIED.,.F.,.F.,.F.,
(2,2),
(4,1,1,1,1,1,1,1,1,1,1,1,1,1,1,1,1,1,1,1,1,1,1,1,1,1,1,1,1,1,1,1,1,1,1,1,1,1,1,1,
1,1,1,1,1,1,1,1,1,1,1,1,1,1,1,1,1,1,1,1,1,1,1,1,1,1,1,1,1,1,1,1,1,1,1,1,1,1,1,1,
1,1,1,1,1,1,1,1,1,1,1,1,1,1,1,1,1,1,1,1,1,1,1,1,1,1,1,1,1,1,1,1,1,1,1,1,1,1,1,1,
1,1,1,1,1,1,1,1,1,1,1,1,1,1,1,1,1,1,1,1,1,1,1,1,1,1,1,1,1,1,1,1,1,1,1,1,1,1,1,1,
1,1,1,1,1,1,1,1,1,1,1,1,1,1,1,1,1,1,1,1,1,1,1,1,1,1,1,1,1,1,1,1,1,1,1,1,1,1,1,1,
1,1,1,1,1,1,1,1,1,1,1,1,1,1,1,1,1,1,1,1,1,1,1,1,1,1,1,1,1,1,1,1,1,1,1,1,1,1,1,1,
1,1,1,1,1,1,1,1,1,1,1,1,1,1,1,1,1,1,1,1,1,1,1,1,1,1,1,1,1,1,1,1,1,1,1,1,1,1,1,1,
1,1,1,1,1,1,1,1,1,1,1,1,1,1,1,1,1,1,1,1,1,1,1,1,1,1,1,1,1,1,1,1,1,1,1,1,1,1,1,1,
1,1,1,1,1,1,1,1,1,1,1,1,1,1,1,1,1,1,1,1,1,1,1,1,1,1,1,1,1,1,1,1,1,1,1,1,1,1,1,1,
1,1,1,1,1,1,1,1,1,1,1,1,1,1,1,1,1,1,1,1,1,1,1,1,1,1,1,1,1,1,1,1,1,1,1,1,1,1,1,1,
1,1,1,1,1,1,1,1,1,1,1,1,1,1,1,1,1,1,1,1,1,1,1,1,1,1,1,1,1,1,1,1,1,1,1,1,1,1,1,1,
1,1,1,1,1,1,1,1,1,1,1,1,1,1,1,1,1,1,1,1,1,1,1,1,1,1,1,1,1,1,1,1,1,1,1,1,1,1,1,1,
1,1,1,1,1,1,1,1,1,1,1,1,1,1,1,1,1,1,1,1,1,1,1,1,1,1,1,1,1,1,1,1,1,1,1,1,1,1,1,1,
1,1,1,1,1,1,1,1,1,1,1,1,1,1,1,1,1,1,1,1,1,1,1,1,1,1,1,1,1,1,1,1,1,1,1,1,1,1,1,1,
1,1,1,1,1,1,1,1,1,1,1,1,1,1,1,1,1,1,1,1,1,1,1,1,1,1,1,1,1,1,1,1,1,1,1,1,1,1,1,1,
1,1,1,1,1,1,1,1,1,1,1,1,1,1,1,1,1,1,1,1,1,1,1,1,1,1,1,1,1,1,1,1,1,1,1,1,1,1,1,1,
1,1,1,1,1,1,1,1,1,1,1,1,1,1,1,1,1,1,1,1,1,1,1,1,1,1,1,1,1,1,1,1,1,1,1,1,1,1,1,1,
1,1,1,1,1,1,1,1,1,1,1,1,1,1,1,1,1,1,1,1,1,1,1,1,1,1,1,1,1,1,1,1,1,1,1,1,4),
(0.,1.),
(2.42669499960823,2.52027148977328,2.61384797993834,2.70742447010339,2.80100096026844,
2.89457745043349,2.98815394059854,3.0817304307636,3.17530692092865,3.2688834110937,
3.36245990125875,3.45603639142381,3.54961288158886,3.64318937175391,3.73676586191896,
3.83034235208401,3.92391884224907,4.01749533241412,4.11107182257917,4.20464831274422,
4.29822480290928,4.39180129307433,4.48537778323938,4.57895427340443,4.67253076356948,
4.76610725373454,4.85968374389959,4.95326023406464,5.04683672422969,5.14041321439475,
5.2339897045598,5.32756619472485,5.4211426848899,5.51471917505495,5.60829566522001,
5.70187215538506,5.79544864555011,5.88902513571516,5.98260162588022,6.07617811604527,
6.16975460621032,6.26333109637537,6.35690758654042,6.45048407670548,6.54406056687053,
6.63763705703558,6.73121354720063,6.82479003736568,6.91836652753074,7.01194301769579,
7.10551950786084,7.19909599802589,7.29267248819095,7.386248978356,7.47982546852105,
7.5734019586861,7.66697844885115,7.76055493901621,7.85413142918126,7.94770791934631,
8.04128440951136,8.13486089967641,8.22843738984147,8.32201388000652,8.41559037017157,
8.50916686033662,8.60274335050168,8.69631984066673,8.78989633083178,8.88347282099683,
8.97704931116188,9.07062580132694,9.16420229149199,9.25777878165704,9.35135527182209,
9.44493176198715,9.5385082521522,9.63208474231725,9.7256612324823,9.81923772264735,
9.91281421281241,10.0063907029775,10.0999671931425,10.1935436833076,10.2871201734726,
10.3806966636377,10.4742731538027,10.5678496439678,10.6614261341328,10.7550026242979,
10.8485791144629,10.942155604628,11.035732094793,11.1293085849581,11.2228850751231,
11.3164615652882,11.4100380554532,11.5036145456183,11.5971910357833,11.6907675259484,
11.7843440161135,11.8779205062785,11.9714969964436,12.0650734866086,12.1586499767737,
12.2522264669387,12.3458029571038,12.4393794472688,12.5329559374339,12.6265324275989,
12.720108917764,12.813685407929,12.9072618980941,13.0008383882591,13.0944148784242,
13.1879913685892,13.2815678587543,13.3751443489193,13.4687208390844,13.5622973292494,
13.6558738194145,13.7494503095795,13.8430267997446,13.9366032899097,14.0301797800747,
14.1237562702398,14.2173327604048,14.3109092505699,14.4044857407349,14.4980622309,
14.591638721065,14.6852152112301,14.7787917013951,14.8723681915602,14.9659446817252,
15.0595211718903,15.1530976620553,15.2466741522204,15.3402506423854,15.4338271325505,
15.5274036227155,15.6209801128806,15.7145566030456,15.8081330932107,15.9017095833757,
15.9952860735408,16.0888625637059,16.1824390538709,16.276015544036,16.369592034201,
16.4631685243661,16.5567450145311,16.6503215046962,16.7438979948612,16.8374744850263,
16.9310509751913,17.0246274653564,17.1182039555214,17.2117804456865,17.3053569358515,
17.3989334260166,17.4925099161816,17.5860864063467,17.6796628965117,17.7732393866768,
17.8668158768418,17.9603923670069,18.0539688571719,18.147545347337,18.2411218375021,
18.3346983276671,18.4282748178322,18.5218513079972,18.6154277981623,18.7090042883273,
18.8025807784924,18.8961572686574,18.9897337588225,19.0833102489875,19.1768867391526,
19.2704632293176,19.3640397194827,19.4576162096477,19.5511926998128,19.6447691899778,
19.7383456801429,19.8319221703079,19.925498660473,20.019075150638,20.1126516408031,
20.2062281309681,20.2998046211332,20.3933811112983,20.4869576014633,20.5805340916284,
20.6741105817934,20.7676870719585,20.8612635621235,20.9548400522886,21.0484165424536,
21.1419930326187,21.2355695227837,21.3291460129488,21.4227225031138,21.5162989932789,
21.6098754834439,21.703451973609,21.797028463774,21.8906049539391,21.9841814441041,
22.0777579342692,22.1713344244342,22.2649109145993,22.3584874047644,22.4520638949294,
22.5456403850945,22.6392168752595,22.7327933654246,22.8263698555896,22.9199463457547,
23.0135228359197,23.1070993260848,23.2006758162498,23.2942523064149,23.3878287965799,
23.481405286745,23.57498177691,23.6685582670751,23.7621347572401,23.8557112474052,
23.9492877375702,24.0428642277353,24.1364407179003,24.2300172080654,24.3235936982304,
24.4171701883955,24.5107466785606,24.6043231687256,24.6978996588907,24.7914761490557,
24.8850526392208,24.9786291293858,25.0722056195509,25.1657821097159,25.259358599881,
25.352935090046,25.4465115802111,25.5400880703761,25.6336645605412,25.7272410507062,
25.8208175408713,25.9143940310363,26.0079705212014,26.1015470113664,26.1951235015315,
26.2886999916965,26.3822764818616,26.4758529720266,26.5694294621917,26.6630059523568,
26.7565824425218,26.8501589326869,26.9437354228519,27.037311913017,27.130888403182,
27.2244648933471,27.3180413835121,27.4116178736772,27.5051943638422,27.5987708540073,
27.6923473441723,27.7859238343374,27.8795003245024,27.9730768146675,28.0666533048325,
28.1602297949976,28.2538062851626,28.3473827753277,28.4409592654927,28.5345357556578,
28.6281122458228,28.7216887359879,28.815265226153,28.908841716318,29.0024182064831,
29.0959946966481,29.1895711868132,29.2831476769782,29.3767241671433,29.4703006573083,
29.5638771474734,29.6574536376384,29.7510301278035,29.8446066179685,29.9381831081336,
30.0317595982986,30.1253360884637,30.2189125786287,30.3124890687938,30.4060655589588,
30.4996420491239,30.5932185392889,30.686795029454,30.780371519619,30.8739480097841,
30.9675244999492,31.0611009901142,31.1546774802793,31.2482539704443,31.3418304606094,
31.4354069507744,31.5289834409395,31.6225599311045,31.7161364212696,31.8097129114346,
31.9032894015997,31.9968658917647,32.0904423819298,32.1840188720948,32.2775953622599,
32.3711718524249,32.46474834259,32.558324832755,32.6519013229201,32.7454778130851,
32.8390543032502,32.9326307934152,33.0262072835803,33.1197837737453,33.2133602639104,
33.3069367540754,33.4005132442405,33.4940897344055,33.5876662245706,33.6812427147356,
33.7748192049007,33.8683956950657,33.9619721852307,34.0555486753958,34.1491251655608,
34.2427016557259,34.3362781458909,34.429854636056,34.523431126221,34.6170076163861,
34.7105841065511,34.8041605967162,34.8977370868812,34.9913135770463,35.0848900672113,
35.1784665573764,35.2720430475414,35.3656195377065,35.4591960278715,35.5527725180366,
35.6463490082016,35.7399254983667,35.8335019885317,35.9270784786968,36.0206549688618,
36.1142314590269,36.2078079491919,36.301384439357,36.394960929522,36.4885374196871,
36.5821139098521,36.6756904000172,36.7692668901822,36.8628433803473,36.9564198705123,
37.0499963606774,37.1435728508424,37.2371493410075,37.3307258311725,37.4243023213375,
37.5178788115026,37.6114553016676,37.7050317918327,37.7986082819977,37.8921847721628,
37.9857612623278,38.0793377524929,38.1729142426579,38.266490732823,38.360067222988,
38.4536437131531,38.5472202033181,38.6407966934832,38.7343731836482,38.8279496738133,
38.9215261639783,39.0151026541434,39.1086791443084,39.2022556344735,39.2958321246385,
39.3894086148036,39.4829851049686,39.5765615951337,39.6701380852987,39.7637145754638,
39.8572910656288,39.9508675557939,40.0444440459589,40.138020536124,40.231597026289,
40.3251735164541,40.4187500066191,40.5123264967842,40.6059029869492,40.6994794771143,
40.7930559672793,40.8866324574443,40.9802089476094,41.0737854377744,41.1673619279395,
41.2609384181045,41.3545149082696,41.4480913984346,41.5416678885997,41.6352443787647,
41.7288208689298,41.8223973590948,41.9159738492599,42.0095503394249,42.10312682959,
42.196703319755,42.2902798099201,42.3838563000851,42.4774327902502,42.5710092804152,
42.6645857705803,42.7581622607453,42.8517387509104,42.9453152410754,43.0388917312405,
43.1324682214055,43.2260447115706,43.3196212017356,43.4131976919007,43.5067741820657,
43.6003506722308,43.6939271623958,43.7875036525609,43.8810801427259,43.974656632891,
44.068233123056,44.1618096132211,44.2553861033861,44.3489625935511,44.4425390837162,
44.5361155738812,44.6296920640463,44.7232685542113,44.8168450443764,44.9104215345414,
45.0039980247065,45.0975745148715,45.1911510050366,45.2847274952016,45.3783039853667,
45.4718804755317,45.5654569656968,45.6590334558618,45.7526099460269,45.8461864361919,
45.939762926357,46.033339416522,46.1269159066871,46.2204923968521,46.3140688870172,
46.4076453771822,46.5012218673473,46.5947983575123,46.6883748476774,46.7819513378424,
46.8755278280075,46.9691043181725,47.0626808083376,47.1562572985026,47.2498337886677,
47.3434102788327,47.4369867689978,47.5305632591628,47.6241397493279,47.7177162394929,
47.8112927296579,47.904869219823,47.998445709988,48.0920222001531,48.1855986903181,
48.2791751804832,48.3727516706482,48.4663281608133,48.5599046509783,48.6534811411434,
48.7470576313084,48.8406341214735,48.9342106116385,49.0277871018036,49.1213635919686,
49.2149400821337,49.3085165722987,49.4020930624638,49.4956695526288,49.5892460427939,
49.6828225329589,49.776399023124,49.869975513289,49.9635520034541,50.0571284936191,
50.1507049837842,50.2442814739492,50.3378579641143,50.4314344542793,50.5250109444444,
50.6185874346094,50.7121639247745,50.8057404149395,50.8993169051046,50.9928933952696,
51.0864698854347,51.1800463755997,51.2736228657648,51.3671993559298,51.4607758460948,
51.5543523362599,51.6479288264249,51.74150531659,51.835081806755,51.9286582969201,
52.0222347870851,52.1158112772502,52.2093877674152,52.3029642575803,52.3965407477453,
52.4901172379104,52.5836937280754,52.6772702182405,52.7708467084055,52.8644231985706,
52.9579996887356,53.0515761789007,53.1451526690657,53.2387291592308,53.3323056493958,
53.4258821395609,53.5194586297259,53.613035119891,53.706611610056,53.8001881002211,
53.8937645903861,53.9873410805512,54.0809175707162,54.1744940608813,54.2680705510463,
54.3616470412114,54.4552235313764,54.5488000215415,54.6423765117065,54.7359530018716,
54.8295294920366,54.9231059822016,55.0166824723667,55.1102589625317,55.2038354526968,
55.2974119428618,55.3909884330269,55.4845649231919,55.578141413357,55.671717903522,
55.7652943936871,55.8588708838521,55.9524473740172,56.0460238641822,56.1396003543473,
56.2331768445123,56.3267533346774,56.4203298248424,56.5139063150075,56.6074828051725,
56.7010592953376,56.7946357855026,56.8882122756677,56.9817887658327,57.0753652559978,
57.1689417461628,57.2625182363279,57.3560947264929,57.449671216658,57.543247706823,
57.6368241969881,57.7304006871531,57.8239771773182,57.9175536674832,58.0111301576483,
58.1047066478133,58.1982831379784,58.2918596281434,58.3854361183084,58.4790126084735,
58.5725890986385,58.6661655888036,58.7597420789686,58.8533185691337,58.9468950592987,
59.0404715494638,59.1340480396288,59.2276245297939,59.3212010199589,59.414777510124,
59.508354000289,59.6019304904541,59.6955069806191,59.7890834707842,59.8826599609492,
59.9762364511143,60.0698129412793,60.1633894314444,60.2569659216094,60.3505424117745,
60.4441189019395,60.5376953921046,60.6312718822696,60.7248483724347,60.8184248625997,
60.9120013527648,61.0055778429298,61.0991543330949,61.1927308232599,61.286307313425,
61.37988380359,61.4734602937551,61.5670367839201,61.6606132740852,61.7541897642502,
61.8477662544152,61.9413427445803,62.0349192347453,62.1284957249104,62.2220722150754,
62.3156487052405,62.4092251954055,62.5028016855706,62.5963781757356,62.6899546659007,
62.7835311560657,62.8771076462308,62.9706841363958,63.0642606265609,63.1578371167259,
63.251413606891,63.344990097056,63.4385665872211,63.5321430773861,63.6257195675512,
63.7192960577162,63.8128725478813,63.9064490380463,64.0000255282114,64.0936020183764,
64.1871785085415,64.2807549987065,64.3743314888716,64.4679079790366,64.5614844692017,
64.6550609593667,64.7486374495318,64.8422139396968,64.9357904298619,65.0293669200269,
65.122943410192,65.216519900357,65.310096390522,65.4036728806871,65.4972493708521,
65.5908258610172,65.6844023511822,65.7779788413473,65.8715553315123,65.9651318216774,
66.0587083118424,66.1522848020075,66.2458612921725,66.3394377823376,66.4330142725026,
66.5265907626677,66.6201672528327,66.7137437429978,66.8073202331628,66.9008967233279,
66.9944732134929,67.088049703658,67.181626193823,67.2752026839881,67.3687791741531,
67.4623556643182,67.5559321544832,67.6495086446483,67.7430851348133,67.8366616249784,
67.9302381151434,68.0238146053085,68.1173910954735,68.2109675856386,68.3045440758036,
68.3981205659687,68.4916970561337,68.5852735462988,68.6788500364638,68.7724265266288,
68.8660030167939,68.9595795069589,69.053155997124,69.146732487289,69.2403089774541,
69.3338854676191,69.4274619577855),
.UNSPECIFIED.);
#3042=CARTESIAN_POINT('',(7.17048091039519,6.22455626316744,19.97969078125));
#3043=CARTESIAN_POINT('',(7.36463828637589,6.00089345103734,19.9707052407999));
#3044=CARTESIAN_POINT('',(7.73200789354208,5.53538632967652,19.9527341598998));
#3045=CARTESIAN_POINT('',(8.21540613863566,4.78868980218771,19.9257775385496));
#3046=CARTESIAN_POINT('',(8.62691810857893,4.00009148825743,19.8988209171994));
#3047=CARTESIAN_POINT('',(8.96294308123431,3.17649166835468,19.8718642958492));
#3048=CARTESIAN_POINT('',(9.22054075947223,2.32509700637439,19.844907674499));
#3049=CARTESIAN_POINT('',(9.39745712502025,1.45335734523807,19.8179510531489));
#3050=CARTESIAN_POINT('',(9.49214412781656,0.568900558303227,19.7909944317987));
#3051=CARTESIAN_POINT('',(9.50377324074173,-0.320534206237415,19.7640378104485));
#3052=CARTESIAN_POINT('',(9.43224270695407,-1.20716424144398,19.7370811890983));
#3053=CARTESIAN_POINT('',(9.27817843092774,-2.08323138239736,19.7101245677481));
#3054=CARTESIAN_POINT('',(9.04292850150738,-2.94106989127343,19.6831679463979));
#3055=CARTESIAN_POINT('',(8.72855139594607,-3.7731735339181,19.6562113250477));
#3056=CARTESIAN_POINT('',(8.33779796786353,-4.57226126066983,19.6292547036975));
#3057=CARTESIAN_POINT('',(7.87408737680838,-5.33134091679743,19.6022980823473));
#3058=CARTESIAN_POINT('',(7.34147717002434,-6.0437704250528,19.5753414609971));
#3059=CARTESIAN_POINT('',(6.74462777821591,-6.70331590498686,19.5483848396469));
#3060=CARTESIAN_POINT('',(6.08876173597991,-7.30420622047313,19.5214282182967));
#3061=CARTESIAN_POINT('',(5.37961798373153,-7.84118347813924,19.4944715969465));
#3062=CARTESIAN_POINT('',(4.62340165099097,-8.30954903483609,19.4675149755963));
#3063=CARTESIAN_POINT('',(3.82672976043533,-8.70520461157175,19.4405583542461));
#3064=CARTESIAN_POINT('',(2.99657332781469,-9.02468815415586,19.4136017328959));
#3065=CARTESIAN_POINT('',(2.1401963643681,-9.26520412676791,19.3866451115457));
#3066=CARTESIAN_POINT('',(1.26509231547874,-9.42464797337535,19.3596884901955));
#3067=CARTESIAN_POINT('',(0.37891849174097,-9.50162453296005,19.3327318688454));
#3068=CARTESIAN_POINT('',(-0.510570933821392,-9.49546024741657,19.3057752474952));
#3069=CARTESIAN_POINT('',(-1.3955927760996,-9.40620905530119,19.278818626145));
#3070=CARTESIAN_POINT('',(-2.26840294210527,-9.23465191986031,19.2518620047948));
#3071=CARTESIAN_POINT('',(-3.12136419311291,-8.98228999546798,19.2249053834446));
#3072=CARTESIAN_POINT('',(-3.94701297180931,-8.65133149226757,19.1979487620944));
#3073=CARTESIAN_POINT('',(-4.73812470970078,-8.24467235395407,19.1709921407442));
#3074=CARTESIAN_POINT('',(-5.48777704332713,-7.76587091776983,19.144035519394));
#3075=CARTESIAN_POINT('',(-6.18941038612991,-7.2191167784431,19.1170788980438));
#3076=CARTESIAN_POINT('',(-6.83688532596035,-6.60919412851518,19.0901222766936));
#3077=CARTESIAN_POINT('',(-7.42453634598918,-5.94143989583477,19.0631656553434));
#3078=CARTESIAN_POINT('',(-7.9472213989511,-5.22169704452348,19.0362090339932));
#3079=CARTESIAN_POINT('',(-8.40036690094071,-4.45626344803707,19.009252412643));
#3080=CARTESIAN_POINT('',(-8.7800077510565,-3.6518367816921,18.9822957912928));
#3081=CARTESIAN_POINT('',(-9.08282202671414,-2.81545591685751,18.9553391699426));
#3082=CARTESIAN_POINT('',(-9.30616005103915,-1.95443932962232,18.9283825485924));
#3083=CARTESIAN_POINT('',(-9.4480675779942,-1.07632106287403,18.9014259272422));
#3084=CARTESIAN_POINT('',(-9.50730289236732,-0.188784802130482,18.874469305892));
#3085=CARTESIAN_POINT('',(-9.48334767499305,0.700403358026903,18.8475126845419));
#3086=CARTESIAN_POINT('',(-9.37641153813409,1.58346286861337,18.8205560631917));
#3087=CARTESIAN_POINT('',(-9.18743019133806,2.45266680737957,18.7935994418415));
#3088=CARTESIAN_POINT('',(-8.91805725381831,3.30040949070719,18.7666428204913));
#3089=CARTESIAN_POINT('',(-8.57064978500217,4.11927302464571,18.7396861991411));
#3090=CARTESIAN_POINT('',(-8.14824765985637,4.90209221275739,18.7127295777909));
#3091=CARTESIAN_POINT('',(-7.65454696945953,5.64201725281565,18.6857729564407));
#3092=CARTESIAN_POINT('',(-7.09386767957093,6.33257367374991,18.6588163350905));
#3093=CARTESIAN_POINT('',(-6.47111583018884,6.96771898837854,18.6318597137403));
#3094=CARTESIAN_POINT('',(-5.79174060685865,7.54189556620855,18.6049030923901));
#3095=CARTESIAN_POINT('',(-5.06168665936428,8.05007926365605,18.5779464710399));
#3096=CARTESIAN_POINT('',(-4.2873420850225,8.48782338616482,18.5509898496897));
#3097=CARTESIAN_POINT('',(-3.47548253173519,8.85129759754665,18.5240332283395));
#3098=CARTESIAN_POINT('',(-2.6332119099075,9.13732143608031,18.4970766069893));
#3099=CARTESIAN_POINT('',(-1.76790023201284,9.34339214409737,18.4701199856391));
#3100=CARTESIAN_POINT('',(-0.887119123718992,9.46770656754124,18.4431633642889));
#3101=CARTESIAN_POINT('',(0.00142442913573418,9.50917693387462,18.4162067429387));
#3102=CARTESIAN_POINT('',(0.889955517991089,9.46744037027584,18.3892501215885));
#3103=CARTESIAN_POINT('',(1.77069934334897,9.34286207883831,18.3622935002384));
#3104=CARTESIAN_POINT('',(2.63594924560314,9.13653214098958,18.3353368788882));
#3105=CARTESIAN_POINT('',(3.47813413963328,8.85025597909173,18.308380257538));
#3106=CARTESIAN_POINT('',(4.28988476309893,8.48653855868593,18.2814236361878));
#3107=CARTESIAN_POINT('',(5.06409815874956,8.04856246961411,18.2544670148376));
#3108=CARTESIAN_POINT('',(5.79399982651934,7.5401600778117,18.2275103934874));
#3109=CARTESIAN_POINT('',(6.47320300156524,6.96577999144807,18.2005537721372));
#3110=CARTESIAN_POINT('',(7.09576453955534,6.33044813484167,18.173597150787));
#3111=CARTESIAN_POINT('',(7.65623692020159,5.63972377075984,18.1466405294368));
#3112=CARTESIAN_POINT('',(8.14971591399709,4.89965085591556,18.1196839080866));
#3113=CARTESIAN_POINT('',(8.57188349506586,4.11670515530915,18.0927272867364));
#3114=CARTESIAN_POINT('',(8.91904562463022,3.29773757817325,18.0657706653862));
#3115=CARTESIAN_POINT('',(9.18816457448398,2.44991423134141,18.038814044036));
#3116=CARTESIAN_POINT('',(9.37688550763548,1.58065371458366,18.0118574226858));
#3117=CARTESIAN_POINT('',(9.48355708353543,0.697562206585455,17.9849008013356));
#3118=CARTESIAN_POINT('',(9.50724590759002,-0.19163309042102,17.9579441799854));
#3119=CARTESIAN_POINT('',(9.44774469852379,-1.07915156500236,17.9309875586352));
#3120=CARTESIAN_POINT('',(9.30557410212641,-1.9572272782091,17.9040309372851));
#3121=CARTESIAN_POINT('',(9.0819781355126,-2.8181769168742,17.8770743159349));
#3122=CARTESIAN_POINT('',(8.77891330175899,-3.65446702392164,17.8501176945847));
#3123=CARTESIAN_POINT('',(8.39903147016638,-4.4587799174086,17.8231610732345));
#3124=CARTESIAN_POINT('',(7.94565667194839,-5.22407772149817,17.7962044518843));
#3125=CARTESIAN_POINT('',(7.42275601438786,-5.94366394908059,17.7692478305341));
#3126=CARTESIAN_POINT('',(6.83490496796744,-6.61124209718457,17.7422912091839));
#3127=CARTESIAN_POINT('',(6.18724733021768,-7.22097074245878,17.7153345878337));
#3128=CARTESIAN_POINT('',(5.48545021660598,-7.76751465462853,17.6883779664835));
#3129=CARTESIAN_POINT('',(4.7356544723038,-8.24609148067619,17.6614213451333));
#3130=CARTESIAN_POINT('',(3.94442093873763,-8.65251359125079,17.6344647237831));
#3131=CARTESIAN_POINT('',(3.11867304510068,-8.98322472314335,17.6075081024329));
#3132=CARTESIAN_POINT('',(2.26563622715939,-9.23533109720027,17.5805514810827));
#3133=CARTESIAN_POINT('',(1.39277470345062,-9.40662673938748,17.5535948597325));
#3134=CARTESIAN_POINT('',(0.507726162088566,-9.49561278344174,17.5266382383823));
#3135=CARTESIAN_POINT('',(-0.381765070316822,-9.50151058620773,17.4996816170321));
#3136=CARTESIAN_POINT('',(-1.26791579284662,-9.42426854089916,17.4727249956819));
#3137=CARTESIAN_POINT('',(-2.14297203461652,-9.26456252866713,17.4457683743317));
#3138=CARTESIAN_POINT('',(-2.99927690335268,-9.02379000452397,17.4188117529816));
#3139=CARTESIAN_POINT('',(-3.829337584513,-8.70405776937214,17.3918551316314));
#3140=CARTESIAN_POINT('',(-4.62589090470015,-8.30816353513482,17.3648985102812));
#3141=CARTESIAN_POINT('',(-5.3819668856751,-7.83957144429644,17.337941888931));
#3142=CARTESIAN_POINT('',(-6.09094973286281,-7.30238175806154,17.3109852675808));
#3143=CARTESIAN_POINT('',(-6.74663572468995,-6.70129497836566,17.2840286462306));
#3144=CARTESIAN_POINT('',(-7.34328749621331,-6.04157071767672,17.2570720248804));
#3145=CARTESIAN_POINT('',(-7.87568424204747,-5.32898167648347,17.2301154035302));
#3146=CARTESIAN_POINT('',(-8.33916739930791,-4.56976313117558,17.20315878218));
#3147=CARTESIAN_POINT('',(-8.72968141083555,-3.77055837430529,17.1762021608298));
#3148=CARTESIAN_POINT('',(-9.04380921201791,-2.93836058463755,17.1492455394796));
#3149=CARTESIAN_POINT('',(-9.27880213069076,-2.08045163563589,17.1222889181294));
#3150=CARTESIAN_POINT('',(-9.43260393849129,-1.20433837781998,17.0953322967792));
#3151=CARTESIAN_POINT('',(-9.50386884320907,-0.317686952535448,17.068375675429));
#3152=CARTESIAN_POINT('',(-9.49197326469888,0.571744288098381,17.0414190540788));
#3153=CARTESIAN_POINT('',(-9.39702129131394,1.45617266810087,17.0144624327286));
#3154=CARTESIAN_POINT('',(-9.21984376911498,2.32785928738039,16.9875058113784));
#3155=CARTESIAN_POINT('',(-8.96199103182465,3.17917673843811,16.9605491900282));
#3156=CARTESIAN_POINT('',(-8.6257193351414,4.00267584749245,16.9335925686781));
#3157=CARTESIAN_POINT('',(-8.21397111411491,4.79115085602794,16.9066359473279));
#3158=CARTESIAN_POINT('',(-7.73034923633458,5.53770247241876,16.8796793259777));
#3159=CARTESIAN_POINT('',(-7.17908547621977,6.23579824191433,16.8527227046275));
#3160=CARTESIAN_POINT('',(-6.56500348626754,6.87932970673935,16.8257660832773));
#3161=CARTESIAN_POINT('',(-5.89347658926554,7.46266585614755,16.7988094619271));
#3162=CARTESIAN_POINT('',(-5.17038076079556,7.98070239873199,16.7718528405769));
#3163=CARTESIAN_POINT('',(-4.4020432134389,8.42890642585074,16.7448962192267));
#3164=CARTESIAN_POINT('',(-3.59518703258051,8.80335607535537,16.7179395978765));
#3165=CARTESIAN_POINT('',(-2.75687234825825,9.10077484855771,16.6909829765263));
#3166=CARTESIAN_POINT('',(-1.89443455781348,9.31856028015559,16.6640263551761));
#3167=CARTESIAN_POINT('',(-1.01542013990567,9.4548067102509,16.6370697338259));
#3168=CARTESIAN_POINT('',(-0.127520621529084,9.5083219592006,16.6101131124757));
#3169=CARTESIAN_POINT('',(0.761494724168234,9.47863775939325,16.5831564911255));
#3170=CARTESIAN_POINT('',(1.64384686035771,9.36601385267092,16.5561998697753));
#3171=CARTESIAN_POINT('',(2.51181505443735,9.17143571754354,16.5292432484251));
#3172=CARTESIAN_POINT('',(3.3578044357669,8.89660594608279,16.5022866270749));
#3173=CARTESIAN_POINT('',(4.17441245208919,8.54392934594934,16.4753300057248));
#3174=CARTESIAN_POINT('',(4.95449364313267,8.11649189791312,16.4483733843746));
#3175=CARTESIAN_POINT('',(5.69122216461493,7.61803375299212,16.4214167630244));
#3176=CARTESIAN_POINT('',(6.37815151555147,7.05291650548906,16.3944601416742));
#3177=CARTESIAN_POINT('',(7.00927094624551,6.42608502829288,16.367503520324));
#3178=CARTESIAN_POINT('',(7.57905805337935,5.74302420439242,16.3405468989738));
#3179=CARTESIAN_POINT('',(8.08252710199091,5.00971093320902,16.3135902776236));
#3180=CARTESIAN_POINT('',(8.5152726515103,4.23256183170102,16.2866336562734));
#3181=CARTESIAN_POINT('',(8.87350810412072,3.41837708786427,16.2596770349232));
#3182=CARTESIAN_POINT('',(9.15409883813916,2.57428095792022,16.232720413573));
#3183=CARTESIAN_POINT('',(9.35458963649402,1.70765942785155,16.2057637922228));
#3184=CARTESIAN_POINT('',(9.47322617029573,0.826095584757341,16.1788071708726));
#3185=CARTESIAN_POINT('',(9.5089703495157,-0.0626967364602836,16.1518505495224));
#3186=CARTESIAN_POINT('',(9.4615094064521,-0.950940450475214,16.1248939281722));
#3187=CARTESIAN_POINT('',(9.33125863250095,-1.8308632723685,16.097937306822));
#3188=CARTESIAN_POINT('',(9.11935774428519,-2.69476572645513,16.0709806854718));
#3189=CARTESIAN_POINT('',(8.82766091093857,-3.53508851801744,16.0440240641216));
#3190=CARTESIAN_POINT('',(8.45872052980762,-4.34447867843112,16.0170674427714));
#3191=CARTESIAN_POINT('',(8.01576489253687,-5.11585390490238,15.9901108214213));
#3192=CARTESIAN_POINT('',(7.50266993696297,-5.84246453183274,15.9631542000711));
#3193=CARTESIAN_POINT('',(6.92392533199353,-6.51795259155126,15.9361975787209));
#3194=CARTESIAN_POINT('',(6.28459519223375,-7.13640744762264,15.9092409573707));
#3195=CARTESIAN_POINT('',(5.59027376611465,-7.69241751393031,15.8822843360205));
#3196=CARTESIAN_POINT('',(4.8470364852593,-8.18111760698357,15.8553277146703));
#3197=CARTESIAN_POINT('',(4.06138680341361,-8.598231517108,15.8283710933201));
#3198=CARTESIAN_POINT('',(3.24019929011005,-8.94010942601385,15.8014144719699));
#3199=CARTESIAN_POINT('',(2.3906594770046,-9.20375984333248,15.7744578506197));
#3200=CARTESIAN_POINT('',(1.52020098324172,-9.38687578267031,15.7475012292695));
#3201=CARTESIAN_POINT('',(0.636440470011221,-9.48785494813572,15.7205446079193));
#3202=CARTESIAN_POINT('',(-0.252889006544123,-9.50581375470299,15.6935879865691));
#3203=CARTESIAN_POINT('',(-1.14000566089683,-9.44059505973298,15.6666313652189));
#3204=CARTESIAN_POINT('',(-2.01714707009339,-9.29276953799809,15.6396747438687));
#3205=CARTESIAN_POINT('',(-2.87663809628717,-9.06363068818014,15.6127181225185));
#3206=CARTESIAN_POINT('',(-3.71095804551157,-8.75518351453495,15.5857615011683));
#3207=CARTESIAN_POINT('',(-4.51280647504281,-8.37012698276096,15.5588048798181));
#3208=CARTESIAN_POINT('',(-5.27516707352648,-7.91183040358636,15.531848258468));
#3209=CARTESIAN_POINT('',(-5.99136905490589,-7.38430395072193,15.5048916371178));
#3210=CARTESIAN_POINT('',(-6.65514552894477,-6.792163571153,15.4779350157676));
#3211=CARTESIAN_POINT('',(-7.26068833759221,-6.14059059481121,15.4509783944174));
#3212=CARTESIAN_POINT('',(-7.80269887736229,-5.43528639704853,15.4240217730672));
#3213=CARTESIAN_POINT('',(-8.27643446302381,-4.68242251062452,15.397065151717));
#3214=CARTESIAN_POINT('',(-8.67774982690991,-3.88858662373574,15.3701085303668));
#3215=CARTESIAN_POINT('',(-9.00313339072145,-3.06072493661354,15.3431519090166));
#3216=CARTESIAN_POINT('',(-9.24973799243975,-2.20608138108007,15.3161952876664));
#3217=CARTESIAN_POINT('',(-9.41540579948278,-1.33213423490184,15.2892386663162));
#3218=CARTESIAN_POINT('',(-9.49868719011057,-0.446530685575942,15.262282044966));
#3219=CARTESIAN_POINT('',(-9.49885343786415,0.442980083872753,15.2353254236158));
#3220=CARTESIAN_POINT('',(-9.41590308804716,1.32861470157283,15.2083688022656));
#3221=CARTESIAN_POINT('',(-9.25056197045465,2.20262371264582,15.1814121809154));
#3222=CARTESIAN_POINT('',(-9.00427684823785,3.05735938826617,15.1544555595652));
#3223=CARTESIAN_POINT('',(-8.67920275847833,3.88534264460082,15.127498938215));
#3224=CARTESIAN_POINT('',(-8.27818415524369,4.67932848607615,15.1005423168648));
#3225=CARTESIAN_POINT('',(-7.80473002012648,5.43236940033242,15.0735856955146));
#3226=CARTESIAN_POINT('',(-7.26298315805297,6.1378761501492,15.0466290741645));
#3227=CARTESIAN_POINT('',(-6.65768394702929,6.78967543040167,15.0196724528143));
#3228=CARTESIAN_POINT('',(-5.99412885902034,7.3820638855398,14.9927158314641));
#3229=CARTESIAN_POINT('',(-5.27812411491127,7.90985801492818,14.9657592101139));
#3230=CARTESIAN_POINT('',(-4.5159348790784,8.36843952936595,14.9388025887637));
#3231=CARTESIAN_POINT('',(-3.71423043812583,8.75379576190986,14.9118459674135));
#3232=CARTESIAN_POINT('',(-2.88002584348318,9.06255477939861,14.8848893460633));
#3233=CARTESIAN_POINT('',(-2.02062052850185,9.29201488744655,14.8579327247131));
#3234=CARTESIAN_POINT('',(-1.14353443716063,9.44016827073327,14.8309761033629));
#3235=CARTESIAN_POINT('',(-0.256442223265428,9.5057185617321,14.8040194820127));
#3236=CARTESIAN_POINT('',(0.632893904088456,9.48809218414847,14.7770628606625));
#3237=CARTESIAN_POINT('',(1.5166921011779,9.38744337181088,14.7501062393123));
#3238=CARTESIAN_POINT('',(2.38721898211991,9.2046528190985,14.7231496179621));
#3239=CARTESIAN_POINT('',(3.23685728732511,8.94131997471412,14.6961929966119));
#3240=CARTESIAN_POINT('',(4.05817253582627,8.59974904623367,14.6692363752617));
#3241=CARTESIAN_POINT('',(4.84397807826252,8.18292883789439,14.6422797539115));
#3242=CARTESIAN_POINT('',(5.58739798129447,7.694506598045,14.6153231325613));
#3243=CARTESIAN_POINT('',(6.28192719320082,7.13875610509671,14.5883665112112));
#3244=CARTESIAN_POINT('',(6.92148846419721,6.52054027122879,14.561409889861));
#3245=CARTESIAN_POINT('',(7.50048552341465,5.84526859107252,14.5344532685108));
#3246=CARTESIAN_POINT('',(8.01385204722993,5.11884980770487,14.5074966471606));
#3247=CARTESIAN_POINT('',(8.45709599046674,4.34764021013271,14.4805400258104));
#3248=CARTESIAN_POINT('',(8.82633889256175,3.53838801467324,14.4535834044602));
#3249=CARTESIAN_POINT('',(9.11834981476009,2.6981743169032,14.42662678311));
#3250=CARTESIAN_POINT('',(9.33057361138388,1.83435113085752,14.3996701617598));
#3251=CARTESIAN_POINT('',(9.46115328779536,0.954477057644888,14.3727135404096));
#3252=CARTESIAN_POINT('',(9.50894624941867,0.0662511463910015,14.3457569190594));
#3253=CARTESIAN_POINT('',(9.47353429963838,-0.822554473762406,14.3188002977092));
#3254=CARTESIAN_POINT('',(9.35522729909173,-1.70416260112125,14.291843676359));
#3255=CARTESIAN_POINT('',(9.15506045433479,-2.5708590132885,14.2648870550088));
#3256=CARTESIAN_POINT('',(8.87478525960753,-3.41505996793385,14.2379304336586));
#3257=CARTESIAN_POINT('',(8.51685417095863,-4.22937856184052,14.2109738123084));
#3258=CARTESIAN_POINT('',(8.08439914683419,-5.00668936757595,14.1840171909582));
#3259=CARTESIAN_POINT('',(7.58120424290397,-5.74019078220456,14.157060569608));
#3260=CARTESIAN_POINT('',(7.01167250092487,-6.4234645424806,14.1301039482578));
#3261=CARTESIAN_POINT('',(6.38078742136998,-7.05053188575288,14.1031473269077));
#3262=CARTESIAN_POINT('',(5.69406935694439,-7.61590586516393,14.0761907055575));
#3263=CARTESIAN_POINT('',(4.95752720855161,-8.11463936137657,14.0492340842073));
#3264=CARTESIAN_POINT('',(4.17760584637964,-8.54236837071699,14.0222774628571));
#3265=CARTESIAN_POINT('',(3.36112971618084,-8.89535019095581,13.9953208415069));
#3266=CARTESIAN_POINT('',(2.51524312420054,-9.17049617059477,13.9683642201567));
#3267=CARTESIAN_POINT('',(1.64734772327147,-9.36539873509739,13.9414075988065));
#3268=CARTESIAN_POINT('',(0.765037747081337,-9.47835245357927,13.9144509774563));
#3269=CARTESIAN_POINT('',(-0.123966440675112,-9.50836896162101,13.8874943561061));
#3270=CARTESIAN_POINT('',(-1.0118859008032,-9.45518560962645,13.8605377347559));
#3271=CARTESIAN_POINT('',(-1.89095118566112,-9.31926776105174,13.8335811134057));
#3272=CARTESIAN_POINT('',(-2.75347032316007,-9.10180472039519,13.8066244920555));
#3273=CARTESIAN_POINT('',(-3.59189612283992,-8.80469932657891,13.7796678707053));
#3274=CARTESIAN_POINT('',(-4.39889221508083,-8.43055130278161,13.7527112493551));
#3275=CARTESIAN_POINT('',(-5.16739724559636,-7.98263450841479,13.7257546280049));
#3276=CARTESIAN_POINT('',(-5.89068666349516,-7.46486829229101,13.6987980066547));
#3277=CARTESIAN_POINT('',(-6.56243156225522,-6.88178319764928,13.6718413853045));
#3278=CARTESIAN_POINT('',(-7.17675405874196,-6.23848131912425,13.6448847639543));
#3279=CARTESIAN_POINT('',(-7.72827872569427,-5.54059165854268,13.6179281426042));
#3280=CARTESIAN_POINT('',(-8.21217962763552,-4.79422087019149,13.590971521254));
#3281=CARTESIAN_POINT('',(-8.62422254863701,-4.00589982654489,13.5640148999038));
#3282=CARTESIAN_POINT('',(-8.96080204243405,-3.1825264720095,13.5370582785536));
#3283=CARTESIAN_POINT('',(-9.21897298069935,-2.33130546472717,13.5101016572034));
#3284=CARTESIAN_POINT('',(-9.39647632342134,-1.4596851345799,13.4831450358532));
#3285=CARTESIAN_POINT('',(-9.4917588858919,-0.575292309025233,13.456188414503));
#3286=CARTESIAN_POINT('',(-9.50398692933906,0.314134422952718,13.4292317931528));
#3287=CARTESIAN_POINT('',(-9.43305345628433,1.20081242482483,13.4022751718026));
#3288=CARTESIAN_POINT('',(-9.27957914678904,2.07698311192208,13.3753185504524));
#3289=CARTESIAN_POINT('',(-9.04490692739722,2.93497984038276,13.3483619291022));
#3290=CARTESIAN_POINT('',(-8.73109022029797,3.76729499160188,13.321405307752));
#3291=CARTESIAN_POINT('',(-8.34087497552888,4.56664566518221,13.2944486864018));
#3292=CARTESIAN_POINT('',(-7.87767564344206,5.32603740556253,13.2674920650516));
#3293=CARTESIAN_POINT('',(-7.34554529767757,6.03882540470399,13.2405354437014));
#3294=CARTESIAN_POINT('',(-6.74914017007366,6.69877264530075,13.2135788223512));
#3295=CARTESIAN_POINT('',(-6.09367890783907,7.30010447575161,13.186622201001));
#3296=CARTESIAN_POINT('',(-5.38489690949458,7.83755913935246,13.1596655796508));
#3297=CARTESIAN_POINT('',(-4.62899613915162,8.30643381557037,13.1327089583007));
#3298=CARTESIAN_POINT('',(-3.83259085826217,8.70262577053022,13.1057523369505));
#3299=CARTESIAN_POINT('',(-3.00264974969597,9.02266825664017,13.0787957156003));
#3300=CARTESIAN_POINT('',(-2.14643494056966,9.26376084722794,13.0518390942501));
#3301=CARTESIAN_POINT('',(-1.27143845738829,9.42379394075473,13.0248824728999));
#3302=CARTESIAN_POINT('',(-0.385316669527804,9.50136722019076,12.9979258515497));
#3303=CARTESIAN_POINT('',(0.504176705310823,9.4958019060295,12.9709692301995));
#3304=CARTESIAN_POINT('',(1.389258447462,9.40714669572485,12.9440126088493));
#3305=CARTESIAN_POINT('',(2.26218393980318,9.23617733758009,12.9170559874991));
#3306=CARTESIAN_POINT('',(3.11531493448365,8.98438984281707,12.8900993661489));
#3307=CARTESIAN_POINT('',(3.94118638890393,8.65398739522134,12.8631427447987));
#3308=CARTESIAN_POINT('',(4.73257178611952,8.24786107290593,12.8361861234485));
#3309=CARTESIAN_POINT('',(5.48254636810422,7.76956455088177,12.8092295020983));
#3310=CARTESIAN_POINT('',(6.18454772857112,7.22328300579157,12.7822728807481));
#3311=CARTESIAN_POINT('',(6.83243323515374,6.61379649489596,12.7553162593979));
#3312=CARTESIAN_POINT('',(7.42053377849329,5.94643812975227,12.7283596380477));
#3313=CARTESIAN_POINT('',(7.94370337791834,5.22704741057322,12.7014030166975));
#3314=CARTESIAN_POINT('',(8.39736420965881,4.46191912959801,12.6744463953474));
#3315=CARTESIAN_POINT('',(8.77754666358944,3.65774829058008,12.6474897739972));
#3316=CARTESIAN_POINT('',(9.08092407799956,2.82157152635534,12.620533152647));
#3317=CARTESIAN_POINT('',(9.304841848454,1.96070552709748,12.5935765312968));
#3318=CARTESIAN_POINT('',(9.4473406560373,1.08268301802333,12.5666199099466));
#3319=CARTESIAN_POINT('',(9.50717361173053,0.195186846754671,12.5396632885964));
#3320=CARTESIAN_POINT('',(9.48381716690414,-0.69401724291687,12.5127066672462));
#3321=CARTESIAN_POINT('',(9.37747569445826,-1.57714856262055,12.485750045896));
#3322=CARTESIAN_POINT('',(9.18907970052485,-2.44647956176493,12.4587934245458));
#3323=CARTESIAN_POINT('',(8.92027768237931,-3.29440344493158,12.4318368031956));
#3324=CARTESIAN_POINT('',(8.57342170380644,-4.1135007326403,12.4048801818454));
#3325=CARTESIAN_POINT('',(8.15154681413871,-4.89660418306774,12.3779235604952));
#3326=CARTESIAN_POINT('',(7.65834449105384,-5.63686150664328,12.350966939145));
#3327=CARTESIAN_POINT('',(7.09813033951162,-6.32779532475855,12.3240103177948));
#3328=CARTESIAN_POINT('',(6.47580632946995,-6.96335984794182,12.2970536964446));
#3329=CARTESIAN_POINT('',(5.79681790280659,-7.53799377755331,12.2700970750944));
#3330=CARTESIAN_POINT('',(5.06710632476826,-8.04666896810258,12.2431404537442));
#3331=CARTESIAN_POINT('',(4.29305669688022,-8.4849344243844,12.216183832394));
#3332=CARTESIAN_POINT('',(3.48144208621227,-8.8489552484506,12.1892272110439));
#3333=CARTESIAN_POINT('',(2.63936425987963,-9.13554619562517,12.1622705896937));
#3334=CARTESIAN_POINT('',(1.77419154336202,-9.34219954594175,12.1353139683435));
#3335=CARTESIAN_POINT('',(0.893494346391342,-9.46710704712365,12.1083573469933));
#3336=CARTESIAN_POINT('',(0.00497892056742094,-9.50917573710158,12.0814007256431));
#3337=CARTESIAN_POINT('',(-0.88358007166584,-9.46803750761933,12.0544441042929));
#3338=CARTESIAN_POINT('',(-1.76440758665099,-9.34405232524411,12.0274874829427));
#3339=CARTESIAN_POINT('',(-2.62979623248319,-9.13830508159739,12.0005308615925));
#3340=CARTESIAN_POINT('',(-3.47217371001201,-8.85259610036699,11.9735742402423));
#3341=CARTESIAN_POINT('',(-4.28416907175833,-8.48942538416594,11.9466176188921));
#3342=CARTESIAN_POINT('',(-5.05867721896965,-8.05197073908052,11.9196609975419));
#3343=CARTESIAN_POINT('',(-5.78892107245343,-7.54405996832184,11.8927043761917));
#3344=CARTESIAN_POINT('',(-6.46851087318291,-6.97013737829075,11.8657477548415));
#3345=CARTESIAN_POINT('',(-7.0915000937851,-6.33522489013431,11.8387911334913));
#3346=CARTESIAN_POINT('',(-7.6524374716757,-5.64487809707394,11.8118345121411));
#3347=CARTESIAN_POINT('',(-8.14641470854214,-4.9051376520114,11.7848778907909));
#3348=CARTESIAN_POINT('',(-8.56910941879605,-4.12247641077936,11.7579212694407));
#3349=CARTESIAN_POINT('',(-8.91682295118895,-3.30374279354212,11.7309646480905));
#3350=CARTESIAN_POINT('',(-9.18651275264526,-2.45610085994398,11.7040080267404));
#3351=CARTESIAN_POINT('',(-9.37581899112385,-1.58696762235805,11.6770514053902));
#3352=CARTESIAN_POINT('',(-9.48308520455338,-0.703948145755174,11.65009478404));
#3353=CARTESIAN_POINT('',(-9.50737279515962,0.185230997919523,11.6231381626898));
#3354=CARTESIAN_POINT('',(-9.44846924235703,1.07278933857706,11.5961815413396));
#3355=CARTESIAN_POINT('',(-9.30688996234042,1.95096058843297,11.5692249199894));
#3356=CARTESIAN_POINT('',(-9.0838737981047,2.81206059835813,11.5422682986392));
#3357=CARTESIAN_POINT('',(-8.78137217935621,3.6485545955022,11.515311677289));
#3358=CARTESIAN_POINT('',(-8.40203204716781,4.45312311384904,11.4883550559388));
#3359=CARTESIAN_POINT('',(-7.94917269279038,5.21872604080031,11.4613984345886));
#3360=CARTESIAN_POINT('',(-7.42675671328471,5.93866421936886,11.4344418132384));
#3361=CARTESIAN_POINT('',(-6.83935533811729,6.6066380669519,11.4074851918882));
#3362=CARTESIAN_POINT('',(-6.19210843011804,7.21680269775975,11.380528570538));
#3363=CARTESIAN_POINT('',(-5.49067951079858,7.7638190665695,11.3535719491878));
#3364=CARTESIAN_POINT('',(-4.74120620356712,8.24290068628684,11.3266153278376));
#3365=CARTESIAN_POINT('',(-3.95024652847044,8.64985551052956,11.2996587064874));
#3366=CARTESIAN_POINT('',(-3.12472151839317,8.98112261475269,11.2727020851373));
#3367=CARTESIAN_POINT('',(-2.27185465883234,9.23380335494932,11.2457454637871));
#3368=CARTESIAN_POINT('',(-1.39910868115982,9.40568673128308,11.2187888424369));
#3369=CARTESIAN_POINT('',(-0.514120262442157,9.49526873471614,11.1918322210867));
#3370=CARTESIAN_POINT('',(0.375366796794151,9.5017655073463,11.1648755997365));
#3371=CARTESIAN_POINT('',(1.26156933214612,9.42512020129822,11.1379189783863));
#3372=CARTESIAN_POINT('',(2.13673291935837,9.26600347615204,11.1109623570361));
#3373=CARTESIAN_POINT('',(2.99319972686602,9.02580763055698,11.0840057356859));
#3374=CARTESIAN_POINT('',(3.82347552313492,8.70663441937926,11.0570491143357));
#3375=CARTESIAN_POINT('',(4.62029525247363,8.31127666298632,11.0300924929855));
#3376=CARTESIAN_POINT('',(5.37668660551733,7.84319380958943,11.0031358716353));
#3377=CARTESIAN_POINT('',(6.08603102813126,7.30648166447812,10.9761792502851));
#3378=CARTESIAN_POINT('',(6.74212163489508,6.70583655102114,10.9492226289349));
#3379=CARTESIAN_POINT('',(7.33921752041543,6.04651421703106,10.9222660075847));
#3380=CARTESIAN_POINT('',(7.87209399323322,5.33428384606902,10.8953093862345));
#3381=CARTESIAN_POINT('',(8.3360882927705,4.57537757609862,10.8683527648844));
#3382=CARTESIAN_POINT('',(8.72714038928556,3.77643596720931,10.8413961435342));
#3383=CARTESIAN_POINT('',(9.04182850982994,2.94444989557608,10.814439522184));
#3384=CARTESIAN_POINT('',(9.27739907934885,2.08669938209328,10.7874829008338));
#3385=CARTESIAN_POINT('',(9.43179081493545,1.21068989094263,10.7605262794836));
#3386=CARTESIAN_POINT('',(9.50365276240996,0.324086655493631,10.7335696581334));
#3387=CARTESIAN_POINT('',(9.49235611740056,-0.56535239380373,10.7066130367832));
#3388=CARTESIAN_POINT('',(9.39799972748959,-1.44984451264167,10.679656415433));
#3389=CARTESIAN_POINT('',(9.22140922728016,-2.32165024320282,10.6526997940828));
#3390=CARTESIAN_POINT('',(8.9641298139518,-3.17314113574417,10.6257431727326));
#3391=CARTESIAN_POINT('',(8.6284127265199,-3.99686649884143,10.5987865513824));
#3392=CARTESIAN_POINT('',(8.21719554710803,-4.78561859421741,10.5718299300322));
#3393=CARTESIAN_POINT('',(7.73407649660031,-5.53249570568889,10.544873308682));
#3394=CARTESIAN_POINT('',(7.18328294959121,-6.23096253036749,10.5179166873318));
#3395=CARTESIAN_POINT('',(6.56963444413241,-6.87490736368137,10.4909600659816));
#3396=CARTESIAN_POINT('',(5.89850050994787,-7.45869557783908,10.4640034446315));
#3397=CARTESIAN_POINT('',(5.17575368412728,-7.97721892578951,10.4370468232813));
#3398=CARTESIAN_POINT('',(4.40771812541887,-8.42594023926027,10.4100902019311));
#3399=CARTESIAN_POINT('',(3.60111427675511,-8.80093312975857,10.3831335805809));
#3400=CARTESIAN_POINT('',(2.76300006022383,-9.09891634514432,10.3561769592307));
#3401=CARTESIAN_POINT('',(1.90070911903886,-9.31728248114942,10.3292203378805));
#3402=CARTESIAN_POINT('',(1.02178664690342,-9.45412079661252,10.3022637165303));
#3403=CARTESIAN_POINT('',(0.133923366270481,-9.50823393279205,10.2753070951801));
#3404=CARTESIAN_POINT('',(-0.755111766798374,-9.47914839046072,10.2483504738299));
#3405=CARTESIAN_POINT('',(-1.63753954233167,-9.36711867310496,10.2213938524797));
#3406=CARTESIAN_POINT('',(-2.5056385658702,-9.17312505997576,10.1944372311295));
#3407=CARTESIAN_POINT('',(-3.35181282199348,-8.89886502847703,10.1674806097793));
#3408=CARTESIAN_POINT('',(-4.16865814075817,-8.546738400947,10.1405239884291));
#3409=CARTESIAN_POINT('',(-4.94902698545563,-8.11982634580096,10.1135673670789));
#3410=CARTESIAN_POINT('',(-5.68609099478461,-7.62186441677893,10.0866107457287));
#3411=CARTESIAN_POINT('',(-6.37340073218439,-7.05720986620937,10.0596541243786));
#3412=CARTESIAN_POINT('',(-7.00494211951138,-6.43080351830366,10.0326975030284));
#3413=CARTESIAN_POINT('',(-7.5751890612549,-5.7481265360964,10.0057408816782));
#3414=CARTESIAN_POINT('',(-8.07915179882115,-5.01515246032823,9.97878426032797));
#3415=CARTESIAN_POINT('',(-8.51242057177718,-4.23829493993943,9.95182763897778));
#3416=CARTESIAN_POINT('',(-8.87120420401132,-3.42435161154098,9.92487101762759));
#3417=CARTESIAN_POINT('',(-9.15236327717479,-2.58044461892786,9.89791439627739));
#3418=CARTESIAN_POINT('',(-9.35343760113093,-1.71395829309863,9.8709577749272));
#3419=CARTESIAN_POINT('',(-9.47266774104106,-0.832474538092061,9.84400115357701));
#3420=CARTESIAN_POINT('',(-9.50901041272124,0.0562935119742137,9.81704453222681));
#3421=CARTESIAN_POINT('',(-9.46214761155795,0.944568984150831,9.79008791087662));
#3422=CARTESIAN_POINT('',(-9.33248939510292,1.82457931562948,9.76313128952643));
#3423=CARTESIAN_POINT('',(-9.12117029499932,2.68862426500125,9.73617466817623));
#3424=CARTESIAN_POINT('',(-8.83003938963508,3.5291432906903,9.70921804682604));
#3425=CARTESIAN_POINT('',(-8.46164412438979,4.33878170699002,9.68226142547585));
#3426=CARTESIAN_POINT('',(-8.01920802105042,5.11045503882502,9.65530480412565));
#3427=CARTESIAN_POINT('',(-7.50660247144258,5.83741101212375,9.62834818277546));
#3428=CARTESIAN_POINT('',(-6.92831286208769,6.51328863737527,9.60139156142527));
#3429=CARTESIAN_POINT('',(-6.28939932630125,7.13217386937902,9.57443494007507));
#3430=CARTESIAN_POINT('',(-5.59545246715801,7.68865135615517,9.54747831872488));
#3431=CARTESIAN_POINT('',(-4.85254443875575,8.17785182420372,9.52052169737469));
#3432=CARTESIAN_POINT('',(-4.06717581382489,8.59549468548316,9.49356507602449));
#3433=CARTESIAN_POINT('',(-3.24621870260169,8.9379254932904,9.4666084546743));
#3434=CARTESIAN_POINT('',(-2.39685662068437,9.2021479192965,9.43965183332411));
#3435=CARTESIAN_POINT('',(-1.52652163203901,9.38584997193373,9.41269521197392));
#3436=CARTESIAN_POINT('',(-0.642829317164435,9.48742422671851,9.38573859062372));
#3437=CARTESIAN_POINT('',(0.24648786454389,9.50598189149149,9.35878196927353));
#3438=CARTESIAN_POINT('',(1.1336482351405,9.44136058350142,9.33182534792333));
#3439=CARTESIAN_POINT('',(2.01088898914726,9.29412575028215,9.30486872657314));
#3440=CARTESIAN_POINT('',(2.8705341194334,9.06556572188962,9.27791210522295));
#3441=CARTESIAN_POINT('',(3.70506158359507,8.75768043779284,9.25095548387275));
#3442=CARTESIAN_POINT('',(4.50716912311718,8.37316394706031,9.22399886252256));
#3443=CARTESIAN_POINT('',(5.26983815938842,7.9153808349684,9.19704224117237));
#3444=CARTESIAN_POINT('',(5.98639520746856,7.38833678230283,9.17008561982217));
#3445=CARTESIAN_POINT('',(6.65057027022674,6.7966435149644,9.14312899847198));
#3446=CARTESIAN_POINT('',(7.25655170189238,6.14547845057602,9.11617237712179));
#3447=CARTESIAN_POINT('',(7.79903706095288,5.44053939519005,9.08921575577159));
#3448=CARTESIAN_POINT('',(8.27327950742677,4.68799468650762,9.0622591344214));
#3449=CARTESIAN_POINT('',(8.6751293385281,3.89442921986527,9.03530251307121));
#3450=CARTESIAN_POINT('',(9.0010702992779,3.06678682927078,9.00834589172101));
#3451=CARTESIAN_POINT('',(9.24825035033861,2.21230952766407,8.98138927037082));
#3452=CARTESIAN_POINT('',(9.41450662384772,1.33847413806124,8.95443264902063));
#3453=CARTESIAN_POINT('',(9.4983843488827,0.452926870070187,8.92747602767043));
#3454=CARTESIAN_POINT('',(9.4991495809562,-0.436583585755564,8.90051940632024));
#3455=CARTESIAN_POINT('',(9.41679562415625,-1.32227386028886,8.87356278497005));
#3456=CARTESIAN_POINT('',(9.25204308973668,-2.19639401164437,8.84660616361985));
#3457=CARTESIAN_POINT('',(9.00633359064494,-3.05129533850002,8.81964954226966));
#3458=CARTESIAN_POINT('',(8.68181712716149,-3.87949730754601,8.79269292091947));
#3459=CARTESIAN_POINT('',(8.28133327402835,-4.67375300943496,8.76573629956927));
#3460=CARTESIAN_POINT('',(7.80838633368287,-5.42711257048221,8.73877967821908));
#3461=CARTESIAN_POINT('',(7.26711467301007,-6.13298396525322,8.71182305686889));
#3462=CARTESIAN_POINT('',(6.66225451192226,-6.78519069791726,8.6848664355187));
#3463=CARTESIAN_POINT('',(5.99909848062208,-7.37802584764579,8.6579098141685));
#3464=CARTESIAN_POINT('',(5.28344930817999,-7.90630200514905,8.63095319281831));
#3465=CARTESIAN_POINT('',(4.5215690476592,-8.36539666339748,8.60399657146812));
#3466=CARTESIAN_POINT('',(3.72012428207681,-8.75129266535144,8.57703995011792));
#3467=CARTESIAN_POINT('',(2.8861277906584,-9.06061335477464,8.55008332876773));
#3468=CARTESIAN_POINT('',(2.02687718581646,-9.29065212255567,8.52312670741754));
#3469=CARTESIAN_POINT('',(1.14989105778948,-9.43939609000211,8.49617008606734));
#3470=CARTESIAN_POINT('',(0.262843185687228,-9.50554372187458,8.46921346471715));
#3471=CARTESIAN_POINT('',(-0.626504609393287,-9.48851621504334,8.44225684336695));
#3472=CARTESIAN_POINT('',(-1.51037038163435,-9.38846256311507,8.41530022201676));
#3473=CARTESIAN_POINT('',(-2.38102015385877,-9.20625825271319,8.38834360066657));
#3474=CARTESIAN_POINT('',(-3.23083559115738,-8.94349760281973,8.36138697931637));
#3475=CARTESIAN_POINT('',(-4.05238066262673,-8.60247981421057,8.33443035796618));
#3476=CARTESIAN_POINT('',(-4.83846670791555,-8.18618885105421,8.30747373661599));
#3477=CARTESIAN_POINT('',(-5.58221533923635,-7.69826733071318,8.2805171152658));
#3478=CARTESIAN_POINT('',(-6.2771186284389,-7.14298465021708,8.2535604939156));
#3479=CARTESIAN_POINT('',(-6.9170960524983,-6.52519962830593,8.22660387256541));
#3480=CARTESIAN_POINT('',(-7.49654769913485,-5.85031798993246,8.19964725121521));
#3481=CARTESIAN_POINT('',(-8.01040326700743,-5.12424506524114,8.17269062986502));
#3482=CARTESIAN_POINT('',(-8.45416643172029,-4.35333411691605,8.14573400851483));
#3483=CARTESIAN_POINT('',(-8.8239541894331,-3.54433074804223,8.11877738716464));
#3484=CARTESIAN_POINT('',(-9.11653083381082,-2.7043138769211,8.09182076581444));
#3485=CARTESIAN_POINT('',(-9.32933626900944,-1.84063379532063,8.06486414446425));
#3486=CARTESIAN_POINT('',(-9.46050841095387,-0.960847852161061,8.03790752311406));
#3487=CARTESIAN_POINT('',(-9.50889948089314,-0.0726543254150062,8.01095090176386));
#3488=CARTESIAN_POINT('',(-9.47408604866146,0.816174939145805,7.98399428041367));
#3489=CARTESIAN_POINT('',(-9.35637273776478,1.69786253293467,7.95703765906347));
#3490=CARTESIAN_POINT('',(-9.15678955987289,2.56469353820965,7.93008103771328));
#3491=CARTESIAN_POINT('',(-8.8770829020405,3.40908303492767,7.90312441636309));
#3492=CARTESIAN_POINT('',(-8.51970024552091,4.22364247009644,7.8761677950129));
#3493=CARTESIAN_POINT('',(-8.087768749885,5.00124430888104,7.8492111736627));
#3494=CARTESIAN_POINT('',(-7.5850678898384,5.73508440175677,7.82225455231251));
#3495=CARTESIAN_POINT('',(-7.01599638416924,6.4187415219851,7.79529793096231));
#3496=CARTESIAN_POINT('',(-6.38553370620395,7.04623355244947,7.76834130961213));
#3497=CARTESIAN_POINT('',(-5.69919651256119,7.61206983020661,7.74138468826193));
#3498=CARTESIAN_POINT('',(-4.96299037145981,8.11129919072948,7.71442806691174));
#3499=CARTESIAN_POINT('',(-4.18335721296631,8.53955329144646,7.68747144556154));
#3500=CARTESIAN_POINT('',(-3.36711896100142,8.89308483548853,7.66051482421135));
#3501=CARTESIAN_POINT('',(-2.52141784033512,9.16880036117982,7.63355820286116));
#3502=CARTESIAN_POINT('',(-1.6536538808943,9.36428731035815,7.60660158151096));
#3503=CARTESIAN_POINT('',(-0.771420166231083,9.47783513867294,7.57964496016077));
#3504=CARTESIAN_POINT('',(0.117563607261221,9.50845028314179,7.55268833881057));
#3505=CARTESIAN_POINT('',(1.00551867901625,9.45586485599709,7.52573171746038));
#3506=CARTESIAN_POINT('',(1.88467528978436,9.32053898874994,7.49877509611019));
#3507=CARTESIAN_POINT('',(2.74734066835935,9.10365680596046,7.47181847476));
#3508=CARTESIAN_POINT('',(3.58596634464659,8.80711606394474,7.4448618534098));
#3509=CARTESIAN_POINT('',(4.39321420007162,8.43351154508135,7.41790523205961));
#3510=CARTESIAN_POINT('',(5.16202067737695,7.98611235302035,7.39094861070942));
#3511=CARTESIAN_POINT('',(5.88565858796009,7.4688333074653,7.36399198935922));
#3512=CARTESIAN_POINT('',(6.55779597592823,6.88620068882915,7.33703536800903));
#3513=CARTESIAN_POINT('',(7.17255152379886,6.24331263250384,7.31007874665884));
#3514=CARTESIAN_POINT('',(7.72454601503699,5.54579451930087,7.28312212530864));
#3515=CARTESIAN_POINT('',(8.20894940312282,4.79974975240385,7.25616550395845));
#3516=CARTESIAN_POINT('',(8.62152307528771,4.01170635154331,7.22920888260825));
#3517=CARTESIAN_POINT('',(8.95865694110317,3.18855983170387,7.20225226125806));
#3518=CARTESIAN_POINT('',(9.21740102139164,2.33751286618485,7.17529563990787));
#3519=CARTESIAN_POINT('',(9.39549126105051,1.46601226197295,7.14833901855767));
#3520=CARTESIAN_POINT('',(9.49136933992271,0.581683798903235,7.12138239720748));
#3521=CARTESIAN_POINT('',(9.5041963083656,-0.307734497222962,7.09442577585729));
#3522=CARTESIAN_POINT('',(9.43385992820421,-1.19446006369167,7.0674691545071));
#3523=CARTESIAN_POINT('',(9.28097565483456,-2.07073389963549,7.0405125331569));
#3524=CARTESIAN_POINT('',(9.04688125188336,-2.92888845862262,7.01355591180671));
#3525=CARTESIAN_POINT('',(8.73362508554669,-3.76141474100385,6.98659929045652));
#3526=CARTESIAN_POINT('',(8.34394820103428,-4.56102799894807,6.95964266910632));
#3527=CARTESIAN_POINT('',(7.8812603379536,-5.3207314792358,6.93268604775613));
#3528=CARTESIAN_POINT('',(7.34961009450318,-6.03387764605055,6.90572942640594));
#3529=CARTESIAN_POINT('',(6.75364950154357,-6.69422634805783,6.87877280505574));
#3530=CARTESIAN_POINT('',(6.09859331652916,-7.29599942080023,6.85181618370555));
#3531=CARTESIAN_POINT('',(5.39017339348549,-7.83393124662787,6.82485956235536));
#3532=CARTESIAN_POINT('',(4.63458852830301,-8.30331482975646,6.79790294100516));
#3533=CARTESIAN_POINT('',(3.83845021820931,-8.70004298328809,6.77094631965497));
#3534=CARTESIAN_POINT('',(3.00872481003388,-9.02064426780139,6.74398969830478));
#3535=CARTESIAN_POINT('',(2.15267254347791,-9.26231336704215,6.71703307695458));
#3536=CARTESIAN_POINT('',(1.27778402277107,-9.42293563492198,6.69007645560439));
#3537=CARTESIAN_POINT('',(0.391714672599121,-9.50110559903436,6.6631198342542));
#3538=CARTESIAN_POINT('',(-0.497782248175726,-9.49613925877946,6.636163212904));
#3539=CARTESIAN_POINT('',(-1.38292348886034,-9.40808007048674,6.60920659155381));
#3540=CARTESIAN_POINT('',(-2.25596391170978,-9.23769856716458,6.58224997020362));
#3541=CARTESIAN_POINT('',(-3.10926426321169,-8.98648561620426,6.55529334885343));
#3542=CARTESIAN_POINT('',(-3.93535801886532,-8.65663937403447,6.52833672750323));
#3543=CARTESIAN_POINT('',(-4.72701671655225,-8.2510460518753,6.50138010615304));
#3544=CARTESIAN_POINT('',(-5.47731320682023,-7.77325466089489,6.47442348480284));
#3545=CARTESIAN_POINT('',(-6.17968226662967,-7.22744595775259,6.44746686345265));
#3546=CARTESIAN_POINT('',(-6.82797804618172,-6.61839586226088,6.42051024210246));
#3547=CARTESIAN_POINT('',(-7.41652784615871,-5.9514336672674,6.39355362075226));
#3548=CARTESIAN_POINT('',(-7.94018175481655,-5.23239540642809,6.36659699940207));
#3549=CARTESIAN_POINT('',(-8.39435771059626,-4.46757278791119,6.33964037805188));
#3550=CARTESIAN_POINT('',(-8.77508159594883,-3.66365814087116,6.31268375670168));
#3551=CARTESIAN_POINT('',(-9.07902201154578,-2.82768585642016,6.28572713535149));
#3552=CARTESIAN_POINT('',(-9.3035194265949,-1.96697083549876,6.2587705140013));
#3553=CARTESIAN_POINT('',(-9.44660945019109,-1.08904448223745,6.23181389265111));
#3554=CARTESIAN_POINT('',(-9.50704002007384,-0.201588802878129,6.20485727130091));
#3555=CARTESIAN_POINT('',(-9.48428235838688,0.687630813098714,6.17790064995072));
#3556=CARTESIAN_POINT('',(-9.37853559857516,1.57083354146451,6.15094402860052));
#3557=CARTESIAN_POINT('',(-9.19072504293301,2.44029120678977,6.12398740725033));
#3558=CARTESIAN_POINT('',(-8.92249406605032,3.28839590530524,6.09703078590014));
#3559=CARTESIAN_POINT('',(-8.57618973500285,4.1077265753654,6.07007416454994));
#3560=CARTESIAN_POINT('',(-8.15484227211258,4.89111393301128,6.04311754319975));
#3561=CARTESIAN_POINT('',(-7.66213853998241,5.63170320443537,6.01616092184956));
#3562=CARTESIAN_POINT('',(-7.10238978081571,6.32301410642868,5.98920430049937));
#3563=CARTESIAN_POINT('',(-6.48049389230724,6.95899754997082,5.96224767914917));
#3564=CARTESIAN_POINT('',(-5.80189257019788,7.534088570797,5.93529105779898));
#3565=CARTESIAN_POINT('',(-5.07252369250308,8.04325502379021,5.90833443644878));
#3566=CARTESIAN_POINT('',(-4.29876936206127,8.48204161511453,5.88137781509859));
#3567=CARTESIAN_POINT('',(-3.48740006203895,8.84660888680076,5.8544211937484));
#3568=CARTESIAN_POINT('',(-2.64551541304106,9.13376681266243,5.82746457239821));
#3569=CARTESIAN_POINT('',(-1.78048205021253,9.34100271157238,5.80050795104801));
#3570=CARTESIAN_POINT('',(-0.89986916391653,9.46650323385375,5.77355132969782));
#3571=CARTESIAN_POINT('',(-0.0113822680200423,9.50917022840091,5.74659470834762));
#3572=CARTESIAN_POINT('',(0.877204224674801,9.46863035168995,5.71963808699743));
#3573=CARTESIAN_POINT('',(1.75811502987679,9.34523833459868,5.69268146564724));
#3574=CARTESIAN_POINT('',(2.6236420268774,9.14007387845055,5.66572484429704));
#3575=CARTESIAN_POINT('',(3.46621170592973,8.85493220744276,5.63876822294685));
#3576=CARTESIAN_POINT('',(4.27845143775836,8.49230836012653,5.61181160159666));
#3577=CARTESIAN_POINT('',(5.05325398533063,8.05537535739158,5.58485498024646));
#3578=CARTESIAN_POINT('',(5.78383969340033,7.54795643798891,5.55789835889627));
#3579=CARTESIAN_POINT('',(6.46381581165439,6.97449160453564,5.53094173754608));
#3580=CARTESIAN_POINT('',(7.08723243237521,6.33999877273019,5.50398511619589));
#3581=CARTESIAN_POINT('',(7.64863455315411,5.65002986372891,5.47702849484569));
#3582=CARTESIAN_POINT('',(8.14310980909848,4.91062222388319,5.4500718734955));
#3583=CARTESIAN_POINT('',(8.5663314568676,4.12824579692296,5.42311525214531));
#3584=CARTESIAN_POINT('',(8.91459623441926,3.30974651083876,5.39615863079511));
#3585=CARTESIAN_POINT('',(9.18485676518818,2.46228637483709,5.36920200944492));
#3586=CARTESIAN_POINT('',(9.37474822315381,1.59328081053088,5.34224538809473));
#3587=CARTESIAN_POINT('',(9.48260902547386,0.710333765727888,5.31528876674453));
#3588=CARTESIAN_POINT('',(9.50749537161927,-0.178828821417452,5.28833214539434));
#3589=CARTESIAN_POINT('',(9.44918950179082,-1.06642662568863,5.26137552404415));
#3590=CARTESIAN_POINT('',(9.3082016023547,-1.94469301398779,5.23441890269395));
#3591=CARTESIAN_POINT('',(9.08576534162429,-2.8059430047081,5.20746228134376));
#3592=CARTESIAN_POINT('',(8.78382707505072,-3.64264051264153,5.18050565999356));
#3593=CARTESIAN_POINT('',(8.40502881427867,-4.4474642910176,5.15354903864337));
#3594=CARTESIAN_POINT('',(7.95268510909112,-5.21337199366894,5.12659241729318));
#3595=CARTESIAN_POINT('',(7.43075404452998,-5.93366179676874,5.09963579594298));
#3596=CARTESIAN_POINT('',(6.84380260697275,-6.60203104093918,5.07267917459279));
#3597=CARTESIAN_POINT('',(6.19696672221806,-7.21263138060259,5.0457225532426));
#3598=CARTESIAN_POINT('',(5.49590631525361,-7.76011995800883,5.01876593189241));
#3599=CARTESIAN_POINT('',(4.74675578494126,-8.23970615415733,4.99180931054221));
#3600=CARTESIAN_POINT('',(3.95607032697437,-8.64719350753551,4.96485268919202));
#3601=CARTESIAN_POINT('',(3.13076857479062,-8.9790164338771,4.93789606784183));
#3602=CARTESIAN_POINT('',(2.27807206034218,-9.23227142563626,4.91093944649163));
#3603=CARTESIAN_POINT('',(1.40544202445193,-9.40474245817693,4.88398282514144));
#3604=CARTESIAN_POINT('',(0.520514129675943,-9.4949203803686,4.85702620379125));
#3605=CARTESIAN_POINT('',(-0.368968353054164,-9.50201611991771,4.83006958244105));
#3606=CARTESIAN_POINT('',(-1.25522229938062,-9.42596758788556,4.80311296109086));
#3607=CARTESIAN_POINT('',(-2.1304928351932,-9.26744022197726,4.77615633974067));
#3608=CARTESIAN_POINT('',(-2.98712119310841,-9.02782116384757,4.74919971839047));
#3609=CARTESIAN_POINT('',(-3.81761172799832,-8.7092071213734,4.72224309704028));
#3610=CARTESIAN_POINT('',(-4.6146975051717,-8.3143860221001,4.69528647569009));
#3611=CARTESIAN_POINT('',(-5.37140388729953,-7.84681261839704,4.66832985433989));
#3612=CARTESIAN_POINT('',(-6.08110956368849,-7.31057825778151,4.6413732329897));
#3613=CARTESIAN_POINT('',(-6.73760448788575,-6.71037508292594,4.6144166116395));
#3614=CARTESIAN_POINT('',(-7.33514421665099,-6.05145497460428,4.58745999028932));
#3615=CARTESIAN_POINT('',(-7.8685001748206,-5.33958359683408,4.56050336893912));
#3616=CARTESIAN_POINT('',(-8.33300540623749,-4.58098994632691,4.53354674758892));
#3617=CARTESIAN_POINT('',(-8.72459541041835,-3.78231184769824,4.50659012623874));
#3618=CARTESIAN_POINT('',(-9.03984370763033,-2.95053787136308,4.47963350488854));
#3619=CARTESIAN_POINT('',(-9.27599182117668,-2.09294618234554,4.45267688353835));
#3620=CARTESIAN_POINT('',(-9.4309734145412,-1.21704085508599,4.42572026218815));
#3621=CARTESIAN_POINT('',(-9.50343237218735,-0.33048621150202,4.39876364083796));
#3622=CARTESIAN_POINT('',(-9.49273466580186,0.558960243143538,4.37180701948777));
#3623=CARTESIAN_POINT('',(-9.39897390215132,1.44351569974484,4.34485039813757));
#3624=CARTESIAN_POINT('',(-9.22297050400688,2.3154401462682,4.31789377678738));
#3625=CARTESIAN_POINT('',(-8.96626453130423,3.1671040941856,4.29093715543719));
#3626=CARTESIAN_POINT('',(-8.63110220535489,3.99105533780847,4.26398053408699));
#3627=CARTESIAN_POINT('',(-8.22041625402426,4.78008416236631,4.2370239127368));
#3628=CARTESIAN_POINT('',(-7.7378002498596,5.52728643024804,4.21006729138661));
#3629=CARTESIAN_POINT('',(-7.18747716571355,6.2261239933909,4.18311067003641));
#3630=CARTESIAN_POINT('',(-6.57426242300701,6.87048190319787,4.15615404868622));
#3631=CARTESIAN_POINT('',(-5.90352175596541,7.4547219173873,4.12919742733603));
#3632=CARTESIAN_POINT('',(-5.18112426052348,7.97373183558028,4.10224080598583));
#3633=CARTESIAN_POINT('',(-4.41339103872868,8.4229702319313,4.07528418463564));
#3634=CARTESIAN_POINT('',(-3.6070398880136,8.79850619338364,4.04832756328545));
#3635=CARTESIAN_POINT('',(-2.76912651931567,9.09705371583317,4.02137094193525));
#3636=CARTESIAN_POINT('',(-1.9069828183957,9.31600045722815,3.99441432058506));
#3637=CARTESIAN_POINT('',(-1.02815269057933,9.45343059601042,3.96745769923487));
#3638=CARTESIAN_POINT('',(-0.140326050290894,9.50814159488284,3.94050107788468));
#3639=CARTESIAN_POINT('',(0.748728467017327,9.47965472321694,3.91354445653448));
#3640=CARTESIAN_POINT('',(1.63123148175844,9.36821924602812,3.88658783518428));
#3641=CARTESIAN_POINT('',(2.49946094111726,9.17481024286392,3.8596312138341));
#3642=CARTESIAN_POINT('',(3.34581968833748,8.90112007569074,3.8326745924839));
#3643=CARTESIAN_POINT('',(4.16290193914702,8.54954358043618,3.8057179711337));
#3644=CARTESIAN_POINT('',(4.94355808364118,8.12315711176371,3.77876134978352));
#3645=CARTESIAN_POINT('',(5.68095724659619,7.62569162444153,3.75180472843332));
#3646=CARTESIAN_POINT('',(6.3686470587996,7.06150002684802,3.72484810708313));
#3647=CARTESIAN_POINT('',(7.00061011638806,6.4355190922766,3.69789148573294));
#3648=CARTESIAN_POINT('',(7.57131663416374,5.75322626132216,3.67093486438274));
#3649=CARTESIAN_POINT('',(8.0757728321637,5.020591713336,3.64397824303255));
#3650=CARTESIAN_POINT('',(8.50956463209151,4.24402612633201,3.61702162168235));
#3651=CARTESIAN_POINT('',(8.86889628125977,3.43032458245399,3.59006500033216));
#3652=CARTESIAN_POINT('',(9.15062356607746,2.58660710984084,3.56310837898197));
#3653=CARTESIAN_POINT('',(9.35228132445846,1.72025638115862,3.53615175763177));
#3654=CARTESIAN_POINT('',(9.47210501641274,0.838853113947801,3.50919513628158));
#3655=CARTESIAN_POINT('',(9.50904616407415,-0.0498902619560202,3.48223851493139));
#3656=CARTESIAN_POINT('',(9.4627815260616,-0.938197089506631,3.45528189358119));
#3657=CARTESIAN_POINT('',(9.33371592589664,-1.81829453153082,3.428325272231));
#3658=CARTESIAN_POINT('',(9.12297870972817,-2.68248158438745,3.40136865088081));
#3659=CARTESIAN_POINT('',(8.83241386435989,-3.5231964630708,3.37441202953061));
#3660=CARTESIAN_POINT('',(8.46456388204925,-4.33308276812697,3.34745540818042));
#3661=CARTESIAN_POINT('',(8.02264751326398,-5.1050538554114,3.32049878683023));
#3662=CARTESIAN_POINT('',(7.51053160206315,-5.83235484544126,3.29354216548003));
#3663=CARTESIAN_POINT('',(6.93269725054812,-6.50862172975001,3.26658554412984));
#3664=CARTESIAN_POINT('',(6.29420060845016,-7.12793705705354,3.23962892277965));
#3665=CARTESIAN_POINT('',(5.6006286309527,-7.68488171196436,3.21267230142946));
#3666=CARTESIAN_POINT('',(4.85805019187479,-8.17458233318111,3.18571568007926));
#3667=CARTESIAN_POINT('',(4.07296297998371,-8.59275395623624,3.15875905872907));
#3668=CARTESIAN_POINT('',(3.25223664310333,-8.93573750767039,3.13180243737888));
#3669=CARTESIAN_POINT('',(2.40305267751678,-9.20053182255302,3.10484581602868));
#3670=CARTESIAN_POINT('',(1.53284158864166,-9.38481990519061,3.07788919467849));
#3671=CARTESIAN_POINT('',(0.649217872832568,-9.48698920323652,3.0509325733283));
#3672=CARTESIAN_POINT('',(-0.240086610768642,-9.50614571780072,3.0239759519781));
#3673=CARTESIAN_POINT('',(-1.12729029532712,-9.44212182609358,2.99701933062791));
#3674=CARTESIAN_POINT('',(-2.00462999636013,-9.29547774815392,2.97006270927772));
#3675=CARTESIAN_POINT('',(-2.86442884093343,-9.06749664482762,2.94310608792752));
#3676=CARTESIAN_POINT('',(-3.6991634416168,-8.76017338989002,2.91614946657733));
#3677=CARTESIAN_POINT('',(-4.50152972741502,-8.37619711455803,2.88919284522714));
#3678=CARTESIAN_POINT('',(-5.26450685564249,-7.91892767713057,2.86223622387694));
#3679=CARTESIAN_POINT('',(-5.98141864550147,-7.3923662636519,2.83527960252675));
#3680=CARTESIAN_POINT('',(-6.64599199580968,-6.80112037684711,2.80832298117656));
#3681=CARTESIAN_POINT('',(-7.25241177571213,-6.15036351968268,2.78136635982636));
#3682=CARTESIAN_POINT('',(-7.79537170807391,-5.4457899263277,2.75440973847617));
#3683=CARTESIAN_POINT('',(-8.27012080031575,-4.69356473662782,2.72745311712597));
#3684=CARTESIAN_POINT('',(-8.67250491641428,-3.90027005007366,2.70049649577579));
#3685=CARTESIAN_POINT('',(-8.99900312630512,-3.07284733130076,2.67353987442559));
#3686=CARTESIAN_POINT('',(-9.24675851462511,-2.21853667108289,2.64658325307539));
#3687=CARTESIAN_POINT('',(-9.41360317921198,-1.34481343429544,2.61962663172521));
#3688=CARTESIAN_POINT('',(-9.49807720062032,-0.459322849189888,2.59267001037501));
#3689=CARTESIAN_POINT('',(-9.49944141666717,0.430186889665197,2.56571338902481));
#3690=CARTESIAN_POINT('',(-9.41768389022803,1.31593241941627,2.53875676767462));
#3691=CARTESIAN_POINT('',(-9.25352001368872,2.19016331468539,2.51180014632443));
#3692=CARTESIAN_POINT('',(-9.00838624913923,3.04522990512222,2.48484352497423));
#3693=CARTESIAN_POINT('',(-8.68442755908396,3.87365021133226,2.45788690362404));
#3694=CARTESIAN_POINT('',(-8.28447863765173,4.66817541348047,2.43093028227385));
#3695=CARTESIAN_POINT('',(-7.81203910653572,5.42185327970871,2.40397366092366));
#3696=CARTESIAN_POINT('',(-7.27124289270311,6.12808899935746,2.37701703957346));
#3697=CARTESIAN_POINT('',(-6.66682205582479,6.78070288869078,2.35006041822327));
#3698=CARTESIAN_POINT('',(-6.00406538194116,7.37398446418944,2.32310379687308));
#3699=CARTESIAN_POINT('',(-5.28877210567677,7.90274241026157,2.29614717552288));
#3700=CARTESIAN_POINT('',(-4.5272011659422,8.36235000414495,2.26919055417269));
#3701=CARTESIAN_POINT('',(-3.72601643914459,8.74878560052512,2.2422339328225));
#3702=CARTESIAN_POINT('',(-2.89222842912553,9.05866782162198,2.2152773114723));
#3703=CARTESIAN_POINT('',(-2.03313292404949,9.28928514482559,2.18832069012211));
#3704=CARTESIAN_POINT('',(-1.15624715700539,9.43861962898433,2.16136406877192));
#3705=CARTESIAN_POINT('',(-0.269244028927197,9.50536457173624,2.13440744742172));
#3706=CARTESIAN_POINT('',(0.620115030605992,9.4889359433789,2.10745082607153));
#3707=CARTESIAN_POINT('',(1.50404797721055,9.38947749722956,2.08049420472134));
#3708=CARTESIAN_POINT('',(2.37482024592211,9.20785951175896,2.05353758337114));
#3709=CARTESIAN_POINT('',(3.22481242996618,8.94567117550534,2.02658096202095));
#3710=CARTESIAN_POINT('',(4.046586951875,8.60520668140205,1.99962434067076));
#3711=CARTESIAN_POINT('',(4.83295314356654,8.1894451521957,1.97266771932056));
#3712=CARTESIAN_POINT('',(5.57703016592424,7.70202457261092,1.94571109797037));
#3713=CARTESIAN_POINT('',(6.27230721731994,7.14720995635973,1.91875447662017));
#3714=CARTESIAN_POINT('',(6.91270050424541,6.52985602653968,1.89179785526999));
#3715=CARTESIAN_POINT('',(7.49260647554952,5.85536473597374,1.86484123391979));
#3716=CARTESIAN_POINT('',(8.00695085447233,5.12963799919607,1.83788461256959));
#3717=CARTESIAN_POINT('',(8.45123303943753,4.35902604968711,1.81092799121941));
#3718=CARTESIAN_POINT('',(8.82156548508853,3.55027187424094,1.78397136986921));
#3719=CARTESIAN_POINT('',(9.11470771897735,2.71045221067373,1.75701474851901));
#3720=CARTESIAN_POINT('',(9.32809469625471,1.84691562515352,1.73005812716883));
#3721=CARTESIAN_POINT('',(9.45985924425253,0.967218210985225,1.70310150581863));
#3722=CARTESIAN_POINT('',(9.50884840056522,0.0790574714975837,1.67614488446844));
#3723=CARTESIAN_POINT('',(9.4746335016686,-0.809795034431806,1.64918826311824));
#3724=CARTESIAN_POINT('',(9.35751393379923,-1.69156169485028,1.62223164176805));
#3725=CARTESIAN_POINT('',(9.1585145132735,-2.55852690016933,1.59527502041786));
#3726=CARTESIAN_POINT('',(8.87937651916904,-3.40310455607244,1.56831839906766));
#3727=CARTESIAN_POINT('',(8.52254245683391,-4.21790446314219,1.54136177771747));
#3728=CARTESIAN_POINT('',(8.09113468554576,-4.99579698237326,1.51440515636728));
#3729=CARTESIAN_POINT('',(7.58892809733229,-5.72997542073715,1.48744853501708));
#3730=CARTESIAN_POINT('',(7.02031708601829,-6.41401559091426,1.46049191366689));
#3731=CARTESIAN_POINT('',(6.39027709552555,-7.04193202403524,1.4335352923167));
#3732=CARTESIAN_POINT('',(5.70432108388482,-7.60823034356075,1.4065786709665));
#3733=CARTESIAN_POINT('',(4.96845128390701,-8.10795534201898,1.37962204961631));
#3734=CARTESIAN_POINT('',(4.1891066826161,-8.53673433992136,1.35266542826612));
#3735=CARTESIAN_POINT('',(3.37310667900776,-8.89081544745839,1.32570880691592));
#3736=CARTESIAN_POINT('',(2.52759141313796,-9.16710039417932,1.29875218556573));
#3737=CARTESIAN_POINT('',(1.65995928867224,-9.36317163939026,1.27179556421554));
#3738=CARTESIAN_POINT('',(0.777802235584075,-9.47731352605009,1.24483894286534));
#3739=CARTESIAN_POINT('',(-0.111160720535171,-9.50852729306392,1.21788232151515));
#3740=CARTESIAN_POINT('',(-0.999151001274719,-9.45653981461418,1.19092570016496));
#3741=CARTESIAN_POINT('',(-1.87839853930027,-9.32180599005826,1.16396907881477));
#3742=CARTESIAN_POINT('',(-2.74120976777653,-9.10550476348115,1.13701245746457));
#3743=CARTESIAN_POINT('',(-3.58003494039718,-8.80952880773239,1.11005583611438));
#3744=CARTESIAN_POINT('',(-4.38753419296063,-8.43646796321379,1.08309921476419));
#3745=CARTESIAN_POINT('',(-5.15664176844128,-7.98958657633161,1.05614259341399));
#3746=CARTESIAN_POINT('',(-5.88062784357593,-7.47279493590523,1.0291859720638));
#3747=CARTESIAN_POINT('',(-6.55315741597223,-6.89061505746912,1.00222935071361));
#3748=CARTESIAN_POINT('',(-7.16834573646656,-6.24814111486059,0.975272729363411));
#3749=CARTESIAN_POINT('',(-7.72080980168945,-5.55099486532585,0.948316108013215));
#3750=CARTESIAN_POINT('',(-8.20571545626719,-4.8052764581746,0.921359486663027));
#3751=CARTESIAN_POINT('',(-8.61881969251678,-4.01751105744484,0.894402865312829));
#3752=CARTESIAN_POINT('',(-8.95650777746939,-3.19459174553031,0.867446243962641));
#3753=CARTESIAN_POINT('',(-9.21582488248554,-2.34371920777884,0.840489622612445));
#3754=CARTESIAN_POINT('',(-9.3945019382089,-1.47233872431896,0.813533001262249));
#3755=CARTESIAN_POINT('',(-9.49097549044663,-0.588075026092766,0.78657637991206));
#3756=CARTESIAN_POINT('',(-9.50440137642898,0.3013344359535,0.759619758561865));
#3757=CARTESIAN_POINT('',(-9.43466212717615,1.18810714598345,0.732663137211669));
#3758=CARTESIAN_POINT('',(-9.2823679364129,2.0644838041564,0.705706515861357));
#3759=CARTESIAN_POINT('',(-9.12669033967447,2.6366916284525,0.6877354349611));
#3760=CARTESIAN_POINT('',(-9.03565497353791,2.91853325471175,0.678749894510911));
#3761=CARTESIAN_POINT('',(7.91030453100688,6.86678288769435,19.4140660449727));
#3762=CARTESIAN_POINT('',(8.12449434479218,6.62004337631157,19.4050805045227));
#3763=CARTESIAN_POINT('',(8.52976778522601,6.1065069570209,19.3871094236225));
#3764=CARTESIAN_POINT('',(9.063041268027,5.28276905178237,19.3601528022723));
#3765=CARTESIAN_POINT('',(9.51701151647809,4.41280608921682,19.3331961809222));
#3766=CARTESIAN_POINT('',(9.8877062992888,3.50423029513467,19.3062395595719));
#3767=CARTESIAN_POINT('',(10.1718819503791,2.56499189027759,19.2792829382218));
#3768=CARTESIAN_POINT('',(10.3670518902328,1.60330936472366,19.2523263168716));
#3769=CARTESIAN_POINT('',(10.4715083467253,0.627597607506962,19.2253696955214));
#3770=CARTESIAN_POINT('',(10.4843373083826,-0.353605736578522,19.1984130741712));
#3771=CARTESIAN_POINT('',(10.4054265194694,-1.33171496976171,19.171456452821));
#3772=CARTESIAN_POINT('',(10.2354664629618,-2.29817146844692,19.1444998314708));
#3773=CARTESIAN_POINT('',(9.97594431851054,-3.24451857241831,19.1175432101206));
#3774=CARTESIAN_POINT('',(9.62913094941541,-4.16247558212698,19.0905865887704));
#3775=CARTESIAN_POINT('',(9.19806103216806,-5.04401021621721,19.0636299674202));
#3776=CARTESIAN_POINT('',(8.68650650251555,-5.88140889537085,19.03667334607));
#3777=CARTESIAN_POINT('',(8.0989435503743,-6.66734423744889,19.0097167247198));
#3778=CARTESIAN_POINT('',(7.44051345240048,-7.39493917334279,18.9827601033696));
#3779=CARTESIAN_POINT('',(6.71697758493701,-8.05782712250927,18.9558034820194));
#3780=CARTESIAN_POINT('',(5.93466701098188,-8.65020770164253,18.9288468606692));
#3781=CARTESIAN_POINT('',(5.10042708230054,-9.16689747902351,18.901890239319));
#3782=CARTESIAN_POINT('',(4.22155754142329,-9.60337533043692,18.8749336179688));
#3783=CARTESIAN_POINT('',(3.30574864764552,-9.95582199978395,18.8479769966187));
#3784=CARTESIAN_POINT('',(2.36101388593926,-10.2211535182285,18.8210203752685));
#3785=CARTESIAN_POINT('',(1.39561984758453,-10.3970481894536,18.7940637539183));
#3786=CARTESIAN_POINT('',(0.418013896077118,-10.4819669049029,18.7671071325681));
#3787=CARTESIAN_POINT('',(-0.563249748751536,-10.4751666112441,18.7401505112179));
#3788=CARTESIAN_POINT('',(-1.53958486162579,-10.3767068122138,18.7131938898677));
#3789=CARTESIAN_POINT('',(-2.50244834277032,-10.1874490479491,18.6862372685175));
#3790=CARTESIAN_POINT('',(-3.44341497149916,-9.90904935636349,18.6592806471673));
#3791=CARTESIAN_POINT('',(-4.35425112834244,-9.54394378253146,18.6323240258171));
#3792=CARTESIAN_POINT('',(-5.22698684062964,-9.09532706287558,18.6053674044669));
#3793=CARTESIAN_POINT('',(-6.0539855211181,-8.5671246706748,18.5784107831167));
#3794=CARTESIAN_POINT('',(-6.82801078944176,-7.96395846749964,18.5514541617665));
#3795=CARTESIAN_POINT('',(-7.54228979168122,-7.29110626113031,18.5244975404163));
#3796=CARTESIAN_POINT('',(-8.19057246399764,-6.554455623833,18.4975409190661));
#3797=CARTESIAN_POINT('',(-8.7671862217639,-5.76045237509221,18.4705842977159));
#3798=CARTESIAN_POINT('',(-9.26708559565349,-4.91604417958422,18.4436276763657));
#3799=CARTESIAN_POINT('',(-9.68589638036287,-4.02861975391893,18.4166710550155));
#3800=CARTESIAN_POINT('',(-10.0199539096585,-3.10594421410163,18.3897144336653));
#3801=CARTESIAN_POINT('',(-10.2663351228353,-2.15609112943548,18.3627578123152));
#3802=CARTESIAN_POINT('',(-10.4228841419993,-1.18737187740471,18.335801190965));
#3803=CARTESIAN_POINT('',(-10.4882311363692,-0.208262917695389,18.3088445696148));
#3804=CARTESIAN_POINT('',(-10.4618043085309,0.772668378281381,18.2818879482646));
#3805=CARTESIAN_POINT('',(-10.3438348977628,1.74683869335943,18.2549313269144));
#3806=CARTESIAN_POINT('',(-10.1353551566523,2.70572387011564,18.2279747055642));
#3807=CARTESIAN_POINT('',(-9.83818931870915,3.64093349871011,18.201018084214));
#3808=CARTESIAN_POINT('',(-9.45493763600849,4.54428433441203,18.1740614628638));
#3809=CARTESIAN_POINT('',(-8.98895362653936,5.40787190239535,18.1471048415136));
#3810=CARTESIAN_POINT('',(-8.44431473034682,6.22413966324986,18.1201482201634));
#3811=CARTESIAN_POINT('',(-7.82578663123177,6.98594513399772,18.0931915988132));
#3812=CARTESIAN_POINT('',(-7.13878155619997,7.68662238604521,18.066234977463));
#3813=CARTESIAN_POINT('',(-6.38931091754703,8.32004037320172,18.0392783561128));
#3814=CARTESIAN_POINT('',(-5.5839327119692,8.88065657938604,18.0123217347626));
#3815=CARTESIAN_POINT('',(-4.72969413696701,9.36356551659314,17.9853651134124));
#3816=CARTESIAN_POINT('',(-3.83406992665781,9.764541648756,17.9584084920622));
#3817=CARTESIAN_POINT('',(-2.9048969465696,10.0800763659113,17.931451870712));
#3818=CARTESIAN_POINT('',(-1.95030561972287,10.3074086851386,17.9044952493619));
#3819=CARTESIAN_POINT('',(-0.978648784033991,10.4445494096347,17.8775386280117));
#3820=CARTESIAN_POINT('',(0.00157139644987553,10.4902985345273,17.8505820066615));
#3821=CARTESIAN_POINT('',(0.981777826945154,10.444255747123,17.8236253853113));
#3822=CARTESIAN_POINT('',(1.95339353298303,10.3068239297124,17.7966687639611));
#3823=CARTESIAN_POINT('',(2.90791671040786,10.0792056342811,17.7697121426109));
#3824=CARTESIAN_POINT('',(3.83699511762239,9.76339255997291,17.7427555212607));
#3825=CARTESIAN_POINT('',(4.73249915913501,9.3621481253812,17.7157988999105));
#3826=CARTESIAN_POINT('',(5.58659302091532,8.87898328816158,17.6888422785603));
#3827=CARTESIAN_POINT('',(6.39180323511148,8.31812582355008,17.6618856572101));
#3828=CARTESIAN_POINT('',(7.14108407417639,7.68448333060438,17.6349290358599));
#3829=CARTESIAN_POINT('',(7.82787920219275,6.98360028986987,17.6079724145097));
#3830=CARTESIAN_POINT('',(8.44617904393737,6.22160954822347,17.5810157931595));
#3831=CARTESIAN_POINT('',(8.99057336969566,5.40517865541108,17.5540591718093));
#3832=CARTESIAN_POINT('',(9.45629863569996,4.54145152184314,17.5271025504591));
#3833=CARTESIAN_POINT('',(9.83927966595496,3.63798590815268,17.5001459291089));
#3834=CARTESIAN_POINT('',(10.136165310727,2.70268729349286,17.4731893077587));
#3835=CARTESIAN_POINT('',(10.344357769679,1.74373970123782,17.4462326864085));
#3836=CARTESIAN_POINT('',(10.4620353230699,0.769534087373782,17.4192760650584));
#3837=CARTESIAN_POINT('',(10.488168272114,-0.211405081805692,17.3923194437082));
#3838=CARTESIAN_POINT('',(10.4225279490229,-1.19049442024257,17.365362822358));
#3839=CARTESIAN_POINT('',(10.2656887178874,-2.15916672821523,17.3384062010078));
#3840=CARTESIAN_POINT('',(10.0190229488933,-3.10894595680618,17.3114495796576));
#3841=CARTESIAN_POINT('',(9.68468900984682,-4.03152137478452,17.2844929583074));
#3842=CARTESIAN_POINT('',(9.2656123800858,-4.91882028893037,17.2575363369572));
#3843=CARTESIAN_POINT('',(8.76546005203359,-5.76307868148576,17.230579715607));
#3844=CARTESIAN_POINT('',(8.18860844438604,-6.55690914664234,17.2036230942568));
#3845=CARTESIAN_POINT('',(7.54010510769697,-7.29336553160984,17.1766664729066));
#3846=CARTESIAN_POINT('',(6.82562455744461,-7.96600371664496,17.1497098515564));
#3847=CARTESIAN_POINT('',(6.05141862104749,-8.56893800220494,17.1227532302062));
#3848=CARTESIAN_POINT('',(5.22426173330168,-9.09689260982848,17.095796608856));
#3849=CARTESIAN_POINT('',(4.35139165891386,-9.54524784610265,17.0688399875058));
#3850=CARTESIAN_POINT('',(3.44044616081814,-9.91008052577294,17.0418833661556));
#3851=CARTESIAN_POINT('',(2.49939616843977,-10.1881983002875,17.0149267448054));
#3852=CARTESIAN_POINT('',(1.53647603069485,-10.3771675913947,16.9879701234552));
#3853=CARTESIAN_POINT('',(0.560111464024325,-10.4753348853705,16.961013502105));
#3854=CARTESIAN_POINT('',(-0.421154174070717,-10.4818412015473,16.9340568807549));
#3855=CARTESIAN_POINT('',(-1.3987346408732,-10.3966296085421,16.9071002594047));
#3856=CARTESIAN_POINT('',(-2.36407593954724,-10.2204457224157,16.8801436380545));
#3857=CARTESIAN_POINT('',(-3.3087311680783,-9.95483118240483,16.8531870167043));
#3858=CARTESIAN_POINT('',(-4.22443443111527,-9.60211016131351,16.8262303953541));
#3859=CARTESIAN_POINT('',(-5.10317316797325,-9.16536902860273,16.7992737740039));
#3860=CARTESIAN_POINT('',(-5.93725826391447,-8.64842934412785,16.7723171526537));
#3861=CARTESIAN_POINT('',(-6.71939133122166,-8.05581441883411,16.7453605313035));
#3862=CARTESIAN_POINT('',(-7.442728571343,-7.39270973500968,16.7184039099533));
#3863=CARTESIAN_POINT('',(-8.10094065930383,-6.66491757242581,16.6914472886031));
#3864=CARTESIAN_POINT('',(-8.68826812638626,-5.87880623739317,16.6644906672529));
#3865=CARTESIAN_POINT('',(-9.1995717564688,-5.04125433898885,16.6375340459027));
#3866=CARTESIAN_POINT('',(-9.63037755504926,-4.15959060004655,16.6105774245525));
#3867=CARTESIAN_POINT('',(-9.97691589746444,-3.24152972957423,16.5836208032023));
#3868=CARTESIAN_POINT('',(-10.2361545137527,-2.2951049177264,16.5566641818521));
#3869=CARTESIAN_POINT('',(-10.4058250215366,-1.32859754401184,16.5297075605019));
#3870=CARTESIAN_POINT('',(-10.4844427747579,-0.3504647138018,16.5027509391517));
#3871=CARTESIAN_POINT('',(-10.471319854585,0.630734742793238,16.4757943178016));
#3872=CARTESIAN_POINT('',(-10.3665710888214,1.60641516215568,16.4488376964514));
#3873=CARTESIAN_POINT('',(-10.1711130471424,2.56803917319079,16.4218810751012));
#3874=CARTESIAN_POINT('',(-9.88665602095279,3.50719240078873,16.394924453751));
#3875=CARTESIAN_POINT('',(-9.51568905804426,4.41565709305072,16.3679678324008));
#3876=CARTESIAN_POINT('',(-9.0614581829996,5.28548402802827,16.3410112110506));
#3877=CARTESIAN_POINT('',(-8.52793799392082,6.10906207077929,16.3140545897004));
#3878=CARTESIAN_POINT('',(-7.91979688401362,6.87918477210493,16.2870979683502));
#3879=CARTESIAN_POINT('',(-7.24235619234583,7.58911342621668,16.260141347));
#3880=CARTESIAN_POINT('',(-6.50154364121735,8.23263603556835,16.2331847256498));
#3881=CARTESIAN_POINT('',(-5.70384146757291,8.80412166690057,16.2062281042996));
#3882=CARTESIAN_POINT('',(-4.8562297023164,9.2985697228731,16.1792714829494));
#3883=CARTESIAN_POINT('',(-3.96612509384276,9.71165369814961,16.1523148615992));
#3884=CARTESIAN_POINT('',(-3.04131621021677,10.0397590370618,16.125358240249));
#3885=CARTESIAN_POINT('',(-2.089895287866,10.2800147615919,16.0984016188988));
#3886=CARTESIAN_POINT('',(-1.12018742312345,10.4303185929227,16.0714449975486));
#3887=CARTESIAN_POINT('',(-0.140677726206056,10.489355346738,16.0444883761984));
#3888=CARTESIAN_POINT('',(0.840062924955732,10.4566084413115,16.0175317548482));
#3889=CARTESIAN_POINT('',(1.8134528813706,10.3323644176849,15.9905751334981));
#3890=CARTESIAN_POINT('',(2.77097481388762,10.117710432385,15.9636185121479));
#3891=CARTESIAN_POINT('',(3.70425024128794,9.81452474461757,15.9366618907977));
#3892=CARTESIAN_POINT('',(4.60511284343309,9.42546028117672,15.9097052694475));
#3893=CARTESIAN_POINT('',(5.46567991796763,8.95392142288046,15.8827486480973));
#3894=CARTESIAN_POINT('',(6.27842135531732,8.40403421565428,15.8557920267471));
#3895=CARTESIAN_POINT('',(7.03622552844012,7.78061026692121,15.8288354053969));
#3896=CARTESIAN_POINT('',(7.73246152078314,7.08910464321133,15.8018787840467));
#3897=CARTESIAN_POINT('',(8.36103714794029,6.33556813739343,15.7749221626965));
#3898=CARTESIAN_POINT('',(8.9164522653113,5.52659432319917,15.7479655413463));
#3899=CARTESIAN_POINT('',(9.39384689531076,4.66926186032147,15.7210089199961));
#3900=CARTESIAN_POINT('',(9.78904375300595,3.7710725549275,15.6940522986459));
#3901=CARTESIAN_POINT('',(10.0985847980769,2.83988571756741,15.6670956772957));
#3902=CARTESIAN_POINT('',(10.3197614932623,1.88384939285841,15.6401390559455));
#3903=CARTESIAN_POINT('',(10.4506385045258,0.911329062696108,15.6131824345953));
#3904=CARTESIAN_POINT('',(10.4900706355606,-0.0691655531475076,15.5862258132451));
#3905=CARTESIAN_POINT('',(10.4377128484535,-1.04905495853238,15.5592691918949));
#3906=CARTESIAN_POINT('',(10.2940232828263,-2.0197649530138,15.5323125705447));
#3907=CARTESIAN_POINT('',(10.0602592470351,-2.97280165756766,15.5053559491946));
#3908=CARTESIAN_POINT('',(9.7384662165067,-3.89982583748942,15.4783993278444));
#3909=CARTESIAN_POINT('',(9.3314599354774,-4.79272587212877,15.4514427064942));
#3910=CARTESIAN_POINT('',(8.84280177874788,-5.6436887329623,15.424486085144));
#3911=CARTESIAN_POINT('',(8.27676758904257,-6.44526834893372,15.3975294637938));
#3912=CARTESIAN_POINT('',(7.63831026265199,-7.19045076085342,15.3705728424436));
#3913=CARTESIAN_POINT('',(6.93301641074042,-7.87271549474489,15.3436162210934));
#3914=CARTESIAN_POINT('',(6.16705747553946,-8.48609261711096,15.3166595997432));
#3915=CARTESIAN_POINT('',(5.34713572916955,-9.02521497287631,15.289702978393));
#3916=CARTESIAN_POINT('',(4.48042562760879,-9.48536514891539,15.2627463570428));
#3917=CARTESIAN_POINT('',(3.57451103297202,-9.86251675222677,15.2357897356926));
#3918=CARTESIAN_POINT('',(2.6373188534159,-10.1533696415628,15.2088331143424));
#3919=CARTESIAN_POINT('',(1.67704968133237,-10.3553788042319,15.1818764929922));
#3920=CARTESIAN_POINT('',(0.702106036757923,-10.4667766253962,15.154919871642));
#3921=CARTESIAN_POINT('',(-0.278981156118518,-10.4865883550048,15.1279632502918));
#3922=CARTESIAN_POINT('',(-1.25762721600617,-10.4146406370241,15.1010066289416));
#3923=CARTESIAN_POINT('',(-2.22526882194678,-10.2515630263323,15.0740500075914));
#3924=CARTESIAN_POINT('',(-3.17343894384251,-9.99878248000706,15.0470933862413));
#3925=CARTESIAN_POINT('',(-4.09384093042217,-9.65851087120538,15.0201367648911));
#3926=CARTESIAN_POINT('',(-4.97842110636356,-9.23372563489441,14.9931801435409));
#3927=CARTESIAN_POINT('',(-5.81943924333453,-8.7281437147844,14.9662235221907));
#3928=CARTESIAN_POINT('',(-6.60953628831912,-8.14618903943341,14.9392669008405));
#3929=CARTESIAN_POINT('',(-7.34179875659423,-7.49295381211333,14.9123102794903));
#3930=CARTESIAN_POINT('',(-8.00981922590728,-6.77415395315743,14.8853536581401));
#3931=CARTESIAN_POINT('',(-8.60775240252046,-5.99607908467655,14.8583970367899));
#3932=CARTESIAN_POINT('',(-9.13036626853395,-5.16553749528641,14.8314404154397));
#3933=CARTESIAN_POINT('',(-9.57308786294035,-4.28979656641389,14.8044837940895));
#3934=CARTESIAN_POINT('',(-9.93204329581825,-3.37651918146247,14.7775271727393));
#3935=CARTESIAN_POINT('',(-10.2040916455337,-2.43369667426753,14.7505705513891));
#3936=CARTESIAN_POINT('',(-10.3868524423437,-1.46957890355399,14.7236139300389));
#3937=CARTESIAN_POINT('',(-10.4787264979146,-0.49260206525678,14.6966573086887));
#3938=CARTESIAN_POINT('',(-10.4789098984947,0.48868512564122,14.6697006873385));
#3939=CARTESIAN_POINT('',(-10.3874010392974,1.46569623783221,14.6427440659883));
#3940=CARTESIAN_POINT('',(-10.2050006385436,2.42988225643085,14.6157874446381));
#3941=CARTESIAN_POINT('',(-9.93330473103941,3.37280638832151,14.5888308232879));
#3942=CARTESIAN_POINT('',(-9.57469070259818,4.28621788554574,14.5618742019378));
#3943=CARTESIAN_POINT('',(-9.1322964875064,5.16212424076278,14.5349175805876));
#3944=CARTESIAN_POINT('',(-8.6099931110603,5.99286112306021,14.5079609592374));
#3945=CARTESIAN_POINT('',(-8.01235081743029,6.77115944216473,14.4810043378872));
#3946=CARTESIAN_POINT('',(-7.34459907924015,7.49020895422932,14.454047716537));
#3947=CARTESIAN_POINT('',(-6.61258083878429,8.14371785263557,14.4270910951868));
#3948=CARTESIAN_POINT('',(-5.82270138127991,8.72596782238127,14.4001344738366));
#3949=CARTESIAN_POINT('',(-4.98187228752237,9.2318640763179,14.3731778524864));
#3950=CARTESIAN_POINT('',(-4.09745095636705,9.65697993541247,14.3462212311362));
#3951=CARTESIAN_POINT('',(-3.17717622622697,9.99759556294865,14.319264609786));
#3952=CARTESIAN_POINT('',(-2.22910065890864,10.2507305137363,14.2923079884358));
#3953=CARTESIAN_POINT('',(-1.26152007831447,10.4141698135186,14.2653513670856));
#3954=CARTESIAN_POINT('',(-0.28290098056006,10.4864833403763,14.2383947457354));
#3955=CARTESIAN_POINT('',(0.698193549319641,10.4670383385407,14.2114381243852));
#3956=CARTESIAN_POINT('',(1.67317876583381,10.3560049551145,14.184481503035));
#3957=CARTESIAN_POINT('',(2.63352338103192,10.1543547512558,14.1575248816848));
#3958=CARTESIAN_POINT('',(3.57082421473727,9.86385220085126,14.1305682603346));
#3959=CARTESIAN_POINT('',(4.47687972381549,9.4870392510668,14.1036116389844));
#3960=CARTESIAN_POINT('',(5.34376176708436,9.02721307987354,14.0766550176343));
#3961=CARTESIAN_POINT('',(6.16388497790958,8.4883972451749,14.0496983962841));
#3962=CARTESIAN_POINT('',(6.93007313746452,7.87530647798452,14.0227417749339));
#3963=CARTESIAN_POINT('',(7.63562196787629,7.19330542772079,13.9957851535837));
#3964=CARTESIAN_POINT('',(8.27435779580766,6.44836172060388,13.9688285322335));
#3965=CARTESIAN_POINT('',(8.84069157315809,5.6469937419023,13.9418719108833));
#3966=CARTESIAN_POINT('',(9.32966778219375,4.79621359894327,13.9149152895331));
#3967=CARTESIAN_POINT('',(9.73700779717795,3.9034657639703,13.8879586681829));
#3968=CARTESIAN_POINT('',(10.0591473230806,2.97656193373361,13.8610020468327));
#3969=CARTESIAN_POINT('',(10.2932675837715,2.0236126758031,13.8340454254825));
#3970=CARTESIAN_POINT('',(10.4373199867948,1.05295645971037,13.8070888041323));
#3971=CARTESIAN_POINT('',(10.4900440489049,0.0730866939093847,13.7801321827821));
#3972=CARTESIAN_POINT('',(10.450978425511,-0.907422593004873,13.7531755614319));
#3973=CARTESIAN_POINT('',(10.3204649475214,-1.87999177651796,13.7262189400817));
#3974=CARTESIAN_POINT('',(10.0996456302643,-2.83611070938269,13.6992623187315));
#3975=CARTESIAN_POINT('',(9.79045268065814,-3.7674131868679,13.6723056973813));
#3976=CARTESIAN_POINT('',(9.39559159006894,-4.66575015248546,13.6453490760311));
#3977=CARTESIAN_POINT('',(8.91851746079696,-5.52326100363292,13.618392454681));
#3978=CARTESIAN_POINT('',(8.36340477333854,-6.33244237321513,13.5914358333308));
#3979=CARTESIAN_POINT('',(7.73511085896546,-7.08621378539393,13.5644792119806));
#3980=CARTESIAN_POINT('',(7.0391333972428,-7.77797961096668,13.5375225906304));
#3981=CARTESIAN_POINT('',(6.28156231038934,-8.40168678025362,13.5105659692802));
#3982=CARTESIAN_POINT('',(5.46902647541313,-8.95187774849627,13.48360934793));
#3983=CARTESIAN_POINT('',(4.60863572030017,-9.42373825031052,13.4566527265798));
#3984=CARTESIAN_POINT('',(3.70791861179948,-9.81313942533496,13.4296961052296));
#3985=CARTESIAN_POINT('',(2.77475657917216,-10.1166739464674,13.4027394838794));
#3986=CARTESIAN_POINT('',(1.81731495033295,-10.331685834562,13.3757828625292));
#3987=CARTESIAN_POINT('',(0.843971503829758,-10.456293698702,13.348826241179));
#3988=CARTESIAN_POINT('',(-0.136756838156214,-10.4894071986938,13.3218696198288));
#3989=CARTESIAN_POINT('',(-1.11628853434105,-10.4307365857302,13.2949129984786));
#3990=CARTESIAN_POINT('',(-2.08605251429693,-10.2807952377424,13.2679563771284));
#3991=CARTESIAN_POINT('',(-3.03756317678917,-10.0408951672551,13.2409997557782));
#3992=CARTESIAN_POINT('',(-3.96249464024314,-9.71313554105145,13.214043134428));
#3993=CARTESIAN_POINT('',(-4.85275359563673,-9.30038431210383,13.1870865130778));
#3994=CARTESIAN_POINT('',(-5.70055012434314,-8.80625312449306,13.1601298917276));
#3995=CARTESIAN_POINT('',(-6.49846586125553,-8.2350657109029,13.1331732703775));
#3996=CARTESIAN_POINT('',(-7.23951890675477,-7.5918200592172,13.1062166490273));
#3997=CARTESIAN_POINT('',(-7.91722491952911,-6.88214467926819,13.0792600276771));
#3998=CARTESIAN_POINT('',(-8.52565385567344,-6.11224935240971,13.0523034063269));
#3999=CARTESIAN_POINT('',(-9.05948185759098,-5.28887079486464,13.0253467849767));
#4000=CARTESIAN_POINT('',(-9.51403783866085,-4.41921371030208,12.9983901636265));
#4001=CARTESIAN_POINT('',(-9.88534435604756,-3.5108877474438,12.9714335422763));
#4002=CARTESIAN_POINT('',(-10.1701524140083,-2.57184091433222,12.9444769209261));
#4003=CARTESIAN_POINT('',(-10.3659698931633,-1.61029003189612,12.9175202995759));
#4004=CARTESIAN_POINT('',(-10.471083356968,-0.634648835357531,12.8905636782257));
#4005=CARTESIAN_POINT('',(-10.4845730445767,0.346545647395241,12.8636070568755));
#4006=CARTESIAN_POINT('',(-10.406320918908,1.32470779626658,12.8366504355253));
#4007=CARTESIAN_POINT('',(-10.2370116994896,2.29127852460268,12.8096938141751));
#4008=CARTESIAN_POINT('',(-9.9781268710445,3.23780017266849,12.7827371928249));
#4009=CARTESIAN_POINT('',(-9.63193172024588,4.15599051362171,12.7557805714747));
#4010=CARTESIAN_POINT('',(-9.20145551406981,5.03781522441888,12.7288239501245));
#4011=CARTESIAN_POINT('',(-8.69046499318941,5.87555818752072,12.7018673287743));
#4012=CARTESIAN_POINT('',(-8.10343141234761,6.66188900824461,12.6749107074242));
#4013=CARTESIAN_POINT('',(-7.44549141611087,7.38992715697602,12.647954086074));
#4014=CARTESIAN_POINT('',(-6.7224020923478,8.05330217498327,12.6209974647238));
#4015=CARTESIAN_POINT('',(-5.94049059672238,8.64620941702463,12.5940408433736));
#4016=CARTESIAN_POINT('',(-5.1065987889962,9.16346084299021,12.5670842220234));
#4017=CARTESIAN_POINT('',(-4.22802336558148,9.60053041414324,12.5401276006732));
#4018=CARTESIAN_POINT('',(-3.31245201219533,9.95359369673564,12.513170979323));
#4019=CARTESIAN_POINT('',(-2.36789613529058,10.2195613264596,12.4862143579728));
#4020=CARTESIAN_POINT('',(-1.40262076087456,10.3961060409153,12.4592577366226));
#4021=CARTESIAN_POINT('',(-0.425072214113221,10.4816830435566,12.4323011152724));
#4022=CARTESIAN_POINT('',(0.556195787463372,10.4755435209253,12.4053444939222));
#4023=CARTESIAN_POINT('',(1.53259698045728,10.3777411948981,12.378387872572));
#4024=CARTESIAN_POINT('',(2.49558768688081,10.1891318526105,12.3514312512218));
#4025=CARTESIAN_POINT('',(3.43674157280495,9.91136585817245,12.3244746298716));
#4026=CARTESIAN_POINT('',(4.34782338022726,9.54687371169963,12.2975180085214));
#4027=CARTESIAN_POINT('',(5.22086098699249,9.09884478201997,12.2705613871712));
#4028=CARTESIAN_POINT('',(6.04821516422948,8.57119939914928,12.243604765821));
#4029=CARTESIAN_POINT('',(6.82264642091464,7.96855455073082,12.2166481444708));
#4030=CARTESIAN_POINT('',(7.53737835066072,7.29618348260125,12.1896915231207));
#4031=CARTESIAN_POINT('',(8.1861569264355,6.55996955698458,12.1627349017705));
#4032=CARTESIAN_POINT('',(8.76330522437149,5.76635477206317,12.1357782804203));
#4033=CARTESIAN_POINT('',(9.26377309782396,4.92228339338822,12.1088216590701));
#4034=CARTESIAN_POINT('',(9.68318136702064,4.03514119036454,12.0818650377199));
#4035=CARTESIAN_POINT('',(10.0178601376362,3.11269080950089,12.0549084163697));
#4036=CARTESIAN_POINT('',(10.2648809129975,2.16300384992095,12.0279517950195));
#4037=CARTESIAN_POINT('',(10.4220822189315,1.19439023548592,12.0009951736693));
#4038=CARTESIAN_POINT('',(10.4880885170359,0.215325501534782,11.9740385523191));
#4039=CARTESIAN_POINT('',(10.4623222408758,-0.765623367504323,11.9470819309689));
#4040=CARTESIAN_POINT('',(10.3450088497888,-1.73987290069792,11.9201253096187));
#4041=CARTESIAN_POINT('',(10.137174856078,-2.69889824745079,11.8931686882685));
#4042=CARTESIAN_POINT('',(9.84063884285214,-3.63430777141149,11.8662120669183));
#4043=CARTESIAN_POINT('',(9.45799555111223,-4.53791647873049,11.8392554455681));
#4044=CARTESIAN_POINT('',(8.99259317532197,-5.4018176381608,11.8122988242179));
#4045=CARTESIAN_POINT('',(8.44850406613189,-6.21845196631326,11.7853422028677));
#4046=CARTESIAN_POINT('',(7.83048909661231,-6.98067377268327,11.7583855815175));
#4047=CARTESIAN_POINT('',(7.14395600379697,-7.68181348566897,11.7314289601674));
#4048=CARTESIAN_POINT('',(6.39491207005607,-8.31573601246718,11.7044723388172));
#4049=CARTESIAN_POINT('',(5.58991155834469,-8.87689442218824,11.677515717467));
#4050=CARTESIAN_POINT('',(4.7359983612772,-9.36037848245315,11.6505590961168));
#4051=CARTESIAN_POINT('',(3.8406443658582,-9.76195762476943,11.6236024747666));
#4052=CARTESIAN_POINT('',(2.91168407318901,-10.0781179627314,11.5966458534164));
#4053=CARTESIAN_POINT('',(1.95724604523872,-10.3060930391293,11.5696892320662));
#4054=CARTESIAN_POINT('',(0.985681778532054,-10.4438880329244,11.542732610716));
#4055=CARTESIAN_POINT('',(0.00549262712168952,-10.4902972142757,11.5157759893658));
#4056=CARTESIAN_POINT('',(-0.974744585718516,-10.4449144948824,11.4888193680156));
#4057=CARTESIAN_POINT('',(-1.94645261616895,-10.308136981327,11.4618627466654));
#4058=CARTESIAN_POINT('',(-2.9011288522195,-10.0811615003239,11.4349061253152));
#4059=CARTESIAN_POINT('',(-3.83041971298369,-9.7659741262804,11.407949503965));
#4060=CARTESIAN_POINT('',(-4.7261937439649,-9.36533280280522,11.3809928826148));
#4061=CARTESIAN_POINT('',(-5.58061276867852,-8.88274321022817,11.3540362612646));
#4062=CARTESIAN_POINT('',(-6.38620047404127,-8.32242809029597,11.3270796399144));
#4063=CARTESIAN_POINT('',(-7.13590782939357,-7.68929029645727,11.3001230185642));
#4064=CARTESIAN_POINT('',(-7.82317476672739,-6.98886989305368,11.273166397214));
#4065=CARTESIAN_POINT('',(-8.44198758240708,-6.22729567880609,11.2462097758639));
#4066=CARTESIAN_POINT('',(-8.98693155810806,-5.41123155877418,11.2192531545137));
#4067=CARTESIAN_POINT('',(-9.45323834053139,-4.54781823404362,11.1922965331635));
#4068=CARTESIAN_POINT('',(-9.83682766531328,-3.64461071936628,11.1653399118133));
#4069=CARTESIAN_POINT('',(-10.1343430600385,-2.70951223548464,11.1383832904631));
#4070=CARTESIAN_POINT('',(-10.3431812139501,-1.7507050545942,11.1114266691129));
#4071=CARTESIAN_POINT('',(-10.461514757365,-0.776578904057658,11.0844700477627));
#4072=CARTESIAN_POINT('',(-10.4883082514723,0.204342445149188,11.0575134264125));
#4073=CARTESIAN_POINT('',(-10.4233272486011,1.18347576289612,11.0305568050623));
#4074=CARTESIAN_POINT('',(-10.267140343677,2.152253464635,11.0036001837121));
#4075=CARTESIAN_POINT('',(-10.0211141989195,3.10219857923481,10.9766435623619));
#4076=CARTESIAN_POINT('',(-9.68740158531304,4.0249989239336,10.9496869410117));
#4077=CARTESIAN_POINT('',(-9.26892254549126,4.91257983736409,10.9227303196615));
#4078=CARTESIAN_POINT('',(-8.76933884286297,5.75717483422616,10.8957736983113));
#4079=CARTESIAN_POINT('',(-8.19302192055401,6.55139356336603,10.8688170769611));
#4080=CARTESIAN_POINT('',(-7.54501465052971,7.28828647461694,10.8418604556109));
#4081=CARTESIAN_POINT('',(-6.83098720759988,7.96140562855574,10.8149038342607));
#4082=CARTESIAN_POINT('',(-6.05718745441622,8.56486111707919,10.7879472129105));
#4083=CARTESIAN_POINT('',(-5.23038627160196,9.09337260111066,10.7609905915604));
#4084=CARTESIAN_POINT('',(-4.35781831138461,9.54231551447306,10.7340339702102));
#4085=CARTESIAN_POINT('',(-3.44711869314745,9.90776152963653,10.70707734886));
#4086=CARTESIAN_POINT('',(-2.50625619482475,10.1865129312584,10.6801207275098));
#4087=CARTESIAN_POINT('',(-1.54346352472747,10.3761305967412,10.6531641061596));
#4088=CARTESIAN_POINT('',(-0.567165283932749,10.4749553389737,10.6262074848094));
#4089=CARTESIAN_POINT('',(0.414095750421107,10.4821224245033,10.5992508634592));
#4090=CARTESIAN_POINT('',(1.39173337590056,10.3975691401018,10.572294242109));
#4091=CARTESIAN_POINT('',(2.35719309552148,10.2220353415168,10.5453376207588));
#4092=CARTESIAN_POINT('',(3.30202697106573,9.95705697960732,10.5183809994086));
#4093=CARTESIAN_POINT('',(4.21796754399019,9.60495266050998,10.4914243780584));
#4094=CARTESIAN_POINT('',(5.09700017710771,9.16880335743744,10.4644677567082));
#4095=CARTESIAN_POINT('',(5.93143318403783,8.65242545163419,10.437511135358));
#4096=CARTESIAN_POINT('',(6.71396513278241,8.06033733838568,10.4105545140078));
#4097=CARTESIAN_POINT('',(7.43774873450863,7.39771989028427,10.3835978926577));
#4098=CARTESIAN_POINT('',(8.09645075850117,6.67037112370505,10.3566412713075));
#4099=CARTESIAN_POINT('',(8.6843074490178,5.88465546516754,10.3296846499573));
#4100=CARTESIAN_POINT('',(9.19617495914116,5.04744806151162,10.3027280286071));
#4101=CARTESIAN_POINT('',(9.62757436032196,4.16607462118281,10.2757714072569));
#4102=CARTESIAN_POINT('',(9.97473083377236,3.24824731302639,10.2488147859067));
#4103=CARTESIAN_POINT('',(10.2346067007781,2.30199728348653,10.2218581645565));
#4104=CARTESIAN_POINT('',(10.4049280029087,1.33560438269682,10.1949015432063));
#4105=CARTESIAN_POINT('',(10.4842043995435,0.357524714370776,10.1679449218561));
#4106=CARTESIAN_POINT('',(10.4717422086082,-0.623683356556732,10.1409883005059));
#4107=CARTESIAN_POINT('',(10.3676504764121,-1.59943409109122,10.1140316791557));
#4108=CARTESIAN_POINT('',(10.1728400234738,-2.56118950286813,10.0870750578055));
#4109=CARTESIAN_POINT('',(9.88901547468577,-3.5005340669986,10.0601184364553));
#4110=CARTESIAN_POINT('',(9.51866034355374,-4.40924835735634,10.0331618151051));
#4111=CARTESIAN_POINT('',(9.06501530102754,-5.27938096796669,10.0062051937549));
#4112=CARTESIAN_POINT('',(8.53204981907407,-6.10331808917333,9.97924857240475));
#4113=CARTESIAN_POINT('',(7.92442743711652,-6.87385012977932,9.95229195105455));
#4114=CARTESIAN_POINT('',(7.24746495526413,-7.58423480220718,9.92533532970436));
#4115=CARTESIAN_POINT('',(6.50708591139887,-8.22825611867221,9.89837870835417));
#4116=CARTESIAN_POINT('',(5.70976874920251,-8.80027878214223,9.87142208700398));
#4117=CARTESIAN_POINT('',(4.86249013066272,-9.29529749615362,9.84446546565378));
#4118=CARTESIAN_POINT('',(3.9726638890835,-9.70898076201433,9.81750884430359));
#4119=CARTESIAN_POINT('',(3.04807615677152,-10.0377087801606,9.7905522229534));
#4120=CARTESIAN_POINT('',(2.09681723504241,-10.2786051240244,9.7635956016032));
#4121=CARTESIAN_POINT('',(1.12721080269593,-10.4295619092596,9.73663898025301));
#4122=CARTESIAN_POINT('',(0.147741082398153,-10.4892582380912,9.70968235890282));
#4123=CARTESIAN_POINT('',(-0.833021397722763,-10.4571717573983,9.68272573755262));
#4124=CARTESIAN_POINT('',(-1.80649479766836,-10.3335832293929,9.65576911620243));
#4125=CARTESIAN_POINT('',(-2.76416105814251,-10.1195740749026,9.62881249485224));
#4126=CARTESIAN_POINT('',(-3.69764043503195,-9.81701691075293,9.60185587350204));
#4127=CARTESIAN_POINT('',(-4.59876482360521,-9.42855916404853,9.57489925215185));
#4128=CARTESIAN_POINT('',(-5.45964923083066,-8.95759990673185,9.54794263080166));
#4129=CARTESIAN_POINT('',(-6.27276077041857,-8.40826011312031,9.52098600945146));
#4130=CARTESIAN_POINT('',(-7.03098457686881,-7.78534660067393,9.49402938810127));
#4131=CARTESIAN_POINT('',(-7.72768606176486,-7.09430996951764,9.46707276675108));
#4132=CARTESIAN_POINT('',(-8.35676896756091,-6.34119690875494,9.44011614540088));
#4133=CARTESIAN_POINT('',(-8.91272871088157,-5.53259728690057,9.41315952405069));
#4134=CARTESIAN_POINT('',(-9.3907005485709,-4.67558648940029,9.3862029027005));
#4135=CARTESIAN_POINT('',(-9.78650214502985,-3.77766350779399,9.35924628135031));
#4136=CARTESIAN_POINT('',(-10.0966701683704,-2.84668532225301,9.33228966000011));
#4137=CARTESIAN_POINT('',(-10.3184905951641,-1.89079815165531,9.30533303864992));
#4138=CARTESIAN_POINT('',(-10.4500224586122,-0.918366172772444,9.27837641729973));
#4139=CARTESIAN_POINT('',(-10.490114832339,0.0621016677124619,9.25141979594953));
#4140=CARTESIAN_POINT('',(-10.4384169011947,1.04202610794833,9.22446317459934));
#4141=CARTESIAN_POINT('',(-10.2953810309479,2.0128326409295,9.19750655324914));
#4142=CARTESIAN_POINT('',(-10.062258810008,2.96602654290343,9.17054993189895));
#4143=CARTESIAN_POINT('',(-9.74109009781188,3.89326720366116,9.14359331054876));
#4144=CARTESIAN_POINT('',(-9.33468517570314,4.78644110830795,9.11663668919856));
#4145=CARTESIAN_POINT('',(-8.84660015648878,5.63773283191079,9.08968006784837));
#4146=CARTESIAN_POINT('',(-8.28110586784159,6.43969342580777,9.06272344649818));
#4147=CARTESIAN_POINT('',(-7.64315048182522,7.18530559718702,9.03576682514798));
#4148=CARTESIAN_POINT('',(-6.93831621753951,7.86804511160304,9.00881020379779));
#4149=CARTESIAN_POINT('',(-6.17277049574549,8.48193788114757,8.9818535824476));
#4150=CARTESIAN_POINT('',(-5.35321197287538,9.02161223874402,8.95489696109741));
#4151=CARTESIAN_POINT('',(-4.48681192663931,9.48234594115609,8.92794033974721));
#4152=CARTESIAN_POINT('',(-3.58115150611484,9.86010748942645,8.90098371839702));
#4153=CARTESIAN_POINT('',(-2.64415539539154,10.1515914051844,8.87402709704683));
#4154=CARTESIAN_POINT('',(-1.68402247122539,10.3542471541489,8.84707047569663));
#4155=CARTESIAN_POINT('',(-0.709154061460243,10.466301463741,8.82011385434644));
#4156=CARTESIAN_POINT('',(0.271919568032472,10.4867738395234,8.79315723299624));
#4157=CARTESIAN_POINT('',(1.2506138546439,10.4154851446951,8.76620061164605));
#4158=CARTESIAN_POINT('',(2.21836505542371,10.2530591675688,8.73924399029586));
#4159=CARTESIAN_POINT('',(3.16670518130038,10.0009171633165,8.71228736894566));
#4160=CARTESIAN_POINT('',(4.08733609343873,9.6612654177424,8.68533074759547));
#4161=CARTESIAN_POINT('',(4.97220211337864,9.23707594190419,8.65837412624528));
#4162=CARTESIAN_POINT('',(5.81356051160392,8.7320604665057,8.63141750489509));
#4163=CARTESIAN_POINT('',(6.60404925775426,8.15063796361657,8.60446088354489));
#4164=CARTESIAN_POINT('',(7.33675143965412,7.49789597990833,8.5775042621947));
#4165=CARTESIAN_POINT('',(8.00525578748126,6.77954611974798,8.5505476408445));
#4166=CARTESIAN_POINT('',(8.60371277347785,6.00187406767972,8.52359101949431));
#4167=CARTESIAN_POINT('',(9.12688579632207,5.17168458760651,8.49663439814412));
#4168=CARTESIAN_POINT('',(9.57019700228832,4.29624197993828,8.46967777679393));
#4169=CARTESIAN_POINT('',(9.92976734225283,3.3832065177168,8.44272115544373));
#4170=CARTESIAN_POINT('',(10.2024505140392,2.44056741791205,8.41576453409354));
#4171=CARTESIAN_POINT('',(10.3858604931022,1.47657293440279,8.38880791274335));
#4172=CARTESIAN_POINT('',(10.4783924106522,0.49965818433976,8.36185129139315));
#4173=CARTESIAN_POINT('',(10.4792365965324,-0.481628660576846,8.33489467004296));
#4174=CARTESIAN_POINT('',(10.3883856639713,-1.45870117206664,8.30793804869276));
#4175=CARTESIAN_POINT('',(10.2066345742187,-2.42300979798987,8.28098142734257));
#4176=CARTESIAN_POINT('',(9.93557368049834,-3.36611667239578,8.25402480599238));
#4177=CARTESIAN_POINT('',(9.57757481214378,-4.27976944829757,8.22706818464219));
#4178=CARTESIAN_POINT('',(9.13577052068523,-5.15597350712462,8.20011156329199));
#4179=CARTESIAN_POINT('',(8.61402666948592,-5.98706191300687,8.1731549419418));
#4180=CARTESIAN_POINT('',(8.01690860677433,-6.76576249977931,8.1461983205916));
#4181=CARTESIAN_POINT('',(7.34964121806375,-7.4852615036838,8.11924169924142));
#4182=CARTESIAN_POINT('',(6.61806320750751,-8.13926318497121,8.09228507789122));
#4183=CARTESIAN_POINT('',(5.82857600823568,-8.72204491670455,8.06532845654102));
#4184=CARTESIAN_POINT('',(4.98808776871673,-9.22850725872666,8.03837183519083));
#4185=CARTESIAN_POINT('',(4.10395290527301,-9.65421857863668,8.01141521384064));
#4186=CARTESIAN_POINT('',(3.18390774967586,-9.99545382933392,7.98445859249045));
#4187=CARTESIAN_POINT('',(2.23600285491518,-10.2492271438194,7.95750197114025));
#4188=CARTESIAN_POINT('',(1.26853255147919,-10.4133179620441,7.93054534979006));
#4189=CARTESIAN_POINT('',(0.289962370539436,-10.4862904611909,7.90358872843986));
#4190=CARTESIAN_POINT('',(-0.691145030899649,-10.4675061193703,7.87663210708967));
#4191=CARTESIAN_POINT('',(-1.66620479471889,-10.3571293027966,7.84967548573948));
#4192=CARTESIAN_POINT('',(-2.62668498066606,-10.1561258275553,7.82271886438929));
#4193=CARTESIAN_POINT('',(-3.56418122229712,-9.86625450854664,7.79576224303909));
#4194=CARTESIAN_POINT('',(-4.47049026662484,-9.49005176955346,7.7688056216889));
#4195=CARTESIAN_POINT('',(-5.33768175399005,-9.0308094490978,7.74184900033871));
#4196=CARTESIAN_POINT('',(-6.15816761006952,-8.49254599628892,7.71489237898851));
#4197=CARTESIAN_POINT('',(-6.92476844282838,-7.87997130870414,7.68793575763832));
#4198=CARTESIAN_POINT('',(-7.63077636343244,-7.19844551997673,7.66097913628813));
#4199=CARTESIAN_POINT('',(-8.27001368142649,-6.45393209770687,7.63402251493793));
#4200=CARTESIAN_POINT('',(-8.83688696058588,-5.65294566209684,7.60706589358774));
#4201=CARTESIAN_POINT('',(-9.32643596244336,-4.80249498190631,7.58010927223755));
#4202=CARTESIAN_POINT('',(-9.7343770492268,-3.91002164652305,7.55315265088735));
#4203=CARTESIAN_POINT('',(-10.0571406664247,-2.98333495077874,7.52619602953716));
#4204=CARTESIAN_POINT('',(-10.2919025770009,-2.03054356227925,7.49923940818696));
#4205=CARTESIAN_POINT('',(-10.4366085739531,-1.05998456917152,7.47228278683677));
#4206=CARTESIAN_POINT('',(-10.4899924549764,-0.0801505291917579,7.44532616548658));
#4207=CARTESIAN_POINT('',(-10.4515871019515,0.900384841672148,7.41836954413639));
#4208=CARTESIAN_POINT('',(-10.3217285683076,1.87304169066671,7.39141292278619));
#4209=CARTESIAN_POINT('',(-10.1015531384975,2.82930910345674,7.364456301436));
#4210=CARTESIAN_POINT('',(-9.79298738531397,3.76081957608626,7.33749968008581));
#4211=CARTESIAN_POINT('',(-9.39873131204672,4.65942223207392,7.31054305873562));
#4212=CARTESIAN_POINT('',(-8.92223472699062,5.51725414398094,7.28358643738542));
#4213=CARTESIAN_POINT('',(-8.36766705703101,6.32680913537545,7.25662981603523));
#4214=CARTESIAN_POINT('',(-7.73988086444304,7.08100346116429,7.22967319468503));
#4215=CARTESIAN_POINT('',(-7.04436938613904,7.77323779157818,7.20271657333484));
#4216=CARTESIAN_POINT('',(-6.28721846690292,8.39745495743962,7.17575995198465));
#4217=CARTESIAN_POINT('',(-5.47505330720397,8.94819295143255,7.14880333063445));
#4218=CARTESIAN_POINT('',(-4.6149804915559,9.42063272160372,7.12184670928426));
#4219=CARTESIAN_POINT('',(-3.71452580468286,9.81064033889416,7.09489008793406));
#4220=CARTESIAN_POINT('',(-2.78156837961169,10.1148031697279,7.06793346658388));
#4221=CARTESIAN_POINT('',(-1.82427175390589,10.3304597371411,7.04097684523368));
#4222=CARTESIAN_POINT('',(-0.851012437311057,10.4557230091627,7.01402022388349));
#4223=CARTESIAN_POINT('',(0.129693384142723,10.4894969106674,6.98706360253329));
#4224=CARTESIAN_POINT('',(1.10926436623006,10.4314859142216,6.9601069811831));
#4225=CARTESIAN_POINT('',(2.07912909476476,10.2821976259988,6.93315035983291));
#4226=CARTESIAN_POINT('',(3.03080108694477,10.0429383441385,6.90619373848272));
#4227=CARTESIAN_POINT('',(3.95595304953301,9.71580162841352,6.87923711713252));
#4228=CARTESIAN_POINT('',(4.84648974410213,9.3036499812227,6.85228049578233));
#4229=CARTESIAN_POINT('',(5.69461882175985,8.81008980020355,6.82532387443213));
#4230=CARTESIAN_POINT('',(6.49291900753897,8.2394398216342,6.79836725308194));
#4231=CARTESIAN_POINT('',(7.23440503782679,7.59669333074981,6.77141063173175));
#4232=CARTESIAN_POINT('',(7.91258878262038,6.88747446963997,6.74445401038155));
#4233=CARTESIAN_POINT('',(8.52153601777746,6.11798902504032,6.71749738903136));
#4234=CARTESIAN_POINT('',(9.05591835049596,5.29497012663365,6.69054076768117));
#4235=CARTESIAN_POINT('',(9.51105984366538,4.42561933100987,6.66358414633097));
#4236=CARTESIAN_POINT('',(9.88297793111886,3.51754360680999,6.63662752498078));
#4237=CARTESIAN_POINT('',(10.1684182657706,2.57868877244523,6.60967090363059));
#4238=CARTESIAN_POINT('',(10.3648831957113,1.61726996882237,6.58271428228039));
#4239=CARTESIAN_POINT('',(10.4706536190907,0.641699775451179,6.5557576609302));
#4240=CARTESIAN_POINT('',(10.4848040265545,-0.339485401069949,6.52880103958001));
#4241=CARTESIAN_POINT('',(10.4072105996089,-1.31770002207652,6.50184441822982));
#4242=CARTESIAN_POINT('',(10.2385522940547,-2.28438454177454,6.47488779687962));
#4243=CARTESIAN_POINT('',(9.98030489900713,-3.23108030473501,6.44793117552943));
#4244=CARTESIAN_POINT('',(9.63472812348758,-4.14950356058043,6.42097455417924));
#4245=CARTESIAN_POINT('',(9.20484582358237,-5.03161794822207,6.39401793282904));
#4246=CARTESIAN_POINT('',(8.69441954318282,-5.86970481539854,6.36706131147885));
#4247=CARTESIAN_POINT('',(8.10791559983084,-6.65643075820758,6.34010469012865));
#4248=CARTESIAN_POINT('',(7.45046600367397,-7.38491178964858,6.31314806877846));
#4249=CARTESIAN_POINT('',(6.72782355149596,-8.04877357569018,6.28619144742827));
#4250=CARTESIAN_POINT('',(5.94631148875775,-8.6422072117868,6.25923482607807));
#4251=CARTESIAN_POINT('',(5.11276818011462,-9.16002005179026,6.23227820472788));
#4252=CARTESIAN_POINT('',(4.234487272552,-9.59768114449461,6.20532158337769));
#4253=CARTESIAN_POINT('',(3.31915387472277,-9.95136088023669,6.1783649620275));
#4254=CARTESIAN_POINT('',(2.3747773109278,-10.2179645006378,6.1514083406773));
#4255=CARTESIAN_POINT('',(1.40962103815393,-10.3951591782707,6.12445171932711));
#4256=CARTESIAN_POINT('',(0.432130339407309,-10.4813944292998,6.09749509797692));
#4257=CARTESIAN_POINT('',(-0.54914157396205,-10.4759156804806,6.07053847662672));
#4258=CARTESIAN_POINT('',(-1.52560840432736,-10.3787708718055,6.04358185527653));
#4259=CARTESIAN_POINT('',(-2.48872589936264,-10.1908100370203,6.01662523392633));
#4260=CARTESIAN_POINT('',(-3.43006661571681,-9.91367786568321,5.98966861257614));
#4261=CARTESIAN_POINT('',(-4.34139366058908,-9.54979931184887,5.96271199122595));
#4262=CARTESIAN_POINT('',(-5.21473276595443,-9.10235837530437,5.93575536987576));
#4263=CARTESIAN_POINT('',(-6.04244206477722,-8.57527024102465,5.90879874852556));
#4264=CARTESIAN_POINT('',(-6.81727895865906,-7.97314702063224,5.88184212717537));
#4265=CARTESIAN_POINT('',(-7.5324634918176,-7.301257395629,5.85488550582517));
#4266=CARTESIAN_POINT('',(-8.18173767686311,-6.56548051552901,5.82792888447498));
#4267=CARTESIAN_POINT('',(-8.75942025326192,-5.77225455429134,5.80097226312479));
#4268=CARTESIAN_POINT('',(-9.26045639934108,-4.92852037519325,5.7740156417746));
#4269=CARTESIAN_POINT('',(-9.68046196284534,-4.04166079708539,5.7470590204244));
#4270=CARTESIAN_POINT('',(-10.0157618230217,-3.11943599345999,5.72010239907421));
#4271=CARTESIAN_POINT('',(-10.2634220485566,-2.16991558960119,5.69314577772402));
#4272=CARTESIAN_POINT('',(-10.4212755699786,-1.20140805197906,5.66618915637382));
#4273=CARTESIAN_POINT('',(-10.4879411418877,-0.222387987742266,5.63923253502363));
#4274=CARTESIAN_POINT('',(-10.46283542909,0.758578009548724,5.61227591367344));
#4275=CARTESIAN_POINT('',(-10.3461781108807,1.7329063190853,5.58531929232324));
#4276=CARTESIAN_POINT('',(-10.1389899588122,2.6920714009657,5.55836267097305));
#4277=CARTESIAN_POINT('',(-9.8430839047684,3.62768039613217,5.53140604962286));
#4278=CARTESIAN_POINT('',(-9.46104917749916,4.53154656532786,5.50444942827266));
#4279=CARTESIAN_POINT('',(-8.9962286464247,5.39576092447023,5.47749280692247));
#4280=CARTESIAN_POINT('',(-8.45268957095445,6.21276144961885,5.45053618557227));
#4281=CARTESIAN_POINT('',(-7.83518801126927,6.9753992459826,5.42357956422208));
#4282=CARTESIAN_POINT('',(-7.14912721197875,7.67700110197576,5.39662294287189));
#4283=CARTESIAN_POINT('',(-6.40051032280373,8.31142788096456,5.3696663215217));
#4284=CARTESIAN_POINT('',(-5.59588786998604,8.87312823976614,5.3427097001715));
#4285=CARTESIAN_POINT('',(-4.74230043805985,9.35718720385403,5.31575307882131));
#4286=CARTESIAN_POINT('',(-3.84721706352887,9.75936917422866,5.28879645747111));
#4287=CARTESIAN_POINT('',(-2.91846987951523,10.0761549896354,5.26183983612092));
#4288=CARTESIAN_POINT('',(-1.9641855832507,10.3047727198295,5.23488321477073));
#4289=CARTESIAN_POINT('',(-0.992714326081373,10.4432219204413,5.20792659342053));
#4290=CARTESIAN_POINT('',(-0.0125566482105194,10.4902911372077,5.18096997207034));
#4291=CARTESIAN_POINT('',(0.967710902486879,10.445568506405,5.15401335072015));
#4292=CARTESIAN_POINT('',(1.93951081672975,10.3094453587271,5.12705672936996));
#4293=CARTESIAN_POINT('',(2.89433967850904,10.0831127950748,5.10010010801976));
#4294=CARTESIAN_POINT('',(3.82384257143695,9.76855126421819,5.07314348666957));
#4295=CARTESIAN_POINT('',(4.71988618569903,9.36851323353069,5.04618686531937));
#4296=CARTESIAN_POINT('',(5.57462998591073,8.88649910442673,5.01923024396918));
#4297=CARTESIAN_POINT('',(6.38059481714742,8.32672658324889,4.99227362261899));
#4298=CARTESIAN_POINT('',(7.1307283488334,7.6940937756136,4.9653170012688));
#4299=CARTESIAN_POINT('',(7.81846678384461,6.99413632714653,4.9383603799186));
#4300=CARTESIAN_POINT('',(8.43779229285979,6.23297898563345,4.91140375856841));
#4301=CARTESIAN_POINT('',(8.98328567139973,5.41728200842606,4.88444713721822));
#4302=CARTESIAN_POINT('',(9.45017375879633,4.55418288404732,4.85749051586802));
#4303=CARTESIAN_POINT('',(9.83437120416756,3.65123387794211,4.83053389451783));
#4304=CARTESIAN_POINT('',(10.1325162139387,2.71633594885854,4.80357727316764));
#4305=CARTESIAN_POINT('',(10.3419999681131,1.75766961410321,4.77662065181744));
#4306=CARTESIAN_POINT('',(10.4609894478944,0.783623368610965,4.74966403046725));
#4307=CARTESIAN_POINT('',(10.4884434749164,-0.197279715825242,4.72270740911706));
#4308=CARTESIAN_POINT('',(10.4241218217314,-1.17645656889507,4.69575078776686));
#4309=CARTESIAN_POINT('',(10.2685873138422,-2.14533922510885,4.66879416641667));
#4310=CARTESIAN_POINT('',(10.0232009048825,-3.09544979496588,4.64183754506648));
#4311=CARTESIAN_POINT('',(9.69010976803859,-4.01847464794234,4.61488092371628));
#4312=CARTESIAN_POINT('',(9.27222850791576,-4.90633715818496,4.58792430236609));
#4313=CARTESIAN_POINT('',(8.77321365724791,-5.75126837637324,4.5609676810159));
#4314=CARTESIAN_POINT('',(8.19743168160861,-6.54587500935908,4.5340110596657));
#4315=CARTESIAN_POINT('',(7.54992077208803,-7.28320411275051,4.50705443831551));
#4316=CARTESIAN_POINT('',(6.83634676025639,-7.95680393036828,4.48009781696532));
#4317=CARTESIAN_POINT('',(6.06295354116548,-8.5607803482195,4.45314119561512));
#4318=CARTESIAN_POINT('',(5.23650843819548,-9.0898484690065,4.42618457426493));
#4319=CARTESIAN_POINT('',(4.36424298781413,-9.53937885588508,4.39922795291474));
#4320=CARTESIAN_POINT('',(3.45378966239174,-9.90543804083132,4.37227133156454));
#4321=CARTESIAN_POINT('',(2.51311508475821,-10.1848229431617,4.34531471021435));
#4322=CARTESIAN_POINT('',(1.55045031888619,-10.3750888970388,4.31835808886416));
#4323=CARTESIAN_POINT('',(0.574218846668932,-10.4745710427169,4.29140146751396));
#4324=CARTESIAN_POINT('',(-0.40703713899179,-10.4823988943502,4.26444484616377));
#4325=CARTESIAN_POINT('',(-1.38473147983936,-10.3985039568937,4.23748822481358));
#4326=CARTESIAN_POINT('',(-2.35030918262045,-10.2236203254465,4.21053160346338));
#4327=CARTESIAN_POINT('',(-3.29532127674402,-9.95927826179339,4.18357498211319));
#4328=CARTESIAN_POINT('',(-4.21149874422381,-9.60779080435214,4.156618360763));
#4329=CARTESIAN_POINT('',(-5.09082487500465,-9.17223352869006,4.12966173941281));
#4330=CARTESIAN_POINT('',(-5.92560541455116,-8.65641763571018,4.10270511806261));
#4331=CARTESIAN_POINT('',(-6.70853588989518,-8.06485660298932,4.07574849671242));
#4332=CARTESIAN_POINT('',(-7.43276552502775,-7.4027266910748,4.04879187536222));
#4333=CARTESIAN_POINT('',(-8.09195718636471,-6.67582165031637,4.02183525401203));
#4334=CARTESIAN_POINT('',(-8.68034283375304,-5.89050202455652,3.99487863266184));
#4335=CARTESIAN_POINT('',(-9.192773991812,-5.05363949528032,3.96792201131164));
#4336=CARTESIAN_POINT('',(-9.62476679997612,-4.17255675322333,3.94096538996145));
#4337=CARTESIAN_POINT('',(-9.97254124704465,-3.25496342357105,3.91400876861126));
#4338=CARTESIAN_POINT('',(-10.2330542469282,-2.30888860541559,3.88705214726107));
#4339=CARTESIAN_POINT('',(-10.404026266174,-1.34261061576086,3.86009552591087));
#4340=CARTESIAN_POINT('',(-10.4839612702752,-0.364584552828222,3.83313890456068));
#4341=CARTESIAN_POINT('',(-10.4721598142293,0.616631687503838,3.80618228321049));
#4342=CARTESIAN_POINT('',(-10.3687251628016,1.59245229475715,3.77922566186029));
#4343=CARTESIAN_POINT('',(-10.1745623869414,2.55433867116887,3.7522690405101));
#4344=CARTESIAN_POINT('',(-9.89137044425563,3.49387414588711,3.72531241915991));
#4345=CARTESIAN_POINT('',(-9.521627312838,4.40283762228518,3.69835579780971));
#4346=CARTESIAN_POINT('',(-9.0685683085358,5.2732755139678,3.67139917645952));
#4347=CARTESIAN_POINT('',(-8.53615777538096,6.0975713400169,3.64444255510932));
#4348=CARTESIAN_POINT('',(-7.92905439689943,6.86851237050659,3.61748593375913));
#4349=CARTESIAN_POINT('',(-7.25257043183098,7.57935273912774,3.59052931240894));
#4350=CARTESIAN_POINT('',(-6.51262523095361,8.22387247067576,3.56357269105875));
#4351=CARTESIAN_POINT('',(-5.7156934417485,8.79643190690097,3.53661606970855));
#4352=CARTESIAN_POINT('',(-4.86874835412352,9.29202105448604,3.50965944835836));
#4353=CARTESIAN_POINT('',(-3.9792008829299,9.70630342334723,3.48270282700816));
#4354=CARTESIAN_POINT('',(-3.05483472118565,10.0356539716668,3.45574620565797));
#4355=CARTESIAN_POINT('',(-2.10373823142588,10.2771908256308,3.42878958430778));
#4356=CARTESIAN_POINT('',(-1.13423367114275,10.4288004963197,3.40183296295758));
#4357=CARTESIAN_POINT('',(-0.1548043716043,10.4891563730991,3.37487634160739));
#4358=CARTESIAN_POINT('',(0.825979492749893,10.45773033169,3.3479197202572));
#4359=CARTESIAN_POINT('',(1.79953589480566,10.3347973553475,3.320963098907));
#4360=CARTESIAN_POINT('',(2.75734604898417,10.1214331287098,3.29400647755681));
#4361=CARTESIAN_POINT('',(3.69102895207755,9.81950462537279,3.26704985620662));
#4362=CARTESIAN_POINT('',(4.59241471846511,9.43165377155127,3.24009323485642));
#4363=CARTESIAN_POINT('',(5.45361606801451,8.96127432877078,3.21313661350623));
#4364=CARTESIAN_POINT('',(6.2670973411363,8.41248219787208,3.18617999215604));
#4365=CARTESIAN_POINT('',(7.02574043709847,7.79007940417244,3.15922337080585));
#4366=CARTESIAN_POINT('',(7.72290709862933,7.09951207892014,3.13226674945565));
#4367=CARTESIAN_POINT('',(8.35249699780769,6.34682280471148,3.10531012810546));
#4368=CARTESIAN_POINT('',(8.90900111497907,5.53859774185615,3.07835350675527));
#4369=CARTESIAN_POINT('',(9.3875499436229,4.68190899834436,3.05139688540507));
#4370=CARTESIAN_POINT('',(9.78395609937029,3.78425274768838,3.02444026405488));
#4371=CARTESIAN_POINT('',(10.0947509603357,2.85348363611793,2.99748364270469));
#4372=CARTESIAN_POINT('',(10.3172150181539,1.89774605307785,2.97052702135449));
#4373=CARTESIAN_POINT('',(10.4494016741442,0.925402866422919,2.9435704000043));
#4374=CARTESIAN_POINT('',(10.4901542723839,-0.0550377541109832,2.91661377865411));
#4375=CARTESIAN_POINT('',(10.4391162206452,-1.03499678485202,2.88965715730391));
#4376=CARTESIAN_POINT('',(10.2967341106389,-2.00589941612167,2.86270053595372));
#4377=CARTESIAN_POINT('',(10.0642538102601,-2.95925008329088,2.83574391460353));
#4378=CARTESIAN_POINT('',(9.74370956203041,-3.88670680442833,2.80878729325333));
#4379=CARTESIAN_POINT('',(9.33790618312673,-4.78015417407388,2.78183067190314));
#4380=CARTESIAN_POINT('',(8.85039452274975,-5.63177437442886,2.75487405055295));
#4381=CARTESIAN_POINT('',(8.28544039158404,-6.43411558260341,2.72791742920275));
#4382=CARTESIAN_POINT('',(7.64798723522261,-7.18015717534542,2.70096080785256));
#4383=CARTESIAN_POINT('',(6.94361287816964,-7.86337116069876,2.67400418650236));
#4384=CARTESIAN_POINT('',(6.17848071691894,-8.47777929905309,2.64704756515218));
#4385=CARTESIAN_POINT('',(5.35928578917702,-9.01800541376626,2.62009094380198));
#4386=CARTESIAN_POINT('',(4.49319619113424,-9.47932243363253,2.59313432245178));
#4387=CARTESIAN_POINT('',(3.5877903553932,-9.85769375556675,2.5661777011016));
#4388=CARTESIAN_POINT('',(2.65099073838293,-10.149808565574,2.5392210797514));
#4389=CARTESIAN_POINT('',(1.6909944975057,-10.3531108089404,2.5122644584012));
#4390=CARTESIAN_POINT('',(0.716201764603133,-10.4658215561499,2.48530783705101));
#4391=CARTESIAN_POINT('',(-0.26485785663888,-10.4869545688235,2.45835121570082));
#4392=CARTESIAN_POINT('',(-1.24359992618608,-10.416324929474,2.43139459435062));
#4393=CARTESIAN_POINT('',(-2.21146028297925,-10.2545506595656,2.40443797300044));
#4394=CARTESIAN_POINT('',(-3.15996998281301,-10.0030473117202,2.37748135165024));
#4395=CARTESIAN_POINT('',(-4.08082940305097,-9.66401558338908,2.35052473030005));
#4396=CARTESIAN_POINT('',(-4.96598086574792,-9.24042206037245,2.32356810894985));
#4397=CARTESIAN_POINT('',(-5.80767914371457,-8.73597325868475,2.29661148759966));
#4398=CARTESIAN_POINT('',(-6.59855923258454,-8.15508319190341,2.26965486624947));
#4399=CARTESIAN_POINT('',(-7.33170079586635,-7.50283474779267,2.24269824489927));
#4400=CARTESIAN_POINT('',(-8.00068871907527,-6.78493521216334,2.21574162354908));
#4401=CARTESIAN_POINT('',(-8.59966924308588,-6.0076663291427,2.18878500219889));
#4402=CARTESIAN_POINT('',(-9.12340118552892,-5.17782933483537,2.16182838084869));
#4403=CARTESIAN_POINT('',(-9.56730180203639,-4.30268544534034,2.1348717594985));
#4404=CARTESIAN_POINT('',(-9.92748688604113,-3.3898923198641,2.10791513814831));
#4405=CARTESIAN_POINT('',(-10.2008047562509,-2.44743705488852,2.08095851679811));
#4406=CARTESIAN_POINT('',(-10.3848638344004,-1.48356629570608,2.05400189544792));
#4407=CARTESIAN_POINT('',(-10.4780535719716,-0.506714076858412,2.02704527409773));
#4408=CARTESIAN_POINT('',(-10.4795585427694,0.474571977113153,2.00008865274753));
#4409=CARTESIAN_POINT('',(-10.3893655780412,1.45170544484913,1.97313203139734));
#4410=CARTESIAN_POINT('',(-10.2082638817053,2.41613624083215,1.94617541004715));
#4411=CARTESIAN_POINT('',(-9.93783812468149,3.35942543010248,1.91921878869695));
#4412=CARTESIAN_POINT('',(-9.58045457874831,4.27331907038695,1.89226216734676));
#4413=CARTESIAN_POINT('',(-9.13924041125918,5.14982043551029,1.86530554599656));
#4414=CARTESIAN_POINT('',(-8.61805632189135,5.9812599881213,1.83834892464638));
#4415=CARTESIAN_POINT('',(-8.02146276086119,6.76036248946085,1.81139230329618));
#4416=CARTESIAN_POINT('',(-7.35468002420231,7.48031065894938,1.78443568194598));
#4417=CARTESIAN_POINT('',(-6.62354257527941,8.13480482656181,1.7574790605958));
#4418=CARTESIAN_POINT('',(-5.83444799223265,8.7181180560213,1.7305224392456));
#4419=CARTESIAN_POINT('',(-4.99430098807118,9.22514625647439,1.7035658178954));
#4420=CARTESIAN_POINT('',(-4.1104529932494,9.65145284416182,1.67660919654522));
#4421=CARTESIAN_POINT('',(-3.19063782938901,9.99330756328775,1.64965257519502));
#4422=CARTESIAN_POINT('',(-2.24290403701271,10.247719126398,1.62269595384483));
#4423=CARTESIAN_POINT('',(-1.27554444943352,10.4124613886589,1.59573933249463));
#4424=CARTESIAN_POINT('',(-0.297023629040242,10.4860928270059,1.56878271114444));
#4425=CARTESIAN_POINT('',(0.684096199075957,10.4679691537185,1.54182608979425));
#4426=CARTESIAN_POINT('',(1.65923006806034,10.358248954048,1.51486946844405));
#4427=CARTESIAN_POINT('',(2.61984538922776,10.1578922985693,1.48791284709386));
#4428=CARTESIAN_POINT('',(3.55753661367783,9.86865234239883,1.46095622574367));
#4429=CARTESIAN_POINT('',(4.46409878229018,9.49305998478613,1.43399960439347));
#4430=CARTESIAN_POINT('',(5.33159932052471,9.03440172331144,1.40704298304328));
#4431=CARTESIAN_POINT('',(6.15244744981006,8.49669089646775,1.38008636169309));
#4432=CARTESIAN_POINT('',(6.91946060815866,7.88463256626033,1.35312974034289));
#4433=CARTESIAN_POINT('',(7.62592729881662,7.20358234810679,1.3261731189927));
#4434=CARTESIAN_POINT('',(8.26566581701204,6.4594995482832,1.29921649764251));
#4435=CARTESIAN_POINT('',(8.83307834093253,5.65889501897153,1.27225987629231));
#4436=CARTESIAN_POINT('',(9.32319991362663,4.80877418718581,1.24530325494212));
#4437=CARTESIAN_POINT('',(9.73174188722913,3.91657575608365,1.21834663359193));
#4438=CARTESIAN_POINT('',(10.0551294493658,2.99010661503712,1.19139001224173));
#4439=CARTESIAN_POINT('',(10.2905329033751,2.03747352801113,1.16443339089154));
#4440=CARTESIAN_POINT('',(10.4358924286396,1.06701219798759,1.13747676954135));
#4441=CARTESIAN_POINT('',(10.4899361043698,0.0872143281339295,1.11052014819116));
#4442=CARTESIAN_POINT('',(10.4521910391291,-0.893346682056749,1.08356352684096));
#4443=CARTESIAN_POINT('',(10.3229875087154,-1.86609075548246,1.05660690549077));
#4444=CARTESIAN_POINT('',(10.1034560661911,-2.82250621457927,1.02965028414058));
#4445=CARTESIAN_POINT('',(9.7955176493494,-3.7542242599606,1.00269366279038));
#4446=CARTESIAN_POINT('',(9.40186677217949,-4.65309219884793,0.975737041440185));
#4447=CARTESIAN_POINT('',(8.92594794740653,-5.51124478253157,0.948780420089997));
#4448=CARTESIAN_POINT('',(8.37192554641424,-6.32117302864657,0.921823798739801));
#4449=CARTESIAN_POINT('',(7.74464736028074,-7.07578992605694,0.894867177389605));
#4450=CARTESIAN_POINT('',(7.0496021807747,-7.76849244741918,0.867910556039417));
#4451=CARTESIAN_POINT('',(6.29287177248553,-8.39321932680465,0.840953934689219));
#4452=CARTESIAN_POINT('',(5.48107765633959,-8.9445040968165,0.813997313339031));
#4453=CARTESIAN_POINT('',(4.62132317015583,-9.41752292111748,0.787040691988835));
#4454=CARTESIAN_POINT('',(3.72113131322096,-9.80813680382562,0.760084070638639));
#4455=CARTESIAN_POINT('',(2.78837891875475,-10.1129278064385,0.733127449288451));
#4456=CARTESIAN_POINT('',(1.83122773026772,-10.3292289553815,0.706170827938255));
#4457=CARTESIAN_POINT('',(0.858052984904872,-10.4551475784844,0.679214206588059));
#4458=CARTESIAN_POINT('',(-0.122629871316524,-10.4895818661877,0.652257585237871));
#4459=CARTESIAN_POINT('',(-1.1022396951208,-10.432230512565,0.625300963887673));
#4460=CARTESIAN_POINT('',(-2.07220473245005,-10.283595351802,0.598344342537485));
#4461=CARTESIAN_POINT('',(-3.02403762278309,-10.0449769670609,0.571387721187289));
#4462=CARTESIAN_POINT('',(-3.94940966499638,-9.71846331015483,0.544431099837093));
#4463=CARTESIAN_POINT('',(-4.84022369492807,-9.30691143161087,0.517474478486904));
#4464=CARTESIAN_POINT('',(-5.68868493695387,-8.81392248098804,0.490517857136709));
#4465=CARTESIAN_POINT('',(-6.48736920961138,-8.24381019620044,0.463561235786513));
#4466=CARTESIAN_POINT('',(-7.2292878884618,-7.60156315757044,0.436604614436324));
#4467=CARTESIAN_POINT('',(-7.90794905775298,-6.89280113689448,0.409647993086129));
#4468=CARTESIAN_POINT('',(-8.51741431579662,-6.12372592347687,0.382691371735933));
#4469=CARTESIAN_POINT('',(-9.05235073700046,-5.30106705740387,0.355734750385744));
#4470=CARTESIAN_POINT('',(-9.50807753588865,-4.43202294493309,0.328778129035547));
#4471=CARTESIAN_POINT('',(-9.88060702475392,-3.52419787112897,0.301821507685359));
#4472=CARTESIAN_POINT('',(-10.166679506699,-2.58553546134175,0.274864886335163));
#4473=CARTESIAN_POINT('',(-10.3637917982089,-1.62424917208451,0.247908264984967));
#4474=CARTESIAN_POINT('',(-10.4702191336867,-0.648750425753134,0.220951643634778));
#4475=CARTESIAN_POINT('',(-10.4850302527799,0.332425005220466,0.193995022284582));
#4476=CARTESIAN_POINT('',(-10.4080955664949,1.31069163388604,0.167038400934386));
#4477=CARTESIAN_POINT('',(-10.2400882260815,2.27748958462937,0.140081779584074));
#4478=CARTESIAN_POINT('',(-10.0683483924155,2.90873568956566,0.122110698683818));
#4479=CARTESIAN_POINT('',(-9.96792033490717,3.21965668929844,0.113125158233629));
#4480=FACE_BOUND('',#4481,.T.);
#4481=EDGE_LOOP('',(#7373,#7374,#7375,#7376,#7377,#7378,#7379,#7380,#7381,#7382,
#7383));
#4482=B_SPLINE_SURFACE_WITH_KNOTS('',1,3,(
(#4483,#4484,#4485,#4486,#4487,#4488,#4489,#4490,#4491,#4492,#4493,#4494,#4495,#4496,
#4497,#4498,#4499,#4500,#4501,#4502,#4503,#4504,#4505,#4506,#4507,#4508,#4509,#4510,
#4511,#4512,#4513,#4514,#4515,#4516,#4517,#4518,#4519,#4520,#4521,#4522,#4523,#4524,
#4525,#4526,#4527,#4528,#4529,#4530,#4531,#4532,#4533,#4534,#4535,#4536,#4537,#4538,
#4539,#4540,#4541,#4542,#4543,#4544,#4545,#4546,#4547,#4548,#4549,#4550,#4551,#4552,
#4553,#4554,#4555,#4556,#4557,#4558,#4559,#4560,#4561,#4562,#4563,#4564,#4565,#4566,
#4567,#4568,#4569,#4570,#4571,#4572,#4573,#4574,#4575,#4576,#4577,#4578,#4579,#4580,
#4581,#4582,#4583,#4584,#4585,#4586,#4587,#4588,#4589,#4590,#4591,#4592,#4593,#4594,
#4595,#4596,#4597,#4598,#4599,#4600,#4601,#4602,#4603,#4604,#4605,#4606,#4607,#4608,
#4609,#4610,#4611,#4612,#4613,#4614,#4615,#4616,#4617,#4618,#4619,#4620,#4621,#4622,
#4623,#4624,#4625,#4626,#4627,#4628,#4629,#4630,#4631,#4632,#4633,#4634,#4635,#4636,
#4637,#4638,#4639,#4640,#4641,#4642,#4643,#4644,#4645,#4646,#4647,#4648,#4649,#4650,
#4651,#4652,#4653,#4654,#4655,#4656,#4657,#4658,#4659,#4660,#4661,#4662,#4663,#4664,
#4665,#4666,#4667,#4668,#4669,#4670,#4671,#4672,#4673,#4674,#4675,#4676,#4677,#4678,
#4679,#4680,#4681,#4682,#4683,#4684,#4685,#4686,#4687,#4688,#4689,#4690,#4691,#4692,
#4693,#4694,#4695,#4696,#4697,#4698,#4699,#4700,#4701,#4702,#4703,#4704,#4705,#4706,
#4707,#4708,#4709,#4710,#4711,#4712,#4713,#4714,#4715,#4716,#4717,#4718,#4719,#4720,
#4721,#4722,#4723,#4724,#4725,#4726,#4727,#4728,#4729,#4730,#4731,#4732,#4733,#4734,
#4735,#4736,#4737,#4738,#4739,#4740,#4741,#4742,#4743,#4744,#4745,#4746,#4747,#4748,
#4749,#4750,#4751,#4752,#4753,#4754,#4755,#4756,#4757,#4758,#4759,#4760,#4761,#4762,
#4763,#4764,#4765,#4766,#4767,#4768,#4769,#4770,#4771,#4772,#4773,#4774,#4775,#4776,
#4777,#4778,#4779,#4780,#4781,#4782,#4783,#4784,#4785,#4786,#4787,#4788,#4789,#4790,
#4791,#4792,#4793,#4794,#4795,#4796,#4797,#4798,#4799,#4800,#4801,#4802,#4803,#4804,
#4805,#4806,#4807,#4808,#4809,#4810,#4811,#4812,#4813,#4814,#4815,#4816,#4817,#4818,
#4819,#4820,#4821,#4822,#4823,#4824,#4825,#4826,#4827,#4828,#4829,#4830,#4831,#4832,
#4833,#4834,#4835,#4836,#4837,#4838,#4839,#4840,#4841,#4842,#4843,#4844,#4845,#4846,
#4847,#4848,#4849,#4850,#4851,#4852,#4853,#4854,#4855,#4856,#4857,#4858,#4859,#4860,
#4861,#4862,#4863,#4864,#4865,#4866,#4867,#4868,#4869,#4870,#4871,#4872,#4873,#4874,
#4875,#4876,#4877,#4878,#4879,#4880,#4881,#4882,#4883,#4884,#4885,#4886,#4887,#4888,
#4889,#4890,#4891,#4892,#4893,#4894,#4895,#4896,#4897,#4898,#4899,#4900,#4901,#4902,
#4903,#4904,#4905,#4906,#4907,#4908,#4909,#4910,#4911,#4912,#4913,#4914,#4915,#4916,
#4917,#4918,#4919,#4920,#4921,#4922,#4923,#4924,#4925,#4926,#4927,#4928,#4929,#4930,
#4931,#4932,#4933,#4934,#4935,#4936,#4937,#4938,#4939,#4940,#4941,#4942,#4943,#4944,
#4945,#4946,#4947,#4948,#4949,#4950,#4951,#4952,#4953,#4954,#4955,#4956,#4957,#4958,
#4959,#4960,#4961,#4962,#4963,#4964,#4965,#4966,#4967,#4968,#4969,#4970,#4971,#4972,
#4973,#4974,#4975,#4976,#4977,#4978,#4979,#4980,#4981,#4982,#4983,#4984,#4985,#4986,
#4987,#4988,#4989,#4990,#4991,#4992,#4993,#4994,#4995,#4996,#4997,#4998,#4999,#5000,
#5001,#5002,#5003,#5004,#5005,#5006,#5007,#5008,#5009,#5010,#5011,#5012,#5013,#5014,
#5015,#5016,#5017,#5018,#5019,#5020,#5021,#5022,#5023,#5024,#5025,#5026,#5027,#5028,
#5029,#5030,#5031,#5032,#5033,#5034,#5035,#5036,#5037,#5038,#5039,#5040,#5041,#5042,
#5043,#5044,#5045,#5046,#5047,#5048,#5049,#5050,#5051,#5052,#5053,#5054,#5055,#5056,
#5057,#5058,#5059,#5060,#5061,#5062,#5063,#5064,#5065,#5066,#5067,#5068,#5069,#5070,
#5071,#5072,#5073,#5074,#5075,#5076,#5077,#5078,#5079,#5080,#5081,#5082,#5083,#5084,
#5085,#5086,#5087,#5088,#5089,#5090,#5091,#5092,#5093,#5094,#5095,#5096,#5097,#5098,
#5099,#5100,#5101,#5102,#5103,#5104,#5105,#5106,#5107,#5108,#5109,#5110,#5111,#5112,
#5113,#5114,#5115,#5116,#5117,#5118,#5119,#5120,#5121,#5122,#5123,#5124,#5125,#5126,
#5127,#5128,#5129,#5130,#5131,#5132,#5133,#5134,#5135,#5136,#5137,#5138,#5139,#5140,
#5141,#5142,#5143,#5144,#5145,#5146,#5147,#5148,#5149,#5150,#5151,#5152,#5153,#5154,
#5155,#5156,#5157,#5158,#5159,#5160,#5161,#5162,#5163,#5164,#5165,#5166,#5167,#5168,
#5169,#5170,#5171,#5172,#5173,#5174,#5175,#5176,#5177,#5178,#5179,#5180,#5181,#5182,
#5183,#5184),
(#5185,#5186,#5187,#5188,#5189,#5190,#5191,#5192,#5193,#5194,#5195,#5196,#5197,#5198,
#5199,#5200,#5201,#5202,#5203,#5204,#5205,#5206,#5207,#5208,#5209,#5210,#5211,#5212,
#5213,#5214,#5215,#5216,#5217,#5218,#5219,#5220,#5221,#5222,#5223,#5224,#5225,#5226,
#5227,#5228,#5229,#5230,#5231,#5232,#5233,#5234,#5235,#5236,#5237,#5238,#5239,#5240,
#5241,#5242,#5243,#5244,#5245,#5246,#5247,#5248,#5249,#5250,#5251,#5252,#5253,#5254,
#5255,#5256,#5257,#5258,#5259,#5260,#5261,#5262,#5263,#5264,#5265,#5266,#5267,#5268,
#5269,#5270,#5271,#5272,#5273,#5274,#5275,#5276,#5277,#5278,#5279,#5280,#5281,#5282,
#5283,#5284,#5285,#5286,#5287,#5288,#5289,#5290,#5291,#5292,#5293,#5294,#5295,#5296,
#5297,#5298,#5299,#5300,#5301,#5302,#5303,#5304,#5305,#5306,#5307,#5308,#5309,#5310,
#5311,#5312,#5313,#5314,#5315,#5316,#5317,#5318,#5319,#5320,#5321,#5322,#5323,#5324,
#5325,#5326,#5327,#5328,#5329,#5330,#5331,#5332,#5333,#5334,#5335,#5336,#5337,#5338,
#5339,#5340,#5341,#5342,#5343,#5344,#5345,#5346,#5347,#5348,#5349,#5350,#5351,#5352,
#5353,#5354,#5355,#5356,#5357,#5358,#5359,#5360,#5361,#5362,#5363,#5364,#5365,#5366,
#5367,#5368,#5369,#5370,#5371,#5372,#5373,#5374,#5375,#5376,#5377,#5378,#5379,#5380,
#5381,#5382,#5383,#5384,#5385,#5386,#5387,#5388,#5389,#5390,#5391,#5392,#5393,#5394,
#5395,#5396,#5397,#5398,#5399,#5400,#5401,#5402,#5403,#5404,#5405,#5406,#5407,#5408,
#5409,#5410,#5411,#5412,#5413,#5414,#5415,#5416,#5417,#5418,#5419,#5420,#5421,#5422,
#5423,#5424,#5425,#5426,#5427,#5428,#5429,#5430,#5431,#5432,#5433,#5434,#5435,#5436,
#5437,#5438,#5439,#5440,#5441,#5442,#5443,#5444,#5445,#5446,#5447,#5448,#5449,#5450,
#5451,#5452,#5453,#5454,#5455,#5456,#5457,#5458,#5459,#5460,#5461,#5462,#5463,#5464,
#5465,#5466,#5467,#5468,#5469,#5470,#5471,#5472,#5473,#5474,#5475,#5476,#5477,#5478,
#5479,#5480,#5481,#5482,#5483,#5484,#5485,#5486,#5487,#5488,#5489,#5490,#5491,#5492,
#5493,#5494,#5495,#5496,#5497,#5498,#5499,#5500,#5501,#5502,#5503,#5504,#5505,#5506,
#5507,#5508,#5509,#5510,#5511,#5512,#5513,#5514,#5515,#5516,#5517,#5518,#5519,#5520,
#5521,#5522,#5523,#5524,#5525,#5526,#5527,#5528,#5529,#5530,#5531,#5532,#5533,#5534,
#5535,#5536,#5537,#5538,#5539,#5540,#5541,#5542,#5543,#5544,#5545,#5546,#5547,#5548,
#5549,#5550,#5551,#5552,#5553,#5554,#5555,#5556,#5557,#5558,#5559,#5560,#5561,#5562,
#5563,#5564,#5565,#5566,#5567,#5568,#5569,#5570,#5571,#5572,#5573,#5574,#5575,#5576,
#5577,#5578,#5579,#5580,#5581,#5582,#5583,#5584,#5585,#5586,#5587,#5588,#5589,#5590,
#5591,#5592,#5593,#5594,#5595,#5596,#5597,#5598,#5599,#5600,#5601,#5602,#5603,#5604,
#5605,#5606,#5607,#5608,#5609,#5610,#5611,#5612,#5613,#5614,#5615,#5616,#5617,#5618,
#5619,#5620,#5621,#5622,#5623,#5624,#5625,#5626,#5627,#5628,#5629,#5630,#5631,#5632,
#5633,#5634,#5635,#5636,#5637,#5638,#5639,#5640,#5641,#5642,#5643,#5644,#5645,#5646,
#5647,#5648,#5649,#5650,#5651,#5652,#5653,#5654,#5655,#5656,#5657,#5658,#5659,#5660,
#5661,#5662,#5663,#5664,#5665,#5666,#5667,#5668,#5669,#5670,#5671,#5672,#5673,#5674,
#5675,#5676,#5677,#5678,#5679,#5680,#5681,#5682,#5683,#5684,#5685,#5686,#5687,#5688,
#5689,#5690,#5691,#5692,#5693,#5694,#5695,#5696,#5697,#5698,#5699,#5700,#5701,#5702,
#5703,#5704,#5705,#5706,#5707,#5708,#5709,#5710,#5711,#5712,#5713,#5714,#5715,#5716,
#5717,#5718,#5719,#5720,#5721,#5722,#5723,#5724,#5725,#5726,#5727,#5728,#5729,#5730,
#5731,#5732,#5733,#5734,#5735,#5736,#5737,#5738,#5739,#5740,#5741,#5742,#5743,#5744,
#5745,#5746,#5747,#5748,#5749,#5750,#5751,#5752,#5753,#5754,#5755,#5756,#5757,#5758,
#5759,#5760,#5761,#5762,#5763,#5764,#5765,#5766,#5767,#5768,#5769,#5770,#5771,#5772,
#5773,#5774,#5775,#5776,#5777,#5778,#5779,#5780,#5781,#5782,#5783,#5784,#5785,#5786,
#5787,#5788,#5789,#5790,#5791,#5792,#5793,#5794,#5795,#5796,#5797,#5798,#5799,#5800,
#5801,#5802,#5803,#5804,#5805,#5806,#5807,#5808,#5809,#5810,#5811,#5812,#5813,#5814,
#5815,#5816,#5817,#5818,#5819,#5820,#5821,#5822,#5823,#5824,#5825,#5826,#5827,#5828,
#5829,#5830,#5831,#5832,#5833,#5834,#5835,#5836,#5837,#5838,#5839,#5840,#5841,#5842,
#5843,#5844,#5845,#5846,#5847,#5848,#5849,#5850,#5851,#5852,#5853,#5854,#5855,#5856,
#5857,#5858,#5859,#5860,#5861,#5862,#5863,#5864,#5865,#5866,#5867,#5868,#5869,#5870,
#5871,#5872,#5873,#5874,#5875,#5876,#5877,#5878,#5879,#5880,#5881,#5882,#5883,#5884,
#5885,#5886)),
.UNSPECIFIED.,.F.,.F.,.F.,
(2,2),
(4,1,1,1,1,1,1,1,1,1,1,1,1,1,1,1,1,1,1,1,1,1,1,1,1,1,1,1,1,1,1,1,1,1,1,1,1,1,1,1,
1,1,1,1,1,1,1,1,1,1,1,1,1,1,1,1,1,1,1,1,1,1,1,1,1,1,1,1,1,1,1,1,1,1,1,1,1,1,1,1,
1,1,1,1,1,1,1,1,1,1,1,1,1,1,1,1,1,1,1,1,1,1,1,1,1,1,1,1,1,1,1,1,1,1,1,1,1,1,1,1,
1,1,1,1,1,1,1,1,1,1,1,1,1,1,1,1,1,1,1,1,1,1,1,1,1,1,1,1,1,1,1,1,1,1,1,1,1,1,1,1,
1,1,1,1,1,1,1,1,1,1,1,1,1,1,1,1,1,1,1,1,1,1,1,1,1,1,1,1,1,1,1,1,1,1,1,1,1,1,1,1,
1,1,1,1,1,1,1,1,1,1,1,1,1,1,1,1,1,1,1,1,1,1,1,1,1,1,1,1,1,1,1,1,1,1,1,1,1,1,1,1,
1,1,1,1,1,1,1,1,1,1,1,1,1,1,1,1,1,1,1,1,1,1,1,1,1,1,1,1,1,1,1,1,1,1,1,1,1,1,1,1,
1,1,1,1,1,1,1,1,1,1,1,1,1,1,1,1,1,1,1,1,1,1,1,1,1,1,1,1,1,1,1,1,1,1,1,1,1,1,1,1,
1,1,1,1,1,1,1,1,1,1,1,1,1,1,1,1,1,1,1,1,1,1,1,1,1,1,1,1,1,1,1,1,1,1,1,1,1,1,1,1,
1,1,1,1,1,1,1,1,1,1,1,1,1,1,1,1,1,1,1,1,1,1,1,1,1,1,1,1,1,1,1,1,1,1,1,1,1,1,1,1,
1,1,1,1,1,1,1,1,1,1,1,1,1,1,1,1,1,1,1,1,1,1,1,1,1,1,1,1,1,1,1,1,1,1,1,1,1,1,1,1,
1,1,1,1,1,1,1,1,1,1,1,1,1,1,1,1,1,1,1,1,1,1,1,1,1,1,1,1,1,1,1,1,1,1,1,1,1,1,1,1,
1,1,1,1,1,1,1,1,1,1,1,1,1,1,1,1,1,1,1,1,1,1,1,1,1,1,1,1,1,1,1,1,1,1,1,1,1,1,1,1,
1,1,1,1,1,1,1,1,1,1,1,1,1,1,1,1,1,1,1,1,1,1,1,1,1,1,1,1,1,1,1,1,1,1,1,1,1,1,1,1,
1,1,1,1,1,1,1,1,1,1,1,1,1,1,1,1,1,1,1,1,1,1,1,1,1,1,1,1,1,1,1,1,1,1,1,1,1,1,1,1,
1,1,1,1,1,1,1,1,1,1,1,1,1,1,1,1,1,1,1,1,1,1,1,1,1,1,1,1,1,1,1,1,1,1,1,1,1,1,1,1,
1,1,1,1,1,1,1,1,1,1,1,1,1,1,1,1,1,1,1,1,1,1,1,1,1,1,1,1,1,1,1,1,1,1,1,1,1,1,1,1,
1,1,1,1,1,1,1,1,1,1,1,1,1,1,1,1,1,1,1,4),
(0.,1.),
(3.99749205878713,4.09109716593877,4.18470227309042,4.27830738024206,4.3719124873937,
4.46551759454535,4.55912270169699,4.65272780884863,4.74633291600028,4.83993802315192,
4.93354313030356,5.02714823745521,5.12075334460685,5.21435845175849,5.30796355891014,
5.40156866606178,5.49517377321342,5.58877888036507,5.68238398751671,5.77598909466835,
5.86959420182,5.96319930897164,6.05680441612328,6.15040952327493,6.24401463042657,
6.33761973757821,6.43122484472986,6.5248299518815,6.61843505903314,6.71204016618479,
6.80564527333643,6.89925038048807,6.99285548763972,7.08646059479136,7.180065701943,
7.27367080909465,7.36727591624629,7.46088102339793,7.55448613054958,7.64809123770122,
7.74169634485286,7.83530145200451,7.92890655915615,8.02251166630779,8.11611677345943,
8.20972188061108,8.30332698776272,8.39693209491436,8.490537202066,8.58414230921765,
8.67774741636929,8.77135252352093,8.86495763067257,8.95856273782421,9.05216784497586,
9.1457729521275,9.23937805927914,9.33298316643078,9.42658827358243,9.52019338073407,
9.61379848788571,9.70740359503735,9.801008702189,9.89461380934064,9.98821891649228,
10.0818240236439,10.1754291307956,10.2690342379472,10.3626393450989,10.4562444522505,
10.5498495594021,10.6434546665538,10.7370597737054,10.8306648808571,10.9242699880087,
11.0178750951603,11.111480202312,11.2050853094636,11.2986904166153,11.3922955237669,
11.4859006309186,11.5795057380702,11.6731108452218,11.7667159523735,11.8603210595251,
11.9539261666768,12.0475312738284,12.1411363809801,12.2347414881317,12.3283465952833,
12.421951702435,12.5155568095866,12.6091619167383,12.7027670238899,12.7963721310416,
12.8899772381932,12.9835823453448,13.0771874524965,13.1707925596481,13.2643976667998,
13.3580027739514,13.451607881103,13.5452129882547,13.6388180954063,13.732423202558,
13.8260283097096,13.9196334168613,14.0132385240129,14.1068436311645,14.2004487383162,
14.2940538454678,14.3876589526195,14.4812640597711,14.5748691669228,14.6684742740744,
14.762079381226,14.8556844883777,14.9492895955293,15.042894702681,15.1364998098326,
15.2301049169843,15.3237100241359,15.4173151312875,15.5109202384392,15.6045253455908,
15.6981304527425,15.7917355598941,15.8853406670458,15.9789457741974,16.072550881349,
16.1661559885007,16.2597610956523,16.353366202804,16.4469713099556,16.5405764171072,
16.6341815242589,16.7277866314105,16.8213917385622,16.9149968457138,17.0086019528655,
17.1022070600171,17.1958121671687,17.2894172743204,17.383022381472,17.4766274886237,
17.5702325957753,17.663837702927,17.7574428100786,17.8510479172302,17.9446530243819,
18.0382581315335,18.1318632386852,18.2254683458368,18.3190734529885,18.4126785601401,
18.5062836672917,18.5998887744434,18.693493881595,18.7870989887467,18.8807040958983,
18.97430920305,19.0679143102016,19.1615194173532,19.2551245245049,19.3487296316565,
19.4423347388082,19.5359398459598,19.6295449531114,19.7231500602631,19.8167551674147,
19.9103602745664,20.003965381718,20.0975704888697,20.1911755960213,20.2847807031729,
20.3783858103246,20.4719909174762,20.5655960246279,20.6592011317795,20.7528062389312,
20.8464113460828,20.9400164532344,21.0336215603861,21.1272266675377,21.2208317746894,
21.314436881841,21.4080419889927,21.5016470961443,21.5952522032959,21.6888573104476,
21.7824624175992,21.8760675247509,21.9696726319025,22.0632777390542,22.1568828462058,
22.2504879533574,22.3440930605091,22.4376981676607,22.5313032748124,22.624908381964,
22.7185134891156,22.8121185962673,22.9057237034189,22.9993288105706,23.0929339177222,
23.1865390248739,23.2801441320255,23.3737492391771,23.4673543463288,23.5609594534804,
23.6545645606321,23.7481696677837,23.8417747749354,23.935379882087,24.0289849892386,
24.1225900963903,24.2161952035419,24.3098003106936,24.4034054178452,24.4970105249969,
24.5906156321485,24.6842207393001,24.7778258464518,24.8714309536034,24.9650360607551,
25.0586411679067,25.1522462750583,25.24585138221,25.3394564893616,25.4330615965133,
25.5266667036649,25.6202718108166,25.7138769179682,25.8074820251198,25.9010871322715,
25.9946922394231,26.0882973465748,26.1819024537264,26.2755075608781,26.3691126680297,
26.4627177751813,26.556322882333,26.6499279894846,26.7435330966363,26.8371382037879,
26.9307433109396,27.0243484180912,27.1179535252428,27.2115586323945,27.3051637395461,
27.3987688466978,27.4923739538494,27.5859790610011,27.6795841681527,27.7731892753043,
27.866794382456,27.9603994896076,28.0540045967593,28.1476097039109,28.2412148110625,
28.3348199182142,28.4284250253658,28.5220301325175,28.6156352396691,28.7092403468208,
28.8028454539724,28.896450561124,28.9900556682757,29.0836607754273,29.177265882579,
29.2708709897306,29.3644760968823,29.4580812040339,29.5516863111855,29.6452914183372,
29.7388965254888,29.8325016326405,29.9261067397921,30.0197118469438,30.1133169540954,
30.206922061247,30.3005271683987,30.3941322755503,30.487737382702,30.5813424898536,
30.6749475970053,30.7685527041569,30.8621578113085,30.9557629184602,31.0493680256118,
31.1429731327635,31.2365782399151,31.3301833470667,31.4237884542184,31.51739356137,
31.6109986685217,31.7046037756733,31.798208882825,31.8918139899766,31.9854190971282,
32.0790242042799,32.1726293114315,32.2662344185832,32.3598395257348,32.4534446328865,
32.5470497400381,32.6406548471898,32.7342599543414,32.8278650614931,32.9214701686447,
33.0150752757963,33.108680382948,33.2022854900996,33.2958905972513,33.3894957044029,
33.4831008115546,33.5767059187062,33.6703110258579,33.7639161330095,33.8575212401612,
33.9511263473128,34.0447314544645,34.1383365616161,34.2319416687677,34.3255467759194,
34.419151883071,34.5127569902227,34.6063620973743,34.699967204526,34.7935723116776,
34.8871774188293,34.9807825259809,35.0743876331326,35.1679927402842,35.2615978474359,
35.3552029545875,35.4488080617391,35.5424131688908,35.6360182760424,35.7296233831941,
35.8232284903457,35.9168335974974,36.010438704649,36.1040438118007,36.1976489189523,
36.291254026104,36.3848591332556,36.4784642404072,36.5720693475589,36.6656744547105,
36.7592795618622,36.8528846690138,36.9464897761655,37.0400948833171,37.1336999904688,
37.2273050976204,37.3209102047721,37.4145153119237,37.5081204190754,37.601725526227,
37.6953306333786,37.7889357405303,37.8825408476819,37.9761459548336,38.0697510619852,
38.1633561691369,38.2569612762885,38.3505663834402,38.4441714905918,38.5377765977435,
38.6313817048951,38.7249868120468,38.8185919191984,38.91219702635,39.0058021335017,
39.0994072406533,39.193012347805,39.2866174549566,39.3802225621083,39.4738276692599,
39.5674327764116,39.6610378835632,39.7546429907149,39.8482480978665,39.9418532050181,
40.0354583121698,40.1290634193214,40.2226685264731,40.3162736336247,40.4098787407764,
40.503483847928,40.5970889550797,40.6906940622313,40.784299169383,40.8779042765346,
40.9715093836863,41.0651144908379,41.1587195979895,41.2523247051412,41.3459298122928,
41.4395349194445,41.5331400265961,41.6267451337478,41.7203502408994,41.8139553480511,
41.9075604552027,42.0011655623544,42.094770669506,42.1883757766577,42.2819808838093,
42.3755859909609,42.4691910981126,42.5627962052642,42.6564013124159,42.7500064195675,
42.8436115267192,42.9372166338708,43.0308217410225,43.1244268481741,43.2180319553258,
43.3116370624774,43.405242169629,43.4988472767807,43.5924523839323,43.686057491084,
43.7796625982356,43.8732677053873,43.9668728125389,44.0604779196906,44.1540830268422,
44.2476881339939,44.3412932411455,44.4348983482972,44.5285034554488,44.6221085626004,
44.7157136697521,44.8093187769037,44.9029238840554,44.996528991207,45.0901340983587,
45.1837392055103,45.277344312662,45.3709494198136,45.4645545269653,45.5581596341169,
45.6517647412686,45.7453698484202,45.8389749555718,45.9325800627235,46.0261851698751,
46.1197902770268,46.2133953841784,46.3070004913301,46.4006055984817,46.4942107056334,
46.587815812785,46.6814209199367,46.7750260270883,46.8686311342399,46.9622362413916,
47.0558413485432,47.1494464556949,47.2430515628465,47.3366566699982,47.4302617771498,
47.5238668843015,47.6174719914531,47.7110770986048,47.8046822057564,47.8982873129081,
47.9918924200597,48.0854975272113,48.179102634363,48.2727077415146,48.3663128486663,
48.4599179558179,48.5535230629696,48.6471281701212,48.7407332772729,48.8343383844245,
48.9279434915762,49.0215485987278,49.1151537058795,49.2087588130311,49.3023639201827,
49.3959690273344,49.489574134486,49.5831792416377,49.6767843487893,49.770389455941,
49.8639945630926,49.9575996702443,50.0512047773959,50.1448098845476,50.2384149916992,
50.3320200988508,50.4256252060025,50.5192303131541,50.6128354203058,50.7064405274574,
50.8000456346091,50.8936507417607,50.9872558489124,51.080860956064,51.1744660632157,
51.2680711703673,51.361676277519,51.4552813846706,51.5488864918222,51.6424915989739,
51.7360967061255,51.8297018132772,51.9233069204288,52.0169120275805,52.1105171347321,
52.2041222418838,52.2977273490354,52.3913324561871,52.4849375633387,52.5785426704904,
52.672147777642,52.7657528847936,52.8593579919453,52.9529630990969,53.0465682062486,
53.1401733134002,53.2337784205519,53.3273835277035,53.4209886348552,53.5145937420068,
53.6081988491585,53.7018039563101,53.7954090634617,53.8890141706134,53.982619277765,
54.0762243849167,54.1698294920683,54.26343459922,54.3570397063716,54.4506448135233,
54.5442499206749,54.6378550278266,54.7314601349782,54.8250652421299,54.9186703492815,
55.0122754564331,55.1058805635848,55.1994856707364,55.2930907778881,55.3866958850397,
55.4803009921914,55.573906099343,55.6675112064947,55.7611163136463,55.854721420798,
55.9483265279496,56.0419316351012,56.1355367422529,56.2291418494045,56.3227469565562,
56.4163520637078,56.5099571708595,56.6035622780111,56.6971673851628,56.7907724923144,
56.8843775994661,56.9779827066177,57.0715878137694,57.165192920921,57.2587980280726,
57.3524031352243,57.4460082423759,57.5396133495276,57.6332184566792,57.7268235638309,
57.8204286709825,57.9140337781342,58.0076388852858,58.1012439924375,58.1948490995891,
58.2884542067408,58.3820593138924,58.475664421044,58.5692695281957,58.6628746353473,
58.756479742499,58.8500848496506,58.9436899568023,59.0372950639539,59.1309001711056,
59.2245052782572,59.3181103854089,59.4117154925605,59.5053205997121,59.5989257068638,
59.6925308140154,59.7861359211671,59.8797410283187,59.9733461354704,60.066951242622,
60.1605563497737,60.2541614569253,60.347766564077,60.4413716712286,60.5349767783803,
60.6285818855319,60.7221869926835,60.8157920998352,60.9093972069868,61.0030023141385,
61.0966074212901,61.1902125284418,61.2838176355934,61.3774227427451,61.4710278498967,
61.5646329570484,61.6582380642,61.7518431713517,61.8454482785033,61.9390533856549,
62.0326584928066,62.1262635999582,62.2198687071099,62.3134738142615,62.4070789214132,
62.5006840285648,62.5942891357165,62.6878942428681,62.7814993500198,62.8751044571714,
62.968709564323,63.0623146714747,63.1559197786263,63.249524885778,63.3431299929296,
63.4367351000813,63.5303402072329,63.6239453143846,63.7175504215362,63.8111555286879,
63.9047606358395,63.9983657429912,64.0919708501428,64.1855759572944,64.2791810644461,
64.3727861715977,64.4663912787494,64.559996385901,64.6536014930527,64.7472066002043,
64.840811707356,64.9344168145076,65.0280219216593,65.1216270288109,65.2152321359626,
65.3088372431142,65.4024423502658,65.4960474574175,65.5896525645691,65.6832576717208,
65.7768627788724,65.8704678860241,65.9640729931757,66.0576781003274,66.151283207479,
66.2448883146307,66.3384934217823,66.4320985289339,66.5257036360856,66.6193087432372,
66.7129138503889,66.8065189575405,66.9001240646922,66.9937291718438,67.0873342789955,
67.1809393861471,67.2745444932988,67.3681496004504,67.4617547076021,67.5553598147537,
67.6489649219053,67.742570029057,67.8361751362086,67.9297802433603,68.0233853505119,
68.1169904576636,68.2105955648152,68.3042006719669,68.3978057791185,68.4914108862702,
68.5850159934218,68.6786211005735,68.7722262077251,68.8658313148767,68.9594364220284,
69.05304152918,69.1466466363317,69.2402517434833,69.333856850635,69.4274619577855),
.UNSPECIFIED.);
#4483=CARTESIAN_POINT('',(6.866777094312,-7.91030956012671,20.5453155175273));
#4484=CARTESIAN_POINT('',(6.61996196965256,-8.12456469535988,20.5363272291745));
#4485=CARTESIAN_POINT('',(6.10626206258384,-8.52995461883624,20.518350652469));
#4486=CARTESIAN_POINT('',(5.28224840718829,-9.06335556711066,20.4913857874107));
#4487=CARTESIAN_POINT('',(4.41198599685334,-9.51740205307579,20.4644209223523));
#4488=CARTESIAN_POINT('',(3.50309433227858,-9.88811874989754,20.437456057294));
#4489=CARTESIAN_POINT('',(2.56353125960789,-10.1722598168357,20.4104911922357));
#4490=CARTESIAN_POINT('',(1.60152313530188,-10.3673374571994,20.3835263271774));
#4491=CARTESIAN_POINT('',(0.625492842989971,-10.471643663075,20.3565614621191));
#4492=CARTESIAN_POINT('',(-0.356013964749274,-10.4842651797993,20.3295965970608));
#4493=CARTESIAN_POINT('',(-1.33440368494433,-10.4050914993064,20.3026317320025));
#4494=CARTESIAN_POINT('',(-2.30111000652146,-10.2348158283993,20.2756668669441));
#4495=CARTESIAN_POINT('',(-3.24766891259463,-9.97492901917209,20.2487020018858));
#4496=CARTESIAN_POINT('',(-4.16579278739688,-9.62770651587543,20.2217371368275));
#4497=CARTESIAN_POINT('',(-5.04744297865298,-9.19618843220407,20.1947722717692));
#4498=CARTESIAN_POINT('',(-5.88490018016733,-8.68415293352345,20.1678074067109));
#4499=CARTESIAN_POINT('',(-6.67083201836533,-8.09608315706486,20.1408425416526));
#4500=CARTESIAN_POINT('',(-7.39835725103978,-7.43712795972642,20.1138776765943));
#4501=CARTESIAN_POINT('',(-8.06110601620701,-6.71305683715166,20.086912811536));
#4502=CARTESIAN_POINT('',(-8.65327560356313,-5.93020940879296,20.0599479464776));
#4503=CARTESIAN_POINT('',(-9.16968126023228,-5.09543991124441,20.0329830814193));
#4504=CARTESIAN_POINT('',(-9.60580158597588,-4.21605718583377,20.006018216361));
#4505=CARTESIAN_POINT('',(-9.95781812040455,-3.29976068591348,19.9790533513027));
#4506=CARTESIAN_POINT('',(-10.2226487755857,-2.35457306414006,19.9520884862444));
#4507=CARTESIAN_POINT('',(-10.3979748213271,-1.38876992997554,19.9251236211861));
#4508=CARTESIAN_POINT('',(-10.4822611868666,-0.410807392420293,19.8981587561278));
#4509=CARTESIAN_POINT('',(-10.474769901215,0.570751977621396,19.8711938910694));
#4510=CARTESIAN_POINT('',(-10.3755665544762,1.54731411710519,19.8442290260111));
#4511=CARTESIAN_POINT('',(-10.1855197235719,2.51032871634064,19.8172641609528));
#4512=CARTESIAN_POINT('',(-9.90629336739872,3.45136408140169,19.7902992958945));
#4513=CARTESIAN_POINT('',(-9.54033225800169,4.36218095799449,19.7633344308362));
#4514=CARTESIAN_POINT('',(-9.09084057532347,5.23480467041608,19.7363695657779));
#4515=CARTESIAN_POINT('',(-8.56175385294124,6.06159494398984,19.7094047007196));
#4516=CARTESIAN_POINT('',(-7.95770452042256,6.83531279964595,19.6824398356613));
#4517=CARTESIAN_POINT('',(-7.28398134399389,7.54918393494995,19.6554749706029));
#4518=CARTESIAN_POINT('',(-6.54648312064029,8.19695803664562,19.6285101055446));
#4519=CARTESIAN_POINT('',(-5.75166703106832,8.77296350539994,19.6015452404863));
#4520=CARTESIAN_POINT('',(-4.90649210372895,9.27215711360646,19.574580375428));
#4521=CARTESIAN_POINT('',(-4.01835828490229,9.6901681614673,19.5476155103697));
#4522=CARTESIAN_POINT('',(-3.09504164831729,10.0233367447442,19.5206506453114));
#4523=CARTESIAN_POINT('',(-2.14462631157997,10.2687457991245,19.4936857802531));
#4524=CARTESIAN_POINT('',(-1.1754336555171,10.4242466406372,19.4667209151947));
#4525=CARTESIAN_POINT('',(-0.195949466157054,10.4884777784991,19.4397560501364));
#4526=CARTESIAN_POINT('',(0.785250362742537,10.4608768356754,19.4127911850781));
#4527=CARTESIAN_POINT('',(1.75957491610713,10.3416854727827,19.3858263200198));
#4528=CARTESIAN_POINT('',(2.71849347547707,10.1319472722249,19.3588614549615));
#4529=CARTESIAN_POINT('',(3.65361020988674,9.83349860108643,19.3318965899032));
#4530=CARTESIAN_POINT('',(4.55673768573343,9.44895253278236,19.3049317248449));
#4531=CARTESIAN_POINT('',(5.41996855201894,8.98167596824129,19.2779668597866));
#4532=CARTESIAN_POINT('',(6.23574477332219,8.43576015693562,19.2510019947282));
#4533=CARTESIAN_POINT('',(6.99692380433218,7.81598487586351,19.2240371296699));
#4534=CARTESIAN_POINT('',(7.6968411265489,7.12777658011409,19.1970722646116));
#4535=CARTESIAN_POINT('',(8.32936859961064,6.37716089142948,19.1701073995533));
#4536=CARTESIAN_POINT('',(8.88896811635173,5.57070984075097,19.143142534495));
#4537=CARTESIAN_POINT('',(9.37074009181253,4.71548432666833,19.1161776694367));
#4538=CARTESIAN_POINT('',(9.77046636165529,3.81897229357846,19.0892128043784));
#4539=CARTESIAN_POINT('',(10.0846471143878,2.88902317083585,19.0622479393201));
#4540=CARTESIAN_POINT('',(10.3105315340344,1.93377914691407,19.0352830742617));
#4541=CARTESIAN_POINT('',(10.4461418849608,0.961603880308843,19.0083182092034));
#4542=CARTESIAN_POINT('',(10.4902908279791,-0.0189907286441617,18.9813533441451));
#4543=CARTESIAN_POINT('',(10.4425918161201,-0.999419063885962,18.9543884790868));
#4544=CARTESIAN_POINT('',(10.303462479053,-1.97109696517044,18.9274236140285));
#4545=CARTESIAN_POINT('',(10.0741209665205,-2.9255168868541,18.9004587489702));
#4546=CARTESIAN_POINT('',(9.756575282804,-3.85432238588516,18.8734938839119));
#4547=CARTESIAN_POINT('',(9.35360570560089,-4.74938128681072,18.8465290188536));
#4548=CARTESIAN_POINT('',(8.86874044324699,-5.60285688320455,18.8195641537952));
#4549=CARTESIAN_POINT('',(8.3062247434164,-6.40727655210969,18.7925992887369));
#4550=CARTESIAN_POINT('',(7.67098372376917,-7.15559718074081,18.7656344236786));
#4551=CARTESIAN_POINT('',(6.96857924998334,-7.84126683260167,18.7386695586203));
#4552=CARTESIAN_POINT('',(6.2051612387268,-8.45828211309838,18.711704693562));
#4553=CARTESIAN_POINT('',(5.38741381193669,-9.00124073238302,18.6847398285037));
#4554=CARTESIAN_POINT('',(4.52249677385377,-9.46538880521237,18.6577749634454));
#4555=CARTESIAN_POINT('',(3.61798292321061,-9.8466624736869,18.630810098387));
#4556=CARTESIAN_POINT('',(2.68179174943817,-10.1417234884413,18.6038452333287));
#4557=CARTESIAN_POINT('',(1.72212009341487,-10.3479884367549,18.5768803682704));
#4558=CARTESIAN_POINT('',(0.747370379859403,-10.4636513616742,18.5499155032121));
#4559=CARTESIAN_POINT('',(-0.233922950269864,-10.4876995741056,18.5229506381538));
#4560=CARTESIAN_POINT('',(-1.21316816324647,-10.4199225194357,18.4959857730955));
#4561=CARTESIAN_POINT('',(-2.18179145767538,-10.2609136210462,18.4690209080372));
#4562=CARTESIAN_POINT('',(-3.1313120325856,-10.0120650845838,18.4420560429789));
#4563=CARTESIAN_POINT('',(-4.05341634125574,-9.67555570847475,18.4150911779205));
#4564=CARTESIAN_POINT('',(-4.94003088064152,-9.25433180741135,18.3881263128622));
#4565=CARTESIAN_POINT('',(-5.78339287909607,-8.75208141583351,18.3611614478039));
#4566=CARTESIAN_POINT('',(-6.57611826347501,-8.17320199726813,18.3341965827456));
#4567=CARTESIAN_POINT('',(-7.31126631053927,-7.52276194224773,18.3072317176873));
#4568=CARTESIAN_POINT('',(-7.98240041659861,-6.80645619191394,18.280266852629));
#4569=CARTESIAN_POINT('',(-8.58364445332631,-6.03055637584443,18.2533019875707));
#4570=CARTESIAN_POINT('',(-9.10973421632029,-5.20185590067244,18.2263371225124));
#4571=CARTESIAN_POINT('',(-9.55606351595195,-4.32761047027681,18.199372257454));
#4572=CARTESIAN_POINT('',(-9.9187245069532,-3.41547455831888,18.1724073923957));
#4573=CARTESIAN_POINT('',(-10.1945419036352,-2.47343438934259,18.1454425273374));
#4574=CARTESIAN_POINT('',(-10.3811007811671,-1.50973801522292,18.1184776622791));
#4575=CARTESIAN_POINT('',(-10.4767677194991,-0.532823099179813,18.0915127972208));
#4576=CARTESIAN_POINT('',(-10.4807051048053,0.448756960353939,18.0645479321625));
#4577=CARTESIAN_POINT('',(-10.3928784632285,1.42640791918673,18.0375830671042));
#4578=CARTESIAN_POINT('',(-10.2140567627168,2.39156993444813,18.0106182020458));
#4579=CARTESIAN_POINT('',(-9.94580568030903,3.33579251046735,17.9836533369875));
#4580=CARTESIAN_POINT('',(-9.59047389381748,4.25080848726014,17.9566884719292));
#4581=CARTESIAN_POINT('',(-9.15117251793168,5.12860642381626,17.9297236068709));
#4582=CARTESIAN_POINT('',(-8.63174786479031,5.96150074243435,17.9027587418126));
#4583=CARTESIAN_POINT('',(-8.03674776751699,6.74219901995396,17.8757938767543));
#4584=CARTESIAN_POINT('',(-7.3713817615748,7.4638658367149,17.848829011696));
#4585=CARTESIAN_POINT('',(-6.64147547257249,8.12018262421329,17.8218641466377));
#4586=CARTESIAN_POINT('',(-5.85341960988087,8.70540298745666,17.7948992815793));
#4587=CARTESIAN_POINT('',(-5.01411401264686,9.21440301764232,17.767934416521));
#4588=CARTESIAN_POINT('',(-4.13090723811135,9.6427261546451,17.7409695514627));
#4589=CARTESIAN_POINT('',(-3.21153222116672,9.98662220652035,17.7140046864044));
#4590=CARTESIAN_POINT('',(-2.26403856848797,10.2430801843858,17.6870398213461));
#4591=CARTESIAN_POINT('',(-1.29672208003765,10.4098546651959,17.6600749562878));
#4592=CARTESIAN_POINT('',(-0.318052115020401,10.4854854515892,17.6331100912295));
#4593=CARTESIAN_POINT('',(0.663402561763953,10.469310356676,17.6061452261711));
#4594=CARTESIAN_POINT('',(1.63904880391503,10.3614710018289,17.5791803611128));
#4595=CARTESIAN_POINT('',(2.6003443209001,10.1629115767146,17.5522154960545));
#4596=CARTESIAN_POINT('',(3.53887247025276,9.8753705724213,17.5252506309962));
#4597=CARTESIAN_POINT('',(4.44641594965732,9.50136556006506,17.4982857659379));
#4598=CARTESIAN_POINT('',(5.31502874370655,9.04417114814456,17.4713209008796));
#4599=CARTESIAN_POINT('',(6.13710569540128,8.50779031163972,17.4443560358213));
#4600=CARTESIAN_POINT('',(6.90544909325732,7.89691934388272,17.417391170763));
#4601=CARTESIAN_POINT('',(7.61333169101488,7.21690673806624,17.3904263057046));
#4602=CARTESIAN_POINT('',(8.25455560818016,6.47370635840234,17.3634614406463));
#4603=CARTESIAN_POINT('',(8.82350659569409,5.67382531094325,17.336496575588));
#4604=CARTESIAN_POINT('',(9.31520319160434,4.8242669704818,17.3095317105297));
#4605=CARTESIAN_POINT('',(9.72534033635679,3.93246966236093,17.2825668454714));
#4606=CARTESIAN_POINT('',(10.0503270658321,3.00624153606466,17.2556019804131));
#4607=CARTESIAN_POINT('',(10.2873179521051,2.05369220080645,17.2286371153548));
#4608=CARTESIAN_POINT('',(10.4342380166471,1.08316172168057,17.2016722502965));
#4609=CARTESIAN_POINT('',(10.4898008978423,0.103147598052438,17.1747073852381));
#4610=CARTESIAN_POINT('',(10.4535201137535,-0.877769636470043,17.1477425201798));
#4611=CARTESIAN_POINT('',(10.3257133215242,-1.85100154107315,17.1207776551215));
#4612=CARTESIAN_POINT('',(10.1074995361254,-2.80802696400572,17.0938127900632));
#4613=CARTESIAN_POINT('',(9.80078933279683,-3.74046664969671,17.0668479250049));
#4614=CARTESIAN_POINT('',(9.40826811896703,-4.64015660349798,17.0398830599466));
#4615=CARTESIAN_POINT('',(8.93337262211355,-5.49921957170556,17.0129181948883));
#4616=CARTESIAN_POINT('',(8.38026079942571,-6.31013401101483,16.9859533298299));
#4617=CARTESIAN_POINT('',(7.75377543272582,-7.06579994354602,16.9589884647716));
#4618=CARTESIAN_POINT('',(7.0594017273943,-7.75960112084505,16.9320235997133));
#4619=CARTESIAN_POINT('',(6.30321928654238,-8.38546295258154,16.905058734655));
#4620=CARTESIAN_POINT('',(5.49184888092325,-8.93790569274813,16.8780938695967));
#4621=CARTESIAN_POINT('',(4.63239448063898,-9.41209241768816,16.8511290045384));
#4622=CARTESIAN_POINT('',(3.73238105618572,-9.80387137587919,16.8241641394801));
#4623=CARTESIAN_POINT('',(2.79968869342131,-10.109812338678,16.7971992744218));
#4624=CARTESIAN_POINT('',(1.84248359931316,-10.3272366337573,16.7702344093634));
#4625=CARTESIAN_POINT('',(0.869146602546921,-10.4542405982758,16.7432695443051));
#4626=CARTESIAN_POINT('',(-0.111800224989652,-10.489712246437,16.7163046792468));
#4627=CARTESIAN_POINT('',(-1.0917681833806,-10.4333410055032,16.6893398141885));
#4628=CARTESIAN_POINT('',(-2.0621771432187,-10.2856204350221,16.6623749491302));
#4629=CARTESIAN_POINT('',(-3.01453066910312,-10.0478439054552,16.6354100840719));
#4630=CARTESIAN_POINT('',(-3.94049041035254,-9.72209327404737,16.6084452190136));
#4631=CARTESIAN_POINT('',(-4.83194910760428,-9.31122065708249,16.5814803539553));
#4632=CARTESIAN_POINT('',(-5.68110157608863,-8.81882345812187,16.5545154888969));
#4633=CARTESIAN_POINT('',(-6.48051304408304,-8.24921287086392,16.5275506238386));
#4634=CARTESIAN_POINT('',(-7.22318424820723,-7.60737613239995,16.5005857587803));
#4635=CARTESIAN_POINT('',(-7.90261271561618,-6.89893285735836,16.473620893722));
#4636=CARTESIAN_POINT('',(-8.51284969653355,-6.13008583525435,16.4466560286637));
#4637=CARTESIAN_POINT('',(-9.04855224865134,-5.30756672184007,16.4196911636054));
#4638=CARTESIAN_POINT('',(-9.50503001737011,-4.43857709995563,16.3927262985471));
#4639=CARTESIAN_POINT('',(-9.8782863022941,-3.53072542592398,16.3657614334887));
#4640=CARTESIAN_POINT('',(-10.1650530504229,-2.59196041355669,16.3387965684304));
#4641=CARTESIAN_POINT('',(-10.3628194696561,-1.63050143902839,16.3118317033721));
#4642=CARTESIAN_POINT('',(-10.4698540120845,-0.654766575961333,16.2848668383138));
#4643=CARTESIAN_POINT('',(-10.4852195345931,0.326701109189519,16.2579019732555));
#4644=CARTESIAN_POINT('',(-10.4087815040368,1.30530835612876,16.2309371081972));
#4645=CARTESIAN_POINT('',(-10.2412091751481,2.27248694918599,16.2039722431389));
#4646=CARTESIAN_POINT('',(-9.9839697308635,3.21976873650247,16.1770073780806));
#4647=CARTESIAN_POINT('',(-9.63931543637372,4.13885977310716,16.1500425130222));
#4648=CARTESIAN_POINT('',(-9.21026391936966,5.02171293872069,16.1230776479639));
#4649=CARTESIAN_POINT('',(-8.70057174914191,5.86059839448081,16.0961127829056));
#4650=CARTESIAN_POINT('',(-8.11470154586184,6.64817126170384,16.0691479178473));
#4651=CARTESIAN_POINT('',(-7.45778290801983,7.37753593011953,16.042183052789));
#4652=CARTESIAN_POINT('',(-6.73556750012128,8.04230643252714,16.0152181877307));
#4653=CARTESIAN_POINT('',(-5.95437869387095,8.63666235726123,15.9882533226724));
#4654=CARTESIAN_POINT('',(-5.12105620376329,9.15539980892451,15.961288457614));
#4655=CARTESIAN_POINT('',(-4.24289620182297,9.59397697119988,15.9343235925557));
#4656=CARTESIAN_POINT('',(-3.32758743582219,9.94855387281567,15.9073587274974));
#4657=CARTESIAN_POINT('',(-2.38314391029304,10.2160260084923,15.8803938624391));
#4658=CARTESIAN_POINT('',(-1.41783471974772,10.3940515205013,15.8534289973808));
#4659=CARTESIAN_POINT('',(-0.440111648453209,10.4810717028486,15.8264641323225));
#4660=CARTESIAN_POINT('',(0.541464829337941,10.4763246485563,15.7994992672642));
#4661=CARTESIAN_POINT('',(1.51830050079415,10.3798519205548,15.7725344022059));
#4662=CARTESIAN_POINT('',(2.48184266131019,10.192498187778,15.7455695371475));
#4663=CARTESIAN_POINT('',(3.4236549978865,9.91590382964681,15.7186046720892));
#4664=CARTESIAN_POINT('',(4.3354914534393,9.55249057369397,15.6916398070309));
#4665=CARTESIAN_POINT('',(5.2093684253213,9.10544029207939,15.6646749419726));
#4666=CARTESIAN_POINT('',(6.03763466591717,8.57866714264359,15.6377100769143));
#4667=CARTESIAN_POINT('',(6.81303827329776,7.97678329841906,15.610745211856));
#4668=CARTESIAN_POINT('',(7.52879018539509,7.30505856565545,15.5837803467977));
#4669=CARTESIAN_POINT('',(8.17862362177344,6.56937424392361,15.5568154817394));
#4670=CARTESIAN_POINT('',(8.75684895255306,5.77617163227754,15.529850616681));
#4671=CARTESIAN_POINT('',(9.25840351408035,4.93239563232939,15.5028857516227));
#4672=CARTESIAN_POINT('',(9.67889593518257,4.04543394202201,15.4759208865644));
#4673=CARTESIAN_POINT('',(10.0146445859075,3.12305237248925,15.4489560215061));
#4674=CARTESIAN_POINT('',(10.2627098121095,2.17332685433851,15.4219911564478));
#4675=CARTESIAN_POINT('',(10.4209196736511,1.2045727286759,15.3950262913895));
#4676=CARTESIAN_POINT('',(10.4878889608691,0.225271941967934,15.3680614263312));
#4677=CARTESIAN_POINT('',(10.4630313228061,-0.756001217813411,15.3410965612728));
#4678=CARTESIAN_POINT('',(10.3465644010182,-1.73065519354356,15.3141316962145));
#4679=CARTESIAN_POINT('',(10.1395079240099,-2.69015638249865,15.2871668311562));
#4680=CARTESIAN_POINT('',(9.84367477898017,-3.62610385248783,15.2602019660979));
#4681=CARTESIAN_POINT('',(9.46165513905219,-4.53030289638615,15.2332371010396));
#4682=CARTESIAN_POINT('',(8.99679378495945,-5.3948367810595,15.2062722359813));
#4683=CARTESIAN_POINT('',(8.4531608197501,-6.21213606248279,15.179307370923));
#4684=CARTESIAN_POINT('',(7.83551603291685,-6.97504486016115,15.1523425058647));
#4685=CARTESIAN_POINT('',(7.14926722596314,-7.67688351058727,15.1253776408063));
#4686=CARTESIAN_POINT('',(6.40042286428707,-8.3115070511712,15.098412775748));
#4687=CARTESIAN_POINT('',(5.59553946994024,-8.87335902258543,15.0714479106897));
#4688=CARTESIAN_POINT('',(4.74166421586549,-9.35752011845757,15.0444830456314));
#4689=CARTESIAN_POINT('',(3.84627322423075,-9.75975125645746,15.0175181805731));
#4690=CARTESIAN_POINT('',(2.91720610908923,-10.0765306936688,14.9905533155148));
#4691=CARTESIAN_POINT('',(1.96259733647899,-10.305084861281,14.9635884504565));
#4692=CARTESIAN_POINT('',(0.990805002939952,-10.4434126486272,14.9366235853982));
#4693=CARTESIAN_POINT('',(0.0103376560295492,-10.4903029239496,14.9096587203398));
#4694=CARTESIAN_POINT('',(-0.970220202438646,-10.4453451384881,14.8826938552815));
#4695=CARTESIAN_POINT('',(-1.94228327817527,-10.3089329210485,14.8557289902232));
#4696=CARTESIAN_POINT('',(-2.89734065313408,-10.0822606315773,14.8287641251649));
#4697=CARTESIAN_POINT('',(-3.82703030302815,-9.76731290391895,14.8017992601066));
#4698=CARTESIAN_POINT('',(-4.72321231120373,-9.36684726931377,14.7748343950483));
#4699=CARTESIAN_POINT('',(-5.57804013784618,-8.88437001277718,14.74786952999));
#4700=CARTESIAN_POINT('',(-6.38402932051906,-8.32410547374974,14.7209046649317));
#4701=CARTESIAN_POINT('',(-7.13412300452734,-7.69095905980725,14.6939397998733));
#4702=CARTESIAN_POINT('',(-7.82175372935229,-6.99047429726488,14.666974934815));
#4703=CARTESIAN_POINT('',(-8.44090093018579,-6.22878429471964,14.6400100697567));
#4704=CARTESIAN_POINT('',(-8.98614365110802,-5.41255804449323,14.6130452046984));
#4705=CARTESIAN_POINT('',(-9.45270800837736,-4.54894203213405,14.5860803396401));
#4706=CARTESIAN_POINT('',(-9.83650898826669,-3.64549766521746,14.5591154745818));
#4707=CARTESIAN_POINT('',(-10.1341862134842,-2.71013506928787,14.5321506095235));
#4708=CARTESIAN_POINT('',(-10.3431333650252,-1.75104383059354,14.5051857444651));
#4709=CARTESIAN_POINT('',(-10.4615210018512,-0.776621291997424,14.4782208794068));
#4710=CARTESIAN_POINT('',(-10.4883125785981,0.204600970129127,14.4512560143485));
#4711=CARTESIAN_POINT('',(-10.4232735210704,1.184031844297,14.4242911492902));
#4712=CARTESIAN_POINT('',(-10.2669732800602,2.15309590355081,14.3973262842319));
#4713=CARTESIAN_POINT('',(-10.0207803455091,3.10330848779418,14.3703614191736));
#4714=CARTESIAN_POINT('',(-9.686850264667,4.02634999140391,14.3433965541153));
#4715=CARTESIAN_POINT('',(-9.26810676915388,4.91413870570635,14.316431689057));
#4716=CARTESIAN_POINT('',(-8.76821617616839,5.75890157854224,14.2894668239986));
#4717=CARTESIAN_POINT('',(-8.19155528797282,6.55324227138306,14.2625019589403));
#4718=CARTESIAN_POINT('',(-7.54317307071188,7.29020591812361,14.235537093882));
#4719=CARTESIAN_POINT('',(-6.82874644808681,7.96334001855372,14.2085722288237));
#4720=CARTESIAN_POINT('',(-6.05453059693436,8.56675093335525,14.1816073637654));
#4721=CARTESIAN_POINT('',(-5.22730417989869,9.09515548598104,14.1546424987071));
#4722=CARTESIAN_POINT('',(-4.3543099947126,9.54392721961475,14.1276776336488));
#4723=CARTESIAN_POINT('',(-3.44319155973453,9.90913690420767,14.1007127685904));
#4724=CARTESIAN_POINT('',(-2.50192619096803,10.1875869389324,14.0737479035321));
#4725=CARTESIAN_POINT('',(-1.53875515650906,10.3768393488419,14.0467830384738));
#4726=CARTESIAN_POINT('',(-0.562111519955462,10.4752371306091,14.0198181734155));
#4727=CARTESIAN_POINT('',(0.419453695453055,10.4819187604526,13.9928533083572));
#4728=CARTESIAN_POINT('',(1.39734637549293,10.3968257372264,13.9658884432989));
#4729=CARTESIAN_POINT('',(2.36300456089877,10.2207030946275,13.9389235782406));
#4730=CARTESIAN_POINT('',(3.30797341177202,9.9550928780382,13.9119587131823));
#4731=CARTESIAN_POINT('',(4.22397923410371,9.60232064311633,13.8849938481239));
#4732=CARTESIAN_POINT('',(5.10300192027087,9.16547509434559,13.8580289830656));
#4733=CARTESIAN_POINT('',(5.93734516925198,8.64838104182035,13.8310641180073));
#4734=CARTESIAN_POINT('',(6.71970387174729,8.0555659130431,13.804099252949));
#4735=CARTESIAN_POINT('',(7.44322807021196,7.39222011294077,13.7771343878907));
#4736=CARTESIAN_POINT('',(8.10158293379878,6.66415157916878,13.7501695228324));
#4737=CARTESIAN_POINT('',(8.68900422309862,5.87773493059459,13.7232046577741));
#4738=CARTESIAN_POINT('',(9.20034875905586,5.03985565419255,13.6962397927158));
#4739=CARTESIAN_POINT('',(9.63113945417738,4.15784981902248,13.6692749276574));
#4740=CARTESIAN_POINT('',(9.97760451176315,3.2394398451277,13.6423100625991));
#4741=CARTESIAN_POINT('',(10.2367104499491,2.29266688972914,13.6153451975408));
#4742=CARTESIAN_POINT('',(10.4061886614193,1.32582044270965,13.5883803324825));
#4743=CARTESIAN_POINT('',(10.4845552762433,0.347365747816552,13.5614154674242));
#4744=CARTESIAN_POINT('',(10.47112415393,-0.634130314952289,13.5344506023659));
#4745=CARTESIAN_POINT('',(10.3660128909441,-1.61007423684066,13.5074857373076));
#4746=CARTESIAN_POINT('',(10.1701417910883,-2.57192112097483,13.4805208722493));
#4747=CARTESIAN_POINT('',(9.8852258077644,-3.51124949738209,13.4535560071909));
#4748=CARTESIAN_POINT('',(9.51375952866393,-4.4198350573425,13.4265911421326));
#4749=CARTESIAN_POINT('',(9.05899533435484,-5.28972266149131,13.3996262770743));
#4750=CARTESIAN_POINT('',(8.52491492199729,-6.11329599120355,13.372661412016));
#4751=CARTESIAN_POINT('',(7.91619444351302,-6.88334423342687,13.3456965469577));
#4752=CARTESIAN_POINT('',(7.2381635634421,-7.59312521510191,13.3187316818994));
#4753=CARTESIAN_POINT('',(6.49675879495651,-8.23642443439583,13.2917668168411));
#4754=CARTESIAN_POINT('',(5.69847152259823,-8.80760947189953,13.2648019517827));
#4755=CARTESIAN_POINT('',(4.85029116682977,-9.30167930539054,13.2378370867244));
#4756=CARTESIAN_POINT('',(3.95964398802102,-9.71430809638475,13.2108722216661));
#4757=CARTESIAN_POINT('',(3.03432806567543,-10.0418830651035,13.1839073566078));
#4758=CARTESIAN_POINT('',(2.08244502218618,-10.2815361222402,13.1569424915495));
#4759=CARTESIAN_POINT('',(1.11232908891639,-10.4311689805749,13.1299776264912));
#4760=CARTESIAN_POINT('',(0.132474135666808,-10.4894715265707,13.1030127614329));
#4761=CARTESIAN_POINT('',(-0.848540697574156,-10.4559332910993,13.0760478963746));
#4762=CARTESIAN_POINT('',(-1.82212611546521,-10.330847918864,13.0490830313162));
#4763=CARTESIAN_POINT('',(-2.7797578710624,-10.1153105973877,13.0221181662579));
#4764=CARTESIAN_POINT('',(-3.71305140003671,-9.81120846807583,12.9951533011996));
#4765=CARTESIAN_POINT('',(-4.61383523189773,-9.42120410331167,12.9681884361413));
#4766=CARTESIAN_POINT('',(-5.4742225354699,-8.94871219424957,12.941223571083));
#4767=CARTESIAN_POINT('',(-6.28668017220334,-8.39786965341703,12.9142587060247));
#4768=CARTESIAN_POINT('',(-7.04409465272183,-7.77349939389289,12.8872938409664));
#4769=CARTESIAN_POINT('',(-7.73983441912378,-7.08106810219364,12.8603289759081));
#4770=CARTESIAN_POINT('',(-8.36780790772248,-6.3266383745884,12.8333641108497));
#4771=CARTESIAN_POINT('',(-8.92251688385591,-5.51681563591386,12.8063992457914));
#4772=CARTESIAN_POINT('',(-9.39910458179227,-4.65869030564266,12.7794343807331));
#4773=CARTESIAN_POINT('',(-9.7933982282412,-3.75977571757139,12.7524695156748));
#4774=CARTESIAN_POINT('',(-10.1019455771553,-2.82794233667358,12.7255046506165));
#4775=CARTESIAN_POINT('',(-10.3220451359404,-1.87134884908342,12.6985397855582));
#4776=CARTESIAN_POINT('',(-10.4517698184296,-0.898370728553258,12.6715749204999));
#4777=CARTESIAN_POINT('',(-10.4899838175247,0.0824730951773586,12.6446100554415));
#4778=CARTESIAN_POINT('',(-10.4363525497787,1.06259482404439,12.6176451903832));
#4779=CARTESIAN_POINT('',(-10.291345584848,2.03341298230006,12.5906803253249));
#4780=CARTESIAN_POINT('',(-10.0562325341659,2.98642755179848,12.5637154602666));
#4781=CARTESIAN_POINT('',(-9.73307193483326,3.91329439407752,12.5367505952083));
#4782=CARTESIAN_POINT('',(-9.32469322605565,4.80589830763295,12.50978573015));
#4783=CARTESIAN_POINT('',(-8.83467197593042,5.65642408073043,12.4828208650917));
#4784=CARTESIAN_POINT('',(-8.26729857548757,6.4574249176509,12.4558560000334));
#4785=CARTESIAN_POINT('',(-7.62754067408371,7.20188763926209,12.428891134975));
#4786=CARTESIAN_POINT('',(-6.92099968504707,7.88329408705116,12.4019262699167));
#4787=CARTESIAN_POINT('',(-6.15386174238899,8.49567819299428,12.3749614048584));
#4788=CARTESIAN_POINT('',(-5.33284353798175,9.03367821558659,12.3479965398001));
#4789=CARTESIAN_POINT('',(-4.46513351342611,9.49258368467913,12.3210316747418));
#4790=CARTESIAN_POINT('',(-3.55832892150455,9.86837664409611,12.2940668096835));
#4791=CARTESIAN_POINT('',(-2.62036930827991,10.157766830932,12.2671019446252));
#4792=CARTESIAN_POINT('',(-1.65946699823824,10.3582204835153,12.2401370795668));
#4793=CARTESIAN_POINT('',(-0.684035191114553,10.4679825258105,12.2131722145085));
#4794=CARTESIAN_POINT('',(0.297385700048679,10.4860919340221,12.1862073494502));
#4795=CARTESIAN_POINT('',(1.27620282466176,10.4123901508579,12.1592424843919));
#4796=CARTESIAN_POINT('',(2.24384612946603,10.2475224737806,12.1322776193336));
#4797=CARTESIAN_POINT('',(3.19184339380961,9.99293240509268,12.1053127542753));
#4798=CARTESIAN_POINT('',(4.11189440834776,9.65084901332291,12.078347889217));
#4799=CARTESIAN_POINT('',(4.99594364769481,9.2242674165711,12.0513830241586));
#4800=CARTESIAN_POINT('',(5.83625080074054,8.71692255869081,12.0244181591003));
#4801=CARTESIAN_POINT('',(6.62545854110179,8.13325650791236,11.997453294042));
#4802=CARTESIAN_POINT('',(7.35665694434324,7.47837956422404,11.9704884289837));
#4803=CARTESIAN_POINT('',(8.02344398796157,6.75802551603653,11.9435235639254));
#4804=CARTESIAN_POINT('',(8.61998160442372,5.97850143788175,11.9165586988671));
#4805=CARTESIAN_POINT('',(9.14104679648606,5.14663246869342,11.8895938338088));
#4806=CARTESIAN_POINT('',(9.58207736725305,4.26970205416423,11.8626289687504));
#4807=CARTESIAN_POINT('',(9.93921186458504,3.35538817638875,11.8356641036921));
#4808=CARTESIAN_POINT('',(10.2093233901211,2.41169612913498,11.8086992386338));
#4809=CARTESIAN_POINT('',(10.3900469769011,1.44688842733178,11.7817343735755));
#4810=CARTESIAN_POINT('',(10.4798002958823,0.46941246445123,11.7547695085172));
#4811=CARTESIAN_POINT('',(10.4777975100536,-0.51217344881685,11.7278046434589));
#4812=CARTESIAN_POINT('',(10.3840561548468,-1.48927501702837,11.7008397784006));
#4813=CARTESIAN_POINT('',(10.1993969846058,-2.45333720751367,11.6738749133422));
#4814=CARTESIAN_POINT('',(9.92543678645435,-3.39591915414017,11.6469100482839));
#4815=CARTESIAN_POINT('',(9.56457422448387,-4.30876806148766,11.6199451832256));
#4816=CARTESIAN_POINT('',(9.11996883820118,-5.18389146236655,11.5929803181673));
#4817=CARTESIAN_POINT('',(8.59551337911596,-6.01362719602704,11.566015453109));
#4818=CARTESIAN_POINT('',(7.99579972767566,-6.79071049436355,11.5390505880507));
#4819=CARTESIAN_POINT('',(7.32607868896283,-7.50833758873974,11.5120857229924));
#4820=CARTESIAN_POINT('',(6.59221401916428,-8.16022528052329,11.485120857934));
#4821=CARTESIAN_POINT('',(5.80063108533447,-8.74066595375941,11.4581559928757));
#4822=CARTESIAN_POINT('',(4.95826060796346,-9.24457754831854,11.4311911278174));
#4823=CARTESIAN_POINT('',(4.07247797891255,-9.66754805597726,11.4042262627591));
#4824=CARTESIAN_POINT('',(3.15103868602079,-10.0058741498461,11.3772613977008));
#4825=CARTESIAN_POINT('',(2.20201040977324,-10.2565936089234,11.3502965326425));
#4826=CARTESIAN_POINT('',(1.23370238656035,-10.4175112538817,11.3233316675842));
#4827=CARTESIAN_POINT('',(0.254592656989549,-10.4872181670052,11.2963668025258));
#4828=CARTESIAN_POINT('',(-0.72674616377183,-10.4651040279971,11.2694019374675));
#4829=CARTESIAN_POINT('',(-1.70172194370317,-10.3513624576515,11.2424370724092));
#4830=CARTESIAN_POINT('',(-2.66179826251737,-10.1469893226029,11.2154722073509));
#4831=CARTESIAN_POINT('',(-3.5985691524624,-9.85377401599527,11.1885073422926));
#4832=CARTESIAN_POINT('',(-4.5038326969431,-9.47428379041412,11.1615424772343));
#4833=CARTESIAN_POINT('',(-5.36966284256888,-9.01184128025414,11.134577612176));
#4834=CARTESIAN_POINT('',(-6.18847879587546,-8.4704954103262,11.1076127471177));
#4835=CARTESIAN_POINT('',(-6.95311139711644,-7.85498594541371,11.0806478820593));
#4836=CARTESIAN_POINT('',(-7.65686588998732,-7.17070199116558,11.053683017001));
#4837=CARTESIAN_POINT('',(-8.29358053770065,-6.42363480967204,11.0267181519427));
#4838=CARTESIAN_POINT('',(-8.85768057219786,-5.62032536284744,10.9997532868844));
#4839=CARTESIAN_POINT('',(-9.34422700414446,-4.76780704290503,10.9727884218261));
#4840=CARTESIAN_POINT('',(-9.74895986635178,-3.87354409134834,10.9458235567678));
#4841=CARTESIAN_POINT('',(-10.0683355120063,-2.94536624565271,10.9188586917095));
#4842=CARTESIAN_POINT('',(-10.2995576411415,-1.99140018583947,10.8918938266511));
#4843=CARTESIAN_POINT('',(-10.4406017836991,-1.01999838116358,10.8649289615928));
#4844=CARTESIAN_POINT('',(-10.490233024818,-0.0396659598990336,10.8379640965345));
#4845=CARTESIAN_POINT('',(-10.4480168171563,0.941013757484819,10.8109992314762));
#4846=CARTESIAN_POINT('',(-10.3143227855796,1.9134544097604,10.7840343664179));
#4847=CARTESIAN_POINT('',(-10.0903214909026,2.86914177300239,10.7570695013596));
#4848=CARTESIAN_POINT('',(-9.77797418102048,3.79970830704863,10.7301046363013));
#4849=CARTESIAN_POINT('',(-9.38001561916291,4.69700641766832,10.7031397712429));
#4850=CARTESIAN_POINT('',(-8.89993013961876,5.55317979298915,10.6761749061846));
#4851=CARTESIAN_POINT('',(-8.34192114057647,6.36073218959585,10.6492100411263));
#4852=CARTESIAN_POINT('',(-7.71087428118558,7.11259306604196,10.622245176068));
#4853=CARTESIAN_POINT('',(-7.01231470506865,7.8021794891194,10.5952803110097));
#4854=CARTESIAN_POINT('',(-6.25235866481374,8.42345377086418,10.5683154459514));
#4855=CARTESIAN_POINT('',(-5.43765997100045,8.97097633165626,10.5413505808931));
#4856=CARTESIAN_POINT('',(-4.57535173462588,9.43995332656965,10.5143857158347));
#4857=CARTESIAN_POINT('',(-3.67298391300616,9.82627861797921,10.4874208507764));
#4858=CARTESIAN_POINT('',(-2.73845720597144,10.1265697269322,10.4604559857181));
#4859=CARTESIAN_POINT('',(-1.77995388112772,10.3381974485118,10.4334911206598));
#4860=CARTESIAN_POINT('',(-0.805866133846307,10.4593088718938,10.4065262556015));
#4861=CARTESIAN_POINT('',(0.175277390773644,10.4888436035457,10.3795613905432));
#4862=CARTESIAN_POINT('',(1.15488627063085,10.4265430515232,10.3525965254849));
#4863=CARTESIAN_POINT('',(2.1243835202375,10.2729526895777,10.3256316604265));
#4864=CARTESIAN_POINT('',(3.07528068669025,10.0294172812496,10.2986667953682));
#4865=CARTESIAN_POINT('',(3.99925217049244,9.69806910576373,10.2717019303099));
#4866=CARTESIAN_POINT('',(4.88820812050992,9.28180928881532,10.2447370652516));
#4867=CARTESIAN_POINT('',(5.73436526482735,8.7842824017047,10.2177722001933));
#4868=CARTESIAN_POINT('',(6.53031505734389,8.2098445512193,10.190807335135));
#4869=CARTESIAN_POINT('',(7.26908854344934,7.56352523965187,10.1638424700767));
#4870=CARTESIAN_POINT('',(7.94421737684819,6.85098332889088,10.1368776050183));
#4871=CARTESIAN_POINT('',(8.54979045329714,6.07845749413999,10.10991273996));
#4872=CARTESIAN_POINT('',(9.08050566539873,5.25271160107035,10.0829478749017));
#4873=CARTESIAN_POINT('',(9.53171632531054,4.38097548465704,10.0559830098434));
#4874=CARTESIAN_POINT('',(9.89947184891518,3.47088164821177,10.0290181447851));
#4875=CARTESIAN_POINT('',(10.18055234524,2.53039843684475,10.0020532797268));
#4876=CARTESIAN_POINT('',(10.3724968082779,1.56776027045693,9.97508841466846));
#4877=CARTESIAN_POINT('',(10.4736246643756,0.591395547108899,9.94812354961015));
#4878=CARTESIAN_POINT('',(10.4830504865307,-0.390147151989875,9.92115868455183));
#4879=CARTESIAN_POINT('',(10.4006917467654,-1.36827390975784,9.89419381949352));
#4880=CARTESIAN_POINT('',(10.2272695387021,-2.3344207174573,9.8672289544352));
#4881=CARTESIAN_POINT('',(9.96430226401359,-3.28012845704724,9.84026408937689));
#4882=CARTESIAN_POINT('',(9.6140923380262,-4.19711696516352,9.81329922431858));
#4883=CARTESIAN_POINT('',(9.17970603087552,-5.07735753025774,9.78633435926026));
#4884=CARTESIAN_POINT('',(8.66494662071588,-5.91314318814468,9.75936949420195));
#4885=CARTESIAN_POINT('',(8.07432109404101,-6.69715620048404,9.73240462914363));
#4886=CARTESIAN_POINT('',(7.41300068467206,-7.42253212538747,9.70543976408532));
#4887=CARTESIAN_POINT('',(6.68677559691464,-8.08291991917922,9.678474899027));
#4888=CARTESIAN_POINT('',(5.90200430930715,-8.67253754308837,9.65151003396869));
#4889=CARTESIAN_POINT('',(5.06555790283246,-9.18622258800694,9.62454516891038));
#4890=CARTESIAN_POINT('',(4.1847599010286,-9.61947747406794,9.59758030385206));
#4891=CARTESIAN_POINT('',(3.26732214872925,-9.96850882929742,9.57061543879375));
#4892=CARTESIAN_POINT('',(2.3212772908494,-10.23026070256,9.54365057373544));
#4893=CARTESIAN_POINT('',(1.35490844239922,-10.4024413200014,9.51668570867712));
#4894=CARTESIAN_POINT('',(0.376676665502061,-10.4835431507207,9.48972084361881));
#4895=CARTESIAN_POINT('',(-0.60485311160727,-10.4728561059883,9.46275597856049));
#4896=CARTESIAN_POINT('',(-1.58108708498596,-10.3704737564418,9.43579111350218));
#4897=CARTESIAN_POINT('',(-2.54347781820856,-10.1772925128267,9.40882624844387));
#4898=CARTESIAN_POINT('',(-3.48359907962059,-9.89500377745375,9.38186138338555));
#4899=CARTESIAN_POINT('',(-4.39321961838131,-9.52607913509157,9.35489651832724));
#4900=CARTESIAN_POINT('',(-5.26437523334801,-9.07374871295594,9.32793165326892));
#4901=CARTESIAN_POINT('',(-6.08943850380121,-8.54197289926517,9.30096678821061));
#4902=CARTESIAN_POINT('',(-6.86118557148206,-7.93540766798051,9.27400192315229));
#4903=CARTESIAN_POINT('',(-7.57285938923033,-7.25936381333127,9.24703705809398));
#4904=CARTESIAN_POINT('',(-8.2182288824484,-6.5197604510479,9.22007219303567));
#4905=CARTESIAN_POINT('',(-8.79164350540171,-5.72307319342373,9.19310732797735));
#4906=CARTESIAN_POINT('',(-9.28808271468697,-4.87627745195969,9.16614246291904));
#4907=CARTESIAN_POINT('',(-9.70319992670212,-3.98678736400695,9.13917759786072));
#4908=CARTESIAN_POINT('',(-10.0333605742475,-3.06239087813641,9.11221273280241));
#4909=CARTESIAN_POINT('',(-10.2756739290531,-2.11118156659647,9.08524786774409));
#4910=CARTESIAN_POINT('',(-10.4280184116084,-1.14148776187646,9.05828300268578));
#4911=CARTESIAN_POINT('',(-10.4890601666955,-0.161799637822032,9.03131813762747));
#4912=CARTESIAN_POINT('',(-10.4582647419852,0.819305126254831,9.00435327256915));
#4913=CARTESIAN_POINT('',(-10.3359017674453,1.79323644762157,8.97738840751084));
#4914=CARTESIAN_POINT('',(-10.1230425945902,2.7514670507693,8.95042354245253));
#4915=CARTESIAN_POINT('',(-9.82155091624071,3.6856071281471,8.92345867739421));
#4916=CARTESIAN_POINT('',(-9.43406644892346,4.58747779729277,8.89649381233589));
#4917=CARTESIAN_POINT('',(-8.96398182077944,5.44918271120479,8.86952894727759));
#4918=CARTESIAN_POINT('',(-8.41541286733908,6.26317719496911,8.84256408221927));
#4919=CARTESIAN_POINT('',(-7.79316259524052,7.02233430331407,8.81559921716096));
#4920=CARTESIAN_POINT('',(-7.1026791294072,7.72000722072466,8.78863435210264));
#4921=CARTESIAN_POINT('',(-6.35000801187921,8.35008745777116,8.76166948704433));
#4922=CARTESIAN_POINT('',(-5.54173926994692,8.90705833411265,8.73470462198601));
#4923=CARTESIAN_POINT('',(-4.68494971703287,9.386043279904,8.7077397569277));
#4924=CARTESIAN_POINT('',(-3.7871409915078,9.78284853270246,8.68077489186939));
#4925=CARTESIAN_POINT('',(-2.8561738759432,10.0939998560401,8.65381002681107));
#4926=CARTESIAN_POINT('',(-1.90019947186952,10.3167729581718,8.62684516175275));
#4927=CARTESIAN_POINT('',(-0.927587832640766,10.4492173446672,8.59988029669444));
#4928=CARTESIAN_POINT('',(0.0531453207380025,10.4901733960045,8.57291543163613));
#4929=CARTESIAN_POINT('',(1.03341315917926,10.4392825206425,8.54595056657781));
#4930=CARTESIAN_POINT('',(2.00463292766989,10.2969902946764,8.5189857015195));
#4931=CARTESIAN_POINT('',(2.95830109175742,10.0645425605869,8.49202083646119));
#4932=CARTESIAN_POINT('',(3.88606779041896,9.7439745192414,8.46505597140287));
#4933=CARTESIAN_POINT('',(4.77980994343943,9.33809291065124,8.43809110634456));
#4934=CARTESIAN_POINT('',(5.63170237320567,8.85045143950222,8.41112624128624));
#4935=CARTESIAN_POINT('',(6.43428631820834,8.28531966062109,8.38416137622793));
#4936=CARTESIAN_POINT('',(7.18053473838014,7.64764559680125,8.35719651116962));
#4937=CARTESIAN_POINT('',(7.86391384048813,6.94301241628852,8.3302316461113));
#4938=CARTESIAN_POINT('',(8.47844028489344,6.17758954923791,8.30326678105299));
#4939=CARTESIAN_POINT('',(9.0187335728032,5.35807867114228,8.27630191599467));
#4940=CARTESIAN_POINT('',(9.48006315533729,4.49165502617619,8.24933705093636));
#4941=CARTESIAN_POINT('',(9.85838985194533,3.58590460419944,8.22237218587804));
#4942=CARTESIAN_POINT('',(10.1504012155342,2.64875772146848,8.19540732081973));
#4943=CARTESIAN_POINT('',(10.3535405346661,1.68841958659095,8.16844245576142));
#4944=CARTESIAN_POINT('',(10.4660292188973,0.713298459654745,8.1414775907031));
#4945=CARTESIAN_POINT('',(10.4868823712633,-0.268067966464371,8.11451272564479));
#4946=CARTESIAN_POINT('',(10.4159174115641,-1.24708731804651,8.08754786058648));
#4947=CARTESIAN_POINT('',(10.2537556749489,-2.21518777123065,8.06058299552816));
#4948=CARTESIAN_POINT('',(10.0018169718035,-3.16389310279299,8.03361813046985));
#4949=CARTESIAN_POINT('',(9.66230715657147,-4.08489690389183,8.00665326541153));
#4950=CARTESIAN_POINT('',(9.23819881435097,-4.97013530699937,7.97968840035322));
#4951=CARTESIAN_POINT('',(8.73320523436515,-5.8118575892579,7.9527235352949));
#4952=CARTESIAN_POINT('',(8.15174789818286,-6.6026940340916,7.92575867023659));
#4953=CARTESIAN_POINT('',(7.49891776734679,-7.33572045691002,7.89879380517828));
#4954=CARTESIAN_POINT('',(6.78043070935602,-8.0045188299472,7.87182894011996));
#4955=CARTESIAN_POINT('',(6.00257745227181,-8.60323347543443,7.84486407506165));
#4956=CARTESIAN_POINT('',(5.17216850612,-9.12662233510612,7.81789921000333));
#4957=CARTESIAN_POINT('',(4.29647453333183,-9.57010286714769,7.79093434494502));
#4958=CARTESIAN_POINT('',(3.38316269031106,-9.92979216873367,7.76396947988671));
#4959=CARTESIAN_POINT('',(2.44022949748999,-10.2025409728625,7.73700461482839));
#4960=CARTESIAN_POINT('',(1.47593082563206,-10.3859612218276,7.71003974977008));
#4961=CARTESIAN_POINT('',(0.498709611387297,-10.4784469759057,7.68307488471176));
#4962=CARTESIAN_POINT('',(-0.482878065011349,-10.4791884741944,7.65611001965345));
#4963=CARTESIAN_POINT('',(-1.46023789268266,-10.3881792244903,7.62914515459513));
#4964=CARTESIAN_POINT('',(-2.42481257776102,-10.2062160601317,7.60218028953682));
#4965=CARTESIAN_POINT('',(-3.36815676695701,-9.93489216330802,7.57521542447851));
#4966=CARTESIAN_POINT('',(-4.28201099102008,-9.57658311592087,7.54825055942019));
#4967=CARTESIAN_POINT('',(-5.15837398068968,-9.13442610012808,7.52128569436188));
#4968=CARTESIAN_POINT('',(-5.98957272197111,-8.61229243068168,7.49432082930357));
#4969=CARTESIAN_POINT('',(-6.7683296373658,-8.01475365955269,7.46735596424525));
#4970=CARTESIAN_POINT('',(-7.48782630484918,-7.34704154961479,7.44039109918694));
#4971=CARTESIAN_POINT('',(-8.14176315670353,-6.61500226783804,7.41342623412862));
#4972=CARTESIAN_POINT('',(-8.72441463551137,-5.8250451990549,7.38646136907031));
#4973=CARTESIAN_POINT('',(-9.23067932438994,-4.98408682846091,7.359496504012));
#4974=CARTESIAN_POINT('',(-9.6561246125506,-4.09949018418777,7.33253163895368));
#4975=CARTESIAN_POINT('',(-9.99702550511281,-3.17900037016064,7.30556677389537));
#4976=CARTESIAN_POINT('',(-10.2503972373726,-2.23067675368308,7.27860190883705));
#4977=CARTESIAN_POINT('',(-10.4140214079707,-1.26282240148255,7.25163704377874));
#4978=CARTESIAN_POINT('',(-10.4864654021508,-0.283911382040727,7.22467217872043));
#4979=CARTESIAN_POINT('',(-10.4670949350472,0.697485429285659,7.19770731366211));
#4980=CARTESIAN_POINT('',(-10.3560796051791,1.67277539273841,7.1707424486038));
#4981=CARTESIAN_POINT('',(-10.1543914095267,2.63341933719021,7.14377758354548));
#4982=CARTESIAN_POINT('',(-9.8637962331926,3.5710063250312,7.11681271848717));
#4983=CARTESIAN_POINT('',(-9.48683838815827,4.47732729430449,7.08984785342886));
#4984=CARTESIAN_POINT('',(-9.02681833650902,5.34444693331518,7.06288298837054));
#4985=CARTESIAN_POINT('',(-8.4877637931709,6.16477315841342,7.03591812331223));
#4986=CARTESIAN_POINT('',(-7.87439446117072,6.9311235866374,7.00895325825391));
#4987=CARTESIAN_POINT('',(-7.19208070818014,7.63678842121349,6.9819883931956));
#4988=CARTESIAN_POINT('',(-6.44679654615215,8.27558919931857,6.95502352813728));
#4989=CARTESIAN_POINT('',(-5.64506732573788,8.84193288773693,6.92805866307897));
#4990=CARTESIAN_POINT('',(-4.79391260344609,9.33086085277657,6.90109379802066));
#4991=CARTESIAN_POINT('',(-3.90078468177331,9.73809227568727,6.87412893296234));
#4992=CARTESIAN_POINT('',(-2.97350336041765,10.0600616334564,6.84716406790403));
#4993=CARTESIAN_POINT('',(-2.0201874698633,10.2939499168184,6.82019920284571));
#4994=CARTESIAN_POINT('',(-1.04918378679505,10.4377093121472,6.7932343377874));
#4995=CARTESIAN_POINT('',(-0.0689939537250771,10.4900811311308,6.76626947272909));
#4996=CARTESIAN_POINT('',(0.911799957311133,10.4506068312421,6.73930460767077));
#4997=CARTESIAN_POINT('',(1.88461058526115,10.3196320305173,6.71233974261246));
#4998=CARTESIAN_POINT('',(2.8409204668701,10.0983034814901,6.68537487755414));
#4999=CARTESIAN_POINT('',(3.7723566115036,9.78855903077683,6.65841001249583));
#5000=CARTESIAN_POINT('',(4.67076381103764,9.39311065222052,6.63144514743752));
#5001=CARTESIAN_POINT('',(5.52827604294936,8.91542070214915,6.6044802823792));
#5002=CARTESIAN_POINT('',(6.33738534143734,8.35967160464409,6.57751541732089));
#5003=CARTESIAN_POINT('',(7.09100753356901,7.73072923224097,6.55055055226257));
#5004=CARTESIAN_POINT('',(7.78254426490096,7.03410030268368,6.52358568720426));
#5005=CARTESIAN_POINT('',(8.40594077150557,6.27588416474505,6.49662082214594));
#5006=CARTESIAN_POINT('',(8.95573889257986,5.46271939525452,6.46965595708763));
#5007=CARTESIAN_POINT('',(9.42712485948344,4.60172567490357,6.44269109202932));
#5008=CARTESIAN_POINT('',(9.81597144278791,3.70044145173651,6.415726226971));
#5009=CARTESIAN_POINT('',(10.118874088318,2.76675793811518,6.38876136191269));
#5010=CARTESIAN_POINT('',(10.3331807257952,1.80885001904852,6.36179649685437));
#5011=CARTESIAN_POINT('',(10.4570149890927,0.835104676820393,6.33483163179606));
#5012=CARTESIAN_POINT('',(10.4892926447976,-0.145952441404434,6.30786676673775));
#5013=CARTESIAN_POINT('',(10.4297310852383,-1.12573167005764,6.28090190167943));
#5014=CARTESIAN_POINT('',(10.278851802862,-2.09565453215905,6.25393703662112));
#5015=CARTESIAN_POINT('',(10.0379758242966,-3.04722884834648,6.2269721715628));
#5016=CARTESIAN_POINT('',(9.70921214407558,-3.97212309032497,6.20000730650449));
#5017=CARTESIAN_POINT('',(9.29543925929325,-4.86223932773237,6.17304244144617));
#5018=CARTESIAN_POINT('',(8.80027996686475,-5.70978412973349,6.14607757638786));
#5019=CARTESIAN_POINT('',(8.22806964405407,-6.50733680056238,6.11911271132955));
#5020=CARTESIAN_POINT('',(7.58381828999007,-7.24791435157518,6.09214784627123));
#5021=CARTESIAN_POINT('',(6.8731666605172,-7.92503264094932,6.06518298121292));
#5022=CARTESIAN_POINT('',(6.10233688044283,-8.53276314571925,6.03821811615461));
#5023=CARTESIAN_POINT('',(5.27807796559687,-9.06578486907991,6.01125325109629));
#5024=CARTESIAN_POINT('',(4.40760673168629,-9.51943092848261,5.98428838603798));
#5025=CARTESIAN_POINT('',(3.49854460731829,-9.88972941662013,5.95732352097966));
#5026=CARTESIAN_POINT('',(2.558850904427,-10.1734381775421,5.93035865592135));
#5027=CARTESIAN_POINT('',(1.59675313035583,-10.3680731934172,5.90339379086304));
#5028=CARTESIAN_POINT('',(0.620674951749448,-10.4719303334022,5.87642892580472));
#5029=CARTESIAN_POINT('',(-0.360837559030997,-10.4841002741938,5.84946406074641));
#5030=CARTESIAN_POINT('',(-1.33919074921839,-10.4044764616277,5.82249919568809));
#5031=CARTESIAN_POINT('',(-2.30581862754138,-10.2337560436157,5.79553433062978));
#5032=CARTESIAN_POINT('',(-3.25225786393531,-9.97343376625264,5.76856946557147));
#5033=CARTESIAN_POINT('',(-4.17022189040088,-9.62578888653697,5.74160460051315));
#5034=CARTESIAN_POINT('',(-5.05167345421895,-9.19386521628945,5.71463973545484));
#5035=CARTESIAN_POINT('',(-5.88889498828029,-8.68144447199685,5.68767487039652));
#5036=CARTESIAN_POINT('',(-6.67455618240154,-8.09301316391631,5.66071000533821));
#5037=CARTESIAN_POINT('',(-7.40177816400521,-7.43372331434343,5.6337451402799));
#5038=CARTESIAN_POINT('',(-8.06419372622855,-6.70934734897617,5.60678027522158));
#5039=CARTESIAN_POINT('',(-8.65600307613284,-5.9262275563242,5.57981541016327));
#5040=CARTESIAN_POINT('',(-9.17202461490854,-5.09122055767271,5.55285054510495));
#5041=CARTESIAN_POINT('',(-9.60774030546914,-4.21163727379522,5.52588568004664));
#5042=CARTESIAN_POINT('',(-9.9593352302168,-3.29517891403789,5.49892081498832));
#5043=CARTESIAN_POINT('',(-10.2237309926311,-2.34986954822436,5.47195594993001));
#5044=CARTESIAN_POINT('',(-10.3986126702323,-1.38398585174906,5.4449910848717));
#5045=CARTESIAN_POINT('',(-10.4824490829325,-0.405984638977335,5.41802621981338));
#5046=CARTESIAN_POINT('',(-10.4745061993137,0.575571180564898,5.39106135475507));
#5047=CARTESIAN_POINT('',(-10.3748535634551,1.55208757491977,5.36409648969675));
#5048=CARTESIAN_POINT('',(-10.1843636860385,2.51501463491924,5.33713162463844));
#5049=CARTESIAN_POINT('',(-9.90470440506302,3.4559214330888,5.31016675958012));
#5050=CARTESIAN_POINT('',(-9.53832428305584,4.36656984080464,5.28320189452181));
#5051=CARTESIAN_POINT('',(-9.08843116863295,5.2389866573965,5.25623702946349));
#5052=CARTESIAN_POINT('',(-8.55896411011538,6.0655334196684,5.22927216440519));
#5053=CARTESIAN_POINT('',(-7.95455886711145,6.83897328061867,5.20230729934687));
#5054=CARTESIAN_POINT('',(-7.28050732202912,7.55253437180115,5.17534243428856));
#5055=CARTESIAN_POINT('',(-6.54271114689189,8.19996909455725,5.14837756923024));
#5056=CARTESIAN_POINT('',(-5.74763013112922,8.77560882099316,5.12141270417193));
#5057=CARTESIAN_POINT('',(-4.90222562275873,9.27441352576675,5.09444783911361));
#5058=CARTESIAN_POINT('',(-4.01389957816193,9.69201591413205,5.0674829740553));
#5059=CARTESIAN_POINT('',(-3.09042975410441,10.0247596598773,5.04051810899698));
#5060=CARTESIAN_POINT('',(-2.13990160942823,10.2697314183636,5.01355324393867));
#5061=CARTESIAN_POINT('',(-1.17063751265236,10.4247863343729,4.98658837888036));
#5062=CARTESIAN_POINT('',(-0.191123875305788,10.4885668214321,4.95962351382204));
#5063=CARTESIAN_POINT('',(0.790063151021404,10.4605144481883,4.93265864876373));
#5064=CARTESIAN_POINT('',(1.76433276334786,10.3408748277665,4.90569378370541));
#5065=CARTESIAN_POINT('',(2.7231547242513,10.1306954672986,4.8787289186471));
#5066=CARTESIAN_POINT('',(3.65813404853595,9.83181659645355,4.85176405358879));
#5067=CARTESIAN_POINT('',(4.56108450569623,9.44685505526867,4.82479918853047));
#5068=CARTESIAN_POINT('',(5.42410029462467,8.97918138235385,4.79783432347216));
#5069=CARTESIAN_POINT('',(6.23962526301435,8.43289030407194,4.77086945841385));
#5070=CARTESIAN_POINT('',(7.00051906540429,7.81276488307874,4.74390459335553));
#5071=CARTESIAN_POINT('',(7.70011968061945,7.12423464012061,4.71693972829722));
#5072=CARTESIAN_POINT('',(8.33230174123272,6.373328015755,4.6899748632389));
#5073=CARTESIAN_POINT('',(8.89153016434416,5.56661958821647,4.66300999818059));
#5074=CARTESIAN_POINT('',(9.37290861411197,4.71117250956311,4.63604513312227));
#5075=CARTESIAN_POINT('',(9.77222237172057,3.81447666410497,4.60908026806396));
#5076=CARTESIAN_POINT('',(10.0859752374371,2.88438309056945,4.58211540300565));
#5077=CARTESIAN_POINT('',(10.3114201416592,1.92903524217198,4.55515053794733));
#5078=CARTESIAN_POINT('',(10.4465831969391,0.956797686445586,4.52818567288902));
#5079=CARTESIAN_POINT('',(10.4902809803948,-0.0238171309003799,4.5012208078307));
#5080=CARTESIAN_POINT('',(10.4421308951939,-1.00422341687194,4.47425594277239));
#5081=CARTESIAN_POINT('',(10.3025545203875,-1.97583720427582,4.44729107771407));
#5082=CARTESIAN_POINT('',(10.0727739197663,-2.93015150881891,4.42032621265576));
#5083=CARTESIAN_POINT('',(9.75480094205625,-3.85881081218243,4.39336134759745));
#5084=CARTESIAN_POINT('',(9.35141960613618,-4.75368421893265,4.36639648253913));
#5085=CARTESIAN_POINT('',(8.86616172550367,-5.60693664674135,4.33943161748082));
#5086=CARTESIAN_POINT('',(8.30327598541017,-6.41109742660866,4.31246675242251));
#5087=CARTESIAN_POINT('',(7.66769074341077,-7.15912571245751,4.28550188736419));
#5088=CARTESIAN_POINT('',(6.96497087902931,-7.84447212740482,4.25853702230588));
#5089=CARTESIAN_POINT('',(6.20126907034248,-8.46113610696407,4.23157215724756));
#5090=CARTESIAN_POINT('',(5.38327192408159,-9.00371843710988,4.20460729218925));
#5091=CARTESIAN_POINT('',(4.51814143091131,-9.46746852720621,4.17764242713093));
#5092=CARTESIAN_POINT('',(3.61345225847458,-9.84832600389947,4.15067756207262));
#5093=CARTESIAN_POINT('',(2.67712543123589,-10.1429562618,4.12371269701431));
#5094=CARTESIAN_POINT('',(1.71735897779033,-10.3487796596874,4.09674783195599));
#5095=CARTESIAN_POINT('',(0.742556152857371,-10.463994106612,4.06978296689768));
#5096=CARTESIAN_POINT('',(-0.238748137586877,-10.4875908401385,4.04281810183936));
#5097=CARTESIAN_POINT('',(-1.21796206385269,-10.4193632585861,4.01585323678105));
#5098=CARTESIAN_POINT('',(-2.18651209847647,-10.2599087299339,3.98888837172274));
#5099=CARTESIAN_POINT('',(-3.13591808191493,-10.0106233615533,3.96192350666442));
#5100=CARTESIAN_POINT('',(-4.05786747075465,-9.67368977656141,3.93495864160611));
#5101=CARTESIAN_POINT('',(-4.94428811835508,-9.25205800382003,3.90799377654779));
#5102=CARTESIAN_POINT('',(-5.78741895069281,-8.74941964889782,3.88102891148948));
#5103=CARTESIAN_POINT('',(-6.57987791860311,-8.17017557214266,3.85406404643117));
#5104=CARTESIAN_POINT('',(-7.31472663146173,-7.51939735685926,3.82709918137285));
#5105=CARTESIAN_POINT('',(-7.98553110640515,-6.80278290495832,3.80013431631454));
#5106=CARTESIAN_POINT('',(-8.58641810119859,-6.02660654886036,3.77316945125622));
#5107=CARTESIAN_POINT('',(-9.11212653752791,-5.19766411645049,3.74620458619791));
#5108=CARTESIAN_POINT('',(-9.55805356447787,-4.32321343006905,3.71923972113959));
#5109=CARTESIAN_POINT('',(-9.92029485888703,-3.41091076050034,3.69227485608128));
#5110=CARTESIAN_POINT('',(-10.1956788097287,-2.46874379233798,3.66530999102297));
#5111=CARTESIAN_POINT('',(-10.3817942872157,-1.50496168764979,3.63834512596465));
#5112=CARTESIAN_POINT('',(-10.4770117534964,-0.528002860271445,3.61138026090634));
#5113=CARTESIAN_POINT('',(-10.4804975301068,0.453578906897663,3.58441539584803));
#5114=CARTESIAN_POINT('',(-10.3922210972587,1.4311893547147,3.55745053078971));
#5115=CARTESIAN_POINT('',(-10.2129553610568,2.39626899500424,3.5304856657314));
#5116=CARTESIAN_POINT('',(-9.94426988630343,3.34036805333126,3.50352080067308));
#5117=CARTESIAN_POINT('',(-9.58851715414199,4.25522045117316,3.47655593561477));
#5118=CARTESIAN_POINT('',(-9.14881196486034,5.13281617973854,3.44959107055646));
#5119=CARTESIAN_POINT('',(-8.62900416619358,5.96547143176222,3.42262620549814));
#5120=CARTESIAN_POINT('',(-8.03364494590378,6.74589587723617,3.39566134043983));
#5121=CARTESIAN_POINT('',(-7.3679469837629,7.46725649404228,3.36869647538151));
#5122=CARTESIAN_POINT('',(-6.63773881182894,8.12323739461658,3.3417316103232));
#5123=CARTESIAN_POINT('',(-5.84941378261487,8.70809512483141,3.31476674526488));
#5124=CARTESIAN_POINT('',(-5.00987409196057,9.21670895092493,3.28780188020657));
#5125=CARTESIAN_POINT('',(-4.12647034671664,9.64462569418978,3.26083701514825));
#5126=CARTESIAN_POINT('',(-3.2069372063565,9.98809872086994,3.23387215008994));
#5127=CARTESIAN_POINT('',(-2.25932566200795,10.2441207458888,3.20690728503163));
#5128=CARTESIAN_POINT('',(-1.29193254583645,10.410450163195,3.17994241997332));
#5129=CARTESIAN_POINT('',(-0.313227887962209,10.4856306721894,3.152977554915));
#5130=CARTESIAN_POINT('',(0.668219243060931,10.4690040283955,3.12601268985669));
#5131=CARTESIAN_POINT('',(1.64381576689965,10.3607158067312,3.09904782479837));
#5132=CARTESIAN_POINT('',(2.60501982833093,10.1617141269256,3.07208295974006));
#5133=CARTESIAN_POINT('',(3.5434155856293,9.8737413522371,3.04511809468174));
#5134=CARTESIAN_POINT('',(4.45078689564042,9.49931883415611,3.01815322962343));
#5135=CARTESIAN_POINT('',(5.31918925038968,9.04172483666122,2.99118836456512));
#5136=CARTESIAN_POINT('',(6.14101933538348,8.50496583331196,2.9642234995068));
#5137=CARTESIAN_POINT('',(6.90908160058405,7.89374142848803,2.93725863444849));
#5138=CARTESIAN_POINT('',(7.61665126119432,7.21340320990754,2.91029376939017));
#5139=CARTESIAN_POINT('',(8.25753317664801,6.46990789269174,2.88332890433186));
#5140=CARTESIAN_POINT('',(8.82611609228902,5.66976516522459,2.85636403927354));
#5141=CARTESIAN_POINT('',(9.31742176882579,4.81998069344357,2.82939917421523));
#5142=CARTESIAN_POINT('',(9.72714856940672,3.92799478258896,2.80243430915692));
#5143=CARTESIAN_POINT('',(10.0517091226892,3.00161723345991,2.7754694440986));
#5144=CARTESIAN_POINT('',(10.2882617321425,2.04895896354448,2.74850457904029));
#5145=CARTESIAN_POINT('',(10.4347352565794,1.07836099171658,2.72153971398198));
#5146=CARTESIAN_POINT('',(10.4898472440752,0.0983214082753424,2.69457484892366));
#5147=CARTESIAN_POINT('',(10.4531151605015,-0.882579030257409,2.66760998386535));
#5148=CARTESIAN_POINT('',(10.3248606143639,-1.85575203012558,2.64064511880703));
#5149=CARTESIAN_POINT('',(10.1062065409515,-2.81267695531961,2.61368025374872));
#5150=CARTESIAN_POINT('',(9.79906737045506,-3.74497543017847,2.5867153886904));
#5151=CARTESIAN_POINT('',(9.40613226613365,-4.64448469642831,2.55975052363209));
#5152=CARTESIAN_POINT('',(8.93084157929151,-5.50332908237872,2.53278565857378));
#5153=CARTESIAN_POINT('',(8.37735672721195,-6.31398895852646,2.50582079351546));
#5154=CARTESIAN_POINT('',(7.75052375778371,-7.06936657582471,2.47885592845715));
#5155=CARTESIAN_POINT('',(7.05583091982999,-7.76284821016928,2.45189106339883));
#5156=CARTESIAN_POINT('',(6.29936061063418,-8.38836206899464,2.42492619834052));
#5157=CARTESIAN_POINT('',(5.4877361213866,-8.94043145297733,2.3979613332822));
#5158=CARTESIAN_POINT('',(4.62806364682373,-9.41422270738833,2.37099646822389));
#5159=CARTESIAN_POINT('',(3.72787006679549,-9.80558754325551,2.34403160316558));
#5160=CARTESIAN_POINT('',(2.79503704451552,-10.1110993577921,2.31706673810726));
#5161=CARTESIAN_POINT('',(1.83773201849849,-10.3280832360871,2.29010187304895));
#5162=CARTESIAN_POINT('',(0.864336692385915,-10.4546393713773,2.26313700799064));
#5163=CARTESIAN_POINT('',(-0.116626351230673,-10.4896596988442,2.23617214293232));
#5164=CARTESIAN_POINT('',(-1.0965682704551,-10.4328375972977,2.20920727787401));
#5165=CARTESIAN_POINT('',(-2.06690916386658,-10.2846705738046,2.18224241281569));
#5166=CARTESIAN_POINT('',(-3.01915319202128,-10.046455907755,2.15527754775738));
#5167=CARTESIAN_POINT('',(-3.94496296294748,-9.72027929250647,2.12831268269906));
#5168=CARTESIAN_POINT('',(-4.83623253035071,-9.30899657405324,2.10134781764075));
#5169=CARTESIAN_POINT('',(-5.6851583653915,-8.81620874660852,2.07438295258244));
#5170=CARTESIAN_POINT('',(-6.48430768064102,-8.24623042402631,2.04741808752412));
#5171=CARTESIAN_POINT('',(-7.22668350800271,-7.60405206311212,2.02045322246581));
#5172=CARTESIAN_POINT('',(-7.90578596080873,-6.89529626957644,1.99348835740749));
#5173=CARTESIAN_POINT('',(-8.51566914371051,-6.12616856919739,1.96652349234918));
#5174=CARTESIAN_POINT('',(-9.05099321208471,-5.30340307520812,1.93955862729087));
#5175=CARTESIAN_POINT('',(-9.50707112515803,-4.43420352765134,1.91259376223255));
#5176=CARTESIAN_POINT('',(-9.87990968346395,-3.52618022081208,1.88562889717424));
#5177=CARTESIAN_POINT('',(-10.166244491472,-2.58728337140969,1.85866403211593));
#5178=CARTESIAN_POINT('',(-10.3635685387332,-1.62573350927403,1.83169916705761));
#5179=CARTESIAN_POINT('',(-10.4701541513149,-0.64994950620891,1.8047343019993));
#5180=CARTESIAN_POINT('',(-10.4850681138073,0.331525150090856,1.77776943694098));
#5181=CARTESIAN_POINT('',(-10.4081798575651,1.31009710468151,1.75080457188267));
#5182=CARTESIAN_POINT('',(-10.2401625387634,2.27719857633447,1.72383970682446));
#5183=CARTESIAN_POINT('',(-10.0683791047037,2.9086406056262,1.70586313011903));
#5184=CARTESIAN_POINT('',(-9.96792033490717,3.21965668929844,1.69687484176637));
#5185=CARTESIAN_POINT('',(6.22455101162025,-7.1704854691587,19.97969078125));
#5186=CARTESIAN_POINT('',(6.00081965806362,-7.36470205729656,19.9707024928972));
#5187=CARTESIAN_POINT('',(5.53516433937525,-7.73217725324629,19.9527259161917));
#5188=CARTESIAN_POINT('',(4.78821785169475,-8.21569104240525,19.9257610511334));
#5189=CARTESIAN_POINT('',(3.9993480963167,-8.62727211962966,19.8987961860751));
#5190=CARTESIAN_POINT('',(3.17546194820388,-8.96331695675387,19.8718313210167));
#5191=CARTESIAN_POINT('',(2.32377298347577,-9.22088328537665,19.8448664559584));
#5192=CARTESIAN_POINT('',(1.45173817572061,-9.39771598388904,19.8179015909001));
#5193=CARTESIAN_POINT('',(0.566992645184231,-9.49226678849272,19.7909367258418));
#5194=CARTESIAN_POINT('',(-0.322717201096661,-9.5037078580972,19.7639718607835));
#5195=CARTESIAN_POINT('',(-1.20960149032801,-9.43193902007646,19.7370069957252));
#5196=CARTESIAN_POINT('',(-2.08589508909605,-9.27758864798166,19.7100421306669));
#5197=CARTESIAN_POINT('',(-2.94392559095061,-9.04200815962975,19.6830772656085));
#5198=CARTESIAN_POINT('',(-3.77618049236963,-8.72726018478391,19.6561124005502));
#5199=CARTESIAN_POINT('',(-4.5753729686223,-8.33610050574409,19.6291475354919));
#5200=CARTESIAN_POINT('',(-5.33450567371517,-7.87195392904249,19.6021826704336));
#5201=CARTESIAN_POINT('',(-6.04693200579638,-7.33888429947919,19.5752178053753));
#5202=CARTESIAN_POINT('',(-6.70641430161375,-6.74155891904665,19.548252940317));
#5203=CARTESIAN_POINT('',(-7.30717845050229,-6.08520768227197,19.5212880752587));
#5204=CARTESIAN_POINT('',(-7.84396444972768,-5.37557728576895,19.4943232102004));
#5205=CARTESIAN_POINT('',(-8.31207245854727,-4.61888091291893,19.467358345142));
#5206=CARTESIAN_POINT('',(-8.70740394776135,-3.82174383421715,19.4403934800837));
#5207=CARTESIAN_POINT('',(-9.02649758446903,-2.99114539958215,19.4134286150254));
#5208=CARTESIAN_POINT('',(-9.26655953783887,-2.13435793051547,19.3864637499671));
#5209=CARTESIAN_POINT('',(-9.4254879405516,-1.25888304714268,19.3594988849088));
#5210=CARTESIAN_POINT('',(-9.50189129174223,-0.372385987625686,19.3325340198505));
#5211=CARTESIAN_POINT('',(-9.49510064031421,0.517371504985988,19.3055691547922));
#5212=CARTESIAN_POINT('',(-9.40517544195434,1.40259914085451,19.2786042897338));
#5213=CARTESIAN_POINT('',(-9.23290303856731,2.27554629139496,19.2516394246755));
#5214=CARTESIAN_POINT('',(-8.97979176468764,3.12856985006168,19.2246745596172));
#5215=CARTESIAN_POINT('',(-8.64805774122592,3.95420115172322,19.1977096945589));
#5216=CARTESIAN_POINT('',(-8.24060547217713,4.74521136471192,19.1707448295006));
#5217=CARTESIAN_POINT('',(-7.76100241417673,5.4946747830067,19.1437799644423));
#5218=CARTESIAN_POINT('',(-7.21344774156152,6.19602946439314,19.116815099384));
#5219=CARTESIAN_POINT('',(-6.60273558041319,6.84313468368207,19.0898502343257));
#5220=CARTESIAN_POINT('',(-5.93421303348993,7.43032469795399,19.0628853692673));
#5221=CARTESIAN_POINT('',(-5.21373336355928,7.95245835308652,19.035920504209));
#5222=CARTESIAN_POINT('',(-4.44760474503691,8.40496409723397,19.0089556391507));
#5223=CARTESIAN_POINT('',(-3.64253503263706,8.78388000714255,18.9819907740924));
#5224=CARTESIAN_POINT('',(-2.80557303061407,9.08588847685012,18.9550259090341));
#5225=CARTESIAN_POINT('',(-1.94404677681328,9.30834526505268,18.9280610439758));
#5226=CARTESIAN_POINT('',(-1.06549938188645,9.44930264681296,18.9010961789175));
#5227=CARTESIAN_POINT('',(-0.177622985432956,9.50752646690572,18.8741313138592));
#5228=CARTESIAN_POINT('',(0.71180859268506,9.48250694548897,18.8471664488008));
#5229=CARTESIAN_POINT('',(1.59500791618074,9.37446314149176,18.8202015837425));
#5230=CARTESIAN_POINT('',(2.46424211539945,9.18434103463925,18.7932367186842));
#5231=CARTESIAN_POINT('',(3.31190059261639,8.91380524290799,18.7662718536259));
#5232=CARTESIAN_POINT('',(4.13056165677997,8.56522444792931,18.7393069885676));
#5233=CARTESIAN_POINT('',(4.91305750427881,8.1416506559491,18.7123421235093));
#5234=CARTESIAN_POINT('',(5.6525369767922,7.64679247592503,18.685377258451));
#5235=CARTESIAN_POINT('',(6.34252554674623,7.08498264872528,18.6584123933926));
#5236=CARTESIAN_POINT('',(6.97698200517173,6.4611401117277,18.6314475283343));
#5237=CARTESIAN_POINT('',(7.55035135563243,5.78072693096347,18.604482663276));
#5238=CARTESIAN_POINT('',(8.05761345110925,5.04970047788678,18.5775177982177));
#5239=CARTESIAN_POINT('',(8.49432694799979,4.27446126948782,18.5505529331594));
#5240=CARTESIAN_POINT('',(8.85666819239258,3.46179692843593,18.5235880681011));
#5241=CARTESIAN_POINT('',(9.14146469814677,2.61882275391122,18.4966232030428));
#5242=CARTESIAN_POINT('',(9.34622292365913,1.75291942345773,18.4696583379845));
#5243=CARTESIAN_POINT('',(9.46915010411826,0.871668371310963,18.4426934729261));
#5244=CARTESIAN_POINT('',(9.50916994809344,-0.0172145910038844,18.4157286078678));
#5245=CARTESIAN_POINT('',(9.46593206102612,-0.905946830616789,18.3887637428095));
#5246=CARTESIAN_POINT('',(9.33981501311664,-1.78674703431341,18.3617988777512));
#5247=CARTESIAN_POINT('',(9.13192302474513,-2.65190333798134,18.3348340126929));
#5248=CARTESIAN_POINT('',(8.84407629844747,-3.4938408479933,18.3078691476346));
#5249=CARTESIAN_POINT('',(8.47879508209497,-4.30518796334249,18.2809042825763));
#5250=CARTESIAN_POINT('',(8.0392776028128,-5.07884091784526,18.253939417518));
#5251=CARTESIAN_POINT('',(7.52937206483734,-5.80802597731053,18.2269745524596));
#5252=CARTESIAN_POINT('',(6.9535429564856,-6.48635874710737,18.2000096874013));
#5253=CARTESIAN_POINT('',(6.31683196123693,-7.10790007086217,18.173044822343));
#5254=CARTESIAN_POINT('',(5.62481381517067,-7.66720803086313,18.1460799572847));
#5255=CARTESIAN_POINT('',(4.88354749725093,-8.15938559488158,18.1191150922264));
#5256=CARTESIAN_POINT('',(4.09952317981296,-8.58012349223733,18.0921502271681));
#5257=CARTESIAN_POINT('',(3.27960540372714,-8.92573794370586,18.0651853621098));
#5258=CARTESIAN_POINT('',(2.43097297577165,-9.19320291492224,18.0382204970515));
#5259=CARTESIAN_POINT('',(1.56105611444361,-9.38017661088665,18.0112556319931));
#5260=CARTESIAN_POINT('',(0.677471394529803,-9.48502197959818,17.9842907669348));
#5261=CARTESIAN_POINT('',(-0.212044939968939,-9.50682104529692,17.9573259018765));
#5262=CARTESIAN_POINT('',(-1.09970471067955,-9.4453829458194,17.9303610368182));
#5263=CARTESIAN_POINT('',(-1.97773599441098,-9.30124560369621,17.9033961717599));
#5264=CARTESIAN_POINT('',(-2.83845117038595,-9.07567101636024,17.8764313067016));
#5265=CARTESIAN_POINT('',(-3.6743142293611,-8.77063420670258,17.8494664416433));
#5266=CARTESIAN_POINT('',(-4.47800675530932,-8.38880593071927,17.8225015765849));
#5267=CARTESIAN_POINT('',(-5.24249200196029,-7.93352929365294,17.7955367115266));
#5268=CARTESIAN_POINT('',(-5.96107650317561,-7.40879047936668,17.7685718464683));
#5269=CARTESIAN_POINT('',(-6.62746867772791,-6.81918384923022,17.74160698141));
#5270=CARTESIAN_POINT('',(-7.23583391536827,-6.16987171609532,17.7146421163517));
#5271=CARTESIAN_POINT('',(-7.7808456618751,-5.46653914556059,17.6876772512934));
#5272=CARTESIAN_POINT('',(-8.25773205580796,-4.71534418026388,17.6607123862351));
#5273=CARTESIAN_POINT('',(-8.66231770863762,-3.92286392301464,17.6337475211768));
#5274=CARTESIAN_POINT('',(-8.99106026244527,-3.0960369508364,17.6067826561184));
#5275=CARTESIAN_POINT('',(-9.24108140510939,-2.24210256411436,17.5798177910601));
#5276=CARTESIAN_POINT('',(-9.41019207142614,-1.36853740275356,17.5528529260018));
#5277=CARTESIAN_POINT('',(-9.49691160951427,-0.482989984305969,17.5258880609435));
#5278=CARTESIAN_POINT('',(-9.50048074469286,0.406786262780619,17.4989231958852));
#5279=CARTESIAN_POINT('',(-9.4208682273262,1.29300088446318,17.4719583308269));
#5280=CARTESIAN_POINT('',(-9.25877110643063,2.1678946105824,17.4449934657686));
#5281=CARTESIAN_POINT('',(-9.01560862664768,3.02380729131054,17.4180286007103));
#5282=CARTESIAN_POINT('',(-8.69350980201874,3.85324496574911,17.3910637356519));
#5283=CARTESIAN_POINT('',(-8.29529477535926,4.64894547545613,17.3640988705936));
#5284=CARTESIAN_POINT('',(-7.82445012644096,5.40394204842214,17.3371340055353));
#5285=CARTESIAN_POINT('',(-7.2850983451716,6.11162429678435,17.310169140477));
#5286=CARTESIAN_POINT('',(-6.68196173705077,6.76579609421214,17.2832042754187));
#5287=CARTESIAN_POINT('',(-6.02032107692788,7.36072982621728,17.2562394103604));
#5288=CARTESIAN_POINT('',(-5.30596937307054,7.89121653839915,17.2292745453021));
#5289=CARTESIAN_POINT('',(-4.5451611463627,8.35261154355102,17.2023096802437));
#5290=CARTESIAN_POINT('',(-3.74455766871979,8.74087508831344,17.1753448151854));
#5291=CARTESIAN_POINT('',(-2.91116864018682,9.05260772331706,17.1483799501271));
#5292=CARTESIAN_POINT('',(-2.052290815367,9.28508006713065,17.1214150850688));
#5293=CARTESIAN_POINT('',(-1.17544411653825,9.43625670341595,17.0944502200105));
#5294=CARTESIAN_POINT('',(-0.288305792820635,9.50481400205669,17.0674853549522));
#5295=CARTESIAN_POINT('',(0.60135679813457,9.49015170822912,17.0405204898939));
#5296=CARTESIAN_POINT('',(1.48575419740291,9.39239819794532,17.0135556248356));
#5297=CARTESIAN_POINT('',(2.35714304555293,9.21240935405436,16.9865907597772));
#5298=CARTESIAN_POINT('',(3.20789387978726,8.95176107254267,16.9596258947189));
#5299=CARTESIAN_POINT('',(4.03055793385949,8.61273546474459,16.9326610296606));
#5300=CARTESIAN_POINT('',(4.81793235589862,8.19830087627015,16.9056961646023));
#5301=CARTESIAN_POINT('',(5.56312327312524,7.71208589759471,16.878731299544));
#5302=CARTESIAN_POINT('',(6.25960615129499,7.15834759386108,16.8517664344857));
#5303=CARTESIAN_POINT('',(6.90128292039095,6.54193423205912,16.8248015694274));
#5304=CARTESIAN_POINT('',(7.48253536639977,5.86824283192537,16.7978367043691));
#5305=CARTESIAN_POINT('',(7.99827432169886,5.14317191222688,16.7708718393107));
#5306=CARTESIAN_POINT('',(8.44398422336707,4.3730698461601,16.7439069742524));
#5307=CARTESIAN_POINT('',(8.81576264928781,3.56467927804013,16.7169421091941));
#5308=CARTESIAN_POINT('',(9.11035448588525,2.72507808794119,16.6899772441358));
#5309=CARTESIAN_POINT('',(9.32518042833757,1.86161742117351,16.6630123790775));
#5310=CARTESIAN_POINT('',(9.45835956373277,0.98185732518097,16.6360475140192));
#5311=CARTESIAN_POINT('',(9.50872583944001,0.0935005573918124,16.6090826489609));
#5312=CARTESIAN_POINT('',(9.47583827250711,-0.79567485643082,16.5821177839025));
#5313=CARTESIAN_POINT('',(9.35998481069579,-1.67788372285178,16.5551529188442));
#5314=CARTESIAN_POINT('',(9.16217981134916,-2.54540184418349,16.5281880537859));
#5315=CARTESIAN_POINT('',(8.88415516016538,-3.39063364785605,16.5012231887276));
#5316=CARTESIAN_POINT('',(8.52834510763718,-4.20617868960745,16.4742583236693));
#5317=CARTESIAN_POINT('',(8.09786495592207,-4.98489644822398,16.447293458611));
#5318=CARTESIAN_POINT('',(7.59648378275095,-5.71996884451905,16.4203285935527));
#5319=CARTESIAN_POINT('',(7.02859144119129,-6.40495993716427,16.3933637284944));
#5320=CARTESIAN_POINT('',(6.39916012419922,-7.0338722727048,16.366398863436));
#5321=CARTESIAN_POINT('',(5.71370083048293,-7.60119939638512,16.3394339983777));
#5322=CARTESIAN_POINT('',(4.97821511284128,-8.10197406402572,16.3124691333194));
#5323=CARTESIAN_POINT('',(4.1991425314461,-8.53181173283068,16.2855042682611));
#5324=CARTESIAN_POINT('',(3.38330427214207,-8.88694895034128,16.2585394032028));
#5325=CARTESIAN_POINT('',(2.53784342341513,-9.1642763054207,16.2315745381445));
#5326=CARTESIAN_POINT('',(1.67016243493593,-9.36136565276646,16.2046096730862));
#5327=CARTESIAN_POINT('',(0.787858305261004,-9.47649137258606,16.1776448080278));
#5328=CARTESIAN_POINT('',(-0.101343933842727,-9.5086454792962,16.1506799429695));
#5329=CARTESIAN_POINT('',(-0.989658854070812,-9.45754644696108,16.1237150779112));
#5330=CARTESIAN_POINT('',(-1.86930879605728,-9.32364167419843,16.0967502128529));
#5331=CARTESIAN_POINT('',(-2.73259196682954,-9.10810356697186,16.0697853477946));
#5332=CARTESIAN_POINT('',(-3.5719498730135,-8.81281927356653,16.0428204827363));
#5333=CARTESIAN_POINT('',(-4.3800334993762,-8.44037416162394,16.015855617678));
#5334=CARTESIAN_POINT('',(-5.14976765327824,-7.99402918190295,15.9888907526197));
#5335=CARTESIAN_POINT('',(-5.87441291166696,-7.47769231695898,15.9619258875613));
#5336=CARTESIAN_POINT('',(-6.54762462823216,-6.89588436472324,15.934961022503));
#5337=CARTESIAN_POINT('',(-7.16350848408605,-6.2536993565644,15.9079961574447));
#5338=CARTESIAN_POINT('',(-7.71667209559219,-5.55675995639327,15.8810312923864));
#5339=CARTESIAN_POINT('',(-8.20227222749023,-4.81116823131444,15.8540664273281));
#5340=CARTESIAN_POINT('',(-8.6160571979408,-4.02345222485359,15.8271015622698));
#5341=CARTESIAN_POINT('',(-8.95440410421241,-3.20050880053947,15.8001366972115));
#5342=CARTESIAN_POINT('',(-9.21435054308006,-2.34954325627493,15.7731718321531));
#5343=CARTESIAN_POINT('',(-9.39362054820693,-1.47800623820443,15.7462069670948));
#5344=CARTESIAN_POINT('',(-9.49064451741407,-0.593528506430073,15.7192421020365));
#5345=CARTESIAN_POINT('',(-9.50457295536411,0.296145876263779,15.6922772369782));
#5346=CARTESIAN_POINT('',(-9.43528391133506,1.18322734770987,15.6653123719199));
#5347=CARTESIAN_POINT('',(-9.28338404696233,2.05994904802814,15.6383475068616));
#5348=CARTESIAN_POINT('',(-9.0502033246004,2.91863482252553,15.6113826418033));
#5349=CARTESIAN_POINT('',(-8.73778336281037,3.75176643042462,15.584417776745));
#5350=CARTESIAN_POINT('',(-8.34885956092709,4.55204937097382,15.5574529116866));
#5351=CARTESIAN_POINT('',(-7.88683714921461,5.31247675059715,15.5304880466283));
#5352=CARTESIAN_POINT('',(-7.35576137430327,6.02639063189359,15.50352318157));
#5353=CARTESIAN_POINT('',(-6.76028208095054,6.68754032734352,15.4765583165117));
#5354=CARTESIAN_POINT('',(-6.1056130002305,7.29013712733054,15.4495934514534));
#5355=CARTESIAN_POINT('',(-5.39748610060538,7.82890498330632,15.4226285863951));
#5356=CARTESIAN_POINT('',(-4.642101401559,8.29912670234109,15.3956637213368));
#5357=CARTESIAN_POINT('',(-3.84607268919991,8.69668524860232,15.3686988562785));
#5358=CARTESIAN_POINT('',(-3.01636960912259,9.01809979014584,15.3417339912201));
#5359=CARTESIAN_POINT('',(-2.1602566435335,9.26055617541064,15.3147691261618));
#5360=CARTESIAN_POINT('',(-1.2852295069293,9.42193157258028,15.2878042611035));
#5361=CARTESIAN_POINT('',(-0.398949517215944,9.50081305607999,15.2608393960452));
#5362=CARTESIAN_POINT('',(0.490823483116128,9.49650997747533,15.2338745309869));
#5363=CARTESIAN_POINT('',(1.37629906845092,9.40906001245862,15.2069096659286));
#5364=CARTESIAN_POINT('',(2.24972443927692,9.23922883097864,15.1799448008703));
#5365=CARTESIAN_POINT('',(3.10345230198102,8.98850339340179,15.1529799358119));
#5366=CARTESIAN_POINT('',(3.93000782488344,8.65907893140037,15.1260150707536));
#5367=CARTESIAN_POINT('',(4.72215408427861,8.25383972755696,15.0990502056953));
#5368=CARTESIAN_POINT('',(5.47295542746806,7.77633386196958,15.072085340637));
#5369=CARTESIAN_POINT('',(6.17583819800867,7.23074214696416,15.0451204755787));
#5370=CARTESIAN_POINT('',(6.82464829149561,6.62184152190709,15.0181556105204));
#5371=CARTESIAN_POINT('',(7.41370503794863,5.95496322861543,14.9911907454621));
#5372=CARTESIAN_POINT('',(7.93785093903373,5.23594613356059,14.9642258804038));
#5373=CARTESIAN_POINT('',(8.39249682464482,4.47108560555413,14.9372610153454));
#5374=CARTESIAN_POINT('',(8.77366203347598,3.66707839651797,14.9102961502871));
#5375=CARTESIAN_POINT('',(9.07800926578257,2.83096400793664,14.8833312852288));
#5376=CARTESIAN_POINT('',(9.30287380317703,1.9700630563587,14.8563664201705));
#5377=CARTESIAN_POINT('',(9.44628683962502,1.09191317758961,14.8294015551122));
#5378=CARTESIAN_POINT('',(9.50699271936673,0.204203030767908,14.8024366900539));
#5379=CARTESIAN_POINT('',(9.48445993083637,-0.685295019846292,14.7754718249956));
#5380=CARTESIAN_POINT('',(9.37888576032259,-1.56879295596485,14.7485069599373));
#5381=CARTESIAN_POINT('',(9.19119456462432,-2.4385552934242,14.7215420948789));
#5382=CARTESIAN_POINT('',(8.92302967782599,-3.28696681037447,14.6945772298206));
#5383=CARTESIAN_POINT('',(8.57673902305256,-4.10659922250933,14.6676123647623));
#5384=CARTESIAN_POINT('',(8.15535455518073,-4.89027622156046,14.640647499704));
#5385=CARTESIAN_POINT('',(7.66256571449637,-5.63113630761071,14.6136826346457));
#5386=CARTESIAN_POINT('',(7.10268712372494,-6.32269286509622,14.5867177695874));
#5387=CARTESIAN_POINT('',(6.48062081126445,-6.95889095650111,14.5597529045291));
#5388=CARTESIAN_POINT('',(5.80181329137597,-7.53416033648607,14.5327880394708));
#5389=CARTESIAN_POINT('',(5.07220787711724,-8.04346422228486,14.5058231744124));
#5390=CARTESIAN_POINT('',(4.29819264354411,-8.48234339335835,14.4788583093541));
#5391=CARTESIAN_POINT('',(3.48654449678945,-8.84695523419069,14.4518934442958));
#5392=CARTESIAN_POINT('',(2.64436983872351,-9.13410737838768,14.4249285792375));
#5393=CARTESIAN_POINT('',(1.77904234670769,-9.34128565950574,14.3979637141792));
#5394=CARTESIAN_POINT('',(0.898138413212348,-9.46667612388737,14.3709988491209));
#5395=CARTESIAN_POINT('',(0.00937081055824765,-9.50918091276932,14.3440339840626));
#5396=CARTESIAN_POINT('',(-0.879478838418441,-9.46842787460732,14.3170691190042));
#5397=CARTESIAN_POINT('',(-1.76062819252331,-9.34477382345656,14.2901042539459));
#5398=CARTESIAN_POINT('',(-2.62636233065042,-9.13930141487888,14.2631393888876));
#5399=CARTESIAN_POINT('',(-3.46910129993115,-8.85380966673007,14.2361745238293));
#5400=CARTESIAN_POINT('',(-4.28146648216575,-8.49079820782228,14.209209658771));
#5401=CARTESIAN_POINT('',(-5.05634519746523,-8.0534453923732,14.1822447937127));
#5402=CARTESIAN_POINT('',(-5.78695297946491,-7.54558047186093,14.1552799286544));
#5403=CARTESIAN_POINT('',(-6.46689297685774,-6.97165006793476,14.1283150635961));
#5404=CARTESIAN_POINT('',(-7.09021196115618,-6.3366792399288,14.1013501985377));
#5405=CARTESIAN_POINT('',(-7.65145245030536,-5.64622748785266,14.0743853334794));
#5406=CARTESIAN_POINT('',(-8.14570049177831,-4.906340076076,14.0474204684211));
#5407=CARTESIAN_POINT('',(-8.56862868678735,-4.12349510389325,14.0204556033628));
#5408=CARTESIAN_POINT('',(-8.91653407891227,-3.30454678639341,13.9934907383045));
#5409=CARTESIAN_POINT('',(-9.18637057541057,-2.45666544224027,13.9665258732462));
#5410=CARTESIAN_POINT('',(-9.37577561734459,-1.58727471380144,13.9395610081879));
#5411=CARTESIAN_POINT('',(-9.48309086501426,-0.703986569296485,13.9125961431296));
#5412=CARTESIAN_POINT('',(-9.50737671758419,0.185465343945804,13.8856312780712));
#5413=CARTESIAN_POINT('',(-9.44842053977784,1.07329341159397,13.8586664130129));
#5414=CARTESIAN_POINT('',(-9.30673852361008,1.95172423692973,13.8317015479546));
#5415=CARTESIAN_POINT('',(-9.08357116885743,2.81306670098112,13.8047366828963));
#5416=CARTESIAN_POINT('',(-8.78087242183708,3.64977930227127,13.777771817838));
#5417=CARTESIAN_POINT('',(-8.40129256759009,4.45453618658804,13.7508069527797));
#5418=CARTESIAN_POINT('',(-7.94815502525676,5.22029128864975,13.7238420877214));
#5419=CARTESIAN_POINT('',(-7.42542724981276,5.94034002407311,13.696877222663));
#5420=CARTESIAN_POINT('',(-6.83768599493626,6.60837799149832,13.6699123576047));
#5421=CARTESIAN_POINT('',(-6.19007724114797,7.21855617090348,13.6429474925464));
#5422=CARTESIAN_POINT('',(-5.48827114007396,7.76553213481845,13.6159826274881));
#5423=CARTESIAN_POINT('',(-4.73841236931766,8.24451682405733,13.5890177624298));
#5424=CARTESIAN_POINT('',(-3.94706633261,8.65131647842358,13.5620528973715));
#5425=CARTESIAN_POINT('',(-3.12116167628348,8.9823693552629,13.5350880323132));
#5426=CARTESIAN_POINT('',(-2.2679296253681,9.23477691437343,13.5081231672549));
#5427=CARTESIAN_POINT('',(-1.39484067045342,9.40632919623356,13.4811583021965));
#5428=CARTESIAN_POINT('',(-0.509539159656198,9.49552417134745,13.4541934371382));
#5429=CARTESIAN_POINT('',(0.380223631625217,9.5015808912949,13.4272285720799));
#5430=CARTESIAN_POINT('',(1.26665736716037,9.42444632634115,13.4002637070216));
#5431=CARTESIAN_POINT('',(2.14200085833417,9.26479582973972,13.3732988419633));
#5432=CARTESIAN_POINT('',(2.99859001739176,9.02402722466335,13.346333976905));
#5433=CARTESIAN_POINT('',(3.82892496051489,8.70424856553469,13.3193691118467));
#5434=CARTESIAN_POINT('',(4.62573567320734,8.30825968091295,13.2924042467884));
#5435=CARTESIAN_POINT('',(5.38204566305481,7.8395276595379,13.26543938173));
#5436=CARTESIAN_POINT('',(6.09123304254626,7.30215649416386,13.2384745166717));
#5437=CARTESIAN_POINT('',(6.74708850714486,6.70085114896761,13.2115096516134));
#5438=CARTESIAN_POINT('',(7.34386970098017,6.04087636513878,13.1845447865551));
#5439=CARTESIAN_POINT('',(7.87635149416191,5.32801056533114,13.1575799214968));
#5440=CARTESIAN_POINT('',(8.33987173151105,4.56849526056552,13.1306150564385));
#5441=CARTESIAN_POINT('',(8.73037205215439,3.76898040255296,13.1036501913802));
#5442=CARTESIAN_POINT('',(9.0444334225858,2.93646615990712,13.0766853263218));
#5443=CARTESIAN_POINT('',(9.27930607208364,2.07824162802559,13.0497204612635));
#5444=CARTESIAN_POINT('',(9.43293356838434,1.20182100926665,13.0227555962052));
#5445=CARTESIAN_POINT('',(9.5039708228169,0.314877822197661,12.9957907311469));
#5446=CARTESIAN_POINT('',(9.49179586725414,-0.574822284053013,12.9688258660886));
#5447=CARTESIAN_POINT('',(9.39651529976734,-1.45948952209498,12.9418610010303));
#5448=CARTESIAN_POINT('',(9.21896335130458,-2.33137816991791,12.914896135972));
#5449=CARTESIAN_POINT('',(8.96069458156475,-3.18285438871823,12.8879312709137));
#5450=CARTESIAN_POINT('',(8.62397026801845,-4.00646306113019,12.8609664058553));
#5451=CARTESIAN_POINT('',(8.21173860724704,-4.79499306465768,12.834001540797));
#5452=CARTESIAN_POINT('',(7.72760890194752,-5.54154040880406,12.8070366757387));
#5453=CARTESIAN_POINT('',(7.17581995960923,-6.23956868310146,12.7800718106804));
#5454=CARTESIAN_POINT('',(6.56120297954865,-6.88296628678571,12.7531069456221));
#5455=CARTESIAN_POINT('',(5.88913925324541,-7.46609993904119,12.7261420805638));
#5456=CARTESIAN_POINT('',(5.16551304833521,-7.98386400130572,12.6991772155055));
#5457=CARTESIAN_POINT('',(4.39666008878477,-8.43172517979292,12.6722123504471));
#5458=CARTESIAN_POINT('',(3.58931208233165,-8.80576221683818,12.6452474853888));
#5459=CARTESIAN_POINT('',(2.75053778088017,-9.10270022355002,12.6182826203305));
#5460=CARTESIAN_POINT('',(1.88768108990019,-9.31993935316641,12.5913177552722));
#5461=CARTESIAN_POINT('',(1.00829676871328,-9.45557756406604,12.5643528902139));
#5462=CARTESIAN_POINT('',(0.120084284643722,-9.50842727313242,12.5373880251556));
#5463=CARTESIAN_POINT('',(-0.769179599824385,-9.47802575366204,12.5104231600973));
#5464=CARTESIAN_POINT('',(-1.65170891664935,-9.36463918677745,12.483458295039));
#5465=CARTESIAN_POINT('',(-2.51977666243357,-9.16926033087304,12.4564934299806));
#5466=CARTESIAN_POINT('',(-3.36578245235906,-8.89359982949866,12.4295285649223));
#5467=CARTESIAN_POINT('',(-4.18231906551142,-8.54007123378526,12.402563699864));
#5468=CARTESIAN_POINT('',(-4.96223729895335,-8.11176987054878,12.3755988348057));
#5469=CARTESIAN_POINT('',(-5.69870856271649,-7.61244574109323,12.3486339697474));
#5470=CARTESIAN_POINT('',(-6.38528466765987,-7.04647068799797,12.3216691046891));
#5471=CARTESIAN_POINT('',(-7.0159542827212,-6.41880011736094,12.2947042396308));
#5472=CARTESIAN_POINT('',(-7.58519556724834,-5.73492961163979,12.2677393745725));
#5473=CARTESIAN_POINT('',(-8.08802451758755,-5.00084681296773,12.2407745095141));
#5474=CARTESIAN_POINT('',(-8.52003860462888,-4.22297899823103,12.2138096444558));
#5475=CARTESIAN_POINT('',(-8.87745532023949,-3.40813680491533,12.1868447793975));
#5476=CARTESIAN_POINT('',(-9.1571452950905,-2.56345460043056,12.1598799143392));
#5477=CARTESIAN_POINT('',(-9.35665969791397,-1.69632801701184,12.1329150492809));
#5478=CARTESIAN_POINT('',(-9.47425167629477,-0.814349199110922,12.1059501842226));
#5479=CARTESIAN_POINT('',(-9.50889165127258,0.0747596697791331,12.0789853191643));
#5480=CARTESIAN_POINT('',(-9.46027633184137,0.963213978858682,12.052020454106));
#5481=CARTESIAN_POINT('',(-9.32883137042001,1.84323484833983,12.0250555890476));
#5482=CARTESIAN_POINT('',(-9.11570763604381,2.70711723758674,11.9980907239893));
#5483=CARTESIAN_POINT('',(-8.82277113790732,3.5472974067558,11.971125858931));
#5484=CARTESIAN_POINT('',(-8.45258668748276,4.35641914127372,11.9441609938727));
#5485=CARTESIAN_POINT('',(-8.00839544226104,5.12739815932402,11.9171961288144));
#5486=CARTESIAN_POINT('',(-7.49408652773134,5.85348413842067,11.8902312637561));
#5487=CARTESIAN_POINT('',(-6.91416298606374,6.52831981799399,11.8632663986978));
#5488=CARTESIAN_POINT('',(-6.27370234963181,7.14599666051497,11.8363015336394));
#5489=CARTESIAN_POINT('',(-5.57831218457462,7.70110658381594,11.8093366685811));
#5490=CARTESIAN_POINT('',(-4.83408099363719,8.188789311664,11.7823718035228));
#5491=CARTESIAN_POINT('',(-4.04752490816082,8.60477492800855,11.7554069384645));
#5492=CARTESIAN_POINT('',(-3.22553063596247,8.94542126231819,11.7284420734062));
#5493=CARTESIAN_POINT('',(-2.37529516462433,9.2077457786789,11.7014772083479));
#5494=CARTESIAN_POINT('',(-1.50426274812248,9.389451689448,11.6745123432896));
#5495=CARTESIAN_POINT('',(-0.620059728509731,9.48894806482506,11.6475474782312));
#5496=CARTESIAN_POINT('',(0.269572236677484,9.5053637622702,11.6205826131729));
#5497=CARTESIAN_POINT('',(1.15684395665925,9.43855505381029,11.5936177481146));
#5498=CARTESIAN_POINT('',(2.03398690583058,9.28910688445216,11.5666528830563));
#5499=CARTESIAN_POINT('',(2.8933212412455,9.05832775068469,11.539688017998));
#5500=CARTESIAN_POINT('',(3.72732304363829,8.74823824391116,11.5127231529397));
#5501=CARTESIAN_POINT('',(4.52869019325174,8.36155335912008,11.4857582878814));
#5502=CARTESIAN_POINT('',(5.29040630369535,7.90165872369134,11.458793422823));
#5503=CARTESIAN_POINT('',(6.00580215405916,7.3725809544667,11.4318285577647));
#5504=CARTESIAN_POINT('',(6.66861408141323,6.77895240262417,11.4048636927064));
#5505=CARTESIAN_POINT('',(7.27303882243587,6.12597059503288,11.3778988276481));
#5506=CARTESIAN_POINT('',(7.81378432400381,5.41935272720083,11.3509339625898));
#5507=CARTESIAN_POINT('',(8.28611607787105,4.66528560625324,11.3239690975315));
#5508=CARTESIAN_POINT('',(8.68589857375213,3.87037148221684,11.2970042324732));
#5509=CARTESIAN_POINT('',(9.0096315078667,3.04157024188533,11.2700393674148));
#5510=CARTESIAN_POINT('',(9.25448042992042,2.18613847138893,11.2430745023565));
#5511=CARTESIAN_POINT('',(9.41830156019229,1.31156592100679,11.2161096372982));
#5512=CARTESIAN_POINT('',(9.49966055944157,0.425509928505959,11.1891447722399));
#5513=CARTESIAN_POINT('',(9.49784508729426,-0.464271624835286,11.1621799071816));
#5514=CARTESIAN_POINT('',(9.41287103915369,-1.3499882385149,11.1352150421233));
#5515=CARTESIAN_POINT('',(9.24548240702804,-2.22388500269278,11.108250177065));
#5516=CARTESIAN_POINT('',(8.99714476549312,-3.07831049646175,11.0812853120066));
#5517=CARTESIAN_POINT('',(8.67003243982438,-3.90578378001903,11.0543204469483));
#5518=CARTESIAN_POINT('',(8.26700946864768,-4.69905989418697,11.02735558189));
#5519=CARTESIAN_POINT('',(7.79160452779081,-5.4511932938006,11.0003907168317));
#5520=CARTESIAN_POINT('',(7.24798003489045,-6.1555986595697,10.9734258517734));
#5521=CARTESIAN_POINT('',(6.64089570525982,-6.80610855597591,10.9464609867151));
#5522=CARTESIAN_POINT('',(5.9756668781044,-7.39702743037991,10.9194961216568));
#5523=CARTESIAN_POINT('',(5.25811797796127,-7.92318148054854,10.8925312565985));
#5524=CARTESIAN_POINT('',(4.49453151883154,-8.37996395398552,10.8655663915401));
#5525=CARTESIAN_POINT('',(3.69159309750117,-8.76337548244673,10.8386015264818));
#5526=CARTESIAN_POINT('',(2.85633285766215,-9.07005909849028,10.8116366614235));
#5527=CARTESIAN_POINT('',(1.99606393734638,-9.29732962747326,10.7846717963652));
#5528=CARTESIAN_POINT('',(1.11831843859669,-9.443197197653,10.7577069313069));
#5529=CARTESIAN_POINT('',(0.230781479994169,-9.50638466254961,10.7307420662486));
#5530=CARTESIAN_POINT('',(-0.658776090554067,-9.486338783028,10.7037772011903));
#5531=CARTESIAN_POINT('',(-1.54256573363188,-9.38323507119434,10.6768123361319));
#5532=CARTESIAN_POINT('',(-2.41284941102949,-9.19797625369632,10.6498474710736));
#5533=CARTESIAN_POINT('',(-3.26200733629457,-8.93218436788153,10.6228826060153));
#5534=CARTESIAN_POINT('',(-4.08260468992759,-8.5881865600165,10.595917740957));
#5535=CARTESIAN_POINT('',(-4.86745671509533,-8.16899470991016,10.5689528758987));
#5536=CARTESIAN_POINT('',(-5.60969162391553,-7.6782790603389,10.5419880108404));
#5537=CARTESIAN_POINT('',(-6.3028107635356,-7.12033608216119,10.5150231457821));
#5538=CARTESIAN_POINT('',(-6.94074551521996,-6.50005085647957,10.4880582807237));
#5539=CARTESIAN_POINT('',(-7.51791042826487,-5.82285430321359,10.4610934156654));
#5540=CARTESIAN_POINT('',(-8.02925212352583,-5.0946756305699,10.4341285506071));
#5541=CARTESIAN_POINT('',(-8.47029353838144,-4.32189042173912,10.4071636855488));
#5542=CARTESIAN_POINT('',(-8.83717312574643,-3.51126481334744,10.3801988204905));
#5543=CARTESIAN_POINT('',(-9.12667866392567,-2.66989625440967,10.3532339554322));
#5544=CARTESIAN_POINT('',(-9.33627538128666,-1.80515136446988,10.3262690903739));
#5545=CARTESIAN_POINT('',(-9.46412814950414,-0.92460143501409,10.2993042253155));
#5546=CARTESIAN_POINT('',(-9.50911755106351,-0.035956138873495,10.2723393602572));
#5547=CARTESIAN_POINT('',(-9.47084968034364,0.853003971972904,10.2453744951989));
#5548=CARTESIAN_POINT('',(-9.34965959246557,1.73449558917955,10.2184096301406));
#5549=CARTESIAN_POINT('',(-9.14660836971058,2.60080079494896,10.1914447650823));
#5550=CARTESIAN_POINT('',(-8.86347383119267,3.44433463641812,10.164479900024));
#5551=CARTESIAN_POINT('',(-8.50273496712712,4.25771153586767,10.1375150349657));
#5552=CARTESIAN_POINT('',(-8.06755023398119,5.03380995529796,10.1105501699073));
#5553=CARTESIAN_POINT('',(-7.56172990054427,5.76583474919994,10.083585304849));
#5554=CARTESIAN_POINT('',(-6.98970268704189,6.44737665959003,10.0566204397907));
#5555=CARTESIAN_POINT('',(-6.35647698938563,7.07246843239881,10.0296555747324));
#5556=CARTESIAN_POINT('',(-5.66759702806085,7.63563706388555,10.0026907096741));
#5557=CARTESIAN_POINT('',(-4.92909430559126,8.13195171963377,9.97572584461577));
#5558=CARTESIAN_POINT('',(-4.14743479759589,8.55706690657246,9.94876097955746));
#5559=CARTESIAN_POINT('',(-3.32946233980791,8.90726052002902,9.92179611449914));
#5560=CARTESIAN_POINT('',(-2.48233870673155,9.17946643269254,9.89483124944083));
#5561=CARTESIAN_POINT('',(-1.61348090657966,9.37130134015387,9.86786638438252));
#5562=CARTESIAN_POINT('',(-0.730496241507328,9.48108562797586,9.8409015193242));
#5563=CARTESIAN_POINT('',(0.158884298276986,9.50785807759181,9.81393665426589));
#5564=CARTESIAN_POINT('',(1.0468737233536,9.45138428227414,9.78697178920757));
#5565=CARTESIAN_POINT('',(1.92569722423596,9.31215869948728,9.76000692414926));
#5566=CARTESIAN_POINT('',(2.78766024387339,9.09140032165533,9.73304205909094));
#5567=CARTESIAN_POINT('',(3.62521584750194,8.79104200324896,9.70607719403263));
#5568=CARTESIAN_POINT('',(4.43103079998534,8.4137135376389,9.67911232897432));
#5569=CARTESIAN_POINT('',(5.19804977210453,7.9627186318864,9.65214746391601));
#5570=CARTESIAN_POINT('',(5.91955711363621,7.44200598106893,9.62518259885769));
#5571=CARTESIAN_POINT('',(6.58923565236512,6.85613469539997,9.59821773379938));
#5572=CARTESIAN_POINT('',(7.20122200421389,6.21023438284679,9.57125286874106));
#5573=CARTESIAN_POINT('',(7.75015791022177,5.50996023674343,9.54428800368275));
#5574=CARTESIAN_POINT('',(8.23123715088995,4.76144352163039,9.51732313862443));
#5575=CARTESIAN_POINT('',(8.64024762713422,3.97123789084313,9.49035827356612));
#5576=CARTESIAN_POINT('',(8.97360823940434,3.14626200586686,9.46339340850781));
#5577=CARTESIAN_POINT('',(9.22840024207389,2.29373895985514,9.43642854344949));
#5578=CARTESIAN_POINT('',(9.40239279857715,1.42113303569066,9.40946367839118));
#5579=CARTESIAN_POINT('',(9.49406251354397,0.536084352304614,9.38249881333286));
#5580=CARTESIAN_POINT('',(9.50260677091902,-0.353658028540193,9.35553394827455));
#5581=CARTESIAN_POINT('',(9.42795076128289,-1.2403039493173,9.32856908321623));
#5582=CARTESIAN_POINT('',(9.27074813684764,-2.11609036361941,9.30160421815792));
#5583=CARTESIAN_POINT('',(9.03237528839138,-2.9733493056692,9.27463935309961));
#5584=CARTESIAN_POINT('',(8.71491929424095,-3.8045750273498,9.24767448804129));
#5585=CARTESIAN_POINT('',(8.32115964681501,-4.60248971493519,9.22070962298298));
#5586=CARTESIAN_POINT('',(7.85454391672173,-5.36010721013642,9.19374475792467));
#5587=CARTESIAN_POINT('',(7.31915756748402,-6.07079417755273,9.16677989286635));
#5588=CARTESIAN_POINT('',(6.71968818518059,-6.72832818297467,9.13981502780804));
#5589=CARTESIAN_POINT('',(6.06138443619056,-7.32695217403346,9.11285016274972));
#5590=CARTESIAN_POINT('',(5.3500101123882,-7.86142488619022,9.08588529769141));
#5591=CARTESIAN_POINT('',(4.59179366614578,-8.3270667327343,9.0589204326331));
#5592=CARTESIAN_POINT('',(3.7933736769921,-8.71980077700003,9.03195556757478));
#5593=CARTESIAN_POINT('',(2.96174072739427,-9.0361884280686,9.00499070251647));
#5594=CARTESIAN_POINT('',(2.10417619657063,-9.27345954742093,8.97802583745815));
#5595=CARTESIAN_POINT('',(1.22818850822678,-9.4295367029418,8.95106097239984));
#5596=CARTESIAN_POINT('',(0.34144739039902,-9.50305335791905,8.92409610734152));
#5597=CARTESIAN_POINT('',(-0.548283277005645,-9.49336583578357,8.89713124228321));
#5598=CARTESIAN_POINT('',(-1.43321343901802,-9.40055895583263,8.8701663772249));
#5599=CARTESIAN_POINT('',(-2.30559507159159,-9.22544529059272,8.84320151216658));
#5600=CARTESIAN_POINT('',(-3.15779001958476,-8.96955805132436,8.81623664710827));
#5601=CARTESIAN_POINT('',(-3.98233687278371,-8.63513766395962,8.78927178204995));
#5602=CARTESIAN_POINT('',(-4.77201629443136,-8.2251121530073,8.76230691699164));
#5603=CARTESIAN_POINT('',(-5.51991423027731,-7.74307150517473,8.73534205193333));
#5604=CARTESIAN_POINT('',(-6.21948244472058,-7.19323623716609,8.70837718687501));
#5605=CARTESIAN_POINT('',(-6.86459585401969,-6.58042044286248,8.6814123218167));
#5606=CARTESIAN_POINT('',(-7.44960615458805,-5.90998964342499,8.65444745675839));
#5607=CARTESIAN_POINT('',(-7.96939127683097,-5.18781380936491,8.62748259170007));
#5608=CARTESIAN_POINT('',(-8.41940023153028,-4.42021596589744,8.60051772664175));
#5609=CARTESIAN_POINT('',(-8.79569295612305,-3.61391683156575,8.57355286158344));
#5610=CARTESIAN_POINT('',(-9.09497481199954,-2.77597597485294,8.54658799652513));
#5611=CARTESIAN_POINT('',(-9.31462543077867,-1.91373000398649,8.51962313146681));
#5612=CARTESIAN_POINT('',(-9.45272165699665,-1.0347283311156,8.4926582664085));
#5613=CARTESIAN_POINT('',(-9.50805438633385,-0.146667073279423,8.46569340135018));
#5614=CARTESIAN_POINT('',(-9.48013915195225,0.742678331102303,8.43872853629187));
#5615=CARTESIAN_POINT('',(-9.36922036625469,1.62552120023863,8.41176367123356));
#5616=CARTESIAN_POINT('',(-9.17626918092713,2.49413178541829,8.38479880617524));
#5617=CARTESIAN_POINT('',(-8.90297498400028,3.34090494898194,8.35783394111693));
#5618=CARTESIAN_POINT('',(-8.55173060837833,4.15842675125967,8.33086907605861));
#5619=CARTESIAN_POINT('',(-8.12561138134171,4.93953936347073,8.3039042110003));
#5620=CARTESIAN_POINT('',(-7.62834819845653,5.67740373823914,8.27693934594198));
#5621=CARTESIAN_POINT('',(-7.06429485764248,6.36555948901217,8.24997448088367));
#5622=CARTESIAN_POINT('',(-6.43838993940653,6.99798145410629,8.22300961582536));
#5623=CARTESIAN_POINT('',(-5.75611356700076,7.56913245013301,8.19604475076705));
#5624=CARTESIAN_POINT('',(-5.02343942509173,8.07401175292065,8.16907988570873));
#5625=CARTESIAN_POINT('',(-4.24678245704271,8.5081988814567,8.14211502065042));
#5626=CARTESIAN_POINT('',(-3.43294269874654,8.86789230149925,8.1151501555921));
#5627=CARTESIAN_POINT('',(-2.58904574077293,9.14994270998744,8.08818529053379));
#5628=CARTESIAN_POINT('',(-1.72248034011518,9.35188060882855,8.06122042547547));
#5629=CARTESIAN_POINT('',(-0.840833727777966,9.47193792663877,8.03425556041716));
#5630=CARTESIAN_POINT('',(0.048174821378232,9.50906349912819,8.00729069535885));
#5631=CARTESIAN_POINT('',(0.93676157490524,9.46293227259119,7.98032583030053));
#5632=CARTESIAN_POINT('',(1.81714649339511,9.33394814992073,7.95336096524222));
#5633=CARTESIAN_POINT('',(2.6816213487735,9.12324045422837,7.9263961001839));
#5634=CARTESIAN_POINT('',(3.5226172138475,8.83265404103274,7.89943123512559));
#5635=CARTESIAN_POINT('',(4.33277073220175,8.46473314558957,7.87246637006727));
#5636=CARTESIAN_POINT('',(5.10498858821538,8.02269910678803,7.84550150500896));
#5637=CARTESIAN_POINT('',(5.83250961273133,7.5104221626526,7.81853663995065));
#5638=CARTESIAN_POINT('',(6.50896398061056,6.9323875643952,7.79157177489233));
#5639=CARTESIAN_POINT('',(7.12842898186565,6.29365630570693,7.76460690983402));
#5640=CARTESIAN_POINT('',(7.68548087806874,5.59982081112481,7.73764204477571));
#5641=CARTESIAN_POINT('',(8.17524239000366,4.85695597144488,7.71067717971739));
#5642=CARTESIAN_POINT('',(8.59342540078342,4.07156595489218,7.68371231465908));
#5643=CARTESIAN_POINT('',(8.93636850054491,3.25052725974349,7.65674744960076));
#5644=CARTESIAN_POINT('',(9.20106904399745,2.40102850700668,7.62978258454245));
#5645=CARTESIAN_POINT('',(9.38520944014478,1.53050750030311,7.60281771948414));
#5646=CARTESIAN_POINT('',(9.48717744400021,0.646586104026718,7.57585285442582));
#5647=CARTESIAN_POINT('',(9.50608027263039,-0.242996490044937,7.54888798936751));
#5648=CARTESIAN_POINT('',(9.44175242193447,-1.13045152340174,7.52192312430919));
#5649=CARTESIAN_POINT('',(9.29475711571865,-2.00800886543472,7.49495825925088));
#5650=CARTESIAN_POINT('',(9.06638137437861,-2.86798504497277,7.46799339419256));
#5651=CARTESIAN_POINT('',(8.75862474636632,-3.70285052307088,7.44102852913425));
#5652=CARTESIAN_POINT('',(8.37418180110283,-4.50529561804162,7.41406366407594));
#5653=CARTESIAN_POINT('',(7.91641853662083,-5.26829450552197,7.38709879901762));
#5654=CARTESIAN_POINT('',(7.38934290850039,-5.98516673322153,7.36013393395931));
#5655=CARTESIAN_POINT('',(6.79756973813233,-6.64963571175853,7.33316906890099));
#5656=CARTESIAN_POINT('',(6.1462803075555,-7.25588366946593,7.30620420384268));
#5657=CARTESIAN_POINT('',(5.44117699463651,-7.79860259000965,7.27923933878437));
#5658=CARTESIAN_POINT('',(4.68843334578421,-8.27304068683368,7.25227447372605));
#5659=CARTESIAN_POINT('',(3.89464002333845,-8.67504400752394,7.22530960866774));
#5660=CARTESIAN_POINT('',(3.0667471008918,-9.00109280382324,7.19834474360943));
#5661=CARTESIAN_POINT('',(2.21200321177875,-9.24833234885875,7.17137987855111));
#5662=CARTESIAN_POINT('',(1.33789208351899,-9.4145979317613,7.14441501349279));
#5663=CARTESIAN_POINT('',(0.452067013888786,-9.49843381083537,7.11745014843448));
#5664=CARTESIAN_POINT('',(-0.437716137683477,-9.49910595933524,7.09048528337617));
#5665=CARTESIAN_POINT('',(-1.32366685670241,-9.41660849225104,7.06352041831785));
#5666=CARTESIAN_POINT('',(-2.19802818361386,-9.25166371783508,7.03655555325954));
#5667=CARTESIAN_POINT('',(-3.05314463002216,-9.00571581341726,7.00959068820123));
#5668=CARTESIAN_POINT('',(-3.88152920647464,-8.68091818088105,6.98262582314291));
#5669=CARTESIAN_POINT('',(-4.67592897495015,-8.28011459250948,6.9556609580846));
#5670=CARTESIAN_POINT('',(-5.42938855210557,-7.80681429227901,6.92869609302628));
#5671=CARTESIAN_POINT('',(-6.13531100727621,-7.26516127060247,6.90173122796797));
#5672=CARTESIAN_POINT('',(-6.78751562203658,-6.65989798153667,6.87476636290965));
#5673=CARTESIAN_POINT('',(-7.38029200560631,-5.99632382012932,6.84780149785134));
#5674=CARTESIAN_POINT('',(-7.90845009229294,-5.28024872345789,6.82083663279302));
#5675=CARTESIAN_POINT('',(-8.36736558321764,-4.51794230160719,6.79387176773471));
#5676=CARTESIAN_POINT('',(-8.75302043445828,-3.71607894397072,6.7669069026764));
#5677=CARTESIAN_POINT('',(-9.0620380371147,-2.88167938149843,6.73994203761809));
#5678=CARTESIAN_POINT('',(-9.29171278127669,-2.02204921654399,6.71297717255977));
#5679=CARTESIAN_POINT('',(-9.44003374504666,-1.14471495851468,6.68601230750146));
#5680=CARTESIAN_POINT('',(-9.50570230120718,-0.257358125365095,6.65904744244314));
#5681=CARTESIAN_POINT('',(-9.48814348737809,0.63225201208973,6.63208257738483));
#5682=CARTESIAN_POINT('',(-9.3875110401113,1.51632645418303,6.60511771232652));
#5683=CARTESIAN_POINT('',(-9.20468604884725,2.38712466914145,6.5781528472682));
#5684=CARTESIAN_POINT('',(-8.9412692415184,3.23702236546857,6.55118798220989));
#5685=CARTESIAN_POINT('',(-8.59956696934326,4.05857824658429,6.52422311715157));
#5686=CARTESIAN_POINT('',(-8.1825710135213,4.84459916324847,6.49725825209326));
#5687=CARTESIAN_POINT('',(-7.6939323906318,5.58820309332559,6.47029338703494));
#5688=CARTESIAN_POINT('',(-7.13792938608385,6.28287939746956,6.44332852197663));
#5689=CARTESIAN_POINT('',(-6.51943009550138,6.92254582315912,6.41636365691831));
#5690=CARTESIAN_POINT('',(-5.84384980201281,7.50160175798353,6.38939879186));
#5691=CARTESIAN_POINT('',(-5.11710356262943,8.0149772659186,6.36243392680169));
#5692=CARTESIAN_POINT('',(-4.34555441884329,8.45817747725468,6.33546906174337));
#5693=CARTESIAN_POINT('',(-3.53595768488792,8.82732194351995,6.30850419668506));
#5694=CARTESIAN_POINT('',(-2.69540180144704,9.11917861282599,6.28153933162674));
#5695=CARTESIAN_POINT('',(-1.8312462726679,9.33119212816383,6.25457446656843));
#5696=CARTESIAN_POINT('',(-0.951057229872851,9.46150620088437,6.22760960151011));
#5697=CARTESIAN_POINT('',(-0.0625411861426,9.5089798634713,6.2006447364518));
#5698=CARTESIAN_POINT('',(0.826522438215967,9.47319745930551,6.17367987139349));
#5699=CARTESIAN_POINT('',(1.70834942854263,9.35447228195503,6.14671500633518));
#5700=CARTESIAN_POINT('',(2.57521893067372,9.15384383212684,6.11975014127686));
#5701=CARTESIAN_POINT('',(3.41954105103796,8.87306871629726,6.09278527621855));
#5702=CARTESIAN_POINT('',(4.23392331012406,8.5146052667082,6.06582041116023));
#5703=CARTESIAN_POINT('',(5.01123536748561,8.08159201738916,6.03885554610192));
#5704=CARTESIAN_POINT('',(5.74467145158196,7.57782022465867,6.0118906810436));
#5705=CARTESIAN_POINT('',(6.4278099478495,7.00770067270241,5.98492581598529));
#5706=CARTESIAN_POINT('',(7.05466962327866,6.37622505486249,5.95796095092698));
#5707=CARTESIAN_POINT('',(7.61976199522132,5.68892226876476,5.93099608586866));
#5708=CARTESIAN_POINT('',(8.11813938591231,4.95181000794317,5.90403122081035));
#5709=CARTESIAN_POINT('',(8.54543824196281,4.17134207380147,5.87706635575203));
#5710=CARTESIAN_POINT('',(8.89791733954088,3.3543518692237,5.85010149069372));
#5711=CARTESIAN_POINT('',(9.17249054073285,2.50799256857612,5.82313662563541));
#5712=CARTESIAN_POINT('',(9.36675381428669,1.63967448794344,5.79617176057709));
#5713=CARTESIAN_POINT('',(9.47900628415649,0.757000203955505,5.76920689551878));
#5714=CARTESIAN_POINT('',(9.50826512155737,-0.132302010727121,5.74224203046046));
#5715=CARTESIAN_POINT('',(9.45427415014291,-1.02044585246178,5.71527716540215));
#5716=CARTESIAN_POINT('',(9.31750608896231,-1.89965515976373,5.68831230034383));
#5717=CARTESIAN_POINT('',(9.09915841355922,-2.76223199764633,5.66134743528552));
#5718=CARTESIAN_POINT('',(8.80114287145015,-3.60062405704748,5.63438257022721));
#5719=CARTESIAN_POINT('',(8.42606874378022,-4.40749077922539,5.60741770516889));
#5720=CARTESIAN_POINT('',(7.977219999709,-5.17576762617001,5.58045284011058));
#5721=CARTESIAN_POINT('',(7.45852654355166,-5.89872793430942,5.55348797505227));
#5722=CARTESIAN_POINT('',(6.87452980642172,-6.57004180994962,5.52652310999395));
#5723=CARTESIAN_POINT('',(6.23034298363858,-7.18383155078766,5.49955824493564));
#5724=CARTESIAN_POINT('',(5.53160626604171,-7.73472310825377,5.47259337987732));
#5725=CARTESIAN_POINT('',(4.78443745718504,-8.21789314010298,5.44562851481901));
#5726=CARTESIAN_POINT('',(3.99537840878333,-8.62911124128637,5.41866364976069));
#5727=CARTESIAN_POINT('',(3.17133774339641,-8.96477698334856,5.39169878470238));
#5728=CARTESIAN_POINT('',(2.31953036584367,-9.22195143805236,5.36473391964407));
#5729=CARTESIAN_POINT('',(1.44741429295806,-9.39838290922473,5.33776905458575));
#5730=CARTESIAN_POINT('',(0.5626253547679,-9.49252664752852,5.31080418952744));
#5731=CARTESIAN_POINT('',(-0.327089661168332,-9.50355837554669,5.28383932446912));
#5732=CARTESIAN_POINT('',(-1.2139408369182,-9.43138150476001,5.25687445941081));
#5733=CARTESIAN_POINT('',(-2.0901633289603,-9.27662798122984,5.2299095943525));
#5734=CARTESIAN_POINT('',(-2.9480853534298,-9.0406527525815,5.20294472929418));
#5735=CARTESIAN_POINT('',(-3.78019535657819,-8.72552190473278,5.17597986423587));
#5736=CARTESIAN_POINT('',(-4.57920778233507,-8.33399457223658,5.14901499917755));
#5737=CARTESIAN_POINT('',(-5.33812686114258,-7.86949878062224,5.12205013411924));
#5738=CARTESIAN_POINT('',(-6.0503078615582,-7.33610143224818,5.09508526906092));
#5739=CARTESIAN_POINT('',(-6.70951526833615,-6.73847269845556,5.06812040400261));
#5740=CARTESIAN_POINT('',(-7.30997737760801,-6.081845129788,5.0411555389443));
#5741=CARTESIAN_POINT('',(-7.84643683115346,-5.37196784228883,5.01419067388598));
#5742=CARTESIAN_POINT('',(-8.31419664730721,-4.61505618099849,4.98722580882767));
#5743=CARTESIAN_POINT('',(-8.70916134547752,-3.8177373013746,4.96026094376936));
#5744=CARTESIAN_POINT('',(-9.02787280420995,-2.98699214509734,4.93329607871104));
#5745=CARTESIAN_POINT('',(-9.26754053884009,-2.13009431829257,4.90633121365273));
#5746=CARTESIAN_POINT('',(-9.42606613363889,-1.25454640732529,4.87936634859441));
#5747=CARTESIAN_POINT('',(-9.50206161453424,-0.368014289752017,4.8524014835361));
#5748=CARTESIAN_POINT('',(-9.49486160154627,0.521739984426224,4.82543661847778));
#5749=CARTESIAN_POINT('',(-9.40452913453523,1.40692615355065,4.79847175341947));
#5750=CARTESIAN_POINT('',(-9.2318551212548,2.27979395209926,4.77150688836116));
#5751=CARTESIAN_POINT('',(-8.97835141254307,3.13270096829439,4.74454202330284));
#5752=CARTESIAN_POINT('',(-8.64623756528183,3.95817955739456,4.71757715824453));
#5753=CARTESIAN_POINT('',(-8.23842140902103,4.74900222481005,4.69061229318621));
#5754=CARTESIAN_POINT('',(-7.75847358641804,5.49824490657887,4.6636474281279));
#5755=CARTESIAN_POINT('',(-7.21059629040314,6.19934759314972,4.63668256306959));
#5756=CARTESIAN_POINT('',(-6.59958647179379,6.84617176567921,4.60971769801127));
#5757=CARTESIAN_POINT('',(-5.93079383949412,7.43305414195843,4.58275283295296));
#5758=CARTESIAN_POINT('',(-5.21007402100969,7.95485626139572,4.55578796789465));
#5759=CARTESIAN_POINT('',(-4.44373729338171,8.40700947491291,4.52882310283633));
#5760=CARTESIAN_POINT('',(-3.63849333342794,8.78555494584533,4.50185823777802));
#5761=CARTESIAN_POINT('',(-2.80139247103073,9.08717831161682,4.4748933727197));
#5762=CARTESIAN_POINT('',(-1.93976395983024,9.30923870270875,4.44792850766139));
#5763=CARTESIAN_POINT('',(-1.06115180579499,9.44979186484681,4.42096364260307));
#5764=CARTESIAN_POINT('',(-0.173248715524036,9.50760718195888,4.39399877754476));
#5765=CARTESIAN_POINT('',(0.716171257402215,9.48217845085916,4.36703391248644));
#5766=CARTESIAN_POINT('',(1.5993207783064,9.37372831332039,4.34006904742813));
#5767=CARTESIAN_POINT('',(2.46846741358148,9.18320630672932,4.31310418236982));
#5768=CARTESIAN_POINT('',(3.31600133217056,8.91228055039281,4.2861393173115));
#5769=CARTESIAN_POINT('',(4.13450193359764,8.56332314028522,4.25917445225319));
#5770=CARTESIAN_POINT('',(4.91680281918608,8.13938938011388,4.23220958719488));
#5771=CARTESIAN_POINT('',(5.65605453760817,7.64419103054527,4.20524472213656));
#5772=CARTESIAN_POINT('',(6.34578455539556,7.08206381080896,4.17827985707825));
#5773=CARTESIAN_POINT('',(6.97995392733787,6.4579294372196,4.15131499201993));
#5774=CARTESIAN_POINT('',(7.55301017059033,5.7772525309896,4.12435012696162));
#5775=CARTESIAN_POINT('',(8.05993587955044,5.04599277262684,4.09738526190331));
#5776=CARTESIAN_POINT('',(8.49629265585476,4.27055272183066,4.07042039684499));
#5777=CARTESIAN_POINT('',(8.85825996886619,3.45772175975013,4.04345553178668));
#5778=CARTESIAN_POINT('',(9.14266860640771,2.61461664441916,4.01649066672836));
#5779=CARTESIAN_POINT('',(9.3470284228641,1.74861919983668,3.98952580167005));
#5780=CARTESIAN_POINT('',(9.46955014170258,0.867311684256367,3.96256093661173));
#5781=CARTESIAN_POINT('',(9.50916102151987,-0.021589596429838,3.93559607155342));
#5782=CARTESIAN_POINT('',(9.46551424845146,-0.910301848965039,3.90863120649511));
#5783=CARTESIAN_POINT('',(9.33899197270739,-1.79104393513216,3.88166634143679));
#5784=CARTESIAN_POINT('',(9.13070196264833,-2.65610449966801,3.85470147637848));
#5785=CARTESIAN_POINT('',(8.84246790569717,-3.49790948719121,3.82773661132017));
#5786=CARTESIAN_POINT('',(8.47681344100662,-4.30908845699834,3.80077174626185));
#5787=CARTESIAN_POINT('',(8.03694006368529,-5.08253911510744,3.77380688120354));
#5788=CARTESIAN_POINT('',(7.52669909404207,-5.81148949853763,3.74684201614522));
#5789=CARTESIAN_POINT('',(6.95055795727277,-6.48955726736878,3.71987715108691));
#5790=CARTESIAN_POINT('',(6.31356106882791,-7.11080558544863,3.6929122860286));
#5791=CARTESIAN_POINT('',(5.62128566793052,-7.66979510048253,3.66594742097028));
#5792=CARTESIAN_POINT('',(4.87979298594463,-8.1616315683932,3.63898255591197));
#5793=CARTESIAN_POINT('',(4.09557517714067,-8.58200870497438,3.61201769085365));
#5794=CARTESIAN_POINT('',(3.27549847650661,-8.92724588964983,3.58505282579534));
#5795=CARTESIAN_POINT('',(2.42674308228775,-9.19432039122171,3.55808796073702));
#5796=CARTESIAN_POINT('',(1.55674028961485,-9.38089383345514,3.53112309567871));
#5797=CARTESIAN_POINT('',(0.673107425648318,-9.48533266877888,3.50415823062039));
#5798=CARTESIAN_POINT('',(-0.216418844084779,-9.50672248084437,3.47719336556208));
#5799=CARTESIAN_POINT('',(-1.10405025422322,-9.44487599071668,3.45022850050377));
#5800=CARTESIAN_POINT('',(-1.98201512988754,-9.30033469659903,3.42326363544546));
#5801=CARTESIAN_POINT('',(-2.84262643173763,-9.07436413273423,3.39629877038714));
#5802=CARTESIAN_POINT('',(-3.67834906000214,-8.76894278899391,3.36933390532883));
#5803=CARTESIAN_POINT('',(-4.48186582819791,-8.38674478817012,3.34236904027051));
#5804=CARTESIAN_POINT('',(-5.24614152890519,-7.93111647263884,3.3154041752122));
#5805=CARTESIAN_POINT('',(-5.96448453066937,-7.40604710539114,3.28843931015388));
#5806=CARTESIAN_POINT('',(-6.63060536671643,-6.81613394195992,3.26147444509557));
#5807=CARTESIAN_POINT('',(-7.23867180250727,-6.16654197905543,3.23450958003726));
#5808=CARTESIAN_POINT('',(-7.78335989998596,-5.46295873233154,3.20754471497894));
#5809=CARTESIAN_POINT('',(-8.25990063142771,-4.71154443922658,3.18057984992063));
#5810=CARTESIAN_POINT('',(-8.66412163475828,-3.91887812287908,3.15361498486231));
#5811=CARTESIAN_POINT('',(-8.99248374475496,-3.0918999893568,3.126650119804));
#5812=CARTESIAN_POINT('',(-9.24211198027977,-2.23785066254116,3.09968525474568));
#5813=CARTESIAN_POINT('',(-9.41082071623532,-1.36420778869753,3.07272038968737));
#5814=CARTESIAN_POINT('',(-9.49713281984982,-0.478620565791105,3.04575552462905));
#5815=CARTESIAN_POINT('',(-9.50029258374318,0.411157229221568,3.01879065957075));
#5816=CARTESIAN_POINT('',(-9.42027234253831,1.29733512874456,2.99182579451243));
#5817=CARTESIAN_POINT('',(-9.25777271508591,2.1721541841402,2.96486092945411));
#5818=CARTESIAN_POINT('',(-9.01421647018186,3.02795489936175,2.9378960643958));
#5819=CARTESIAN_POINT('',(-8.6917360694861,3.85724429382702,2.91093119933749));
#5820=CARTESIAN_POINT('',(-8.29315499671109,4.65276150736234,2.88396633427917));
#5821=CARTESIAN_POINT('',(-7.82196303655275,5.40754137281161,2.85700146922086));
#5822=CARTESIAN_POINT('',(-7.2822857198095,6.11497539969912,2.83003660416254));
#5823=CARTESIAN_POINT('',(-6.67884820221338,6.76886963500243,2.80307173910423));
#5824=CARTESIAN_POINT('',(-6.01693389323284,7.36349889443414,2.77610687404592));
#5825=CARTESIAN_POINT('',(-5.30233819707363,7.89365688940941,2.7491420089876));
#5826=CARTESIAN_POINT('',(-4.54131777089928,8.35470181081176,2.72217714392929));
#5827=CARTESIAN_POINT('',(-3.74053574454196,8.7425969704471,2.69521227887097));
#5828=CARTESIAN_POINT('',(-2.90700338133358,9.05394614434954,2.66824741381266));
#5829=CARTESIAN_POINT('',(-2.04801869084702,9.28602330848938,2.64128254875434));
#5830=CARTESIAN_POINT('',(-1.17110253102473,9.43679650653199,2.61431768369603));
#5831=CARTESIAN_POINT('',(-0.283932759153905,9.50494564067286,2.58735281863772));
#5832=CARTESIAN_POINT('',(0.605722991769223,9.48987402978085,2.5603879535794));
#5833=CARTESIAN_POINT('',(1.49007532270825,9.39171363365189,2.53342308852109));
#5834=CARTESIAN_POINT('',(2.36138126882837,9.21132389763238,2.50645822346278));
#5835=CARTESIAN_POINT('',(3.21201209318265,8.95028422772792,2.47949335840446));
#5836=CARTESIAN_POINT('',(4.03452008027362,8.61088016208191,2.45252849334615));
#5837=CARTESIAN_POINT('',(4.8217037446779,8.19608335989977,2.42556362828783));
#5838=CARTESIAN_POINT('',(5.56667088379844,7.70952558302633,2.39859876322952));
#5839=CARTESIAN_POINT('',(6.26289892268466,7.15546689798102,2.3716338981712));
#5840=CARTESIAN_POINT('',(6.90429202257014,6.53875837685879,2.34466903311289));
#5841=CARTESIAN_POINT('',(7.48523445311311,5.86479962366962,2.31770416805458));
#5842=CARTESIAN_POINT('',(8.00063976103768,5.13949149799567,2.29073930299626));
#5843=CARTESIAN_POINT('',(8.44599530467909,4.36918444989515,2.26377443793795));
#5844=CARTESIAN_POINT('',(8.81740176450965,3.56062291840753,2.23680957287963));
#5845=CARTESIAN_POINT('',(9.11160728371022,2.72088628048026,2.20984470782132));
#5846=CARTESIAN_POINT('',(9.3260359398688,1.8573268673398,2.18287984276301));
#5847=CARTESIAN_POINT('',(9.45881029852164,0.977505591005901,2.15591497770469));
#5848=CARTESIAN_POINT('',(9.50876785106888,0.0891257445725385,2.12895011264638));
#5849=CARTESIAN_POINT('',(9.47547119314231,-0.80003444413161,2.10198524758807));
#5850=CARTESIAN_POINT('',(9.35921185430816,-1.68218991497523,2.07502038252975));
#5851=CARTESIAN_POINT('',(9.16100774557409,-2.5496169377768,2.04805551747144));
#5852=CARTESIAN_POINT('',(8.88259424704862,-3.39472073758147,2.02109065241312));
#5853=CARTESIAN_POINT('',(8.52640901378527,-4.21010199086769,1.99412578735481));
#5854=CARTESIAN_POINT('',(8.09557063284415,-4.988621610475,1.96716092229649));
#5855=CARTESIAN_POINT('',(7.59385131843942,-5.72346325202693,1.94019605723818));
#5856=CARTESIAN_POINT('',(7.02564388424101,-6.40819299457294,1.91323119217986));
#5857=CARTESIAN_POINT('',(6.39592328200506,-7.0368156729143,1.88626632712155));
#5858=CARTESIAN_POINT('',(5.71020304328261,-7.603827368395,1.85930146206324));
#5859=CARTESIAN_POINT('',(4.97448700558182,-8.10426359857356,1.83233659700492));
#5860=CARTESIAN_POINT('',(4.1952167456465,-8.53374278385012,1.80537173194661));
#5861=CARTESIAN_POINT('',(3.3792151800998,-8.88850461047582,1.7784068668883));
#5862=CARTESIAN_POINT('',(2.5336268272588,-9.16544295405635,1.75144200182998));
#5863=CARTESIAN_POINT('',(1.66585525315902,-9.36213307528735,1.72447713677167));
#5864=CARTESIAN_POINT('',(0.783498249481228,-9.47685284980867,1.69751227171335));
#5865=CARTESIAN_POINT('',(-0.105718689068238,-9.50859784629934,1.67054740665504));
#5866=CARTESIAN_POINT('',(-0.99401000548363,-9.45709012079642,1.64358254159673));
#5867=CARTESIAN_POINT('',(-1.87359824706264,-9.32278065023899,1.61661767653841));
#5868=CARTESIAN_POINT('',(-2.73678216105185,-9.10684538393044,1.5896528114801));
#5869=CARTESIAN_POINT('',(-3.57600412312196,-8.81117494749035,1.56268794642178));
#5870=CARTESIAN_POINT('',(-4.38391630830145,-8.43835808944343,1.53572308136347));
#5871=CARTESIAN_POINT('',(-5.15344502500769,-7.99165901537912,1.50875821630515));
#5872=CARTESIAN_POINT('',(-5.87785264889758,-7.47498880813305,1.48179335124684));
#5873=CARTESIAN_POINT('',(-6.55079661427463,-6.89287118422181,1.45482848618853));
#5874=CARTESIAN_POINT('',(-7.16638494655193,-6.25040288635051,1.42786362113021));
#5875=CARTESIAN_POINT('',(-7.71922784955602,-5.55320905877961,1.4008987560719));
#5876=CARTESIAN_POINT('',(-8.20448489599538,-4.80739399625497,1.37393389101359));
#5877=CARTESIAN_POINT('',(-8.61790740792601,-4.01948769774908,1.34696902595527));
#5878=CARTESIAN_POINT('',(-8.95587565611576,-3.19638869285449,1.32000416089696));
#5879=CARTESIAN_POINT('',(-9.2154305527389,-2.34530364182005,1.29303929583864));
#5880=CARTESIAN_POINT('',(-9.39429955942541,-1.47368423654802,1.26607443078033));
#5881=CARTESIAN_POINT('',(-9.49091658565287,-0.589161960670881,1.23910956572201));
#5882=CARTESIAN_POINT('',(-9.5044356964445,0.300518741184266,1.2121447006637));
#5883=CARTESIAN_POINT('',(-9.43473853479199,1.18756822105394,1.18517983560539));
#5884=CARTESIAN_POINT('',(-9.2824352988848,2.06422001286807,1.15821497054718));
#5885=CARTESIAN_POINT('',(-9.12671817954778,2.6366054373874,1.14023839384175));
#5886=CARTESIAN_POINT('',(-9.03565497353791,2.91853325471175,1.13125010548908));
#5887=FACE_OUTER_BOUND('',#5888,.T.);
#5888=EDGE_LOOP('',(#7384));
#5889=FACE_OUTER_BOUND('',#5890,.T.);
#5890=EDGE_LOOP('',(#7385));
#5891=TOROIDAL_SURFACE('',#5892,9.,5.);
#5892=AXIS2_PLACEMENT_3D('',#5893,#5894,#5895);
#5893=CARTESIAN_POINT('',(0.,0.,-10.));
#5894=DIRECTION('',(0.,0.,-1.));
#5895=DIRECTION('',(-3.36777869765522E-16,1.,0.));
#5896=FACE_BOUND('',#5897,.T.);
#5897=EDGE_LOOP('',(#7386,#7387,#7388));
#5898=PLANE('',#5899);
#5899=AXIS2_PLACEMENT_3D('',#5900,#5901,#5902);
#5900=CARTESIAN_POINT('',(-9.96792033490717,3.21965668929844,1.69687484176637));
#5901=DIRECTION('',(0.475795720043301,-0.153682896863887,0.866025403784439));
#5902=DIRECTION('',(0.824102361138816,-0.26618658562262,-0.5));
#5903=FACE_BOUND('',#5904,.T.);
#5904=EDGE_LOOP('',(#7389,#7390,#7391));
#5905=PLANE('',#5906);
#5906=AXIS2_PLACEMENT_3D('',#5907,#5908,#5909);
#5907=CARTESIAN_POINT('',(-9.03565497353791,2.91853325471175,0.678749894510915));
#5908=DIRECTION('',(0.475795720043302,-0.153682896863887,-0.866025403784439));
#5909=DIRECTION('',(-0.824102361138816,0.26618658562262,-0.5));
#5910=FACE_BOUND('',#5911,.T.);
#5911=EDGE_LOOP('',(#7392,#7393,#7394,#7395));
#5912=PLANE('',#5913);
#5913=AXIS2_PLACEMENT_3D('',#5914,#5915,#5916);
#5914=CARTESIAN_POINT('',(0.,0.,0.));
#5915=DIRECTION('',(0.,0.,-1.));
#5916=DIRECTION('',(1.,1.22464679914735E-16,0.));
#5917=FACE_BOUND('',#5918,.T.);
#5918=EDGE_LOOP('',(#7396,#7397,#7398));
#5919=PLANE('',#5920);
#5920=AXIS2_PLACEMENT_3D('',#5921,#5922,#5923);
#5921=CARTESIAN_POINT('',(0.,0.,0.));
#5922=DIRECTION('',(0.,0.,-1.));
#5923=DIRECTION('',(1.,1.22464679914735E-16,0.));
#5924=FACE_BOUND('',#5925,.T.);
#5925=EDGE_LOOP('',(#7399,#7400,#7401));
#5926=PLANE('',#5927);
#5927=AXIS2_PLACEMENT_3D('',#5928,#5929,#5930);
#5928=CARTESIAN_POINT('',(0.,0.,0.));
#5929=DIRECTION('',(0.,0.,-1.));
#5930=DIRECTION('',(1.,1.22464679914735E-16,0.));
#5931=FACE_BOUND('',#5932,.T.);
#5932=EDGE_LOOP('',(#7402,#7403,#7404));
#5933=PLANE('',#5934);
#5934=AXIS2_PLACEMENT_3D('',#5935,#5936,#5937);
#5935=CARTESIAN_POINT('',(0.,0.,0.));
#5936=DIRECTION('',(0.,0.,-1.));
#5937=DIRECTION('',(1.,1.22464679914735E-16,0.));
#5938=FACE_BOUND('',#5939,.T.);
#5939=EDGE_LOOP('',(#7405,#7406,#7407));
#5940=PLANE('',#5941);
#5941=AXIS2_PLACEMENT_3D('',#5942,#5943,#5944);
#5942=CARTESIAN_POINT('',(0.,0.,0.));
#5943=DIRECTION('',(0.,0.,-1.));
#5944=DIRECTION('',(1.,1.22464679914735E-16,0.));
#5945=FACE_BOUND('',#5946,.T.);
#5946=EDGE_LOOP('',(#7408,#7409,#7410));
#5947=PLANE('',#5948);
#5948=AXIS2_PLACEMENT_3D('',#5949,#5950,#5951);
#5949=CARTESIAN_POINT('',(0.,0.,0.));
#5950=DIRECTION('',(0.,0.,-1.));
#5951=DIRECTION('',(1.,1.22464679914735E-16,0.));
#5952=FACE_BOUND('',#5953,.T.);
#5953=EDGE_LOOP('',(#7411,#7412,#7413,#7414,#7415,#7416));
#5954=FACE_BOUND('',#5955,.T.);
#5955=EDGE_LOOP('',(#7417));
#5956=PLANE('',#5957);
#5957=AXIS2_PLACEMENT_3D('',#5958,#5959,#5960);
#5958=CARTESIAN_POINT('',(0.,0.,-5.));
#5959=DIRECTION('',(0.,0.,-1.));
#5960=DIRECTION('',(1.,1.22464679914735E-16,0.));
#5961=FACE_BOUND('',#5962,.T.);
#5962=EDGE_LOOP('',(#7418,#7419,#7420,#7421,#7422));
#5963=PLANE('',#5964);
#5964=AXIS2_PLACEMENT_3D('',#5965,#5966,#5967);
#5965=CARTESIAN_POINT('',(4.14580534251949E-15,-12.0954881395227,0.));
#5966=DIRECTION('',(-0.5,-0.866025403784439,0.));
#5967=DIRECTION('',(-0.866025403784439,0.5,0.));
#5968=FACE_BOUND('',#5969,.T.);
#5969=EDGE_LOOP('',(#7423,#7424,#7425,#7426,#7427));
#5970=PLANE('',#5971);
#5971=AXIS2_PLACEMENT_3D('',#5972,#5973,#5974);
#5972=CARTESIAN_POINT('',(10.475,-6.04774406976133,0.));
#5973=DIRECTION('',(0.5,-0.866025403784439,0.));
#5974=DIRECTION('',(-0.866025403784439,-0.5,0.));
#5975=FACE_BOUND('',#5976,.T.);
#5976=EDGE_LOOP('',(#7428,#7429,#7430,#7431,#7432));
#5977=PLANE('',#5978);
#5978=AXIS2_PLACEMENT_3D('',#5979,#5980,#5981);
#5979=CARTESIAN_POINT('',(10.475,6.04774406976134,0.));
#5980=DIRECTION('',(1.,4.40583336259719E-16,0.));
#5981=DIRECTION('',(4.40583336259719E-16,-1.,0.));
#5982=FACE_BOUND('',#5983,.T.);
#5983=EDGE_LOOP('',(#7433,#7434,#7435,#7436,#7437));
#5984=PLANE('',#5985);
#5985=AXIS2_PLACEMENT_3D('',#5986,#5987,#5988);
#5986=CARTESIAN_POINT('',(-8.58669744102012E-15,12.0954881395227,0.));
#5987=DIRECTION('',(0.499999999999999,0.866025403784439,0.));
#5988=DIRECTION('',(0.866025403784439,-0.499999999999999,0.));
#5989=FACE_BOUND('',#5990,.T.);
#5990=EDGE_LOOP('',(#7438,#7439,#7440,#7441,#7442));
#5991=PLANE('',#5992);
#5992=AXIS2_PLACEMENT_3D('',#5993,#5994,#5995);
#5993=CARTESIAN_POINT('',(-10.475,6.04774406976132,0.));
#5994=DIRECTION('',(-0.500000000000001,0.866025403784438,0.));
#5995=DIRECTION('',(0.866025403784438,0.500000000000001,0.));
#5996=FACE_BOUND('',#5997,.T.);
#5997=EDGE_LOOP('',(#7443,#7444,#7445,#7446,#7447));
#5998=PLANE('',#5999);
#5999=AXIS2_PLACEMENT_3D('',#6000,#6001,#6002);
#6000=CARTESIAN_POINT('',(-10.475,-6.04774406976133,0.));
#6001=DIRECTION('',(-1.,-4.40583336259719E-16,0.));
#6002=DIRECTION('',(-4.40583336259719E-16,1.,0.));
#6003=FACE_OUTER_BOUND('',#6004,.T.);
#6004=EDGE_LOOP('',(#7448));
#6005=FACE_OUTER_BOUND('',#6006,.T.);
#6006=EDGE_LOOP('',(#7449));
#6007=CONICAL_SURFACE('',#6008,4.5,0.785398163397448);
#6008=AXIS2_PLACEMENT_3D('',#6009,#6010,#6011);
#6009=CARTESIAN_POINT('',(0.,0.,18.5));
#6010=DIRECTION('',(0.,0.,1.));
#6011=DIRECTION('',(-6.12323399573677E-17,-1.,0.));
#6012=FACE_BOUND('',#6013,.T.);
#6013=EDGE_LOOP('',(#7450,#7451,#7452,#7453,#7454,#7455,#7456));
#6014=FACE_BOUND('',#6015,.T.);
#6015=EDGE_LOOP('',(#7457,#7458,#7459,#7460,#7461,#7462,#7463));
#6016=CYLINDRICAL_SURFACE('',#6017,10.475);
#6017=AXIS2_PLACEMENT_3D('',#6018,#6019,#6020);
#6018=CARTESIAN_POINT('',(0.,0.,0.));
#6019=DIRECTION('',(0.,0.,1.));
#6020=DIRECTION('',(0.,-1.,0.));
#6021=FACE_BOUND('',#6022,.T.);
#6022=EDGE_LOOP('',(#7464,#7465,#7466,#7467));
#6023=CYLINDRICAL_SURFACE('',#6024,10.475);
#6024=AXIS2_PLACEMENT_3D('',#6025,#6026,#6027);
#6025=CARTESIAN_POINT('',(0.,0.,0.));
#6026=DIRECTION('',(0.,0.,1.));
#6027=DIRECTION('',(0.,-1.,0.));
#6028=FACE_BOUND('',#6029,.T.);
#6029=EDGE_LOOP('',(#7468,#7469,#7470,#7471));
#6030=CYLINDRICAL_SURFACE('',#6031,10.475);
#6031=AXIS2_PLACEMENT_3D('',#6032,#6033,#6034);
#6032=CARTESIAN_POINT('',(0.,0.,0.));
#6033=DIRECTION('',(0.,0.,1.));
#6034=DIRECTION('',(0.,-1.,0.));
#6035=FACE_BOUND('',#6036,.T.);
#6036=EDGE_LOOP('',(#7472,#7473,#7474,#7475));
#6037=CYLINDRICAL_SURFACE('',#6038,10.475);
#6038=AXIS2_PLACEMENT_3D('',#6039,#6040,#6041);
#6039=CARTESIAN_POINT('',(0.,0.,0.));
#6040=DIRECTION('',(0.,0.,1.));
#6041=DIRECTION('',(0.,-1.,0.));
#6042=FACE_BOUND('',#6043,.T.);
#6043=EDGE_LOOP('',(#7476,#7477,#7478,#7479));
#6044=CYLINDRICAL_SURFACE('',#6045,10.475);
#6045=AXIS2_PLACEMENT_3D('',#6046,#6047,#6048);
#6046=CARTESIAN_POINT('',(0.,0.,0.));
#6047=DIRECTION('',(0.,0.,1.));
#6048=DIRECTION('',(0.,-1.,0.));
#6049=FACE_BOUND('',#6050,.T.);
#6050=EDGE_LOOP('',(#7480,#7481,#7482,#7483));
#6051=CYLINDRICAL_SURFACE('',#6052,10.475);
#6052=AXIS2_PLACEMENT_3D('',#6053,#6054,#6055);
#6053=CARTESIAN_POINT('',(0.,0.,0.));
#6054=DIRECTION('',(0.,0.,1.));
#6055=DIRECTION('',(0.,-1.,0.));
#6056=FACE_BOUND('',#6057,.T.);
#6057=EDGE_LOOP('',(#7484,#7485,#7486,#7487));
#6058=CYLINDRICAL_SURFACE('',#6059,10.475);
#6059=AXIS2_PLACEMENT_3D('',#6060,#6061,#6062);
#6060=CARTESIAN_POINT('',(0.,0.,0.));
#6061=DIRECTION('',(0.,0.,1.));
#6062=DIRECTION('',(0.,-1.,0.));
#6063=FACE_BOUND('',#6064,.T.);
#6064=EDGE_LOOP('',(#7488,#7489,#7490,#7491));
#6065=CYLINDRICAL_SURFACE('',#6066,10.475);
#6066=AXIS2_PLACEMENT_3D('',#6067,#6068,#6069);
#6067=CARTESIAN_POINT('',(0.,0.,0.));
#6068=DIRECTION('',(0.,0.,1.));
#6069=DIRECTION('',(0.,-1.,0.));
#6070=CARTESIAN_POINT('',(-10.475,1.92422628316028E-15,20.));
#6071=CARTESIAN_POINT('',(-10.475,0.483867374589359,19.9866932801065));
#6072=CARTESIAN_POINT('',(-10.4078393640431,1.45159868176259,19.9600798403194));
#6073=CARTESIAN_POINT('',(-10.1075480171501,2.87536677503656,19.9201596806387));
#6074=CARTESIAN_POINT('',(-9.61346378893834,4.2440044765705,19.8802395209581));
#6075=CARTESIAN_POINT('',(-8.93505979851023,5.53127171585256,19.8403193612774));
#6076=CARTESIAN_POINT('',(-8.08534314351,6.71248735709704,19.8003992015968));
#6077=CARTESIAN_POINT('',(-7.08060551392991,7.76500391921351,19.7604790419162));
#6078=CARTESIAN_POINT('',(-5.94011083014659,8.66864139424515,19.7205588822355));
#6079=CARTESIAN_POINT('',(-4.68572589413064,9.40607426854254,19.6806387225549));
#6080=CARTESIAN_POINT('',(-3.34150113538492,9.96316367733569,19.6407185628743));
#6081=CARTESIAN_POINT('',(-1.93320949000583,10.3292284981611,19.6007984031936));
#6082=CARTESIAN_POINT('',(-0.487852253978514,10.4972501388542,19.560878243513));
#6083=CARTESIAN_POINT('',(0.966858614976977,10.4640071061737,19.5209580838323));
#6084=CARTESIAN_POINT('',(2.40303182113766,10.2301367716176,19.4810379241517));
#6085=CARTESIAN_POINT('',(3.79313149297244,9.80012315108464,19.4411177644711));
#6086=CARTESIAN_POINT('',(5.11050513075854,9.18221093244403,19.4011976047904));
#6087=CARTESIAN_POINT('',(6.3298946172348,8.38824739943369,19.3612774451098));
#6088=CARTESIAN_POINT('',(7.42792049364099,7.43345528267658,19.3213572854291));
#6089=CARTESIAN_POINT('',(8.38353021607722,6.33614089296666,19.2814371257485));
#6090=CARTESIAN_POINT('',(9.17840179772604,5.11734313280864,19.2415169660679));
#6091=CARTESIAN_POINT('',(9.79729509787033,3.8004301157435,19.2015968063872));
#6092=CARTESIAN_POINT('',(10.2283440224129,2.41065112751199,19.1616766467066));
#6093=CARTESIAN_POINT('',(10.4632840335118,0.974652519342767,19.1217564870259));
#6094=CARTESIAN_POINT('',(10.4976106062704,-0.480033184815265,19.0818363273453));
#6095=CARTESIAN_POINT('',(10.3306655943776,-1.92551517172594,19.0419161676647));
#6096=CARTESIAN_POINT('',(9.96564984880366,-3.33407909180986,19.001996007984));
#6097=CARTESIAN_POINT('',(9.40956184761081,-4.67871842873573,18.9620758483034));
#6098=CARTESIAN_POINT('',(8.67306351353589,-5.93365229766428,18.9221556886228));
#6099=CARTESIAN_POINT('',(7.7702757920352,-7.07481974435503,18.8822355289421));
#6100=CARTESIAN_POINT('',(6.71850790919125,-8.08034106789674,18.8423153692615));
#6101=CARTESIAN_POINT('',(5.53792550044293,-8.93093732208149,18.8023952095808));
#6102=CARTESIAN_POINT('',(4.25116397313505,-9.61029995228675,18.7624750499002));
#6103=CARTESIAN_POINT('',(2.8828945159203,-10.105403480786,18.7225548902196));
#6104=CARTESIAN_POINT('',(1.45935107595224,-10.4067552453453,18.6826347305389));
#6105=CARTESIAN_POINT('',(0.00782737317617338,-10.5085774028473,18.6427145708583));
#6106=CARTESIAN_POINT('',(-1.44384640449426,-10.4089177083707,18.6027944111776));
#6107=CARTESIAN_POINT('',(-2.86783719174665,-10.1096869457486,18.562874251497));
#6108=CARTESIAN_POINT('',(-4.23684269160801,-9.616622291947,18.5229540918164));
#6109=CARTESIAN_POINT('',(-5.52461484471626,-8.93917731768113,18.4830339321357));
#6110=CARTESIAN_POINT('',(-6.70646308560393,-8.09034073329647,18.4431137724551));
#6111=CARTESIAN_POINT('',(-7.75972773701849,-7.08638735511615,18.4031936127745));
#6112=CARTESIAN_POINT('',(-8.66421446584944,-5.94656606699778,18.3632734530938));
#6113=CARTESIAN_POINT('',(-9.40258147080161,-4.69273075983935,18.3233532934132));
#6114=CARTESIAN_POINT('',(-9.96067197823241,-3.3489213250627,18.2834331337325));
#6115=CARTESIAN_POINT('',(-10.3277856711819,-1.94090273572231,18.2435129740519));
#6116=CARTESIAN_POINT('',(-10.4968838474635,-0.495671052476563,18.2035928143713));
#6117=CARTESIAN_POINT('',(-10.4647243733025,0.959064174188689,18.1636726546906));
#6118=CARTESIAN_POINT('',(-10.2319238450434,2.39541118153802,18.12375249501));
#6119=CARTESIAN_POINT('',(-9.80294576709554,3.78583076573528,18.0838323353293));
#6120=CARTESIAN_POINT('',(-9.18601497278235,5.10366429335067,18.0439121756487));
#6121=CARTESIAN_POINT('',(-8.39295992890913,6.32364482961605,18.0039920159681));
#6122=CARTESIAN_POINT('',(-7.43898594755906,7.4223815835231,17.9640718562874));
#6123=CARTESIAN_POINT('',(-6.34238365334607,8.37880838145692,17.9241516966068));
#6124=CARTESIAN_POINT('',(-5.12417829570709,9.17458757074172,17.8842315369261));
#6125=CARTESIAN_POINT('',(-3.80772662999902,9.79446160902173,17.8443113772455));
#6126=CARTESIAN_POINT('',(-2.41826909643362,10.2265455984237,17.8043912175649));
#6127=CARTESIAN_POINT('',(-0.98244588296181,10.4625551557187,17.7644710578842));
#6128=CARTESIAN_POINT('',(0.472213849325032,10.4979652495095,17.7245508982036));
#6129=CARTESIAN_POINT('',(1.91781978515164,10.3320969590439,17.684630738523));
#6130=CARTESIAN_POINT('',(3.32665519845547,9.96813049122017,17.6447105788423));
#6131=CARTESIAN_POINT('',(4.67170836754253,9.4130442062086,17.6047904191617));
#6132=CARTESIAN_POINT('',(5.92719047313419,8.67748082075618,17.564870259481));
#6133=CARTESIAN_POINT('',(7.06903004960161,7.77554335446943,17.5249500998004));
#6134=CARTESIAN_POINT('',(8.07533450923193,6.724524731415,17.4850299401198));
#6135=CARTESIAN_POINT('',(8.92680989068213,5.54457622140987,17.4451097804391));
#6136=CARTESIAN_POINT('',(9.60713078374756,4.25832107800412,17.4051896207585));
#6137=CARTESIAN_POINT('',(10.103253337846,2.89042078090862,17.3652694610778));
#6138=CARTESIAN_POINT('',(10.4056653528787,1.46710219933845,17.3253493013972));
#6139=CARTESIAN_POINT('',(10.5085686574555,0.0156547420096457,17.2854291417166));
#6140=CARTESIAN_POINT('',(10.4099902777298,-1.43609286502463,17.2455089820359));
#6141=CARTESIAN_POINT('',(10.1118202653947,-2.86030614091527,17.2055888223553));
#6142=CARTESIAN_POINT('',(9.61977545956036,-4.22967852289562,17.1656686626747));
#6143=CARTESIAN_POINT('',(8.9432898773098,-5.5179549173414,17.125748502994));
#6144=CARTESIAN_POINT('',(8.09533383448347,-6.70043509092293,17.0858283433134));
#6145=CARTESIAN_POINT('',(7.09216526470602,-7.75444725028816,17.0459081836327));
#6146=CARTESIAN_POINT('',(5.95301800463653,-8.6597827302928,17.0059880239521));
#6147=CARTESIAN_POINT('',(4.69973302197562,-9.39908345646298,16.9660678642715));
#6148=CARTESIAN_POINT('',(3.35633965672657,-9.95817475283943,16.9261477045908));
#6149=CARTESIAN_POINT('',(1.94859490460725,-10.3263371142503,16.8862275449102));
#6150=CARTESIAN_POINT('',(0.50348957597164,-10.4965117322991,16.8463073852295));
#6151=CARTESIAN_POINT('',(-0.95126920130215,-10.465435834501,16.8063872255489));
#6152=CARTESIAN_POINT('',(-2.38778921294086,-10.2337052416985,16.7664670658683));
#6153=CARTESIAN_POINT('',(-3.77852793808234,-9.80576294433714,16.7265469061876));
#6154=CARTESIAN_POINT('',(-5.0968206243802,-9.18981391663056,16.686626746507));
#6155=CARTESIAN_POINT('',(-6.31739153357767,-8.39766780188913,16.6467065868263));
#6156=CARTESIAN_POINT('',(-7.41683855539579,-7.44451248522014,16.6067864271457));
#6157=CARTESIAN_POINT('',(-8.37408189819233,-6.3486228949097,16.5668662674651));
#6158=CARTESIAN_POINT('',(-9.17076825360715,-5.13101061566193,16.5269461077844));
#6159=CARTESIAN_POINT('',(-9.79162268611075,-3.8150210316911,16.4870259481038));
#6160=CARTESIAN_POINT('',(-10.2247415006477,-2.42588572367637,16.4471057884232));
#6161=CARTESIAN_POINT('',(-10.4618204731985,-0.990238701510629,16.4071856287425));
#6162=CARTESIAN_POINT('',(-10.4983140683758,0.464394251845689,16.3672654690619));
#6163=CARTESIAN_POINT('',(-10.3335225913627,1.91012333455204,16.3273453093812));
#6164=CARTESIAN_POINT('',(-9.97060560322131,3.31922945944024,16.2874251497006));
#6165=CARTESIAN_POINT('',(-9.41652134235831,4.66469571443997,16.24750499002));
#6166=CARTESIAN_POINT('',(-8.68189331362612,5.92072536014111,16.2075848303393));
#6167=CARTESIAN_POINT('',(-7.78080660295696,7.06323643288156,16.1676646706587));
#6168=CARTESIAN_POINT('',(-6.73053782280742,8.07032347029306,16.127744510978));
#6169=CARTESIAN_POINT('',(-5.55122386619237,8.92267750660195,16.0878243512974));
#6170=CARTESIAN_POINT('',(-4.26547582031558,9.60395628507894,16.0479041916168));
#6171=CARTESIAN_POINT('',(-2.89794544226369,10.101097589523,16.0079840319361));
#6172=CARTESIAN_POINT('',(-1.47485250876236,10.4045696872481,15.9680638722555));
#6173=CARTESIAN_POINT('',(-0.0234821021579302,10.5085540818079,15.9281437125749));
#6174=CARTESIAN_POINT('',(1.42833852879655,10.4110570715254,15.8882235528942));
#6175=CARTESIAN_POINT('',(2.85277350315811,10.1139479749049,15.8483033932136));
#6176=CARTESIAN_POINT('',(4.2225120075164,9.62292329002908,15.8083832335329));
#6177=CARTESIAN_POINT('',(5.5112919285515,8.94739747511461,15.7684630738523));
#6178=CARTESIAN_POINT('',(6.69440337877543,8.10032244430086,15.7285429141717));
#6179=CARTESIAN_POINT('',(7.74916246131518,7.09793923949394,15.688622754491));
#6180=CARTESIAN_POINT('',(8.65534619020465,5.95946663948327,15.6487025948104));
#6181=CARTESIAN_POINT('',(9.39558022742163,4.70673267665456,15.6087824351297));
#6182=CARTESIAN_POINT('',(9.95567200255449,3.36375612626076,15.5688622754491));
#6183=CARTESIAN_POINT('',(10.3248828281667,1.95628599239296,15.5289421157685));
#6184=CARTESIAN_POINT('',(10.4961337935681,0.51130782012593,15.4890219560878));
#6185=CARTESIAN_POINT('',(10.4661414893742,-0.943473700642131,15.4491017964072));
#6186=CARTESIAN_POINT('',(10.2354809605948,-2.38016591957501,15.4091816367266));
#6187=CARTESIAN_POINT('',(9.80857468124639,-3.7712230140654,15.3692614770459));
#6188=CARTESIAN_POINT('',(9.19360776188092,-5.08997412764417,15.3293413173653));
#6189=CARTESIAN_POINT('',(8.40237101576161,-6.31113473258916,15.2894211576846));
#6190=CARTESIAN_POINT('',(7.45003489259353,-7.41129141233449,15.249500998004));
#6191=CARTESIAN_POINT('',(6.3548586141958,-8.36935076890588,15.2095808383234));
#6192=CARTESIAN_POINT('',(5.13784008888235,-9.1669438484414,15.1696606786427));
#6193=CARTESIAN_POINT('',(3.82231331677254,-9.78877833071254,15.1297405189621));
#6194=CARTESIAN_POINT('',(2.43350100501419,-10.222931730086,15.0898203592814));
#6195=CARTESIAN_POINT('',(0.998030970665403,-10.4610799863588,15.0499001996008));
#6196=CARTESIAN_POINT('',(-0.456574396715926,-10.4986570626756,15.0099800399202));
#6197=CARTESIAN_POINT('',(-1.90242582419751,-10.334942490543,14.9700598802395));
#6198=CARTESIAN_POINT('',(-3.31180187888434,-9.97307518343376,14.9301397205589));
#6199=CARTESIAN_POINT('',(-4.657680473319,-9.41999325413066,14.8902195608783));
#6200=CARTESIAN_POINT('',(-5.91425696227221,-8.68630098969744,14.8502994011976));
#6201=CARTESIAN_POINT('',(-7.05743889740945,-7.78606553457754,14.810379241517));
#6202=CARTESIAN_POINT('',(-8.06530795386047,-6.73654718003216,14.7704590818363));
#6203=CARTESIAN_POINT('',(-8.91854017213376,-5.55786843110202,14.7305389221557));
#6204=CARTESIAN_POINT('',(-9.60077645804224,-4.27262819609967,14.6906187624751));
#6205=CARTESIAN_POINT('',(-10.0989362370131,-2.9054684958105,14.6506986027944));
#6206=CARTESIAN_POINT('',(-10.4034682490613,-1.48260199992377,14.6107784431138));
#6207=CARTESIAN_POINT('',(-10.5085336759126,-0.0313094492780976,14.5708582834331));
#6208=CARTESIAN_POINT('',(-10.4121180891656,1.42058340011242,14.5309381237525));
#6209=CARTESIAN_POINT('',(-10.1160700730987,2.84523928265457,14.4910179640719));
#6210=CARTESIAN_POINT('',(-9.62606578160662,4.21534314944658,14.4510978043912));
#6211=CARTESIAN_POINT('',(-8.95150010881652,5.5046258820434,14.4111776447106));
#6212=CARTESIAN_POINT('',(-8.10530655998079,6.68836795250803,14.3712574850299));
#6213=CARTESIAN_POINT('',(-7.10370927627632,7.74387337303173,14.3313373253493));
#6214=CARTESIAN_POINT('',(-5.96591196796011,8.6509048480465,14.2914171656687));
#6215=CARTESIAN_POINT('',(-4.71372971999254,9.39207178562127,14.251497005988));
#6216=CARTESIAN_POINT('',(-3.37117072955042,9.95316372876617,14.2115768463074));
#6217=CARTESIAN_POINT('',(-1.96397599481221,10.323422813738,14.1716566866268));
#6218=CARTESIAN_POINT('',(-0.519125780601664,10.4957500314803,14.1317365269461));
#6219=CARTESIAN_POINT('',(0.935677676533771,10.4668413375307,14.0918163672655));
#6220=CARTESIAN_POINT('',(2.37254130567003,10.2372510007469,14.0518962075848));
#6221=CARTESIAN_POINT('',(3.76391599773734,9.81138097626329,14.0119760479042));
#6222=CARTESIAN_POINT('',(5.08312480694111,9.19739650642854,13.9720558882236));
#6223=CARTESIAN_POINT('',(6.30487443012189,8.40706956791719,13.9321357285429));
#6224=CARTESIAN_POINT('',(7.40574015741683,7.45555316661533,13.8922155688623));
#6225=CARTESIAN_POINT('',(8.36461499622246,6.36109080774474,13.8522954091816));
#6226=CARTESIAN_POINT('',(9.16311435736629,5.14466671157927,13.812375249501));
#6227=CARTESIAN_POINT('',(9.78592854440519,3.82960348119749,13.7724550898204));
#6228=CARTESIAN_POINT('',(10.2211162877426,2.44111493622207,13.7325349301397));
#6229=CARTESIAN_POINT('',(10.4603336956105,1.00582268610293,13.6926147704591));
#6230=CARTESIAN_POINT('',(10.4989942322186,-0.448754288274242,13.6526946107785));
#6231=CARTESIAN_POINT('',(10.3363566557969,-1.89472725835866,13.6127744510978));
#6232=CARTESIAN_POINT('',(9.97553923048739,-3.30437246090862,13.5728542914172));
#6233=CARTESIAN_POINT('',(9.42345993959939,-4.65066264807173,13.5329341317365));
#6234=CARTESIAN_POINT('',(8.69070384652475,-5.90778528311617,13.4930139720559));
#6235=CARTESIAN_POINT('',(7.79132014641345,-7.05163744640179,13.4530938123753));
#6236=CARTESIAN_POINT('',(6.74255279975521,-8.0602879627168,13.4131736526946));
#6237=CARTESIAN_POINT('',(5.56450991245238,-8.91439788957299,13.373253493014));
#6238=CARTESIAN_POINT('',(4.27977820138823,-9.59759130440165,13.3333333333333));
#6239=CARTESIAN_POINT('',(2.91298993737524,-10.0967692815155,13.2934131736527));
#6240=CARTESIAN_POINT('',(1.49035066852324,-10.4023610389294,13.2534930139721));
#6241=CARTESIAN_POINT('',(0.0391367790274981,-10.5085074397809,13.2135728542914));
#6242=CARTESIAN_POINT('',(-1.41282748327482,-10.4131733300617,13.1736526946108));
#6243=CARTESIAN_POINT('',(-2.83770348358466,-10.1181865587987,13.1337325349302));
#6244=CARTESIAN_POINT('',(-4.20817195266349,-9.62920293254954,13.0938123752495));
#6245=CARTESIAN_POINT('',(-5.49795678151546,-8.95559777613936,13.0538922155689));
#6246=CARTESIAN_POINT('',(-6.68232881546921,-8.11028617875806,13.0139720558882));
#6247=CARTESIAN_POINT('',(-7.73857998837222,-7.10947537185193,12.9740518962076));
#6248=CARTESIAN_POINT('',(-8.64645870628244,-5.97235398649116,12.934131736527));
#6249=CARTESIAN_POINT('',(-9.3885581330084,-4.72072414810758,12.8942115768463));
#6250=CARTESIAN_POINT('',(-9.95064993286609,-3.37858346248189,12.8542914171657));
#6251=CARTESIAN_POINT('',(-10.3219570717742,-1.97166490759855,12.814371257485));
#6252=CARTESIAN_POINT('',(-10.4953604462486,-0.526943453061399,12.7744510978044));
#6253=CARTESIAN_POINT('',(-10.467535378582,0.927881133302344,12.7345309381238));
#6254=CARTESIAN_POINT('',(-10.2390153611729,2.36491537545611,12.6946107784431));
#6255=CARTESIAN_POINT('',(-9.81418182783087,3.75660689315218,12.6546906187625));
#6256=CARTESIAN_POINT('',(-9.20118014817139,5.07627266607112,12.6147704590818));
#6257=CARTESIAN_POINT('',(-8.41176345574904,6.29861062964913,12.5748502994012));
#6258=CARTESIAN_POINT('',(-7.46106730422392,7.40018479372272,12.5349301397206));
#6259=CARTESIAN_POINT('',(-6.3673194720988,8.35987458276951,12.4950099800399));
#6260=CARTESIAN_POINT('',(-5.15149047996521,9.15927978250648,12.4550898203593));
#6261=CARTESIAN_POINT('',(-3.83689152092129,9.78307332876977,12.4151696606787));
#6262=CARTESIAN_POINT('',(-2.44872751307571,10.2192951746248,12.375249500998));
#6263=CARTESIAN_POINT('',(-1.01361384350029,10.4595816013677,12.3353293413174));
#6264=CARTESIAN_POINT('',(0.440933930859327,10.4993255768178,12.2954091816367));
#6265=CARTESIAN_POINT('',(1.88702764130676,10.3377650863399,12.2554890219561));
#6266=CARTESIAN_POINT('',(3.29694120963501,9.97799774301511,12.2155688622755));
#6267=CARTESIAN_POINT('',(4.64364224259172,9.42692139684117,12.1756487025948));
#6268=CARTESIAN_POINT('',(5.90131032626357,8.69510188166528,12.1357285429142));
#6269=CARTESIAN_POINT('',(7.04583208307729,7.79657043554939,12.0958083832336));
#6270=CARTESIAN_POINT('',(8.05526349964719,6.74855467864459,12.0558882235529));
#6271=CARTESIAN_POINT('',(8.91025066121782,5.57114830655868,12.0159680638723));
#6272=CARTESIAN_POINT('',(9.59440082592434,4.28692583221432,11.9760479041916));
#6273=CARTESIAN_POINT('',(10.0945967242323,2.92050976278491,11.936127744511));
#6274=CARTESIAN_POINT('',(10.4012480574667,1.4980985102617,11.8962075848304));
#6275=CARTESIAN_POINT('',(10.5084753734274,0.046964087063434,11.8562874251497));
#6276=CARTESIAN_POINT('',(10.4142227936282,-1.40507078258684,11.8163672654691));
#6277=CARTESIAN_POINT('',(10.1202974308307,-2.83016611012934,11.7764471057884));
#6278=CARTESIAN_POINT('',(9.63233474111728,-4.20099842114578,11.7365269461078));
#6279=CARTESIAN_POINT('',(8.95969047480971,-5.49128463066778,11.6966067864272));
#6280=CARTESIAN_POINT('',(8.1152612978699,-6.67628597100957,11.6566866267465));
#6281=CARTESIAN_POINT('',(7.11523752302164,-7.73328231027349,11.6167664670659));
#6282=CARTESIAN_POINT('',(5.97879269150229,-8.64200776737923,11.5768463073852));
#6283=CARTESIAN_POINT('',(4.72771595711909,-9.38503927153242,11.5369261477046));
#6284=CARTESIAN_POINT('',(3.38599432094248,-9.94813061624893,11.497005988024));
#6285=CARTESIAN_POINT('',(1.97935272648609,-10.3204856030885,11.4570858283433));
#6286=CARTESIAN_POINT('',(0.534760833167796,-10.4949650380892,11.4171656686627));
#6287=CARTESIAN_POINT('',(-0.920084075273467,-10.4682236121432,11.3772455089821));
#6288=CARTESIAN_POINT('',(-2.35728813316421,-10.2407740408939,11.3373253493014));
#6289=CARTESIAN_POINT('',(-3.74929570436508,-9.81697723439521,11.2974051896208));
#6290=CARTESIAN_POINT('',(-5.06941770883582,-9.20495868501026,11.2574850299401));
#6291=CARTESIAN_POINT('',(-6.29234333464612,-8.41645267665296,11.2175648702595));
#6292=CARTESIAN_POINT('',(-7.39462532433431,-7.46657730236002,11.1776447105789));
#6293=CARTESIAN_POINT('',(-8.35512953117707,-6.37354460380227,11.1377245508982));
#6294=CARTESIAN_POINT('',(-9.15544012598942,-5.15831139025427,11.0978043912176));
#6295=CARTESIAN_POINT('',(-9.7802126853904,-3.84417743190047,11.057884231537));
#6296=CARTESIAN_POINT('',(-10.2174683917429,-2.45633873135158,11.0179640718563));
#6297=CARTESIAN_POINT('',(-10.4588237040475,-1.02140443853485,10.9780439121757));
#6298=CARTESIAN_POINT('',(-10.4996510962894,0.43311332880999,10.938123752495));
#6299=CARTESIAN_POINT('',(-10.3391677813906,1.87932697731362,10.8982035928144));
#6300=CARTESIAN_POINT('',(-9.98045071965292,3.28950812918645,10.8582834331338));
#6301=CARTESIAN_POINT('',(-9.43037762393553,4.63661926077397,10.8183632734531));
#6302=CARTESIAN_POINT('',(-8.69949509267895,5.8948320953068,10.7784431137725));
#6303=CARTESIAN_POINT('',(-7.8018163990724,7.04002281065688,10.7385229540918));
#6304=CARTESIAN_POINT('',(-6.75455281337029,8.05023456743937,10.6986027944112));
#6305=CARTESIAN_POINT('',(-5.57778360973774,8.90609848936925,10.6586826347306));
#6306=CARTESIAN_POINT('',(-4.29407108461223,9.59120502438047,10.6187624750499));
#6307=CARTESIAN_POINT('',(-2.92802796786722,10.0924185663691,10.5788423153693));
#6308=CARTESIAN_POINT('',(-1.50584552084032,10.4001293052908,10.5389221556886));
#6309=CARTESIAN_POINT('',(-0.0547913690429401,10.5084374768698,10.499001996008));
#6310=CARTESIAN_POINT('',(1.39731330235229,10.4152664792829,10.4590818363274));
#6311=CARTESIAN_POINT('',(2.82262716647078,10.1224026880235,10.4191616766467));
#6312=CARTESIAN_POINT('',(4.19382255887379,9.63546120557213,10.3792415169661));
#6313=CARTESIAN_POINT('',(5.48460943320252,8.96377820255667,10.3393213572854));
#6314=CARTESIAN_POINT('',(6.6702394224821,8.12023191455576,10.2994011976048));
#6315=CARTESIAN_POINT('',(7.7279803416751,7.1209957265882,10.2594810379242));
#6316=CARTESIAN_POINT('',(8.63755203380663,5.9852280794208,10.2195608782435));
#6317=CARTESIAN_POINT('',(9.38151520314591,4.7347051431474,10.1796407185629));
#6318=CARTESIAN_POINT('',(9.94560578031264,3.39340330081999,10.1397205588822));
#6319=CARTESIAN_POINT('',(10.3190084084974,1.98703944720887,10.0998003992016));
#6320=CARTESIAN_POINT('',(10.4945638072214,0.542577916582988,10.059880239521));
#6321=CARTESIAN_POINT('',(10.4689060378324,-0.912286506773765,10.0199600798403));
#6322=CARTESIAN_POINT('',(10.242527038934,-2.34965958302676,9.98003992015969));
#6323=CARTESIAN_POINT('',(9.81976719440508,-3.74198243543314,9.94011976047905));
#6324=CARTESIAN_POINT('',(9.20873211484838,-5.06255993903917,9.90019960079841));
#6325=CARTESIAN_POINT('',(8.42113722802676,-6.28607254859072,9.86027944111777));
#6326=CARTESIAN_POINT('',(7.47208315796597,-7.38906175233673,9.82035928143713));
#6327=CARTESIAN_POINT('',(6.37976619940061,-8.35037984407833,9.78043912175649));
#6328=CARTESIAN_POINT('',(5.16512943866128,-9.15159538994589,9.74051896207585));
#6329=CARTESIAN_POINT('',(3.85146121009176,-9.77734661585457,9.70059880239521));
#6330=CARTESIAN_POINT('',(2.46394858682585,-10.2156359401108,9.66067864271457));
#6331=CARTESIAN_POINT('',(1.02919446688321,-10.4580600040706,9.62075848303393));
#6332=CARTESIAN_POINT('',(-0.425292486466336,-10.4999707904527,9.58083832335329));
#6333=CARTESIAN_POINT('',(-1.87162527065282,-10.3405647401705,9.54091816367266));
#6334=CARTESIAN_POINT('',(-3.28207322368804,-9.9828981590395,9.50099800399201));
#6335=CARTESIAN_POINT('',(-4.62959370651601,-9.43382861896439,9.46107784431138));
#6336=CARTESIAN_POINT('',(-5.88835059384103,-8.70388347712768,9.42115768463074));
#6337=CARTESIAN_POINT('',(-7.03420963236442,-7.80705803407121,9.38123752495009));
#6338=CARTESIAN_POINT('',(-8.04520116888407,-6.76054720060371,9.34131736526946));
#6339=CARTESIAN_POINT('',(-8.90194137633147,-5.58441581830741,9.30139720558881));
#6340=CARTESIAN_POINT('',(-9.58800390154349,-4.30121395461687,9.26147704590818));
#6341=CARTESIAN_POINT('',(-10.0902348091344,-2.93554454845022,9.22155688622754));
#6342=CARTESIAN_POINT('',(-10.3990047830225,-1.51359169596024,9.1816367265469));
#6343=CARTESIAN_POINT('',(-10.5083937501293,-0.0626186206226927,9.14171656686626));
#6344=CARTESIAN_POINT('',(-10.4163043864466,1.3895550468757,9.10179640718562));
#6345=CARTESIAN_POINT('',(-10.1245023292088,2.81508665679215,9.06187624750498));
#6346=CARTESIAN_POINT('',(-9.63858232417932,4.18664436982916,9.02195608782434));
#6347=CARTESIAN_POINT('',(-8.96786095711212,5.47793119282346,8.9820359281437));
#6348=CARTESIAN_POINT('',(-8.12519802605771,6.66418917324171,8.94211576846306));
#6349=CARTESIAN_POINT('',(-7.12674997935672,7.72267408551877,8.90219560878242));
#6350=CARTESIAN_POINT('',(-5.99166014667614,8.6330915080368,8.86227544910178));
#6351=CARTESIAN_POINT('',(-4.74169170231477,9.37798592980409,8.82235528942114));
#6352=CARTESIAN_POINT('',(-3.40081039800383,9.94307542645801,8.7824351297405));
#6353=CARTESIAN_POINT('',(-1.99472506550231,10.3175254888205,8.74251497005986));
#6354=CARTESIAN_POINT('',(-0.550394698970131,10.4941567538678,8.70259481037922));
#6355=CARTESIAN_POINT('',(0.904488432129183,10.4695826552709,8.66267465069858));
#6356=CARTESIAN_POINT('',(2.34202972927585,10.2442743543207,8.62275449101794));
#6357=CARTESIAN_POINT('',(3.73466709041347,9.82255170631271,8.5828343313373));
#6358=CARTESIAN_POINT('',(5.05569936048553,9.21250043559241,8.54291417165666));
#6359=CARTESIAN_POINT('',(6.27979827496162,8.42581710727175,8.50299401197602));
#6360=CARTESIAN_POINT('',(7.38349408081626,7.47758486798749,8.46307385229538));
#6361=CARTESIAN_POINT('',(8.34562552410805,6.38598425544256,8.42315369261475));
#6362=CARTESIAN_POINT('',(9.14774557650862,5.17194462140415,8.3832335329341));
#6363=CARTESIAN_POINT('',(9.7744751217521,3.85874285145481,8.34331337325347));
#6364=CARTESIAN_POINT('',(10.2137978207448,2.47155707527737,8.30339321357283));
#6365=CARTESIAN_POINT('',(10.4572905018606,1.03698392422435,8.26347305389219));
#6366=CARTESIAN_POINT('',(10.5002846591303,-0.417471408166397,8.22355289421155));
#6367=CARTESIAN_POINT('',(10.3419559619048,-1.86392252559625,8.18363273453091));
#6368=CARTESIAN_POINT('',(9.98534005981735,-3.27463649726362,8.14371257485027));
#6369=CARTESIAN_POINT('',(9.43727438001364,-4.62256558371457,8.10379241516963));
#6370=CARTESIAN_POINT('',(8.70826703257745,-5.88186582546125,8.06387225548899));
#6371=CARTESIAN_POINT('',(7.81229533763851,-7.02839255142425,8.02395209580835));
#6372=CARTESIAN_POINT('',(6.76653783701997,-8.04016330677315,7.98403193612771));
#6373=CARTESIAN_POINT('',(5.59104492858904,-8.89777932441028,7.94411177644707));
#6374=CARTESIAN_POINT('',(4.30835443826629,-9.58479745918897,7.90419161676643));
#6375=CARTESIAN_POINT('',(2.94305950036463,-10.0880454537397,7.86427145708579));
#6376=CARTESIAN_POINT('',(1.52133703132482,-10.3978744912854,7.82435129740515));
#6377=CARTESIAN_POINT('',(0.0704458374610273,-10.5083441932299,7.78443113772451));
#6378=CARTESIAN_POINT('',(-1.38179602046049,-10.4173365145436,7.74451097804387));
#6379=CARTESIAN_POINT('',(-2.80754458527615,-10.1265963532221,7.70459081836323));
#6380=CARTESIAN_POINT('',(-4.17946385799364,-9.64169809520756,7.66467065868259));
#6381=CARTESIAN_POINT('',(-5.47124991323505,-8.97193873621135,7.62475049900196));
#6382=CARTESIAN_POINT('',(-6.65813522664455,-8.130159629621,7.58483033932131));
#6383=CARTESIAN_POINT('',(-7.71736354474797,-7.13250027813524,7.54491017964067));
#6384=CARTESIAN_POINT('',(-8.62862619254408,-5.99808888970033,7.50499001996004));
#6385=CARTESIAN_POINT('',(-9.37445145346473,-4.74867563074561,7.46506986027939));
#6386=CARTESIAN_POINT('',(-9.94053955608872,-3.40821560838509,7.42514970059876));
#6387=CARTESIAN_POINT('',(-10.3160368448804,-2.00240957710294,7.38522954091812));
#6388=CARTESIAN_POINT('',(-10.4937438782544,-0.558211175992958,7.34530938123748));
#6389=CARTESIAN_POINT('',(-10.4702534640834,0.896689855665647,7.30538922155684));
#6390=CARTESIAN_POINT('',(-10.2460159860846,2.33439857614414,7.2654690618762));
#6391=CARTESIAN_POINT('',(-9.82533076857341,3.72734967336428,7.22554890219556));
#6392=CARTESIAN_POINT('',(-9.21626364515187,5.04883597698086,7.18562874251492));
#6393=CARTESIAN_POINT('',(-8.4304923117917,6.27352051723952,7.14570858283428));
#6394=CARTESIAN_POINT('',(-7.4830824293724,7.37792231286168,7.10578842315364));
#6395=CARTESIAN_POINT('',(-6.39219876847852,8.34086657390381,7.065868263473));
#6396=CARTESIAN_POINT('',(-5.17875693470199,9.14389068781338,7.02594810379236));
#6397=CARTESIAN_POINT('',(-3.8660223519499,9.77159820467604,6.98602794411172));
#6398=CARTESIAN_POINT('',(-2.47916419248505,10.2119540346647,6.94610778443108));
#6399=CARTESIAN_POINT('',(-1.04477280623675,10.4565151978445,6.90618762475044));
#6400=CARTESIAN_POINT('',(0.409650098249273,10.5005927021482,6.8662674650698));
#6401=CARTESIAN_POINT('',(1.85621874641739,10.3433414458217,6.82634730538916));
#6402=CARTESIAN_POINT('',(3.26719795403912,9.98777642063171,6.78642714570853));
#6403=CARTESIAN_POINT('',(4.61553489626892,9.44071490517154,6.74650698602788));
#6404=CARTESIAN_POINT('',(5.87537779376527,8.71264575659622,6.70658682634724));
#6405=CARTESIAN_POINT('',(7.02257157106373,7.81752830686859,6.6666666666666));
#6406=CARTESIAN_POINT('',(8.03512098390165,6.77252471929543,6.62674650698596));
#6407=CARTESIAN_POINT('',(8.89361233591484,5.59767093690471,6.58682634730533));
#6408=CARTESIAN_POINT('',(9.58158569909586,4.31549253159889,6.54690618762468));
#6409=CARTESIAN_POINT('',(10.0858505013995,2.9505728194411,6.50698602794405));
#6410=CARTESIAN_POINT('',(10.3967384307068,1.52908152263685,6.46706586826341));
#6411=CARTESIAN_POINT('',(10.5082888061993,0.0782730152153282,6.42714570858277));
#6412=CARTESIAN_POINT('',(10.4183628630013,-1.37403622741145,6.38722554890213));
#6413=CARTESIAN_POINT('',(10.1286847589015,-2.80000095610718,6.34730538922149));
#6414=CARTESIAN_POINT('',(9.6448085169282,-4.17228102735103,6.30738522954085));
#6415=CARTESIAN_POINT('',(8.97601153759195,-5.46456559814413,6.26746506986021));
#6416=CARTESIAN_POINT('',(8.13511672249289,-6.65207758604939,6.22754491017957));
#6417=CARTESIAN_POINT('',(7.13824661973343,-7.71204872230903,6.18762475049893));
#6418=CARTESIAN_POINT('',(6.00451430492663,-8.62415608980587,6.14770459081829));
#6419=CARTESIAN_POINT('',(4.75565692456516,-9.37091177608879,6.10778443113765));
#6420=CARTESIAN_POINT('',(3.41561892785528,-9.93799817061167,6.06786427145701));
#6421=CARTESIAN_POINT('',(2.01009297774732,-10.3145424775031,6.02794411177637));
#6422=CARTESIAN_POINT('',(0.566027343314811,-10.49332518061,5.98802395209573));
#6423=CARTESIAN_POINT('',(-0.888890781709884,-10.4709184638978,5.94810379241509));
#6424=CARTESIAN_POINT('',(-2.32676612786546,-10.2477519332594,5.90818363273445));
#6425=CARTESIAN_POINT('',(-3.72003018834535,-9.82810437964532,5.86826347305381));
#6426=CARTESIAN_POINT('',(-5.04196979233302,-9.22002174143887,5.82834331337317));
#6427=CARTESIAN_POINT('',(-6.26723927890741,-8.43516283899275,5.78842315369253));
#6428=CARTESIAN_POINT('',(-7.37234645156426,-7.48857583907061,5.74850299401189));
#6429=CARTESIAN_POINT('',(-8.3361029961059,-6.39840973506061,5.70858283433125));
#6430=CARTESIAN_POINT('',(-9.14003072599892,-5.18556637477526,5.66866267465061));
#6431=CARTESIAN_POINT('',(-9.76871586622254,-3.8732997075383,5.62874251496997));
#6432=CARTESIAN_POINT('',(-10.2101045828935,-2.4867699342284,5.58882235528934));
#6433=CARTESIAN_POINT('',(-10.4557340924523,-1.05256110859906,5.5489021956087));
#6434=CARTESIAN_POINT('',(-10.5008949193355,0.401828561054301,5.50898203592805));
#6435=CARTESIAN_POINT('',(-10.3447211911524,1.84851393739036,5.46906187624742));
#6436=CARTESIAN_POINT('',(-9.99020724013086,3.2597575981415,5.42914171656678));
#6437=CARTESIAN_POINT('',(-9.44415019252926,4.60850164807975,5.38922155688614));
#6438=CARTESIAN_POINT('',(-8.71701964675463,5.86888650235272,5.3493013972055));
#6439=CARTESIAN_POINT('',(-7.82275693885816,7.0167466945124,5.30938123752486));
#6440=CARTESIAN_POINT('',(-6.77850784410849,8.03007420306711,5.26946107784422));
#6441=CARTESIAN_POINT('',(-5.60429383957827,8.88944041315702,5.22954091816358));
#6442=CARTESIAN_POINT('',(-4.32262823065439,9.57836862304609,5.18962075848294));
#6443=CARTESIAN_POINT('',(-2.95808450151115,10.0836499533316,5.1497005988023));
#6444=CARTESIAN_POINT('',(-1.53682516559963,10.3955966019168,5.10978043912166));
#6445=CARTESIAN_POINT('',(-0.0861001495430013,10.5082275890681,5.06986027944102));
#6446=CARTESIAN_POINT('',(1.36627567203378,10.4193834312503,5.02994011976038));
#6447=CARTESIAN_POINT('',(2.79245577347054,10.1307675450883,4.99001996007974));
#6448=CARTESIAN_POINT('',(4.16509588188645,9.64791358761555,4.9500998003991));
#6449=CARTESIAN_POINT('',(5.45787825125923,8.98007935899431,4.91017964071846));
#6450=CARTESIAN_POINT('',(6.64601625481709,8.14006930192313,4.87025948103782));
#6451=CARTESIAN_POINT('',(7.70672962115068,7.14398900096318,4.83033932135718));
#6452=CARTESIAN_POINT('',(8.61968120230223,6.01093638879017,4.79041916167654));
#6453=CARTESIAN_POINT('',(9.36736689964013,4.76263557990013,4.7504990019959));
#6454=CARTESIAN_POINT('',(9.93545127143687,3.42302035230696,4.71057884231526));
#6455=CARTESIAN_POINT('',(10.3130423875175,2.01777526317262,4.67065868263462));
#6456=CARTESIAN_POINT('',(10.4929006611671,0.573843196599205,4.63073852295399));
#6457=CARTESIAN_POINT('',(10.471577654345,-0.881091214588894,4.59081836327334));
#6458=CARTESIAN_POINT('',(10.2494821948821,-2.31913238867438,4.55089820359271));
#6459=CARTESIAN_POINT('',(9.83087253798961,-3.71270863941759,4.51097804391206));
#6460=CARTESIAN_POINT('',(9.2237747223684,-5.03510081035145,4.47105788423143));
#6461=CARTESIAN_POINT('',(8.43982868628366,-6.26095456345017,4.43113772455079));
#6462=CARTESIAN_POINT('',(7.49406509403433,-7.36676650001752,4.39121756487015));
#6463=CARTESIAN_POINT('',(6.40461715174293,-8.33133479335721,4.35129740518951));
#6464=CARTESIAN_POINT('',(5.19237293784602,-9.13616569320678,4.31137724550887));
#6465=CARTESIAN_POINT('',(3.88057491418246,-9.76582810799074,4.27145708582823));
#6466=CARTESIAN_POINT('',(2.49437429628767,-10.2082494664572,4.23153692614759));
#6467=CARTESIAN_POINT('',(1.06034882699027,-10.4549471861174,4.19161676646695));
#6468=CARTESIAN_POINT('',(-0.394006800920947,-10.5011913105244,4.15169660678631));
#6469=CARTESIAN_POINT('',(-1.84080810278988,-10.3460951971315,4.11177644710567));
#6470=CARTESIAN_POINT('',(-3.25231543369876,-9.99263251696614,4.07185628742503));
#6471=CARTESIAN_POINT('',(-4.60146584304917,-9.44758024018087,4.03193612774439));
#6472=CARTESIAN_POINT('',(-5.86239195482502,-8.72138870062601,3.99201596806375));
#6473=CARTESIAN_POINT('',(-7.01091792500196,-7.82798123070632,3.95209580838311));
#6474=CARTESIAN_POINT('',(-8.02502296706953,-6.78448720813967,3.91217564870247));
#6475=CARTESIAN_POINT('',(-8.88526355845146,-5.61091363293526,3.87225548902183));
#6476=CARTESIAN_POINT('',(-9.57514623282452,-4.32976153147382,3.83233532934119));
#6477=CARTESIAN_POINT('',(-10.0814438107569,-2.96559454240723,3.79241516966056));
#6478=CARTESIAN_POINT('',(-10.394449005549,-1.5445679559169,3.75249500997991));
#6479=CARTESIAN_POINT('',(-10.5081605418704,-0.0939272361014762,3.71257485029927));
#6480=CARTESIAN_POINT('',(-10.4203982187243,1.35851435863312,3.67265469061864));
#6481=CARTESIAN_POINT('',(-10.1328447106271,2.78490904155235,3.632734530938));
#6482=CARTESIAN_POINT('',(-9.65101330554688,4.15790842558629,3.59281437125735));
#6483=CARTESIAN_POINT('',(-8.98414219816156,5.45118787629054,3.55289421157672));
#6484=CARTESIAN_POINT('',(-8.14501736516398,6.63995123631051,3.51297405189608));
#6485=CARTESIAN_POINT('',(-7.14972741863855,7.70140624422399,3.47305389221544));
#6486=CARTESIAN_POINT('',(-6.01735513772791,8.61520153251587,3.43313373253479));
#6487=CARTESIAN_POINT('',(-4.7696115928787,9.36381682608547,3.39321357285416));
#6488=CARTESIAN_POINT('',(-3.43041987763376,9.93289885997735,3.35329341317352));
#6489=CARTESIAN_POINT('',(-2.02545642911664,10.311536575756,3.31337325349288));
#6490=CARTESIAN_POINT('',(-0.581658731509829,10.4924703201611,3.27345309381224));
#6491=CARTESIAN_POINT('',(0.873291158629955,10.4722310350595,3.2335329341316));
#6492=CARTESIAN_POINT('',(2.31149736280615,10.2512067699927,3.19361277445096));
#6493=CARTESIAN_POINT('',(3.70538503064308,9.83363524207047,3.15369261477032));
#6494=CARTESIAN_POINT('',(5.02822903484712,9.22752258585827,3.11377245508968));
#6495=CARTESIAN_POINT('',(6.25466637435463,8.44448985107578,3.07385229540904));
#6496=CARTESIAN_POINT('',(7.3611824613173,7.49955019121806,3.0339321357284));
#6497=CARTESIAN_POINT('',(8.32656196830318,6.41082101508155,2.99401197604776));
#6498=CARTESIAN_POINT('',(9.13229559158131,5.19917662013793,2.95409181636712));
#6499=CARTESIAN_POINT('',(9.7629349315828,3.88784796784603,2.91417165668648));
#6500=CARTESIAN_POINT('',(10.2063886863851,2.5019772744439,2.87425149700584));
#6501=CARTESIAN_POINT('',(10.4541544792765,1.06813595708966,2.8343313373252));
#6502=CARTESIAN_POINT('',(10.5014818755505,-0.386184822188799,2.79441117764456));
#6503=CARTESIAN_POINT('',(10.3474634629966,-1.8331012468912,2.75449101796393));
#6504=CARTESIAN_POINT('',(9.995052249792,-3.24487146483988,2.71457085828329));
#6505=CARTESIAN_POINT('',(9.45100504622334,-4.59442748508072,2.67465069860264));
#6506=CARTESIAN_POINT('',(8.72575291578637,-5.85589415478541,2.63473053892201));
#6507=CARTESIAN_POINT('',(7.83320117951458,-7.00508526576627,2.59481037924137));
#6508=CARTESIAN_POINT('',(6.79046280807155,-8.01996727871138,2.55489021956073));
#6509=CARTESIAN_POINT('',(5.61753031330295,-8.88108177411551,2.51497005988008));
#6510=CARTESIAN_POINT('',(4.33689243009957,-9.57191853021897,2.47504990019945));
#6511=CARTESIAN_POINT('',(2.9731029379627,-10.0792320748994,2.43512974051881));
#6512=CARTESIAN_POINT('',(1.5523098892929,-10.3932956422401,2.39520958083817));
#6513=CARTESIAN_POINT('',(0.10175427054821,-10.5080876646433,2.35528942115753));
#6514=CARTESIAN_POINT('',(-1.35075229151553,-10.4214072248603,2.31536926147689));
#6515=CARTESIAN_POINT('',(-2.77736076453961,-10.1349162543654,2.27544910179625));
#6516=CARTESIAN_POINT('',(-4.1507186624382,-9.65410766900243,2.23552894211561));
#6517=CARTESIAN_POINT('',(-5.44449447694995,-8.98820005283959,2.19560878243497));
#6518=CARTESIAN_POINT('',(-6.63388253389459,-8.14996090947021,2.15568862275433));
#6519=CARTESIAN_POINT('',(-7.69607859448243,-7.15546186957582,2.11576846307369));
#6520=CARTESIAN_POINT('',(-8.61071708293215,-6.02377054817867,2.07584830339305));
#6521=CARTESIAN_POINT('',(-9.36026155739443,-4.77658495963049,2.03592814371241));
#6522=CARTESIAN_POINT('',(-9.93034093764922,-3.43781749973034,1.99600798403177));
#6523=CARTESIAN_POINT('',(-10.310025043054,-2.03313647131779,1.95608782435113));
#6524=CARTESIAN_POINT('',(-10.4920341578309,-0.589473943710548,1.91616766467049));
#6525=CARTESIAN_POINT('',(-10.4728786056786,0.865490618160612,1.87624750498985));
#6526=CARTESIAN_POINT('',(-10.2529256576344,2.30386105449677,1.83632734530922));
#6527=CARTESIAN_POINT('',(-9.83639249035515,3.69805936608502,1.79640718562857));
#6528=CARTESIAN_POINT('',(-9.23126532982913,5.02135446963257,1.75648702594793));
#6529=CARTESIAN_POINT('',(-8.44914633078303,6.24837471510952,1.7165668662673));
#6530=CARTESIAN_POINT('',(-7.50503112757862,7.35559433856166,1.67664670658666));
#6531=CARTESIAN_POINT('',(-6.4170213216345,8.32178452359182,1.63672654690602));
#6532=CARTESIAN_POINT('',(-5.20597741787624,9.12842042326967,1.59680638722537));
#6533=CARTESIAN_POINT('',(-3.89511886449391,9.76003633860386,1.55688622754474));
#6534=CARTESIAN_POINT('',(-2.50957886447901,10.2045222437096,1.5169660678641));
#6535=CARTESIAN_POINT('',(-1.0759224945771,10.4533559723692,1.47704590818346));
#6536=CARTESIAN_POINT('',(0.378362629197268,10.5017666142526,1.43712574850283));
#6537=CARTESIAN_POINT('',(1.82539337396981,10.3488259879887,1.39720558882219));
#6538=CARTESIAN_POINT('',(3.23742569569441,9.99746643726608,1.35728542914155));
#6539=CARTESIAN_POINT('',(4.58738657807888,9.45442460875679,1.31736526946091));
#6540=CARTESIAN_POINT('',(5.84939310583844,8.73011228981471,1.27744510978028));
#6541=CARTESIAN_POINT('',(6.99924872004083,7.83841678238731,1.23752495009964));
#6542=CARTESIAN_POINT('',(8.01490714079713,6.79643464058938,1.197604790419));
#6543=CARTESIAN_POINT('',(8.87689506246882,5.62414387701104,1.15768463073836));
#6544=CARTESIAN_POINT('',(9.56868551701982,4.34402092257615,1.11776447105773));
#6545=CARTESIAN_POINT('',(10.077014746986,2.98060968401276,1.07784431137709));
#6546=CARTESIAN_POINT('',(10.3921365126299,1.56005096143334,1.03792415169645));
#6547=CARTESIAN_POINT('',(10.5080089574273,0.109581248541807,0.998003992015814));
#6548=CARTESIAN_POINT('',(10.4224104490986,-1.34298947498627,0.958083832335179));
#6549=CARTESIAN_POINT('',(10.1369821751542,-2.76981094661896,0.918163672654535));
#6550=CARTESIAN_POINT('',(9.65719667626595,-4.14352659642992,0.878243512973899));
#6551=CARTESIAN_POINT('',(8.9922529207778,-5.43779805694981,0.838323353293262));
#6552=CARTESIAN_POINT('',(8.15489993210003,-6.62781015093515,0.798403193612625));
#6553=CARTESIAN_POINT('',(7.16119235059459,-7.69074667488077,0.758483033931988));
#6554=CARTESIAN_POINT('',(6.03018261658445,-8.60622785603814,0.718562874251351));
#6555=CARTESIAN_POINT('',(4.78355567628816,-9.35670109553872,0.678642714570714));
#6556=CARTESIAN_POINT('',(3.44521321449413,-9.92777750587105,0.638722554890076));
#6557=CARTESIAN_POINT('',(2.04081538551694,-10.3085077902498,0.598802395209441));
#6558=CARTESIAN_POINT('',(0.597288828867339,-10.4915921744183,0.558882235528798));
#6559=CARTESIAN_POINT('',(-0.857689597506652,-10.4735203658432,0.518962075848162));
#6560=CARTESIAN_POINT('',(-2.29622346798096,-10.2546388568541,0.479041916167525));
#6561=CARTESIAN_POINT('',(-3.69073164980546,-9.83914428131379,0.439121756486888));
#6562=CARTESIAN_POINT('',(-5.01447711852089,-9.23500295220865,0.39920159680625));
#6563=CARTESIAN_POINT('',(-6.24207958919989,-8.45379812281167,0.359281437125613));
#6564=CARTESIAN_POINT('',(-7.35000213486329,-7.5105079001203,0.319361277444976));
#6565=CARTESIAN_POINT('',(-8.31700246181975,-6.42321806780133,0.27944111776434));
#6566=CARTESIAN_POINT('',(-9.1245401906164,-5.21277532789606,0.239520958083697));
#6567=CARTESIAN_POINT('',(-9.75713232993056,-3.90238759783235,0.199600798403062));
#6568=CARTESIAN_POINT('',(-10.2026501421924,-2.51717907061969,0.159680638722424));
#6569=CARTESIAN_POINT('',(-10.452551655662,-1.08370840362887,0.119760479041787));
#6570=CARTESIAN_POINT('',(-10.5020455644518,0.370540108703285,0.0798403193611496));
#6571=CARTESIAN_POINT('',(-10.3501826296133,1.81768492711697,0.0399201596805546));
#6572=CARTESIAN_POINT('',(-10.1166446145563,2.75921263750346,0.0133067198935014));
#6573=CARTESIAN_POINT('',(-9.96792033490717,3.21965668929844,-3.5527136788005E-15));
#6574=CARTESIAN_POINT('',(-9.96792033490715,3.21965668929848,-3.5527136788005E-15));
#6575=CARTESIAN_POINT('',(-9.83872845191214,3.63536478020261,-0.011970899470903));
#6576=CARTESIAN_POINT('',(-9.5282671769657,4.45122824342385,-0.035912698412702));
#6577=CARTESIAN_POINT('',(-8.913149621796,5.60921250613753,-0.0718253968254004));
#6578=CARTESIAN_POINT('',(-8.15775888243065,6.68319422989734,-0.107738095238099));
#6579=CARTESIAN_POINT('',(-7.2734539260769,7.65624066840993,-0.143650793650797));
#6580=CARTESIAN_POINT('',(-6.27363043959529,8.5129416376142,-0.179563492063496));
#6581=CARTESIAN_POINT('',(-5.17351780599145,9.2396543284412,-0.215476190476194));
#6582=CARTESIAN_POINT('',(-3.98994727354168,9.82472019696618,-0.251388888888892));
#6583=CARTESIAN_POINT('',(-2.74109448301155,10.2586518648236,-0.287301587301591));
#6584=CARTESIAN_POINT('',(-1.44620038782549,10.534286667171,-0.323214285714289));
#6585=CARTESIAN_POINT('',(-0.125274825833606,10.6469044662903,-0.359126984126988));
#6586=CARTESIAN_POINT('',(1.20121268380619,10.5943077726158,-0.395039682539686));
#6587=CARTESIAN_POINT('',(2.51265014261526,10.3768628302597,-0.430952380952385));
#6588=CARTESIAN_POINT('',(3.78860335770339,9.99750091912557,-0.466865079365083));
#6589=CARTESIAN_POINT('',(5.00913433290951,9.4616797454604,-0.502777777777782));
#6590=CARTESIAN_POINT('',(6.15511280526552,8.77730541306795,-0.53869047619048));
#6591=CARTESIAN_POINT('',(7.20851605916741,7.95461608261058,-0.574603174603179));
#6592=CARTESIAN_POINT('',(8.15271231992414,7.00602902583927,-0.610515873015877));
#6593=CARTESIAN_POINT('',(8.97272327127627,5.94595335610236,-0.646428571428575));
#6594=CARTESIAN_POINT('',(9.65546155442874,4.79057125700649,-0.682341269841274));
#6595=CARTESIAN_POINT('',(10.189939484445,3.55759102914826,-0.718253968253972));
#6596=CARTESIAN_POINT('',(10.567445657785,2.26597572252341,-0.754166666666671));
#6597=CARTESIAN_POINT('',(10.7816866156782,0.935651512447142,-0.790079365079369));
#6598=CARTESIAN_POINT('',(10.8288912643991,-0.412799696649012,-0.825992063492068));
#6599=CARTESIAN_POINT('',(10.7078763271262,-1.75845869759735,-0.861904761904766));
#6600=CARTESIAN_POINT('',(10.420071704082,-3.08039351067119,-0.897817460317464));
#6601=CARTESIAN_POINT('',(9.9695052387695,-4.35798498296066,-0.933730158730163));
#6602=CARTESIAN_POINT('',(9.36274701871808,-5.5712483922345,-0.969642857142861));
#6603=CARTESIAN_POINT('',(8.60881396943377,-6.70114603924259,-1.00555555555556));
#6604=CARTESIAN_POINT('',(7.7190361203977,-7.72988593931458,-1.04146825396826));
#6605=CARTESIAN_POINT('',(6.70688652228548,-8.6412019274754,-1.07738095238096));
#6606=CARTESIAN_POINT('',(5.58777736569012,-9.42061076816466,-1.11329365079366));
#6607=CARTESIAN_POINT('',(4.37882538454775,-10.0556422068974,-1.14920634920635));
#6608=CARTESIAN_POINT('',(3.09859011378845,-10.5360383116286,-1.18511904761905));
#6609=CARTESIAN_POINT('',(1.76678900276787,-10.8539189199618,-1.22103174603175));
#6610=CARTESIAN_POINT('',(0.40399375690597,-11.0039105275343,-1.25694444444445));
#6611=CARTESIAN_POINT('',(-0.968687416268998,-10.9832365149583,-1.29285714285715));
#6612=CARTESIAN_POINT('',(-2.32993674870826,-10.7917672069721,-1.32876984126984));
#6613=CARTESIAN_POINT('',(-3.65855797713972,-10.4320288787481,-1.36468253968254));
#6614=CARTESIAN_POINT('',(-4.93380639062639,-9.90917146101365,-1.40059523809524));
#6615=CARTESIAN_POINT('',(-6.13571272125894,-9.23089533789213,-1.43650793650794));
#6616=CARTESIAN_POINT('',(-7.24539582119595,-8.40733826917151,-1.47242063492064));
#6617=CARTESIAN_POINT('',(-8.2453592305535,-7.45092409211812,-1.50833333333334));
#6618=CARTESIAN_POINT('',(-9.1197669785751,-6.3761754572259,-1.54424603174603));
#6619=CARTESIAN_POINT('',(-9.85469427157966,-5.19949341803131,-1.58015873015873));
#6620=CARTESIAN_POINT('',(-10.4383491007345,-3.93890721843342,-1.61607142857143));
#6621=CARTESIAN_POINT('',(-10.8612612450014,-2.6137980935787,-1.65198412698413));
#6622=CARTESIAN_POINT('',(-11.1164356429313,-1.24460131480836,-1.68789682539683));
#6623=CARTESIAN_POINT('',(-11.1994676537226,0.14750894118191,-1.72380952380953));
#6624=CARTESIAN_POINT('',(-11.1086183147215,1.54094703956689,-1.75972222222222));
#6625=CARTESIAN_POINT('',(-10.8448483202984,2.91405058727593,-1.79563492063492));
#6626=CARTESIAN_POINT('',(-10.4118100862372,4.24541719579315,-1.83154761904762));
#6627=CARTESIAN_POINT('',(-9.81579791453453,5.51423807158423,-1.86746031746032));
#6628=CARTESIAN_POINT('',(-9.06565692571303,6.70062323470005,-1.90337301587302));
#6629=CARTESIAN_POINT('',(-8.17265206925718,7.78591328298721,-1.93928571428572));
#6630=CARTESIAN_POINT('',(-7.15029914754047,8.75297281564214,-1.97519841269841));
#6631=CARTESIAN_POINT('',(-6.01416038484956,9.58646090272686,-2.01111111111111));
#6632=CARTESIAN_POINT('',(-4.78160763146909,10.2730743326696,-2.04702380952381));
#6633=CARTESIAN_POINT('',(-3.47155680447835,10.8017597825073,-2.08293650793651));
#6634=CARTESIAN_POINT('',(-2.10417762383991,11.1638915294369,-2.11884920634921));
#6635=CARTESIAN_POINT('',(-0.700583097276951,11.3534118499093,-2.15476190476191));
#6636=CARTESIAN_POINT('',(0.717496465967775,11.3669318259363,-2.1906746031746));
#6637=CARTESIAN_POINT('',(2.12804987938256,11.2037908886896,-2.2265873015873));
#6638=CARTESIAN_POINT('',(3.50912673302909,10.8660740674261,-2.2625));
#6639=CARTESIAN_POINT('',(4.83917897388449,10.3585865674205,-2.2984126984127));
#6640=CARTESIAN_POINT('',(6.09739709723047,9.68878596376537,-2.3343253968254));
#6641=CARTESIAN_POINT('',(7.26403570399147,8.8666729582864,-2.3702380952381));
#6642=CARTESIAN_POINT('',(8.3207233311075,7.90464229415161,-2.40615079365079));
#6643=CARTESIAN_POINT('',(9.25075169387848,6.81729604689035,-2.44206349206349));
#6644=CARTESIAN_POINT('',(10.0393397873263,5.62122210172521,-2.47797619047619));
#6645=CARTESIAN_POINT('',(10.6738686733842,4.33474117605607,-2.51388888888889));
#6646=CARTESIAN_POINT('',(11.1440832264093,2.97762624397377,-2.54980158730159));
#6647=CARTESIAN_POINT('',(11.4422576143465,1.57079865893587,-2.58571428571429));
#6648=CARTESIAN_POINT('',(11.5633218491458,0.136005644223014,-2.62162698412698));
#6649=CARTESIAN_POINT('',(11.5049473392096,-1.30451587746975,-2.65753968253968));
#6650=CARTESIAN_POINT('',(11.2675900095129,-2.72838391884389,-2.69345238095238));
#6651=CARTESIAN_POINT('',(10.8544902118112,-4.11341918596394,-2.72936507936508));
#6652=CARTESIAN_POINT('',(10.2716293178855,-5.43799055612967,-2.76527777777778));
#6653=CARTESIAN_POINT('',(9.52764356264092,-6.68135289435203,-2.80119047619048));
#6654=CARTESIAN_POINT('',(8.63369637061366,-7.82397193290006,-2.83710317460317));
#6655=CARTESIAN_POINT('',(7.6033110486383,-8.84783112653742,-2.87301587301587));
#6656=CARTESIAN_POINT('',(6.45216634893659,-9.73671566387726,-2.90892857142857));
#6657=CARTESIAN_POINT('',(5.19785799096852,-10.4764691587814,-2.94484126984127));
#6658=CARTESIAN_POINT('',(3.85962976784456,-11.0552189597552,-2.98075396825397));
#6659=CARTESIAN_POINT('',(2.45807834545445,-11.4635664935707,-3.01666666666667));
#6660=CARTESIAN_POINT('',(1.01483628207665,-11.6947395946039,-3.05257936507936));
#6661=CARTESIAN_POINT('',(-0.44776185359605,-11.7447043553997,-3.08849206349206));
#6662=CARTESIAN_POINT('',(-1.90702511296718,-11.6122346578173,-3.12440476190476));
#6663=CARTESIAN_POINT('',(-3.34025819795213,-11.298938198136,-3.16031746031746));
#6664=CARTESIAN_POINT('',(-4.72511442985292,-10.8092384936135,-3.19623015873016));
#6665=CARTESIAN_POINT('',(-6.03994416716142,-10.1503130417485,-3.23214285714286));
#6666=CARTESIAN_POINT('',(-7.26413324005103,-9.33198848626374,-3.26805555555555));
#6667=CARTESIAN_POINT('',(-8.37842611130008,-8.36659431499289,-3.30396825396825));
#6668=CARTESIAN_POINT('',(-9.36522869806543,-7.26877726392066,-3.33988095238095));
#6669=CARTESIAN_POINT('',(-10.2088860929942,-6.05527921844708,-3.37579365079365));
#6670=CARTESIAN_POINT('',(-10.8959308020902,-4.74468197783992,-3.41170634920635));
#6671=CARTESIAN_POINT('',(-11.4152975648175,-3.35712277274682,-3.44761904761905));
#6672=CARTESIAN_POINT('',(-11.7585013323291,-1.91398489028587,-3.48353174603174));
#6673=CARTESIAN_POINT('',(-11.9197755446489,-0.437568159238938,-3.51944444444444));
#6674=CARTESIAN_POINT('',(-11.8961684584603,1.04925562712112,-3.55535714285714));
#6675=CARTESIAN_POINT('',(-11.6875959244584,2.52339702626744,-3.59126984126984));
#6676=CARTESIAN_POINT('',(-11.2968496870225,3.96190751091554,-3.62718253968254));
#6677=CARTESIAN_POINT('',(-10.7295609688344,5.34233671449971,-3.66309523809524));
#6678=CARTESIAN_POINT('',(-9.99411979830402,6.64308279634746,-3.69900793650793));
#6679=CARTESIAN_POINT('',(-9.10155122746468,7.84373045883966,-3.73492063492063));
#6680=CARTESIAN_POINT('',(-8.06535026160296,8.92537132773895,-3.77083333333333));
#6681=CARTESIAN_POINT('',(-6.90127796878078,9.87090166851102,-3.80674603174603));
#6682=CARTESIAN_POINT('',(-5.62712184744441,10.665292751978,-3.84265873015873));
#6683=CARTESIAN_POINT('',(-4.2624240939196,11.295829596922,-3.87857142857143));
#6684=CARTESIAN_POINT('',(-2.82818191987396,11.7523142990276,-3.91448412698412));
#6685=CARTESIAN_POINT('',(-1.3465245147444,12.027230697475,-3.95039682539682));
#6686=CARTESIAN_POINT('',(0.159628377399786,12.1158677242879,-3.98630952380952));
#6687=CARTESIAN_POINT('',(1.66692099905747,12.01639941807,-4.02222222222222));
#6688=CARTESIAN_POINT('',(3.15192375429246,11.7299202532393,-4.05813492063492));
#6689=CARTESIAN_POINT('',(4.59149740132655,11.2604351279397,-4.09404761904762));
#6690=CARTESIAN_POINT('',(5.96315360168442,10.6148040577526,-4.12996031746031));
#6691=CARTESIAN_POINT('',(7.2454062080018,9.80264232724467,-4.16587301587301));
#6692=CARTESIAN_POINT('',(8.41810780327991,8.83617754620933,-4.20178571428571));
#6693=CARTESIAN_POINT('',(9.46276622081807,7.73006573167786,-4.23769841269841));
#6694=CARTESIAN_POINT('',(10.3628360727881,6.50116917863005,-4.27361111111111));
#6695=CARTESIAN_POINT('',(11.1039806932103,5.16829948631042,-4.3095238095238));
#6696=CARTESIAN_POINT('',(11.6743003476382,3.75192964664337,-4.3454365079365));
#6697=CARTESIAN_POINT('',(12.0645230876217,2.27387963143015,-4.3813492063492));
#6698=CARTESIAN_POINT('',(12.268155160609,0.756980190369193,-4.4172619047619));
#6699=CARTESIAN_POINT('',(12.281588657409,-0.77527952732733,-4.4531746031746));
#6700=CARTESIAN_POINT('',(12.1041641813493,-2.29911670459682,-4.4890873015873));
#6701=CARTESIAN_POINT('',(11.8601807936777,-3.29358573428101,-4.5130291005291));
#6702=CARTESIAN_POINT('',(11.7076375736976,-3.78158857249622,-4.525));
#6703=CARTESIAN_POINT('',(-10.475,1.92422628316028E-15,20.));
#6704=CARTESIAN_POINT('',(-10.475,0.483867374589359,19.9866932801065));
#6705=CARTESIAN_POINT('',(-10.4078393640431,1.45159868176259,19.9600798403194));
#6706=CARTESIAN_POINT('',(-10.1075480171501,2.87536677503656,19.9201596806387));
#6707=CARTESIAN_POINT('',(-9.61346378893834,4.2440044765705,19.8802395209581));
#6708=CARTESIAN_POINT('',(-8.93505979851023,5.53127171585256,19.8403193612774));
#6709=CARTESIAN_POINT('',(-8.08534314351,6.71248735709704,19.8003992015968));
#6710=CARTESIAN_POINT('',(-7.08060551392991,7.76500391921351,19.7604790419162));
#6711=CARTESIAN_POINT('',(-5.94011083014659,8.66864139424515,19.7205588822355));
#6712=CARTESIAN_POINT('',(-4.68572589413064,9.40607426854254,19.6806387225549));
#6713=CARTESIAN_POINT('',(-3.34150113538492,9.96316367733569,19.6407185628743));
#6714=CARTESIAN_POINT('',(-1.93320949000583,10.3292284981611,19.6007984031936));
#6715=CARTESIAN_POINT('',(-0.487852253978514,10.4972501388542,19.560878243513));
#6716=CARTESIAN_POINT('',(0.966858614976977,10.4640071061737,19.5209580838323));
#6717=CARTESIAN_POINT('',(2.40303182113766,10.2301367716176,19.4810379241517));
#6718=CARTESIAN_POINT('',(3.79313149297244,9.80012315108464,19.4411177644711));
#6719=CARTESIAN_POINT('',(5.11050513075854,9.18221093244403,19.4011976047904));
#6720=CARTESIAN_POINT('',(6.3298946172348,8.38824739943369,19.3612774451098));
#6721=CARTESIAN_POINT('',(7.42792049364099,7.43345528267658,19.3213572854291));
#6722=CARTESIAN_POINT('',(8.38353021607722,6.33614089296666,19.2814371257485));
#6723=CARTESIAN_POINT('',(9.17840179772604,5.11734313280864,19.2415169660679));
#6724=CARTESIAN_POINT('',(9.79729509787033,3.8004301157435,19.2015968063872));
#6725=CARTESIAN_POINT('',(10.2283440224129,2.41065112751199,19.1616766467066));
#6726=CARTESIAN_POINT('',(10.4632840335118,0.974652519342767,19.1217564870259));
#6727=CARTESIAN_POINT('',(10.4976106062704,-0.480033184815265,19.0818363273453));
#6728=CARTESIAN_POINT('',(10.3306655943776,-1.92551517172594,19.0419161676647));
#6729=CARTESIAN_POINT('',(9.96564984880366,-3.33407909180986,19.001996007984));
#6730=CARTESIAN_POINT('',(9.40956184761081,-4.67871842873573,18.9620758483034));
#6731=CARTESIAN_POINT('',(8.67306351353589,-5.93365229766428,18.9221556886228));
#6732=CARTESIAN_POINT('',(7.7702757920352,-7.07481974435503,18.8822355289421));
#6733=CARTESIAN_POINT('',(6.71850790919125,-8.08034106789674,18.8423153692615));
#6734=CARTESIAN_POINT('',(5.53792550044293,-8.93093732208149,18.8023952095808));
#6735=CARTESIAN_POINT('',(4.25116397313505,-9.61029995228675,18.7624750499002));
#6736=CARTESIAN_POINT('',(2.8828945159203,-10.105403480786,18.7225548902196));
#6737=CARTESIAN_POINT('',(1.45935107595224,-10.4067552453453,18.6826347305389));
#6738=CARTESIAN_POINT('',(0.00782737317617338,-10.5085774028473,18.6427145708583));
#6739=CARTESIAN_POINT('',(-1.44384640449426,-10.4089177083707,18.6027944111776));
#6740=CARTESIAN_POINT('',(-2.86783719174665,-10.1096869457486,18.562874251497));
#6741=CARTESIAN_POINT('',(-4.23684269160801,-9.616622291947,18.5229540918164));
#6742=CARTESIAN_POINT('',(-5.52461484471626,-8.93917731768113,18.4830339321357));
#6743=CARTESIAN_POINT('',(-6.70646308560393,-8.09034073329647,18.4431137724551));
#6744=CARTESIAN_POINT('',(-7.75972773701849,-7.08638735511615,18.4031936127745));
#6745=CARTESIAN_POINT('',(-8.66421446584944,-5.94656606699778,18.3632734530938));
#6746=CARTESIAN_POINT('',(-9.40258147080161,-4.69273075983935,18.3233532934132));
#6747=CARTESIAN_POINT('',(-9.96067197823241,-3.3489213250627,18.2834331337325));
#6748=CARTESIAN_POINT('',(-10.3277856711819,-1.94090273572231,18.2435129740519));
#6749=CARTESIAN_POINT('',(-10.4968838474635,-0.495671052476563,18.2035928143713));
#6750=CARTESIAN_POINT('',(-10.4647243733025,0.959064174188689,18.1636726546906));
#6751=CARTESIAN_POINT('',(-10.2319238450434,2.39541118153802,18.12375249501));
#6752=CARTESIAN_POINT('',(-9.80294576709554,3.78583076573528,18.0838323353293));
#6753=CARTESIAN_POINT('',(-9.18601497278235,5.10366429335067,18.0439121756487));
#6754=CARTESIAN_POINT('',(-8.39295992890913,6.32364482961605,18.0039920159681));
#6755=CARTESIAN_POINT('',(-7.43898594755906,7.4223815835231,17.9640718562874));
#6756=CARTESIAN_POINT('',(-6.34238365334607,8.37880838145692,17.9241516966068));
#6757=CARTESIAN_POINT('',(-5.12417829570709,9.17458757074172,17.8842315369261));
#6758=CARTESIAN_POINT('',(-3.80772662999902,9.79446160902173,17.8443113772455));
#6759=CARTESIAN_POINT('',(-2.41826909643362,10.2265455984237,17.8043912175649));
#6760=CARTESIAN_POINT('',(-0.98244588296181,10.4625551557187,17.7644710578842));
#6761=CARTESIAN_POINT('',(0.472213849325032,10.4979652495095,17.7245508982036));
#6762=CARTESIAN_POINT('',(1.91781978515164,10.3320969590439,17.684630738523));
#6763=CARTESIAN_POINT('',(3.32665519845547,9.96813049122017,17.6447105788423));
#6764=CARTESIAN_POINT('',(4.67170836754253,9.4130442062086,17.6047904191617));
#6765=CARTESIAN_POINT('',(5.92719047313419,8.67748082075618,17.564870259481));
#6766=CARTESIAN_POINT('',(7.06903004960161,7.77554335446943,17.5249500998004));
#6767=CARTESIAN_POINT('',(8.07533450923193,6.724524731415,17.4850299401198));
#6768=CARTESIAN_POINT('',(8.92680989068213,5.54457622140987,17.4451097804391));
#6769=CARTESIAN_POINT('',(9.60713078374756,4.25832107800412,17.4051896207585));
#6770=CARTESIAN_POINT('',(10.103253337846,2.89042078090862,17.3652694610778));
#6771=CARTESIAN_POINT('',(10.4056653528787,1.46710219933845,17.3253493013972));
#6772=CARTESIAN_POINT('',(10.5085686574555,0.0156547420096457,17.2854291417166));
#6773=CARTESIAN_POINT('',(10.4099902777298,-1.43609286502463,17.2455089820359));
#6774=CARTESIAN_POINT('',(10.1118202653947,-2.86030614091527,17.2055888223553));
#6775=CARTESIAN_POINT('',(9.61977545956036,-4.22967852289562,17.1656686626747));
#6776=CARTESIAN_POINT('',(8.9432898773098,-5.5179549173414,17.125748502994));
#6777=CARTESIAN_POINT('',(8.09533383448347,-6.70043509092293,17.0858283433134));
#6778=CARTESIAN_POINT('',(7.09216526470602,-7.75444725028816,17.0459081836327));
#6779=CARTESIAN_POINT('',(5.95301800463653,-8.6597827302928,17.0059880239521));
#6780=CARTESIAN_POINT('',(4.69973302197562,-9.39908345646298,16.9660678642715));
#6781=CARTESIAN_POINT('',(3.35633965672657,-9.95817475283943,16.9261477045908));
#6782=CARTESIAN_POINT('',(1.94859490460725,-10.3263371142503,16.8862275449102));
#6783=CARTESIAN_POINT('',(0.50348957597164,-10.4965117322991,16.8463073852295));
#6784=CARTESIAN_POINT('',(-0.95126920130215,-10.465435834501,16.8063872255489));
#6785=CARTESIAN_POINT('',(-2.38778921294086,-10.2337052416985,16.7664670658683));
#6786=CARTESIAN_POINT('',(-3.77852793808234,-9.80576294433714,16.7265469061876));
#6787=CARTESIAN_POINT('',(-5.0968206243802,-9.18981391663056,16.686626746507));
#6788=CARTESIAN_POINT('',(-6.31739153357767,-8.39766780188913,16.6467065868263));
#6789=CARTESIAN_POINT('',(-7.41683855539579,-7.44451248522014,16.6067864271457));
#6790=CARTESIAN_POINT('',(-8.37408189819233,-6.3486228949097,16.5668662674651));
#6791=CARTESIAN_POINT('',(-9.17076825360715,-5.13101061566193,16.5269461077844));
#6792=CARTESIAN_POINT('',(-9.79162268611075,-3.8150210316911,16.4870259481038));
#6793=CARTESIAN_POINT('',(-10.2247415006477,-2.42588572367637,16.4471057884232));
#6794=CARTESIAN_POINT('',(-10.4618204731985,-0.990238701510629,16.4071856287425));
#6795=CARTESIAN_POINT('',(-10.4983140683758,0.464394251845689,16.3672654690619));
#6796=CARTESIAN_POINT('',(-10.3335225913627,1.91012333455204,16.3273453093812));
#6797=CARTESIAN_POINT('',(-9.97060560322131,3.31922945944024,16.2874251497006));
#6798=CARTESIAN_POINT('',(-9.41652134235831,4.66469571443997,16.24750499002));
#6799=CARTESIAN_POINT('',(-8.68189331362612,5.92072536014111,16.2075848303393));
#6800=CARTESIAN_POINT('',(-7.78080660295696,7.06323643288156,16.1676646706587));
#6801=CARTESIAN_POINT('',(-6.73053782280742,8.07032347029306,16.127744510978));
#6802=CARTESIAN_POINT('',(-5.55122386619237,8.92267750660195,16.0878243512974));
#6803=CARTESIAN_POINT('',(-4.26547582031558,9.60395628507894,16.0479041916168));
#6804=CARTESIAN_POINT('',(-2.89794544226369,10.101097589523,16.0079840319361));
#6805=CARTESIAN_POINT('',(-1.47485250876236,10.4045696872481,15.9680638722555));
#6806=CARTESIAN_POINT('',(-0.0234821021579302,10.5085540818079,15.9281437125749));
#6807=CARTESIAN_POINT('',(1.42833852879655,10.4110570715254,15.8882235528942));
#6808=CARTESIAN_POINT('',(2.85277350315811,10.1139479749049,15.8483033932136));
#6809=CARTESIAN_POINT('',(4.2225120075164,9.62292329002908,15.8083832335329));
#6810=CARTESIAN_POINT('',(5.5112919285515,8.94739747511461,15.7684630738523));
#6811=CARTESIAN_POINT('',(6.69440337877543,8.10032244430086,15.7285429141717));
#6812=CARTESIAN_POINT('',(7.74916246131518,7.09793923949394,15.688622754491));
#6813=CARTESIAN_POINT('',(8.65534619020465,5.95946663948327,15.6487025948104));
#6814=CARTESIAN_POINT('',(9.39558022742163,4.70673267665456,15.6087824351297));
#6815=CARTESIAN_POINT('',(9.95567200255449,3.36375612626076,15.5688622754491));
#6816=CARTESIAN_POINT('',(10.3248828281667,1.95628599239296,15.5289421157685));
#6817=CARTESIAN_POINT('',(10.4961337935681,0.51130782012593,15.4890219560878));
#6818=CARTESIAN_POINT('',(10.4661414893742,-0.943473700642131,15.4491017964072));
#6819=CARTESIAN_POINT('',(10.2354809605948,-2.38016591957501,15.4091816367266));
#6820=CARTESIAN_POINT('',(9.80857468124639,-3.7712230140654,15.3692614770459));
#6821=CARTESIAN_POINT('',(9.19360776188092,-5.08997412764417,15.3293413173653));
#6822=CARTESIAN_POINT('',(8.40237101576161,-6.31113473258916,15.2894211576846));
#6823=CARTESIAN_POINT('',(7.45003489259353,-7.41129141233449,15.249500998004));
#6824=CARTESIAN_POINT('',(6.3548586141958,-8.36935076890588,15.2095808383234));
#6825=CARTESIAN_POINT('',(5.13784008888235,-9.1669438484414,15.1696606786427));
#6826=CARTESIAN_POINT('',(3.82231331677254,-9.78877833071254,15.1297405189621));
#6827=CARTESIAN_POINT('',(2.43350100501419,-10.222931730086,15.0898203592814));
#6828=CARTESIAN_POINT('',(0.998030970665403,-10.4610799863588,15.0499001996008));
#6829=CARTESIAN_POINT('',(-0.456574396715926,-10.4986570626756,15.0099800399202));
#6830=CARTESIAN_POINT('',(-1.90242582419751,-10.334942490543,14.9700598802395));
#6831=CARTESIAN_POINT('',(-3.31180187888434,-9.97307518343376,14.9301397205589));
#6832=CARTESIAN_POINT('',(-4.657680473319,-9.41999325413066,14.8902195608783));
#6833=CARTESIAN_POINT('',(-5.91425696227221,-8.68630098969744,14.8502994011976));
#6834=CARTESIAN_POINT('',(-7.05743889740945,-7.78606553457754,14.810379241517));
#6835=CARTESIAN_POINT('',(-8.06530795386047,-6.73654718003216,14.7704590818363));
#6836=CARTESIAN_POINT('',(-8.91854017213376,-5.55786843110202,14.7305389221557));
#6837=CARTESIAN_POINT('',(-9.60077645804224,-4.27262819609967,14.6906187624751));
#6838=CARTESIAN_POINT('',(-10.0989362370131,-2.9054684958105,14.6506986027944));
#6839=CARTESIAN_POINT('',(-10.4034682490613,-1.48260199992377,14.6107784431138));
#6840=CARTESIAN_POINT('',(-10.5085336759126,-0.0313094492780976,14.5708582834331));
#6841=CARTESIAN_POINT('',(-10.4121180891656,1.42058340011242,14.5309381237525));
#6842=CARTESIAN_POINT('',(-10.1160700730987,2.84523928265457,14.4910179640719));
#6843=CARTESIAN_POINT('',(-9.62606578160662,4.21534314944658,14.4510978043912));
#6844=CARTESIAN_POINT('',(-8.95150010881652,5.5046258820434,14.4111776447106));
#6845=CARTESIAN_POINT('',(-8.10530655998079,6.68836795250803,14.3712574850299));
#6846=CARTESIAN_POINT('',(-7.10370927627632,7.74387337303173,14.3313373253493));
#6847=CARTESIAN_POINT('',(-5.96591196796011,8.6509048480465,14.2914171656687));
#6848=CARTESIAN_POINT('',(-4.71372971999254,9.39207178562127,14.251497005988));
#6849=CARTESIAN_POINT('',(-3.37117072955042,9.95316372876617,14.2115768463074));
#6850=CARTESIAN_POINT('',(-1.96397599481221,10.323422813738,14.1716566866268));
#6851=CARTESIAN_POINT('',(-0.519125780601664,10.4957500314803,14.1317365269461));
#6852=CARTESIAN_POINT('',(0.935677676533771,10.4668413375307,14.0918163672655));
#6853=CARTESIAN_POINT('',(2.37254130567003,10.2372510007469,14.0518962075848));
#6854=CARTESIAN_POINT('',(3.76391599773734,9.81138097626329,14.0119760479042));
#6855=CARTESIAN_POINT('',(5.08312480694111,9.19739650642854,13.9720558882236));
#6856=CARTESIAN_POINT('',(6.30487443012189,8.40706956791719,13.9321357285429));
#6857=CARTESIAN_POINT('',(7.40574015741683,7.45555316661533,13.8922155688623));
#6858=CARTESIAN_POINT('',(8.36461499622246,6.36109080774474,13.8522954091816));
#6859=CARTESIAN_POINT('',(9.16311435736629,5.14466671157927,13.812375249501));
#6860=CARTESIAN_POINT('',(9.78592854440519,3.82960348119749,13.7724550898204));
#6861=CARTESIAN_POINT('',(10.2211162877426,2.44111493622207,13.7325349301397));
#6862=CARTESIAN_POINT('',(10.4603336956105,1.00582268610293,13.6926147704591));
#6863=CARTESIAN_POINT('',(10.4989942322186,-0.448754288274242,13.6526946107785));
#6864=CARTESIAN_POINT('',(10.3363566557969,-1.89472725835866,13.6127744510978));
#6865=CARTESIAN_POINT('',(9.97553923048739,-3.30437246090862,13.5728542914172));
#6866=CARTESIAN_POINT('',(9.42345993959939,-4.65066264807173,13.5329341317365));
#6867=CARTESIAN_POINT('',(8.69070384652475,-5.90778528311617,13.4930139720559));
#6868=CARTESIAN_POINT('',(7.79132014641345,-7.05163744640179,13.4530938123753));
#6869=CARTESIAN_POINT('',(6.74255279975521,-8.0602879627168,13.4131736526946));
#6870=CARTESIAN_POINT('',(5.56450991245238,-8.91439788957299,13.373253493014));
#6871=CARTESIAN_POINT('',(4.27977820138823,-9.59759130440165,13.3333333333333));
#6872=CARTESIAN_POINT('',(2.91298993737524,-10.0967692815155,13.2934131736527));
#6873=CARTESIAN_POINT('',(1.49035066852324,-10.4023610389294,13.2534930139721));
#6874=CARTESIAN_POINT('',(0.0391367790274981,-10.5085074397809,13.2135728542914));
#6875=CARTESIAN_POINT('',(-1.41282748327482,-10.4131733300617,13.1736526946108));
#6876=CARTESIAN_POINT('',(-2.83770348358466,-10.1181865587987,13.1337325349302));
#6877=CARTESIAN_POINT('',(-4.20817195266349,-9.62920293254954,13.0938123752495));
#6878=CARTESIAN_POINT('',(-5.49795678151546,-8.95559777613936,13.0538922155689));
#6879=CARTESIAN_POINT('',(-6.68232881546921,-8.11028617875806,13.0139720558882));
#6880=CARTESIAN_POINT('',(-7.73857998837222,-7.10947537185193,12.9740518962076));
#6881=CARTESIAN_POINT('',(-8.64645870628244,-5.97235398649116,12.934131736527));
#6882=CARTESIAN_POINT('',(-9.3885581330084,-4.72072414810758,12.8942115768463));
#6883=CARTESIAN_POINT('',(-9.95064993286609,-3.37858346248189,12.8542914171657));
#6884=CARTESIAN_POINT('',(-10.3219570717742,-1.97166490759855,12.814371257485));
#6885=CARTESIAN_POINT('',(-10.4953604462486,-0.526943453061399,12.7744510978044));
#6886=CARTESIAN_POINT('',(-10.467535378582,0.927881133302344,12.7345309381238));
#6887=CARTESIAN_POINT('',(-10.2390153611729,2.36491537545611,12.6946107784431));
#6888=CARTESIAN_POINT('',(-9.81418182783087,3.75660689315218,12.6546906187625));
#6889=CARTESIAN_POINT('',(-9.20118014817139,5.07627266607112,12.6147704590818));
#6890=CARTESIAN_POINT('',(-8.41176345574904,6.29861062964913,12.5748502994012));
#6891=CARTESIAN_POINT('',(-7.46106730422392,7.40018479372272,12.5349301397206));
#6892=CARTESIAN_POINT('',(-6.3673194720988,8.35987458276951,12.4950099800399));
#6893=CARTESIAN_POINT('',(-5.15149047996521,9.15927978250648,12.4550898203593));
#6894=CARTESIAN_POINT('',(-3.83689152092129,9.78307332876977,12.4151696606787));
#6895=CARTESIAN_POINT('',(-2.44872751307571,10.2192951746248,12.375249500998));
#6896=CARTESIAN_POINT('',(-1.01361384350029,10.4595816013677,12.3353293413174));
#6897=CARTESIAN_POINT('',(0.440933930859327,10.4993255768178,12.2954091816367));
#6898=CARTESIAN_POINT('',(1.88702764130676,10.3377650863399,12.2554890219561));
#6899=CARTESIAN_POINT('',(3.29694120963501,9.97799774301511,12.2155688622755));
#6900=CARTESIAN_POINT('',(4.64364224259172,9.42692139684117,12.1756487025948));
#6901=CARTESIAN_POINT('',(5.90131032626357,8.69510188166528,12.1357285429142));
#6902=CARTESIAN_POINT('',(7.04583208307729,7.79657043554939,12.0958083832336));
#6903=CARTESIAN_POINT('',(8.05526349964719,6.74855467864459,12.0558882235529));
#6904=CARTESIAN_POINT('',(8.91025066121782,5.57114830655868,12.0159680638723));
#6905=CARTESIAN_POINT('',(9.59440082592434,4.28692583221432,11.9760479041916));
#6906=CARTESIAN_POINT('',(10.0945967242323,2.92050976278491,11.936127744511));
#6907=CARTESIAN_POINT('',(10.4012480574667,1.4980985102617,11.8962075848304));
#6908=CARTESIAN_POINT('',(10.5084753734274,0.046964087063434,11.8562874251497));
#6909=CARTESIAN_POINT('',(10.4142227936282,-1.40507078258684,11.8163672654691));
#6910=CARTESIAN_POINT('',(10.1202974308307,-2.83016611012934,11.7764471057884));
#6911=CARTESIAN_POINT('',(9.63233474111728,-4.20099842114578,11.7365269461078));
#6912=CARTESIAN_POINT('',(8.95969047480971,-5.49128463066778,11.6966067864272));
#6913=CARTESIAN_POINT('',(8.1152612978699,-6.67628597100957,11.6566866267465));
#6914=CARTESIAN_POINT('',(7.11523752302164,-7.73328231027349,11.6167664670659));
#6915=CARTESIAN_POINT('',(5.97879269150229,-8.64200776737923,11.5768463073852));
#6916=CARTESIAN_POINT('',(4.72771595711909,-9.38503927153242,11.5369261477046));
#6917=CARTESIAN_POINT('',(3.38599432094248,-9.94813061624893,11.497005988024));
#6918=CARTESIAN_POINT('',(1.97935272648609,-10.3204856030885,11.4570858283433));
#6919=CARTESIAN_POINT('',(0.534760833167796,-10.4949650380892,11.4171656686627));
#6920=CARTESIAN_POINT('',(-0.920084075273467,-10.4682236121432,11.3772455089821));
#6921=CARTESIAN_POINT('',(-2.35728813316421,-10.2407740408939,11.3373253493014));
#6922=CARTESIAN_POINT('',(-3.74929570436508,-9.81697723439521,11.2974051896208));
#6923=CARTESIAN_POINT('',(-5.06941770883582,-9.20495868501026,11.2574850299401));
#6924=CARTESIAN_POINT('',(-6.29234333464612,-8.41645267665296,11.2175648702595));
#6925=CARTESIAN_POINT('',(-7.39462532433431,-7.46657730236002,11.1776447105789));
#6926=CARTESIAN_POINT('',(-8.35512953117707,-6.37354460380227,11.1377245508982));
#6927=CARTESIAN_POINT('',(-9.15544012598942,-5.15831139025427,11.0978043912176));
#6928=CARTESIAN_POINT('',(-9.7802126853904,-3.84417743190047,11.057884231537));
#6929=CARTESIAN_POINT('',(-10.2174683917429,-2.45633873135158,11.0179640718563));
#6930=CARTESIAN_POINT('',(-10.4588237040475,-1.02140443853485,10.9780439121757));
#6931=CARTESIAN_POINT('',(-10.4996510962894,0.43311332880999,10.938123752495));
#6932=CARTESIAN_POINT('',(-10.3391677813906,1.87932697731362,10.8982035928144));
#6933=CARTESIAN_POINT('',(-9.98045071965292,3.28950812918645,10.8582834331338));
#6934=CARTESIAN_POINT('',(-9.43037762393553,4.63661926077397,10.8183632734531));
#6935=CARTESIAN_POINT('',(-8.69949509267895,5.8948320953068,10.7784431137725));
#6936=CARTESIAN_POINT('',(-7.8018163990724,7.04002281065688,10.7385229540918));
#6937=CARTESIAN_POINT('',(-6.75455281337029,8.05023456743937,10.6986027944112));
#6938=CARTESIAN_POINT('',(-5.57778360973774,8.90609848936925,10.6586826347306));
#6939=CARTESIAN_POINT('',(-4.29407108461223,9.59120502438047,10.6187624750499));
#6940=CARTESIAN_POINT('',(-2.92802796786722,10.0924185663691,10.5788423153693));
#6941=CARTESIAN_POINT('',(-1.50584552084032,10.4001293052908,10.5389221556886));
#6942=CARTESIAN_POINT('',(-0.0547913690429401,10.5084374768698,10.499001996008));
#6943=CARTESIAN_POINT('',(1.39731330235229,10.4152664792829,10.4590818363274));
#6944=CARTESIAN_POINT('',(2.82262716647078,10.1224026880235,10.4191616766467));
#6945=CARTESIAN_POINT('',(4.19382255887379,9.63546120557213,10.3792415169661));
#6946=CARTESIAN_POINT('',(5.48460943320252,8.96377820255667,10.3393213572854));
#6947=CARTESIAN_POINT('',(6.6702394224821,8.12023191455576,10.2994011976048));
#6948=CARTESIAN_POINT('',(7.7279803416751,7.1209957265882,10.2594810379242));
#6949=CARTESIAN_POINT('',(8.63755203380663,5.9852280794208,10.2195608782435));
#6950=CARTESIAN_POINT('',(9.38151520314591,4.7347051431474,10.1796407185629));
#6951=CARTESIAN_POINT('',(9.94560578031264,3.39340330081999,10.1397205588822));
#6952=CARTESIAN_POINT('',(10.3190084084974,1.98703944720887,10.0998003992016));
#6953=CARTESIAN_POINT('',(10.4945638072214,0.542577916582988,10.059880239521));
#6954=CARTESIAN_POINT('',(10.4689060378324,-0.912286506773765,10.0199600798403));
#6955=CARTESIAN_POINT('',(10.242527038934,-2.34965958302676,9.98003992015969));
#6956=CARTESIAN_POINT('',(9.81976719440508,-3.74198243543314,9.94011976047905));
#6957=CARTESIAN_POINT('',(9.20873211484838,-5.06255993903917,9.90019960079841));
#6958=CARTESIAN_POINT('',(8.42113722802676,-6.28607254859072,9.86027944111777));
#6959=CARTESIAN_POINT('',(7.47208315796597,-7.38906175233673,9.82035928143713));
#6960=CARTESIAN_POINT('',(6.37976619940061,-8.35037984407833,9.78043912175649));
#6961=CARTESIAN_POINT('',(5.16512943866128,-9.15159538994589,9.74051896207585));
#6962=CARTESIAN_POINT('',(3.85146121009176,-9.77734661585457,9.70059880239521));
#6963=CARTESIAN_POINT('',(2.46394858682585,-10.2156359401108,9.66067864271457));
#6964=CARTESIAN_POINT('',(1.02919446688321,-10.4580600040706,9.62075848303393));
#6965=CARTESIAN_POINT('',(-0.425292486466336,-10.4999707904527,9.58083832335329));
#6966=CARTESIAN_POINT('',(-1.87162527065282,-10.3405647401705,9.54091816367266));
#6967=CARTESIAN_POINT('',(-3.28207322368804,-9.9828981590395,9.50099800399201));
#6968=CARTESIAN_POINT('',(-4.62959370651601,-9.43382861896439,9.46107784431138));
#6969=CARTESIAN_POINT('',(-5.88835059384103,-8.70388347712768,9.42115768463074));
#6970=CARTESIAN_POINT('',(-7.03420963236442,-7.80705803407121,9.38123752495009));
#6971=CARTESIAN_POINT('',(-8.04520116888407,-6.76054720060371,9.34131736526946));
#6972=CARTESIAN_POINT('',(-8.90194137633147,-5.58441581830741,9.30139720558881));
#6973=CARTESIAN_POINT('',(-9.58800390154349,-4.30121395461687,9.26147704590818));
#6974=CARTESIAN_POINT('',(-10.0902348091344,-2.93554454845022,9.22155688622754));
#6975=CARTESIAN_POINT('',(-10.3990047830225,-1.51359169596024,9.1816367265469));
#6976=CARTESIAN_POINT('',(-10.5083937501293,-0.0626186206226927,9.14171656686626));
#6977=CARTESIAN_POINT('',(-10.4163043864466,1.3895550468757,9.10179640718562));
#6978=CARTESIAN_POINT('',(-10.1245023292088,2.81508665679215,9.06187624750498));
#6979=CARTESIAN_POINT('',(-9.63858232417932,4.18664436982916,9.02195608782434));
#6980=CARTESIAN_POINT('',(-8.96786095711212,5.47793119282346,8.9820359281437));
#6981=CARTESIAN_POINT('',(-8.12519802605771,6.66418917324171,8.94211576846306));
#6982=CARTESIAN_POINT('',(-7.12674997935672,7.72267408551877,8.90219560878242));
#6983=CARTESIAN_POINT('',(-5.99166014667614,8.6330915080368,8.86227544910178));
#6984=CARTESIAN_POINT('',(-4.74169170231477,9.37798592980409,8.82235528942114));
#6985=CARTESIAN_POINT('',(-3.40081039800383,9.94307542645801,8.7824351297405));
#6986=CARTESIAN_POINT('',(-1.99472506550231,10.3175254888205,8.74251497005986));
#6987=CARTESIAN_POINT('',(-0.550394698970131,10.4941567538678,8.70259481037922));
#6988=CARTESIAN_POINT('',(0.904488432129183,10.4695826552709,8.66267465069858));
#6989=CARTESIAN_POINT('',(2.34202972927585,10.2442743543207,8.62275449101794));
#6990=CARTESIAN_POINT('',(3.73466709041347,9.82255170631271,8.5828343313373));
#6991=CARTESIAN_POINT('',(5.05569936048553,9.21250043559241,8.54291417165666));
#6992=CARTESIAN_POINT('',(6.27979827496162,8.42581710727175,8.50299401197602));
#6993=CARTESIAN_POINT('',(7.38349408081626,7.47758486798749,8.46307385229538));
#6994=CARTESIAN_POINT('',(8.34562552410805,6.38598425544256,8.42315369261475));
#6995=CARTESIAN_POINT('',(9.14774557650862,5.17194462140415,8.3832335329341));
#6996=CARTESIAN_POINT('',(9.7744751217521,3.85874285145481,8.34331337325347));
#6997=CARTESIAN_POINT('',(10.2137978207448,2.47155707527737,8.30339321357283));
#6998=CARTESIAN_POINT('',(10.4572905018606,1.03698392422435,8.26347305389219));
#6999=CARTESIAN_POINT('',(10.5002846591303,-0.417471408166397,8.22355289421155));
#7000=CARTESIAN_POINT('',(10.3419559619048,-1.86392252559625,8.18363273453091));
#7001=CARTESIAN_POINT('',(9.98534005981735,-3.27463649726362,8.14371257485027));
#7002=CARTESIAN_POINT('',(9.43727438001364,-4.62256558371457,8.10379241516963));
#7003=CARTESIAN_POINT('',(8.70826703257745,-5.88186582546125,8.06387225548899));
#7004=CARTESIAN_POINT('',(7.81229533763851,-7.02839255142425,8.02395209580835));
#7005=CARTESIAN_POINT('',(6.76653783701997,-8.04016330677315,7.98403193612771));
#7006=CARTESIAN_POINT('',(5.59104492858904,-8.89777932441028,7.94411177644707));
#7007=CARTESIAN_POINT('',(4.30835443826629,-9.58479745918897,7.90419161676643));
#7008=CARTESIAN_POINT('',(2.94305950036463,-10.0880454537397,7.86427145708579));
#7009=CARTESIAN_POINT('',(1.52133703132482,-10.3978744912854,7.82435129740515));
#7010=CARTESIAN_POINT('',(0.0704458374610273,-10.5083441932299,7.78443113772451));
#7011=CARTESIAN_POINT('',(-1.38179602046049,-10.4173365145436,7.74451097804387));
#7012=CARTESIAN_POINT('',(-2.80754458527615,-10.1265963532221,7.70459081836323));
#7013=CARTESIAN_POINT('',(-4.17946385799364,-9.64169809520756,7.66467065868259));
#7014=CARTESIAN_POINT('',(-5.47124991323505,-8.97193873621135,7.62475049900196));
#7015=CARTESIAN_POINT('',(-6.65813522664455,-8.130159629621,7.58483033932131));
#7016=CARTESIAN_POINT('',(-7.71736354474797,-7.13250027813524,7.54491017964067));
#7017=CARTESIAN_POINT('',(-8.62862619254408,-5.99808888970033,7.50499001996004));
#7018=CARTESIAN_POINT('',(-9.37445145346473,-4.74867563074561,7.46506986027939));
#7019=CARTESIAN_POINT('',(-9.94053955608872,-3.40821560838509,7.42514970059876));
#7020=CARTESIAN_POINT('',(-10.3160368448804,-2.00240957710294,7.38522954091812));
#7021=CARTESIAN_POINT('',(-10.4937438782544,-0.558211175992958,7.34530938123748));
#7022=CARTESIAN_POINT('',(-10.4702534640834,0.896689855665647,7.30538922155684));
#7023=CARTESIAN_POINT('',(-10.2460159860846,2.33439857614414,7.2654690618762));
#7024=CARTESIAN_POINT('',(-9.82533076857341,3.72734967336428,7.22554890219556));
#7025=CARTESIAN_POINT('',(-9.21626364515187,5.04883597698086,7.18562874251492));
#7026=CARTESIAN_POINT('',(-8.4304923117917,6.27352051723952,7.14570858283428));
#7027=CARTESIAN_POINT('',(-7.4830824293724,7.37792231286168,7.10578842315364));
#7028=CARTESIAN_POINT('',(-6.39219876847852,8.34086657390381,7.065868263473));
#7029=CARTESIAN_POINT('',(-5.17875693470199,9.14389068781338,7.02594810379236));
#7030=CARTESIAN_POINT('',(-3.8660223519499,9.77159820467604,6.98602794411172));
#7031=CARTESIAN_POINT('',(-2.47916419248505,10.2119540346647,6.94610778443108));
#7032=CARTESIAN_POINT('',(-1.04477280623675,10.4565151978445,6.90618762475044));
#7033=CARTESIAN_POINT('',(0.409650098249273,10.5005927021482,6.8662674650698));
#7034=CARTESIAN_POINT('',(1.85621874641739,10.3433414458217,6.82634730538916));
#7035=CARTESIAN_POINT('',(3.26719795403912,9.98777642063171,6.78642714570853));
#7036=CARTESIAN_POINT('',(4.61553489626892,9.44071490517154,6.74650698602788));
#7037=CARTESIAN_POINT('',(5.87537779376527,8.71264575659622,6.70658682634724));
#7038=CARTESIAN_POINT('',(7.02257157106373,7.81752830686859,6.6666666666666));
#7039=CARTESIAN_POINT('',(8.03512098390165,6.77252471929543,6.62674650698596));
#7040=CARTESIAN_POINT('',(8.89361233591484,5.59767093690471,6.58682634730533));
#7041=CARTESIAN_POINT('',(9.58158569909586,4.31549253159889,6.54690618762468));
#7042=CARTESIAN_POINT('',(10.0858505013995,2.9505728194411,6.50698602794405));
#7043=CARTESIAN_POINT('',(10.3967384307068,1.52908152263685,6.46706586826341));
#7044=CARTESIAN_POINT('',(10.5082888061993,0.0782730152153282,6.42714570858277));
#7045=CARTESIAN_POINT('',(10.4183628630013,-1.37403622741145,6.38722554890213));
#7046=CARTESIAN_POINT('',(10.1286847589015,-2.80000095610718,6.34730538922149));
#7047=CARTESIAN_POINT('',(9.6448085169282,-4.17228102735103,6.30738522954085));
#7048=CARTESIAN_POINT('',(8.97601153759195,-5.46456559814413,6.26746506986021));
#7049=CARTESIAN_POINT('',(8.13511672249289,-6.65207758604939,6.22754491017957));
#7050=CARTESIAN_POINT('',(7.13824661973343,-7.71204872230903,6.18762475049893));
#7051=CARTESIAN_POINT('',(6.00451430492663,-8.62415608980587,6.14770459081829));
#7052=CARTESIAN_POINT('',(4.75565692456516,-9.37091177608879,6.10778443113765));
#7053=CARTESIAN_POINT('',(3.41561892785528,-9.93799817061167,6.06786427145701));
#7054=CARTESIAN_POINT('',(2.01009297774732,-10.3145424775031,6.02794411177637));
#7055=CARTESIAN_POINT('',(0.566027343314811,-10.49332518061,5.98802395209573));
#7056=CARTESIAN_POINT('',(-0.888890781709884,-10.4709184638978,5.94810379241509));
#7057=CARTESIAN_POINT('',(-2.32676612786546,-10.2477519332594,5.90818363273445));
#7058=CARTESIAN_POINT('',(-3.72003018834535,-9.82810437964532,5.86826347305381));
#7059=CARTESIAN_POINT('',(-5.04196979233302,-9.22002174143887,5.82834331337317));
#7060=CARTESIAN_POINT('',(-6.26723927890741,-8.43516283899275,5.78842315369253));
#7061=CARTESIAN_POINT('',(-7.37234645156426,-7.48857583907061,5.74850299401189));
#7062=CARTESIAN_POINT('',(-8.3361029961059,-6.39840973506061,5.70858283433125));
#7063=CARTESIAN_POINT('',(-9.14003072599892,-5.18556637477526,5.66866267465061));
#7064=CARTESIAN_POINT('',(-9.76871586622254,-3.8732997075383,5.62874251496997));
#7065=CARTESIAN_POINT('',(-10.2101045828935,-2.4867699342284,5.58882235528934));
#7066=CARTESIAN_POINT('',(-10.4557340924523,-1.05256110859906,5.5489021956087));
#7067=CARTESIAN_POINT('',(-10.5008949193355,0.401828561054301,5.50898203592805));
#7068=CARTESIAN_POINT('',(-10.3447211911524,1.84851393739036,5.46906187624742));
#7069=CARTESIAN_POINT('',(-9.99020724013086,3.2597575981415,5.42914171656678));
#7070=CARTESIAN_POINT('',(-9.44415019252926,4.60850164807975,5.38922155688614));
#7071=CARTESIAN_POINT('',(-8.71701964675463,5.86888650235272,5.3493013972055));
#7072=CARTESIAN_POINT('',(-7.82275693885816,7.0167466945124,5.30938123752486));
#7073=CARTESIAN_POINT('',(-6.77850784410849,8.03007420306711,5.26946107784422));
#7074=CARTESIAN_POINT('',(-5.60429383957827,8.88944041315702,5.22954091816358));
#7075=CARTESIAN_POINT('',(-4.32262823065439,9.57836862304609,5.18962075848294));
#7076=CARTESIAN_POINT('',(-2.95808450151115,10.0836499533316,5.1497005988023));
#7077=CARTESIAN_POINT('',(-1.53682516559963,10.3955966019168,5.10978043912166));
#7078=CARTESIAN_POINT('',(-0.0861001495430013,10.5082275890681,5.06986027944102));
#7079=CARTESIAN_POINT('',(1.36627567203378,10.4193834312503,5.02994011976038));
#7080=CARTESIAN_POINT('',(2.79245577347054,10.1307675450883,4.99001996007974));
#7081=CARTESIAN_POINT('',(4.16509588188645,9.64791358761555,4.9500998003991));
#7082=CARTESIAN_POINT('',(5.45787825125923,8.98007935899431,4.91017964071846));
#7083=CARTESIAN_POINT('',(6.64601625481709,8.14006930192313,4.87025948103782));
#7084=CARTESIAN_POINT('',(7.70672962115068,7.14398900096318,4.83033932135718));
#7085=CARTESIAN_POINT('',(8.61968120230223,6.01093638879017,4.79041916167654));
#7086=CARTESIAN_POINT('',(9.36736689964013,4.76263557990013,4.7504990019959));
#7087=CARTESIAN_POINT('',(9.93545127143687,3.42302035230696,4.71057884231526));
#7088=CARTESIAN_POINT('',(10.3130423875175,2.01777526317262,4.67065868263462));
#7089=CARTESIAN_POINT('',(10.4929006611671,0.573843196599205,4.63073852295399));
#7090=CARTESIAN_POINT('',(10.471577654345,-0.881091214588894,4.59081836327334));
#7091=CARTESIAN_POINT('',(10.2494821948821,-2.31913238867438,4.55089820359271));
#7092=CARTESIAN_POINT('',(9.83087253798961,-3.71270863941759,4.51097804391206));
#7093=CARTESIAN_POINT('',(9.2237747223684,-5.03510081035145,4.47105788423143));
#7094=CARTESIAN_POINT('',(8.43982868628366,-6.26095456345017,4.43113772455079));
#7095=CARTESIAN_POINT('',(7.49406509403433,-7.36676650001752,4.39121756487015));
#7096=CARTESIAN_POINT('',(6.40461715174293,-8.33133479335721,4.35129740518951));
#7097=CARTESIAN_POINT('',(5.19237293784602,-9.13616569320678,4.31137724550887));
#7098=CARTESIAN_POINT('',(3.88057491418246,-9.76582810799074,4.27145708582823));
#7099=CARTESIAN_POINT('',(2.49437429628767,-10.2082494664572,4.23153692614759));
#7100=CARTESIAN_POINT('',(1.06034882699027,-10.4549471861174,4.19161676646695));
#7101=CARTESIAN_POINT('',(-0.394006800920947,-10.5011913105244,4.15169660678631));
#7102=CARTESIAN_POINT('',(-1.84080810278988,-10.3460951971315,4.11177644710567));
#7103=CARTESIAN_POINT('',(-3.25231543369876,-9.99263251696614,4.07185628742503));
#7104=CARTESIAN_POINT('',(-4.60146584304917,-9.44758024018087,4.03193612774439));
#7105=CARTESIAN_POINT('',(-5.86239195482502,-8.72138870062601,3.99201596806375));
#7106=CARTESIAN_POINT('',(-7.01091792500196,-7.82798123070632,3.95209580838311));
#7107=CARTESIAN_POINT('',(-8.02502296706953,-6.78448720813967,3.91217564870247));
#7108=CARTESIAN_POINT('',(-8.88526355845146,-5.61091363293526,3.87225548902183));
#7109=CARTESIAN_POINT('',(-9.57514623282452,-4.32976153147382,3.83233532934119));
#7110=CARTESIAN_POINT('',(-10.0814438107569,-2.96559454240723,3.79241516966056));
#7111=CARTESIAN_POINT('',(-10.394449005549,-1.5445679559169,3.75249500997991));
#7112=CARTESIAN_POINT('',(-10.5081605418704,-0.0939272361014762,3.71257485029927));
#7113=CARTESIAN_POINT('',(-10.4203982187243,1.35851435863312,3.67265469061864));
#7114=CARTESIAN_POINT('',(-10.1328447106271,2.78490904155235,3.632734530938));
#7115=CARTESIAN_POINT('',(-9.65101330554688,4.15790842558629,3.59281437125735));
#7116=CARTESIAN_POINT('',(-8.98414219816156,5.45118787629054,3.55289421157672));
#7117=CARTESIAN_POINT('',(-8.14501736516398,6.63995123631051,3.51297405189608));
#7118=CARTESIAN_POINT('',(-7.14972741863855,7.70140624422399,3.47305389221544));
#7119=CARTESIAN_POINT('',(-6.01735513772791,8.61520153251587,3.43313373253479));
#7120=CARTESIAN_POINT('',(-4.7696115928787,9.36381682608547,3.39321357285416));
#7121=CARTESIAN_POINT('',(-3.43041987763376,9.93289885997735,3.35329341317352));
#7122=CARTESIAN_POINT('',(-2.02545642911664,10.311536575756,3.31337325349288));
#7123=CARTESIAN_POINT('',(-0.581658731509829,10.4924703201611,3.27345309381224));
#7124=CARTESIAN_POINT('',(0.873291158629955,10.4722310350595,3.2335329341316));
#7125=CARTESIAN_POINT('',(2.31149736280615,10.2512067699927,3.19361277445096));
#7126=CARTESIAN_POINT('',(3.70538503064308,9.83363524207047,3.15369261477032));
#7127=CARTESIAN_POINT('',(5.02822903484712,9.22752258585827,3.11377245508968));
#7128=CARTESIAN_POINT('',(6.25466637435463,8.44448985107578,3.07385229540904));
#7129=CARTESIAN_POINT('',(7.3611824613173,7.49955019121806,3.0339321357284));
#7130=CARTESIAN_POINT('',(8.32656196830318,6.41082101508155,2.99401197604776));
#7131=CARTESIAN_POINT('',(9.13229559158131,5.19917662013793,2.95409181636712));
#7132=CARTESIAN_POINT('',(9.7629349315828,3.88784796784603,2.91417165668648));
#7133=CARTESIAN_POINT('',(10.2063886863851,2.5019772744439,2.87425149700584));
#7134=CARTESIAN_POINT('',(10.4541544792765,1.06813595708966,2.8343313373252));
#7135=CARTESIAN_POINT('',(10.5014818755505,-0.386184822188799,2.79441117764456));
#7136=CARTESIAN_POINT('',(10.3474634629966,-1.8331012468912,2.75449101796393));
#7137=CARTESIAN_POINT('',(9.995052249792,-3.24487146483988,2.71457085828329));
#7138=CARTESIAN_POINT('',(9.45100504622334,-4.59442748508072,2.67465069860264));
#7139=CARTESIAN_POINT('',(8.72575291578637,-5.85589415478541,2.63473053892201));
#7140=CARTESIAN_POINT('',(7.83320117951458,-7.00508526576627,2.59481037924137));
#7141=CARTESIAN_POINT('',(6.79046280807155,-8.01996727871138,2.55489021956073));
#7142=CARTESIAN_POINT('',(5.61753031330295,-8.88108177411551,2.51497005988008));
#7143=CARTESIAN_POINT('',(4.33689243009957,-9.57191853021897,2.47504990019945));
#7144=CARTESIAN_POINT('',(2.9731029379627,-10.0792320748994,2.43512974051881));
#7145=CARTESIAN_POINT('',(1.5523098892929,-10.3932956422401,2.39520958083817));
#7146=CARTESIAN_POINT('',(0.10175427054821,-10.5080876646433,2.35528942115753));
#7147=CARTESIAN_POINT('',(-1.35075229151553,-10.4214072248603,2.31536926147689));
#7148=CARTESIAN_POINT('',(-2.77736076453961,-10.1349162543654,2.27544910179625));
#7149=CARTESIAN_POINT('',(-4.1507186624382,-9.65410766900243,2.23552894211561));
#7150=CARTESIAN_POINT('',(-5.44449447694995,-8.98820005283959,2.19560878243497));
#7151=CARTESIAN_POINT('',(-6.63388253389459,-8.14996090947021,2.15568862275433));
#7152=CARTESIAN_POINT('',(-7.69607859448243,-7.15546186957582,2.11576846307369));
#7153=CARTESIAN_POINT('',(-8.61071708293215,-6.02377054817867,2.07584830339305));
#7154=CARTESIAN_POINT('',(-9.36026155739443,-4.77658495963049,2.03592814371241));
#7155=CARTESIAN_POINT('',(-9.93034093764922,-3.43781749973034,1.99600798403177));
#7156=CARTESIAN_POINT('',(-10.310025043054,-2.03313647131779,1.95608782435113));
#7157=CARTESIAN_POINT('',(-10.4920341578309,-0.589473943710548,1.91616766467049));
#7158=CARTESIAN_POINT('',(-10.4728786056786,0.865490618160612,1.87624750498985));
#7159=CARTESIAN_POINT('',(-10.2529256576344,2.30386105449677,1.83632734530922));
#7160=CARTESIAN_POINT('',(-9.83639249035515,3.69805936608502,1.79640718562857));
#7161=CARTESIAN_POINT('',(-9.23126532982913,5.02135446963257,1.75648702594793));
#7162=CARTESIAN_POINT('',(-8.44914633078303,6.24837471510952,1.7165668662673));
#7163=CARTESIAN_POINT('',(-7.50503112757862,7.35559433856166,1.67664670658666));
#7164=CARTESIAN_POINT('',(-6.4170213216345,8.32178452359182,1.63672654690602));
#7165=CARTESIAN_POINT('',(-5.20597741787624,9.12842042326967,1.59680638722537));
#7166=CARTESIAN_POINT('',(-3.89511886449391,9.76003633860386,1.55688622754474));
#7167=CARTESIAN_POINT('',(-2.50957886447901,10.2045222437096,1.5169660678641));
#7168=CARTESIAN_POINT('',(-1.0759224945771,10.4533559723692,1.47704590818346));
#7169=CARTESIAN_POINT('',(0.378362629197268,10.5017666142526,1.43712574850283));
#7170=CARTESIAN_POINT('',(1.82539337396981,10.3488259879887,1.39720558882219));
#7171=CARTESIAN_POINT('',(3.23742569569441,9.99746643726608,1.35728542914155));
#7172=CARTESIAN_POINT('',(4.58738657807888,9.45442460875679,1.31736526946091));
#7173=CARTESIAN_POINT('',(5.84939310583844,8.73011228981471,1.27744510978028));
#7174=CARTESIAN_POINT('',(6.99924872004083,7.83841678238731,1.23752495009964));
#7175=CARTESIAN_POINT('',(8.01490714079713,6.79643464058938,1.197604790419));
#7176=CARTESIAN_POINT('',(8.87689506246882,5.62414387701104,1.15768463073836));
#7177=CARTESIAN_POINT('',(9.56868551701982,4.34402092257615,1.11776447105773));
#7178=CARTESIAN_POINT('',(10.077014746986,2.98060968401276,1.07784431137709));
#7179=CARTESIAN_POINT('',(10.3921365126299,1.56005096143334,1.03792415169645));
#7180=CARTESIAN_POINT('',(10.5080089574273,0.109581248541807,0.998003992015814));
#7181=CARTESIAN_POINT('',(10.4224104490986,-1.34298947498627,0.958083832335179));
#7182=CARTESIAN_POINT('',(10.1369821751542,-2.76981094661896,0.918163672654535));
#7183=CARTESIAN_POINT('',(9.65719667626595,-4.14352659642992,0.878243512973899));
#7184=CARTESIAN_POINT('',(8.9922529207778,-5.43779805694981,0.838323353293262));
#7185=CARTESIAN_POINT('',(8.15489993210003,-6.62781015093515,0.798403193612625));
#7186=CARTESIAN_POINT('',(7.16119235059459,-7.69074667488077,0.758483033931988));
#7187=CARTESIAN_POINT('',(6.03018261658445,-8.60622785603814,0.718562874251351));
#7188=CARTESIAN_POINT('',(4.78355567628816,-9.35670109553872,0.678642714570714));
#7189=CARTESIAN_POINT('',(3.44521321449413,-9.92777750587105,0.638722554890076));
#7190=CARTESIAN_POINT('',(2.04081538551694,-10.3085077902498,0.598802395209441));
#7191=CARTESIAN_POINT('',(0.597288828867339,-10.4915921744183,0.558882235528798));
#7192=CARTESIAN_POINT('',(-0.857689597506652,-10.4735203658432,0.518962075848162));
#7193=CARTESIAN_POINT('',(-2.29622346798096,-10.2546388568541,0.479041916167525));
#7194=CARTESIAN_POINT('',(-3.69073164980546,-9.83914428131379,0.439121756486888));
#7195=CARTESIAN_POINT('',(-5.01447711852089,-9.23500295220865,0.39920159680625));
#7196=CARTESIAN_POINT('',(-6.24207958919989,-8.45379812281167,0.359281437125613));
#7197=CARTESIAN_POINT('',(-7.35000213486329,-7.5105079001203,0.319361277444976));
#7198=CARTESIAN_POINT('',(-8.31700246181975,-6.42321806780133,0.27944111776434));
#7199=CARTESIAN_POINT('',(-9.1245401906164,-5.21277532789606,0.239520958083697));
#7200=CARTESIAN_POINT('',(-9.75713232993056,-3.90238759783235,0.199600798403062));
#7201=CARTESIAN_POINT('',(-10.2026501421924,-2.51717907061969,0.159680638722424));
#7202=CARTESIAN_POINT('',(-10.452551655662,-1.08370840362887,0.119760479041787));
#7203=CARTESIAN_POINT('',(-10.5020455644518,0.370540108703285,0.0798403193611496));
#7204=CARTESIAN_POINT('',(-10.3501826296133,1.81768492711697,0.0399201596805546));
#7205=CARTESIAN_POINT('',(-10.1166446145563,2.75921263750346,0.0133067198935014));
#7206=CARTESIAN_POINT('',(-9.96792033490717,3.21965668929844,-3.5527136788005E-15));
#7207=CARTESIAN_POINT('',(-9.96792033490715,3.21965668929848,-3.5527136788005E-15));
#7208=CARTESIAN_POINT('',(-9.83872845191214,3.63536478020261,-0.011970899470903));
#7209=CARTESIAN_POINT('',(-9.5282671769657,4.45122824342385,-0.035912698412702));
#7210=CARTESIAN_POINT('',(-8.913149621796,5.60921250613753,-0.0718253968254004));
#7211=CARTESIAN_POINT('',(-8.15775888243065,6.68319422989734,-0.107738095238099));
#7212=CARTESIAN_POINT('',(-7.2734539260769,7.65624066840993,-0.143650793650797));
#7213=CARTESIAN_POINT('',(-6.27363043959529,8.5129416376142,-0.179563492063496));
#7214=CARTESIAN_POINT('',(-5.17351780599145,9.2396543284412,-0.215476190476194));
#7215=CARTESIAN_POINT('',(-3.98994727354168,9.82472019696618,-0.251388888888892));
#7216=CARTESIAN_POINT('',(-2.74109448301155,10.2586518648236,-0.287301587301591));
#7217=CARTESIAN_POINT('',(-1.44620038782549,10.534286667171,-0.323214285714289));
#7218=CARTESIAN_POINT('',(-0.125274825833606,10.6469044662903,-0.359126984126988));
#7219=CARTESIAN_POINT('',(1.20121268380619,10.5943077726158,-0.395039682539686));
#7220=CARTESIAN_POINT('',(2.51265014261526,10.3768628302597,-0.430952380952385));
#7221=CARTESIAN_POINT('',(3.78860335770339,9.99750091912557,-0.466865079365083));
#7222=CARTESIAN_POINT('',(5.00913433290951,9.4616797454604,-0.502777777777782));
#7223=CARTESIAN_POINT('',(6.15511280526552,8.77730541306795,-0.53869047619048));
#7224=CARTESIAN_POINT('',(7.20851605916741,7.95461608261058,-0.574603174603179));
#7225=CARTESIAN_POINT('',(8.15271231992414,7.00602902583927,-0.610515873015877));
#7226=CARTESIAN_POINT('',(8.97272327127627,5.94595335610236,-0.646428571428575));
#7227=CARTESIAN_POINT('',(9.65546155442874,4.79057125700649,-0.682341269841274));
#7228=CARTESIAN_POINT('',(10.189939484445,3.55759102914826,-0.718253968253972));
#7229=CARTESIAN_POINT('',(10.567445657785,2.26597572252341,-0.754166666666671));
#7230=CARTESIAN_POINT('',(10.7816866156782,0.935651512447142,-0.790079365079369));
#7231=CARTESIAN_POINT('',(10.8288912643991,-0.412799696649012,-0.825992063492068));
#7232=CARTESIAN_POINT('',(10.7078763271262,-1.75845869759735,-0.861904761904766));
#7233=CARTESIAN_POINT('',(10.420071704082,-3.08039351067119,-0.897817460317464));
#7234=CARTESIAN_POINT('',(9.9695052387695,-4.35798498296066,-0.933730158730163));
#7235=CARTESIAN_POINT('',(9.36274701871808,-5.5712483922345,-0.969642857142861));
#7236=CARTESIAN_POINT('',(8.60881396943377,-6.70114603924259,-1.00555555555556));
#7237=CARTESIAN_POINT('',(7.7190361203977,-7.72988593931458,-1.04146825396826));
#7238=CARTESIAN_POINT('',(6.70688652228548,-8.6412019274754,-1.07738095238096));
#7239=CARTESIAN_POINT('',(5.58777736569012,-9.42061076816466,-1.11329365079366));
#7240=CARTESIAN_POINT('',(4.37882538454775,-10.0556422068974,-1.14920634920635));
#7241=CARTESIAN_POINT('',(3.09859011378845,-10.5360383116286,-1.18511904761905));
#7242=CARTESIAN_POINT('',(1.76678900276787,-10.8539189199618,-1.22103174603175));
#7243=CARTESIAN_POINT('',(0.40399375690597,-11.0039105275343,-1.25694444444445));
#7244=CARTESIAN_POINT('',(-0.968687416268998,-10.9832365149583,-1.29285714285715));
#7245=CARTESIAN_POINT('',(-2.32993674870826,-10.7917672069721,-1.32876984126984));
#7246=CARTESIAN_POINT('',(-3.65855797713972,-10.4320288787481,-1.36468253968254));
#7247=CARTESIAN_POINT('',(-4.93380639062639,-9.90917146101365,-1.40059523809524));
#7248=CARTESIAN_POINT('',(-6.13571272125894,-9.23089533789213,-1.43650793650794));
#7249=CARTESIAN_POINT('',(-7.24539582119595,-8.40733826917151,-1.47242063492064));
#7250=CARTESIAN_POINT('',(-8.2453592305535,-7.45092409211812,-1.50833333333334));
#7251=CARTESIAN_POINT('',(-9.1197669785751,-6.3761754572259,-1.54424603174603));
#7252=CARTESIAN_POINT('',(-9.85469427157966,-5.19949341803131,-1.58015873015873));
#7253=CARTESIAN_POINT('',(-10.4383491007345,-3.93890721843342,-1.61607142857143));
#7254=CARTESIAN_POINT('',(-10.8612612450014,-2.6137980935787,-1.65198412698413));
#7255=CARTESIAN_POINT('',(-11.1164356429313,-1.24460131480836,-1.68789682539683));
#7256=CARTESIAN_POINT('',(-11.1994676537226,0.14750894118191,-1.72380952380953));
#7257=CARTESIAN_POINT('',(-11.1086183147215,1.54094703956689,-1.75972222222222));
#7258=CARTESIAN_POINT('',(-10.8448483202984,2.91405058727593,-1.79563492063492));
#7259=CARTESIAN_POINT('',(-10.4118100862372,4.24541719579315,-1.83154761904762));
#7260=CARTESIAN_POINT('',(-9.81579791453453,5.51423807158423,-1.86746031746032));
#7261=CARTESIAN_POINT('',(-9.06565692571303,6.70062323470005,-1.90337301587302));
#7262=CARTESIAN_POINT('',(-8.17265206925718,7.78591328298721,-1.93928571428572));
#7263=CARTESIAN_POINT('',(-7.15029914754047,8.75297281564214,-1.97519841269841));
#7264=CARTESIAN_POINT('',(-6.01416038484956,9.58646090272686,-2.01111111111111));
#7265=CARTESIAN_POINT('',(-4.78160763146909,10.2730743326696,-2.04702380952381));
#7266=CARTESIAN_POINT('',(-3.47155680447835,10.8017597825073,-2.08293650793651));
#7267=CARTESIAN_POINT('',(-2.10417762383991,11.1638915294369,-2.11884920634921));
#7268=CARTESIAN_POINT('',(-0.700583097276951,11.3534118499093,-2.15476190476191));
#7269=CARTESIAN_POINT('',(0.717496465967775,11.3669318259363,-2.1906746031746));
#7270=CARTESIAN_POINT('',(2.12804987938256,11.2037908886896,-2.2265873015873));
#7271=CARTESIAN_POINT('',(3.50912673302909,10.8660740674261,-2.2625));
#7272=CARTESIAN_POINT('',(4.83917897388449,10.3585865674205,-2.2984126984127));
#7273=CARTESIAN_POINT('',(6.09739709723047,9.68878596376537,-2.3343253968254));
#7274=CARTESIAN_POINT('',(7.26403570399147,8.8666729582864,-2.3702380952381));
#7275=CARTESIAN_POINT('',(8.3207233311075,7.90464229415161,-2.40615079365079));
#7276=CARTESIAN_POINT('',(9.25075169387848,6.81729604689035,-2.44206349206349));
#7277=CARTESIAN_POINT('',(10.0393397873263,5.62122210172521,-2.47797619047619));
#7278=CARTESIAN_POINT('',(10.6738686733842,4.33474117605607,-2.51388888888889));
#7279=CARTESIAN_POINT('',(11.1440832264093,2.97762624397377,-2.54980158730159));
#7280=CARTESIAN_POINT('',(11.4422576143465,1.57079865893587,-2.58571428571429));
#7281=CARTESIAN_POINT('',(11.5633218491458,0.136005644223014,-2.62162698412698));
#7282=CARTESIAN_POINT('',(11.5049473392096,-1.30451587746975,-2.65753968253968));
#7283=CARTESIAN_POINT('',(11.2675900095129,-2.72838391884389,-2.69345238095238));
#7284=CARTESIAN_POINT('',(10.8544902118112,-4.11341918596394,-2.72936507936508));
#7285=CARTESIAN_POINT('',(10.2716293178855,-5.43799055612967,-2.76527777777778));
#7286=CARTESIAN_POINT('',(9.52764356264092,-6.68135289435203,-2.80119047619048));
#7287=CARTESIAN_POINT('',(8.63369637061366,-7.82397193290006,-2.83710317460317));
#7288=CARTESIAN_POINT('',(7.6033110486383,-8.84783112653742,-2.87301587301587));
#7289=CARTESIAN_POINT('',(6.45216634893659,-9.73671566387726,-2.90892857142857));
#7290=CARTESIAN_POINT('',(5.19785799096852,-10.4764691587814,-2.94484126984127));
#7291=CARTESIAN_POINT('',(3.85962976784456,-11.0552189597552,-2.98075396825397));
#7292=CARTESIAN_POINT('',(2.45807834545445,-11.4635664935707,-3.01666666666667));
#7293=CARTESIAN_POINT('',(1.01483628207665,-11.6947395946039,-3.05257936507936));
#7294=CARTESIAN_POINT('',(-0.44776185359605,-11.7447043553997,-3.08849206349206));
#7295=CARTESIAN_POINT('',(-1.90702511296718,-11.6122346578173,-3.12440476190476));
#7296=CARTESIAN_POINT('',(-3.34025819795213,-11.298938198136,-3.16031746031746));
#7297=CARTESIAN_POINT('',(-4.72511442985292,-10.8092384936135,-3.19623015873016));
#7298=CARTESIAN_POINT('',(-6.03994416716142,-10.1503130417485,-3.23214285714286));
#7299=CARTESIAN_POINT('',(-7.26413324005103,-9.33198848626374,-3.26805555555555));
#7300=CARTESIAN_POINT('',(-8.37842611130008,-8.36659431499289,-3.30396825396825));
#7301=CARTESIAN_POINT('',(-9.36522869806543,-7.26877726392066,-3.33988095238095));
#7302=CARTESIAN_POINT('',(-10.2088860929942,-6.05527921844708,-3.37579365079365));
#7303=CARTESIAN_POINT('',(-10.8959308020902,-4.74468197783992,-3.41170634920635));
#7304=CARTESIAN_POINT('',(-11.4152975648175,-3.35712277274682,-3.44761904761905));
#7305=CARTESIAN_POINT('',(-11.7585013323291,-1.91398489028587,-3.48353174603174));
#7306=CARTESIAN_POINT('',(-11.9197755446489,-0.437568159238938,-3.51944444444444));
#7307=CARTESIAN_POINT('',(-11.8961684584603,1.04925562712112,-3.55535714285714));
#7308=CARTESIAN_POINT('',(-11.6875959244584,2.52339702626744,-3.59126984126984));
#7309=CARTESIAN_POINT('',(-11.2968496870225,3.96190751091554,-3.62718253968254));
#7310=CARTESIAN_POINT('',(-10.7295609688344,5.34233671449971,-3.66309523809524));
#7311=CARTESIAN_POINT('',(-9.99411979830402,6.64308279634746,-3.69900793650793));
#7312=CARTESIAN_POINT('',(-9.10155122746468,7.84373045883966,-3.73492063492063));
#7313=CARTESIAN_POINT('',(-8.06535026160296,8.92537132773895,-3.77083333333333));
#7314=CARTESIAN_POINT('',(-6.90127796878078,9.87090166851102,-3.80674603174603));
#7315=CARTESIAN_POINT('',(-5.62712184744441,10.665292751978,-3.84265873015873));
#7316=CARTESIAN_POINT('',(-4.2624240939196,11.295829596922,-3.87857142857143));
#7317=CARTESIAN_POINT('',(-2.82818191987396,11.7523142990276,-3.91448412698412));
#7318=CARTESIAN_POINT('',(-1.3465245147444,12.027230697475,-3.95039682539682));
#7319=CARTESIAN_POINT('',(0.159628377399786,12.1158677242879,-3.98630952380952));
#7320=CARTESIAN_POINT('',(1.66692099905747,12.01639941807,-4.02222222222222));
#7321=CARTESIAN_POINT('',(3.15192375429246,11.7299202532393,-4.05813492063492));
#7322=CARTESIAN_POINT('',(4.59149740132655,11.2604351279397,-4.09404761904762));
#7323=CARTESIAN_POINT('',(5.96315360168442,10.6148040577526,-4.12996031746031));
#7324=CARTESIAN_POINT('',(7.2454062080018,9.80264232724467,-4.16587301587301));
#7325=CARTESIAN_POINT('',(8.41810780327991,8.83617754620933,-4.20178571428571));
#7326=CARTESIAN_POINT('',(9.46276622081807,7.73006573167786,-4.23769841269841));
#7327=CARTESIAN_POINT('',(10.3628360727881,6.50116917863005,-4.27361111111111));
#7328=CARTESIAN_POINT('',(11.1039806932103,5.16829948631042,-4.3095238095238));
#7329=CARTESIAN_POINT('',(11.6743003476382,3.75192964664337,-4.3454365079365));
#7330=CARTESIAN_POINT('',(12.0645230876217,2.27387963143015,-4.3813492063492));
#7331=CARTESIAN_POINT('',(12.268155160609,0.756980190369193,-4.4172619047619));
#7332=CARTESIAN_POINT('',(12.281588657409,-0.77527952732733,-4.4531746031746));
#7333=CARTESIAN_POINT('',(12.1041641813493,-2.29911670459682,-4.4890873015873));
#7334=CARTESIAN_POINT('',(11.8601807936777,-3.29358573428101,-4.5130291005291));
#7335=CARTESIAN_POINT('',(11.7076375736976,-3.78158857249622,-4.525));
#7336=ORIENTED_EDGE('',*,*,#7492,.F.);
#7337=ORIENTED_EDGE('',*,*,#7493,.F.);
#7338=ORIENTED_EDGE('',*,*,#7494,.T.);
#7339=ORIENTED_EDGE('',*,*,#7495,.T.);
#7340=ORIENTED_EDGE('',*,*,#7496,.T.);
#7341=ORIENTED_EDGE('',*,*,#7497,.T.);
#7342=ORIENTED_EDGE('',*,*,#7493,.T.);
#7343=ORIENTED_EDGE('',*,*,#7498,.T.);
#7344=ORIENTED_EDGE('',*,*,#7499,.F.);
#7345=ORIENTED_EDGE('',*,*,#7500,.F.);
#7346=ORIENTED_EDGE('',*,*,#7494,.F.);
#7347=ORIENTED_EDGE('',*,*,#7501,.F.);
#7348=ORIENTED_EDGE('',*,*,#7502,.T.);
#7349=ORIENTED_EDGE('',*,*,#7503,.T.);
#7350=ORIENTED_EDGE('',*,*,#7504,.F.);
#7351=ORIENTED_EDGE('',*,*,#7505,.T.);
#7352=ORIENTED_EDGE('',*,*,#7501,.T.);
#7353=ORIENTED_EDGE('',*,*,#7495,.F.);
#7354=ORIENTED_EDGE('',*,*,#7500,.T.);
#7355=ORIENTED_EDGE('',*,*,#7506,.T.);
#7356=ORIENTED_EDGE('',*,*,#7497,.F.);
#7357=ORIENTED_EDGE('',*,*,#7498,.F.);
#7358=ORIENTED_EDGE('',*,*,#7507,.T.);
#7359=ORIENTED_EDGE('',*,*,#7508,.F.);
#7360=ORIENTED_EDGE('',*,*,#7509,.F.);
#7361=ORIENTED_EDGE('',*,*,#7510,.T.);
#7362=ORIENTED_EDGE('',*,*,#7511,.F.);
#7363=ORIENTED_EDGE('',*,*,#7512,.F.);
#7364=ORIENTED_EDGE('',*,*,#7513,.F.);
#7365=ORIENTED_EDGE('',*,*,#7514,.F.);
#7366=ORIENTED_EDGE('',*,*,#7515,.F.);
#7367=ORIENTED_EDGE('',*,*,#7516,.F.);
#7368=ORIENTED_EDGE('',*,*,#7517,.F.);
#7369=ORIENTED_EDGE('',*,*,#7518,.F.);
#7370=ORIENTED_EDGE('',*,*,#7519,.F.);
#7371=ORIENTED_EDGE('',*,*,#7503,.F.);
#7372=ORIENTED_EDGE('',*,*,#7499,.T.);
#7373=ORIENTED_EDGE('',*,*,#7520,.T.);
#7374=ORIENTED_EDGE('',*,*,#7502,.F.);
#7375=ORIENTED_EDGE('',*,*,#7505,.F.);
#7376=ORIENTED_EDGE('',*,*,#7521,.F.);
#7377=ORIENTED_EDGE('',*,*,#7522,.F.);
#7378=ORIENTED_EDGE('',*,*,#7523,.F.);
#7379=ORIENTED_EDGE('',*,*,#7524,.F.);
#7380=ORIENTED_EDGE('',*,*,#7525,.F.);
#7381=ORIENTED_EDGE('',*,*,#7526,.F.);
#7382=ORIENTED_EDGE('',*,*,#7527,.F.);
#7383=ORIENTED_EDGE('',*,*,#7528,.F.);
#7384=ORIENTED_EDGE('',*,*,#7529,.T.);
#7385=ORIENTED_EDGE('',*,*,#7506,.F.);
#7386=ORIENTED_EDGE('',*,*,#7520,.F.);
#7387=ORIENTED_EDGE('',*,*,#7530,.F.);
#7388=ORIENTED_EDGE('',*,*,#7507,.F.);
#7389=ORIENTED_EDGE('',*,*,#7510,.F.);
#7390=ORIENTED_EDGE('',*,*,#7509,.T.);
#7391=ORIENTED_EDGE('',*,*,#7531,.F.);
#7392=ORIENTED_EDGE('',*,*,#7532,.T.);
#7393=ORIENTED_EDGE('',*,*,#7533,.T.);
#7394=ORIENTED_EDGE('',*,*,#7534,.F.);
#7395=ORIENTED_EDGE('',*,*,#7535,.F.);
#7396=ORIENTED_EDGE('',*,*,#7536,.T.);
#7397=ORIENTED_EDGE('',*,*,#7537,.F.);
#7398=ORIENTED_EDGE('',*,*,#7538,.F.);
#7399=ORIENTED_EDGE('',*,*,#7539,.T.);
#7400=ORIENTED_EDGE('',*,*,#7540,.F.);
#7401=ORIENTED_EDGE('',*,*,#7541,.F.);
#7402=ORIENTED_EDGE('',*,*,#7542,.T.);
#7403=ORIENTED_EDGE('',*,*,#7543,.F.);
#7404=ORIENTED_EDGE('',*,*,#7544,.F.);
#7405=ORIENTED_EDGE('',*,*,#7545,.T.);
#7406=ORIENTED_EDGE('',*,*,#7546,.F.);
#7407=ORIENTED_EDGE('',*,*,#7547,.F.);
#7408=ORIENTED_EDGE('',*,*,#7548,.T.);
#7409=ORIENTED_EDGE('',*,*,#7549,.F.);
#7410=ORIENTED_EDGE('',*,*,#7550,.F.);
#7411=ORIENTED_EDGE('',*,*,#7551,.T.);
#7412=ORIENTED_EDGE('',*,*,#7552,.T.);
#7413=ORIENTED_EDGE('',*,*,#7553,.T.);
#7414=ORIENTED_EDGE('',*,*,#7554,.T.);
#7415=ORIENTED_EDGE('',*,*,#7555,.T.);
#7416=ORIENTED_EDGE('',*,*,#7556,.T.);
#7417=ORIENTED_EDGE('',*,*,#7529,.F.);
#7418=ORIENTED_EDGE('',*,*,#7534,.T.);
#7419=ORIENTED_EDGE('',*,*,#7550,.T.);
#7420=ORIENTED_EDGE('',*,*,#7557,.T.);
#7421=ORIENTED_EDGE('',*,*,#7551,.F.);
#7422=ORIENTED_EDGE('',*,*,#7558,.F.);
#7423=ORIENTED_EDGE('',*,*,#7537,.T.);
#7424=ORIENTED_EDGE('',*,*,#7535,.T.);
#7425=ORIENTED_EDGE('',*,*,#7558,.T.);
#7426=ORIENTED_EDGE('',*,*,#7556,.F.);
#7427=ORIENTED_EDGE('',*,*,#7559,.F.);
#7428=ORIENTED_EDGE('',*,*,#7540,.T.);
#7429=ORIENTED_EDGE('',*,*,#7538,.T.);
#7430=ORIENTED_EDGE('',*,*,#7559,.T.);
#7431=ORIENTED_EDGE('',*,*,#7555,.F.);
#7432=ORIENTED_EDGE('',*,*,#7560,.F.);
#7433=ORIENTED_EDGE('',*,*,#7543,.T.);
#7434=ORIENTED_EDGE('',*,*,#7541,.T.);
#7435=ORIENTED_EDGE('',*,*,#7560,.T.);
#7436=ORIENTED_EDGE('',*,*,#7554,.F.);
#7437=ORIENTED_EDGE('',*,*,#7561,.F.);
#7438=ORIENTED_EDGE('',*,*,#7546,.T.);
#7439=ORIENTED_EDGE('',*,*,#7544,.T.);
#7440=ORIENTED_EDGE('',*,*,#7561,.T.);
#7441=ORIENTED_EDGE('',*,*,#7553,.F.);
#7442=ORIENTED_EDGE('',*,*,#7562,.F.);
#7443=ORIENTED_EDGE('',*,*,#7549,.T.);
#7444=ORIENTED_EDGE('',*,*,#7547,.T.);
#7445=ORIENTED_EDGE('',*,*,#7562,.T.);
#7446=ORIENTED_EDGE('',*,*,#7552,.F.);
#7447=ORIENTED_EDGE('',*,*,#7557,.F.);
#7448=ORIENTED_EDGE('',*,*,#7496,.F.);
#7449=ORIENTED_EDGE('',*,*,#7492,.T.);
#7450=ORIENTED_EDGE('',*,*,#7539,.F.);
#7451=ORIENTED_EDGE('',*,*,#7542,.F.);
#7452=ORIENTED_EDGE('',*,*,#7545,.F.);
#7453=ORIENTED_EDGE('',*,*,#7548,.F.);
#7454=ORIENTED_EDGE('',*,*,#7533,.F.);
#7455=ORIENTED_EDGE('',*,*,#7532,.F.);
#7456=ORIENTED_EDGE('',*,*,#7536,.F.);
#7457=ORIENTED_EDGE('',*,*,#7512,.T.);
#7458=ORIENTED_EDGE('',*,*,#7511,.T.);
#7459=ORIENTED_EDGE('',*,*,#7531,.T.);
#7460=ORIENTED_EDGE('',*,*,#7508,.T.);
#7461=ORIENTED_EDGE('',*,*,#7530,.T.);
#7462=ORIENTED_EDGE('',*,*,#7528,.T.);
#7463=ORIENTED_EDGE('',*,*,#7563,.T.);
#7464=ORIENTED_EDGE('',*,*,#7563,.F.);
#7465=ORIENTED_EDGE('',*,*,#7527,.T.);
#7466=ORIENTED_EDGE('',*,*,#7564,.T.);
#7467=ORIENTED_EDGE('',*,*,#7513,.T.);
#7468=ORIENTED_EDGE('',*,*,#7515,.T.);
#7469=ORIENTED_EDGE('',*,*,#7565,.F.);
#7470=ORIENTED_EDGE('',*,*,#7525,.T.);
#7471=ORIENTED_EDGE('',*,*,#7566,.T.);
#7472=ORIENTED_EDGE('',*,*,#7564,.F.);
#7473=ORIENTED_EDGE('',*,*,#7526,.T.);
#7474=ORIENTED_EDGE('',*,*,#7565,.T.);
#7475=ORIENTED_EDGE('',*,*,#7514,.T.);
#7476=ORIENTED_EDGE('',*,*,#7504,.T.);
#7477=ORIENTED_EDGE('',*,*,#7519,.T.);
#7478=ORIENTED_EDGE('',*,*,#7567,.F.);
#7479=ORIENTED_EDGE('',*,*,#7521,.T.);
#7480=ORIENTED_EDGE('',*,*,#7518,.T.);
#7481=ORIENTED_EDGE('',*,*,#7568,.F.);
#7482=ORIENTED_EDGE('',*,*,#7522,.T.);
#7483=ORIENTED_EDGE('',*,*,#7567,.T.);
#7484=ORIENTED_EDGE('',*,*,#7566,.F.);
#7485=ORIENTED_EDGE('',*,*,#7524,.T.);
#7486=ORIENTED_EDGE('',*,*,#7569,.T.);
#7487=ORIENTED_EDGE('',*,*,#7516,.T.);
#7488=ORIENTED_EDGE('',*,*,#7569,.F.);
#7489=ORIENTED_EDGE('',*,*,#7523,.T.);
#7490=ORIENTED_EDGE('',*,*,#7568,.T.);
#7491=ORIENTED_EDGE('',*,*,#7517,.T.);
#7492=EDGE_CURVE('',#7570,#7570,#7571,.T.);
#7493=EDGE_CURVE('',#7572,#7572,#7573,.F.);
#7494=EDGE_CURVE('',#7574,#7575,#7576,.F.);
#7495=EDGE_CURVE('',#7575,#7574,#7577,.F.);
#7496=EDGE_CURVE('',#7578,#7578,#7579,.T.);
#7497=EDGE_CURVE('',#7580,#7580,#7581,.T.);
#7498=EDGE_CURVE('',#7582,#7583,#7584,.T.);
#7499=EDGE_CURVE('',#7585,#7583,#7586,.T.);
#7500=EDGE_CURVE('',#7575,#7585,#7587,.F.);
#7501=EDGE_CURVE('',#7588,#7574,#7589,.T.);
#7502=EDGE_CURVE('',#7588,#7582,#7590,.T.);
#7503=EDGE_CURVE('',#7585,#7591,#7592,.T.);
#7504=EDGE_CURVE('',#7593,#7591,#7594,.T.);
#7505=EDGE_CURVE('',#7593,#7588,#7595,.T.);
#7506=EDGE_CURVE('',#7596,#7596,#7597,.T.);
#7507=EDGE_CURVE('',#7582,#7598,#7599,.T.);
#7508=EDGE_CURVE('',#7600,#7598,#7601,.F.);
#7509=EDGE_CURVE('',#7583,#7600,#7602,.T.);
#7510=EDGE_CURVE('',#7583,#7603,#7604,.T.);
#7511=EDGE_CURVE('',#7605,#7603,#7606,.F.);
#7512=EDGE_CURVE('',#7607,#7605,#7608,.F.);
#7513=EDGE_CURVE('',#7609,#7607,#7610,.F.);
#7514=EDGE_CURVE('',#7611,#7609,#7612,.F.);
#7515=EDGE_CURVE('',#7613,#7611,#7614,.F.);
#7516=EDGE_CURVE('',#7615,#7613,#7616,.F.);
#7517=EDGE_CURVE('',#7617,#7615,#7618,.F.);
#7518=EDGE_CURVE('',#7619,#7617,#7620,.F.);
#7519=EDGE_CURVE('',#7591,#7619,#7621,.F.);
#7520=EDGE_CURVE('',#7622,#7582,#7623,.T.);
#7521=EDGE_CURVE('',#7624,#7593,#7625,.T.);
#7522=EDGE_CURVE('',#7626,#7624,#7627,.T.);
#7523=EDGE_CURVE('',#7628,#7626,#7629,.T.);
#7524=EDGE_CURVE('',#7630,#7628,#7631,.T.);
#7525=EDGE_CURVE('',#7632,#7630,#7633,.T.);
#7526=EDGE_CURVE('',#7634,#7632,#7635,.T.);
#7527=EDGE_CURVE('',#7636,#7634,#7637,.T.);
#7528=EDGE_CURVE('',#7622,#7636,#7638,.T.);
#7529=EDGE_CURVE('',#7639,#7639,#7640,.T.);
#7530=EDGE_CURVE('',#7598,#7622,#7641,.T.);
#7531=EDGE_CURVE('',#7603,#7600,#7642,.F.);
#7532=EDGE_CURVE('',#7643,#7644,#7645,.F.);
#7533=EDGE_CURVE('',#7644,#7646,#7647,.F.);
#7534=EDGE_CURVE('',#7648,#7646,#7649,.T.);
#7535=EDGE_CURVE('',#7643,#7648,#7650,.T.);
#7536=EDGE_CURVE('',#7651,#7643,#7652,.F.);
#7537=EDGE_CURVE('',#7653,#7643,#7654,.T.);
#7538=EDGE_CURVE('',#7651,#7653,#7655,.T.);
#7539=EDGE_CURVE('',#7656,#7651,#7657,.F.);
#7540=EDGE_CURVE('',#7658,#7651,#7659,.T.);
#7541=EDGE_CURVE('',#7656,#7658,#7660,.T.);
#7542=EDGE_CURVE('',#7661,#7656,#7662,.F.);
#7543=EDGE_CURVE('',#7663,#7656,#7664,.T.);
#7544=EDGE_CURVE('',#7661,#7663,#7665,.T.);
#7545=EDGE_CURVE('',#7666,#7661,#7667,.F.);
#7546=EDGE_CURVE('',#7668,#7661,#7669,.T.);
#7547=EDGE_CURVE('',#7666,#7668,#7670,.T.);
#7548=EDGE_CURVE('',#7646,#7666,#7671,.F.);
#7549=EDGE_CURVE('',#7672,#7666,#7673,.T.);
#7550=EDGE_CURVE('',#7646,#7672,#7674,.T.);
#7551=EDGE_CURVE('',#7675,#7676,#7677,.T.);
#7552=EDGE_CURVE('',#7676,#7678,#7679,.T.);
#7553=EDGE_CURVE('',#7678,#7680,#7681,.T.);
#7554=EDGE_CURVE('',#7680,#7682,#7683,.T.);
#7555=EDGE_CURVE('',#7682,#7684,#7685,.T.);
#7556=EDGE_CURVE('',#7684,#7675,#7686,.T.);
#7557=EDGE_CURVE('',#7672,#7676,#7687,.T.);
#7558=EDGE_CURVE('',#7648,#7675,#7688,.T.);
#7559=EDGE_CURVE('',#7653,#7684,#7689,.T.);
#7560=EDGE_CURVE('',#7658,#7682,#7690,.T.);
#7561=EDGE_CURVE('',#7663,#7680,#7691,.T.);
#7562=EDGE_CURVE('',#7668,#7678,#7692,.T.);
#7563=EDGE_CURVE('',#7636,#7607,#7693,.T.);
#7564=EDGE_CURVE('',#7634,#7609,#7694,.T.);
#7565=EDGE_CURVE('',#7632,#7611,#7695,.T.);
#7566=EDGE_CURVE('',#7630,#7613,#7696,.T.);
#7567=EDGE_CURVE('',#7624,#7619,#7697,.T.);
#7568=EDGE_CURVE('',#7626,#7617,#7698,.T.);
#7569=EDGE_CURVE('',#7628,#7615,#7699,.T.);
#7570=VERTEX_POINT('',#7700);
#7571=CIRCLE('',#7701,3.);
#7572=VERTEX_POINT('',#7705);
#7573=CIRCLE('',#7706,3.);
#7574=VERTEX_POINT('',#7710);
#7575=VERTEX_POINT('',#7711);
#7576=B_SPLINE_CURVE_WITH_KNOTS('',3,
(#7712,#7713,#7714,#7715,#7716,#7717,#7718,#7719,#7720,#7721,#7722,#7723,#7724,#7725,
#7726,#7727,#7728,#7729,#7730,#7731,#7732,#7733,#7734,#7735,#7736,#7737,#7738,#7739,
#7740,#7741,#7742,#7743,#7744,#7745,#7746,#7747,#7748,#7749,#7750,#7751,#7752,#7753,
#7754,#7755,#7756,#7757,#7758,#7759,#7760,#7761,#7762,#7763,#7764,#7765,#7766,#7767,
#7768,#7769,#7770,#7771,#7772,#7773,#7774,#7775),
.UNSPECIFIED.,.F.,.F.,
(4,1,1,1,1,1,1,1,1,1,1,1,1,1,1,1,1,1,1,1,1,1,1,1,1,1,1,1,1,1,1,1,1,1,1,1,1,1,1,1,
1,1,1,1,1,1,1,1,1,1,1,1,1,1,1,1,1,1,1,1,1,4),
(0.,0.0142751935659571,0.0286176481716387,0.0299232572921164,0.0430283927045604,
0.0575797433187726,0.0722016726949873,0.0870394422357319,0.0951396204413146,0.102021896249675,
0.117221861496931,0.132494585110335,0.14808064418245,0.163907690916285,0.169908619070023,
0.180143944998772,0.196549374790371,0.213384836219084,0.230481914369954,0.247933255307958,
0.25004200924466,0.265477033017814,0.283363983105771,0.301501008347436,0.32004532775046,
0.331514844074329,0.338746489619323,0.368753963275508,0.414270297053863,0.414717620265082,
0.476895277004269,0.499387027677877,0.539843469727564,0.585764687634239,0.587301620478937,
0.619014479909817,0.639201348090424,0.65931429674789,0.671211008767904,0.679203875174351,
0.698944633559629,0.718461918885342,0.737905469031447,0.75626894699992,0.757043612154033,
0.775950290819393,0.794468767158683,0.812829337655046,0.830798662431689,0.841108138212536,
0.848533295218978,0.865955601555021,0.883299848639742,0.900409919390011,0.917364067541726,
0.923835448326648,0.934085744727702,0.950731576836836,0.96722660721694,0.982266319340665,
0.983648920699689,1.),
.UNSPECIFIED.);
#7577=CIRCLE('',#7776,9.475);
#7578=VERTEX_POINT('',#7780);
#7579=CIRCLE('',#7781,6.);
#7580=VERTEX_POINT('',#7785);
#7581=CIRCLE('',#7786,4.);
#7582=VERTEX_POINT('',#7790);
#7583=VERTEX_POINT('',#7791);
#7584=CIRCLE('',#7792,0.261251118616613);
#7585=VERTEX_POINT('',#7796);
#7586=B_SPLINE_CURVE_WITH_KNOTS('',3,
(#7797,#7798,#7799,#7800,#7801,#7802,#7803,#7804,#7805,#7806,#7807,#7808,#7809,#7810,
#7811,#7812,#7813,#7814,#7815,#7816,#7817,#7818,#7819,#7820,#7821,#7822,#7823,#7824,
#7825,#7826,#7827,#7828,#7829,#7830,#7831,#7832,#7833,#7834,#7835,#7836,#7837,#7838,
#7839,#7840,#7841,#7842,#7843,#7844,#7845,#7846,#7847,#7848,#7849,#7850,#7851,#7852,
#7853,#7854,#7855,#7856,#7857,#7858,#7859,#7860,#7861,#7862,#7863,#7864,#7865,#7866,
#7867,#7868,#7869,#7870,#7871,#7872,#7873,#7874,#7875,#7876,#7877,#7878,#7879,#7880,
#7881,#7882,#7883,#7884,#7885,#7886,#7887,#7888,#7889,#7890,#7891,#7892,#7893,#7894,
#7895,#7896,#7897,#7898,#7899,#7900,#7901,#7902,#7903,#7904,#7905,#7906,#7907,#7908,
#7909,#7910,#7911,#7912,#7913,#7914,#7915,#7916,#7917,#7918,#7919,#7920,#7921,#7922,
#7923,#7924,#7925,#7926,#7927,#7928,#7929,#7930,#7931,#7932,#7933,#7934,#7935,#7936,
#7937,#7938,#7939,#7940,#7941,#7942,#7943,#7944,#7945,#7946,#7947,#7948,#7949,#7950,
#7951,#7952,#7953,#7954,#7955,#7956,#7957,#7958,#7959,#7960,#7961,#7962,#7963,#7964,
#7965,#7966,#7967,#7968,#7969,#7970,#7971,#7972,#7973,#7974,#7975,#7976,#7977,#7978,
#7979,#7980,#7981,#7982,#7983,#7984,#7985,#7986,#7987,#7988,#7989,#7990,#7991,#7992,
#7993,#7994,#7995,#7996,#7997,#7998,#7999,#8000,#8001,#8002,#8003,#8004,#8005,#8006,
#8007,#8008,#8009,#8010,#8011,#8012,#8013,#8014,#8015,#8016,#8017,#8018,#8019,#8020,
#8021,#8022,#8023,#8024,#8025,#8026,#8027,#8028,#8029,#8030,#8031,#8032,#8033,#8034,
#8035,#8036,#8037,#8038,#8039,#8040,#8041,#8042,#8043,#8044,#8045,#8046,#8047,#8048,
#8049,#8050,#8051,#8052,#8053,#8054,#8055,#8056,#8057,#8058,#8059,#8060,#8061,#8062,
#8063,#8064,#8065,#8066,#8067,#8068,#8069,#8070,#8071,#8072,#8073,#8074,#8075,#8076,
#8077,#8078,#8079,#8080,#8081,#8082,#8083,#8084,#8085,#8086,#8087,#8088,#8089,#8090,
#8091,#8092,#8093,#8094,#8095,#8096,#8097,#8098,#8099,#8100,#8101,#8102,#8103,#8104,
#8105,#8106,#8107,#8108,#8109,#8110,#8111,#8112,#8113,#8114,#8115,#8116,#8117,#8118,
#8119,#8120,#8121,#8122,#8123,#8124,#8125,#8126,#8127,#8128,#8129,#8130,#8131,#8132,
#8133,#8134,#8135,#8136,#8137,#8138,#8139,#8140,#8141,#8142,#8143,#8144,#8145,#8146,
#8147,#8148,#8149,#8150,#8151,#8152,#8153,#8154,#8155,#8156,#8157,#8158,#8159,#8160,
#8161,#8162,#8163,#8164,#8165,#8166,#8167,#8168,#8169,#8170,#8171,#8172,#8173,#8174,
#8175,#8176,#8177,#8178,#8179,#8180,#8181,#8182,#8183,#8184,#8185,#8186,#8187,#8188,
#8189,#8190,#8191,#8192,#8193,#8194,#8195,#8196,#8197,#8198,#8199,#8200,#8201,#8202,
#8203,#8204,#8205,#8206,#8207,#8208,#8209,#8210,#8211,#8212,#8213,#8214,#8215,#8216,
#8217,#8218,#8219,#8220,#8221,#8222,#8223,#8224,#8225,#8226,#8227,#8228,#8229,#8230,
#8231,#8232,#8233,#8234,#8235,#8236,#8237,#8238,#8239,#8240,#8241,#8242,#8243,#8244,
#8245,#8246,#8247,#8248,#8249,#8250,#8251,#8252,#8253,#8254,#8255,#8256,#8257,#8258,
#8259,#8260,#8261,#8262,#8263,#8264,#8265,#8266,#8267,#8268,#8269,#8270,#8271,#8272,
#8273,#8274,#8275,#8276,#8277,#8278,#8279,#8280,#8281,#8282,#8283,#8284,#8285,#8286,
#8287,#8288,#8289,#8290,#8291,#8292,#8293,#8294,#8295,#8296,#8297,#8298,#8299,#8300),
.UNSPECIFIED.,.F.,.F.,
(4,1,1,1,1,1,1,1,1,1,1,1,1,1,1,1,1,1,1,1,1,1,1,1,1,1,1,1,1,1,1,1,1,1,1,1,1,1,1,1,
1,1,1,1,1,1,1,1,1,1,1,1,1,1,1,1,1,1,1,1,1,1,1,1,1,1,1,1,1,1,1,1,1,1,1,1,1,1,1,1,
1,1,1,1,1,1,1,1,1,1,1,1,1,1,1,1,1,1,1,1,1,1,1,1,1,1,1,1,1,1,1,1,1,1,1,1,1,1,1,1,
1,1,1,1,1,1,1,1,1,1,1,1,1,1,1,1,1,1,1,1,1,1,1,1,1,1,1,1,1,1,1,1,1,1,1,1,1,1,1,1,
1,1,1,1,1,1,1,1,1,1,1,1,1,1,1,1,1,1,1,1,1,1,1,1,1,1,1,1,1,1,1,1,1,1,1,1,1,1,1,1,
1,1,1,1,1,1,1,1,1,1,1,1,1,1,1,1,1,1,1,1,1,1,1,1,1,1,1,1,1,1,1,1,1,1,1,1,1,1,1,1,
1,1,1,1,1,1,1,1,1,1,1,1,1,1,1,1,1,1,1,1,1,1,1,1,1,1,1,1,1,1,1,1,1,1,1,1,1,1,1,1,
1,1,1,1,1,1,1,1,1,1,1,1,1,1,1,1,1,1,1,1,1,1,1,1,1,1,1,1,1,1,1,1,1,1,1,1,1,1,1,1,
1,1,1,1,1,1,1,1,1,1,1,1,1,1,1,1,1,1,1,1,1,1,1,1,1,1,1,1,1,1,1,1,1,1,1,1,1,1,1,1,
1,1,1,1,1,1,1,1,1,1,1,1,1,1,1,1,1,1,1,1,1,1,1,1,1,1,1,1,1,1,1,1,1,1,1,1,1,1,1,1,
1,1,1,1,1,1,1,1,1,1,1,1,1,1,1,1,1,1,1,1,1,1,1,1,1,1,1,1,1,1,1,1,1,1,1,1,1,1,1,1,
1,1,1,1,1,1,1,1,1,1,1,1,1,1,1,1,1,1,1,1,1,1,1,1,1,1,1,1,1,1,1,1,1,1,1,1,1,1,1,1,
1,1,1,1,1,1,1,1,1,1,1,1,1,1,1,1,1,1,1,1,1,4),
(0.,0.00199600798403193,0.00399201596806387,0.0059880239520958,0.00798403193612773,
0.00998003992015967,0.0119760479041916,0.0139720558882235,0.0159680638722555,0.0179640718562874,
0.0199600798403193,0.0219560878243513,0.0239520958083832,0.0259481037924151,0.0279441117764471,
0.029940119760479,0.031936127744511,0.0339321357285429,0.0359281437125748,0.0379241516966068,
0.0399201596806387,0.0419161676646707,0.0439121756487026,0.0459081836327345,0.0479041916167665,
0.0499001996007984,0.0518962075848304,0.0538922155688623,0.0558882235528942,0.0578842315369262,
0.0598802395209581,0.0618762475049901,0.063872255489022,0.0658682634730539,0.0678642714570859,
0.0698602794411178,0.0718562874251498,0.0738522954091817,0.0758483033932136,0.0778443113772456,
0.0798403193612775,0.0818363273453095,0.0838323353293414,0.0858283433133733,0.0878243512974052,
0.0898203592814372,0.0918163672654691,0.093812375249501,0.0958083832335329,0.0978043912175649,
0.0998003992015968,0.101796407185629,0.103792415169661,0.105788423153693,0.107784431137725,
0.109780439121756,0.111776447105788,0.11377245508982,0.115768463073852,0.117764471057884,
0.119760479041916,0.121756487025948,0.12375249500998,0.125748502994012,0.127744510978044,
0.129740518962076,0.131736526946108,0.13373253493014,0.135728542914171,0.137724550898203,
0.139720558882235,0.141716566866267,0.143712574850299,0.145708582834331,0.147704590818363,
0.149700598802395,0.151696606786427,0.153692614770459,0.155688622754491,0.157684630738523,
0.159680638722555,0.161676646706587,0.163672654690618,0.16566866267465,0.167664670658682,
0.169660678642714,0.171656686626746,0.173652694610778,0.17564870259481,0.177644710578842,
0.179640718562874,0.181636726546906,0.183632734530938,0.18562874251497,0.187624750499002,
0.189620758483033,0.191616766467065,0.193612774451097,0.195608782435129,0.197604790419161,
0.199600798403193,0.201596806387225,0.203592814371257,0.205588822355289,0.207584830339321,
0.209580838323353,0.211576846307385,0.213572854291417,0.215568862275449,0.217564870259481,
0.219560878243513,0.221556886227545,0.223552894211577,0.225548902195608,0.22754491017964,
0.229540918163672,0.231536926147704,0.233532934131736,0.235528942115768,0.2375249500998,
0.239520958083832,0.241516966067864,0.243512974051896,0.245508982035928,0.24750499001996,
0.249500998003992,0.251497005988024,0.253493013972056,0.255489021956088,0.25748502994012,
0.259481037924152,0.261477045908184,0.263473053892216,0.265469061876248,0.267465069860279,
0.269461077844312,0.271457085828343,0.273453093812375,0.275449101796407,0.277445109780439,
0.279441117764471,0.281437125748503,0.283433133732535,0.285429141716567,0.287425149700599,
0.289421157684631,0.291417165668663,0.293413173652695,0.295409181636727,0.297405189620759,
0.299401197604791,0.301397205588823,0.303393213572855,0.305389221556887,0.307385229540919,
0.309381237524951,0.311377245508982,0.313373253493014,0.315369261477046,0.317365269461078,
0.31936127744511,0.321357285429142,0.323353293413174,0.325349301397206,0.327345309381238,
0.32934131736527,0.331337325349302,0.333333333333334,0.335329341317366,0.337325349301398,
0.33932135728543,0.341317365269462,0.343313373253494,0.345309381237526,0.347305389221558,
0.34930139720559,0.351297405189622,0.353293413173654,0.355289421157685,0.357285429141717,
0.359281437125749,0.361277445109781,0.363273453093813,0.365269461077845,0.367265469061877,
0.369261477045909,0.371257485029941,0.373253493013973,0.375249500998005,0.377245508982037,
0.379241516966069,0.381237524950101,0.383233532934133,0.385229540918165,0.387225548902197,
0.389221556886229,0.391217564870261,0.393213572854293,0.395209580838325,0.397205588822357,
0.399201596806388,0.40119760479042,0.403193612774452,0.405189620758484,0.407185628742516,
0.409181636726548,0.41117764471058,0.413173652694612,0.415169660678644,0.417165668662676,
0.419161676646708,0.42115768463074,0.423153692614772,0.425149700598804,0.427145708582836,
0.429141716566868,0.4311377245509,0.433133732534932,0.435129740518964,0.437125748502996,
0.439121756487028,0.441117764471059,0.443113772455091,0.445109780439123,0.447105788423155,
0.449101796407187,0.451097804391219,0.453093812375251,0.455089820359283,0.457085828343315,
0.459081836327347,0.461077844311379,0.463073852295411,0.465069860279443,0.467065868263475,
0.469061876247507,0.471057884231539,0.473053892215571,0.475049900199603,0.477045908183635,
0.479041916167667,0.481037924151699,0.48303393213573,0.485029940119762,0.487025948103794,
0.489021956087826,0.491017964071858,0.49301397205589,0.495009980039922,0.497005988023954,
0.499001996007986,0.500998003992018,0.50299401197605,0.504990019960082,0.506986027944114,
0.508982035928146,0.510978043912178,0.51297405189621,0.514970059880242,0.516966067864274,
0.518962075848306,0.520958083832338,0.52295409181637,0.524950099800401,0.526946107784433,
0.528942115768465,0.530938123752497,0.532934131736529,0.534930139720561,0.536926147704593,
0.538922155688625,0.540918163672657,0.542914171656689,0.544910179640721,0.546906187624753,
0.548902195608785,0.550898203592817,0.552894211576849,0.554890219560881,0.556886227544913,
0.558882235528945,0.560878243512977,0.562874251497009,0.564870259481041,0.566866267465072,
0.568862275449105,0.570858283433136,0.572854291417168,0.5748502994012,0.576846307385232,
0.578842315369264,0.580838323353296,0.582834331337328,0.58483033932136,0.586826347305392,
0.588822355289424,0.590818363273456,0.592814371257488,0.59481037924152,0.596806387225552,
0.598802395209584,0.600798403193616,0.602794411177648,0.60479041916168,0.606786427145712,
0.608782435129744,0.610778443113776,0.612774451097807,0.614770459081839,0.616766467065871,
0.618762475049903,0.620758483033935,0.622754491017967,0.624750499001999,0.626746506986031,
0.628742514970063,0.630738522954095,0.632734530938127,0.634730538922159,0.636726546906191,
0.638722554890223,0.640718562874255,0.642714570858287,0.644710578842319,0.646706586826351,
0.648702594810383,0.650698602794415,0.652694610778446,0.654690618762478,0.65668662674651,
0.658682634730542,0.660678642714574,0.662674650698606,0.664670658682638,0.66666666666667,
0.668662674650702,0.670658682634734,0.672654690618766,0.674650698602798,0.67664670658683,
0.678642714570862,0.680638722554894,0.682634730538926,0.684630738522958,0.68662674650699,
0.688622754491022,0.690618762475054,0.692614770459086,0.694610778443118,0.696606786427149,
0.698602794411181,0.700598802395213,0.702594810379245,0.704590818363277,0.706586826347309,
0.708582834331341,0.710578842315373,0.712574850299405,0.714570858283437,0.716566866267469,
0.718562874251501,0.720558882235533,0.722554890219565,0.724550898203597,0.726546906187629,
0.728542914171661,0.730538922155693,0.732534930139725,0.734530938123757,0.736526946107789,
0.738522954091821,0.740518962075852,0.742514970059884,0.744510978043916,0.746506986027948,
0.74850299401198,0.750499001996012,0.752495009980044,0.754491017964076,0.756487025948108,
0.75848303393214,0.760479041916172,0.762475049900204,0.764471057884236,0.766467065868268,
0.7684630738523,0.770459081836332,0.772455089820364,0.774451097804396,0.776447105788428,
0.77844311377246,0.780439121756492,0.782435129740524,0.784431137724555,0.786427145708587,
0.788423153692619,0.790419161676651,0.792415169660683,0.794411177644715,0.796407185628747,
0.798403193612779,0.800399201596811,0.802395209580843,0.804391217564875,0.806387225548907,
0.808383233532939,0.810379241516971,0.812375249501003,0.814371257485035,0.816367265469067,
0.818363273453099,0.820359281437131,0.822355289421163,0.824351297405195,0.826347305389227,
0.828343313373258,0.83033932135729,0.832335329341322,0.834331337325354,0.836327345309386,
0.838323353293418,0.84031936127745,0.842315369261482,0.844311377245514,0.846307385229546,
0.848303393213578,0.85029940119761,0.852295409181642,0.854291417165674,0.856287425149706,
0.858283433133738,0.86027944111777,0.862275449101802,0.864271457085833,0.866267465069865,
0.868263473053898,0.870259481037929,0.872255489021961,0.874251497005993,0.876247504990025,
0.878243512974057,0.880239520958089,0.882235528942121,0.884231536926153,0.886227544910185,
0.888223552894217,0.890219560878249,0.892215568862281,0.894211576846313,0.896207584830345,
0.898203592814377,0.900199600798409,0.902195608782441,0.904191616766473,0.906187624750505,
0.908183632734536,0.910179640718568,0.9121756487026,0.914171656686632,0.916167664670664,
0.918163672654696,0.920159680638728,0.92215568862276,0.924151696606792,0.926147704590824,
0.928143712574856,0.930139720558888,0.932135728542919,0.934131736526951,0.936127744510983,
0.938123752495015,0.940119760479047,0.942115768463078,0.94411177644711,0.946107784431142,
0.948103792415174,0.950099800399206,0.952095808383238,0.95409181636727,0.956087824351302,
0.958083832335333,0.960079840319365,0.962075848303397,0.964071856287429,0.966067864271461,
0.968063872255493,0.970059880239524,0.972055888223556,0.974051896207588,0.97604790419162,
0.978043912175652,0.980039920159684,0.982035928143716,0.984031936127747,0.986027944111779,
0.988023952095811,0.990019960079843,0.992015968063875,0.994011976047907,0.996007984031938,
0.99800399201597,1.),
.UNSPECIFIED.);
#7587=B_SPLINE_CURVE_WITH_KNOTS('',3,
(#8301,#8302,#8303,#8304,#8305,#8306,#8307,#8308),
.UNSPECIFIED.,.F.,.F.,
(4,1,1,1,1,4),
(0.,0.203460831577286,0.406926066107657,0.610399800087361,0.808091240214601,1.),
.UNSPECIFIED.);
#7588=VERTEX_POINT('',#8309);
#7589=B_SPLINE_CURVE_WITH_KNOTS('',3,
(#8310,#8311,#8312,#8313,#8314,#8315,#8316,#8317,#8318,#8319,#8320),
.UNSPECIFIED.,.F.,.F.,
(4,1,1,1,1,1,1,1,4),
(0.,0.0149073723106757,0.0396110178540811,0.0873146092482432,0.180166242497595,0.349755484018756,
0.580513288480784,0.80992094056255,1.),
.UNSPECIFIED.);
#7590=B_SPLINE_CURVE_WITH_KNOTS('',3,
(#8321,#8322,#8323,#8324,#8325,#8326,#8327,#8328,#8329,#8330,#8331,#8332,#8333,#8334,
#8335,#8336,#8337,#8338,#8339,#8340,#8341,#8342,#8343,#8344,#8345,#8346,#8347,#8348,
#8349,#8350,#8351,#8352,#8353,#8354,#8355,#8356,#8357,#8358,#8359,#8360,#8361,#8362,
#8363,#8364,#8365,#8366,#8367,#8368,#8369,#8370,#8371,#8372,#8373,#8374,#8375,#8376,
#8377,#8378,#8379,#8380,#8381,#8382,#8383,#8384,#8385,#8386,#8387,#8388,#8389,#8390,
#8391,#8392,#8393,#8394,#8395,#8396,#8397,#8398,#8399,#8400,#8401,#8402,#8403,#8404,
#8405,#8406,#8407,#8408,#8409,#8410,#8411,#8412,#8413,#8414,#8415,#8416,#8417,#8418,
#8419,#8420,#8421,#8422,#8423,#8424,#8425,#8426,#8427,#8428,#8429,#8430,#8431,#8432,
#8433,#8434,#8435,#8436,#8437,#8438,#8439,#8440,#8441,#8442,#8443,#8444,#8445,#8446,
#8447,#8448,#8449,#8450,#8451,#8452,#8453,#8454,#8455,#8456,#8457,#8458,#8459,#8460,
#8461,#8462,#8463,#8464,#8465,#8466,#8467,#8468,#8469,#8470,#8471,#8472,#8473,#8474,
#8475,#8476,#8477,#8478,#8479,#8480,#8481,#8482,#8483,#8484,#8485,#8486,#8487,#8488,
#8489,#8490,#8491,#8492,#8493,#8494,#8495,#8496,#8497,#8498,#8499,#8500,#8501,#8502,
#8503,#8504,#8505,#8506,#8507,#8508,#8509,#8510,#8511,#8512,#8513,#8514,#8515,#8516,
#8517,#8518,#8519,#8520,#8521,#8522,#8523,#8524,#8525,#8526,#8527,#8528,#8529,#8530,
#8531,#8532,#8533,#8534,#8535,#8536,#8537,#8538,#8539,#8540,#8541,#8542,#8543,#8544,
#8545,#8546,#8547,#8548,#8549,#8550,#8551,#8552,#8553,#8554,#8555,#8556,#8557,#8558,
#8559,#8560,#8561,#8562,#8563,#8564,#8565,#8566,#8567,#8568,#8569,#8570,#8571,#8572,
#8573,#8574,#8575,#8576,#8577,#8578,#8579,#8580,#8581,#8582,#8583,#8584,#8585,#8586,
#8587,#8588,#8589,#8590,#8591,#8592,#8593,#8594,#8595,#8596,#8597,#8598,#8599,#8600,
#8601,#8602,#8603,#8604,#8605,#8606,#8607,#8608,#8609,#8610,#8611,#8612,#8613,#8614,
#8615,#8616,#8617,#8618,#8619,#8620,#8621,#8622,#8623,#8624,#8625,#8626,#8627,#8628,
#8629,#8630,#8631,#8632,#8633,#8634,#8635,#8636,#8637,#8638,#8639,#8640,#8641,#8642,
#8643,#8644,#8645,#8646,#8647,#8648,#8649,#8650,#8651,#8652,#8653,#8654,#8655,#8656,
#8657,#8658,#8659,#8660,#8661,#8662,#8663,#8664,#8665,#8666,#8667,#8668,#8669,#8670,
#8671,#8672,#8673,#8674,#8675,#8676,#8677,#8678,#8679,#8680,#8681,#8682,#8683,#8684,
#8685,#8686,#8687,#8688,#8689,#8690,#8691,#8692,#8693,#8694,#8695,#8696,#8697,#8698,
#8699,#8700,#8701,#8702,#8703,#8704,#8705,#8706,#8707,#8708,#8709,#8710,#8711,#8712,
#8713,#8714,#8715,#8716,#8717,#8718,#8719,#8720,#8721,#8722,#8723,#8724,#8725,#8726,
#8727,#8728,#8729,#8730,#8731,#8732,#8733,#8734,#8735,#8736,#8737,#8738,#8739,#8740,
#8741,#8742,#8743,#8744,#8745,#8746,#8747,#8748,#8749,#8750,#8751,#8752,#8753,#8754,
#8755,#8756,#8757,#8758,#8759,#8760,#8761,#8762,#8763,#8764,#8765,#8766,#8767,#8768,
#8769,#8770,#8771,#8772,#8773,#8774,#8775,#8776,#8777,#8778,#8779,#8780,#8781,#8782,
#8783,#8784,#8785,#8786,#8787,#8788,#8789,#8790,#8791,#8792,#8793,#8794,#8795,#8796,
#8797,#8798,#8799,#8800,#8801,#8802,#8803,#8804,#8805,#8806,#8807,#8808,#8809,#8810,
#8811,#8812,#8813,#8814,#8815,#8816,#8817,#8818,#8819,#8820,#8821,#8822,#8823,#8824),
.UNSPECIFIED.,.F.,.F.,
(4,1,1,1,1,1,1,1,1,1,1,1,1,1,1,1,1,1,1,1,1,1,1,1,1,1,1,1,1,1,1,1,1,1,1,1,1,1,1,1,
1,1,1,1,1,1,1,1,1,1,1,1,1,1,1,1,1,1,1,1,1,1,1,1,1,1,1,1,1,1,1,1,1,1,1,1,1,1,1,1,
1,1,1,1,1,1,1,1,1,1,1,1,1,1,1,1,1,1,1,1,1,1,1,1,1,1,1,1,1,1,1,1,1,1,1,1,1,1,1,1,
1,1,1,1,1,1,1,1,1,1,1,1,1,1,1,1,1,1,1,1,1,1,1,1,1,1,1,1,1,1,1,1,1,1,1,1,1,1,1,1,
1,1,1,1,1,1,1,1,1,1,1,1,1,1,1,1,1,1,1,1,1,1,1,1,1,1,1,1,1,1,1,1,1,1,1,1,1,1,1,1,
1,1,1,1,1,1,1,1,1,1,1,1,1,1,1,1,1,1,1,1,1,1,1,1,1,1,1,1,1,1,1,1,1,1,1,1,1,1,1,1,
1,1,1,1,1,1,1,1,1,1,1,1,1,1,1,1,1,1,1,1,1,1,1,1,1,1,1,1,1,1,1,1,1,1,1,1,1,1,1,1,
1,1,1,1,1,1,1,1,1,1,1,1,1,1,1,1,1,1,1,1,1,1,1,1,1,1,1,1,1,1,1,1,1,1,1,1,1,1,1,1,
1,1,1,1,1,1,1,1,1,1,1,1,1,1,1,1,1,1,1,1,1,1,1,1,1,1,1,1,1,1,1,1,1,1,1,1,1,1,1,1,
1,1,1,1,1,1,1,1,1,1,1,1,1,1,1,1,1,1,1,1,1,1,1,1,1,1,1,1,1,1,1,1,1,1,1,1,1,1,1,1,
1,1,1,1,1,1,1,1,1,1,1,1,1,1,1,1,1,1,1,1,1,1,1,1,1,1,1,1,1,1,1,1,1,1,1,1,1,1,1,1,
1,1,1,1,1,1,1,1,1,1,1,1,1,1,1,1,1,1,1,1,1,1,1,1,1,1,1,1,1,1,1,1,1,1,1,1,1,1,1,1,
1,1,1,1,1,1,1,1,1,1,1,1,1,1,1,1,1,1,1,1,1,4),
(0.,0.00199600798403194,0.00399201596806388,0.00598802395209581,0.00798403193612775,
0.00998003992015968,0.0119760479041916,0.0139720558882235,0.0159680638722555,0.0179640718562874,
0.0199600798403194,0.0219560878243513,0.0239520958083832,0.0259481037924152,0.0279441117764471,
0.029940119760479,0.031936127744511,0.0339321357285429,0.0359281437125748,0.0379241516966068,
0.0399201596806387,0.0419161676646706,0.0439121756487026,0.0459081836327345,0.0479041916167664,
0.0499001996007984,0.0518962075848303,0.0538922155688622,0.0558882235528942,0.0578842315369261,
0.059880239520958,0.06187624750499,0.0638722554890219,0.0658682634730539,0.0678642714570858,
0.0698602794411178,0.0718562874251497,0.0738522954091817,0.0758483033932136,0.0778443113772456,
0.0798403193612775,0.0818363273453095,0.0838323353293414,0.0858283433133734,0.0878243512974053,
0.0898203592814373,0.0918163672654692,0.0938123752495012,0.0958083832335331,0.097804391217565,
0.099800399201597,0.101796407185629,0.103792415169661,0.105788423153693,0.107784431137725,
0.109780439121757,0.111776447105789,0.113772455089821,0.115768463073853,0.117764471057885,
0.119760479041916,0.121756487025948,0.12375249500998,0.125748502994012,0.127744510978044,
0.129740518962076,0.131736526946108,0.13373253493014,0.135728542914172,0.137724550898204,
0.139720558882236,0.141716566866268,0.1437125748503,0.145708582834332,0.147704590818364,
0.149700598802396,0.151696606786428,0.15369261477046,0.155688622754492,0.157684630738524,
0.159680638722555,0.161676646706587,0.163672654690619,0.165668662674651,0.167664670658683,
0.169660678642715,0.171656686626747,0.173652694610779,0.175648702594811,0.177644710578843,
0.179640718562875,0.181636726546907,0.183632734530939,0.185628742514971,0.187624750499003,
0.189620758483035,0.191616766467067,0.193612774451099,0.19560878243513,0.197604790419162,
0.199600798403194,0.201596806387226,0.203592814371258,0.20558882235529,0.207584830339322,
0.209580838323354,0.211576846307386,0.213572854291418,0.21556886227545,0.217564870259482,
0.219560878243514,0.221556886227546,0.223552894211578,0.22554890219561,0.227544910179642,
0.229540918163674,0.231536926147706,0.233532934131738,0.235528942115769,0.237524950099801,
0.239520958083833,0.241516966067865,0.243512974051897,0.245508982035929,0.247504990019961,
0.249500998003993,0.251497005988025,0.253493013972057,0.255489021956089,0.257485029940121,
0.259481037924153,0.261477045908185,0.263473053892217,0.265469061876249,0.267465069860281,
0.269461077844313,0.271457085828345,0.273453093812376,0.275449101796408,0.27744510978044,
0.279441117764472,0.281437125748504,0.283433133732536,0.285429141716568,0.2874251497006,
0.289421157684632,0.291417165668664,0.293413173652696,0.295409181636728,0.29740518962076,
0.299401197604792,0.301397205588824,0.303393213572856,0.305389221556888,0.30738522954092,
0.309381237524952,0.311377245508984,0.313373253493015,0.315369261477047,0.317365269461079,
0.319361277445111,0.321357285429143,0.323353293413175,0.325349301397207,0.327345309381239,
0.329341317365271,0.331337325349303,0.333333333333335,0.335329341317367,0.337325349301399,
0.339321357285431,0.341317365269463,0.343313373253495,0.345309381237527,0.347305389221559,
0.349301397205591,0.351297405189622,0.353293413173654,0.355289421157686,0.357285429141718,
0.35928143712575,0.361277445109782,0.363273453093814,0.365269461077846,0.367265469061878,
0.36926147704591,0.371257485029942,0.373253493013974,0.375249500998006,0.377245508982038,
0.37924151696607,0.381237524950102,0.383233532934134,0.385229540918166,0.387225548902197,
0.38922155688623,0.391217564870261,0.393213572854293,0.395209580838325,0.397205588822357,
0.399201596806389,0.401197604790421,0.403193612774453,0.405189620758485,0.407185628742517,
0.409181636726549,0.411177644710581,0.413173652694613,0.415169660678645,0.417165668662677,
0.419161676646709,0.421157684630741,0.423153692614773,0.425149700598805,0.427145708582836,
0.429141716566868,0.4311377245509,0.433133732534932,0.435129740518964,0.437125748502996,
0.439121756487028,0.44111776447106,0.443113772455092,0.445109780439124,0.447105788423155,
0.449101796407187,0.451097804391219,0.453093812375251,0.455089820359283,0.457085828343315,
0.459081836327347,0.461077844311379,0.463073852295411,0.465069860279442,0.467065868263474,
0.469061876247506,0.471057884231538,0.47305389221557,0.475049900199602,0.477045908183634,
0.479041916167666,0.481037924151698,0.483033932135729,0.485029940119761,0.487025948103793,
0.489021956087825,0.491017964071857,0.493013972055889,0.495009980039921,0.497005988023953,
0.499001996007985,0.500998003992017,0.502994011976048,0.50499001996008,0.506986027944112,
0.508982035928144,0.510978043912176,0.512974051896208,0.51497005988024,0.516966067864272,
0.518962075848304,0.520958083832336,0.522954091816367,0.524950099800399,0.526946107784431,
0.528942115768463,0.530938123752495,0.532934131736527,0.534930139720559,0.536926147704591,
0.538922155688623,0.540918163672654,0.542914171656686,0.544910179640718,0.54690618762475,
0.548902195608782,0.550898203592814,0.552894211576846,0.554890219560878,0.55688622754491,
0.558882235528942,0.560878243512973,0.562874251497005,0.564870259481037,0.566866267465069,
0.568862275449101,0.570858283433133,0.572854291417165,0.574850299401197,0.576846307385229,
0.57884231536926,0.580838323353292,0.582834331337324,0.584830339321356,0.586826347305388,
0.58882235528942,0.590818363273452,0.592814371257484,0.594810379241516,0.596806387225547,
0.598802395209579,0.600798403193611,0.602794411177643,0.604790419161675,0.606786427145707,
0.608782435129739,0.610778443113771,0.612774451097803,0.614770459081835,0.616766467065866,
0.618762475049898,0.62075848303393,0.622754491017962,0.624750499001994,0.626746506986026,
0.628742514970058,0.63073852295409,0.632734530938122,0.634730538922153,0.636726546906185,
0.638722554890217,0.640718562874249,0.642714570858281,0.644710578842313,0.646706586826345,
0.648702594810377,0.650698602794409,0.652694610778441,0.654690618762472,0.656686626746504,
0.658682634730536,0.660678642714568,0.6626746506986,0.664670658682632,0.666666666666664,
0.668662674650696,0.670658682634728,0.67265469061876,0.674650698602791,0.676646706586823,
0.678642714570855,0.680638722554887,0.682634730538919,0.684630738522951,0.686626746506983,
0.688622754491015,0.690618762475046,0.692614770459078,0.69461077844311,0.696606786427142,
0.698602794411174,0.700598802395206,0.702594810379238,0.70459081836327,0.706586826347302,
0.708582834331334,0.710578842315365,0.712574850299397,0.714570858283429,0.716566866267461,
0.718562874251493,0.720558882235525,0.722554890219557,0.724550898203589,0.726546906187621,
0.728542914171653,0.730538922155684,0.732534930139716,0.734530938123748,0.73652694610778,
0.738522954091812,0.740518962075844,0.742514970059876,0.744510978043908,0.74650698602794,
0.748502994011971,0.750499001996003,0.752495009980035,0.754491017964067,0.756487025948099,
0.758483033932131,0.760479041916163,0.762475049900195,0.764471057884227,0.766467065868259,
0.76846307385229,0.770459081836322,0.772455089820354,0.774451097804386,0.776447105788418,
0.77844311377245,0.780439121756482,0.782435129740514,0.784431137724546,0.786427145708577,
0.788423153692609,0.790419161676641,0.792415169660673,0.794411177644705,0.796407185628737,
0.798403193612769,0.800399201596801,0.802395209580833,0.804391217564864,0.806387225548896,
0.808383233532928,0.81037924151696,0.812375249500992,0.814371257485024,0.816367265469056,
0.818363273453088,0.82035928143712,0.822355289421152,0.824351297405183,0.826347305389215,
0.828343313373247,0.830339321357279,0.832335329341311,0.834331337325343,0.836327345309375,
0.838323353293407,0.840319361277439,0.84231536926147,0.844311377245502,0.846307385229534,
0.848303393213566,0.850299401197598,0.85229540918163,0.854291417165662,0.856287425149694,
0.858283433133726,0.860279441117757,0.862275449101789,0.864271457085821,0.866267465069853,
0.868263473053885,0.870259481037917,0.872255489021949,0.874251497005981,0.876247504990013,
0.878243512974045,0.880239520958076,0.882235528942108,0.88423153692614,0.886227544910172,
0.888223552894204,0.890219560878236,0.892215568862268,0.8942115768463,0.896207584830332,
0.898203592814363,0.900199600798395,0.902195608782427,0.904191616766459,0.906187624750491,
0.908183632734523,0.910179640718555,0.912175648702587,0.914171656686619,0.916167664670651,
0.918163672654683,0.920159680638714,0.922155688622746,0.924151696606778,0.92614770459081,
0.928143712574842,0.930139720558874,0.932135728542906,0.934131736526938,0.93612774451097,
0.938123752495001,0.940119760479033,0.942115768463065,0.944111776447097,0.946107784431129,
0.948103792415161,0.950099800399193,0.952095808383225,0.954091816367257,0.956087824351289,
0.958083832335321,0.960079840319352,0.962075848303384,0.964071856287416,0.966067864271448,
0.96806387225548,0.970059880239512,0.972055888223544,0.974051896207576,0.976047904191607,
0.978043912175639,0.980039920159671,0.982035928143703,0.984031936127735,0.986027944111767,
0.988023952095799,0.990019960079831,0.992015968063863,0.994011976047894,0.996007984031926,
0.998003992015958,1.),
.UNSPECIFIED.);
#7591=VERTEX_POINT('',#8825);
#7592=B_SPLINE_CURVE_WITH_KNOTS('',3,
(#8826,#8827,#8828,#8829,#8830,#8831,#8832,#8833,#8834,#8835,#8836,#8837,#8838,#8839,
#8840,#8841),
.UNSPECIFIED.,.F.,.F.,
(4,1,1,1,1,1,1,1,1,1,1,1,1,4),
(0.,0.0769230769230769,0.153846153846154,0.230769230769231,0.307692307692308,0.384615384615386,
0.461538461538463,0.53846153846154,0.615384615384617,0.692307692307694,0.769230769230772,
0.846153846153849,0.923076923076926,1.),
.UNSPECIFIED.);
#7593=VERTEX_POINT('',#8842);
#7594=CIRCLE('',#8843,10.475);
#7595=B_SPLINE_CURVE_WITH_KNOTS('',3,
(#8847,#8848,#8849,#8850,#8851,#8852,#8853,#8854,#8855,#8856,#8857,#8858,#8859,#8860,
#8861,#8862,#8863,#8864,#8865,#8866,#8867,#8868,#8869,#8870,#8871,#8872,#8873,#8874,
#8875,#8876,#8877,#8878,#8879,#8880,#8881,#8882,#8883,#8884,#8885,#8886,#8887,#8888,
#8889,#8890,#8891,#8892,#8893),
.UNSPECIFIED.,.F.,.F.,
(4,1,1,1,1,1,1,1,1,1,1,1,1,1,1,1,1,1,1,1,1,1,1,1,1,1,1,1,1,1,1,1,1,1,1,1,1,1,1,1,
1,1,1,1,4),
(0.,0.0227272727272727,0.0454545454545454,0.0681818181818181,0.0909090909090908,
0.113636363636364,0.136363636363636,0.159090909090909,0.181818181818182,0.204545454545454,
0.227272727272727,0.25,0.272727272727273,0.295454545454545,0.318181818181818,0.340909090909091,
0.363636363636363,0.386363636363636,0.409090909090909,0.431818181818182,0.454545454545454,
0.477272727272727,0.5,0.522727272727272,0.545454545454545,0.568181818181818,0.59090909090909,
0.613636363636363,0.636363636363636,0.659090909090909,0.681818181818181,0.704545454545454,
0.727272727272727,0.75,0.772727272727272,0.795454545454545,0.818181818181818,0.840909090909091,
0.863636363636363,0.886363636363636,0.909090909090909,0.931818181818181,0.954545454545454,
0.977272727272727,1.),
.UNSPECIFIED.);
#7596=VERTEX_POINT('',#8894);
#7597=CIRCLE('',#8895,4.);
#7598=VERTEX_POINT('',#8899);
#7599=LINE('',#8900,#8901);
#7600=VERTEX_POINT('',#8903);
#7601=B_SPLINE_CURVE_WITH_KNOTS('',3,
(#8904,#8905,#8906,#8907,#8908,#8909,#8910,#8911,#8912,#8913,#8914,#8915,#8916,#8917,
#8918,#8919,#8920,#8921,#8922,#8923,#8924,#8925,#8926,#8927,#8928,#8929,#8930,#8931,
#8932,#8933,#8934,#8935,#8936,#8937,#8938,#8939,#8940,#8941,#8942,#8943,#8944,#8945,
#8946,#8947,#8948,#8949,#8950,#8951),
.UNSPECIFIED.,.F.,.F.,
(4,1,1,1,1,1,1,1,1,1,1,1,1,1,1,1,1,1,1,1,1,1,1,1,1,1,1,1,1,1,1,1,1,1,1,1,1,1,1,1,
1,1,1,1,1,4),
(0.,0.0228857500031572,0.0451700010004831,0.0669146801872621,0.0878726269238954,
0.108453648218272,0.128250651450604,0.147595612352268,0.166341831997145,0.184955520521754,
0.20280629948284,0.22006085897336,0.236263575936716,0.252039400076358,0.267935908078989,
0.284389518952863,0.308435478339611,0.340673023387213,0.37980605673153,0.417028770034824,
0.449193454271234,0.475923947121562,0.498262453275021,0.500000571587591,0.518417195696152,
0.539460825828274,0.564683267204852,0.597624720679793,0.640288401099221,0.688770037047891,
0.736391952099355,0.771325246550429,0.794845536107151,0.809794451138774,0.824678480524586,
0.839558380537061,0.854491528389832,0.869595671717393,0.884806973234521,0.900394036719086,
0.916246216428697,0.932522986744708,0.948971513725416,0.965767934477632,0.9827746215745,
1.),
.UNSPECIFIED.);
#7602=LINE('',#8952,#8953);
#7603=VERTEX_POINT('',#8955);
#7604=LINE('',#8956,#8957);
#7605=VERTEX_POINT('',#8959);
#7606=B_SPLINE_CURVE_WITH_KNOTS('',3,
(#8960,#8961,#8962,#8963,#8964,#8965,#8966,#8967,#8968,#8969,#8970,#8971,#8972,#8973,
#8974,#8975,#8976,#8977,#8978),
.UNSPECIFIED.,.F.,.F.,
(4,1,1,1,1,1,1,1,1,1,1,1,1,1,1,1,4),
(0.,0.0625,0.125,0.1875,0.25,0.3125,0.375,0.4375,0.5,0.5625,0.625,0.6875,0.75,0.8125,
0.875,0.9375,1.),
.UNSPECIFIED.);
#7607=VERTEX_POINT('',#8979);
#7608=B_SPLINE_CURVE_WITH_KNOTS('',3,
(#8980,#8981,#8982,#8983,#8984,#8985,#8986,#8987,#8988,#8989,#8990,#8991,#8992,#8993,
#8994,#8995,#8996,#8997,#8998,#8999,#9000,#9001,#9002,#9003,#9004,#9005,#9006,#9007,
#9008,#9009,#9010,#9011,#9012,#9013,#9014,#9015,#9016,#9017,#9018,#9019,#9020,#9021,
#9022,#9023,#9024,#9025,#9026,#9027,#9028,#9029,#9030,#9031,#9032,#9033,#9034,#9035,
#9036,#9037,#9038,#9039,#9040,#9041,#9042,#9043,#9044,#9045,#9046,#9047,#9048),
.UNSPECIFIED.,.F.,.F.,
(4,1,1,1,1,1,1,1,1,1,1,1,1,1,1,1,1,1,1,1,1,1,1,1,1,1,1,1,1,1,1,1,1,1,1,1,1,1,1,1,
1,1,1,1,1,1,1,1,1,1,1,1,1,1,1,1,1,1,1,1,1,1,1,1,1,1,4),
(0.,0.0151515151515152,0.0303030303030303,0.0454545454545454,0.0606060606060606,
0.0757575757575758,0.0909090909090909,0.106060606060606,0.121212121212121,0.136363636363636,
0.151515151515152,0.166666666666667,0.181818181818182,0.196969696969697,0.212121212121212,
0.227272727272727,0.242424242424242,0.257575757575758,0.272727272727273,0.287878787878788,
0.303030303030303,0.318181818181818,0.333333333333333,0.348484848484849,0.363636363636364,
0.378787878787879,0.393939393939394,0.409090909090909,0.424242424242424,0.439393939393939,
0.454545454545455,0.46969696969697,0.484848484848485,0.5,0.515151515151515,0.53030303030303,
0.545454545454546,0.560606060606061,0.575757575757576,0.590909090909091,0.606060606060606,
0.621212121212121,0.636363636363637,0.651515151515152,0.666666666666667,0.681818181818182,
0.696969696969697,0.712121212121212,0.727272727272727,0.742424242424243,0.757575757575758,
0.772727272727273,0.787878787878788,0.803030303030303,0.818181818181818,0.833333333333334,
0.848484848484849,0.863636363636364,0.878787878787879,0.893939393939394,0.909090909090909,
0.924242424242424,0.93939393939394,0.954545454545455,0.96969696969697,0.984848484848485,
1.),
.UNSPECIFIED.);
#7609=VERTEX_POINT('',#9049);
#7610=B_SPLINE_CURVE_WITH_KNOTS('',3,
(#9050,#9051,#9052,#9053,#9054,#9055,#9056,#9057,#9058,#9059,#9060,#9061,#9062,#9063,
#9064,#9065,#9066,#9067,#9068,#9069,#9070,#9071,#9072,#9073,#9074,#9075,#9076,#9077,
#9078,#9079,#9080,#9081,#9082,#9083,#9084,#9085,#9086,#9087,#9088,#9089,#9090,#9091,
#9092,#9093,#9094,#9095,#9096,#9097,#9098,#9099,#9100,#9101,#9102,#9103,#9104,#9105,
#9106,#9107,#9108,#9109,#9110,#9111,#9112,#9113,#9114,#9115,#9116,#9117,#9118),
.UNSPECIFIED.,.F.,.F.,
(4,1,1,1,1,1,1,1,1,1,1,1,1,1,1,1,1,1,1,1,1,1,1,1,1,1,1,1,1,1,1,1,1,1,1,1,1,1,1,1,
1,1,1,1,1,1,1,1,1,1,1,1,1,1,1,1,1,1,1,1,1,1,1,1,1,1,4),
(0.,0.0151515151515152,0.0303030303030303,0.0454545454545455,0.0606060606060606,
0.0757575757575758,0.0909090909090909,0.106060606060606,0.121212121212121,0.136363636363636,
0.151515151515152,0.166666666666667,0.181818181818182,0.196969696969697,0.212121212121212,
0.227272727272727,0.242424242424242,0.257575757575758,0.272727272727273,0.287878787878788,
0.303030303030303,0.318181818181818,0.333333333333333,0.348484848484849,0.363636363636364,
0.378787878787879,0.393939393939394,0.409090909090909,0.424242424242424,0.43939393939394,
0.454545454545455,0.46969696969697,0.484848484848485,0.5,0.515151515151515,0.53030303030303,
0.545454545454546,0.560606060606061,0.575757575757576,0.590909090909091,0.606060606060606,
0.621212121212121,0.636363636363637,0.651515151515152,0.666666666666667,0.681818181818182,
0.696969696969697,0.712121212121212,0.727272727272728,0.742424242424243,0.757575757575758,
0.772727272727273,0.787878787878788,0.803030303030303,0.818181818181819,0.833333333333334,
0.848484848484849,0.863636363636364,0.878787878787879,0.893939393939394,0.909090909090909,
0.924242424242425,0.93939393939394,0.954545454545455,0.96969696969697,0.984848484848485,
1.),
.UNSPECIFIED.);
#7611=VERTEX_POINT('',#9119);
#7612=B_SPLINE_CURVE_WITH_KNOTS('',3,
(#9120,#9121,#9122,#9123,#9124,#9125,#9126,#9127,#9128,#9129,#9130,#9131,#9132,#9133,
#9134,#9135,#9136,#9137,#9138,#9139,#9140,#9141,#9142,#9143,#9144,#9145,#9146,#9147,
#9148,#9149,#9150,#9151,#9152,#9153,#9154,#9155,#9156,#9157,#9158,#9159,#9160,#9161,
#9162,#9163,#9164,#9165,#9166,#9167,#9168,#9169,#9170,#9171,#9172,#9173,#9174,#9175,
#9176,#9177,#9178,#9179,#9180,#9181,#9182,#9183,#9184,#9185,#9186,#9187,#9188),
.UNSPECIFIED.,.F.,.F.,
(4,1,1,1,1,1,1,1,1,1,1,1,1,1,1,1,1,1,1,1,1,1,1,1,1,1,1,1,1,1,1,1,1,1,1,1,1,1,1,1,
1,1,1,1,1,1,1,1,1,1,1,1,1,1,1,1,1,1,1,1,1,1,1,1,1,1,4),
(0.,0.0151515151515152,0.0303030303030303,0.0454545454545455,0.0606060606060606,
0.0757575757575758,0.0909090909090909,0.106060606060606,0.121212121212121,0.136363636363636,
0.151515151515152,0.166666666666667,0.181818181818182,0.196969696969697,0.212121212121212,
0.227272727272727,0.242424242424242,0.257575757575758,0.272727272727273,0.287878787878788,
0.303030303030303,0.318181818181818,0.333333333333333,0.348484848484849,0.363636363636364,
0.378787878787879,0.393939393939394,0.409090909090909,0.424242424242424,0.43939393939394,
0.454545454545455,0.46969696969697,0.484848484848485,0.5,0.515151515151515,0.53030303030303,
0.545454545454546,0.560606060606061,0.575757575757576,0.590909090909091,0.606060606060606,
0.621212121212121,0.636363636363637,0.651515151515152,0.666666666666667,0.681818181818182,
0.696969696969697,0.712121212121212,0.727272727272728,0.742424242424243,0.757575757575758,
0.772727272727273,0.787878787878788,0.803030303030303,0.818181818181819,0.833333333333334,
0.848484848484849,0.863636363636364,0.878787878787879,0.893939393939394,0.909090909090909,
0.924242424242425,0.93939393939394,0.954545454545455,0.96969696969697,0.984848484848485,
1.),
.UNSPECIFIED.);
#7613=VERTEX_POINT('',#9189);
#7614=B_SPLINE_CURVE_WITH_KNOTS('',3,
(#9190,#9191,#9192,#9193,#9194,#9195,#9196,#9197,#9198,#9199,#9200,#9201,#9202,#9203,
#9204,#9205,#9206,#9207,#9208,#9209,#9210,#9211,#9212,#9213,#9214,#9215,#9216,#9217,
#9218,#9219,#9220,#9221,#9222,#9223,#9224,#9225,#9226,#9227,#9228,#9229,#9230,#9231,
#9232,#9233,#9234,#9235,#9236,#9237,#9238,#9239,#9240,#9241,#9242,#9243,#9244,#9245,
#9246,#9247,#9248,#9249,#9250,#9251,#9252,#9253,#9254,#9255,#9256,#9257,#9258),
.UNSPECIFIED.,.F.,.F.,
(4,1,1,1,1,1,1,1,1,1,1,1,1,1,1,1,1,1,1,1,1,1,1,1,1,1,1,1,1,1,1,1,1,1,1,1,1,1,1,1,
1,1,1,1,1,1,1,1,1,1,1,1,1,1,1,1,1,1,1,1,1,1,1,1,1,1,4),
(0.,0.0151515151515152,0.0303030303030303,0.0454545454545455,0.0606060606060606,
0.0757575757575758,0.0909090909090909,0.106060606060606,0.121212121212121,0.136363636363636,
0.151515151515152,0.166666666666667,0.181818181818182,0.196969696969697,0.212121212121212,
0.227272727272727,0.242424242424242,0.257575757575758,0.272727272727273,0.287878787878788,
0.303030303030303,0.318181818181818,0.333333333333333,0.348484848484849,0.363636363636364,
0.378787878787879,0.393939393939394,0.409090909090909,0.424242424242424,0.43939393939394,
0.454545454545455,0.46969696969697,0.484848484848485,0.5,0.515151515151515,0.53030303030303,
0.545454545454546,0.560606060606061,0.575757575757576,0.590909090909091,0.606060606060606,
0.621212121212121,0.636363636363637,0.651515151515152,0.666666666666667,0.681818181818182,
0.696969696969697,0.712121212121212,0.727272727272728,0.742424242424243,0.757575757575758,
0.772727272727273,0.787878787878788,0.803030303030303,0.818181818181819,0.833333333333334,
0.848484848484849,0.863636363636364,0.878787878787879,0.893939393939394,0.909090909090909,
0.924242424242425,0.93939393939394,0.954545454545455,0.96969696969697,0.984848484848485,
1.),
.UNSPECIFIED.);
#7615=VERTEX_POINT('',#9259);
#7616=B_SPLINE_CURVE_WITH_KNOTS('',3,
(#9260,#9261,#9262,#9263,#9264,#9265,#9266,#9267,#9268,#9269,#9270,#9271,#9272,#9273,
#9274,#9275,#9276,#9277,#9278,#9279,#9280,#9281,#9282,#9283,#9284,#9285,#9286,#9287,
#9288,#9289,#9290,#9291,#9292,#9293,#9294,#9295,#9296,#9297,#9298,#9299,#9300,#9301,
#9302,#9303,#9304,#9305,#9306,#9307,#9308,#9309,#9310,#9311,#9312,#9313,#9314,#9315,
#9316,#9317,#9318,#9319,#9320,#9321,#9322,#9323,#9324,#9325,#9326,#9327,#9328),
.UNSPECIFIED.,.F.,.F.,
(4,1,1,1,1,1,1,1,1,1,1,1,1,1,1,1,1,1,1,1,1,1,1,1,1,1,1,1,1,1,1,1,1,1,1,1,1,1,1,1,
1,1,1,1,1,1,1,1,1,1,1,1,1,1,1,1,1,1,1,1,1,1,1,1,1,1,4),
(0.,0.0151515151515152,0.0303030303030303,0.0454545454545454,0.0606060606060606,
0.0757575757575758,0.0909090909090909,0.106060606060606,0.121212121212121,0.136363636363636,
0.151515151515152,0.166666666666667,0.181818181818182,0.196969696969697,0.212121212121212,
0.227272727272727,0.242424242424242,0.257575757575758,0.272727272727273,0.287878787878788,
0.303030303030303,0.318181818181818,0.333333333333333,0.348484848484849,0.363636363636364,
0.378787878787879,0.393939393939394,0.409090909090909,0.424242424242424,0.439393939393939,
0.454545454545455,0.46969696969697,0.484848484848485,0.5,0.515151515151515,0.53030303030303,
0.545454545454546,0.560606060606061,0.575757575757576,0.590909090909091,0.606060606060606,
0.621212121212121,0.636363636363636,0.651515151515152,0.666666666666667,0.681818181818182,
0.696969696969697,0.712121212121212,0.727272727272727,0.742424242424242,0.757575757575758,
0.772727272727273,0.787878787878788,0.803030303030303,0.818181818181818,0.833333333333333,
0.848484848484848,0.863636363636364,0.878787878787879,0.893939393939394,0.909090909090909,
0.924242424242424,0.939393939393939,0.954545454545455,0.96969696969697,0.984848484848485,
1.),
.UNSPECIFIED.);
#7617=VERTEX_POINT('',#9329);
#7618=B_SPLINE_CURVE_WITH_KNOTS('',3,
(#9330,#9331,#9332,#9333,#9334,#9335,#9336,#9337,#9338,#9339,#9340,#9341,#9342,#9343,
#9344,#9345,#9346,#9347,#9348,#9349,#9350,#9351,#9352,#9353,#9354,#9355,#9356,#9357,
#9358,#9359,#9360,#9361,#9362,#9363,#9364,#9365,#9366,#9367,#9368,#9369,#9370,#9371,
#9372,#9373,#9374,#9375,#9376,#9377,#9378,#9379,#9380,#9381,#9382,#9383,#9384,#9385,
#9386,#9387,#9388,#9389,#9390,#9391,#9392,#9393,#9394,#9395,#9396,#9397,#9398),
.UNSPECIFIED.,.F.,.F.,
(4,1,1,1,1,1,1,1,1,1,1,1,1,1,1,1,1,1,1,1,1,1,1,1,1,1,1,1,1,1,1,1,1,1,1,1,1,1,1,1,
1,1,1,1,1,1,1,1,1,1,1,1,1,1,1,1,1,1,1,1,1,1,1,1,1,1,4),
(0.,0.0151515151515152,0.0303030303030303,0.0454545454545454,0.0606060606060606,
0.0757575757575758,0.0909090909090909,0.106060606060606,0.121212121212121,0.136363636363636,
0.151515151515152,0.166666666666667,0.181818181818182,0.196969696969697,0.212121212121212,
0.227272727272727,0.242424242424242,0.257575757575758,0.272727272727273,0.287878787878788,
0.303030303030303,0.318181818181818,0.333333333333333,0.348484848484849,0.363636363636364,
0.378787878787879,0.393939393939394,0.409090909090909,0.424242424242424,0.439393939393939,
0.454545454545455,0.46969696969697,0.484848484848485,0.5,0.515151515151515,0.53030303030303,
0.545454545454546,0.560606060606061,0.575757575757576,0.590909090909091,0.606060606060606,
0.621212121212121,0.636363636363636,0.651515151515152,0.666666666666667,0.681818181818182,
0.696969696969697,0.712121212121212,0.727272727272727,0.742424242424242,0.757575757575758,
0.772727272727273,0.787878787878788,0.803030303030303,0.818181818181818,0.833333333333333,
0.848484848484848,0.863636363636364,0.878787878787879,0.893939393939394,0.909090909090909,
0.924242424242424,0.939393939393939,0.954545454545455,0.96969696969697,0.984848484848485,
1.),
.UNSPECIFIED.);
#7619=VERTEX_POINT('',#9399);
#7620=B_SPLINE_CURVE_WITH_KNOTS('',3,
(#9400,#9401,#9402,#9403,#9404,#9405,#9406,#9407,#9408,#9409,#9410,#9411,#9412,#9413,
#9414,#9415,#9416,#9417,#9418,#9419,#9420,#9421,#9422,#9423,#9424,#9425,#9426,#9427,
#9428,#9429,#9430,#9431,#9432,#9433,#9434,#9435,#9436,#9437,#9438,#9439,#9440,#9441,
#9442,#9443,#9444,#9445,#9446,#9447,#9448,#9449,#9450,#9451,#9452,#9453,#9454,#9455,
#9456,#9457,#9458,#9459,#9460,#9461,#9462,#9463,#9464,#9465,#9466,#9467,#9468),
.UNSPECIFIED.,.F.,.F.,
(4,1,1,1,1,1,1,1,1,1,1,1,1,1,1,1,1,1,1,1,1,1,1,1,1,1,1,1,1,1,1,1,1,1,1,1,1,1,1,1,
1,1,1,1,1,1,1,1,1,1,1,1,1,1,1,1,1,1,1,1,1,1,1,1,1,1,4),
(0.,0.0151515151515152,0.0303030303030303,0.0454545454545455,0.0606060606060606,
0.0757575757575758,0.0909090909090909,0.106060606060606,0.121212121212121,0.136363636363636,
0.151515151515152,0.166666666666667,0.181818181818182,0.196969696969697,0.212121212121212,
0.227272727272727,0.242424242424242,0.257575757575758,0.272727272727273,0.287878787878788,
0.303030303030303,0.318181818181818,0.333333333333333,0.348484848484849,0.363636363636364,
0.378787878787879,0.393939393939394,0.409090909090909,0.424242424242424,0.43939393939394,
0.454545454545455,0.46969696969697,0.484848484848485,0.5,0.515151515151515,0.53030303030303,
0.545454545454546,0.560606060606061,0.575757575757576,0.590909090909091,0.606060606060606,
0.621212121212121,0.636363636363637,0.651515151515152,0.666666666666667,0.681818181818182,
0.696969696969697,0.712121212121212,0.727272727272728,0.742424242424243,0.757575757575758,
0.772727272727273,0.787878787878788,0.803030303030303,0.818181818181818,0.833333333333334,
0.848484848484849,0.863636363636364,0.878787878787879,0.893939393939394,0.909090909090909,
0.924242424242425,0.93939393939394,0.954545454545455,0.96969696969697,0.984848484848485,
1.),
.UNSPECIFIED.);
#7621=B_SPLINE_CURVE_WITH_KNOTS('',3,
(#9469,#9470,#9471,#9472,#9473,#9474,#9475,#9476,#9477,#9478,#9479,#9480,#9481,#9482,
#9483,#9484,#9485,#9486,#9487,#9488,#9489,#9490,#9491,#9492,#9493,#9494,#9495,#9496,
#9497,#9498,#9499,#9500,#9501,#9502,#9503,#9504,#9505,#9506,#9507,#9508,#9509,#9510,
#9511,#9512,#9513,#9514,#9515,#9516,#9517,#9518,#9519,#9520,#9521,#9522,#9523,#9524,
#9525,#9526,#9527,#9528,#9529,#9530),
.UNSPECIFIED.,.F.,.F.,
(4,1,1,1,1,1,1,1,1,1,1,1,1,1,1,1,1,1,1,1,1,1,1,1,1,1,1,1,1,1,1,1,1,1,1,1,1,1,1,1,
1,1,1,1,1,1,1,1,1,1,1,1,1,1,1,1,1,1,1,4),
(0.,0.0169491525423729,0.0338983050847458,0.0508474576271187,0.0677966101694916,
0.0847457627118645,0.101694915254237,0.11864406779661,0.135593220338983,0.152542372881356,
0.169491525423729,0.186440677966102,0.203389830508475,0.220338983050848,0.237288135593221,
0.254237288135593,0.271186440677966,0.288135593220339,0.305084745762712,0.322033898305085,
0.338983050847458,0.355932203389831,0.372881355932204,0.389830508474577,0.406779661016949,
0.423728813559322,0.440677966101695,0.457627118644068,0.474576271186441,0.491525423728814,
0.508474576271187,0.52542372881356,0.542372881355933,0.559322033898305,0.576271186440678,
0.593220338983051,0.610169491525424,0.627118644067797,0.64406779661017,0.661016949152543,
0.677966101694916,0.694915254237289,0.711864406779661,0.728813559322034,0.745762711864407,
0.76271186440678,0.779661016949153,0.796610169491526,0.813559322033899,0.830508474576272,
0.847457627118645,0.864406779661017,0.88135593220339,0.898305084745763,0.915254237288136,
0.932203389830509,0.949152542372882,0.966101694915255,0.983050847457628,1.),
.UNSPECIFIED.);
#7622=VERTEX_POINT('',#9531);
#7623=LINE('',#9532,#9533);
#7624=VERTEX_POINT('',#9535);
#7625=B_SPLINE_CURVE_WITH_KNOTS('',3,
(#9536,#9537,#9538,#9539,#9540,#9541,#9542,#9543,#9544,#9545,#9546,#9547,#9548,#9549,
#9550,#9551,#9552,#9553,#9554,#9555,#9556,#9557,#9558,#9559,#9560,#9561,#9562,#9563,
#9564,#9565,#9566,#9567,#9568,#9569,#9570,#9571,#9572,#9573,#9574,#9575,#9576,#9577,
#9578,#9579,#9580,#9581,#9582,#9583,#9584,#9585,#9586,#9587,#9588,#9589,#9590,#9591,
#9592,#9593,#9594,#9595,#9596,#9597,#9598,#9599,#9600,#9601,#9602,#9603,#9604),
.UNSPECIFIED.,.F.,.F.,
(4,1,1,1,1,1,1,1,1,1,1,1,1,1,1,1,1,1,1,1,1,1,1,1,1,1,1,1,1,1,1,1,1,1,1,1,1,1,1,1,
1,1,1,1,1,1,1,1,1,1,1,1,1,1,1,1,1,1,1,1,1,1,1,1,1,1,4),
(0.,0.0151515151515152,0.0303030303030303,0.0454545454545454,0.0606060606060606,
0.0757575757575758,0.0909090909090909,0.106060606060606,0.121212121212121,0.136363636363636,
0.151515151515152,0.166666666666667,0.181818181818182,0.196969696969697,0.212121212121212,
0.227272727272727,0.242424242424242,0.257575757575758,0.272727272727273,0.287878787878788,
0.303030303030303,0.318181818181818,0.333333333333333,0.348484848484849,0.363636363636364,
0.378787878787879,0.393939393939394,0.409090909090909,0.424242424242424,0.439393939393939,
0.454545454545455,0.46969696969697,0.484848484848485,0.5,0.515151515151515,0.53030303030303,
0.545454545454546,0.560606060606061,0.575757575757576,0.590909090909091,0.606060606060606,
0.621212121212121,0.636363636363636,0.651515151515152,0.666666666666667,0.681818181818182,
0.696969696969697,0.712121212121212,0.727272727272727,0.742424242424242,0.757575757575758,
0.772727272727273,0.787878787878788,0.803030303030303,0.818181818181818,0.833333333333333,
0.848484848484848,0.863636363636364,0.878787878787879,0.893939393939394,0.909090909090909,
0.924242424242424,0.939393939393939,0.954545454545455,0.96969696969697,0.984848484848485,
1.),
.UNSPECIFIED.);
#7626=VERTEX_POINT('',#9605);
#7627=B_SPLINE_CURVE_WITH_KNOTS('',3,
(#9606,#9607,#9608,#9609,#9610,#9611,#9612,#9613,#9614,#9615,#9616,#9617,#9618,#9619,
#9620,#9621,#9622,#9623,#9624,#9625,#9626,#9627,#9628,#9629,#9630,#9631,#9632,#9633,
#9634,#9635,#9636,#9637,#9638,#9639,#9640,#9641,#9642,#9643,#9644,#9645,#9646,#9647,
#9648,#9649,#9650,#9651,#9652,#9653,#9654,#9655,#9656,#9657,#9658,#9659,#9660,#9661,
#9662,#9663,#9664,#9665,#9666,#9667,#9668,#9669,#9670,#9671,#9672,#9673,#9674),
.UNSPECIFIED.,.F.,.F.,
(4,1,1,1,1,1,1,1,1,1,1,1,1,1,1,1,1,1,1,1,1,1,1,1,1,1,1,1,1,1,1,1,1,1,1,1,1,1,1,1,
1,1,1,1,1,1,1,1,1,1,1,1,1,1,1,1,1,1,1,1,1,1,1,1,1,1,4),
(0.,0.0151515151515152,0.0303030303030303,0.0454545454545454,0.0606060606060606,
0.0757575757575758,0.0909090909090909,0.106060606060606,0.121212121212121,0.136363636363636,
0.151515151515152,0.166666666666667,0.181818181818182,0.196969696969697,0.212121212121212,
0.227272727272727,0.242424242424242,0.257575757575758,0.272727272727273,0.287878787878788,
0.303030303030303,0.318181818181818,0.333333333333333,0.348484848484849,0.363636363636364,
0.378787878787879,0.393939393939394,0.409090909090909,0.424242424242424,0.439393939393939,
0.454545454545455,0.46969696969697,0.484848484848485,0.5,0.515151515151515,0.53030303030303,
0.545454545454546,0.560606060606061,0.575757575757576,0.590909090909091,0.606060606060606,
0.621212121212121,0.636363636363636,0.651515151515152,0.666666666666667,0.681818181818182,
0.696969696969697,0.712121212121212,0.727272727272727,0.742424242424242,0.757575757575758,
0.772727272727273,0.787878787878788,0.803030303030303,0.818181818181818,0.833333333333333,
0.848484848484848,0.863636363636364,0.878787878787879,0.893939393939394,0.909090909090909,
0.924242424242424,0.939393939393939,0.954545454545455,0.96969696969697,0.984848484848485,
1.),
.UNSPECIFIED.);
#7628=VERTEX_POINT('',#9675);
#7629=B_SPLINE_CURVE_WITH_KNOTS('',3,
(#9676,#9677,#9678,#9679,#9680,#9681,#9682,#9683,#9684,#9685,#9686,#9687,#9688,#9689,
#9690,#9691,#9692,#9693,#9694,#9695,#9696,#9697,#9698,#9699,#9700,#9701,#9702,#9703,
#9704,#9705,#9706,#9707,#9708,#9709,#9710,#9711,#9712,#9713,#9714,#9715,#9716,#9717,
#9718,#9719,#9720,#9721,#9722,#9723,#9724,#9725,#9726,#9727,#9728,#9729,#9730,#9731,
#9732,#9733,#9734,#9735,#9736,#9737,#9738,#9739,#9740,#9741,#9742,#9743,#9744),
.UNSPECIFIED.,.F.,.F.,
(4,1,1,1,1,1,1,1,1,1,1,1,1,1,1,1,1,1,1,1,1,1,1,1,1,1,1,1,1,1,1,1,1,1,1,1,1,1,1,1,
1,1,1,1,1,1,1,1,1,1,1,1,1,1,1,1,1,1,1,1,1,1,1,1,1,1,4),
(0.,0.0151515151515152,0.0303030303030303,0.0454545454545454,0.0606060606060606,
0.0757575757575758,0.0909090909090909,0.106060606060606,0.121212121212121,0.136363636363636,
0.151515151515152,0.166666666666667,0.181818181818182,0.196969696969697,0.212121212121212,
0.227272727272727,0.242424242424242,0.257575757575758,0.272727272727273,0.287878787878788,
0.303030303030303,0.318181818181818,0.333333333333333,0.348484848484849,0.363636363636364,
0.378787878787879,0.393939393939394,0.409090909090909,0.424242424242424,0.439393939393939,
0.454545454545455,0.46969696969697,0.484848484848485,0.5,0.515151515151515,0.53030303030303,
0.545454545454546,0.560606060606061,0.575757575757576,0.590909090909091,0.606060606060606,
0.621212121212121,0.636363636363636,0.651515151515152,0.666666666666667,0.681818181818182,
0.696969696969697,0.712121212121212,0.727272727272727,0.742424242424242,0.757575757575758,
0.772727272727273,0.787878787878788,0.803030303030303,0.818181818181818,0.833333333333333,
0.848484848484848,0.863636363636364,0.878787878787879,0.893939393939394,0.909090909090909,
0.924242424242424,0.939393939393939,0.954545454545455,0.96969696969697,0.984848484848485,
1.),
.UNSPECIFIED.);
#7630=VERTEX_POINT('',#9745);
#7631=B_SPLINE_CURVE_WITH_KNOTS('',3,
(#9746,#9747,#9748,#9749,#9750,#9751,#9752,#9753,#9754,#9755,#9756,#9757,#9758,#9759,
#9760,#9761,#9762,#9763,#9764,#9765,#9766,#9767,#9768,#9769,#9770,#9771,#9772,#9773,
#9774,#9775,#9776,#9777,#9778,#9779,#9780,#9781,#9782,#9783,#9784,#9785,#9786,#9787,
#9788,#9789,#9790,#9791,#9792,#9793,#9794,#9795,#9796,#9797,#9798,#9799,#9800,#9801,
#9802,#9803,#9804,#9805,#9806,#9807,#9808,#9809,#9810,#9811,#9812,#9813,#9814),
.UNSPECIFIED.,.F.,.F.,
(4,1,1,1,1,1,1,1,1,1,1,1,1,1,1,1,1,1,1,1,1,1,1,1,1,1,1,1,1,1,1,1,1,1,1,1,1,1,1,1,
1,1,1,1,1,1,1,1,1,1,1,1,1,1,1,1,1,1,1,1,1,1,1,1,1,1,4),
(0.,0.0151515151515152,0.0303030303030303,0.0454545454545454,0.0606060606060606,
0.0757575757575758,0.0909090909090909,0.106060606060606,0.121212121212121,0.136363636363636,
0.151515151515152,0.166666666666667,0.181818181818182,0.196969696969697,0.212121212121212,
0.227272727272727,0.242424242424242,0.257575757575758,0.272727272727273,0.287878787878788,
0.303030303030303,0.318181818181818,0.333333333333333,0.348484848484849,0.363636363636364,
0.378787878787879,0.393939393939394,0.409090909090909,0.424242424242424,0.439393939393939,
0.454545454545455,0.46969696969697,0.484848484848485,0.5,0.515151515151515,0.53030303030303,
0.545454545454546,0.560606060606061,0.575757575757576,0.590909090909091,0.606060606060606,
0.621212121212121,0.636363636363636,0.651515151515152,0.666666666666667,0.681818181818182,
0.696969696969697,0.712121212121212,0.727272727272727,0.742424242424242,0.757575757575758,
0.772727272727273,0.787878787878788,0.803030303030303,0.818181818181818,0.833333333333333,
0.848484848484848,0.863636363636364,0.878787878787879,0.893939393939394,0.909090909090909,
0.924242424242424,0.939393939393939,0.954545454545455,0.96969696969697,0.984848484848485,
1.),
.UNSPECIFIED.);
#7632=VERTEX_POINT('',#9815);
#7633=B_SPLINE_CURVE_WITH_KNOTS('',3,
(#9816,#9817,#9818,#9819,#9820,#9821,#9822,#9823,#9824,#9825,#9826,#9827,#9828,#9829,
#9830,#9831,#9832,#9833,#9834,#9835,#9836,#9837,#9838,#9839,#9840,#9841,#9842,#9843,
#9844,#9845,#9846,#9847,#9848,#9849,#9850,#9851,#9852,#9853,#9854,#9855,#9856,#9857,
#9858,#9859,#9860,#9861,#9862,#9863,#9864,#9865,#9866,#9867,#9868,#9869,#9870,#9871,
#9872,#9873,#9874,#9875,#9876,#9877,#9878,#9879,#9880,#9881,#9882,#9883,#9884),
.UNSPECIFIED.,.F.,.F.,
(4,1,1,1,1,1,1,1,1,1,1,1,1,1,1,1,1,1,1,1,1,1,1,1,1,1,1,1,1,1,1,1,1,1,1,1,1,1,1,1,
1,1,1,1,1,1,1,1,1,1,1,1,1,1,1,1,1,1,1,1,1,1,1,1,1,1,4),
(0.,0.0151515151515152,0.0303030303030303,0.0454545454545455,0.0606060606060606,
0.0757575757575758,0.0909090909090909,0.106060606060606,0.121212121212121,0.136363636363636,
0.151515151515152,0.166666666666667,0.181818181818182,0.196969696969697,0.212121212121212,
0.227272727272727,0.242424242424242,0.257575757575758,0.272727272727273,0.287878787878788,
0.303030303030303,0.318181818181818,0.333333333333333,0.348484848484849,0.363636363636364,
0.378787878787879,0.393939393939394,0.409090909090909,0.424242424242424,0.43939393939394,
0.454545454545455,0.46969696969697,0.484848484848485,0.5,0.515151515151515,0.53030303030303,
0.545454545454546,0.560606060606061,0.575757575757576,0.590909090909091,0.606060606060606,
0.621212121212121,0.636363636363637,0.651515151515152,0.666666666666667,0.681818181818182,
0.696969696969697,0.712121212121212,0.727272727272728,0.742424242424243,0.757575757575758,
0.772727272727273,0.787878787878788,0.803030303030303,0.818181818181819,0.833333333333334,
0.848484848484849,0.863636363636364,0.878787878787879,0.893939393939394,0.909090909090909,
0.924242424242425,0.93939393939394,0.954545454545455,0.96969696969697,0.984848484848485,
1.),
.UNSPECIFIED.);
#7634=VERTEX_POINT('',#9885);
#7635=B_SPLINE_CURVE_WITH_KNOTS('',3,
(#9886,#9887,#9888,#9889,#9890,#9891,#9892,#9893,#9894,#9895,#9896,#9897,#9898,#9899,
#9900,#9901,#9902,#9903,#9904,#9905,#9906,#9907,#9908,#9909,#9910,#9911,#9912,#9913,
#9914,#9915,#9916,#9917,#9918,#9919,#9920,#9921,#9922,#9923,#9924,#9925,#9926,#9927,
#9928,#9929,#9930,#9931,#9932,#9933,#9934,#9935,#9936,#9937,#9938,#9939,#9940,#9941,
#9942,#9943,#9944,#9945,#9946,#9947,#9948,#9949,#9950,#9951,#9952,#9953,#9954),
.UNSPECIFIED.,.F.,.F.,
(4,1,1,1,1,1,1,1,1,1,1,1,1,1,1,1,1,1,1,1,1,1,1,1,1,1,1,1,1,1,1,1,1,1,1,1,1,1,1,1,
1,1,1,1,1,1,1,1,1,1,1,1,1,1,1,1,1,1,1,1,1,1,1,1,1,1,4),
(0.,0.0151515151515152,0.0303030303030303,0.0454545454545455,0.0606060606060606,
0.0757575757575758,0.0909090909090909,0.106060606060606,0.121212121212121,0.136363636363636,
0.151515151515152,0.166666666666667,0.181818181818182,0.196969696969697,0.212121212121212,
0.227272727272727,0.242424242424242,0.257575757575758,0.272727272727273,0.287878787878788,
0.303030303030303,0.318181818181818,0.333333333333333,0.348484848484849,0.363636363636364,
0.378787878787879,0.393939393939394,0.409090909090909,0.424242424242424,0.43939393939394,
0.454545454545455,0.46969696969697,0.484848484848485,0.5,0.515151515151515,0.53030303030303,
0.545454545454546,0.560606060606061,0.575757575757576,0.590909090909091,0.606060606060606,
0.621212121212121,0.636363636363637,0.651515151515152,0.666666666666667,0.681818181818182,
0.696969696969697,0.712121212121212,0.727272727272728,0.742424242424243,0.757575757575758,
0.772727272727273,0.787878787878788,0.803030303030303,0.818181818181819,0.833333333333334,
0.848484848484849,0.863636363636364,0.878787878787879,0.893939393939394,0.909090909090909,
0.924242424242425,0.93939393939394,0.954545454545455,0.96969696969697,0.984848484848485,
1.),
.UNSPECIFIED.);
#7636=VERTEX_POINT('',#9955);
#7637=B_SPLINE_CURVE_WITH_KNOTS('',3,
(#9956,#9957,#9958,#9959,#9960,#9961,#9962,#9963,#9964,#9965,#9966,#9967,#9968,#9969,
#9970,#9971,#9972,#9973,#9974,#9975,#9976,#9977,#9978,#9979,#9980,#9981,#9982,#9983,
#9984,#9985,#9986,#9987,#9988,#9989,#9990,#9991,#9992,#9993,#9994,#9995,#9996,#9997,
#9998,#9999,#10000,#10001,#10002,#10003,#10004,#10005,#10006,#10007,#10008,#10009,
#10010,#10011,#10012,#10013,#10014,#10015,#10016,#10017,#10018,#10019,#10020,#10021,
#10022,#10023,#10024),
.UNSPECIFIED.,.F.,.F.,
(4,1,1,1,1,1,1,1,1,1,1,1,1,1,1,1,1,1,1,1,1,1,1,1,1,1,1,1,1,1,1,1,1,1,1,1,1,1,1,1,
1,1,1,1,1,1,1,1,1,1,1,1,1,1,1,1,1,1,1,1,1,1,1,1,1,1,4),
(0.,0.0151515151515152,0.0303030303030303,0.0454545454545455,0.0606060606060606,
0.0757575757575758,0.0909090909090909,0.106060606060606,0.121212121212121,0.136363636363636,
0.151515151515152,0.166666666666667,0.181818181818182,0.196969696969697,0.212121212121212,
0.227272727272727,0.242424242424242,0.257575757575758,0.272727272727273,0.287878787878788,
0.303030303030303,0.318181818181818,0.333333333333333,0.348484848484849,0.363636363636364,
0.378787878787879,0.393939393939394,0.409090909090909,0.424242424242424,0.43939393939394,
0.454545454545455,0.46969696969697,0.484848484848485,0.5,0.515151515151515,0.53030303030303,
0.545454545454546,0.560606060606061,0.575757575757576,0.590909090909091,0.606060606060606,
0.621212121212121,0.636363636363637,0.651515151515152,0.666666666666667,0.681818181818182,
0.696969696969697,0.712121212121212,0.727272727272728,0.742424242424243,0.757575757575758,
0.772727272727273,0.787878787878788,0.803030303030303,0.818181818181819,0.833333333333334,
0.848484848484849,0.863636363636364,0.878787878787879,0.893939393939394,0.909090909090909,
0.924242424242425,0.93939393939394,0.954545454545455,0.96969696969697,0.984848484848485,
1.),
.UNSPECIFIED.);
#7638=B_SPLINE_CURVE_WITH_KNOTS('',3,
(#10025,#10026,#10027,#10028,#10029,#10030,#10031,#10032,#10033,#10034,#10035,#10036,
#10037,#10038,#10039,#10040,#10041,#10042,#10043,#10044,#10045,#10046,#10047,#10048,
#10049,#10050,#10051,#10052,#10053,#10054,#10055,#10056,#10057,#10058),
.UNSPECIFIED.,.F.,.F.,
(4,1,1,1,1,1,1,1,1,1,1,1,1,1,1,1,1,1,1,1,1,1,1,1,1,1,1,1,1,1,1,4),
(0.,0.032258064516129,0.0645161290322579,0.0967741935483869,0.129032258064516,0.161290322580645,
0.193548387096774,0.225806451612903,0.258064516129032,0.290322580645161,0.32258064516129,
0.354838709677419,0.387096774193548,0.419354838709677,0.451612903225806,0.483870967741935,
0.516129032258064,0.548387096774193,0.580645161290322,0.61290322580645,0.645161290322579,
0.677419354838708,0.709677419354837,0.741935483870966,0.774193548387095,0.806451612903224,
0.838709677419353,0.870967741935482,0.903225806451611,0.93548387096774,0.967741935483869,
1.),
.UNSPECIFIED.);
#7639=VERTEX_POINT('',#10059);
#7640=CIRCLE('',#10060,9.);
#7641=(BOUNDED_CURVE()B_SPLINE_CURVE(3,
(#10064,#10065,#10066,#10067),
.UNSPECIFIED.,.F.,.F.)B_SPLINE_CURVE_WITH_KNOTS((4,4),
(0.,1.),
.UNSPECIFIED.)CURVE()GEOMETRIC_REPRESENTATION_ITEM()RATIONAL_B_SPLINE_CURVE((1.,
0.984225615558431,0.984225615558431,1.))REPRESENTATION_ITEM(''));
#7642=(BOUNDED_CURVE()B_SPLINE_CURVE(3,
(#10068,#10069,#10070,#10071),
.UNSPECIFIED.,.F.,.F.)B_SPLINE_CURVE_WITH_KNOTS((4,4),
(0.,1.),
.UNSPECIFIED.)CURVE()GEOMETRIC_REPRESENTATION_ITEM()RATIONAL_B_SPLINE_CURVE((1.,
0.984225615558431,0.984225615558431,1.))REPRESENTATION_ITEM(''));
#7643=VERTEX_POINT('',#10072);
#7644=VERTEX_POINT('',#10073);
#7645=CIRCLE('',#10074,10.475);
#7646=VERTEX_POINT('',#10078);
#7647=CIRCLE('',#10079,10.475);
#7648=VERTEX_POINT('',#10083);
#7649=LINE('',#10084,#10085);
#7650=LINE('',#10087,#10088);
#7651=VERTEX_POINT('',#10090);
#7652=CIRCLE('',#10091,10.475);
#7653=VERTEX_POINT('',#10095);
#7654=LINE('',#10096,#10097);
#7655=LINE('',#10099,#10100);
#7656=VERTEX_POINT('',#10102);
#7657=CIRCLE('',#10103,10.475);
#7658=VERTEX_POINT('',#10107);
#7659=LINE('',#10108,#10109);
#7660=LINE('',#10111,#10112);
#7661=VERTEX_POINT('',#10114);
#7662=CIRCLE('',#10115,10.475);
#7663=VERTEX_POINT('',#10119);
#7664=LINE('',#10120,#10121);
#7665=LINE('',#10123,#10124);
#7666=VERTEX_POINT('',#10126);
#7667=CIRCLE('',#10127,10.475);
#7668=VERTEX_POINT('',#10131);
#7669=LINE('',#10132,#10133);
#7670=LINE('',#10135,#10136);
#7671=CIRCLE('',#10138,10.475);
#7672=VERTEX_POINT('',#10142);
#7673=LINE('',#10143,#10144);
#7674=LINE('',#10146,#10147);
#7675=VERTEX_POINT('',#10149);
#7676=VERTEX_POINT('',#10150);
#7677=LINE('',#10151,#10152);
#7678=VERTEX_POINT('',#10154);
#7679=LINE('',#10155,#10156);
#7680=VERTEX_POINT('',#10158);
#7681=LINE('',#10159,#10160);
#7682=VERTEX_POINT('',#10162);
#7683=LINE('',#10163,#10164);
#7684=VERTEX_POINT('',#10166);
#7685=LINE('',#10167,#10168);
#7686=LINE('',#10170,#10171);
#7687=LINE('',#10173,#10174);
#7688=LINE('',#10176,#10177);
#7689=LINE('',#10179,#10180);
#7690=LINE('',#10182,#10183);
#7691=LINE('',#10185,#10186);
#7692=LINE('',#10188,#10189);
#7693=LINE('',#10191,#10192);
#7694=LINE('',#10194,#10195);
#7695=LINE('',#10197,#10198);
#7696=LINE('',#10200,#10201);
#7697=LINE('',#10203,#10204);
#7698=LINE('',#10206,#10207);
#7699=LINE('',#10209,#10210);
#7700=CARTESIAN_POINT('',(-3.67394039744206E-16,3.,17.));
#7701=AXIS2_PLACEMENT_3D('',#7702,#7703,#7704);
#7702=CARTESIAN_POINT('',(0.,0.,17.));
#7703=DIRECTION('',(0.,0.,-1.));
#7704=DIRECTION('',(-6.12323399573676E-17,1.,0.));
#7705=CARTESIAN_POINT('',(-1.83697019872103E-16,3.,-25.));
#7706=AXIS2_PLACEMENT_3D('',#7707,#7708,#7709);
#7707=CARTESIAN_POINT('',(0.,0.,-25.));
#7708=DIRECTION('',(0.,0.,-1.));
#7709=DIRECTION('',(-6.12323399573677E-17,1.,0.));
#7710=CARTESIAN_POINT('',(6.99550799964971,-6.39050020161465,20.));
#7711=CARTESIAN_POINT('',(6.99550799916311,6.39050020214732,20.));
#7712=CARTESIAN_POINT('',(6.99550799735091,6.39050020336808,20.0000000004392));
#7713=CARTESIAN_POINT('',(7.03800511368284,6.33977145975335,19.9999999997908));
#7714=CARTESIAN_POINT('',(7.12232686287365,6.23731543225615,19.9999999999021));
#7715=CARTESIAN_POINT('',(7.20858232610632,6.12859747499789,20.000000000573));
#7716=CARTESIAN_POINT('',(7.29041540661983,6.02329872059836,20.0000000001754));
#7717=CARTESIAN_POINT('',(7.37186677560723,5.91646442099024,19.9999999995858));
#7718=CARTESIAN_POINT('',(7.48794515365675,5.758371152267,19.9999999997004));
#7719=CARTESIAN_POINT('',(7.60558653928421,5.59148434984698,19.9999999996515));
#7720=CARTESIAN_POINT('',(7.70315681342282,5.44710215069778,20.0000000007193));
#7721=CARTESIAN_POINT('',(7.77883152834678,5.3312877276176,19.9999999996475));
#7722=CARTESIAN_POINT('',(7.8542281292351,5.2132937484691,19.999999999704));
#7723=CARTESIAN_POINT('',(7.94533699716855,5.06586531771843,20.0000000004425));
#7724=CARTESIAN_POINT('',(8.05384874279278,4.88177446666074,20.0000000001686));
#7725=CARTESIAN_POINT('',(8.15983540706109,4.69288041572758,19.9999999999388));
#7726=CARTESIAN_POINT('',(8.24144955347137,4.53969245997219,19.9999999998407));
#7727=CARTESIAN_POINT('',(8.30937968040714,4.40737702999611,19.9999999998019));
#7728=CARTESIAN_POINT('',(8.37700267153857,4.2719027804699,19.9999999997885));
#7729=CARTESIAN_POINT('',(8.46368955351678,4.08981980962836,19.9999999998311));
#7730=CARTESIAN_POINT('',(8.55910560295701,3.87672644981913,20.0000000001753));
#7731=CARTESIAN_POINT('',(8.6512766616128,3.65694545466634,20.0000000002463));
#7732=CARTESIAN_POINT('',(8.71318793146194,3.49859362913503,20.0000000000286));
#7733=CARTESIAN_POINT('',(8.7701907882076,3.34662357998793,20.0000000001331));
#7734=CARTESIAN_POINT('',(8.82599224271088,3.19204292181247,19.9999999999304));
#7735=CARTESIAN_POINT('',(8.90171157389913,2.96566505061514,19.9999999998663));
#7736=CARTESIAN_POINT('',(8.97583441144081,2.7236235593506,19.9999999997854));
#7737=CARTESIAN_POINT('',(9.03564005569948,2.50840660569972,20.0000000001701));
#7738=CARTESIAN_POINT('',(9.0783242993359,2.34098824266592,20.0000000001752));
#7739=CARTESIAN_POINT('',(9.13121671336017,2.12132124116188,19.9999999999609));
#7740=CARTESIAN_POINT('',(9.21114056728219,1.74576957372736,19.999999999825));
#7741=CARTESIAN_POINT('',(9.26579810434118,1.39744577674583,20.000000000572));
#7742=CARTESIAN_POINT('',(9.32718979859989,0.89959910850867,19.9999999994717));
#7743=CARTESIAN_POINT('',(9.35790257612363,0.505589803713806,19.9999999997487));
#7744=CARTESIAN_POINT('',(9.3677829088105,-0.0747912905874566,20.0000000001598));
#7745=CARTESIAN_POINT('',(9.353560268168,-0.579793068377534,19.9999999991518));
#7746=CARTESIAN_POINT('',(9.31682808699765,-0.986163522828278,20.0000000020352));
#7747=CARTESIAN_POINT('',(9.27134371167718,-1.35058785661356,19.9999999985439));
#7748=CARTESIAN_POINT('',(9.23478072591481,-1.59582042699983,20.0000000004285));
#7749=CARTESIAN_POINT('',(9.17327399458274,-1.92419020856643,20.0000000001828));
#7750=CARTESIAN_POINT('',(9.12185291221164,-2.16081134941598,19.9999999996381));
#7751=CARTESIAN_POINT('',(9.07831272163773,-2.34118886109999,20.0000000003113));
#7752=CARTESIAN_POINT('',(9.03264703736541,-2.51925107341609,19.9999999996023));
#7753=CARTESIAN_POINT('',(8.97400796362372,-2.73044603199897,20.0000000001722));
#7754=CARTESIAN_POINT('',(8.89385724557757,-2.99066749748312,19.9999999999809));
#7755=CARTESIAN_POINT('',(8.80858768945393,-3.24249980520068,20.0000000007963));
#7756=CARTESIAN_POINT('',(8.74667601293124,-3.4103898375711,19.9999999988005));
#7757=CARTESIAN_POINT('',(8.68339402106731,-3.57509081645092,20.0000000011179));
#7758=CARTESIAN_POINT('',(8.61755080035245,-3.73957992035791,19.9999999993304));
#7759=CARTESIAN_POINT('',(8.51507930062739,-3.9771903873301,19.9999999999254));
#7760=CARTESIAN_POINT('',(8.4082918470608,-4.20814374891585,19.9999999997655));
#7761=CARTESIAN_POINT('',(8.31250808908922,-4.40217214050858,19.9999999998085));
#7762=CARTESIAN_POINT('',(8.23626576013624,-4.54922961114739,19.9999999998438));
#7763=CARTESIAN_POINT('',(8.15940934213446,-4.6930969072248,19.9999999997705));
#7764=CARTESIAN_POINT('',(8.06420104529135,-4.86414618445829,19.9999999995307));
#7765=CARTESIAN_POINT('',(7.94212446370558,-5.07158132436216,20.0000000005108));
#7766=CARTESIAN_POINT('',(7.81632436486068,-5.27422514283757,19.9999999995258));
#7767=CARTESIAN_POINT('',(7.71345154974863,-5.43166624089206,20.0000000008168));
#7768=CARTESIAN_POINT('',(7.62593835028189,-5.56108749010709,19.9999999995355));
#7769=CARTESIAN_POINT('',(7.53779229527563,-5.68834115370673,20.0000000002325));
#7770=CARTESIAN_POINT('',(7.42021993165665,-5.85173703207383,20.0000000006626));
#7771=CARTESIAN_POINT('',(7.28576471722572,-6.03026228583938,19.9999999993398));
#7772=CARTESIAN_POINT('',(7.19145938919815,-6.15031652247486,19.9999999996174));
#7773=CARTESIAN_POINT('',(7.09635047358059,-6.26884621980114,19.9999999995219));
#7774=CARTESIAN_POINT('',(7.04418056223571,-6.33239925330688,19.9999999996338));
#7775=CARTESIAN_POINT('',(6.99550800138265,-6.39050020018485,20.0000000002912));
#7776=AXIS2_PLACEMENT_3D('',#7777,#7778,#7779);
#7777=CARTESIAN_POINT('',(0.,0.,20.));
#7778=DIRECTION('',(0.,0.,-1.));
#7779=DIRECTION('',(0.738312189936645,-0.674459124180966,0.));
#7780=CARTESIAN_POINT('',(-2.44929359829471E-16,6.,20.));
#7781=AXIS2_PLACEMENT_3D('',#7782,#7783,#7784);
#7782=CARTESIAN_POINT('',(0.,0.,20.));
#7783=DIRECTION('',(0.,0.,-1.));
#7784=DIRECTION('',(1.22464679914735E-16,1.,0.));
#7785=CARTESIAN_POINT('',(-2.44929359829471E-16,4.,-25.));
#7786=AXIS2_PLACEMENT_3D('',#7787,#7788,#7789);
#7787=CARTESIAN_POINT('',(0.,0.,-25.));
#7788=DIRECTION('',(0.,0.,-1.));
#7789=DIRECTION('',(-6.12323399573677E-17,1.,0.));
#7790=CARTESIAN_POINT('',(-9.03565497353791,2.91853325471175,1.13125010548909));
#7791=CARTESIAN_POINT('',(-9.03565497353791,2.91853325471175,0.678749894510913));
#7792=AXIS2_PLACEMENT_3D('',#7793,#7794,#7795);
#7793=CARTESIAN_POINT('',(-9.15995713763222,2.95868308342968,0.904999999999998));
#7794=DIRECTION('',(0.307365793727774,0.951591440086603,0.));
#7795=DIRECTION('',(0.4757957200433,-0.153682896863887,0.86602540378444));
#7796=CARTESIAN_POINT('',(7.17048091039519,6.22455626316744,19.97969078125));
#7797=CARTESIAN_POINT('',(7.17048091039519,6.22455626316744,19.97969078125));
#7798=CARTESIAN_POINT('',(7.44795931598836,5.90491040790766,19.9668491705469));
#7799=CARTESIAN_POINT('',(7.96010312674272,5.22845701477289,19.9411659491408));
#7800=CARTESIAN_POINT('',(8.58616741369774,4.12040471895823,19.9026411170315));
#7801=CARTESIAN_POINT('',(9.0588981753254,2.93876999685808,19.8641162849222));
#7802=CARTESIAN_POINT('',(9.36985377579653,1.70465413433927,19.825591452813));
#7803=CARTESIAN_POINT('',(9.51348099512843,0.440096314702979,19.7870666207037));
#7804=CARTESIAN_POINT('',(9.48721494881707,-0.832320823804523,19.7485417885945));
#7805=CARTESIAN_POINT('',(9.29152469117256,-2.08987424107856,19.7100169564852));
#7806=CARTESIAN_POINT('',(8.92990489267188,-3.31010634883433,19.6714921243759));
#7807=CARTESIAN_POINT('',(8.4088134171561,-4.47122604522173,19.6329672922667));
#7808=CARTESIAN_POINT('',(7.73755600012265,-5.55249786827433,19.5944424601574));
#7809=CARTESIAN_POINT('',(6.92812006437005,-6.53461229192976,19.5559176280482));
#7810=CARTESIAN_POINT('',(5.99496064695217,-7.40003055896914,19.5173927959389));
#7811=CARTESIAN_POINT('',(4.95474225872888,-8.133297890877,19.4788679638296));
#7812=CARTESIAN_POINT('',(3.82604128687252,-8.7213194817829,19.4403431317204));
#7813=CARTESIAN_POINT('',(2.62901425475461,-9.15359434760335,19.4018182996111));
#7814=CARTESIAN_POINT('',(1.38503786351323,-9.42240285430492,19.3632934675019));
#7815=CARTESIAN_POINT('',(0.116327243487772,-9.5229445763693,19.3247686353926));
#7816=CARTESIAN_POINT('',(-1.1544607671492,-9.45342402356375,19.2862438032833));
#7817=CARTESIAN_POINT('',(-2.40463223184967,-9.21508270509433,19.2477189711741));
#7818=CARTESIAN_POINT('',(-3.61186138765667,-8.81217695853492,19.2091941390648));
#7819=CARTESIAN_POINT('',(-4.75458934226756,-8.25190193946672,19.1706693069556));
#7820=CARTESIAN_POINT('',(-5.81240907619797,-7.54426312923339,19.1321444748463));
#7821=CARTESIAN_POINT('',(-6.76642987461577,-6.70189765544702,19.093619642737));
#7822=CARTESIAN_POINT('',(-7.5996146807628,-5.73984861613208,19.0550948106278));
#7823=CARTESIAN_POINT('',(-8.29708434645292,-4.67529643766305,19.0165699785185));
#7824=CARTESIAN_POINT('',(-8.84638334629177,-3.52725206394873,18.9780451464093));
#7825=CARTESIAN_POINT('',(-9.23770221045126,-2.31621745594036,18.9395203143));
#7826=CARTESIAN_POINT('',(-9.46405270375846,-1.06381946431763,18.9009954821907));
#7827=CARTESIAN_POINT('',(-9.52139262272253,0.207576386286839,18.8624706500815));
#7828=CARTESIAN_POINT('',(-9.40869798185434,1.47526530442119,18.8239458179722));
#7829=CARTESIAN_POINT('',(-9.12798130016396,2.71660869762946,18.785420985863));
#7830=CARTESIAN_POINT('',(-8.68425566127267,3.9094384560743,18.7468961537537));
#7831=CARTESIAN_POINT('',(-8.08544518895991,5.0324528342056,18.7083713216444));
#7832=CARTESIAN_POINT('',(-7.3422435368872,6.06559686075633,18.6698464895352));
#7833=CARTESIAN_POINT('',(-6.46792291961223,6.99042048364286,18.6313216574259));
#7834=CARTESIAN_POINT('',(-5.47809709524805,7.79040805396058,18.5927968253167));
#7835=CARTESIAN_POINT('',(-4.3904425324611,8.45127326509654,18.5542719932074));
#7836=CARTESIAN_POINT('',(-3.22438274125259,8.96121427988927,18.5157471610981));
#7837=CARTESIAN_POINT('',(-2.000741404795,9.31112448973366,18.4772223289889));
#7838=CARTESIAN_POINT('',(-0.741370506750945,9.49475514186115,18.4386974968796));
#7839=CARTESIAN_POINT('',(0.531239904963323,9.50882693057106,18.4001726647704));
#7840=CARTESIAN_POINT('',(1.79436334906844,9.35308855959885,18.3616478326611));
#7841=CARTESIAN_POINT('',(3.02544276407744,9.03032122980519,18.3231230005518));
#7842=CARTESIAN_POINT('',(4.20249333592543,8.54628897204403,18.2845981684426));
#7843=CARTESIAN_POINT('',(5.30449510631271,7.90963571217306,18.2460733363333));
#7844=CARTESIAN_POINT('',(6.31176835049872,7.1317309064365,18.2075485042241));
#7845=CARTESIAN_POINT('',(7.20632502098952,6.22646650388801,18.1690236721148));
#7846=CARTESIAN_POINT('',(7.97218998098116,5.21000886173167,18.1304988400056));
#7847=CARTESIAN_POINT('',(8.59568629092048,4.10051004391657,18.0919740078963));
#7848=CARTESIAN_POINT('',(9.06567945348986,2.91778365866127,18.053449175787));
#7849=CARTESIAN_POINT('',(9.37377625525003,1.68295102385354,18.0149243436778));
#7850=CARTESIAN_POINT('',(9.51447465399468,0.418063979160726,17.9763995115685));
#7851=CARTESIAN_POINT('',(9.48526203510455,-0.854288919267466,17.9378746794593));
#7852=CARTESIAN_POINT('',(9.28666008222313,-2.11138578886532,17.89934984735));
#7853=CARTESIAN_POINT('',(8.92221546094631,-3.33077719168208,17.8608250152407));
#7854=CARTESIAN_POINT('',(8.39843648189812,-4.49068704005319,17.8223001831315));
#7855=CARTESIAN_POINT('',(7.72467687427353,-5.57040147747384,17.7837753510222));
#7856=CARTESIAN_POINT('',(6.91296874543903,-6.55063878997782,17.745250518913));
#7857=CARTESIAN_POINT('',(5.97780770962538,-7.41389374208467,17.7067256868037));
#7858=CARTESIAN_POINT('',(4.93589402291881,-8.14475018810849,17.6682008546944));
#7859=CARTESIAN_POINT('',(3.80583434740355,-8.73015637616545,17.6296760225852));
#7860=CARTESIAN_POINT('',(2.60780947039971,-9.15965802845677,17.5911511904759));
#7861=CARTESIAN_POINT('',(1.36321391271964,-9.42558503544192,17.5526263583667));
#7862=CARTESIAN_POINT('',(0.0942738618765332,-9.52318842988764,17.5141015262574));
#7863=CARTESIAN_POINT('',(-1.17634974674463,-9.45072519468812,17.4755766941481));
#7864=CARTESIAN_POINT('',(-2.42596591251345,-9.20948938994458,17.4370518620389));
#7865=CARTESIAN_POINT('',(-3.63225878909054,-8.80378904343201,17.3985270299296));
#7866=CARTESIAN_POINT('',(-4.77368620439824,-8.24086921714675,17.3600021978204));
#7867=CARTESIAN_POINT('',(-5.82986436419209,-7.53078262382484,17.3214773657111));
#7868=CARTESIAN_POINT('',(-6.78193186913473,-6.6862101039822,17.2829525336018));
#7869=CARTESIAN_POINT('',(-7.61288654469685,-5.72223416942653,17.2444277014926));
#7870=CARTESIAN_POINT('',(-8.30788906872274,-4.6560696573372,17.2059028693833));
#7871=CARTESIAN_POINT('',(-8.85452797443041,-3.50675630493597,17.1673780372741));
#7872=CARTESIAN_POINT('',(-9.24304129638035,-2.29481873479943,17.1288532051648));
#7873=CARTESIAN_POINT('',(-9.46649090122332,-1.04189992285008,17.0903283730555));
#7874=CARTESIAN_POINT('',(-9.52088639000094,0.229625305386342,17.0518035409463));
#7875=CARTESIAN_POINT('',(-9.40525635933162,1.49704984801145,17.013278708837));
#7876=CARTESIAN_POINT('',(-9.12166574888829,2.73773983382959,16.9747538767278));
#7877=CARTESIAN_POINT('',(-8.67517896537383,3.92953882165763,16.9362290446185));
#7878=CARTESIAN_POINT('',(-8.07376944153217,5.05116347361282,16.8977042125092));
#7879=CARTESIAN_POINT('',(-7.32817724530477,6.08258363638153,16.8591793804));
#7880=CARTESIAN_POINT('',(-6.45171728197107,7.00538004291665,16.8206545482907));
#7881=CARTESIAN_POINT('',(-5.46004151442989,7.80307324666898,16.7821297161815));
#7882=CARTESIAN_POINT('',(-4.37085944793026,8.4614179141925,16.7436048840722));
#7883=CARTESIAN_POINT('',(-3.20362187088024,8.96865722059868,16.7050800519629));
#7884=CARTESIAN_POINT('',(-1.97917349954113,9.31573280482502,16.6665552198537));
#7885=CARTESIAN_POINT('',(-0.719380729734203,9.49644653530288,16.6280303877444));
#7886=CARTESIAN_POINT('',(0.553258856770554,9.50757119718721,16.5895055556352));
#7887=CARTESIAN_POINT('',(1.81601825768568,9.34890812447802,16.5509807235259));
#7888=CARTESIAN_POINT('',(3.04634691266601,9.02329074782971,16.5124558914166));
#7889=CARTESIAN_POINT('',(4.22227341483989,8.53653399469101,16.4739310593074));
#7890=CARTESIAN_POINT('',(5.32279787972457,7.897330445396,16.4354062271981));
#7891=CARTESIAN_POINT('',(6.32826696453857,7.11709509966733,16.3968813950889));
#7892=CARTESIAN_POINT('',(7.22072484075601,6.20976152571643,16.3583565629796));
#7893=CARTESIAN_POINT('',(7.98423385217842,5.19153303234287,16.3198317308703));
#7894=CARTESIAN_POINT('',(8.60515913216085,4.08059330764139,16.2813068987611));
#7895=CARTESIAN_POINT('',(9.0724120972519,2.89678169177734,16.2427820666518));
#7896=CARTESIAN_POINT('',(9.3776484688993,1.66123888286112,16.2042572345426));
#7897=CARTESIAN_POINT('',(9.51541728691744,0.396029402963456,16.1657324024333));
#7898=CARTESIAN_POINT('',(9.48325825361057,-0.87625243366623,16.1272075703241));
#7899=CARTESIAN_POINT('',(9.28174567016439,-2.13288601349524,16.0886827382148));
#7900=CARTESIAN_POINT('',(8.91447818068324,-3.351430172076,16.0501579061055));
#7901=CARTESIAN_POINT('',(8.38801450702528,-4.51012395196766,16.0116330739963));
#7902=CARTESIAN_POINT('',(7.71175632209331,-5.58827521341181,15.973108241887));
#7903=CARTESIAN_POINT('',(6.89778035324899,-6.56663015789005,15.9345834097778));
#7904=CARTESIAN_POINT('',(5.96062271417449,-7.42771716555269,15.8960585776685));
#7905=CARTESIAN_POINT('',(4.91701931661797,-8.15615880621415,15.8575337455592));
#7906=CARTESIAN_POINT('',(3.78560699779161,-8.73894645197292,15.81900891345));
#7907=CARTESIAN_POINT('',(2.58659070073719,-9.16567258737944,15.7804840813407));
#7908=CARTESIAN_POINT('',(1.34138265120566,-9.42871666851982,15.7419592492315));
#7909=CARTESIAN_POINT('',(0.0722199746881615,-9.52338121191392,15.7034344171222));
#7910=CARTESIAN_POINT('',(-1.19823241774526,-9.44797568293036,15.6649095850129));
#7911=CARTESIAN_POINT('',(-2.4472865830704,-9.20384668562567,15.6263847529037));
#7912=CARTESIAN_POINT('',(-3.65263671124212,-8.79535391487263,15.5878599207944));
#7913=CARTESIAN_POINT('',(-4.79275746593532,-8.22979230022849,15.5493350886852));
#7914=CARTESIAN_POINT('',(-5.84728838746082,-7.51726173191042,15.5108102565759));
#7915=CARTESIAN_POINT('',(-6.797397493127,-6.67048669533264,15.4722854244666));
#7916=CARTESIAN_POINT('',(-7.62611758181361,-5.70458903520072,15.4337605923574));
#7917=CARTESIAN_POINT('',(-8.31864923697653,-4.63681790717824,15.3952357602481));
#7918=CARTESIAN_POINT('',(-8.86262511700707,-3.48624173969253,15.3567109281389));
#7919=CARTESIAN_POINT('',(-9.24833081320627,-2.27340770687495,15.3181860960296));
#7920=CARTESIAN_POINT('',(-9.46887833125685,-1.01997479382263,15.2796612639203));
#7921=CARTESIAN_POINT('',(-9.52032909813279,0.251672993038559,15.2411364318111));
#7922=CARTESIAN_POINT('',(-9.40176429776955,1.51882636313861,15.2026115997018));
#7923=CARTESIAN_POINT('',(-9.11530127942894,2.75885628792441,15.1640867675926));
#7924=CARTESIAN_POINT('',(-8.66605574573578,3.94961811368883,15.1255619354833));
#7925=CARTESIAN_POINT('',(-8.06205039563808,5.06984702435595,15.087037103374));
#7926=CARTESIAN_POINT('',(-7.31407165375982,6.09953779198442,15.0485122712648));
#7927=CARTESIAN_POINT('',(-6.43547704469625,7.02030203334348,15.0099874391555));
#7928=CARTESIAN_POINT('',(-5.44195665219276,7.81569659261629,14.9714626070463));
#7929=CARTESIAN_POINT('',(-4.35125292310744,8.47151718591941,14.932937774937));
#7930=CARTESIAN_POINT('',(-3.18284381994336,8.97605206368743,14.8944129428277));
#7931=CARTESIAN_POINT('',(-1.95759498026349,9.32029116097915,14.8558881107185));
#7932=CARTESIAN_POINT('',(-0.697387094781376,9.49808700066552,14.8173632786092));
#7933=CARTESIAN_POINT('',(0.575274841530536,9.50626447606424,14.7788384465));
#7934=CARTESIAN_POINT('',(1.83766342725834,9.34467755250528,14.7403136143907));
#7935=CARTESIAN_POINT('',(3.06723472413408,9.01621187524146,14.7017887822814));
#7936=CARTESIAN_POINT('',(4.24203085030888,8.52673323713172,14.6632639501722));
#7937=CARTESIAN_POINT('',(5.34107210773625,7.88498282636943,14.6247391180629));
#7938=CARTESIAN_POINT('',(6.34473164099188,7.1024211249387,14.5862142859537));
#7939=CARTESIAN_POINT('',(7.23508593681247,6.19302324548499,14.5476894538444));
#7940=CARTESIAN_POINT('',(7.9962349050764,5.17302936150732,14.5091646217351));
#7941=CARTESIAN_POINT('',(8.61458582516875,4.06065468772963,14.4706397896259));
#7942=CARTESIAN_POINT('',(9.07909608697083,2.87576418986848,14.4321149575166));
#7943=CARTESIAN_POINT('',(9.38147039156653,1.6395178328824,14.3935901254074));
#7944=CARTESIAN_POINT('',(9.5163088900237,0.373992702916623,14.3550652932981));
#7945=CARTESIAN_POINT('',(9.48120361476425,-0.898211248849777,14.3165404611888));
#7946=CARTESIAN_POINT('',(9.27678148143625,-2.15437479976451,14.2780156290796));
#7947=CARTESIAN_POINT('',(8.9066930933535,-3.37206517923188,14.2394907969703));
#7948=CARTESIAN_POINT('',(8.37754754843475,-4.5295366767357,14.2009659648611));
#7949=CARTESIAN_POINT('',(7.69879441287087,-5.60611898023287,14.1624411327518));
#7950=CARTESIAN_POINT('',(6.8825549692529,-6.58258630990822,14.1239163006425));
#7951=CARTESIAN_POINT('',(5.94340575275933,-7.44150075524059,14.0853914685333));
#7952=CARTESIAN_POINT('',(4.89811824104798,-8.16752368401169,14.046866636424));
#7953=CARTESIAN_POINT('',(3.7653593465123,-8.74768966206572,14.0083418043148));
#7954=CARTESIAN_POINT('',(2.5653580595595,-9.17163799211635,13.9698169722055));
#7955=CARTESIAN_POINT('',(1.31954419604849,-9.43179773674424,13.9312921400962));
#7956=CARTESIAN_POINT('',(0.0501657001937932,-9.52352292141427,13.892767307987));
#7957=CARTESIAN_POINT('',(-1.22010866279811,-9.44517550303561,13.8542424758777));
#7958=CARTESIAN_POINT('',(-2.46859412918141,-9.19815462239846,13.8157176437685));
#7959=CARTESIAN_POINT('',(-3.67299504482807,-8.78687161809295,13.7771928116592));
#7960=CARTESIAN_POINT('',(-4.81180302460284,-8.21867124811559,13.7386679795499));
#7961=CARTESIAN_POINT('',(-5.86468105256201,-7.50370052600043,13.7001431474407));
#7962=CARTESIAN_POINT('',(-6.81282666365297,-6.65472751382039,13.6616183153314));
#7963=CARTESIAN_POINT('',(-7.63930772115717,-5.68691330808263,13.6230934832222));
#7964=CARTESIAN_POINT('',(-8.32936479350923,-4.61754129043022,13.5845686511129));
#7965=CARTESIAN_POINT('',(-8.87067473059803,-3.4657084782348,13.5460438190036));
#7966=CARTESIAN_POINT('',(-9.25357073256217,-2.25198448699093,13.5075189868944));
#7967=CARTESIAN_POINT('',(-9.47121498105561,-0.99804419481637,13.4689941547851));
#7968=CARTESIAN_POINT('',(-9.51972075010675,0.273719331005094,13.4304693226759));
#7969=CARTESIAN_POINT('',(-9.39822181589553,1.5405947330185,13.3919444905666));
#7970=CARTESIAN_POINT('',(-9.10888792591763,2.7799579466695,13.3534196584573));
#7971=CARTESIAN_POINT('',(-8.656886051285,3.96967622448559,13.3148948263481));
#7972=CARTESIAN_POINT('',(-8.05028811412519,5.08850338623781,13.2763699942388));
#7973=CARTESIAN_POINT('',(-7.29992683789862,6.11645923664226,13.2378451621296));
#7974=CARTESIAN_POINT('',(-6.41920229488191,7.03518637489881,13.1993203300203));
#7975=CARTESIAN_POINT('',(-5.42384260552329,7.82827802410526,13.160795497911));
#7976=CARTESIAN_POINT('',(-4.33162306313974,8.48157102611626,13.1222706658018));
#7977=CARTESIAN_POINT('',(-3.16204869987184,8.98339876949798,13.0837458336925));
#7978=CARTESIAN_POINT('',(-1.93600596268481,9.32479953375019,13.0452210015833));
#7979=CARTESIAN_POINT('',(-0.675389719841448,9.49967652915148,13.006696169474));
#7980=CARTESIAN_POINT('',(0.597287741174386,9.50490677420992,12.9681713373647));
#7981=CARTESIAN_POINT('',(1.85929874170613,9.34039686636863,12.9296465052555));
#7982=CARTESIAN_POINT('',(3.08810608646296,9.00908465000354,12.8911216731462));
#7983=CARTESIAN_POINT('',(4.26176553637572,8.51688675192638,12.852596841037));
#7984=CARTESIAN_POINT('',(5.3593176923453,7.87259292131211,12.8140720089277));
#7985=CARTESIAN_POINT('',(6.36116229156058,7.08770906094534,12.7755471768184));
#7986=CARTESIAN_POINT('',(7.24940823214206,6.17625175295906,12.7370223447092));
#7987=CARTESIAN_POINT('',(8.00819307531486,5.15449794845803,12.6984975125999));
#7988=CARTESIAN_POINT('',(8.62396631938993,4.04069429110977,12.6599726804907));
#7989=CARTESIAN_POINT('',(9.08573138680119,2.85473126564913,12.6214478483814));
#7990=CARTESIAN_POINT('',(9.38524200275521,1.6177879904049,12.5829230162721));
#7991=CARTESIAN_POINT('',(9.51714945853187,0.351953997200576,12.5443981841629));
#7992=CARTESIAN_POINT('',(9.4790981295844,-0.920165247055407,12.5058733520536));
#7993=CARTESIAN_POINT('',(9.27176754266113,-2.1758520324311,12.4673485199444));
#7994=CARTESIAN_POINT('',(8.89886024070764,-3.39268210248643,12.4288236878351));
#7995=CARTESIAN_POINT('',(8.36703566225969,-4.54892511024896,12.3902988557258));
#7996=CARTESIAN_POINT('',(7.6857912161195,-5.62393268224286,12.3517740236166));
#7997=CARTESIAN_POINT('',(6.86729267510281,-6.59850716046124,12.3132491915073));
#7998=CARTESIAN_POINT('',(5.92615691771256,-7.4552444372285,12.2747243593981));
#7999=CARTESIAN_POINT('',(4.87919089757321,-8.17884476055254,12.2361995272888));
#8000=CARTESIAN_POINT('',(3.7450915021515,-8.75638595955498,12.1976746951795));
#8001=CARTESIAN_POINT('',(2.54411166073492,-9.17755421067572,12.1591498630703));
#8002=CARTESIAN_POINT('',(1.29769866436527,-9.43482822359175,12.120625030961));
#8003=CARTESIAN_POINT('',(0.0281111566679783,-9.52361355762873,12.0821001988518));
#8004=CARTESIAN_POINT('',(-1.24197836458341,-9.44232467002092,12.0435753667425));
#8005=CARTESIAN_POINT('',(-2.48988843657658,-9.19241323078881,12.0050505346332));
#8006=CARTESIAN_POINT('',(-3.69333368066902,-8.77834219858253,11.966525702524));
#8007=CARTESIAN_POINT('',(-4.83082277826168,-8.20750612044896,11.9280008704147));
#8008=CARTESIAN_POINT('',(-5.88204226622086,-7.49009907882201,11.8894760383055));
#8009=CARTESIAN_POINT('',(-6.82821929796783,-6.63893264396007,11.8509512061962));
#8010=CARTESIAN_POINT('',(-7.65245689199039,-5.66920708286509,11.8124263740869));
#8011=CARTESIAN_POINT('',(-8.34003568085459,-4.59823991047131,11.7739015419777));
#8012=CARTESIAN_POINT('',(-8.87867677203419,-3.44515663068016,11.7353767098684));
#8013=CARTESIAN_POINT('',(-9.258761026347,-2.23054919003747,11.6968518777592));
#8014=CARTESIAN_POINT('',(-9.47350083808846,-0.976108243442408,11.6583270456499));
#8015=CARTESIAN_POINT('',(-9.51906134918532,0.29576420105416,11.6198022135406));
#8016=CARTESIAN_POINT('',(-9.39462893270745,1.56235484091005,11.5812773814314));
#8017=CARTESIAN_POINT('',(-9.10242572274837,2.80104469689931,11.5427525493221));
#8018=CARTESIAN_POINT('',(-8.64766993119742,3.98971304647877,11.5042277172129));
#8019=CARTESIAN_POINT('',(-8.03848266007313,5.1071324592067,11.4657028851036));
#8020=CARTESIAN_POINT('',(-7.28574287357803,6.1333478796075,11.4271780529943));
#8021=CARTESIAN_POINT('',(-6.40289311980742,7.05003298775983,11.3886532208851));
#8022=CARTESIAN_POINT('',(-5.40569947156476,7.84081747366328,11.3501283887758));
#8023=CARTESIAN_POINT('',(-4.31196997329955,8.49157938086561,11.3116035566666));
#8024=CARTESIAN_POINT('',(-3.14123662218721,8.9906972986309,11.2730787245573));
#8025=CARTESIAN_POINT('',(-1.91440656258414,9.32925789896033,11.234553892448));
#8026=CARTESIAN_POINT('',(-0.653388722883436,9.50121511223631,11.1960290603388));
#8027=CARTESIAN_POINT('',(0.619297437649849,9.50349809890544,11.1575042282295));
#8028=CARTESIAN_POINT('',(1.88092408500176,9.33606608902482,11.1189793961203));
#8029=CARTESIAN_POINT('',(3.10896088772234,9.0019091103383,11.080454564011));
#8030=CARTESIAN_POINT('',(4.28147736720595,8.50699459188039,11.0419297319017));
#8031=CARTESIAN_POINT('',(5.37753453570314,7.86016079666943,11.0034048997925));
#8032=CARTESIAN_POINT('',(6.37755882812935,7.07295898658605,10.9648800676832));
#8033=CARTESIAN_POINT('',(7.26369164993629,6.15944713808186,10.926355235574));
#8034=CARTESIAN_POINT('',(8.0201082987638,5.13593889257641,10.8878304034647));
#8035=CARTESIAN_POINT('',(8.63330056451809,4.02071222482666,10.8493055713554));
#8036=CARTESIAN_POINT('',(9.09231796115878,2.83368303191594,10.8107807392462));
#8037=CARTESIAN_POINT('',(9.3889632822387,1.59604947196272,10.7722559071369));
#8038=CARTESIAN_POINT('',(9.51793898793412,0.329913404005781,10.7337310750277));
#8039=CARTESIAN_POINT('',(9.47694180936243,-0.94211431054695,10.6952062429184));
#8040=CARTESIAN_POINT('',(9.26670388072806,-2.19731759631568,10.6566814108091));
#8041=CARTESIAN_POINT('',(8.89097966475215,-3.41328083127403,10.6181565786999));
#8042=CARTESIAN_POINT('',(8.35647890487384,-4.56828914853005,10.5796317465906));
#8043=CARTESIAN_POINT('',(7.67274680157348,-5.64171622390944,10.5411069144814));
#8044=CARTESIAN_POINT('',(6.85199355264821,-6.61439262416787,10.5025820823721));
#8045=CARTESIAN_POINT('',(5.90887630153721,-7.46894813781103,10.4640572502628));
#8046=CARTESIAN_POINT('',(4.86023738769829,-8.19012197512337,10.4255324181536));
#8047=CARTESIAN_POINT('',(3.72480357340274,-8.76503529780372,10.3870075860443));
#8048=CARTESIAN_POINT('',(2.52285161820482,-9.1834212113297,10.3484827539351));
#8049=CARTESIAN_POINT('',(1.27584617331046,-9.43780811281031,10.3099579218258));
#8050=CARTESIAN_POINT('',(0.00605646238606677,-9.52365312007122,10.2714330897165));
#8051=CARTESIAN_POINT('',(-1.26384140581707,-9.4394231991749,10.2329082576073));
#8052=CARTESIAN_POINT('',(-2.51116939105761,-9.186622541587,10.194383425498));
#8053=CARTESIAN_POINT('',(-3.71365250969179,-8.76976570208343,10.1558585933888));
#8054=CARTESIAN_POINT('',(-4.84981662491165,-8.19629697710555,10.1173337612795));
#8055=CARTESIAN_POINT('',(-5.89937193533167,-7.47645746331778,10.0788089291702));
#8056=CARTESIAN_POINT('',(-6.84357531352309,-6.6231021704573,10.040284097061));
#8057=CARTESIAN_POINT('',(-7.66556502379616,-5.65147045450403,10.0017592649517));
#8058=CARTESIAN_POINT('',(-8.35066184178619,-4.57891387081206,9.96323443284245));
#8059=CARTESIAN_POINT('',(-8.88663119840177,-3.42458630724521,9.92470960073319));
#8060=CARTESIAN_POINT('',(-9.26390166672595,-2.20910193096901,9.88618476862393));
#8061=CARTESIAN_POINT('',(-9.47573589009666,-0.954167057340101,9.84765993651467));
#8062=CARTESIAN_POINT('',(-9.51835089890475,0.317807484962287,9.80913510440541));
#8063=CARTESIAN_POINT('',(-9.39098566747342,1.58410657011695,9.77061027229615));
#8064=CARTESIAN_POINT('',(-9.09591470457702,2.82211642552864,9.7320854401869));
#8065=CARTESIAN_POINT('',(-8.63840743489776,4.0097284722138,9.69356060807763));
#8066=CARTESIAN_POINT('',(-8.02663409679284,5.12573414335756,9.65503577596837));
#8067=CARTESIAN_POINT('',(-7.27151983686461,6.15020363030879,9.61651094385911));
#8068=CARTESIAN_POINT('',(-6.38654960693655,7.06484179230629,9.57798611174985));
#8069=CARTESIAN_POINT('',(-5.38752734761619,7.8533148740431,9.53946127964059));
#8070=CARTESIAN_POINT('',(-4.29229375898357,8.5015421964941,9.50093644753133));
#8071=CARTESIAN_POINT('',(-3.12040769850163,8.99794761194522,9.46241161542207));
#8072=CARTESIAN_POINT('',(-1.89279689579599,9.33366623269999,9.42388678331281));
#8073=CARTESIAN_POINT('',(-0.631384221895525,9.50270274166883,9.38536195120355));
#8074=CARTESIAN_POINT('',(0.64130381292208,9.5020384577053,9.34683711909429));
#8075=CARTESIAN_POINT('',(1.90253934117161,9.33168524369919,9.30831228698503));
#8076=CARTESIAN_POINT('',(3.1297990160709,8.99468529472714,9.26978745487577));
#8077=CARTESIAN_POINT('',(4.30116623708787,8.49705681004395,9.23126262276651));
#8078=CARTESIAN_POINT('',(5.39572254011545,7.84768651911307,9.19273779065725));
#8079=CARTESIAN_POINT('',(6.39392116276591,7.05817098096336,9.15421295854799));
#8080=CARTESIAN_POINT('',(7.27793611359523,6.14260949097412,9.11568812643873));
#8081=CARTESIAN_POINT('',(8.03198051152358,5.117352293392,9.07716329432947));
#8082=CARTESIAN_POINT('',(8.64258851049503,4.00070859604124,9.03863846222021));
#8083=CARTESIAN_POINT('',(9.09885577472077,2.81261960154754,9.00011363011095));
#8084=CARTESIAN_POINT('',(9.39263421006031,1.5743023941364,8.96158879800169));
#8085=CARTESIAN_POINT('',(9.5186774739963,0.307871041532775,8.92306396589243));
#8086=CARTESIAN_POINT('',(9.47473466566238,-0.964058321614728,8.88453913378317));
#8087=CARTESIAN_POINT('',(9.26159052279273,-2.21877137630151,8.84601430167391));
#8088=CARTESIAN_POINT('',(8.88305140774942,-3.43386125512666,8.80748946956465));
#8089=CARTESIAN_POINT('',(8.34587733289158,-4.58762868773243,8.76896463745539));
#8090=CARTESIAN_POINT('',(7.65966123918813,-5.65946950986203,8.73043980534613));
#8091=CARTESIAN_POINT('',(6.8366576839361,-6.63024261583665,8.69191497323687));
#8092=CARTESIAN_POINT('',(5.89156399690674,-7.48261178349721,8.65339014112761));
#8093=CARTESIAN_POINT('',(4.84125781306816,-8.2013552672461,8.61486530901835));
#8094=CARTESIAN_POINT('',(3.70449566906729,-8.77363763042677,8.57634047690909));
#8095=CARTESIAN_POINT('',(2.50157804598376,-9.18923896261442,8.53781564479983));
#8096=CARTESIAN_POINT('',(1.25398684007583,-9.44073738841917,8.49929081269057));
#8097=CARTESIAN_POINT('',(-0.0159982643757829,-9.52364160852958,8.46076598058131));
#8098=CARTESIAN_POINT('',(-1.28569766925077,-9.43647110605771,8.42224114847205));
#8099=CARTESIAN_POINT('',(-2.53243687849778,-9.18078258584765,8.38371631636279));
#8100=CARTESIAN_POINT('',(-3.7339514229294,-8.76114217459016,8.34519148425353));
#8101=CARTESIAN_POINT('',(-4.86878446269146,-8.1850438781984,8.30666665214427));
#8102=CARTESIAN_POINT('',(-5.91666996695791,-7.46277575264575,8.26814182003501));
#8103=CARTESIAN_POINT('',(-6.85889462796665,-6.60723617820864,8.22961698792575));
#8104=CARTESIAN_POINT('',(-7.67863204627743,-5.63370351811845,8.19109215581649));
#8105=CARTESIAN_POINT('',(-8.36124321931744,-4.55956327509522,8.15256732370723));
#8106=CARTESIAN_POINT('',(-8.8945379670423,-3.40399761824565,8.11404249159797));
#8107=CARTESIAN_POINT('',(-9.26899262613052,-2.18764282480411,8.07551765948871));
#8108=CARTESIAN_POINT('',(-9.47792012509395,-0.932220754176879,8.03699282737945));
#8109=CARTESIAN_POINT('',(-9.51758940307511,0.339849064514508,7.99846799527019));
#8110=CARTESIAN_POINT('',(-9.38729203973176,1.60584980398777,7.95994316316093));
#8111=CARTESIAN_POINT('',(-9.08935490632124,2.84317301955281,7.92141833105168));
#8112=CARTESIAN_POINT('',(-8.62909861205947,4.0297223943508,7.88289349894241));
#8113=CARTESIAN_POINT('',(-8.01474248782649,5.14430833893225,7.84436866683315));
#8114=CARTESIAN_POINT('',(-7.25725780403445,6.16702639835115,7.80584383472389));
#8115=CARTESIAN_POINT('',(-6.37017184391722,7.0796127091207,7.76731900261463));
#8116=CARTESIAN_POINT('',(-5.36932633113209,7.86577015822295,7.72879417050537));
#8117=CARTESIAN_POINT('',(-4.27259452571252,8.51145941957256,7.69026933839611));
#8118=CARTESIAN_POINT('',(-3.09956204051764,9.00514967055857,7.65174450628685));
#8119=CARTESIAN_POINT('',(-1.87117707820987,9.33802451132791,7.61321967417759));
#8120=CARTESIAN_POINT('',(-0.609376334884697,9.50413940947109,7.57469484206833));
#8121=CARTESIAN_POINT('',(0.663306748974052,9.50052785843736,7.53617000995907));
#8122=CARTESIAN_POINT('',(1.92414439429617,9.32725435388559,7.49764517784981));
#8123=CARTESIAN_POINT('',(3.15062035975677,8.98741324191032,7.45912034574055));
#8124=CARTESIAN_POINT('',(4.32083204043288,8.48707345971199,7.42059551363129));
#8125=CARTESIAN_POINT('',(5.41388160804258,7.83517015554079,7.38207068152203));
#8126=CARTESIAN_POINT('',(6.4102492077214,7.04334512338322,7.34354584941277));
#8127=CARTESIAN_POINT('',(7.29214154672787,6.12573890193373,7.30502101730351));
#8128=CARTESIAN_POINT('',(8.04380964992523,5.09873825058207,7.26649618519425));
#8129=CARTESIAN_POINT('',(8.65183010751082,3.9806835120301,7.22797135308499));
#8130=CARTESIAN_POINT('',(9.10534479242578,2.79154108750411,7.18944652097573));
#8131=CARTESIAN_POINT('',(9.3962547665334,1.5525468735524,7.15092168886647));
#8132=CARTESIAN_POINT('',(9.51936491275802,0.285827027991582,7.11239685675721));
#8133=CARTESIAN_POINT('',(9.47247671032084,-0.985997162576161,7.07387202464795));
#8134=CARTESIAN_POINT('',(9.25642749627734,-2.24021325733506,7.03534719253869));
#8135=CARTESIAN_POINT('',(8.87507551221755,-3.45442326367447,6.99682236042943));
#8136=CARTESIAN_POINT('',(8.3352310031676,-4.60694362414091,6.95829752832017));
#8137=CARTESIAN_POINT('',(7.64653459913944,-5.67719244489231,6.91977269621091));
#8138=CARTESIAN_POINT('',(6.82128515121054,-6.64605705046636,6.88124786410165));
#8139=CARTESIAN_POINT('',(5.87422009666456,-7.49623530101085,6.84272303199239));
#8140=CARTESIAN_POINT('',(4.82225227546756,-8.21254457667822,6.80419819988313));
#8141=CARTESIAN_POINT('',(3.68416789805352,-8.78219291129106,6.76567336777387));
#8142=CARTESIAN_POINT('',(2.48029105815886,-9.19500743333012,6.72714853566461));
#8143=CARTESIAN_POINT('',(1.23212078188984,-9.44361603470906,6.68862370355535));
#8144=CARTESIAN_POINT('',(-0.038052905341238,-9.52357902306554,6.65009887144609));
#8145=CARTESIAN_POINT('',(-1.30754703767248,-9.43346840650102,6.61157403933683));
#8146=CARTESIAN_POINT('',(-2.55369078484262,-9.1748933948896,6.57304920722757));
#8147=CARTESIAN_POINT('',(-3.75423031152172,-8.75247166234947,6.53452437511831));
#8148=CARTESIAN_POINT('',(-4.88772618987934,-8.17374688407627,6.49599954300905));
#8149=CARTESIAN_POINT('',(-5.93393626833272,-7.44905402017898,6.45747471089979));
#8150=CARTESIAN_POINT('',(-6.87417715914323,-6.59133475230112,6.41894987879053));
#8151=CARTESIAN_POINT('',(-7.69165788935766,-5.61590636898988,6.38042504668127));
#8152=CARTESIAN_POINT('',(-8.37177975670195,-4.54018822709527,6.34190021457201));
#8153=CARTESIAN_POINT('',(-8.90239703555292,-3.38339067409566,6.30337538246275));
#8154=CARTESIAN_POINT('',(-9.27403387725862,-2.16617198662488,6.26485055035349));
#8155=CARTESIAN_POINT('',(-9.48005353136659,-0.910269451647614,6.22632571824423));
#8156=CARTESIAN_POINT('',(-9.51677686578017,0.361888821504996,6.18780088613497));
#8157=CARTESIAN_POINT('',(-9.38354806929087,1.6275844259167,6.14927605402571));
#8158=CARTESIAN_POINT('',(-9.08274636316028,2.86421436604834,6.11075122191645));
#8159=CARTESIAN_POINT('',(-8.61974351260441,4.04969470566526,6.07222638980719));
#8160=CARTESIAN_POINT('',(-8.00280789694704,5.16285494632001,6.03370155769793));
#8161=CARTESIAN_POINT('',(-7.2429568515728,6.18381609351649,5.99517672558867));
#8162=CARTESIAN_POINT('',(-6.35375991858101,7.09434565898874,5.95665189347941));
#8163=CARTESIAN_POINT('',(-5.35109651972188,7.87818325940692,5.91812706137015));
#8164=CARTESIAN_POINT('',(-4.25287237913054,8.52133099691636,5.87960222926089));
#8165=CARTESIAN_POINT('',(-3.07869976002752,9.01230343584732,5.84107739715163));
#8166=CARTESIAN_POINT('',(-1.84954722576978,9.34233271147128,5.80255256504237));
#8167=CARTESIAN_POINT('',(-0.587365179876088,9.50552510793844,5.76402773293311));
#8168=CARTESIAN_POINT('',(0.685306127807175,9.49896630920275,5.72550290082385));
#8169=CARTESIAN_POINT('',(1.94573912851064,9.32277344334623,5.68697806871459));
#8170=CARTESIAN_POINT('',(3.17142480711806,8.98009299088685,5.64845323660533));
#8171=CARTESIAN_POINT('',(4.34047467177611,8.47704459442376,5.60992840449607));
#8172=CARTESIAN_POINT('',(5.43201164210006,7.82261177307607,5.57140357238681));
#8173=CARTESIAN_POINT('',(6.42654287543088,7.02848149335456,5.53287874027755));
#8174=CARTESIAN_POINT('',(7.3063078731525,6.10883546143524,5.49435390816829));
#8175=CARTESIAN_POINT('',(8.05559565053079,5.08009686397105,5.45582907605903));
#8176=CARTESIAN_POINT('',(8.6610253060041,3.96063708018489,5.41730424394977));
#8177=CARTESIAN_POINT('',(9.11178497947416,2.77044760282667,5.37877941184051));
#8178=CARTESIAN_POINT('',(9.39982493224143,1.53078302688246,5.34025457973125));
#8179=CARTESIAN_POINT('',(9.52000130053265,0.263781481601081,5.30172974762199));
#8180=CARTESIAN_POINT('',(9.47016795544691,-1.0079307157764,5.26320491551273));
#8181=CARTESIAN_POINT('',(9.25121482887047,-2.2616431244266,5.22468008340347));
#8182=CARTESIAN_POINT('',(8.86705202093013,-3.47496674664635,5.18615525129421));
#8183=CARTESIAN_POINT('',(8.32453997279665,-4.62623385417228,5.14763041918495));
#8184=CARTESIAN_POINT('',(7.6333669518237,-5.69488493395474,5.10910558707569));
#8185=CARTESIAN_POINT('',(6.80587603691222,-6.66183584324643,5.07058075496643));
#8186=CARTESIAN_POINT('',(5.85684469382351,-7.509818617291,5.03205592285717));
#8187=CARTESIAN_POINT('',(4.80322087682046,-8.22368984341306,4.99353109074791));
#8188=CARTESIAN_POINT('',(3.66382036937633,-8.79070109451584,4.95500625863865));
#8189=CARTESIAN_POINT('',(2.45899076888917,-9.20072659254131,4.91648142652939));
#8190=CARTESIAN_POINT('',(1.21024811601702,-9.44644403624222,4.87795659442013));
#8191=CARTESIAN_POINT('',(-0.0601073422344257,-9.52346536401474,4.83943176231087));
#8192=CARTESIAN_POINT('',(-1.32938939390718,-9.43041511660786,4.80090693020161));
#8193=CARTESIAN_POINT('',(-2.57493099611047,-9.16895500029575,4.76238209809235));
#8194=CARTESIAN_POINT('',(-3.77448906671596,-8.74375421186006,4.72385726598309));
#8195=CARTESIAN_POINT('',(-4.90664170489351,-8.16240605532331,4.68533243387383));
#8196=CARTESIAN_POINT('',(-5.9511707468594,-7.43529233950514,4.64680760176457));
#8197=CARTESIAN_POINT('',(-6.88942282509481,-6.5753979780118,4.60828276965531));
#8198=CARTESIAN_POINT('',(-7.70464248318111,-5.59807910256186,4.56975793754605));
#8199=CARTESIAN_POINT('',(-8.38227139743376,-4.5207888307178,4.53123310543679));
#8200=CARTESIAN_POINT('',(-8.91020836178659,-3.36276558530733,4.49270827332753));
#8201=CARTESIAN_POINT('',(-9.27902539307474,-2.14468953157633,4.45418344121827));
#8202=CARTESIAN_POINT('',(-9.48213609747343,-0.888313267473991,4.41565860910901));
#8203=CARTESIAN_POINT('',(-9.51591329137747,0.3839266377377,4.37713377699975));
#8204=CARTESIAN_POINT('',(-9.37975377622911,1.64931031934405,4.33860894489049));
#8205=CARTESIAN_POINT('',(-9.07608911053481,2.88524035217352,4.30008411278123));
#8206=CARTESIAN_POINT('',(-8.61034218670264,4.06964529904852,4.26155928067197));
#8207=CARTESIAN_POINT('',(-7.99083038815801,5.18137386605805,4.22303444856271));
#8208=CARTESIAN_POINT('',(-7.22861705617361,6.20057262576409,4.18450961645345));
#8209=CARTESIAN_POINT('',(-6.33731391894273,7.10904056289973,4.14598478434419));
#8210=CARTESIAN_POINT('',(-5.33283801114942,7.89055411102534,4.10745995223493));
#8211=CARTESIAN_POINT('',(-4.23312742500469,8.53115687558564,4.06893512012567));
#8212=CARTESIAN_POINT('',(-3.05782096891266,9.01940886944688,4.03041028801641));
#8213=CARTESIAN_POINT('',(-1.8279074544735,9.34659081002582,3.99188545590715));
#8214=CARTESIAN_POINT('',(-0.565350874912362,9.50685982963958,3.95336062379789));
#8215=CARTESIAN_POINT('',(0.707301831441943,9.49735381837582,3.91483579168863));
#8216=CARTESIAN_POINT('',(1.96732342800557,9.31824253611159,3.87631095957937));
#8217=CARTESIAN_POINT('',(3.19221224658351,8.97272458091416,3.83778612747011));
#8218=CARTESIAN_POINT('',(4.36009402577694,8.46697026796263,3.79926129536085));
#8219=CARTESIAN_POINT('',(5.45011254505911,7.8100114390677,3.76073646325159));
#8220=CARTESIAN_POINT('',(6.44280207851373,7.01358017058892,3.72221163114233));
#8221=CARTESIAN_POINT('',(7.32043501689717,6.09189926012937,3.68368679903307));
#8222=CARTESIAN_POINT('',(8.0673384501336,5.06142823353003,3.64516196692381));
#8223=CARTESIAN_POINT('',(8.67017405666235,3.94056940801175,3.60663713481455));
#8224=CARTESIAN_POINT('',(9.1181763013281,2.74933926063656,3.56811230270529));
#8225=CARTESIAN_POINT('',(9.40334468803811,1.50901097084296,3.52958747059603));
#8226=CARTESIAN_POINT('',(9.52058663390733,0.241734520588371,3.49106263848677));
#8227=CARTESIAN_POINT('',(9.4678084134221,-1.02985886358894,3.45253780637751));
#8228=CARTESIAN_POINT('',(9.2459525485269,-2.28306086265081,3.41401297426825));
#8229=CARTESIAN_POINT('',(8.85898097691598,-3.49549159387056,3.37548814215899));
#8230=CARTESIAN_POINT('',(8.31380429911319,-4.64549927437579,3.33696331004973));
#8231=CARTESIAN_POINT('',(7.62015836785712,-5.71254688216701,3.29843847794047));
#8232=CARTESIAN_POINT('',(6.79043042367801,-6.6775789095575,3.25991364583121));
#8233=CARTESIAN_POINT('',(5.83943788156537,-7.52336165949227,3.22138881372195));
#8234=CARTESIAN_POINT('',(4.78416371918951,-8.23479100768014,3.18286398161269));
#8235=CARTESIAN_POINT('',(3.64345319215661,-8.79916213447296,3.14433914950343));
#8236=CARTESIAN_POINT('',(2.43767729240508,-9.20639640957696,3.10581431739417));
#8237=CARTESIAN_POINT('',(1.18836895975734,-9.44922137785247,3.06728948528491));
#8238=CARTESIAN_POINT('',(-0.0821614567805682,-9.52330063198672,3.02876465317565));
#8239=CARTESIAN_POINT('',(-1.35122462081746,-9.42731125275259,2.99023982106639));
#8240=CARTESIAN_POINT('',(-2.59615739839314,-9.16296743391285,2.95171498895713));
#8241=CARTESIAN_POINT('',(-3.79472757986733,-8.73498986987238,2.91319015684787));
#8242=CARTESIAN_POINT('',(-4.9255309062928,-8.15102145275876,2.87466532473861));
#8243=CARTESIAN_POINT('',(-5.96837331011194,-7.42149078442616,2.83614049262935));
#8244=CARTESIAN_POINT('',(-6.90463154406105,-6.55942594080732,2.79761566052009));
#8245=CARTESIAN_POINT('',(-7.71758575811327,-5.58022181443948,2.75909082841083));
#8246=CARTESIAN_POINT('',(-8.39271808524772,-4.501365189999,2.72056599630157));
#8247=CARTESIAN_POINT('',(-8.91797190385227,-3.34212246249004,2.68204116419231));
#8248=CARTESIAN_POINT('',(-9.2839671468101,-2.12319557486579,2.64351633208305));
#8249=CARTESIAN_POINT('',(-9.48416781224597,-0.866352319403872,2.60499149997379));
#8250=CARTESIAN_POINT('',(-9.51499868449822,0.405962395026976,2.56646666786453));
#8251=CARTESIAN_POINT('',(-9.37590918089473,1.671027367757,2.52794183575527));
#8252=CARTESIAN_POINT('',(-9.06938318414673,2.906250865169,2.48941700364601));
#8253=CARTESIAN_POINT('',(-8.60089468477214,4.08957406750842,2.45089217153675));
#8254=CARTESIAN_POINT('',(-7.97881002569306,5.19986499883208,2.41236733942749));
#8255=CARTESIAN_POINT('',(-7.21423849473914,6.21729590523106,2.37384250731823));
#8256=CARTESIAN_POINT('',(-6.32083393319991,7.123697342047,2.33531767520897));
#8257=CARTESIAN_POINT('',(-5.31455090333248,7.90288264673511,2.29679284309971));
#8258=CARTESIAN_POINT('',(-4.21335976922431,8.54093700288563,2.25826801099045));
#8259=CARTESIAN_POINT('',(-3.03692577914306,9.0264659332518,2.21974317888119));
#8260=CARTESIAN_POINT('',(-1.80625788037209,9.35079878415596,2.18121834677193));
#8261=CARTESIAN_POINT('',(-0.54333353805321,9.50814356741659,2.14269351466267));
#8262=CARTESIAN_POINT('',(0.729293741918351,9.49569039460416,2.10416868255342));
#8263=CARTESIAN_POINT('',(1.98889717702718,9.31366165648034,2.06564385044416));
#8264=CARTESIAN_POINT('',(3.21298256667275,8.96530805150809,2.0271190183349));
#8265=CARTESIAN_POINT('',(4.37968999721924,8.45685053435595,1.98859418622564));
#8266=CARTESIAN_POINT('',(5.46818421984679,7.79736922108972,1.95006935411638));
#8267=CARTESIAN_POINT('',(6.45902672977379,6.9986412350003,1.91154452200713));
#8268=CARTESIAN_POINT('',(7.33452290219962,6.074930388843,1.87301968989787));
#8269=CARTESIAN_POINT('',(8.07903798575838,5.04273245937676,1.83449485778861));
#8270=CARTESIAN_POINT('',(8.67927631042182,3.9204806031314,1.79597002567935));
#8271=CARTESIAN_POINT('',(9.12451872371162,2.72821617413556,1.7574451935701));
#8272=CARTESIAN_POINT('',(9.40681401504736,1.48723082219518,1.71892036146083));
#8273=CARTESIAN_POINT('',(9.52112090974297,0.219686263189087,1.68039552935158));
#8274=CARTESIAN_POINT('',(9.46539809690041,-1.05178148841526,1.64187069724232));
#8275=CARTESIAN_POINT('',(9.24064068346775,-2.30446635714641,1.60334586513306));
#8276=CARTESIAN_POINT('',(8.85086242345938,-3.51599769527422,1.5648210330238));
#8277=CARTESIAN_POINT('',(8.30302403969169,-4.66473978143269,1.52629620091455));
#8278=CARTESIAN_POINT('',(7.6069089180762,-5.73017819480962,1.48777136880529));
#8279=CARTESIAN_POINT('',(6.77494839434145,-6.69328616497077,1.44924653669603));
#8280=CARTESIAN_POINT('',(5.82199975324151,-7.53686435498441,1.41072170458677));
#8281=CARTESIAN_POINT('',(4.76508090477681,-8.24584800994478,1.37219687247751));
#8282=CARTESIAN_POINT('',(3.62306647562204,-8.80757598578647,1.33367204036826));
#8283=CARTESIAN_POINT('',(2.41635074300929,-9.21201685403025,1.295147208259));
#8284=CARTESIAN_POINT('',(1.16648343044726,-9.45194804464512,1.25662237614974));
#8285=CARTESIAN_POINT('',(-0.104215130704861,-9.52308482786493,1.21809754404048));
#8286=CARTESIAN_POINT('',(-1.37305260130231,-9.424156831581,1.17957271193123));
#8287=CARTESIAN_POINT('',(-2.61736987785472,-9.15693072785205,1.14104787982197));
#8288=CARTESIAN_POINT('',(-3.8149457424376,-8.72617868338848,1.10252304771271));
#8289=CARTESIAN_POINT('',(-4.94439369277613,-8.13959313744002,1.06399821560345));
#8290=CARTESIAN_POINT('',(-5.98554386583094,-7.40764942895026,1.0254733834942));
#8291=CARTESIAN_POINT('',(-6.91980323448897,-6.54341872637801,0.986948551384933));
#8292=CARTESIAN_POINT('',(-7.73048764470011,-5.5623346002674,0.948423719275677));
#8293=CARTESIAN_POINT('',(-8.40311976426718,-4.4819174095669,0.909898887166421));
#8294=CARTESIAN_POINT('',(-8.9256876195601,-3.32146141463608,0.871374055057159));
#8295=CARTESIAN_POINT('',(-9.28885911403084,-2.10169023816894,0.832849222947903));
#8296=CARTESIAN_POINT('',(-9.48614865706807,-0.844386701312013,0.794324390838647));
#8297=CARTESIAN_POINT('',(-9.51403307885931,0.427995885995354,0.755799558729385));
#8298=CARTESIAN_POINT('',(-9.37201419637893,1.69273578758713,0.717274726620144));
#8299=CARTESIAN_POINT('',(-9.16575741296467,2.51574162916561,0.691591505213984));
#8300=CARTESIAN_POINT('',(-9.03565497353791,2.91853325471175,0.678749894510911));
#8301=CARTESIAN_POINT('',(7.17048091130198,6.22455626212284,19.97969078125));
#8302=CARTESIAN_POINT('',(7.15888898522269,6.23611967226136,19.9808642831457));
#8303=CARTESIAN_POINT('',(7.13560976596205,6.25914692182511,19.9832642406291));
#8304=CARTESIAN_POINT('',(7.10037718853585,6.29334597733679,19.9870728507042));
#8305=CARTESIAN_POINT('',(7.06514289262211,6.32684460467933,19.9910961452638));
#8306=CARTESIAN_POINT('',(7.03022312709396,6.35928385428332,19.9953480892466));
#8307=CARTESIAN_POINT('',(7.00701411124725,6.38026125858642,19.9984106840315));
#8308=CARTESIAN_POINT('',(6.99550799915121,6.39050020216811,20.0000000000074));
#8309=CARTESIAN_POINT('',(6.22455101162025,-7.1704854691587,19.97969078125));
#8310=CARTESIAN_POINT('',(6.22455101162024,-7.17048546915871,19.97969078125));
#8311=CARTESIAN_POINT('',(6.22859905279624,-7.16683259961837,19.9797956340616));
#8312=CARTESIAN_POINT('',(6.23934702635559,-7.15711725650699,19.9800740836944));
#8313=CARTESIAN_POINT('',(6.26299038079197,-7.13564822023807,19.9806869389841));
#8314=CARTESIAN_POINT('',(6.30757171694973,-7.0948295133783,19.9818436687239));
#8315=CARTESIAN_POINT('',(6.39062243886691,-7.01755491326182,19.9840028555625));
#8316=CARTESIAN_POINT('',(6.52084122604532,-6.89270251886179,19.9874020047981));
#8317=CARTESIAN_POINT('',(6.68343507045544,-6.72951518429397,19.9916759058388));
#8318=CARTESIAN_POINT('',(6.84683237615608,-6.55666225392946,19.9960110540838));
#8319=CARTESIAN_POINT('',(6.94953728934834,-6.44265825640795,19.9987624764406));
#8320=CARTESIAN_POINT('',(6.99550799964889,-6.39050020161419,19.9999999999999));
#8321=CARTESIAN_POINT('',(6.22455101162025,-7.1704854691587,19.97969078125));
#8322=CARTESIAN_POINT('',(5.91239888360411,-7.44145831368637,19.9671502352249));
#8323=CARTESIAN_POINT('',(5.25265733822363,-7.94257783125191,19.9420691431746));
#8324=CARTESIAN_POINT('',(4.17358139189655,-8.55898190577735,19.9044475050993));
#8325=CARTESIAN_POINT('',(3.0234222059354,-9.02961076078332,19.8668258670239));
#8326=CARTESIAN_POINT('',(1.82176858803648,-9.34644915233821,19.8292042289485));
#8327=CARTESIAN_POINT('',(0.589086993581172,-9.5041006404746,19.7915825908731));
#8328=CARTESIAN_POINT('',(-0.653627821687909,-9.49988016583842,19.7539609527978));
#8329=CARTESIAN_POINT('',(-1.88521017477531,-9.33385960275789,19.7163393147224));
#8330=CARTESIAN_POINT('',(-3.08468400022003,-9.00886658287826,19.678717676647));
#8331=CARTESIAN_POINT('',(-4.23162009555905,-8.53043632269313,19.6410960385717));
#8332=CARTESIAN_POINT('',(-5.30648407142962,-7.90671735225883,19.6034744004963));
#8333=CARTESIAN_POINT('',(-6.29096905638014,-7.14833273011707,19.5658527624209));
#8334=CARTESIAN_POINT('',(-7.16830749618051,-6.26819911370178,19.5282311243455));
#8335=CARTESIAN_POINT('',(-7.92355673542533,-5.28130676530929,19.4906094862702));
#8336=CARTESIAN_POINT('',(-8.54385351791614,-4.20446424092282,19.4529878481948));
#8337=CARTESIAN_POINT('',(-9.01863307110055,-3.0560121101949,19.4153662101194));
#8338=CARTESIAN_POINT('',(-9.33980904319769,-1.85551058348077,19.3777445720441));
#8339=CARTESIAN_POINT('',(-9.50191122834769,-0.623406366190252,19.3401229339687));
#8340=CARTESIAN_POINT('',(-9.50217873407996,0.619315585469157,19.3025012958933));
#8341=CARTESIAN_POINT('',(-9.34060700428959,1.85148947613071,19.2648796578179));
#8342=CARTESIAN_POINT('',(-9.01994789683603,3.05212916292379,19.2272580197426));
#8343=CARTESIAN_POINT('',(-8.54566281444237,4.20078558732333,19.1896363816672));
#8344=CARTESIAN_POINT('',(-7.92582968716051,5.27789505948457,19.1520147435918));
#8345=CARTESIAN_POINT('',(-7.17100539065845,6.26511246315291,19.1143931055165));
#8346=CARTESIAN_POINT('',(-6.29404594359449,7.14562370606851,19.0767714674411));
#8347=CARTESIAN_POINT('',(-5.30988754644107,7.90443209427195,19.0391498293657));
#8348=CARTESIAN_POINT('',(-4.23529219106195,8.52861375284027,19.0015281912903));
#8349=CARTESIAN_POINT('',(-3.08856217377016,9.00753774277758,18.963906553215));
#8350=CARTESIAN_POINT('',(-1.88922837422427,9.33304712507295,18.9262849151396));
#8351=CARTESIAN_POINT('',(-0.657717609335102,9.49959788807805,18.8886632770642));
#8352=CARTESIAN_POINT('',(0.584995272254189,9.50435337202099,18.8510416389889));
#8353=CARTESIAN_POINT('',(1.81774462965651,9.34723258243645,18.8134200009135));
#8354=CARTESIAN_POINT('',(3.01953451876511,9.03091156964747,18.7757983628381));
#8355=CARTESIAN_POINT('',(4.16989629103578,8.56077785080378,18.7381767247628));
#8356=CARTESIAN_POINT('',(5.2492372114749,7.94483865075143,18.7005550866874));
#8357=CARTESIAN_POINT('',(6.23917415824057,7.19358452455725,18.662933448612));
#8358=CARTESIAN_POINT('',(7.12284672035088,6.31981068444248,18.6253118105366));
#8359=CARTESIAN_POINT('',(7.88520436088092,5.3383990742498,18.5876901724613));
#8360=CARTESIAN_POINT('',(8.51326275474157,4.26606490310878,18.5500685343859));
#8361=CARTESIAN_POINT('',(8.99632493514547,3.12107195528817,18.5124468963105));
#8362=CARTESIAN_POINT('',(9.32616348223722,1.92292152502162,18.4748252582351));
#8363=CARTESIAN_POINT('',(9.49716065088686,0.69202027430761,18.4372036201598));
#8364=CARTESIAN_POINT('',(9.50640405101784,-0.550667329336013,18.3995819820844));
#8365=CARTESIAN_POINT('',(9.35373625086081,-1.78397607555114,18.361960344009));
#8366=CARTESIAN_POINT('',(9.04175745830048,-2.98690049283101,18.3243387059337));
#8367=CARTESIAN_POINT('',(8.57578123464739,-4.13895260957118,18.2867170678583));
#8368=CARTESIAN_POINT('',(7.96374399510886,-5.22051090116418,18.2490954297829));
#8369=CARTESIAN_POINT('',(7.21606983732925,-6.2131544799396,18.2114737917076));
#8370=CARTESIAN_POINT('',(6.34549300021328,-7.09997683609255,18.1738521536322));
#8371=CARTESIAN_POINT('',(5.36684097687864,-7.86587378602675,18.1362305155568));
#8372=CARTESIAN_POINT('',(4.29678197571538,-8.49780072383284,18.0986088774814));
#8373=CARTESIAN_POINT('',(3.15354103074556,-8.98499479444539,18.0609872394061));
#8374=CARTESIAN_POINT('',(1.95658959643557,-9.31915820446926,18.0233656013307));
#8375=CARTESIAN_POINT('',(0.726313913721056,-9.49459954856137,17.9857439632553));
#8376=CARTESIAN_POINT('',(-0.516332204431017,-9.50833074432489,17.94812232518));
#8377=CARTESIAN_POINT('',(-1.75018425423526,-9.3601179247397,17.9105006871046));
#8378=CARTESIAN_POINT('',(-2.95422751074524,-9.05248542133941,17.8728790490292));
#8379=CARTESIAN_POINT('',(-4.10795494650728,-8.59067277029413,17.8352574109538));
#8380=CARTESIAN_POINT('',(-5.19171650321046,-7.98254547366306,17.7976357728785));
#8381=CARTESIAN_POINT('',(-6.18705376760725,-7.23846103571356,17.7600141348031));
#8382=CARTESIAN_POINT('',(-7.07701435157013,-6.37109255594964,17.7223924967277));
#8383=CARTESIAN_POINT('',(-7.84644062182523,-5.39521288337888,17.6847708586523));
#8384=CARTESIAN_POINT('',(-8.48222786177504,-4.32744300825947,17.647149220577));
#8385=CARTESIAN_POINT('',(-8.9735474684488,-3.18596897666985,17.6095275825016));
#8386=CARTESIAN_POINT('',(-9.31203138313422,-1.99023214935594,17.5719059444262));
#8387=CARTESIAN_POINT('',(-9.49191461450432,-0.760598080306382,17.5342843063509));
#8388=CARTESIAN_POINT('',(-9.51013342681355,0.481990345349335,17.4966626682755));
#8389=CARTESIAN_POINT('',(-9.3663775208412,1.71636960643305,17.4590410302001));
#8390=CARTESIAN_POINT('',(-9.06309531884657,2.92151599863974,17.4214193921248));
#8391=CARTESIAN_POINT('',(-8.60545226352359,4.07690370612591,17.3837977540494));
#8392=CARTESIAN_POINT('',(-8.00124284119888,5.16285439315988,17.346176115974));
#8393=CARTESIAN_POINT('',(-7.2607578276767,6.16087236165773,17.3085544778986));
#8394=CARTESIAN_POINT('',(-6.39660901777361,7.053959566268,17.2709328398233));
#8395=CARTESIAN_POINT('',(-5.42351442371463,7.82690512173016,17.2333112017479));
#8396=CARTESIAN_POINT('',(-4.35804760084965,8.46654437167462,17.1956895636725));
#8397=CARTESIAN_POINT('',(-3.21835537012497,8.96198310645553,17.1580679255972));
#8398=CARTESIAN_POINT('',(-2.02384874500533,9.30478311118249,17.1204462875218));
#8399=CARTESIAN_POINT('',(-0.794872326918063,9.48910588373353,17.0828246494464));
#8400=CARTESIAN_POINT('',(0.447642199988936,9.51181207497265,17.045203011371));
#8401=CARTESIAN_POINT('',(1.68253257316643,9.37251495752557,17.0075813732957));
#8402=CARTESIAN_POINT('',(2.88876638314893,9.07358701244415,16.9699597352203));
#8403=CARTESIAN_POINT('',(4.04579929340772,8.62011952157673,16.9323380971449));
#8404=CARTESIAN_POINT('',(5.13392494744169,8.019835853859,16.8947164590696));
#8405=CARTESIAN_POINT('',(6.13461060355765,7.28295992241648,16.8570948209942));
#8406=CARTESIAN_POINT('',(7.03081278087436,6.42204205289099,16.8194731829188));
#8407=CARTESIAN_POINT('',(7.80726754053004,5.4517452287678,16.7818515448434));
#8408=CARTESIAN_POINT('',(8.45075045808088,4.38859535433063,16.7442299067681));
#8409=CARTESIAN_POINT('',(8.95030185929186,3.25069978871678,16.7066082686927));
#8410=CARTESIAN_POINT('',(9.29741348314845,2.05743894494491,16.6689866306173));
#8411=CARTESIAN_POINT('',(9.4861733928814,0.829136206539952,16.631364992542));
#8412=CARTESIAN_POINT('',(9.5133666669087,-0.413288216329781,16.5937433544666));
#8413=CARTESIAN_POINT('',(9.3785301547463,-1.64867359574925,16.5561217163912));
#8414=CARTESIAN_POINT('',(9.08396036529599,-2.85597909140422,16.5185000783158));
#8415=CARTESIAN_POINT('',(8.63467435315826,-4.01464211402679,16.4808784402405));
#8416=CARTESIAN_POINT('',(8.03832426914718,-5.10492854336336,16.4432568021651));
#8417=CARTESIAN_POINT('',(7.30506703036578,-6.1082688358216,16.4056351640897));
#8418=CARTESIAN_POINT('',(6.44739132959567,-7.00757429727728,16.3680135260144));
#8419=CARTESIAN_POINT('',(5.47990493034282,-7.78752813434475,16.330391887939));
#8420=CARTESIAN_POINT('',(4.41908587028843,-8.4348463269833,16.2927702498636));
#8421=CARTESIAN_POINT('',(3.28300181059861,-8.93850387930848,16.2551486117882));
#8422=CARTESIAN_POINT('',(2.09100231108011,-9.28992259514923,16.2175269737129));
#8423=CARTESIAN_POINT('',(0.863389272291127,-9.48311718019445,16.1799053356375));
#8424=CARTESIAN_POINT('',(-0.378928842427956,-9.51479718234618,16.1422836975621));
#8425=CARTESIAN_POINT('',(-1.61479311578158,-9.38442303405121,16.1046620594868));
#8426=CARTESIAN_POINT('',(-2.82315455102839,-9.09421524210936,16.0670404214114));
#8427=CARTESIAN_POINT('',(-3.98343257434548,-8.64911656843922,16.029418783336));
#8428=CARTESIAN_POINT('',(-5.07586555910567,-8.05670784593133,15.9917971452606));
#8429=CARTESIAN_POINT('',(-6.08184740200772,-7.32707886319633,15.9541755071853));
#8430=CARTESIAN_POINT('',(-6.98424441856083,-6.47265651727391,15.9165538691099));
#8431=CARTESIAN_POINT('',(-7.76768716062221,-5.50799316117145,15.8789322310345));
#8432=CARTESIAN_POINT('',(-8.41883218580887,-4.44951875105557,15.8413105929592));
#8433=CARTESIAN_POINT('',(-8.92658932037862,-3.31526101447669,15.8036889548838));
#8434=CARTESIAN_POINT('',(-9.2823105448835,-2.12453840566629,15.7660673168084));
#8435=CARTESIAN_POINT('',(-9.47993728553282,-0.897631077431658,15.728445678733));
#8436=CARTESIAN_POINT('',(-9.51610360262784,0.344564526409901,15.6908240406577));
#8437=CARTESIAN_POINT('',(-9.39019351858338,1.58089157514394,15.6532024025823));
#8438=CARTESIAN_POINT('',(-9.10435150913673,2.79029319013006,15.6155807645069));
#8439=CARTESIAN_POINT('',(-8.66344597905944,3.95217108140898,15.5779591264316));
#8440=CARTESIAN_POINT('',(-8.07498634444671,5.04673637371774,15.5403374883562));
#8441=CARTESIAN_POINT('',(-7.34899513382247,6.05534664671315,15.5027158502808));
#8442=CARTESIAN_POINT('',(-6.49783728640873,6.96082344900105,15.4650942122054));
#8443=CARTESIAN_POINT('',(-5.53600955491764,7.747744878135,15.4274725741301));
#8444=CARTESIAN_POINT('',(-4.47989359971627,8.40270824341936,15.3898509360547));
#8445=CARTESIAN_POINT('',(-3.34747697961576,8.91455833789589,15.3522292979793));
#8446=CARTESIAN_POINT('',(-2.15804679131454,9.27457743163016,15.314607659904));
#8447=CARTESIAN_POINT('',(-0.931861175368525,9.47663375036976,15.2769860218286));
#8448=CARTESIAN_POINT('',(0.31019571646646,9.5172859107149,15.2393643837532));
#8449=CARTESIAN_POINT('',(1.54696941599153,9.39584153308225,15.2017427456779));
#8450=CARTESIAN_POINT('',(2.75739543729802,9.11436903417755,15.1641211076025));
#8451=CARTESIAN_POINT('',(3.92085804294012,8.67766239812994,15.1264994695271));
#8452=CARTESIAN_POINT('',(5.01754136711212,8.09315952629906,15.0888778314517));
#8453=CARTESIAN_POINT('',(6.02876691556956,7.37081555640489,15.0512561933764));
#8454=CARTESIAN_POINT('',(6.93731169406204,6.52293330858415,15.013634555301));
#8455=CARTESIAN_POINT('',(7.72770154697702,5.56395374618225,14.9760129172256));
#8456=CARTESIAN_POINT('',(8.38647471010859,4.51021002011165,14.9383912791503));
#8457=CARTESIAN_POINT('',(8.90241108877239,3.37964928584445,14.9007696410749));
#8458=CARTESIAN_POINT('',(9.26672335624705,2.19152703099734,14.8631480029995));
#8459=CARTESIAN_POINT('',(9.47320661779109,0.966079119661385,14.8255263649241));
#8460=CARTESIAN_POINT('',(9.51834409118732,-0.275822860847107,14.7879047268488));
#8461=CARTESIAN_POINT('',(9.40136700388451,-1.51302708074844,14.7502830887734));
#8462=CARTESIAN_POINT('',(9.1242676865799,-2.72446172159574,14.712661450698));
#8463=CARTESIAN_POINT('',(8.69176564023548,-3.88949386733396,14.6750398126226));
#8464=CARTESIAN_POINT('',(8.11122715446768,-4.9882809200598,14.6374181745473));
#8465=CARTESIAN_POINT('',(7.39253984635438,-6.00210855523867,14.5997965364719));
#8466=CARTESIAN_POINT('',(6.54794425648948,-6.91370946039194,14.5621748983965));
#8467=CARTESIAN_POINT('',(5.59182537050781,-7.70755742856008,14.5245532603212));
#8468=CARTESIAN_POINT('',(4.54046761684484,-8.37013179759972,14.4869316222458));
#8469=CARTESIAN_POINT('',(3.41177751356083,-8.89014773143659,14.4493099841704));
#8470=CARTESIAN_POINT('',(2.22497868805423,-9.25874842116962,14.411688346095));
#8471=CARTESIAN_POINT('',(1.0002844640284,-9.46965593249459,14.3740667080197));
#8472=CARTESIAN_POINT('',(-0.241446407854081,-9.51927813024396,14.3364450699443));
#8473=CARTESIAN_POINT('',(-1.47906501210192,-9.40676985892514,14.2988234318689));
#8474=CARTESIAN_POINT('',(-2.69149247255571,-9.13404733724226,14.2612017937936));
#8475=CARTESIAN_POINT('',(-3.85807896365254,-8.70575552143685,14.2235801557182));
#8476=CARTESIAN_POINT('',(-4.9589554141853,-8.12918899330855,14.1859585176428));
#8477=CARTESIAN_POINT('',(-5.9753719134077,-7.4141677203355,14.1483368795674));
#8478=CARTESIAN_POINT('',(-6.89001705581894,-6.5728698039236,14.1107152414921));
#8479=CARTESIAN_POINT('',(-7.68731278561048,-5.61962406438332,14.0730936034167));
#8480=CARTESIAN_POINT('',(-8.35367971904245,-4.57066599528618,14.0354719653413));
#8481=CARTESIAN_POINT('',(-8.87776842583129,-3.44386124373785,13.997850327266));
#8482=CARTESIAN_POINT('',(-9.25065273040966,-2.25840132619756,13.9602286891906));
#8483=CARTESIAN_POINT('',(-9.46598174078949,-1.03447676235208,13.9226070511152));
#8484=CARTESIAN_POINT('',(-9.52008801570275,0.207066805836536,13.8849854130399));
#8485=CARTESIAN_POINT('',(-9.4120500277383,1.44508365299658,13.8473637749645));
#8486=CARTESIAN_POINT('',(-9.14370785861517,2.65848812017388,13.8097421368891));
#8487=CARTESIAN_POINT('',(-8.71963185927337,3.82661374161952,13.7721204988137));
#8488=CARTESIAN_POINT('',(-8.14704480855738,4.92956523196162,13.7344988607384));
#8489=CARTESIAN_POINT('',(-7.43569889627032,5.94855733878483,13.696877222663));
#8490=CARTESIAN_POINT('',(-6.59770962579921,6.86623478934729,13.6592555845876));
#8491=CARTESIAN_POINT('',(-5.64734946524895,7.66696788216561,13.6216339465122));
#8492=CARTESIAN_POINT('',(-4.60080476157836,8.33711868901027,13.5840123084369));
#8493=CARTESIAN_POINT('',(-3.4759000579288,8.8652733334115,13.5463906703615));
#8494=CARTESIAN_POINT('',(-2.29179450951815,9.24243638955384,13.5087690322861));
#8495=CARTESIAN_POINT('',(-1.06865556868507,9.46218409059584,13.4711473942108));
#8496=CARTESIAN_POINT('',(0.172684503184702,9.52077373700092,13.4335257561354));
#8497=CARTESIAN_POINT('',(1.41108344662865,9.41720744145828,13.39590411806));
#8498=CARTESIAN_POINT('',(2.62544909490399,9.1532491247029,13.3582824799847));
#8499=CARTESIAN_POINT('',(3.79509861161478,8.73339447276522,13.3206608419093));
#8500=CARTESIAN_POINT('',(4.90011075670533,8.16479436733267,13.2830392038339));
#8501=CARTESIAN_POINT('',(5.92166518109469,7.45713309334206,13.2454175657585));
#8502=CARTESIAN_POINT('',(6.84236297115322,6.62246339814708,13.2077959276832));
#8503=CARTESIAN_POINT('',(7.64652298357046,5.67500121150077,13.1701742896078));
#8504=CARTESIAN_POINT('',(8.32044892349767,4.63088352264155,13.1325526515324));
#8505=CARTESIAN_POINT('',(8.8526626171424,3.50789353827278,13.0949310134571));
#8506=CARTESIAN_POINT('',(9.23409950576243,2.32515780249096,13.0573093753817));
#8507=CARTESIAN_POINT('',(9.45826303144383,1.10282043725598,13.0196877373063));
#8508=CARTESIAN_POINT('',(9.52133528519504,-0.138299948324027,12.9820660992309));
#8509=CARTESIAN_POINT('',(9.42224203282036,-1.37706483644014,12.9444444611556));
#8510=CARTESIAN_POINT('',(9.16267101106506,-2.59237582765203,12.9068228230802));
#8511=CARTESIAN_POINT('',(8.7470431824158,-3.76353398466918,12.8692011850048));
#8512=CARTESIAN_POINT('',(8.18243743813876,-4.8705923725715,12.8315795469295));
#8513=CARTESIAN_POINT('',(7.47847003199877,-5.89469579107377,12.7939579088541));
#8514=CARTESIAN_POINT('',(6.64713079812027,-6.81840191258095,12.7563362707787));
#8515=CARTESIAN_POINT('',(5.70257894249551,-7.62597835647423,12.7187146327033));
#8516=CARTESIAN_POINT('',(4.6609018861785,-8.30367063991728,12.681092994628));
#8517=CARTESIAN_POINT('',(3.53984126750019,-8.83993644149715,12.6434713565526));
#8518=CARTESIAN_POINT('',(2.35849076998081,-9.22564218776784,12.6058497184772));
#8519=CARTESIAN_POINT('',(1.13697092247521,-9.45421861447324,12.5682280804019));
#8520=CARTESIAN_POINT('',(-0.103913589709335,-9.52177265296122,12.5306064423265));
#8521=CARTESIAN_POINT('',(-1.3430282661131,-9.42715373616171,12.4929848042511));
#8522=CARTESIAN_POINT('',(-2.55926874977057,-9.17197339481828,12.4553631661757));
#8523=CARTESIAN_POINT('',(-3.73192027245908,-8.76057781021409,12.4177415281004));
#8524=CARTESIAN_POINT('',(-4.84101046454874,-8.19997379086885,12.380119890025));
#8525=CARTESIAN_POINT('',(-5.86764952046583,-7.499709433957,12.3424982519496));
#8526=CARTESIAN_POINT('',(-6.79435192613858,-6.67171150399832,12.3048766138743));
#8527=CARTESIAN_POINT('',(-7.60533426882678,-5.73008229855519,12.2672549757989));
#8528=CARTESIAN_POINT('',(-8.28678405709706,-4.69085946067974,12.2296333377235));
#8529=CARTESIAN_POINT('',(-8.82709497245476,-3.57174282893806,12.1920116996481));
#8530=CARTESIAN_POINT('',(-9.21706454587324,-2.39179297724803,12.1543900615728));
#8531=CARTESIAN_POINT('',(-9.45005089243271,-1.17110657894076,12.1167684234974));
#8532=CARTESIAN_POINT('',(-9.52208583459518,0.0695258758189748,12.079146785422));
#8533=CARTESIAN_POINT('',(-9.43194248742229,1.30897417956382,12.0415251473467));
#8534=CARTESIAN_POINT('',(-9.18115615463777,2.52612829305315,12.0039035092713));
#8535=CARTESIAN_POINT('',(-8.77399817963697,3.70025788730106,11.9662818711959));
#8536=CARTESIAN_POINT('',(-8.21740319680799,4.81136541845414,11.9286602331205));
#8537=CARTESIAN_POINT('',(-7.5208510222054,5.84052672201733,11.8910385950452));
#8538=CARTESIAN_POINT('',(-6.69620519519152,6.77021332549401,11.8534169569698));
#8539=CARTESIAN_POINT('',(-5.75751092097197,7.58459098987513,11.8157953188944));
#8540=CARTESIAN_POINT('',(-4.72075585542869,8.26978939527738,11.7781736808191));
#8541=CARTESIAN_POINT('',(-3.60359780651577,8.8141383774979,11.7405520427437));
#8542=CARTESIAN_POINT('',(-2.42506398995434,9.20836669195104,11.7029304046683));
#8543=CARTESIAN_POINT('',(-1.20522696144425,9.44575991967901,11.665308766593));
#8544=CARTESIAN_POINT('',(0.035137255148701,9.52227482601228,11.6276871285176));
#8545=CARTESIAN_POINT('',(1.27490302093676,9.43660822414562,11.5900654904422));
#8546=CARTESIAN_POINT('',(2.49295488972834,9.19021917075899,11.5524438523668));
#8547=CARTESIAN_POINT('',(3.66854724214616,8.78730411565164,11.5148222142915));
#8548=CARTESIAN_POINT('',(4.78165762092796,8.23472542863623,11.4772005762161));
#8549=CARTESIAN_POINT('',(5.81332774947256,7.54189452100855,11.4395789381407));
#8550=CARTESIAN_POINT('',(6.74598642547072,6.72061155224517,11.4019573000654));
#8551=CARTESIAN_POINT('',(7.56374879015992,5.78486445201277,11.36433566199));
#8552=CARTESIAN_POINT('',(8.25268687610823,4.75059068050674,11.3267140239146));
#8553=CARTESIAN_POINT('',(8.80106682561076,3.63540578477015,11.2890923858393));
#8554=CARTESIAN_POINT('',(9.19954873944153,2.45830337416808,11.2514707477639));
#8555=CARTESIAN_POINT('',(9.44134575217645,1.23933162497621,11.2138491096885));
#8556=CARTESIAN_POINT('',(9.52233962474763,-0.000748176206500306,11.1762274716131));
#8557=CARTESIAN_POINT('',(9.4411508854796,-1.24081523459951,11.1386058335378));
#8558=CARTESIAN_POINT('',(9.19916232497901,-2.45974897245497,11.1009841954624));
#8559=CARTESIAN_POINT('',(8.80049544471754,-3.63678875057549,11.063362557387));
#8560=CARTESIAN_POINT('',(8.25194026043107,-4.7518874594295,11.0257409193117));
#8561=CARTESIAN_POINT('',(7.56283965590989,-5.78605295756989,10.9881192812363));
#8562=CARTESIAN_POINT('',(6.74493025684321,-6.72167154204425,10.9504976431609));
#8563=CARTESIAN_POINT('',(5.81214253492348,-7.54280794151222,10.9128760050855));
#8564=CARTESIAN_POINT('',(4.78036354679792,-8.23547672264649,10.8752543670102));
#8565=CARTESIAN_POINT('',(3.66716634885072,-8.78788048727698,10.8376327289348));
#8566=CARTESIAN_POINT('',(2.49151069636995,-9.19061080335146,10.8000110908594));
#8567=CARTESIAN_POINT('',(1.27342012473209,-9.43680844749611,10.7623894527841));
#8568=CARTESIAN_POINT('',(0.033640912493664,-9.52228022995612,10.7247678147087));
#8569=CARTESIAN_POINT('',(-1.20671126513645,-9.4455704121773,10.6871461766333));
#8570=CARTESIAN_POINT('',(-2.42651097431574,-9.20798550065821,10.649524538558));
#8571=CARTESIAN_POINT('',(-3.60498282679391,-8.81357199478892,10.6119029004826));
#8572=CARTESIAN_POINT('',(-4.72205532223114,-8.26904746767094,10.5742812624072));
#8573=CARTESIAN_POINT('',(-5.75870270203625,-7.58368615373599,10.5366596243318));
#8574=CARTESIAN_POINT('',(-6.69726899233742,-6.76916099181296,10.4990379862565));
#8575=CARTESIAN_POINT('',(-7.52176871704958,-5.83934481393424,10.4614163481811));
#8576=CARTESIAN_POINT('',(-8.21815915935272,-4.81007406599458,10.4237947101057));
#8577=CARTESIAN_POINT('',(-8.77457953447716,-3.69887908452562,10.3861730720304));
#8578=CARTESIAN_POINT('',(-9.18155300025236,-2.52468552345898,10.348551433955));
#8579=CARTESIAN_POINT('',(-9.432148064815,-1.30749201611832,10.3109297958796));
#8580=CARTESIAN_POINT('',(-9.52209664241238,-0.0680295624378361,10.2733081578043));
#8581=CARTESIAN_POINT('',(-9.44986674659779,1.17259155734291,10.2356865197289));
#8582=CARTESIAN_POINT('',(-9.21668858272178,2.39324132881172,10.1980648816535));
#8583=CARTESIAN_POINT('',(-8.82653359531707,3.57312988562488,10.1604432435781));
#8584=CARTESIAN_POINT('',(-8.28604682723792,4.69216159841357,10.1228216055028));
#8585=CARTESIAN_POINT('',(-7.60443374259987,5.73127733958278,10.0851999674274));
#8586=CARTESIAN_POINT('',(-6.79330344112912,6.67277909461641,10.047578329352));
#8587=CARTESIAN_POINT('',(-5.86647093426389,7.50063139117258,10.0099566912767));
#8588=CARTESIAN_POINT('',(-4.83972185060223,8.20073441208834,9.97233505320129));
#8589=CARTESIAN_POINT('',(-3.73054357818678,8.76116414068678,9.93471341512592));
#8590=CARTESIAN_POINT('',(-2.55782742275802,9.17237544827912,9.89709177705055));
#8591=CARTESIAN_POINT('',(-1.34154685475792,9.42736466491541,9.85947013897518));
#8592=CARTESIAN_POINT('',(-0.102417325117783,9.52178886451082,9.82184850089981));
#8593=CARTESIAN_POINT('',(1.1384565562195,9.45403983270683,9.78422686282444));
#8594=CARTESIAN_POINT('',(2.35994046985669,9.22527145766124,9.74660522474907));
#8595=CARTESIAN_POINT('',(3.54123034250508,8.83938007725247,9.7089835866737));
#8596=CARTESIAN_POINT('',(4.66220667786068,8.30293811742071,9.67136194859833));
#8597=CARTESIAN_POINT('',(5.7037772279002,7.62508215190457,9.63374031052296));
#8598=CARTESIAN_POINT('',(6.64820216828662,6.81735728991782,9.59611867244759));
#8599=CARTESIAN_POINT('',(7.47939623956125,5.8935205421245,9.55849703437222));
#8600=CARTESIAN_POINT('',(8.18320270811272,4.86930651394458,9.52087539629685));
#8601=CARTESIAN_POINT('',(8.74763448087386,3.76215941685533,9.48325375822147));
#8602=CARTESIAN_POINT('',(9.16307826712843,2.59093596201937,9.44563212014611));
#8603=CARTESIAN_POINT('',(9.42245831018403,1.37558419649635,9.40801048207073));
#8604=CARTESIAN_POINT('',(9.52135690026559,0.136803752036843,9.37038884399537));
#8605=CARTESIAN_POINT('',(9.45808961607765,-1.10430670696627,9.33276720592));
#8606=CARTESIAN_POINT('',(9.23373401353586,-2.32660883177156,9.29514556784463));
#8607=CARTESIAN_POINT('',(8.85211127304703,-3.50928461347897,9.25752392976925));
#8608=CARTESIAN_POINT('',(8.31972111791748,-4.63219095125454,9.21990229169388));
#8609=CARTESIAN_POINT('',(7.64563111234666,-5.67620272565413,9.18228065361851));
#8610=CARTESIAN_POINT('',(6.84132222446073,-6.62353853388853,9.14465901554314));
#8611=CARTESIAN_POINT('',(5.92049328472609,-7.45806353917154,9.10703737746777));
#8612=CARTESIAN_POINT('',(4.8988276701686,-8.16556427608019,9.0694157393924));
#8613=CARTESIAN_POINT('',(3.79372618818696,-8.73399073149674,9.03179410131703));
#8614=CARTESIAN_POINT('',(2.62401070943042,-9.15366157805722,8.99417246324166));
#8615=CARTESIAN_POINT('',(1.40960359740726,-9.41742906461116,8.95655082516629));
#8616=CARTESIAN_POINT('',(0.171188394715777,-9.52080075531051,8.91892918709092));
#8617=CARTESIAN_POINT('',(-1.07014245497693,-9.46201604389162,8.88130754901555));
#8618=CARTESIAN_POINT('',(-2.29324684927867,-9.24207613997418,8.84368591094018));
#8619=CARTESIAN_POINT('',(-3.4772931151934,-8.86472701665624,8.80606427286481));
#8620=CARTESIAN_POINT('',(-4.60211481007026,-8.33639560983874,8.76844263478944));
#8621=CARTESIAN_POINT('',(-5.64855419248041,-7.66608035591974,8.73082099671407));
#8622=CARTESIAN_POINT('',(-6.59878851309347,-6.86519793219921,8.6931993586387));
#8623=CARTESIAN_POINT('',(-7.4366335682316,-5.94738881028115,8.65557772056333));
#8624=CARTESIAN_POINT('',(-8.14781934603706,-4.92828493424952,8.61795608248796));
#8625=CARTESIAN_POINT('',(-8.72023307050175,-3.82524348047732,8.58033444441259));
#8626=CARTESIAN_POINT('',(-9.14412550388109,-2.65705123361931,8.54271280633722));
#8627=CARTESIAN_POINT('',(-9.41227699378991,-1.44360461379827,8.50509116826185));
#8628=CARTESIAN_POINT('',(-9.520120436899,-0.205570804698615,8.46746953018648));
#8629=CARTESIAN_POINT('',(-9.46581906493897,1.03596424583306,8.42984789211111));
#8630=CARTESIAN_POINT('',(-9.25029772817539,2.2598549574961,8.39222625403574));
#8631=CARTESIAN_POINT('',(-8.87722714354139,3.44525626489215,8.35460461596037));
#8632=CARTESIAN_POINT('',(-8.35296137571019,4.57197864657089,8.316982977885));
#8633=CARTESIAN_POINT('',(-7.68642961591796,5.62083198898044,8.27936133980963));
#8634=CARTESIAN_POINT('',(-6.8889841017383,6.57395242869945,8.24173970173426));
#8635=CARTESIAN_POINT('',(-5.97420676800927,7.41510660623829,8.20411806365889));
#8636=CARTESIAN_POINT('',(-4.9576779219959,8.12996814941861,8.16649642558352));
#8637=CARTESIAN_POINT('',(-3.85671088266738,8.70636167732087,8.12887478750815));
#8638=CARTESIAN_POINT('',(-2.6900571036605,9.1344701689727,8.09125314943278));
#8639=CARTESIAN_POINT('',(-1.4775868022168,9.4070021649153,8.05363151135741));
#8640=CARTESIAN_POINT('',(-0.239950533558509,9.51931595390402,8.01600987328203));
#8641=CARTESIAN_POINT('',(1.00177252529824,9.46949862961942,7.97838823520667));
#8642=CARTESIAN_POINT('',(2.22643359193204,9.25839867091081,7.94076659713129));
#8643=CARTESIAN_POINT('',(3.41317448041051,8.88961149067163,7.90314495905593));
#8644=CARTESIAN_POINT('',(4.54178285380231,8.36941819947563,7.86552332098055));
#8645=CARTESIAN_POINT('',(5.59303647671643,7.70667862693949,7.82790168290518));
#8646=CARTESIAN_POINT('',(6.54903060462698,6.91268042285087,7.79028004482981));
#8647=CARTESIAN_POINT('',(7.39348293395341,6.00094680814172,7.75265840675444));
#8648=CARTESIAN_POINT('',(8.1120109190461,4.98700625005458,7.71503676867907));
#8649=CARTESIAN_POINT('',(8.69237673286946,3.88812798434878,7.6774151306037));
#8650=CARTESIAN_POINT('',(9.12469569926015,2.72302788908044,7.63979349252833));
#8651=CARTESIAN_POINT('',(9.40160464678342,1.51154971945583,7.60217185445296));
#8652=CARTESIAN_POINT('',(9.51838731681788,0.274327132903576,7.56455021637759));
#8653=CARTESIAN_POINT('',(9.47305468994287,-0.967567739312281,7.52692857830222));
#8654=CARTESIAN_POINT('',(9.26637886252525,-2.19298318847908,7.48930694022685));
#8655=CARTESIAN_POINT('',(8.90187989652619,-3.38104818016979,7.45168530215148));
#8656=CARTESIAN_POINT('',(8.38576586649964,-4.51152782558813,7.41406366407611));
#8657=CARTESIAN_POINT('',(7.72682712488999,-5.56516801820671,7.37644202600074));
#8658=CARTESIAN_POINT('',(6.93628658648159,-6.52402336591479,7.33882038792537));
#8659=CARTESIAN_POINT('',(6.02760858192597,-7.37176283340009,7.30119874985));
#8660=CARTESIAN_POINT('',(5.01626953591574,-8.09394788912371,7.26357711177463));
#8661=CARTESIAN_POINT('',(3.91949437576923,-8.67827841954382,7.22595547369926));
#8662=CARTESIAN_POINT('',(2.75596315986314,-9.11480222222532,7.18833383562389));
#8663=CARTESIAN_POINT('',(1.54549292255966,-9.39608450979047,7.15071219754852));
#8664=CARTESIAN_POINT('',(0.308700154382751,-9.51733453775219,7.11309055947315));
#8665=CARTESIAN_POINT('',(-0.933350333985411,-9.47648719952999,7.07546892139778));
#8666=CARTESIAN_POINT('',(-2.15950418340852,-9.27423819893837,7.03784728332241));
#8667=CARTESIAN_POINT('',(-3.34887778317191,-8.91403220109643,7.00022564524704));
#8668=CARTESIAN_POINT('',(-4.48121395652451,-8.40200416357053,6.96260400717167));
#8669=CARTESIAN_POINT('',(-5.53722697692101,-7.74687484698602,6.92498236909629));
#8670=CARTESIAN_POINT('',(-6.49893103871561,-6.95980228475101,6.88736073102093));
#8671=CARTESIAN_POINT('',(-7.34994658785913,-6.0541917416303,6.84973909294555));
#8672=CARTESIAN_POINT('',(-8.07577929523551,-5.04546739791785,6.81211745487019));
#8673=CARTESIAN_POINT('',(-8.66406692121883,-3.95080964783779,6.77449581679481));
#8674=CARTESIAN_POINT('',(-9.10478986690225,-2.78886248645585,6.73687417871945));
#8675=CARTESIAN_POINT('',(-9.39044182593195,-1.57941596882974,6.69925254064407));
#8676=CARTESIAN_POINT('',(-9.51615763043763,-0.343069149691633,6.6616309025687));
#8677=CARTESIAN_POINT('',(-9.47979611361286,0.899120755592429,6.62400926449333));
#8678=CARTESIAN_POINT('',(-9.2819765776461,2.12599701336471,6.58638762641796));
#8679=CARTESIAN_POINT('',(-8.92606824588795,3.31666370899391,6.54876598834259));
#8680=CARTESIAN_POINT('',(-8.418132878903,4.45084164197502,6.51114435026722));
#8681=CARTESIAN_POINT('',(-7.76682153175852,5.5092137172757,6.47352271219185));
#8682=CARTESIAN_POINT('',(-6.98322721095956,6.47375395029195,6.43590107411648));
#8683=CARTESIAN_POINT('',(-6.08069594054826,7.32803448186527,6.39827943604111));
#8684=CARTESIAN_POINT('',(-5.07459945525267,8.05750537434234,6.36065779796574));
#8685=CARTESIAN_POINT('',(-3.98207339213025,8.64974242324561,6.32303615989037));
#8686=CARTESIAN_POINT('',(-2.82172543977457,9.09465876387539,6.285414521815));
#8687=CARTESIAN_POINT('',(-1.61331841583038,9.3846766688016,6.24779288373963));
#8688=CARTESIAN_POINT('',(-0.377433670578332,9.51485661022384,6.21017124566426));
#8689=CARTESIAN_POINT('',(0.864879450566906,9.4829813890355,6.17254960758889));
#8690=CARTESIAN_POINT('',(2.09246211535933,9.28959389772193,6.13492796951352));
#8691=CARTESIAN_POINT('',(3.28440637778249,8.93798787392265,6.09730633143815));
#8692=CARTESIAN_POINT('',(4.42041127806551,8.43415180214097,6.05968469336278));
#8693=CARTESIAN_POINT('',(5.48112860462905,7.78666691905617,6.02206305528741));
#8694=CARTESIAN_POINT('',(6.44849242901177,7.00656105959154,5.98444141721204));
#8695=CARTESIAN_POINT('',(7.30602680120351,6.10712083300327,5.94681977913667));
#8696=CARTESIAN_POINT('',(8.03912636477878,5.1036653279702,5.9091981410613));
#8697=CARTESIAN_POINT('',(8.63530511244902,4.01328520089444,5.87157650298593));
#8698=CARTESIAN_POINT('',(9.08440904527799,2.85455159120971,5.83395486491056));
#8699=CARTESIAN_POINT('',(9.37878911359053,1.64719982139458,5.79633322683519));
#8700=CARTESIAN_POINT('',(9.51343149407914,0.411793268849312,5.75871158875982));
#8701=CARTESIAN_POINT('',(9.48604298425449,-0.830626865495352,5.72108995068445));
#8702=CARTESIAN_POINT('',(9.29709005981822,-2.05889992676569,5.68346831260908));
#8703=CARTESIAN_POINT('',(8.94979092974074,-3.2521062102485,5.64584667453371));
#8704=CARTESIAN_POINT('',(8.45006072436031,-4.38992326167894,5.60822503645834));
#8705=CARTESIAN_POINT('',(7.80641075004883,-5.45297200527645,5.57060339838297));
#8706=CARTESIAN_POINT('',(7.02980352631912,-6.42314680434426,5.53298176030759));
#8707=CARTESIAN_POINT('',(6.13346607435307,-7.28392383290534,5.49536012223223));
#8708=CARTESIAN_POINT('',(5.13266463698364,-8.02064250624999,5.45773848415686));
#8709=CARTESIAN_POINT('',(4.04444466705553,-8.6207551771253,5.42011684608148));
#8710=CARTESIAN_POINT('',(2.88734051263168,-9.07404084479029,5.38249520800612));
#8711=CARTESIAN_POINT('',(1.68105974362975,-9.37277923708619,5.34487356993075));
#8712=CARTESIAN_POINT('',(0.446147496375243,-9.51188230059039,5.30725193185537));
#8713=CARTESIAN_POINT('',(-0.796363447111397,-9.4889808593395,5.26963029378));
#8714=CARTESIAN_POINT('',(-2.02531088531304,-9.30446496616754,5.23200865570463));
#8715=CARTESIAN_POINT('',(-3.21976362766149,-8.96147725940286,5.19438701762926));
#8716=CARTESIAN_POINT('',(-4.35937799045016,-8.46585943807155,5.15676537955389));
#8717=CARTESIAN_POINT('',(-5.42474428644566,-7.82605276723085,5.11914374147852));
#8718=CARTESIAN_POINT('',(-6.3977174068555,-7.0529543080063,5.08152210340316));
#8719=CARTESIAN_POINT('',(-7.26172586524505,-6.15973132099425,5.04390046532778));
#8720=CARTESIAN_POINT('',(-8.00205403982862,-5.16159700407433,5.00627882725241));
#8721=CARTESIAN_POINT('',(-8.60609280703953,-4.07555138422139,4.96865718917704));
#8722=CARTESIAN_POINT('',(-9.06355429763779,-2.92009177639642,4.93103555110167));
#8723=CARTESIAN_POINT('',(-9.36664711767141,-1.7148977409235,4.8934139130263));
#8724=CARTESIAN_POINT('',(-9.51020904996266,-0.480495905096839,4.85579227495093));
#8725=CARTESIAN_POINT('',(-9.49179497597377,0.762089642289963,4.81817063687556));
#8726=CARTESIAN_POINT('',(-9.31171852058389,1.99169542908085,4.78054899880019));
#8727=CARTESIAN_POINT('',(-8.973046710492,3.18737905184421,4.74292736072482));
#8728=CARTESIAN_POINT('',(-8.48154773722261,4.3287758627608,4.70530572264945));
#8729=CARTESIAN_POINT('',(-7.84559271442452,5.396445816292,4.66768408457408));
#8730=CARTESIAN_POINT('',(-7.07601310271288,6.37220456820417,4.63006244649871));
#8731=CARTESIAN_POINT('',(-6.1859162303667,7.23943318773593,4.59244080842334));
#8732=CARTESIAN_POINT('',(-5.1904620518967,7.98336120795163,4.55481917034797));
#8733=CARTESIAN_POINT('',(-4.10660494668786,8.59131819342325,4.5171975322726));
#8734=CARTESIAN_POINT('',(-2.95280495535104,9.05294954058957,4.47957589419723));
#8735=CARTESIAN_POINT('',(-1.74871337194939,9.36039283532331,4.44195425612186));
#8736=CARTESIAN_POINT('',(-0.514838047030708,9.50841176401906,4.40433261804648));
#8737=CARTESIAN_POINT('',(0.727805898041435,9.49448529745466,4.36671097997112));
#8738=CARTESIAN_POINT('',(1.95805399649311,9.318850628464,4.32908934189575));
#8739=CARTESIAN_POINT('',(3.15495290516709,8.98449913211551,4.29146770382038));
#8740=CARTESIAN_POINT('',(4.298117277734,8.49712541720146,4.25384606574501));
#8741=CARTESIAN_POINT('',(5.36807696389354,7.86503033678332,4.21622442766963));
#8742=CARTESIAN_POINT('',(6.34660862113722,7.09897960969838,4.17860278959427));
#8743=CARTESIAN_POINT('',(7.21704609112651,6.2120204609581,4.14098115151889));
#8744=CARTESIAN_POINT('',(7.96456425441717,5.21925940398317,4.10335951344353));
#8745=CARTESIAN_POINT('',(8.57643152897188,4.13760494944401,4.06573787536815));
#8746=CARTESIAN_POINT('',(9.04222671195638,2.98547962283936,4.02811623729278));
#8747=CARTESIAN_POINT('',(9.35401647161234,1.7825061956727,3.99049459921742));
#8748=CARTESIAN_POINT('',(9.5064904662004,0.549173474275188,3.95287296114204));
#8749=CARTESIAN_POINT('',(9.49705178869409,-0.693512661505831,3.91525132306668));
#8750=CARTESIAN_POINT('',(9.32586119678855,-1.9243870263126,3.8776296849913));
#8751=CARTESIAN_POINT('',(8.99583437490709,-3.12248561054273,3.84000804691594));
#8752=CARTESIAN_POINT('',(8.51259227483879,-4.26740263522924,3.80238640884056));
#8753=CARTESIAN_POINT('',(7.88436538079532,-5.33963809924632,3.76476477076519));
#8754=CARTESIAN_POINT('',(7.12185352942594,-6.3209298994855,3.72714313268982));
#8755=CARTESIAN_POINT('',(6.2380436723084,-7.19456486739676,3.68952149461445));
#8756=CARTESIAN_POINT('',(5.24798868474909,-7.94566342438138,3.65189985653908));
#8757=CARTESIAN_POINT('',(4.16855098817748,-8.56143300784226,3.61427821846371));
#8758=CARTESIAN_POINT('',(3.01811535270748,-9.03138595158893,3.57665658038834));
#8759=CARTESIAN_POINT('',(1.81627577135615,-9.34751810970116,3.53903494231297));
#8760=CARTESIAN_POINT('',(0.583501739016195,-9.50444518156487,3.5014133042376));
#8761=CARTESIAN_POINT('',(-0.659210379946969,-9.49949441621904,3.46379166616223));
#8762=CARTESIAN_POINT('',(-1.89069495763514,-9.33275013412336,3.42617002808686));
#8763=CARTESIAN_POINT('',(-3.08997759142042,-9.00705229102874,3.38854839001149));
#8764=CARTESIAN_POINT('',(-4.23663233583712,-8.52794810841071,3.35092675193612));
#8765=CARTESIAN_POINT('',(-5.31112959325947,-7.90359759428641,3.31330511386075));
#8766=CARTESIAN_POINT('',(-6.29516873815949,-7.14463456356629,3.27568347578538));
#8767=CARTESIAN_POINT('',(-7.17198980975429,-6.26398552501418,3.23806183771));
#8768=CARTESIAN_POINT('',(-7.92665896435517,-5.2766495194976,3.20044019963464));
#8769=CARTESIAN_POINT('',(-8.54632282565012,-4.19944265927972,3.16281856155927));
#8770=CARTESIAN_POINT('',(-9.02042740087604,-3.05071171930932,3.1251969234839));
#8771=CARTESIAN_POINT('',(-9.34089783434357,-1.85002165856569,3.08757528540853));
#8772=CARTESIAN_POINT('',(-9.50227593678776,-0.61782239353306,3.04995364733315));
#8773=CARTESIAN_POINT('',(-9.50181314817194,0.62489950074664,3.01233200925779));
#8774=CARTESIAN_POINT('',(-9.33951735062062,1.85697822988395,2.97471037118241));
#8775=CARTESIAN_POINT('',(-9.01815273417266,3.05742927178057,2.93708873310705));
#8776=CARTESIAN_POINT('',(-8.54319271764131,4.20580678087415,2.89946709503167));
#8777=CARTESIAN_POINT('',(-7.92272672642367,5.28255181775045,2.8618454569563));
#8778=CARTESIAN_POINT('',(-7.16732241500159,6.26932547314481,2.82422381888094));
#8779=CARTESIAN_POINT('',(-6.28984568073316,7.14932121263054,2.78660218080556));
#8780=CARTESIAN_POINT('',(-5.30524153442455,7.90755112220106,2.7489805427302));
#8781=CARTESIAN_POINT('',(-4.23027955985124,8.53110117946748,2.71135890465482));
#8782=CARTESIAN_POINT('',(-3.08326829751218,9.00935120274278,2.67373726657945));
#8783=CARTESIAN_POINT('',(-1.88374341717613,9.33415573188342,2.63611562850408));
#8784=CARTESIAN_POINT('',(-0.652134990204301,9.49998276016108,2.59849399042871));
#8785=CARTESIAN_POINT('',(0.59058047139883,9.50400795431111,2.56087235235334));
#8786=CARTESIAN_POINT('',(1.82323728280388,9.34616275802002,2.52325071427797));
#8787=CARTESIAN_POINT('',(3.02484107612928,9.02913555956314,2.4856290762026));
#8788=CARTESIAN_POINT('',(4.17492637237754,8.5583259037053,2.44800743812723));
#8789=CARTESIAN_POINT('',(5.25390514544017,7.94175252771854,2.41038580005186));
#8790=CARTESIAN_POINT('',(6.243400441498,7.18991678782927,2.37276416197649));
#8791=CARTESIAN_POINT('',(7.12655937167694,6.31562380218852,2.33514252390112));
#8792=CARTESIAN_POINT('',(7.88834014712991,5.33376435662328,2.29752088582575));
#8793=CARTESIAN_POINT('',(8.51576826782012,4.26106128770691,2.25989924775038));
#8794=CARTESIAN_POINT('',(8.99815750164861,3.11578466270237,2.22227760967501));
#8795=CARTESIAN_POINT('',(9.32729189025343,1.91744060737721,2.18465597159963));
#8796=CARTESIAN_POINT('',(9.49756568159321,0.686439081513732,2.14703433352427));
#8797=CARTESIAN_POINT('',(9.50607880601117,-0.556253739503623,2.10941269544889));
#8798=CARTESIAN_POINT('',(9.35268626964998,-1.78947255645547,2.07179105737353));
#8799=CARTESIAN_POINT('',(9.04000062395856,-2.99221342949253,2.03416941929815));
#8800=CARTESIAN_POINT('',(8.57334746923066,-4.14399151309976,1.99654778122279));
#8801=CARTESIAN_POINT('',(7.96067475003026,-5.22518994994797,1.95892614314742));
#8802=CARTESIAN_POINT('',(7.21241738736608,-6.21739398134186,1.92130450507204));
#8803=CARTESIAN_POINT('',(6.34131955317351,-7.10370458376092,1.88368286699668));
#8804=CARTESIAN_POINT('',(5.36221761408975,-7.86902628969761,1.8460612289213));
#8805=CARTESIAN_POINT('',(4.29178744138123,-8.50032429068497,1.80843959084594));
#8806=CARTESIAN_POINT('',(3.14826039079062,-8.9868464435855,1.77081795277056));
#8807=CARTESIAN_POINT('',(1.95111278967886,-9.32030639897413,1.73319631469519));
#8808=CARTESIAN_POINT('',(0.720734220055894,-9.49502473260849,1.69557467661983));
#8809=CARTESIAN_POINT('',(-0.521919752761768,-9.50802567626339,1.65795303854445));
#8810=CARTESIAN_POINT('',(-1.75568449120959,-9.35908780042862,1.62033140046909));
#8811=CARTESIAN_POINT('',(-2.95954675741108,-9.05074778565325,1.58270976239371));
#8812=CARTESIAN_POINT('',(-4.11300260650342,-8.58825721830054,1.54508812431835));
#8813=CARTESIAN_POINT('',(-5.19640660578774,-7.97949314657095,1.50746648624297));
#8814=CARTESIAN_POINT('',(-6.19130643185882,-7.23482392014381,1.4698448481676));
#8815=CARTESIAN_POINT('',(-7.08075714697175,-6.36693259858485,1.43222321009223));
#8816=CARTESIAN_POINT('',(-7.8496098017666,-5.39060093561764,1.39460157201686));
#8817=CARTESIAN_POINT('',(-8.48476944961943,-4.32245762054176,1.35697993394149));
#8818=CARTESIAN_POINT('',(-8.97541817558382,-3.18069505669371,1.31935829586612));
#8819=CARTESIAN_POINT('',(-9.31319935098965,-1.98475953060466,1.28173665779075));
#8820=CARTESIAN_POINT('',(-9.49235993949091,-0.755019937316527,1.24411501971538));
#8821=CARTESIAN_POINT('',(-9.50984856526263,0.487578879753413,1.20649338164001));
#8822=CARTESIAN_POINT('',(-9.36536717137431,1.72187382337844,1.16887174356458));
#8823=CARTESIAN_POINT('',(-9.1627072310269,2.5251848628693,1.14379065151427));
#8824=CARTESIAN_POINT('',(-9.03565497353791,2.91853325471175,1.13125010548908));
#8825=CARTESIAN_POINT('',(7.85801079613186,-6.92656417914936,19.));
#8826=CARTESIAN_POINT('',(7.17048091039527,6.22455626316732,19.97969078125));
#8827=CARTESIAN_POINT('',(7.41886199162293,5.97674952100749,19.9545705048077));
#8828=CARTESIAN_POINT('',(7.89002224116334,5.45154182894712,19.9043299519231));
#8829=CARTESIAN_POINT('',(8.50987386406575,4.58343841534377,19.8289691225962));
#8830=CARTESIAN_POINT('',(9.03369473047899,3.6446844548037,19.7536082932692));
#8831=CARTESIAN_POINT('',(9.45342037886525,2.6459626501751,19.6782474639423));
#8832=CARTESIAN_POINT('',(9.76218121659683,1.59887701959009,19.6028866346154));
#8833=CARTESIAN_POINT('',(9.95440811892165,0.515818193833867,19.5275258052885));
#8834=CARTESIAN_POINT('',(10.0259222962897,-0.590182994846268,19.4521649759615));
#8835=CARTESIAN_POINT('',(9.97400872068909,-1.70561227662064,19.3768041466346));
#8836=CARTESIAN_POINT('',(9.7974717710894,-2.81663706196206,19.3014433173077));
#8837=CARTESIAN_POINT('',(9.49667216751724,-3.90927797675248,19.2260824879808));
#8838=CARTESIAN_POINT('',(9.07354454468969,-4.96958447860854,19.1507216586538));
#8839=CARTESIAN_POINT('',(8.5315948595039,-5.98381310660004,19.0753608293269));
#8840=CARTESIAN_POINT('',(8.09445070186617,-6.62033988485868,19.0251202764423));
#8841=CARTESIAN_POINT('',(7.85801079611365,-6.92656417917002,19.));
#8842=CARTESIAN_POINT('',(10.4542724984185,0.658643703993803,19.));
#8843=AXIS2_PLACEMENT_3D('',#8844,#8845,#8846);
#8844=CARTESIAN_POINT('',(0.,0.,19.));
#8845=DIRECTION('',(0.,0.,-1.));
#8846=DIRECTION('',(0.998021240899141,0.062877680572201,0.));
#8847=CARTESIAN_POINT('',(10.4542724984185,0.658643703994071,19.));
#8848=CARTESIAN_POINT('',(10.4200985698416,1.08302969444208,19.007421899858));
#8849=CARTESIAN_POINT('',(10.3000039245112,1.92672188803377,19.0222656995739));
#8850=CARTESIAN_POINT('',(9.96795127878071,3.1583218871157,19.0445313991477));
#8851=CARTESIAN_POINT('',(9.4895593206922,4.33785906168604,19.0667970987216));
#8852=CARTESIAN_POINT('',(8.87254720114969,5.44806093072185,19.0890627982955));
#8853=CARTESIAN_POINT('',(8.12665854288902,6.472757011354,19.1113284978693));
#8854=CARTESIAN_POINT('',(7.26350800644875,7.39711504684055,19.1335941974432));
#8855=CARTESIAN_POINT('',(6.29640085671724,8.2078553488413,19.155859897017));
#8856=CARTESIAN_POINT('',(5.24012813659904,8.89344142291177,19.1781255965909));
#8857=CARTESIAN_POINT('',(4.11074064813498,9.44424380533753,19.2003912961648));
#8858=CARTESIAN_POINT('',(2.9253051783101,9.85267488010187,19.2226569957386));
#8859=CARTESIAN_POINT('',(1.70164667370413,10.1132927710433,19.2449226953125));
#8860=CARTESIAN_POINT('',(0.458080256762264,10.2228729032827,19.2671883948864));
#8861=CARTESIAN_POINT('',(-0.786862887765191,10.1804463067712,19.2894540944602));
#8862=CARTESIAN_POINT('',(-2.0147116540286,9.98730423581703,19.3117197940341));
#8863=CARTESIAN_POINT('',(-3.20732906906974,9.64696918085472,19.333985493608));
#8864=CARTESIAN_POINT('',(-4.34718019349156,9.16513284860345,19.3562511931818));
#8865=CARTESIAN_POINT('',(-5.41758991175388,8.549562175716,19.3785168927557));
#8866=CARTESIAN_POINT('',(-6.40298682254868,7.8099749120811,19.4007825923295));
#8867=CARTESIAN_POINT('',(-7.28912966291566,6.9578867560869,19.4230482919034));
#8868=CARTESIAN_POINT('',(-8.06331297510252,6.00643243886829,19.4453139914773));
#8869=CARTESIAN_POINT('',(-8.71454904833073,4.97016353179294,19.4675796910511));
#8870=CARTESIAN_POINT('',(-9.23372353357465,3.86482608573506,19.489845390625));
#8871=CARTESIAN_POINT('',(-9.61372253256411,2.70712149724402,19.5121110901989));
#8872=CARTESIAN_POINT('',(-9.84952939631133,1.51445423147579,19.5343767897727));
#8873=CARTESIAN_POINT('',(-9.93828992694018,0.304670211443323,19.5566424893466));
#8874=CARTESIAN_POINT('',(-9.87934515252325,-0.90421019468022,19.5789081889205));
#8875=CARTESIAN_POINT('',(-9.67423133084156,-2.09426059337416,19.6011738884943));
#8876=CARTESIAN_POINT('',(-9.32664732718446,-3.24791439453513,19.6234395880682));
#8877=CARTESIAN_POINT('',(-8.84238999620065,-4.3482241072496,19.645705287642));
#8878=CARTESIAN_POINT('',(-8.22925867118803,-5.3791102753043,19.6679709872159));
#8879=CARTESIAN_POINT('',(-7.49693031906785,-6.32559639632826,19.6902366867898));
#8880=CARTESIAN_POINT('',(-6.65680734893008,-7.17402639331549,19.7125023863636));
#8881=CARTESIAN_POINT('',(-5.72184046016851,-7.91226148223378,19.7347680859375));
#8882=CARTESIAN_POINT('',(-4.70632927706242,-8.52985360017633,19.7570337855114));
#8883=CARTESIAN_POINT('',(-3.62570383495179,-9.0181929200308,19.7792994850852));
#8884=CARTESIAN_POINT('',(-2.49629025450035,-9.37062737452744,19.8015651846591));
#8885=CARTESIAN_POINT('',(-1.33506416050817,-9.58255253807574,19.823830884233));
#8886=CARTESIAN_POINT('',(-0.159395569523283,-9.65147066491026,19.8460965838068));
#8887=CARTESIAN_POINT('',(1.01321092456308,-9.57701814107358,19.8683622833807));
#8888=CARTESIAN_POINT('',(2.16537676557592,-9.36096110180752,19.8906279829546));
#8889=CARTESIAN_POINT('',(3.28010702803123,-9.00715936425221,19.9128936825284));
#8890=CARTESIAN_POINT('',(4.34104095578559,-8.52149958235713,19.9351593821023));
#8891=CARTESIAN_POINT('',(5.33269255209652,-7.91179791733078,19.9574250816761));
#8892=CARTESIAN_POINT('',(5.93801398510093,-7.42905060821434,19.972268881392));
#8893=CARTESIAN_POINT('',(6.2245510116204,-7.17048546915857,19.97969078125));
#8894=CARTESIAN_POINT('',(-1.28587913910472E-15,4.,-10.));
#8895=AXIS2_PLACEMENT_3D('',#8896,#8897,#8898);
#8896=CARTESIAN_POINT('',(0.,0.,-10.));
#8897=DIRECTION('',(0.,0.,-1.));
#8898=DIRECTION('',(-6.12323399573677E-17,1.,0.));
#8899=CARTESIAN_POINT('',(-7.67611356626639,7.12761569655528,1.13125010548909));
#8900=CARTESIAN_POINT('',(-9.03565497353791,2.91853325471175,1.13125010548909));
#8901=VECTOR('',#8902,1.);
#8902=DIRECTION('',(0.307365793727775,0.951591440086603,-5.01999540953458E-17));
#8903=CARTESIAN_POINT('',(-7.67611356626616,7.12761569655597,0.678749894510914));
#8904=CARTESIAN_POINT('',(-7.67611356626638,7.12761569655529,1.13125010548909));
#8905=CARTESIAN_POINT('',(-7.67217735500619,7.13185485598996,1.12983978767382));
#8906=CARTESIAN_POINT('',(-7.6643683430614,7.14025082736667,1.1269353771949));
#8907=CARTESIAN_POINT('',(-7.65271876562057,7.15273482942979,1.12226366513364));
#8908=CARTESIAN_POINT('',(-7.64136088425352,7.16486694139924,1.11736271094789));
#8909=CARTESIAN_POINT('',(-7.63028921690977,7.17665631053712,1.11223265415473));
#8910=CARTESIAN_POINT('',(-7.61957511381394,7.18803026203724,1.10691029837183));
#8911=CARTESIAN_POINT('',(-7.60918713955178,7.19902557541049,1.10138506975633));
#8912=CARTESIAN_POINT('',(-7.59918590840518,7.20958157720851,1.09569673007975));
#8913=CARTESIAN_POINT('',(-7.58947854501837,7.2197994630854,1.08979712377573));
#8914=CARTESIAN_POINT('',(-7.58013580180308,7.22960755586187,1.08373019015597));
#8915=CARTESIAN_POINT('',(-7.57116193662778,7.23900443388372,1.077503695868));
#8916=CARTESIAN_POINT('',(-7.56271027185772,7.24783313922446,1.07124184625887));
#8917=CARTESIAN_POINT('',(-7.5547217001771,7.25615920766446,1.06492774985102));
#8918=CARTESIAN_POINT('',(-7.54707782137712,7.26410906913384,1.05848617777864));
#8919=CARTESIAN_POINT('',(-7.5395280912665,7.2719447532337,1.05168880588286));
#8920=CARTESIAN_POINT('',(-7.53085731129659,7.28092528098142,1.04330801168073));
#8921=CARTESIAN_POINT('',(-7.51999109676371,7.29215094782788,1.03177256679805));
#8922=CARTESIAN_POINT('',(-7.50645786455479,7.3060839505822,1.01517279838575));
#8923=CARTESIAN_POINT('',(-7.49255539186392,7.32033901074917,0.993991555012813));
#8924=CARTESIAN_POINT('',(-7.48097964656583,7.33216410805783,0.970035641926744));
#8925=CARTESIAN_POINT('',(-7.47344311757865,7.33984278354602,0.946585109154883));
#8926=CARTESIAN_POINT('',(-7.46962552419747,7.34372673060455,0.925477101384408));
#8927=CARTESIAN_POINT('',(-7.46877853380811,7.34458795353754,0.911903539846226));
#8928=CARTESIAN_POINT('',(-7.46873110543805,7.34463618409456,0.900539731139036));
#8929=CARTESIAN_POINT('',(-7.46922059019561,7.34413846573736,0.889521978165963));
#8930=CARTESIAN_POINT('',(-7.47159384761404,7.34172443765663,0.872516176322767));
#8931=CARTESIAN_POINT('',(-7.47659936153625,7.33662835986511,0.85251785359126));
#8932=CARTESIAN_POINT('',(-7.48578319932575,7.32726194555488,0.82885222360604));
#8933=CARTESIAN_POINT('',(-7.50039121937759,7.31231614103246,0.802944489851617));
#8934=CARTESIAN_POINT('',(-7.51961679331021,7.29255064509143,0.778000569028054));
#8935=CARTESIAN_POINT('',(-7.53956499476267,7.27192200197461,0.757826393754854));
#8936=CARTESIAN_POINT('',(-7.55650749318304,7.25430647560691,0.743473479362617));
#8937=CARTESIAN_POINT('',(-7.56852608216718,7.24176100697696,0.734389897709156));
#8938=CARTESIAN_POINT('',(-7.57738091241456,7.23249351542903,0.728159878476235));
#8939=CARTESIAN_POINT('',(-7.5848718590603,7.22463725247383,0.723168331677653));
#8940=CARTESIAN_POINT('',(-7.59242387812852,7.21670042783973,0.71839606509819));
#8941=CARTESIAN_POINT('',(-7.60007149506765,7.20864619645267,0.713809005966908));
#8942=CARTESIAN_POINT('',(-7.60782952406329,7.20045818663098,0.709390485640956));
#8943=CARTESIAN_POINT('',(-7.61574976372623,7.19208076415019,0.705106569282599));
#8944=CARTESIAN_POINT('',(-7.6238422273977,7.18350209481743,0.700951268097533));
#8945=CARTESIAN_POINT('',(-7.63215559662014,7.17466906737134,0.696901772596033));
#8946=CARTESIAN_POINT('',(-7.64064742254759,7.16562520332084,0.6929815142969));
#8947=CARTESIAN_POINT('',(-7.64932412618535,7.15636220549582,0.689188680942793));
#8948=CARTESIAN_POINT('',(-7.6581400380392,7.14692751234884,0.685543147708686));
#8949=CARTESIAN_POINT('',(-7.66709445829074,7.13732063006143,0.682044358883575));
#8950=CARTESIAN_POINT('',(-7.67309639325521,7.13086506147902,0.679830935725455));
#8951=CARTESIAN_POINT('',(-7.67611356626626,7.12761569655563,0.678749894510914));
#8952=CARTESIAN_POINT('',(-9.03565497353791,2.91853325471175,0.678749894510914));
#8953=VECTOR('',#8954,1.);
#8954=DIRECTION('',(0.307365793727775,0.951591440086603,0.));
#8955=CARTESIAN_POINT('',(-9.96792033490717,3.21965668929844,0.113125158233629));
#8956=CARTESIAN_POINT('',(-9.03565497353791,2.91853325471175,0.678749894510913));
#8957=VECTOR('',#8958,1.);
#8958=DIRECTION('',(-0.824102361138815,0.266186585622621,-0.500000000000001));
#8959=CARTESIAN_POINT('',(-5.93465199528626E-15,-10.475,0.655625158233631));
#8960=CARTESIAN_POINT('',(-9.96792033490715,3.21965668929848,0.113125158233631));
#8961=CARTESIAN_POINT('',(-10.0942395342093,2.82857781446137,0.124427241566965));
#8962=CARTESIAN_POINT('',(-10.3007938302864,2.03153641230363,0.147031408233631));
#8963=CARTESIAN_POINT('',(-10.4680874178017,0.807861567013764,0.180937658233631));
#8964=CARTESIAN_POINT('',(-10.490527732284,-0.426991829965385,0.214843908233631));
#8965=CARTESIAN_POINT('',(-10.3678043810472,-1.65593676948913,0.248750158233631));
#8966=CARTESIAN_POINT('',(-10.1016155262188,-2.86196750140268,0.282656408233631));
#8967=CARTESIAN_POINT('',(-9.69564459098125,-4.02839548705396,0.316562658233631));
#8968=CARTESIAN_POINT('',(-9.15550923497448,-5.13908015873605,0.350468908233631));
#8969=CARTESIAN_POINT('',(-8.48868363415187,-6.17865231185948,0.384375158233631));
#8970=CARTESIAN_POINT('',(-7.70439505196206,-7.13272676561496,0.418281408233631));
#8971=CARTESIAN_POINT('',(-6.81349615817344,-7.98810142257197,0.452187658233631));
#8972=CARTESIAN_POINT('',(-5.82831485028994,-8.73293995310402,0.486093908233631));
#8973=CARTESIAN_POINT('',(-4.76248367796542,-9.35693558197981,0.520000158233631));
#8974=CARTESIAN_POINT('',(-3.63075115343873,-9.8514537093,0.553906408233632));
#8975=CARTESIAN_POINT('',(-2.44877784603914,-10.2096513926257,0.587812658233631));
#8976=CARTESIAN_POINT('',(-1.23291901149982,-10.426572036852,0.621718908233631));
#8977=CARTESIAN_POINT('',(-0.410973510650245,-10.475,0.644323074900298));
#8978=CARTESIAN_POINT('',(-2.5656350442137E-15,-10.475,0.655625158233631));
#8979=CARTESIAN_POINT('',(10.2573357514272,2.12430889526299,2.97695330301283));
#8980=CARTESIAN_POINT('',(0.,-10.475,0.655625158233631));
#8981=CARTESIAN_POINT('',(0.426311130638123,-10.475,0.667349037752718));
#8982=CARTESIAN_POINT('',(1.27893156553468,-10.4228853292161,0.690796796790892));
#8983=CARTESIAN_POINT('',(2.53882242908282,-10.1895331673088,0.725968435348153));
#8984=CARTESIAN_POINT('',(3.76091387936845,-9.80447509156,0.761140073905413));
#8985=CARTESIAN_POINT('',(4.92701141941336,-9.27344400320318,0.796311712462674));
#8986=CARTESIAN_POINT('',(6.01975358147451,-8.60434610905025,0.831483351019935));
#8987=CARTESIAN_POINT('',(7.02287121155157,-7.80714321066908,0.866654989577195));
#8988=CARTESIAN_POINT('',(7.92142947683174,-6.8937043890303,0.901826628134456));
#8989=CARTESIAN_POINT('',(8.70205027898586,-5.87762929280278,0.936998266691717));
#8990=CARTESIAN_POINT('',(9.35311141734858,-4.77404566125326,0.972169905248977));
#8991=CARTESIAN_POINT('',(9.86491962909184,-3.59938409631174,1.00734154380624));
#8992=CARTESIAN_POINT('',(10.2298549053593,-2.37113343708773,1.0425131823635));
#8993=CARTESIAN_POINT('',(10.4424839413533,-1.10758037892089,1.07768482092076));
#8994=CARTESIAN_POINT('',(10.4996410295068,0.172462786376294,1.11285645947802));
#8995=CARTESIAN_POINT('',(10.400475191847,1.44993825556991,1.14802809803528));
#8996=CARTESIAN_POINT('',(10.1464628496948,2.70582645432991,1.18319973659254));
#8997=CARTESIAN_POINT('',(9.7413858421064,3.92142920838793,1.2183713751498));
#8998=CARTESIAN_POINT('',(9.19127512031399,5.07864812956027,1.25354301370706));
#8999=CARTESIAN_POINT('',(8.50432095647171,6.16025407191174,1.28871465226432));
#9000=CARTESIAN_POINT('',(7.69075100355263,7.15014364628734,1.32388629082158));
#9001=CARTESIAN_POINT('',(6.76267802189181,8.03357897411923,1.35905792937884));
#9002=CARTESIAN_POINT('',(5.73391953948415,8.79740711095666,1.3942295679361));
#9003=CARTESIAN_POINT('',(4.61979213100814,9.43025587285224,1.42940120649337));
#9004=CARTESIAN_POINT('',(3.43688337843279,9.92270315006155,1.46457284505063));
#9005=CARTESIAN_POINT('',(2.20280490835117,10.2674171872449,1.49974448360789));
#9006=CARTESIAN_POINT('',(0.935930182921172,10.4592657416229,1.53491612216515));
#9007=CARTESIAN_POINT('',(-0.34487905171161,10.4953924938937,1.57008776072241));
#9008=CARTESIAN_POINT('',(-1.62055358676144,10.3752595742769,1.60525939927967));
#9009=CARTESIAN_POINT('',(-2.87210066093822,10.1006555705373,1.64043103783693));
#9010=CARTESIAN_POINT('',(-4.08088673240192,9.67566889876328,1.67560267639419));
#9011=CARTESIAN_POINT('',(-5.22891490251162,9.10662693336456,1.71077431495145));
#9012=CARTESIAN_POINT('',(-6.29909286097178,8.4020018025494,1.74594595350871));
#9013=CARTESIAN_POINT('',(-7.27548736309931,7.57228425183387,1.78111759206597));
#9014=CARTESIAN_POINT('',(-8.14356145045039,6.62982745355618,1.81628923062323));
#9015=CARTESIAN_POINT('',(-8.89039088296992,5.5886630878229,1.85146086918049));
#9016=CARTESIAN_POINT('',(-9.50485656033371,4.46429243314886,1.88663250773775));
#9017=CARTESIAN_POINT('',(-9.97781006763616,3.27345557711838,1.92180414629502));
#9018=CARTESIAN_POINT('',(-10.3022098807121,2.03388218315312,1.95697578485228));
#9019=CARTESIAN_POINT('',(-10.4732262032121,0.764027524072478,1.99214742340954));
#9020=CARTESIAN_POINT('',(-10.4883128745752,-0.517202287513808,2.0273190619668));
#9021=CARTESIAN_POINT('',(-10.3472452783023,-1.79073178109927,2.06249070052406));
#9022=CARTESIAN_POINT('',(-10.0521236861386,-3.03760013164354,2.09766233908132));
#9023=CARTESIAN_POINT('',(-9.60734198837292,-4.23924345604681,2.13283397763858));
#9024=CARTESIAN_POINT('',(-9.01952227581283,-5.37777119979134,2.16800561619584));
#9025=CARTESIAN_POINT('',(-8.29741624740306,-6.43623249879312,2.2031772547531));
#9026=CARTESIAN_POINT('',(-7.45177491137253,-7.39886855076018,2.23834889331036));
#9027=CARTESIAN_POINT('',(-6.49518851985133,-8.25134723865021,2.27352053186762));
#9028=CARTESIAN_POINT('',(-5.44189912007671,-8.98097651305788,2.30869217042488));
#9029=CARTESIAN_POINT('',(-4.30758851300153,-9.5768933566082,2.34386380898214));
#9030=CARTESIAN_POINT('',(-3.10914477626397,-10.0302255169771,2.3790354475394));
#9031=CARTESIAN_POINT('',(-1.86441082761937,-10.3342236005926,2.41420708609666));
#9032=CARTESIAN_POINT('',(-0.591918772323964,-10.4843615603507,2.44937872465393));
#9033=CARTESIAN_POINT('',(0.689386010385041,-10.4784040812461,2.48455036321119));
#9034=CARTESIAN_POINT('',(1.9604269338006,-10.3164398606504,2.51972200176845));
#9035=CARTESIAN_POINT('',(3.20228022372718,-10.0008802877505,2.55489364032571));
#9036=CARTESIAN_POINT('',(4.39645666332687,-9.53642354180372,2.59006527888297));
#9037=CARTESIAN_POINT('',(5.52517686810035,-8.92998464374,2.62523691744023));
#9038=CARTESIAN_POINT('',(6.57163599258982,-8.19059250249733,2.66040855599749));
#9039=CARTESIAN_POINT('',(7.5202539277687,-7.32925548903098,2.69558019455475));
#9040=CARTESIAN_POINT('',(8.35690726398121,-6.35879753891979,2.73075183311201));
#9041=CARTESIAN_POINT('',(9.06913956623326,-5.29366722547975,2.76592347166927));
#9042=CARTESIAN_POINT('',(9.64634682982646,-4.14972263949054,2.80109511022653));
#9043=CARTESIAN_POINT('',(10.0799353602135,-2.94399530255952,2.83626674878379));
#9044=CARTESIAN_POINT('',(10.3634497077705,-1.69443653866343,2.87143838734105));
#9045=CARTESIAN_POINT('',(10.4926688226237,-0.419650417419101,2.90661002589831));
#9046=CARTESIAN_POINT('',(10.4656687371353,0.861384014164414,2.94178166445557));
#9047=CARTESIAN_POINT('',(10.3437907898009,1.70685625549919,2.96522942349375));
#9048=CARTESIAN_POINT('',(10.2573357514272,2.12430889526298,2.97695330301283));
#9049=CARTESIAN_POINT('',(-4.16033404839252,9.61338887207762,5.29828144779204));
#9050=CARTESIAN_POINT('',(10.2573357514272,2.12430889526298,2.97695330301283));
#9051=CARTESIAN_POINT('',(10.1708807130535,2.54176153502678,2.98867718253192));
#9052=CARTESIAN_POINT('',(9.94693924766553,3.36609627588997,3.01212494157009));
#9053=CARTESIAN_POINT('',(9.46293267568458,4.5524840109067,3.04729658012736));
#9054=CARTESIAN_POINT('',(8.83803819306686,5.6710921282358,3.08246821868462));
#9055=CARTESIAN_POINT('',(8.08155938210903,6.70526682250753,3.11763985724188));
#9056=CARTESIAN_POINT('',(7.20475903404269,7.63961074972957,3.15281149579914));
#9057=CARTESIAN_POINT('',(6.22069130179691,8.46021305249958,3.1879831343564));
#9058=CARTESIAN_POINT('',(5.14400738792735,9.15485626062491,3.22315477291366));
#9059=CARTESIAN_POINT('',(3.99073739990705,9.71319824602558,3.25832641147092));
#9060=CARTESIAN_POINT('',(2.77805169048779,10.1269261854743,3.29349805002818));
#9061=CARTESIAN_POINT('',(1.52400521766899,10.3898803293272,3.32866968858544));
#9062=CARTESIAN_POINT('',(0.247268735364197,10.4981457092999,3.3638413271427));
#9063=CARTESIAN_POINT('',(-1.03314918443657,10.4501104263969,3.39901296569996));
#9064=CARTESIAN_POINT('',(-2.29818515900123,10.2464896494426,3.43418460425722));
#9065=CARTESIAN_POINT('',(-3.52900481825506,9.89031496737701,3.46935624281448));
#9066=CARTESIAN_POINT('',(-4.70728321854109,9.3868892537214,3.50452788137174));
#9067=CARTESIAN_POINT('',(-5.81547767183427,8.74370771524221,3.53969951992901));
#9068=CARTESIAN_POINT('',(-6.83708892841526,7.9703463002639,3.57487115848627));
#9069=CARTESIAN_POINT('',(-7.75690682441046,7.078319128056,3.61004279704353));
#9070=CARTESIAN_POINT('',(-8.56123673689764,6.08090706194259,3.64521443560079));
#9071=CARTESIAN_POINT('',(-9.2381034750216,4.99295997840789,3.68038607415805));
#9072=CARTESIAN_POINT('',(-9.77742957150588,3.83067567609572,3.71555771271531));
#9073=CARTESIAN_POINT('',(-10.171185320084,2.61135871639578,3.75072935127257));
#9074=CARTESIAN_POINT('',(-10.4135083250322,1.35316278609591,3.78590098982983));
#9075=CARTESIAN_POINT('',(-10.5007907829007,0.074820417910193,3.82107262838709));
#9076=CARTESIAN_POINT('',(-10.4317331969595,-1.20463590708657,3.85624426694435));
#9077=CARTESIAN_POINT('',(-10.2073637246334,-2.46615712277752,3.89141590550161));
#9078=CARTESIAN_POINT('',(-9.83102286987682,-3.6909611882473,3.92658754405887));
#9079=CARTESIAN_POINT('',(-9.30831374839172,-4.86081272244577,3.96175918261613));
#9080=CARTESIAN_POINT('',(-8.64701866616273,-5.95829449995737,3.99693082117339));
#9081=CARTESIAN_POINT('',(-7.85698325332043,-6.96706676573659,4.03210245973065));
#9082=CARTESIAN_POINT('',(-6.94996987839578,-7.87211050802645,4.06727409828792));
#9083=CARTESIAN_POINT('',(-5.93948252539373,-8.65995106751369,4.10244573684518));
#9084=CARTESIAN_POINT('',(-4.84056574098738,-9.31885875353674,4.13761737540244));
#9085=CARTESIAN_POINT('',(-3.66958064518848,-9.83902348049069,4.1727890139597));
#9086=CARTESIAN_POINT('',(-2.44396134033871,-10.2127008243715,4.20796065251696));
#9087=CARTESIAN_POINT('',(-1.18195534510368,-10.4343273249103,4.24313229107422));
#9088=CARTESIAN_POINT('',(0.0976480820062675,-10.5006033166323,4.27830392963148));
#9089=CARTESIAN_POINT('',(1.37579768475818,-10.4105420556186,4.31347556818874));
#9090=CARTESIAN_POINT('',(2.63346385204742,-10.1654844105507,4.348647206746));
#9091=CARTESIAN_POINT('',(3.85192193848708,-9.76907889931241,4.38381884530326));
#9092=CARTESIAN_POINT('',(5.01303104454369,-9.22722736837183,4.41899048386052));
#9093=CARTESIAN_POINT('',(6.09950410562739,-8.54799712369065,4.45416212241778));
#9094=CARTESIAN_POINT('',(7.09516526894006,-7.74150082139217,4.48933376097504));
#9095=CARTESIAN_POINT('',(7.98519072615048,-6.81974590642419,4.5245053995323));
#9096=CARTESIAN_POINT('',(8.75632941628152,-5.79645584083515,4.55967703808957));
#9097=CARTESIAN_POINT('',(9.39710031289519,-4.68686578328994,4.59484867664682));
#9098=CARTESIAN_POINT('',(9.89796335828347,-3.50749576183161,4.63002031520409));
#9099=CARTESIAN_POINT('',(10.2514614997274,-2.27590471698518,4.66519195376135));
#9100=CARTESIAN_POINT('',(10.4523317131308,-1.01042907710999,4.70036359231861));
#9101=CARTESIAN_POINT('',(10.4975833610632,0.270090241803101,4.73553523087587));
#9102=CARTESIAN_POINT('',(10.3865427185867,1.54658834735149,4.77070686943313));
#9103=CARTESIAN_POINT('',(10.1208630039461,2.80006021659259,4.80587850799039));
#9104=CARTESIAN_POINT('',(9.70449976478403,4.01184365055458,4.84105014654765));
#9105=CARTESIAN_POINT('',(9.14365198633878,5.16389712464476,4.87622178510491));
#9106=CARTESIAN_POINT('',(8.44666979842976,6.23906839820449,4.91139342366217));
#9107=CARTESIAN_POINT('',(7.62393015533396,7.22134988404612,4.94656506221943));
#9108=CARTESIAN_POINT('',(6.68768233945092,8.09611697591282,4.98173670077669));
#9109=CARTESIAN_POINT('',(5.65186558907742,8.85034578559583,5.01690833933395));
#9110=CARTESIAN_POINT('',(4.53190156508697,9.47280704776132,5.05207997789121));
#9111=CARTESIAN_POINT('',(3.34446474798482,9.95423330625834,5.08725161644847));
#9112=CARTESIAN_POINT('',(2.10723417767645,10.2874568901374,5.12242325500574));
#9113=CARTESIAN_POINT('',(0.838630254854412,10.4675166349625,5.157594893563));
#9114=CARTESIAN_POINT('',(-0.442459562126073,10.4917317238352,5.19276653212026));
#9115=CARTESIAN_POINT('',(-1.71696176470205,10.3597416856141,5.22793817067752));
#9116=CARTESIAN_POINT('',(-2.96590150237411,10.0735114440558,5.26310980923478));
#9117=CARTESIAN_POINT('',(-3.76908873294437,9.78270598062201,5.28655756827295));
#9118=CARTESIAN_POINT('',(-4.16033404839252,9.61338887207762,5.29828144779204));
#9119=CARTESIAN_POINT('',(-8.56992102564853,-6.02346068420366,7.61960959257124));
#9120=CARTESIAN_POINT('',(-4.16033404839252,9.61338887207762,5.29828144779204));
#9121=CARTESIAN_POINT('',(-4.55157936384067,9.44407176353323,5.31000532731112));
#9122=CARTESIAN_POINT('',(-5.31337004275786,9.05761024354839,5.3334530863493));
#9123=CARTESIAN_POINT('',(-6.37694979103633,8.34306399691995,5.36862472490656));
#9124=CARTESIAN_POINT('',(-7.34558655721207,7.50430297626316,5.40379636346382));
#9125=CARTESIAN_POINT('',(-8.20485933979717,6.55381479916223,5.43896800202108));
#9126=CARTESIAN_POINT('',(-8.94197481378825,5.50575077310806,5.47413964057834));
#9127=CARTESIAN_POINT('',(-9.54595853701071,4.3757148873765,5.5093112791356));
#9128=CARTESIAN_POINT('',(-10.0078181453707,3.1805315796175,5.54448291769286));
#9129=CARTESIAN_POINT('',(-10.320677287536,1.9379952239751,5.57965455625012));
#9130=CARTESIAN_POINT('',(-10.4798779887287,0.666605207320136,5.61482619480738));
#9131=CARTESIAN_POINT('',(-10.4830500043322,-0.614709498782817,5.64999783336464));
#9132=CARTESIAN_POINT('',(-10.3301461080428,-1.8868721598636,5.6851694719219));
#9133=CARTESIAN_POINT('',(-10.023442795266,-3.1309423008453,5.72034111047917));
#9134=CARTESIAN_POINT('',(-9.5675063896543,-4.32839769950872,5.75551274903642));
#9135=CARTESIAN_POINT('',(-8.96912505784311,-5.46141015287809,5.79068438759369));
#9136=CARTESIAN_POINT('',(-8.2372077444597,-6.51311091075548,5.82585602615095));
#9137=CARTESIAN_POINT('',(-7.38265153213393,-7.46784182453468,5.86102766470821));
#9138=CARTESIAN_POINT('',(-6.41817940129984,-8.31138847208572,5.89619930326547));
#9139=CARTESIAN_POINT('',(-5.35815080528864,-9.03119178785246,5.93137094182273));
#9140=CARTESIAN_POINT('',(-4.21834788094759,-9.61653504732832,5.96654258037999));
#9141=CARTESIAN_POINT('',(-3.01574047776803,-10.0587034220092,6.00171421893725));
#9142=CARTESIAN_POINT('',(-1.76823350386462,-10.3511137293047,6.03688585749451));
#9143=CARTESIAN_POINT('',(-0.494400350421451,-10.4894124456374,6.07205749605177));
#9144=CARTESIAN_POINT('',(0.786793636509645,-10.471540523473,6.10722913460903));
#9145=CARTESIAN_POINT('',(2.05627351979423,-10.2977640472572,6.14240077316629));
#9146=CARTESIAN_POINT('',(3.29513876663706,-9.97067027184204,6.17757241172355));
#9147=CARTESIAN_POINT('',(4.48494464740107,-9.49512910238389,6.21274405028081));
#9148=CARTESIAN_POINT('',(5.60797684824367,-8.87822058921449,6.24791568883807));
#9149=CARTESIAN_POINT('',(6.64751520902553,-8.12912951717238,6.28308732739534));
#9150=CARTESIAN_POINT('',(7.58808265985483,-7.25900865879078,6.3182589659526));
#9151=CARTESIAN_POINT('',(8.41567564999819,-6.28081272728431,6.35343060450986));
#9152=CARTESIAN_POINT('',(9.11797263843927,-5.20910550151001,6.38860224306712));
#9153=CARTESIAN_POINT('',(9.68451754199248,-4.0598429945047,6.42377388162438));
#9154=CARTESIAN_POINT('',(10.106875409722,-2.85013589387362,6.45894552018164));
#9155=CARTESIAN_POINT('',(10.3787580059215,-1.59799481091449,6.4941171587389));
#9156=CARTESIAN_POINT('',(10.4961174319252,-0.322062131311714,6.52928879729616));
#9157=CARTESIAN_POINT('',(10.4572063928691,0.958665540283549,6.56446043585342));
#9158=CARTESIAN_POINT('',(10.2626042121276,2.22512020942923,6.59963207441068));
#9159=CARTESIAN_POINT('',(9.91520820611158,3.45844638394852,6.63480371296794));
#9160=CARTESIAN_POINT('',(9.42019054784337,4.64028180216584,6.6699753515252));
#9161=CARTESIAN_POINT('',(8.78492126154114,5.75303081772654,6.70514699008246));
#9162=CARTESIAN_POINT('',(8.01885849470112,6.78012637073592,6.74031862863972));
#9163=CARTESIAN_POINT('',(7.13340770135098,7.70627664488471,6.77549026719698));
#9164=CARTESIAN_POINT('',(6.1417518330118,8.51769273822936,6.81066190575425));
#9165=CARTESIAN_POINT('',(5.05865506555428,9.20229395797216,6.84583354431151));
#9166=CARTESIAN_POINT('',(3.90024298414392,9.74988768272872,6.88100518286877));
#9167=CARTESIAN_POINT('',(2.68376249897078,10.1523211144204,6.91617682142603));
#9168=CARTESIAN_POINT('',(1.42732506623639,10.4036026604481,6.95134845998329));
#9169=CARTESIAN_POINT('',(0.149637037427871,10.4999911389591,6.98652009854055));
#9170=CARTESIAN_POINT('',(-1.13027884845071,10.4400514790845,7.02169173709781));
#9171=CARTESIAN_POINT('',(-2.39336668315321,10.2246760868578,7.05686337565507));
#9172=CARTESIAN_POINT('',(-3.62082110130327,9.85707155871083,7.09203501421233));
#9173=CARTESIAN_POINT('',(-4.79436726232218,9.34271094036215,7.12720665276959));
#9174=CARTESIAN_POINT('',(-5.89653293368763,8.68925224188626,7.16237829132685));
#9175=CARTESIAN_POINT('',(-6.91090862463765,7.90642442214561,7.19754992988411));
#9176=CARTESIAN_POINT('',(-7.82239189734187,7.00588254009298,7.23272156844137));
#9177=CARTESIAN_POINT('',(-8.61741221814134,6.00103422951842,7.26789320699863));
#9178=CARTESIAN_POINT('',(-9.28413300116047,4.90684008072716,7.30306484555589));
#9179=CARTESIAN_POINT('',(-9.81262783625709,3.73959090125159,7.33823648411316));
#9180=CARTESIAN_POINT('',(-10.1950282772835,2.51666517144117,7.37340812267042));
#9181=CARTESIAN_POINT('',(-10.4256409913478,1.25627030748305,7.40857976122768));
#9182=CARTESIAN_POINT('',(-10.5010325210991,-0.022828421388394,7.44375139978494));
#9183=CARTESIAN_POINT('',(-10.4200804122849,-1.30158726526182,7.4789230383422));
#9184=CARTESIAN_POINT('',(-10.1839898922825,-2.56096757162888,7.51409467689946));
#9185=CARTESIAN_POINT('',(-9.79627604943366,-3.78221906523043,7.54926631545672));
#9186=CARTESIAN_POINT('',(-9.26271103900314,-4.94715966421527,7.58443795401397));
#9187=CARTESIAN_POINT('',(-8.81506358742774,-5.6746823813947,7.60788571305215));
#9188=CARTESIAN_POINT('',(-8.56992102564855,-6.02346068420364,7.61960959257124));
#9189=CARTESIAN_POINT('',(7.63625948352122,-7.17029749036483,9.94093773735044));
#9190=CARTESIAN_POINT('',(-8.56992102564854,-6.02346068420364,7.61960959257124));
#9191=CARTESIAN_POINT('',(-8.32477846386934,-6.37223898701258,7.63133347209033));
#9192=CARTESIAN_POINT('',(-7.79185776878164,-7.03982649263364,7.6547812311285));
#9193=CARTESIAN_POINT('',(-6.8764675366404,-7.93639714931347,7.68995286968576));
#9194=CARTESIAN_POINT('',(-5.85869788482633,-8.71480717648866,7.72512450824302));
#9195=CARTESIAN_POINT('',(-4.75370149572951,-9.36346769616223,7.76029614680028));
#9196=CARTESIAN_POINT('',(-3.57793008165167,-9.87272107763688,7.79546778535754));
#9197=CARTESIAN_POINT('',(-2.34888898504589,-10.2349853786836,7.8306394239148));
#9198=CARTESIAN_POINT('',(-1.08487667510917,-10.4448670532256,7.86581106247207));
#9199=CARTESIAN_POINT('',(0.195287720293688,-10.4992412996327,7.90098270102933));
#9200=CARTESIAN_POINT('',(1.47254459261049,-10.3972985714483,7.93615433958658));
#9201=CARTESIAN_POINT('',(2.72787762217628,-10.1405566336199,7.97132597814385));
#9202=CARTESIAN_POINT('',(3.94259690027906,-9.73283796449368,8.00649761670111));
#9203=CARTESIAN_POINT('',(5.09861719229207,-9.18021284544401,8.04166925525837));
#9204=CARTESIAN_POINT('',(6.17872719795648,-8.49090898399112,8.07684089381563));
#9205=CARTESIAN_POINT('',(7.16684580023163,-7.6751890163625,8.11201253237289));
#9206=CARTESIAN_POINT('',(8.0482614875024,-6.74519771318637,8.14718417093015));
#9207=CARTESIAN_POINT('',(8.80985138454816,-5.7147811632086,8.18235580948741));
#9208=CARTESIAN_POINT('',(9.44027663124579,-4.59928062709198,8.21752744804467));
#9209=CARTESIAN_POINT('',(9.93015120013078,-3.41530413048827,8.25269908660193));
#9210=CARTESIAN_POINT('',(10.2721816393913,-2.1804791969979,8.28787072515919));
#9211=CARTESIAN_POINT('',(10.4612756607452,-0.913190402429563,8.32304236371645));
#9212=CARTESIAN_POINT('',(10.4946179554986,0.367694342241411,8.35821400227371));
#9213=CARTESIAN_POINT('',(10.371712110007,1.64310470400512,8.39338564083097));
#9214=CARTESIAN_POINT('',(10.0943879964835,2.89405185469082,8.42855727938823));
#9215=CARTESIAN_POINT('',(9.66677452911693,4.10191118436336,8.4637289179455));
#9216=CARTESIAN_POINT('',(9.09523819111834,5.24869959209053,8.49890055650276));
#9217=CARTESIAN_POINT('',(8.38828824792963,6.31734322566335,8.53407219506002));
#9218=CARTESIAN_POINT('',(7.55645005781899,7.29193168405166,8.56924383361728));
#9219=CARTESIAN_POINT('',(6.61210836606639,8.15795489792533,8.60441547217454));
#9220=CARTESIAN_POINT('',(5.56932291583903,8.90251916146769,8.6395871107318));
#9221=CARTESIAN_POINT('',(4.44361912101699,9.51453909911148,8.67475874928906));
#9222=CARTESIAN_POINT('',(3.25175691751729,9.98490270911877,8.70993038784632));
#9223=CARTESIAN_POINT('',(2.01148123455172,10.3066070267686,8.74510202640358));
#9224=CARTESIAN_POINT('',(0.741257800903929,10.4748623873437,8.78027366496084));
#9225=CARTESIAN_POINT('',(-0.540001780350607,10.4871637366071,8.8154453035181));
#9226=CARTESIAN_POINT('',(-1.81322159548249,10.343327927068,8.85061694207536));
#9227=CARTESIAN_POINT('',(-3.05944543007012,10.0454964447563,8.88578858063262));
#9228=CARTESIAN_POINT('',(-4.26011899682937,9.59810352590774,8.92096021918988));
#9229=CARTESIAN_POINT('',(-5.3973661793887,9.00781013825114,8.95613185774714));
#9230=CARTESIAN_POINT('',(-6.45425517917983,8.28340480981217,8.99130349630441));
#9231=CARTESIAN_POINT('',(-7.41505060294088,7.43567278173368,9.02647513486167));
#9232=CARTESIAN_POINT('',(-8.26544773765086,6.47723543321928,9.06164677341893));
#9233=CARTESIAN_POINT('',(-8.99278552491472,5.42236236930669,9.09681841197619));
#9234=CARTESIAN_POINT('',(-9.58623506395003,4.28675896918452,9.13199005053345));
#9235=CARTESIAN_POINT('',(-10.0369608366658,3.08733255811963,9.16716168909071));
#9236=CARTESIAN_POINT('',(-10.3382522544493,1.84194068432238,9.20233332764797));
#9237=CARTESIAN_POINT('',(-10.4856235681385,0.569125248506255,9.23750496620523));
#9238=CARTESIAN_POINT('',(-10.4768806536797,-0.712163555470824,9.27267660476249));
#9239=CARTESIAN_POINT('',(-10.3121536791391,-1.98284937879969,9.30784824331975));
#9240=CARTESIAN_POINT('',(-9.9938951667076,-3.22401373415925,9.34301988187701));
#9241=CARTESIAN_POINT('',(-9.5268434785528,-4.41717766184983,9.37819152043427));
#9242=CARTESIAN_POINT('',(-8.91795227015621,-5.54457685206046,9.41336315899153));
#9243=CARTESIAN_POINT('',(-8.17628696146234,-6.5894261271381,9.4485347975488));
#9244=CARTESIAN_POINT('',(-7.31288976721958,-7.53616934613889,9.48370643610605));
#9245=CARTESIAN_POINT('',(-6.34061529599655,-8.37071101098146,9.51887807466332));
#9246=CARTESIAN_POINT('',(-5.2739391655407,-9.08062612595383,9.55404971322058));
#9247=CARTESIAN_POINT('',(-4.12874248389805,-9.65534518610695,9.58922135177784));
#9248=CARTESIAN_POINT('',(-2.92207540500322,-10.0863115403274,9.6243929903351));
#9249=CARTESIAN_POINT('',(-1.67190327910775,-10.3671087862972,9.65956462889236));
#9250=CARTESIAN_POINT('',(-0.39683917713644,-10.4935563002847,9.69473626744962));
#9251=CARTESIAN_POINT('',(0.884133227526137,-10.4637714807769,9.72990790600688));
#9252=CARTESIAN_POINT('',(2.15194229850811,-10.2781977744104,9.76507954456414));
#9253=CARTESIAN_POINT('',(3.3877123721952,-9.93959808497558,9.8002511831214));
#9254=CARTESIAN_POINT('',(4.57304482559987,-9.45301359631419,9.83542282167866));
#9255=CARTESIAN_POINT('',(5.69029185582638,-8.82568887337505,9.87059446023592));
#9256=CARTESIAN_POINT('',(6.72281977529154,-8.06696341904798,9.90576609879318));
#9257=CARTESIAN_POINT('',(7.34444300331795,-7.481077673111,9.92921385783136));
#9258=CARTESIAN_POINT('',(7.6362594835212,-7.17029749036485,9.94093773735044));
#9259=CARTESIAN_POINT('',(5.47268494977638,8.93170445326597,12.2622658821296));
#9260=CARTESIAN_POINT('',(7.6362594835212,-7.17029749036485,9.94093773735044));
#9261=CARTESIAN_POINT('',(7.92807596372446,-6.85951730761869,9.95266161686953));
#9262=CARTESIAN_POINT('',(8.4737161561415,-6.20228498542721,9.9761093759077));
#9263=CARTESIAN_POINT('',(9.16601731486875,-5.1240932932204,10.011281014465));
#9264=CARTESIAN_POINT('',(9.72185081141637,-3.96961230217885,10.0464526530222));
#9265=CARTESIAN_POINT('',(10.1329415112154,-2.75603003210446,10.0816242915795));
#9266=CARTESIAN_POINT('',(10.3931688374793,-1.50141488658312,10.1167959301367));
#9267=CARTESIAN_POINT('',(10.4986584443937,-0.224446060106989,10.151967568694));
#9268=CARTESIAN_POINT('',(10.4478397532366,1.05586440911882,10.1871392072513));
#9269=CARTESIAN_POINT('',(10.2414693751053,2.32045474000052,10.2223108458085));
#9270=CARTESIAN_POINT('',(9.88261983564924,3.5504971968866,10.2574824843658));
#9271=CARTESIAN_POINT('',(9.37663383288058,4.72767840755931,10.292654122923));
#9272=CARTESIAN_POINT('',(8.7310446921575,5.83447201936283,10.3278257614803));
#9273=CARTESIAN_POINT('',(7.95546420717492,6.85439963888525,10.3629974000376));
#9274=CARTESIAN_POINT('',(7.06143953561664,7.77227616892366,10.3981690385948));
#9275=CARTESIAN_POINT('',(6.06228128039009,8.57443589040241,10.4333406771521));
#9276=CARTESIAN_POINT('',(4.972865315953,9.24893592315249,10.4685123157094));
#9277=CARTESIAN_POINT('',(3.80941131024552,9.78573403636961,10.5036839542666));
#9278=CARTESIAN_POINT('',(2.58924123967717,10.1768381614303,10.5388555928239));
#9279=CARTESIAN_POINT('',(1.33052149249739,10.41642538106,10.5740272313811));
#9280=CARTESIAN_POINT('',(0.0519924002189774,10.5009286232937,10.6091988699384));
#9281=CARTESIAN_POINT('',(-1.22731077605901,10.4290897694937,10.6443705084957));
#9282=CARTESIAN_POINT('',(-2.48834125036014,10.2019783857321,10.6795421470529));
#9283=CARTESIAN_POINT('',(-3.71232428812645,9.82297579865569,10.7147137856102));
#9284=CARTESIAN_POINT('',(-4.88103673210215,9.29772475291986,10.7498854241674));
#9285=CARTESIAN_POINT('',(-5.97707831611018,8.63404539971122,10.7850570627247));
#9286=CARTESIAN_POINT('',(-6.98413072729163,7.84181886715639,10.820228701282));
#9287=CARTESIAN_POINT('',(-7.88720055978425,6.9328401460677,10.8554003398392));
#9288=CARTESIAN_POINT('',(-8.6728425426466,5.92064248132314,10.8905719783965));
#9289=CARTESIAN_POINT('',(-9.32935971852007,4.82029588341257,10.9257436169537));
#9290=CARTESIAN_POINT('',(-9.84697759268706,3.64818275999269,10.960915255511));
#9291=CARTESIAN_POINT('',(-10.2179896597237,2.4217540079392,10.9960868940683));
#9292=CARTESIAN_POINT('',(-10.4368721410865,1.15926919729684,11.0312585326255));
#9293=CARTESIAN_POINT('',(-10.5003662253744,-0.120475284625507,11.0664301711828));
#9294=CARTESIAN_POINT('',(-10.4075265868376,-1.39842608151348,11.10160180974));
#9295=CARTESIAN_POINT('',(-10.1597354597722,-2.65555654216501,11.1367734482973));
#9296=CARTESIAN_POINT('',(-9.76068205925381,-3.87314999701146,11.1719450868546));
#9297=CARTESIAN_POINT('',(-9.2163076546028,-5.03307841950619,11.2071167254118));
#9298=CARTESIAN_POINT('',(-8.53471711335078,-6.11807232355636,11.2422883639691));
#9299=CARTESIAN_POINT('',(-7.72605823267635,-7.11197787865534,11.2774600025263));
#9300=CARTESIAN_POINT('',(-6.80237065487365,-7.99999741468101,11.3126316410836));
#9301=CARTESIAN_POINT('',(-5.77740661626144,-8.76890973562663,11.3478032796409));
#9302=CARTESIAN_POINT('',(-4.66642619829577,-9.4072669621441,11.3829749181981));
#9303=CARTESIAN_POINT('',(-3.48597012927107,-9.90556497222742,11.4181465567554));
#9304=CARTESIAN_POINT('',(-2.25361351923023,-10.2563849024465,11.4533181953127));
#9305=CARTESIAN_POINT('',(-0.987704194578549,-10.4545036030029,11.4884898338699));
#9306=CARTESIAN_POINT('',(0.29291047181777,-10.4969714021087,11.5236614724272));
#9307=CARTESIAN_POINT('',(1.56916416798403,-10.3831560218993,11.5588331109844));
#9308=CARTESIAN_POINT('',(2.8220555098439,-10.1147519920435,11.5940047495417));
#9309=CARTESIAN_POINT('',(4.03293094155335,-9.69575542089684,11.629176388099));
#9310=CARTESIAN_POINT('',(5.18376245722641,-9.13240449981488,11.6643480266562));
#9311=CARTESIAN_POINT('',(6.25741600921868,-8.4330866264235,11.6995196652135));
#9312=CARTESIAN_POINT('',(7.23790660679704,-7.60821352963183,11.7346913037707));
#9313=CARTESIAN_POINT('',(8.11063630718274,-6.67006625557785,11.769862942328));
#9314=CARTESIAN_POINT('',(8.86261155566037,-5.63261232241876,11.8050345808853));
#9315=CARTESIAN_POINT('',(9.48263663890514,-4.51129776624037,11.8402062194425));
#9316=CARTESIAN_POINT('',(9.96148037131494,-3.32281717418918,11.8753778579998));
#9317=CARTESIAN_POINT('',(10.2920135326606,-2.08486512867228,11.910549496557));
#9318=CARTESIAN_POINT('',(10.4693150107982,-0.8158727632071,11.9457211351143));
#9319=CARTESIAN_POINT('',(10.4907450692553,0.46526664774891,11.9808927736716));
#9320=CARTESIAN_POINT('',(10.355984648449,1.73947897970683,12.0160644122288));
#9321=CARTESIAN_POINT('',(10.067040116917,2.98779324089184,12.0512360507861));
#9322=CARTESIAN_POINT('',(9.62821339617049,4.19162402223846,12.0864076893433));
#9323=CARTESIAN_POINT('',(9.04603792505877,5.33304819647949,12.1215793279006));
#9324=CARTESIAN_POINT('',(8.3291813383048,6.39507179495913,12.1567509664579));
#9325=CARTESIAN_POINT('',(7.48831660199223,7.36188290876917,12.1919226050151));
#9326=CARTESIAN_POINT('',(6.53596242804339,8.2190875207966,12.2270942435724));
#9327=CARTESIAN_POINT('',(5.83618710003865,8.70897734027643,12.2505420026106));
#9328=CARTESIAN_POINT('',(5.47268494977637,8.93170445326597,12.2622658821296));
#9329=CARTESIAN_POINT('',(-9.85595844672538,3.54763415481677,14.5835940269088));
#9330=CARTESIAN_POINT('',(5.47268494977637,8.93170445326597,12.2622658821296));
#9331=CARTESIAN_POINT('',(5.10918279951409,9.1544315662555,12.2739897616487));
#9332=CARTESIAN_POINT('',(4.35495264106324,9.5554482903423,12.2974375206869));
#9333=CARTESIAN_POINT('',(3.15876784860024,10.014708741284,12.3326091592442));
#9334=CARTESIAN_POINT('',(1.91555437034203,10.3248659305247,12.3677807978014));
#9335=CARTESIAN_POINT('',(0.643821249914794,10.4813023716394,12.4029524363587));
#9336=CARTESIAN_POINT('',(-0.637497319098175,10.4816889056176,12.4381240749159));
#9337=CARTESIAN_POINT('',(-1.90932457519342,10.3260197962477,12.4732957134732));
#9338=CARTESIAN_POINT('',(-3.15272502877297,10.0166127035392,12.5084673520305));
#9339=CARTESIAN_POINT('',(-4.34918643038433,9.55807420746314,12.5436389905877));
#9340=CARTESIAN_POINT('',(-5.48089537549778,8.95723121527598,12.578810629145));
#9341=CARTESIAN_POINT('',(-6.53100252123349,8.22302932190231,12.6139822677023));
#9342=CARTESIAN_POINT('',(-7.48387344528887,7.36639962370217,12.6491539062595));
#9343=CARTESIAN_POINT('',(-8.32532141782869,6.4000959720175,12.6843255448168));
#9344=CARTESIAN_POINT('',(-9.04281861922085,5.33850508860495,12.719497183374));
#9345=CARTESIAN_POINT('',(-9.62568265932832,4.19743237028247,12.7546688219313));
#9346=CARTESIAN_POINT('',(-10.065235621273,2.99386657175051,12.7898404604886));
#9347=CARTESIAN_POINT('',(-10.354933261793,1.74572687010354,12.8250120990458));
#9348=CARTESIAN_POINT('',(-10.4904624445972,0.4715960768336,12.8601837376031));
#9349=CARTESIAN_POINT('',(-10.4698053560927,-0.809556030624671,12.8953553761603));
#9350=CARTESIAN_POINT('',(-10.2932695474145,-2.07865513865547,12.9305270147176));
#9351=CARTESIAN_POINT('',(-9.96348335547849,-3.31680638360037,12.9656986532749));
#9352=CARTESIAN_POINT('',(-9.48535677123318,-4.50557566617296,13.0008702918321));
#9353=CARTESIAN_POINT('',(-8.86600833771716,-5.6272641058261,13.0360419303894));
#9354=CARTESIAN_POINT('',(-8.1146591662954,-6.66517154888357,13.0712135689466));
#9355=CARTESIAN_POINT('',(-7.24249564900305,-7.60384520721989,13.1063852075039));
#9356=CARTESIAN_POINT('',(-6.26250291099134,-8.42930972565453,13.1415568460612));
#9357=CARTESIAN_POINT('',(-5.18927148270329,-9.12927525272359,13.1767284846184));
#9358=CARTESIAN_POINT('',(-4.03878007012266,-9.69332041698659,13.2119001231757));
#9359=CARTESIAN_POINT('',(-2.82815765730067,-10.1130474846428,13.2470717617329));
#9360=CARTESIAN_POINT('',(-1.57542848307521,-10.3822073884076,13.2822434002902));
#9361=CARTESIAN_POINT('',(-0.299243688872606,-10.4967927661671,13.3174150388475));
#9362=CARTESIAN_POINT('',(0.981396367071268,-10.4550976242161,13.3525866774047));
#9363=CARTESIAN_POINT('',(2.2474249947718,-10.2577427367849,13.387758315962));
#9364=CARTESIAN_POINT('',(3.47999304513048,-9.90766640370135,13.4229299545192));
#9365=CARTESIAN_POINT('',(4.66074954373257,-9.41008070378706,13.4581015930765));
#9366=CARTESIAN_POINT('',(5.77211490761743,-8.77239389530871,13.4932732316338));
#9367=CARTESIAN_POINT('',(6.79754267725925,-8.00410011881586,13.528444870191));
#9368=CARTESIAN_POINT('',(7.72176586698581,-7.11663804451526,13.5636165087483));
#9369=CARTESIAN_POINT('',(8.53102426607018,-6.12322056869673,13.5987881473056));
#9370=CARTESIAN_POINT('',(9.21326930634432,-5.0386380947596,13.6339597858628));
#9371=CARTESIAN_POINT('',(9.75834344618201,-3.87903832767165,13.6691314244201));
#9372=CARTESIAN_POINT('',(10.1581314001097,-2.66168586037033,13.7043030629773));
#9373=CARTESIAN_POINT('',(10.4066809624768,-1.40470513148173,13.7394747015346));
#9374=CARTESIAN_POINT('',(10.5002916263148,-0.126810581307084,13.7746463400919));
#9375=CARTESIAN_POINT('',(10.4375696779893,1.15297197637547,13.8098179786491));
#9376=CARTESIAN_POINT('',(10.2194489473757,2.41558861836417,13.8449896172064));
#9377=CARTESIAN_POINT('',(9.84917690462033,3.64224099459145,13.8801612557636));
#9378=CARTESIAN_POINT('',(9.33226631048403,4.81466620560488,13.9153328943209));
#9379=CARTESIAN_POINT('',(8.676413140118,5.9154087080418,13.9505045328782));
#9380=CARTESIAN_POINT('',(7.89138200225578,6.92808019985786,13.9856761714354));
#9381=CARTESIAN_POINT('',(6.9888607597472,7.83760361603308,14.0208478099927));
#9382=CARTESIAN_POINT('',(5.9822865159029,8.6304376020475,14.0560194485499));
#9383=CARTESIAN_POINT('',(4.88664555743536,9.29477812307462,14.0911910871072));
#9384=CARTESIAN_POINT('',(3.71825023252747,9.82073420725241,14.1263627256645));
#9385=CARTESIAN_POINT('',(2.49449608595875,10.2004752064954,14.1615343642217));
#9386=CARTESIAN_POINT('',(1.23360286715941,10.4283473823668,14.196706002779));
#9387=CARTESIAN_POINT('',(-0.0456567328271214,10.5009580812405,14.2318776413362));
#9388=CARTESIAN_POINT('',(-1.32423657681042,10.417226245489,14.2670492798935));
#9389=CARTESIAN_POINT('',(-2.58310064806272,10.1783985087827,14.3022209184508));
#9390=CARTESIAN_POINT('',(-3.80350646637808,9.78803063542276,14.337392557008));
#9391=CARTESIAN_POINT('',(-4.96728413336599,9.25193458171568,14.3725641955653));
#9392=CARTESIAN_POINT('',(-6.05710685468478,8.57809196132416,14.4077358341225));
#9393=CARTESIAN_POINT('',(-7.05674890319066,7.77653522623617,14.4429074726798));
#9394=CARTESIAN_POINT('',(-7.95132721361312,6.85919824550232,14.4780791112371));
#9395=CARTESIAN_POINT('',(-8.72752289509275,5.83973883060981,14.5132507497943));
#9396=CARTESIAN_POINT('',(-9.37377979915737,4.73333463978816,14.5484223883516));
#9397=CARTESIAN_POINT('',(-9.71157697392058,3.94875155710277,14.5718701473898));
#9398=CARTESIAN_POINT('',(-9.85595844672538,3.54763415481677,14.5835940269088));
#9399=CARTESIAN_POINT('',(-1.47514791880337,-10.3706105711115,16.904922171688));
#9400=CARTESIAN_POINT('',(-9.85595844672538,3.54763415481677,14.5835940269088));
#9401=CARTESIAN_POINT('',(-10.0003399195302,3.14651675253077,14.5953179064279));
#9402=CARTESIAN_POINT('',(-10.2400673988832,2.32663366296424,14.6187656654661));
#9403=CARTESIAN_POINT('',(-10.4472008258668,1.06216778246571,14.6539373040234));
#9404=CARTESIAN_POINT('',(-10.4987919452164,-0.218111714739831,14.6891089425806));
#9405=CARTESIAN_POINT('',(-10.3940728158748,-1.49514397496278,14.7242805811379));
#9406=CARTESIAN_POINT('',(-10.1346024936766,-2.74991589710812,14.7594522196952));
#9407=CARTESIAN_POINT('',(-9.72424409040271,-3.96374596009936,14.7946238582524));
#9408=CARTESIAN_POINT('',(-9.16910718561066,-5.11856215929213,14.8297954968097));
#9409=CARTESIAN_POINT('',(-8.47745688417978,-6.19717112386645,14.8649671353669));
#9410=CARTESIAN_POINT('',(-7.65959075685673,-7.18351408424473,14.9001387739242));
#9411=CARTESIAN_POINT('',(-6.72768552723067,-8.06290596546396,14.9353104124815));
#9412=CARTESIAN_POINT('',(-5.6956157793461,-8.8222540235046,14.9704820510387));
#9413=CARTESIAN_POINT('',(-4.57874738735305,-9.45025277566687,15.005653689596));
#9414=CARTESIAN_POINT('',(-3.39370874209668,-9.93755232112037,15.0408253281532));
#9415=CARTESIAN_POINT('',(-2.15814318087888,-10.2768975460503,15.0759969667105));
#9416=CARTESIAN_POINT('',(-0.890446306275031,-10.4632361407372,15.1111686052678));
#9417=CARTESIAN_POINT('',(0.390507895077951,-10.4937938204003,15.146340243825));
#9418=CARTESIAN_POINT('',(1.66564805607085,-10.3681156298768,15.1815118823823));
#9419=CARTESIAN_POINT('',(2.91598937139188,-10.0880727171804,15.2166835209395));
#9420=CARTESIAN_POINT('',(4.1229162510292,-9.65783447508748,15.2518551594968));
#9421=CARTESIAN_POINT('',(5.26845947674594,-9.08380646552285,15.2870267980541));
#9422=CARTESIAN_POINT('',(6.33556373510932,-8.374535050948,15.3221984366113));
#9423=CARTESIAN_POINT('',(7.30834154393332,-7.54058015264126,15.3573700751686));
#9424=CARTESIAN_POINT('',(8.17230979157495,-6.59435803029508,15.3925417137258));
#9425=CARTESIAN_POINT('',(8.91460536739051,-5.54995642369211,15.4277133522831));
#9426=CARTESIAN_POINT('',(9.52417667295833,-4.42292480870582,15.4628849908404));
#9427=CARTESIAN_POINT('',(9.99194816277064,-3.23004289037986,15.4980566293976));
#9428=CARTESIAN_POINT('',(10.3109554646461,-1.98907077985506,15.5332282679549));
#9429=CARTESIAN_POINT('',(10.4764490681353,-0.718484574611828,15.5683999065121));
#9430=CARTESIAN_POINT('',(10.4859650371639,0.562798721183328,15.6035715450694));
#9431=CARTESIAN_POINT('',(10.3393616941148,1.83570284072928,15.6387431836267));
#9432=CARTESIAN_POINT('',(10.0388217291823,3.0812762698087,15.6739148221839));
#9433=CARTESIAN_POINT('',(9.58881970359299,4.28097440463919,15.7090864607412));
#9434=CARTESIAN_POINT('',(8.99605543051799,5.41693565147647,15.7442580992984));
#9435=CARTESIAN_POINT('',(8.26935422552994,6.47224735728627,15.7794297378557));
#9436=CARTESIAN_POINT('',(7.4195355117155,7.43119761220098,15.814601376413));
#9437=CARTESIAN_POINT('',(6.45925173570414,8.27950917482383,15.8497730149702));
#9438=CARTESIAN_POINT('',(5.4027999928971,9.00455203760521,15.8849446535275));
#9439=CARTESIAN_POINT('',(4.26590916649642,9.59553146753169,15.9201162920848));
#9440=CARTESIAN_POINT('',(3.06550574949498,10.0436487225013,15.955287930642));
#9441=CARTESIAN_POINT('',(1.81946183616486,10.3422320505744,15.9904595691993));
#9442=CARTESIAN_POINT('',(0.546329035049311,10.4868360217299,16.0256312077565));
#9443=CARTESIAN_POINT('',(-0.73493773493011,10.4753077132352,16.0608028463138));
#9444=CARTESIAN_POINT('',(-2.00526245301535,10.3078187632358,16.0959744848711));
#9445=CARTESIAN_POINT('',(-3.24573200816705,9.9868628153364,16.1311461234283));
#9446=CARTESIAN_POINT('',(-4.43787778515358,9.51721839222098,16.1663177619856));
#9447=CARTESIAN_POINT('',(-5.56395063280577,8.90587775106358,16.2014894005428));
#9448=CARTESIAN_POINT('',(-6.60718512059797,8.16194277995979,16.2366610391001));
#9449=CARTESIAN_POINT('',(-7.55204914919621,7.2964894853151,16.2718326776574));
#9450=CARTESIAN_POINT('',(-8.3844751986699,6.32240308775692,16.3070043162146));
#9451=CARTESIAN_POINT('',(-9.0920697714498,5.25418618172956,16.3421759547719));
#9452=CARTESIAN_POINT('',(-9.66429791176017,4.10774281496992,16.3773475933291));
#9453=CARTESIAN_POINT('',(-10.092640054325,2.90014170257673,16.4125192318864));
#9454=CARTESIAN_POINT('',(-10.3707188671204,1.64936210103834,16.4476908704437));
#9455=CARTESIAN_POINT('',(-10.4943941996881,0.374026125750074,16.4828625090009));
#9456=CARTESIAN_POINT('',(-10.4618247233777,-0.906878502613554,16.5180341475582));
#9457=CARTESIAN_POINT('',(-10.2734953458018,-2.17428115500564,16.5532057861154));
#9458=CARTESIAN_POINT('',(-9.93220999131351,-3.40931222529113,16.5883774246727));
#9459=CARTESIAN_POINT('',(-9.4430498551189,-4.59358406860593,16.62354906323));
#9460=CARTESIAN_POINT('',(-8.81329775208298,-5.70946476413362,16.6587207017872));
#9461=CARTESIAN_POINT('',(-8.05232968831405,-6.74034062615771,16.6938923403445));
#9462=CARTESIAN_POINT('',(-7.17147526328928,-7.67086355595205,16.7290639789018));
#9463=CARTESIAN_POINT('',(-6.18384900540525,-8.48717954834957,16.764235617459));
#9464=CARTESIAN_POINT('',(-5.10415506068664,-9.17713496389334,16.7994072560163));
#9465=CARTESIAN_POINT('',(-3.94846848368063,-9.7304574469796,16.8345788945735));
#9466=CARTESIAN_POINT('',(-2.73399511356385,-10.1389089775142,16.8697505331308));
#9467=CARTESIAN_POINT('',(-1.89721061264377,-10.3105750601689,16.893198292169));
#9468=CARTESIAN_POINT('',(-1.47514791880338,-10.3706105711115,16.904922171688));
#9469=CARTESIAN_POINT('',(-1.47514791880337,-10.3706105711115,16.904922171688));
#9470=CARTESIAN_POINT('',(-1.04902733410487,-10.4312232890771,16.9167587695881));
#9471=CARTESIAN_POINT('',(-0.189307002998629,-10.4998549870852,16.9404319653882));
#9472=CARTESIAN_POINT('',(1.10314788192984,-10.443460042401,16.9759417590885));
#9473=CARTESIAN_POINT('',(2.37886131184757,-10.2285781647882,17.0114515527887));
#9474=CARTESIAN_POINT('',(3.61847395205118,-9.85847041185946,17.0469613464889));
#9475=CARTESIAN_POINT('',(4.80317366760853,-9.33875341021576,17.0824711401891));
#9476=CARTESIAN_POINT('',(5.91498184152139,-8.67731423734211,17.1179809338893));
#9477=CARTESIAN_POINT('',(6.93702599032747,-7.88419069797872,17.1534907275895));
#9478=CARTESIAN_POINT('',(7.85379587558658,-6.97141900183556,17.1890005212897));
#9479=CARTESIAN_POINT('',(8.65137886671115,-5.95285110334404,17.2245103149899));
#9480=CARTESIAN_POINT('',(9.31767107923431,-4.84394448908382,17.2600201086901));
#9481=CARTESIAN_POINT('',(9.84256105864967,-3.66152759935411,17.2955299023903));
#9482=CARTESIAN_POINT('',(10.2180832291754,-2.42354444476183,17.3310396960905));
#9483=CARTESIAN_POINT('',(10.4385387769049,-1.14878229318779,17.3665494897907));
#9484=CARTESIAN_POINT('',(10.5005821333506,0.143413440256373,17.4020592834909));
#9485=CARTESIAN_POINT('',(10.4032717468012,1.43343277355335,17.4375690771911));
#9486=CARTESIAN_POINT('',(10.1480843710338,2.70169875309365,17.4730788708913));
#9487=CARTESIAN_POINT('',(9.73889265453385,3.92896454776006,17.5085886645915));
#9488=CARTESIAN_POINT('',(9.18190637032136,5.09660553317019,17.5440984582917));
#9489=CARTESIAN_POINT('',(8.48557817826405,6.18690193349286,17.5796082519919));
#9490=CARTESIAN_POINT('',(7.66047534999969,7.18330773154931,17.6151180456921));
#9491=CARTESIAN_POINT('',(6.7191194031327,8.07070176629855,17.6506278393923));
#9492=CARTESIAN_POINT('',(5.67579607836958,8.83561720712557,17.6861376330925));
#9493=CARTESIAN_POINT('',(4.54633854332367,9.46644592249797,17.7216474267927));
#9494=CARTESIAN_POINT('',(3.34788711302496,9.9536146415526,17.7571572204929));
#9495=CARTESIAN_POINT('',(2.09862913354536,10.2897302352357,17.7926670141931));
#9496=CARTESIAN_POINT('',(0.817522976189321,10.4696919122528,17.8281768078933));
#9497=CARTESIAN_POINT('',(-0.475989669167665,10.4907686271757,17.8636866015935));
#9498=CARTESIAN_POINT('',(-1.76227883544076,10.352640525984,17.8991963952937));
#9499=CARTESIAN_POINT('',(-3.02182417693706,10.0574038000752,17.9347061889939));
#9500=CARTESIAN_POINT('',(-4.23551120437486,9.60953887508157,17.9702159826941));
#9501=CARTESIAN_POINT('',(-5.38492136074553,9.01584241724951,18.0057257763943));
#9502=CARTESIAN_POINT('',(-6.45261153591208,8.28532418923383,18.0412355700945));
#9503=CARTESIAN_POINT('',(-7.42237877811326,7.42907032059212,18.0767453637947));
#9504=CARTESIAN_POINT('',(-8.27950618518913,6.46007506794649,18.1122551574949));
#9505=CARTESIAN_POINT('',(-9.01098624395548,5.39304361797065,18.1477649511951));
#9506=CARTESIAN_POINT('',(-9.60571822839442,4.24416892580632,18.1832747448953));
#9507=CARTESIAN_POINT('',(-10.0546766610043,3.03088597554331,18.2187845385955));
#9508=CARTESIAN_POINT('',(-10.3510482807889,1.77160719203403,18.2542943322958));
#9509=CARTESIAN_POINT('',(-10.4903354393007,0.485443019354642,18.2898041259959));
#9510=CARTESIAN_POINT('',(-10.4704243556296,-0.808088093667928,18.3253139196962));
#9511=CARTESIAN_POINT('',(-10.2916171945192,-2.08935589968899,18.3608237133964));
#9512=CARTESIAN_POINT('',(-9.95662748080433,-3.33891625570049,18.3963335070966));
#9513=CARTESIAN_POINT('',(-9.47053891975641,-4.53780620162077,18.4318433007968));
#9514=CARTESIAN_POINT('',(-8.84072824826934,-5.66783173659393,18.467353094497));
#9515=CARTESIAN_POINT('',(-8.076753287672,-6.71184392579034,18.5028628881972));
#9516=CARTESIAN_POINT('',(-7.19020789704566,-7.65399914759274,18.5383726818974));
#9517=CARTESIAN_POINT('',(-6.19454602823214,-8.47999953173377,18.5738824755976));
#9518=CARTESIAN_POINT('',(-5.1048775526206,-9.17730993956449,18.6093922692978));
#9519=CARTESIAN_POINT('',(-3.93773895819172,-9.73534819363253,18.644902062998));
#9520=CARTESIAN_POINT('',(-2.71084239662988,-10.145645669675,18.6804118566982));
#9521=CARTESIAN_POINT('',(-1.44280688897879,-10.4019758140293,18.7159216503984));
#9522=CARTESIAN_POINT('',(-0.152875768654415,-10.5004486357456,18.7514314440986));
#9523=CARTESIAN_POINT('',(1.13937534895118,-10.4395697408136,18.7869412377988));
#9524=CARTESIAN_POINT('',(2.41433564310594,-10.2202630074012,18.822451031499));
#9525=CARTESIAN_POINT('',(3.65265668510547,-9.84585657746118,18.8579608251992));
#9526=CARTESIAN_POINT('',(4.83554610416741,-9.32203230463503,18.8934706188994));
#9527=CARTESIAN_POINT('',(5.94505262624496,-8.65673969678024,18.9289804125996));
#9528=CARTESIAN_POINT('',(6.96433905213164,-7.86007464711098,18.9644902062998));
#9529=CARTESIAN_POINT('',(7.5734034861058,-7.24944392977306,18.9881634020999));
#9530=CARTESIAN_POINT('',(7.85801079613176,-6.92656417914948,19.));
#9531=CARTESIAN_POINT('',(-9.96792033490717,3.21965668929844,1.69687484176637));
#9532=CARTESIAN_POINT('',(-9.96792033490717,3.21965668929844,1.69687484176637));
#9533=VECTOR('',#9534,1.);
#9534=DIRECTION('',(0.824102361138815,-0.266186585622621,-0.500000000000001));
#9535=CARTESIAN_POINT('',(-1.47514791880336,-10.3706105711115,16.6786718552208));
#9536=CARTESIAN_POINT('',(-1.47514791880336,-10.3706105711115,16.6786718552208));
#9537=CARTESIAN_POINT('',(-1.05308522496296,-10.4306460820541,16.6903957347399));
#9538=CARTESIAN_POINT('',(-0.201622566878959,-10.4991215287677,16.7138434937781));
#9539=CARTESIAN_POINT('',(1.07857470891531,-10.4455197138002,16.7490151323353));
#9540=CARTESIAN_POINT('',(2.34271333729302,-10.236400697917,16.7841867708926));
#9541=CARTESIAN_POINT('',(3.57197280082966,-9.87487800014298,16.8193584094498));
#9542=CARTESIAN_POINT('',(4.74805125270612,-9.36633409865777,16.8545300480071));
#9543=CARTESIAN_POINT('',(5.85343879399076,-8.71834040692034,16.8897016865644));
#9544=CARTESIAN_POINT('',(6.87167795593527,-7.94054451720205,16.9248733251216));
#9545=CARTESIAN_POINT('',(7.78760878232164,-7.044526571397,16.9600449636789));
#9546=CARTESIAN_POINT('',(8.58759452182044,-6.04362684899283,16.9952166022361));
#9547=CARTESIAN_POINT('',(9.259724661573,-4.95274715214497,17.0303882407934));
#9548=CARTESIAN_POINT('',(9.79399225465693,-3.78812894142999,17.0655598793507));
#9549=CARTESIAN_POINT('',(10.1824429078747,-2.56711152641695,17.1007315179079));
#9550=CARTESIAN_POINT('',(10.4192932099164,-1.30787391096344,17.1359031564652));
#9551=CARTESIAN_POINT('',(10.5010168371598,-0.0291641368159161,17.1710747950224));
#9552=CARTESIAN_POINT('',(10.4263970550056,1.24997984486148,17.2062464335797));
#9553=CARTESIAN_POINT('',(10.1965448331182,2.51051361824626,17.241418072137));
#9554=CARTESIAN_POINT('',(9.81488230485709,3.73366984386571,17.2765897106942));
#9555=CARTESIAN_POINT('',(9.28709181716384,4.90123767437954,17.3117613492515));
#9556=CARTESIAN_POINT('',(8.62103132946972,5.99583388508142,17.3469329878087));
#9557=CARTESIAN_POINT('',(7.82661742119992,7.00116168241806,17.382104626366));
#9558=CARTESIAN_POINT('',(6.91567764970605,7.90225333727951,17.4172762649233));
#9559=CARTESIAN_POINT('',(5.90177445678206,8.68569303063744,17.4524479034805));
#9560=CARTESIAN_POINT('',(4.80000324551498,9.33981659371503,17.4876195420378));
#9561=CARTESIAN_POINT('',(3.62676763378456,9.85488516887547,17.522791180595));
#9562=CARTESIAN_POINT('',(2.39953523052897,10.2232302056952,17.5579628191523));
#9563=CARTESIAN_POINT('',(1.13657757087888,10.4393676334615,17.5931344577096));
#9564=CARTESIAN_POINT('',(-0.143301917888469,10.5000795102475,17.6283060962668));
#9565=CARTESIAN_POINT('',(-1.42104786942192,10.4044619329401,17.6634777348241));
#9566=CARTESIAN_POINT('',(-2.67763668234034,10.1539384949178,17.6986493733814));
#9567=CARTESIAN_POINT('',(-3.89435975134685,9.75223909101283,17.7338210119386));
#9568=CARTESIAN_POINT('',(-5.05310200855315,9.20534438532014,17.7689926504959));
#9569=CARTESIAN_POINT('',(-6.13661162797765,8.52139676863826,17.8041642890531));
#9570=CARTESIAN_POINT('',(-7.12875687774687,7.71057913124337,17.8393359276104));
#9571=CARTESIAN_POINT('',(-8.01476629588032,6.78496325587765,17.8745075661677));
#9572=CARTESIAN_POINT('',(-8.781448613824,5.75833008813819,17.9096792047249));
#9573=CARTESIAN_POINT('',(-9.4173891534214,4.64596456015432,17.9448508432822));
#9574=CARTESIAN_POINT('',(-9.91311977328426,3.46442802230176,17.9800224818394));
#9575=CARTESIAN_POINT('',(-10.2612598343322,2.2313116710827,18.0151941203967));
#9576=CARTESIAN_POINT('',(-10.456626085749,0.964974644238115,18.050365758954));
#9577=CARTESIAN_POINT('',(-10.4963098353288,-0.315729317561618,18.0855373975112));
#9578=CARTESIAN_POINT('',(-10.3797202552687,-1.59173257287551,18.1207090360685));
#9579=CARTESIAN_POINT('',(-10.1085931786532,-2.84403746629251,18.1558806746257));
#9580=CARTESIAN_POINT('',(-9.68696525566522,-4.0539991732515,18.191052313183));
#9581=CARTESIAN_POINT('',(-9.12111385429689,-5.20360329177219,18.2262239517403));
#9582=CARTESIAN_POINT('',(-8.41946360034148,-6.27573404819818,18.2613955902975));
#9583=CARTESIAN_POINT('',(-7.59246094813853,-7.25442912379605,18.2965672288548));
#9584=CARTESIAN_POINT('',(-6.65241864951305,-8.12511730824854,18.331738867412));
#9585=CARTESIAN_POINT('',(-5.6133324365188,-8.87483544175975,18.3669105059693));
#9586=CARTESIAN_POINT('',(-4.49067264728749,-9.49242141585028,18.4020821445266));
#9587=CARTESIAN_POINT('',(-3.3011538973429,-9.96868035936787,18.4372537830838));
#9588=CARTESIAN_POINT('',(-2.06248622560721,-10.2965215354686,18.4724254216411));
#9589=CARTESIAN_POINT('',(-0.793111420138925,-10.471063911391,18.5075970601984));
#9590=CARTESIAN_POINT('',(0.488071550707954,-10.4897088292563,18.5427686987556));
#9591=CARTESIAN_POINT('',(1.76198791381096,-10.3521786959449,18.5779403373129));
#9592=CARTESIAN_POINT('',(3.00967108425892,-10.0605211160136,18.6131119758701));
#9593=CARTESIAN_POINT('',(4.21254504758218,-9.61907840613196,18.6482836144274));
#9594=CARTESIAN_POINT('',(5.35270092700942,-9.03442294488474,18.6834552529847));
#9595=CARTESIAN_POINT('',(6.41316361811351,-8.31525932060549,18.7186268915419));
#9596=CARTESIAN_POINT('',(7.37814452105134,-7.47229473362998,18.7537985300992));
#9597=CARTESIAN_POINT('',(8.23327660772892,-6.51807958424564,18.7889701686564));
#9598=CARTESIAN_POINT('',(8.96582832369936,-5.46682061311267,18.8241418072137));
#9599=CARTESIAN_POINT('',(9.56489314169101,-4.33416940088951,18.859313445771));
#9600=CARTESIAN_POINT('',(10.0215519388099,-3.13698928381685,18.8944850843282));
#9601=CARTESIAN_POINT('',(10.3290058015459,-1.89310449942187,18.9296567228855));
#9602=CARTESIAN_POINT('',(10.4826772004651,-0.621034013688833,18.9648283614427));
#9603=CARTESIAN_POINT('',(10.4810779535151,0.233176140385265,18.9882761204809));
#9604=CARTESIAN_POINT('',(10.4542724984185,0.658643703993837,19.));
#9605=CARTESIAN_POINT('',(-9.85595844672538,3.54763415481678,14.3573437104416));
#9606=CARTESIAN_POINT('',(-9.85595844672538,3.54763415481679,14.3573437104416));
#9607=CARTESIAN_POINT('',(-10.0003399195302,3.14651675253078,14.3690675899607));
#9608=CARTESIAN_POINT('',(-10.2400673988832,2.32663366296426,14.3925153489989));
#9609=CARTESIAN_POINT('',(-10.4472008258668,1.06216778246573,14.4276869875561));
#9610=CARTESIAN_POINT('',(-10.4987919452164,-0.218111714739813,14.4628586261134));
#9611=CARTESIAN_POINT('',(-10.3940728158748,-1.49514397496277,14.4980302646706));
#9612=CARTESIAN_POINT('',(-10.1346024936766,-2.74991589710811,14.5332019032279));
#9613=CARTESIAN_POINT('',(-9.72424409040272,-3.96374596009934,14.5683735417852));
#9614=CARTESIAN_POINT('',(-9.16910718561066,-5.11856215929211,14.6035451803424));
#9615=CARTESIAN_POINT('',(-8.47745688417979,-6.19717112386644,14.6387168188997));
#9616=CARTESIAN_POINT('',(-7.65959075685674,-7.18351408424471,14.6738884574569));
#9617=CARTESIAN_POINT('',(-6.72768552723069,-8.06290596546395,14.7090600960142));
#9618=CARTESIAN_POINT('',(-5.69561577934611,-8.82225402350459,14.7442317345715));
#9619=CARTESIAN_POINT('',(-4.57874738735306,-9.45025277566686,14.7794033731287));
#9620=CARTESIAN_POINT('',(-3.3937087420967,-9.93755232112036,14.814575011686));
#9621=CARTESIAN_POINT('',(-2.15814318087889,-10.2768975460503,14.8497466502432));
#9622=CARTESIAN_POINT('',(-0.890446306275048,-10.4632361407372,14.8849182888005));
#9623=CARTESIAN_POINT('',(0.390507895077935,-10.4937938204003,14.9200899273578));
#9624=CARTESIAN_POINT('',(1.66564805607084,-10.3681156298768,14.955261565915));
#9625=CARTESIAN_POINT('',(2.91598937139186,-10.0880727171804,14.9904332044723));
#9626=CARTESIAN_POINT('',(4.12291625102919,-9.65783447508749,15.0256048430295));
#9627=CARTESIAN_POINT('',(5.26845947674593,-9.08380646552286,15.0607764815868));
#9628=CARTESIAN_POINT('',(6.3355637351093,-8.37453505094801,15.0959481201441));
#9629=CARTESIAN_POINT('',(7.30834154393331,-7.54058015264127,15.1311197587013));
#9630=CARTESIAN_POINT('',(8.17230979157494,-6.59435803029509,15.1662913972586));
#9631=CARTESIAN_POINT('',(8.9146053673905,-5.54995642369212,15.2014630358158));
#9632=CARTESIAN_POINT('',(9.52417667295833,-4.42292480870583,15.2366346743731));
#9633=CARTESIAN_POINT('',(9.99194816277063,-3.23004289037987,15.2718063129304));
#9634=CARTESIAN_POINT('',(10.3109554646461,-1.98907077985507,15.3069779514876));
#9635=CARTESIAN_POINT('',(10.4764490681353,-0.718484574611842,15.3421495900449));
#9636=CARTESIAN_POINT('',(10.4859650371639,0.562798721183314,15.3773212286022));
#9637=CARTESIAN_POINT('',(10.3393616941148,1.83570284072927,15.4124928671594));
#9638=CARTESIAN_POINT('',(10.0388217291823,3.08127626980868,15.4476645057167));
#9639=CARTESIAN_POINT('',(9.58881970359299,4.28097440463918,15.4828361442739));
#9640=CARTESIAN_POINT('',(8.99605543051799,5.41693565147646,15.5180077828312));
#9641=CARTESIAN_POINT('',(8.26935422552995,6.47224735728625,15.5531794213885));
#9642=CARTESIAN_POINT('',(7.41953551171551,7.43119761220098,15.5883510599457));
#9643=CARTESIAN_POINT('',(6.45925173570415,8.27950917482382,15.623522698503));
#9644=CARTESIAN_POINT('',(5.40279999289711,9.0045520376052,15.6586943370602));
#9645=CARTESIAN_POINT('',(4.26590916649643,9.59553146753168,15.6938659756175));
#9646=CARTESIAN_POINT('',(3.06550574949499,10.0436487225013,15.7290376141748));
#9647=CARTESIAN_POINT('',(1.81946183616487,10.3422320505744,15.764209252732));
#9648=CARTESIAN_POINT('',(0.546329035049325,10.4868360217299,15.7993808912893));
#9649=CARTESIAN_POINT('',(-0.734937734930096,10.4753077132352,15.8345525298465));
#9650=CARTESIAN_POINT('',(-2.00526245301534,10.3078187632358,15.8697241684038));
#9651=CARTESIAN_POINT('',(-3.24573200816703,9.98686281533641,15.9048958069611));
#9652=CARTESIAN_POINT('',(-4.43787778515357,9.51721839222099,15.9400674455183));
#9653=CARTESIAN_POINT('',(-5.56395063280576,8.90587775106359,15.9752390840756));
#9654=CARTESIAN_POINT('',(-6.60718512059796,8.1619427799598,16.0104107226328));
#9655=CARTESIAN_POINT('',(-7.5520491491962,7.29648948531511,16.0455823611901));
#9656=CARTESIAN_POINT('',(-8.38447519866989,6.32240308775694,16.0807539997474));
#9657=CARTESIAN_POINT('',(-9.09206977144979,5.25418618172956,16.1159256383046));
#9658=CARTESIAN_POINT('',(-9.66429791176017,4.10774281496993,16.1510972768619));
#9659=CARTESIAN_POINT('',(-10.092640054325,2.90014170257674,16.1862689154191));
#9660=CARTESIAN_POINT('',(-10.3707188671204,1.64936210103835,16.2214405539764));
#9661=CARTESIAN_POINT('',(-10.4943941996881,0.374026125750083,16.2566121925337));
#9662=CARTESIAN_POINT('',(-10.4618247233777,-0.906878502613544,16.2917838310909));
#9663=CARTESIAN_POINT('',(-10.2734953458018,-2.17428115500563,16.3269554696482));
#9664=CARTESIAN_POINT('',(-9.93220999131351,-3.40931222529112,16.3621271082054));
#9665=CARTESIAN_POINT('',(-9.44304985511891,-4.59358406860593,16.3972987467627));
#9666=CARTESIAN_POINT('',(-8.81329775208298,-5.70946476413361,16.43247038532));
#9667=CARTESIAN_POINT('',(-8.05232968831406,-6.7403406261577,16.4676420238772));
#9668=CARTESIAN_POINT('',(-7.17147526328928,-7.67086355595205,16.5028136624345));
#9669=CARTESIAN_POINT('',(-6.18384900540525,-8.48717954834957,16.5379853009917));
#9670=CARTESIAN_POINT('',(-5.10415506068665,-9.17713496389334,16.573156939549));
#9671=CARTESIAN_POINT('',(-3.94846848368064,-9.7304574469796,16.6083285781063));
#9672=CARTESIAN_POINT('',(-2.73399511356386,-10.1389089775142,16.6435002166635));
#9673=CARTESIAN_POINT('',(-1.89721061264377,-10.3105750601689,16.6669479757017));
#9674=CARTESIAN_POINT('',(-1.47514791880337,-10.3706105711115,16.6786718552208));
#9675=CARTESIAN_POINT('',(5.47268494977638,8.93170445326597,12.0360155656624));
#9676=CARTESIAN_POINT('',(5.47268494977637,8.93170445326597,12.0360155656624));
#9677=CARTESIAN_POINT('',(5.10918279951409,9.1544315662555,12.0477394451815));
#9678=CARTESIAN_POINT('',(4.35495264106324,9.5554482903423,12.0711872042196));
#9679=CARTESIAN_POINT('',(3.15876784860024,10.014708741284,12.1063588427769));
#9680=CARTESIAN_POINT('',(1.91555437034203,10.3248659305247,12.1415304813342));
#9681=CARTESIAN_POINT('',(0.643821249914794,10.4813023716394,12.1767021198914));
#9682=CARTESIAN_POINT('',(-0.637497319098175,10.4816889056176,12.2118737584487));
#9683=CARTESIAN_POINT('',(-1.90932457519342,10.3260197962477,12.247045397006));
#9684=CARTESIAN_POINT('',(-3.15272502877297,10.0166127035392,12.2822170355632));
#9685=CARTESIAN_POINT('',(-4.34918643038433,9.55807420746314,12.3173886741205));
#9686=CARTESIAN_POINT('',(-5.48089537549778,8.95723121527598,12.3525603126777));
#9687=CARTESIAN_POINT('',(-6.53100252123349,8.22302932190231,12.387731951235));
#9688=CARTESIAN_POINT('',(-7.48387344528887,7.36639962370217,12.4229035897923));
#9689=CARTESIAN_POINT('',(-8.32532141782869,6.4000959720175,12.4580752283495));
#9690=CARTESIAN_POINT('',(-9.04281861922085,5.33850508860495,12.4932468669068));
#9691=CARTESIAN_POINT('',(-9.62568265932832,4.19743237028247,12.528418505464));
#9692=CARTESIAN_POINT('',(-10.065235621273,2.99386657175051,12.5635901440213));
#9693=CARTESIAN_POINT('',(-10.354933261793,1.74572687010354,12.5987617825786));
#9694=CARTESIAN_POINT('',(-10.4904624445972,0.4715960768336,12.6339334211358));
#9695=CARTESIAN_POINT('',(-10.4698053560927,-0.809556030624671,12.6691050596931));
#9696=CARTESIAN_POINT('',(-10.2932695474145,-2.07865513865547,12.7042766982503));
#9697=CARTESIAN_POINT('',(-9.96348335547849,-3.31680638360037,12.7394483368076));
#9698=CARTESIAN_POINT('',(-9.48535677123318,-4.50557566617296,12.7746199753649));
#9699=CARTESIAN_POINT('',(-8.86600833771716,-5.6272641058261,12.8097916139221));
#9700=CARTESIAN_POINT('',(-8.1146591662954,-6.66517154888357,12.8449632524794));
#9701=CARTESIAN_POINT('',(-7.24249564900305,-7.60384520721989,12.8801348910366));
#9702=CARTESIAN_POINT('',(-6.26250291099134,-8.42930972565453,12.9153065295939));
#9703=CARTESIAN_POINT('',(-5.18927148270329,-9.12927525272359,12.9504781681512));
#9704=CARTESIAN_POINT('',(-4.03878007012266,-9.69332041698659,12.9856498067084));
#9705=CARTESIAN_POINT('',(-2.82815765730067,-10.1130474846428,13.0208214452657));
#9706=CARTESIAN_POINT('',(-1.57542848307521,-10.3822073884076,13.0559930838229));
#9707=CARTESIAN_POINT('',(-0.299243688872606,-10.4967927661671,13.0911647223802));
#9708=CARTESIAN_POINT('',(0.981396367071268,-10.4550976242161,13.1263363609375));
#9709=CARTESIAN_POINT('',(2.2474249947718,-10.2577427367849,13.1615079994947));
#9710=CARTESIAN_POINT('',(3.47999304513048,-9.90766640370135,13.196679638052));
#9711=CARTESIAN_POINT('',(4.66074954373257,-9.41008070378706,13.2318512766092));
#9712=CARTESIAN_POINT('',(5.77211490761743,-8.77239389530871,13.2670229151665));
#9713=CARTESIAN_POINT('',(6.79754267725925,-8.00410011881586,13.3021945537238));
#9714=CARTESIAN_POINT('',(7.72176586698581,-7.11663804451526,13.337366192281));
#9715=CARTESIAN_POINT('',(8.53102426607018,-6.12322056869673,13.3725378308383));
#9716=CARTESIAN_POINT('',(9.21326930634432,-5.0386380947596,13.4077094693956));
#9717=CARTESIAN_POINT('',(9.75834344618201,-3.87903832767165,13.4428811079528));
#9718=CARTESIAN_POINT('',(10.1581314001097,-2.66168586037033,13.4780527465101));
#9719=CARTESIAN_POINT('',(10.4066809624768,-1.40470513148173,13.5132243850673));
#9720=CARTESIAN_POINT('',(10.5002916263148,-0.126810581307084,13.5483960236246));
#9721=CARTESIAN_POINT('',(10.4375696779893,1.15297197637547,13.5835676621819));
#9722=CARTESIAN_POINT('',(10.2194489473757,2.41558861836417,13.6187393007391));
#9723=CARTESIAN_POINT('',(9.84917690462033,3.64224099459145,13.6539109392964));
#9724=CARTESIAN_POINT('',(9.33226631048403,4.81466620560488,13.6890825778536));
#9725=CARTESIAN_POINT('',(8.676413140118,5.9154087080418,13.7242542164109));
#9726=CARTESIAN_POINT('',(7.89138200225578,6.92808019985786,13.7594258549682));
#9727=CARTESIAN_POINT('',(6.9888607597472,7.83760361603308,13.7945974935254));
#9728=CARTESIAN_POINT('',(5.9822865159029,8.6304376020475,13.8297691320827));
#9729=CARTESIAN_POINT('',(4.88664555743536,9.29477812307462,13.8649407706399));
#9730=CARTESIAN_POINT('',(3.71825023252747,9.82073420725241,13.9001124091972));
#9731=CARTESIAN_POINT('',(2.49449608595875,10.2004752064954,13.9352840477545));
#9732=CARTESIAN_POINT('',(1.23360286715941,10.4283473823668,13.9704556863117));
#9733=CARTESIAN_POINT('',(-0.0456567328271214,10.5009580812405,14.005627324869));
#9734=CARTESIAN_POINT('',(-1.32423657681042,10.417226245489,14.0407989634262));
#9735=CARTESIAN_POINT('',(-2.58310064806272,10.1783985087827,14.0759706019835));
#9736=CARTESIAN_POINT('',(-3.80350646637808,9.78803063542276,14.1111422405408));
#9737=CARTESIAN_POINT('',(-4.96728413336599,9.25193458171568,14.146313879098));
#9738=CARTESIAN_POINT('',(-6.05710685468478,8.57809196132416,14.1814855176553));
#9739=CARTESIAN_POINT('',(-7.05674890319066,7.77653522623617,14.2166571562125));
#9740=CARTESIAN_POINT('',(-7.95132721361312,6.85919824550232,14.2518287947698));
#9741=CARTESIAN_POINT('',(-8.72752289509275,5.83973883060981,14.2870004333271));
#9742=CARTESIAN_POINT('',(-9.37377979915737,4.73333463978816,14.3221720718843));
#9743=CARTESIAN_POINT('',(-9.71157697392058,3.94875155710277,14.3456198309225));
#9744=CARTESIAN_POINT('',(-9.85595844672538,3.54763415481677,14.3573437104416));
#9745=CARTESIAN_POINT('',(7.63625948352122,-7.17029749036483,9.71468742088318));
#9746=CARTESIAN_POINT('',(7.6362594835212,-7.17029749036485,9.71468742088318));
#9747=CARTESIAN_POINT('',(7.92807596372446,-6.85951730761869,9.72641130040227));
#9748=CARTESIAN_POINT('',(8.4737161561415,-6.20228498542721,9.74985905944044));
#9749=CARTESIAN_POINT('',(9.16601731486875,-5.1240932932204,9.7850306979977));
#9750=CARTESIAN_POINT('',(9.72185081141637,-3.96961230217885,9.82020233655497));
#9751=CARTESIAN_POINT('',(10.1329415112154,-2.75603003210446,9.85537397511223));
#9752=CARTESIAN_POINT('',(10.3931688374793,-1.50141488658312,9.89054561366949));
#9753=CARTESIAN_POINT('',(10.4986584443937,-0.224446060106989,9.92571725222675));
#9754=CARTESIAN_POINT('',(10.4478397532366,1.05586440911882,9.96088889078401));
#9755=CARTESIAN_POINT('',(10.2414693751053,2.32045474000052,9.99606052934127));
#9756=CARTESIAN_POINT('',(9.88261983564924,3.5504971968866,10.0312321678985));
#9757=CARTESIAN_POINT('',(9.37663383288058,4.72767840755931,10.0664038064558));
#9758=CARTESIAN_POINT('',(8.7310446921575,5.83447201936283,10.1015754450131));
#9759=CARTESIAN_POINT('',(7.95546420717492,6.85439963888525,10.1367470835703));
#9760=CARTESIAN_POINT('',(7.06143953561664,7.77227616892366,10.1719187221276));
#9761=CARTESIAN_POINT('',(6.06228128039009,8.57443589040241,10.2070903606848));
#9762=CARTESIAN_POINT('',(4.972865315953,9.24893592315249,10.2422619992421));
#9763=CARTESIAN_POINT('',(3.80941131024552,9.78573403636961,10.2774336377994));
#9764=CARTESIAN_POINT('',(2.58924123967717,10.1768381614303,10.3126052763566));
#9765=CARTESIAN_POINT('',(1.33052149249739,10.41642538106,10.3477769149139));
#9766=CARTESIAN_POINT('',(0.0519924002189774,10.5009286232937,10.3829485534711));
#9767=CARTESIAN_POINT('',(-1.22731077605901,10.4290897694937,10.4181201920284));
#9768=CARTESIAN_POINT('',(-2.48834125036014,10.2019783857321,10.4532918305857));
#9769=CARTESIAN_POINT('',(-3.71232428812645,9.82297579865569,10.4884634691429));
#9770=CARTESIAN_POINT('',(-4.88103673210215,9.29772475291986,10.5236351077002));
#9771=CARTESIAN_POINT('',(-5.97707831611018,8.63404539971122,10.5588067462574));
#9772=CARTESIAN_POINT('',(-6.98413072729163,7.84181886715639,10.5939783848147));
#9773=CARTESIAN_POINT('',(-7.88720055978425,6.9328401460677,10.629150023372));
#9774=CARTESIAN_POINT('',(-8.6728425426466,5.92064248132314,10.6643216619292));
#9775=CARTESIAN_POINT('',(-9.32935971852007,4.82029588341257,10.6994933004865));
#9776=CARTESIAN_POINT('',(-9.84697759268706,3.64818275999269,10.7346649390437));
#9777=CARTESIAN_POINT('',(-10.2179896597237,2.4217540079392,10.769836577601));
#9778=CARTESIAN_POINT('',(-10.4368721410865,1.15926919729684,10.8050082161583));
#9779=CARTESIAN_POINT('',(-10.5003662253744,-0.120475284625507,10.8401798547155));
#9780=CARTESIAN_POINT('',(-10.4075265868376,-1.39842608151348,10.8753514932728));
#9781=CARTESIAN_POINT('',(-10.1597354597722,-2.65555654216501,10.91052313183));
#9782=CARTESIAN_POINT('',(-9.76068205925381,-3.87314999701146,10.9456947703873));
#9783=CARTESIAN_POINT('',(-9.2163076546028,-5.03307841950619,10.9808664089446));
#9784=CARTESIAN_POINT('',(-8.53471711335078,-6.11807232355636,11.0160380475018));
#9785=CARTESIAN_POINT('',(-7.72605823267635,-7.11197787865534,11.0512096860591));
#9786=CARTESIAN_POINT('',(-6.80237065487365,-7.99999741468101,11.0863813246163));
#9787=CARTESIAN_POINT('',(-5.77740661626144,-8.76890973562663,11.1215529631736));
#9788=CARTESIAN_POINT('',(-4.66642619829577,-9.4072669621441,11.1567246017309));
#9789=CARTESIAN_POINT('',(-3.48597012927107,-9.90556497222742,11.1918962402881));
#9790=CARTESIAN_POINT('',(-2.25361351923023,-10.2563849024465,11.2270678788454));
#9791=CARTESIAN_POINT('',(-0.987704194578549,-10.4545036030029,11.2622395174027));
#9792=CARTESIAN_POINT('',(0.29291047181777,-10.4969714021087,11.2974111559599));
#9793=CARTESIAN_POINT('',(1.56916416798403,-10.3831560218993,11.3325827945172));
#9794=CARTESIAN_POINT('',(2.8220555098439,-10.1147519920435,11.3677544330744));
#9795=CARTESIAN_POINT('',(4.03293094155335,-9.69575542089684,11.4029260716317));
#9796=CARTESIAN_POINT('',(5.18376245722641,-9.13240449981488,11.438097710189));
#9797=CARTESIAN_POINT('',(6.25741600921868,-8.4330866264235,11.4732693487462));
#9798=CARTESIAN_POINT('',(7.23790660679704,-7.60821352963183,11.5084409873035));
#9799=CARTESIAN_POINT('',(8.11063630718274,-6.67006625557785,11.5436126258607));
#9800=CARTESIAN_POINT('',(8.86261155566037,-5.63261232241876,11.578784264418));
#9801=CARTESIAN_POINT('',(9.48263663890514,-4.51129776624037,11.6139559029753));
#9802=CARTESIAN_POINT('',(9.96148037131494,-3.32281717418918,11.6491275415325));
#9803=CARTESIAN_POINT('',(10.2920135326606,-2.08486512867228,11.6842991800898));
#9804=CARTESIAN_POINT('',(10.4693150107982,-0.8158727632071,11.719470818647));
#9805=CARTESIAN_POINT('',(10.4907450692553,0.46526664774891,11.7546424572043));
#9806=CARTESIAN_POINT('',(10.355984648449,1.73947897970683,11.7898140957616));
#9807=CARTESIAN_POINT('',(10.067040116917,2.98779324089184,11.8249857343188));
#9808=CARTESIAN_POINT('',(9.62821339617049,4.19162402223846,11.8601573728761));
#9809=CARTESIAN_POINT('',(9.04603792505877,5.33304819647949,11.8953290114333));
#9810=CARTESIAN_POINT('',(8.3291813383048,6.39507179495913,11.9305006499906));
#9811=CARTESIAN_POINT('',(7.48831660199223,7.36188290876917,11.9656722885479));
#9812=CARTESIAN_POINT('',(6.53596242804339,8.2190875207966,12.0008439271051));
#9813=CARTESIAN_POINT('',(5.83618710003865,8.70897734027643,12.0242916861433));
#9814=CARTESIAN_POINT('',(5.47268494977637,8.93170445326597,12.0360155656624));
#9815=CARTESIAN_POINT('',(-8.56992102564855,-6.02346068420363,7.39335927610398));
#9816=CARTESIAN_POINT('',(-8.56992102564854,-6.02346068420364,7.39335927610398));
#9817=CARTESIAN_POINT('',(-8.32477846386934,-6.37223898701258,7.40508315562307));
#9818=CARTESIAN_POINT('',(-7.79185776878164,-7.03982649263364,7.42853091466124));
#9819=CARTESIAN_POINT('',(-6.8764675366404,-7.93639714931347,7.4637025532185));
#9820=CARTESIAN_POINT('',(-5.85869788482633,-8.71480717648866,7.49887419177576));
#9821=CARTESIAN_POINT('',(-4.75370149572951,-9.36346769616223,7.53404583033302));
#9822=CARTESIAN_POINT('',(-3.57793008165167,-9.87272107763688,7.56921746889028));
#9823=CARTESIAN_POINT('',(-2.34888898504589,-10.2349853786836,7.60438910744754));
#9824=CARTESIAN_POINT('',(-1.08487667510917,-10.4448670532256,7.6395607460048));
#9825=CARTESIAN_POINT('',(0.195287720293688,-10.4992412996327,7.67473238456207));
#9826=CARTESIAN_POINT('',(1.47254459261049,-10.3972985714483,7.70990402311932));
#9827=CARTESIAN_POINT('',(2.72787762217628,-10.1405566336199,7.74507566167659));
#9828=CARTESIAN_POINT('',(3.94259690027906,-9.73283796449368,7.78024730023385));
#9829=CARTESIAN_POINT('',(5.09861719229207,-9.18021284544401,7.81541893879111));
#9830=CARTESIAN_POINT('',(6.17872719795648,-8.49090898399112,7.85059057734837));
#9831=CARTESIAN_POINT('',(7.16684580023163,-7.6751890163625,7.88576221590563));
#9832=CARTESIAN_POINT('',(8.0482614875024,-6.74519771318637,7.92093385446289));
#9833=CARTESIAN_POINT('',(8.80985138454816,-5.7147811632086,7.95610549302015));
#9834=CARTESIAN_POINT('',(9.44027663124579,-4.59928062709198,7.99127713157741));
#9835=CARTESIAN_POINT('',(9.93015120013078,-3.41530413048827,8.02644877013467));
#9836=CARTESIAN_POINT('',(10.2721816393913,-2.1804791969979,8.06162040869193));
#9837=CARTESIAN_POINT('',(10.4612756607452,-0.913190402429563,8.09679204724919));
#9838=CARTESIAN_POINT('',(10.4946179554986,0.367694342241411,8.13196368580645));
#9839=CARTESIAN_POINT('',(10.371712110007,1.64310470400512,8.16713532436372));
#9840=CARTESIAN_POINT('',(10.0943879964835,2.89405185469082,8.20230696292098));
#9841=CARTESIAN_POINT('',(9.66677452911693,4.10191118436336,8.23747860147824));
#9842=CARTESIAN_POINT('',(9.09523819111834,5.24869959209053,8.2726502400355));
#9843=CARTESIAN_POINT('',(8.38828824792963,6.31734322566335,8.30782187859276));
#9844=CARTESIAN_POINT('',(7.55645005781899,7.29193168405166,8.34299351715002));
#9845=CARTESIAN_POINT('',(6.61210836606639,8.15795489792533,8.37816515570728));
#9846=CARTESIAN_POINT('',(5.56932291583903,8.90251916146769,8.41333679426454));
#9847=CARTESIAN_POINT('',(4.44361912101699,9.51453909911148,8.4485084328218));
#9848=CARTESIAN_POINT('',(3.25175691751729,9.98490270911877,8.48368007137906));
#9849=CARTESIAN_POINT('',(2.01148123455172,10.3066070267686,8.51885170993632));
#9850=CARTESIAN_POINT('',(0.741257800903929,10.4748623873437,8.55402334849358));
#9851=CARTESIAN_POINT('',(-0.540001780350607,10.4871637366071,8.58919498705084));
#9852=CARTESIAN_POINT('',(-1.81322159548249,10.343327927068,8.6243666256081));
#9853=CARTESIAN_POINT('',(-3.05944543007012,10.0454964447563,8.65953826416536));
#9854=CARTESIAN_POINT('',(-4.26011899682937,9.59810352590774,8.69470990272262));
#9855=CARTESIAN_POINT('',(-5.3973661793887,9.00781013825114,8.72988154127988));
#9856=CARTESIAN_POINT('',(-6.45425517917983,8.28340480981217,8.76505317983715));
#9857=CARTESIAN_POINT('',(-7.41505060294088,7.43567278173368,8.80022481839441));
#9858=CARTESIAN_POINT('',(-8.26544773765086,6.47723543321928,8.83539645695167));
#9859=CARTESIAN_POINT('',(-8.99278552491472,5.42236236930669,8.87056809550893));
#9860=CARTESIAN_POINT('',(-9.58623506395003,4.28675896918452,8.90573973406619));
#9861=CARTESIAN_POINT('',(-10.0369608366658,3.08733255811963,8.94091137262345));
#9862=CARTESIAN_POINT('',(-10.3382522544493,1.84194068432238,8.97608301118071));
#9863=CARTESIAN_POINT('',(-10.4856235681385,0.569125248506255,9.01125464973797));
#9864=CARTESIAN_POINT('',(-10.4768806536797,-0.712163555470824,9.04642628829523));
#9865=CARTESIAN_POINT('',(-10.3121536791391,-1.98284937879969,9.08159792685249));
#9866=CARTESIAN_POINT('',(-9.9938951667076,-3.22401373415925,9.11676956540975));
#9867=CARTESIAN_POINT('',(-9.5268434785528,-4.41717766184983,9.15194120396701));
#9868=CARTESIAN_POINT('',(-8.91795227015621,-5.54457685206046,9.18711284252427));
#9869=CARTESIAN_POINT('',(-8.17628696146234,-6.5894261271381,9.22228448108153));
#9870=CARTESIAN_POINT('',(-7.31288976721958,-7.53616934613889,9.25745611963879));
#9871=CARTESIAN_POINT('',(-6.34061529599655,-8.37071101098146,9.29262775819605));
#9872=CARTESIAN_POINT('',(-5.2739391655407,-9.08062612595383,9.32779939675332));
#9873=CARTESIAN_POINT('',(-4.12874248389805,-9.65534518610695,9.36297103531058));
#9874=CARTESIAN_POINT('',(-2.92207540500322,-10.0863115403274,9.39814267386784));
#9875=CARTESIAN_POINT('',(-1.67190327910775,-10.3671087862972,9.4333143124251));
#9876=CARTESIAN_POINT('',(-0.39683917713644,-10.4935563002847,9.46848595098236));
#9877=CARTESIAN_POINT('',(0.884133227526137,-10.4637714807769,9.50365758953962));
#9878=CARTESIAN_POINT('',(2.15194229850811,-10.2781977744104,9.53882922809688));
#9879=CARTESIAN_POINT('',(3.3877123721952,-9.93959808497558,9.57400086665414));
#9880=CARTESIAN_POINT('',(4.57304482559987,-9.45301359631419,9.6091725052114));
#9881=CARTESIAN_POINT('',(5.69029185582638,-8.82568887337505,9.64434414376866));
#9882=CARTESIAN_POINT('',(6.72281977529154,-8.06696341904798,9.67951578232592));
#9883=CARTESIAN_POINT('',(7.34444300331795,-7.481077673111,9.7029635413641));
#9884=CARTESIAN_POINT('',(7.6362594835212,-7.17029749036485,9.71468742088318));
#9885=CARTESIAN_POINT('',(-4.16033404839252,9.61338887207762,5.07203113132478));
#9886=CARTESIAN_POINT('',(-4.16033404839252,9.61338887207762,5.07203113132478));
#9887=CARTESIAN_POINT('',(-4.55157936384067,9.44407176353323,5.08375501084386));
#9888=CARTESIAN_POINT('',(-5.31337004275786,9.05761024354839,5.10720276988204));
#9889=CARTESIAN_POINT('',(-6.37694979103633,8.34306399691995,5.1423744084393));
#9890=CARTESIAN_POINT('',(-7.34558655721207,7.50430297626316,5.17754604699656));
#9891=CARTESIAN_POINT('',(-8.20485933979717,6.55381479916223,5.21271768555382));
#9892=CARTESIAN_POINT('',(-8.94197481378825,5.50575077310806,5.24788932411108));
#9893=CARTESIAN_POINT('',(-9.54595853701071,4.3757148873765,5.28306096266834));
#9894=CARTESIAN_POINT('',(-10.0078181453707,3.1805315796175,5.3182326012256));
#9895=CARTESIAN_POINT('',(-10.320677287536,1.9379952239751,5.35340423978286));
#9896=CARTESIAN_POINT('',(-10.4798779887287,0.666605207320136,5.38857587834012));
#9897=CARTESIAN_POINT('',(-10.4830500043322,-0.614709498782817,5.42374751689738));
#9898=CARTESIAN_POINT('',(-10.3301461080428,-1.8868721598636,5.45891915545464));
#9899=CARTESIAN_POINT('',(-10.023442795266,-3.1309423008453,5.49409079401191));
#9900=CARTESIAN_POINT('',(-9.5675063896543,-4.32839769950872,5.52926243256916));
#9901=CARTESIAN_POINT('',(-8.96912505784311,-5.46141015287809,5.56443407112642));
#9902=CARTESIAN_POINT('',(-8.2372077444597,-6.51311091075548,5.59960570968369));
#9903=CARTESIAN_POINT('',(-7.38265153213393,-7.46784182453468,5.63477734824095));
#9904=CARTESIAN_POINT('',(-6.41817940129984,-8.31138847208572,5.66994898679821));
#9905=CARTESIAN_POINT('',(-5.35815080528864,-9.03119178785246,5.70512062535547));
#9906=CARTESIAN_POINT('',(-4.21834788094759,-9.61653504732832,5.74029226391273));
#9907=CARTESIAN_POINT('',(-3.01574047776803,-10.0587034220092,5.77546390246999));
#9908=CARTESIAN_POINT('',(-1.76823350386462,-10.3511137293047,5.81063554102725));
#9909=CARTESIAN_POINT('',(-0.494400350421451,-10.4894124456374,5.84580717958451));
#9910=CARTESIAN_POINT('',(0.786793636509645,-10.471540523473,5.88097881814177));
#9911=CARTESIAN_POINT('',(2.05627351979423,-10.2977640472572,5.91615045669903));
#9912=CARTESIAN_POINT('',(3.29513876663706,-9.97067027184204,5.95132209525629));
#9913=CARTESIAN_POINT('',(4.48494464740107,-9.49512910238389,5.98649373381355));
#9914=CARTESIAN_POINT('',(5.60797684824367,-8.87822058921449,6.02166537237081));
#9915=CARTESIAN_POINT('',(6.64751520902553,-8.12912951717238,6.05683701092808));
#9916=CARTESIAN_POINT('',(7.58808265985483,-7.25900865879078,6.09200864948534));
#9917=CARTESIAN_POINT('',(8.41567564999819,-6.28081272728431,6.1271802880426));
#9918=CARTESIAN_POINT('',(9.11797263843927,-5.20910550151001,6.16235192659986));
#9919=CARTESIAN_POINT('',(9.68451754199248,-4.0598429945047,6.19752356515712));
#9920=CARTESIAN_POINT('',(10.106875409722,-2.85013589387362,6.23269520371438));
#9921=CARTESIAN_POINT('',(10.3787580059215,-1.59799481091449,6.26786684227164));
#9922=CARTESIAN_POINT('',(10.4961174319252,-0.322062131311714,6.3030384808289));
#9923=CARTESIAN_POINT('',(10.4572063928691,0.958665540283549,6.33821011938616));
#9924=CARTESIAN_POINT('',(10.2626042121276,2.22512020942923,6.37338175794342));
#9925=CARTESIAN_POINT('',(9.91520820611158,3.45844638394852,6.40855339650068));
#9926=CARTESIAN_POINT('',(9.42019054784337,4.64028180216584,6.44372503505794));
#9927=CARTESIAN_POINT('',(8.78492126154114,5.75303081772654,6.4788966736152));
#9928=CARTESIAN_POINT('',(8.01885849470112,6.78012637073592,6.51406831217246));
#9929=CARTESIAN_POINT('',(7.13340770135098,7.70627664488471,6.54923995072972));
#9930=CARTESIAN_POINT('',(6.1417518330118,8.51769273822936,6.58441158928699));
#9931=CARTESIAN_POINT('',(5.05865506555428,9.20229395797216,6.61958322784425));
#9932=CARTESIAN_POINT('',(3.90024298414392,9.74988768272872,6.65475486640151));
#9933=CARTESIAN_POINT('',(2.68376249897078,10.1523211144204,6.68992650495877));
#9934=CARTESIAN_POINT('',(1.42732506623639,10.4036026604481,6.72509814351603));
#9935=CARTESIAN_POINT('',(0.149637037427871,10.4999911389591,6.76026978207329));
#9936=CARTESIAN_POINT('',(-1.13027884845071,10.4400514790845,6.79544142063055));
#9937=CARTESIAN_POINT('',(-2.39336668315321,10.2246760868578,6.83061305918781));
#9938=CARTESIAN_POINT('',(-3.62082110130327,9.85707155871083,6.86578469774507));
#9939=CARTESIAN_POINT('',(-4.79436726232218,9.34271094036215,6.90095633630233));
#9940=CARTESIAN_POINT('',(-5.89653293368763,8.68925224188626,6.93612797485959));
#9941=CARTESIAN_POINT('',(-6.91090862463765,7.90642442214561,6.97129961341685));
#9942=CARTESIAN_POINT('',(-7.82239189734187,7.00588254009298,7.00647125197411));
#9943=CARTESIAN_POINT('',(-8.61741221814134,6.00103422951842,7.04164289053137));
#9944=CARTESIAN_POINT('',(-9.28413300116047,4.90684008072716,7.07681452908863));
#9945=CARTESIAN_POINT('',(-9.81262783625709,3.73959090125159,7.1119861676459));
#9946=CARTESIAN_POINT('',(-10.1950282772835,2.51666517144117,7.14715780620316));
#9947=CARTESIAN_POINT('',(-10.4256409913478,1.25627030748305,7.18232944476042));
#9948=CARTESIAN_POINT('',(-10.5010325210991,-0.022828421388394,7.21750108331768));
#9949=CARTESIAN_POINT('',(-10.4200804122849,-1.30158726526182,7.25267272187494));
#9950=CARTESIAN_POINT('',(-10.1839898922825,-2.56096757162888,7.2878443604322));
#9951=CARTESIAN_POINT('',(-9.79627604943366,-3.78221906523043,7.32301599898946));
#9952=CARTESIAN_POINT('',(-9.26271103900314,-4.94715966421527,7.35818763754672));
#9953=CARTESIAN_POINT('',(-8.81506358742774,-5.6746823813947,7.38163539658489));
#9954=CARTESIAN_POINT('',(-8.56992102564855,-6.02346068420364,7.39335927610398));
#9955=CARTESIAN_POINT('',(10.2573357514272,2.12430889526292,2.75070298654557));
#9956=CARTESIAN_POINT('',(10.2573357514272,2.12430889526298,2.75070298654557));
#9957=CARTESIAN_POINT('',(10.1708807130535,2.54176153502678,2.76242686606466));
#9958=CARTESIAN_POINT('',(9.94693924766553,3.36609627588997,2.78587462510284));
#9959=CARTESIAN_POINT('',(9.46293267568458,4.5524840109067,2.82104626366009));
#9960=CARTESIAN_POINT('',(8.83803819306686,5.6710921282358,2.85621790221736));
#9961=CARTESIAN_POINT('',(8.08155938210903,6.70526682250753,2.89138954077462));
#9962=CARTESIAN_POINT('',(7.20475903404269,7.63961074972957,2.92656117933188));
#9963=CARTESIAN_POINT('',(6.22069130179691,8.46021305249958,2.96173281788914));
#9964=CARTESIAN_POINT('',(5.14400738792735,9.15485626062491,2.9969044564464));
#9965=CARTESIAN_POINT('',(3.99073739990705,9.71319824602558,3.03207609500366));
#9966=CARTESIAN_POINT('',(2.77805169048779,10.1269261854743,3.06724773356092));
#9967=CARTESIAN_POINT('',(1.52400521766899,10.3898803293272,3.10241937211818));
#9968=CARTESIAN_POINT('',(0.247268735364197,10.4981457092999,3.13759101067544));
#9969=CARTESIAN_POINT('',(-1.03314918443657,10.4501104263969,3.1727626492327));
#9970=CARTESIAN_POINT('',(-2.29818515900123,10.2464896494426,3.20793428778996));
#9971=CARTESIAN_POINT('',(-3.52900481825506,9.89031496737701,3.24310592634722));
#9972=CARTESIAN_POINT('',(-4.70728321854109,9.3868892537214,3.27827756490448));
#9973=CARTESIAN_POINT('',(-5.81547767183427,8.74370771524221,3.31344920346174));
#9974=CARTESIAN_POINT('',(-6.83708892841526,7.9703463002639,3.34862084201901));
#9975=CARTESIAN_POINT('',(-7.75690682441046,7.078319128056,3.38379248057627));
#9976=CARTESIAN_POINT('',(-8.56123673689764,6.08090706194259,3.41896411913353));
#9977=CARTESIAN_POINT('',(-9.2381034750216,4.99295997840789,3.45413575769079));
#9978=CARTESIAN_POINT('',(-9.77742957150588,3.83067567609572,3.48930739624805));
#9979=CARTESIAN_POINT('',(-10.171185320084,2.61135871639578,3.52447903480531));
#9980=CARTESIAN_POINT('',(-10.4135083250322,1.35316278609591,3.55965067336257));
#9981=CARTESIAN_POINT('',(-10.5007907829007,0.074820417910193,3.59482231191983));
#9982=CARTESIAN_POINT('',(-10.4317331969595,-1.20463590708657,3.62999395047709));
#9983=CARTESIAN_POINT('',(-10.2073637246334,-2.46615712277752,3.66516558903435));
#9984=CARTESIAN_POINT('',(-9.83102286987682,-3.6909611882473,3.70033722759161));
#9985=CARTESIAN_POINT('',(-9.30831374839172,-4.86081272244577,3.73550886614887));
#9986=CARTESIAN_POINT('',(-8.64701866616273,-5.95829449995737,3.77068050470613));
#9987=CARTESIAN_POINT('',(-7.85698325332043,-6.96706676573659,3.80585214326339));
#9988=CARTESIAN_POINT('',(-6.94996987839578,-7.87211050802645,3.84102378182065));
#9989=CARTESIAN_POINT('',(-5.93948252539373,-8.65995106751369,3.87619542037791));
#9990=CARTESIAN_POINT('',(-4.84056574098738,-9.31885875353674,3.91136705893518));
#9991=CARTESIAN_POINT('',(-3.66958064518848,-9.83902348049069,3.94653869749244));
#9992=CARTESIAN_POINT('',(-2.44396134033871,-10.2127008243715,3.9817103360497));
#9993=CARTESIAN_POINT('',(-1.18195534510368,-10.4343273249103,4.01688197460696));
#9994=CARTESIAN_POINT('',(0.0976480820062675,-10.5006033166323,4.05205361316422));
#9995=CARTESIAN_POINT('',(1.37579768475818,-10.4105420556186,4.08722525172148));
#9996=CARTESIAN_POINT('',(2.63346385204742,-10.1654844105507,4.12239689027874));
#9997=CARTESIAN_POINT('',(3.85192193848708,-9.76907889931241,4.157568528836));
#9998=CARTESIAN_POINT('',(5.01303104454369,-9.22722736837183,4.19274016739326));
#9999=CARTESIAN_POINT('',(6.09950410562739,-8.54799712369065,4.22791180595052));
#10000=CARTESIAN_POINT('',(7.09516526894006,-7.74150082139217,4.26308344450778));
#10001=CARTESIAN_POINT('',(7.98519072615048,-6.81974590642419,4.29825508306504));
#10002=CARTESIAN_POINT('',(8.75632941628152,-5.79645584083515,4.3334267216223));
#10003=CARTESIAN_POINT('',(9.39710031289519,-4.68686578328994,4.36859836017956));
#10004=CARTESIAN_POINT('',(9.89796335828347,-3.50749576183161,4.40376999873682));
#10005=CARTESIAN_POINT('',(10.2514614997274,-2.27590471698518,4.43894163729409));
#10006=CARTESIAN_POINT('',(10.4523317131308,-1.01042907710999,4.47411327585135));
#10007=CARTESIAN_POINT('',(10.4975833610632,0.270090241803101,4.50928491440861));
#10008=CARTESIAN_POINT('',(10.3865427185867,1.54658834735149,4.54445655296587));
#10009=CARTESIAN_POINT('',(10.1208630039461,2.80006021659259,4.57962819152313));
#10010=CARTESIAN_POINT('',(9.70449976478403,4.01184365055458,4.61479983008039));
#10011=CARTESIAN_POINT('',(9.14365198633878,5.16389712464476,4.64997146863765));
#10012=CARTESIAN_POINT('',(8.44666979842976,6.23906839820449,4.68514310719491));
#10013=CARTESIAN_POINT('',(7.62393015533396,7.22134988404612,4.72031474575217));
#10014=CARTESIAN_POINT('',(6.68768233945092,8.09611697591282,4.75548638430943));
#10015=CARTESIAN_POINT('',(5.65186558907742,8.85034578559583,4.79065802286669));
#10016=CARTESIAN_POINT('',(4.53190156508697,9.47280704776132,4.82582966142395));
#10017=CARTESIAN_POINT('',(3.34446474798482,9.95423330625834,4.86100129998121));
#10018=CARTESIAN_POINT('',(2.10723417767645,10.2874568901374,4.89617293853847));
#10019=CARTESIAN_POINT('',(0.838630254854412,10.4675166349625,4.93134457709573));
#10020=CARTESIAN_POINT('',(-0.442459562126073,10.4917317238352,4.96651621565299));
#10021=CARTESIAN_POINT('',(-1.71696176470205,10.3597416856141,5.00168785421025));
#10022=CARTESIAN_POINT('',(-2.96590150237411,10.0735114440558,5.03685949276751));
#10023=CARTESIAN_POINT('',(-3.76908873294437,9.78270598062201,5.06030725180569));
#10024=CARTESIAN_POINT('',(-4.16033404839252,9.61338887207762,5.07203113132478));
#10025=CARTESIAN_POINT('',(-9.96792033490717,3.21965668929841,1.69687484176637));
#10026=CARTESIAN_POINT('',(-10.0945681505283,2.82756043229762,1.7082063271941));
#10027=CARTESIAN_POINT('',(-10.3015393117949,2.02840664758786,1.73086929804957));
#10028=CARTESIAN_POINT('',(-10.4687061104681,0.801460463642356,1.76486375433277));
#10029=CARTESIAN_POINT('',(-10.4902572606587,-0.436633402252987,1.79885821061597));
#10030=CARTESIAN_POINT('',(-10.3658931234227,-1.66865395523148,1.83285266689917));
#10031=CARTESIAN_POINT('',(-10.0973435199805,-2.8774641714025,1.86684712318237));
#10032=CARTESIAN_POINT('',(-9.6883438779847,-4.04625000913613,1.90084157946557));
#10033=CARTESIAN_POINT('',(-9.14458321763311,-5.15875411366238,1.93483603574877));
#10034=CARTESIAN_POINT('',(-8.47362503454592,-6.19950199652277,1.96883049203197));
#10035=CARTESIAN_POINT('',(-7.68480209055398,-7.1540172672102,2.00282494831517));
#10036=CARTESIAN_POINT('',(-6.78908659975523,-8.0090229973248,2.03681940459837));
#10037=CARTESIAN_POINT('',(-5.7989376090852,-8.75262639649118,2.07081386088157));
#10038=CARTESIAN_POINT('',(-4.72812769799619,-9.37448423658969,2.10480831716477));
#10039=CARTESIAN_POINT('',(-3.5915514073231,-9.8659467218904,2.13880277344797));
#10040=CARTESIAN_POINT('',(-2.40501806213796,-10.2201778042955,2.17279722973117));
#10041=CARTESIAN_POINT('',(-1.1850318703117,-10.4322502700506,2.20679168601437));
#10042=CARTESIAN_POINT('',(0.0514376444660441,-10.499214275333,2.24078614229757));
#10043=CARTESIAN_POINT('',(1.28719168202597,-10.4201383774088,2.27478059858077));
#10044=CARTESIAN_POINT('',(2.50504139420288,-10.1961224906312,2.30877505486397));
#10045=CARTESIAN_POINT('',(3.6880469748911,-9.83028258706859,2.34276951114717));
#10046=CARTESIAN_POINT('',(4.81975328602336,-9.32770735456918,2.37676396743037));
#10047=CARTESIAN_POINT('',(5.88441874201093,-8.69538741513706,2.41075842371357));
#10048=CARTESIAN_POINT('',(6.86723426894731,-7.94211808813746,2.44475287999677));
#10049=CARTESIAN_POINT('',(7.75452929296179,-7.07837705096095,2.47874733627997));
#10050=CARTESIAN_POINT('',(8.53396189242526,-6.11617859844522,2.51274179256317));
#10051=CARTESIAN_POINT('',(9.19469046937025,-5.06890652971522,2.54673624884637));
#10052=CARTESIAN_POINT('',(9.72752455111004,-3.95112798144375,2.58073070512957));
#10053=CARTESIAN_POINT('',(10.1250526286983,-2.77839081747334,2.61472516141277));
#10054=CARTESIAN_POINT('',(10.3817452382524,-1.56700731676342,2.64871961769597));
#10055=CARTESIAN_POINT('',(10.4940319102663,-0.333827453105953,2.68271407397917));
#10056=CARTESIAN_POINT('',(10.4603506965873,0.903996142048973,2.71670853026237));
#10057=CARTESIAN_POINT('',(10.3408971703151,1.72082824736385,2.73937150111784));
#10058=CARTESIAN_POINT('',(10.2573357514272,2.12430889526298,2.75070298654557));
#10059=CARTESIAN_POINT('',(-4.04133443718626E-15,9.,-5.));
#10060=AXIS2_PLACEMENT_3D('',#10061,#10062,#10063);
#10061=CARTESIAN_POINT('',(0.,0.,-5.));
#10062=DIRECTION('',(0.,0.,-1.));
#10063=DIRECTION('',(-3.06161699786838E-16,1.,0.));
#10064=CARTESIAN_POINT('',(-7.67611356626638,7.12761569655528,1.13125010548909));
#10065=CARTESIAN_POINT('',(-8.72013844949175,6.00324902040031,1.50531146871585));
#10066=CARTESIAN_POINT('',(-9.49631779035709,4.6797181329423,1.69687484176637));
#10067=CARTESIAN_POINT('',(-9.96792033490717,3.21965668929844,1.69687484176637));
#10068=CARTESIAN_POINT('',(-7.67611356626639,7.12761569655528,0.678749894510915));
#10069=CARTESIAN_POINT('',(-8.72013844949175,6.0032490204003,0.304688531284149));
#10070=CARTESIAN_POINT('',(-9.49631779035709,4.67971813294231,0.113125158233632));
#10071=CARTESIAN_POINT('',(-9.96792033490717,3.21965668929844,0.113125158233632));
#10072=CARTESIAN_POINT('',(5.2375,-9.07161610464199,0.));
#10073=CARTESIAN_POINT('',(0.,-10.475,0.));
#10074=AXIS2_PLACEMENT_3D('',#10075,#10076,#10077);
#10075=CARTESIAN_POINT('',(0.,0.,0.));
#10076=DIRECTION('',(0.,0.,1.));
#10077=DIRECTION('',(2.44929359829471E-15,-1.,0.));
#10078=CARTESIAN_POINT('',(-5.2375,-9.071616104642,0.));
#10079=AXIS2_PLACEMENT_3D('',#10080,#10081,#10082);
#10080=CARTESIAN_POINT('',(0.,0.,0.));
#10081=DIRECTION('',(0.,0.,1.));
#10082=DIRECTION('',(-0.5,-0.866025403784439,0.));
#10083=CARTESIAN_POINT('',(4.14580534251949E-15,-12.0954881395227,0.));
#10084=CARTESIAN_POINT('',(4.14580534251949E-15,-12.0954881395227,0.));
#10085=VECTOR('',#10086,1.);
#10086=DIRECTION('',(-0.866025403784439,0.499999999999999,0.));
#10087=CARTESIAN_POINT('',(5.2375,-9.07161610464199,0.));
#10088=VECTOR('',#10089,1.);
#10089=DIRECTION('',(-0.866025403784439,-0.5,0.));
#10090=CARTESIAN_POINT('',(10.475,1.99225003484233E-14,0.));
#10091=AXIS2_PLACEMENT_3D('',#10092,#10093,#10094);
#10092=CARTESIAN_POINT('',(0.,0.,0.));
#10093=DIRECTION('',(0.,0.,1.));
#10094=DIRECTION('',(0.5,-0.866025403784439,0.));
#10095=CARTESIAN_POINT('',(10.475,-6.04774406976133,0.));
#10096=CARTESIAN_POINT('',(10.475,-6.04774406976133,0.));
#10097=VECTOR('',#10098,1.);
#10098=DIRECTION('',(-0.866025403784439,-0.5,0.));
#10099=CARTESIAN_POINT('',(10.475,5.52639006940411E-15,0.));
#10100=VECTOR('',#10101,1.);
#10101=DIRECTION('',(2.93722224173146E-16,-1.,0.));
#10102=CARTESIAN_POINT('',(5.23749999999999,9.071616104642,0.));
#10103=AXIS2_PLACEMENT_3D('',#10104,#10105,#10106);
#10104=CARTESIAN_POINT('',(0.,0.,0.));
#10105=DIRECTION('',(0.,0.,1.));
#10106=DIRECTION('',(1.,4.16441809773759E-15,0.));
#10107=CARTESIAN_POINT('',(10.475,6.04774406976134,0.));
#10108=CARTESIAN_POINT('',(10.475,6.04774406976134,0.));
#10109=VECTOR('',#10110,1.);
#10110=DIRECTION('',(5.87444448346291E-16,-1.,0.));
#10111=CARTESIAN_POINT('',(5.23749999999999,9.071616104642,0.));
#10112=VECTOR('',#10113,1.);
#10113=DIRECTION('',(0.866025403784439,-0.499999999999999,0.));
#10114=CARTESIAN_POINT('',(-5.23750000000001,9.07161610464199,0.));
#10115=AXIS2_PLACEMENT_3D('',#10116,#10117,#10118);
#10116=CARTESIAN_POINT('',(0.,0.,0.));
#10117=DIRECTION('',(0.,0.,1.));
#10118=DIRECTION('',(0.499999999999999,0.866025403784439,0.));
#10119=CARTESIAN_POINT('',(-8.58669744102012E-15,12.0954881395227,0.));
#10120=CARTESIAN_POINT('',(-8.58669744102012E-15,12.0954881395227,0.));
#10121=VECTOR('',#10122,1.);
#10122=DIRECTION('',(0.866025403784439,-0.499999999999999,0.));
#10123=CARTESIAN_POINT('',(-5.23750000000001,9.07161610464199,0.));
#10124=VECTOR('',#10125,1.);
#10125=DIRECTION('',(0.866025403784438,0.500000000000001,0.));
#10126=CARTESIAN_POINT('',(-10.475,-5.43661047029414E-15,0.));
#10127=AXIS2_PLACEMENT_3D('',#10128,#10129,#10130);
#10128=CARTESIAN_POINT('',(0.,0.,0.));
#10129=DIRECTION('',(0.,0.,1.));
#10130=DIRECTION('',(-0.5,0.866025403784439,0.));
#10131=CARTESIAN_POINT('',(-10.475,6.04774406976132,0.));
#10132=CARTESIAN_POINT('',(-10.475,6.04774406976132,0.));
#10133=VECTOR('',#10134,1.);
#10134=DIRECTION('',(0.866025403784438,0.500000000000001,0.));
#10135=CARTESIAN_POINT('',(-10.475,-5.74843467432915E-15,0.));
#10136=VECTOR('',#10137,1.);
#10137=DIRECTION('',(-5.87444448346292E-16,1.,0.));
#10138=AXIS2_PLACEMENT_3D('',#10139,#10140,#10141);
#10139=CARTESIAN_POINT('',(0.,0.,0.));
#10140=DIRECTION('',(0.,0.,1.));
#10141=DIRECTION('',(-1.,-4.89239739022353E-16,0.));
#10142=CARTESIAN_POINT('',(-10.475,-6.04774406976133,0.));
#10143=CARTESIAN_POINT('',(-10.475,-6.04774406976133,0.));
#10144=VECTOR('',#10145,1.);
#10145=DIRECTION('',(-2.93722224173146E-16,1.,0.));
#10146=CARTESIAN_POINT('',(-5.2375,-9.071616104642,0.));
#10147=VECTOR('',#10148,1.);
#10148=DIRECTION('',(-0.866025403784439,0.5,0.));
#10149=CARTESIAN_POINT('',(4.14580534251949E-15,-12.0954881395227,-5.));
#10150=CARTESIAN_POINT('',(-10.475,-6.04774406976133,-5.));
#10151=CARTESIAN_POINT('',(4.14580534251949E-15,-12.0954881395227,-5.));
#10152=VECTOR('',#10153,1.);
#10153=DIRECTION('',(-0.866025403784439,0.5,0.));
#10154=CARTESIAN_POINT('',(-10.475,6.04774406976132,-5.));
#10155=CARTESIAN_POINT('',(-10.475,-6.04774406976133,-5.));
#10156=VECTOR('',#10157,1.);
#10157=DIRECTION('',(-4.40583336259719E-16,1.,0.));
#10158=CARTESIAN_POINT('',(-8.58669744102012E-15,12.0954881395227,-5.));
#10159=CARTESIAN_POINT('',(-10.475,6.04774406976132,-5.));
#10160=VECTOR('',#10161,1.);
#10161=DIRECTION('',(0.866025403784438,0.500000000000001,0.));
#10162=CARTESIAN_POINT('',(10.475,6.04774406976134,-5.));
#10163=CARTESIAN_POINT('',(-8.58669744102012E-15,12.0954881395227,-5.));
#10164=VECTOR('',#10165,1.);
#10165=DIRECTION('',(0.866025403784439,-0.499999999999999,0.));
#10166=CARTESIAN_POINT('',(10.475,-6.04774406976133,-5.));
#10167=CARTESIAN_POINT('',(10.475,6.04774406976134,-5.));
#10168=VECTOR('',#10169,1.);
#10169=DIRECTION('',(4.40583336259719E-16,-1.,0.));
#10170=CARTESIAN_POINT('',(10.475,-6.04774406976133,-5.));
#10171=VECTOR('',#10172,1.);
#10172=DIRECTION('',(-0.866025403784439,-0.5,0.));
#10173=CARTESIAN_POINT('',(-10.475,-6.04774406976133,0.));
#10174=VECTOR('',#10175,1.);
#10175=DIRECTION('',(0.,0.,-1.));
#10176=CARTESIAN_POINT('',(2.96108109095987E-15,-12.0954881395227,0.));
#10177=VECTOR('',#10178,1.);
#10178=DIRECTION('',(0.,0.,-1.));
#10179=CARTESIAN_POINT('',(10.475,-6.04774406976133,0.));
#10180=VECTOR('',#10181,1.);
#10181=DIRECTION('',(0.,0.,-1.));
#10182=CARTESIAN_POINT('',(10.475,6.04774406976134,0.));
#10183=VECTOR('',#10184,1.);
#10184=DIRECTION('',(0.,0.,-1.));
#10185=CARTESIAN_POINT('',(-8.73424081901069E-15,12.0954881395227,0.));
#10186=VECTOR('',#10187,1.);
#10187=DIRECTION('',(0.,0.,-1.));
#10188=CARTESIAN_POINT('',(-10.475,6.04774406976132,0.));
#10189=VECTOR('',#10190,1.);
#10190=DIRECTION('',(0.,0.,-1.));
#10191=CARTESIAN_POINT('',(10.2573357514272,2.12430889526298,2.75070298654557));
#10192=VECTOR('',#10193,1.);
#10193=DIRECTION('',(0.,0.,1.));
#10194=CARTESIAN_POINT('',(-4.16033404839252,9.61338887207762,5.07203113132478));
#10195=VECTOR('',#10196,1.);
#10196=DIRECTION('',(0.,0.,1.));
#10197=CARTESIAN_POINT('',(-8.56992102564855,-6.02346068420364,7.39335927610398));
#10198=VECTOR('',#10199,1.);
#10199=DIRECTION('',(0.,0.,1.));
#10200=CARTESIAN_POINT('',(7.6362594835212,-7.17029749036485,9.71468742088318));
#10201=VECTOR('',#10202,1.);
#10202=DIRECTION('',(0.,0.,1.));
#10203=CARTESIAN_POINT('',(-1.47514791880337,-10.3706105711115,16.6786718552208));
#10204=VECTOR('',#10205,1.);
#10205=DIRECTION('',(0.,0.,1.));
#10206=CARTESIAN_POINT('',(-9.85595844672538,3.54763415481677,14.3573437104416));
#10207=VECTOR('',#10208,1.);
#10208=DIRECTION('',(0.,0.,1.));
#10209=CARTESIAN_POINT('',(5.47268494977637,8.93170445326597,12.0360155656624));
#10210=VECTOR('',#10211,1.);
#10211=DIRECTION('',(0.,0.,1.));
ENDSEC;
END-ISO-10303-21;
