ISO-10303-21;
HEADER;
FILE_DESCRIPTION(('STEP AP242'),
    '1');
FILE_NAME('itemPillContainerCapWed',
    '',
    ('UNSPECIFIED'),
    ('UNSPECIFIED'),
    'C3D Converter',
    'C3D Toolkit',
    '');
FILE_SCHEMA(('AP242_MANAGED_MODEL_BASED_3D_ENGINEERING_MIM_LF { 1 0 10303 442 1 1 4 }'));
ENDSEC;

DATA;
#1=PRODUCT_DEFINITION('','UNSPECIFIED',#28,#31);
#2=SHAPE_DEFINITION_REPRESENTATION(#26,#3);
#3=SHAPE_REPRESENTATION('NONE',(#4),#8);
#4=AXIS2_PLACEMENT_3D('',#5,#6,#7);
#5=CARTESIAN_POINT('',(0.,0.,0.));
#6=DIRECTION('',(0.,0.,1.));
#7=DIRECTION('',(1.,0.,0.));
#8=(GEOMETRIC_REPRESENTATION_CONTEXT(3)GLOBAL_UNCERTAINTY_ASSIGNED_CONTEXT((#10))
GLOBAL_UNIT_ASSIGNED_CONTEXT((#9,#11,#12))REPRESENTATION_CONTEXT('NONE','NONE'));
#9=(LENGTH_UNIT()NAMED_UNIT(*)SI_UNIT(.MILLI.,.METRE.));
#10=UNCERTAINTY_MEASURE_WITH_UNIT(LENGTH_MEASURE(1.E-5),#9,'NONE','NONE');
#11=(NAMED_UNIT(*)PLANE_ANGLE_UNIT()SI_UNIT($,.RADIAN.));
#12=(NAMED_UNIT(*)SI_UNIT($,.STERADIAN.)SOLID_ANGLE_UNIT());
#13=MANIFOLD_SOLID_BREP('',#14);
#14=CLOSED_SHELL('',(#48,#49,#50,#51,#52,#53,#54,#55,#56,#57,#58,#59,#60,#61,#62,
#63,#64,#65,#66,#67,#68,#69,#70,#71,#72,#73,#74,#75,#76,#77,#78,#79,#80,#81,#82,
#83,#84,#85,#86,#87,#88,#89,#90,#91,#92,#93,#94,#95,#96,#97,#98,#99,#100,#101,#102,
#103,#104,#105,#106,#107,#108,#109,#110,#111,#112,#113,#114,#115,#116,#117,#118,
#119,#120,#121));
#15=COLOUR_RGB('',0.564705882352941,0.564705882352941,0.564705882352941);
#16=FILL_AREA_STYLE_COLOUR('',#15);
#17=FILL_AREA_STYLE($,(#16));
#18=SURFACE_STYLE_FILL_AREA(#17);
#19=SURFACE_SIDE_STYLE('',(#18));
#20=SURFACE_STYLE_USAGE(.BOTH.,#19);
#21=PRESENTATION_STYLE_ASSIGNMENT((#20));
#22=MECHANICAL_DESIGN_GEOMETRIC_PRESENTATION_REPRESENTATION('NONE',(#23),#8);
#23=STYLED_ITEM('',(#21),#13);
#24=ADVANCED_BREP_SHAPE_REPRESENTATION('NONE',(#13),#8);
#25=SHAPE_REPRESENTATION_RELATIONSHIP('','',#3,#24);
#26=PRODUCT_DEFINITION_SHAPE('NONE','NONE',#1);
#27=MECHANICAL_CONTEXT('NONE',#32,'mechanical');
#28=PRODUCT_DEFINITION_FORMATION_WITH_SPECIFIED_SOURCE('ANY','UNSPECIFIED',#29,.NOT_KNOWN.);
#29=PRODUCT('','itemPillContainerCapWed','NONE',(#27));
#30=PRODUCT_RELATED_PRODUCT_CATEGORY('detail','',(#29));
#31=DESIGN_CONTEXT('detailed design',#32,'design');
#32=APPLICATION_CONTEXT('configuration controlled 3d designs of mechanical parts and assemblies');
#33=APPLICATION_PROTOCOL_DEFINITION('international standard','config_control_design',
1994,#32);
#34=CC_DESIGN_DATE_AND_TIME_ASSIGNMENT(#35,#39,(#1));
#35=DATE_AND_TIME(#36,#37);
#36=CALENDAR_DATE(0,1,1);
#37=LOCAL_TIME(0,0,0.,#38);
#38=COORDINATED_UNIVERSAL_TIME_OFFSET(0,0,.AHEAD.);
#39=DATE_TIME_ROLE('creation_date');
#40=CC_DESIGN_APPROVAL(#41,(#1));
#41=APPROVAL(#42,'UNSPECIFIED');
#42=APPROVAL_STATUS('not_yet_approved');
#43=APPROVAL_DATE_TIME(#44,#41);
#44=DATE_AND_TIME(#45,#46);
#45=CALENDAR_DATE(0,1,1);
#46=LOCAL_TIME(0,0,0.,#47);
#47=COORDINATED_UNIVERSAL_TIME_OFFSET(0,0,.AHEAD.);
#48=ADVANCED_FACE('',(#122),#124,.T.);
#49=ADVANCED_FACE('',(#129,#131,#133),#135,.T.);
#50=ADVANCED_FACE('',(#140),#142,.T.);
#51=ADVANCED_FACE('',(#147),#149,.T.);
#52=ADVANCED_FACE('',(#154),#156,.T.);
#53=ADVANCED_FACE('',(#161),#163,.T.);
#54=ADVANCED_FACE('',(#168),#170,.T.);
#55=ADVANCED_FACE('',(#175),#177,.T.);
#56=ADVANCED_FACE('',(#182),#184,.T.);
#57=ADVANCED_FACE('',(#189),#191,.T.);
#58=ADVANCED_FACE('',(#196),#198,.T.);
#59=ADVANCED_FACE('',(#203),#205,.T.);
#60=ADVANCED_FACE('',(#210),#212,.T.);
#61=ADVANCED_FACE('',(#217),#219,.T.);
#62=ADVANCED_FACE('',(#224),#226,.T.);
#63=ADVANCED_FACE('',(#231),#233,.T.);
#64=ADVANCED_FACE('',(#238),#240,.F.);
#65=ADVANCED_FACE('',(#245),#247,.F.);
#66=ADVANCED_FACE('',(#252),#254,.F.);
#67=ADVANCED_FACE('',(#259),#261,.F.);
#68=ADVANCED_FACE('',(#266),#268,.F.);
#69=ADVANCED_FACE('',(#273),#275,.F.);
#70=ADVANCED_FACE('',(#280,#282),#284,.F.);
#71=ADVANCED_FACE('',(#289,#291),#293,.T.);
#72=ADVANCED_FACE('',(#298,#300),#302,.T.);
#73=ADVANCED_FACE('',(#307),#309,.F.);
#74=ADVANCED_FACE('',(#314),#316,.F.);
#75=ADVANCED_FACE('',(#339),#341,.T.);
#76=ADVANCED_FACE('',(#346),#348,.F.);
#77=ADVANCED_FACE('',(#371),#373,.T.);
#78=ADVANCED_FACE('',(#378),#380,.F.);
#79=ADVANCED_FACE('',(#403),#405,.T.);
#80=ADVANCED_FACE('',(#410),#412,.T.);
#81=ADVANCED_FACE('',(#479),#481,.T.);
#82=ADVANCED_FACE('',(#522),#524,.T.);
#83=ADVANCED_FACE('',(#577),#579,.T.);
#84=ADVANCED_FACE('',(#636),#638,.T.);
#85=ADVANCED_FACE('',(#691),#693,.T.);
#86=ADVANCED_FACE('',(#750),#752,.T.);
#87=ADVANCED_FACE('',(#791),#793,.T.);
#88=ADVANCED_FACE('',(#946),#948,.T.);
#89=ADVANCED_FACE('',(#953),#955,.F.);
#90=ADVANCED_FACE('',(#978),#980,.T.);
#91=ADVANCED_FACE('',(#985),#987,.F.);
#92=ADVANCED_FACE('',(#1008),#1010,.T.);
#93=ADVANCED_FACE('',(#1049),#1051,.T.);
#94=ADVANCED_FACE('',(#1106),#1108,.T.);
#95=ADVANCED_FACE('',(#1173),#1175,.T.);
#96=ADVANCED_FACE('',(#1238),#1240,.T.);
#97=ADVANCED_FACE('',(#1309),#1311,.T.);
#98=ADVANCED_FACE('',(#1374),#1376,.T.);
#99=ADVANCED_FACE('',(#1421),#1423,.T.);
#100=ADVANCED_FACE('',(#1456),#1458,.F.);
#101=ADVANCED_FACE('',(#1477),#1479,.T.);
#102=ADVANCED_FACE('',(#1484),#1486,.F.);
#103=ADVANCED_FACE('',(#1511),#1513,.T.);
#104=ADVANCED_FACE('',(#1536),#1538,.T.);
#105=ADVANCED_FACE('',(#1597),#1599,.T.);
#106=ADVANCED_FACE('',(#1658),#1660,.T.);
#107=ADVANCED_FACE('',(#1717),#1719,.T.);
#108=ADVANCED_FACE('',(#1780),#1782,.T.);
#109=ADVANCED_FACE('',(#1843),#1845,.T.);
#110=ADVANCED_FACE('',(#1900),#1902,.T.);
#111=ADVANCED_FACE('',(#1939),#1941,.F.);
#112=ADVANCED_FACE('',(#1964),#1966,.T.);
#113=ADVANCED_FACE('',(#1971),#1973,.T.);
#114=ADVANCED_FACE('',(#1978),#1980,.T.);
#115=ADVANCED_FACE('',(#2047),#2049,.T.);
#116=ADVANCED_FACE('',(#2104),#2106,.T.);
#117=ADVANCED_FACE('',(#2169),#2171,.T.);
#118=ADVANCED_FACE('',(#2244),#2246,.T.);
#119=ADVANCED_FACE('',(#2303),#2305,.T.);
#120=ADVANCED_FACE('',(#2370),#2372,.T.);
#121=ADVANCED_FACE('',(#2437),#2439,.T.);
#122=FACE_BOUND('',#123,.T.);
#123=EDGE_LOOP('',(#2502,#2503,#2504,#2505,#2506,#2507,#2508,#2509));
#124=PLANE('',#125);
#125=AXIS2_PLACEMENT_3D('',#126,#127,#128);
#126=CARTESIAN_POINT('',(0.,0.,10.));
#127=DIRECTION('',(0.,0.,1.));
#128=DIRECTION('',(-1.,1.22464679914735E-16,0.));
#129=FACE_BOUND('',#130,.T.);
#130=EDGE_LOOP('',(#2510,#2511,#2512,#2513,#2514,#2515));
#131=FACE_BOUND('',#132,.T.);
#132=EDGE_LOOP('',(#2516,#2517,#2518,#2519,#2520,#2521,#2522,#2523,#2524,#2525,#2526,
#2527,#2528,#2529,#2530,#2531,#2532,#2533,#2534,#2535,#2536,#2537));
#133=FACE_BOUND('',#134,.T.);
#134=EDGE_LOOP('',(#2538,#2539,#2540,#2541,#2542,#2543,#2544,#2545,#2546,#2547,#2548,
#2549,#2550,#2551,#2552,#2553,#2554));
#135=PLANE('',#136);
#136=AXIS2_PLACEMENT_3D('',#137,#138,#139);
#137=CARTESIAN_POINT('',(0.,0.,10.));
#138=DIRECTION('',(0.,0.,1.));
#139=DIRECTION('',(-1.,1.22464679914735E-16,0.));
#140=FACE_BOUND('',#141,.T.);
#141=EDGE_LOOP('',(#2555,#2556,#2557,#2558));
#142=PLANE('',#143);
#143=AXIS2_PLACEMENT_3D('',#144,#145,#146);
#144=CARTESIAN_POINT('',(15.5,-12.9489291724392,9.));
#145=DIRECTION('',(0.707106781186548,-6.79015048390514E-16,0.707106781186548));
#146=DIRECTION('',(9.60272290489288E-16,1.,8.61552160902986E-32));
#147=FACE_BOUND('',#148,.T.);
#148=EDGE_LOOP('',(#2559,#2560,#2561,#2562));
#149=PLANE('',#150);
#150=AXIS2_PLACEMENT_3D('',#151,#152,#153);
#151=CARTESIAN_POINT('',(18.9641016151378,6.94892917243919,9.));
#152=DIRECTION('',(0.353553390593274,0.612372435695794,0.707106781186548));
#153=DIRECTION('',(-0.866025403784439,0.5,0.));
#154=FACE_BOUND('',#155,.T.);
#155=EDGE_LOOP('',(#2563,#2564,#2565,#2566));
#156=PLANE('',#157);
#157=AXIS2_PLACEMENT_3D('',#158,#159,#160);
#158=CARTESIAN_POINT('',(3.46410161513777,19.8978583448784,9.));
#159=DIRECTION('',(-0.353553390593274,0.612372435695795,0.707106781186547));
#160=DIRECTION('',(-0.866025403784439,-0.499999999999999,2.42505374425183E-17));
#161=FACE_BOUND('',#162,.T.);
#162=EDGE_LOOP('',(#2567,#2568,#2569,#2570));
#163=PLANE('',#164);
#164=AXIS2_PLACEMENT_3D('',#165,#166,#167);
#165=CARTESIAN_POINT('',(-15.5,12.9489291724392,9.));
#166=DIRECTION('',(-0.707106781186547,3.39507524195257E-16,0.707106781186548));
#167=DIRECTION('',(-4.80136145244644E-16,-1.,0.));
#168=FACE_BOUND('',#169,.T.);
#169=EDGE_LOOP('',(#2571,#2572,#2573,#2574));
#170=PLANE('',#171);
#171=AXIS2_PLACEMENT_3D('',#172,#173,#174);
#172=CARTESIAN_POINT('',(-18.9641016151378,-6.94892917243919,9.));
#173=DIRECTION('',(-0.353553390593274,-0.612372435695794,0.707106781186548));
#174=DIRECTION('',(0.866025403784438,-0.500000000000001,0.));
#175=FACE_BOUND('',#176,.T.);
#176=EDGE_LOOP('',(#2575,#2576,#2577,#2578));
#177=PLANE('',#178);
#178=AXIS2_PLACEMENT_3D('',#179,#180,#181);
#179=CARTESIAN_POINT('',(-3.46410161513776,-19.8978583448784,9.));
#180=DIRECTION('',(0.353553390593274,-0.612372435695795,0.707106781186547));
#181=DIRECTION('',(0.866025403784439,0.5,0.));
#182=FACE_BOUND('',#183,.T.);
#183=EDGE_LOOP('',(#2579,#2580,#2581,#2582,#2583,#2584,#2585,#2586,#2587,#2588,#2589,
#2590));
#184=PLANE('',#185);
#185=AXIS2_PLACEMENT_3D('',#186,#187,#188);
#186=CARTESIAN_POINT('',(0.,0.,9.));
#187=DIRECTION('',(0.,0.,1.));
#188=DIRECTION('',(-1.,1.22464679914735E-16,0.));
#189=FACE_BOUND('',#190,.T.);
#190=EDGE_LOOP('',(#2591,#2592,#2593,#2594,#2595,#2596,#2597,#2598,#2599,#2600,#2601,
#2602,#2603,#2604,#2605,#2606,#2607,#2608));
#191=PLANE('',#192);
#192=AXIS2_PLACEMENT_3D('',#193,#194,#195);
#193=CARTESIAN_POINT('',(0.,0.,9.));
#194=DIRECTION('',(0.,0.,1.));
#195=DIRECTION('',(-1.,1.22464679914735E-16,0.));
#196=FACE_BOUND('',#197,.T.);
#197=EDGE_LOOP('',(#2609,#2610,#2611,#2612));
#198=PLANE('',#199);
#199=AXIS2_PLACEMENT_3D('',#200,#201,#202);
#200=CARTESIAN_POINT('',(15.5,-8.94892917243921,5.));
#201=DIRECTION('',(1.,-9.92496870391517E-16,0.));
#202=DIRECTION('',(9.92496870391517E-16,1.,0.));
#203=FACE_BOUND('',#204,.T.);
#204=EDGE_LOOP('',(#2613,#2614,#2615,#2616));
#205=PLANE('',#206);
#206=AXIS2_PLACEMENT_3D('',#207,#208,#209);
#207=CARTESIAN_POINT('',(15.5,8.94892917243919,5.));
#208=DIRECTION('',(0.5,0.866025403784439,0.));
#209=DIRECTION('',(-0.866025403784439,0.5,0.));
#210=FACE_BOUND('',#211,.T.);
#211=EDGE_LOOP('',(#2617,#2618,#2619,#2620));
#212=PLANE('',#213);
#213=AXIS2_PLACEMENT_3D('',#214,#215,#216);
#214=CARTESIAN_POINT('',(1.06041716114854E-14,17.8978583448784,5.));
#215=DIRECTION('',(-0.499999999999999,0.866025403784439,0.));
#216=DIRECTION('',(-0.866025403784439,-0.499999999999999,0.));
#217=FACE_BOUND('',#218,.T.);
#218=EDGE_LOOP('',(#2621,#2622,#2623,#2624));
#219=PLANE('',#220);
#220=AXIS2_PLACEMENT_3D('',#221,#222,#223);
#221=CARTESIAN_POINT('',(-15.5,8.94892917243921,5.));
#222=DIRECTION('',(-1.,4.96248435195758E-16,0.));
#223=DIRECTION('',(-4.96248435195758E-16,-1.,0.));
#224=FACE_BOUND('',#225,.T.);
#225=EDGE_LOOP('',(#2625,#2626,#2627,#2628));
#226=PLANE('',#227);
#227=AXIS2_PLACEMENT_3D('',#228,#229,#230);
#228=CARTESIAN_POINT('',(-15.5,-8.94892917243919,5.));
#229=DIRECTION('',(-0.500000000000001,-0.866025403784438,0.));
#230=DIRECTION('',(0.866025403784438,-0.500000000000001,0.));
#231=FACE_BOUND('',#232,.T.);
#232=EDGE_LOOP('',(#2629,#2630,#2631,#2632));
#233=PLANE('',#234);
#234=AXIS2_PLACEMENT_3D('',#235,#236,#237);
#235=CARTESIAN_POINT('',(-1.08776687155184E-14,-17.8978583448784,5.));
#236=DIRECTION('',(0.5,-0.866025403784439,0.));
#237=DIRECTION('',(0.866025403784439,0.5,0.));
#238=FACE_BOUND('',#239,.T.);
#239=EDGE_LOOP('',(#2633,#2634,#2635,#2636));
#240=PLANE('',#241);
#241=AXIS2_PLACEMENT_3D('',#242,#243,#244);
#242=CARTESIAN_POINT('',(15.5,-12.9489291724392,6.));
#243=DIRECTION('',(-0.707106781186547,6.79015048390513E-16,0.707106781186548));
#244=DIRECTION('',(9.60272290489288E-16,1.,-8.61552160902987E-32));
#245=FACE_BOUND('',#246,.T.);
#246=EDGE_LOOP('',(#2637,#2638,#2639,#2640));
#247=PLANE('',#248);
#248=AXIS2_PLACEMENT_3D('',#249,#250,#251);
#249=CARTESIAN_POINT('',(18.9641016151378,6.94892917243919,6.));
#250=DIRECTION('',(-0.353553390593273,-0.612372435695793,0.707106781186549));
#251=DIRECTION('',(-0.866025403784439,0.5,0.));
#252=FACE_BOUND('',#253,.T.);
#253=EDGE_LOOP('',(#2641,#2642,#2643,#2644));
#254=PLANE('',#255);
#255=AXIS2_PLACEMENT_3D('',#256,#257,#258);
#256=CARTESIAN_POINT('',(3.46410161513777,19.8978583448784,6.));
#257=DIRECTION('',(0.353553390593274,-0.612372435695795,0.707106781186547));
#258=DIRECTION('',(-0.866025403784439,-0.499999999999999,0.));
#259=FACE_BOUND('',#260,.T.);
#260=EDGE_LOOP('',(#2645,#2646,#2647,#2648));
#261=PLANE('',#262);
#262=AXIS2_PLACEMENT_3D('',#263,#264,#265);
#263=CARTESIAN_POINT('',(-15.5,12.9489291724392,6.));
#264=DIRECTION('',(0.707106781186547,-3.39507524195257E-16,0.707106781186548));
#265=DIRECTION('',(-4.80136145244644E-16,-1.,-4.30776080451494E-32));
#266=FACE_BOUND('',#267,.T.);
#267=EDGE_LOOP('',(#2649,#2650,#2651,#2652));
#268=PLANE('',#269);
#269=AXIS2_PLACEMENT_3D('',#270,#271,#272);
#270=CARTESIAN_POINT('',(-18.9641016151378,-6.94892917243919,6.));
#271=DIRECTION('',(0.353553390593274,0.612372435695794,0.707106781186548));
#272=DIRECTION('',(0.866025403784438,-0.500000000000001,-2.42505374425184E-17));
#273=FACE_BOUND('',#274,.T.);
#274=EDGE_LOOP('',(#2653,#2654,#2655,#2656));
#275=PLANE('',#276);
#276=AXIS2_PLACEMENT_3D('',#277,#278,#279);
#277=CARTESIAN_POINT('',(-3.46410161513776,-19.8978583448784,6.));
#278=DIRECTION('',(-0.353553390593274,0.612372435695795,0.707106781186547));
#279=DIRECTION('',(0.866025403784439,0.5,0.));
#280=FACE_BOUND('',#281,.T.);
#281=EDGE_LOOP('',(#2657,#2658,#2659,#2660,#2661,#2662));
#282=FACE_BOUND('',#283,.T.);
#283=EDGE_LOOP('',(#2663));
#284=PLANE('',#285);
#285=AXIS2_PLACEMENT_3D('',#286,#287,#288);
#286=CARTESIAN_POINT('',(0.,0.,5.));
#287=DIRECTION('',(0.,0.,1.));
#288=DIRECTION('',(-1.,1.22464679914735E-16,0.));
#289=FACE_OUTER_BOUND('',#290,.T.);
#290=EDGE_LOOP('',(#2664));
#291=FACE_OUTER_BOUND('',#292,.T.);
#292=EDGE_LOOP('',(#2665));
#293=CONICAL_SURFACE('',#294,13.,0.785398163397448);
#294=AXIS2_PLACEMENT_3D('',#295,#296,#297);
#295=CARTESIAN_POINT('',(0.,0.,4.5));
#296=DIRECTION('',(0.,0.,1.));
#297=DIRECTION('',(-1.,1.22464679914735E-16,0.));
#298=FACE_OUTER_BOUND('',#299,.T.);
#299=EDGE_LOOP('',(#2666));
#300=FACE_OUTER_BOUND('',#301,.T.);
#301=EDGE_LOOP('',(#2667));
#302=CYLINDRICAL_SURFACE('',#303,12.5);
#303=AXIS2_PLACEMENT_3D('',#304,#305,#306);
#304=CARTESIAN_POINT('',(0.,0.,0.));
#305=DIRECTION('',(0.,0.,1.));
#306=DIRECTION('',(-1.,1.22464679914735E-16,0.));
#307=FACE_BOUND('',#308,.T.);
#308=EDGE_LOOP('',(#2668));
#309=PLANE('',#310);
#310=AXIS2_PLACEMENT_3D('',#311,#312,#313);
#311=CARTESIAN_POINT('',(0.,0.,0.));
#312=DIRECTION('',(0.,0.,1.));
#313=DIRECTION('',(-1.,1.22464679914735E-16,0.));
#314=FACE_BOUND('',#315,.T.);
#315=EDGE_LOOP('',(#2669,#2670,#2671));
#316=B_SPLINE_SURFACE_WITH_KNOTS('',3,1,(
(#317,#318),
(#319,#320),
(#321,#322),
(#323,#324),
(#325,#326),
(#327,#328),
(#329,#330),
(#331,#332),
(#333,#334),
(#335,#336),
(#337,#338)),
.UNSPECIFIED.,.F.,.F.,.F.,
(4,1,1,1,1,1,1,1,4),
(2,2),
(-1.27323954473516E-5,0.239904080974457,0.345394437080543,0.447680860131277,0.551874389799111,
0.657514637195745,0.763820134209407,0.861160083911664,1.00001273239545),
(0.,1.),
.UNSPECIFIED.);
#317=CARTESIAN_POINT('',(-3.38664439556674,-4.01514066739147,9.));
#318=CARTESIAN_POINT('',(-3.38666439556674,-5.01514066719147,10.));
#319=CARTESIAN_POINT('',(-3.38664439556674,-4.01514066739147,9.));
#320=CARTESIAN_POINT('',(-3.26101334388642,-5.01530519091646,10.));
#321=CARTESIAN_POINT('',(-3.38664439556674,-4.01514066739147,9.));
#322=CARTESIAN_POINT('',(-3.08026512367436,-4.98058399904205,10.));
#323=CARTESIAN_POINT('',(-3.38664439556674,-4.01514066739147,9.));
#324=CARTESIAN_POINT('',(-2.86946876439535,-4.87621131835331,10.));
#325=CARTESIAN_POINT('',(-3.38664439556674,-4.01514066739147,9.));
#326=CARTESIAN_POINT('',(-2.7363685614109,-4.78061247339063,10.));
#327=CARTESIAN_POINT('',(-3.38664439556674,-4.01514066739147,9.));
#328=CARTESIAN_POINT('',(-2.62038100535112,-4.66470568807626,10.));
#329=CARTESIAN_POINT('',(-3.38664439556674,-4.01514066739147,9.));
#330=CARTESIAN_POINT('',(-2.52374229945976,-4.52961134675973,10.));
#331=CARTESIAN_POINT('',(-3.38664439556674,-4.01514066739147,9.));
#332=CARTESIAN_POINT('',(-2.45240376857978,-4.38360039745275,10.));
#333=CARTESIAN_POINT('',(-3.38664439556674,-4.01514066739147,9.));
#334=CARTESIAN_POINT('',(-2.40018994082394,-4.2114889657988,10.));
#335=CARTESIAN_POINT('',(-3.38664439556674,-4.01514066739147,8.99999999999999));
#336=CARTESIAN_POINT('',(-2.38663129919429,-4.08782483463016,10.));
#337=CARTESIAN_POINT('',(-3.38664439556674,-4.01514066739147,9.));
#338=CARTESIAN_POINT('',(-2.38664439576674,-4.01512066739147,10.));
#339=FACE_BOUND('',#340,.T.);
#340=EDGE_LOOP('',(#2672,#2673,#2674,#2675));
#341=PLANE('',#342);
#342=AXIS2_PLACEMENT_3D('',#343,#344,#345);
#343=CARTESIAN_POINT('',(-2.38664439556674,-8.01514066739147,10.));
#344=DIRECTION('',(-0.707106781186548,7.91974034433836E-17,0.707106781186547));
#345=DIRECTION('',(1.12002042054367E-16,1.,0.));
#346=FACE_BOUND('',#347,.T.);
#347=EDGE_LOOP('',(#2676,#2677,#2678));
#348=B_SPLINE_SURFACE_WITH_KNOTS('',3,1,(
(#349,#350),
(#351,#352),
(#353,#354),
(#355,#356),
(#357,#358),
(#359,#360),
(#361,#362),
(#363,#364),
(#365,#366),
(#367,#368),
(#369,#370)),
.UNSPECIFIED.,.F.,.F.,.F.,
(4,1,1,1,1,1,1,1,4),
(2,2),
(-1.27323954473516E-5,0.239904080975236,0.34539443708146,0.447680860132249,0.5518743898001,
0.657514637196767,0.763820134210413,0.861160083912506,1.00001273239545),
(0.,1.),
.UNSPECIFIED.);
#349=CARTESIAN_POINT('',(-3.38664439556674,7.80990902386765,9.));
#350=CARTESIAN_POINT('',(-2.38664439576674,7.80988902386766,10.));
#351=CARTESIAN_POINT('',(-3.38664439556674,7.80990902386766,9.));
#352=CARTESIAN_POINT('',(-2.38647987204175,7.93554007554839,10.));
#353=CARTESIAN_POINT('',(-3.38664439556674,7.80990902386765,9.));
#354=CARTESIAN_POINT('',(-2.42120106391637,8.11628829576093,10.));
#355=CARTESIAN_POINT('',(-3.38664439556674,7.80990902386766,9.));
#356=CARTESIAN_POINT('',(-2.52557374460562,8.32708465504025,10.));
#357=CARTESIAN_POINT('',(-3.38664439556674,7.80990902386765,9.));
#358=CARTESIAN_POINT('',(-2.62117258956856,8.46018485802465,10.));
#359=CARTESIAN_POINT('',(-3.38664439556674,7.80990902386765,9.));
#360=CARTESIAN_POINT('',(-2.73707937488315,8.57617241408429,10.));
#361=CARTESIAN_POINT('',(-3.38664439556674,7.80990902386765,9.));
#362=CARTESIAN_POINT('',(-2.87217371619984,8.67281111997545,10.));
#363=CARTESIAN_POINT('',(-3.38664439556674,7.80990902386765,9.));
#364=CARTESIAN_POINT('',(-3.01818466550687,8.74414965085516,10.));
#365=CARTESIAN_POINT('',(-3.38664439556674,7.80990902386765,9.));
#366=CARTESIAN_POINT('',(-3.19029609716038,8.7963634786106,10.));
#367=CARTESIAN_POINT('',(-3.38664439556674,7.80990902386765,9.));
#368=CARTESIAN_POINT('',(-3.31396022832848,8.8099221202401,10.));
#369=CARTESIAN_POINT('',(-3.38664439556674,7.80990902386765,9.));
#370=CARTESIAN_POINT('',(-3.38666439556674,8.80990902366765,10.));
#371=FACE_BOUND('',#372,.T.);
#372=EDGE_LOOP('',(#2679,#2680,#2681,#2682));
#373=PLANE('',#374);
#374=AXIS2_PLACEMENT_3D('',#375,#376,#377);
#375=CARTESIAN_POINT('',(0.613355604433259,8.80990902386765,10.));
#376=DIRECTION('',(0.,-0.70710678118655,0.707106781186545));
#377=DIRECTION('',(-1.,0.,0.));
#378=FACE_BOUND('',#379,.T.);
#379=EDGE_LOOP('',(#2683,#2684,#2685));
#380=B_SPLINE_SURFACE_WITH_KNOTS('',3,1,(
(#381,#382),
(#383,#384),
(#385,#386),
(#387,#388),
(#389,#390),
(#391,#392),
(#393,#394),
(#395,#396),
(#397,#398),
(#399,#400),
(#401,#402)),
.UNSPECIFIED.,.F.,.F.,.F.,
(4,1,1,1,1,1,1,1,4),
(2,2),
(-1.27323954473516E-5,0.239904080975132,0.345394437081321,0.447680860132076,0.551874389799917,
0.657514637196549,0.763820134210187,0.861160083912396,1.00001273239545),
(0.,1.),
.UNSPECIFIED.);
#381=CARTESIAN_POINT('',(-4.03662834638183,7.80990902386766,9.));
#382=CARTESIAN_POINT('',(-4.03660834638183,8.80990902366766,10.));
#383=CARTESIAN_POINT('',(-4.03662834638183,7.80990902386765,9.));
#384=CARTESIAN_POINT('',(-4.16225939806251,8.81007354739265,10.));
#385=CARTESIAN_POINT('',(-4.03662834638183,7.80990902386765,9.));
#386=CARTESIAN_POINT('',(-4.34300761827497,8.77535235551806,10.));
#387=CARTESIAN_POINT('',(-4.03662834638183,7.80990902386765,9.));
#388=CARTESIAN_POINT('',(-4.55380397755424,8.67097967482889,10.));
#389=CARTESIAN_POINT('',(-4.03662834638183,7.80990902386765,9.));
#390=CARTESIAN_POINT('',(-4.68690418053863,8.575380829866,10.));
#391=CARTESIAN_POINT('',(-4.03662834638183,7.80990902386766,9.));
#392=CARTESIAN_POINT('',(-4.80289173659827,8.45947404455148,10.));
#393=CARTESIAN_POINT('',(-4.03662834638183,7.80990902386765,9.));
#394=CARTESIAN_POINT('',(-4.89953044248945,8.32437970323483,10.));
#395=CARTESIAN_POINT('',(-4.03662834638183,7.80990902386766,9.));
#396=CARTESIAN_POINT('',(-4.97086897336924,8.1783687539278,10.));
#397=CARTESIAN_POINT('',(-4.03662834638182,7.80990902386765,8.99999999999999));
#398=CARTESIAN_POINT('',(-5.02308280112474,8.00625732227418,9.99999999999999));
#399=CARTESIAN_POINT('',(-4.03662834638183,7.80990902386766,9.00000000000001));
#400=CARTESIAN_POINT('',(-5.03664144275428,7.88259319110597,10.));
#401=CARTESIAN_POINT('',(-4.03662834638183,7.80990902386765,9.));
#402=CARTESIAN_POINT('',(-5.03662834618183,7.80988902386766,10.));
#403=FACE_BOUND('',#404,.T.);
#404=EDGE_LOOP('',(#2686,#2687,#2688,#2689));
#405=PLANE('',#406);
#406=AXIS2_PLACEMENT_3D('',#407,#408,#409);
#407=CARTESIAN_POINT('',(-5.03662834638183,11.8099090238677,10.));
#408=DIRECTION('',(0.707106781186547,0.,0.707106781186548));
#409=DIRECTION('',(0.,-1.,0.));
#410=FACE_BOUND('',#411,.T.);
#411=EDGE_LOOP('',(#2690,#2691,#2692,#2693,#2694,#2695));
#412=B_SPLINE_SURFACE_WITH_KNOTS('',3,1,(
(#413,#414),
(#415,#416),
(#417,#418),
(#419,#420),
(#421,#422),
(#423,#424),
(#425,#426),
(#427,#428),
(#429,#430),
(#431,#432),
(#433,#434),
(#435,#436),
(#437,#438),
(#439,#440),
(#441,#442),
(#443,#444),
(#445,#446),
(#447,#448),
(#449,#450),
(#451,#452),
(#453,#454),
(#455,#456),
(#457,#458),
(#459,#460),
(#461,#462),
(#463,#464),
(#465,#466),
(#467,#468),
(#469,#470),
(#471,#472),
(#473,#474),
(#475,#476),
(#477,#478)),
.UNSPECIFIED.,.F.,.F.,.F.,
(4,1,1,1,1,1,1,1,1,1,1,1,1,1,1,1,1,1,1,1,1,1,1,1,1,1,1,1,1,1,4),
(2,2),
(-5.95915706041043,-3.56331229912645,-2.36653518846478,-1.17913246720599,-0.0258385849999817,
1.04570917871966,1.97289593882495,2.70247278284867,3.21649205962767,3.54320776656416,
3.74444643566076,3.88693826749455,4.0326419477181,4.26085291073338,4.63436452508368,
5.12880160609049,5.65522928000253,6.10453009638657,6.50164005972624,6.88198476674629,
7.27101110282389,7.62341963720233,7.94205747727391,8.25639983682007,8.56533679932477,
8.84361757656248,9.06265336145799,9.26507899599903,9.47293447453524,9.71801434995649,
10.1427554994901),
(0.,1.),
.UNSPECIFIED.);
#413=CARTESIAN_POINT('',(-3.30412573119746,1.90046627001097,10.));
#414=CARTESIAN_POINT('',(-4.03662153866641,1.21969472827292,9.));
#415=CARTESIAN_POINT('',(-3.44507323040191,2.05212279168273,10.));
#416=CARTESIAN_POINT('',(-4.17756899707456,1.37135120756573,9.));
#417=CARTESIAN_POINT('',(-3.65642698410238,2.27953500485705,10.));
#418=CARTESIAN_POINT('',(-4.38892287312493,1.59876354783637,9.));
#419=CARTESIAN_POINT('',(-3.93763581397181,2.58210970952611,10.));
#420=CARTESIAN_POINT('',(-4.67013149962616,1.90133804124779,9.));
#421=CARTESIAN_POINT('',(-4.14574491458318,2.80603087551298,10.));
#422=CARTESIAN_POINT('',(-4.87824116818587,2.12525979721595,9.));
#423=CARTESIAN_POINT('',(-4.34648842729443,3.0220260751182,10.));
#424=CARTESIAN_POINT('',(-5.07898270089587,2.34125294000791,9.));
#425=CARTESIAN_POINT('',(-4.53191813884492,3.22154635571093,10.));
#426=CARTESIAN_POINT('',(-5.26441861995027,2.54077966891792,9.));
#427=CARTESIAN_POINT('',(-4.69243526112205,3.3942545566259,10.));
#428=CARTESIAN_POINT('',(-5.42491930414868,2.71347079405677,9.));
#429=CARTESIAN_POINT('',(-4.82011981818273,3.53165067258107,10.));
#430=CARTESIAN_POINT('',(-5.55263864140983,2.85090303947248,9.));
#431=CARTESIAN_POINT('',(-4.91253819723305,3.63107410977507,10.));
#432=CARTESIAN_POINT('',(-5.64499993444736,2.95026717606389,9.));
#433=CARTESIAN_POINT('',(-4.97378949254595,3.69700099099304,10.));
#434=CARTESIAN_POINT('',(-5.70632529381116,3.01627099456721,9.00000000000001));
#435=CARTESIAN_POINT('',(-5.01328825005711,3.73947520614515,10.));
#436=CARTESIAN_POINT('',(-5.74573695075153,3.05865473015679,9.));
#437=CARTESIAN_POINT('',(-5.04199201916384,3.77040051140988,10.));
#438=CARTESIAN_POINT('',(-5.77457906656631,3.0897237528357,9.));
#439=CARTESIAN_POINT('',(-5.07288235467943,3.80345014627327,10.));
#440=CARTESIAN_POINT('',(-5.80468394522653,3.12195192240134,9.));
#441=CARTESIAN_POINT('',(-5.11868298924816,3.85187358613501,10.));
#442=CARTESIAN_POINT('',(-5.84771303635082,3.16750819400988,9.));
#443=CARTESIAN_POINT('',(-5.1881892110784,3.92398337685473,10.));
#444=CARTESIAN_POINT('',(-5.90984834254181,3.23207239407414,9.));
#445=CARTESIAN_POINT('',(-5.28022332865472,4.01662751603082,10.));
#446=CARTESIAN_POINT('',(-5.98805456360569,3.31077678242479,9.));
#447=CARTESIAN_POINT('',(-5.38064375029996,4.11385689110948,10.));
#448=CARTESIAN_POINT('',(-6.07084526010676,3.39069574515917,9.));
#449=CARTESIAN_POINT('',(-5.47644415868919,4.20289488857042,10.));
#450=CARTESIAN_POINT('',(-6.15034236993081,3.46388833283907,9.));
#451=CARTESIAN_POINT('',(-5.56290622956569,4.2802593037838,10.));
#452=CARTESIAN_POINT('',(-6.22281216772775,3.52853605586594,9.));
#453=CARTESIAN_POINT('',(-5.64651146576608,4.35233582144015,10.));
#454=CARTESIAN_POINT('',(-6.29228129540022,3.5886471559766,9.));
#455=CARTESIAN_POINT('',(-5.72888603588318,4.42058265616534,10.));
#456=CARTESIAN_POINT('',(-6.35971857475629,3.64474091714549,9.));
#457=CARTESIAN_POINT('',(-5.80894859009111,4.4842074651973,10.));
#458=CARTESIAN_POINT('',(-6.42395279698504,3.69584373223911,9.));
#459=CARTESIAN_POINT('',(-5.88599285352386,4.54293853463253,10.));
#460=CARTESIAN_POINT('',(-6.4840151769369,3.7411966151039,9.));
#461=CARTESIAN_POINT('',(-5.96058361828654,4.59743541508862,10.));
#462=CARTESIAN_POINT('',(-6.5419581708297,3.78351369797078,9.));
#463=CARTESIAN_POINT('',(-6.03349149303226,4.64836504467897,10.));
#464=CARTESIAN_POINT('',(-6.59777077917694,3.82265378503588,9.));
#465=CARTESIAN_POINT('',(-6.10033658222034,4.69295746058497,10.));
#466=CARTESIAN_POINT('',(-6.64794400117458,3.85622536909595,9.));
#467=CARTESIAN_POINT('',(-6.16002751613688,4.73110237858499,10.));
#468=CARTESIAN_POINT('',(-6.69147474753584,3.88407377303443,9.));
#469=CARTESIAN_POINT('',(-6.21471589801308,4.76472480503729,10.));
#470=CARTESIAN_POINT('',(-6.73093333869375,3.90810939992378,9.));
#471=CARTESIAN_POINT('',(-6.27512701024453,4.80035897029429,10.));
#472=CARTESIAN_POINT('',(-6.77047540302447,3.93152067306604,9.));
#473=CARTESIAN_POINT('',(-6.35806089627552,4.84682633729439,10.));
#474=CARTESIAN_POINT('',(-6.82320383735146,3.96137496657134,9.));
#475=CARTESIAN_POINT('',(-6.41989094041549,4.87867340573287,10.));
#476=CARTESIAN_POINT('',(-6.86579375885525,3.98354615779815,9.));
#477=CARTESIAN_POINT('',(-6.45591279724918,4.89628814669518,10.));
#478=CARTESIAN_POINT('',(-6.89558439022758,3.9981295357965,9.));
#479=FACE_BOUND('',#480,.T.);
#480=EDGE_LOOP('',(#2696,#2697,#2698,#2699,#2700));
#481=B_SPLINE_SURFACE_WITH_KNOTS('',3,1,(
(#482,#483),
(#484,#485),
(#486,#487),
(#488,#489),
(#490,#491),
(#492,#493),
(#494,#495),
(#496,#497),
(#498,#499),
(#500,#501),
(#502,#503),
(#504,#505),
(#506,#507),
(#508,#509),
(#510,#511),
(#512,#513),
(#514,#515),
(#516,#517),
(#518,#519),
(#520,#521)),
.UNSPECIFIED.,.F.,.F.,.F.,
(4,1,1,1,1,1,1,1,1,1,1,1,1,1,1,1,1,4),
(2,2),
(4.53817911093721,5.29990865137523,5.57380257668322,5.78341514557956,5.96587844462287,
6.14482648097915,6.34479699119654,6.58714334671755,6.88590565973882,7.24025208155041,
7.66774302670962,8.13457331238809,8.61268127525651,9.02183073223165,9.375201054701,
9.689472597456,10.002635745986,10.461820315153),
(0.,1.),
.UNSPECIFIED.);
#482=CARTESIAN_POINT('',(-6.4558939443372,4.89627891766943,10.));
#483=CARTESIAN_POINT('',(-6.89556725610917,3.99812114816817,9.));
#484=CARTESIAN_POINT('',(-6.5063383346627,4.9210946179205,10.));
#485=CARTESIAN_POINT('',(-6.94561797886591,4.02262251660634,9.));
#486=CARTESIAN_POINT('',(-6.59089757901517,4.95974571175651,9.99999999999999));
#487=CARTESIAN_POINT('',(-7.00266751525228,4.04820680736764,9.));
#488=CARTESIAN_POINT('',(-6.70040495208086,5.00342257493192,10.));
#489=CARTESIAN_POINT('',(-7.06786539578748,4.07358477404294,9.));
#490=CARTESIAN_POINT('',(-6.75913007409338,5.0253550779781,10.));
#491=CARTESIAN_POINT('',(-7.10321891070665,4.08647573546156,9.));
#492=CARTESIAN_POINT('',(-6.80869408250483,5.04287662690634,10.));
#493=CARTESIAN_POINT('',(-7.13451710616183,4.09737661284941,9.));
#494=CARTESIAN_POINT('',(-6.85566926465745,5.05867124219143,10.));
#495=CARTESIAN_POINT('',(-7.16689970287308,4.10831495721483,9.));
#496=CARTESIAN_POINT('',(-6.9082183877169,5.07542274984364,10.));
#497=CARTESIAN_POINT('',(-7.20285270492145,4.11976223625174,9.));
#498=CARTESIAN_POINT('',(-6.97118333272919,5.09421258369332,10.));
#499=CARTESIAN_POINT('',(-7.24615773577563,4.1326624498858,9.));
#500=CARTESIAN_POINT('',(-7.04771895968747,5.11519860977446,10.));
#501=CARTESIAN_POINT('',(-7.29894064221373,4.14709341243573,9.));
#502=CARTESIAN_POINT('',(-7.1404385563467,5.13797713829739,10.));
#503=CARTESIAN_POINT('',(-7.36329455185236,4.16288016857863,9.));
#504=CARTESIAN_POINT('',(-7.2474837356801,5.16075720957887,9.99999999999999));
#505=CARTESIAN_POINT('',(-7.43834776224849,4.17897015960004,9.));
#506=CARTESIAN_POINT('',(-7.36529704216656,5.1816002798268,10.));
#507=CARTESIAN_POINT('',(-7.52194551725153,4.19378542062532,9.));
#508=CARTESIAN_POINT('',(-7.4817346879837,5.19798005578171,10.));
#509=CARTESIAN_POINT('',(-7.60557562316417,4.20546879721433,9.));
#510=CARTESIAN_POINT('',(-7.58829988202739,5.20950179692796,10.));
#511=CARTESIAN_POINT('',(-7.68281343957148,4.21379878020247,9.));
#512=CARTESIAN_POINT('',(-7.68012275377826,5.21698589274824,10.));
#513=CARTESIAN_POINT('',(-7.7505063085648,4.21940046648057,9.));
#514=CARTESIAN_POINT('',(-7.76444173757138,5.22195160082945,10.));
#515=CARTESIAN_POINT('',(-7.81143835961763,4.22307199127241,9.));
#516=CARTESIAN_POINT('',(-7.85754536840137,5.22549637685334,10.));
#517=CARTESIAN_POINT('',(-7.87943180324965,4.22569536890487,9.));
#518=CARTESIAN_POINT('',(-7.92243955482681,5.22636081118574,10.));
#519=CARTESIAN_POINT('',(-7.92928699503572,4.22635940513537,9.));
#520=CARTESIAN_POINT('',(-7.96003714726665,5.22635925955596,10.));
#521=CARTESIAN_POINT('',(-7.96003514313155,4.22635925955596,9.));
#522=FACE_BOUND('',#523,.T.);
#523=EDGE_LOOP('',(#2701,#2702,#2703,#2704));
#524=B_SPLINE_SURFACE_WITH_KNOTS('',3,1,(
(#525,#526),
(#527,#528),
(#529,#530),
(#531,#532),
(#533,#534),
(#535,#536),
(#537,#538),
(#539,#540),
(#541,#542),
(#543,#544),
(#545,#546),
(#547,#548),
(#549,#550),
(#551,#552),
(#553,#554),
(#555,#556),
(#557,#558),
(#559,#560),
(#561,#562),
(#563,#564),
(#565,#566),
(#567,#568),
(#569,#570),
(#571,#572),
(#573,#574),
(#575,#576)),
.UNSPECIFIED.,.F.,.F.,.F.,
(4,1,1,1,1,1,1,1,1,1,1,1,1,1,1,1,1,1,1,1,1,1,1,4),
(2,2),
(3.04174884384888,3.84799799540761,4.15747354778569,4.39453979258062,4.58991219024171,
4.76762166032478,4.97918547520512,5.26229716881409,5.62017438823607,6.0159296006841,
6.39603173133825,6.75152639428287,7.08936530659274,7.42766532382655,7.76742908726339,
8.11235278837684,8.46360766014906,8.82751772282938,9.23471237734769,9.69223788816199,
10.1989355093508,10.7056333407565,11.1986185691995,11.9582508671882),
(0.,1.),
.UNSPECIFIED.);
#525=CARTESIAN_POINT('',(-7.96001609024188,5.22635925955596,10.));
#526=CARTESIAN_POINT('',(-7.96001620018444,4.22635925955596,9.));
#527=CARTESIAN_POINT('',(-8.04897374146299,5.22650848150614,10.));
#528=CARTESIAN_POINT('',(-8.04795655084992,4.2263595553195,9.));
#529=CARTESIAN_POINT('',(-8.19173466145881,5.22222386193137,9.99999999999999));
#530=CARTESIAN_POINT('',(-8.153049958287,4.22272648390064,9.));
#531=CARTESIAN_POINT('',(-8.36933606148583,5.20701232870366,10.));
#532=CARTESIAN_POINT('',(-8.27484184797015,4.21163285373699,9.));
#533=CARTESIAN_POINT('',(-8.46521495930605,5.19616927155989,9.99999999999999));
#534=CARTESIAN_POINT('',(-8.34237313606086,4.20368998627751,9.));
#535=CARTESIAN_POINT('',(-8.54168747798452,5.1858826420508,10.));
#536=CARTESIAN_POINT('',(-8.39960995569514,4.19591918762962,9.));
#537=CARTESIAN_POINT('',(-8.61547142658783,5.17457715780832,10.));
#538=CARTESIAN_POINT('',(-8.45402472267742,4.18753476891548,9.));
#539=CARTESIAN_POINT('',(-8.70026228539041,5.15987679014711,10.));
#540=CARTESIAN_POINT('',(-8.51641613497701,4.17672437933501,9.));
#541=CARTESIAN_POINT('',(-8.80764562535827,5.13845890782282,10.));
#542=CARTESIAN_POINT('',(-8.59498087527541,4.16110675228816,9.));
#543=CARTESIAN_POINT('',(-8.93739922181599,5.10805111859383,9.99999999999999));
#544=CARTESIAN_POINT('',(-8.68956756361894,4.13902481322826,9.));
#545=CARTESIAN_POINT('',(-9.07748387264238,5.06932338189611,10.));
#546=CARTESIAN_POINT('',(-8.79145635566542,4.11075211073712,9.));
#547=CARTESIAN_POINT('',(-9.21679051370597,5.02454092659344,10.));
#548=CARTESIAN_POINT('',(-8.89197372067968,4.07840970766291,9.));
#549=CARTESIAN_POINT('',(-9.34727378394813,4.97678719213863,10.));
#550=CARTESIAN_POINT('',(-8.98602476508422,4.04402996865749,9.));
#551=CARTESIAN_POINT('',(-9.47002616707794,4.92660645557063,10.));
#552=CARTESIAN_POINT('',(-9.0749792836007,4.00773401179172,9.));
#553=CARTESIAN_POINT('',(-9.58922395564699,4.87278896963709,10.));
#554=CARTESIAN_POINT('',(-9.1613536990381,3.96868428924244,9.));
#555=CARTESIAN_POINT('',(-9.70746314389332,4.81418492467434,10.));
#556=CARTESIAN_POINT('',(-9.24709675914719,3.92612409893857,9.));
#557=CARTESIAN_POINT('',(-9.82463976245976,4.7507475453913,10.));
#558=CARTESIAN_POINT('',(-9.3325255162762,3.8798866865062,9.));
#559=CARTESIAN_POINT('',(-9.94108470388973,4.68221339697916,10.));
#560=CARTESIAN_POINT('',(-9.41833380191202,3.82956173072006,9.));
#561=CARTESIAN_POINT('',(-10.0617294672164,4.60525622191833,9.99999999999999));
#562=CARTESIAN_POINT('',(-9.50762271722773,3.77249814613348,9.));
#563=CARTESIAN_POINT('',(-10.1901730605407,4.5163043387611,10.));
#564=CARTESIAN_POINT('',(-9.6034265355409,3.70599542995669,9.));
#565=CARTESIAN_POINT('',(-10.3282225018357,4.41208188742737,10.));
#566=CARTESIAN_POINT('',(-9.70775268164338,3.62752609681161,9.));
#567=CARTESIAN_POINT('',(-10.4702373411372,4.2948254388249,10.));
#568=CARTESIAN_POINT('',(-9.81662098242334,3.53773947267559,9.));
#569=CARTESIAN_POINT('',(-10.6097049371325,4.16906622560686,10.));
#570=CARTESIAN_POINT('',(-9.92462327978329,3.43996107867753,9.));
#571=CARTESIAN_POINT('',(-10.7648775694869,4.01735843143516,10.));
#572=CARTESIAN_POINT('',(-10.0477765125863,3.32041127955776,9.));
#573=CARTESIAN_POINT('',(-10.8704852295569,3.90366588553917,10.));
#574=CARTESIAN_POINT('',(-10.1282323285034,3.23103544451206,9.));
#575=CARTESIAN_POINT('',(-10.9306592087027,3.83534976990812,10.));
#576=CARTESIAN_POINT('',(-10.1804484128899,3.17415132478992,9.));
#577=FACE_BOUND('',#578,.T.);
#578=EDGE_LOOP('',(#2705,#2706,#2707,#2708));
#579=B_SPLINE_SURFACE_WITH_KNOTS('',3,1,(
(#580,#581),
(#582,#583),
(#584,#585),
(#586,#587),
(#588,#589),
(#590,#591),
(#592,#593),
(#594,#595),
(#596,#597),
(#598,#599),
(#600,#601),
(#602,#603),
(#604,#605),
(#606,#607),
(#608,#609),
(#610,#611),
(#612,#613),
(#614,#615),
(#616,#617),
(#618,#619),
(#620,#621),
(#622,#623),
(#624,#625),
(#626,#627),
(#628,#629),
(#630,#631),
(#632,#633),
(#634,#635)),
.UNSPECIFIED.,.F.,.F.,.F.,
(4,1,1,1,1,1,1,1,1,1,1,1,1,1,1,1,1,1,1,1,1,1,1,1,1,4),
(2,2),
(2.41472694906904,3.02787916346229,3.24554781104621,3.40945151233027,3.54795659606742,
3.68263376464338,3.83119835072926,4.01621815255351,4.24863987926802,4.53534351350305,
4.85595240877729,5.21640915675234,5.59439012948605,5.97786125115935,6.34060305506108,
6.71303834307102,7.1133676511405,7.53223578651271,7.93780472578147,8.34236430159184,
8.77439152545292,9.24174245504558,9.75344544148881,10.2838902547236,10.8135649511244,
11.5852729680404),
(0.,1.),
.UNSPECIFIED.);
#580=CARTESIAN_POINT('',(-10.9306454101826,3.8353654259714,10.));
#581=CARTESIAN_POINT('',(-10.1804356088914,3.17416556658949,9.));
#582=CARTESIAN_POINT('',(-10.9870008056041,3.77163223603994,10.));
#583=CARTESIAN_POINT('',(-10.2361359337951,3.11096741128654,9.));
#584=CARTESIAN_POINT('',(-11.0716527147208,3.66949237807076,9.99999999999999));
#585=CARTESIAN_POINT('',(-10.2992421374549,3.033914850148,9.));
#586=CARTESIAN_POINT('',(-11.1700340889561,3.53777635116468,10.));
#587=CARTESIAN_POINT('',(-10.3669755646314,2.94211297309034,9.));
#588=CARTESIAN_POINT('',(-11.2195889613977,3.46823463752631,10.));
#589=CARTESIAN_POINT('',(-10.4015542381167,2.89307480485032,9.));
#590=CARTESIAN_POINT('',(-11.2594465325228,3.4101860037749,10.));
#591=CARTESIAN_POINT('',(-10.430582387092,2.85059488154555,9.));
#592=CARTESIAN_POINT('',(-11.2960038398869,3.35517909327103,10.));
#593=CARTESIAN_POINT('',(-10.4589488891975,2.80807012469946,9.));
#594=CARTESIAN_POINT('',(-11.3358780556893,3.2931300938456,10.));
#595=CARTESIAN_POINT('',(-10.4895468148284,2.76042240690817,9.));
#596=CARTESIAN_POINT('',(-11.3826364296594,3.21737087748801,10.));
#597=CARTESIAN_POINT('',(-10.5255993970396,2.70192974408899,9.));
#598=CARTESIAN_POINT('',(-11.438676131169,3.12185096762185,10.));
#599=CARTESIAN_POINT('',(-10.5688687875333,2.6280113077815,9.));
#600=CARTESIAN_POINT('',(-11.5021982399779,3.00642381373193,10.));
#601=CARTESIAN_POINT('',(-10.6182092322046,2.53823242679093,9.));
#602=CARTESIAN_POINT('',(-11.5707710378325,2.87203439267141,10.));
#603=CARTESIAN_POINT('',(-10.6721079185659,2.43309779565555,9.));
#604=CARTESIAN_POINT('',(-11.6404827570138,2.72314720366461,10.));
#605=CARTESIAN_POINT('',(-10.7272364875188,2.31543809356285,8.99999999999999));
#606=CARTESIAN_POINT('',(-11.7085288356227,2.56327295443103,10.));
#607=CARTESIAN_POINT('',(-10.7813032469147,2.18784699218047,9.));
#608=CARTESIAN_POINT('',(-11.7707451531237,2.4015338493974,10.));
#609=CARTESIAN_POINT('',(-10.8313035256826,2.05768284667233,9.));
#610=CARTESIAN_POINT('',(-11.8269671320999,2.23969497097138,10.));
#611=CARTESIAN_POINT('',(-10.8773010589448,1.92660673991701,9.));
#612=CARTESIAN_POINT('',(-11.8786875591398,2.07449703258489,10.));
#613=CARTESIAN_POINT('',(-10.9196234231734,1.7909125468892,9.00000000000001));
#614=CARTESIAN_POINT('',(-11.927341184304,1.90031355575994,10.));
#615=CARTESIAN_POINT('',(-10.9597243205526,1.64635245945508,8.99999999999999));
#616=CARTESIAN_POINT('',(-11.971549550913,1.72055663326346,10.));
#617=CARTESIAN_POINT('',(-10.9967290497027,1.49610656533255,9.));
#618=CARTESIAN_POINT('',(-12.0103443217637,1.53976959077489,10.));
#619=CARTESIAN_POINT('',(-11.0298576409978,1.34410133638835,9.));
#620=CARTESIAN_POINT('',(-12.0442690699705,1.35719791917142,10.));
#621=CARTESIAN_POINT('',(-11.0585708068995,1.18820840381708,9.));
#622=CARTESIAN_POINT('',(-12.0745577355522,1.16550645856396,10.));
#623=CARTESIAN_POINT('',(-11.084348076809,1.02299423160533,9.));
#624=CARTESIAN_POINT('',(-12.1015573472618,0.957834035775973,10.));
#625=CARTESIAN_POINT('',(-11.1078352770193,0.843043980958112,9.));
#626=CARTESIAN_POINT('',(-12.1241192868454,0.735530232308952,10.));
#627=CARTESIAN_POINT('',(-11.1281958450541,0.649625273433187,9.));
#628=CARTESIAN_POINT('',(-12.141006241865,0.505184692200113,10.));
#629=CARTESIAN_POINT('',(-11.14297639,0.446067986658514,9.));
#630=CARTESIAN_POINT('',(-12.1535204118621,0.23758100847556,10.));
#631=CARTESIAN_POINT('',(-11.1538185962716,0.207374168222094,9.));
#632=CARTESIAN_POINT('',(-12.1566151103364,0.0479975063085315,10.));
#633=CARTESIAN_POINT('',(-11.1566077521241,0.0370591408795924,9.));
#634=CARTESIAN_POINT('',(-12.1566154645884,-0.0641272320173308,10.));
#635=CARTESIAN_POINT('',(-11.1566155131917,-0.0641262473609832,9.));
#636=FACE_BOUND('',#637,.T.);
#637=EDGE_LOOP('',(#2709,#2710,#2711,#2712));
#638=B_SPLINE_SURFACE_WITH_KNOTS('',3,1,(
(#639,#640),
(#641,#642),
(#643,#644),
(#645,#646),
(#647,#648),
(#649,#650),
(#651,#652),
(#653,#654),
(#655,#656),
(#657,#658),
(#659,#660),
(#661,#662),
(#663,#664),
(#665,#666),
(#667,#668),
(#669,#670),
(#671,#672),
(#673,#674),
(#675,#676),
(#677,#678),
(#679,#680),
(#681,#682),
(#683,#684),
(#685,#686),
(#687,#688),
(#689,#690)),
.UNSPECIFIED.,.F.,.F.,.F.,
(4,1,1,1,1,1,1,1,1,1,1,1,1,1,1,1,1,1,1,1,1,1,1,4),
(2,2),
(2.23679161933904,3.39179867800008,3.79705648729626,4.1132096766241,4.41898305654344,
4.74842670520638,5.14649687947159,5.58513345750659,6.03925417728375,6.43998092580211,
6.80353474290397,7.14613865007139,7.50591359427306,7.86973415233703,8.22218444079747,
8.54260860626083,8.831848871039,9.0987902729236,9.33338993404619,9.53669849908421,
9.7095113244461,9.89287421375874,10.1059886467154,10.5263943160351),
(0.,1.),
.UNSPECIFIED.);
#639=CARTESIAN_POINT('',(-12.1566154645884,-0.0641067164044978,10.));
#640=CARTESIAN_POINT('',(-11.1566154645884,-0.0641067630450312,9.));
#641=CARTESIAN_POINT('',(-12.1567019724156,-0.236829534311983,10.));
#642=CARTESIAN_POINT('',(-11.156623671994,-0.235937209993577,9.));
#643=CARTESIAN_POINT('',(-12.1502454427546,-0.485386934244566,9.99999999999999));
#644=CARTESIAN_POINT('',(-11.150994947657,-0.453851763914208,8.99999999999999));
#645=CARTESIAN_POINT('',(-12.1286209657896,-0.788321279468537,10.));
#646=CARTESIAN_POINT('',(-11.132199394852,-0.710227105118545,9.00000000000001));
#647=CARTESIAN_POINT('',(-12.1131904387674,-0.953451155997726,10.));
#648=CARTESIAN_POINT('',(-11.1185589559718,-0.850708889339001,9.));
#649=CARTESIAN_POINT('',(-12.0960385468431,-1.10496930764979,10.));
#650=CARTESIAN_POINT('',(-11.1032171628072,-0.981810499668796,9.));
#651=CARTESIAN_POINT('',(-12.0739315302986,-1.26962644454693,10.));
#652=CARTESIAN_POINT('',(-11.0842703222163,-1.12354321653777,9.));
#653=CARTESIAN_POINT('',(-12.0442789648778,-1.45522807802905,10.));
#654=CARTESIAN_POINT('',(-11.0591924438109,-1.28258150391027,9.));
#655=CARTESIAN_POINT('',(-12.005041138454,-1.66062257000264,10.));
#656=CARTESIAN_POINT('',(-11.0262395532354,-1.45668038377274,9.));
#657=CARTESIAN_POINT('',(-11.9582690153154,-1.86653334274172,10.));
#658=CARTESIAN_POINT('',(-10.9865768260418,-1.62797974383874,9.));
#659=CARTESIAN_POINT('',(-11.9071069705702,-2.05980237355857,10.));
#660=CARTESIAN_POINT('',(-10.9443942299453,-1.78793818799933,9.));
#661=CARTESIAN_POINT('',(-11.8545344977925,-2.23452839393098,10.));
#662=CARTESIAN_POINT('',(-10.901576880879,-1.93124769051056,9.));
#663=CARTESIAN_POINT('',(-11.7982349363988,-2.40174188476343,10.));
#664=CARTESIAN_POINT('',(-10.8559403825375,-2.06683022150074,9.));
#665=CARTESIAN_POINT('',(-11.7359709323812,-2.56787976188356,10.));
#666=CARTESIAN_POINT('',(-10.8056694622024,-2.19974493779436,9.));
#667=CARTESIAN_POINT('',(-11.6665647147822,-2.73431383398891,10.));
#668=CARTESIAN_POINT('',(-10.7506905771152,-2.33203299144613,9.));
#669=CARTESIAN_POINT('',(-11.5933686598299,-2.89267854069317,10.));
#670=CARTESIAN_POINT('',(-10.6932642155316,-2.45679716733758,9.));
#671=CARTESIAN_POINT('',(-11.5200598147375,-3.03709518934005,10.));
#672=CARTESIAN_POINT('',(-10.6358289090278,-2.5694994509598,9.));
#673=CARTESIAN_POINT('',(-11.4482910719962,-3.16719532886596,10.));
#674=CARTESIAN_POINT('',(-10.5801808237886,-2.67017991643283,9.));
#675=CARTESIAN_POINT('',(-11.3794665162005,-3.28294503438436,10.));
#676=CARTESIAN_POINT('',(-10.5272842472155,-2.75926962068464,9.));
#677=CARTESIAN_POINT('',(-11.3149848054847,-3.38439858107656,10.));
#678=CARTESIAN_POINT('',(-10.4779406441272,-2.83704976697706,9.));
#679=CARTESIAN_POINT('',(-11.2568289968785,-3.47077834700635,10.));
#680=CARTESIAN_POINT('',(-10.4335167500845,-2.90309601323982,9.));
#681=CARTESIAN_POINT('',(-11.2018673334964,-3.54854894547743,10.));
#682=CARTESIAN_POINT('',(-10.3914992726107,-2.96243073052026,9.));
#683=CARTESIAN_POINT('',(-11.1429038516701,-3.62821688611463,10.));
#684=CARTESIAN_POINT('',(-10.3484821863693,-3.02075975788164,9.));
#685=CARTESIAN_POINT('',(-11.0551984562719,-3.74070243598228,10.));
#686=CARTESIAN_POINT('',(-10.2848017337798,-3.10281030784167,9.));
#687=CARTESIAN_POINT('',(-10.9852375493882,-3.8233090558711,10.));
#688=CARTESIAN_POINT('',(-10.2314981498326,-3.16602614513532,9.));
#689=CARTESIAN_POINT('',(-10.9400789070767,-3.87403388130503,10.));
#690=CARTESIAN_POINT('',(-10.1929550997685,-3.20934898110356,9.));
#691=FACE_BOUND('',#692,.T.);
#692=EDGE_LOOP('',(#2713,#2714,#2715,#2716));
#693=B_SPLINE_SURFACE_WITH_KNOTS('',3,1,(
(#694,#695),
(#696,#697),
(#698,#699),
(#700,#701),
(#702,#703),
(#704,#705),
(#706,#707),
(#708,#709),
(#710,#711),
(#712,#713),
(#714,#715),
(#716,#717),
(#718,#719),
(#720,#721),
(#722,#723),
(#724,#725),
(#726,#727),
(#728,#729),
(#730,#731),
(#732,#733),
(#734,#735),
(#736,#737),
(#738,#739),
(#740,#741),
(#742,#743),
(#744,#745),
(#746,#747),
(#748,#749)),
.UNSPECIFIED.,.F.,.F.,.F.,
(4,1,1,1,1,1,1,1,1,1,1,1,1,1,1,1,1,1,1,1,1,1,1,1,1,4),
(2,2),
(3.05279631712023,3.94630305620834,4.24199065124225,4.46226474591792,4.65451351407608,
4.86191509604728,5.11938594015677,5.43296078333263,5.78183023247227,6.1361180126952,
6.48980270775907,6.84070069752993,7.19286611286791,7.53995342287582,7.87284371204918,
8.18748284952786,8.50404588289531,8.8370448235816,9.18751276786008,9.52646649897306,
9.85908925768216,10.1995522448969,10.5642917355752,10.9374910301989,11.2957690119339,
11.9472033900017),
(0.,1.),
.UNSPECIFIED.);
#694=CARTESIAN_POINT('',(-10.9400927561075,-3.87401831456989,10.));
#695=CARTESIAN_POINT('',(-10.1929678227364,-3.20933468009764,9.));
#696=CARTESIAN_POINT('',(-10.8749690624626,-3.94741028300704,10.));
#697=CARTESIAN_POINT('',(-10.128353256326,-3.28196022999779,9.));
#698=CARTESIAN_POINT('',(-10.7737171538018,-4.05496925570984,10.));
#699=CARTESIAN_POINT('',(-10.0494963346414,-3.36524403152738,9.));
#700=CARTESIAN_POINT('',(-10.6440581690144,-4.17967549873236,10.));
#701=CARTESIAN_POINT('',(-9.95475987782559,-3.455623922061,9.));
#702=CARTESIAN_POINT('',(-10.5777472261905,-4.24072649910132,10.));
#703=CARTESIAN_POINT('',(-9.90605536206037,-3.50007060142439,9.));
#704=CARTESIAN_POINT('',(-10.5196780607795,-4.29232918455394,10.));
#705=CARTESIAN_POINT('',(-9.86201647242187,-3.5389267949255,9.));
#706=CARTESIAN_POINT('',(-10.4577421903029,-4.34550396502587,10.));
#707=CARTESIAN_POINT('',(-9.81412405654306,-3.57990507643228,9.));
#708=CARTESIAN_POINT('',(-10.3824390729181,-4.40754645770371,10.));
#709=CARTESIAN_POINT('',(-9.75680906658146,-3.62710044724966,9.));
#710=CARTESIAN_POINT('',(-10.2913521235383,-4.47873537461856,10.));
#711=CARTESIAN_POINT('',(-9.68782103933012,-3.68113177814748,9.));
#712=CARTESIAN_POINT('',(-10.187850384601,-4.5546213883105,10.));
#713=CARTESIAN_POINT('',(-9.61016426730827,-3.73823316643025,9.));
#714=CARTESIAN_POINT('',(-10.0776812690239,-4.62984472315439,10.));
#715=CARTESIAN_POINT('',(-9.52792246307909,-3.79425329416996,9.));
#716=CARTESIAN_POINT('',(-9.96393244728965,-4.70185674938608,10.));
#717=CARTESIAN_POINT('',(-9.44387999860762,-3.84734268363952,9.));
#718=CARTESIAN_POINT('',(-9.84723073501099,-4.77004493277496,10.));
#719=CARTESIAN_POINT('',(-9.35841462613231,-3.89734528405,9.));
#720=CARTESIAN_POINT('',(-9.72866339629582,-4.83366090348335,10.));
#721=CARTESIAN_POINT('',(-9.27201381119366,-3.94380272384643,9.));
#722=CARTESIAN_POINT('',(-9.61042928871127,-4.89165380675478,10.));
#723=CARTESIAN_POINT('',(-9.18580998074594,-3.98602004732902,9.));
#724=CARTESIAN_POINT('',(-9.49369493175265,-4.94380882187922,10.));
#725=CARTESIAN_POINT('',(-9.10130802169266,-4.02371967530143,9.));
#726=CARTESIAN_POINT('',(-9.37860052099196,-4.99052401067888,10.));
#727=CARTESIAN_POINT('',(-9.01821681304789,-4.0574513966378,9.));
#728=CARTESIAN_POINT('',(-9.26213227408823,-5.03327076354989,10.));
#729=CARTESIAN_POINT('',(-8.93407004708156,-4.08838605160218,9.));
#730=CARTESIAN_POINT('',(-9.14075036687107,-5.07313092114135,10.));
#731=CARTESIAN_POINT('',(-8.84584903655214,-4.11740110962519,9.));
#732=CARTESIAN_POINT('',(-9.01466355441021,-5.10956356033495,10.));
#733=CARTESIAN_POINT('',(-8.75429429616201,-4.14378134996002,9.));
#734=CARTESIAN_POINT('',(-8.8874773617968,-5.14137415343399,10.));
#735=CARTESIAN_POINT('',(-8.66165883398878,-4.16690752861197,9.));
#736=CARTESIAN_POINT('',(-8.76110841526561,-5.16836309678485,9.99999999999999));
#737=CARTESIAN_POINT('',(-8.56904954665533,-4.1867430000049,9.));
#738=CARTESIAN_POINT('',(-8.63166221912938,-5.19145201778162,10.));
#739=CARTESIAN_POINT('',(-8.4733169723269,-4.20394551509828,9.00000000000001));
#740=CARTESIAN_POINT('',(-8.49631594935144,-5.21078105226167,10.));
#741=CARTESIAN_POINT('',(-8.3725788262543,-4.21827784035428,9.));
#742=CARTESIAN_POINT('',(-8.35848200097313,-5.22548327823785,10.));
#743=CARTESIAN_POINT('',(-8.26940590947362,-4.22916121784338,9.));
#744=CARTESIAN_POINT('',(-8.18583204846686,-5.23802387297966,10.));
#745=CARTESIAN_POINT('',(-8.13769992053327,-4.23910283622577,9.));
#746=CARTESIAN_POINT('',(-8.05821305679154,-5.24148064262525,10.));
#747=CARTESIAN_POINT('',(-8.04336034378839,-4.24040761239802,9.));
#748=CARTESIAN_POINT('',(-7.97888325991364,-5.24144210498207,10.));
#749=CARTESIAN_POINT('',(-7.97888523977193,-4.24144227875656,9.));
#750=FACE_BOUND('',#751,.T.);
#751=EDGE_LOOP('',(#2717,#2718,#2719,#2720,#2721));
#752=B_SPLINE_SURFACE_WITH_KNOTS('',3,1,(
(#753,#754),
(#755,#756),
(#757,#758),
(#759,#760),
(#761,#762),
(#763,#764),
(#765,#766),
(#767,#768),
(#769,#770),
(#771,#772),
(#773,#774),
(#775,#776),
(#777,#778),
(#779,#780),
(#781,#782),
(#783,#784),
(#785,#786),
(#787,#788),
(#789,#790)),
.UNSPECIFIED.,.F.,.F.,.F.,
(4,1,1,1,1,1,1,1,1,1,1,1,1,1,1,1,4),
(2,2),
(4.14438299244013,5.14907759370609,5.52725059955145,5.81948435710028,6.06629546868045,
6.29295548343134,6.5428162622244,6.83223762038746,7.16514299998136,7.51857433318186,
7.89522457645716,8.29181602228219,8.72096052254754,9.15697033656956,9.62166449681237,
10.0995372508485,10.8556164870888),
(0.,1.),
.UNSPECIFIED.);
#753=CARTESIAN_POINT('',(-7.97890428470862,-5.24144210498207,10.));
#754=CARTESIAN_POINT('',(-7.97890421419479,-4.24144210498207,9.));
#755=CARTESIAN_POINT('',(-7.89776304940992,-5.24157632487027,10.));
#756=CARTESIAN_POINT('',(-7.89831140406583,-4.24144110113297,9.));
#757=CARTESIAN_POINT('',(-7.76750286207431,-5.23790023059426,9.99999999999999));
#758=CARTESIAN_POINT('',(-7.80299069162538,-4.23832515735247,9.));
#759=CARTESIAN_POINT('',(-7.60500256224064,-5.22479066513614,10.));
#760=CARTESIAN_POINT('',(-7.69302165376287,-4.22884759329709,9.));
#761=CARTESIAN_POINT('',(-7.51694714479413,-5.21542594069286,10.));
#762=CARTESIAN_POINT('',(-7.63245397798038,-4.22210248837492,9.));
#763=CARTESIAN_POINT('',(-7.44587310547866,-5.20641771403241,10.));
#764=CARTESIAN_POINT('',(-7.58014304242109,-4.21538351501892,9.));
#765=CARTESIAN_POINT('',(-7.37851715976514,-5.19666946212933,10.));
#766=CARTESIAN_POINT('',(-7.53090711630757,-4.20821361186615,9.));
#767=CARTESIAN_POINT('',(-7.30713230261597,-5.18500491499831,10.));
#768=CARTESIAN_POINT('',(-7.47897228671155,-4.19972300417323,9.));
#769=CARTESIAN_POINT('',(-7.22588957915155,-5.16998013277051,10.));
#770=CARTESIAN_POINT('',(-7.42014612495463,-4.18887523812204,9.));
#771=CARTESIAN_POINT('',(-7.13526695618717,-5.15091300970724,10.));
#772=CARTESIAN_POINT('',(-7.35480130473318,-4.17518101096622,9.));
#773=CARTESIAN_POINT('',(-7.03717271209641,-5.12744963761166,10.));
#774=CARTESIAN_POINT('',(-7.28427665782795,-4.15834199026043,9.));
#775=CARTESIAN_POINT('',(-6.93410201940367,-5.09957339046736,10.));
#776=CARTESIAN_POINT('',(-7.21035606716415,-4.1382711967045,9.));
#777=CARTESIAN_POINT('',(-6.82422818999879,-5.06610854087019,10.));
#778=CARTESIAN_POINT('',(-7.13214015944176,-4.11442732031073,9.));
#779=CARTESIAN_POINT('',(-6.71000503347611,-5.02700794359583,10.));
#780=CARTESIAN_POINT('',(-7.05101707626942,-4.08667995318053,9.));
#781=CARTESIAN_POINT('',(-6.5915340241451,-4.98164717638934,10.));
#782=CARTESIAN_POINT('',(-6.96671199671514,-4.05445490937354,9.));
#783=CARTESIAN_POINT('',(-6.47103280731588,-4.93031183699511,10.));
#784=CARTESIAN_POINT('',(-6.8806698141559,-4.01779647202812,9.));
#785=CARTESIAN_POINT('',(-6.32443853224202,-4.86104809646921,10.));
#786=CARTESIAN_POINT('',(-6.77616577023535,-3.96839481423342,9.));
#787=CARTESIAN_POINT('',(-6.22087905169065,-4.8055678066948,10.));
#788=CARTESIAN_POINT('',(-6.70192319430916,-3.92864277527388,9.));
#789=CARTESIAN_POINT('',(-6.15883609968715,-4.76990747080633,10.));
#790=CARTESIAN_POINT('',(-6.65713013546802,-3.9028993659334,9.));
#791=FACE_BOUND('',#792,.T.);
#792=EDGE_LOOP('',(#2722,#2723,#2724,#2725,#2726,#2727));
#793=B_SPLINE_SURFACE_WITH_KNOTS('',3,1,(
(#794,#795),
(#796,#797),
(#798,#799),
(#800,#801),
(#802,#803),
(#804,#805),
(#806,#807),
(#808,#809),
(#810,#811),
(#812,#813),
(#814,#815),
(#816,#817),
(#818,#819),
(#820,#821),
(#822,#823),
(#824,#825),
(#826,#827),
(#828,#829),
(#830,#831),
(#832,#833),
(#834,#835),
(#836,#837),
(#838,#839),
(#840,#841),
(#842,#843),
(#844,#845),
(#846,#847),
(#848,#849),
(#850,#851),
(#852,#853),
(#854,#855),
(#856,#857),
(#858,#859),
(#860,#861),
(#862,#863),
(#864,#865),
(#866,#867),
(#868,#869),
(#870,#871),
(#872,#873),
(#874,#875),
(#876,#877),
(#878,#879),
(#880,#881),
(#882,#883),
(#884,#885),
(#886,#887),
(#888,#889),
(#890,#891),
(#892,#893),
(#894,#895),
(#896,#897),
(#898,#899),
(#900,#901),
(#902,#903),
(#904,#905),
(#906,#907),
(#908,#909),
(#910,#911),
(#912,#913),
(#914,#915),
(#916,#917),
(#918,#919),
(#920,#921),
(#922,#923),
(#924,#925),
(#926,#927),
(#928,#929),
(#930,#931),
(#932,#933),
(#934,#935),
(#936,#937),
(#938,#939),
(#940,#941),
(#942,#943),
(#944,#945)),
.UNSPECIFIED.,.F.,.F.,.F.,
(4,1,1,1,1,1,1,1,1,1,1,1,1,1,1,1,1,1,1,1,1,1,1,1,1,1,1,1,1,1,1,1,1,1,1,1,1,1,1,1,
1,1,1,1,1,1,1,1,1,1,1,1,1,1,1,1,1,1,1,1,1,1,1,1,1,1,1,1,1,1,1,1,1,4),
(2,2),
(3.9489555648697,4.94934174519721,5.31458884229023,5.5721458010491,5.773875950809,
5.95807912502344,6.18046837887668,6.46121790956897,6.79600094565819,7.1565587049725,
7.54565962882823,7.9514110116847,8.35810118356454,8.70214686673583,8.9795086638438,
9.22286507054382,9.47929204048122,9.74768861573215,10.0004738099814,10.2364114557068,
10.4781025863242,10.7416968004929,11.0403867510049,11.3600123578801,11.6725815791319,
11.9581645453164,12.2356645241133,12.602971233829,13.0800513277175,13.6333281207836,
14.1426471624595,14.5424998331213,14.832421151393,15.0598242138575,15.2717890566289,
15.4837538994004,15.6957187421719,15.9076835849434,16.1196484277149,16.3316132704864,
16.5435781132579,16.7555429560294,16.9675077988009,17.1794726415724,17.3914374843439,
17.6034023271154,17.8153671698868,18.0273320126583,18.2392968554298,18.4512616982013,
18.6632265409728,18.8751913837443,19.0871562265158,19.2991210692873,19.5110859120588,
19.7230507548303,19.9350155976018,20.1469804403733,20.3589452831447,20.5709101259162,
20.7828749686877,20.9948398114592,21.2068046542307,21.4187694970022,21.6307343397737,
21.8426991825452,22.0546640253167,22.2666288680882,22.4785937108597,22.6907768857198,
22.9040517210229,23.1203832055663,23.3421729923248,23.5914726222467),
(0.,1.),
.UNSPECIFIED.);
#794=CARTESIAN_POINT('',(-6.15885484784601,-4.76991824582346,10.));
#795=CARTESIAN_POINT('',(-6.65714609347555,-3.9029085373836,9.));
#796=CARTESIAN_POINT('',(-6.08530827376651,-4.72782071761236,10.));
#797=CARTESIAN_POINT('',(-6.58409770156854,-3.86092394726427,9.));
#798=CARTESIAN_POINT('',(-5.97026508434059,-4.65718232902913,10.));
#799=CARTESIAN_POINT('',(-6.5000887255445,-3.80882223632227,9.00000000000001));
#800=CARTESIAN_POINT('',(-5.83438771678545,-4.563514743486,10.));
#801=CARTESIAN_POINT('',(-6.40755614071617,-3.74429970909225,9.));
#802=CARTESIAN_POINT('',(-5.76707947471003,-4.51467812388626,10.));
#803=CARTESIAN_POINT('',(-6.36094422517778,-3.71013590130617,9.));
#804=CARTESIAN_POINT('',(-5.71666192054855,-4.47673005083537,10.));
#805=CARTESIAN_POINT('',(-6.32380980983528,-3.68206781578922,9.));
#806=CARTESIAN_POINT('',(-5.66951757936819,-4.44014999901487,10.));
#807=CARTESIAN_POINT('',(-6.28895176949927,-3.65496474578735,9.));
#808=CARTESIAN_POINT('',(-5.61665833985751,-4.39778473011296,9.99999999999999));
#809=CARTESIAN_POINT('',(-6.25011405364048,-3.62380961469211,9.));
#810=CARTESIAN_POINT('',(-5.55306632749136,-4.34471896880833,10.));
#811=CARTESIAN_POINT('',(-6.20354237445091,-3.58497022999692,9.));
#812=CARTESIAN_POINT('',(-5.4803492318633,-4.28094690697627,10.));
#813=CARTESIAN_POINT('',(-6.1505177473656,-3.53853402065356,9.));
#814=CARTESIAN_POINT('',(-5.40153304685747,-4.20779528860903,10.));
#815=CARTESIAN_POINT('',(-6.09323636910076,-3.48544352340775,9.));
#816=CARTESIAN_POINT('',(-5.32023279947725,-4.12757299067045,10.));
#817=CARTESIAN_POINT('',(-6.03428026667844,-3.42717424230873,9.));
#818=CARTESIAN_POINT('',(-5.23785418661637,-4.04076818554115,10.));
#819=CARTESIAN_POINT('',(-5.9749562184099,-3.36462201209452,9.));
#820=CARTESIAN_POINT('',(-5.16133881045509,-3.95444752085521,10.));
#821=CARTESIAN_POINT('',(-5.91990580689641,-3.30252005297618,9.));
#822=CARTESIAN_POINT('',(-5.09568888456981,-3.87548377308886,10.));
#823=CARTESIAN_POINT('',(-5.87283125184213,-3.24598553092545,9.));
#824=CARTESIAN_POINT('',(-5.04272778567171,-3.80832556688201,10.));
#825=CARTESIAN_POINT('',(-5.83433951670349,-3.19714864723995,9.));
#826=CARTESIAN_POINT('',(-4.99563497649722,-3.74586325403931,10.));
#827=CARTESIAN_POINT('',(-5.8013155013252,-3.15346345901169,9.));
#828=CARTESIAN_POINT('',(-4.95010722009911,-3.68271744778748,10.));
#829=CARTESIAN_POINT('',(-5.76976525139401,-3.10986577031313,9.));
#830=CARTESIAN_POINT('',(-4.90595518509886,-3.61856973549454,10.));
#831=CARTESIAN_POINT('',(-5.73832979255981,-3.06430584968652,9.));
#832=CARTESIAN_POINT('',(-4.86557407836437,-3.55697268532192,10.));
#833=CARTESIAN_POINT('',(-5.7077123960216,-3.0176504767297,9.));
#834=CARTESIAN_POINT('',(-4.82934932945871,-3.49981289738736,10.));
#835=CARTESIAN_POINT('',(-5.67735220097047,-2.96976291810003,9.));
#836=CARTESIAN_POINT('',(-4.79410535088004,-3.44463075146979,10.));
#837=CARTESIAN_POINT('',(-5.64497625311955,-2.9190576233756,9.));
#838=CARTESIAN_POINT('',(-4.75739840298426,-3.3870178105244,10.));
#839=CARTESIAN_POINT('',(-5.6087063455961,-2.86213773346297,9.));
#840=CARTESIAN_POINT('',(-4.71834198515726,-3.32576596703287,10.));
#841=CARTESIAN_POINT('',(-5.56788754070075,-2.79811888219189,9.));
#842=CARTESIAN_POINT('',(-4.67775094703675,-3.26209126334895,10.));
#843=CARTESIAN_POINT('',(-5.52428993122569,-2.72972894384711,9.));
#844=CARTESIAN_POINT('',(-4.63766323872275,-3.19921098111888,10.));
#845=CARTESIAN_POINT('',(-5.4813590437401,-2.66238866166099,9.));
#846=CARTESIAN_POINT('',(-4.59825408353246,-3.13739389903778,10.));
#847=CARTESIAN_POINT('',(-5.44135816937308,-2.59964345570723,9.));
#848=CARTESIAN_POINT('',(-4.5559443774608,-3.07102728610773,10.));
#849=CARTESIAN_POINT('',(-5.39921739962338,-2.53354182292238,9.));
#850=CARTESIAN_POINT('',(-4.50508424030029,-2.99124845158629,10.));
#851=CARTESIAN_POINT('',(-5.34827271097285,-2.45363036762501,9.));
#852=CARTESIAN_POINT('',(-4.44163896035304,-2.89172870512333,10.));
#853=CARTESIAN_POINT('',(-5.28487347705148,-2.3541828453142,9.));
#854=CARTESIAN_POINT('',(-4.37178368364727,-2.78215426835485,10.));
#855=CARTESIAN_POINT('',(-5.21500234049196,-2.24458353203427,9.));
#856=CARTESIAN_POINT('',(-4.30542206365715,-2.67805996008991,10.));
#857=CARTESIAN_POINT('',(-5.14864419913735,-2.14049468008169,9.));
#858=CARTESIAN_POINT('',(-4.25101257089046,-2.59271366224045,10.));
#859=CARTESIAN_POINT('',(-5.0942342208445,-2.05514762067432,9.));
#860=CARTESIAN_POINT('',(-4.20939493360709,-2.5274325673594,10.));
#861=CARTESIAN_POINT('',(-5.05261663936768,-1.98986661332701,9.));
#862=CARTESIAN_POINT('',(-4.1763028849154,-2.47552464292656,10.));
#863=CARTESIAN_POINT('',(-5.01952458185305,-1.9379586750552,9.));
#864=CARTESIAN_POINT('',(-4.14674816468626,-2.42916534379481,10.));
#865=CARTESIAN_POINT('',(-4.98996986364211,-1.89159937908905,9.));
#866=CARTESIAN_POINT('',(-4.11789396681976,-2.38390487846971,10.));
#867=CARTESIAN_POINT('',(-4.96111566524765,-1.84633891293584,9.));
#868=CARTESIAN_POINT('',(-4.08903976858645,-2.33864441256947,10.));
#869=CARTESIAN_POINT('',(-4.93226146715581,-1.80107844725749,9.));
#870=CARTESIAN_POINT('',(-4.06018557045143,-2.29338394682333,10.));
#871=CARTESIAN_POINT('',(-4.90340726898288,-1.75581798145189,9.));
#872=CARTESIAN_POINT('',(-4.03133137229007,-2.2481234810359,10.));
#873=CARTESIAN_POINT('',(-4.87455307083168,-1.71055751568039,9.));
#874=CARTESIAN_POINT('',(-4.00247717413577,-2.20286301525953,10.));
#875=CARTESIAN_POINT('',(-4.84569887267465,-1.66529704989976,9.));
#876=CARTESIAN_POINT('',(-3.97362297597958,-2.1576025494802,10.));
#877=CARTESIAN_POINT('',(-4.81684467451919,-1.62003658412157,9.));
#878=CARTESIAN_POINT('',(-3.94476877782389,-2.11234208370166,10.));
#879=CARTESIAN_POINT('',(-4.78799047636331,-1.57477611834273,9.));
#880=CARTESIAN_POINT('',(-3.91591457966807,-2.06708161792291,10.));
#881=CARTESIAN_POINT('',(-4.75913627820754,-1.52951565256406,9.));
#882=CARTESIAN_POINT('',(-3.88706038151229,-2.02182115214422,10.));
#883=CARTESIAN_POINT('',(-4.73028208005174,-1.48425518678535,9.));
#884=CARTESIAN_POINT('',(-3.85820618335649,-1.97656068636551,10.));
#885=CARTESIAN_POINT('',(-4.70142788189595,-1.43899472100664,9.));
#886=CARTESIAN_POINT('',(-3.8293519852007,-1.93130022058681,10.));
#887=CARTESIAN_POINT('',(-4.67257368374015,-1.39373425522794,9.));
#888=CARTESIAN_POINT('',(-3.80049778704491,-1.8860397548081,10.));
#889=CARTESIAN_POINT('',(-4.64371948558436,-1.34847378944923,9.));
#890=CARTESIAN_POINT('',(-3.77164358888911,-1.8407792890294,10.));
#891=CARTESIAN_POINT('',(-4.61486528742857,-1.30321332367053,9.));
#892=CARTESIAN_POINT('',(-3.74278939073332,-1.79551882325069,10.));
#893=CARTESIAN_POINT('',(-4.58601108927277,-1.25795285789182,9.));
#894=CARTESIAN_POINT('',(-3.71393519257753,-1.75025835747199,10.));
#895=CARTESIAN_POINT('',(-4.55715689111698,-1.21269239211312,9.));
#896=CARTESIAN_POINT('',(-3.68508099442173,-1.70499789169328,10.));
#897=CARTESIAN_POINT('',(-4.52830269296119,-1.16743192633441,9.));
#898=CARTESIAN_POINT('',(-3.65622679626594,-1.65973742591458,10.));
#899=CARTESIAN_POINT('',(-4.49944849480539,-1.12217146055571,9.));
#900=CARTESIAN_POINT('',(-3.62737259811015,-1.61447696013587,10.));
#901=CARTESIAN_POINT('',(-4.4705942966496,-1.07691099477701,9.));
#902=CARTESIAN_POINT('',(-3.59851839995436,-1.56921649435717,10.));
#903=CARTESIAN_POINT('',(-4.44174009849381,-1.0316505289983,9.));
#904=CARTESIAN_POINT('',(-3.56966420179856,-1.52395602857846,10.));
#905=CARTESIAN_POINT('',(-4.41288590033801,-0.986390063219596,9.));
#906=CARTESIAN_POINT('',(-3.54081000364277,-1.47869556279976,10.));
#907=CARTESIAN_POINT('',(-4.38403170218222,-0.941129597440892,9.));
#908=CARTESIAN_POINT('',(-3.51195580548698,-1.43343509702105,10.));
#909=CARTESIAN_POINT('',(-4.35517750402643,-0.895869131662187,9.));
#910=CARTESIAN_POINT('',(-3.48310160733118,-1.38817463124234,10.));
#911=CARTESIAN_POINT('',(-4.32632330587063,-0.850608665883482,9.));
#912=CARTESIAN_POINT('',(-3.45424740917539,-1.34291416546364,10.));
#913=CARTESIAN_POINT('',(-4.29746910771484,-0.805348200104777,9.));
#914=CARTESIAN_POINT('',(-3.4253932110196,-1.29765369968493,10.));
#915=CARTESIAN_POINT('',(-4.26861490955905,-0.760087734326072,9.));
#916=CARTESIAN_POINT('',(-3.3965390128638,-1.25239323390623,10.));
#917=CARTESIAN_POINT('',(-4.23976071140325,-0.714827268547367,9.));
#918=CARTESIAN_POINT('',(-3.36768481470801,-1.20713276812752,10.));
#919=CARTESIAN_POINT('',(-4.21090651324746,-0.669566802768662,9.));
#920=CARTESIAN_POINT('',(-3.33883061655222,-1.16187230234882,10.));
#921=CARTESIAN_POINT('',(-4.18205231509167,-0.624306336989957,9.));
#922=CARTESIAN_POINT('',(-3.30997641839643,-1.11661183657011,10.));
#923=CARTESIAN_POINT('',(-4.15319811693587,-0.579045871211252,9.));
#924=CARTESIAN_POINT('',(-3.28112222024063,-1.07135137079141,10.));
#925=CARTESIAN_POINT('',(-4.12434391878008,-0.533785405432547,9.));
#926=CARTESIAN_POINT('',(-3.25226802208484,-1.0260909050127,10.));
#927=CARTESIAN_POINT('',(-4.09548972062428,-0.488524939653842,9.));
#928=CARTESIAN_POINT('',(-3.22341382392905,-0.980830439233996,10.));
#929=CARTESIAN_POINT('',(-4.06663552246849,-0.443264473875137,9.));
#930=CARTESIAN_POINT('',(-3.19455962577325,-0.93556997345529,10.));
#931=CARTESIAN_POINT('',(-4.0377813243127,-0.398004008096432,9.));
#932=CARTESIAN_POINT('',(-3.16569552063278,-0.890293967659201,10.));
#933=CARTESIAN_POINT('',(-4.00891721917222,-0.352728002300343,9.));
#934=CARTESIAN_POINT('',(-3.13677197358425,-0.844924721758806,10.));
#935=CARTESIAN_POINT('',(-3.97999367212369,-0.307358756399949,9.));
#936=CARTESIAN_POINT('',(-3.10765028684218,-0.799244675510733,10.));
#937=CARTESIAN_POINT('',(-3.95087198538162,-0.261678710151876,9.));
#938=CARTESIAN_POINT('',(-3.07809269277432,-0.75288086849776,10.));
#939=CARTESIAN_POINT('',(-3.92131439131376,-0.215314903138903,9.));
#940=CARTESIAN_POINT('',(-3.04690044623475,-0.70395295861642,10.));
#941=CARTESIAN_POINT('',(-3.89012214477419,-0.166386993257564,9.));
#942=CARTESIAN_POINT('',(-3.02552440544066,-0.670422671008996,10.));
#943=CARTESIAN_POINT('',(-3.8687461039801,-0.13285670565014,8.99999999999999));
#944=CARTESIAN_POINT('',(-3.01421224500896,-0.65267850611009,10.));
#945=CARTESIAN_POINT('',(-3.8574339435484,-0.115112540751234,9.));
#946=FACE_BOUND('',#947,.T.);
#947=EDGE_LOOP('',(#2728,#2729,#2730,#2731));
#948=PLANE('',#949);
#949=AXIS2_PLACEMENT_3D('',#950,#951,#952);
#950=CARTESIAN_POINT('',(-4.85743931920805,-0.245614027173771,10.));
#951=DIRECTION('',(0.707106781186548,-4.44290609699995E-16,0.707106781186547));
#952=DIRECTION('',(-6.28321805872744E-16,-1.,3.94609331610946E-32));
#953=FACE_BOUND('',#954,.T.);
#954=EDGE_LOOP('',(#2732,#2733,#2734));
#955=B_SPLINE_SURFACE_WITH_KNOTS('',3,1,(
(#956,#957),
(#958,#959),
(#960,#961),
(#962,#963),
(#964,#965),
(#966,#967),
(#968,#969),
(#970,#971),
(#972,#973),
(#974,#975),
(#976,#977)),
.UNSPECIFIED.,.F.,.F.,.F.,
(4,1,1,1,1,1,1,1,4),
(2,2),
(-1.27323954473516E-5,0.239904080974689,0.345394437080797,0.447680860131546,0.551874389799359,
0.657514637196029,0.763820134209644,0.861160083911903,1.00001273239545),
(0.,1.),
.UNSPECIFIED.);
#956=CARTESIAN_POINT('',(-3.85743931920805,-4.01514066739147,9.));
#957=CARTESIAN_POINT('',(-4.85743931900805,-4.01512066739147,10.));
#958=CARTESIAN_POINT('',(-3.85743931920805,-4.01514066739147,8.99999999999999));
#959=CARTESIAN_POINT('',(-4.85760384273304,-4.14077171907191,9.99999999999999));
#960=CARTESIAN_POINT('',(-3.85743931920805,-4.01514066739147,9.));
#961=CARTESIAN_POINT('',(-4.82288265085858,-4.32151993928411,10.));
#962=CARTESIAN_POINT('',(-3.85743931920805,-4.01514066739147,9.));
#963=CARTESIAN_POINT('',(-4.71850997016969,-4.5323162985632,10.));
#964=CARTESIAN_POINT('',(-3.85743931920805,-4.01514066739147,9.));
#965=CARTESIAN_POINT('',(-4.62291112520695,-4.66541650154763,10.));
#966=CARTESIAN_POINT('',(-3.85743931920805,-4.01514066739147,9.));
#967=CARTESIAN_POINT('',(-4.50700433989252,-4.78140405760736,10.));
#968=CARTESIAN_POINT('',(-3.85743931920805,-4.01514066739147,9.));
#969=CARTESIAN_POINT('',(-4.37190999857596,-4.87804276349866,10.));
#970=CARTESIAN_POINT('',(-3.85743931920805,-4.01514066739147,9.));
#971=CARTESIAN_POINT('',(-4.22589904926896,-4.94938129437858,10.));
#972=CARTESIAN_POINT('',(-3.85743931920805,-4.01514066739147,9.));
#973=CARTESIAN_POINT('',(-4.05378761761513,-5.00159512213431,10.));
#974=CARTESIAN_POINT('',(-3.85743931920805,-4.01514066739147,9.));
#975=CARTESIAN_POINT('',(-3.93012348644662,-5.01515376376392,9.99999999999999));
#976=CARTESIAN_POINT('',(-3.85743931920805,-4.01514066739147,9.));
#977=CARTESIAN_POINT('',(-3.85741931920805,-5.01514066719147,10.));
#978=FACE_BOUND('',#979,.T.);
#979=EDGE_LOOP('',(#2735,#2736,#2737,#2738));
#980=PLANE('',#981);
#981=AXIS2_PLACEMENT_3D('',#982,#983,#984);
#982=CARTESIAN_POINT('',(-7.15300378469723,-5.01514066739147,10.));
#983=DIRECTION('',(2.66798536660518E-16,0.707106781186548,0.707106781186547));
#984=DIRECTION('',(1.,-3.773101089666E-16,0.));
#985=FACE_BOUND('',#986,.T.);
#986=EDGE_LOOP('',(#2739,#2740,#2741));
#987=B_SPLINE_SURFACE_WITH_KNOTS('',3,1,(
(#988,#989),
(#990,#991),
(#992,#993),
(#994,#995),
(#996,#997),
(#998,#999),
(#1000,#1001),
(#1002,#1003),
(#1004,#1005),
(#1006,#1007)),
.UNSPECIFIED.,.F.,.F.,.F.,
(4,1,1,1,1,1,1,4),
(2,2),
(-1.33045898500973E-5,0.25064736537774,0.360881883415514,0.46776932867605,0.576655237306088,
0.68715571147735,0.79661791875022,1.00001330458985),
(0.,1.),
.UNSPECIFIED.);
#988=CARTESIAN_POINT('',(2.0895660151636,1.17520128939528,9.));
#989=CARTESIAN_POINT('',(1.78730851503078,0.221974976490807,10.));
#990=CARTESIAN_POINT('',(2.0895660151636,1.17520128939528,8.99999999999999));
#991=CARTESIAN_POINT('',(1.90701530216391,0.18384743274805,9.99999999999999));
#992=CARTESIAN_POINT('',(2.0895660151636,1.17520128939528,9.));
#993=CARTESIAN_POINT('',(2.08978528723677,0.162312579036899,10.));
#994=CARTESIAN_POINT('',(2.0895660151636,1.17520128939528,9.));
#995=CARTESIAN_POINT('',(2.32225561484201,0.198078200824718,10.));
#996=CARTESIAN_POINT('',(2.0895660151636,1.17520128939528,9.));
#997=CARTESIAN_POINT('',(2.47803548550528,0.248973354842087,10.));
#998=CARTESIAN_POINT('',(2.0895660151636,1.17520128939528,9.));
#999=CARTESIAN_POINT('',(2.6236901992596,0.324427099075141,10.));
#1000=CARTESIAN_POINT('',(2.0895660151636,1.17520128939528,9.00000000000001));
#1001=CARTESIAN_POINT('',(2.75603079859404,0.423552944776286,10.));
#1002=CARTESIAN_POINT('',(2.0895660151636,1.17520128939528,8.99999999999999));
#1003=CARTESIAN_POINT('',(2.9030789473829,0.577452684977919,9.99999999999999));
#1004=CARTESIAN_POINT('',(2.0895660151636,1.17520128939528,9.));
#1005=CARTESIAN_POINT('',(2.98299293332844,0.714442342444903,10.));
#1006=CARTESIAN_POINT('',(2.0895660151636,1.17520128939528,9.));
#1007=CARTESIAN_POINT('',(3.02022894826944,0.809323570829582,10.));
#1008=FACE_BOUND('',#1009,.T.);
#1009=EDGE_LOOP('',(#2742,#2743,#2744,#2745));
#1010=B_SPLINE_SURFACE_WITH_KNOTS('',3,1,(
(#1011,#1012),
(#1013,#1014),
(#1015,#1016),
(#1017,#1018),
(#1019,#1020),
(#1021,#1022),
(#1023,#1024),
(#1025,#1026),
(#1027,#1028),
(#1029,#1030),
(#1031,#1032),
(#1033,#1034),
(#1035,#1036),
(#1037,#1038),
(#1039,#1040),
(#1041,#1042),
(#1043,#1044),
(#1045,#1046),
(#1047,#1048)),
.UNSPECIFIED.,.F.,.F.,.F.,
(4,1,1,1,1,1,1,1,1,1,1,1,1,1,1,1,4),
(2,2),
(2.78344081839569,3.65430105882216,4.0087541873923,4.32044339434343,4.64390750846665,
4.99655039925087,5.3695658235127,5.70464654776137,5.9961141719907,6.23286174314096,
6.43080425324822,6.59387511140054,6.74198751384105,6.8983318803253,7.0754456853816,
7.28090585815925,7.54320140087243),
(0.,1.),
.UNSPECIFIED.);
#1011=CARTESIAN_POINT('',(3.02021829711443,0.809296479097518,10.));
#1012=CARTESIAN_POINT('',(2.08956198345635,1.17519117345408,9.));
#1013=CARTESIAN_POINT('',(3.057617101341,0.904420496631569,10.));
#1014=CARTESIAN_POINT('',(2.13476387975736,1.28871224963312,9.00000000000001));
#1015=CARTESIAN_POINT('',(3.11396643451706,1.03589790019489,9.99999999999999));
#1016=CARTESIAN_POINT('',(2.20247995927356,1.44837915116095,8.99999999999999));
#1017=CARTESIAN_POINT('',(3.19171324248617,1.1955100995744,10.));
#1018=CARTESIAN_POINT('',(2.29815711436448,1.64574725111493,9.));
#1019=CARTESIAN_POINT('',(3.24428753006813,1.29621821039356,10.));
#1020=CARTESIAN_POINT('',(2.3643731855274,1.77101980615918,9.));
#1021=CARTESIAN_POINT('',(3.29931081249696,1.39481835715658,10.));
#1022=CARTESIAN_POINT('',(2.43384746170662,1.89554455454371,9.));
#1023=CARTESIAN_POINT('',(3.36064385561775,1.49709554183793,10.));
#1024=CARTESIAN_POINT('',(2.51187740401245,2.02652278868767,9.));
#1025=CARTESIAN_POINT('',(3.42579097266362,1.59753597908421,9.99999999999999));
#1026=CARTESIAN_POINT('',(2.5960272551922,2.15657739537057,9.));
#1027=CARTESIAN_POINT('',(3.49008098628814,1.6892241301469,10.));
#1028=CARTESIAN_POINT('',(2.6807040748905,2.27623557451221,9.));
#1029=CARTESIAN_POINT('',(3.5480028663419,1.76621881225288,10.));
#1030=CARTESIAN_POINT('',(2.75740590321843,2.37851365119881,9.));
#1031=CARTESIAN_POINT('',(3.59837972766859,1.82924801198073,10.));
#1032=CARTESIAN_POINT('',(2.82463932679498,2.46298278562991,9.));
#1033=CARTESIAN_POINT('',(3.64089811800145,1.8798243209758,10.));
#1034=CARTESIAN_POINT('',(2.88195640555232,2.53131273297914,9.));
#1035=CARTESIAN_POINT('',(3.67796614229263,1.92207584493665,10.));
#1036=CARTESIAN_POINT('',(2.93202337950493,2.5882651340016,9.));
#1037=CARTESIAN_POINT('',(3.71231144472953,1.95979117849566,10.));
#1038=CARTESIAN_POINT('',(2.97953945005471,2.64008671371623,9.));
#1039=CARTESIAN_POINT('',(3.74748728356395,1.99704911046956,10.));
#1040=CARTESIAN_POINT('',(3.03073962910877,2.69395964015113,9.));
#1041=CARTESIAN_POINT('',(3.78753999973161,2.03783779324817,10.));
#1042=CARTESIAN_POINT('',(3.0894366430838,2.75341264055198,9.));
#1043=CARTESIAN_POINT('',(3.83736042501778,2.08628348184032,10.));
#1044=CARTESIAN_POINT('',(3.16029446849854,2.82214308874539,9.));
#1045=CARTESIAN_POINT('',(3.87637050891835,2.1220459897514,10.));
#1046=CARTESIAN_POINT('',(3.21069016632032,2.86830443452234,9.));
#1047=CARTESIAN_POINT('',(3.89965069961669,2.14258874445644,10.));
#1048=CARTESIAN_POINT('',(3.23803472906827,2.89243159967202,9.));
#1049=FACE_BOUND('',#1050,.T.);
#1050=EDGE_LOOP('',(#2746,#2747,#2748,#2749));
#1051=B_SPLINE_SURFACE_WITH_KNOTS('',3,1,(
(#1052,#1053),
(#1054,#1055),
(#1056,#1057),
(#1058,#1059),
(#1060,#1061),
(#1062,#1063),
(#1064,#1065),
(#1066,#1067),
(#1068,#1069),
(#1070,#1071),
(#1072,#1073),
(#1074,#1075),
(#1076,#1077),
(#1078,#1079),
(#1080,#1081),
(#1082,#1083),
(#1084,#1085),
(#1086,#1087),
(#1088,#1089),
(#1090,#1091),
(#1092,#1093),
(#1094,#1095),
(#1096,#1097),
(#1098,#1099),
(#1100,#1101),
(#1102,#1103),
(#1104,#1105)),
.UNSPECIFIED.,.F.,.F.,.F.,
(4,1,1,1,1,1,1,1,1,1,1,1,1,1,1,1,1,1,1,1,1,1,1,1,4),
(2,2),
(3.13565707071205,3.8566077203004,4.12497644997289,4.33478948481268,4.50835635405439,
4.68180587448234,4.88485351361351,5.1394537968475,5.46046551028273,5.82544523662159,
6.21058799766468,6.56753844223477,6.91167459181169,7.25854532999234,7.63404499028762,
8.01829419145203,8.39042969378878,8.72958825760111,9.03601461111482,9.3124462605693,
9.5656850743346,9.80520834932107,10.0464863145107,10.2956411772968,10.7286542451555),
(0.,1.),
.UNSPECIFIED.);
#1052=CARTESIAN_POINT('',(3.8996363287002,2.14257606438859,10.));
#1053=CARTESIAN_POINT('',(3.23801913255802,2.89241783821089,9.));
#1054=CARTESIAN_POINT('',(3.95699886824902,2.19303729436705,9.99999999999999));
#1055=CARTESIAN_POINT('',(3.29568280458243,2.94329665365848,8.99999999999999));
#1056=CARTESIAN_POINT('',(4.02728545305771,2.2504655308129,10.));
#1057=CARTESIAN_POINT('',(3.38988186457175,3.02129006990054,9.00000000000001));
#1058=CARTESIAN_POINT('',(4.11094502323706,2.31306663799755,10.));
#1059=CARTESIAN_POINT('',(3.51307272875942,3.11451729660673,9.));
#1060=CARTESIAN_POINT('',(4.15727891995236,2.34620052313835,10.));
#1061=CARTESIAN_POINT('',(3.58091153518241,3.16346588048001,9.));
#1062=CARTESIAN_POINT('',(4.19831274421192,2.37445401788845,10.));
#1063=CARTESIAN_POINT('',(3.63847293898623,3.20317435465923,9.));
#1064=CARTESIAN_POINT('',(4.24031410939074,2.40234326994324,10.));
#1065=CARTESIAN_POINT('',(3.69489288730318,3.24043681749803,9.));
#1066=CARTESIAN_POINT('',(4.28877978352476,2.43324432323386,10.));
#1067=CARTESIAN_POINT('',(3.76103428886417,3.28257436153371,9.));
#1068=CARTESIAN_POINT('',(4.34953765066877,2.47008475683998,10.));
#1069=CARTESIAN_POINT('',(3.84383084532301,3.33276816562159,9.));
#1070=CARTESIAN_POINT('',(4.42404011017163,2.51237657836206,10.));
#1071=CARTESIAN_POINT('',(3.94578891875849,3.39076852932138,9.));
#1072=CARTESIAN_POINT('',(4.51029034702788,2.55747926557812,10.));
#1073=CARTESIAN_POINT('',(4.06381112751511,3.452587079528,9.));
#1074=CARTESIAN_POINT('',(4.60098053700164,2.60061189581536,10.));
#1075=CARTESIAN_POINT('',(4.18808982788287,3.51155254255785,9.));
#1076=CARTESIAN_POINT('',(4.69169668284827,2.63964279249696,10.));
#1077=CARTESIAN_POINT('',(4.31279278448648,3.56515366559626,9.));
#1078=CARTESIAN_POINT('',(4.78052327350574,2.67416576519971,10.));
#1079=CARTESIAN_POINT('',(4.43475907957311,3.61258965738834,9.));
#1080=CARTESIAN_POINT('',(4.87194441073462,2.70607606708145,10.));
#1081=CARTESIAN_POINT('',(4.55962606060805,3.65634462184771,9.));
#1082=CARTESIAN_POINT('',(4.96819736726864,2.73581746307083,10.));
#1083=CARTESIAN_POINT('',(4.69100433691899,3.69683904630571,9.));
#1084=CARTESIAN_POINT('',(5.06806066765883,2.76259620930624,10.));
#1085=CARTESIAN_POINT('',(4.82701829301987,3.73316228984329,9.));
#1086=CARTESIAN_POINT('',(5.16578231915964,2.78496189754379,10.));
#1087=CARTESIAN_POINT('',(4.95929625960817,3.7634799470386,9.));
#1088=CARTESIAN_POINT('',(5.25726903274874,2.80264581496502,10.));
#1089=CARTESIAN_POINT('',(5.08206108445519,3.78747771591891,9.));
#1090=CARTESIAN_POINT('',(5.34100446663374,2.81621109305323,10.));
#1091=CARTESIAN_POINT('',(5.19411177679984,3.8055483742715,9.));
#1092=CARTESIAN_POINT('',(5.41748687887628,2.82649668927853,10.));
#1093=CARTESIAN_POINT('',(5.29594408669304,3.81913695739429,9.));
#1094=CARTESIAN_POINT('',(5.48822593729398,2.83428730050508,10.));
#1095=CARTESIAN_POINT('',(5.38965884027901,3.82939443850044,9.));
#1096=CARTESIAN_POINT('',(5.55605133070476,2.84025827275915,10.));
#1097=CARTESIAN_POINT('',(5.47888895221058,3.83728327588092,9.));
#1098=CARTESIAN_POINT('',(5.62355694130174,2.84477161526506,10.));
#1099=CARTESIAN_POINT('',(5.56745668638605,3.84336330735036,9.));
#1100=CARTESIAN_POINT('',(5.70743293327683,2.84864330198895,9.99999999999999));
#1101=CARTESIAN_POINT('',(5.68145516303996,3.84847884799773,8.99999999999999));
#1102=CARTESIAN_POINT('',(5.77113757100888,2.84983860035774,10.));
#1103=CARTESIAN_POINT('',(5.76405124852709,3.84984880939532,9.));
#1104=CARTESIAN_POINT('',(5.81404160833565,2.84984697871366,10.));
#1105=CARTESIAN_POINT('',(5.81404312589466,3.84984697871366,9.));
#1106=FACE_BOUND('',#1107,.T.);
#1107=EDGE_LOOP('',(#2750,#2751,#2752,#2753));
#1108=B_SPLINE_SURFACE_WITH_KNOTS('',3,1,(
(#1109,#1110),
(#1111,#1112),
(#1113,#1114),
(#1115,#1116),
(#1117,#1118),
(#1119,#1120),
(#1121,#1122),
(#1123,#1124),
(#1125,#1126),
(#1127,#1128),
(#1129,#1130),
(#1131,#1132),
(#1133,#1134),
(#1135,#1136),
(#1137,#1138),
(#1139,#1140),
(#1141,#1142),
(#1143,#1144),
(#1145,#1146),
(#1147,#1148),
(#1149,#1150),
(#1151,#1152),
(#1153,#1154),
(#1155,#1156),
(#1157,#1158),
(#1159,#1160),
(#1161,#1162),
(#1163,#1164),
(#1165,#1166),
(#1167,#1168),
(#1169,#1170),
(#1171,#1172)),
.UNSPECIFIED.,.F.,.F.,.F.,
(4,1,1,1,1,1,1,1,1,1,1,1,1,1,1,1,1,1,1,1,1,1,1,1,1,1,1,1,1,4),
(2,2),
(3.27662731268189,4.21401782448061,4.530179698966,4.77576869153937,5.00206337006731,
5.22926559889774,5.47724757707479,5.75691806367213,6.07777831290499,6.42111338841194,
6.80788742589064,7.22496867324069,7.65615833174985,8.04684089314177,8.40160106126286,
8.76144802869441,9.14895323605929,9.56490501139687,9.98055328655346,10.3947165225925,
10.8080176912619,11.1945383258388,11.546227143419,11.8552752160026,12.1459219129422,
12.4212479637249,12.6876509965635,12.9580431652916,13.2439983275162,13.7233724259905),
(0.,1.),
.UNSPECIFIED.);
#1109=CARTESIAN_POINT('',(5.8140223957058,2.84984697871366,10.));
#1110=CARTESIAN_POINT('',(5.8140223385467,3.84984697871366,9.));
#1111=CARTESIAN_POINT('',(5.90911272988426,2.84972792697691,10.));
#1112=CARTESIAN_POINT('',(5.90968500708034,3.8498449457019,9.));
#1113=CARTESIAN_POINT('',(6.02191656329618,2.84571494501456,10.));
#1114=CARTESIAN_POINT('',(6.0540832032148,3.84560325582405,9.));
#1115=CARTESIAN_POINT('',(6.15159450763825,2.83555425586615,10.));
#1116=CARTESIAN_POINT('',(6.23177724606421,3.83243172252154,9.));
#1117=CARTESIAN_POINT('',(6.21977010253589,2.82882949360465,10.));
#1118=CARTESIAN_POINT('',(6.32478186920161,3.82350827126279,9.));
#1119=CARTESIAN_POINT('',(6.28115283622965,2.82169246857755,9.99999999999999));
#1120=CARTESIAN_POINT('',(6.40575160531033,3.81401205221643,9.));
#1121=CARTESIAN_POINT('',(6.34361830976061,2.81331846975224,10.));
#1122=CARTESIAN_POINT('',(6.48563298518318,3.80301930367233,9.));
#1123=CARTESIAN_POINT('',(6.41029582239661,2.80310339300145,10.));
#1124=CARTESIAN_POINT('',(6.57222911373208,3.78973501894187,9.));
#1125=CARTESIAN_POINT('',(6.48496739859717,2.79004792516613,10.));
#1126=CARTESIAN_POINT('',(6.66945875090374,3.77281408237241,9.));
#1127=CARTESIAN_POINT('',(6.56741101633616,2.77354101675032,10.));
#1128=CARTESIAN_POINT('',(6.7774692547277,3.75137120893405,9.));
#1129=CARTESIAN_POINT('',(6.65839305135835,2.75269545818051,10.));
#1130=CARTESIAN_POINT('',(6.89716160468788,3.72409550054488,9.));
#1131=CARTESIAN_POINT('',(6.75646487458229,2.72701432345221,10.));
#1132=CARTESIAN_POINT('',(7.02643948781583,3.68992495477888,9.));
#1133=CARTESIAN_POINT('',(6.86103674504005,2.69572419352076,10.));
#1134=CARTESIAN_POINT('',(7.16548466246585,3.64828217078615,9.));
#1135=CARTESIAN_POINT('',(6.96452219584378,2.66050177635891,10.));
#1136=CARTESIAN_POINT('',(7.30384634585123,3.60134161604459,9.));
#1137=CARTESIAN_POINT('',(7.0612360067308,2.62357681510994,10.));
#1138=CARTESIAN_POINT('',(7.43342048731111,3.55200257974944,9.));
#1139=CARTESIAN_POINT('',(7.15059004323654,2.5859906265661,10.));
#1140=CARTESIAN_POINT('',(7.55303666205484,3.50153448832648,9.));
#1141=CARTESIAN_POINT('',(7.23860873747891,2.54557291262089,10.));
#1142=CARTESIAN_POINT('',(7.67143997883841,3.44709262109751,9.));
#1143=CARTESIAN_POINT('',(7.33001853447104,2.49977342906511,10.));
#1144=CARTESIAN_POINT('',(7.7945718017815,3.38541498413884,9.00000000000001));
#1145=CARTESIAN_POINT('',(7.42390350212088,2.44835963002689,10.));
#1146=CARTESIAN_POINT('',(7.92087514712831,3.31639691981402,9.));
#1147=CARTESIAN_POINT('',(7.51770592827107,2.39230784481871,10.));
#1148=CARTESIAN_POINT('',(8.04656624066609,3.24130036624494,9.));
#1149=CARTESIAN_POINT('',(7.60952485424988,2.33268498445349,10.));
#1150=CARTESIAN_POINT('',(8.16961509879024,3.1612181828962,9.));
#1151=CARTESIAN_POINT('',(7.6971371779504,2.27107677429292,10.));
#1152=CARTESIAN_POINT('',(8.2866763740557,3.07882288417525,9.));
#1153=CARTESIAN_POINT('',(7.77811228414724,2.20977671767333,10.));
#1154=CARTESIAN_POINT('',(8.39430674740018,2.99765638601892,9.));
#1155=CARTESIAN_POINT('',(7.85014651149452,2.15154467154523,10.));
#1156=CARTESIAN_POINT('',(8.48953440805141,2.92073322991667,9.));
#1157=CARTESIAN_POINT('',(7.91430434465183,2.09663020527445,10.));
#1158=CARTESIAN_POINT('',(8.57400460875361,2.84828618256488,9.));
#1159=CARTESIAN_POINT('',(7.97218612949691,2.04451290386022,10.));
#1160=CARTESIAN_POINT('',(8.64985255493541,2.77987509012931,9.));
#1161=CARTESIAN_POINT('',(8.02613270746816,1.99362053230749,10.));
#1162=CARTESIAN_POINT('',(8.72036684617859,2.71329523151766,9.));
#1163=CARTESIAN_POINT('',(8.07791578796913,1.94257481583917,10.));
#1164=CARTESIAN_POINT('',(8.78734126520052,2.64747797988079,9.));
#1165=CARTESIAN_POINT('',(8.12865325604069,1.89038571414128,10.));
#1166=CARTESIAN_POINT('',(8.85418851142735,2.57881676721332,9.));
#1167=CARTESIAN_POINT('',(8.19058535010154,1.82392740227852,10.));
#1168=CARTESIAN_POINT('',(8.93695774533866,2.48970088794032,9.));
#1169=CARTESIAN_POINT('',(8.23634604082163,1.77196199175179,10.));
#1170=CARTESIAN_POINT('',(8.99482457439707,2.42370921019263,9.));
#1171=CARTESIAN_POINT('',(8.2659363205768,1.73705609891873,10.));
#1172=CARTESIAN_POINT('',(9.02883563298547,2.38357341433131,9.));
#1173=FACE_BOUND('',#1174,.T.);
#1174=EDGE_LOOP('',(#2754,#2755,#2756,#2757));
#1175=B_SPLINE_SURFACE_WITH_KNOTS('',3,1,(
(#1176,#1177),
(#1178,#1179),
(#1180,#1181),
(#1182,#1183),
(#1184,#1185),
(#1186,#1187),
(#1188,#1189),
(#1190,#1191),
(#1192,#1193),
(#1194,#1195),
(#1196,#1197),
(#1198,#1199),
(#1200,#1201),
(#1202,#1203),
(#1204,#1205),
(#1206,#1207),
(#1208,#1209),
(#1210,#1211),
(#1212,#1213),
(#1214,#1215),
(#1216,#1217),
(#1218,#1219),
(#1220,#1221),
(#1222,#1223),
(#1224,#1225),
(#1226,#1227),
(#1228,#1229),
(#1230,#1231),
(#1232,#1233),
(#1234,#1235),
(#1236,#1237)),
.UNSPECIFIED.,.F.,.F.,.F.,
(4,1,1,1,1,1,1,1,1,1,1,1,1,1,1,1,1,1,1,1,1,1,1,1,1,1,1,1,4),
(2,2),
(2.55661956774829,3.07385727228493,3.26591283805525,3.43659457499901,3.61175172761646,
3.80331366935817,4.02052987000107,4.257717657588,4.495874890672,4.72265793463405,
4.95821958031997,5.22860541243995,5.53624085019107,5.85253232270411,6.16203176723689,
6.50673899500438,6.90404159442289,7.38353313606494,7.86656039785026,8.36048285246356,
8.80135035464365,9.26509966874896,9.73928221438317,10.2592668276784,10.7527160705307,
11.251610265405,11.7631625167598,12.350640108708,13.4433803238179),
(0.,1.),
.UNSPECIFIED.);
#1176=CARTESIAN_POINT('',(8.26592387701276,1.73707078245399,10.));
#1177=CARTESIAN_POINT('',(9.02882221873611,2.38358924328536,9.));
#1178=CARTESIAN_POINT('',(8.30921080890918,1.68578237776569,10.));
#1179=CARTESIAN_POINT('',(9.0726615504707,2.3318651598267,9.00000000000001));
#1180=CARTESIAN_POINT('',(8.35748920872511,1.62389418271816,9.99999999999999));
#1181=CARTESIAN_POINT('',(9.14041475853379,2.24576396808598,9.));
#1182=CARTESIAN_POINT('',(8.41132736254132,1.54891927307194,10.));
#1183=CARTESIAN_POINT('',(9.22343199799419,2.13150557622234,9.));
#1184=CARTESIAN_POINT('',(8.44349253719828,1.50214702222398,10.));
#1185=CARTESIAN_POINT('',(9.27242145933828,2.06117939252819,9.));
#1186=CARTESIAN_POINT('',(8.47642537575801,1.4521791152637,10.));
#1187=CARTESIAN_POINT('',(9.3177038476195,1.99316284233674,9.));
#1188=CARTESIAN_POINT('',(8.51157988050226,1.39627936521034,10.));
#1189=CARTESIAN_POINT('',(9.36448267724719,1.91890803119848,9.));
#1190=CARTESIAN_POINT('',(8.54910528763052,1.3334572699217,10.));
#1191=CARTESIAN_POINT('',(9.41414831291232,1.83546179067667,9.));
#1192=CARTESIAN_POINT('',(8.58790112432262,1.26471229490202,10.));
#1193=CARTESIAN_POINT('',(9.46486316564583,1.74511908716968,9.));
#1194=CARTESIAN_POINT('',(8.62565160600529,1.1937417070993,10.));
#1195=CARTESIAN_POINT('',(9.51384493858216,1.65276574741031,9.));
#1196=CARTESIAN_POINT('',(8.66177413442394,1.12181348939637,10.));
#1197=CARTESIAN_POINT('',(9.56071060579588,1.56045905592704,9.));
#1198=CARTESIAN_POINT('',(8.69803496209753,1.04537479540279,10.));
#1199=CARTESIAN_POINT('',(9.60703095936075,1.46305482100898,9.));
#1200=CARTESIAN_POINT('',(8.73648597292274,0.959103445856427,10.));
#1201=CARTESIAN_POINT('',(9.65537430277304,1.35397583013239,9.00000000000001));
#1202=CARTESIAN_POINT('',(8.77651377292507,0.86266035443319,10.));
#1203=CARTESIAN_POINT('',(9.70507301472997,1.23329986712148,9.));
#1204=CARTESIAN_POINT('',(8.81582467645626,0.760361915958213,10.));
#1205=CARTESIAN_POINT('',(9.75383675848365,1.10706906016655,9.));
#1206=CARTESIAN_POINT('',(8.85419082614971,0.652475885901384,10.));
#1207=CARTESIAN_POINT('',(9.80110835952025,0.975526629524798,9.));
#1208=CARTESIAN_POINT('',(8.89303519524154,0.533943537440648,10.));
#1209=CARTESIAN_POINT('',(9.84774204740451,0.832105810606279,9.00000000000001));
#1210=CARTESIAN_POINT('',(8.93470880815479,0.394271434429996,10.));
#1211=CARTESIAN_POINT('',(9.89705584859378,0.664978129233989,9.));
#1212=CARTESIAN_POINT('',(8.97679488687814,0.236328441411245,10.));
#1213=CARTESIAN_POINT('',(9.94737642620856,0.479057954521093,9.));
#1214=CARTESIAN_POINT('',(9.01698989588972,0.0650192721613425,10.));
#1215=CARTESIAN_POINT('',(9.99415990611143,0.279512789263502,9.));
#1216=CARTESIAN_POINT('',(9.05161997197993,-0.103679633082865,10.));
#1217=CARTESIAN_POINT('',(10.0334174901139,0.0849650148399959,9.00000000000001));
#1218=CARTESIAN_POINT('',(9.08184637726396,-0.271987531879136,10.));
#1219=CARTESIAN_POINT('',(10.0680340599192,-0.106692581698716,9.));
#1220=CARTESIAN_POINT('',(9.10805269606187,-0.439363654380871,10.));
#1221=CARTESIAN_POINT('',(10.0982585027699,-0.29533381808528,9.));
#1222=CARTESIAN_POINT('',(9.13198536568632,-0.617226701982571,10.));
#1223=CARTESIAN_POINT('',(10.1246420720257,-0.494804596967503,9.));
#1224=CARTESIAN_POINT('',(9.15263517614861,-0.799918059450746,9.99999999999999));
#1225=CARTESIAN_POINT('',(10.1470726597751,-0.698075807850296,9.));
#1226=CARTESIAN_POINT('',(9.17000800064899,-0.987242284495633,10.));
#1227=CARTESIAN_POINT('',(10.1666202742834,-0.904276591016824,9.));
#1228=CARTESIAN_POINT('',(9.18391163063336,-1.1744910925899,10.));
#1229=CARTESIAN_POINT('',(10.1824405412381,-1.10891431409241,9.));
#1230=CARTESIAN_POINT('',(9.19522888499852,-1.37382657536722,10.));
#1231=CARTESIAN_POINT('',(10.1946322324017,-1.32600883967569,9.));
#1232=CARTESIAN_POINT('',(9.20595772552452,-1.64809023230667,10.));
#1233=CARTESIAN_POINT('',(10.2057512308436,-1.62316223980545,9.));
#1234=CARTESIAN_POINT('',(9.2089581945777,-1.85959026803953,10.));
#1235=CARTESIAN_POINT('',(10.2089281858059,-1.85015036669595,9.));
#1236=CARTESIAN_POINT('',(9.20895902386765,-1.99741209593452,10.));
#1237=CARTESIAN_POINT('',(10.20895907502,-1.99741259856403,9.));
#1238=FACE_BOUND('',#1239,.T.);
#1239=EDGE_LOOP('',(#2758,#2759,#2760,#2761));
#1240=B_SPLINE_SURFACE_WITH_KNOTS('',3,1,(
(#1241,#1242),
(#1243,#1244),
(#1245,#1246),
(#1247,#1248),
(#1249,#1250),
(#1251,#1252),
(#1253,#1254),
(#1255,#1256),
(#1257,#1258),
(#1259,#1260),
(#1261,#1262),
(#1263,#1264),
(#1265,#1266),
(#1267,#1268),
(#1269,#1270),
(#1271,#1272),
(#1273,#1274),
(#1275,#1276),
(#1277,#1278),
(#1279,#1280),
(#1281,#1282),
(#1283,#1284),
(#1285,#1286),
(#1287,#1288),
(#1289,#1290),
(#1291,#1292),
(#1293,#1294),
(#1295,#1296),
(#1297,#1298),
(#1299,#1300),
(#1301,#1302),
(#1303,#1304),
(#1305,#1306),
(#1307,#1308)),
.UNSPECIFIED.,.F.,.F.,.F.,
(4,1,1,1,1,1,1,1,1,1,1,1,1,1,1,1,1,1,1,1,1,1,1,1,1,1,1,1,1,1,1,4),
(2,2),
(2.61733141227975,4.10828257316211,4.64528783287929,5.05187099991282,5.40182239206824,
5.72847397845531,6.07975702400812,6.46943413479733,6.88722887925056,7.29753529713037,
7.7168345198841,8.14123789476484,8.59021519586729,8.99410570613629,9.37146382446673,
9.72165195097769,10.0732987356952,10.4013530635417,10.7054879650993,11.0045483103634,
11.3051458653629,11.5830750560955,11.8302793420772,12.0614922096064,12.3019033719678,
12.523273888573,12.7048868539997,12.8443833422201,12.9700022938228,13.0995328733696,
13.2338157038637,13.3826684598844),
(0.,1.),
.UNSPECIFIED.);
#1241=CARTESIAN_POINT('',(9.20895902386765,-1.99739235152443,10.));
#1242=CARTESIAN_POINT('',(10.2089590238677,-1.99739234305203,9.));
#1243=CARTESIAN_POINT('',(9.20888080009766,-2.18717669539569,10.));
#1244=CARTESIAN_POINT('',(10.2089842521639,-2.18751321774514,9.));
#1245=CARTESIAN_POINT('',(9.20339663913343,-2.43277473650012,9.99999999999999));
#1246=CARTESIAN_POINT('',(10.2040599919948,-2.45858517372985,9.));
#1247=CARTESIAN_POINT('',(9.18686590048443,-2.72427130239928,10.));
#1248=CARTESIAN_POINT('',(10.1856633507383,-2.78743396445653,9.));
#1249=CARTESIAN_POINT('',(9.1753295152261,-2.87981577660507,10.));
#1250=CARTESIAN_POINT('',(10.172242820688,-2.96130555035221,9.));
#1251=CARTESIAN_POINT('',(9.1636593345772,-3.0106840913163,10.));
#1252=CARTESIAN_POINT('',(10.1586789862338,-3.10593173194372,9.));
#1253=CARTESIAN_POINT('',(9.15092823933881,-3.13392948338177,10.));
#1254=CARTESIAN_POINT('',(10.1445594858791,-3.24367711538092,9.));
#1255=CARTESIAN_POINT('',(9.13588302815951,-3.26134513324218,10.));
#1256=CARTESIAN_POINT('',(10.1280006906001,-3.38686914186495,9.));
#1257=CARTESIAN_POINT('',(9.11730050135193,-3.39885445939504,10.));
#1258=CARTESIAN_POINT('',(10.1073978543059,-3.54243917530571,8.99999999999999));
#1259=CARTESIAN_POINT('',(9.09505614455902,-3.54249758464948,10.));
#1260=CARTESIAN_POINT('',(10.0822769624931,-3.70599805534529,9.));
#1261=CARTESIAN_POINT('',(9.06922645359642,-3.68881669637637,10.));
#1262=CARTESIAN_POINT('',(10.051777521763,-3.87333500988677,9.));
#1263=CARTESIAN_POINT('',(9.04010954321264,-3.83454983074994,10.));
#1264=CARTESIAN_POINT('',(10.0180794678761,-4.04193892566987,9.));
#1265=CARTESIAN_POINT('',(9.00663958763568,-3.98318463532273,10.));
#1266=CARTESIAN_POINT('',(9.97946560131147,-4.21581605720551,9.));
#1267=CARTESIAN_POINT('',(8.96984701390346,-4.12831621874565,10.));
#1268=CARTESIAN_POINT('',(9.9364681040897,-4.38737605735718,9.));
#1269=CARTESIAN_POINT('',(8.93070866943957,-4.26635361307486,10.));
#1270=CARTESIAN_POINT('',(9.8889731880162,-4.55168890874347,9.));
#1271=CARTESIAN_POINT('',(8.89145592160101,-4.39165364448767,10.));
#1272=CARTESIAN_POINT('',(9.84154077276381,-4.70287317511299,9.));
#1273=CARTESIAN_POINT('',(8.85103206485702,-4.50947290469317,10.));
#1274=CARTESIAN_POINT('',(9.79261775396553,-4.84679758925535,9.));
#1275=CARTESIAN_POINT('',(8.80962034437802,-4.62019388069857,10.));
#1276=CARTESIAN_POINT('',(9.74191177328774,-4.98348215533061,9.));
#1277=CARTESIAN_POINT('',(8.76738316382025,-4.72417384193631,10.));
#1278=CARTESIAN_POINT('',(9.68889610461276,-5.11273759760177,9.));
#1279=CARTESIAN_POINT('',(8.7249282556056,-4.82103045634144,10.));
#1280=CARTESIAN_POINT('',(9.63515033706434,-5.23451731686647,9.));
#1281=CARTESIAN_POINT('',(8.68136681966986,-4.91348244540285,10.));
#1282=CARTESIAN_POINT('',(9.57997024445747,-5.35232587018782,9.));
#1283=CARTESIAN_POINT('',(8.63678662405306,-5.00155722245224,10.));
#1284=CARTESIAN_POINT('',(9.52293675178821,-5.46569124086132,9.));
#1285=CARTESIAN_POINT('',(8.59275468930501,-5.08274551073347,10.));
#1286=CARTESIAN_POINT('',(9.46586367461546,-5.57104474481983,9.));
#1287=CARTESIAN_POINT('',(8.55069592447742,-5.1555906885813,10.));
#1288=CARTESIAN_POINT('',(9.41042794407832,-5.66602940700485,9.));
#1289=CARTESIAN_POINT('',(8.50909844099917,-5.22363465001184,10.));
#1290=CARTESIAN_POINT('',(9.35547088766683,-5.7558453444194,9.));
#1291=CARTESIAN_POINT('',(8.46748603473545,-5.28795910967974,10.));
#1292=CARTESIAN_POINT('',(9.3001617774425,-5.84156425968245,9.));
#1293=CARTESIAN_POINT('',(8.42746941668277,-5.3464648469934,10.));
#1294=CARTESIAN_POINT('',(9.2466587732077,-5.92009433522483,9.));
#1295=CARTESIAN_POINT('',(8.39277272423051,-5.39477822513616,9.99999999999999));
#1296=CARTESIAN_POINT('',(9.19983876724234,-5.98543293235238,9.));
#1297=CARTESIAN_POINT('',(8.36348342975807,-5.43399701210537,10.));
#1298=CARTESIAN_POINT('',(9.16026589950428,-6.03838269001856,9.));
#1299=CARTESIAN_POINT('',(8.33733975786589,-5.46788548129548,10.));
#1300=CARTESIAN_POINT('',(9.12420529891308,-6.0849572781172,9.));
#1301=CARTESIAN_POINT('',(8.31155436093152,-5.50029894566305,10.));
#1302=CARTESIAN_POINT('',(9.08723861929033,-6.1313321239845,9.00000000000001));
#1303=CARTESIAN_POINT('',(8.28339343502726,-5.53459770306611,10.));
#1304=CARTESIAN_POINT('',(9.04770897669397,-6.17943629458624,9.));
#1305=CARTESIAN_POINT('',(8.26298017378351,-5.55860616900465,9.99999999999999));
#1306=CARTESIAN_POINT('',(9.0209270534377,-6.21093447507749,9.));
#1307=CARTESIAN_POINT('',(8.25177330454139,-5.57152486428357,10.));
#1308=CARTESIAN_POINT('',(9.00714980710971,-6.2268158983836,9.));
#1309=FACE_BOUND('',#1310,.T.);
#1310=EDGE_LOOP('',(#2762,#2763,#2764,#2765));
#1311=B_SPLINE_SURFACE_WITH_KNOTS('',3,1,(
(#1312,#1313),
(#1314,#1315),
(#1316,#1317),
(#1318,#1319),
(#1320,#1321),
(#1322,#1323),
(#1324,#1325),
(#1326,#1327),
(#1328,#1329),
(#1330,#1331),
(#1332,#1333),
(#1334,#1335),
(#1336,#1337),
(#1338,#1339),
(#1340,#1341),
(#1342,#1343),
(#1344,#1345),
(#1346,#1347),
(#1348,#1349),
(#1350,#1351),
(#1352,#1353),
(#1354,#1355),
(#1356,#1357),
(#1358,#1359),
(#1360,#1361),
(#1362,#1363),
(#1364,#1365),
(#1366,#1367),
(#1368,#1369),
(#1370,#1371),
(#1372,#1373)),
.UNSPECIFIED.,.F.,.F.,.F.,
(4,1,1,1,1,1,1,1,1,1,1,1,1,1,1,1,1,1,1,1,1,1,1,1,1,1,1,1,4),
(2,2),
(3.06701112962606,3.92917009802532,4.22813268738565,4.4411977818495,4.6115624299949,
4.77757053829013,4.98484046121253,5.24604840784296,5.55818351806464,5.90993483845555,
6.31072562320215,6.72817306403921,7.15780735971863,7.54744249849323,7.92916610213069,
8.29460963995675,8.67288750055881,9.04767118378405,9.42284442762024,9.79879888333036,
10.1672143426543,10.533744013673,10.901460717893,11.2746844830235,11.6436083079305,
11.9791828530275,12.2883825452336,12.5632466447456,12.9329886294996),
(0.,1.),
.UNSPECIFIED.);
#1312=CARTESIAN_POINT('',(8.25178571483755,-5.57151055844901,10.));
#1313=CARTESIAN_POINT('',(9.00716361091789,-6.22679998619315,9.));
#1314=CARTESIAN_POINT('',(8.19047050637281,-5.64196858814805,10.));
#1315=CARTESIAN_POINT('',(8.94554881053467,-6.29782388898279,9.00000000000001));
#1316=CARTESIAN_POINT('',(8.11517809961459,-5.72224255873234,10.));
#1317=CARTESIAN_POINT('',(8.8469561481874,-6.40430768611236,8.99999999999999));
#1318=CARTESIAN_POINT('',(8.0252436839457,-5.80981976555271,10.));
#1319=CARTESIAN_POINT('',(8.72082668541217,-6.5282731593911,9.));
#1320=CARTESIAN_POINT('',(7.97940852873298,-5.852612516795,10.));
#1321=CARTESIAN_POINT('',(8.65721625583504,-6.58802014375967,9.));
#1322=CARTESIAN_POINT('',(7.94121448309869,-5.88712880926245,10.));
#1323=CARTESIAN_POINT('',(8.60604797442237,-6.63422830292212,9.));
#1324=CARTESIAN_POINT('',(7.90228907167418,-5.92127676456305,10.));
#1325=CARTESIAN_POINT('',(8.55539205787552,-6.67841198429938,9.));
#1326=CARTESIAN_POINT('',(7.85643199700759,-5.96017708333809,10.));
#1327=CARTESIAN_POINT('',(8.49498196284295,-6.72960163801003,9.));
#1328=CARTESIAN_POINT('',(7.79895579485766,-6.00690031270807,10.));
#1329=CARTESIAN_POINT('',(8.41929152793089,-6.79113880438177,9.));
#1330=CARTESIAN_POINT('',(7.72956990693261,-6.06036150651078,10.));
#1331=CARTESIAN_POINT('',(8.3275102345008,-6.86201804839425,9.));
#1332=CARTESIAN_POINT('',(7.6480445349744,-6.11929678744646,10.));
#1333=CARTESIAN_POINT('',(8.21941079880615,-6.94034237673941,9.));
#1334=CARTESIAN_POINT('',(7.55663289818438,-6.18062843298924,10.));
#1335=CARTESIAN_POINT('',(8.0979314712505,-7.0216296539,9.));
#1336=CARTESIAN_POINT('',(7.45652669535382,-6.24235487864059,10.));
#1337=CARTESIAN_POINT('',(7.96418863030732,-7.1040242193579,9.));
#1338=CARTESIAN_POINT('',(7.35495668423865,-6.29947684477241,10.));
#1339=CARTESIAN_POINT('',(7.82827939446823,-7.1805414519925,9.));
#1340=CARTESIAN_POINT('',(7.25450771949107,-6.35093043719911,10.));
#1341=CARTESIAN_POINT('',(7.69426069591331,-7.2493384311264,9.));
#1342=CARTESIAN_POINT('',(7.1576320889942,-6.39616581758484,10.));
#1343=CARTESIAN_POINT('',(7.56495856004414,-7.30961757478679,9.));
#1344=CARTESIAN_POINT('',(7.05993939046722,-6.4376473112295,10.));
#1345=CARTESIAN_POINT('',(7.43450191487542,-7.36489714030705,9.));
#1346=CARTESIAN_POINT('',(6.96134348897376,-6.47550210231044,10.));
#1347=CARTESIAN_POINT('',(7.30321649594927,-7.41528190772184,9.));
#1348=CARTESIAN_POINT('',(6.86071569486613,-6.51015854477706,10.));
#1349=CARTESIAN_POINT('',(7.17019298578311,-7.4613719810822,9.));
#1350=CARTESIAN_POINT('',(6.75880575315671,-6.54139726598512,10.));
#1351=CARTESIAN_POINT('',(7.03574927731337,-7.50249554170389,9.));
#1352=CARTESIAN_POINT('',(6.65610130350916,-6.56911838181275,10.));
#1353=CARTESIAN_POINT('',(6.90072054368416,-7.53874763764008,9.));
#1354=CARTESIAN_POINT('',(6.55306747782787,-6.59332464471323,10.));
#1355=CARTESIAN_POINT('',(6.7660508591387,-7.57030246742225,9.));
#1356=CARTESIAN_POINT('',(6.45002452132697,-6.61411295685165,10.));
#1357=CARTESIAN_POINT('',(6.63263313065182,-7.59761779657325,9.));
#1358=CARTESIAN_POINT('',(6.34547507540478,-6.63186942254832,10.));
#1359=CARTESIAN_POINT('',(6.4978832136664,-7.62049525664778,9.));
#1360=CARTESIAN_POINT('',(6.23969711464631,-6.64653910915893,10.));
#1361=CARTESIAN_POINT('',(6.36243076410029,-7.63912757950043,9.));
#1362=CARTESIAN_POINT('',(6.13639403124745,-6.65777224107995,10.));
#1363=CARTESIAN_POINT('',(6.23070627090273,-7.65320039856635,9.));
#1364=CARTESIAN_POINT('',(6.03821081120402,-6.66573625066494,10.));
#1365=CARTESIAN_POINT('',(6.1077866242426,-7.66363923354846,9.));
#1366=CARTESIAN_POINT('',(5.95039828596044,-6.67073441786499,10.));
#1367=CARTESIAN_POINT('',(5.99493697736806,-7.66940014930935,9.));
#1368=CARTESIAN_POINT('',(5.85914206419298,-6.67402881170695,10.));
#1369=CARTESIAN_POINT('',(5.87778885906095,-7.67260766730514,9.));
#1370=CARTESIAN_POINT('',(5.79541497536892,-6.67489490018076,10.));
#1371=CARTESIAN_POINT('',(5.80045903056835,-7.6739471236541,9.));
#1372=CARTESIAN_POINT('',(5.7574187334023,-6.67489672649475,10.));
#1373=CARTESIAN_POINT('',(5.75741748972182,-7.67489696131247,9.));
#1374=FACE_BOUND('',#1375,.T.);
#1375=EDGE_LOOP('',(#2766,#2767,#2768,#2769));
#1376=B_SPLINE_SURFACE_WITH_KNOTS('',3,1,(
(#1377,#1378),
(#1379,#1380),
(#1381,#1382),
(#1383,#1384),
(#1385,#1386),
(#1387,#1388),
(#1389,#1390),
(#1391,#1392),
(#1393,#1394),
(#1395,#1396),
(#1397,#1398),
(#1399,#1400),
(#1401,#1402),
(#1403,#1404),
(#1405,#1406),
(#1407,#1408),
(#1409,#1410),
(#1411,#1412),
(#1413,#1414),
(#1415,#1416),
(#1417,#1418),
(#1419,#1420)),
.UNSPECIFIED.,.F.,.F.,.F.,
(4,1,1,1,1,1,1,1,1,1,1,1,1,1,1,1,1,1,1,4),
(2,2),
(3.68493505310636,4.672174075601,5.03542313707629,5.323655819237,5.56603319934689,
5.7797908676536,6.01950563798681,6.34177081839518,6.7579418514394,7.24061543267009,
7.72877900831314,8.19707787733899,8.61826614083658,9.01449138360237,9.38772908637993,
9.76647701362602,10.1691486924209,10.6370674198979,11.1958679866155,12.3150645939427),
(0.,1.),
.UNSPECIFIED.);
#1377=CARTESIAN_POINT('',(5.75743808789268,-6.67489672649475,10.));
#1378=CARTESIAN_POINT('',(5.75743813383103,-7.67489672649475,9.));
#1379=CARTESIAN_POINT('',(5.66833240075523,-6.67478832521393,9.99999999999999));
#1380=CARTESIAN_POINT('',(5.66793156852762,-7.67489242349037,8.99999999999999));
#1381=CARTESIAN_POINT('',(5.56050026289473,-6.67108750323382,10.));
#1382=CARTESIAN_POINT('',(5.52934480292348,-7.67100606397621,9.));
#1383=CARTESIAN_POINT('',(5.43506051493617,-6.66150512231168,10.));
#1384=CARTESIAN_POINT('',(5.35582549798153,-7.65849021941624,9.));
#1385=CARTESIAN_POINT('',(5.36664215458031,-6.65481037798359,10.));
#1386=CARTESIAN_POINT('',(5.26155114429552,-7.64951300856404,9.));
#1387=CARTESIAN_POINT('',(5.30844912499945,-6.64805001515783,10.));
#1388=CARTESIAN_POINT('',(5.18499821410702,-7.64044099480363,9.));
#1389=CARTESIAN_POINT('',(5.25365343272655,-6.64077990950529,10.));
#1390=CARTESIAN_POINT('',(5.11405421171089,-7.63082552089155,9.));
#1391=CARTESIAN_POINT('',(5.19292746620249,-6.63170702780005,9.99999999999999));
#1392=CARTESIAN_POINT('',(5.03458436229677,-7.6189275382453,8.99999999999999));
#1393=CARTESIAN_POINT('',(5.1166837128485,-6.61870295463123,10.));
#1394=CARTESIAN_POINT('',(4.93440306610632,-7.6019356026343,9.));
#1395=CARTESIAN_POINT('',(5.02230767022849,-6.59989588463629,10.));
#1396=CARTESIAN_POINT('',(4.80945664980473,-7.57729309203615,9.));
#1397=CARTESIAN_POINT('',(4.91646339979853,-6.57496754063414,10.));
#1398=CARTESIAN_POINT('',(4.66868643635786,-7.54409834339085,9.));
#1399=CARTESIAN_POINT('',(4.80811736394518,-6.54502808363731,10.));
#1400=CARTESIAN_POINT('',(4.52357277864233,-7.50369640617338,9.));
#1401=CARTESIAN_POINT('',(4.7056916831971,-6.5124109067993,10.));
#1402=CARTESIAN_POINT('',(4.38510419503537,-7.45976451891515,9.));
#1403=CARTESIAN_POINT('',(4.61155304447555,-6.47857659754831,10.));
#1404=CARTESIAN_POINT('',(4.25729009135113,-7.41400610369334,9.));
#1405=CARTESIAN_POINT('',(4.52587567810322,-6.44444236030645,10.));
#1406=CARTESIAN_POINT('',(4.14102750333147,-7.36756158667651,9.));
#1407=CARTESIAN_POINT('',(4.44430223706204,-6.40883833513468,10.));
#1408=CARTESIAN_POINT('',(4.02975095415838,-7.31889482306389,9.));
#1409=CARTESIAN_POINT('',(4.36345399990103,-6.37042831342244,10.));
#1410=CARTESIAN_POINT('',(3.91911098992367,-7.26634521460788,9.));
#1411=CARTESIAN_POINT('',(4.27746569756886,-6.32599865308844,10.));
#1412=CARTESIAN_POINT('',(3.80132533313385,-7.20559216292652,9.));
#1413=CARTESIAN_POINT('',(4.18129797598409,-6.27169075875906,10.));
#1414=CARTESIAN_POINT('',(3.67007907411872,-7.13154065956688,9.));
#1415=CARTESIAN_POINT('',(4.04017210419018,-6.18365173837211,10.));
#1416=CARTESIAN_POINT('',(3.477302500798,-7.01116519888009,9.));
#1417=CARTESIAN_POINT('',(3.93459807479687,-6.10686935943294,10.));
#1418=CARTESIAN_POINT('',(3.33361164129932,-6.90673216508903,9.));
#1419=CARTESIAN_POINT('',(3.86661777679488,-6.0524754829622,10.));
#1420=CARTESIAN_POINT('',(3.24190665936562,-6.83333143623798,9.));
#1421=FACE_BOUND('',#1422,.T.);
#1422=EDGE_LOOP('',(#2770,#2771,#2772,#2773));
#1423=B_SPLINE_SURFACE_WITH_KNOTS('',3,1,(
(#1424,#1425),
(#1426,#1427),
(#1428,#1429),
(#1430,#1431),
(#1432,#1433),
(#1434,#1435),
(#1436,#1437),
(#1438,#1439),
(#1440,#1441),
(#1442,#1443),
(#1444,#1445),
(#1446,#1447),
(#1448,#1449),
(#1450,#1451),
(#1452,#1453),
(#1454,#1455)),
.UNSPECIFIED.,.F.,.F.,.F.,
(4,1,1,1,1,1,1,1,1,1,1,1,1,4),
(2,2),
(2.82020891938145,3.40906693099399,3.6547698439469,3.87610971047313,4.08643402384704,
4.29909027734301,4.51905489491042,4.74897236037657,4.99745353139239,5.26548835783208,
5.56724930471689,5.92183269248669,6.3162112406801,6.87514121497276),
(0.,1.),
.UNSPECIFIED.);
#1424=CARTESIAN_POINT('',(3.86663191136555,-6.05248679103935,10.));
#1425=CARTESIAN_POINT('',(3.24192375907973,-6.83334511651811,9.));
#1426=CARTESIAN_POINT('',(3.81564909509977,-6.01163684480793,10.));
#1427=CARTESIAN_POINT('',(3.18347057256723,-6.78658145719299,9.00000000000001));
#1428=CARTESIAN_POINT('',(3.75098447376064,-5.95613294955747,10.));
#1429=CARTESIAN_POINT('',(3.09611095046273,-6.71209765000322,9.));
#1430=CARTESIAN_POINT('',(3.67504724796825,-5.88502469288838,10.));
#1431=CARTESIAN_POINT('',(2.98685598400077,-6.61045537269599,9.));
#1432=CARTESIAN_POINT('',(3.62755438204227,-5.83830412138109,10.));
#1433=CARTESIAN_POINT('',(2.91842877657528,-6.54352375465073,9.00000000000001));
#1434=CARTESIAN_POINT('',(3.58243207355095,-5.79179904316759,10.));
#1435=CARTESIAN_POINT('',(2.85643662171754,-6.47963750698836,9.));
#1436=CARTESIAN_POINT('',(3.5381641229529,-5.74398092754571,10.));
#1437=CARTESIAN_POINT('',(2.79631888397976,-6.41457300556559,9.));
#1438=CARTESIAN_POINT('',(3.49378541325911,-5.69367371057527,10.));
#1439=CARTESIAN_POINT('',(2.73566742708593,-6.34575705516739,9.));
#1440=CARTESIAN_POINT('',(3.44830773640914,-5.63945025049914,10.));
#1441=CARTESIAN_POINT('',(2.67351500623041,-6.27163999498935,9.));
#1442=CARTESIAN_POINT('',(3.40126325796558,-5.58023106336679,10.));
#1443=CARTESIAN_POINT('',(2.60920247776495,-6.19075914991441,9.));
#1444=CARTESIAN_POINT('',(3.35163666426213,-5.51395956062316,10.));
#1445=CARTESIAN_POINT('',(2.54156469701609,-6.1006124537937,9.));
#1446=CARTESIAN_POINT('',(3.29787659668131,-5.43727693914376,10.));
#1447=CARTESIAN_POINT('',(2.46850507176395,-5.9964027698682,9.));
#1448=CARTESIAN_POINT('',(3.23973360269442,-5.34767272591976,10.));
#1449=CARTESIAN_POINT('',(2.38962357758557,-5.87469144309644,9.));
#1450=CARTESIAN_POINT('',(3.17179179552692,-5.23307023952188,10.));
#1451=CARTESIAN_POINT('',(2.29779335831011,-5.71985740428457,9.));
#1452=CARTESIAN_POINT('',(3.12643690609297,-5.14694953389759,10.));
#1453=CARTESIAN_POINT('',(2.23707264770438,-5.60448487733556,9.));
#1454=CARTESIAN_POINT('',(3.10123107142095,-5.09557214409574,10.));
#1455=CARTESIAN_POINT('',(2.20345265580899,-5.53601957090301,9.));
#1456=FACE_BOUND('',#1457,.T.);
#1457=EDGE_LOOP('',(#2774,#2775,#2776));
#1458=B_SPLINE_SURFACE_WITH_KNOTS('',3,1,(
(#1459,#1460),
(#1461,#1462),
(#1463,#1464),
(#1465,#1466),
(#1467,#1468),
(#1469,#1470),
(#1471,#1472),
(#1473,#1474),
(#1475,#1476)),
.UNSPECIFIED.,.F.,.F.,.F.,
(4,1,1,1,1,1,4),
(2,2),
(-1.48233877074039E-5,0.279437485088665,0.402257088972901,0.521312763437883,0.642749285019612,
0.764991321385941,1.00001482338771),
(0.,1.),
.UNSPECIFIED.);
#1459=CARTESIAN_POINT('',(2.20345769610661,-5.53602982273776,9.));
#1460=CARTESIAN_POINT('',(3.10124365758946,-5.09559779919234,10.));
#1461=CARTESIAN_POINT('',(2.20345769610661,-5.53602982273776,9.));
#1462=CARTESIAN_POINT('',(3.04602191703801,-4.98266405256879,10.));
#1463=CARTESIAN_POINT('',(2.20345769610661,-5.53602982273776,9.));
#1464=CARTESIAN_POINT('',(2.93518538136469,-4.83564201476896,10.));
#1465=CARTESIAN_POINT('',(2.20345769610661,-5.53602982273776,9.00000000000001));
#1466=CARTESIAN_POINT('',(2.74857038062738,-4.69236902130813,10.));
#1467=CARTESIAN_POINT('',(2.20345769610661,-5.53602982273776,9.));
#1468=CARTESIAN_POINT('',(2.6040641703394,-4.61498237649174,10.));
#1469=CARTESIAN_POINT('',(2.20345769610661,-5.53602982273776,9.));
#1470=CARTESIAN_POINT('',(2.44918040061904,-4.56203483559601,10.));
#1471=CARTESIAN_POINT('',(2.20345769610661,-5.53602982273776,9.));
#1472=CARTESIAN_POINT('',(2.23608994150145,-4.52653909650929,10.));
#1473=CARTESIAN_POINT('',(2.20345769610661,-5.53602982273776,9.00000000000001));
#1474=CARTESIAN_POINT('',(2.07385882778596,-4.53877253006423,10.));
#1475=CARTESIAN_POINT('',(2.20345769610661,-5.53602982273776,9.));
#1476=CARTESIAN_POINT('',(1.97105942026016,-4.56340911486465,10.));
#1477=FACE_BOUND('',#1478,.T.);
#1478=EDGE_LOOP('',(#2777,#2778,#2779,#2780));
#1479=PLANE('',#1480);
#1480=AXIS2_PLACEMENT_3D('',#1481,#1482,#1483);
#1481=CARTESIAN_POINT('',(5.86158029529723,-3.63388917355042,10.));
#1482=DIRECTION('',(0.164316641820257,-0.687749984529927,0.707106781186546));
#1483=DIRECTION('',(-0.972625355644108,-0.23237882338581,0.));
#1484=FACE_BOUND('',#1485,.T.);
#1485=EDGE_LOOP('',(#2781,#2782,#2783));
#1486=B_SPLINE_SURFACE_WITH_KNOTS('',3,1,(
(#1487,#1488),
(#1489,#1490),
(#1491,#1492),
(#1493,#1494),
(#1495,#1496),
(#1497,#1498),
(#1499,#1500),
(#1501,#1502),
(#1503,#1504),
(#1505,#1506),
(#1507,#1508),
(#1509,#1510)),
.UNSPECIFIED.,.F.,.F.,.F.,
(4,1,1,1,1,1,1,1,1,4),
(2,2),
(-1.12419940719744E-5,0.21181985654236,0.304962405442964,0.395275280261782,0.487279059249119,
0.580552598026266,0.674393742408146,0.767935756757821,0.856553722426812,1.00001124199407),
(0.,1.),
.UNSPECIFIED.);
#1487=CARTESIAN_POINT('',(1.40565272756239,-5.7266407078086,9.));
#1488=CARTESIAN_POINT('',(1.17329335673016,-4.75401070478255,10.));
#1489=CARTESIAN_POINT('',(1.40565272756238,-5.7266407078086,8.99999999999999));
#1490=CARTESIAN_POINT('',(1.05104490687327,-4.78304905327539,10.));
#1491=CARTESIAN_POINT('',(1.40565272756239,-5.7266407078086,9.));
#1492=CARTESIAN_POINT('',(0.883313875015864,-4.8588210877306,10.));
#1493=CARTESIAN_POINT('',(1.40565272756239,-5.7266407078086,9.));
#1494=CARTESIAN_POINT('',(0.702542360174848,-5.00931990510115,10.));
#1495=CARTESIAN_POINT('',(1.40565272756239,-5.7266407078086,9.));
#1496=CARTESIAN_POINT('',(0.59529786338275,-5.13323417138243,10.));
#1497=CARTESIAN_POINT('',(1.40565272756239,-5.7266407078086,9.));
#1498=CARTESIAN_POINT('',(0.509418167051328,-5.27292418453086,10.));
#1499=CARTESIAN_POINT('',(1.40565272756239,-5.7266407078086,9.));
#1500=CARTESIAN_POINT('',(0.446823076375171,-5.42676938555045,10.));
#1501=CARTESIAN_POINT('',(1.40565272756239,-5.7266407078086,8.99999999999999));
#1502=CARTESIAN_POINT('',(0.410379846040185,-5.5897594225456,10.));
#1503=CARTESIAN_POINT('',(1.40565272756239,-5.7266407078086,9.));
#1504=CARTESIAN_POINT('',(0.401633328794554,-5.75376606755475,10.));
#1505=CARTESIAN_POINT('',(1.40565272756239,-5.7266407078086,9.));
#1506=CARTESIAN_POINT('',(0.422652079385531,-5.946320271178,10.));
#1507=CARTESIAN_POINT('',(1.40565272756239,-5.7266407078086,9.));
#1508=CARTESIAN_POINT('',(0.465618209034125,-6.07824331782307,10.));
#1509=CARTESIAN_POINT('',(1.40565272756239,-5.7266407078086,9.));
#1510=CARTESIAN_POINT('',(0.502093055076493,-6.15510297949327,10.));
#1511=FACE_BOUND('',#1512,.T.);
#1512=EDGE_LOOP('',(#2784,#2785,#2786,#2787));
#1513=B_SPLINE_SURFACE_WITH_KNOTS('',3,1,(
(#1514,#1515),
(#1516,#1517),
(#1518,#1519),
(#1520,#1521),
(#1522,#1523),
(#1524,#1525),
(#1526,#1527),
(#1528,#1529),
(#1530,#1531),
(#1532,#1533),
(#1534,#1535)),
.UNSPECIFIED.,.F.,.F.,.F.,
(4,1,1,1,1,1,1,1,4),
(2,2),
(2.41093611258028,3.37213021203302,3.77764935531732,4.1507607177644,4.52080876579556,
4.90403518820899,5.29200060950121,5.68141778455856,6.40303329059175),
(0.,1.),
.UNSPECIFIED.);
#1514=CARTESIAN_POINT('',(0.50207980523969,-6.15507503666762,10.));
#1515=CARTESIAN_POINT('',(1.40564881018211,-5.7266325218979,9.));
#1516=CARTESIAN_POINT('',(0.55997955988361,-6.27715620659361,10.));
#1517=CARTESIAN_POINT('',(1.45409964009141,-5.8278813927093,9.00000000000001));
#1518=CARTESIAN_POINT('',(0.648350510805678,-6.44863210068484,9.99999999999999));
#1519=CARTESIAN_POINT('',(1.52686678743889,-5.96989576737124,8.99999999999999));
#1520=CARTESIAN_POINT('',(0.773948495084005,-6.66260437414879,10.));
#1521=CARTESIAN_POINT('',(1.62818954237805,-6.14279014226559,9.));
#1522=CARTESIAN_POINT('',(0.862215005664819,-6.80215024282608,10.));
#1523=CARTESIAN_POINT('',(1.69864106403622,-6.25326687956135,9.));
#1524=CARTESIAN_POINT('',(0.953859163044627,-6.93683261082114,10.));
#1525=CARTESIAN_POINT('',(1.77067113785639,-6.35937001398192,9.));
#1526=CARTESIAN_POINT('',(1.05211780735573,-7.07067899440122,10.));
#1527=CARTESIAN_POINT('',(1.84690186805314,-6.46362499227777,9.));
#1528=CARTESIAN_POINT('',(1.15774045470574,-7.20350906734506,10.));
#1529=CARTESIAN_POINT('',(1.92799547019447,-6.56524148071278,9.));
#1530=CARTESIAN_POINT('',(1.30225282491245,-7.37074647684804,10.));
#1531=CARTESIAN_POINT('',(2.03735911485305,-6.69150137730228,9.));
#1532=CARTESIAN_POINT('',(1.41796287062505,-7.48917043882762,10.));
#1533=CARTESIAN_POINT('',(2.12321141963375,-6.77965159587911,9.));
#1534=CARTESIAN_POINT('',(1.49654640639728,-7.56293682431033,10.));
#1535=CARTESIAN_POINT('',(2.18100590536378,-6.83388568608717,9.));
#1536=FACE_BOUND('',#1537,.T.);
#1537=EDGE_LOOP('',(#2788,#2789,#2790,#2791));
#1538=B_SPLINE_SURFACE_WITH_KNOTS('',3,1,(
(#1539,#1540),
(#1541,#1542),
(#1543,#1544),
(#1545,#1546),
(#1547,#1548),
(#1549,#1550),
(#1551,#1552),
(#1553,#1554),
(#1555,#1556),
(#1557,#1558),
(#1559,#1560),
(#1561,#1562),
(#1563,#1564),
(#1565,#1566),
(#1567,#1568),
(#1569,#1570),
(#1571,#1572),
(#1573,#1574),
(#1575,#1576),
(#1577,#1578),
(#1579,#1580),
(#1581,#1582),
(#1583,#1584),
(#1585,#1586),
(#1587,#1588),
(#1589,#1590),
(#1591,#1592),
(#1593,#1594),
(#1595,#1596)),
.UNSPECIFIED.,.F.,.F.,.F.,
(4,1,1,1,1,1,1,1,1,1,1,1,1,1,1,1,1,1,1,1,1,1,1,1,1,1,4),
(2,2),
(2.29183686616852,3.07048126995418,3.33399848955429,3.5306716008102,3.7026562826718,
3.87834222555056,4.08848387472512,4.34620118315481,4.65335380639838,4.97986609167685,
5.31214394839739,5.64758897748687,5.99960775085298,6.37186562816062,6.74983205989284,
7.12569035039016,7.52106862147944,7.9430889345194,8.36892032593328,8.78995356824304,
9.2046725055242,9.62113467254826,10.0009649038548,10.351326739785,10.7079736488669,
11.1085693652501,11.7042449802468),
(0.,1.),
.UNSPECIFIED.);
#1539=CARTESIAN_POINT('',(1.49360731742234,-7.56016610028627,10.));
#1540=CARTESIAN_POINT('',(2.18099246350924,-6.83387300445335,9.));
#1541=CARTESIAN_POINT('',(1.57584993546763,-7.63824783088598,10.));
#1542=CARTESIAN_POINT('',(2.26288769402139,-6.91142811593716,9.));
#1543=CARTESIAN_POINT('',(1.70235890884697,-7.75086701455344,10.));
#1544=CARTESIAN_POINT('',(2.3648188712886,-7.0014697742428,9.));
#1545=CARTESIAN_POINT('',(1.86338809770892,-7.88028344673713,10.));
#1546=CARTESIAN_POINT('',(2.48698909796858,-7.09885464843553,9.));
#1547=CARTESIAN_POINT('',(1.94663458749376,-7.9442293714348,10.));
#1548=CARTESIAN_POINT('',(2.55056684307817,-7.14730939339657,9.));
#1549=CARTESIAN_POINT('',(2.01833326814116,-7.99732862110013,10.));
#1550=CARTESIAN_POINT('',(2.60668148735307,-7.18865722344294,9.));
#1551=CARTESIAN_POINT('',(2.09120593676007,-8.04948846288161,10.));
#1552=CARTESIAN_POINT('',(2.66594937280905,-7.2310714842319,9.00000000000001));
#1553=CARTESIAN_POINT('',(2.17697615315573,-8.1085848963062,9.99999999999999));
#1554=CARTESIAN_POINT('',(2.73505874722688,-7.27861096354074,9.));
#1555=CARTESIAN_POINT('',(2.28189579154444,-8.17751314805547,10.));
#1556=CARTESIAN_POINT('',(2.81968143907387,-7.33416762108531,9.));
#1557=CARTESIAN_POINT('',(2.40480804274869,-8.25366472707984,10.));
#1558=CARTESIAN_POINT('',(2.91864957363218,-7.39547936516621,9.));
#1559=CARTESIAN_POINT('',(2.5402367285498,-8.33206840519786,10.));
#1560=CARTESIAN_POINT('',(3.02780414174626,-7.4587399138866,9.));
#1561=CARTESIAN_POINT('',(2.68118546736825,-8.40798339523089,10.));
#1562=CARTESIAN_POINT('',(3.14183459000563,-7.52027448602171,9.));
#1563=CARTESIAN_POINT('',(2.82851448411368,-8.48155931966727,10.));
#1564=CARTESIAN_POINT('',(3.26114169402495,-7.57976573314618,9.));
#1565=CARTESIAN_POINT('',(2.98407399639824,-8.55319029590277,10.));
#1566=CARTESIAN_POINT('',(3.38731875230391,-7.63775954773303,9.));
#1567=CARTESIAN_POINT('',(3.14798433345505,-8.62222491745208,10.));
#1568=CARTESIAN_POINT('',(3.52066348950534,-7.69389099827204,9.));
#1569=CARTESIAN_POINT('',(3.31653503559014,-8.68669364039655,10.));
#1570=CARTESIAN_POINT('',(3.6584740496053,-7.74689658569542,9.));
#1571=CARTESIAN_POINT('',(3.49054873653782,-8.74682062967436,10.));
#1572=CARTESIAN_POINT('',(3.80154567144043,-7.79626020703263,9.));
#1573=CARTESIAN_POINT('',(3.67304003702913,-8.80327113965695,10.));
#1574=CARTESIAN_POINT('',(3.95233718410856,-7.84270241272333,9.));
#1575=CARTESIAN_POINT('',(3.86448871357535,-8.8554973990222,10.));
#1576=CARTESIAN_POINT('',(4.11137780445257,-7.88601306341536,9.));
#1577=CARTESIAN_POINT('',(4.06031883644618,-8.90190348697504,10.));
#1578=CARTESIAN_POINT('',(4.27493579659195,-7.92525349546646,9.));
#1579=CARTESIAN_POINT('',(4.25600860038238,-8.94164822754041,10.));
#1580=CARTESIAN_POINT('',(4.43989870093232,-7.95859249592652,9.));
#1581=CARTESIAN_POINT('',(4.45084471187228,-8.97502531038124,10.));
#1582=CARTESIAN_POINT('',(4.60529698831695,-7.9866810436748,9.));
#1583=CARTESIAN_POINT('',(4.63956278055154,-9.00168180000341,10.));
#1584=CARTESIAN_POINT('',(4.76637560540174,-8.00930356366639,9.));
#1585=CARTESIAN_POINT('',(4.81811471507264,-9.02202034802836,10.));
#1586=CARTESIAN_POINT('',(4.9194532037265,-8.02737243617818,9.));
#1587=CARTESIAN_POINT('',(4.98758618791317,-9.03726223459016,10.));
#1588=CARTESIAN_POINT('',(5.06441943486429,-8.03939578050255,9.));
#1589=CARTESIAN_POINT('',(5.16020712853469,-9.04893514067598,10.));
#1590=CARTESIAN_POINT('',(5.21277815595092,-8.04793616386211,9.));
#1591=CARTESIAN_POINT('',(5.37055554312222,-9.05833744768782,10.));
#1592=CARTESIAN_POINT('',(5.39559268658179,-8.05494313209264,9.));
#1593=CARTESIAN_POINT('',(5.52451442464214,-9.06078570095491,10.));
#1594=CARTESIAN_POINT('',(5.53267128052174,-8.05843253202074,9.));
#1595=CARTESIAN_POINT('',(5.61598570144583,-9.06078520923934,10.));
#1596=CARTESIAN_POINT('',(5.6159847681142,-8.06078547847326,9.));
#1597=FACE_BOUND('',#1598,.T.);
#1598=EDGE_LOOP('',(#2792,#2793,#2794,#2795));
#1599=B_SPLINE_SURFACE_WITH_KNOTS('',3,1,(
(#1600,#1601),
(#1602,#1603),
(#1604,#1605),
(#1606,#1607),
(#1608,#1609),
(#1610,#1611),
(#1612,#1613),
(#1614,#1615),
(#1616,#1617),
(#1618,#1619),
(#1620,#1621),
(#1622,#1623),
(#1624,#1625),
(#1626,#1627),
(#1628,#1629),
(#1630,#1631),
(#1632,#1633),
(#1634,#1635),
(#1636,#1637),
(#1638,#1639),
(#1640,#1641),
(#1642,#1643),
(#1644,#1645),
(#1646,#1647),
(#1648,#1649),
(#1650,#1651),
(#1652,#1653),
(#1654,#1655),
(#1656,#1657)),
.UNSPECIFIED.,.F.,.F.,.F.,
(4,1,1,1,1,1,1,1,1,1,1,1,1,1,1,1,1,1,1,1,1,1,1,1,1,1,4),
(2,2),
(2.21092754088983,3.39325661794425,3.80076140757243,4.09237929710798,4.33119886501834,
4.56080411982586,4.82763998809776,5.14829710872947,5.51577298623797,5.90386789945525,
6.30492713540741,6.71090316547529,7.13965860364764,7.56947139282335,7.99672377337241,
8.39887870288516,8.78545339863551,9.13968146173948,9.492942303606,9.85035402654819,
10.2463433804573,10.6436559507448,11.051273716761,11.4567478392559,11.8948557690593,
12.3139571715199,12.7890723586626),
(0.,1.),
.UNSPECIFIED.);
#1600=CARTESIAN_POINT('',(5.61596520965721,-9.06078520923934,10.));
#1601=CARTESIAN_POINT('',(5.61596526172746,-8.06078520923934,9.));
#1602=CARTESIAN_POINT('',(5.79482306008177,-9.06092822558705,9.99999999999999));
#1603=CARTESIAN_POINT('',(5.79389115782847,-8.06077723508197,8.99999999999999));
#1604=CARTESIAN_POINT('',(6.05326715903496,-9.05314125730301,10.));
#1605=CARTESIAN_POINT('',(6.01710754719164,-8.05389895008755,9.));
#1606=CARTESIAN_POINT('',(6.36218437128415,-9.02826798546686,10.));
#1607=CARTESIAN_POINT('',(6.27550497019556,-8.03249730996163,9.));
#1608=CARTESIAN_POINT('',(6.51532750101794,-9.01243337789346,10.));
#1609=CARTESIAN_POINT('',(6.40437423397887,-8.01878934894101,9.));
#1610=CARTESIAN_POINT('',(6.63772895442435,-8.99761579355858,10.));
#1611=CARTESIAN_POINT('',(6.50979121859804,-8.00565901687057,9.));
#1612=CARTESIAN_POINT('',(6.75617202763715,-8.98139375031258,10.));
#1613=CARTESIAN_POINT('',(6.61167102234347,-7.99154891129876,9.));
#1614=CARTESIAN_POINT('',(6.88779398800262,-8.9610808669836,10.));
#1615=CARTESIAN_POINT('',(6.72459085424756,-7.97412879290408,9.));
#1616=CARTESIAN_POINT('',(7.04143751077179,-8.93411796965851,10.));
#1617=CARTESIAN_POINT('',(6.85600109137019,-7.95123411558804,9.));
#1618=CARTESIAN_POINT('',(7.21411444511103,-8.89937777509018,10.));
#1619=CARTESIAN_POINT('',(7.00306999672993,-7.92188175304787,9.));
#1620=CARTESIAN_POINT('',(7.39877861432157,-8.85679994722409,10.));
#1621=CARTESIAN_POINT('',(7.15952009700635,-7.88586277907809,9.));
#1622=CARTESIAN_POINT('',(7.58837843245791,-8.80702644297107,10.));
#1623=CARTESIAN_POINT('',(7.31909932538314,-7.84352591689283,9.));
#1624=CARTESIAN_POINT('',(7.78392543939713,-8.74899387800224,10.));
#1625=CARTESIAN_POINT('',(7.48296731750498,-7.79495400174966,9.));
#1626=CARTESIAN_POINT('',(7.98237339547408,-8.68271000315108,10.));
#1627=CARTESIAN_POINT('',(7.64859458892086,-7.7398311490568,9.));
#1628=CARTESIAN_POINT('',(8.18155354450075,-8.60819186022683,10.));
#1629=CARTESIAN_POINT('',(7.81427940126806,-7.67794985884203,9.));
#1630=CARTESIAN_POINT('',(8.37373506687004,-8.52826331175365,10.));
#1631=CARTESIAN_POINT('',(7.97352403157128,-7.61143843232548,9.));
#1632=CARTESIAN_POINT('',(8.55766485008071,-8.44395109231985,10.));
#1633=CARTESIAN_POINT('',(8.12530292571028,-7.54186961589742,9.));
#1634=CARTESIAN_POINT('',(8.72783524611022,-8.35872644036984,10.));
#1635=CARTESIAN_POINT('',(8.26552956180569,-7.47173651792494,9.));
#1636=CARTESIAN_POINT('',(8.8876026840019,-8.27209749192346,10.));
#1637=CARTESIAN_POINT('',(8.39723311503844,-7.40042687965571,9.));
#1638=CARTESIAN_POINT('',(9.03999739518297,-8.18324303577562,10.));
#1639=CARTESIAN_POINT('',(8.5229108965892,-7.32708470586519,9.));
#1640=CARTESIAN_POINT('',(9.19623916769029,-8.08548147490456,10.));
#1641=CARTESIAN_POINT('',(8.65144629194458,-7.24655341681246,9.));
#1642=CARTESIAN_POINT('',(9.3552588518861,-7.97847256896378,10.));
#1643=CARTESIAN_POINT('',(8.78237817696672,-7.1584112776177,9.));
#1644=CARTESIAN_POINT('',(9.51678694818043,-7.86143914768103,10.));
#1645=CARTESIAN_POINT('',(8.91579365581117,-7.06188213905265,9.));
#1646=CARTESIAN_POINT('',(9.67457519801427,-7.73856799417485,10.));
#1647=CARTESIAN_POINT('',(9.04669288077717,-6.96012277419497,9.));
#1648=CARTESIAN_POINT('',(9.83366717967229,-7.6056366523499,10.));
#1649=CARTESIAN_POINT('',(9.17880419171392,-6.84966739396878,9.));
#1650=CARTESIAN_POINT('',(9.9893246696668,-7.46593909828549,10.));
#1651=CARTESIAN_POINT('',(9.3081660346788,-6.73332233079993,9.));
#1652=CARTESIAN_POINT('',(10.1472256362125,-7.31399808835605,10.));
#1653=CARTESIAN_POINT('',(9.44161586072542,-6.60574653291858,9.));
#1654=CARTESIAN_POINT('',(10.2502829775691,-7.2075006016646,10.));
#1655=CARTESIAN_POINT('',(9.52557366733264,-6.51706916226132,9.));
#1656=CARTESIAN_POINT('',(10.3029109439098,-7.15110580182742,10.));
#1657=CARTESIAN_POINT('',(9.57185111888851,-6.4687926245305,9.));
#1658=FACE_BOUND('',#1659,.T.);
#1659=EDGE_LOOP('',(#2796,#2797,#2798,#2799));
#1660=B_SPLINE_SURFACE_WITH_KNOTS('',3,1,(
(#1661,#1662),
(#1663,#1664),
(#1665,#1666),
(#1667,#1668),
(#1669,#1670),
(#1671,#1672),
(#1673,#1674),
(#1675,#1676),
(#1677,#1678),
(#1679,#1680),
(#1681,#1682),
(#1683,#1684),
(#1685,#1686),
(#1687,#1688),
(#1689,#1690),
(#1691,#1692),
(#1693,#1694),
(#1695,#1696),
(#1697,#1698),
(#1699,#1700),
(#1701,#1702),
(#1703,#1704),
(#1705,#1706),
(#1707,#1708),
(#1709,#1710),
(#1711,#1712),
(#1713,#1714),
(#1715,#1716)),
.UNSPECIFIED.,.F.,.F.,.F.,
(4,1,1,1,1,1,1,1,1,1,1,1,1,1,1,1,1,1,1,1,1,1,1,1,1,4),
(2,2),
(1.89288582060392,2.59390040827417,2.83541985924078,3.01700740602166,3.17303649463656,
3.32938367977836,3.50688152440105,3.73389381417843,4.01088630878981,4.33349075121116,
4.66722534178532,5.02470218633472,5.40641765635316,5.83038075871424,6.23804330648674,
6.65487717136946,7.07287438238214,7.51388415424736,7.97433563525838,8.45620996557447,
8.98704758808277,9.4848334778129,9.97431671423045,10.4787094952527,11.0499552886216,
12.1071140927953),
(0.,1.),
.UNSPECIFIED.);
#1661=CARTESIAN_POINT('',(10.302896792418,-7.15112096430432,10.));
#1662=CARTESIAN_POINT('',(9.57183788222282,-6.46880661605694,9.));
#1663=CARTESIAN_POINT('',(10.3875359851774,-7.06064965219698,10.));
#1664=CARTESIAN_POINT('',(9.65578963773294,-6.37885761487709,9.));
#1665=CARTESIAN_POINT('',(10.5086375835533,-6.92232867355862,9.99999999999999));
#1666=CARTESIAN_POINT('',(9.75455494119104,-6.26509036628727,9.));
#1667=CARTESIAN_POINT('',(10.6479748871632,-6.74623250205378,10.));
#1668=CARTESIAN_POINT('',(9.8621906657246,-6.12796250246604,9.));
#1669=CARTESIAN_POINT('',(10.7174481829332,-6.65438508080547,10.));
#1670=CARTESIAN_POINT('',(9.91629888448707,-6.05593919117155,9.));
#1671=CARTESIAN_POINT('',(10.7746269101475,-6.57602251411477,10.));
#1672=CARTESIAN_POINT('',(9.96202127219639,-5.9930663337586,9.));
#1673=CARTESIAN_POINT('',(10.8289811246465,-6.49905392035611,9.99999999999999));
#1674=CARTESIAN_POINT('',(10.0074490486919,-5.92889490307377,9.));
#1675=CARTESIAN_POINT('',(10.8900607191389,-6.40949258371944,10.));
#1676=CARTESIAN_POINT('',(10.0581070178076,-5.85455392999908,9.));
#1677=CARTESIAN_POINT('',(10.9621012162636,-6.29921259085688,10.));
#1678=CARTESIAN_POINT('',(10.1179948387447,-5.76274604134172,9.));
#1679=CARTESIAN_POINT('',(11.0462266681318,-6.16328331421376,10.));
#1680=CARTESIAN_POINT('',(10.187971442049,-5.64947946514141,9.));
#1681=CARTESIAN_POINT('',(11.1366180664243,-6.0073680959169,10.));
#1682=CARTESIAN_POINT('',(10.2634507765363,-5.51920578241785,9.));
#1683=CARTESIAN_POINT('',(11.2290059615879,-5.83605796199046,10.));
#1684=CARTESIAN_POINT('',(10.3412602179887,-5.37558630552331,9.));
#1685=CARTESIAN_POINT('',(11.3208928877846,-5.65197035771739,10.));
#1686=CARTESIAN_POINT('',(10.4187289838887,-5.22035952067247,9.));
#1687=CARTESIAN_POINT('',(11.4138398928099,-5.44926996286544,10.));
#1688=CARTESIAN_POINT('',(10.4972251755189,-5.04854729406206,9.));
#1689=CARTESIAN_POINT('',(11.5031161909396,-5.23512603355462,10.));
#1690=CARTESIAN_POINT('',(10.5731301249762,-4.86613538709803,9.));
#1691=CARTESIAN_POINT('',(11.5868076855065,-5.01304296941743,10.));
#1692=CARTESIAN_POINT('',(10.6453326429854,-4.67623660602061,9.));
#1693=CARTESIAN_POINT('',(11.6626171279609,-4.78987699976514,10.));
#1694=CARTESIAN_POINT('',(10.7105852431338,-4.48356612591903,9.));
#1695=CARTESIAN_POINT('',(11.7329172078751,-4.55891712107582,9.99999999999999));
#1696=CARTESIAN_POINT('',(10.771318498231,-4.28278980395007,8.99999999999999));
#1697=CARTESIAN_POINT('',(11.7978709937692,-4.31860406445236,10.));
#1698=CARTESIAN_POINT('',(10.8280500568404,-4.07290946097042,9.));
#1699=CARTESIAN_POINT('',(11.8577653515149,-4.06567528944462,10.));
#1700=CARTESIAN_POINT('',(10.8813339192827,-3.85124006776575,9.));
#1701=CARTESIAN_POINT('',(11.9129027975686,-3.79553560403279,10.));
#1702=CARTESIAN_POINT('',(10.9298044919309,-3.61157362782331,9.));
#1703=CARTESIAN_POINT('',(11.9604786755401,-3.51782234300096,9.99999999999999));
#1704=CARTESIAN_POINT('',(10.9717860400259,-3.36337897317456,9.));
#1705=CARTESIAN_POINT('',(11.9997536529649,-3.2378798097684,10.));
#1706=CARTESIAN_POINT('',(11.0075570182447,-3.11283619340673,9.00000000000001));
#1707=CARTESIAN_POINT('',(12.0306747686382,-2.9627994955594,10.));
#1708=CARTESIAN_POINT('',(11.0359587421429,-2.86507815616091,9.));
#1709=CARTESIAN_POINT('',(12.0554859060197,-2.67460969731357,10.));
#1710=CARTESIAN_POINT('',(11.0582858532299,-2.603060879256,9.));
#1711=CARTESIAN_POINT('',(12.0787779139307,-2.28242078218856,10.));
#1712=CARTESIAN_POINT('',(11.079108488023,-2.24401636196389,9.));
#1713=CARTESIAN_POINT('',(12.0852449651145,-1.98331758715581,10.));
#1714=CARTESIAN_POINT('',(11.0851855221564,-1.96921130497412,9.));
#1715=CARTESIAN_POINT('',(12.0852444122733,-1.78990078735208,10.));
#1716=CARTESIAN_POINT('',(11.0852445003823,-1.78990148376734,9.));
#1717=FACE_BOUND('',#1718,.T.);
#1718=EDGE_LOOP('',(#2800,#2801,#2802,#2803));
#1719=B_SPLINE_SURFACE_WITH_KNOTS('',3,1,(
(#1720,#1721),
(#1722,#1723),
(#1724,#1725),
(#1726,#1727),
(#1728,#1729),
(#1730,#1731),
(#1732,#1733),
(#1734,#1735),
(#1736,#1737),
(#1738,#1739),
(#1740,#1741),
(#1742,#1743),
(#1744,#1745),
(#1746,#1747),
(#1748,#1749),
(#1750,#1751),
(#1752,#1753),
(#1754,#1755),
(#1756,#1757),
(#1758,#1759),
(#1760,#1761),
(#1762,#1763),
(#1764,#1765),
(#1766,#1767),
(#1768,#1769),
(#1770,#1771),
(#1772,#1773),
(#1774,#1775),
(#1776,#1777),
(#1778,#1779)),
.UNSPECIFIED.,.F.,.F.,.F.,
(4,1,1,1,1,1,1,1,1,1,1,1,1,1,1,1,1,1,1,1,1,1,1,1,1,1,1,4),
(2,2),
(1.80998832427813,2.95500076487345,3.34443156576849,3.63934701780738,3.89944546625176,
4.16837253965273,4.4816982412671,4.84353805932497,5.22387896517837,5.59196927487906,
5.96037799441341,6.34121870555546,6.73282993232029,7.10338631998005,7.46035890113405,
7.80675705499884,8.15457664833677,8.49316430719961,8.82173973210278,9.13731839943782,
9.43098787524616,9.69885973585049,9.94362577565032,10.1755919064167,10.4077899227872,
10.6498291155788,10.9049593981284,11.1900116303926),
(0.,1.),
.UNSPECIFIED.);
#1720=CARTESIAN_POINT('',(12.0852444122733,-1.78992115518901,10.));
#1721=CARTESIAN_POINT('',(11.0852444122733,-1.78992111572747,9.));
#1722=CARTESIAN_POINT('',(12.0853264624972,-1.57847002181549,10.));
#1723=CARTESIAN_POINT('',(11.0852333191848,-1.5793260050139,9.00000000000001));
#1724=CARTESIAN_POINT('',(12.0775679140636,-1.28094639665816,9.99999999999999));
#1725=CARTESIAN_POINT('',(11.0783697747777,-1.3101024398261,8.99999999999999));
#1726=CARTESIAN_POINT('',(12.0526813557978,-0.922221333558902,10.));
#1727=CARTESIAN_POINT('',(11.0561155703283,-0.995353459734685,9.));
#1728=CARTESIAN_POINT('',(12.0361282648526,-0.737309056378379,10.));
#1729=CARTESIAN_POINT('',(11.0412053340746,-0.833240912476196,9.));
#1730=CARTESIAN_POINT('',(12.019086546633,-0.577144787498633,10.));
#1731=CARTESIAN_POINT('',(11.0255128039471,-0.691285474370802,9.));
#1732=CARTESIAN_POINT('',(11.9990402352136,-0.414079466636996,10.));
#1733=CARTESIAN_POINT('',(11.0072499383437,-0.545839947785077,9.));
#1734=CARTESIAN_POINT('',(11.973121385891,-0.231288349970081,10.));
#1735=CARTESIAN_POINT('',(10.9842774201967,-0.383329724167902,9.));
#1736=CARTESIAN_POINT('',(11.9395372074536,-0.0273092431896074,10.));
#1737=CARTESIAN_POINT('',(10.9548285917405,-0.20242620186856,9.));
#1738=CARTESIAN_POINT('',(11.8986332125299,0.186810891064175,10.));
#1739=CARTESIAN_POINT('',(10.919119625223,-0.0135733183875104,9.));
#1740=CARTESIAN_POINT('',(11.8515815317,0.401540609181777,10.));
#1741=CARTESIAN_POINT('',(10.8777916832812,0.174316438282017,9.));
#1742=CARTESIAN_POINT('',(11.7984081604304,0.615711481808524,10.));
#1743=CARTESIAN_POINT('',(10.8309957224466,0.36020932279584,9.));
#1744=CARTESIAN_POINT('',(11.7374813963683,0.833581335533562,10.));
#1745=CARTESIAN_POINT('',(10.7784557274438,0.548926105281738,9.));
#1746=CARTESIAN_POINT('',(11.6694193192366,1.05039003408588,10.));
#1747=CARTESIAN_POINT('',(10.7201476341298,0.735736086483376,9.));
#1748=CARTESIAN_POINT('',(11.5958466658258,1.26071878407706,10.));
#1749=CARTESIAN_POINT('',(10.6572383109941,0.915841160691577,9.));
#1750=CARTESIAN_POINT('',(11.5187505616337,1.46047414896455,10.));
#1751=CARTESIAN_POINT('',(10.5911837116716,1.08559042903727,9.));
#1752=CARTESIAN_POINT('',(11.4366063102114,1.65466688732034,10.));
#1753=CARTESIAN_POINT('',(10.5217132668733,1.25003084828263,9.));
#1754=CARTESIAN_POINT('',(11.3495738201551,1.84314651219889,10.));
#1755=CARTESIAN_POINT('',(10.4485080197109,1.40902579607129,9.));
#1756=CARTESIAN_POINT('',(11.257969671533,2.02554207498191,10.));
#1757=CARTESIAN_POINT('',(10.3716608811353,1.56234608817517,9.));
#1758=CARTESIAN_POINT('',(11.1637672251008,2.19885918348935,10.));
#1759=CARTESIAN_POINT('',(10.2924773285783,1.70746111125487,9.));
#1760=CARTESIAN_POINT('',(11.0680224087931,2.3623498908054,10.));
#1761=CARTESIAN_POINT('',(10.2125847751381,1.84380452310411,9.));
#1762=CARTESIAN_POINT('',(10.9736722770762,2.51265860003609,10.));
#1763=CARTESIAN_POINT('',(10.1341023159426,1.96897143958522,9.));
#1764=CARTESIAN_POINT('',(10.8829731459352,2.6483600573378,10.));
#1765=CARTESIAN_POINT('',(10.0588195048458,2.08171999326155,9.));
#1766=CARTESIAN_POINT('',(10.7963441342969,2.77089620072057,10.));
#1767=CARTESIAN_POINT('',(9.98668783158196,2.18399976339565,9.));
#1768=CARTESIAN_POINT('',(10.7106620622678,2.88603756614588,10.));
#1769=CARTESIAN_POINT('',(9.91574607557462,2.27858518885085,9.));
#1770=CARTESIAN_POINT('',(10.6214726614494,3.00005066922437,10.));
#1771=CARTESIAN_POINT('',(9.84285826516214,2.36969248343661,9.));
#1772=CARTESIAN_POINT('',(10.5265565674404,3.11536621686975,10.));
#1773=CARTESIAN_POINT('',(9.76518607330102,2.46232282151704,9.));
#1774=CARTESIAN_POINT('',(10.4226347302938,3.23518345273456,10.));
#1775=CARTESIAN_POINT('',(9.67914193840232,2.5614775559653,9.));
#1776=CARTESIAN_POINT('',(10.350307454628,3.31407392983183,10.));
#1777=CARTESIAN_POINT('',(9.61762051865781,2.63110352378382,9.));
#1778=CARTESIAN_POINT('',(10.3123304508987,3.35437371865121,10.));
#1779=CARTESIAN_POINT('',(9.58455745213411,2.66855607102539,9.));
#1780=FACE_BOUND('',#1781,.T.);
#1781=EDGE_LOOP('',(#2804,#2805,#2806,#2807));
#1782=B_SPLINE_SURFACE_WITH_KNOTS('',3,1,(
(#1783,#1784),
(#1785,#1786),
(#1787,#1788),
(#1789,#1790),
(#1791,#1792),
(#1793,#1794),
(#1795,#1796),
(#1797,#1798),
(#1799,#1800),
(#1801,#1802),
(#1803,#1804),
(#1805,#1806),
(#1807,#1808),
(#1809,#1810),
(#1811,#1812),
(#1813,#1814),
(#1815,#1816),
(#1817,#1818),
(#1819,#1820),
(#1821,#1822),
(#1823,#1824),
(#1825,#1826),
(#1827,#1828),
(#1829,#1830),
(#1831,#1832),
(#1833,#1834),
(#1835,#1836),
(#1837,#1838),
(#1839,#1840),
(#1841,#1842)),
.UNSPECIFIED.,.F.,.F.,.F.,
(4,1,1,1,1,1,1,1,1,1,1,1,1,1,1,1,1,1,1,1,1,1,1,1,1,1,1,4),
(2,2),
(2.26538776555486,3.1794830600693,3.50060414484754,3.74317772583974,3.94884937972225,
4.13721099897935,4.33192560268563,4.55493362249684,4.82078131172049,5.15034323342331,
5.53138871882118,5.97130868073687,6.40614576154071,6.83126798588319,7.21281109929364,
7.59143206175793,7.96769087058779,8.38679679698581,8.84689604135393,9.31199337130207,
9.74880660396802,10.1543012429784,10.5687456960172,10.9991570912286,11.420020702731,
11.8114151043817,12.1534655482473,12.7346121212452),
(0.,1.),
.UNSPECIFIED.);
#1783=CARTESIAN_POINT('',(10.3123445431,3.35435876431913,10.));
#1784=CARTESIAN_POINT('',(9.58457056665466,2.66854170474063,9.));
#1785=CARTESIAN_POINT('',(10.2198340792983,3.45271909718681,10.));
#1786=CARTESIAN_POINT('',(9.49257886409258,2.76616039342825,9.00000000000001));
#1787=CARTESIAN_POINT('',(10.0787064768511,3.59374763828621,9.99999999999999));
#1788=CARTESIAN_POINT('',(9.37444620628569,2.88363883393566,8.99999999999999));
#1789=CARTESIAN_POINT('',(9.89788149162089,3.75735387535616,10.));
#1790=CARTESIAN_POINT('',(9.23048044018216,3.01311327836113,9.));
#1791=CARTESIAN_POINT('',(9.80213175524417,3.84010628673022,10.));
#1792=CARTESIAN_POINT('',(9.15389193354921,3.07887505678879,9.));
#1793=CARTESIAN_POINT('',(9.72265900262115,3.90630619347471,10.));
#1794=CARTESIAN_POINT('',(9.08883998201408,3.13278531205058,9.));
#1795=CARTESIAN_POINT('',(9.64905425218376,3.96566678258084,10.));
#1796=CARTESIAN_POINT('',(9.02719222959131,3.18237032339409,9.));
#1797=CARTESIAN_POINT('',(9.57185191360461,4.0259711862754,10.));
#1798=CARTESIAN_POINT('',(8.96310697937385,3.23234262252632,9.));
#1799=CARTESIAN_POINT('',(9.48349629640609,4.09256557670578,10.));
#1800=CARTESIAN_POINT('',(8.88984682013098,3.28754831288244,9.));
#1801=CARTESIAN_POINT('',(9.37588795024511,4.17028632905591,10.));
#1802=CARTESIAN_POINT('',(8.80090166558534,3.35184887081445,9.));
#1803=CARTESIAN_POINT('',(9.24511682510803,4.25982530531358,10.));
#1804=CARTESIAN_POINT('',(8.69301966358069,3.42584616741373,9.));
#1805=CARTESIAN_POINT('',(9.088238099306,4.36040666778216,10.));
#1806=CARTESIAN_POINT('',(8.56365001635649,3.50886061895812,9.));
#1807=CARTESIAN_POINT('',(8.91334045931458,4.46405861522853,10.));
#1808=CARTESIAN_POINT('',(8.41948042046453,3.59412124678679,9.));
#1809=CARTESIAN_POINT('',(8.7272990048571,4.56501079924035,10.));
#1810=CARTESIAN_POINT('',(8.26670389404876,3.67698388427219,9.));
#1811=CARTESIAN_POINT('',(8.54619231522279,4.65466616487838,10.));
#1812=CARTESIAN_POINT('',(8.11798890267185,3.75066807095386,9.));
#1813=CARTESIAN_POINT('',(8.37146840024459,4.73371177267879,10.));
#1814=CARTESIAN_POINT('',(7.97404835310445,3.81593158396926,9.));
#1815=CARTESIAN_POINT('',(8.20129790232302,4.80412140053118,10.));
#1816=CARTESIAN_POINT('',(7.83369490156745,3.87392642553187,9.));
#1817=CARTESIAN_POINT('',(8.02294335361005,4.87128319262753,10.));
#1818=CARTESIAN_POINT('',(7.68645367297244,3.92924920043961,9.));
#1819=CARTESIAN_POINT('',(7.83013188742895,4.93659032855331,10.));
#1820=CARTESIAN_POINT('',(7.52688877344324,3.98325318305653,9.));
#1821=CARTESIAN_POINT('',(7.62267669035184,4.99856467665487,10.));
#1822=CARTESIAN_POINT('',(7.35438150196517,4.03513042312134,9.));
#1823=CARTESIAN_POINT('',(7.41030132094117,5.05350059034716,10.));
#1824=CARTESIAN_POINT('',(7.17683518417552,4.08092592477508,9.));
#1825=CARTESIAN_POINT('',(7.20486901909368,5.09894907568766,10.));
#1826=CARTESIAN_POINT('',(7.0042977287352,4.11888693959099,9.));
#1827=CARTESIAN_POINT('',(7.00668056399105,5.13616454400616,10.));
#1828=CARTESIAN_POINT('',(6.83708260592719,4.15026758937961,9.));
#1829=CARTESIAN_POINT('',(6.80959122959331,5.16703852921328,10.));
#1830=CARTESIAN_POINT('',(6.67002598928581,4.17690316594761,9.));
#1831=CARTESIAN_POINT('',(6.60945425529539,5.19224469217419,10.));
#1832=CARTESIAN_POINT('',(6.49921815591425,4.19839993661262,9.));
#1833=CARTESIAN_POINT('',(6.41276103742564,5.21117959734918,10.));
#1834=CARTESIAN_POINT('',(6.3302885519907,4.21455537364614,9.));
#1835=CARTESIAN_POINT('',(6.23006388758423,5.22380642518942,10.));
#1836=CARTESIAN_POINT('',(6.17269173568333,4.22522406778307,9.));
#1837=CARTESIAN_POINT('',(6.0225873500111,5.23326801821921,10.));
#1838=CARTESIAN_POINT('',(5.99239929627638,4.23386204682097,9.));
#1839=CARTESIAN_POINT('',(5.87672118567285,5.23574090894956,10.));
#1840=CARTESIAN_POINT('',(5.86663676754272,4.23487398347055,9.));
#1841=CARTESIAN_POINT('',(5.78571966557433,5.23573546145825,10.));
#1842=CARTESIAN_POINT('',(5.78572081280446,4.2357355859804,9.));
#1843=FACE_BOUND('',#1844,.T.);
#1844=EDGE_LOOP('',(#2808,#2809,#2810,#2811));
#1845=B_SPLINE_SURFACE_WITH_KNOTS('',3,1,(
(#1846,#1847),
(#1848,#1849),
(#1850,#1851),
(#1852,#1853),
(#1854,#1855),
(#1856,#1857),
(#1858,#1859),
(#1860,#1861),
(#1862,#1863),
(#1864,#1865),
(#1866,#1867),
(#1868,#1869),
(#1870,#1871),
(#1872,#1873),
(#1874,#1875),
(#1876,#1877),
(#1878,#1879),
(#1880,#1881),
(#1882,#1883),
(#1884,#1885),
(#1886,#1887),
(#1888,#1889),
(#1890,#1891),
(#1892,#1893),
(#1894,#1895),
(#1896,#1897),
(#1898,#1899)),
.UNSPECIFIED.,.F.,.F.,.F.,
(4,1,1,1,1,1,1,1,1,1,1,1,1,1,1,1,1,1,1,1,1,1,1,1,4),
(2,2),
(2.51715538522599,3.73192105993002,4.15137596173989,4.4616250678475,4.72560003698869,
5.0158664802157,5.38171124020046,5.82096914135743,6.27676950822256,6.71692306454178,
7.16894491211773,7.63339363783107,8.10057045014408,8.54655155926829,8.99667912158126,
9.45515791540068,9.91669226171056,10.3500790688885,10.7339067984732,11.0168562347925,
11.1936832632441,11.2890716246291,11.353379385451,11.4106346436367,11.4828444783685),
(0.,1.),
.UNSPECIFIED.);
#1846=CARTESIAN_POINT('',(5.78574026061167,5.23573546145825,10.));
#1847=CARTESIAN_POINT('',(5.78574021736749,4.23573546145825,9.));
#1848=CARTESIAN_POINT('',(5.62440547275032,5.23582823685724,10.));
#1849=CARTESIAN_POINT('',(5.62511794424928,4.23572795142685,9.));
#1850=CARTESIAN_POINT('',(5.39232635929463,5.22968949168208,9.99999999999999));
#1851=CARTESIAN_POINT('',(5.422621209115,4.23032125732844,9.));
#1852=CARTESIAN_POINT('',(5.11200544208727,5.20968959780215,10.));
#1853=CARTESIAN_POINT('',(5.18761229249736,4.2130960187944,9.));
#1854=CARTESIAN_POINT('',(4.96908785721297,5.19652020443385,10.));
#1855=CARTESIAN_POINT('',(5.06773811427564,4.20170536207006,9.));
#1856=CARTESIAN_POINT('',(4.8459782613076,5.18310487005839,10.));
#1857=CARTESIAN_POINT('',(4.96274518786402,4.18985166086712,9.));
#1858=CARTESIAN_POINT('',(4.71562082649315,5.1667379915943,10.));
#1859=CARTESIAN_POINT('',(4.85060955177466,4.17550290699328,9.));
#1860=CARTESIAN_POINT('',(4.56017544714822,5.14406326862358,10.));
#1861=CARTESIAN_POINT('',(4.71772282092336,4.15617590730019,9.00000000000001));
#1862=CARTESIAN_POINT('',(4.38157792351674,5.11334799844929,10.));
#1863=CARTESIAN_POINT('',(4.56559829778461,4.13027576948022,9.));
#1864=CARTESIAN_POINT('',(4.19283374505834,5.07511320109453,10.));
#1865=CARTESIAN_POINT('',(4.40606309530224,4.09823993929607,9.));
#1866=CARTESIAN_POINT('',(4.00308315241242,5.0305294183238,10.));
#1867=CARTESIAN_POINT('',(4.24742524889131,4.06050326445206,9.));
#1868=CARTESIAN_POINT('',(3.8125368695156,4.97925563554751,10.));
#1869=CARTESIAN_POINT('',(4.0891538558604,4.01780437690451,9.));
#1870=CARTESIAN_POINT('',(3.61928401098527,4.9200524223392,10.));
#1871=CARTESIAN_POINT('',(3.9295631662164,3.96916536622217,9.));
#1872=CARTESIAN_POINT('',(3.42869956461927,4.85399503556234,10.));
#1873=CARTESIAN_POINT('',(3.7732694414567,3.91517863745174,9.));
#1874=CARTESIAN_POINT('',(3.24251114634851,4.78168728846186,10.));
#1875=CARTESIAN_POINT('',(3.62184094992972,3.85596846583157,9.));
#1876=CARTESIAN_POINT('',(3.05889662188793,4.70238354385301,10.));
#1877=CARTESIAN_POINT('',(3.47344164426808,3.79192302950456,9.));
#1878=CARTESIAN_POINT('',(2.87593313579088,4.61472633764998,10.));
#1879=CARTESIAN_POINT('',(3.32625900662324,3.72161598293438,9.));
#1880=CARTESIAN_POINT('',(2.69937633230058,4.52122718040547,10.));
#1881=CARTESIAN_POINT('',(3.18464562756275,3.64654212523353,9.));
#1882=CARTESIAN_POINT('',(2.53555470181468,4.42595310411541,9.99999999999999));
#1883=CARTESIAN_POINT('',(3.05384755267945,3.57035606287366,9.));
#1884=CARTESIAN_POINT('',(2.39724468714965,4.33852812581475,10.));
#1885=CARTESIAN_POINT('',(2.94372531012858,3.50078088719391,9.));
#1886=CARTESIAN_POINT('',(2.29328464379304,4.26831740527974,9.99999999999999));
#1887=CARTESIAN_POINT('',(2.86096520405106,3.44495127202942,8.99999999999999));
#1888=CARTESIAN_POINT('',(2.22588629964968,4.2207159080086,10.));
#1889=CARTESIAN_POINT('',(2.8073578935668,3.40710470149952,9.));
#1890=CARTESIAN_POINT('',(2.18545580302268,4.19140499692886,9.99999999999999));
#1891=CARTESIAN_POINT('',(2.77513956084908,3.38376629486934,8.99999999999999));
#1892=CARTESIAN_POINT('',(2.15951297127637,4.17230906053462,10.));
#1893=CARTESIAN_POINT('',(2.75452764662511,3.36857523188731,9.));
#1894=CARTESIAN_POINT('',(2.1363468879781,4.15505838629356,10.));
#1895=CARTESIAN_POINT('',(2.73629196030084,3.35491223594412,9.));
#1896=CARTESIAN_POINT('',(2.12102869885145,4.14351037161629,10.));
#1897=CARTESIAN_POINT('',(2.72403984147979,3.34569991083739,9.));
#1898=CARTESIAN_POINT('',(2.11257720393637,4.13709607794614,10.));
#1899=CARTESIAN_POINT('',(2.71712979619109,3.34053092808192,9.));
#1900=FACE_BOUND('',#1901,.T.);
#1901=EDGE_LOOP('',(#2812,#2813,#2814,#2815));
#1902=B_SPLINE_SURFACE_WITH_KNOTS('',3,1,(
(#1903,#1904),
(#1905,#1906),
(#1907,#1908),
(#1909,#1910),
(#1911,#1912),
(#1913,#1914),
(#1915,#1916),
(#1917,#1918),
(#1919,#1920),
(#1921,#1922),
(#1923,#1924),
(#1925,#1926),
(#1927,#1928),
(#1929,#1930),
(#1931,#1932),
(#1933,#1934),
(#1935,#1936),
(#1937,#1938)),
.UNSPECIFIED.,.F.,.F.,.F.,
(4,1,1,1,1,1,1,1,1,1,1,1,1,1,1,4),
(2,2),
(1.95910311884166,2.5711715620203,2.83143597838938,3.06881549214833,3.2989848488971,
3.53761879423561,3.79686339966599,4.08040014810058,4.38207314924867,4.68592942524753,
5.0021015808626,5.33824009678098,5.7150646317647,6.10265587014371,6.49445138240734,
7.15905282884422),
(0.,1.),
.UNSPECIFIED.);
#1903=CARTESIAN_POINT('',(2.11259445156933,4.13710916796945,10.));
#1904=CARTESIAN_POINT('',(2.71714423896274,3.34054220189558,9.));
#1905=CARTESIAN_POINT('',(2.02415798443194,4.07010780829483,10.));
#1906=CARTESIAN_POINT('',(2.64121037624816,3.27886602273603,9.));
#1907=CARTESIAN_POINT('',(1.89318445662065,3.96310503586989,10.));
#1908=CARTESIAN_POINT('',(2.53980897805862,3.19613523892668,9.00000000000001));
#1909=CARTESIAN_POINT('',(1.73240902687229,3.81614468987209,10.));
#1910=CARTESIAN_POINT('',(2.41773139466476,3.08712918351375,9.));
#1911=CARTESIAN_POINT('',(1.63213302234447,3.71871359502867,10.));
#1912=CARTESIAN_POINT('',(2.33902249783281,3.01135483596929,9.));
#1913=CARTESIAN_POINT('',(1.53832319814151,3.6223873805613,10.));
#1914=CARTESIAN_POINT('',(2.26421856056291,2.93444822423959,9.));
#1915=CARTESIAN_POINT('',(1.44409651959522,3.52018126762045,10.));
#1916=CARTESIAN_POINT('',(2.18921920284569,2.85296262082217,9.));
#1917=CARTESIAN_POINT('',(1.34637493764979,3.40789952159361,10.));
#1918=CARTESIAN_POINT('',(2.11099680583551,2.76292430805392,9.));
#1919=CARTESIAN_POINT('',(1.24488235286129,3.28385859429744,10.));
#1920=CARTESIAN_POINT('',(2.02919666472489,2.66306551398752,9.));
#1921=CARTESIAN_POINT('',(1.14288313264866,3.15078925930828,10.));
#1922=CARTESIAN_POINT('',(1.94620491321122,2.55524788167019,9.));
#1923=CARTESIAN_POINT('',(1.04167490127787,3.00968614375653,10.));
#1924=CARTESIAN_POINT('',(1.86359065936552,2.43973866413695,9.));
#1925=CARTESIAN_POINT('',(0.941658584439381,2.86054621756437,10.));
#1926=CARTESIAN_POINT('',(1.78136512689868,2.31676816310524,9.));
#1927=CARTESIAN_POINT('',(0.839608879430274,2.69738266125221,10.));
#1928=CARTESIAN_POINT('',(1.69662285108518,2.18156269544028,9.));
#1929=CARTESIAN_POINT('',(0.736906365143959,2.52035104006732,10.));
#1930=CARTESIAN_POINT('',(1.61040805198104,2.03380035005389,9.));
#1931=CARTESIAN_POINT('',(0.635748124151557,2.33154867465884,10.));
#1932=CARTESIAN_POINT('',(1.52502760492575,1.87404310124467,9.));
#1933=CARTESIAN_POINT('',(0.517711005049118,2.09281184439423,10.));
#1934=CARTESIAN_POINT('',(1.42450082623881,1.670220600529,9.));
#1935=CARTESIAN_POINT('',(0.439246157757643,1.91580259928604,10.));
#1936=CARTESIAN_POINT('',(1.35668184907577,1.51778386889445,9.));
#1937=CARTESIAN_POINT('',(0.392736073130067,1.80376772795731,10.));
#1938=CARTESIAN_POINT('',(1.31631664685293,1.42036336504853,9.));
#1939=FACE_BOUND('',#1940,.T.);
#1940=EDGE_LOOP('',(#2816,#2817,#2818));
#1941=B_SPLINE_SURFACE_WITH_KNOTS('',3,1,(
(#1942,#1943),
(#1944,#1945),
(#1946,#1947),
(#1948,#1949),
(#1950,#1951),
(#1952,#1953),
(#1954,#1955),
(#1956,#1957),
(#1958,#1959),
(#1960,#1961),
(#1962,#1963)),
.UNSPECIFIED.,.F.,.F.,.F.,
(4,1,1,1,1,1,1,1,4),
(2,2),
(-1.2068278132556E-5,0.227398070912429,0.327385756624577,0.424336185253211,0.523094797140182,
0.623219302109791,0.724063333119997,0.822142696011361,1.00001206827813),
(0.,1.),
.UNSPECIFIED.);
#1942=CARTESIAN_POINT('',(1.31632021769898,1.42037194289894,9.));
#1943=CARTESIAN_POINT('',(0.392747847153179,1.80379608971863,10.));
#1944=CARTESIAN_POINT('',(1.31632021769898,1.42037194289894,9.));
#1945=CARTESIAN_POINT('',(0.344418999349705,1.68780664389551,10.));
#1946=CARTESIAN_POINT('',(1.31632021769898,1.42037194289894,9.00000000000001));
#1947=CARTESIAN_POINT('',(0.307187190166941,1.50755462233516,10.));
#1948=CARTESIAN_POINT('',(1.31632021769898,1.42037194289894,9.));
#1949=CARTESIAN_POINT('',(0.32276619844042,1.27284699478218,10.));
#1950=CARTESIAN_POINT('',(1.31632021769898,1.42037194289894,9.));
#1951=CARTESIAN_POINT('',(0.36002958502337,1.11326628777121,10.));
#1952=CARTESIAN_POINT('',(1.31632021769898,1.42037194289894,9.));
#1953=CARTESIAN_POINT('',(0.422608626395188,0.961707194248571,10.));
#1954=CARTESIAN_POINT('',(1.31632021769898,1.42037194289894,9.));
#1955=CARTESIAN_POINT('',(0.510350677839334,0.820621614943509,10.));
#1956=CARTESIAN_POINT('',(1.31632021769898,1.42037194289894,9.));
#1957=CARTESIAN_POINT('',(0.620022606003988,0.696310056098319,10.));
#1958=CARTESIAN_POINT('',(1.31632021769898,1.42037194289894,9.));
#1959=CARTESIAN_POINT('',(0.782000412645842,0.56449446552147,10.));
#1960=CARTESIAN_POINT('',(1.31632021769898,1.42037194289894,9.));
#1961=CARTESIAN_POINT('',(0.920415956839607,0.496782101507892,10.));
#1962=CARTESIAN_POINT('',(1.31632021769898,1.42037194289894,9.));
#1963=CARTESIAN_POINT('',(1.01410084686047,0.46713354045705,10.));
#1964=FACE_BOUND('',#1965,.T.);
#1965=EDGE_LOOP('',(#2819,#2820,#2821,#2822));
#1966=PLANE('',#1967);
#1967=AXIS2_PLACEMENT_3D('',#1968,#1969,#1970);
#1968=CARTESIAN_POINT('',(-2.79884764930246,1.67609332721957,10.));
#1969=DIRECTION('',(0.21371484730987,0.674037064291956,0.707106781186548));
#1970=DIRECTION('',(0.953232357863831,-0.302238435546113,0.));
#1971=FACE_BOUND('',#1972,.T.);
#1972=EDGE_LOOP('',(#2823,#2824,#2825,#2826,#2827,#2828,#2829,#2830,#2831));
#1973=PLANE('',#1974);
#1974=AXIS2_PLACEMENT_3D('',#1975,#1976,#1977);
#1975=CARTESIAN_POINT('',(0.,0.,9.));
#1976=DIRECTION('',(0.,0.,1.));
#1977=DIRECTION('',(-1.,1.22464679914735E-16,0.));
#1978=FACE_BOUND('',#1979,.T.);
#1979=EDGE_LOOP('',(#2832,#2833,#2834,#2835));
#1980=B_SPLINE_SURFACE_WITH_KNOTS('',3,1,(
(#1981,#1982),
(#1983,#1984),
(#1985,#1986),
(#1987,#1988),
(#1989,#1990),
(#1991,#1992),
(#1993,#1994),
(#1995,#1996),
(#1997,#1998),
(#1999,#2000),
(#2001,#2002),
(#2003,#2004),
(#2005,#2006),
(#2007,#2008),
(#2009,#2010),
(#2011,#2012),
(#2013,#2014),
(#2015,#2016),
(#2017,#2018),
(#2019,#2020),
(#2021,#2022),
(#2023,#2024),
(#2025,#2026),
(#2027,#2028),
(#2029,#2030),
(#2031,#2032),
(#2033,#2034),
(#2035,#2036),
(#2037,#2038),
(#2039,#2040),
(#2041,#2042),
(#2043,#2044),
(#2045,#2046)),
.UNSPECIFIED.,.F.,.F.,.F.,
(4,1,1,1,1,1,1,1,1,1,1,1,1,1,1,1,1,1,1,1,1,1,1,1,1,1,1,1,1,1,4),
(2,2),
(2.89524605784493,3.30675054916701,3.4351366559821,3.53647669459653,3.63020607243664,
3.72344611285889,3.82586698425088,3.94641122871575,4.103608093003,4.29409863814947,
4.51155708692258,4.75546781520859,5.01851636606616,5.3048017605002,5.5866694393121,
5.88069087516364,6.17777492453118,6.4827829650484,6.78858929134122,7.10364246312073,
7.44665019623549,7.793142107359,8.15537832042613,8.50064597949691,8.83336664337619,
9.11945568128204,9.37891475593733,9.64539875159513,9.96448625198249,10.3743217322586,
11.2094785651603),
(0.,1.),
.UNSPECIFIED.);
#1981=CARTESIAN_POINT('',(-9.61674083034209,3.02079854828572,9.));
#1982=CARTESIAN_POINT('',(-8.84650215688013,2.38304280671723,10.));
#1983=CARTESIAN_POINT('',(-9.64719556128315,2.98401654080418,8.99999999999999));
#1984=CARTESIAN_POINT('',(-8.87643203134623,2.34669679749292,10.));
#1985=CARTESIAN_POINT('',(-9.69467387261741,2.92237414798322,9.00000000000001));
#1986=CARTESIAN_POINT('',(-8.9066920989172,2.30686465225722,10.));
#1987=CARTESIAN_POINT('',(-9.7515810928707,2.84293486119463,9.));
#1988=CARTESIAN_POINT('',(-8.938252723616,2.26213097353409,10.));
#1989=CARTESIAN_POINT('',(-9.77962480315518,2.80254002785037,9.));
#1990=CARTESIAN_POINT('',(-8.95381782935282,2.23932424174591,10.));
#1991=CARTESIAN_POINT('',(-9.80372485453333,2.76679730531366,9.));
#1992=CARTESIAN_POINT('',(-8.96770807135225,2.21839082417466,10.));
#1993=CARTESIAN_POINT('',(-9.82645048591615,2.73199388462685,9.));
#1994=CARTESIAN_POINT('',(-8.98208744069798,2.1961054440675,10.));
#1995=CARTESIAN_POINT('',(-9.85001385756933,2.69451810750787,9.));
#1996=CARTESIAN_POINT('',(-8.99795382407731,2.17074675083128,10.));
#1997=CARTESIAN_POINT('',(-9.87768192229643,2.6487415462021,9.));
#1998=CARTESIAN_POINT('',(-9.01647116552751,2.14009333402292,10.));
#1999=CARTESIAN_POINT('',(-9.91036478307928,2.59200557289027,9.));
#2000=CARTESIAN_POINT('',(-9.03874595127288,2.10159415126433,10.));
#2001=CARTESIAN_POINT('',(-9.94803569122869,2.5228860518012,9.));
#2002=CARTESIAN_POINT('',(-9.06467100909912,2.05428599684996,10.));
#2003=CARTESIAN_POINT('',(-9.9892009795059,2.44271548098068,9.));
#2004=CARTESIAN_POINT('',(-9.09332964391226,1.99856969418258,10.));
#2005=CARTESIAN_POINT('',(-10.0324414207491,2.35353020709354,9.));
#2006=CARTESIAN_POINT('',(-9.12358170410602,1.93539126045052,10.));
#2007=CARTESIAN_POINT('',(-10.0759040577874,2.25481147509062,9.));
#2008=CARTESIAN_POINT('',(-9.15492305567579,1.86458162569964,10.));
#2009=CARTESIAN_POINT('',(-10.1177811215334,2.15078710126997,9.));
#2010=CARTESIAN_POINT('',(-9.18573651499806,1.78872958366666,10.));
#2011=CARTESIAN_POINT('',(-10.1581348461979,2.04285401619599,9.));
#2012=CARTESIAN_POINT('',(-9.21555268984375,1.70848281284408,10.));
#2013=CARTESIAN_POINT('',(-10.1955363796611,1.93349027101661,9.));
#2014=CARTESIAN_POINT('',(-9.24360739024132,1.62575052916205,10.));
#2015=CARTESIAN_POINT('',(-10.2299187814009,1.82080731368492,9.));
#2016=CARTESIAN_POINT('',(-9.27025756167218,1.53931013111636,10.));
#2017=CARTESIAN_POINT('',(-10.2614778409667,1.70662589928516,9.));
#2018=CARTESIAN_POINT('',(-9.29510356252377,1.45033841331604,10.));
#2019=CARTESIAN_POINT('',(-10.2912823396217,1.59054303739046,9.));
#2020=CARTESIAN_POINT('',(-9.31829268290337,1.35830225402195,10.));
#2021=CARTESIAN_POINT('',(-10.3186269409666,1.46975281923091,9.));
#2022=CARTESIAN_POINT('',(-9.34023424235338,1.26130679819816,10.));
#2023=CARTESIAN_POINT('',(-10.3435328511673,1.34397950095946,9.));
#2024=CARTESIAN_POINT('',(-9.36078943142725,1.15899088445367,10.));
#2025=CARTESIAN_POINT('',(-10.3664535584862,1.21259457225009,9.));
#2026=CARTESIAN_POINT('',(-9.37990077212648,1.05062397809746,10.));
#2027=CARTESIAN_POINT('',(-10.3871857373585,1.08142633743121,9.));
#2028=CARTESIAN_POINT('',(-9.39669914381727,0.940790454092115,10.));
#2029=CARTESIAN_POINT('',(-10.4040129663341,0.952275333284588,9.));
#2030=CARTESIAN_POINT('',(-9.41103229190801,0.831625517471467,10.));
#2031=CARTESIAN_POINT('',(-10.4170983564327,0.832896458978275,9.));
#2032=CARTESIAN_POINT('',(-9.42244637764376,0.729718619511603,10.));
#2033=CARTESIAN_POINT('',(-10.4272622200701,0.724410489342527,9.));
#2034=CARTESIAN_POINT('',(-9.4313678169335,0.636301519242647,10.));
#2035=CARTESIAN_POINT('',(-10.435538187595,0.624371481963437,9.));
#2036=CARTESIAN_POINT('',(-9.438472025444,0.549367954326077,10.));
#2037=CARTESIAN_POINT('',(-10.4431774093949,0.520426850708759,9.));
#2038=CARTESIAN_POINT('',(-9.44473691661551,0.45858102452614,10.));
#2039=CARTESIAN_POINT('',(-10.4500751852573,0.397603209949618,9.));
#2040=CARTESIAN_POINT('',(-9.45062558225247,0.352764850985622,10.));
#2041=CARTESIAN_POINT('',(-10.4575806110426,0.205120823057205,9.00000000000001));
#2042=CARTESIAN_POINT('',(-9.45731886237457,0.186150957324862,10.));
#2043=CARTESIAN_POINT('',(-10.4594560810949,0.0538810691984236,8.99999999999999));
#2044=CARTESIAN_POINT('',(-9.45944498155925,0.0504107240994662,10.));
#2045=CARTESIAN_POINT('',(-10.4594612248692,-0.045316691650848,9.));
#2046=CARTESIAN_POINT('',(-9.45946122486915,-0.0453163362397363,10.));
#2047=FACE_BOUND('',#2048,.T.);
#2048=EDGE_LOOP('',(#2836,#2837,#2838,#2839));
#2049=B_SPLINE_SURFACE_WITH_KNOTS('',3,1,(
(#2050,#2051),
(#2052,#2053),
(#2054,#2055),
(#2056,#2057),
(#2058,#2059),
(#2060,#2061),
(#2062,#2063),
(#2064,#2065),
(#2066,#2067),
(#2068,#2069),
(#2070,#2071),
(#2072,#2073),
(#2074,#2075),
(#2076,#2077),
(#2078,#2079),
(#2080,#2081),
(#2082,#2083),
(#2084,#2085),
(#2086,#2087),
(#2088,#2089),
(#2090,#2091),
(#2092,#2093),
(#2094,#2095),
(#2096,#2097),
(#2098,#2099),
(#2100,#2101),
(#2102,#2103)),
.UNSPECIFIED.,.F.,.F.,.F.,
(4,1,1,1,1,1,1,1,1,1,1,1,1,1,1,1,1,1,1,1,1,1,1,1,4),
(2,2),
(3.10877633822526,4.22795637540623,4.62037091412639,4.92714117441218,5.20535964218107,
5.50376270783823,5.8575336938658,6.26014087616786,6.65956023371053,7.04469939578344,
7.42264011577181,7.83342105247434,8.23058464964033,8.62927855827215,8.99120545749173,
9.34138244253499,9.66046338918805,9.97541641830764,10.2957296906076,10.6038806173528,
10.8931423169409,11.1724205084704,11.4413700672689,11.6358129726248,11.7824157117691),
(0.,1.),
.UNSPECIFIED.);
#2050=CARTESIAN_POINT('',(-10.4594612248692,-0.0452965035495379,9.));
#2051=CARTESIAN_POINT('',(-9.45946122486915,-0.0452965243653506,10.));
#2052=CARTESIAN_POINT('',(-10.459449064707,-0.165469766086973,9.));
#2053=CARTESIAN_POINT('',(-9.45939462544932,-0.165193161490049,10.));
#2054=CARTESIAN_POINT('',(-10.4563166298025,-0.339635700839449,9.));
#2055=CARTESIAN_POINT('',(-9.45591704050359,-0.315739158583506,10.));
#2056=CARTESIAN_POINT('',(-10.4446534712057,-0.553202301803965,9.));
#2057=CARTESIAN_POINT('',(-9.44594694318962,-0.493040011961618,10.));
#2058=CARTESIAN_POINT('',(-10.436254230468,-0.667872290550483,9.));
#2059=CARTESIAN_POINT('',(-9.43901254538738,-0.588349942782546,10.));
#2060=CARTESIAN_POINT('',(-10.4267268505558,-0.770202190965892,9.));
#2061=CARTESIAN_POINT('',(-9.43138892502382,-0.675482900204816,10.));
#2062=CARTESIAN_POINT('',(-10.4154860349734,-0.87809620394123,9.));
#2063=CARTESIAN_POINT('',(-9.42198528614584,-0.766898242278097,10.));
#2064=CARTESIAN_POINT('',(-10.4009124094799,-1.00084479334638,9.));
#2065=CARTESIAN_POINT('',(-9.40953371369439,-0.869744819672332,10.));
#2066=CARTESIAN_POINT('',(-10.3819821708137,-1.13564133501397,9.));
#2067=CARTESIAN_POINT('',(-9.39349889827767,-0.981496396037513,10.));
#2068=CARTESIAN_POINT('',(-10.3585947131178,-1.27429805657301,9.));
#2069=CARTESIAN_POINT('',(-9.3742958161425,-1.09513450377347,10.));
#2070=CARTESIAN_POINT('',(-10.3311993267963,-1.41012853264636,9.));
#2071=CARTESIAN_POINT('',(-9.35273234818325,-1.20525370170797,10.));
#2072=CARTESIAN_POINT('',(-10.3007080809887,-1.54784514565474,9.));
#2073=CARTESIAN_POINT('',(-9.32813995958179,-1.31509168979512,10.));
#2074=CARTESIAN_POINT('',(-10.2657112166733,-1.68704010617445,9.));
#2075=CARTESIAN_POINT('',(-9.30023642903214,-1.42445358254081,10.));
#2076=CARTESIAN_POINT('',(-10.224474025304,-1.82806931717187,9.));
#2077=CARTESIAN_POINT('',(-9.26854335259225,-1.53379671515502,10.));
#2078=CARTESIAN_POINT('',(-10.1799116998713,-1.96325048448935,9.));
#2079=CARTESIAN_POINT('',(-9.23485452375485,-1.63683268332319,10.));
#2080=CARTESIAN_POINT('',(-10.1330050241548,-2.09290664874487,9.));
#2081=CARTESIAN_POINT('',(-9.19940838992718,-1.73378579204,10.));
#2082=CARTESIAN_POINT('',(-10.0848844556204,-2.21245336543969,9.));
#2083=CARTESIAN_POINT('',(-9.16374701606086,-1.82187243750138,10.));
#2084=CARTESIAN_POINT('',(-10.0341096427286,-2.32512421679305,9.));
#2085=CARTESIAN_POINT('',(-9.12722555919892,-1.904004324443,10.));
#2086=CARTESIAN_POINT('',(-9.98131405249574,-2.43421993164107,9.));
#2087=CARTESIAN_POINT('',(-9.08936531917652,-1.98200431101143,10.));
#2088=CARTESIAN_POINT('',(-9.92512342855679,-2.54105450805403,9.));
#2089=CARTESIAN_POINT('',(-9.04953147374079,-2.05722997184144,10.));
#2090=CARTESIAN_POINT('',(-9.86620929822507,-2.64312043371031,9.));
#2091=CARTESIAN_POINT('',(-9.00849443456044,-2.12837908397853,10.));
#2092=CARTESIAN_POINT('',(-9.8058605975523,-2.73892155729742,9.));
#2093=CARTESIAN_POINT('',(-8.96721223299751,-2.19441661382478,10.));
#2094=CARTESIAN_POINT('',(-9.74495246474181,-2.82934789391014,9.00000000000001));
#2095=CARTESIAN_POINT('',(-8.92567145806922,-2.25593671039083,10.));
#2096=CARTESIAN_POINT('',(-9.68756295575664,-2.90850239859292,8.99999999999999));
#2097=CARTESIAN_POINT('',(-8.88744239087215,-2.30855610156932,9.99999999999999));
#2098=CARTESIAN_POINT('',(-9.63920608685705,-2.97113538669535,9.00000000000001));
#2099=CARTESIAN_POINT('',(-8.85422640419774,-2.35142897085318,10.));
#2100=CARTESIAN_POINT('',(-9.61032021863974,-3.00673560387261,9.));
#2101=CARTESIAN_POINT('',(-8.83593376180293,-2.37399638648409,10.));
#2102=CARTESIAN_POINT('',(-9.59819872745668,-3.02139423200284,9.));
#2103=CARTESIAN_POINT('',(-8.82763517268295,-2.38403106388925,10.));
#2104=FACE_BOUND('',#2105,.T.);
#2105=EDGE_LOOP('',(#2840,#2841,#2842,#2843));
#2106=B_SPLINE_SURFACE_WITH_KNOTS('',3,1,(
(#2107,#2108),
(#2109,#2110),
(#2111,#2112),
(#2113,#2114),
(#2115,#2116),
(#2117,#2118),
(#2119,#2120),
(#2121,#2122),
(#2123,#2124),
(#2125,#2126),
(#2127,#2128),
(#2129,#2130),
(#2131,#2132),
(#2133,#2134),
(#2135,#2136),
(#2137,#2138),
(#2139,#2140),
(#2141,#2142),
(#2143,#2144),
(#2145,#2146),
(#2147,#2148),
(#2149,#2150),
(#2151,#2152),
(#2153,#2154),
(#2155,#2156),
(#2157,#2158),
(#2159,#2160),
(#2161,#2162),
(#2163,#2164),
(#2165,#2166),
(#2167,#2168)),
.UNSPECIFIED.,.F.,.F.,.F.,
(4,1,1,1,1,1,1,1,1,1,1,1,1,1,1,1,1,1,1,1,1,1,1,1,1,1,1,1,4),
(2,2),
(3.46241182434937,4.09629850645613,4.32842620247201,4.52008687395104,4.68732554164944,
4.84203315492156,4.99364539757344,5.17078397142077,5.38562861917483,5.63221087520696,
5.88878599770201,6.16671634664533,6.46644260436929,6.79350543253997,7.10528393947525,
7.39618025930988,7.67428263257943,7.96875130145145,8.2863291580504,8.6083501215178,
8.91603480929997,9.19727620105273,9.46391526002978,9.74186932113111,10.0287508376291,
10.310598841777,10.5485021893959,10.7547651825632,11.0751413168451),
(0.,1.),
.UNSPECIFIED.);
#2107=CARTESIAN_POINT('',(-9.5982126355265,-3.02137741720798,9.));
#2108=CARTESIAN_POINT('',(-8.82764673098983,-2.3840170899475,10.));
#2109=CARTESIAN_POINT('',(-9.55913439081968,-3.06862260376436,9.));
#2110=CARTESIAN_POINT('',(-8.7888457524211,-2.43079251390547,10.));
#2111=CARTESIAN_POINT('',(-9.49447373709615,-3.14266558071196,9.));
#2112=CARTESIAN_POINT('',(-8.74182631051785,-2.48379283974538,9.99999999999999));
#2113=CARTESIAN_POINT('',(-9.40737469178682,-3.234600749349,9.));
#2114=CARTESIAN_POINT('',(-8.6856840614823,-2.54235534264816,10.));
#2115=CARTESIAN_POINT('',(-9.3575420653517,-3.28496450229744,9.));
#2116=CARTESIAN_POINT('',(-8.65371613177288,-2.57438665733034,10.));
#2117=CARTESIAN_POINT('',(-9.31405116738427,-3.32708245045386,9.));
#2118=CARTESIAN_POINT('',(-8.62488236813738,-2.60228051699812,10.));
#2119=CARTESIAN_POINT('',(-9.27420775195204,-3.36402440815486,9.));
#2120=CARTESIAN_POINT('',(-8.5970154664209,-2.62834794322419,10.));
#2121=CARTESIAN_POINT('',(-9.23259669287193,-3.40162338075453,9.));
#2122=CARTESIAN_POINT('',(-8.56834663138865,-2.65429555101807,10.));
#2123=CARTESIAN_POINT('',(-9.18497387711859,-3.44324432303624,9.00000000000001));
#2124=CARTESIAN_POINT('',(-8.53562443833901,-2.68287309678165,10.));
#2125=CARTESIAN_POINT('',(-9.12778194618283,-3.49121479399009,9.));
#2126=CARTESIAN_POINT('',(-8.49661414965733,-2.71548210621393,9.99999999999999));
#2127=CARTESIAN_POINT('',(-9.06189202020104,-3.54364378603236,9.));
#2128=CARTESIAN_POINT('',(-8.4519872709775,-2.75086141787694,10.));
#2129=CARTESIAN_POINT('',(-8.98843675595522,-3.59841681823225,9.));
#2130=CARTESIAN_POINT('',(-8.40262249418514,-2.78772663328924,10.));
#2131=CARTESIAN_POINT('',(-8.90778527918023,-3.6545338966006,9.));
#2132=CARTESIAN_POINT('',(-8.34891724650721,-2.82527846382744,10.));
#2133=CARTESIAN_POINT('',(-8.81765013841309,-3.71315418143683,9.));
#2134=CARTESIAN_POINT('',(-8.2894185855144,-2.86389723371954,10.));
#2135=CARTESIAN_POINT('',(-8.72160614649239,-3.77059837726848,9.));
#2136=CARTESIAN_POINT('',(-8.22643462071016,-2.90143999081462,10.));
#2137=CARTESIAN_POINT('',(-8.62457659624359,-3.8232616835284,9.));
#2138=CARTESIAN_POINT('',(-8.16296120259347,-2.93595807599168,10.));
#2139=CARTESIAN_POINT('',(-8.53016845847811,-3.86999692511581,9.));
#2140=CARTESIAN_POINT('',(-8.10166859711853,-2.96636046113542,10.));
#2141=CARTESIAN_POINT('',(-8.4357417296206,-3.91271550194436,9.));
#2142=CARTESIAN_POINT('',(-8.04057938090109,-2.99397711127094,10.));
#2143=CARTESIAN_POINT('',(-8.33700685822753,-3.95320699884863,9.));
#2144=CARTESIAN_POINT('',(-7.97668342699476,-3.02011506272345,10.));
#2145=CARTESIAN_POINT('',(-8.23244047587431,-3.99132741820098,9.));
#2146=CARTESIAN_POINT('',(-7.90874257647363,-3.04488344174507,10.));
#2147=CARTESIAN_POINT('',(-8.12420647334229,-4.02579366586301,9.00000000000001));
#2148=CARTESIAN_POINT('',(-7.83864874538059,-3.06727652581359,10.));
#2149=CARTESIAN_POINT('',(-8.01905052519423,-4.05481947047055,9.));
#2150=CARTESIAN_POINT('',(-7.7703136922142,-3.08616134600913,9.99999999999999));
#2151=CARTESIAN_POINT('',(-7.920259557511,-4.07845309808414,9.));
#2152=CARTESIAN_POINT('',(-7.70550471133732,-3.101544922025,10.));
#2153=CARTESIAN_POINT('',(-7.82426873108899,-4.09785837021845,9.));
#2154=CARTESIAN_POINT('',(-7.64227884311141,-3.11432999032957,10.));
#2155=CARTESIAN_POINT('',(-7.72703123106419,-4.11409911384496,9.));
#2156=CARTESIAN_POINT('',(-7.57790342529521,-3.12514988316224,10.));
#2157=CARTESIAN_POINT('',(-7.62767007810046,-4.12729062330788,9.));
#2158=CARTESIAN_POINT('',(-7.51193827495813,-3.13398380206968,10.));
#2159=CARTESIAN_POINT('',(-7.53421349988037,-4.13689171293438,9.));
#2160=CARTESIAN_POINT('',(-7.44805457900565,-3.14036856982924,10.));
#2161=CARTESIAN_POINT('',(-7.44758228259935,-4.14289103141569,9.));
#2162=CARTESIAN_POINT('',(-7.39244132054509,-3.14429313206728,10.));
#2163=CARTESIAN_POINT('',(-7.35661739419568,-4.14690367191971,9.));
#2164=CARTESIAN_POINT('',(-7.33339243277491,-3.1470642233176,10.));
#2165=CARTESIAN_POINT('',(-7.29652481900609,-4.14789374716276,9.));
#2166=CARTESIAN_POINT('',(-7.29035818132787,-3.14788728492661,10.));
#2167=CARTESIAN_POINT('',(-7.26218486381058,-4.14789339646753,9.));
#2168=CARTESIAN_POINT('',(-7.26218683558361,-3.14789339646754,10.));
#2169=FACE_BOUND('',#2170,.T.);
#2170=EDGE_LOOP('',(#2844,#2845,#2846,#2847,#2848,#2849));
#2171=B_SPLINE_SURFACE_WITH_KNOTS('',3,1,(
(#2172,#2173),
(#2174,#2175),
(#2176,#2177),
(#2178,#2179),
(#2180,#2181),
(#2182,#2183),
(#2184,#2185),
(#2186,#2187),
(#2188,#2189),
(#2190,#2191),
(#2192,#2193),
(#2194,#2195),
(#2196,#2197),
(#2198,#2199),
(#2200,#2201),
(#2202,#2203),
(#2204,#2205),
(#2206,#2207),
(#2208,#2209),
(#2210,#2211),
(#2212,#2213),
(#2214,#2215),
(#2216,#2217),
(#2218,#2219),
(#2220,#2221),
(#2222,#2223),
(#2224,#2225),
(#2226,#2227),
(#2228,#2229),
(#2230,#2231),
(#2232,#2233),
(#2234,#2235),
(#2236,#2237),
(#2238,#2239),
(#2240,#2241),
(#2242,#2243)),
.UNSPECIFIED.,.F.,.F.,.F.,
(4,1,1,1,1,1,1,1,1,1,1,1,1,1,1,1,1,1,1,1,1,1,1,1,1,1,1,1,1,1,1,1,1,4),
(2,2),
(4.02087104912033,4.06815840662947,4.08800855206387,4.11334826696562,4.15097212752448,
4.20557104447549,4.27107886319042,4.3573762979363,4.48520373299023,4.69270627357133,
4.95966960413679,5.24939389250052,5.51502924125672,5.76027185447322,6.02977385109434,
6.34800840562747,6.71198945955704,7.0764300859015,7.43048003061001,7.78566194495451,
8.14708459124058,8.50395345085058,8.84041060970903,9.1684498943116,9.50775930926687,
9.87905238397576,10.2953346902722,10.7565803642072,11.2112005144842,11.6105412690638,
11.9274161310478,12.2171956305175,12.5129088855032,12.9791284826353),
(0.,1.),
.UNSPECIFIED.);
#2172=CARTESIAN_POINT('',(-7.26220589349204,-4.14789339646754,9.));
#2173=CARTESIAN_POINT('',(-7.2622058058563,-3.14789339646754,10.));
#2174=CARTESIAN_POINT('',(-7.25819516947926,-4.1478612545176,9.));
#2175=CARTESIAN_POINT('',(-7.25811312427583,-3.14789391746562,10.));
#2176=CARTESIAN_POINT('',(-7.25335019918957,-4.14822394522775,9.));
#2177=CARTESIAN_POINT('',(-7.25241725999681,-3.14787797246138,10.));
#2178=CARTESIAN_POINT('',(-7.24452240656417,-4.14778044801605,9.));
#2179=CARTESIAN_POINT('',(-7.24603073008334,-3.1478428034328,10.));
#2180=CARTESIAN_POINT('',(-7.23622640887146,-4.14722438255032,9.));
#2181=CARTESIAN_POINT('',(-7.24010560225482,-3.14779924363417,10.));
#2182=CARTESIAN_POINT('',(-7.22466598743698,-4.14656782309779,9.));
#2183=CARTESIAN_POINT('',(-7.23183969302753,-3.14771570198658,10.));
#2184=CARTESIAN_POINT('',(-7.20898531367417,-4.14567149935431,9.));
#2185=CARTESIAN_POINT('',(-7.22069996330707,-3.14755984521734,9.99999999999999));
#2186=CARTESIAN_POINT('',(-7.18852116164598,-4.14461466691429,9.));
#2187=CARTESIAN_POINT('',(-7.20622685307867,-3.14728235193693,10.));
#2188=CARTESIAN_POINT('',(-7.16071437211478,-4.14327138892329,9.));
#2189=CARTESIAN_POINT('',(-7.18668864754934,-3.14678063397151,10.));
#2190=CARTESIAN_POINT('',(-7.11873545890106,-4.14140587843871,9.));
#2191=CARTESIAN_POINT('',(-7.15741923201406,-3.14575794052335,10.));
#2192=CARTESIAN_POINT('',(-7.05863010810201,-4.13881577536944,9.));
#2193=CARTESIAN_POINT('',(-7.11593485637138,-3.14370301912983,10.));
#2194=CARTESIAN_POINT('',(-6.98232616724621,-4.13490695968229,9.));
#2195=CARTESIAN_POINT('',(-7.06373384919182,-3.14002334578006,10.));
#2196=CARTESIAN_POINT('',(-6.90031033880644,-4.12887312669796,9.));
#2197=CARTESIAN_POINT('',(-7.00787274293989,-3.13468401889533,10.));
#2198=CARTESIAN_POINT('',(-6.82106600031596,-4.11938365320072,9.));
#2199=CARTESIAN_POINT('',(-6.95340169587918,-3.12806760095807,10.));
#2200=CARTESIAN_POINT('',(-6.74366525138085,-4.10786855471927,9.));
#2201=CARTESIAN_POINT('',(-6.90045819201139,-3.12033348526039,10.));
#2202=CARTESIAN_POINT('',(-6.66082966695732,-4.09372717878212,9.));
#2203=CARTESIAN_POINT('',(-6.84431675661849,-3.11070581020266,10.));
#2204=CARTESIAN_POINT('',(-6.56631545208576,-4.074829813435,9.));
#2205=CARTESIAN_POINT('',(-6.78069074750385,-3.09790000911528,10.));
#2206=CARTESIAN_POINT('',(-6.46303923743645,-4.05047528470681,9.));
#2207=CARTESIAN_POINT('',(-6.71152886587841,-3.08151498867417,10.));
#2208=CARTESIAN_POINT('',(-6.35743519774231,-4.02109187443374,9.));
#2209=CARTESIAN_POINT('',(-6.64099878523977,-3.0620384654913,10.));
#2210=CARTESIAN_POINT('',(-6.25282712882373,-3.9880203680116,9.));
#2211=CARTESIAN_POINT('',(-6.57180461770564,-3.04015844009885,10.));
#2212=CARTESIAN_POINT('',(-6.1495605485492,-3.9512229534709,9.));
#2213=CARTESIAN_POINT('',(-6.50375917254096,-3.01585142285901,10.));
#2214=CARTESIAN_POINT('',(-6.04795493192195,-3.91065864629627,9.));
#2215=CARTESIAN_POINT('',(-6.43668772370897,-2.9890259256674,10.));
#2216=CARTESIAN_POINT('',(-5.94961076650299,-3.86687337655424,9.));
#2217=CARTESIAN_POINT('',(-6.37181727907808,-2.96021235868509,10.));
#2218=CARTESIAN_POINT('',(-5.85558408557033,-3.82090120000878,9.));
#2219=CARTESIAN_POINT('',(-6.30993873382004,-2.92999439937943,10.));
#2220=CARTESIAN_POINT('',(-5.76489213694331,-3.77266582067655,9.));
#2221=CARTESIAN_POINT('',(-6.25013984708768,-2.89817642664791,10.));
#2222=CARTESIAN_POINT('',(-5.67349276275069,-3.72008882458507,9.));
#2223=CARTESIAN_POINT('',(-6.18947394490484,-2.86315634047293,10.));
#2224=CARTESIAN_POINT('',(-5.5764782515877,-3.65916684753444,9.));
#2225=CARTESIAN_POINT('',(-6.12484058664024,-2.8226409324985,10.));
#2226=CARTESIAN_POINT('',(-5.47176256654292,-3.58732835647256,9.));
#2227=CARTESIAN_POINT('',(-6.05474700445746,-2.77470411187414,10.));
#2228=CARTESIAN_POINT('',(-5.36422822979761,-3.50698342303961,8.99999999999999));
#2229=CARTESIAN_POINT('',(-5.98207905803569,-2.72021318239544,9.99999999999999));
#2230=CARTESIAN_POINT('',(-5.26237293766361,-3.42337598329691,9.));
#2231=CARTESIAN_POINT('',(-5.91240476593503,-2.66299026921264,10.));
#2232=CARTESIAN_POINT('',(-5.17508990202284,-3.34539415567248,9.));
#2233=CARTESIAN_POINT('',(-5.85202677541209,-2.60920462115484,10.));
#2234=CARTESIAN_POINT('',(-5.10262924800861,-3.27640943590284,9.));
#2235=CARTESIAN_POINT('',(-5.80150325221012,-2.56116270697222,10.));
#2236=CARTESIAN_POINT('',(-5.03979599493617,-3.2136528674461,9.));
#2237=CARTESIAN_POINT('',(-5.75709327228524,-2.5165787382473,10.));
#2238=CARTESIAN_POINT('',(-4.96701933492026,-3.13660871023555,9.));
#2239=CARTESIAN_POINT('',(-5.70818689446933,-2.46497268090471,10.));
#2240=CARTESIAN_POINT('',(-4.91746748766124,-3.08070317602747,9.));
#2241=CARTESIAN_POINT('',(-5.67261871570964,-2.4250972732282,10.));
#2242=CARTESIAN_POINT('',(-4.88963661467459,-3.0481637653199,9.));
#2243=CARTESIAN_POINT('',(-5.64957525076677,-2.39816894274215,10.));
#2244=FACE_BOUND('',#2245,.T.);
#2245=EDGE_LOOP('',(#2850,#2851,#2852,#2853,#2854));
#2246=B_SPLINE_SURFACE_WITH_KNOTS('',3,1,(
(#2247,#2248),
(#2249,#2250),
(#2251,#2252),
(#2253,#2254),
(#2255,#2256),
(#2257,#2258),
(#2259,#2260),
(#2261,#2262),
(#2263,#2264),
(#2265,#2266),
(#2267,#2268),
(#2269,#2270),
(#2271,#2272),
(#2273,#2274),
(#2275,#2276),
(#2277,#2278),
(#2279,#2280),
(#2281,#2282),
(#2283,#2284),
(#2285,#2286),
(#2287,#2288),
(#2289,#2290),
(#2291,#2292),
(#2293,#2294),
(#2295,#2296),
(#2297,#2298),
(#2299,#2300),
(#2301,#2302)),
.UNSPECIFIED.,.F.,.F.,.F.,
(4,1,1,1,1,1,1,1,1,1,1,1,1,1,1,1,1,1,1,1,1,1,1,1,1,4),
(2,2),
(3.41351813583659,4.02154142939711,4.23887822368149,4.40917372142632,4.55656760066621,
4.69713074273959,4.85674071967763,5.06254243328784,5.32103883653137,5.61555992160403,
5.92798135717386,6.25329263522901,6.6055978328909,6.97921876101211,7.35702134601758,
7.71799711959667,8.06825755836669,8.43545667594997,8.84724848596883,9.31290478348974,
9.81093203700921,10.3321579711854,10.8761917842231,11.4146893666478,11.9011618678685,
12.586481612242),
(0.,1.),
.UNSPECIFIED.);
#2247=CARTESIAN_POINT('',(-4.8896502860573,-3.04817974909651,9.));
#2248=CARTESIAN_POINT('',(-5.64958760342076,-2.39818338473865,10.));
#2249=CARTESIAN_POINT('',(-4.85084616577343,-3.00281714478052,9.00000000000001));
#2250=CARTESIAN_POINT('',(-5.61129002402795,-2.35316076946259,10.));
#2251=CARTESIAN_POINT('',(-4.78895254624175,-2.92473850011632,8.99999999999999));
#2252=CARTESIAN_POINT('',(-5.57098179371615,-2.30158502983356,9.99999999999999));
#2253=CARTESIAN_POINT('',(-4.71517516410722,-2.82337697612415,9.));
#2254=CARTESIAN_POINT('',(-5.52773270289813,-2.24125887258799,10.));
#2255=CARTESIAN_POINT('',(-4.67705389562824,-2.76869362969459,9.));
#2256=CARTESIAN_POINT('',(-5.50489779289103,-2.20801666405889,10.));
#2257=CARTESIAN_POINT('',(-4.64655700067619,-2.72309314043323,9.));
#2258=CARTESIAN_POINT('',(-5.48488772087968,-2.17780816830634,10.));
#2259=CARTESIAN_POINT('',(-4.6183360015139,-2.67909268107038,9.));
#2260=CARTESIAN_POINT('',(-5.46523187250961,-2.14708281807557,10.));
#2261=CARTESIAN_POINT('',(-4.58711853179414,-2.6284740273271,9.));
#2262=CARTESIAN_POINT('',(-5.44367599498764,-2.11213383190471,10.));
#2263=CARTESIAN_POINT('',(-4.55007932793658,-2.565480887552,9.));
#2264=CARTESIAN_POINT('',(-5.41778883135761,-2.06826347529671,10.));
#2265=CARTESIAN_POINT('',(-4.50701262947212,-2.48792042610851,9.));
#2266=CARTESIAN_POINT('',(-5.38753445733895,-2.01398541734583,10.));
#2267=CARTESIAN_POINT('',(-4.46058123969795,-2.39866184579478,9.));
#2268=CARTESIAN_POINT('',(-5.35465823665506,-1.95083289275907,10.));
#2269=CARTESIAN_POINT('',(-4.41355538798552,-2.30215054252618,9.));
#2270=CARTESIAN_POINT('',(-5.32121700865625,-1.88153312901244,10.));
#2271=CARTESIAN_POINT('',(-4.36745793588855,-2.19814587632443,9.));
#2272=CARTESIAN_POINT('',(-5.28774589532082,-1.80632601009532,10.));
#2273=CARTESIAN_POINT('',(-4.32236235317081,-2.08672813645047,9.));
#2274=CARTESIAN_POINT('',(-5.25453842096358,-1.72485224255918,10.));
#2275=CARTESIAN_POINT('',(-4.27881599720766,-1.96931193886112,9.));
#2276=CARTESIAN_POINT('',(-5.22228718062182,-1.63770589531404,10.));
#2277=CARTESIAN_POINT('',(-4.23881965279362,-1.85081783613756,9.));
#2278=CARTESIAN_POINT('',(-5.19245445065457,-1.54836632145463,10.));
#2279=CARTESIAN_POINT('',(-4.20399034199528,-1.73394055041246,9.));
#2280=CARTESIAN_POINT('',(-5.16569250030969,-1.45937262072073,10.));
#2281=CARTESIAN_POINT('',(-4.17289670195826,-1.6179708616302,9.));
#2282=CARTESIAN_POINT('',(-5.14149530708343,-1.36998535316064,10.));
#2283=CARTESIAN_POINT('',(-4.14327644743394,-1.49670455118277,9.));
#2284=CARTESIAN_POINT('',(-5.11853827621629,-1.27521637865221,10.));
#2285=CARTESIAN_POINT('',(-4.11442164236111,-1.36322006342454,9.));
#2286=CARTESIAN_POINT('',(-5.09599372401701,-1.16949495877828,10.));
#2287=CARTESIAN_POINT('',(-4.08789308919798,-1.2154345565588,9.));
#2288=CARTESIAN_POINT('',(-5.07436154288513,-1.05111681561343,10.));
#2289=CARTESIAN_POINT('',(-4.06405523791202,-1.05623715735742,9.));
#2290=CARTESIAN_POINT('',(-5.05474592071201,-0.921735836620044,10.));
#2291=CARTESIAN_POINT('',(-4.04304187577753,-0.889486330619932,9.));
#2292=CARTESIAN_POINT('',(-5.03806098719756,-0.784026940138974,10.));
#2293=CARTESIAN_POINT('',(-4.0275338133968,-0.718806396413574,9.));
#2294=CARTESIAN_POINT('',(-5.02497877841618,-0.641353993371118,10.));
#2295=CARTESIAN_POINT('',(-4.01745166726825,-0.552411598283449,8.99999999999999));
#2296=CARTESIAN_POINT('',(-5.01595977087011,-0.500833101457872,10.));
#2297=CARTESIAN_POINT('',(-4.00946293570525,-0.372118338144179,9.));
#2298=CARTESIAN_POINT('',(-5.00980428219624,-0.345723694703158,10.));
#2299=CARTESIAN_POINT('',(-4.00929544207356,-0.248266543835275,9.));
#2300=CARTESIAN_POINT('',(-5.00834360522817,-0.241438988845384,10.));
#2301=CARTESIAN_POINT('',(-4.00832609645604,-0.177314898549694,9.));
#2302=CARTESIAN_POINT('',(-5.00832621825691,-0.177315832352067,10.));
#2303=FACE_BOUND('',#2304,.T.);
#2304=EDGE_LOOP('',(#2855,#2856,#2857,#2858,#2859));
#2305=B_SPLINE_SURFACE_WITH_KNOTS('',3,1,(
(#2306,#2307),
(#2308,#2309),
(#2310,#2311),
(#2312,#2313),
(#2314,#2315),
(#2316,#2317),
(#2318,#2319),
(#2320,#2321),
(#2322,#2323),
(#2324,#2325),
(#2326,#2327),
(#2328,#2329),
(#2330,#2331),
(#2332,#2333),
(#2334,#2335),
(#2336,#2337),
(#2338,#2339),
(#2340,#2341),
(#2342,#2343),
(#2344,#2345),
(#2346,#2347),
(#2348,#2349),
(#2350,#2351),
(#2352,#2353),
(#2354,#2355),
(#2356,#2357),
(#2358,#2359),
(#2360,#2361),
(#2362,#2363),
(#2364,#2365),
(#2366,#2367),
(#2368,#2369)),
.UNSPECIFIED.,.F.,.F.,.F.,
(4,1,1,1,1,1,1,1,1,1,1,1,1,1,1,1,1,1,1,1,1,1,1,1,1,1,1,1,1,4),
(2,2),
(3.22889059832274,4.46310364819933,4.89350636110455,5.21816375227331,5.51031351645581,
5.8200226821975,6.16697706982591,6.50002556312609,6.77373356808652,6.98664285513156,
7.17515602811637,7.35608784148188,7.54590233003863,7.75169637711584,7.96770746618754,
8.19468779080161,8.42159534890699,8.65552557854364,8.87366098623275,9.12272218977111,
9.41166948305572,9.76610699066868,10.1181140024719,10.4821496146637,10.8286576482557,
11.1906559964905,11.525960594368,11.8578523251944,12.1957889020929,12.7711089680116),
(0.,1.),
.UNSPECIFIED.);
#2306=CARTESIAN_POINT('',(-4.00832621825691,-0.177335374484839,9.));
#2307=CARTESIAN_POINT('',(-5.00832621825691,-0.177335356025415,10.));
#2308=CARTESIAN_POINT('',(-4.00834066660049,-0.0497536568312427,8.99999999999999));
#2309=CARTESIAN_POINT('',(-5.00839184721655,-0.0500130544972836,9.99999999999999));
#2310=CARTESIAN_POINT('',(-4.01158146971681,0.133963348589655,9.00000000000001));
#2311=CARTESIAN_POINT('',(-5.01201715448355,0.110425049757517,10.));
#2312=CARTESIAN_POINT('',(-4.02361354977039,0.357450138221,9.));
#2313=CARTESIAN_POINT('',(-5.02241583292054,0.298454149261599,10.));
#2314=CARTESIAN_POINT('',(-4.03205347883287,0.474995548518343,9.));
#2315=CARTESIAN_POINT('',(-5.02947304559037,0.3974336866879,10.));
#2316=CARTESIAN_POINT('',(-4.0413638223013,0.577849171338102,9.));
#2317=CARTESIAN_POINT('',(-5.03700774391051,0.48588529125451,10.));
#2318=CARTESIAN_POINT('',(-4.05205664280084,0.683127675018673,9.));
#2319=CARTESIAN_POINT('',(-5.0460008819776,0.576271232742451,9.99999999999999));
#2320=CARTESIAN_POINT('',(-4.06461005074444,0.793343269536015,9.));
#2321=CARTESIAN_POINT('',(-5.05684053286684,0.669859151579337,10.));
#2322=CARTESIAN_POINT('',(-4.07851917683249,0.899723850508816,9.));
#2323=CARTESIAN_POINT('',(-5.06881647548392,0.759468022281505,10.));
#2324=CARTESIAN_POINT('',(-4.09208488667414,0.991273211683791,9.));
#2325=CARTESIAN_POINT('',(-5.08032689798471,0.835987907939078,10.));
#2326=CARTESIAN_POINT('',(-4.10449459919968,1.06672035494828,9.));
#2327=CARTESIAN_POINT('',(-5.09064146275946,0.898688549975464,10.));
#2328=CARTESIAN_POINT('',(-4.11607328032356,1.13182824113928,9.));
#2329=CARTESIAN_POINT('',(-5.10014379411685,0.95251359016904,10.));
#2330=CARTESIAN_POINT('',(-4.12828697822275,1.1943228337586,9.));
#2331=CARTESIAN_POINT('',(-5.10982947306352,1.00402977810792,10.));
#2332=CARTESIAN_POINT('',(-4.14068940957038,1.25893481610721,9.));
#2333=CARTESIAN_POINT('',(-5.12034082375712,1.05662136500149,10.));
#2334=CARTESIAN_POINT('',(-4.15492003667458,1.32756051819407,9.));
#2335=CARTESIAN_POINT('',(-5.13218140498625,1.1122500730066,9.99999999999999));
#2336=CARTESIAN_POINT('',(-4.17305451986333,1.40025468476835,9.));
#2337=CARTESIAN_POINT('',(-5.14568247190308,1.17160881145196,10.));
#2338=CARTESIAN_POINT('',(-4.19135490879054,1.47542876423005,9.));
#2339=CARTESIAN_POINT('',(-5.16034641160615,1.23184907900946,10.));
#2340=CARTESIAN_POINT('',(-4.21098203976497,1.55259081653255,9.));
#2341=CARTESIAN_POINT('',(-5.17626586713847,1.29301552187636,10.));
#2342=CARTESIAN_POINT('',(-4.23152560331518,1.62868493894776,8.99999999999999));
#2343=CARTESIAN_POINT('',(-5.19288589978184,1.3527761845461,10.));
#2344=CARTESIAN_POINT('',(-4.25482789723475,1.70700550898023,9.));
#2345=CARTESIAN_POINT('',(-5.21104908228786,1.41405703488191,10.));
#2346=CARTESIAN_POINT('',(-4.28193244268766,1.79142633863754,9.));
#2347=CARTESIAN_POINT('',(-5.23179150161048,1.47965655798887,10.));
#2348=CARTESIAN_POINT('',(-4.3156394161777,1.89120513070859,9.));
#2349=CARTESIAN_POINT('',(-5.25781223960614,1.55614369651007,9.99999999999999));
#2350=CARTESIAN_POINT('',(-4.3564180799432,2.0021730515023,9.));
#2351=CARTESIAN_POINT('',(-5.28894252664929,1.64013365934876,10.));
#2352=CARTESIAN_POINT('',(-4.40446859966798,2.12066748243355,9.));
#2353=CARTESIAN_POINT('',(-5.32494353837285,1.72867679648681,10.));
#2354=CARTESIAN_POINT('',(-4.45702812137237,2.23699103482495,9.));
#2355=CARTESIAN_POINT('',(-5.36325723494525,1.81461579678284,10.));
#2356=CARTESIAN_POINT('',(-4.51391885984198,2.35423306940724,9.));
#2357=CARTESIAN_POINT('',(-5.40468700539676,1.8995110214734,10.));
#2358=CARTESIAN_POINT('',(-4.57372648805571,2.46708383542556,9.));
#2359=CARTESIAN_POINT('',(-5.44765851619906,1.98002661454369,10.));
#2360=CARTESIAN_POINT('',(-4.63756996287722,2.57601953255824,9.));
#2361=CARTESIAN_POINT('',(-5.49253992873847,2.05708062676363,10.));
#2362=CARTESIAN_POINT('',(-4.70428257250906,2.68102657334639,9.));
#2363=CARTESIAN_POINT('',(-5.53886480977318,2.13025508746492,10.));
#2364=CARTESIAN_POINT('',(-4.79220813343145,2.80920704235205,9.));
#2365=CARTESIAN_POINT('',(-5.59939099970179,2.21817366827153,10.));
#2366=CARTESIAN_POINT('',(-4.86222102614215,2.9001493111592,9.));
#2367=CARTESIAN_POINT('',(-5.64682256016121,2.27962314833312,10.));
#2368=CARTESIAN_POINT('',(-4.90856609126494,2.95589279290308,9.));
#2369=CARTESIAN_POINT('',(-5.67788860472622,2.31703218972532,10.));
#2370=FACE_BOUND('',#2371,.T.);
#2371=EDGE_LOOP('',(#2860,#2861,#2862,#2863,#2864,#2865));
#2372=B_SPLINE_SURFACE_WITH_KNOTS('',3,1,(
(#2373,#2374),
(#2375,#2376),
(#2377,#2378),
(#2379,#2380),
(#2381,#2382),
(#2383,#2384),
(#2385,#2386),
(#2387,#2388),
(#2389,#2390),
(#2391,#2392),
(#2393,#2394),
(#2395,#2396),
(#2397,#2398),
(#2399,#2400),
(#2401,#2402),
(#2403,#2404),
(#2405,#2406),
(#2407,#2408),
(#2409,#2410),
(#2411,#2412),
(#2413,#2414),
(#2415,#2416),
(#2417,#2418),
(#2419,#2420),
(#2421,#2422),
(#2423,#2424),
(#2425,#2426),
(#2427,#2428),
(#2429,#2430),
(#2431,#2432),
(#2433,#2434),
(#2435,#2436)),
.UNSPECIFIED.,.F.,.F.,.F.,
(4,1,1,1,1,1,1,1,1,1,1,1,1,1,1,1,1,1,1,1,1,1,1,1,1,1,1,1,1,4),
(2,2),
(3.97230242841767,4.80140440605119,5.08273596959605,5.29212349592874,5.47327177043432,
5.66341033456033,5.88980505355499,6.16195885823112,6.47368705334319,6.80592059468255,
7.1500483680026,7.5003405234612,7.86207465798607,8.21962343188345,8.56849487172883,
8.90747008439926,9.25951483273747,9.61866017113953,9.99600773760787,10.3717251423745,
10.763703593921,11.1468150422223,11.5100204705833,11.8076622826061,12.0315411551937,
12.2088883519118,12.3735370862084,12.5557201328944,12.7442284811691,13.0276970554857),
(0.,1.),
.UNSPECIFIED.);
#2373=CARTESIAN_POINT('',(-4.90855223628304,2.95587610847903,9.));
#2374=CARTESIAN_POINT('',(-5.67787689844444,2.31701809280556,10.));
#2375=CARTESIAN_POINT('',(-4.95319089212974,3.00962926472479,8.99999999999999));
#2376=CARTESIAN_POINT('',(-5.72223607181429,2.37025832261923,10.));
#2377=CARTESIAN_POINT('',(-5.02571811478569,3.09216863441753,9.));
#2378=CARTESIAN_POINT('',(-5.77490039031465,2.42922597573679,9.99999999999999));
#2379=CARTESIAN_POINT('',(-5.11996051171178,3.19045730692426,9.));
#2380=CARTESIAN_POINT('',(-5.83707051555288,2.49338055131144,10.));
#2381=CARTESIAN_POINT('',(-5.16883594865744,3.23930873883258,9.));
#2382=CARTESIAN_POINT('',(-5.869456947646,2.52553827377268,10.));
#2383=CARTESIAN_POINT('',(-5.21116546164357,3.27998244252886,9.));
#2384=CARTESIAN_POINT('',(-5.89845292565302,2.55343084648927,10.));
#2385=CARTESIAN_POINT('',(-5.25461617602017,3.32010360808246,9.));
#2386=CARTESIAN_POINT('',(-5.92950804418407,2.5823683036822,10.));
#2387=CARTESIAN_POINT('',(-5.30597083372816,3.36621212202511,9.));
#2388=CARTESIAN_POINT('',(-5.96557552160004,2.61475981685898,10.));
#2389=CARTESIAN_POINT('',(-5.36769690822081,3.41933016003121,9.));
#2390=CARTESIAN_POINT('',(-6.00881308233435,2.65189091044495,10.));
#2391=CARTESIAN_POINT('',(-5.43938233778293,3.47788064048092,9.));
#2392=CARTESIAN_POINT('',(-6.05854978370205,2.69233929125774,10.));
#2393=CARTESIAN_POINT('',(-5.51883672598476,3.53869230760064,9.));
#2394=CARTESIAN_POINT('',(-6.11320512854056,2.73410771775076,10.));
#2395=CARTESIAN_POINT('',(-5.60374292382157,3.59890581245998,9.));
#2396=CARTESIAN_POINT('',(-6.17101627159382,2.77538183650994,10.));
#2397=CARTESIAN_POINT('',(-5.69385974871673,3.65877836258767,9.));
#2398=CARTESIAN_POINT('',(-6.23178450422622,2.81570473913692,10.));
#2399=CARTESIAN_POINT('',(-5.78759300934956,3.71643453231914,9.));
#2400=CARTESIAN_POINT('',(-6.29451804532637,2.85416136775871,10.));
#2401=CARTESIAN_POINT('',(-5.88323647514552,3.77035067599633,9.));
#2402=CARTESIAN_POINT('',(-6.35822992530155,2.89005294854628,10.));
#2403=CARTESIAN_POINT('',(-5.97898588403396,3.81954714705134,9.));
#2404=CARTESIAN_POINT('',(-6.42162794737346,2.92276060120791,10.));
#2405=CARTESIAN_POINT('',(-6.07659577041595,3.86553334838907,9.));
#2406=CARTESIAN_POINT('',(-6.48582245281735,2.95298613520147,10.));
#2407=CARTESIAN_POINT('',(-6.17690372248252,3.90842711964708,9.));
#2408=CARTESIAN_POINT('',(-6.55163560970529,2.98106412632276,10.));
#2409=CARTESIAN_POINT('',(-6.28185912296483,3.94861250414311,9.));
#2410=CARTESIAN_POINT('',(-6.62070237773406,3.00747889350272,10.));
#2411=CARTESIAN_POINT('',(-6.39116351392689,3.98544594620209,9.));
#2412=CARTESIAN_POINT('',(-6.6923877707418,3.03170856012366,10.));
#2413=CARTESIAN_POINT('',(-6.50537348917507,4.01893970341921,9.));
#2414=CARTESIAN_POINT('',(-6.76727480989028,3.05370424912517,10.));
#2415=CARTESIAN_POINT('',(-6.62071812163914,4.04790394912665,9.));
#2416=CARTESIAN_POINT('',(-6.84340284061398,3.07273094387003,10.));
#2417=CARTESIAN_POINT('',(-6.73531465075568,4.071686036742,9.));
#2418=CARTESIAN_POINT('',(-6.9195343438375,3.08850463812363,10.));
#2419=CARTESIAN_POINT('',(-6.84143908580761,4.08931629750006,9.));
#2420=CARTESIAN_POINT('',(-6.99025114970101,3.10032754804441,10.));
#2421=CARTESIAN_POINT('',(-6.93153467236855,4.10121713042487,9.));
#2422=CARTESIAN_POINT('',(-7.05060027178389,3.10834138007519,10.));
#2423=CARTESIAN_POINT('',(-7.00237223497284,4.1088607006488,9.));
#2424=CARTESIAN_POINT('',(-7.09864825391576,3.11344866702176,10.));
#2425=CARTESIAN_POINT('',(-7.05985647923896,4.11383149108437,9.));
#2426=CARTESIAN_POINT('',(-7.13742786815071,3.11679259418592,10.));
#2427=CARTESIAN_POINT('',(-7.11431086130076,4.11728130938067,9.));
#2428=CARTESIAN_POINT('',(-7.17251884557075,3.11924185899276,10.));
#2429=CARTESIAN_POINT('',(-7.16988634258122,4.1199893947364,9.));
#2430=CARTESIAN_POINT('',(-7.20846887899942,3.12117321258529,10.));
#2431=CARTESIAN_POINT('',(-7.23654244252653,4.12329329421905,9.));
#2432=CARTESIAN_POINT('',(-7.2534742549646,3.12281670770056,10.));
#2433=CARTESIAN_POINT('',(-7.28290025932572,4.12332970002457,9.));
#2434=CARTESIAN_POINT('',(-7.28766201383646,3.12331687431521,10.));
#2435=CARTESIAN_POINT('',(-7.30937712548312,4.12331864868645,9.));
#2436=CARTESIAN_POINT('',(-7.30937515168363,3.12331864868645,10.));
#2437=FACE_BOUND('',#2438,.T.);
#2438=EDGE_LOOP('',(#2866,#2867,#2868,#2869));
#2439=B_SPLINE_SURFACE_WITH_KNOTS('',3,1,(
(#2440,#2441),
(#2442,#2443),
(#2444,#2445),
(#2446,#2447),
(#2448,#2449),
(#2450,#2451),
(#2452,#2453),
(#2454,#2455),
(#2456,#2457),
(#2458,#2459),
(#2460,#2461),
(#2462,#2463),
(#2464,#2465),
(#2466,#2467),
(#2468,#2469),
(#2470,#2471),
(#2472,#2473),
(#2474,#2475),
(#2476,#2477),
(#2478,#2479),
(#2480,#2481),
(#2482,#2483),
(#2484,#2485),
(#2486,#2487),
(#2488,#2489),
(#2490,#2491),
(#2492,#2493),
(#2494,#2495),
(#2496,#2497),
(#2498,#2499),
(#2500,#2501)),
.UNSPECIFIED.,.F.,.F.,.F.,
(4,1,1,1,1,1,1,1,1,1,1,1,1,1,1,1,1,1,1,1,1,1,1,1,1,1,1,1,4),
(2,2),
(4.085813600108,4.76385926719272,5.01075814072182,5.21345086172514,5.39829715852938,
5.57937718731996,5.77556180254523,6.00538025187035,6.27839596245514,6.57721039612228,
6.89714672588976,7.22607746399877,7.56305833255582,7.91377240368226,8.28372033525429,
8.65364603285106,9.00203444597364,9.32629590310333,9.64859445391932,9.97776499200709,
10.3279007742646,10.6919727105467,11.0480366064706,11.3624230631832,11.6269379903377,
11.8600895886811,12.1060459965614,12.3833175466061,12.9141859068352),
(0.,1.),
.UNSPECIFIED.);
#2440=CARTESIAN_POINT('',(-7.30935609055961,4.12331864868645,9.));
#2441=CARTESIAN_POINT('',(-7.309356186656,3.12331864868645,10.));
#2442=CARTESIAN_POINT('',(-7.36497902668673,4.12331886436162,9.));
#2443=CARTESIAN_POINT('',(-7.36440722685081,3.12322537400505,10.));
#2444=CARTESIAN_POINT('',(-7.45586263585657,4.12069397186562,9.));
#2445=CARTESIAN_POINT('',(-7.42718787168149,3.12088663263585,10.));
#2446=CARTESIAN_POINT('',(-7.57324527985145,4.11252854377874,9.));
#2447=CARTESIAN_POINT('',(-7.49803601501284,3.11547208500601,10.));
#2448=CARTESIAN_POINT('',(-7.63925092289185,4.1065169882197,9.));
#2449=CARTESIAN_POINT('',(-7.53773559285387,3.11163210406675,10.));
#2450=CARTESIAN_POINT('',(-7.6972371142558,4.09999586711801,9.));
#2451=CARTESIAN_POINT('',(-7.57403433701722,3.10746962720439,10.));
#2452=CARTESIAN_POINT('',(-7.75241517330939,4.09246042883202,9.));
#2453=CARTESIAN_POINT('',(-7.61134823214939,3.10251213490719,10.));
#2454=CARTESIAN_POINT('',(-7.81258229070987,4.08325672075914,9.));
#2455=CARTESIAN_POINT('',(-7.65123221527357,3.09643721414369,10.));
#2456=CARTESIAN_POINT('',(-7.88181606859218,4.07119684492586,9.));
#2457=CARTESIAN_POINT('',(-7.69700062494074,3.08845600454431,10.));
#2458=CARTESIAN_POINT('',(-7.96116905646106,4.05533837181618,9.));
#2459=CARTESIAN_POINT('',(-7.74906250189572,3.07798125296449,10.));
#2460=CARTESIAN_POINT('',(-8.04900181948917,4.0350396874708,9.));
#2461=CARTESIAN_POINT('',(-7.80643273463064,3.06464793808724,10.));
#2462=CARTESIAN_POINT('',(-8.14121862904709,4.01026851335774,9.));
#2463=CARTESIAN_POINT('',(-7.8666182910035,3.04857314610118,10.));
#2464=CARTESIAN_POINT('',(-8.23701602905802,3.98103525894551,9.));
#2465=CARTESIAN_POINT('',(-7.92859729993765,3.02969942647036,10.));
#2466=CARTESIAN_POINT('',(-8.33502335178831,3.94734624271616,9.));
#2467=CARTESIAN_POINT('',(-7.99170656169116,3.00797503324788,10.));
#2468=CARTESIAN_POINT('',(-8.43547473865826,3.90862724308313,9.));
#2469=CARTESIAN_POINT('',(-8.05636332259942,2.98298258189259,10.));
#2470=CARTESIAN_POINT('',(-8.53686822856117,3.86475291183433,9.));
#2471=CARTESIAN_POINT('',(-8.12185840943276,2.95467410201008,10.));
#2472=CARTESIAN_POINT('',(-8.63685641017651,3.81659156516887,9.));
#2473=CARTESIAN_POINT('',(-8.18621662541423,2.92373481549051,10.));
#2474=CARTESIAN_POINT('',(-8.73067581648223,3.76689763413264,9.));
#2475=CARTESIAN_POINT('',(-8.24675821435086,2.89167396784784,10.));
#2476=CARTESIAN_POINT('',(-8.81778620716755,3.71686518133793,9.));
#2477=CARTESIAN_POINT('',(-8.30338989646489,2.85901937119571,10.));
#2478=CARTESIAN_POINT('',(-8.90137713703767,3.66471288905587,9.));
#2479=CARTESIAN_POINT('',(-8.35799359010051,2.82499268507224,10.));
#2480=CARTESIAN_POINT('',(-8.98528200761934,3.60820429831628,9.));
#2481=CARTESIAN_POINT('',(-8.41305353334662,2.78801789725727,10.));
#2482=CARTESIAN_POINT('',(-9.07027848080452,3.54664662157626,9.));
#2483=CARTESIAN_POINT('',(-8.46922992743624,2.74737124797039,10.));
#2484=CARTESIAN_POINT('',(-9.15446116013202,3.48138471678868,9.));
#2485=CARTESIAN_POINT('',(-8.52545581411637,2.70352458686542,10.));
#2486=CARTESIAN_POINT('',(-9.23324240527195,3.41519513257427,9.));
#2487=CARTESIAN_POINT('',(-8.57862114282459,2.6589560837972,10.));
#2488=CARTESIAN_POINT('',(-9.30216744401271,3.35336169143422,9.));
#2489=CARTESIAN_POINT('',(-8.62563773142864,2.61689251186186,9.99999999999999));
#2490=CARTESIAN_POINT('',(-9.36038817303218,3.29828214067573,9.));
#2491=CARTESIAN_POINT('',(-8.66556606080698,2.57918554514688,10.));
#2492=CARTESIAN_POINT('',(-9.41211666075113,3.24739867794148,9.));
#2493=CARTESIAN_POINT('',(-8.70165199226447,2.54351485725932,10.));
#2494=CARTESIAN_POINT('',(-9.46412144181822,3.19383694393954,9.));
#2495=CARTESIAN_POINT('',(-8.73693258309744,2.5071188023458,10.));
#2496=CARTESIAN_POINT('',(-9.53536303001795,3.11663126418791,9.));
#2497=CARTESIAN_POINT('',(-8.78438341517977,2.4559580364577,10.));
#2498=CARTESIAN_POINT('',(-9.58631768532416,3.05754560485718,8.99999999999999));
#2499=CARTESIAN_POINT('',(-8.82098584528319,2.41383549354349,10.));
#2500=CARTESIAN_POINT('',(-9.61675416157411,3.02078244771245,9.));
#2501=CARTESIAN_POINT('',(-8.84651430696339,2.38302813265663,10.));
#2502=ORIENTED_EDGE('',*,*,#2870,.T.);
#2503=ORIENTED_EDGE('',*,*,#2871,.T.);
#2504=ORIENTED_EDGE('',*,*,#2872,.T.);
#2505=ORIENTED_EDGE('',*,*,#2873,.T.);
#2506=ORIENTED_EDGE('',*,*,#2874,.T.);
#2507=ORIENTED_EDGE('',*,*,#2875,.T.);
#2508=ORIENTED_EDGE('',*,*,#2876,.T.);
#2509=ORIENTED_EDGE('',*,*,#2877,.T.);
#2510=ORIENTED_EDGE('',*,*,#2878,.T.);
#2511=ORIENTED_EDGE('',*,*,#2879,.T.);
#2512=ORIENTED_EDGE('',*,*,#2880,.T.);
#2513=ORIENTED_EDGE('',*,*,#2881,.T.);
#2514=ORIENTED_EDGE('',*,*,#2882,.T.);
#2515=ORIENTED_EDGE('',*,*,#2883,.T.);
#2516=ORIENTED_EDGE('',*,*,#2884,.F.);
#2517=ORIENTED_EDGE('',*,*,#2885,.T.);
#2518=ORIENTED_EDGE('',*,*,#2886,.T.);
#2519=ORIENTED_EDGE('',*,*,#2887,.T.);
#2520=ORIENTED_EDGE('',*,*,#2888,.T.);
#2521=ORIENTED_EDGE('',*,*,#2889,.T.);
#2522=ORIENTED_EDGE('',*,*,#2890,.T.);
#2523=ORIENTED_EDGE('',*,*,#2891,.T.);
#2524=ORIENTED_EDGE('',*,*,#2892,.T.);
#2525=ORIENTED_EDGE('',*,*,#2893,.F.);
#2526=ORIENTED_EDGE('',*,*,#2894,.T.);
#2527=ORIENTED_EDGE('',*,*,#2895,.F.);
#2528=ORIENTED_EDGE('',*,*,#2896,.T.);
#2529=ORIENTED_EDGE('',*,*,#2897,.T.);
#2530=ORIENTED_EDGE('',*,*,#2898,.T.);
#2531=ORIENTED_EDGE('',*,*,#2899,.T.);
#2532=ORIENTED_EDGE('',*,*,#2900,.T.);
#2533=ORIENTED_EDGE('',*,*,#2901,.T.);
#2534=ORIENTED_EDGE('',*,*,#2902,.T.);
#2535=ORIENTED_EDGE('',*,*,#2903,.T.);
#2536=ORIENTED_EDGE('',*,*,#2904,.F.);
#2537=ORIENTED_EDGE('',*,*,#2905,.T.);
#2538=ORIENTED_EDGE('',*,*,#2906,.F.);
#2539=ORIENTED_EDGE('',*,*,#2907,.T.);
#2540=ORIENTED_EDGE('',*,*,#2908,.F.);
#2541=ORIENTED_EDGE('',*,*,#2909,.T.);
#2542=ORIENTED_EDGE('',*,*,#2910,.F.);
#2543=ORIENTED_EDGE('',*,*,#2911,.T.);
#2544=ORIENTED_EDGE('',*,*,#2912,.F.);
#2545=ORIENTED_EDGE('',*,*,#2913,.T.);
#2546=ORIENTED_EDGE('',*,*,#2914,.T.);
#2547=ORIENTED_EDGE('',*,*,#2915,.T.);
#2548=ORIENTED_EDGE('',*,*,#2916,.T.);
#2549=ORIENTED_EDGE('',*,*,#2917,.T.);
#2550=ORIENTED_EDGE('',*,*,#2918,.T.);
#2551=ORIENTED_EDGE('',*,*,#2919,.T.);
#2552=ORIENTED_EDGE('',*,*,#2920,.T.);
#2553=ORIENTED_EDGE('',*,*,#2921,.T.);
#2554=ORIENTED_EDGE('',*,*,#2922,.T.);
#2555=ORIENTED_EDGE('',*,*,#2923,.T.);
#2556=ORIENTED_EDGE('',*,*,#2924,.T.);
#2557=ORIENTED_EDGE('',*,*,#2878,.F.);
#2558=ORIENTED_EDGE('',*,*,#2925,.F.);
#2559=ORIENTED_EDGE('',*,*,#2926,.T.);
#2560=ORIENTED_EDGE('',*,*,#2927,.T.);
#2561=ORIENTED_EDGE('',*,*,#2879,.F.);
#2562=ORIENTED_EDGE('',*,*,#2924,.F.);
#2563=ORIENTED_EDGE('',*,*,#2928,.T.);
#2564=ORIENTED_EDGE('',*,*,#2929,.T.);
#2565=ORIENTED_EDGE('',*,*,#2880,.F.);
#2566=ORIENTED_EDGE('',*,*,#2927,.F.);
#2567=ORIENTED_EDGE('',*,*,#2930,.T.);
#2568=ORIENTED_EDGE('',*,*,#2931,.T.);
#2569=ORIENTED_EDGE('',*,*,#2881,.F.);
#2570=ORIENTED_EDGE('',*,*,#2929,.F.);
#2571=ORIENTED_EDGE('',*,*,#2932,.T.);
#2572=ORIENTED_EDGE('',*,*,#2933,.T.);
#2573=ORIENTED_EDGE('',*,*,#2882,.F.);
#2574=ORIENTED_EDGE('',*,*,#2931,.F.);
#2575=ORIENTED_EDGE('',*,*,#2934,.T.);
#2576=ORIENTED_EDGE('',*,*,#2925,.T.);
#2577=ORIENTED_EDGE('',*,*,#2883,.F.);
#2578=ORIENTED_EDGE('',*,*,#2933,.F.);
#2579=ORIENTED_EDGE('',*,*,#2935,.F.);
#2580=ORIENTED_EDGE('',*,*,#2936,.F.);
#2581=ORIENTED_EDGE('',*,*,#2937,.F.);
#2582=ORIENTED_EDGE('',*,*,#2938,.T.);
#2583=ORIENTED_EDGE('',*,*,#2939,.T.);
#2584=ORIENTED_EDGE('',*,*,#2940,.T.);
#2585=ORIENTED_EDGE('',*,*,#2941,.T.);
#2586=ORIENTED_EDGE('',*,*,#2942,.T.);
#2587=ORIENTED_EDGE('',*,*,#2943,.T.);
#2588=ORIENTED_EDGE('',*,*,#2944,.F.);
#2589=ORIENTED_EDGE('',*,*,#2945,.F.);
#2590=ORIENTED_EDGE('',*,*,#2946,.F.);
#2591=ORIENTED_EDGE('',*,*,#2947,.T.);
#2592=ORIENTED_EDGE('',*,*,#2948,.T.);
#2593=ORIENTED_EDGE('',*,*,#2949,.T.);
#2594=ORIENTED_EDGE('',*,*,#2950,.T.);
#2595=ORIENTED_EDGE('',*,*,#2951,.T.);
#2596=ORIENTED_EDGE('',*,*,#2952,.T.);
#2597=ORIENTED_EDGE('',*,*,#2953,.T.);
#2598=ORIENTED_EDGE('',*,*,#2954,.T.);
#2599=ORIENTED_EDGE('',*,*,#2955,.T.);
#2600=ORIENTED_EDGE('',*,*,#2956,.T.);
#2601=ORIENTED_EDGE('',*,*,#2957,.T.);
#2602=ORIENTED_EDGE('',*,*,#2958,.T.);
#2603=ORIENTED_EDGE('',*,*,#2959,.T.);
#2604=ORIENTED_EDGE('',*,*,#2960,.T.);
#2605=ORIENTED_EDGE('',*,*,#2961,.T.);
#2606=ORIENTED_EDGE('',*,*,#2962,.T.);
#2607=ORIENTED_EDGE('',*,*,#2963,.T.);
#2608=ORIENTED_EDGE('',*,*,#2964,.T.);
#2609=ORIENTED_EDGE('',*,*,#2923,.F.);
#2610=ORIENTED_EDGE('',*,*,#2965,.F.);
#2611=ORIENTED_EDGE('',*,*,#2966,.T.);
#2612=ORIENTED_EDGE('',*,*,#2967,.T.);
#2613=ORIENTED_EDGE('',*,*,#2926,.F.);
#2614=ORIENTED_EDGE('',*,*,#2967,.F.);
#2615=ORIENTED_EDGE('',*,*,#2968,.T.);
#2616=ORIENTED_EDGE('',*,*,#2969,.T.);
#2617=ORIENTED_EDGE('',*,*,#2928,.F.);
#2618=ORIENTED_EDGE('',*,*,#2969,.F.);
#2619=ORIENTED_EDGE('',*,*,#2970,.T.);
#2620=ORIENTED_EDGE('',*,*,#2971,.T.);
#2621=ORIENTED_EDGE('',*,*,#2930,.F.);
#2622=ORIENTED_EDGE('',*,*,#2971,.F.);
#2623=ORIENTED_EDGE('',*,*,#2972,.T.);
#2624=ORIENTED_EDGE('',*,*,#2973,.T.);
#2625=ORIENTED_EDGE('',*,*,#2932,.F.);
#2626=ORIENTED_EDGE('',*,*,#2973,.F.);
#2627=ORIENTED_EDGE('',*,*,#2974,.T.);
#2628=ORIENTED_EDGE('',*,*,#2975,.T.);
#2629=ORIENTED_EDGE('',*,*,#2934,.F.);
#2630=ORIENTED_EDGE('',*,*,#2975,.F.);
#2631=ORIENTED_EDGE('',*,*,#2976,.T.);
#2632=ORIENTED_EDGE('',*,*,#2965,.T.);
#2633=ORIENTED_EDGE('',*,*,#2966,.F.);
#2634=ORIENTED_EDGE('',*,*,#2977,.F.);
#2635=ORIENTED_EDGE('',*,*,#2978,.T.);
#2636=ORIENTED_EDGE('',*,*,#2979,.T.);
#2637=ORIENTED_EDGE('',*,*,#2968,.F.);
#2638=ORIENTED_EDGE('',*,*,#2979,.F.);
#2639=ORIENTED_EDGE('',*,*,#2980,.T.);
#2640=ORIENTED_EDGE('',*,*,#2981,.T.);
#2641=ORIENTED_EDGE('',*,*,#2970,.F.);
#2642=ORIENTED_EDGE('',*,*,#2981,.F.);
#2643=ORIENTED_EDGE('',*,*,#2982,.T.);
#2644=ORIENTED_EDGE('',*,*,#2983,.T.);
#2645=ORIENTED_EDGE('',*,*,#2972,.F.);
#2646=ORIENTED_EDGE('',*,*,#2983,.F.);
#2647=ORIENTED_EDGE('',*,*,#2984,.T.);
#2648=ORIENTED_EDGE('',*,*,#2985,.T.);
#2649=ORIENTED_EDGE('',*,*,#2974,.F.);
#2650=ORIENTED_EDGE('',*,*,#2985,.F.);
#2651=ORIENTED_EDGE('',*,*,#2986,.T.);
#2652=ORIENTED_EDGE('',*,*,#2987,.T.);
#2653=ORIENTED_EDGE('',*,*,#2976,.F.);
#2654=ORIENTED_EDGE('',*,*,#2987,.F.);
#2655=ORIENTED_EDGE('',*,*,#2988,.T.);
#2656=ORIENTED_EDGE('',*,*,#2977,.T.);
#2657=ORIENTED_EDGE('',*,*,#2978,.F.);
#2658=ORIENTED_EDGE('',*,*,#2988,.F.);
#2659=ORIENTED_EDGE('',*,*,#2986,.F.);
#2660=ORIENTED_EDGE('',*,*,#2984,.F.);
#2661=ORIENTED_EDGE('',*,*,#2982,.F.);
#2662=ORIENTED_EDGE('',*,*,#2980,.F.);
#2663=ORIENTED_EDGE('',*,*,#2989,.T.);
#2664=ORIENTED_EDGE('',*,*,#2990,.T.);
#2665=ORIENTED_EDGE('',*,*,#2989,.F.);
#2666=ORIENTED_EDGE('',*,*,#2990,.F.);
#2667=ORIENTED_EDGE('',*,*,#2991,.T.);
#2668=ORIENTED_EDGE('',*,*,#2991,.F.);
#2669=ORIENTED_EDGE('',*,*,#2992,.T.);
#2670=ORIENTED_EDGE('',*,*,#2993,.F.);
#2671=ORIENTED_EDGE('',*,*,#2910,.T.);
#2672=ORIENTED_EDGE('',*,*,#2909,.F.);
#2673=ORIENTED_EDGE('',*,*,#2994,.T.);
#2674=ORIENTED_EDGE('',*,*,#2995,.F.);
#2675=ORIENTED_EDGE('',*,*,#2992,.F.);
#2676=ORIENTED_EDGE('',*,*,#2908,.T.);
#2677=ORIENTED_EDGE('',*,*,#2996,.T.);
#2678=ORIENTED_EDGE('',*,*,#2994,.F.);
#2679=ORIENTED_EDGE('',*,*,#2907,.F.);
#2680=ORIENTED_EDGE('',*,*,#2997,.T.);
#2681=ORIENTED_EDGE('',*,*,#2998,.F.);
#2682=ORIENTED_EDGE('',*,*,#2996,.F.);
#2683=ORIENTED_EDGE('',*,*,#2906,.T.);
#2684=ORIENTED_EDGE('',*,*,#2999,.T.);
#2685=ORIENTED_EDGE('',*,*,#2997,.F.);
#2686=ORIENTED_EDGE('',*,*,#2922,.F.);
#2687=ORIENTED_EDGE('',*,*,#3000,.T.);
#2688=ORIENTED_EDGE('',*,*,#3001,.F.);
#2689=ORIENTED_EDGE('',*,*,#2999,.F.);
#2690=ORIENTED_EDGE('',*,*,#3002,.F.);
#2691=ORIENTED_EDGE('',*,*,#3003,.F.);
#2692=ORIENTED_EDGE('',*,*,#3000,.F.);
#2693=ORIENTED_EDGE('',*,*,#2921,.F.);
#2694=ORIENTED_EDGE('',*,*,#3004,.T.);
#2695=ORIENTED_EDGE('',*,*,#3005,.F.);
#2696=ORIENTED_EDGE('',*,*,#3006,.T.);
#2697=ORIENTED_EDGE('',*,*,#3004,.F.);
#2698=ORIENTED_EDGE('',*,*,#2920,.F.);
#2699=ORIENTED_EDGE('',*,*,#3007,.T.);
#2700=ORIENTED_EDGE('',*,*,#2938,.F.);
#2701=ORIENTED_EDGE('',*,*,#2919,.F.);
#2702=ORIENTED_EDGE('',*,*,#3008,.T.);
#2703=ORIENTED_EDGE('',*,*,#2939,.F.);
#2704=ORIENTED_EDGE('',*,*,#3007,.F.);
#2705=ORIENTED_EDGE('',*,*,#2918,.F.);
#2706=ORIENTED_EDGE('',*,*,#3009,.T.);
#2707=ORIENTED_EDGE('',*,*,#2940,.F.);
#2708=ORIENTED_EDGE('',*,*,#3008,.F.);
#2709=ORIENTED_EDGE('',*,*,#2917,.F.);
#2710=ORIENTED_EDGE('',*,*,#3010,.T.);
#2711=ORIENTED_EDGE('',*,*,#2941,.F.);
#2712=ORIENTED_EDGE('',*,*,#3009,.F.);
#2713=ORIENTED_EDGE('',*,*,#2916,.F.);
#2714=ORIENTED_EDGE('',*,*,#3011,.T.);
#2715=ORIENTED_EDGE('',*,*,#2942,.F.);
#2716=ORIENTED_EDGE('',*,*,#3010,.F.);
#2717=ORIENTED_EDGE('',*,*,#3012,.F.);
#2718=ORIENTED_EDGE('',*,*,#2943,.F.);
#2719=ORIENTED_EDGE('',*,*,#3011,.F.);
#2720=ORIENTED_EDGE('',*,*,#2915,.F.);
#2721=ORIENTED_EDGE('',*,*,#3013,.T.);
#2722=ORIENTED_EDGE('',*,*,#3014,.T.);
#2723=ORIENTED_EDGE('',*,*,#3015,.T.);
#2724=ORIENTED_EDGE('',*,*,#3013,.F.);
#2725=ORIENTED_EDGE('',*,*,#2914,.F.);
#2726=ORIENTED_EDGE('',*,*,#3016,.T.);
#2727=ORIENTED_EDGE('',*,*,#3017,.F.);
#2728=ORIENTED_EDGE('',*,*,#2913,.F.);
#2729=ORIENTED_EDGE('',*,*,#3018,.T.);
#2730=ORIENTED_EDGE('',*,*,#3019,.F.);
#2731=ORIENTED_EDGE('',*,*,#3016,.F.);
#2732=ORIENTED_EDGE('',*,*,#3018,.F.);
#2733=ORIENTED_EDGE('',*,*,#2912,.T.);
#2734=ORIENTED_EDGE('',*,*,#3020,.T.);
#2735=ORIENTED_EDGE('',*,*,#2911,.F.);
#2736=ORIENTED_EDGE('',*,*,#2993,.T.);
#2737=ORIENTED_EDGE('',*,*,#3021,.F.);
#2738=ORIENTED_EDGE('',*,*,#3020,.F.);
#2739=ORIENTED_EDGE('',*,*,#3022,.T.);
#2740=ORIENTED_EDGE('',*,*,#3023,.F.);
#2741=ORIENTED_EDGE('',*,*,#2904,.T.);
#2742=ORIENTED_EDGE('',*,*,#2903,.F.);
#2743=ORIENTED_EDGE('',*,*,#3024,.T.);
#2744=ORIENTED_EDGE('',*,*,#2947,.F.);
#2745=ORIENTED_EDGE('',*,*,#3022,.F.);
#2746=ORIENTED_EDGE('',*,*,#2902,.F.);
#2747=ORIENTED_EDGE('',*,*,#3025,.T.);
#2748=ORIENTED_EDGE('',*,*,#2948,.F.);
#2749=ORIENTED_EDGE('',*,*,#3024,.F.);
#2750=ORIENTED_EDGE('',*,*,#2901,.F.);
#2751=ORIENTED_EDGE('',*,*,#3026,.T.);
#2752=ORIENTED_EDGE('',*,*,#2949,.F.);
#2753=ORIENTED_EDGE('',*,*,#3025,.F.);
#2754=ORIENTED_EDGE('',*,*,#2900,.F.);
#2755=ORIENTED_EDGE('',*,*,#3027,.T.);
#2756=ORIENTED_EDGE('',*,*,#2950,.F.);
#2757=ORIENTED_EDGE('',*,*,#3026,.F.);
#2758=ORIENTED_EDGE('',*,*,#2899,.F.);
#2759=ORIENTED_EDGE('',*,*,#3028,.T.);
#2760=ORIENTED_EDGE('',*,*,#2951,.F.);
#2761=ORIENTED_EDGE('',*,*,#3027,.F.);
#2762=ORIENTED_EDGE('',*,*,#2898,.F.);
#2763=ORIENTED_EDGE('',*,*,#3029,.T.);
#2764=ORIENTED_EDGE('',*,*,#2952,.F.);
#2765=ORIENTED_EDGE('',*,*,#3028,.F.);
#2766=ORIENTED_EDGE('',*,*,#2897,.F.);
#2767=ORIENTED_EDGE('',*,*,#3030,.T.);
#2768=ORIENTED_EDGE('',*,*,#2953,.F.);
#2769=ORIENTED_EDGE('',*,*,#3029,.F.);
#2770=ORIENTED_EDGE('',*,*,#2896,.F.);
#2771=ORIENTED_EDGE('',*,*,#3031,.T.);
#2772=ORIENTED_EDGE('',*,*,#2954,.F.);
#2773=ORIENTED_EDGE('',*,*,#3030,.F.);
#2774=ORIENTED_EDGE('',*,*,#2895,.T.);
#2775=ORIENTED_EDGE('',*,*,#3032,.T.);
#2776=ORIENTED_EDGE('',*,*,#3031,.F.);
#2777=ORIENTED_EDGE('',*,*,#2894,.F.);
#2778=ORIENTED_EDGE('',*,*,#3033,.T.);
#2779=ORIENTED_EDGE('',*,*,#2955,.F.);
#2780=ORIENTED_EDGE('',*,*,#3032,.F.);
#2781=ORIENTED_EDGE('',*,*,#3033,.F.);
#2782=ORIENTED_EDGE('',*,*,#2893,.T.);
#2783=ORIENTED_EDGE('',*,*,#3034,.T.);
#2784=ORIENTED_EDGE('',*,*,#2892,.F.);
#2785=ORIENTED_EDGE('',*,*,#3035,.T.);
#2786=ORIENTED_EDGE('',*,*,#2956,.F.);
#2787=ORIENTED_EDGE('',*,*,#3034,.F.);
#2788=ORIENTED_EDGE('',*,*,#2891,.F.);
#2789=ORIENTED_EDGE('',*,*,#3036,.T.);
#2790=ORIENTED_EDGE('',*,*,#2957,.F.);
#2791=ORIENTED_EDGE('',*,*,#3035,.F.);
#2792=ORIENTED_EDGE('',*,*,#2890,.F.);
#2793=ORIENTED_EDGE('',*,*,#3037,.T.);
#2794=ORIENTED_EDGE('',*,*,#2958,.F.);
#2795=ORIENTED_EDGE('',*,*,#3036,.F.);
#2796=ORIENTED_EDGE('',*,*,#2889,.F.);
#2797=ORIENTED_EDGE('',*,*,#3038,.T.);
#2798=ORIENTED_EDGE('',*,*,#2959,.F.);
#2799=ORIENTED_EDGE('',*,*,#3037,.F.);
#2800=ORIENTED_EDGE('',*,*,#2888,.F.);
#2801=ORIENTED_EDGE('',*,*,#3039,.T.);
#2802=ORIENTED_EDGE('',*,*,#2960,.F.);
#2803=ORIENTED_EDGE('',*,*,#3038,.F.);
#2804=ORIENTED_EDGE('',*,*,#2887,.F.);
#2805=ORIENTED_EDGE('',*,*,#3040,.T.);
#2806=ORIENTED_EDGE('',*,*,#2961,.F.);
#2807=ORIENTED_EDGE('',*,*,#3039,.F.);
#2808=ORIENTED_EDGE('',*,*,#2886,.F.);
#2809=ORIENTED_EDGE('',*,*,#3041,.T.);
#2810=ORIENTED_EDGE('',*,*,#2962,.F.);
#2811=ORIENTED_EDGE('',*,*,#3040,.F.);
#2812=ORIENTED_EDGE('',*,*,#2885,.F.);
#2813=ORIENTED_EDGE('',*,*,#3042,.T.);
#2814=ORIENTED_EDGE('',*,*,#2963,.F.);
#2815=ORIENTED_EDGE('',*,*,#3041,.F.);
#2816=ORIENTED_EDGE('',*,*,#3042,.F.);
#2817=ORIENTED_EDGE('',*,*,#2884,.T.);
#2818=ORIENTED_EDGE('',*,*,#3043,.T.);
#2819=ORIENTED_EDGE('',*,*,#2905,.F.);
#2820=ORIENTED_EDGE('',*,*,#3023,.T.);
#2821=ORIENTED_EDGE('',*,*,#2964,.F.);
#2822=ORIENTED_EDGE('',*,*,#3043,.F.);
#2823=ORIENTED_EDGE('',*,*,#3044,.F.);
#2824=ORIENTED_EDGE('',*,*,#3017,.T.);
#2825=ORIENTED_EDGE('',*,*,#3019,.T.);
#2826=ORIENTED_EDGE('',*,*,#3021,.T.);
#2827=ORIENTED_EDGE('',*,*,#2995,.T.);
#2828=ORIENTED_EDGE('',*,*,#2998,.T.);
#2829=ORIENTED_EDGE('',*,*,#3001,.T.);
#2830=ORIENTED_EDGE('',*,*,#3003,.T.);
#2831=ORIENTED_EDGE('',*,*,#3045,.F.);
#2832=ORIENTED_EDGE('',*,*,#2935,.T.);
#2833=ORIENTED_EDGE('',*,*,#3046,.T.);
#2834=ORIENTED_EDGE('',*,*,#2872,.F.);
#2835=ORIENTED_EDGE('',*,*,#3047,.F.);
#2836=ORIENTED_EDGE('',*,*,#2946,.T.);
#2837=ORIENTED_EDGE('',*,*,#3048,.T.);
#2838=ORIENTED_EDGE('',*,*,#2873,.F.);
#2839=ORIENTED_EDGE('',*,*,#3046,.F.);
#2840=ORIENTED_EDGE('',*,*,#2945,.T.);
#2841=ORIENTED_EDGE('',*,*,#3049,.T.);
#2842=ORIENTED_EDGE('',*,*,#2874,.F.);
#2843=ORIENTED_EDGE('',*,*,#3048,.F.);
#2844=ORIENTED_EDGE('',*,*,#2944,.T.);
#2845=ORIENTED_EDGE('',*,*,#3012,.T.);
#2846=ORIENTED_EDGE('',*,*,#3015,.F.);
#2847=ORIENTED_EDGE('',*,*,#3050,.T.);
#2848=ORIENTED_EDGE('',*,*,#2875,.F.);
#2849=ORIENTED_EDGE('',*,*,#3049,.F.);
#2850=ORIENTED_EDGE('',*,*,#3044,.T.);
#2851=ORIENTED_EDGE('',*,*,#3051,.T.);
#2852=ORIENTED_EDGE('',*,*,#2876,.F.);
#2853=ORIENTED_EDGE('',*,*,#3050,.F.);
#2854=ORIENTED_EDGE('',*,*,#3014,.F.);
#2855=ORIENTED_EDGE('',*,*,#3045,.T.);
#2856=ORIENTED_EDGE('',*,*,#3002,.T.);
#2857=ORIENTED_EDGE('',*,*,#3052,.T.);
#2858=ORIENTED_EDGE('',*,*,#2877,.F.);
#2859=ORIENTED_EDGE('',*,*,#3051,.F.);
#2860=ORIENTED_EDGE('',*,*,#2937,.T.);
#2861=ORIENTED_EDGE('',*,*,#3053,.T.);
#2862=ORIENTED_EDGE('',*,*,#2870,.F.);
#2863=ORIENTED_EDGE('',*,*,#3052,.F.);
#2864=ORIENTED_EDGE('',*,*,#3005,.T.);
#2865=ORIENTED_EDGE('',*,*,#3006,.F.);
#2866=ORIENTED_EDGE('',*,*,#2936,.T.);
#2867=ORIENTED_EDGE('',*,*,#3047,.T.);
#2868=ORIENTED_EDGE('',*,*,#2871,.F.);
#2869=ORIENTED_EDGE('',*,*,#3053,.F.);
#2870=EDGE_CURVE('',#3054,#3055,#3056,.T.);
#2871=EDGE_CURVE('',#3055,#3057,#3058,.T.);
#2872=EDGE_CURVE('',#3057,#3059,#3060,.T.);
#2873=EDGE_CURVE('',#3059,#3061,#3062,.T.);
#2874=EDGE_CURVE('',#3061,#3063,#3064,.T.);
#2875=EDGE_CURVE('',#3063,#3065,#3066,.T.);
#2876=EDGE_CURVE('',#3065,#3067,#3068,.T.);
#2877=EDGE_CURVE('',#3067,#3054,#3069,.T.);
#2878=EDGE_CURVE('',#3070,#3071,#3072,.T.);
#2879=EDGE_CURVE('',#3071,#3073,#3074,.T.);
#2880=EDGE_CURVE('',#3073,#3075,#3076,.T.);
#2881=EDGE_CURVE('',#3075,#3077,#3078,.T.);
#2882=EDGE_CURVE('',#3077,#3079,#3080,.T.);
#2883=EDGE_CURVE('',#3079,#3070,#3081,.T.);
#2884=EDGE_CURVE('',#3082,#3083,#3084,.F.);
#2885=EDGE_CURVE('',#3082,#3085,#3086,.F.);
#2886=EDGE_CURVE('',#3085,#3087,#3088,.F.);
#2887=EDGE_CURVE('',#3087,#3089,#3090,.F.);
#2888=EDGE_CURVE('',#3089,#3091,#3092,.F.);
#2889=EDGE_CURVE('',#3091,#3093,#3094,.F.);
#2890=EDGE_CURVE('',#3093,#3095,#3096,.F.);
#2891=EDGE_CURVE('',#3095,#3097,#3098,.F.);
#2892=EDGE_CURVE('',#3097,#3099,#3100,.F.);
#2893=EDGE_CURVE('',#3101,#3099,#3102,.F.);
#2894=EDGE_CURVE('',#3101,#3103,#3104,.F.);
#2895=EDGE_CURVE('',#3105,#3103,#3106,.F.);
#2896=EDGE_CURVE('',#3105,#3107,#3108,.F.);
#2897=EDGE_CURVE('',#3107,#3109,#3110,.F.);
#2898=EDGE_CURVE('',#3109,#3111,#3112,.F.);
#2899=EDGE_CURVE('',#3111,#3113,#3114,.F.);
#2900=EDGE_CURVE('',#3113,#3115,#3116,.F.);
#2901=EDGE_CURVE('',#3115,#3117,#3118,.F.);
#2902=EDGE_CURVE('',#3117,#3119,#3120,.F.);
#2903=EDGE_CURVE('',#3119,#3121,#3122,.F.);
#2904=EDGE_CURVE('',#3123,#3121,#3124,.F.);
#2905=EDGE_CURVE('',#3123,#3083,#3125,.F.);
#2906=EDGE_CURVE('',#3126,#3127,#3128,.F.);
#2907=EDGE_CURVE('',#3126,#3129,#3130,.F.);
#2908=EDGE_CURVE('',#3131,#3129,#3132,.F.);
#2909=EDGE_CURVE('',#3131,#3133,#3134,.F.);
#2910=EDGE_CURVE('',#3135,#3133,#3136,.F.);
#2911=EDGE_CURVE('',#3135,#3137,#3138,.F.);
#2912=EDGE_CURVE('',#3139,#3137,#3140,.F.);
#2913=EDGE_CURVE('',#3139,#3141,#3142,.F.);
#2914=EDGE_CURVE('',#3141,#3143,#3144,.F.);
#2915=EDGE_CURVE('',#3143,#3145,#3146,.F.);
#2916=EDGE_CURVE('',#3145,#3147,#3148,.F.);
#2917=EDGE_CURVE('',#3147,#3149,#3150,.F.);
#2918=EDGE_CURVE('',#3149,#3151,#3152,.F.);
#2919=EDGE_CURVE('',#3151,#3153,#3154,.F.);
#2920=EDGE_CURVE('',#3153,#3155,#3156,.F.);
#2921=EDGE_CURVE('',#3155,#3157,#3158,.F.);
#2922=EDGE_CURVE('',#3157,#3127,#3159,.F.);
#2923=EDGE_CURVE('',#3160,#3161,#3162,.T.);
#2924=EDGE_CURVE('',#3161,#3071,#3163,.T.);
#2925=EDGE_CURVE('',#3160,#3070,#3164,.T.);
#2926=EDGE_CURVE('',#3161,#3165,#3166,.T.);
#2927=EDGE_CURVE('',#3165,#3073,#3167,.T.);
#2928=EDGE_CURVE('',#3165,#3168,#3169,.T.);
#2929=EDGE_CURVE('',#3168,#3075,#3170,.T.);
#2930=EDGE_CURVE('',#3168,#3171,#3172,.T.);
#2931=EDGE_CURVE('',#3171,#3077,#3173,.T.);
#2932=EDGE_CURVE('',#3171,#3174,#3175,.T.);
#2933=EDGE_CURVE('',#3174,#3079,#3176,.T.);
#2934=EDGE_CURVE('',#3174,#3160,#3177,.T.);
#2935=EDGE_CURVE('',#3178,#3179,#3180,.T.);
#2936=EDGE_CURVE('',#3181,#3178,#3182,.T.);
#2937=EDGE_CURVE('',#3183,#3181,#3184,.T.);
#2938=EDGE_CURVE('',#3183,#3185,#3186,.T.);
#2939=EDGE_CURVE('',#3185,#3187,#3188,.T.);
#2940=EDGE_CURVE('',#3187,#3189,#3190,.T.);
#2941=EDGE_CURVE('',#3189,#3191,#3192,.T.);
#2942=EDGE_CURVE('',#3191,#3193,#3194,.T.);
#2943=EDGE_CURVE('',#3193,#3195,#3196,.T.);
#2944=EDGE_CURVE('',#3197,#3195,#3198,.T.);
#2945=EDGE_CURVE('',#3199,#3197,#3200,.T.);
#2946=EDGE_CURVE('',#3179,#3199,#3201,.T.);
#2947=EDGE_CURVE('',#3202,#3203,#3204,.T.);
#2948=EDGE_CURVE('',#3203,#3205,#3206,.T.);
#2949=EDGE_CURVE('',#3205,#3207,#3208,.T.);
#2950=EDGE_CURVE('',#3207,#3209,#3210,.T.);
#2951=EDGE_CURVE('',#3209,#3211,#3212,.T.);
#2952=EDGE_CURVE('',#3211,#3213,#3214,.T.);
#2953=EDGE_CURVE('',#3213,#3215,#3216,.T.);
#2954=EDGE_CURVE('',#3215,#3217,#3218,.T.);
#2955=EDGE_CURVE('',#3217,#3219,#3220,.T.);
#2956=EDGE_CURVE('',#3219,#3221,#3222,.T.);
#2957=EDGE_CURVE('',#3221,#3223,#3224,.T.);
#2958=EDGE_CURVE('',#3223,#3225,#3226,.T.);
#2959=EDGE_CURVE('',#3225,#3227,#3228,.T.);
#2960=EDGE_CURVE('',#3227,#3229,#3230,.T.);
#2961=EDGE_CURVE('',#3229,#3231,#3232,.T.);
#2962=EDGE_CURVE('',#3231,#3233,#3234,.T.);
#2963=EDGE_CURVE('',#3233,#3235,#3236,.T.);
#2964=EDGE_CURVE('',#3235,#3202,#3237,.T.);
#2965=EDGE_CURVE('',#3238,#3160,#3239,.T.);
#2966=EDGE_CURVE('',#3238,#3240,#3241,.T.);
#2967=EDGE_CURVE('',#3240,#3161,#3242,.T.);
#2968=EDGE_CURVE('',#3240,#3243,#3244,.T.);
#2969=EDGE_CURVE('',#3243,#3165,#3245,.T.);
#2970=EDGE_CURVE('',#3243,#3246,#3247,.T.);
#2971=EDGE_CURVE('',#3246,#3168,#3248,.T.);
#2972=EDGE_CURVE('',#3246,#3249,#3250,.T.);
#2973=EDGE_CURVE('',#3249,#3171,#3251,.T.);
#2974=EDGE_CURVE('',#3249,#3252,#3253,.T.);
#2975=EDGE_CURVE('',#3252,#3174,#3254,.T.);
#2976=EDGE_CURVE('',#3252,#3238,#3255,.T.);
#2977=EDGE_CURVE('',#3256,#3238,#3257,.F.);
#2978=EDGE_CURVE('',#3256,#3258,#3259,.T.);
#2979=EDGE_CURVE('',#3258,#3240,#3260,.F.);
#2980=EDGE_CURVE('',#3258,#3261,#3262,.T.);
#2981=EDGE_CURVE('',#3261,#3243,#3263,.F.);
#2982=EDGE_CURVE('',#3261,#3264,#3265,.T.);
#2983=EDGE_CURVE('',#3264,#3246,#3266,.F.);
#2984=EDGE_CURVE('',#3264,#3267,#3268,.T.);
#2985=EDGE_CURVE('',#3267,#3249,#3269,.F.);
#2986=EDGE_CURVE('',#3267,#3270,#3271,.T.);
#2987=EDGE_CURVE('',#3270,#3252,#3272,.F.);
#2988=EDGE_CURVE('',#3270,#3256,#3273,.T.);
#2989=EDGE_CURVE('',#3274,#3274,#3275,.T.);
#2990=EDGE_CURVE('',#3276,#3276,#3277,.T.);
#2991=EDGE_CURVE('',#3278,#3278,#3279,.T.);
#2992=EDGE_CURVE('',#3133,#3280,#3281,.F.);
#2993=EDGE_CURVE('',#3135,#3280,#3282,.T.);
#2994=EDGE_CURVE('',#3131,#3283,#3284,.T.);
#2995=EDGE_CURVE('',#3280,#3283,#3285,.T.);
#2996=EDGE_CURVE('',#3129,#3283,#3286,.F.);
#2997=EDGE_CURVE('',#3126,#3287,#3288,.T.);
#2998=EDGE_CURVE('',#3283,#3287,#3289,.T.);
#2999=EDGE_CURVE('',#3127,#3287,#3290,.F.);
#3000=EDGE_CURVE('',#3157,#3291,#3292,.T.);
#3001=EDGE_CURVE('',#3287,#3291,#3293,.T.);
#3002=EDGE_CURVE('',#3294,#3295,#3296,.T.);
#3003=EDGE_CURVE('',#3291,#3294,#3297,.T.);
#3004=EDGE_CURVE('',#3155,#3298,#3299,.T.);
#3005=EDGE_CURVE('',#3295,#3298,#3300,.T.);
#3006=EDGE_CURVE('',#3183,#3298,#3301,.T.);
#3007=EDGE_CURVE('',#3153,#3185,#3302,.T.);
#3008=EDGE_CURVE('',#3151,#3187,#3303,.T.);
#3009=EDGE_CURVE('',#3149,#3189,#3304,.T.);
#3010=EDGE_CURVE('',#3147,#3191,#3305,.T.);
#3011=EDGE_CURVE('',#3145,#3193,#3306,.T.);
#3012=EDGE_CURVE('',#3195,#3307,#3308,.T.);
#3013=EDGE_CURVE('',#3143,#3307,#3309,.T.);
#3014=EDGE_CURVE('',#3310,#3311,#3312,.T.);
#3015=EDGE_CURVE('',#3311,#3307,#3313,.T.);
#3016=EDGE_CURVE('',#3141,#3314,#3315,.T.);
#3017=EDGE_CURVE('',#3310,#3314,#3316,.T.);
#3018=EDGE_CURVE('',#3139,#3317,#3318,.T.);
#3019=EDGE_CURVE('',#3314,#3317,#3319,.T.);
#3020=EDGE_CURVE('',#3137,#3317,#3320,.F.);
#3021=EDGE_CURVE('',#3317,#3280,#3321,.T.);
#3022=EDGE_CURVE('',#3121,#3202,#3322,.F.);
#3023=EDGE_CURVE('',#3123,#3202,#3323,.T.);
#3024=EDGE_CURVE('',#3119,#3203,#3324,.T.);
#3025=EDGE_CURVE('',#3117,#3205,#3325,.T.);
#3026=EDGE_CURVE('',#3115,#3207,#3326,.T.);
#3027=EDGE_CURVE('',#3113,#3209,#3327,.T.);
#3028=EDGE_CURVE('',#3111,#3211,#3328,.T.);
#3029=EDGE_CURVE('',#3109,#3213,#3329,.T.);
#3030=EDGE_CURVE('',#3107,#3215,#3330,.T.);
#3031=EDGE_CURVE('',#3105,#3217,#3331,.T.);
#3032=EDGE_CURVE('',#3103,#3217,#3332,.F.);
#3033=EDGE_CURVE('',#3101,#3219,#3333,.T.);
#3034=EDGE_CURVE('',#3099,#3219,#3334,.F.);
#3035=EDGE_CURVE('',#3097,#3221,#3335,.T.);
#3036=EDGE_CURVE('',#3095,#3223,#3336,.T.);
#3037=EDGE_CURVE('',#3093,#3225,#3337,.T.);
#3038=EDGE_CURVE('',#3091,#3227,#3338,.T.);
#3039=EDGE_CURVE('',#3089,#3229,#3339,.T.);
#3040=EDGE_CURVE('',#3087,#3231,#3340,.T.);
#3041=EDGE_CURVE('',#3085,#3233,#3341,.T.);
#3042=EDGE_CURVE('',#3082,#3235,#3342,.T.);
#3043=EDGE_CURVE('',#3083,#3235,#3343,.F.);
#3044=EDGE_CURVE('',#3310,#3344,#3345,.T.);
#3045=EDGE_CURVE('',#3344,#3294,#3346,.T.);
#3046=EDGE_CURVE('',#3179,#3059,#3347,.T.);
#3047=EDGE_CURVE('',#3178,#3057,#3348,.T.);
#3048=EDGE_CURVE('',#3199,#3061,#3349,.T.);
#3049=EDGE_CURVE('',#3197,#3063,#3350,.T.);
#3050=EDGE_CURVE('',#3311,#3065,#3351,.T.);
#3051=EDGE_CURVE('',#3344,#3067,#3352,.T.);
#3052=EDGE_CURVE('',#3295,#3054,#3353,.T.);
#3053=EDGE_CURVE('',#3181,#3055,#3354,.T.);
#3054=VERTEX_POINT('',#3355);
#3055=VERTEX_POINT('',#3356);
#3056=B_SPLINE_CURVE_WITH_KNOTS('',3,
(#3357,#3358,#3359,#3360,#3361,#3362,#3363,#3364,#3365,#3366,#3367,#3368,#3369,#3370,
#3371,#3372,#3373,#3374,#3375,#3376,#3377,#3378,#3379,#3380,#3381,#3382,#3383,#3384,
#3385,#3386,#3387,#3388,#3389,#3390,#3391,#3392,#3393,#3394,#3395,#3396,#3397,#3398,
#3399,#3400,#3401,#3402,#3403,#3404,#3405,#3406,#3407,#3408,#3409,#3410,#3411,#3412,
#3413,#3414,#3415,#3416,#3417,#3418,#3419,#3420,#3421,#3422,#3423,#3424,#3425,#3426,
#3427,#3428,#3429,#3430,#3431,#3432,#3433),
.UNSPECIFIED.,.F.,.F.,
(4,1,1,1,1,1,1,1,1,1,1,1,1,1,1,1,1,1,1,1,1,1,1,1,1,1,1,1,1,1,1,1,1,1,1,1,1,1,1,1,
1,1,1,1,1,1,1,1,1,1,1,1,1,1,1,1,1,1,1,1,1,1,1,1,1,1,1,1,1,1,1,1,1,1,4),
(0.,0.00456471897881072,0.00919167720456733,0.0138809093792054,0.0156151126684637,
0.0186971900044591,0.0235766403057731,0.0304259312197345,0.0374659302223151,0.0447042965325804,
0.0504784519687827,0.0545919186733923,0.0564953042313879,0.0629412523740955,0.0695791918367702,
0.0767302790464924,0.0841902730877078,0.092072638287747,0.10006807607952,0.108540326777919,
0.11185948398241,0.117349602841334,0.126747316212147,0.136391428063257,0.146722850085844,
0.157509616664583,0.168953798378464,0.180629436646077,0.184200490510481,0.19294545540275,
0.205682463910963,0.219156067308983,0.232910720055265,0.247514999263493,0.262664257849615,
0.266086912211414,0.278572027826813,0.294715019269122,0.311783808668524,0.329562061582175,
0.348477284999297,0.360746314414278,0.367846274877432,0.388318816066296,0.409440214548107,
0.431400104623106,0.453544507511967,0.462344241008895,0.476281948410963,0.499433792921905,
0.523224516289092,0.537470089966729,0.54725213663702,0.571726434039045,0.586319107002961,
0.596404702499007,0.621292933691959,0.646228867957209,0.658539785960332,0.673811781522217,
0.703989892620562,0.747261859117303,0.755437252363272,0.790133159106672,0.832631733618365,
0.852329834624673,0.861311673037782,0.887088095726997,0.909661500450464,0.925598612170947,
0.931800196918099,0.953948851275102,0.974856355216998,0.976596432452409,1.),
.UNSPECIFIED.);
#3057=VERTEX_POINT('',#3434);
#3058=B_SPLINE_CURVE_WITH_KNOTS('',3,
(#3435,#3436,#3437,#3438,#3439,#3440,#3441,#3442,#3443,#3444,#3445,#3446,#3447,#3448,
#3449,#3450,#3451,#3452,#3453,#3454,#3455,#3456,#3457,#3458,#3459,#3460,#3461,#3462,
#3463,#3464,#3465,#3466,#3467,#3468,#3469,#3470,#3471,#3472,#3473,#3474,#3475,#3476,
#3477,#3478,#3479,#3480,#3481,#3482,#3483,#3484,#3485,#3486,#3487,#3488,#3489,#3490,
#3491,#3492,#3493,#3494,#3495,#3496,#3497,#3498,#3499,#3500,#3501,#3502,#3503,#3504,
#3505,#3506,#3507,#3508,#3509,#3510,#3511,#3512,#3513,#3514,#3515),
.UNSPECIFIED.,.F.,.F.,
(4,1,1,1,1,1,1,1,1,1,1,1,1,1,1,1,1,1,1,1,1,1,1,1,1,1,1,1,1,1,1,1,1,1,1,1,1,1,1,1,
1,1,1,1,1,1,1,1,1,1,1,1,1,1,1,1,1,1,1,1,1,1,1,1,1,1,1,1,1,1,1,1,1,1,1,1,1,1,4),
(0.,0.00643050815253082,0.0116368057935979,0.0128229364338027,0.0156761851157002,
0.0197685356612182,0.0255168812682865,0.0314297157753336,0.0375089640541824,0.04237180088196,
0.0457379093526217,0.0474495702641128,0.0528994762632854,0.0585057960482623,0.0645608324443514,
0.0709184368903422,0.0776665798916722,0.0845264894356341,0.0918292257472469,0.0971300203529272,
0.0994664142887004,0.107626746727558,0.115972018810681,0.124924942455185,0.134280788118797,
0.144257394425869,0.15448394079514,0.160664485691483,0.165410924396239,0.176763293695134,
0.188798956923103,0.201062022349896,0.214047310899852,0.218919438522638,0.227501178794629,
0.24161694938657,0.255914965569833,0.271035088505907,0.286816585178043,0.286920834426052,
0.303701987698386,0.321053131340618,0.339525498389366,0.355357553183391,0.358680700927847,
0.378716172144872,0.398948367605262,0.406176459922103,0.419986189892104,0.44159654958926,
0.455130342568076,0.464143838093154,0.487042764392979,0.510839478047456,0.528064419966229,
0.535168250535046,0.56014682883356,0.585241949950055,0.60166082205845,0.610842510889432,
0.636812278229833,0.650982870007423,0.663350780410945,0.690076436418003,0.717257556178687,
0.724851986606853,0.744690713244958,0.772474394844112,0.800326297362255,0.823172085224653,
0.828385863202379,0.856581448442232,0.884834158268383,0.912741425621997,0.920691592730743,
0.940931745838506,0.969874214007041,0.984562986454847,1.),
.UNSPECIFIED.);
#3059=VERTEX_POINT('',#3516);
#3060=B_SPLINE_CURVE_WITH_KNOTS('',3,
(#3517,#3518,#3519,#3520,#3521,#3522,#3523,#3524,#3525,#3526,#3527,#3528,#3529,#3530,
#3531,#3532,#3533,#3534,#3535,#3536,#3537,#3538,#3539,#3540,#3541,#3542,#3543,#3544,
#3545,#3546,#3547,#3548,#3549,#3550,#3551,#3552,#3553,#3554,#3555,#3556,#3557,#3558,
#3559,#3560,#3561,#3562,#3563,#3564,#3565,#3566,#3567,#3568,#3569,#3570,#3571,#3572,
#3573,#3574,#3575),
.UNSPECIFIED.,.F.,.F.,
(4,1,1,1,1,1,1,1,1,1,1,1,1,1,1,1,1,1,1,1,1,1,1,1,1,1,1,1,1,1,1,1,1,1,1,1,1,1,1,1,
1,1,1,1,1,1,1,1,1,1,1,1,1,1,1,1,4),
(0.,0.00917713881126921,0.0180239241566325,0.032784651065621,0.0338187291870822,
0.0449355992733349,0.0525561359012159,0.0578958592104021,0.0633297797888048,0.0673185848719992,
0.0692109046914743,0.0754129701066001,0.0823192789451238,0.0896266513207344,0.0977818436637211,
0.106382608713671,0.118248768332298,0.118790223762485,0.132011030168768,0.146077848403153,
0.158050699309735,0.170454353698299,0.180948032571284,0.184037479337098,0.198362783210311,
0.219055937901533,0.240978482733744,0.262993986139071,0.264122248600473,0.283513668969125,
0.303542137889808,0.333120577531519,0.371475865687164,0.372349288121495,0.413649564863368,
0.448099844883108,0.475273125208602,0.502757262286078,0.507544070065476,0.546673519401294,
0.606191909971094,0.668596092593653,0.677023003081838,0.717720734016001,0.750702040286033,
0.780206752358936,0.805990327787354,0.831592581726972,0.856636267997492,0.871018504625921,
0.881281336328886,0.905416459598987,0.929399328706221,0.953054832836654,0.976546611051535,
0.986583064949082,1.),
.UNSPECIFIED.);
#3061=VERTEX_POINT('',#3576);
#3062=B_SPLINE_CURVE_WITH_KNOTS('',3,
(#3577,#3578,#3579,#3580,#3581,#3582,#3583,#3584,#3585,#3586,#3587,#3588,#3589,#3590,
#3591,#3592,#3593,#3594,#3595,#3596,#3597,#3598,#3599,#3600,#3601,#3602,#3603,#3604,
#3605,#3606,#3607,#3608,#3609,#3610,#3611,#3612,#3613,#3614,#3615,#3616,#3617,#3618,
#3619,#3620,#3621,#3622,#3623,#3624,#3625,#3626,#3627,#3628),
.UNSPECIFIED.,.F.,.F.,
(4,1,1,1,1,1,1,1,1,1,1,1,1,1,1,1,1,1,1,1,1,1,1,1,1,1,1,1,1,1,1,1,1,1,1,1,1,1,1,1,
1,1,1,1,1,1,1,1,1,4),
(0.,0.0179946246115012,0.0366878091375594,0.0647738930546062,0.0652136605142757,
0.0842702586597852,0.100407665171665,0.120112986953846,0.140216576868831,0.141675249769858,
0.157615735372003,0.172431596399914,0.187823020394816,0.204693364269817,0.222483502438536,
0.241527281397291,0.26006738486592,0.260906371089396,0.281318393269013,0.30244677790717,
0.324732813502746,0.347430959301344,0.38512716149588,0.437886695225308,0.438068079032567,
0.494525026022057,0.540438048225383,0.572336377499018,0.601374400381704,0.625270146459521,
0.627491496507958,0.65354358008292,0.679254935041663,0.70468819323815,0.729634693539834,
0.754375917192367,0.763686011152706,0.77855213848593,0.802380209175126,0.82569603839761,
0.848863291914411,0.867980485370801,0.871520920572095,0.893823297395018,0.915600971443337,
0.93718668921125,0.957018030154304,0.958365064778924,0.979310448184929,1.),
.UNSPECIFIED.);
#3063=VERTEX_POINT('',#3629);
#3064=B_SPLINE_CURVE_WITH_KNOTS('',3,
(#3630,#3631,#3632,#3633,#3634,#3635,#3636,#3637,#3638,#3639,#3640,#3641,#3642,#3643,
#3644,#3645,#3646,#3647,#3648,#3649,#3650,#3651,#3652,#3653,#3654,#3655,#3656,#3657,
#3658,#3659,#3660,#3661,#3662,#3663,#3664,#3665,#3666,#3667,#3668,#3669,#3670,#3671,
#3672,#3673,#3674,#3675,#3676,#3677,#3678,#3679,#3680,#3681,#3682,#3683,#3684,#3685,
#3686,#3687,#3688,#3689,#3690,#3691,#3692,#3693,#3694,#3695,#3696,#3697,#3698,#3699,
#3700,#3701,#3702,#3703,#3704,#3705,#3706,#3707,#3708,#3709),
.UNSPECIFIED.,.F.,.F.,
(4,1,1,1,1,1,1,1,1,1,1,1,1,1,1,1,1,1,1,1,1,1,1,1,1,1,1,1,1,1,1,1,1,1,1,1,1,1,1,1,
1,1,1,1,1,1,1,1,1,1,1,1,1,1,1,1,1,1,1,1,1,1,1,1,1,1,1,1,1,1,1,1,1,1,1,1,1,4),
(0.,0.00450795795668031,0.00907709188771876,0.0134924792394627,0.0137074715022974,
0.0184628953813102,0.023280507893149,0.0300423324073157,0.0369921323048789,0.0441380306904998,
0.048131076121661,0.0498384354042904,0.055777904702455,0.0621418256455268,0.0686974496610095,
0.0757623321310341,0.0831311123825039,0.0909144226913912,0.0988093337837346,0.0988640034079275,
0.107225634312071,0.116023886643602,0.125515721714264,0.135311984839291,0.14597185374503,
0.157218218324233,0.159844238171893,0.169308899507992,0.18167769925712,0.194730228896522,
0.201624127126646,0.20821197050791,0.22240919129143,0.236845993549598,0.24109087044061,
0.251982830608393,0.267554612182575,0.28374409361991,0.300130559968996,0.317214136188993,
0.334813496399473,0.337599687229138,0.353281853249809,0.372118824636559,0.391870734882306,
0.412170509000271,0.433209576718826,0.454418900900207,0.454876630159228,0.476191850910866,
0.498358294722531,0.521125970450226,0.529645834314694,0.544116033616962,0.567507122410321,
0.578532730606817,0.59107476634883,0.614819743744156,0.63860247718447,0.651199232508368,
0.662441349476754,0.686303801724587,0.710185437706448,0.734080086019754,0.748698044162568,
0.766016883764701,0.798031981991769,0.830116099302139,0.846163340895372,0.854241085697848,
0.878399050139659,0.902430811045465,0.921483691021359,0.926097423964096,0.949966986774619,
0.973622810253907,0.974483356277825,1.),
.UNSPECIFIED.);
#3065=VERTEX_POINT('',#3710);
#3066=B_SPLINE_CURVE_WITH_KNOTS('',3,
(#3711,#3712,#3713,#3714,#3715,#3716,#3717,#3718,#3719,#3720,#3721,#3722,#3723,#3724,
#3725,#3726,#3727,#3728,#3729,#3730,#3731,#3732,#3733,#3734,#3735,#3736,#3737,#3738,
#3739,#3740,#3741,#3742,#3743,#3744,#3745,#3746,#3747,#3748,#3749,#3750,#3751,#3752,
#3753,#3754,#3755,#3756,#3757,#3758,#3759,#3760,#3761,#3762,#3763,#3764,#3765,#3766),
.UNSPECIFIED.,.F.,.F.,
(4,1,1,1,1,1,1,1,1,1,1,1,1,1,1,1,1,1,1,1,1,1,1,1,1,1,1,1,1,1,1,1,1,1,1,1,1,1,1,1,
1,1,1,1,1,1,1,1,1,1,1,1,1,4),
(0.,0.011418439537011,0.0303564704215382,0.034267405639686,0.0613313288329649,0.0645940687555768,
0.087596251649361,0.108645780011079,0.118803766208221,0.124668561966303,0.141014687832379,
0.16419413788043,0.188773102240894,0.21473264561242,0.215982181511419,0.236036101683648,
0.257789375208884,0.280243466432139,0.302952555840351,0.325680714473261,0.329290589865392,
0.348195314515159,0.377734003551065,0.406579754186568,0.407290363974124,0.436871596047662,
0.456908421228459,0.467189984411198,0.49791270332248,0.529093908780477,0.53156432676416,
0.552893550917598,0.576848743069628,0.609051673850733,0.631775287171794,0.641390252002733,
0.673861240176018,0.698389924208117,0.722964296175764,0.732025235880176,0.747666559152234,
0.772466808171991,0.797399671252969,0.822373784407641,0.831914587778548,0.847467391212856,
0.872648335122951,0.897856367846851,0.92283887073525,0.92696566797341,0.947913882757988,
0.973505416120294,0.985973190020795,1.),
.UNSPECIFIED.);
#3067=VERTEX_POINT('',#3767);
#3068=B_SPLINE_CURVE_WITH_KNOTS('',3,
(#3768,#3769,#3770,#3771,#3772,#3773,#3774,#3775,#3776,#3777,#3778,#3779,#3780,#3781,
#3782,#3783,#3784,#3785,#3786,#3787,#3788,#3789,#3790,#3791,#3792,#3793,#3794,#3795,
#3796,#3797,#3798,#3799,#3800,#3801,#3802,#3803,#3804,#3805,#3806,#3807,#3808,#3809,
#3810,#3811,#3812,#3813,#3814,#3815,#3816,#3817,#3818,#3819,#3820,#3821,#3822,#3823,
#3824,#3825,#3826,#3827,#3828,#3829),
.UNSPECIFIED.,.F.,.F.,
(4,1,1,1,1,1,1,1,1,1,1,1,1,1,1,1,1,1,1,1,1,1,1,1,1,1,1,1,1,1,1,1,1,1,1,1,1,1,1,1,
1,1,1,1,1,1,1,1,1,1,1,1,1,1,1,1,1,1,1,4),
(0.,0.00574931807027297,0.0104153652971287,0.0116877510281072,0.0140568358266399,
0.017754276523013,0.0239791103183661,0.0331572693642225,0.040872181466795,0.0434250865510169,
0.0523101442370886,0.0613473328977011,0.0702645552514356,0.0790885798064571,0.086262776156807,
0.0875093866379156,0.0938476692677012,0.102305863007446,0.111231528889238,0.121249203667734,
0.131860285825989,0.14321772529763,0.154728804073149,0.155473946051636,0.167119433515952,
0.180199856945354,0.194485578987167,0.209253354025367,0.225381536810414,0.227204681681821,
0.242388190521931,0.260613408375748,0.279185200304705,0.299108035987904,0.314335908759806,
0.320042835267549,0.34265819153819,0.365944432095573,0.399956031449419,0.435376137718991,
0.437149932102047,0.472207683057527,0.5013272054676,0.531386545319314,0.562972054030711,
0.575002933977544,0.595135990361709,0.62869825872266,0.663059735239607,0.698451657871255,
0.730044610772566,0.734055988805859,0.770385020488989,0.807224219424347,0.844876574959557,
0.882853064918773,0.907886839504759,0.921473092488168,0.96035881056288,1.),
.UNSPECIFIED.);
#3069=B_SPLINE_CURVE_WITH_KNOTS('',3,
(#3830,#3831,#3832,#3833,#3834,#3835,#3836,#3837,#3838,#3839,#3840,#3841,#3842,#3843,
#3844,#3845,#3846,#3847,#3848,#3849,#3850,#3851,#3852,#3853,#3854,#3855,#3856,#3857,
#3858,#3859,#3860,#3861,#3862,#3863,#3864,#3865,#3866,#3867,#3868,#3869,#3870,#3871,
#3872,#3873,#3874,#3875,#3876,#3877,#3878,#3879,#3880,#3881),
.UNSPECIFIED.,.F.,.F.,
(4,1,1,1,1,1,1,1,1,1,1,1,1,1,1,1,1,1,1,1,1,1,1,1,1,1,1,1,1,1,1,1,1,1,1,1,1,1,1,1,
1,1,1,1,1,1,1,1,1,4),
(0.,0.018096127679651,0.0368951600078613,0.0651403680985481,0.0655823043663049,0.084747031930753,
0.100974896552971,0.120792308440757,0.141068811504982,0.14247755854225,0.158682440759769,
0.173808559023635,0.189568893036597,0.206987611678572,0.2254480131734,0.245341496689123,
0.261497419022635,0.265612250938494,0.289958178397282,0.318003829470575,0.361521413463044,
0.418036961487247,0.432151249079303,0.472996798005598,0.5146579724025,0.541763512540074,
0.568840103041232,0.595841349814497,0.613672391899618,0.622784966583629,0.649505959534296,
0.676083929622112,0.702056056370616,0.727553649759058,0.752223544074331,0.752688154640942,
0.776545607407991,0.799898592759917,0.822639763016363,0.844488923549792,0.864842841162859,
0.86606216606444,0.886813965703036,0.907033338553507,0.926423758623452,0.945516175701332,
0.960158460814178,0.964006479258495,0.982168948949689,1.),
.UNSPECIFIED.);
#3070=VERTEX_POINT('',#3882);
#3071=VERTEX_POINT('',#3883);
#3072=LINE('',#3884,#3885);
#3073=VERTEX_POINT('',#3887);
#3074=LINE('',#3888,#3889);
#3075=VERTEX_POINT('',#3891);
#3076=LINE('',#3892,#3893);
#3077=VERTEX_POINT('',#3895);
#3078=LINE('',#3896,#3897);
#3079=VERTEX_POINT('',#3899);
#3080=LINE('',#3900,#3901);
#3081=LINE('',#3903,#3904);
#3082=VERTEX_POINT('',#3906);
#3083=VERTEX_POINT('',#3907);
#3084=CIRCLE('',#3908,1.);
#3085=VERTEX_POINT('',#3912);
#3086=B_SPLINE_CURVE_WITH_KNOTS('',3,
(#3913,#3914,#3915,#3916,#3917,#3918,#3919,#3920,#3921,#3922,#3923,#3924,#3925,#3926,
#3927,#3928,#3929,#3930,#3931,#3932,#3933,#3934,#3935,#3936,#3937,#3938,#3939,#3940,
#3941,#3942,#3943,#3944,#3945,#3946,#3947,#3948,#3949,#3950,#3951,#3952,#3953,#3954,
#3955,#3956,#3957,#3958,#3959,#3960,#3961),
.UNSPECIFIED.,.F.,.F.,
(4,1,1,1,1,1,1,1,1,1,1,1,1,1,1,1,1,1,1,1,1,1,1,1,1,1,1,1,1,1,1,1,1,1,1,1,1,1,1,1,
1,1,1,1,1,1,4),
(0.,0.0146814169338075,0.0297197079576595,0.0451013226901354,0.0544622818765059,
0.0610527262477797,0.0773039950888256,0.0942294290099527,0.111572747462429,0.129470407019354,
0.147510869085057,0.166167024065514,0.183526744453609,0.185256540973767,0.205079353580697,
0.225144015232759,0.24614241325829,0.267761508844939,0.290268566987443,0.313070347491977,
0.336819593706132,0.34760802330059,0.361244171143496,0.386737223843612,0.412641467784062,
0.439548004855158,0.467056552335518,0.495375601488119,0.52389493284295,0.526778539828047,
0.553072307089635,0.582713102656648,0.613069860551131,0.643677845152802,0.674878149280196,
0.695860125393032,0.706410609993015,0.738366468032762,0.770405702493757,0.802696424869587,
0.835159728363788,0.86788202681965,0.888481929754129,0.900696489867789,0.933700665515138,
0.966800339559385,1.),
.UNSPECIFIED.);
#3087=VERTEX_POINT('',#3962);
#3088=B_SPLINE_CURVE_WITH_KNOTS('',3,
(#3963,#3964,#3965,#3966,#3967,#3968,#3969,#3970,#3971,#3972,#3973,#3974,#3975,#3976,
#3977,#3978,#3979,#3980,#3981,#3982,#3983,#3984,#3985,#3986,#3987,#3988,#3989,#3990,
#3991,#3992,#3993,#3994,#3995,#3996,#3997,#3998,#3999,#4000,#4001,#4002,#4003,#4004,
#4005,#4006,#4007,#4008,#4009,#4010,#4011,#4012,#4013,#4014,#4015,#4016,#4017,#4018,
#4019,#4020,#4021,#4022),
.UNSPECIFIED.,.F.,.F.,
(4,1,1,1,1,1,1,1,1,1,1,1,1,1,1,1,1,1,1,1,1,1,1,1,1,1,1,1,1,1,1,1,1,1,1,1,1,1,1,1,
1,1,1,1,1,1,1,1,1,1,1,1,1,1,1,1,1,4),
(0.,0.0121564739196332,0.033907604760345,0.0425482419907993,0.0669535828446302,0.0931967489022137,
0.0932443877901978,0.112364364360057,0.125002448025183,0.137050700783374,0.148767403878186,
0.1575653187211,0.160739684192273,0.173729418599824,0.187481586234417,0.202500185312444,
0.218011355182698,0.234801612813052,0.252366795134377,0.253295065690236,0.271048737321395,
0.290051849852929,0.310145952230569,0.331022677701333,0.353178204369906,0.375824280927017,
0.399641507685756,0.410830755079958,0.424122758132429,0.449486611170264,0.475063118843955,
0.50112264591595,0.52745037101547,0.55408987299542,0.575602921792649,0.580778623262724,
0.607391823918549,0.633877241809663,0.66009983351099,0.686191028809809,0.711586206275907,
0.717791328170424,0.73642868151901,0.760308457863233,0.783772637616698,0.806187015192335,
0.827969530520674,0.848915313899446,0.851908503903634,0.869646771789695,0.889684581488836,
0.909242653890031,0.928063812975747,0.946627018954441,0.957542326252014,0.964679759839549,
0.982468976664887,1.),
.UNSPECIFIED.);
#3089=VERTEX_POINT('',#4023);
#3090=B_SPLINE_CURVE_WITH_KNOTS('',3,
(#4024,#4025,#4026,#4027,#4028,#4029,#4030,#4031,#4032,#4033,#4034,#4035,#4036,#4037,
#4038,#4039,#4040,#4041,#4042,#4043,#4044,#4045,#4046,#4047,#4048,#4049,#4050,#4051,
#4052,#4053,#4054,#4055,#4056,#4057,#4058,#4059,#4060,#4061,#4062,#4063,#4064,#4065,
#4066,#4067,#4068,#4069,#4070,#4071,#4072,#4073,#4074,#4075,#4076,#4077,#4078,#4079,
#4080,#4081,#4082,#4083,#4084,#4085),
.UNSPECIFIED.,.F.,.F.,
(4,1,1,1,1,1,1,1,1,1,1,1,1,1,1,1,1,1,1,1,1,1,1,1,1,1,1,1,1,1,1,1,1,1,1,1,1,1,1,1,
1,1,1,1,1,1,1,1,1,1,1,1,1,1,1,1,1,1,1,4),
(0.,0.0127738175655697,0.0316283614479921,0.0437936370707893,0.0599117908026431,
0.0826271876706822,0.0833470054468855,0.100602363817358,0.113371989741481,0.127226703628025,
0.139617589560103,0.141688968738109,0.156702818766838,0.168958445582257,0.181957798710129,
0.196248608417355,0.211096607529441,0.227317261119202,0.230417360461449,0.244364753667332,
0.262538859971808,0.281000711869963,0.30039032301974,0.311851453189346,0.320408238239445,
0.341440457775939,0.362855108378181,0.385055378416659,0.3918708014348,0.40766676676509,
0.4307170740526,0.453787110299616,0.477030007503327,0.497819838445944,0.500446131174633,
0.524147493228362,0.547966584619046,0.572016690498538,0.596185574746004,0.603734273864527,
0.620497805424744,0.64485446305793,0.669273693586065,0.693710309939762,0.698742677072311,
0.718112008362266,0.742463813644,0.766633968819197,0.790666928275231,0.809113716810782,
0.814506840729297,0.838276275422734,0.861819537015106,0.885207092392123,0.908361721503666,
0.931437501034164,0.938688901768806,0.954361280033113,0.977232918707868,1.),
.UNSPECIFIED.);
#3091=VERTEX_POINT('',#4086);
#3092=B_SPLINE_CURVE_WITH_KNOTS('',3,
(#4087,#4088,#4089,#4090,#4091,#4092,#4093,#4094,#4095,#4096,#4097,#4098,#4099,#4100,
#4101,#4102,#4103,#4104,#4105,#4106,#4107,#4108,#4109,#4110,#4111,#4112,#4113,#4114,
#4115,#4116,#4117,#4118,#4119,#4120,#4121,#4122,#4123,#4124,#4125,#4126,#4127,#4128,
#4129,#4130,#4131,#4132,#4133,#4134,#4135,#4136,#4137,#4138,#4139),
.UNSPECIFIED.,.F.,.F.,
(4,1,1,1,1,1,1,1,1,1,1,1,1,1,1,1,1,1,1,1,1,1,1,1,1,1,1,1,1,1,1,1,1,1,1,1,1,1,1,1,
1,1,1,1,1,1,1,1,1,1,4),
(0.,0.0145448608586708,0.0305855453614717,0.051946023277586,0.0596613734188301,0.0823154277406485,
0.0985779284303905,0.109684585931122,0.1101187473185,0.120555754836433,0.131664504052487,
0.143255032582165,0.156122034585385,0.169555096981073,0.169783702892843,0.184539185807575,
0.199589787496717,0.215752282388038,0.232727665554874,0.251062832095409,0.258888452710298,
0.269935682235537,0.290088883199561,0.310984343462954,0.332822325489601,0.3548693013444,
0.391613059357388,0.401142842997955,0.444012617712974,0.501138136433569,0.540546297634141,
0.548450885048932,0.582231632739932,0.613498834706637,0.642432674630428,0.665463610424864,
0.671562510547179,0.701065963863532,0.730740819613449,0.760671748980922,0.779948671184907,
0.790654558670437,0.820625112544252,0.850475729794566,0.880297309794738,0.883058953639213,
0.910345231430832,0.94046889058344,0.967406690844567,0.970439160055744,1.),
.UNSPECIFIED.);
#3093=VERTEX_POINT('',#4140);
#3094=B_SPLINE_CURVE_WITH_KNOTS('',3,
(#4141,#4142,#4143,#4144,#4145,#4146,#4147,#4148,#4149,#4150,#4151,#4152,#4153,#4154,
#4155,#4156,#4157,#4158,#4159,#4160,#4161,#4162,#4163,#4164,#4165,#4166,#4167,#4168,
#4169,#4170,#4171,#4172,#4173,#4174,#4175,#4176,#4177,#4178,#4179,#4180,#4181,#4182,
#4183,#4184,#4185,#4186,#4187,#4188,#4189,#4190,#4191,#4192,#4193,#4194,#4195,#4196,
#4197,#4198),
.UNSPECIFIED.,.F.,.F.,
(4,1,1,1,1,1,1,1,1,1,1,1,1,1,1,1,1,1,1,1,1,1,1,1,1,1,1,1,1,1,1,1,1,1,1,1,1,1,1,1,
1,1,1,1,1,1,1,1,1,1,1,1,1,1,1,4),
(0.,0.0112680954031658,0.0221174608353589,0.0389493322709215,0.0402376070216494,
0.0504955186576063,0.0598618744246921,0.0689540643223053,0.0777581684998138,0.0825364547714596,
0.085028101571957,0.0927789922030933,0.101334462379646,0.11021669781574,0.119985822825708,
0.130298317342847,0.141332280864287,0.142868162436688,0.152592210331308,0.16482162183642,
0.177812680161788,0.192079242110044,0.206859704159434,0.222140639680129,0.228878970456511,
0.251995714501615,0.276199377957926,0.295790713920131,0.316388506412453,0.328513899143861,
0.338679569449199,0.361663124207249,0.386392082362243,0.412170195062664,0.439387919467497,
0.447507882220884,0.466999380826213,0.496012596484052,0.526025889194739,0.557656543323834,
0.579332809150925,0.589884189242749,0.623596575133134,0.658177937191029,0.693894259186171,
0.729868675894332,0.730616705870784,0.766653670470609,0.803979321112535,0.842183399020173,
0.880741887046859,0.902607775403127,0.920039049901171,0.959790427374491,0.999753874291548,
1.),
.UNSPECIFIED.);
#3095=VERTEX_POINT('',#4199);
#3096=B_SPLINE_CURVE_WITH_KNOTS('',3,
(#4200,#4201,#4202,#4203,#4204,#4205,#4206,#4207,#4208,#4209,#4210,#4211,#4212,#4213,
#4214,#4215,#4216,#4217,#4218,#4219,#4220,#4221,#4222,#4223,#4224,#4225,#4226,#4227,
#4228,#4229,#4230,#4231,#4232,#4233,#4234,#4235,#4236,#4237,#4238,#4239,#4240,#4241,
#4242,#4243,#4244,#4245,#4246,#4247,#4248,#4249,#4250,#4251,#4252,#4253,#4254,#4255,
#4256,#4257,#4258,#4259,#4260,#4261,#4262,#4263,#4264),
.UNSPECIFIED.,.F.,.F.,
(4,1,1,1,1,1,1,1,1,1,1,1,1,1,1,1,1,1,1,1,1,1,1,1,1,1,1,1,1,1,1,1,1,1,1,1,1,1,1,1,
1,1,1,1,1,1,1,1,1,1,1,1,1,1,1,1,1,1,1,1,1,1,4),
(0.,0.0138718899998741,0.028737919079146,0.04953883667287,0.0518174044573553,0.0692410267222494,
0.080610255970477,0.0913954628923802,0.101312507318419,0.10501901034966,0.110940466718472,
0.120648031407487,0.130725739020171,0.141801300310977,0.153507807881144,0.166063918686915,
0.178835712159895,0.182179729556266,0.192405472814638,0.206574225430569,0.22173160210931,
0.237267944749313,0.253652788744403,0.27052183822019,0.287992259867839,0.295121345764124,
0.305578881870643,0.32366834170247,0.342136975733598,0.361252864751227,0.380639055017028,
0.400732917348777,0.419520280779924,0.421260686927422,0.449501501923332,0.478165037464801,
0.507246248770162,0.515544081849483,0.529628383934931,0.552192774956298,0.575050568171189,
0.598034056244079,0.620889154638338,0.621108783230799,0.64413313727394,0.667115461559648,
0.690126717364634,0.713234534773793,0.736406118493842,0.736638979032052,0.759736480723695,
0.783161615642181,0.806737264840665,0.83038251685192,0.839849930457194,0.862302249907279,
0.894434642775402,0.926750745902338,0.94300706804747,0.951113812522609,0.975552765342161,
0.997280463133723,1.),
.UNSPECIFIED.);
#3097=VERTEX_POINT('',#4265);
#3098=B_SPLINE_CURVE_WITH_KNOTS('',3,
(#4266,#4267,#4268,#4269,#4270,#4271,#4272,#4273,#4274,#4275,#4276,#4277,#4278,#4279,
#4280,#4281,#4282,#4283,#4284,#4285,#4286,#4287,#4288,#4289,#4290,#4291,#4292,#4293,
#4294,#4295,#4296,#4297,#4298,#4299,#4300,#4301,#4302,#4303,#4304,#4305,#4306,#4307,
#4308,#4309,#4310,#4311,#4312,#4313,#4314,#4315,#4316,#4317,#4318,#4319,#4320),
.UNSPECIFIED.,.F.,.F.,
(4,1,1,1,1,1,1,1,1,1,1,1,1,1,1,1,1,1,1,1,1,1,1,1,1,1,1,1,1,1,1,1,1,1,1,1,1,1,1,1,
1,1,1,1,1,1,1,1,1,1,1,1,4),
(0.,0.0103858972637731,0.0269504105686944,0.0363531250920505,0.0512246709544992,
0.0697588198226866,0.0761843386259982,0.0838861341898755,0.099083536333278,0.114799835393817,
0.131077220811782,0.136157275742364,0.143331306138395,0.155185188570146,0.167141128279556,
0.179604402722218,0.19342088292072,0.197151785729089,0.208095846440476,0.22395279502228,
0.240148362260183,0.246217592129895,0.257623275305759,0.27602891554854,0.295941353853683,
0.31641129992396,0.327858684868733,0.346238127985936,0.377242885694285,0.40940806646837,
0.413302991408115,0.434473640009663,0.460061376451285,0.486461793692587,0.495412059356528,
0.513169178590687,0.543595882911366,0.57743720602637,0.604929941089566,0.626715982155756,
0.675615972427772,0.723877031070144,0.724176556020573,0.756805716900011,0.785901076153838,
0.811243662259375,0.836377228208173,0.863403523714832,0.878142453203754,0.892532055581503,
0.938773579923809,0.984175752253411,1.),
.UNSPECIFIED.);
#3099=VERTEX_POINT('',#4321);
#3100=B_SPLINE_CURVE_WITH_KNOTS('',3,
(#4322,#4323,#4324,#4325,#4326,#4327,#4328,#4329,#4330,#4331,#4332,#4333,#4334,#4335,
#4336,#4337,#4338,#4339,#4340,#4341,#4342,#4343,#4344),
.UNSPECIFIED.,.F.,.F.,
(4,1,1,1,1,1,1,1,1,1,1,1,1,1,1,1,1,1,1,1,4),
(0.,0.0620913618579105,0.124522744242403,0.187266992138422,0.192243978649078,0.250404683324569,
0.31376333710614,0.377321502252376,0.440945409998935,0.504497156708591,0.506693711126845,
0.567954052668377,0.631015499172059,0.693730005028987,0.747517008590357,0.755859856142959,
0.81764138718913,0.878838313403276,0.9337632908056,0.939634872332899,1.),
.UNSPECIFIED.);
#3101=VERTEX_POINT('',#4345);
#3102=CIRCLE('',#4346,1.);
#3103=VERTEX_POINT('',#4350);
#3104=LINE('',#4351,#4352);
#3105=VERTEX_POINT('',#4354);
#3106=CIRCLE('',#4355,0.999999999999999);
#3107=VERTEX_POINT('',#4359);
#3108=B_SPLINE_CURVE_WITH_KNOTS('',3,
(#4360,#4361,#4362,#4363,#4364,#4365,#4366,#4367,#4368,#4369,#4370,#4371,#4372,#4373,
#4374,#4375,#4376,#4377,#4378,#4379,#4380,#4381,#4382,#4383,#4384,#4385,#4386,#4387,
#4388,#4389,#4390,#4391,#4392,#4393,#4394,#4395,#4396,#4397,#4398,#4399,#4400,#4401,
#4402,#4403,#4404,#4405,#4406,#4407,#4408,#4409,#4410,#4411,#4412,#4413,#4414,#4415,
#4416,#4417,#4418),
.UNSPECIFIED.,.F.,.F.,
(4,1,1,1,1,1,1,1,1,1,1,1,1,1,1,1,1,1,1,1,1,1,1,1,1,1,1,1,1,1,1,1,1,1,1,1,1,1,1,1,
1,1,1,1,1,1,1,1,1,1,1,1,1,1,1,1,4),
(0.,0.0120425766241579,0.0241002815480168,0.0361738315921909,0.0482706778291182,
0.0483210010587797,0.0603801909768761,0.072507483438661,0.0846448239779404,0.0967935381410229,
0.108942954487797,0.121171565697254,0.133478675250028,0.145125453555267,0.145940181774692,
0.158468542101553,0.1712189513581,0.184118271003045,0.197253157883643,0.210472609300542,
0.224042067378185,0.237881412084581,0.242286407766008,0.252179289940842,0.266671888552322,
0.281651598185774,0.296934094351341,0.312640673450726,0.328442960264848,0.344974616920579,
0.362129894656243,0.380435212666954,0.389173473883562,0.399240464785569,0.419562458173564,
0.440888117270376,0.463711736119841,0.487037644344238,0.512209389804284,0.53873574126952,
0.546524696521393,0.56748732942003,0.597123190753268,0.628948507690381,0.658609019893651,
0.662108221507131,0.696979297277393,0.732250633645669,0.768631545970443,0.805700564209417,
0.815304079249939,0.843773996764914,0.88213491106179,0.921122117635758,0.959702842310879,
0.96041527799559,1.),
.UNSPECIFIED.);
#3109=VERTEX_POINT('',#4419);
#3110=B_SPLINE_CURVE_WITH_KNOTS('',3,
(#4420,#4421,#4422,#4423,#4424,#4425,#4426,#4427,#4428,#4429,#4430,#4431,#4432,#4433,
#4434,#4435,#4436,#4437,#4438,#4439,#4440,#4441,#4442,#4443,#4444,#4445,#4446,#4447,
#4448,#4449,#4450,#4451,#4452,#4453,#4454,#4455,#4456,#4457,#4458,#4459,#4460,#4461,
#4462,#4463,#4464,#4465,#4466,#4467,#4468,#4469,#4470),
.UNSPECIFIED.,.F.,.F.,
(4,1,1,1,1,1,1,1,1,1,1,1,1,1,1,1,1,1,1,1,1,1,1,1,1,1,1,1,1,1,1,1,1,1,1,1,1,1,1,1,
1,1,1,1,1,1,1,1,4),
(0.,0.00964025270619175,0.0312617797321744,0.034702870923641,0.0637367007175124,
0.0751868400052149,0.0959466241454109,0.121874216018711,0.130526723403931,0.142049244816366,
0.164214825075678,0.187286211108409,0.211228497829608,0.213915867371658,0.229157794420643,
0.246324859040206,0.263109036501279,0.280274127348094,0.298377037319043,0.317033901880624,
0.336450792706825,0.339466653032913,0.356082377199855,0.376515228248517,0.39755411047497,
0.41962184235883,0.442119197192013,0.446152121847151,0.465771482534114,0.490141210203095,
0.515502056600328,0.53142079978562,0.541127446591045,0.567686870138705,0.594910665121804,
0.623204524065533,0.651944438461784,0.659771379609474,0.691955088043624,0.743052412422967,
0.795123019046242,0.799933194872212,0.837357602728906,0.86955332165187,0.901863583979184,
0.925672492003801,0.945383045880867,0.994195368172118,1.),
.UNSPECIFIED.);
#3111=VERTEX_POINT('',#4471);
#3112=B_SPLINE_CURVE_WITH_KNOTS('',3,
(#4472,#4473,#4474,#4475,#4476,#4477,#4478,#4479,#4480,#4481,#4482,#4483,#4484,#4485,
#4486,#4487,#4488,#4489,#4490,#4491,#4492,#4493,#4494,#4495,#4496,#4497,#4498,#4499,
#4500,#4501,#4502,#4503,#4504,#4505,#4506,#4507,#4508,#4509,#4510,#4511,#4512,#4513,
#4514,#4515,#4516,#4517,#4518,#4519,#4520,#4521,#4522,#4523,#4524,#4525,#4526,#4527,
#4528,#4529,#4530,#4531,#4532,#4533,#4534,#4535,#4536,#4537,#4538,#4539,#4540,#4541,
#4542,#4543,#4544,#4545,#4546,#4547,#4548),
.UNSPECIFIED.,.F.,.F.,
(4,1,1,1,1,1,1,1,1,1,1,1,1,1,1,1,1,1,1,1,1,1,1,1,1,1,1,1,1,1,1,1,1,1,1,1,1,1,1,1,
1,1,1,1,1,1,1,1,1,1,1,1,1,1,1,1,1,1,1,1,1,1,1,1,1,1,1,1,1,1,1,1,1,1,4),
(0.,0.00425390557332216,0.00856674305651767,0.0129385175776579,0.0145590168362872,
0.0174298161390649,0.0219799505680673,0.0283693372878581,0.0349404342424633,0.0416971185440684,
0.0470863847029608,0.050914527980445,0.052702112005595,0.0587145448047262,0.0649007858094701,
0.071556075606595,0.0784981730739356,0.0858333359866695,0.0932736280741862,0.10119548850514,
0.104299576120083,0.109471144262759,0.11835287832628,0.127491163568521,0.137360157470433,
0.147711593082339,0.158758444643568,0.161959903606771,0.170013358132553,0.18201143850353,
0.194565506525938,0.198103862413188,0.2080773014404,0.221969622302712,0.236935350689977,
0.237363495226088,0.252576960737072,0.269186571143277,0.286092749616144,0.304059801961785,
0.322806513049475,0.330623629860439,0.342817985661518,0.363330745308667,0.38500785648455,
0.407343538024017,0.420180069675027,0.430532464744621,0.453890279930346,0.477793708560181,
0.495672272139975,0.502057279360679,0.52686821615444,0.551847214934959,0.570934793228372,
0.577147654703359,0.602579949134821,0.636697636204846,0.646644661845228,0.673290026965662,
0.712332586017962,0.747631692316861,0.755565638458914,0.798129140056079,0.840026784892534,
0.847319127465633,0.867953936467718,0.892894395158807,0.914580962380977,0.935938500685237,
0.937398276237471,0.957092942880034,0.978399565508999,0.98915680114749,1.),
.UNSPECIFIED.);
#3113=VERTEX_POINT('',#4549);
#3114=B_SPLINE_CURVE_WITH_KNOTS('',3,
(#4550,#4551,#4552,#4553,#4554,#4555,#4556,#4557,#4558,#4559,#4560,#4561,#4562,#4563,
#4564,#4565,#4566,#4567,#4568,#4569,#4570,#4571,#4572,#4573,#4574,#4575,#4576,#4577,
#4578,#4579,#4580,#4581,#4582,#4583,#4584,#4585,#4586,#4587,#4588,#4589,#4590,#4591,
#4592,#4593,#4594,#4595,#4596,#4597,#4598,#4599,#4600,#4601,#4602,#4603),
.UNSPECIFIED.,.F.,.F.,
(4,1,1,1,1,1,1,1,1,1,1,1,1,1,1,1,1,1,1,1,1,1,1,1,1,1,1,1,1,1,1,1,1,1,1,1,1,1,1,1,
1,1,1,1,1,1,1,1,1,1,1,4),
(0.,0.0184911843711895,0.0377194032527016,0.0647112881452536,0.0666186876549436,
0.0866959695608658,0.103360382457154,0.123751723596744,0.136356795252072,0.144560356581033,
0.16254864442022,0.177776874367466,0.19355742998538,0.210753030362881,0.228827215488148,
0.248085414606477,0.257512005905862,0.267631520647029,0.288208931127869,0.309528976348756,
0.332074381200741,0.355085798110421,0.387771238477681,0.421364487119716,0.441721768566261,
0.45586741889242,0.491273133389669,0.536026448153323,0.581015009851383,0.616993741419132,
0.625219761567842,0.643682618853923,0.670203829012562,0.696068311577313,0.721437389193134,
0.745985023486963,0.751028004560393,0.770217953142458,0.793587099745825,0.816425372446374,
0.838525683180589,0.844660337569881,0.860414616922922,0.881682784964697,0.902534755261227,
0.922713205983313,0.930709682650036,0.942625873951114,0.962002181022349,0.980968312953001,
0.986026690020338,1.),
.UNSPECIFIED.);
#3115=VERTEX_POINT('',#4604);
#3116=B_SPLINE_CURVE_WITH_KNOTS('',3,
(#4605,#4606,#4607,#4608,#4609,#4610,#4611,#4612,#4613,#4614,#4615,#4616,#4617,#4618,
#4619,#4620,#4621,#4622,#4623,#4624,#4625,#4626,#4627,#4628,#4629,#4630,#4631,#4632,
#4633,#4634,#4635,#4636,#4637,#4638,#4639,#4640,#4641,#4642,#4643,#4644,#4645,#4646,
#4647,#4648,#4649,#4650,#4651,#4652,#4653,#4654,#4655,#4656,#4657,#4658,#4659,#4660,
#4661,#4662,#4663,#4664,#4665,#4666),
.UNSPECIFIED.,.F.,.F.,
(4,1,1,1,1,1,1,1,1,1,1,1,1,1,1,1,1,1,1,1,1,1,1,1,1,1,1,1,1,1,1,1,1,1,1,1,1,1,1,1,
1,1,1,1,1,1,1,1,1,1,1,1,1,1,1,1,1,1,1,4),
(0.,0.00581688420177382,0.0105439627274216,0.0116651407160788,0.0142407441539239,
0.0179980793672827,0.0219377204334765,0.0260011642941977,0.0302527892440913,0.0345613948261821,
0.0391574142037271,0.0402023184111406,0.0439833655088026,0.0511094623651743,0.0587316611138696,
0.0668408692481383,0.0735237672165044,0.0803142375352573,0.0821078507917872,0.0877208468532658,
0.0956034173537319,0.104248544538886,0.113193085534497,0.123006436694887,0.133377943199773,
0.13844831930496,0.14457122820288,0.156013279354796,0.17024567672607,0.187029173215396,
0.209955585457953,0.21435423630037,0.243212574047076,0.27360292137144,0.292523540869271,
0.299414630645268,0.327100537768106,0.357729209576079,0.389422471076134,0.393125785955042,
0.423272125269351,0.458205402922126,0.492496206349238,0.520047198100468,0.525070610878148,
0.556593078290078,0.588770588049922,0.622494291772132,0.657105228926457,0.684057882728367,
0.692885863178639,0.728942348643678,0.765858230778644,0.803334780201208,0.841703177107215,
0.880412394559406,0.889439344309018,0.919840242338888,0.959696201015909,1.),
.UNSPECIFIED.);
#3117=VERTEX_POINT('',#4667);
#3118=B_SPLINE_CURVE_WITH_KNOTS('',3,
(#4668,#4669,#4670,#4671,#4672,#4673,#4674,#4675,#4676,#4677,#4678,#4679,#4680,#4681,
#4682,#4683,#4684,#4685,#4686,#4687,#4688,#4689,#4690,#4691,#4692,#4693,#4694,#4695,
#4696,#4697,#4698,#4699,#4700,#4701,#4702,#4703,#4704,#4705,#4706,#4707,#4708,#4709,
#4710,#4711,#4712,#4713,#4714,#4715,#4716,#4717,#4718,#4719,#4720,#4721,#4722,#4723,
#4724,#4725,#4726,#4727,#4728,#4729,#4730,#4731,#4732,#4733,#4734,#4735,#4736,#4737,
#4738,#4739,#4740,#4741,#4742,#4743),
.UNSPECIFIED.,.F.,.F.,
(4,1,1,1,1,1,1,1,1,1,1,1,1,1,1,1,1,1,1,1,1,1,1,1,1,1,1,1,1,1,1,1,1,1,1,1,1,1,1,1,
1,1,1,1,1,1,1,1,1,1,1,1,1,1,1,1,1,1,1,1,1,1,1,1,1,1,1,1,1,1,1,1,1,4),
(0.,0.00444910748311868,0.00896014802787604,0.0135330468116267,0.0152303255963266,
0.0182316569580868,0.0229928260582039,0.0296793276684036,0.0365538920224089,0.0436227779160547,
0.0492616655559451,0.0532669849206417,0.0551380192775761,0.0614289328967623,0.0679003705820494,
0.0748586761279969,0.0821169739411497,0.0897856902358605,0.0975644215051701,0.107074841323703,
0.109112807108848,0.118175077835474,0.136068023920375,0.155006031843443,0.175078976478935,
0.179011175061239,0.190314016456583,0.204887512600089,0.219198792003612,0.233881064153304,
0.245340181041661,0.249585249989553,0.265922802478886,0.283130685661145,0.300586973386556,
0.318975597100782,0.333319983225444,0.338061045041122,0.358273655963872,0.37893162675063,
0.400643007937947,0.42296081897705,0.446054208200719,0.452418186714513,0.469288500740264,
0.492995733642252,0.517013322630935,0.537704940237645,0.541476693447991,0.566074327637443,
0.590856658193889,0.61233257737676,0.615677778690924,0.64880111898172,0.681668173978277,
0.686778325886638,0.7142579480341,0.738125572389052,0.761655532649973,0.761780916831641,
0.784929113495446,0.807770435556938,0.830165059406161,0.852433125046577,0.861462440852321,
0.874277499943218,0.895839252245158,0.916852026633924,0.93448578117071,0.937545736591822,
0.958102004302658,0.978660007393555,0.978869121793786,1.),
.UNSPECIFIED.);
#3119=VERTEX_POINT('',#4744);
#3120=B_SPLINE_CURVE_WITH_KNOTS('',3,
(#4745,#4746,#4747,#4748,#4749,#4750,#4751,#4752,#4753,#4754,#4755,#4756,#4757,#4758,
#4759,#4760,#4761,#4762,#4763,#4764,#4765,#4766,#4767,#4768,#4769,#4770,#4771,#4772,
#4773,#4774,#4775,#4776,#4777,#4778,#4779,#4780,#4781,#4782,#4783,#4784,#4785,#4786,
#4787,#4788,#4789,#4790,#4791,#4792,#4793,#4794,#4795,#4796,#4797,#4798,#4799,#4800,
#4801,#4802,#4803,#4804,#4805,#4806,#4807),
.UNSPECIFIED.,.F.,.F.,
(4,1,1,1,1,1,1,1,1,1,1,1,1,1,1,1,1,1,1,1,1,1,1,1,1,1,1,1,1,1,1,1,1,1,1,1,1,1,1,1,
1,1,1,1,1,1,1,1,1,1,1,1,1,1,1,1,1,1,1,1,4),
(0.,0.0107848904980805,0.0277351762753737,0.0377364578266852,0.0525840746545901,
0.0704100655621063,0.0809180739684643,0.0826648304987572,0.0908076507370655,0.099000392319651,
0.107430583340401,0.116040691247499,0.124974698384426,0.134035327882573,0.143627156379683,
0.147466481314549,0.153633527165752,0.164375662808526,0.175446665522112,0.187229675563553,
0.199382321910588,0.212011361273917,0.224746154935385,0.237902046039262,0.238092145984177,
0.251946214207587,0.266686789302246,0.281805852636871,0.303849691638363,0.326885614827726,
0.341185644784997,0.350902270886031,0.370141335875966,0.390188396942457,0.411550808305191,
0.433408803309132,0.456565668657904,0.468440046224988,0.480517376296883,0.513990783473223,
0.548426233108548,0.577529344688513,0.583863992544151,0.612043745675014,0.640705539695392,
0.642932083143962,0.670539452025901,0.701041445039419,0.73248320006285,0.734912743248764,
0.764203259539822,0.796674895977117,0.829662622815576,0.857692954245599,0.863280999093596,
0.897017986349341,0.93086410623002,0.949821372783273,0.964973290653436,0.990508838727196,
1.),
.UNSPECIFIED.);
#3121=VERTEX_POINT('',#4808);
#3122=B_SPLINE_CURVE_WITH_KNOTS('',3,
(#4809,#4810,#4811,#4812,#4813,#4814,#4815,#4816,#4817,#4818,#4819,#4820,#4821,#4822,
#4823,#4824,#4825,#4826,#4827,#4828,#4829,#4830,#4831,#4832,#4833,#4834,#4835,#4836,
#4837,#4838,#4839,#4840,#4841,#4842,#4843,#4844,#4845,#4846,#4847,#4848),
.UNSPECIFIED.,.F.,.F.,
(4,1,1,1,1,1,1,1,1,1,1,1,1,1,1,1,1,1,1,1,1,1,1,1,1,1,1,1,1,1,1,1,1,1,1,1,1,4),
(0.,0.0417797021511627,0.0832438090580106,0.124424107439115,0.161188000721189,0.165128842240946,
0.205606498710841,0.245544162697613,0.285145267886538,0.324241451386532,0.363191089004778,
0.401352889205738,0.418131821688373,0.438880289007618,0.475284471252716,0.511199108032148,
0.545789800454345,0.579554048071553,0.601748300195932,0.612176926075727,0.644498111042497,
0.675502600018983,0.705502253267109,0.733815132399368,0.761440082236164,0.776500498862882,
0.787301076328771,0.812081871271257,0.835218745372812,0.857744140716133,0.87913601567189,
0.899919932142782,0.919985145308991,0.930736018268581,0.940004674542801,0.95989647905678,
0.979884052743992,1.),
.UNSPECIFIED.);
#3123=VERTEX_POINT('',#4849);
#3124=CIRCLE('',#4850,1.);
#3125=LINE('',#4854,#4855);
#3126=VERTEX_POINT('',#4857);
#3127=VERTEX_POINT('',#4858);
#3128=CIRCLE('',#4859,1.);
#3129=VERTEX_POINT('',#4863);
#3130=LINE('',#4864,#4865);
#3131=VERTEX_POINT('',#4867);
#3132=CIRCLE('',#4868,1.);
#3133=VERTEX_POINT('',#4872);
#3134=LINE('',#4873,#4874);
#3135=VERTEX_POINT('',#4876);
#3136=CIRCLE('',#4877,1.);
#3137=VERTEX_POINT('',#4881);
#3138=LINE('',#4882,#4883);
#3139=VERTEX_POINT('',#4885);
#3140=CIRCLE('',#4886,1.);
#3141=VERTEX_POINT('',#4890);
#3142=LINE('',#4891,#4892);
#3143=VERTEX_POINT('',#4894);
#3144=B_SPLINE_CURVE_WITH_KNOTS('',3,
(#4895,#4896,#4897,#4898,#4899,#4900,#4901,#4902,#4903,#4904,#4905,#4906,#4907,#4908,
#4909,#4910,#4911,#4912,#4913,#4914,#4915,#4916,#4917,#4918,#4919,#4920,#4921,#4922,
#4923,#4924,#4925,#4926,#4927,#4928,#4929,#4930,#4931,#4932,#4933,#4934,#4935,#4936,
#4937,#4938,#4939,#4940,#4941,#4942,#4943,#4944,#4945),
.UNSPECIFIED.,.F.,.F.,
(4,1,1,1,1,1,1,1,1,1,1,1,1,1,1,1,1,1,1,1,1,1,1,1,1,1,1,1,1,1,1,1,1,1,1,1,1,1,1,1,
1,1,1,1,1,1,1,1,4),
(0.,0.00934075246233132,0.0247973595025879,0.0336288934328077,0.0469810023765646,
0.0637591635987432,0.0728691218687591,0.0764417930729277,0.092177855562312,0.115111068124929,
0.135022913055458,0.139713551310521,0.160116445994985,0.174571478392211,0.188649548899992,
0.202618755751543,0.216855199161281,0.230156519251446,0.232350746672726,0.248855230416959,
0.267033117607204,0.285830190248356,0.314167707610027,0.344277098378736,0.376140104296267,
0.393040758679917,0.401690253484123,0.428112885354064,0.455791948489349,0.48385511254051,
0.512654626463098,0.541784284767339,0.571228642800044,0.600678652573702,0.604395331173577,
0.632940131251258,0.668035755855965,0.717859530318302,0.766941461924542,0.802952351478736,
0.815242756161974,0.847704525472197,0.876944598745075,0.90257518049301,0.92789492123366,
0.948490740518525,0.952496014781582,0.976554082608039,1.),
.UNSPECIFIED.);
#3145=VERTEX_POINT('',#4946);
#3146=B_SPLINE_CURVE_WITH_KNOTS('',3,
(#4947,#4948,#4949,#4950,#4951,#4952,#4953,#4954,#4955,#4956,#4957,#4958,#4959,#4960,
#4961,#4962,#4963,#4964,#4965,#4966,#4967,#4968,#4969,#4970,#4971,#4972,#4973,#4974,
#4975,#4976,#4977,#4978,#4979,#4980,#4981,#4982,#4983,#4984,#4985,#4986,#4987,#4988,
#4989,#4990,#4991,#4992,#4993,#4994,#4995,#4996,#4997,#4998,#4999,#5000,#5001,#5002,
#5003,#5004,#5005,#5006,#5007),
.UNSPECIFIED.,.F.,.F.,
(4,1,1,1,1,1,1,1,1,1,1,1,1,1,1,1,1,1,1,1,1,1,1,1,1,1,1,1,1,1,1,1,1,1,1,1,1,1,1,1,
1,1,1,1,1,1,1,1,1,1,1,1,1,1,1,1,1,1,4),
(0.,0.00937568509260226,0.0248876122923454,0.0337519904027543,0.0471529571067739,
0.0631220880048962,0.0731423955836507,0.0741076052190666,0.0814992362940025,0.0889754641040626,
0.0995663505683912,0.110563352514182,0.121964664870008,0.131323260470767,0.135465497540763,
0.141265162377428,0.152197072473947,0.163538792648605,0.175967495858805,0.189078552581954,
0.203123141617248,0.217399907295677,0.230794121013613,0.232634617642307,0.24858451060912,
0.265724907008742,0.283342094865251,0.302210752118601,0.321850554824191,0.342478097904079,
0.363353226314318,0.3851103057403,0.38601182892567,0.407489366284442,0.430850060571074,
0.454552572783073,0.479207864589428,0.50443928011263,0.530488136781151,0.542578865005447,
0.556806636704686,0.583865233738791,0.611423915161324,0.639738732811129,0.644837964367156,
0.668319445153101,0.697468816514262,0.726909212709004,0.756691715513699,0.774603312654321,
0.786535705026222,0.826762048932474,0.867232603101871,0.906386587612695,0.907918155673496,
0.938584224720873,0.969284130722854,0.975831803843172,1.),
.UNSPECIFIED.);
#3147=VERTEX_POINT('',#5008);
#3148=B_SPLINE_CURVE_WITH_KNOTS('',3,
(#5009,#5010,#5011,#5012,#5013,#5014,#5015,#5016,#5017,#5018,#5019,#5020,#5021,#5022,
#5023,#5024,#5025,#5026,#5027,#5028,#5029,#5030,#5031,#5032,#5033,#5034,#5035,#5036,
#5037,#5038,#5039,#5040,#5041,#5042,#5043,#5044,#5045,#5046,#5047,#5048,#5049,#5050,
#5051,#5052,#5053,#5054,#5055,#5056,#5057,#5058,#5059,#5060,#5061,#5062,#5063,#5064,
#5065,#5066,#5067,#5068,#5069),
.UNSPECIFIED.,.F.,.F.,
(4,1,1,1,1,1,1,1,1,1,1,1,1,1,1,1,1,1,1,1,1,1,1,1,1,1,1,1,1,1,1,1,1,1,1,1,1,1,1,1,
1,1,1,1,1,1,1,1,1,1,1,1,1,1,1,1,1,1,4),
(0.,0.0136045696252307,0.0335400722101897,0.0466430611150224,0.0634459054210815,
0.0848298835618426,0.0908891372596124,0.0994929708324248,0.109386166965874,0.119418516335028,
0.133688011059226,0.142812340526793,0.148547932429545,0.163998874531086,0.176557172837774,
0.189775829901125,0.204162760498222,0.214805190548884,0.219065696867501,0.235177443916089,
0.251987159925418,0.269702602158044,0.287635867473625,0.306484074765332,0.312585405979279,
0.326022622522438,0.346715433891859,0.367895700847181,0.393203057782901,0.398137996168295,
0.429274445991921,0.446181584856141,0.461281905149472,0.488823132482845,0.49772000947723,
0.519659421775351,0.549512709634528,0.565282729370005,0.610953344301739,0.625721463640158,
0.656618286934058,0.687663283394411,0.715454756816249,0.727565625194908,0.739697178257595,
0.763640663565195,0.786870709591557,0.809709783582365,0.829282997529196,0.839351937636111,
0.868557986501655,0.897319129223817,0.911031936159256,0.918280921686824,0.939102236117264,
0.959655895053786,0.971041770554723,0.97999287109783,1.),
.UNSPECIFIED.);
#3149=VERTEX_POINT('',#5070);
#3150=B_SPLINE_CURVE_WITH_KNOTS('',3,
(#5071,#5072,#5073,#5074,#5075,#5076,#5077,#5078,#5079,#5080,#5081,#5082,#5083,#5084,
#5085,#5086,#5087,#5088,#5089,#5090,#5091,#5092,#5093,#5094,#5095,#5096,#5097,#5098,
#5099,#5100,#5101,#5102,#5103,#5104,#5105,#5106,#5107,#5108,#5109,#5110,#5111,#5112,
#5113,#5114,#5115,#5116,#5117,#5118,#5119,#5120,#5121,#5122,#5123,#5124,#5125,#5126),
.UNSPECIFIED.,.F.,.F.,
(4,1,1,1,1,1,1,1,1,1,1,1,1,1,1,1,1,1,1,1,1,1,1,1,1,1,1,1,1,1,1,1,1,1,1,1,1,1,1,1,
1,1,1,1,1,1,1,1,1,1,1,1,1,4),
(0.,0.0148586607492666,0.0312451640891801,0.0530671548146875,0.0609473040368522,
0.0840886853366138,0.100698025292946,0.112040345144364,0.112492460052694,0.123142973750807,
0.134489288116901,0.146329166843142,0.1594770797189,0.173438616925324,0.188520710602492,
0.200036127935872,0.203906977821666,0.220482620759036,0.237927343830425,0.256859578342723,
0.276395032792705,0.304988542835049,0.334724834394935,0.341234746628493,0.365602209756211,
0.389807128149569,0.414641409154416,0.440477745405587,0.466678448309408,0.493718394939875,
0.507394358716124,0.521225715072452,0.549302285989599,0.577472551383806,0.605880939910818,
0.634447924745263,0.639397069233409,0.663189233181831,0.691957066077012,0.720681368879573,
0.722058376439629,0.749327324967495,0.777870877345496,0.799180214063281,0.806380371613891,
0.834645575877626,0.862706326075917,0.890518355858629,0.89972703510344,0.918476597542849,
0.946218276772305,0.973488318220564,0.975363060930631,1.),
.UNSPECIFIED.);
#3151=VERTEX_POINT('',#5127);
#3152=B_SPLINE_CURVE_WITH_KNOTS('',3,
(#5128,#5129,#5130,#5131,#5132,#5133,#5134,#5135,#5136,#5137,#5138,#5139,#5140,#5141,
#5142,#5143,#5144,#5145,#5146,#5147,#5148,#5149,#5150,#5151,#5152,#5153,#5154,#5155,
#5156,#5157,#5158,#5159,#5160,#5161,#5162,#5163,#5164,#5165,#5166,#5167,#5168,#5169,
#5170,#5171,#5172,#5173,#5174,#5175,#5176,#5177,#5178,#5179,#5180,#5181,#5182,#5183,
#5184,#5185,#5186,#5187,#5188),
.UNSPECIFIED.,.F.,.F.,
(4,1,1,1,1,1,1,1,1,1,1,1,1,1,1,1,1,1,1,1,1,1,1,1,1,1,1,1,1,1,1,1,1,1,1,1,1,1,1,1,
1,1,1,1,1,1,1,1,1,1,1,1,1,1,1,1,1,1,4),
(0.,0.00953189497978503,0.0153595130471629,0.027344964231487,0.0333718872765903,
0.0359472299322975,0.0448735282267334,0.0541368663191028,0.0637326146790693,0.0710270845745508,
0.0731057693561634,0.0781541860589853,0.0854209779085517,0.0929957671473732,0.104452817186114,
0.116549706903644,0.129314425183729,0.134213724630538,0.139825183353048,0.151043017444487,
0.163505531636774,0.176512298564969,0.190874848652015,0.206046909086308,0.208109952787377,
0.222293620594383,0.238815596973753,0.259052618047382,0.282701189503147,0.302265811058231,
0.320626340789794,0.360377313630576,0.401935356442799,0.40842215749755,0.432441926143597,
0.460947399534307,0.487709438379319,0.514728944497932,0.534519894690968,0.55155368350343,
0.597864048013439,0.644115080762857,0.680765645561559,0.681954566335204,0.707679369246749,
0.734393854842532,0.760505728487719,0.786215118140482,0.811318586433523,0.836220253419398,
0.845480232612966,0.860573515463905,0.884573455168344,0.908063723148144,0.931399383325304,
0.954414871729873,0.968742779027575,0.977286155493496,1.),
.UNSPECIFIED.);
#3153=VERTEX_POINT('',#5189);
#3154=B_SPLINE_CURVE_WITH_KNOTS('',3,
(#5190,#5191,#5192,#5193,#5194,#5195,#5196,#5197,#5198,#5199,#5200,#5201,#5202,#5203,
#5204,#5205,#5206,#5207,#5208,#5209,#5210,#5211,#5212,#5213,#5214,#5215,#5216,#5217,
#5218,#5219,#5220,#5221,#5222,#5223,#5224,#5225,#5226,#5227,#5228,#5229,#5230,#5231,
#5232,#5233,#5234,#5235,#5236,#5237,#5238,#5239,#5240,#5241,#5242,#5243,#5244,#5245,
#5246,#5247,#5248,#5249,#5250,#5251,#5252,#5253,#5254,#5255,#5256,#5257,#5258,#5259,
#5260,#5261,#5262,#5263,#5264),
.UNSPECIFIED.,.F.,.F.,
(4,1,1,1,1,1,1,1,1,1,1,1,1,1,1,1,1,1,1,1,1,1,1,1,1,1,1,1,1,1,1,1,1,1,1,1,1,1,1,1,
1,1,1,1,1,1,1,1,1,1,1,1,1,1,1,1,1,1,1,1,1,1,1,1,1,1,1,1,1,1,1,1,4),
(0.,0.0129222480090356,0.0264151001767534,0.0443109300475486,0.046511199738983,0.0594134820749973,
0.0714581870669496,0.0818724579112514,0.0834632087320887,0.0914902814158204,0.100422466729613,
0.109461272193609,0.118912732110151,0.128669028143037,0.138914432814019,0.140504213212151,
0.149339411895954,0.160504514510129,0.172263864132455,0.185099664051931,0.198398918045222,
0.212833784784609,0.227951433402949,0.235744596551404,0.243949426402514,0.260146401888071,
0.277128209204368,0.294667620200149,0.313125248747582,0.321856669152652,0.331959778473946,
0.351675468310311,0.371900992055493,0.375034132157724,0.392751035677821,0.413716067460922,
0.435064926319154,0.451157292347703,0.456663395763862,0.478742024859209,0.501033228736215,
0.523726870813275,0.526793767391553,0.546628857392839,0.569744376132214,0.592857638458555,
0.602875696219022,0.615825214137504,0.638668538985887,0.66118763610417,0.683524433452198,
0.704227085732654,0.705266346460141,0.726590793268473,0.747275722599608,0.767743224053562,
0.787395718109354,0.798660088101766,0.806445119189613,0.824490259228972,0.842139519895373,
0.858811831474736,0.874904715290974,0.895227312323709,0.910502100757515,0.915005930177716,
0.934275142546223,0.947993287980164,0.96150640920169,0.974587754420797,0.987423685872911,
0.98932679780383,1.),
.UNSPECIFIED.);
#3155=VERTEX_POINT('',#5265);
#3156=B_SPLINE_CURVE_WITH_KNOTS('',3,
(#5266,#5267,#5268,#5269,#5270,#5271,#5272,#5273,#5274,#5275,#5276,#5277,#5278,#5279,
#5280,#5281,#5282,#5283,#5284,#5285,#5286,#5287,#5288,#5289,#5290,#5291,#5292,#5293,
#5294,#5295,#5296,#5297,#5298,#5299,#5300,#5301,#5302,#5303,#5304,#5305,#5306,#5307,
#5308,#5309,#5310,#5311,#5312,#5313,#5314,#5315,#5316,#5317,#5318,#5319,#5320,#5321,
#5322,#5323),
.UNSPECIFIED.,.F.,.F.,
(4,1,1,1,1,1,1,1,1,1,1,1,1,1,1,1,1,1,1,1,1,1,1,1,1,1,1,1,1,1,1,1,1,1,1,1,1,1,1,1,
1,1,1,1,1,1,1,1,1,1,1,1,1,1,1,4),
(0.,0.00864329417502215,0.0229403820565473,0.0311159145482402,0.0434622436505357,
0.0581773068519496,0.0674316926100187,0.06830003576405,0.0751069883773617,0.0819861071134566,
0.0917196109307466,0.101818780989656,0.112292177011599,0.120902976728958,0.124792484774805,
0.130065047477028,0.14018416494482,0.150695184118319,0.16225936442744,0.174490980747707,
0.187663825079601,0.201102304904071,0.211968786958948,0.215698638046626,0.231204806130726,
0.248302183920392,0.266020828131657,0.292888544629987,0.321467363719455,0.351704180907698,
0.352178689400718,0.376027152367634,0.401251699164811,0.427771083711755,0.454675596523848,
0.482518055264336,0.510876563619172,0.539066389055322,0.539846606700105,0.568930775675095,
0.598184714583871,0.627519851768657,0.656923995602028,0.686329403748244,0.725343528066854,
0.748699886954186,0.764188297045841,0.802855832875211,0.831650725880177,0.86037648533766,
0.888865347719975,0.917201249656142,0.930136492511748,0.945146032197095,0.972763807572833,
1.),
.UNSPECIFIED.);
#3157=VERTEX_POINT('',#5324);
#3158=B_SPLINE_CURVE_WITH_KNOTS('',3,
(#5325,#5326,#5327,#5328,#5329,#5330,#5331,#5332,#5333,#5334,#5335,#5336,#5337,#5338,
#5339,#5340,#5341,#5342,#5343,#5344,#5345,#5346,#5347,#5348,#5349,#5350,#5351,#5352,
#5353,#5354,#5355,#5356,#5357,#5358,#5359,#5360,#5361,#5362,#5363,#5364,#5365,#5366,
#5367,#5368,#5369,#5370,#5371,#5372,#5373,#5374),
.UNSPECIFIED.,.F.,.F.,
(4,1,1,1,1,1,1,1,1,1,1,1,1,1,1,1,1,1,1,1,1,1,1,1,1,1,1,1,1,1,1,1,1,1,1,1,1,1,1,1,
1,1,1,1,1,1,1,4),
(0.,0.0106457340567406,0.0377264702433716,0.0383234537346122,0.0824454223909524,
0.0851650167210999,0.133336996893745,0.172459030672436,0.177388839046592,0.210643010744541,
0.232665621006633,0.253433775894759,0.27329446986081,0.293504304672498,0.31478310513734,
0.333075964105386,0.336784425984007,0.359893069925997,0.383368456679547,0.407820337469871,
0.432840016437931,0.458589496604011,0.484499480825044,0.510753535218361,0.53720503987066,
0.562854408102826,0.563887287423413,0.590641820072233,0.626012816459724,0.660895535633425,
0.695291511434537,0.720156408558281,0.744428379000224,0.767721005128477,0.790629944875595,
0.797501725254038,0.812540848634466,0.833837106025789,0.854512423321718,0.875271831462546,
0.895442764152729,0.915055037628113,0.933605050433778,0.951585268632591,0.953690361906982,
0.968465115525852,0.984612297923347,1.),
.UNSPECIFIED.);
#3159=LINE('',#5375,#5376);
#3160=VERTEX_POINT('',#5378);
#3161=VERTEX_POINT('',#5379);
#3162=LINE('',#5380,#5381);
#3163=LINE('',#5383,#5384);
#3164=LINE('',#5386,#5387);
#3165=VERTEX_POINT('',#5389);
#3166=LINE('',#5390,#5391);
#3167=LINE('',#5393,#5394);
#3168=VERTEX_POINT('',#5396);
#3169=LINE('',#5397,#5398);
#3170=LINE('',#5400,#5401);
#3171=VERTEX_POINT('',#5403);
#3172=LINE('',#5404,#5405);
#3173=LINE('',#5407,#5408);
#3174=VERTEX_POINT('',#5410);
#3175=LINE('',#5411,#5412);
#3176=LINE('',#5414,#5415);
#3177=LINE('',#5417,#5418);
#3178=VERTEX_POINT('',#5420);
#3179=VERTEX_POINT('',#5421);
#3180=B_SPLINE_CURVE_WITH_KNOTS('',3,
(#5422,#5423,#5424,#5425,#5426,#5427,#5428,#5429,#5430,#5431,#5432,#5433,#5434,#5435,
#5436,#5437),
.UNSPECIFIED.,.F.,.F.,
(4,2,2,2,2,2,2,4),
(0.,0.0995310816811579,0.206519582483399,0.32429393530682,0.456914583683957,0.609420851693608,
0.788123985468402,1.),
.UNSPECIFIED.);
#3181=VERTEX_POINT('',#5438);
#3182=B_SPLINE_CURVE_WITH_KNOTS('',3,
(#5439,#5440,#5441,#5442,#5443,#5444,#5445,#5446,#5447,#5448,#5449,#5450,#5451,#5452,
#5453,#5454),
.UNSPECIFIED.,.F.,.F.,
(4,2,2,2,2,2,2,4),
(0.,0.15626836604807,0.303354655373375,0.445484782465846,0.586436689901348,0.72984640517201,
0.879488290644071,1.),
.UNSPECIFIED.);
#3183=VERTEX_POINT('',#5455);
#3184=B_SPLINE_CURVE_WITH_KNOTS('',3,
(#5456,#5457,#5458,#5459),
.UNSPECIFIED.,.F.,.F.,
(4,4),
(0.,1.),
.UNSPECIFIED.);
#3185=VERTEX_POINT('',#5460);
#3186=B_SPLINE_CURVE_WITH_KNOTS('',3,
(#5461,#5462,#5463,#5464,#5465,#5466,#5467,#5468),
.UNSPECIFIED.,.F.,.F.,
(4,2,2,4),
(0.,0.296422221212265,0.708345040535716,1.),
.UNSPECIFIED.);
#3187=VERTEX_POINT('',#5469);
#3188=B_SPLINE_CURVE_WITH_KNOTS('',3,
(#5470,#5471,#5472,#5473,#5474,#5475,#5476,#5477,#5478,#5479,#5480,#5481,#5482,#5483,
#5484,#5485),
.UNSPECIFIED.,.F.,.F.,
(4,2,2,2,2,2,2,4),
(0.,0.15976620294031,0.306771984297383,0.448084133854671,0.590262143577654,0.7396794780208,
0.902846333771087,1.),
.UNSPECIFIED.);
#3189=VERTEX_POINT('',#5486);
#3190=B_SPLINE_CURVE_WITH_KNOTS('',3,
(#5487,#5488,#5489,#5490,#5491,#5492,#5493,#5494,#5495,#5496,#5497,#5498,#5499,#5500,
#5501,#5502),
.UNSPECIFIED.,.F.,.F.,
(4,2,2,2,2,2,2,4),
(0.,0.128659818705427,0.262490327588243,0.407151524974816,0.568705983945155,0.753984520242847,
0.971008891628342,1.),
.UNSPECIFIED.);
#3191=VERTEX_POINT('',#5503);
#3192=B_SPLINE_CURVE_WITH_KNOTS('',3,
(#5504,#5505,#5506,#5507,#5508,#5509,#5510,#5511,#5512,#5513,#5514,#5515,#5516,#5517),
.UNSPECIFIED.,.F.,.F.,
(4,2,2,2,2,2,4),
(0.,0.236180402813367,0.433592006805097,0.602800272533939,0.752417427741129,0.889709106704999,
1.),
.UNSPECIFIED.);
#3193=VERTEX_POINT('',#5518);
#3194=B_SPLINE_CURVE_WITH_KNOTS('',3,
(#5519,#5520,#5521,#5522,#5523,#5524,#5525,#5526,#5527,#5528,#5529,#5530,#5531,#5532,
#5533,#5534),
.UNSPECIFIED.,.F.,.F.,
(4,2,2,2,2,2,2,4),
(0.,0.180778603788673,0.341172556046795,0.48913779103956,0.631758760845937,0.775628158201159,
0.92717004592918,1.),
.UNSPECIFIED.);
#3195=VERTEX_POINT('',#5535);
#3196=B_SPLINE_CURVE_WITH_KNOTS('',3,
(#5536,#5537,#5538,#5539,#5540,#5541,#5542,#5543),
.UNSPECIFIED.,.F.,.F.,
(4,2,2,4),
(0.,0.508208328473701,0.97468468660876,1.),
.UNSPECIFIED.);
#3197=VERTEX_POINT('',#5544);
#3198=B_SPLINE_CURVE_WITH_KNOTS('',3,
(#5545,#5546,#5547,#5548),
.UNSPECIFIED.,.F.,.F.,
(4,4),
(0.,1.),
.UNSPECIFIED.);
#3199=VERTEX_POINT('',#5549);
#3200=B_SPLINE_CURVE_WITH_KNOTS('',3,
(#5550,#5551,#5552,#5553,#5554,#5555,#5556,#5557,#5558,#5559,#5560,#5561,#5562,#5563,
#5564,#5565),
.UNSPECIFIED.,.F.,.F.,
(4,2,2,2,2,2,2,4),
(0.,0.167307271654814,0.321246511644807,0.466695591510836,0.607789844003943,0.748265685996366,
0.891761235263122,1.),
.UNSPECIFIED.);
#3201=B_SPLINE_CURVE_WITH_KNOTS('',3,
(#5566,#5567,#5568,#5569,#5570,#5571,#5572,#5573,#5574,#5575,#5576,#5577,#5578,#5579,
#5580,#5581),
.UNSPECIFIED.,.F.,.F.,
(4,2,2,2,2,2,2,4),
(0.,0.23252894493595,0.426784859377144,0.592731649539226,0.738024187209347,0.868589636324267,
0.989096508172082,1.),
.UNSPECIFIED.);
#3202=VERTEX_POINT('',#5582);
#3203=VERTEX_POINT('',#5583);
#3204=B_SPLINE_CURVE_WITH_KNOTS('',3,
(#5584,#5585,#5586,#5587,#5588,#5589,#5590,#5591,#5592,#5593),
.UNSPECIFIED.,.F.,.F.,
(4,2,2,2,4),
(0.,0.30174097761022,0.566688848212944,0.805557610772312,1.),
.UNSPECIFIED.);
#3205=VERTEX_POINT('',#5594);
#3206=B_SPLINE_CURVE_WITH_KNOTS('',3,
(#5595,#5596,#5597,#5598,#5599,#5600,#5601,#5602,#5603,#5604,#5605,#5606,#5607,#5608),
.UNSPECIFIED.,.F.,.F.,
(4,2,2,2,2,2,4),
(0.,0.184474938447349,0.360774366432081,0.534011160011832,0.708982654343686,0.890534749425134,
1.),
.UNSPECIFIED.);
#3207=VERTEX_POINT('',#5609);
#3208=B_SPLINE_CURVE_WITH_KNOTS('',3,
(#5610,#5611,#5612,#5613,#5614,#5615,#5616,#5617,#5618,#5619,#5620,#5621,#5622,#5623,
#5624,#5625),
.UNSPECIFIED.,.F.,.F.,
(4,2,2,2,2,2,2,4),
(0.,0.167504999317818,0.321786133166025,0.46800956159167,0.610633823168943,0.753766151468351,
0.901480491896719,1.),
.UNSPECIFIED.);
#3209=VERTEX_POINT('',#5626);
#3210=B_SPLINE_CURVE_WITH_KNOTS('',3,
(#5627,#5628,#5629,#5630,#5631,#5632,#5633,#5634,#5635,#5636,#5637,#5638,#5639,#5640,
#5641,#5642,#5643,#5644),
.UNSPECIFIED.,.F.,.F.,
(4,2,2,2,2,2,2,2,4),
(0.,0.092764316593647,0.193226696009999,0.30475047542497,0.431423854424135,0.578302818267297,
0.751701516750469,0.959548559033778,1.),
.UNSPECIFIED.);
#3211=VERTEX_POINT('',#5645);
#3212=B_SPLINE_CURVE_WITH_KNOTS('',3,
(#5646,#5647,#5648,#5649,#5650,#5651,#5652,#5653,#5654,#5655,#5656,#5657,#5658,#5659,
#5660,#5661),
.UNSPECIFIED.,.F.,.F.,
(4,2,2,2,2,2,2,4),
(0.,0.233004112144321,0.424331581839141,0.584624089839445,0.722058883419858,0.842952206744729,
0.952238632174689,1.),
.UNSPECIFIED.);
#3213=VERTEX_POINT('',#5662);
#3214=B_SPLINE_CURVE_WITH_KNOTS('',3,
(#5663,#5664,#5665,#5666,#5667,#5668,#5669,#5670,#5671,#5672,#5673,#5674,#5675,#5676,
#5677,#5678),
.UNSPECIFIED.,.F.,.F.,
(4,2,2,2,2,2,2,4),
(0.,0.158618761211333,0.307976284433577,0.452723919526404,0.597080805660026,0.7451627491216,
0.901287639890889,1.),
.UNSPECIFIED.);
#3215=VERTEX_POINT('',#5679);
#3216=B_SPLINE_CURVE_WITH_KNOTS('',3,
(#5680,#5681,#5682,#5683,#5684,#5685,#5686,#5687,#5688,#5689,#5690,#5691,#5692,#5693),
.UNSPECIFIED.,.F.,.F.,
(4,2,2,2,2,2,4),
(0.,0.216433945940209,0.414919462660259,0.602056057925351,0.783470467535202,0.964263844143563,
1.),
.UNSPECIFIED.);
#3217=VERTEX_POINT('',#5694);
#3218=B_SPLINE_CURVE_WITH_KNOTS('',3,
(#5695,#5696,#5697,#5698,#5699,#5700,#5701,#5702,#5703,#5704),
.UNSPECIFIED.,.F.,.F.,
(4,2,2,2,4),
(0.,0.301970195478021,0.597769142347069,0.895603934607171,1.),
.UNSPECIFIED.);
#3219=VERTEX_POINT('',#5705);
#3220=LINE('',#5706,#5707);
#3221=VERTEX_POINT('',#5709);
#3222=B_SPLINE_CURVE_WITH_KNOTS('',3,
(#5710,#5711,#5712,#5713,#5714,#5715,#5716,#5717,#5718,#5719,#5720,#5721),
.UNSPECIFIED.,.F.,.F.,
(4,2,2,2,2,4),
(0.,0.379320509498456,0.706296715975562,0.997489935467644,0.998709093283897,1.),
.UNSPECIFIED.);
#3223=VERTEX_POINT('',#5722);
#3224=B_SPLINE_CURVE_WITH_KNOTS('',3,
(#5723,#5724,#5725,#5726,#5727,#5728,#5729,#5730,#5731,#5732,#5733,#5734,#5735,#5736,
#5737,#5738),
.UNSPECIFIED.,.F.,.F.,
(4,2,2,2,2,2,2,4),
(0.,0.000416252533115342,0.156238811441548,0.307992104322127,0.462007913226776,0.624542618681027,
0.802133793387428,1.),
.UNSPECIFIED.);
#3225=VERTEX_POINT('',#5739);
#3226=B_SPLINE_CURVE_WITH_KNOTS('',3,
(#5740,#5741,#5742,#5743,#5744,#5745,#5746,#5747,#5748,#5749,#5750,#5751,#5752,#5753,
#5754,#5755),
.UNSPECIFIED.,.F.,.F.,
(4,2,2,2,2,2,2,4),
(0.,0.192185577620432,0.361570119796695,0.516109380876778,0.662668124910059,0.807453463377974,
0.956381528628313,1.),
.UNSPECIFIED.);
#3227=VERTEX_POINT('',#5756);
#3228=B_SPLINE_CURVE_WITH_KNOTS('',3,
(#5757,#5758,#5759,#5760,#5761,#5762,#5763,#5764,#5765,#5766,#5767,#5768,#5769,#5770,
#5771,#5772),
.UNSPECIFIED.,.F.,.F.,
(4,2,2,2,2,2,2,4),
(0.,0.131460718305727,0.265653647727872,0.407960914465969,0.564065730646613,0.740293046826175,
0.943994310762437,1.),
.UNSPECIFIED.);
#3229=VERTEX_POINT('',#5773);
#3230=B_SPLINE_CURVE_WITH_KNOTS('',3,
(#5774,#5775,#5776,#5777,#5778,#5779,#5780,#5781,#5782,#5783,#5784,#5785,#5786,#5787),
.UNSPECIFIED.,.F.,.F.,
(4,2,2,2,2,2,4),
(0.,0.22158896880087,0.410610427005263,0.576537883995912,0.727189185592386,0.869262929805624,
1.),
.UNSPECIFIED.);
#3231=VERTEX_POINT('',#5788);
#3232=B_SPLINE_CURVE_WITH_KNOTS('',3,
(#5789,#5790,#5791,#5792,#5793,#5794,#5795,#5796,#5797,#5798,#5799,#5800,#5801,#5802,
#5803,#5804),
.UNSPECIFIED.,.F.,.F.,
(4,2,2,2,2,2,2,4),
(0.,0.164014884193546,0.316982374324344,0.465500619866536,0.615716808460928,0.773682019524617,
0.945700956075343,1.),
.UNSPECIFIED.);
#3233=VERTEX_POINT('',#5805);
#3234=B_SPLINE_CURVE_WITH_KNOTS('',3,
(#5806,#5807,#5808,#5809,#5810,#5811,#5812,#5813,#5814,#5815,#5816,#5817,#5818,#5819),
.UNSPECIFIED.,.F.,.F.,
(4,2,2,2,2,2,4),
(0.,0.245384011295599,0.456543210691916,0.643872812799657,0.816094168831743,0.980828789214869,
1.),
.UNSPECIFIED.);
#3235=VERTEX_POINT('',#5820);
#3236=B_SPLINE_CURVE_WITH_KNOTS('',3,
(#5821,#5822,#5823,#5824,#5825,#5826,#5827,#5828,#5829,#5830,#5831,#5832),
.UNSPECIFIED.,.F.,.F.,
(4,2,2,2,2,4),
(0.,0.207454179731023,0.423912631204805,0.658213861654958,0.919915111480331,1.),
.UNSPECIFIED.);
#3237=LINE('',#5833,#5834);
#3238=VERTEX_POINT('',#5836);
#3239=LINE('',#5837,#5838);
#3240=VERTEX_POINT('',#5840);
#3241=LINE('',#5841,#5842);
#3242=LINE('',#5844,#5845);
#3243=VERTEX_POINT('',#5847);
#3244=LINE('',#5848,#5849);
#3245=LINE('',#5851,#5852);
#3246=VERTEX_POINT('',#5854);
#3247=LINE('',#5855,#5856);
#3248=LINE('',#5858,#5859);
#3249=VERTEX_POINT('',#5861);
#3250=LINE('',#5862,#5863);
#3251=LINE('',#5865,#5866);
#3252=VERTEX_POINT('',#5868);
#3253=LINE('',#5869,#5870);
#3254=LINE('',#5872,#5873);
#3255=LINE('',#5875,#5876);
#3256=VERTEX_POINT('',#5878);
#3257=LINE('',#5879,#5880);
#3258=VERTEX_POINT('',#5882);
#3259=LINE('',#5883,#5884);
#3260=LINE('',#5886,#5887);
#3261=VERTEX_POINT('',#5889);
#3262=LINE('',#5890,#5891);
#3263=LINE('',#5893,#5894);
#3264=VERTEX_POINT('',#5896);
#3265=LINE('',#5897,#5898);
#3266=LINE('',#5900,#5901);
#3267=VERTEX_POINT('',#5903);
#3268=LINE('',#5904,#5905);
#3269=LINE('',#5907,#5908);
#3270=VERTEX_POINT('',#5910);
#3271=LINE('',#5911,#5912);
#3272=LINE('',#5914,#5915);
#3273=LINE('',#5917,#5918);
#3274=VERTEX_POINT('',#5920);
#3275=CIRCLE('',#5921,13.5);
#3276=VERTEX_POINT('',#5925);
#3277=CIRCLE('',#5926,12.5);
#3278=VERTEX_POINT('',#5930);
#3279=CIRCLE('',#5931,12.5);
#3280=VERTEX_POINT('',#5935);
#3281=LINE('',#5936,#5937);
#3282=LINE('',#5939,#5940);
#3283=VERTEX_POINT('',#5942);
#3284=LINE('',#5943,#5944);
#3285=LINE('',#5946,#5947);
#3286=LINE('',#5949,#5950);
#3287=VERTEX_POINT('',#5952);
#3288=LINE('',#5953,#5954);
#3289=LINE('',#5956,#5957);
#3290=LINE('',#5959,#5960);
#3291=VERTEX_POINT('',#5962);
#3292=LINE('',#5963,#5964);
#3293=LINE('',#5966,#5967);
#3294=VERTEX_POINT('',#5969);
#3295=VERTEX_POINT('',#5970);
#3296=B_SPLINE_CURVE_WITH_KNOTS('',3,
(#5971,#5972,#5973,#5974,#5975,#5976,#5977,#5978,#5979,#5980,#5981,#5982,#5983,#5984,
#5985,#5986,#5987,#5988,#5989,#5990,#5991,#5992,#5993,#5994,#5995,#5996,#5997,#5998,
#5999,#6000,#6001,#6002,#6003,#6004,#6005,#6006,#6007,#6008,#6009,#6010,#6011,#6012),
.UNSPECIFIED.,.F.,.F.,
(4,1,1,1,1,1,1,1,1,1,1,1,1,1,1,1,1,1,1,1,1,1,1,1,1,1,1,1,1,1,1,1,1,1,1,1,1,1,1,4),
(0.,0.0273044751530648,0.0544204322951037,0.0813688971938814,0.10803229368508,0.134570982357415,
0.160677236711523,0.186485186748446,0.211850763781691,0.237064693563696,0.261793005292081,
0.286181095186545,0.310015177531926,0.333642538190703,0.356775501564655,0.379622156629011,
0.402113919680342,0.42453801606717,0.446874074823275,0.469187427505272,0.491547508000981,
0.513968445762413,0.544388277605056,0.575180721684401,0.606339348297193,0.630297230514698,
0.654624155930455,0.679545820461525,0.704691120025024,0.730382650231853,0.75638635872591,
0.782805140549661,0.809323455039755,0.836118478096751,0.863086771577279,0.890294237176412,
0.917567292487709,0.944983224151774,0.972464603474852,1.),
.UNSPECIFIED.);
#3297=B_SPLINE_CURVE_WITH_KNOTS('',3,
(#6013,#6014,#6015,#6016),
.UNSPECIFIED.,.F.,.F.,
(4,4),
(0.,1.),
.UNSPECIFIED.);
#3298=VERTEX_POINT('',#6017);
#3299=LINE('',#6018,#6019);
#3300=B_SPLINE_CURVE_WITH_KNOTS('',3,
(#6021,#6022,#6023,#6024,#6025,#6026,#6027,#6028,#6029,#6030,#6031,#6032,#6033,#6034,
#6035,#6036,#6037,#6038,#6039,#6040,#6041,#6042,#6043,#6044,#6045,#6046,#6047,#6048,
#6049,#6050,#6051,#6052,#6053,#6054,#6055,#6056,#6057,#6058,#6059,#6060,#6061,#6062,
#6063,#6064,#6065,#6066,#6067,#6068,#6069,#6070,#6071),
.UNSPECIFIED.,.F.,.F.,
(4,1,1,1,1,1,1,1,1,1,1,1,1,1,1,1,1,1,1,1,1,1,1,1,1,1,1,1,1,1,1,1,1,1,1,1,1,1,1,1,
1,1,1,1,1,1,1,1,4),
(0.,0.0212843080454631,0.0382016941892198,0.0507354134548558,0.0593946001655346,
0.0678574750328024,0.0764908895313355,0.0854769084207397,0.0910479615358452,0.0954121756205064,
0.105939068449934,0.117314613384843,0.12894398512074,0.141568561395882,0.154952874237999,
0.169533479488563,0.184531109319298,0.206422685291222,0.229256293618367,0.253003229326929,
0.271862883462978,0.291431668742574,0.319454367153306,0.348734898342585,0.379256384022611,
0.403577413191447,0.428179903084161,0.453503188725859,0.479259209868356,0.505615670692342,
0.532137931433742,0.558861910202878,0.585669763599279,0.612459118286495,0.639158348186498,
0.673982591250798,0.708252021337386,0.742004451008275,0.766745300968626,0.791192417415488,
0.815247491619984,0.83920346883162,0.862810674917326,0.886162744472913,0.909090195947559,
0.931693804625275,0.954097866427222,0.976756204410565,1.),
.UNSPECIFIED.);
#3301=B_SPLINE_CURVE_WITH_KNOTS('',3,
(#6072,#6073,#6074,#6075,#6076,#6077,#6078,#6079,#6080,#6081,#6082),
.UNSPECIFIED.,.F.,.F.,
(4,1,1,1,1,1,1,1,4),
(0.,0.124137225073555,0.24982705494429,0.375021578283893,0.500115407983485,0.624631974275815,
0.748209858573893,0.872868116445529,1.),
.UNSPECIFIED.);
#3302=LINE('',#6083,#6084);
#3303=LINE('',#6086,#6087);
#3304=LINE('',#6089,#6090);
#3305=LINE('',#6092,#6093);
#3306=LINE('',#6095,#6096);
#3307=VERTEX_POINT('',#6098);
#3308=B_SPLINE_CURVE_WITH_KNOTS('',3,
(#6099,#6100,#6101,#6102,#6103,#6104,#6105,#6106,#6107,#6108,#6109,#6110,#6111,#6112,
#6113,#6114,#6115),
.UNSPECIFIED.,.F.,.F.,
(4,1,1,1,1,1,1,1,1,1,1,1,1,1,4),
(0.,0.156470818235072,0.282773754173795,0.378915785484995,0.444329430197237,0.505610986232795,
0.562823487552976,0.620016713429633,0.676625244503199,0.73274002377388,0.787755074411776,
0.842199821356209,0.895445865412047,0.948051075224035,1.),
.UNSPECIFIED.);
#3309=LINE('',#6116,#6117);
#3310=VERTEX_POINT('',#6119);
#3311=VERTEX_POINT('',#6120);
#3312=B_SPLINE_CURVE_WITH_KNOTS('',3,
(#6121,#6122,#6123,#6124,#6125,#6126,#6127,#6128,#6129,#6130,#6131,#6132,#6133,#6134,
#6135,#6136,#6137,#6138,#6139,#6140,#6141,#6142,#6143,#6144,#6145,#6146,#6147,#6148,
#6149,#6150,#6151,#6152,#6153,#6154,#6155,#6156),
.UNSPECIFIED.,.F.,.F.,
(4,1,1,1,1,1,1,1,1,1,1,1,1,1,1,1,1,1,1,1,1,1,1,1,1,1,1,1,1,1,1,1,1,4),
(0.,0.0307038349926519,0.0613511378562411,0.091940327780539,0.122441398469543,0.152897891816929,
0.183259553377639,0.213565441941965,0.243798474030062,0.274017204275654,0.304225105724051,
0.334442279073792,0.364693762158986,0.394973029634494,0.425350480396429,0.455797041736856,
0.486354100754572,0.516947173937264,0.547755249331054,0.578738093572263,0.610027367793753,
0.64145516526384,0.67323007308144,0.705222579106406,0.737514436793167,0.769899125528386,
0.802503144370964,0.835237251602978,0.859642870080972,0.86815377004555,0.901022661943839,
0.934189608375633,0.967393031926036,1.),
.UNSPECIFIED.);
#3313=B_SPLINE_CURVE_WITH_KNOTS('',3,
(#6157,#6158,#6159,#6160,#6161,#6162,#6163,#6164,#6165,#6166,#6167,#6168,#6169,#6170,
#6171,#6172,#6173,#6174,#6175,#6176,#6177,#6178,#6179,#6180,#6181,#6182,#6183,#6184,
#6185,#6186,#6187,#6188,#6189,#6190,#6191,#6192,#6193,#6194,#6195,#6196,#6197,#6198,
#6199),
.UNSPECIFIED.,.F.,.F.,
(4,1,1,1,1,1,1,1,1,1,1,1,1,1,1,1,1,1,1,1,1,1,1,1,1,1,1,1,1,1,1,1,1,1,1,1,1,1,1,1,
4),
(0.,0.0273597274924886,0.0549495923501471,0.0826626145693736,0.110250604432485,0.137601594945736,
0.164655505938847,0.191675738589847,0.21847548376035,0.245140327323827,0.271370370951392,
0.297282358517531,0.32281593235027,0.348277162281864,0.373688773935339,0.399129329007437,
0.424510277035641,0.449866541171184,0.475155766857046,0.500378084886157,0.525502051098211,
0.550609267423636,0.575674737902033,0.600727465757065,0.625770309903859,0.650823802481414,
0.675709724594821,0.700422151185209,0.724824993596043,0.749112933581685,0.772978618222657,
0.796501644026784,0.819364321823939,0.841899869909895,0.864019014514444,0.885986864602877,
0.907945458406088,0.930128599121155,0.952851208987644,0.976111420267847,1.),
.UNSPECIFIED.);
#3314=VERTEX_POINT('',#6200);
#3315=LINE('',#6201,#6202);
#3316=B_SPLINE_CURVE_WITH_KNOTS('',3,
(#6204,#6205,#6206,#6207),
.UNSPECIFIED.,.F.,.F.,
(4,4),
(0.,1.),
.UNSPECIFIED.);
#3317=VERTEX_POINT('',#6208);
#3318=LINE('',#6209,#6210);
#3319=LINE('',#6212,#6213);
#3320=LINE('',#6215,#6216);
#3321=LINE('',#6218,#6219);
#3322=LINE('',#6221,#6222);
#3323=LINE('',#6224,#6225);
#3324=LINE('',#6227,#6228);
#3325=LINE('',#6230,#6231);
#3326=LINE('',#6233,#6234);
#3327=LINE('',#6236,#6237);
#3328=LINE('',#6239,#6240);
#3329=LINE('',#6242,#6243);
#3330=LINE('',#6245,#6246);
#3331=LINE('',#6248,#6249);
#3332=LINE('',#6251,#6252);
#3333=LINE('',#6254,#6255);
#3334=LINE('',#6257,#6258);
#3335=B_SPLINE_CURVE_WITH_KNOTS('',3,
(#6260,#6261,#6262,#6263,#6264,#6265,#6266,#6267,#6268),
.UNSPECIFIED.,.F.,.F.,
(4,1,1,1,1,1,4),
(0.,0.12418300839032,0.268458003272328,0.439360932047106,0.626966837526664,0.816025175977989,
1.),
.UNSPECIFIED.);
#3336=LINE('',#6269,#6270);
#3337=LINE('',#6272,#6273);
#3338=LINE('',#6275,#6276);
#3339=LINE('',#6278,#6279);
#3340=LINE('',#6281,#6282);
#3341=LINE('',#6284,#6285);
#3342=LINE('',#6287,#6288);
#3343=LINE('',#6290,#6291);
#3344=VERTEX_POINT('',#6293);
#3345=B_SPLINE_CURVE_WITH_KNOTS('',3,
(#6294,#6295,#6296,#6297),
.UNSPECIFIED.,.F.,.F.,
(4,4),
(0.,1.),
.UNSPECIFIED.);
#3346=B_SPLINE_CURVE_WITH_KNOTS('',3,
(#6298,#6299,#6300,#6301,#6302,#6303,#6304,#6305),
.UNSPECIFIED.,.F.,.F.,
(4,2,2,4),
(0.,0.482647542317647,0.884359186494948,1.),
.UNSPECIFIED.);
#3347=LINE('',#6306,#6307);
#3348=LINE('',#6309,#6310);
#3349=LINE('',#6312,#6313);
#3350=LINE('',#6315,#6316);
#3351=B_SPLINE_CURVE_WITH_KNOTS('',3,
(#6318,#6319,#6320,#6321,#6322,#6323),
.UNSPECIFIED.,.F.,.F.,
(4,1,1,4),
(0.,0.333333333333333,0.666666666666667,1.),
.UNSPECIFIED.);
#3352=LINE('',#6324,#6325);
#3353=B_SPLINE_CURVE_WITH_KNOTS('',3,
(#6327,#6328,#6329,#6330,#6331,#6332),
.UNSPECIFIED.,.F.,.F.,
(4,1,1,4),
(0.,0.333333333333333,0.666666666666667,1.),
.UNSPECIFIED.);
#3354=LINE('',#6333,#6334);
#3355=CARTESIAN_POINT('',(-5.67788326837008,2.31702576358689,10.));
#3356=CARTESIAN_POINT('',(-7.3093661385921,3.12331864868645,10.));
#3357=CARTESIAN_POINT('',(-5.67788326837008,2.31702576358689,10.));
#3358=CARTESIAN_POINT('',(-5.67971172250624,2.31922762202127,10.));
#3359=CARTESIAN_POINT('',(-5.68340086389983,2.32365710687932,10.));
#3360=CARTESIAN_POINT('',(-5.68899412390312,2.33033298236591,10.));
#3361=CARTESIAN_POINT('',(-5.6934645356622,2.33563643931024,10.));
#3362=CARTESIAN_POINT('',(-5.69732037613366,2.34019163721089,10.));
#3363=CARTESIAN_POINT('',(-5.70126131101155,2.34483271205639,10.));
#3364=CARTESIAN_POINT('',(-5.70730124690064,2.35190861956305,10.));
#3365=CARTESIAN_POINT('',(-5.71499242962262,2.36084957140868,10.));
#3366=CARTESIAN_POINT('',(-5.72369971450801,2.37087881870902,10.));
#3367=CARTESIAN_POINT('',(-5.73201220649595,2.38036237261672,9.99999999999999));
#3368=CARTESIAN_POINT('',(-5.73914780795255,2.38843222011847,9.99999999999999));
#3369=CARTESIAN_POINT('',(-5.7440787959419,2.39397160835621,9.99999999999999));
#3370=CARTESIAN_POINT('',(-5.74930214492213,2.39981548983865,9.99999999999999));
#3371=CARTESIAN_POINT('',(-5.75560235725645,2.40682422597098,9.99999999999999));
#3372=CARTESIAN_POINT('',(-5.76414662080374,2.41624462672194,9.99999999999999));
#3373=CARTESIAN_POINT('',(-5.77315978744696,2.42608811618935,9.99999999999999));
#3374=CARTESIAN_POINT('',(-5.78274472542708,2.43645063947727,9.99999999999999));
#3375=CARTESIAN_POINT('',(-5.79273543020689,2.44713695470921,9.99999999999999));
#3376=CARTESIAN_POINT('',(-5.80320697702524,2.45821354171223,9.99999999999999));
#3377=CARTESIAN_POINT('',(-5.81175945592402,2.46715560812563,9.99999999999999));
#3378=CARTESIAN_POINT('',(-5.81925831590692,2.47493057748451,9.99999999999999));
#3379=CARTESIAN_POINT('',(-5.82718241584933,2.48309495467341,9.99999999999999));
#3380=CARTESIAN_POINT('',(-5.83791558111976,2.49403610568952,9.99999999999999));
#3381=CARTESIAN_POINT('',(-5.85085955705811,2.50705022562741,9.99999999999999));
#3382=CARTESIAN_POINT('',(-5.8645231028214,2.52058852752577,9.99999999999998));
#3383=CARTESIAN_POINT('',(-5.87911341245862,2.53482093066045,9.99999999999998));
#3384=CARTESIAN_POINT('',(-5.89445337509586,2.54953738466784,9.99999999999998));
#3385=CARTESIAN_POINT('',(-5.90665636851219,2.56104042850691,9.99999999999998));
#3386=CARTESIAN_POINT('',(-5.91769809104773,2.57132705557131,9.99999999999998));
#3387=CARTESIAN_POINT('',(-5.92928905903991,2.58202284280979,9.99999999999998));
#3388=CARTESIAN_POINT('',(-5.94560496676098,2.59682749238471,9.99999999999998));
#3389=CARTESIAN_POINT('',(-5.96445116697645,2.61357525665913,9.99999999999998));
#3390=CARTESIAN_POINT('',(-5.98437683633362,2.63089688202826,9.99999999999998));
#3391=CARTESIAN_POINT('',(-6.00530778785048,2.64867344298173,9.99999999999997));
#3392=CARTESIAN_POINT('',(-6.02142646423972,2.66202680037911,9.99999999999997));
#3393=CARTESIAN_POINT('',(-6.03660340812669,2.67440324293914,9.99999999999997));
#3394=CARTESIAN_POINT('',(-6.05234269952719,2.6870649512792,9.99999999999997));
#3395=CARTESIAN_POINT('',(-6.07497115873902,2.7048227476398,9.99999999999997));
#3396=CARTESIAN_POINT('',(-6.10046792779299,2.72425346254674,9.99999999999997));
#3397=CARTESIAN_POINT('',(-6.12762900587539,2.7443126630619,9.99999999999996));
#3398=CARTESIAN_POINT('',(-6.15263584306978,2.76216682827251,9.99999999999996));
#3399=CARTESIAN_POINT('',(-6.17237160538854,2.77584909178279,9.99999999999996));
#3400=CARTESIAN_POINT('',(-6.19302890576262,2.78990656328704,9.99999999999996));
#3401=CARTESIAN_POINT('',(-6.21848326867052,2.80677031240551,9.99999999999996));
#3402=CARTESIAN_POINT('',(-6.25211727798097,2.8281466778251,9.99999999999996));
#3403=CARTESIAN_POINT('',(-6.28707764035617,2.8494014206499,9.99999999999995));
#3404=CARTESIAN_POINT('',(-6.3158037067954,2.86606392051816,9.99999999999995));
#3405=CARTESIAN_POINT('',(-6.34038619360502,2.87984549083667,9.99999999999995));
#3406=CARTESIAN_POINT('',(-6.36567754686593,2.89366725044218,9.99999999999995));
#3407=CARTESIAN_POINT('',(-6.39956242436309,2.91141170676617,9.99999999999995));
#3408=CARTESIAN_POINT('',(-6.43402195446235,2.92847278568303,9.99999999999994));
#3409=CARTESIAN_POINT('',(-6.46119479755892,2.94130515267777,9.99999999999994));
#3410=CARTESIAN_POINT('',(-6.48890710019147,2.95399640452717,9.99999999999994));
#3411=CARTESIAN_POINT('',(-6.51703002144176,2.96630892170965,9.99999999999994));
#3412=CARTESIAN_POINT('',(-6.54555770983445,2.9781502055489,9.99999999999994));
#3413=CARTESIAN_POINT('',(-6.57446676434632,2.98973939142996,9.99999999999994));
#3414=CARTESIAN_POINT('',(-6.60964368761051,3.00314101245598,9.99999999999993));
#3415=CARTESIAN_POINT('',(-6.64645056893567,3.01613516468138,9.99999999999993));
#3416=CARTESIAN_POINT('',(-6.67775330411928,3.02654281169665,9.99999999999993));
#3417=CARTESIAN_POINT('',(-6.7123320590693,3.037519550977,9.99999999999993));
#3418=CARTESIAN_POINT('',(-6.7658133087353,3.05318840749524,9.99999999999993));
#3419=CARTESIAN_POINT('',(-6.81551430061293,3.06582782390587,9.99999999999992));
#3420=CARTESIAN_POINT('',(-6.8682782548736,3.07785642726739,9.99999999999992));
#3421=CARTESIAN_POINT('',(-6.92081616016527,3.08869608045321,9.99999999999992));
#3422=CARTESIAN_POINT('',(-6.98086316517435,3.09880341477325,9.99999999999992));
#3423=CARTESIAN_POINT('',(-7.02516452311586,3.10494843927166,9.99999999999991));
#3424=CARTESIAN_POINT('',(-7.0591159701275,3.10920249882254,9.99999999999991));
#3425=CARTESIAN_POINT('',(-7.09492864866348,3.11311293406749,9.99999999999991));
#3426=CARTESIAN_POINT('',(-7.13516920235594,3.11662410762468,9.99999999999991));
#3427=CARTESIAN_POINT('',(-7.16319143311378,3.11858909600773,9.99999999999991));
#3428=CARTESIAN_POINT('',(-7.19096238943844,3.12026677681705,9.99999999999991));
#3429=CARTESIAN_POINT('',(-7.22186874925353,3.12175182637457,9.99999999999991));
#3430=CARTESIAN_POINT('',(-7.24998841355054,3.12258519950439,9.99999999999991));
#3431=CARTESIAN_POINT('',(-7.27889605877464,3.12316717745838,9.9999999999999));
#3432=CARTESIAN_POINT('',(-7.29467926573039,3.12331868265453,9.9999999999999));
#3433=CARTESIAN_POINT('',(-7.3093661385921,3.12331864868645,9.9999999999999));
#3434=CARTESIAN_POINT('',(-8.84650848752778,2.38303516098268,10.));
#3435=CARTESIAN_POINT('',(-7.3093661385921,3.12331864868645,10.));
#3436=CARTESIAN_POINT('',(-7.3131460479918,3.12331865020595,10.));
#3437=CARTESIAN_POINT('',(-7.31998942994274,3.1233018403523,10.));
#3438=CARTESIAN_POINT('',(-7.32753557411347,3.12324951266063,10.));
#3439=CARTESIAN_POINT('',(-7.33297826381575,3.1231983041144,10.));
#3440=CARTESIAN_POINT('',(-7.33776610917555,3.1231457638563,10.));
#3441=CARTESIAN_POINT('',(-7.34524223839665,3.1230435435857,10.));
#3442=CARTESIAN_POINT('',(-7.35452379227313,3.12288098885063,10.));
#3443=CARTESIAN_POINT('',(-7.36497995796632,3.12264998167259,10.));
#3444=CARTESIAN_POINT('',(-7.37491770882122,3.12238333678474,10.));
#3445=CARTESIAN_POINT('',(-7.38335426679755,3.12212026432892,10.));
#3446=CARTESIAN_POINT('',(-7.38921451278376,3.12191826281971,10.));
#3447=CARTESIAN_POINT('',(-7.39541967191404,3.12169174635757,10.));
#3448=CARTESIAN_POINT('',(-7.4029427951013,3.12139548848627,10.));
#3449=CARTESIAN_POINT('',(-7.41301718981628,3.12095383703762,10.));
#3450=CARTESIAN_POINT('',(-7.42361482974621,3.1204391654608,10.));
#3451=CARTESIAN_POINT('',(-7.43486850091477,3.11983575032832,10.));
#3452=CARTESIAN_POINT('',(-7.44657474955428,3.11914528455122,10.));
#3453=CARTESIAN_POINT('',(-7.45880982881105,3.11835516949764,10.));
#3454=CARTESIAN_POINT('',(-7.4701789262872,3.11755444465497,10.));
#3455=CARTESIAN_POINT('',(-7.47889647913757,3.11689480510163,10.));
#3456=CARTESIAN_POINT('',(-7.48811012554817,3.116168244118,10.));
#3457=CARTESIAN_POINT('',(-7.49909354804227,3.115253863505,10.));
#3458=CARTESIAN_POINT('',(-7.5139300097859,3.113915432875,10.));
#3459=CARTESIAN_POINT('',(-7.52946563330463,3.11239961519931,10.));
#3460=CARTESIAN_POINT('',(-7.54596296961838,3.11066023294466,10.));
#3461=CARTESIAN_POINT('',(-7.56322392464118,3.10869549303736,10.));
#3462=CARTESIAN_POINT('',(-7.57865849652383,3.10680161594829,10.));
#3463=CARTESIAN_POINT('',(-7.5910445680116,3.10519135028833,10.));
#3464=CARTESIAN_POINT('',(-7.60409489301024,3.1034308285196,10.));
#3465=CARTESIAN_POINT('',(-7.62058018675042,3.10108735987611,10.));
#3466=CARTESIAN_POINT('',(-7.64146313877792,3.09789592934562,10.));
#3467=CARTESIAN_POINT('',(-7.66327665754403,3.09431748918432,10.));
#3468=CARTESIAN_POINT('',(-7.68086482362511,3.09122464713552,10.));
#3469=CARTESIAN_POINT('',(-7.69627395671727,3.08838495047339,10.));
#3470=CARTESIAN_POINT('',(-7.71231650078515,3.0853259767373,10.));
#3471=CARTESIAN_POINT('',(-7.73377702926129,3.08100061787955,10.));
#3472=CARTESIAN_POINT('',(-7.75890969243372,3.07558948889651,10.));
#3473=CARTESIAN_POINT('',(-7.78487950126026,3.06962414518611,10.));
#3474=CARTESIAN_POINT('',(-7.80260716410815,3.06528057560336,10.));
#3475=CARTESIAN_POINT('',(-7.82124048733758,3.06056684821032,10.));
#3476=CARTESIAN_POINT('',(-7.84071748740943,3.05547414420692,10.));
#3477=CARTESIAN_POINT('',(-7.87049412477374,3.04717071150974,10.));
#3478=CARTESIAN_POINT('',(-7.89957951781943,3.0385212610849,10.));
#3479=CARTESIAN_POINT('',(-7.92066040205871,3.03187238434266,10.));
#3480=CARTESIAN_POINT('',(-7.94255597447005,3.02474347134639,10.));
#3481=CARTESIAN_POINT('',(-7.96682723132641,3.01653735276778,10.));
#3482=CARTESIAN_POINT('',(-7.99311904044518,3.00707187412064,10.));
#3483=CARTESIAN_POINT('',(-8.01586341352401,2.99853808532233,10.));
#3484=CARTESIAN_POINT('',(-8.0392845401176,2.98947527783685,10.));
#3485=CARTESIAN_POINT('',(-8.06599859900261,2.97860333366765,10.));
#3486=CARTESIAN_POINT('',(-8.08993014722595,2.96838092012698,10.));
#3487=CARTESIAN_POINT('',(-8.11444572177265,2.95758792519511,10.));
#3488=CARTESIAN_POINT('',(-8.14429320720724,2.94388783703267,10.));
#3489=CARTESIAN_POINT('',(-8.17817525463387,2.92739132685737,10.));
#3490=CARTESIAN_POINT('',(-8.20342917459093,2.91446671175472,10.));
#3491=CARTESIAN_POINT('',(-8.22914189230282,2.90092288429461,10.));
#3492=CARTESIAN_POINT('',(-8.2587081963517,2.88475879907944,10.));
#3493=CARTESIAN_POINT('',(-8.29261378377804,2.8651508706969,10.));
#3494=CARTESIAN_POINT('',(-8.31815760001829,2.84969889458571,10.));
#3495=CARTESIAN_POINT('',(-8.34394783343405,2.83366948208217,10.));
#3496=CARTESIAN_POINT('',(-8.36835720879116,2.81793390335637,10.));
#3497=CARTESIAN_POINT('',(-8.39402714249248,2.80070120451638,10.));
#3498=CARTESIAN_POINT('',(-8.41985299480483,2.78290264280042,10.));
#3499=CARTESIAN_POINT('',(-8.45159330935243,2.76018137275626,10.));
#3500=CARTESIAN_POINT('',(-8.48053527370816,2.73838367384463,10.0000000000001));
#3501=CARTESIAN_POINT('',(-8.5059386453744,2.71863264977161,10.0000000000001));
#3502=CARTESIAN_POINT('',(-8.53138405688751,2.69835254633427,10.0000000000001));
#3503=CARTESIAN_POINT('',(-8.56559438617256,2.66991440354108,10.0000000000001));
#3504=CARTESIAN_POINT('',(-8.60046761505575,2.63950741721699,10.0000000000001));
#3505=CARTESIAN_POINT('',(-8.6248538173324,2.61732653827971,10.0000000000001));
#3506=CARTESIAN_POINT('',(-8.64913350521414,2.59473201586347,10.0000000000001));
#3507=CARTESIAN_POINT('',(-8.67541180160998,2.56960735728091,10.0000000000001));
#3508=CARTESIAN_POINT('',(-8.71058280684248,2.53445165824156,10.0000000000001));
#3509=CARTESIAN_POINT('',(-8.73672189414454,2.50717469020321,10.0000000000001));
#3510=CARTESIAN_POINT('',(-8.75926355101292,2.4830138479392,10.0000000000001));
#3511=CARTESIAN_POINT('',(-8.78195640893738,2.45817710523368,10.0000000000001));
#3512=CARTESIAN_POINT('',(-8.80680944313186,2.4299843400381,10.0000000000001));
#3513=CARTESIAN_POINT('',(-8.82937025126195,2.40358826149363,10.0000000000001));
#3514=CARTESIAN_POINT('',(-8.84072775204717,2.39001676330571,10.0000000000001));
#3515=CARTESIAN_POINT('',(-8.84650848752778,2.38303516098268,10.0000000000001));
#3516=CARTESIAN_POINT('',(-9.45946122486915,-0.0453065139492881,10.));
#3517=CARTESIAN_POINT('',(-8.84650848752778,2.38303516098268,10.));
#3518=CARTESIAN_POINT('',(-8.85148473495699,2.37702521040443,10.));
#3519=CARTESIAN_POINT('',(-8.86117883460283,2.36515338476055,10.));
#3520=CARTESIAN_POINT('',(-8.8785285137357,2.34332328873988,10.));
#3521=CARTESIAN_POINT('',(-8.89128948931173,2.32669075704144,9.99999999999999));
#3522=CARTESIAN_POINT('',(-8.90502182859959,2.30837136582909,9.99999999999999));
#3523=CARTESIAN_POINT('',(-8.91499529284306,2.29482547222161,9.99999999999999));
#3524=CARTESIAN_POINT('',(-8.926924144545,2.2781740859203,9.99999999999999));
#3525=CARTESIAN_POINT('',(-8.93592316095625,2.26537353613094,9.99999999999999));
#3526=CARTESIAN_POINT('',(-8.9430693009722,2.25504864551129,9.99999999999999));
#3527=CARTESIAN_POINT('',(-8.94849592452859,2.24710079481323,9.99999999999999));
#3528=CARTESIAN_POINT('',(-8.95425729579608,2.23859094670213,9.99999999999999));
#3529=CARTESIAN_POINT('',(-8.96135238600663,2.22798826102509,9.99999999999999));
#3530=CARTESIAN_POINT('',(-8.97088311874599,2.21347576916538,9.99999999999999));
#3531=CARTESIAN_POINT('',(-8.98117756278067,2.19747921131271,9.99999999999999));
#3532=CARTESIAN_POINT('',(-8.99207990440717,2.18016167968465,9.99999999999998));
#3533=CARTESIAN_POINT('',(-9.00482808385262,2.15942652921681,9.99999999999998));
#3534=CARTESIAN_POINT('',(-9.01399012097617,2.14408819943442,9.99999999999998));
#3535=CARTESIAN_POINT('',(-9.02502473898565,2.12529259998094,9.99999999999998));
#3536=CARTESIAN_POINT('',(-9.03683561701197,2.10478191491188,9.99999999999998));
#3537=CARTESIAN_POINT('',(-9.05302649860726,2.0755769515641,9.99999999999998));
#3538=CARTESIAN_POINT('',(-9.06844720803563,2.04674213941152,9.99999999999997));
#3539=CARTESIAN_POINT('',(-9.08207220873343,2.02039540079013,9.99999999999997));
#3540=CARTESIAN_POINT('',(-9.09197654836337,2.00063300184432,9.99999999999997));
#3541=CARTESIAN_POINT('',(-9.10245647545802,1.97933148213416,9.99999999999997));
#3542=CARTESIAN_POINT('',(-9.11649303320007,1.95011080052985,9.99999999999997));
#3543=CARTESIAN_POINT('',(-9.13666046648797,1.90607212640784,9.99999999999996));
#3544=CARTESIAN_POINT('',(-9.15847102351448,1.85561199467225,9.99999999999996));
#3545=CARTESIAN_POINT('',(-9.17293075363438,1.82011143375529,9.99999999999996));
#3546=CARTESIAN_POINT('',(-9.18621941937765,1.78646099188103,9.99999999999996));
#3547=CARTESIAN_POINT('',(-9.19858447778951,1.75426159594991,9.99999999999995));
#3548=CARTESIAN_POINT('',(-9.21866618610888,1.69910548363493,9.99999999999995));
#3549=CARTESIAN_POINT('',(-9.24277783166333,1.6282554213421,9.99999999999994));
#3550=CARTESIAN_POINT('',(-9.26011794715994,1.57233888203366,9.99999999999994));
#3551=CARTESIAN_POINT('',(-9.27944595038288,1.5066271222489,9.99999999999994));
#3552=CARTESIAN_POINT('',(-9.29685015640703,1.44382788702003,9.99999999999993));
#3553=CARTESIAN_POINT('',(-9.31802029543032,1.35889610170332,9.99999999999993));
#3554=CARTESIAN_POINT('',(-9.33488433550321,1.28500620975859,9.99999999999992));
#3555=CARTESIAN_POINT('',(-9.34530727255782,1.23552283173962,9.99999999999992));
#3556=CARTESIAN_POINT('',(-9.35726573986138,1.17596943332733,9.99999999999992));
#3557=CARTESIAN_POINT('',(-9.37349252297644,1.08947139956533,9.99999999999991));
#3558=CARTESIAN_POINT('',(-9.39515947579453,0.954159901178449,9.99999999999991));
#3559=CARTESIAN_POINT('',(-9.40942533664009,0.844219012011444,9.9999999999999));
#3560=CARTESIAN_POINT('',(-9.42016224071338,0.749980132131971,9.99999999999989));
#3561=CARTESIAN_POINT('',(-9.42732565157537,0.680517681586317,9.99999999999989));
#3562=CARTESIAN_POINT('',(-9.43501631682452,0.593087214193936,9.99999999999989));
#3563=CARTESIAN_POINT('',(-9.4406891577162,0.518209981487108,9.99999999999988));
#3564=CARTESIAN_POINT('',(-9.44518399923391,0.449532970644083,9.99999999999988));
#3565=CARTESIAN_POINT('',(-9.44883531911417,0.384597842552217,9.99999999999987));
#3566=CARTESIAN_POINT('',(-9.45145989677468,0.329322406997616,9.99999999999987));
#3567=CARTESIAN_POINT('',(-9.4531883480299,0.287076321993574,9.99999999999987));
#3568=CARTESIAN_POINT('',(-9.45471850926519,0.245599164733232,9.99999999999987));
#3569=CARTESIAN_POINT('',(-9.45627530237475,0.195955521076205,9.99999999999986));
#3570=CARTESIAN_POINT('',(-9.45773246160107,0.134929065993372,9.99999999999986));
#3571=CARTESIAN_POINT('',(-9.45874285735406,0.074464385484895,9.99999999999986));
#3572=CARTESIAN_POINT('',(-9.45922102179041,0.0258739855381234,9.99999999999986));
#3573=CARTESIAN_POINT('',(-9.45942463823326,-0.0140009316500374,9.99999999999985));
#3574=CARTESIAN_POINT('',(-9.45946122148544,-0.0339160093206794,9.99999999999985));
#3575=CARTESIAN_POINT('',(-9.45946122486915,-0.0453065139492894,9.99999999999985));
#3576=CARTESIAN_POINT('',(-8.82764038327051,-2.38402476431169,10.));
#3577=CARTESIAN_POINT('',(-9.45946122486915,-0.0453065139492883,10.));
#3578=CARTESIAN_POINT('',(-9.45946121610388,-0.0601134313460749,10.));
#3579=CARTESIAN_POINT('',(-9.45937582639484,-0.090307004579329,10.));
#3580=CARTESIAN_POINT('',(-9.45891056544148,-0.143626114522044,10.));
#3581=CARTESIAN_POINT('',(-9.45827219410593,-0.182498665101805,10.));
#3582=CARTESIAN_POINT('',(-9.45743852715171,-0.221666812183037,9.99999999999999));
#3583=CARTESIAN_POINT('',(-9.45671670587723,-0.250997361498577,9.99999999999999));
#3584=CARTESIAN_POINT('',(-9.45532702205627,-0.296174648296286,9.99999999999999));
#3585=CARTESIAN_POINT('',(-9.45361695537335,-0.342197162936195,9.99999999999999));
#3586=CARTESIAN_POINT('',(-9.4521089239766,-0.376126677237536,9.99999999999999));
#3587=CARTESIAN_POINT('',(-9.45061388973031,-0.406952428812242,9.99999999999999));
#3588=CARTESIAN_POINT('',(-9.44924312758541,-0.433426084278379,9.99999999999999));
#3589=CARTESIAN_POINT('',(-9.44705581087257,-0.471335040682919,9.99999999999999));
#3590=CARTESIAN_POINT('',(-9.44459581344616,-0.509993697248523,9.99999999999999));
#3591=CARTESIAN_POINT('',(-9.44171543303517,-0.551078006452212,9.99999999999998));
#3592=CARTESIAN_POINT('',(-9.43831238348496,-0.595140166538843,9.99999999999998));
#3593=CARTESIAN_POINT('',(-9.43445268074538,-0.640549112096695,9.99999999999998));
#3594=CARTESIAN_POINT('',(-9.43151944406703,-0.672040082411381,9.99999999999998));
#3595=CARTESIAN_POINT('',(-9.42834211315755,-0.704640977512507,9.99999999999998));
#3596=CARTESIAN_POINT('',(-9.42479483751348,-0.739348929922763,9.99999999999998));
#3597=CARTESIAN_POINT('',(-9.41895831161185,-0.791573474173037,9.99999999999998));
#3598=CARTESIAN_POINT('',(-9.41236235546113,-0.845607119109283,9.99999999999998));
#3599=CARTESIAN_POINT('',(-9.40337827765223,-0.913088985581117,9.99999999999997));
#3600=CARTESIAN_POINT('',(-9.38968914159549,-1.00525061810429,9.99999999999997));
#3601=CARTESIAN_POINT('',(-9.37696242727919,-1.07879366999985,9.99999999999997));
#3602=CARTESIAN_POINT('',(-9.36026148884676,-1.16730766378234,9.99999999999996));
#3603=CARTESIAN_POINT('',(-9.34326156567015,-1.25002959973315,9.99999999999996));
#3604=CARTESIAN_POINT('',(-9.31756546743058,-1.35754743906729,9.99999999999996));
#3605=CARTESIAN_POINT('',(-9.29489722851012,-1.44254121131017,9.99999999999996));
#3606=CARTESIAN_POINT('',(-9.27545482719556,-1.50962857607908,9.99999999999995));
#3607=CARTESIAN_POINT('',(-9.26196230171696,-1.55300398150587,9.99999999999995));
#3608=CARTESIAN_POINT('',(-9.24878830424266,-1.59390973902703,9.99999999999995));
#3609=CARTESIAN_POINT('',(-9.23469276918934,-1.63610219869121,9.99999999999995));
#3610=CARTESIAN_POINT('',(-9.21328798875434,-1.69601664583639,9.99999999999995));
#3611=CARTESIAN_POINT('',(-9.19093903073392,-1.75460569346984,9.99999999999994));
#3612=CARTESIAN_POINT('',(-9.16762543417906,-1.81193685217135,9.99999999999994));
#3613=CARTESIAN_POINT('',(-9.14832259401389,-1.85652450308106,9.99999999999994));
#3614=CARTESIAN_POINT('',(-9.13173959138257,-1.8932204935348,9.99999999999994));
#3615=CARTESIAN_POINT('',(-9.1150596186418,-1.92903463475466,9.99999999999994));
#3616=CARTESIAN_POINT('',(-9.09266060977988,-1.97487006038603,9.99999999999994));
#3617=CARTESIAN_POINT('',(-9.06605918114852,-2.02620392004702,9.99999999999994));
#3618=CARTESIAN_POINT('',(-9.04010928460311,-2.07347037621924,9.99999999999994));
#3619=CARTESIAN_POINT('',(-9.02124675870639,-2.10606675302322,9.99999999999993));
#3620=CARTESIAN_POINT('',(-9.00234631088628,-2.13781658796059,9.99999999999993));
#3621=CARTESIAN_POINT('',(-8.98184990371412,-2.17116354767292,9.99999999999993));
#3622=CARTESIAN_POINT('',(-8.95243864910329,-2.21645220803779,9.99999999999993));
#3623=CARTESIAN_POINT('',(-8.92302416935806,-2.25934886175587,9.99999999999993));
#3624=CARTESIAN_POINT('',(-8.9023876253368,-2.28791226108163,9.99999999999993));
#3625=CARTESIAN_POINT('',(-8.88168482035612,-2.31580449187925,9.99999999999993));
#3626=CARTESIAN_POINT('',(-8.86015682407219,-2.34400262490957,9.99999999999993));
#3627=CARTESIAN_POINT('',(-8.83855968769,-2.37082335672158,9.99999999999993));
#3628=CARTESIAN_POINT('',(-8.82764038327051,-2.38402476431169,9.99999999999993));
#3629=CARTESIAN_POINT('',(-7.26219584968795,-3.14789339646754,10.));
#3630=CARTESIAN_POINT('',(-8.82764038327051,-2.38402476431169,10.));
#3631=CARTESIAN_POINT('',(-8.82591589222925,-2.3861096666957,10.));
#3632=CARTESIAN_POINT('',(-8.82243637298656,-2.39030369035442,10.));
#3633=CARTESIAN_POINT('',(-8.81724309647438,-2.39652521186404,10.));
#3634=CARTESIAN_POINT('',(-8.81368796896315,-2.40075841782331,10.));
#3635=CARTESIAN_POINT('',(-8.81005343613694,-2.4050725707376,10.));
#3636=CARTESIAN_POINT('',(-8.80625485192961,-2.40956624916673,10.));
#3637=CARTESIAN_POINT('',(-8.79988912970019,-2.41704775816463,10.));
#3638=CARTESIAN_POINT('',(-8.79263204791548,-2.42550940601019,10.));
#3639=CARTESIAN_POINT('',(-8.78441498748514,-2.43500012974155,10.));
#3640=CARTESIAN_POINT('',(-8.77724585407078,-2.44319980252007,10.));
#3641=CARTESIAN_POINT('',(-8.77213126461109,-2.44900419379475,10.));
#3642=CARTESIAN_POINT('',(-8.76748653773699,-2.45425430312049,10.));
#3643=CARTESIAN_POINT('',(-8.76187905919666,-2.46055867274393,10.));
#3644=CARTESIAN_POINT('',(-8.75429641055625,-2.4690098903304,10.));
#3645=CARTESIAN_POINT('',(-8.74622428587677,-2.47792445270145,10.));
#3646=CARTESIAN_POINT('',(-8.73770674517327,-2.48723984506294,10.));
#3647=CARTESIAN_POINT('',(-8.72864841950569,-2.49704449013097,10.));
#3648=CARTESIAN_POINT('',(-8.71920718131432,-2.50715232517564,10.));
#3649=CARTESIAN_POINT('',(-8.71273220479318,-2.51400592607433,10.));
#3650=CARTESIAN_POINT('',(-8.70600213626557,-2.52108826522087,10.));
#3651=CARTESIAN_POINT('',(-8.6988803897242,-2.52853678462066,10.));
#3652=CARTESIAN_POINT('',(-8.68778968800554,-2.53999071707989,10.));
#3653=CARTESIAN_POINT('',(-8.67602415459081,-2.55197775042474,10.));
#3654=CARTESIAN_POINT('',(-8.66338483473158,-2.56467032818405,10.));
#3655=CARTESIAN_POINT('',(-8.64989421198988,-2.57800977643934,10.));
#3656=CARTESIAN_POINT('',(-8.63935798509654,-2.58825479048987,10.));
#3657=CARTESIAN_POINT('',(-8.62927365929464,-2.59795551869588,10.));
#3658=CARTESIAN_POINT('',(-8.6186475498892,-2.60808186286008,10.0000000000001));
#3659=CARTESIAN_POINT('',(-8.60333941800102,-2.62242186042127,10.0000000000001));
#3660=CARTESIAN_POINT('',(-8.58900061183483,-2.63558415365594,10.0000000000001));
#3661=CARTESIAN_POINT('',(-8.57712846105917,-2.64630747637559,10.0000000000001));
#3662=CARTESIAN_POINT('',(-8.56467598708199,-2.65743181991181,10.0000000000001));
#3663=CARTESIAN_POINT('',(-8.54869898052837,-2.67146268220843,10.0000000000001));
#3664=CARTESIAN_POINT('',(-8.53362324075995,-2.68438868096156,10.0000000000001));
#3665=CARTESIAN_POINT('',(-8.51997171294328,-2.69590919315351,10.0000000000001));
#3666=CARTESIAN_POINT('',(-8.50572031214681,-2.70778131242415,10.0000000000001));
#3667=CARTESIAN_POINT('',(-8.48574674907551,-2.72404347303062,10.0000000000001));
#3668=CARTESIAN_POINT('',(-8.46296907429464,-2.74207711855959,10.0000000000001));
#3669=CARTESIAN_POINT('',(-8.43924452935012,-2.76031961304815,10.0000000000001));
#3670=CARTESIAN_POINT('',(-8.41459942958671,-2.77869913365764,10.0000000000001));
#3671=CARTESIAN_POINT('',(-8.39632805782923,-2.79189167310198,10.0000000000001));
#3672=CARTESIAN_POINT('',(-8.3786320007634,-2.80442365818142,10.0000000000001));
#3673=CARTESIAN_POINT('',(-8.36022736513978,-2.81722877666585,10.0000000000001));
#3674=CARTESIAN_POINT('',(-8.33317508410355,-2.83542685990592,10.0000000000001));
#3675=CARTESIAN_POINT('',(-8.30348327226136,-2.85464409788825,10.0000000000001));
#3676=CARTESIAN_POINT('',(-8.27231622233008,-2.8740023865733,10.0000000000001));
#3677=CARTESIAN_POINT('',(-8.24001894092632,-2.89320373704469,10.0000000000001));
#3678=CARTESIAN_POINT('',(-8.21769676589653,-2.90587602477366,10.0000000000001));
#3679=CARTESIAN_POINT('',(-8.195095637656,-2.91839831389352,10.0000000000001));
#3680=CARTESIAN_POINT('',(-8.17185306524567,-2.93096106788744,10.0000000000001));
#3681=CARTESIAN_POINT('',(-8.13640952810658,-2.94916795702139,10.0000000000001));
#3682=CARTESIAN_POINT('',(-8.10749273291048,-2.96323295241871,10.0000000000001));
#3683=CARTESIAN_POINT('',(-8.08255863165938,-2.9748930692604,10.0000000000002));
#3684=CARTESIAN_POINT('',(-8.0571527040963,-2.98642750093761,10.0000000000002));
#3685=CARTESIAN_POINT('',(-8.03015225770028,-2.99808642489908,10.0000000000002));
#3686=CARTESIAN_POINT('',(-8.00403376506563,-3.00884436082969,10.0000000000002));
#3687=CARTESIAN_POINT('',(-7.97759584890751,-3.01937743867298,10.0000000000002));
#3688=CARTESIAN_POINT('',(-7.94379789669892,-3.03214921933871,10.0000000000002));
#3689=CARTESIAN_POINT('',(-7.90968671815553,-3.04413766602575,10.0000000000002));
#3690=CARTESIAN_POINT('',(-7.88250751009729,-3.05314945147779,10.0000000000002));
#3691=CARTESIAN_POINT('',(-7.85518033014367,-3.06185850243242,10.0000000000002));
#3692=CARTESIAN_POINT('',(-7.82120736997674,-3.0720487079409,10.0000000000002));
#3693=CARTESIAN_POINT('',(-7.77966896170191,-3.08346790344821,10.0000000000002));
#3694=CARTESIAN_POINT('',(-7.74326662059595,-3.09258101314404,10.0000000000002));
#3695=CARTESIAN_POINT('',(-7.71054671793345,-3.10013677435311,10.0000000000002));
#3696=CARTESIAN_POINT('',(-7.6729376780735,-3.10822431598345,10.0000000000002));
#3697=CARTESIAN_POINT('',(-7.62482210593318,-3.11740969145834,10.0000000000002));
#3698=CARTESIAN_POINT('',(-7.57720861185007,-3.12504524850557,10.0000000000002));
#3699=CARTESIAN_POINT('',(-7.54370913340891,-3.12967039230081,10.0000000000002));
#3700=CARTESIAN_POINT('',(-7.514892685038,-3.13333178996925,10.0000000000002));
#3701=CARTESIAN_POINT('',(-7.48125139329761,-3.13711569485308,10.0000000000002));
#3702=CARTESIAN_POINT('',(-7.44096450263278,-3.14078738076516,10.0000000000002));
#3703=CARTESIAN_POINT('',(-7.41234816165251,-3.14286142963116,10.0000000000002));
#3704=CARTESIAN_POINT('',(-7.38381403562154,-3.14464216924405,10.0000000000003));
#3705=CARTESIAN_POINT('',(-7.35249893897719,-3.14621881470776,10.0000000000003));
#3706=CARTESIAN_POINT('',(-7.323426109444,-3.14711037059969,10.0000000000003));
#3707=CARTESIAN_POINT('',(-7.29336565381484,-3.14773384261135,10.0000000000003));
#3708=CARTESIAN_POINT('',(-7.27751923591529,-3.14789343594999,10.0000000000003));
#3709=CARTESIAN_POINT('',(-7.26219584968795,-3.14789339646754,10.0000000000003));
#3710=CARTESIAN_POINT('',(-5.64958114024516,-2.39817582837415,10.));
#3711=CARTESIAN_POINT('',(-7.26219584936769,-3.14789339646754,10.));
#3712=CARTESIAN_POINT('',(-7.25519728334247,-3.14789339944043,10.));
#3713=CARTESIAN_POINT('',(-7.23659080877434,-3.14781579391475,10.));
#3714=CARTESIAN_POINT('',(-7.21558830987668,-3.14749272694501,9.99999999999999));
#3715=CARTESIAN_POINT('',(-7.18500238111615,-3.14675938742916,9.99999999999999));
#3716=CARTESIAN_POINT('',(-7.1640283204866,-3.14601112605382,9.99999999999999));
#3717=CARTESIAN_POINT('',(-7.13137888257571,-3.14446272953321,9.99999999999999));
#3718=CARTESIAN_POINT('',(-7.10242733542395,-3.14279394920894,9.99999999999998));
#3719=CARTESIAN_POINT('',(-7.06929161276688,-3.1403037082936,9.99999999999998));
#3720=CARTESIAN_POINT('',(-7.04665259456752,-3.13831572326426,9.99999999999998));
#3721=CARTESIAN_POINT('',(-7.02689661820257,-3.13645120161196,9.99999999999998));
#3722=CARTESIAN_POINT('',(-6.99921548141089,-3.13358522327571,9.99999999999998));
#3723=CARTESIAN_POINT('',(-6.96018640422487,-3.12889813454197,9.99999999999997));
#3724=CARTESIAN_POINT('',(-6.91541410051544,-3.1226054266574,9.99999999999997));
#3725=CARTESIAN_POINT('',(-6.88406223233598,-3.11750395662725,9.99999999999996));
#3726=CARTESIAN_POINT('',(-6.85550929476239,-3.1125093028379,9.99999999999996));
#3727=CARTESIAN_POINT('',(-6.82954027168683,-3.10771728159322,9.99999999999996));
#3728=CARTESIAN_POINT('',(-6.79092292381302,-3.09985059018658,9.99999999999995));
#3729=CARTESIAN_POINT('',(-6.75088322062077,-3.09086538896452,9.99999999999995));
#3730=CARTESIAN_POINT('',(-6.71045891144532,-3.08092103392933,9.99999999999995));
#3731=CARTESIAN_POINT('',(-6.68141323663536,-3.07313149294706,9.99999999999994));
#3732=CARTESIAN_POINT('',(-6.65471242904224,-3.06562113813849,9.99999999999994));
#3733=CARTESIAN_POINT('',(-6.62408380033516,-3.05666043508998,9.99999999999994));
#3734=CARTESIAN_POINT('',(-6.57891735151225,-3.04233164143827,9.99999999999993));
#3735=CARTESIAN_POINT('',(-6.54469657537448,-3.03043151451446,9.99999999999993));
#3736=CARTESIAN_POINT('',(-6.51062232323059,-3.01804512224633,9.99999999999993));
#3737=CARTESIAN_POINT('',(-6.4817732163775,-3.00708709471904,9.99999999999992));
#3738=CARTESIAN_POINT('',(-6.44775444732245,-2.9932380942951,9.99999999999992));
#3739=CARTESIAN_POINT('',(-6.41329510637044,-2.97862602368879,9.99999999999992));
#3740=CARTESIAN_POINT('',(-6.37288527398537,-2.96055091452666,9.99999999999991));
#3741=CARTESIAN_POINT('',(-6.33733979394294,-2.94337613501187,9.99999999999991));
#3742=CARTESIAN_POINT('',(-6.30722366764416,-2.92822631697989,9.99999999999991));
#3743=CARTESIAN_POINT('',(-6.28121527927198,-2.91477254362593,9.9999999999999));
#3744=CARTESIAN_POINT('',(-6.23949310508031,-2.89204478139494,9.9999999999999));
#3745=CARTESIAN_POINT('',(-6.19764937713637,-2.86779665473505,9.9999999999999));
#3746=CARTESIAN_POINT('',(-6.16393773833155,-2.84709218022827,9.99999999999989));
#3747=CARTESIAN_POINT('',(-6.13040174165747,-2.82580013366844,9.99999999999989));
#3748=CARTESIAN_POINT('',(-6.09635684409129,-2.80324955953072,9.99999999999989));
#3749=CARTESIAN_POINT('',(-6.055387845326,-2.77456505948606,9.99999999999988));
#3750=CARTESIAN_POINT('',(-6.02662565703323,-2.75347204364276,9.99999999999988));
#3751=CARTESIAN_POINT('',(-6.00252345520916,-2.73524126157003,9.99999999999988));
#3752=CARTESIAN_POINT('',(-5.97850747329222,-2.71666385172697,9.99999999999988));
#3753=CARTESIAN_POINT('',(-5.9472204355147,-2.69157288624297,9.99999999999987));
#3754=CARTESIAN_POINT('',(-5.91207770232606,-2.66214404122723,9.99999999999987));
#3755=CARTESIAN_POINT('',(-5.88460628328054,-2.63814521238571,9.99999999999987));
#3756=CARTESIAN_POINT('',(-5.86175883031878,-2.61760775017072,9.99999999999986));
#3757=CARTESIAN_POINT('',(-5.83902872719225,-2.59675169438227,9.99999999999986));
#3758=CARTESIAN_POINT('',(-5.80966762314856,-2.56891160793967,9.99999999999986));
#3759=CARTESIAN_POINT('',(-5.77675093541724,-2.53643624068724,9.99999999999986));
#3760=CARTESIAN_POINT('',(-5.7534925635495,-2.51258585393077,9.99999999999985));
#3761=CARTESIAN_POINT('',(-5.73230649111023,-2.49037953549336,9.99999999999985));
#3762=CARTESIAN_POINT('',(-5.71107924614379,-2.4677075380364,9.99999999999985));
#3763=CARTESIAN_POINT('',(-5.68682607684561,-2.44090043762078,9.99999999999985));
#3764=CARTESIAN_POINT('',(-5.66575613494294,-2.41696497806656,9.99999999999985));
#3765=CARTESIAN_POINT('',(-5.6551582968893,-2.40469632357343,9.99999999999984));
#3766=CARTESIAN_POINT('',(-5.64958114024516,-2.39817582837415,9.99999999999984));
#3767=CARTESIAN_POINT('',(-5.00832621825691,-0.177325365262836,10.));
#3768=CARTESIAN_POINT('',(-5.64958114024516,-2.39817582837415,10.));
#3769=CARTESIAN_POINT('',(-5.64664557125868,-2.39474373707946,10.));
#3770=CARTESIAN_POINT('',(-5.64134656027474,-2.38850655079542,10.));
#3771=CARTESIAN_POINT('',(-5.63543941441985,-2.38146819114923,9.99999999999999));
#3772=CARTESIAN_POINT('',(-5.63125675969783,-2.37644976874008,9.99999999999999));
#3773=CARTESIAN_POINT('',(-5.62757051464955,-2.37200803469562,9.99999999999999));
#3774=CARTESIAN_POINT('',(-5.62142124686675,-2.36454562614357,9.99999999999999));
#3775=CARTESIAN_POINT('',(-5.61192798824588,-2.35289040052503,9.99999999999999));
#3776=CARTESIAN_POINT('',(-5.60055656687399,-2.33867497927193,9.99999999999998));
#3777=CARTESIAN_POINT('',(-5.59110297967027,-2.32662085331418,9.99999999999998));
#3778=CARTESIAN_POINT('',(-5.58186101600613,-2.31469409284895,9.99999999999998));
#3779=CARTESIAN_POINT('',(-5.57206420819755,-2.30188064957446,9.99999999999997));
#3780=CARTESIAN_POINT('',(-5.55939730377383,-2.2849621399614,9.99999999999997));
#3781=CARTESIAN_POINT('',(-5.54693739853801,-2.26796696974415,9.99999999999996));
#3782=CARTESIAN_POINT('',(-5.53551129520413,-2.25205547888433,9.99999999999996));
#3783=CARTESIAN_POINT('',(-5.52770574343111,-2.2409810071186,9.99999999999995));
#3784=CARTESIAN_POINT('',(-5.52107080961478,-2.23147458451695,9.99999999999995));
#3785=CARTESIAN_POINT('',(-5.5139031065288,-2.22111342667996,9.99999999999995));
#3786=CARTESIAN_POINT('',(-5.5034312025221,-2.20571225880612,9.99999999999994));
#3787=CARTESIAN_POINT('',(-5.49150408951994,-2.18781147218997,9.99999999999994));
#3788=CARTESIAN_POINT('',(-5.47883620002279,-2.16837374097384,9.99999999999993));
#3789=CARTESIAN_POINT('',(-5.46535434228242,-2.14718244784894,9.99999999999993));
#3790=CARTESIAN_POINT('',(-5.45149427753424,-2.12482957500973,9.99999999999992));
#3791=CARTESIAN_POINT('',(-5.44190057692855,-2.10893709000102,9.99999999999991));
#3792=CARTESIAN_POINT('',(-5.43228907771722,-2.09278495009239,9.99999999999991));
#3793=CARTESIAN_POINT('',(-5.42215335638959,-2.07550148441069,9.99999999999991));
#3794=CARTESIAN_POINT('',(-5.40695717127275,-2.04882334815309,9.9999999999999));
#3795=CARTESIAN_POINT('',(-5.39093703565317,-2.01977511612589,9.99999999999989));
#3796=CARTESIAN_POINT('',(-5.3742047887217,-1.98837364511613,9.99999999999988));
#3797=CARTESIAN_POINT('',(-5.36243047059522,-1.96545002466038,9.99999999999988));
#3798=CARTESIAN_POINT('',(-5.35070709516554,-1.94213386035965,9.99999999999987));
#3799=CARTESIAN_POINT('',(-5.33844364672053,-1.91724082525046,9.99999999999986));
#3800=CARTESIAN_POINT('',(-5.32093189233731,-1.88023940974702,9.99999999999986));
#3801=CARTESIAN_POINT('',(-5.30251634589122,-1.83956163321899,9.99999999999985));
#3802=CARTESIAN_POINT('',(-5.28574771455583,-1.80074763577958,9.99999999999983));
#3803=CARTESIAN_POINT('',(-5.27345325490007,-1.7710405256643,9.99999999999983));
#3804=CARTESIAN_POINT('',(-5.26063531921062,-1.73926178711536,9.99999999999982));
#3805=CARTESIAN_POINT('',(-5.24590264357409,-1.70142337064115,9.99999999999981));
#3806=CARTESIAN_POINT('',(-5.22421069409627,-1.64241379211621,9.9999999999998));
#3807=CARTESIAN_POINT('',(-5.20062825319413,-1.57339149758037,9.99999999999978));
#3808=CARTESIAN_POINT('',(-5.18394073068671,-1.51992955977815,9.99999999999977));
#3809=CARTESIAN_POINT('',(-5.1677531502625,-1.46547370049689,9.99999999999976));
#3810=CARTESIAN_POINT('',(-5.1536490409696,-1.41557914246486,9.99999999999975));
#3811=CARTESIAN_POINT('',(-5.1350959172642,-1.34386526498306,9.99999999999973));
#3812=CARTESIAN_POINT('',(-5.11859443056758,-1.27444527635665,9.99999999999971));
#3813=CARTESIAN_POINT('',(-5.10631330014647,-1.21782507062621,9.9999999999997));
#3814=CARTESIAN_POINT('',(-5.09634204723261,-1.16868278695833,9.99999999999969));
#3815=CARTESIAN_POINT('',(-5.0865524563917,-1.11790667442686,9.99999999999968));
#3816=CARTESIAN_POINT('',(-5.07450754744245,-1.04964965713366,9.99999999999967));
#3817=CARTESIAN_POINT('',(-5.06190029204069,-0.969263969019654,9.99999999999965));
#3818=CARTESIAN_POINT('',(-5.05100628623504,-0.890148526291978,9.99999999999963));
#3819=CARTESIAN_POINT('',(-5.04432384659077,-0.83457761089055,9.99999999999962));
#3820=CARTESIAN_POINT('',(-5.03804555184313,-0.77821105965566,9.99999999999961));
#3821=CARTESIAN_POINT('',(-5.03190500049099,-0.717660774654036,9.9999999999996));
#3822=CARTESIAN_POINT('',(-5.02457248800099,-0.630592146611162,9.99999999999958));
#3823=CARTESIAN_POINT('',(-5.01859687639955,-0.542165220360778,9.99999999999957));
#3824=CARTESIAN_POINT('',(-5.01451904618621,-0.463023319308661,9.99999999999955));
#3825=CARTESIAN_POINT('',(-5.01218320765206,-0.402841703299676,9.99999999999954));
#3826=CARTESIAN_POINT('',(-5.01028006199869,-0.341985372222913,9.99999999999953));
#3827=CARTESIAN_POINT('',(-5.00874827028738,-0.269736776983414,9.99999999999952));
#3828=CARTESIAN_POINT('',(-5.0083263266924,-0.208292515623627,9.9999999999995));
#3829=CARTESIAN_POINT('',(-5.00832621825691,-0.177325365262837,9.9999999999995));
#3830=CARTESIAN_POINT('',(-5.00832621825691,-0.177325365262836,10.));
#3831=CARTESIAN_POINT('',(-5.00832622852463,-0.16144994006478,10.));
#3832=CARTESIAN_POINT('',(-5.00841676432769,-0.129077364256688,10.));
#3833=CARTESIAN_POINT('',(-5.00891017759309,-0.0719105335627891,10.));
#3834=CARTESIAN_POINT('',(-5.00958731281099,-0.0302331155377272,10.));
#3835=CARTESIAN_POINT('',(-5.01047176048772,0.0117614016149625,10.));
#3836=CARTESIAN_POINT('',(-5.01123759044122,0.0432075432617472,10.));
#3837=CARTESIAN_POINT('',(-5.01271230540024,0.0916447586460777,10.));
#3838=CARTESIAN_POINT('',(-5.01452924427627,0.141040032673286,10.));
#3839=CARTESIAN_POINT('',(-5.01613065423028,0.177419628613656,10.));
#3840=CARTESIAN_POINT('',(-5.01772578383135,0.210623931295017,10.));
#3841=CARTESIAN_POINT('',(-5.01919768928798,0.2393087100822,10.));
#3842=CARTESIAN_POINT('',(-5.02155951142608,0.280552574474212,10.));
#3843=CARTESIAN_POINT('',(-5.02423478046856,0.322844832763921,10.));
#3844=CARTESIAN_POINT('',(-5.0273910172108,0.368038665441387,10.));
#3845=CARTESIAN_POINT('',(-5.03115432691632,0.416828129985141,10.));
#3846=CARTESIAN_POINT('',(-5.03521239519151,0.464489012306329,10.));
#3847=CARTESIAN_POINT('',(-5.03847315462101,0.499589171794638,10.));
#3848=CARTESIAN_POINT('',(-5.0422682353159,0.538566808677493,10.));
#3849=CARTESIAN_POINT('',(-5.04738371252344,0.587906120926141,10.));
#3850=CARTESIAN_POINT('',(-5.05706463867119,0.671549982673665,10.));
#3851=CARTESIAN_POINT('',(-5.07188530968569,0.783020995132319,10.));
#3852=CARTESIAN_POINT('',(-5.08759812703867,0.881996999253105,10.));
#3853=CARTESIAN_POINT('',(-5.10481550632279,0.978326237790001,10.));
#3854=CARTESIAN_POINT('',(-5.12102731612662,1.06157881989961,10.));
#3855=CARTESIAN_POINT('',(-5.14174373041333,1.15552602735508,10.));
#3856=CARTESIAN_POINT('',(-5.16165598905997,1.23723636103415,10.));
#3857=CARTESIAN_POINT('',(-5.17977027862971,1.306124493278,10.));
#3858=CARTESIAN_POINT('',(-5.1969631052991,1.36682922171424,10.));
#3859=CARTESIAN_POINT('',(-5.21060428627849,1.41215658244553,10.));
#3860=CARTESIAN_POINT('',(-5.2246313357583,1.45711456133585,10.));
#3861=CARTESIAN_POINT('',(-5.24166093795259,1.50918772568078,10.));
#3862=CARTESIAN_POINT('',(-5.26470151981009,1.5748945706535,10.));
#3863=CARTESIAN_POINT('',(-5.28879866650204,1.63909311430957,10.));
#3864=CARTESIAN_POINT('',(-5.31369548434252,1.70118106210569,10.));
#3865=CARTESIAN_POINT('',(-5.33117676922443,1.74207432963551,10.));
#3866=CARTESIAN_POINT('',(-5.34855191859862,1.78143111659388,10.));
#3867=CARTESIAN_POINT('',(-5.36589350524122,1.81953011234408,10.));
#3868=CARTESIAN_POINT('',(-5.39260220426209,1.87480796378582,10.));
#3869=CARTESIAN_POINT('',(-5.41976993662896,1.92785774560297,10.));
#3870=CARTESIAN_POINT('',(-5.4468958443132,1.97792791629606,10.));
#3871=CARTESIAN_POINT('',(-5.4657791458797,2.01097424684941,10.));
#3872=CARTESIAN_POINT('',(-5.48456501771828,2.04296005121852,10.));
#3873=CARTESIAN_POINT('',(-5.50367721134637,2.07461471563798,10.));
#3874=CARTESIAN_POINT('',(-5.53207253368315,2.11926126396826,10.));
#3875=CARTESIAN_POINT('',(-5.56069632600265,2.16205054430953,10.));
#3876=CARTESIAN_POINT('',(-5.58750525214845,2.20019806550043,10.));
#3877=CARTESIAN_POINT('',(-5.60704192564159,2.22681273893648,10.));
#3878=CARTESIAN_POINT('',(-5.62640457994066,2.25256378607858,10.));
#3879=CARTESIAN_POINT('',(-5.64785348532757,2.28028769808141,10.));
#3880=CARTESIAN_POINT('',(-5.66783431126018,2.30492461435313,10.));
#3881=CARTESIAN_POINT('',(-5.67788326837008,2.31702576358689,10.));
#3882=CARTESIAN_POINT('',(14.5,-8.37157890324958,10.));
#3883=CARTESIAN_POINT('',(14.5,8.37157890324956,10.));
#3884=CARTESIAN_POINT('',(14.5,-8.37157890324958,10.));
#3885=VECTOR('',#3886,1.);
#3886=DIRECTION('',(1.06094493041852E-15,1.,0.));
#3887=CARTESIAN_POINT('',(1.03239184176734E-14,16.7431578064991,10.));
#3888=CARTESIAN_POINT('',(14.5,8.37157890324957,10.));
#3889=VECTOR('',#3890,1.);
#3890=DIRECTION('',(-0.866025403784439,0.5,0.));
#3891=CARTESIAN_POINT('',(-14.5,8.37157890324958,10.));
#3892=CARTESIAN_POINT('',(9.76822904969052E-15,16.7431578064991,10.));
#3893=VECTOR('',#3894,1.);
#3894=DIRECTION('',(-0.866025403784439,-0.499999999999999,0.));
#3895=CARTESIAN_POINT('',(-14.5,-8.37157890324956,10.));
#3896=CARTESIAN_POINT('',(-14.5,8.37157890324959,10.));
#3897=VECTOR('',#3898,1.);
#3898=DIRECTION('',(-5.30472465209259E-16,-1.,0.));
#3899=CARTESIAN_POINT('',(-9.03791008081591E-15,-16.7431578064991,10.));
#3900=CARTESIAN_POINT('',(-14.5,-8.37157890324957,10.));
#3901=VECTOR('',#3902,1.);
#3902=DIRECTION('',(0.866025403784438,-0.500000000000001,0.));
#3903=CARTESIAN_POINT('',(-1.12947857085501E-14,-16.7431578064991,10.));
#3904=VECTOR('',#3905,1.);
#3905=DIRECTION('',(0.866025403784439,0.5,0.));
#3906=CARTESIAN_POINT('',(0.392740178854957,1.80377761819454,10.));
#3907=CARTESIAN_POINT('',(1.01408178215287,0.467139585035114,10.));
#3908=AXIS2_PLACEMENT_3D('',#3909,#3910,#3911);
#3909=CARTESIAN_POINT('',(1.31632021769898,1.42037194289894,10.));
#3910=DIRECTION('',(0.,0.,-1.));
#3911=DIRECTION('',(-0.302238435546113,-0.953232357863831,0.));
#3912=CARTESIAN_POINT('',(2.11258598935683,4.13710274560667,10.));
#3913=CARTESIAN_POINT('',(2.11258598935683,4.13710274560667,10.));
#3914=CARTESIAN_POINT('',(2.10120774416661,4.12846729200238,10.));
#3915=CARTESIAN_POINT('',(2.07824621782456,4.11087270531421,10.));
#3916=CARTESIAN_POINT('',(2.04362522431889,4.08382556062702,10.));
#3917=CARTESIAN_POINT('',(2.01329523078932,4.05965917010933,10.));
#3918=CARTESIAN_POINT('',(1.98954143948654,4.04042827185573,10.));
#3919=CARTESIAN_POINT('',(1.96521913355676,4.02053430249311,10.));
#3920=CARTESIAN_POINT('',(1.935345348772,3.99573962518568,10.));
#3921=CARTESIAN_POINT('',(1.89769772206372,3.96382513459342,10.));
#3922=CARTESIAN_POINT('',(1.85915280549886,3.93043262888235,10.));
#3923=CARTESIAN_POINT('',(1.82013606394179,3.89587233073953,10.));
#3924=CARTESIAN_POINT('',(1.78053184306135,3.85999271867658,10.));
#3925=CARTESIAN_POINT('',(1.7417055179604,3.82400436189939,10.));
#3926=CARTESIAN_POINT('',(1.71486667191534,3.7985660609501,10.));
#3927=CARTESIAN_POINT('',(1.68735002455057,3.77217674467179,10.));
#3928=CARTESIAN_POINT('',(1.65810437968881,3.74375473762959,10.));
#3929=CARTESIAN_POINT('',(1.61582640261973,3.70165236597144,10.));
#3930=CARTESIAN_POINT('',(1.57284948056823,3.65777199169945,10.));
#3931=CARTESIAN_POINT('',(1.5287994117378,3.61162311237835,10.));
#3932=CARTESIAN_POINT('',(1.48417965548815,3.56362325893611,10.));
#3933=CARTESIAN_POINT('',(1.43883870181622,3.51351297821155,10.));
#3934=CARTESIAN_POINT('',(1.40178408607495,3.47141700974826,10.));
#3935=CARTESIAN_POINT('',(1.37101933934316,3.43575051245602,10.));
#3936=CARTESIAN_POINT('',(1.33940893038126,3.39857532605764,10.));
#3937=CARTESIAN_POINT('',(1.29878364423369,3.34969359286233,10.));
#3938=CARTESIAN_POINT('',(1.25074371528734,3.29014119173367,9.99999999999999));
#3939=CARTESIAN_POINT('',(1.2023840168109,3.22833938806505,9.99999999999999));
#3940=CARTESIAN_POINT('',(1.15353696017225,3.16393801127913,9.99999999999999));
#3941=CARTESIAN_POINT('',(1.10474158618136,3.09752616553707,9.99999999999999));
#3942=CARTESIAN_POINT('',(1.07091017652911,3.04997422010904,9.99999999999999));
#3943=CARTESIAN_POINT('',(1.03860706857084,3.00376184898715,9.99999999999999));
#3944=CARTESIAN_POINT('',(1.0060367347063,2.95639355569688,9.99999999999999));
#3945=CARTESIAN_POINT('',(0.959261428526001,2.88619860407143,9.99999999999999));
#3946=CARTESIAN_POINT('',(0.911274721058567,2.81173365552484,9.99999999999999));
#3947=CARTESIAN_POINT('',(0.863617853439334,2.73523260934069,9.99999999999999));
#3948=CARTESIAN_POINT('',(0.821852291903585,2.66585558035165,9.99999999999999));
#3949=CARTESIAN_POINT('',(0.790866916059303,2.61288530957411,9.99999999999999));
#3950=CARTESIAN_POINT('',(0.759910424908497,2.55903980821159,9.99999999999999));
#3951=CARTESIAN_POINT('',(0.724196805501018,2.49544735931493,9.99999999999999));
#3952=CARTESIAN_POINT('',(0.679288621432791,2.41262932311306,9.99999999999999));
#3953=CARTESIAN_POINT('',(0.635363234534493,2.32872509380331,9.99999999999999));
#3954=CARTESIAN_POINT('',(0.5923491469264,2.24360825448732,9.99999999999999));
#3955=CARTESIAN_POINT('',(0.555562373401089,2.16818437608206,9.99999999999999));
#3956=CARTESIAN_POINT('',(0.528117672900774,2.11026296411734,9.99999999999999));
#3957=CARTESIAN_POINT('',(0.500958765756623,2.0519152068365,9.99999999999999));
#3958=CARTESIAN_POINT('',(0.4693008632861,1.98220418547975,9.99999999999999));
#3959=CARTESIAN_POINT('',(0.430364488668816,1.89333275323306,9.99999999999999));
#3960=CARTESIAN_POINT('',(0.405163419207147,1.83370383912276,9.99999999999999));
#3961=CARTESIAN_POINT('',(0.392740178854956,1.80377761819454,9.99999999999999));
#3962=CARTESIAN_POINT('',(5.78573023899443,5.23573546145825,10.));
#3963=CARTESIAN_POINT('',(5.78573023898265,5.23573546145825,10.));
#3964=CARTESIAN_POINT('',(5.76991449115692,5.23573545791295,10.));
#3965=CARTESIAN_POINT('',(5.72580060579926,5.23561939956056,10.));
#3966=CARTESIAN_POINT('',(5.67044862392152,5.23506299162868,10.));
#3967=CARTESIAN_POINT('',(5.59916989718843,5.23386274297152,10.));
#3968=CARTESIAN_POINT('',(5.52205938443043,5.23199059331485,10.));
#3969=CARTESIAN_POINT('',(5.45614641013492,5.22962130713708,10.));
#3970=CARTESIAN_POINT('',(5.39711984784399,5.22713314956419,10.));
#3971=CARTESIAN_POINT('',(5.35578512222506,5.22520360189514,10.));
#3972=CARTESIAN_POINT('',(5.29887561272221,5.22211227818121,10.));
#3973=CARTESIAN_POINT('',(5.25159937976233,5.21926004341927,10.));
#3974=CARTESIAN_POINT('',(5.20932528570965,5.216462081774,10.));
#3975=CARTESIAN_POINT('',(5.17858188577449,5.21427013331438,10.));
#3976=CARTESIAN_POINT('',(5.14619324740713,5.21186342570944,10.));
#3977=CARTESIAN_POINT('',(5.10738784428314,5.20882172463843,10.));
#3978=CARTESIAN_POINT('',(5.05324827179889,5.20420834111022,10.));
#3979=CARTESIAN_POINT('',(4.99587688876592,5.19889226246164,10.));
#3980=CARTESIAN_POINT('',(4.93461577288895,5.1927243234815,10.));
#3981=CARTESIAN_POINT('',(4.87011480772649,5.18567418272703,10.));
#3982=CARTESIAN_POINT('',(4.82452355942124,5.18026583729694,10.));
#3983=CARTESIAN_POINT('',(4.7777160405613,5.17447421088161,10.));
#3984=CARTESIAN_POINT('',(4.72908182346271,5.16820519150099,10.));
#3985=CARTESIAN_POINT('',(4.65581070482691,5.15800213806683,10.));
#3986=CARTESIAN_POINT('',(4.57863598098866,5.14638926313665,10.));
#3987=CARTESIAN_POINT('',(4.49755281822322,5.13321462450204,10.));
#3988=CARTESIAN_POINT('',(4.41336953616687,5.11845131196212,10.));
#3989=CARTESIAN_POINT('',(4.32562903749684,5.10185941142191,10.));
#3990=CARTESIAN_POINT('',(4.2521118607521,5.08688504388083,10.));
#3991=CARTESIAN_POINT('',(4.19066072748545,5.07367655640291,10.));
#3992=CARTESIAN_POINT('',(4.12734510635674,5.05956239301725,10.));
#3993=CARTESIAN_POINT('',(4.0459733940431,5.04038321605505,10.));
#3994=CARTESIAN_POINT('',(3.94880116188818,5.01579937259907,10.));
#3995=CARTESIAN_POINT('',(3.85083999181184,4.98925041388399,10.));
#3996=CARTESIAN_POINT('',(3.75202812328202,4.96061241560236,10.));
#3997=CARTESIAN_POINT('',(3.65940604789986,4.93195581260972,10.));
#3998=CARTESIAN_POINT('',(3.59344490481493,4.91034054559097,10.));
#3999=CARTESIAN_POINT('',(3.52772582187025,4.88812293932263,10.));
#4000=CARTESIAN_POINT('',(3.45615258443057,4.86303284562304,10.));
#4001=CARTESIAN_POINT('',(3.35940115521782,4.82704467646581,10.));
#4002=CARTESIAN_POINT('',(3.26399041594576,4.78946686197794,10.));
#4003=CARTESIAN_POINT('',(3.17062830021513,4.75060761354112,10.));
#4004=CARTESIAN_POINT('',(3.10188264292534,4.72043629403976,10.));
#4005=CARTESIAN_POINT('',(3.04233952881154,4.69345449169982,10.));
#4006=CARTESIAN_POINT('',(2.98484007444884,4.6667460124429,10.));
#4007=CARTESIAN_POINT('',(2.90756840518609,4.62932208850706,10.));
#4008=CARTESIAN_POINT('',(2.82660786018262,4.58827843339235,10.));
#4009=CARTESIAN_POINT('',(2.7488029776294,4.54708205345614,10.));
#4010=CARTESIAN_POINT('',(2.67459030811004,4.50613615660522,10.));
#4011=CARTESIAN_POINT('',(2.62299272483826,4.47653026517527,10.));
#4012=CARTESIAN_POINT('',(2.57621760604714,4.44910222429879,10.));
#4013=CARTESIAN_POINT('',(2.53068127250947,4.42189839941553,10.));
#4014=CARTESIAN_POINT('',(2.46721841041837,4.38268770392142,10.));
#4015=CARTESIAN_POINT('',(2.40318542156643,4.34172210890273,10.));
#4016=CARTESIAN_POINT('',(2.34137532332858,4.30083692773755,10.));
#4017=CARTESIAN_POINT('',(2.28945768261327,4.26537360249649,10.));
#4018=CARTESIAN_POINT('',(2.25041015084643,4.23802337290477,10.));
#4019=CARTESIAN_POINT('',(2.21237653564717,4.21097337924639,10.));
#4020=CARTESIAN_POINT('',(2.16763315235053,4.17847720369228,10.));
#4021=CARTESIAN_POINT('',(2.13078324302541,4.15091352832664,10.));
#4022=CARTESIAN_POINT('',(2.11258598935683,4.13710274560667,10.));
#4023=CARTESIAN_POINT('',(10.3123376626357,3.35436606571552,10.));
#4024=CARTESIAN_POINT('',(10.3123376626357,3.35436606571552,10.));
#4025=CARTESIAN_POINT('',(10.2975961193135,3.37000948873177,10.));
#4026=CARTESIAN_POINT('',(10.2609078359879,3.40856706138271,10.));
#4027=CARTESIAN_POINT('',(10.209464153856,3.46133926358961,10.));
#4028=CARTESIAN_POINT('',(10.1534118910122,3.51747196937371,10.));
#4029=CARTESIAN_POINT('',(10.0920977871098,3.5775297941506,10.));
#4030=CARTESIAN_POINT('',(10.0438298976633,3.62337620512326,10.));
#4031=CARTESIAN_POINT('',(9.99373175589689,3.67007088637233,10.));
#4032=CARTESIAN_POINT('',(9.95562241011618,3.7050796786265,10.));
#4033=CARTESIAN_POINT('',(9.90062221973485,3.75437977058947,10.));
#4034=CARTESIAN_POINT('',(9.85124004819606,3.79768086170794,10.));
#4035=CARTESIAN_POINT('',(9.8150572694174,3.82871963073133,10.));
#4036=CARTESIAN_POINT('',(9.77719815395556,3.86080241892301,10.));
#4037=CARTESIAN_POINT('',(9.73928333153169,3.89247091104514,10.));
#4038=CARTESIAN_POINT('',(9.68674922051449,3.93533681855382,10.));
#4039=CARTESIAN_POINT('',(9.6347096405126,3.97688028423381,10.));
#4040=CARTESIAN_POINT('',(9.57874696157169,4.02049974567173,10.));
#4041=CARTESIAN_POINT('',(9.51792468629163,4.0666964100785,10.));
#4042=CARTESIAN_POINT('',(9.47164641213276,4.10087712854437,10.));
#4043=CARTESIAN_POINT('',(9.42631227556738,4.13377571259139,10.));
#4044=CARTESIAN_POINT('',(9.37805940667697,4.16824879987567,10.));
#4045=CARTESIAN_POINT('',(9.30807516473002,4.21677675764276,10.));
#4046=CARTESIAN_POINT('',(9.22970991583118,4.26926587326815,10.));
#4047=CARTESIAN_POINT('',(9.15997450164943,4.31430165945261,10.));
#4048=CARTESIAN_POINT('',(9.10376182032715,4.34952150864091,10.));
#4049=CARTESIAN_POINT('',(9.04488290006358,4.38568465061944,10.));
#4050=CARTESIAN_POINT('',(8.97114002398923,4.42964673336462,10.));
#4051=CARTESIAN_POINT('',(8.8766308412231,4.48358131323691,10.));
#4052=CARTESIAN_POINT('',(8.80209559017858,4.52420456732221,10.));
#4053=CARTESIAN_POINT('',(8.73540111783966,4.55943481991967,10.));
#4054=CARTESIAN_POINT('',(8.66707726760849,4.59464284129498,10.));
#4055=CARTESIAN_POINT('',(8.57360399923324,4.64076472896272,10.));
#4056=CARTESIAN_POINT('',(8.46782988446053,4.69026193131466,10.));
#4057=CARTESIAN_POINT('',(8.36452319089105,4.73601947588952,10.));
#4058=CARTESIAN_POINT('',(8.29207610238813,4.76642197134231,10.));
#4059=CARTESIAN_POINT('',(8.21860393103623,4.79636075752918,10.));
#4060=CARTESIAN_POINT('',(8.14003582332128,4.82731161495575,10.));
#4061=CARTESIAN_POINT('',(8.02700263856732,4.86912831144777,10.));
#4062=CARTESIAN_POINT('',(7.91238189580062,4.90882712680467,10.));
#4063=CARTESIAN_POINT('',(7.82303728546905,4.93769756236901,10.));
#4064=CARTESIAN_POINT('',(7.74504606936958,4.96173442940553,10.));
#4065=CARTESIAN_POINT('',(7.66651352112605,4.98504885394714,10.));
#4066=CARTESIAN_POINT('',(7.56025034610434,5.01459419362508,10.));
#4067=CARTESIAN_POINT('',(7.44091629362631,5.04517005676234,10.));
#4068=CARTESIAN_POINT('',(7.35264821771545,5.06590411574199,10.));
#4069=CARTESIAN_POINT('',(7.27243372220458,5.08373808330637,10.));
#4070=CARTESIAN_POINT('',(7.19218136039379,5.10075196102457,10.));
#4071=CARTESIAN_POINT('',(7.08001439904524,5.12249527004961,10.));
#4072=CARTESIAN_POINT('',(6.95970123240663,5.1434509208234,10.));
#4073=CARTESIAN_POINT('',(6.84882093210313,5.1606487507333,10.));
#4074=CARTESIAN_POINT('',(6.76897880063193,5.17172206870583,10.));
#4075=CARTESIAN_POINT('',(6.6894765598389,5.18202918759416,10.));
#4076=CARTESIAN_POINT('',(6.60133358379481,5.19248814069549,10.));
#4077=CARTESIAN_POINT('',(6.48286155105363,5.20448205104823,10.));
#4078=CARTESIAN_POINT('',(6.36523412235772,5.21440541524474,10.));
#4079=CARTESIAN_POINT('',(6.24825434251155,5.2223618995262,10.));
#4080=CARTESIAN_POINT('',(6.15831857271151,5.22705230412788,10.));
#4081=CARTESIAN_POINT('',(6.08094475122601,5.23030080806551,10.));
#4082=CARTESIAN_POINT('',(6.0039035338896,5.23294765591478,10.));
#4083=CARTESIAN_POINT('',(5.90075813330327,5.23518894504515,10.));
#4084=CARTESIAN_POINT('',(5.82400519574248,5.23573553153354,10.));
#4085=CARTESIAN_POINT('',(5.78573023902534,5.23573546145825,10.));
#4086=CARTESIAN_POINT('',(12.0852444122733,-1.78991113546197,10.));
#4087=CARTESIAN_POINT('',(12.0852444122733,-1.78991113542339,10.));
#4088=CARTESIAN_POINT('',(12.0852443976573,-1.76287404793866,10.));
#4089=CARTESIAN_POINT('',(12.0850524406106,-1.70602022432595,10.));
#4090=CARTESIAN_POINT('',(12.0840298827079,-1.60946765985839,10.));
#4091=CARTESIAN_POINT('',(12.0823891368438,-1.52562121613699,10.));
#4092=CARTESIAN_POINT('',(12.0798213025388,-1.42950043852685,10.));
#4093=CARTESIAN_POINT('',(12.0768546574581,-1.34286951511015,10.));
#4094=CARTESIAN_POINT('',(12.0727537932685,-1.24996843703009,9.99999999999999));
#4095=CARTESIAN_POINT('',(12.070109110165,-1.19834849848089,9.99999999999999));
#4096=CARTESIAN_POINT('',(12.0678953127001,-1.15755032958607,9.99999999999999));
#4097=CARTESIAN_POINT('',(12.0655651490051,-1.11675406004793,9.99999999999999));
#4098=CARTESIAN_POINT('',(12.0617013496342,-1.05527083003209,9.99999999999999));
#4099=CARTESIAN_POINT('',(12.0571527356733,-0.989304884990108,9.99999999999999));
#4100=CARTESIAN_POINT('',(12.0518403988237,-0.919061698669648,9.99999999999999));
#4101=CARTESIAN_POINT('',(12.0477650956621,-0.869910342028021,9.99999999999999));
#4102=CARTESIAN_POINT('',(12.0431988630356,-0.817277886420107,9.99999999999999));
#4103=CARTESIAN_POINT('',(12.0381398601301,-0.761670208094996,9.99999999999999));
#4104=CARTESIAN_POINT('',(12.0296772159292,-0.676632042942541,9.99999999999999));
#4105=CARTESIAN_POINT('',(12.0200035150612,-0.587572584134414,9.99999999999999));
#4106=CARTESIAN_POINT('',(12.0087454628448,-0.492549536084618,9.99999999999999));
#4107=CARTESIAN_POINT('',(11.9984705800117,-0.413021810813869,9.99999999999999));
#4108=CARTESIAN_POINT('',(11.9890608367083,-0.344497060968927,9.99999999999999));
#4109=CARTESIAN_POINT('',(11.9787742567203,-0.272682067237359,9.99999999999999));
#4110=CARTESIAN_POINT('',(11.9641122432718,-0.176951296228139,9.99999999999998));
#4111=CARTESIAN_POINT('',(11.9449061164092,-0.0616268998181684,9.99999999999998));
#4112=CARTESIAN_POINT('',(11.9234723334936,0.0568945812703232,9.99999999999998));
#4113=CARTESIAN_POINT('',(11.8946420822202,0.204027877680366,9.99999999999998));
#4114=CARTESIAN_POINT('',(11.8677221135011,0.328205996882178,9.99999999999998));
#4115=CARTESIAN_POINT('',(11.8299608810756,0.48962360619512,9.99999999999998));
#4116=CARTESIAN_POINT('',(11.7798696971346,0.687066057551401,9.99999999999998));
#4117=CARTESIAN_POINT('',(11.706839817177,0.935834333560744,9.99999999999997));
#4118=CARTESIAN_POINT('',(11.6451276997935,1.1200518874914,9.99999999999997));
#4119=CARTESIAN_POINT('',(11.59448727548,1.26214643232581,9.99999999999997));
#4120=CARTESIAN_POINT('',(11.5467640913804,1.38920712881342,9.99999999999997));
#4121=CARTESIAN_POINT('',(11.4808674192489,1.55116218877304,9.99999999999997));
#4122=CARTESIAN_POINT('',(11.4188534767225,1.69302699848414,9.99999999999997));
#4123=CARTESIAN_POINT('',(11.373377469258,1.79097016357313,9.99999999999996));
#4124=CARTESIAN_POINT('',(11.3261986674529,1.88925786612983,9.99999999999996));
#4125=CARTESIAN_POINT('',(11.2719630210951,1.9978310656007,9.99999999999996));
#4126=CARTESIAN_POINT('',(11.194042096769,2.14396933668787,9.99999999999996));
#4127=CARTESIAN_POINT('',(11.1216077583185,2.27136513969809,9.99999999999996));
#4128=CARTESIAN_POINT('',(11.0644357932865,2.36681641839523,9.99999999999996));
#4129=CARTESIAN_POINT('',(11.0059132962851,2.46151214717211,9.99999999999996));
#4130=CARTESIAN_POINT('',(10.9349762650534,2.57158459973716,9.99999999999996));
#4131=CARTESIAN_POINT('',(10.8409155288553,2.70892646163679,9.99999999999996));
#4132=CARTESIAN_POINT('',(10.7727155835708,2.80273889475197,9.99999999999996));
#4133=CARTESIAN_POINT('',(10.7059211308543,2.89170367513477,9.99999999999995));
#4134=CARTESIAN_POINT('',(10.637497358615,2.98019311796014,9.99999999999995));
#4135=CARTESIAN_POINT('',(10.5381563258861,3.10169705092926,9.99999999999995));
#4136=CARTESIAN_POINT('',(10.4649879800418,3.18641821434949,9.99999999999995));
#4137=CARTESIAN_POINT('',(10.3912773438067,3.26936675582381,9.99999999999995));
#4138=CARTESIAN_POINT('',(10.3501912768936,3.31419705931589,9.99999999999995));
#4139=CARTESIAN_POINT('',(10.3123376626357,3.35436606571552,9.99999999999995));
#4140=CARTESIAN_POINT('',(10.3029036387681,-7.15111362884972,10.));
#4141=CARTESIAN_POINT('',(10.3029036387681,-7.15111362884972,10.));
#4142=CARTESIAN_POINT('',(10.3177336392285,-7.13522423714238,10.));
#4143=CARTESIAN_POINT('',(10.3466688558701,-7.10386999575595,10.));
#4144=CARTESIAN_POINT('',(10.3970149255504,-7.04809014680455,10.));
#4145=CARTESIAN_POINT('',(10.4338852881467,-7.0060851985921,10.));
#4146=CARTESIAN_POINT('',(10.46962598893,-6.96461463856292,9.99999999999999));
#4147=CARTESIAN_POINT('',(10.495787020457,-6.933902449393,9.99999999999999));
#4148=CARTESIAN_POINT('',(10.5312920235939,-6.8913820353547,9.99999999999999));
#4149=CARTESIAN_POINT('',(10.5646221306256,-6.85070904968977,9.99999999999999));
#4150=CARTESIAN_POINT('',(10.5920358305338,-6.81663907329001,9.99999999999999));
#4151=CARTESIAN_POINT('',(10.6113038777255,-6.79235743013368,9.99999999999999));
#4152=CARTESIAN_POINT('',(10.6292266505244,-6.76960215104895,9.99999999999999));
#4153=CARTESIAN_POINT('',(10.6515104081101,-6.74101087694584,9.99999999999999));
#4154=CARTESIAN_POINT('',(10.6810583055456,-6.70245772045586,9.99999999999999));
#4155=CARTESIAN_POINT('',(10.7126138254563,-6.6605372134977,9.99999999999999));
#4156=CARTESIAN_POINT('',(10.7457966033532,-6.61559495687924,9.99999999999999));
#4157=CARTESIAN_POINT('',(10.7809686934128,-6.56695318946558,9.99999999999999));
#4158=CARTESIAN_POINT('',(10.8064614593042,-6.53090280205239,9.99999999999999));
#4159=CARTESIAN_POINT('',(10.8310843909992,-6.49562095323304,9.99999999999998));
#4160=CARTESIAN_POINT('',(10.8568251835878,-6.4582980927064,9.99999999999998));
#4161=CARTESIAN_POINT('',(10.8945273599122,-6.40235089033971,9.99999999999998));
#4162=CARTESIAN_POINT('',(10.9363557158014,-6.33859797730903,9.99999999999998));
#4163=CARTESIAN_POINT('',(10.9799880975272,-6.27013238883813,9.99999999999998));
#4164=CARTESIAN_POINT('',(11.0249805544689,-6.19729441560083,9.99999999999998));
#4165=CARTESIAN_POINT('',(11.0614544261118,-6.13629404173622,9.99999999999998));
#4166=CARTESIAN_POINT('',(11.1053997104967,-6.06101546305034,9.99999999999998));
#4167=CARTESIAN_POINT('',(11.1567460312753,-5.97012236674851,9.99999999999997));
#4168=CARTESIAN_POINT('',(11.2177681996334,-5.85627757671975,9.99999999999997));
#4169=CARTESIAN_POINT('',(11.2742497401441,-5.74558934194998,9.99999999999997));
#4170=CARTESIAN_POINT('',(11.3184756894605,-5.65485615154489,9.99999999999997));
#4171=CARTESIAN_POINT('',(11.3536324433138,-5.57995837594545,9.99999999999997));
#4172=CARTESIAN_POINT('',(11.3899570418408,-5.50053714133884,9.99999999999996));
#4173=CARTESIAN_POINT('',(11.4349022615368,-5.39834556376261,9.99999999999996));
#4174=CARTESIAN_POINT('',(11.4892740958827,-5.26745406861188,9.99999999999996));
#4175=CARTESIAN_POINT('',(11.5437965005851,-5.12784193180959,9.99999999999996));
#4176=CARTESIAN_POINT('',(11.5842429945594,-5.01716833440948,9.99999999999996));
#4177=CARTESIAN_POINT('',(11.6191024171851,-4.91739316825025,9.99999999999995));
#4178=CARTESIAN_POINT('',(11.6539601089127,-4.8139654270627,9.99999999999995));
#4179=CARTESIAN_POINT('',(11.6995556662501,-4.66964983650677,9.99999999999995));
#4180=CARTESIAN_POINT('',(11.7484452271042,-4.50184379353283,9.99999999999994));
#4181=CARTESIAN_POINT('',(11.7898655666448,-4.34657226693009,9.99999999999994));
#4182=CARTESIAN_POINT('',(11.8193465905092,-4.22693515096249,9.99999999999994));
#4183=CARTESIAN_POINT('',(11.8484017752454,-4.10302923452543,9.99999999999994));
#4184=CARTESIAN_POINT('',(11.8808870067045,-3.95428983687626,9.99999999999994));
#4185=CARTESIAN_POINT('',(11.9192866848214,-3.75702913645766,9.99999999999993));
#4186=CARTESIAN_POINT('',(11.953986335045,-3.55452695530975,9.99999999999993));
#4187=CARTESIAN_POINT('',(11.9745929143234,-3.41594143934798,9.99999999999993));
#4188=CARTESIAN_POINT('',(11.9937780413561,-3.27651956853988,9.99999999999993));
#4189=CARTESIAN_POINT('',(12.0117772583358,-3.13428226656173,9.99999999999992));
#4190=CARTESIAN_POINT('',(12.0344112042023,-2.91966708631503,9.99999999999992));
#4191=CARTESIAN_POINT('',(12.0530427191094,-2.69989122176588,9.99999999999992));
#4192=CARTESIAN_POINT('',(12.0653493291931,-2.50980915077272,9.99999999999991));
#4193=CARTESIAN_POINT('',(12.0728068695837,-2.35982087801997,9.99999999999991));
#4194=CARTESIAN_POINT('',(12.0789272780238,-2.20761622679696,9.99999999999991));
#4195=CARTESIAN_POINT('',(12.0839089968117,-2.02077226103237,9.99999999999991));
#4196=CARTESIAN_POINT('',(12.0852403405852,-1.86737781670063,9.99999999999991));
#4197=CARTESIAN_POINT('',(12.085244412273,-1.79038242453361,9.9999999999999));
#4198=CARTESIAN_POINT('',(12.0852444122733,-1.78991113546197,9.9999999999999));
#4199=CARTESIAN_POINT('',(5.61597523568831,-9.06078520923934,10.));
#4200=CARTESIAN_POINT('',(5.61597523574257,-9.06078520923934,10.));
#4201=CARTESIAN_POINT('',(5.64008215633116,-9.06078520633231,10.));
#4202=CARTESIAN_POINT('',(5.69002448739879,-9.06058082416343,10.));
#4203=CARTESIAN_POINT('',(5.77611212939596,-9.05948797340891,10.));
#4204=CARTESIAN_POINT('',(5.84204281494919,-9.05793603128625,10.));
#4205=CARTESIAN_POINT('',(5.91240362174004,-9.05577519468669,10.));
#4206=CARTESIAN_POINT('',(5.96637051773788,-9.05378652887127,10.));
#4207=CARTESIAN_POINT('',(6.03508802697078,-9.05062640541666,10.));
#4208=CARTESIAN_POINT('',(6.09075441207653,-9.04767027459844,10.));
#4209=CARTESIAN_POINT('',(6.13310567688182,-9.04513629037164,10.));
#4210=CARTESIAN_POINT('',(6.16700893015344,-9.04295606773403,10.));
#4211=CARTESIAN_POINT('',(6.20054222213999,-9.04069315205634,10.));
#4212=CARTESIAN_POINT('',(6.24510970754156,-9.03745440341567,10.));
#4213=CARTESIAN_POINT('',(6.29858693843559,-9.03321327524292,10.));
#4214=CARTESIAN_POINT('',(6.3554954020211,-9.02829179312616,9.99999999999999));
#4215=CARTESIAN_POINT('',(6.41665425022364,-9.02252450786956,9.99999999999999));
#4216=CARTESIAN_POINT('',(6.48069716880663,-9.01594507277567,9.99999999999999));
#4217=CARTESIAN_POINT('',(6.53023312013929,-9.01041381554,9.99999999999999));
#4218=CARTESIAN_POINT('',(6.57571311337058,-9.00507358613938,9.99999999999999));
#4219=CARTESIAN_POINT('',(6.62357788443061,-8.99922027150255,9.99999999999999));
#4220=CARTESIAN_POINT('',(6.69175241747168,-8.99027984867937,9.99999999999999));
#4221=CARTESIAN_POINT('',(6.76896815586797,-8.97931927114031,9.99999999999999));
#4222=CARTESIAN_POINT('',(6.84986255271417,-8.96690607174743,9.99999999999999));
#4223=CARTESIAN_POINT('',(6.93353873118079,-8.95304766277529,9.99999999999999));
#4224=CARTESIAN_POINT('',(7.02034424626096,-8.93755022800302,9.99999999999999));
#4225=CARTESIAN_POINT('',(7.09113870373948,-8.92394945012068,9.99999999999999));
#4226=CARTESIAN_POINT('',(7.15087548126194,-8.91188066799873,9.99999999999999));
#4227=CARTESIAN_POINT('',(7.21158247620638,-8.89918159597182,9.99999999999999));
#4228=CARTESIAN_POINT('',(7.29139431971794,-8.88154796658692,9.99999999999999));
#4229=CARTESIAN_POINT('',(7.3855897574839,-8.85929035364096,9.99999999999999));
#4230=CARTESIAN_POINT('',(7.48162145787561,-8.83505136628882,9.99999999999999));
#4231=CARTESIAN_POINT('',(7.57998674989232,-8.80856434782418,9.99999999999999));
#4232=CARTESIAN_POINT('',(7.67735689650674,-8.78062408317095,9.99999999999999));
#4233=CARTESIAN_POINT('',(7.74491355973687,-8.76003602905627,9.99999999999999));
#4234=CARTESIAN_POINT('',(7.82580076089962,-8.73461050092459,9.99999999999999));
#4235=CARTESIAN_POINT('',(7.92268292895807,-8.70279095307234,9.99999999999999));
#4236=CARTESIAN_POINT('',(8.06356260850961,-8.65264102974393,9.99999999999998));
#4237=CARTESIAN_POINT('',(8.17075813774057,-8.61138744855975,9.99999999999998));
#4238=CARTESIAN_POINT('',(8.2537340912535,-8.57785899653532,9.99999999999998));
#4239=CARTESIAN_POINT('',(8.32590539900127,-8.54785380147884,9.99999999999998));
#4240=CARTESIAN_POINT('',(8.42078622102823,-8.5065633472312,9.99999999999998));
#4241=CARTESIAN_POINT('',(8.52884907055657,-8.45687176879223,9.99999999999998));
#4242=CARTESIAN_POINT('',(8.63629704851369,-8.40472083407804,9.99999999999998));
#4243=CARTESIAN_POINT('',(8.70758198152098,-8.36825641512755,9.99999999999998));
#4244=CARTESIAN_POINT('',(8.77853321801794,-8.33100952143641,9.99999999999998));
#4245=CARTESIAN_POINT('',(8.84927915483825,-8.29290218083136,9.99999999999998));
#4246=CARTESIAN_POINT('',(8.95367443772463,-8.23378576865488,9.99999999999998));
#4247=CARTESIAN_POINT('',(9.05691915250737,-8.17239752560296,9.99999999999998));
#4248=CARTESIAN_POINT('',(9.15912048049538,-8.10865474603895,9.99999999999998));
#4249=CARTESIAN_POINT('',(9.22680398442374,-8.06441380987298,9.99999999999998));
#4250=CARTESIAN_POINT('',(9.29399236606626,-8.01946070933093,9.99999999999998));
#4251=CARTESIAN_POINT('',(9.3610657505681,-7.9735390256693,9.99999999999998));
#4252=CARTESIAN_POINT('',(9.46014543273064,-7.90256943259063,9.99999999999998));
#4253=CARTESIAN_POINT('',(9.55845274224225,-7.82893204054866,9.99999999999998));
#4254=CARTESIAN_POINT('',(9.63606071796488,-7.76818084711422,9.99999999999998));
#4255=CARTESIAN_POINT('',(9.71123941177084,-7.70751739589309,9.99999999999997));
#4256=CARTESIAN_POINT('',(9.79690463265195,-7.63636027795538,9.99999999999997));
#4257=CARTESIAN_POINT('',(9.91078566810589,-7.53704205660201,9.99999999999997));
#4258=CARTESIAN_POINT('',(10.0139343156761,-7.4418790873581,9.99999999999997));
#4259=CARTESIAN_POINT('',(10.0849735559515,-7.37356551725044,9.99999999999997));
#4260=CARTESIAN_POINT('',(10.1455307197356,-7.31412235677613,9.99999999999997));
#4261=CARTESIAN_POINT('',(10.2119695364441,-7.24709992763718,9.99999999999997));
#4262=CARTESIAN_POINT('',(10.2706456784477,-7.18560737365849,9.99999999999997));
#4263=CARTESIAN_POINT('',(10.2996779108679,-7.15456980491088,9.99999999999997));
#4264=CARTESIAN_POINT('',(10.3029036387681,-7.15111362884972,9.99999999999997));
#4265=CARTESIAN_POINT('',(1.49485833333333,-7.56135007305257,10.));
#4266=CARTESIAN_POINT('',(1.49485833333333,-7.56135007305257,10.));
#4267=CARTESIAN_POINT('',(1.50616543633436,-7.5720512346398,10.));
#4268=CARTESIAN_POINT('',(1.53562420653912,-7.5996932642008,10.));
#4269=CARTESIAN_POINT('',(1.5757716557634,-7.63653123401072,10.));
#4270=CARTESIAN_POINT('',(1.62131439380509,-7.6774203030061,10.));
#4271=CARTESIAN_POINT('',(1.66948409253353,-7.71979181942988,10.));
#4272=CARTESIAN_POINT('',(1.71485041954978,-7.75857930678146,10.));
#4273=CARTESIAN_POINT('',(1.75238332198624,-7.78998816000113,10.));
#4274=CARTESIAN_POINT('',(1.78625048192633,-7.81798557669535,10.));
#4275=CARTESIAN_POINT('',(1.83120665332429,-7.85441804330215,10.));
#4276=CARTESIAN_POINT('',(1.88673537763519,-7.89821480540169,10.));
#4277=CARTESIAN_POINT('',(1.93083533220741,-7.93202474575437,10.));
#4278=CARTESIAN_POINT('',(1.96501502959842,-7.95773276257505,9.99999999999999));
#4279=CARTESIAN_POINT('',(1.99401166612589,-7.97930314959489,9.99999999999999));
#4280=CARTESIAN_POINT('',(2.03150837078322,-8.00672041590953,9.99999999999999));
#4281=CARTESIAN_POINT('',(2.07573787643421,-8.03836566887766,9.99999999999999));
#4282=CARTESIAN_POINT('',(2.12271342207963,-8.07122855876016,9.99999999999999));
#4283=CARTESIAN_POINT('',(2.15987744602577,-8.09660025454553,9.99999999999999));
#4284=CARTESIAN_POINT('',(2.195342910842,-8.12041733655089,9.99999999999999));
#4285=CARTESIAN_POINT('',(2.23351127475946,-8.14569729928838,9.99999999999999));
#4286=CARTESIAN_POINT('',(2.28767471864791,-8.18066855418821,9.99999999999999));
#4287=CARTESIAN_POINT('',(2.33612499535246,-8.21100086392912,9.99999999999999));
#4288=CARTESIAN_POINT('',(2.37917465878734,-8.23737450287219,9.99999999999999));
#4289=CARTESIAN_POINT('',(2.42526283391777,-8.26512955135518,9.99999999999999));
#4290=CARTESIAN_POINT('',(2.48962721414172,-8.30276183484293,9.99999999999999));
#4291=CARTESIAN_POINT('',(2.56645549342821,-8.34598191041699,9.99999999999999));
#4292=CARTESIAN_POINT('',(2.63484727074013,-8.38289618248864,9.99999999999999));
#4293=CARTESIAN_POINT('',(2.70170252613552,-8.41780068275442,9.99999999999999));
#4294=CARTESIAN_POINT('',(2.78309911587921,-8.45897595279018,9.99999999999999));
#4295=CARTESIAN_POINT('',(2.89337107424783,-8.51185798085671,9.99999999999999));
#4296=CARTESIAN_POINT('',(2.98519416081691,-8.55290164538896,9.99999999999999));
#4297=CARTESIAN_POINT('',(3.06406889489094,-8.58673553678325,9.99999999999999));
#4298=CARTESIAN_POINT('',(3.13419339402348,-8.61594828869688,9.99999999999999));
#4299=CARTESIAN_POINT('',(3.2362807606437,-8.65616981112087,9.99999999999998));
#4300=CARTESIAN_POINT('',(3.32201484437538,-8.68785444123785,9.99999999999998));
#4301=CARTESIAN_POINT('',(3.39711692165476,-8.71439597475006,9.99999999999998));
#4302=CARTESIAN_POINT('',(3.4782167022328,-8.74208056020815,9.99999999999998));
#4303=CARTESIAN_POINT('',(3.59538999962207,-8.77958498714768,9.99999999999998));
#4304=CARTESIAN_POINT('',(3.72746197280448,-8.81822980943664,9.99999999999998));
#4305=CARTESIAN_POINT('',(3.84785131879824,-8.85041512089641,9.99999999999998));
#4306=CARTESIAN_POINT('',(3.99069632035962,-8.88579360019662,9.99999999999998));
#4307=CARTESIAN_POINT('',(4.1647811043171,-8.92412897793182,9.99999999999998));
#4308=CARTESIAN_POINT('',(4.3084342992674,-8.95061539236824,9.99999999999998));
#4309=CARTESIAN_POINT('',(4.42845653546233,-8.97069967700394,9.99999999999998));
#4310=CARTESIAN_POINT('',(4.52032815727041,-8.98501731870702,9.99999999999998));
#4311=CARTESIAN_POINT('',(4.64970610718029,-9.00248336037687,9.99999999999998));
#4312=CARTESIAN_POINT('',(4.76823139263754,-9.01637231909558,9.99999999999998));
#4313=CARTESIAN_POINT('',(4.88389597039964,-9.02806612710698,9.99999999999997));
#4314=CARTESIAN_POINT('',(4.98389433961279,-9.03655807253945,9.99999999999997));
#4315=CARTESIAN_POINT('',(5.06791162762351,-9.04263458499393,9.99999999999997));
#4316=CARTESIAN_POINT('',(5.18073791542197,-9.04981902565153,9.99999999999997));
#4317=CARTESIAN_POINT('',(5.33960099339936,-9.0571192425718,9.99999999999997));
#4318=CARTESIAN_POINT('',(5.50062295625202,-9.06040586663475,9.99999999999997));
#4319=CARTESIAN_POINT('',(5.59228989975655,-9.06078523404005,9.99999999999997));
#4320=CARTESIAN_POINT('',(5.61597523560286,-9.06078520923934,9.99999999999997));
#4321=CARTESIAN_POINT('',(0.502084486011772,-6.15508490821413,10.));
#4322=CARTESIAN_POINT('',(0.502084486011772,-6.15508490821413,10.));
#4323=CARTESIAN_POINT('',(0.517615113368767,-6.18783770045406,10.));
#4324=CARTESIAN_POINT('',(0.549289097350536,-6.25311486331467,10.));
#4325=CARTESIAN_POINT('',(0.598561225955699,-6.35003392200245,10.));
#4326=CARTESIAN_POINT('',(0.633983051973433,-6.41650744028498,10.));
#4327=CARTESIAN_POINT('',(0.668876437058041,-6.48032720642624,10.));
#4328=CARTESIAN_POINT('',(0.704535313523426,-6.54401505253572,10.));
#4329=CARTESIAN_POINT('',(0.758429861094854,-6.63592533329316,10.));
#4330=CARTESIAN_POINT('',(0.815832263571312,-6.72916629037148,10.));
#4331=CARTESIAN_POINT('',(0.875286677373025,-6.8210974194684,10.));
#4332=CARTESIAN_POINT('',(0.917017042748268,-6.88248555729967,10.));
#4333=CARTESIAN_POINT('',(0.958724859410716,-6.94225232083777,10.));
#4334=CARTESIAN_POINT('',(1.00098369074945,-7.00130692270732,10.));
#4335=CARTESIAN_POINT('',(1.06556843537791,-7.08714963960099,10.));
#4336=CARTESIAN_POINT('',(1.12967539223413,-7.16807838542619,10.));
#4337=CARTESIAN_POINT('',(1.17563549683675,-7.22334727348942,10.));
#4338=CARTESIAN_POINT('',(1.22200323612412,-7.27765503894693,10.));
#4339=CARTESIAN_POINT('',(1.2720452002876,-7.33455115408766,10.));
#4340=CARTESIAN_POINT('',(1.34204071761916,-7.41000472853357,10.));
#4341=CARTESIAN_POINT('',(1.39150589402608,-7.46065461844187,10.));
#4342=CARTESIAN_POINT('',(1.44141588511435,-7.51037244139608,10.));
#4343=CARTESIAN_POINT('',(1.46916783545055,-7.53720143596974,10.));
#4344=CARTESIAN_POINT('',(1.49485833333333,-7.56135007305257,10.));
#4345=CARTESIAN_POINT('',(1.17327390417657,-4.75401535216449,10.));
#4346=AXIS2_PLACEMENT_3D('',#4347,#4348,#4349);
#4347=CARTESIAN_POINT('',(1.40565272756239,-5.7266407078086,10.));
#4348=DIRECTION('',(0.,0.,-1.));
#4349=DIRECTION('',(-0.903568241550614,-0.428444200405528,0.));
#4350=CARTESIAN_POINT('',(1.9710788727208,-4.56340446709365,10.));
#4351=CARTESIAN_POINT('',(1.9710788727208,-4.56340446709365,10.));
#4352=VECTOR('',#4353,1.);
#4353=DIRECTION('',(-0.972625355644107,-0.23237882338581,0.));
#4354=CARTESIAN_POINT('',(3.10123484876943,-5.0955798435612,10.));
#4355=AXIS2_PLACEMENT_3D('',#4356,#4357,#4358);
#4356=CARTESIAN_POINT('',(2.20345769610661,-5.53602982273776,10.));
#4357=DIRECTION('',(0.,0.,-1.));
#4358=DIRECTION('',(-0.232378823385811,0.972625355644107,0.));
#4359=CARTESIAN_POINT('',(3.86662463473716,-6.05248096952011,10.));
#4360=CARTESIAN_POINT('',(3.86662463473716,-6.05248096952011,10.));
#4361=CARTESIAN_POINT('',(3.86261477880381,-6.04927295069185,10.));
#4362=CARTESIAN_POINT('',(3.85463450572367,-6.04285347796114,10.));
#4363=CARTESIAN_POINT('',(3.84278397176008,-6.03321658710268,10.));
#4364=CARTESIAN_POINT('',(3.83103757689917,-6.02356054697075,10.));
#4365=CARTESIAN_POINT('',(3.82326214849633,-6.01709955936542,10.));
#4366=CARTESIAN_POINT('',(3.81552801784695,-6.0106382189228,10.));
#4367=CARTESIAN_POINT('',(3.80782132796876,-6.00416503458392,10.));
#4368=CARTESIAN_POINT('',(3.79637628139018,-5.99444851495067,10.));
#4369=CARTESIAN_POINT('',(3.78500375278821,-5.98468982873399,10.));
#4370=CARTESIAN_POINT('',(3.7737200144877,-5.9749035482024,10.));
#4371=CARTESIAN_POINT('',(3.76249897996808,-5.96506757937474,10.));
#4372=CARTESIAN_POINT('',(3.7513131798723,-5.95515753350098,10.));
#4373=CARTESIAN_POINT('',(3.74035630512586,-5.94534587073749,10.));
#4374=CARTESIAN_POINT('',(3.73290135693946,-5.93860006367975,10.));
#4375=CARTESIAN_POINT('',(3.72540128008285,-5.93177647141293,10.));
#4376=CARTESIAN_POINT('',(3.71759377802875,-5.9246317555832,10.));
#4377=CARTESIAN_POINT('',(3.70622891925196,-5.91411640005091,9.99999999999999));
#4378=CARTESIAN_POINT('',(3.69473612837278,-5.90336290417736,9.99999999999999));
#4379=CARTESIAN_POINT('',(3.68315070568822,-5.8923985346526,9.99999999999999));
#4380=CARTESIAN_POINT('',(3.6714073907674,-5.88115541549371,9.99999999999999));
#4381=CARTESIAN_POINT('',(3.65950029555324,-5.86962016412531,9.99999999999999));
#4382=CARTESIAN_POINT('',(3.65021298519074,-5.86051322396855,9.99999999999999));
#4383=CARTESIAN_POINT('',(3.64202139446856,-5.8524154209066,9.99999999999999));
#4384=CARTESIAN_POINT('',(3.6336578366474,-5.84409499099301,9.99999999999999));
#4385=CARTESIAN_POINT('',(3.62226606953866,-5.83263834510909,9.99999999999999));
#4386=CARTESIAN_POINT('',(3.60937668214773,-5.81950381631984,9.99999999999999));
#4387=CARTESIAN_POINT('',(3.59620527069474,-5.80589862866316,9.99999999999999));
#4388=CARTESIAN_POINT('',(3.58287091600326,-5.79193181576459,9.99999999999999));
#4389=CARTESIAN_POINT('',(3.56925896692885,-5.77746998048632,9.99999999999999));
#4390=CARTESIAN_POINT('',(3.55532648194346,-5.76244915162931,9.99999999999999));
#4391=CARTESIAN_POINT('',(3.54079559167927,-5.74654143243318,9.99999999999999));
#4392=CARTESIAN_POINT('',(3.52854469464485,-5.73291111918095,9.99999999999999));
#4393=CARTESIAN_POINT('',(3.51832819058034,-5.72140286544988,9.99999999999999));
#4394=CARTESIAN_POINT('',(3.50760872992276,-5.7092236721243,9.99999999999999));
#4395=CARTESIAN_POINT('',(3.49355512717952,-5.69303222665627,9.99999999999999));
#4396=CARTESIAN_POINT('',(3.47623957481074,-5.67269711458496,9.99999999999999));
#4397=CARTESIAN_POINT('',(3.45835420238113,-5.65126131094956,9.99999999999999));
#4398=CARTESIAN_POINT('',(3.43972201862904,-5.62844986230383,9.99999999999999));
#4399=CARTESIAN_POINT('',(3.42041851166443,-5.60428070625323,9.99999999999999));
#4400=CARTESIAN_POINT('',(3.40535834750544,-5.58496723554535,9.99999999999999));
#4401=CARTESIAN_POINT('',(3.39151299217191,-5.56692657831687,9.99999999999999));
#4402=CARTESIAN_POINT('',(3.37702027516785,-5.54778775813031,9.99999999999999));
#4403=CARTESIAN_POINT('',(3.35688405540343,-5.52056029030151,9.99999999999998));
#4404=CARTESIAN_POINT('',(3.33505190625041,-5.49017626159789,9.99999999999998));
#4405=CARTESIAN_POINT('',(3.31978470828885,-5.46830376662283,9.99999999999998));
#4406=CARTESIAN_POINT('',(3.30397126814842,-5.44529038726729,9.99999999999998));
#4407=CARTESIAN_POINT('',(3.28706544773186,-5.42023388059577,9.99999999999998));
#4408=CARTESIAN_POINT('',(3.26316519140829,-5.38360238892641,9.99999999999998));
#4409=CARTESIAN_POINT('',(3.23934912171689,-5.3458166753812,9.99999999999998));
#4410=CARTESIAN_POINT('',(3.22160723121126,-5.31664389015299,9.99999999999998));
#4411=CARTESIAN_POINT('',(3.20581437710043,-5.29007530975481,9.99999999999998));
#4412=CARTESIAN_POINT('',(3.18996482992271,-5.26290555311163,9.99999999999998));
#4413=CARTESIAN_POINT('',(3.16854344988748,-5.2249439116471,9.99999999999998));
#4414=CARTESIAN_POINT('',(3.14573296241864,-5.18291892002935,9.99999999999998));
#4415=CARTESIAN_POINT('',(3.13077353044238,-5.15424925168352,9.99999999999998));
#4416=CARTESIAN_POINT('',(3.11592506399051,-5.12521290215417,9.99999999999998));
#4417=CARTESIAN_POINT('',(3.10845725853349,-5.11030142179228,9.99999999999998));
#4418=CARTESIAN_POINT('',(3.10123484876943,-5.0955798435612,9.99999999999998));
#4419=CARTESIAN_POINT('',(5.75742811086951,-6.67489672649475,10.));
#4420=CARTESIAN_POINT('',(5.75742811086951,-6.67489672649475,10.));
#4421=CARTESIAN_POINT('',(5.75090553396258,-6.67489672676286,10.));
#4422=CARTESIAN_POINT('',(5.72975332777627,-6.67484471925686,10.));
#4423=CARTESIAN_POINT('',(5.70627204044224,-6.67459826007046,10.));
#4424=CARTESIAN_POINT('',(5.66967070105535,-6.67397398123633,9.99999999999999));
#4425=CARTESIAN_POINT('',(5.63995386031678,-6.67321379000236,9.99999999999999));
#4426=CARTESIAN_POINT('',(5.59852543203467,-6.67170289794886,9.99999999999999));
#4427=CARTESIAN_POINT('',(5.55921138482764,-6.66992510083461,9.99999999999999));
#4428=CARTESIAN_POINT('',(5.52183055365476,-6.66775240621675,9.99999999999999));
#4429=CARTESIAN_POINT('',(5.49071691768714,-6.66564041334369,9.99999999999999));
#4430=CARTESIAN_POINT('',(5.46215666980396,-6.66353790210577,9.99999999999998));
#4431=CARTESIAN_POINT('',(5.42390186372524,-6.66035165513712,9.99999999999998));
#4432=CARTESIAN_POINT('',(5.3773254519083,-6.65585599122941,9.99999999999998));
#4433=CARTESIAN_POINT('',(5.34389765165343,-6.65216051037147,9.99999999999998));
#4434=CARTESIAN_POINT('',(5.3157562734885,-6.6488212494208,9.99999999999998));
#4435=CARTESIAN_POINT('',(5.29218035996925,-6.64589459286106,9.99999999999998));
#4436=CARTESIAN_POINT('',(5.25917017672462,-6.64146568857599,9.99999999999997));
#4437=CARTESIAN_POINT('',(5.22491479015568,-6.63650440753151,9.99999999999997));
#4438=CARTESIAN_POINT('',(5.19008545896791,-6.63108315982959,9.99999999999997));
#4439=CARTESIAN_POINT('',(5.154066919528,-6.6250659247276,9.99999999999997));
#4440=CARTESIAN_POINT('',(5.11662120676674,-6.61835805761555,9.99999999999996));
#4441=CARTESIAN_POINT('',(5.0892962999165,-6.61311588780717,9.99999999999996));
#4442=CARTESIAN_POINT('',(5.06336818080624,-6.60794449748139,9.99999999999996));
#4443=CARTESIAN_POINT('',(5.03680125356848,-6.60246806481152,9.99999999999996));
#4444=CARTESIAN_POINT('',(4.99838708601649,-6.59405814221898,9.99999999999996));
#4445=CARTESIAN_POINT('',(4.95650364164011,-6.584278615046,9.99999999999996));
#4446=CARTESIAN_POINT('',(4.91341542843245,-6.57355355153364,9.99999999999995));
#4447=CARTESIAN_POINT('',(4.88162403244443,-6.56512409128558,9.99999999999995));
#4448=CARTESIAN_POINT('',(4.85151077344962,-6.55684335531612,9.99999999999995));
#4449=CARTESIAN_POINT('',(4.82024745409975,-6.547970341831,9.99999999999995));
#4450=CARTESIAN_POINT('',(4.77530131961959,-6.53446417054815,9.99999999999995));
#4451=CARTESIAN_POINT('',(4.73298251726729,-6.52093294573221,9.99999999999994));
#4452=CARTESIAN_POINT('',(4.70027179030017,-6.50994043383603,9.99999999999994));
#4453=CARTESIAN_POINT('',(4.66689576813168,-6.49838176900502,9.99999999999994));
#4454=CARTESIAN_POINT('',(4.62647259042742,-6.48378875585353,9.99999999999994));
#4455=CARTESIAN_POINT('',(4.57459100404746,-6.46390552792179,9.99999999999994));
#4456=CARTESIAN_POINT('',(4.52175518409031,-6.44241567729976,9.99999999999993));
#4457=CARTESIAN_POINT('',(4.48143868315855,-6.4250218335833,9.99999999999993));
#4458=CARTESIAN_POINT('',(4.43896125593826,-6.40600915916548,9.99999999999993));
#4459=CARTESIAN_POINT('',(4.38304866227185,-6.37998029647551,9.99999999999993));
#4460=CARTESIAN_POINT('',(4.301225775569,-6.3387546081234,9.99999999999992));
#4461=CARTESIAN_POINT('',(4.23728320342485,-6.30338482814164,9.99999999999992));
#4462=CARTESIAN_POINT('',(4.1821152752543,-6.27132187489271,9.99999999999991));
#4463=CARTESIAN_POINT('',(4.1389731257121,-6.24533097465745,9.99999999999991));
#4464=CARTESIAN_POINT('',(4.0808248079827,-6.20821789056849,9.99999999999991));
#4465=CARTESIAN_POINT('',(4.03121457500541,-6.17486454087467,9.99999999999991));
#4466=CARTESIAN_POINT('',(3.98920852306065,-6.14534988533641,9.9999999999999));
#4467=CARTESIAN_POINT('',(3.93862848411191,-6.10859838094901,9.9999999999999));
#4468=CARTESIAN_POINT('',(3.8986402868333,-6.07799652947457,9.9999999999999));
#4469=CARTESIAN_POINT('',(3.86969583853594,-6.05493802999693,9.9999999999999));
#4470=CARTESIAN_POINT('',(3.86662463473716,-6.05248096952011,9.9999999999999));
#4471=CARTESIAN_POINT('',(8.25177918319727,-5.57151808772666,10.));
#4472=CARTESIAN_POINT('',(8.25177918319727,-5.57151808772666,10.));
#4473=CARTESIAN_POINT('',(8.24916339960596,-5.57453340459137,10.));
#4474=CARTESIAN_POINT('',(8.24388472036142,-5.58059835627919,10.));
#4475=CARTESIAN_POINT('',(8.23587934096005,-5.5897351934314,10.));
#4476=CARTESIAN_POINT('',(8.22947690004596,-5.59699327656447,10.));
#4477=CARTESIAN_POINT('',(8.22395481771735,-5.60322409587745,10.));
#4478=CARTESIAN_POINT('',(8.21830974273154,-5.60957135226631,10.));
#4479=CARTESIAN_POINT('',(8.20965738076372,-5.61924353035057,10.));
#4480=CARTESIAN_POINT('',(8.19863109360634,-5.63146381499423,10.));
#4481=CARTESIAN_POINT('',(8.18614139930171,-5.64516486473244,10.));
#4482=CARTESIAN_POINT('',(8.17421310502181,-5.65811222516185,10.));
#4483=CARTESIAN_POINT('',(8.16397834519017,-5.66911411984795,10.));
#4484=CARTESIAN_POINT('',(8.15689967992838,-5.67666732870504,10.));
#4485=CARTESIAN_POINT('',(8.14940272670579,-5.68463083137377,10.));
#4486=CARTESIAN_POINT('',(8.14035656938092,-5.69417980336216,10.));
#4487=CARTESIAN_POINT('',(8.12810316200931,-5.70698737584722,10.));
#4488=CARTESIAN_POINT('',(8.11518221894951,-5.72035262576078,10.));
#4489=CARTESIAN_POINT('',(8.10144203669696,-5.73440859215687,10.));
#4490=CARTESIAN_POINT('',(8.08711383526229,-5.74889569693102,10.0000000000001));
#4491=CARTESIAN_POINT('',(8.07206315460161,-5.76392942432015,10.0000000000001));
#4492=CARTESIAN_POINT('',(8.05975042964806,-5.77607308566617,10.0000000000001));
#4493=CARTESIAN_POINT('',(8.04890556651171,-5.78667147927281,10.0000000000001));
#4494=CARTESIAN_POINT('',(8.03738171939052,-5.79785603830152,10.0000000000001));
#4495=CARTESIAN_POINT('',(8.02171909433748,-5.81287988733197,10.0000000000001));
#4496=CARTESIAN_POINT('',(8.00274481980005,-5.83080619165956,10.0000000000001));
#4497=CARTESIAN_POINT('',(7.98261039008634,-5.8495241840931,10.0000000000001));
#4498=CARTESIAN_POINT('',(7.96097834272737,-5.86928932479563,10.0000000000001));
#4499=CARTESIAN_POINT('',(7.94379596392524,-5.88470113352081,10.0000000000001));
#4500=CARTESIAN_POINT('',(7.92811622616331,-5.89859112621007,10.0000000000001));
#4501=CARTESIAN_POINT('',(7.91168408213987,-5.9130047504941,10.0000000000001));
#4502=CARTESIAN_POINT('',(7.88843886624002,-5.93303644570998,10.0000000000001));
#4503=CARTESIAN_POINT('',(7.86820526701796,-5.95009428014885,10.0000000000001));
#4504=CARTESIAN_POINT('',(7.84930868669998,-5.96579476650507,10.0000000000001));
#4505=CARTESIAN_POINT('',(7.82933596536728,-5.98218698431028,10.0000000000001));
#4506=CARTESIAN_POINT('',(7.80077820799874,-6.00511792088184,10.0000000000001));
#4507=CARTESIAN_POINT('',(7.77901468716439,-6.02213115451673,10.0000000000001));
#4508=CARTESIAN_POINT('',(7.75614884742525,-6.03974929841552,10.0000000000001));
#4509=CARTESIAN_POINT('',(7.73192606721142,-6.05813941740241,10.0000000000001));
#4510=CARTESIAN_POINT('',(7.69494908188077,-6.08537141257727,10.0000000000002));
#4511=CARTESIAN_POINT('',(7.65548471994337,-6.11350484222165,10.0000000000002));
#4512=CARTESIAN_POINT('',(7.61395208095135,-6.14211128937386,10.0000000000002));
#4513=CARTESIAN_POINT('',(7.57908494095463,-6.16525722124412,10.0000000000002));
#4514=CARTESIAN_POINT('',(7.54850336502405,-6.18501477814432,10.0000000000002));
#4515=CARTESIAN_POINT('',(7.51634425505553,-6.20536618620524,10.0000000000002));
#4516=CARTESIAN_POINT('',(7.47278429959449,-6.23200305248653,10.0000000000002));
#4517=CARTESIAN_POINT('',(7.42049497136213,-6.2625646649751,10.0000000000002));
#4518=CARTESIAN_POINT('',(7.37387747131523,-6.28852439919211,10.0000000000002));
#4519=CARTESIAN_POINT('',(7.33620140366728,-6.30868972959185,10.0000000000002));
#4520=CARTESIAN_POINT('',(7.29744932049697,-6.32888614181888,10.0000000000003));
#4521=CARTESIAN_POINT('',(7.24907318155371,-6.35312327668287,10.0000000000003));
#4522=CARTESIAN_POINT('',(7.19375803266523,-6.37930458352947,10.0000000000003));
#4523=CARTESIAN_POINT('',(7.15247236063972,-6.39785696307037,10.0000000000003));
#4524=CARTESIAN_POINT('',(7.11019175267492,-6.41627848175992,10.0000000000003));
#4525=CARTESIAN_POINT('',(7.06147940298565,-6.43665693092251,10.0000000000003));
#4526=CARTESIAN_POINT('',(7.00117744278449,-6.46024920741195,10.0000000000003));
#4527=CARTESIAN_POINT('',(6.95681340080463,-6.4765678163497,10.0000000000003));
#4528=CARTESIAN_POINT('',(6.91186169851014,-6.49250999370239,10.0000000000003));
#4529=CARTESIAN_POINT('',(6.85329462239494,-6.5123263936664,10.0000000000003));
#4530=CARTESIAN_POINT('',(6.79086466801072,-6.53158224188144,10.0000000000004));
#4531=CARTESIAN_POINT('',(6.72699115174787,-6.54991429081938,10.0000000000004));
#4532=CARTESIAN_POINT('',(6.65836316873101,-6.56840878080977,10.0000000000004));
#4533=CARTESIAN_POINT('',(6.56605381421098,-6.59046191047897,10.0000000000004));
#4534=CARTESIAN_POINT('',(6.49030516930985,-6.60603945100266,10.0000000000004));
#4535=CARTESIAN_POINT('',(6.41103168128045,-6.62086286298424,10.0000000000004));
#4536=CARTESIAN_POINT('',(6.32531814641002,-6.63504749821896,10.0000000000004));
#4537=CARTESIAN_POINT('',(6.23975302825497,-6.64625877471174,10.0000000000004));
#4538=CARTESIAN_POINT('',(6.17449458005878,-6.6535552155638,10.0000000000005));
#4539=CARTESIAN_POINT('',(6.12502706261408,-6.65855179131411,10.0000000000005));
#4540=CARTESIAN_POINT('',(6.06199664556858,-6.66383106421666,10.0000000000005));
#4541=CARTESIAN_POINT('',(5.99822266550377,-6.6680766460698,10.0000000000005));
#4542=CARTESIAN_POINT('',(5.95645170206613,-6.67021007562626,10.0000000000005));
#4543=CARTESIAN_POINT('',(5.91654636356142,-6.67192780894089,10.0000000000005));
#4544=CARTESIAN_POINT('',(5.87668586947412,-6.67334739999337,10.0000000000005));
#4545=CARTESIAN_POINT('',(5.8281062792631,-6.67439244330286,10.0000000000005));
#4546=CARTESIAN_POINT('',(5.78785178829789,-6.67482461552787,10.0000000000005));
#4547=CARTESIAN_POINT('',(5.76759455801846,-6.67489672995391,10.0000000000005));
#4548=CARTESIAN_POINT('',(5.75742811086951,-6.67489672649475,10.0000000000005));
#4549=CARTESIAN_POINT('',(9.20895902386765,-1.99740234728262,10.));
#4550=CARTESIAN_POINT('',(9.20895902386765,-1.99740234728262,10.));
#4551=CARTESIAN_POINT('',(9.20895900180436,-2.02066450105199,10.));
#4552=CARTESIAN_POINT('',(9.20882923325021,-2.06812123219311,10.));
#4553=CARTESIAN_POINT('',(9.20814119270332,-2.14954846717451,10.));
#4554=CARTESIAN_POINT('',(9.20719466218446,-2.21011047774862,10.));
#4555=CARTESIAN_POINT('',(9.20594482377055,-2.27173596590718,10.));
#4556=CARTESIAN_POINT('',(9.20478603940171,-2.32036350999996,10.));
#4557=CARTESIAN_POINT('',(9.20263555024668,-2.39223200901468,10.));
#4558=CARTESIAN_POINT('',(9.20037427356615,-2.45468261781602,10.));
#4559=CARTESIAN_POINT('',(9.19820072334547,-2.50647531487333,10.));
#4560=CARTESIAN_POINT('',(9.19597418641368,-2.55523637786556,10.));
#4561=CARTESIAN_POINT('',(9.19335281110838,-2.60727982888123,10.));
#4562=CARTESIAN_POINT('',(9.18987613396502,-2.66882136801483,10.));
#4563=CARTESIAN_POINT('',(9.18610307139204,-2.72934634811293,10.));
#4564=CARTESIAN_POINT('',(9.18170110236538,-2.79341950065543,10.));
#4565=CARTESIAN_POINT('',(9.17652364009629,-2.86182663741532,10.));
#4566=CARTESIAN_POINT('',(9.17164060147933,-2.92045725369918,10.));
#4567=CARTESIAN_POINT('',(9.16729743479357,-2.96909294445856,10.));
#4568=CARTESIAN_POINT('',(9.1625988618599,-3.01936595402937,10.));
#4569=CARTESIAN_POINT('',(9.15607830299717,-3.08450465042857,10.));
#4570=CARTESIAN_POINT('',(9.14725211541456,-3.16513053395661,10.));
#4571=CARTESIAN_POINT('',(9.13725381588925,-3.24870877971781,10.));
#4572=CARTESIAN_POINT('',(9.12450224441768,-3.34636054355236,10.));
#4573=CARTESIAN_POINT('',(9.10842745655322,-3.45759372666019,10.));
#4574=CARTESIAN_POINT('',(9.09098212947029,-3.56523773576764,10.));
#4575=CARTESIAN_POINT('',(9.07602297405153,-3.64963788321844,10.));
#4576=CARTESIAN_POINT('',(9.05982061904924,-3.73613011818815,10.));
#4577=CARTESIAN_POINT('',(9.03629101706527,-3.85248292712799,10.));
#4578=CARTESIAN_POINT('',(9.00127277462181,-4.0060553189207,10.));
#4579=CARTESIAN_POINT('',(8.96151561836559,-4.15919054377307,10.));
#4580=CARTESIAN_POINT('',(8.93015351003486,-4.26697634192343,10.));
#4581=CARTESIAN_POINT('',(8.90683076781933,-4.34233806148835,10.));
#4582=CARTESIAN_POINT('',(8.88635803400916,-4.40613248049365,10.));
#4583=CARTESIAN_POINT('',(8.85754609236135,-4.49061376261335,10.));
#4584=CARTESIAN_POINT('',(8.82386989879295,-4.58262619235746,10.));
#4585=CARTESIAN_POINT('',(8.78902234992164,-4.67152407197958,10.));
#4586=CARTESIAN_POINT('',(8.76227119424905,-4.7353706084681,10.));
#4587=CARTESIAN_POINT('',(8.73772593245738,-4.7916710345273,10.));
#4588=CARTESIAN_POINT('',(8.71312899202458,-4.84631097871046,10.));
#4589=CARTESIAN_POINT('',(8.67774501292767,-4.92059425418255,10.));
#4590=CARTESIAN_POINT('',(8.63893040304675,-4.99721461732468,10.));
#4591=CARTESIAN_POINT('',(8.60852321284221,-5.05374080226043,10.));
#4592=CARTESIAN_POINT('',(8.58156458606008,-5.10198363667432,10.));
#4593=CARTESIAN_POINT('',(8.55452650450317,-5.14897135455482,10.));
#4594=CARTESIAN_POINT('',(8.51690420772383,-5.21117326626095,10.));
#4595=CARTESIAN_POINT('',(8.47469025993471,-5.27708444559594,10.));
#4596=CARTESIAN_POINT('',(8.44011855170001,-5.32811172275307,10.));
#4597=CARTESIAN_POINT('',(8.41106964394787,-5.36934281039351,10.));
#4598=CARTESIAN_POINT('',(8.38205750427211,-5.40939892850499,10.));
#4599=CARTESIAN_POINT('',(8.34383469544909,-5.45991509104301,10.));
#4600=CARTESIAN_POINT('',(8.30962441351081,-5.50273768560299,10.));
#4601=CARTESIAN_POINT('',(8.27899746428714,-5.53977129372475,10.));
#4602=CARTESIAN_POINT('',(8.26338784778874,-5.55813630062435,10.));
#4603=CARTESIAN_POINT('',(8.25177918319728,-5.57151808772666,10.));
#4604=CARTESIAN_POINT('',(8.26593030378169,1.73706319879962,10.));
#4605=CARTESIAN_POINT('',(8.26593030378169,1.73706319879962,10.));
#4606=CARTESIAN_POINT('',(8.27085359951239,1.7312536593016,10.));
#4607=CARTESIAN_POINT('',(8.27972894271765,1.72068351607023,10.));
#4608=CARTESIAN_POINT('',(8.2894505353019,1.70891147584745,10.));
#4609=CARTESIAN_POINT('',(8.29643198721612,1.70037961547786,10.));
#4610=CARTESIAN_POINT('',(8.30258800921903,1.69281275581098,10.));
#4611=CARTESIAN_POINT('',(8.31102047678513,1.68234455190689,10.));
#4612=CARTESIAN_POINT('',(8.32060325674892,1.67030478247067,10.));
#4613=CARTESIAN_POINT('',(8.33051211565781,1.65769966775381,10.));
#4614=CARTESIAN_POINT('',(8.3406375241277,1.64465232928366,10.));
#4615=CARTESIAN_POINT('',(8.35110268498472,1.63098812881515,10.));
#4616=CARTESIAN_POINT('',(8.35894857171383,1.62060286375521,10.));
#4617=CARTESIAN_POINT('',(8.36633754753844,1.61073772886941,10.));
#4618=CARTESIAN_POINT('',(8.37566634641739,1.59819048167668,10.));
#4619=CARTESIAN_POINT('',(8.38997408981781,1.57862397067196,10.));
#4620=CARTESIAN_POINT('',(8.40736759291327,1.55430032087336,10.));
#4621=CARTESIAN_POINT('',(8.42415778702062,1.53025770663968,10.));
#4622=CARTESIAN_POINT('',(8.44008602038754,1.50693923949085,10.));
#4623=CARTESIAN_POINT('',(8.45120035630162,1.49033851943163,10.));
#4624=CARTESIAN_POINT('',(8.46144569246669,1.47484018268089,10.));
#4625=CARTESIAN_POINT('',(8.47239553100286,1.45809339727868,10.));
#4626=CARTESIAN_POINT('',(8.4880326802768,1.43369694002454,10.));
#4627=CARTESIAN_POINT('',(8.50571544154656,1.40543202183388,10.));
#4628=CARTESIAN_POINT('',(8.52438938924013,1.37480703954356,10.));
#4629=CARTESIAN_POINT('',(8.5438476814674,1.34201530608247,10.));
#4630=CARTESIAN_POINT('',(8.56035604802167,1.31337288484699,10.));
#4631=CARTESIAN_POINT('',(8.5742183540923,1.28878393700245,10.));
#4632=CARTESIAN_POINT('',(8.58859199205546,1.26287635889842,10.));
#4633=CARTESIAN_POINT('',(8.60839650951373,1.22627277641404,10.));
#4634=CARTESIAN_POINT('',(8.63409877085038,1.17700530552365,10.));
#4635=CARTESIAN_POINT('',(8.66563930965999,1.11384213602832,10.));
#4636=CARTESIAN_POINT('',(8.69029422779745,1.06163631569162,10.));
#4637=CARTESIAN_POINT('',(8.72073820125075,0.994696162299407,10.));
#4638=CARTESIAN_POINT('',(8.75391166009731,0.918264433986501,10.));
#4639=CARTESIAN_POINT('',(8.79190099014364,0.823264439763688,10.));
#4640=CARTESIAN_POINT('',(8.81765295598916,0.754367470522988,10.));
#4641=CARTESIAN_POINT('',(8.84141350269128,0.688512048227687,10.));
#4642=CARTESIAN_POINT('',(8.86916111554825,0.607810202253555,10.));
#4643=CARTESIAN_POINT('',(8.90477745735446,0.495511405638636,10.));
#4644=CARTESIAN_POINT('',(8.92890970086342,0.412520659656629,10.));
#4645=CARTESIAN_POINT('',(8.9518002371666,0.329847650993653,10.));
#4646=CARTESIAN_POINT('',(8.97475968847584,0.242804807155775,10.));
#4647=CARTESIAN_POINT('',(9.00512498684431,0.116415911076087,10.));
#4648=CARTESIAN_POINT('',(9.03197908396084,-0.00726084935910287,10.0000000000001));
#4649=CARTESIAN_POINT('',(9.04895716571511,-0.0930335761692895,10.0000000000001));
#4650=CARTESIAN_POINT('',(9.06447513212565,-0.175405749781794,10.0000000000001));
#4651=CARTESIAN_POINT('',(9.08021059019708,-0.263902308543184,10.0000000000001));
#4652=CARTESIAN_POINT('',(9.10040729760651,-0.389763748081402,10.0000000000001));
#4653=CARTESIAN_POINT('',(9.11911035857534,-0.520005748274985,10.0000000000001));
#4654=CARTESIAN_POINT('',(9.13485585274386,-0.64381800734079,10.0000000000001));
#4655=CARTESIAN_POINT('',(9.14523675411484,-0.735480357006515,10.0000000000001));
#4656=CARTESIAN_POINT('',(9.15511915047522,-0.82913008546124,10.0000000000001));
#4657=CARTESIAN_POINT('',(9.16536931053294,-0.935912364603461,10.0000000000001));
#4658=CARTESIAN_POINT('',(9.17712162634743,-1.08031826210051,10.0000000000001));
#4659=CARTESIAN_POINT('',(9.18706097087807,-1.22788625448284,10.0000000000001));
#4660=CARTESIAN_POINT('',(9.19513912725588,-1.37784786882906,10.0000000000001));
#4661=CARTESIAN_POINT('',(9.19975247511533,-1.49052597743276,10.0000000000001));
#4662=CARTESIAN_POINT('',(9.2031643123344,-1.59271510755958,10.0000000000001));
#4663=CARTESIAN_POINT('',(9.20598544083913,-1.69634379713034,10.0000000000001));
#4664=CARTESIAN_POINT('',(9.20839748929794,-1.84063885569899,10.0000000000001));
#4665=CARTESIAN_POINT('',(9.20895864551754,-1.94500772691102,10.0000000000001));
#4666=CARTESIAN_POINT('',(9.20895902386765,-1.99740234728262,10.0000000000001));
#4667=CARTESIAN_POINT('',(5.81403236711935,2.84984697871366,10.));
#4668=CARTESIAN_POINT('',(5.81403236711935,2.84984697871366,10.));
#4669=CARTESIAN_POINT('',(5.81815855575594,2.84984697902978,10.));
#4670=CARTESIAN_POINT('',(5.8264697694558,2.84983440920232,10.));
#4671=CARTESIAN_POINT('',(5.83902647647794,2.84977697933352,10.));
#4672=CARTESIAN_POINT('',(5.84903257301308,2.84970000441303,10.));
#4673=CARTESIAN_POINT('',(5.85763883832995,2.84961517421405,10.));
#4674=CARTESIAN_POINT('',(5.8664208140465,2.84951434611459,10.));
#4675=CARTESIAN_POINT('',(5.87983659595565,2.84932419348725,10.));
#4676=CARTESIAN_POINT('',(5.89685205811471,2.84901510217456,10.));
#4677=CARTESIAN_POINT('',(5.91601418898475,2.84857574529595,10.));
#4678=CARTESIAN_POINT('',(5.93420594321614,2.84806887446916,10.));
#4679=CARTESIAN_POINT('',(5.94973166731016,2.84756593195247,10.));
#4680=CARTESIAN_POINT('',(5.96042717619808,2.84718246024397,10.));
#4681=CARTESIAN_POINT('',(5.97172667982195,2.84675341770959,10.));
#4682=CARTESIAN_POINT('',(5.98531328449506,2.84619750771683,10.));
#4683=CARTESIAN_POINT('',(6.00361351493456,2.84536390616979,10.));
#4684=CARTESIAN_POINT('',(6.02279804719666,2.84439584088247,10.));
#4685=CARTESIAN_POINT('',(6.04307462346557,2.84326657677005,10.));
#4686=CARTESIAN_POINT('',(6.06408793703675,2.84198002906946,10.));
#4687=CARTESIAN_POINT('',(6.08715476390873,2.84043475004345,10.));
#4688=CARTESIAN_POINT('',(6.10499567437526,2.83912357454883,10.));
#4689=CARTESIAN_POINT('',(6.12400973017735,2.83764287396402,10.));
#4690=CARTESIAN_POINT('',(6.15074198887632,2.8354482209994,10.));
#4691=CARTESIAN_POINT('',(6.19301341921228,2.83154031899179,10.));
#4692=CARTESIAN_POINT('',(6.24539774881935,2.82594267332507,10.));
#4693=CARTESIAN_POINT('',(6.28494848624625,2.82109940040814,10.));
#4694=CARTESIAN_POINT('',(6.317466967665,2.81679756936784,10.));
#4695=CARTESIAN_POINT('',(6.34491852922887,2.81299397763436,10.));
#4696=CARTESIAN_POINT('',(6.38191168847533,2.80746928026503,10.));
#4697=CARTESIAN_POINT('',(6.42197157004858,2.80099616550814,10.));
#4698=CARTESIAN_POINT('',(6.45910425373114,2.79453246027202,10.));
#4699=CARTESIAN_POINT('',(6.48694299021306,2.78936826528735,10.));
#4700=CARTESIAN_POINT('',(6.51625867023362,2.78372634994794,10.0000000000001));
#4701=CARTESIAN_POINT('',(6.55076979438046,2.77676821561608,10.0000000000001));
#4702=CARTESIAN_POINT('',(6.59717792427017,2.7667068295393,10.0000000000001));
#4703=CARTESIAN_POINT('',(6.64524262501337,2.75551899147745,10.0000000000001));
#4704=CARTESIAN_POINT('',(6.69050207786933,2.74422367718966,10.0000000000001));
#4705=CARTESIAN_POINT('',(6.72414710798579,2.73530132082352,10.0000000000001));
#4706=CARTESIAN_POINT('',(6.7593368434843,2.72564431029345,10.0000000000001));
#4707=CARTESIAN_POINT('',(6.80003801753924,2.71397918985886,10.0000000000001));
#4708=CARTESIAN_POINT('',(6.85555216113522,2.69694056445608,10.0000000000001));
#4709=CARTESIAN_POINT('',(6.91256518030627,2.67821497965446,10.0000000000001));
#4710=CARTESIAN_POINT('',(6.97131101852211,2.65757686539459,10.0000000000001));
#4711=CARTESIAN_POINT('',(7.01628252296791,2.64069235298472,10.0000000000001));
#4712=CARTESIAN_POINT('',(7.05631595842173,2.62502181408766,10.0000000000001));
#4713=CARTESIAN_POINT('',(7.09671125940758,2.60869441973748,10.0000000000001));
#4714=CARTESIAN_POINT('',(7.15187042965038,2.58515001321395,10.0000000000001));
#4715=CARTESIAN_POINT('',(7.20972128701812,2.55887945337996,10.0000000000001));
#4716=CARTESIAN_POINT('',(7.25031145089844,2.53938595133481,10.0000000000001));
#4717=CARTESIAN_POINT('',(7.29115238593955,2.51917764968906,10.0000000000001));
#4718=CARTESIAN_POINT('',(7.33510102564178,2.49668043898638,10.0000000000001));
#4719=CARTESIAN_POINT('',(7.3929621393197,2.465306530624,10.0000000000001));
#4720=CARTESIAN_POINT('',(7.43296997617248,2.44245000997646,10.0000000000001));
#4721=CARTESIAN_POINT('',(7.4793810281248,2.41519952666813,10.0000000000001));
#4722=CARTESIAN_POINT('',(7.53434255960375,2.38162646367237,10.0000000000001));
#4723=CARTESIAN_POINT('',(7.58958905971984,2.34545683521859,10.0000000000001));
#4724=CARTESIAN_POINT('',(7.63984342984482,2.3112598852308,10.0000000000001));
#4725=CARTESIAN_POINT('',(7.68273742650441,2.28110273252835,10.0000000000001));
#4726=CARTESIAN_POINT('',(7.73866300571455,2.23975977975207,10.0000000000001));
#4727=CARTESIAN_POINT('',(7.77358438190681,2.21275096571358,10.0000000000001));
#4728=CARTESIAN_POINT('',(7.80769044745199,2.18578357922653,10.0000000000001));
#4729=CARTESIAN_POINT('',(7.84101680108477,2.15885683935532,10.0000000000001));
#4730=CARTESIAN_POINT('',(7.88961029298796,2.11791497619556,10.0000000000002));
#4731=CARTESIAN_POINT('',(7.93676556113157,2.07654924292012,10.0000000000002));
#4732=CARTESIAN_POINT('',(7.97362698250675,2.04292624064478,10.0000000000002));
#4733=CARTESIAN_POINT('',(8.00353738094664,2.01490144917262,10.0000000000002));
#4734=CARTESIAN_POINT('',(8.03271112358772,1.98705432095962,10.0000000000002));
#4735=CARTESIAN_POINT('',(8.06941968699966,1.95098676366507,10.0000000000002));
#4736=CARTESIAN_POINT('',(8.1086189278269,1.91109246824535,10.0000000000002));
#4737=CARTESIAN_POINT('',(8.1353287188056,1.88304181396533,10.0000000000002));
#4738=CARTESIAN_POINT('',(8.16151058408596,1.85508599752355,10.0000000000002));
#4739=CARTESIAN_POINT('',(8.18926042681089,1.82489081912028,10.0000000000002));
#4740=CARTESIAN_POINT('',(8.21474984580998,1.79624314527371,10.0000000000002));
#4741=CARTESIAN_POINT('',(8.24035203254346,1.76700259919235,10.0000000000002));
#4742=CARTESIAN_POINT('',(8.2532659660394,1.75200727028104,10.0000000000002));
#4743=CARTESIAN_POINT('',(8.2659303037817,1.73706319879962,10.0000000000002));
#4744=CARTESIAN_POINT('',(3.89964380305689,2.14258265932962,10.));
#4745=CARTESIAN_POINT('',(3.89964380305689,2.14258265932962,10.));
#4746=CARTESIAN_POINT('',(3.90526953369131,2.14754650228744,10.));
#4747=CARTESIAN_POINT('',(3.91978706763006,2.1602626098497,10.));
#4748=CARTESIAN_POINT('',(3.93970964027107,2.17738516130688,10.));
#4749=CARTESIAN_POINT('',(3.96195215592121,2.19614755832523,9.99999999999999));
#4750=CARTESIAN_POINT('',(3.98481942893384,2.21510439302321,9.99999999999999));
#4751=CARTESIAN_POINT('',(4.00815714105512,2.23400857551968,9.99999999999999));
#4752=CARTESIAN_POINT('',(4.02453786541629,2.24701014855028,9.99999999999999));
#4753=CARTESIAN_POINT('',(4.03568327133726,2.25577817342129,9.99999999999999));
#4754=CARTESIAN_POINT('',(4.04559077438066,2.26351652955414,9.99999999999999));
#4755=CARTESIAN_POINT('',(4.05922405795119,2.2740384200255,9.99999999999999));
#4756=CARTESIAN_POINT('',(4.07318244898583,2.28467998520689,9.99999999999998));
#4757=CARTESIAN_POINT('',(4.08762439903699,2.29555162313681,9.99999999999998));
#4758=CARTESIAN_POINT('',(4.10249640073343,2.3066007206887,9.99999999999998));
#4759=CARTESIAN_POINT('',(4.11800396328463,2.31796623347696,9.99999999999998));
#4760=CARTESIAN_POINT('',(4.13071819949254,2.32715273584353,9.99999999999998));
#4761=CARTESIAN_POINT('',(4.14183921926221,2.33510535551865,9.99999999999998));
#4762=CARTESIAN_POINT('',(4.15364595336657,2.34348318666289,9.99999999999998));
#4763=CARTESIAN_POINT('',(4.16964089687273,2.35468435017108,9.99999999999998));
#4764=CARTESIAN_POINT('',(4.1889539097464,2.3679789326049,9.99999999999998));
#4765=CARTESIAN_POINT('',(4.20919020204703,2.38165806307658,9.99999999999997));
#4766=CARTESIAN_POINT('',(4.23044403416856,2.39575091170004,9.99999999999997));
#4767=CARTESIAN_POINT('',(4.25236856290014,2.40999802771678,9.99999999999997));
#4768=CARTESIAN_POINT('',(4.27499535374252,2.42439729433511,9.99999999999997));
#4769=CARTESIAN_POINT('',(4.29039738072461,2.43398934459021,9.99999999999997));
#4770=CARTESIAN_POINT('',(4.30650541348723,2.44390880325541,9.99999999999996));
#4771=CARTESIAN_POINT('',(4.32360211595295,2.45431240509026,9.99999999999996));
#4772=CARTESIAN_POINT('',(4.34972423812913,2.46982270902209,9.99999999999996));
#4773=CARTESIAN_POINT('',(4.38094099001567,2.4878815698109,9.99999999999996));
#4774=CARTESIAN_POINT('',(4.41744009182374,2.50831057180768,9.99999999999996));
#4775=CARTESIAN_POINT('',(4.45379869595377,2.52784276853603,9.99999999999995));
#4776=CARTESIAN_POINT('',(4.48284833821926,2.54291361340361,9.99999999999995));
#4777=CARTESIAN_POINT('',(4.50969202767748,2.55652514155901,9.99999999999995));
#4778=CARTESIAN_POINT('',(4.54028791751548,2.57161046851125,9.99999999999995));
#4779=CARTESIAN_POINT('',(4.57845174855006,2.58970893802343,9.99999999999994));
#4780=CARTESIAN_POINT('',(4.61857452236766,2.60795090705087,9.99999999999994));
#4781=CARTESIAN_POINT('',(4.66099115893922,2.62638123225462,9.99999999999994));
#4782=CARTESIAN_POINT('',(4.69761678853908,2.64153829538704,9.99999999999994));
#4783=CARTESIAN_POINT('',(4.72811042364752,2.65367413326226,9.99999999999993));
#4784=CARTESIAN_POINT('',(4.76541457543311,2.66812009956591,9.99999999999993));
#4785=CARTESIAN_POINT('',(4.81771280349988,2.68731725957197,9.99999999999993));
#4786=CARTESIAN_POINT('',(4.8816977331222,2.70892032219732,9.99999999999992));
#4787=CARTESIAN_POINT('',(4.92813582330567,2.7233509852401,9.99999999999992));
#4788=CARTESIAN_POINT('',(4.97058479268541,2.73591807696548,9.99999999999992));
#4789=CARTESIAN_POINT('',(5.01289993343158,2.7478456112873,9.99999999999991));
#4790=CARTESIAN_POINT('',(5.05269542725391,2.7581507913299,9.99999999999991));
#4791=CARTESIAN_POINT('',(5.09222002910005,2.7679027705565,9.99999999999991));
#4792=CARTESIAN_POINT('',(5.13310154348928,2.77751011207965,9.99999999999991));
#4793=CARTESIAN_POINT('',(5.19407811406421,2.79047283146054,9.9999999999999));
#4794=CARTESIAN_POINT('',(5.23811643218665,2.79880621006513,9.9999999999999));
#4795=CARTESIAN_POINT('',(5.28142281437862,2.8064601339487,9.9999999999999));
#4796=CARTESIAN_POINT('',(5.3255265199412,2.8137419216365,9.9999999999999));
#4797=CARTESIAN_POINT('',(5.39085365939487,2.82307889517807,9.99999999999989));
#4798=CARTESIAN_POINT('',(5.45551057838764,2.83083779607971,9.99999999999989));
#4799=CARTESIAN_POINT('',(5.50167921161115,2.8354164341996,9.99999999999989));
#4800=CARTESIAN_POINT('',(5.54841211980527,2.83952624402091,9.99999999999988));
#4801=CARTESIAN_POINT('',(5.59923391990314,2.8433319074939,9.99999999999988));
#4802=CARTESIAN_POINT('',(5.65941085697253,2.84652211555507,9.99999999999988));
#4803=CARTESIAN_POINT('',(5.70668233953222,2.84824197411703,9.99999999999988));
#4804=CARTESIAN_POINT('',(5.74817503287067,2.8493126420408,9.99999999999987));
#4805=CARTESIAN_POINT('',(5.7830784776394,2.84977814299954,9.99999999999987));
#4806=CARTESIAN_POINT('',(5.80743367823151,2.84984698193918,9.99999999999987));
#4807=CARTESIAN_POINT('',(5.81403236711935,2.84984697871366,9.99999999999987));
#4808=CARTESIAN_POINT('',(3.02022163052894,0.809304957644096,10.));
#4809=CARTESIAN_POINT('',(3.02022163052894,0.809304957644096,10.));
#4810=CARTESIAN_POINT('',(3.02840438424552,0.830117732175982,10.));
#4811=CARTESIAN_POINT('',(3.04499539013129,0.871513783171905,10.));
#4812=CARTESIAN_POINT('',(3.07066824336626,0.933130338587078,10.));
#4813=CARTESIAN_POINT('',(3.09615691969086,0.991976952474778,9.99999999999999));
#4814=CARTESIAN_POINT('',(3.11419759337873,1.03212045669062,9.99999999999999));
#4815=CARTESIAN_POINT('',(3.13237956865578,1.07179831450938,9.99999999999999));
#4816=CARTESIAN_POINT('',(3.1516087293579,1.11288843003112,9.99999999999999));
#4817=CARTESIAN_POINT('',(3.17985030048101,1.17095246453022,9.99999999999999));
#4818=CARTESIAN_POINT('',(3.20864726957134,1.22792344012742,9.99999999999999));
#4819=CARTESIAN_POINT('',(3.23808451976531,1.28396699020013,9.99999999999998));
#4820=CARTESIAN_POINT('',(3.26803949641692,1.33884610122433,9.99999999999998));
#4821=CARTESIAN_POINT('',(3.29295500331685,1.38277566204958,9.99999999999998));
#4822=CARTESIAN_POINT('',(3.31345722749301,1.41793785180394,9.99999999999998));
#4823=CARTESIAN_POINT('',(3.33376346569345,1.45211117523986,9.99999999999998));
#4824=CARTESIAN_POINT('',(3.3598674832693,1.49478819428286,9.99999999999998));
#4825=CARTESIAN_POINT('',(3.39065430043462,1.54328850755438,9.99999999999998));
#4826=CARTESIAN_POINT('',(3.42145356103141,1.59006642332644,9.99999999999997));
#4827=CARTESIAN_POINT('',(3.44886013867358,1.63022586164743,9.99999999999997));
#4828=CARTESIAN_POINT('',(3.46935531584517,1.65937867539946,9.99999999999997));
#4829=CARTESIAN_POINT('',(3.48963619925392,1.68772741304139,9.99999999999997));
#4830=CARTESIAN_POINT('',(3.51301391317047,1.71966506909449,9.99999999999997));
#4831=CARTESIAN_POINT('',(3.54325152579474,1.75957747702245,9.99999999999997));
#4832=CARTESIAN_POINT('',(3.57280356151611,1.79729813716865,9.99999999999997));
#4833=CARTESIAN_POINT('',(3.60180831130489,1.83313767407341,9.99999999999996));
#4834=CARTESIAN_POINT('',(3.626228610753,1.86237623226341,9.99999999999996));
#4835=CARTESIAN_POINT('',(3.6448915184599,1.88418360755499,9.99999999999996));
#4836=CARTESIAN_POINT('',(3.66271558077192,1.90470367118626,9.99999999999996));
#4837=CARTESIAN_POINT('',(3.68362830371148,1.92829039971169,9.99999999999996));
#4838=CARTESIAN_POINT('',(3.70911834940479,1.95624606787353,9.99999999999996));
#4839=CARTESIAN_POINT('',(3.73374965668713,1.98254073000467,9.99999999999996));
#4840=CARTESIAN_POINT('',(3.75786069331504,2.00761298622329,9.99999999999996));
#4841=CARTESIAN_POINT('',(3.78137546560088,2.03144952127024,9.99999999999996));
#4842=CARTESIAN_POINT('',(3.80112940453454,2.05097971935004,9.99999999999996));
#4843=CARTESIAN_POINT('',(3.81662814113724,2.06601358698502,9.99999999999996));
#4844=CARTESIAN_POINT('',(3.83215930388975,2.08089237183291,9.99999999999995));
#4845=CARTESIAN_POINT('',(3.8514639013314,2.09905173140916,9.99999999999995));
#4846=CARTESIAN_POINT('',(3.87533030000763,2.1209424453811,9.99999999999995));
#4847=CARTESIAN_POINT('',(3.8914875979723,2.13538609385536,9.99999999999995));
#4848=CARTESIAN_POINT('',(3.89964380305689,2.14258265932962,9.99999999999995));
#4849=CARTESIAN_POINT('',(1.78732757961749,0.22196893153145,10.));
#4850=AXIS2_PLACEMENT_3D('',#4851,#4852,#4853);
#4851=CARTESIAN_POINT('',(2.0895660151636,1.17520128939528,10.));
#4852=DIRECTION('',(0.,0.,-1.));
#4853=DIRECTION('',(0.930655615365333,-0.365896331751185,0.));
#4854=CARTESIAN_POINT('',(1.01408178215287,0.467139585035114,10.));
#4855=VECTOR('',#4856,1.);
#4856=DIRECTION('',(0.953232357863831,-0.302238435546113,0.));
#4857=CARTESIAN_POINT('',(-4.03662834638183,8.80990902386765,10.));
#4858=CARTESIAN_POINT('',(-5.03662834638183,7.80990902386765,10.));
#4859=AXIS2_PLACEMENT_3D('',#4860,#4861,#4862);
#4860=CARTESIAN_POINT('',(-4.03662834638183,7.80990902386765,10.));
#4861=DIRECTION('',(0.,0.,-1.));
#4862=DIRECTION('',(-1.,0.,0.));
#4863=CARTESIAN_POINT('',(-3.38664439556674,8.80990902386765,10.));
#4864=CARTESIAN_POINT('',(-3.38664439556674,8.80990902386765,10.));
#4865=VECTOR('',#4866,1.);
#4866=DIRECTION('',(-1.,0.,0.));
#4867=CARTESIAN_POINT('',(-2.38664439556674,7.80990902386765,10.));
#4868=AXIS2_PLACEMENT_3D('',#4869,#4870,#4871);
#4869=CARTESIAN_POINT('',(-3.38664439556674,7.80990902386765,10.));
#4870=DIRECTION('',(0.,0.,-1.));
#4871=DIRECTION('',(4.44089209850063E-16,1.,0.));
#4872=CARTESIAN_POINT('',(-2.38664439556674,-4.01514066739147,10.));
#4873=CARTESIAN_POINT('',(-2.38664439556674,-4.01514066739147,10.));
#4874=VECTOR('',#4875,1.);
#4875=DIRECTION('',(7.51099101390374E-17,1.,0.));
#4876=CARTESIAN_POINT('',(-3.38664439556674,-5.01514066739147,10.));
#4877=AXIS2_PLACEMENT_3D('',#4878,#4879,#4880);
#4878=CARTESIAN_POINT('',(-3.38664439556674,-4.01514066739147,10.));
#4879=DIRECTION('',(0.,0.,-1.));
#4880=DIRECTION('',(1.,0.,0.));
#4881=CARTESIAN_POINT('',(-3.85743931920805,-5.01514066739147,10.));
#4882=CARTESIAN_POINT('',(-3.85743931920805,-5.01514066739147,10.));
#4883=VECTOR('',#4884,1.);
#4884=DIRECTION('',(1.,-1.886550544833E-15,0.));
#4885=CARTESIAN_POINT('',(-4.85743931920805,-4.01514066739147,10.));
#4886=AXIS2_PLACEMENT_3D('',#4887,#4888,#4889);
#4887=CARTESIAN_POINT('',(-3.85743931920805,-4.01514066739147,10.));
#4888=DIRECTION('',(0.,0.,-1.));
#4889=DIRECTION('',(-8.88178419700125E-16,-1.,0.));
#4890=CARTESIAN_POINT('',(-4.85743931920805,-3.54394983736426,10.));
#4891=CARTESIAN_POINT('',(-4.85743931920805,-3.54394983736426,10.));
#4892=VECTOR('',#4893,1.);
#4893=DIRECTION('',(-1.88496541761823E-15,-1.,0.));
#4894=CARTESIAN_POINT('',(-6.15884615016352,-4.76991324705628,10.));
#4895=CARTESIAN_POINT('',(-6.15884615016352,-4.76991324705628,10.));
#4896=CARTESIAN_POINT('',(-6.15397285753287,-4.76711244923566,10.));
#4897=CARTESIAN_POINT('',(-6.14105014142726,-4.75965187321992,10.));
#4898=CARTESIAN_POINT('',(-6.12357853737561,-4.74944357764046,10.));
#4899=CARTESIAN_POINT('',(-6.10408285546074,-4.73791807253342,10.));
#4900=CARTESIAN_POINT('',(-6.08396023527491,-4.7258938098121,10.));
#4901=CARTESIAN_POINT('',(-6.06377429118151,-4.71365493885688,10.));
#4902=CARTESIAN_POINT('',(-6.04867111315733,-4.70438248000011,10.));
#4903=CARTESIAN_POINT('',(-6.03412664983747,-4.69539814572834,10.));
#4904=CARTESIAN_POINT('',(-6.01256285343484,-4.68195323747873,10.));
#4905=CARTESIAN_POINT('',(-5.98281113558524,-4.66305376250537,10.));
#4906=CARTESIAN_POINT('',(-5.95880786371122,-4.64748681791256,10.));
#4907=CARTESIAN_POINT('',(-5.93616293511233,-4.63262480071507,10.));
#4908=CARTESIAN_POINT('',(-5.91633702973231,-4.61945432066051,10.));
#4909=CARTESIAN_POINT('',(-5.89193743373459,-4.60296974379393,10.));
#4910=CARTESIAN_POINT('',(-5.8708424841467,-4.58851970167195,10.));
#4911=CARTESIAN_POINT('',(-5.84995318136856,-4.57401498546306,10.));
#4912=CARTESIAN_POINT('',(-5.82954585296593,-4.55965015935043,10.));
#4913=CARTESIAN_POINT('',(-5.81499606047581,-4.54927101230139,10.));
#4914=CARTESIAN_POINT('',(-5.79937747706349,-4.53804543339242,10.));
#4915=CARTESIAN_POINT('',(-5.78143585161216,-4.52503299911119,10.));
#4916=CARTESIAN_POINT('',(-5.755569410514,-4.50595494455283,10.0000000000001));
#4917=CARTESIAN_POINT('',(-5.72417810411534,-4.48238282696894,10.0000000000001));
#4918=CARTESIAN_POINT('',(-5.68735259289883,-4.45408994020085,10.0000000000001));
#4919=CARTESIAN_POINT('',(-5.64473743375217,-4.42040378975366,10.0000000000001));
#4920=CARTESIAN_POINT('',(-5.60792826638212,-4.39041309951999,10.0000000000001));
#4921=CARTESIAN_POINT('',(-5.58137912233244,-4.36825826701928,10.0000000000001));
#4922=CARTESIAN_POINT('',(-5.55746512360103,-4.34805043918889,10.0000000000001));
#4923=CARTESIAN_POINT('',(-5.52879230185329,-4.32340046754813,10.0000000000001));
#4924=CARTESIAN_POINT('',(-5.49166866350332,-4.29062297812259,10.0000000000001));
#4925=CARTESIAN_POINT('',(-5.4539322281382,-4.25637355171402,10.0000000000001));
#4926=CARTESIAN_POINT('',(-5.41604178936865,-4.22100081632268,10.0000000000001));
#4927=CARTESIAN_POINT('',(-5.37806895379681,-4.18451447380749,10.0000000000001));
#4928=CARTESIAN_POINT('',(-5.34036461146511,-4.14721088531746,10.0000000000001));
#4929=CARTESIAN_POINT('',(-5.31395037028939,-4.12029462951458,10.0000000000001));
#4930=CARTESIAN_POINT('',(-5.28814313578005,-4.09355467976333,10.0000000000001));
#4931=CARTESIAN_POINT('',(-5.26021687236364,-4.06414531502652,10.0000000000001));
#4932=CARTESIAN_POINT('',(-5.2139878880467,-4.01387003943724,10.0000000000001));
#4933=CARTESIAN_POINT('',(-5.16069050726567,-3.95335134110969,10.0000000000001));
#4934=CARTESIAN_POINT('',(-5.10857917211682,-3.89110432168037,10.0000000000001));
#4935=CARTESIAN_POINT('',(-5.07194177906865,-3.84537458879863,10.0000000000001));
#4936=CARTESIAN_POINT('',(-5.04202214945261,-3.80708034230718,10.0000000000002));
#4937=CARTESIAN_POINT('',(-5.01500691837999,-3.77168540403323,10.0000000000002));
#4938=CARTESIAN_POINT('',(-4.98377160116863,-3.7294129961741,10.0000000000002));
#4939=CARTESIAN_POINT('',(-4.95562613859132,-3.69020080658074,10.0000000000002));
#4940=CARTESIAN_POINT('',(-4.93096107993655,-3.6548930775851,10.0000000000002));
#4941=CARTESIAN_POINT('',(-4.9140332987732,-3.63005829288604,10.0000000000002));
#4942=CARTESIAN_POINT('',(-4.89768113285397,-3.60574874308988,10.0000000000002));
#4943=CARTESIAN_POINT('',(-4.88054984880536,-3.57989212826284,10.0000000000002));
#4944=CARTESIAN_POINT('',(-4.86503055734876,-3.55585741919376,10.0000000000002));
#4945=CARTESIAN_POINT('',(-4.85743931920805,-3.54394983736426,10.0000000000002));
#4946=CARTESIAN_POINT('',(-7.97889424946161,-5.24144210498207,10.));
#4947=CARTESIAN_POINT('',(-7.97889424502677,-5.24144210498207,10.));
#4948=CARTESIAN_POINT('',(-7.97295206355676,-5.24144210751256,10.));
#4949=CARTESIAN_POINT('',(-7.95717770026073,-5.24140892965107,10.));
#4950=CARTESIAN_POINT('',(-7.93578369233113,-5.241243916427,10.));
#4951=CARTESIAN_POINT('',(-7.91184064689007,-5.24092662733462,10.));
#4952=CARTESIAN_POINT('',(-7.88761274978419,-5.24048243563767,9.99999999999999));
#4953=CARTESIAN_POINT('',(-7.86266460633041,-5.23985669602075,9.99999999999999));
#4954=CARTESIAN_POINT('',(-7.84559768355697,-5.23932593748874,9.99999999999999));
#4955=CARTESIAN_POINT('',(-7.83396227503894,-5.23893434523386,9.99999999999999));
#4956=CARTESIAN_POINT('',(-7.82393789629349,-5.23857746620699,9.99999999999999));
#4957=CARTESIAN_POINT('',(-7.8078184335915,-5.23794757422369,9.99999999999999));
#4958=CARTESIAN_POINT('',(-7.78941378952091,-5.23715034756403,9.99999999999999));
#4959=CARTESIAN_POINT('',(-7.76851817466326,-5.23613874270617,9.99999999999999));
#4960=CARTESIAN_POINT('',(-7.74839455869131,-5.23505745270282,9.99999999999999));
#4961=CARTESIAN_POINT('',(-7.73261170159085,-5.2341310700508,9.99999999999999));
#4962=CARTESIAN_POINT('',(-7.72037967342777,-5.23337342725777,9.99999999999999));
#4963=CARTESIAN_POINT('',(-7.70715152971926,-5.23252241993361,9.99999999999998));
#4964=CARTESIAN_POINT('',(-7.68936502282843,-5.23130627949632,9.99999999999998));
#4965=CARTESIAN_POINT('',(-7.66739105473455,-5.22968496832683,9.99999999999998));
#4966=CARTESIAN_POINT('',(-7.64405604454042,-5.22782779710676,9.99999999999998));
#4967=CARTESIAN_POINT('',(-7.61903850468584,-5.22567980265538,9.99999999999998));
#4968=CARTESIAN_POINT('',(-7.59289020956756,-5.22325930066525,9.99999999999998));
#4969=CARTESIAN_POINT('',(-7.56660945966238,-5.22064156632624,9.99999999999998));
#4970=CARTESIAN_POINT('',(-7.54804553931072,-5.21866405512496,9.99999999999998));
#4971=CARTESIAN_POINT('',(-7.52844367009208,-5.21650090512597,9.99999999999998));
#4972=CARTESIAN_POINT('',(-7.50650568119194,-5.21398164017959,9.99999999999997));
#4973=CARTESIAN_POINT('',(-7.47470242507129,-5.21006260096789,9.99999999999997));
#4974=CARTESIAN_POINT('',(-7.44110800506599,-5.20562427540468,9.99999999999997));
#4975=CARTESIAN_POINT('',(-7.40598493466444,-5.20065344247188,9.99999999999997));
#4976=CARTESIAN_POINT('',(-7.36901184634052,-5.19505000390527,9.99999999999997));
#4977=CARTESIAN_POINT('',(-7.33081294992403,-5.18885610802666,9.99999999999996));
#4978=CARTESIAN_POINT('',(-7.29131333098877,-5.1820151624706,9.99999999999996));
#4979=CARTESIAN_POINT('',(-7.26415683187932,-5.17700039661905,9.99999999999996));
#4980=CARTESIAN_POINT('',(-7.23664449121142,-5.17175038545861,9.99999999999996));
#4981=CARTESIAN_POINT('',(-7.20815304636452,-5.16613982494677,9.99999999999996));
#4982=CARTESIAN_POINT('',(-7.1655372640477,-5.15722188630491,9.99999999999995));
#4983=CARTESIAN_POINT('',(-7.1210514326435,-5.14732964340231,9.99999999999995));
#4984=CARTESIAN_POINT('',(-7.07553486406918,-5.13658828541013,9.99999999999995));
#4985=CARTESIAN_POINT('',(-7.02872492284802,-5.12487642613879,9.99999999999995));
#4986=CARTESIAN_POINT('',(-6.9898128648189,-5.11456558082272,9.99999999999994));
#4987=CARTESIAN_POINT('',(-6.9577618461362,-5.10571690409186,9.99999999999994));
#4988=CARTESIAN_POINT('',(-6.92516713359684,-5.09646677727803,9.99999999999994));
#4989=CARTESIAN_POINT('',(-6.88327935291719,-5.08406902061013,9.99999999999994));
#4990=CARTESIAN_POINT('',(-6.83306977206949,-5.06839041388321,9.99999999999994));
#4991=CARTESIAN_POINT('',(-6.79634756546486,-5.05630427608049,9.99999999999993));
#4992=CARTESIAN_POINT('',(-6.76219121600147,-5.04471486820997,9.99999999999993));
#4993=CARTESIAN_POINT('',(-6.7276300859973,-5.03268527629422,9.99999999999993));
#4994=CARTESIAN_POINT('',(-6.67875492633315,-5.01487788887685,9.99999999999993));
#4995=CARTESIAN_POINT('',(-6.62644610525259,-4.99486048128043,9.99999999999992));
#4996=CARTESIAN_POINT('',(-6.58107822920867,-4.97664813592056,9.99999999999992));
#4997=CARTESIAN_POINT('',(-6.54619283971151,-4.962111027686,9.99999999999992));
#4998=CARTESIAN_POINT('',(-6.50533595910531,-4.94469196458082,9.99999999999992));
#4999=CARTESIAN_POINT('',(-6.45165051975047,-4.92089160301825,9.99999999999991));
#5000=CARTESIAN_POINT('',(-6.38286814206108,-4.88856712941898,9.99999999999991));
#5001=CARTESIAN_POINT('',(-6.33676613055539,-4.86567115167662,9.99999999999991));
#5002=CARTESIAN_POINT('',(-6.29645356809071,-4.84509515149014,9.9999999999999));
#5003=CARTESIAN_POINT('',(-6.26107098780962,-4.82664610152661,9.9999999999999));
#5004=CARTESIAN_POINT('',(-6.2231901034197,-4.80609372374982,9.9999999999999));
#5005=CARTESIAN_POINT('',(-6.18911524063534,-4.78716565204035,9.9999999999999));
#5006=CARTESIAN_POINT('',(-6.17214862565107,-4.77755851578804,9.9999999999999));
#5007=CARTESIAN_POINT('',(-6.15884615016352,-4.76991324705628,9.9999999999999));
#5008=CARTESIAN_POINT('',(-10.940086078764,-3.87402582010884,10.));
#5009=CARTESIAN_POINT('',(-10.940086078764,-3.87402582010884,10.));
#5010=CARTESIAN_POINT('',(-10.9299379464487,-3.88543263085967,10.));
#5011=CARTESIAN_POINT('',(-10.9047940552439,-3.91344281520971,10.));
#5012=CARTESIAN_POINT('',(-10.8693954314556,-3.952004095452,10.));
#5013=CARTESIAN_POINT('',(-10.8311108144298,-3.99278370171077,10.));
#5014=CARTESIAN_POINT('',(-10.7912835012185,-4.03434366676073,10.));
#5015=CARTESIAN_POINT('',(-10.7564480562719,-4.06973870996694,10.));
#5016=CARTESIAN_POINT('',(-10.7277864854656,-4.09829715477032,10.));
#5017=CARTESIAN_POINT('',(-10.708158924531,-4.1176498089099,10.));
#5018=CARTESIAN_POINT('',(-10.6852053139802,-4.13998165414195,10.));
#5019=CARTESIAN_POINT('',(-10.6574989395223,-4.16654877265586,10.));
#5020=CARTESIAN_POINT('',(-10.6301835469326,-4.19227647058622,10.));
#5021=CARTESIAN_POINT('',(-10.6061845798742,-4.21448908119499,10.));
#5022=CARTESIAN_POINT('',(-10.5810834015383,-4.23746313294389,10.));
#5023=CARTESIAN_POINT('',(-10.5529338793396,-4.26281654659403,10.));
#5024=CARTESIAN_POINT('',(-10.5182117574089,-4.29342226478358,9.99999999999999));
#5025=CARTESIAN_POINT('',(-10.4840898428411,-4.32289983675641,9.99999999999999));
#5026=CARTESIAN_POINT('',(-10.4512941091915,-4.35061929429258,9.99999999999999));
#5027=CARTESIAN_POINT('',(-10.4259705022531,-4.37159688198374,9.99999999999999));
#5028=CARTESIAN_POINT('',(-10.3990240535701,-4.39364995839547,9.99999999999999));
#5029=CARTESIAN_POINT('',(-10.3665037742149,-4.41982475852792,9.99999999999999));
#5030=CARTESIAN_POINT('',(-10.3217424488382,-4.45487822931201,9.99999999999999));
#5031=CARTESIAN_POINT('',(-10.2748587868238,-4.49053357497796,9.99999999999999));
#5032=CARTESIAN_POINT('',(-10.2256061077164,-4.52685119509222,9.99999999999999));
#5033=CARTESIAN_POINT('',(-10.1864108117224,-4.55482650749639,9.99999999999999));
#5034=CARTESIAN_POINT('',(-10.1510618204674,-4.5794935399527,9.99999999999999));
#5035=CARTESIAN_POINT('',(-10.1137991955572,-4.60503554267199,9.99999999999999));
#5036=CARTESIAN_POINT('',(-10.062059150084,-4.63939289490902,9.99999999999999));
#5037=CARTESIAN_POINT('',(-9.99846603521774,-4.67996645184445,9.99999999999999));
#5038=CARTESIAN_POINT('',(-9.94916383032597,-4.71001697286403,9.99999999999999));
#5039=CARTESIAN_POINT('',(-9.88984150713437,-4.74508460808457,9.99999999999999));
#5040=CARTESIAN_POINT('',(-9.83815180816733,-4.77452426964096,9.99999999999999));
#5041=CARTESIAN_POINT('',(-9.77579584402086,-4.80826145970891,9.99999999999999));
#5042=CARTESIAN_POINT('',(-9.7165315318595,-4.83921619452072,9.99999999999999));
#5043=CARTESIAN_POINT('',(-9.66472228261212,-4.86500113878331,9.99999999999999));
#5044=CARTESIAN_POINT('',(-9.60556128232618,-4.89321371237798,9.99999999999999));
#5045=CARTESIAN_POINT('',(-9.54364455281221,-4.92166410792818,9.99999999999999));
#5046=CARTESIAN_POINT('',(-9.4739757636454,-4.9516696425831,9.99999999999999));
#5047=CARTESIAN_POINT('',(-9.37900917936012,-4.99020068925967,9.99999999999999));
#5048=CARTESIAN_POINT('',(-9.29883785841063,-5.02008513919128,9.99999999999998));
#5049=CARTESIAN_POINT('',(-9.20181695027407,-5.05317469250275,9.99999999999998));
#5050=CARTESIAN_POINT('',(-9.11976068155912,-5.07923187670585,9.99999999999998));
#5051=CARTESIAN_POINT('',(-9.02294324825803,-5.10695357272312,9.99999999999998));
#5052=CARTESIAN_POINT('',(-8.94582841262163,-5.12680036628786,9.99999999999998));
#5053=CARTESIAN_POINT('',(-8.88901440973241,-5.14032917637041,9.99999999999998));
#5054=CARTESIAN_POINT('',(-8.83626357990866,-5.15228084662094,9.99999999999998));
#5055=CARTESIAN_POINT('',(-8.77109819389819,-5.16593665830586,9.99999999999998));
#5056=CARTESIAN_POINT('',(-8.69383273550377,-5.18043994717276,9.99999999999998));
#5057=CARTESIAN_POINT('',(-8.62111915172326,-5.19256658516534,9.99999999999998));
#5058=CARTESIAN_POINT('',(-8.56281081192867,-5.2011879076557,9.99999999999998));
#5059=CARTESIAN_POINT('',(-8.49730952148838,-5.21002068984909,9.99999999999998));
#5060=CARTESIAN_POINT('',(-8.42141269202853,-5.21896028218941,9.99999999999998));
#5061=CARTESIAN_POINT('',(-8.34124347282611,-5.22643137953999,9.99999999999998));
#5062=CARTESIAN_POINT('',(-8.28555473448739,-5.23064165565378,9.99999999999998));
#5063=CARTESIAN_POINT('',(-8.23873216483268,-5.23378017894665,9.99999999999998));
#5064=CARTESIAN_POINT('',(-8.18420735565967,-5.23681318382583,9.99999999999998));
#5065=CARTESIAN_POINT('',(-8.12500717961853,-5.23912877030252,9.99999999999998));
#5066=CARTESIAN_POINT('',(-8.07911698388161,-5.24034931447055,9.99999999999998));
#5067=CARTESIAN_POINT('',(-8.03383895620876,-5.24119635016526,9.99999999999998));
#5068=CARTESIAN_POINT('',(-8.00134160839895,-5.24144213881626,9.99999999999998));
#5069=CARTESIAN_POINT('',(-7.97889424946478,-5.24144210498207,9.99999999999998));
#5070=CARTESIAN_POINT('',(-12.1566154645884,-0.0641167397192332,10.));
#5071=CARTESIAN_POINT('',(-12.1566154645884,-0.0641167397618218,10.));
#5072=CARTESIAN_POINT('',(-12.1566154510656,-0.0843723775067478,10.));
#5073=CARTESIAN_POINT('',(-12.1564835247031,-0.126965361915343,10.));
#5074=CARTESIAN_POINT('',(-12.1557804176183,-0.199300102423169,10.));
#5075=CARTESIAN_POINT('',(-12.1546517907594,-0.262114442833877,10.));
#5076=CARTESIAN_POINT('',(-12.1528847058862,-0.334125102163597,10.));
#5077=CARTESIAN_POINT('',(-12.1508426823706,-0.399022152266386,10.));
#5078=CARTESIAN_POINT('',(-12.1480183646609,-0.468619909241323,10.));
#5079=CARTESIAN_POINT('',(-12.1461958101759,-0.507301955867165,10.));
#5080=CARTESIAN_POINT('',(-12.1446703706851,-0.537865131673429,10.));
#5081=CARTESIAN_POINT('',(-12.1430643663987,-0.56843016992588,10.));
#5082=CARTESIAN_POINT('',(-12.1404010815177,-0.614487208549727,10.));
#5083=CARTESIAN_POINT('',(-12.1372632204669,-0.663926375332813,10.));
#5084=CARTESIAN_POINT('',(-12.1335741534005,-0.716901322532396,10.));
#5085=CARTESIAN_POINT('',(-12.129190134333,-0.774255625298878,10.));
#5086=CARTESIAN_POINT('',(-12.1245701939722,-0.829355406148926,10.));
#5087=CARTESIAN_POINT('',(-12.1208160746145,-0.870719594254849,10.));
#5088=CARTESIAN_POINT('',(-12.1167036628008,-0.914093813329927,10.));
#5089=CARTESIAN_POINT('',(-12.1115526500028,-0.965486127875695,10.));
#5090=CARTESIAN_POINT('',(-12.1037013588421,-1.03723489968915,10.));
#5091=CARTESIAN_POINT('',(-12.0946599814852,-1.11290647178567,10.));
#5092=CARTESIAN_POINT('',(-12.0828429963812,-1.20354592334845,10.));
#5093=CARTESIAN_POINT('',(-12.0676787371388,-1.30859585367774,10.));
#5094=CARTESIAN_POINT('',(-12.0535487037655,-1.39585282957451,10.));
#5095=CARTESIAN_POINT('',(-12.0394379633192,-1.47728067118784,10.));
#5096=CARTESIAN_POINT('',(-12.0259122270197,-1.55116327356544,10.));
#5097=CARTESIAN_POINT('',(-12.0063772937817,-1.64934929489264,10.));
#5098=CARTESIAN_POINT('',(-11.984860524319,-1.74917516820791,10.));
#5099=CARTESIAN_POINT('',(-11.961042523554,-1.85127461676805,10.));
#5100=CARTESIAN_POINT('',(-11.9346720044832,-1.95584712961138,10.));
#5101=CARTESIAN_POINT('',(-11.9106993429799,-2.04390386507663,10.));
#5102=CARTESIAN_POINT('',(-11.8900995260175,-2.11538705900818,10.));
#5103=CARTESIAN_POINT('',(-11.8683707553095,-2.18801569736046,10.));
#5104=CARTESIAN_POINT('',(-11.8395422768247,-2.27915680904689,10.));
#5105=CARTESIAN_POINT('',(-11.8023360848895,-2.38850763194721,10.));
#5106=CARTESIAN_POINT('',(-11.762462807819,-2.49763630230365,10.));
#5107=CARTESIAN_POINT('',(-11.7316397302567,-2.5763050736722,10.));
#5108=CARTESIAN_POINT('',(-11.702107095578,-2.64869109251844,10.));
#5109=CARTESIAN_POINT('',(-11.6716022027083,-2.72096519535934,10.));
#5110=CARTESIAN_POINT('',(-11.6262172901563,-2.8221038544223,10.));
#5111=CARTESIAN_POINT('',(-11.591532903936,-2.89447925637711,10.));
#5112=CARTESIAN_POINT('',(-11.5567985072645,-2.96453206928477,10.));
#5113=CARTESIAN_POINT('',(-11.5212880778439,-3.03390746314226,10.));
#5114=CARTESIAN_POINT('',(-11.4710623346716,-3.12618337224388,10.));
#5115=CARTESIAN_POINT('',(-11.4323557556709,-3.19354899896303,10.));
#5116=CARTESIAN_POINT('',(-11.3929516215594,-3.26005805072068,10.));
#5117=CARTESIAN_POINT('',(-11.3476261349356,-3.33373339193121,10.));
#5118=CARTESIAN_POINT('',(-11.2849832856735,-3.42968801474631,10.));
#5119=CARTESIAN_POINT('',(-11.234519679158,-3.50261471059241,10.));
#5120=CARTESIAN_POINT('',(-11.1901338203456,-3.56434675539638,10.));
#5121=CARTESIAN_POINT('',(-11.144942614113,-3.62542054019191,10.));
#5122=CARTESIAN_POINT('',(-11.0832018613618,-3.70499172682647,10.));
#5123=CARTESIAN_POINT('',(-11.0338596634096,-3.76512990576028,10.));
#5124=CARTESIAN_POINT('',(-10.9863486151076,-3.82135357533762,10.));
#5125=CARTESIAN_POINT('',(-10.962541796883,-3.8487850479095,10.));
#5126=CARTESIAN_POINT('',(-10.940086078764,-3.87402582010884,10.));
#5127=CARTESIAN_POINT('',(-10.9306520548964,3.83535788675263,10.));
#5128=CARTESIAN_POINT('',(-10.9306520548964,3.83535788675263,10.));
#5129=CARTESIAN_POINT('',(-10.939434669856,3.8253929577738,10.));
#5130=CARTESIAN_POINT('',(-10.9535062721415,3.80927147868563,10.));
#5131=CARTESIAN_POINT('',(-10.9783286246678,3.78038505886144,10.));
#5132=CARTESIAN_POINT('',(-10.9997379198792,3.75501377253382,10.));
#5133=CARTESIAN_POINT('',(-11.0180259000921,3.73293908522213,10.));
#5134=CARTESIAN_POINT('',(-11.0335151230439,3.71407742191923,10.));
#5135=CARTESIAN_POINT('',(-11.0517355846322,3.69162684651473,10.));
#5136=CARTESIAN_POINT('',(-11.075845160015,3.66136014702743,10.));
#5137=CARTESIAN_POINT('',(-11.0982766506747,3.63264823787423,10.));
#5138=CARTESIAN_POINT('',(-11.1143740495387,3.61168161853599,10.));
#5139=CARTESIAN_POINT('',(-11.1265391699346,3.59568246309008,10.));
#5140=CARTESIAN_POINT('',(-11.1386251162645,3.57966970202522,10.));
#5141=CARTESIAN_POINT('',(-11.1551915606187,3.55743859063857,10.));
#5142=CARTESIAN_POINT('',(-11.1768793414022,3.52788268243369,10.));
#5143=CARTESIAN_POINT('',(-11.2022194745486,3.49265763362861,10.));
#5144=CARTESIAN_POINT('',(-11.2313018867185,3.45122268066477,10.));
#5145=CARTESIAN_POINT('',(-11.2547113179081,3.4169886101284,10.));
#5146=CARTESIAN_POINT('',(-11.2727847906487,3.39006211204994,10.));
#5147=CARTESIAN_POINT('',(-11.2895268626894,3.36484088083543,10.));
#5148=CARTESIAN_POINT('',(-11.3118155723921,3.33066014189027,10.));
#5149=CARTESIAN_POINT('',(-11.3392368783616,3.28753700358927,10.));
#5150=CARTESIAN_POINT('',(-11.3684318358076,3.2403592744454,10.));
#5151=CARTESIAN_POINT('',(-11.3989514756057,3.1895705064419,10.));
#5152=CARTESIAN_POINT('',(-11.4210908407552,3.15153341684626,10.));
#5153=CARTESIAN_POINT('',(-11.4427985740564,3.1135348490055,10.));
#5154=CARTESIAN_POINT('',(-11.4651379637637,3.07373052922969,10.));
#5155=CARTESIAN_POINT('',(-11.4989850673469,3.01135577389126,10.));
#5156=CARTESIAN_POINT('',(-11.5378719389118,2.93671718687636,10.));
#5157=CARTESIAN_POINT('',(-11.5771582290195,2.8575144370214,10.));
#5158=CARTESIAN_POINT('',(-11.6138031917509,2.77993071500976,10.));
#5159=CARTESIAN_POINT('',(-11.6584048964427,2.68129919396088,10.));
#5160=CARTESIAN_POINT('',(-11.7124601662387,2.55332812020516,10.));
#5161=CARTESIAN_POINT('',(-11.7562309111983,2.43908687801059,10.));
#5162=CARTESIAN_POINT('',(-11.7903470789331,2.34466414097309,10.));
#5163=CARTESIAN_POINT('',(-11.8173466730874,2.26701108888485,10.));
#5164=CARTESIAN_POINT('',(-11.851494496915,2.16196152581248,10.));
#5165=CARTESIAN_POINT('',(-11.8846644527287,2.05221796204001,10.));
#5166=CARTESIAN_POINT('',(-11.9123914968937,1.95352091878135,10.));
#5167=CARTESIAN_POINT('',(-11.9350276592204,1.86748194743716,10.));
#5168=CARTESIAN_POINT('',(-11.9630693068685,1.75507582225347,10.));
#5169=CARTESIAN_POINT('',(-11.9968329605108,1.60611624941976,10.));
#5170=CARTESIAN_POINT('',(-12.0313567425035,1.42944537847395,10.));
#5171=CARTESIAN_POINT('',(-12.0508957917682,1.31394327282775,10.));
#5172=CARTESIAN_POINT('',(-12.0646939796376,1.22647649797908,10.));
#5173=CARTESIAN_POINT('',(-12.0757530912235,1.15258753913995,10.));
#5174=CARTESIAN_POINT('',(-12.0903357812216,1.0441171554402,10.));
#5175=CARTESIAN_POINT('',(-12.1033345213129,0.93545119760443,10.));
#5176=CARTESIAN_POINT('',(-12.1145899279329,0.828831585026747,10.));
#5177=CARTESIAN_POINT('',(-12.1242824764156,0.723737027306366,10.));
#5178=CARTESIAN_POINT('',(-12.1308306860669,0.641375489559776,10.));
#5179=CARTESIAN_POINT('',(-12.1356988599637,0.572882610077124,10.));
#5180=CARTESIAN_POINT('',(-12.1400802445371,0.505617408329348,10.));
#5181=CARTESIAN_POINT('',(-12.1449384935445,0.418513765128981,10.));
#5182=CARTESIAN_POINT('',(-12.1493490300386,0.319906806042412,10.));
#5183=CARTESIAN_POINT('',(-12.152668672567,0.22266512652264,10.));
#5184=CARTESIAN_POINT('',(-12.1546909714957,0.138195873198204,10.));
#5185=CARTESIAN_POINT('',(-12.1557091983494,0.0743399047232232,10.));
#5186=CARTESIAN_POINT('',(-12.1564150316809,0.0109214196264014,10.));
#5187=CARTESIAN_POINT('',(-12.1566154552861,-0.0325447433236907,10.));
#5188=CARTESIAN_POINT('',(-12.1566154645884,-0.0641167395178139,10.));
#5189=CARTESIAN_POINT('',(-7.96002614520434,5.22635925955596,10.));
#5190=CARTESIAN_POINT('',(-7.96002614530927,5.22635925955596,10.));
#5191=CARTESIAN_POINT('',(-7.97461891607788,5.22635924978449,10.));
#5192=CARTESIAN_POINT('',(-8.00444433766926,5.22621007180573,10.));
#5193=CARTESIAN_POINT('',(-8.05446119917445,5.22544288592475,10.));
#5194=CARTESIAN_POINT('',(-8.09236267122158,5.22439061381954,10.));
#5195=CARTESIAN_POINT('',(-8.12959002726143,5.22305637290498,10.));
#5196=CARTESIAN_POINT('',(-8.16021164316682,5.22177260790497,10.));
#5197=CARTESIAN_POINT('',(-8.20009003990914,5.21969554304095,10.));
#5198=CARTESIAN_POINT('',(-8.22720315043675,5.21803268880213,10.));
#5199=CARTESIAN_POINT('',(-8.24978151867524,5.21653537543083,10.));
#5200=CARTESIAN_POINT('',(-8.27068520315216,5.21506547883724,10.));
#5201=CARTESIAN_POINT('',(-8.29996860264436,5.2127983151002,10.));
#5202=CARTESIAN_POINT('',(-8.33083766154013,5.21017424151929,10.));
#5203=CARTESIAN_POINT('',(-8.36261110036208,5.207223415324,9.99999999999999));
#5204=CARTESIAN_POINT('',(-8.39571261800333,5.20387667914563,9.99999999999999));
#5205=CARTESIAN_POINT('',(-8.41995326769196,5.20121627256425,9.99999999999999));
#5206=CARTESIAN_POINT('',(-8.44314362144155,5.19855157727806,9.99999999999999));
#5207=CARTESIAN_POINT('',(-8.46735082632995,5.19565986705052,9.99999999999999));
#5208=CARTESIAN_POINT('',(-8.50291686458843,5.19109855727467,9.99999999999999));
#5209=CARTESIAN_POINT('',(-8.54290478621829,5.1855634919626,9.99999999999999));
#5210=CARTESIAN_POINT('',(-8.5852102458757,5.17924157983292,9.99999999999999));
#5211=CARTESIAN_POINT('',(-8.63042082746934,5.17195072213984,9.99999999999999));
#5212=CARTESIAN_POINT('',(-8.67807741295403,5.16366058486834,9.99999999999999));
#5213=CARTESIAN_POINT('',(-8.71951545079775,5.15588518578175,9.99999999999999));
#5214=CARTESIAN_POINT('',(-8.75397581892694,5.14904922515661,9.99999999999999));
#5215=CARTESIAN_POINT('',(-8.78958329444109,5.14171700407505,9.99999999999999));
#5216=CARTESIAN_POINT('',(-8.83525605971789,5.1317825421541,9.99999999999999));
#5217=CARTESIAN_POINT('',(-8.89105111971182,5.11875560453144,9.99999999999999));
#5218=CARTESIAN_POINT('',(-8.94911808102574,5.10422066017527,9.99999999999999));
#5219=CARTESIAN_POINT('',(-8.99793567068809,5.09113210081346,9.99999999999999));
#5220=CARTESIAN_POINT('',(-9.0384957422684,5.07970521145882,9.99999999999999));
#5221=CARTESIAN_POINT('',(-9.08031931513734,5.06752472472668,9.99999999999999));
#5222=CARTESIAN_POINT('',(-9.13438913818751,5.05095661200643,9.99999999999999));
#5223=CARTESIAN_POINT('',(-9.18065161641918,5.03582711847078,9.99999999999999));
#5224=CARTESIAN_POINT('',(-9.22460263877861,5.02091735139677,9.99999999999999));
#5225=CARTESIAN_POINT('',(-9.2691938123179,5.00530126511353,9.99999999999999));
#5226=CARTESIAN_POINT('',(-9.33278605072988,4.98172256597983,9.99999999999998));
#5227=CARTESIAN_POINT('',(-9.39418311360526,4.95755628900842,9.99999999999998));
#5228=CARTESIAN_POINT('',(-9.43900628719658,4.93899590086786,9.99999999999998));
#5229=CARTESIAN_POINT('',(-9.48439506433699,4.9196600353918,9.99999999999998));
#5230=CARTESIAN_POINT('',(-9.53593656031383,4.89691079944155,9.99999999999998));
#5231=CARTESIAN_POINT('',(-9.60458801391421,4.86489290859167,9.99999999999998));
#5232=CARTESIAN_POINT('',(-9.65328563495378,4.84092857732298,9.99999999999998));
#5233=CARTESIAN_POINT('',(-9.69921698793815,4.8176424722097,9.99999999999998));
#5234=CARTESIAN_POINT('',(-9.74532350690387,4.79365160234381,9.99999999999998));
#5235=CARTESIAN_POINT('',(-9.81082279575347,4.7579138650485,9.99999999999998));
#5236=CARTESIAN_POINT('',(-9.86593442162554,4.726324249078,9.99999999999998));
#5237=CARTESIAN_POINT('',(-9.91069269599592,4.69977569841777,9.99999999999998));
#5238=CARTESIAN_POINT('',(-9.95491592944127,4.67292645598574,9.99999999999998));
#5239=CARTESIAN_POINT('',(-10.0106598252215,4.63785707114712,9.99999999999998));
#5240=CARTESIAN_POINT('',(-10.074558124627,4.59585898409799,9.99999999999998));
#5241=CARTESIAN_POINT('',(-10.135638624956,4.55399149784046,9.99999999999998));
#5242=CARTESIAN_POINT('',(-10.1761841413396,4.52509043110553,9.99999999999998));
#5243=CARTESIAN_POINT('',(-10.2155372709125,4.49649251378812,9.99999999999998));
#5244=CARTESIAN_POINT('',(-10.2546054946497,4.46753611701117,9.99999999999998));
#5245=CARTESIAN_POINT('',(-10.3105638325552,4.42453258301239,9.99999999999997));
#5246=CARTESIAN_POINT('',(-10.3643097148721,4.38177592752725,9.99999999999997));
#5247=CARTESIAN_POINT('',(-10.4091394651026,4.34491878191369,9.99999999999997));
#5248=CARTESIAN_POINT('',(-10.4425625604305,4.31674911261676,9.99999999999997));
#5249=CARTESIAN_POINT('',(-10.4743956568343,4.28951141224296,9.99999999999997));
#5250=CARTESIAN_POINT('',(-10.5113872438956,4.25721144840651,9.99999999999997));
#5251=CARTESIAN_POINT('',(-10.5554065760904,4.21770335608939,9.99999999999997));
#5252=CARTESIAN_POINT('',(-10.5972918772721,4.17912209972725,9.99999999999997));
#5253=CARTESIAN_POINT('',(-10.6409035238336,4.13796034893041,9.99999999999997));
#5254=CARTESIAN_POINT('',(-10.6828329192218,4.09731849022517,9.99999999999997));
#5255=CARTESIAN_POINT('',(-10.7149574681185,4.06537582607895,9.99999999999997));
#5256=CARTESIAN_POINT('',(-10.7460194938259,4.03405536576017,9.99999999999997));
#5257=CARTESIAN_POINT('',(-10.7755908870436,4.00373542336163,9.99999999999997));
#5258=CARTESIAN_POINT('',(-10.8118344311673,3.96571880475785,9.99999999999997));
#5259=CARTESIAN_POINT('',(-10.8429446318624,3.93247561483675,9.99999999999997));
#5260=CARTESIAN_POINT('',(-10.8730779699308,3.89969496537728,9.99999999999997));
#5261=CARTESIAN_POINT('',(-10.8941355283865,3.87638935199689,9.99999999999997));
#5262=CARTESIAN_POINT('',(-10.9132649362784,3.85501180684269,9.99999999999997));
#5263=CARTESIAN_POINT('',(-10.9226874281154,3.84439470507223,9.99999999999997));
#5264=CARTESIAN_POINT('',(-10.9306520548964,3.83535788675263,9.99999999999997));
#5265=CARTESIAN_POINT('',(-6.45590296458838,4.89628333333333,10.));
#5266=CARTESIAN_POINT('',(-6.45590296458838,4.89628333333333,10.));
#5267=CARTESIAN_POINT('',(-6.45992163459213,4.89825058696015,10.));
#5268=CARTESIAN_POINT('',(-6.47059974750128,4.90344909049599,10.));
#5269=CARTESIAN_POINT('',(-6.48512508759234,4.91041723115187,9.99999999999999));
#5270=CARTESIAN_POINT('',(-6.50142194829517,4.91812222382007,9.99999999999999));
#5271=CARTESIAN_POINT('',(-6.51795197709235,4.92583333770124,9.99999999999999));
#5272=CARTESIAN_POINT('',(-6.5350347348086,4.93366125443365,9.99999999999998));
#5273=CARTESIAN_POINT('',(-6.54674853380454,4.93894382783589,9.99999999999998));
#5274=CARTESIAN_POINT('',(-6.55474224723382,4.94252432627268,9.99999999999998));
#5275=CARTESIAN_POINT('',(-6.56162064996315,4.94558935699676,9.99999999999998));
#5276=CARTESIAN_POINT('',(-6.57270781742571,4.95048422169541,9.99999999999998));
#5277=CARTESIAN_POINT('',(-6.58538111484204,4.95601629171896,9.99999999999998));
#5278=CARTESIAN_POINT('',(-6.59979887296308,4.96222454251954,9.99999999999997));
#5279=CARTESIAN_POINT('',(-6.6137242844126,4.9681356809959,9.99999999999997));
#5280=CARTESIAN_POINT('',(-6.62471462246621,4.97273885936526,9.99999999999997));
#5281=CARTESIAN_POINT('',(-6.63322952542833,4.97627384681495,9.99999999999997));
#5282=CARTESIAN_POINT('',(-6.64247659387475,4.98008787952537,9.99999999999996));
#5283=CARTESIAN_POINT('',(-6.65491936968019,4.98516384431166,9.99999999999996));
#5284=CARTESIAN_POINT('',(-6.6704131936027,4.99139115634871,9.99999999999996));
#5285=CARTESIAN_POINT('',(-6.68695273684234,4.99793276937062,9.99999999999996));
#5286=CARTESIAN_POINT('',(-6.70480444636478,5.00487080393584,9.99999999999995));
#5287=CARTESIAN_POINT('',(-6.72358812472109,5.01203431226999,9.99999999999995));
#5288=CARTESIAN_POINT('',(-6.74173294069272,5.01881689070701,9.99999999999994));
#5289=CARTESIAN_POINT('',(-6.7553237344676,5.02380397500795,9.99999999999994));
#5290=CARTESIAN_POINT('',(-6.7699299981,5.02910387840141,9.99999999999994));
#5291=CARTESIAN_POINT('',(-6.78758133081842,5.03541376027797,9.99999999999994));
#5292=CARTESIAN_POINT('',(-6.81208716635453,5.04395228882134,9.99999999999993));
#5293=CARTESIAN_POINT('',(-6.84221322977479,5.05416060074504,9.99999999999993));
#5294=CARTESIAN_POINT('',(-6.87808936442323,5.06588159353362,9.99999999999992));
#5295=CARTESIAN_POINT('',(-6.92033099500967,5.07905202053318,9.99999999999991));
#5296=CARTESIAN_POINT('',(-6.94974711793309,5.08776398111151,9.99999999999991));
#5297=CARTESIAN_POINT('',(-6.97689887167861,5.09558602496717,9.9999999999999));
#5298=CARTESIAN_POINT('',(-7.00161566770664,5.10254936540499,9.9999999999999));
#5299=CARTESIAN_POINT('',(-7.03948695367183,5.11273692386359,9.99999999999989));
#5300=CARTESIAN_POINT('',(-7.07904790932872,5.12285479366968,9.99999999999988));
#5301=CARTESIAN_POINT('',(-7.12007218093966,5.13279296974209,9.99999999999988));
#5302=CARTESIAN_POINT('',(-7.16215779369637,5.14241390747437,9.99999999999987));
#5303=CARTESIAN_POINT('',(-7.20501028247833,5.15161850708851,9.99999999999986));
#5304=CARTESIAN_POINT('',(-7.23418434829804,5.15748587248517,9.99999999999986));
#5305=CARTESIAN_POINT('',(-7.26375234469553,5.16322826447034,9.99999999999985));
#5306=CARTESIAN_POINT('',(-7.29388793919465,5.16886681733565,9.99999999999985));
#5307=CARTESIAN_POINT('',(-7.33865202041705,5.17663077723726,9.99999999999984));
#5308=CARTESIAN_POINT('',(-7.38365095968796,5.18382784308694,9.99999999999983));
#5309=CARTESIAN_POINT('',(-7.42879731263672,5.1904470452114,9.99999999999982));
#5310=CARTESIAN_POINT('',(-7.47897677007748,5.19714549239744,9.99999999999982));
#5311=CARTESIAN_POINT('',(-7.52613429294657,5.20273185603599,9.99999999999981));
#5312=CARTESIAN_POINT('',(-7.56620032743352,5.20694024650126,9.9999999999998));
#5313=CARTESIAN_POINT('',(-7.60612434695792,5.2108040569381,9.99999999999979));
#5314=CARTESIAN_POINT('',(-7.64890323140285,5.21445601722635,9.99999999999979));
#5315=CARTESIAN_POINT('',(-7.69857498618718,5.21800400479993,9.99999999999978));
#5316=CARTESIAN_POINT('',(-7.74303259921377,5.22065918766388,9.99999999999977));
#5317=CARTESIAN_POINT('',(-7.78728697902901,5.22279472037713,9.99999999999976));
#5318=CARTESIAN_POINT('',(-7.82339433767655,5.22413197507494,9.99999999999976));
#5319=CARTESIAN_POINT('',(-7.85253446923469,5.2249772169362,9.99999999999975));
#5320=CARTESIAN_POINT('',(-7.88130832926516,5.22565648317652,9.99999999999975));
#5321=CARTESIAN_POINT('',(-7.91749681084102,5.22621509690523,9.99999999999974));
#5322=CARTESIAN_POINT('',(-7.9459154165713,5.22635926559457,9.99999999999974));
#5323=CARTESIAN_POINT('',(-7.96002614518191,5.22635925955596,9.99999999999974));
#5324=CARTESIAN_POINT('',(-5.03662834638183,3.76460250991837,10.));
#5325=CARTESIAN_POINT('',(-5.03662834638183,3.76460250991836,10.));
#5326=CARTESIAN_POINT('',(-5.04103635431478,3.76934543206728,10.));
#5327=CARTESIAN_POINT('',(-5.05667599963639,3.78613656935717,9.99999999999999));
#5328=CARTESIAN_POINT('',(-5.07263010500267,3.8031317424716,9.99999999999998));
#5329=CARTESIAN_POINT('',(-5.1026138287632,3.8348846322355,9.99999999999997));
#5330=CARTESIAN_POINT('',(-5.12252402633705,3.85577010703162,9.99999999999996));
#5331=CARTESIAN_POINT('',(-5.16261499619524,3.89739112627481,9.99999999999994));
#5332=CARTESIAN_POINT('',(-5.20081630573852,3.93660522162911,9.99999999999992));
#5333=CARTESIAN_POINT('',(-5.24035990607745,3.9763832616967,9.9999999999999));
#5334=CARTESIAN_POINT('',(-5.27368430695376,4.00955126120656,9.99999999999988));
#5335=CARTESIAN_POINT('',(-5.29975783302905,4.03526357973817,9.99999999999987));
#5336=CARTESIAN_POINT('',(-5.33291687718629,4.06751398705376,9.99999999999985));
#5337=CARTESIAN_POINT('',(-5.36038304726054,4.093936532121,9.99999999999984));
#5338=CARTESIAN_POINT('',(-5.38719280432959,4.1194550412042,9.99999999999983));
#5339=CARTESIAN_POINT('',(-5.41436756566937,4.14504570553735,9.99999999999981));
#5340=CARTESIAN_POINT('',(-5.44099018554744,4.16983424416847,9.9999999999998));
#5341=CARTESIAN_POINT('',(-5.4603633640521,4.18767460747025,9.99999999999979));
#5342=CARTESIAN_POINT('',(-5.48061355422243,4.20620612849364,9.99999999999978));
#5343=CARTESIAN_POINT('',(-5.50326907487622,4.22678040863291,9.99999999999977));
#5344=CARTESIAN_POINT('',(-5.53546460015926,4.25562137239471,9.99999999999975));
#5345=CARTESIAN_POINT('',(-5.56873558979204,4.28499838266086,9.99999999999974));
#5346=CARTESIAN_POINT('',(-5.60326972807758,4.31502666910443,9.99999999999972));
#5347=CARTESIAN_POINT('',(-5.63871322011279,4.34535016024355,9.99999999999971));
#5348=CARTESIAN_POINT('',(-5.67497940288803,4.37585414788528,9.99999999999969));
#5349=CARTESIAN_POINT('',(-5.71183583015029,4.40630967314616,9.99999999999967));
#5350=CARTESIAN_POINT('',(-5.74884248468252,4.43632814846492,9.99999999999966));
#5351=CARTESIAN_POINT('',(-5.77412492660461,4.45645144991162,9.99999999999965));
#5352=CARTESIAN_POINT('',(-5.79965084160516,4.47656578192012,9.99999999999964));
#5353=CARTESIAN_POINT('',(-5.82994294522885,4.50018694783571,9.99999999999962));
#5354=CARTESIAN_POINT('',(-5.87690318722365,4.53592683043587,9.9999999999996));
#5355=CARTESIAN_POINT('',(-5.92811212387214,4.57379147190378,9.99999999999958));
#5356=CARTESIAN_POINT('',(-5.9746912392417,4.60721609635461,9.99999999999956));
#5357=CARTESIAN_POINT('',(-6.01641050872025,4.63635587618615,9.99999999999954));
#5358=CARTESIAN_POINT('',(-6.05286271233408,4.66123053767381,9.99999999999953));
#5359=CARTESIAN_POINT('',(-6.08859185214952,4.6850468381598,9.99999999999951));
#5360=CARTESIAN_POINT('',(-6.11568979736074,4.70268733798923,9.9999999999995));
#5361=CARTESIAN_POINT('',(-6.13867689899782,4.71741675625961,9.99999999999949));
#5362=CARTESIAN_POINT('',(-6.16090997430836,4.73149568495133,9.99999999999948));
#5363=CARTESIAN_POINT('',(-6.1904053887459,4.74980162100201,9.99999999999947));
#5364=CARTESIAN_POINT('',(-6.22306210678208,4.7695869954025,9.99999999999946));
#5365=CARTESIAN_POINT('',(-6.25532792866234,4.78865857347259,9.99999999999945));
#5366=CARTESIAN_POINT('',(-6.28722768636509,4.80704162044559,9.99999999999944));
#5367=CARTESIAN_POINT('',(-6.31814341192448,4.8244069374722,9.99999999999942));
#5368=CARTESIAN_POINT('',(-6.34806590168392,4.84079049436188,9.99999999999941));
#5369=CARTESIAN_POINT('',(-6.3687690879624,4.85184200506895,9.9999999999994));
#5370=CARTESIAN_POINT('',(-6.38750494273373,4.86169991376275,9.9999999999994));
#5371=CARTESIAN_POINT('',(-6.40529998805088,4.87094864932534,9.99999999999939));
#5372=CARTESIAN_POINT('',(-6.43036633573912,4.88367854247843,9.99999999999938));
#5373=CARTESIAN_POINT('',(-6.44751561772209,4.89217748309219,9.99999999999937));
#5374=CARTESIAN_POINT('',(-6.45590296458838,4.89628333333333,9.99999999999937));
#5375=CARTESIAN_POINT('',(-5.03662834638183,7.80990902386765,10.));
#5376=VECTOR('',#5377,1.);
#5377=DIRECTION('',(2.19557755793646E-16,-1.,0.));
#5378=CARTESIAN_POINT('',(15.5,-8.94892917243921,9.));
#5379=CARTESIAN_POINT('',(15.5,8.94892917243919,9.));
#5380=CARTESIAN_POINT('',(15.5,-8.94892917243921,9.));
#5381=VECTOR('',#5382,1.);
#5382=DIRECTION('',(9.92496870391517E-16,1.,0.));
#5383=CARTESIAN_POINT('',(15.5,8.94892917243919,9.));
#5384=VECTOR('',#5385,1.);
#5385=DIRECTION('',(-0.654653670707977,-0.377964473009226,0.654653670707977));
#5386=CARTESIAN_POINT('',(15.5,-8.94892917243921,9.));
#5387=VECTOR('',#5388,1.);
#5388=DIRECTION('',(-0.654653670707977,0.377964473009227,0.654653670707977));
#5389=CARTESIAN_POINT('',(1.06927227473321E-14,17.8978583448784,9.));
#5390=CARTESIAN_POINT('',(15.5,8.94892917243919,9.));
#5391=VECTOR('',#5392,1.);
#5392=DIRECTION('',(-0.866025403784439,0.5,0.));
#5393=CARTESIAN_POINT('',(1.06581410364015E-14,17.8978583448784,9.));
#5394=VECTOR('',#5395,1.);
#5395=DIRECTION('',(-6.3596013107845E-16,-0.755928946018455,0.654653670707976));
#5396=CARTESIAN_POINT('',(-15.5,8.94892917243921,9.));
#5397=CARTESIAN_POINT('',(1.08234525925818E-14,17.8978583448784,9.));
#5398=VECTOR('',#5399,1.);
#5399=DIRECTION('',(-0.866025403784439,-0.499999999999999,0.));
#5400=CARTESIAN_POINT('',(-15.5,8.94892917243921,9.));
#5401=VECTOR('',#5402,1.);
#5402=DIRECTION('',(0.654653670707977,-0.377964473009226,0.654653670707977));
#5403=CARTESIAN_POINT('',(-15.5,-8.94892917243919,9.));
#5404=CARTESIAN_POINT('',(-15.5,8.94892917243921,9.));
#5405=VECTOR('',#5406,1.);
#5406=DIRECTION('',(-4.96248435195759E-16,-1.,0.));
#5407=CARTESIAN_POINT('',(-15.5,-8.94892917243918,9.));
#5408=VECTOR('',#5409,1.);
#5409=DIRECTION('',(0.654653670707979,0.377964473009223,0.654653670707978));
#5410=CARTESIAN_POINT('',(-1.16012013758809E-14,-17.8978583448784,9.));
#5411=CARTESIAN_POINT('',(-15.5,-8.94892917243919,9.));
#5412=VECTOR('',#5413,1.);
#5413=DIRECTION('',(0.866025403784438,-0.500000000000001,0.));
#5414=CARTESIAN_POINT('',(-1.24344978758018E-14,-17.8978583448784,9.));
#5415=VECTOR('',#5416,1.);
#5416=DIRECTION('',(2.48932965593565E-15,0.755928946018455,0.654653670707977));
#5417=CARTESIAN_POINT('',(-1.076790487596E-14,-17.8978583448784,9.));
#5418=VECTOR('',#5419,1.);
#5419=DIRECTION('',(0.866025403784439,0.5,0.));
#5420=CARTESIAN_POINT('',(-9.61674724035113,3.02079080670377,9.));
#5421=CARTESIAN_POINT('',(-10.4594612248692,-0.045306513949288,9.));
#5422=CARTESIAN_POINT('',(-9.61674725479535,3.020790789259,9.));
#5423=CARTESIAN_POINT('',(-9.67798243520964,2.94683501719756,9.));
#5424=CARTESIAN_POINT('',(-9.76245087092407,2.8315521347151,9.));
#5425=CARTESIAN_POINT('',(-9.89307492408341,2.6279037601422,9.));
#5426=CARTESIAN_POINT('',(-9.95215126541126,2.51823895266234,9.));
#5427=CARTESIAN_POINT('',(-10.0643147409652,2.28822040318994,9.));
#5428=CARTESIAN_POINT('',(-10.113548051244,2.16502089675871,9.));
#5429=CARTESIAN_POINT('',(-10.2073461011932,1.90462221641234,9.));
#5430=CARTESIAN_POINT('',(-10.2468132720009,1.7654113820213,9.));
#5431=CARTESIAN_POINT('',(-10.3216835262578,1.4683133688349,9.));
#5432=CARTESIAN_POINT('',(-10.3509932112428,1.30931159904607,9.));
#5433=CARTESIAN_POINT('',(-10.4052837582515,0.966558016255965,9.));
#5434=CARTESIAN_POINT('',(-10.423351162593,0.782547009363468,9.));
#5435=CARTESIAN_POINT('',(-10.4538099707741,0.383146400901171,9.));
#5436=CARTESIAN_POINT('',(-10.4594612248692,0.163939946065586,9.));
#5437=CARTESIAN_POINT('',(-10.4594612248692,-0.0453065139492881,9.));
#5438=CARTESIAN_POINT('',(-7.3093661385921,4.12331864868645,9.));
#5439=CARTESIAN_POINT('',(-7.3093661385921,4.12331864868645,9.));
#5440=CARTESIAN_POINT('',(-7.42253984948212,4.12331864868646,9.));
#5441=CARTESIAN_POINT('',(-7.58126309915563,4.11535165594776,9.));
#5442=CARTESIAN_POINT('',(-7.84529733584479,4.080100811018,9.));
#5443=CARTESIAN_POINT('',(-7.97513153329521,4.05512394043304,9.));
#5444=CARTESIAN_POINT('',(-8.22352017697559,3.98763248895863,9.));
#5445=CARTESIAN_POINT('',(-8.34570388451307,3.94588081383733,9.));
#5446=CARTESIAN_POINT('',(-8.57890014399833,3.84748753618832,9.));
#5447=CARTESIAN_POINT('',(-8.69310815267712,3.78966173276807,9.));
#5448=CARTESIAN_POINT('',(-8.91119556717326,3.66125730521801,9.));
#5449=CARTESIAN_POINT('',(-9.01714520333152,3.58794393917987,9.));
#5450=CARTESIAN_POINT('',(-9.22028054272576,3.4297841289011,9.));
#5451=CARTESIAN_POINT('',(-9.31798721767927,3.34134617311526,9.));
#5452=CARTESIAN_POINT('',(-9.48246727833939,3.17652554995427,9.));
#5453=CARTESIAN_POINT('',(-9.55576758226553,3.09443796912565,9.));
#5454=CARTESIAN_POINT('',(-9.61674722590691,3.02079082414854,9.));
#5455=CARTESIAN_POINT('',(-7.20996933756857,4.12180793956576,9.));
#5456=CARTESIAN_POINT('',(-7.20996933756851,4.12180793956575,9.));
#5457=CARTESIAN_POINT('',(-7.24419258330847,4.1233375803225,9.));
#5458=CARTESIAN_POINT('',(-7.27776167455384,4.12331864868645,9.));
#5459=CARTESIAN_POINT('',(-7.3093661385921,4.12331864868645,9.));
#5460=CARTESIAN_POINT('',(-7.96002614520434,4.22635925955596,9.));
#5461=CARTESIAN_POINT('',(-7.20996933756862,4.12180793956576,9.));
#5462=CARTESIAN_POINT('',(-7.2801342578163,4.14314230298529,9.));
#5463=CARTESIAN_POINT('',(-7.35184900882439,4.16100690713952,9.));
#5464=CARTESIAN_POINT('',(-7.52546935585272,4.19615295019526,9.));
#5465=CARTESIAN_POINT('',(-7.62935487283756,4.20980683274042,9.));
#5466=CARTESIAN_POINT('',(-7.808722953752,4.22373164562713,9.));
#5467=CARTESIAN_POINT('',(-7.88068656539952,4.22635925955596,9.));
#5468=CARTESIAN_POINT('',(-7.96002614520434,4.22635925955596,9.));
#5469=CARTESIAN_POINT('',(-10.1804421948336,3.17415809405408,9.));
#5470=CARTESIAN_POINT('',(-7.96002614520434,4.22635925955596,9.));
#5471=CARTESIAN_POINT('',(-8.11539553803346,4.22635925955596,9.));
#5472=CARTESIAN_POINT('',(-8.23335647274139,4.21816317774942,9.));
#5473=CARTESIAN_POINT('',(-8.48912352149383,4.18398201530276,9.));
#5474=CARTESIAN_POINT('',(-8.61041458560207,4.16018628895367,9.));
#5475=CARTESIAN_POINT('',(-8.84179462174561,4.09709733337089,9.));
#5476=CARTESIAN_POINT('',(-8.95323033170472,4.05864233415531,9.));
#5477=CARTESIAN_POINT('',(-9.17003196938624,3.96693759928005,9.));
#5478=CARTESIAN_POINT('',(-9.27615618713922,3.91301769973031,9.));
#5479=CARTESIAN_POINT('',(-9.48643876327823,3.78917501813641,9.));
#5480=CARTESIAN_POINT('',(-9.59080135208887,3.71710676608237,9.));
#5481=CARTESIAN_POINT('',(-9.80068055544564,3.55417450977653,9.));
#5482=CARTESIAN_POINT('',(-9.90576200359063,3.45987424110802,9.));
#5483=CARTESIAN_POINT('',(-10.0658713824646,3.30043786466432,9.));
#5484=CARTESIAN_POINT('',(-10.1208659263774,3.23901254899078,9.));
#5485=CARTESIAN_POINT('',(-10.1804422014972,3.17415808649345,9.));
#5486=CARTESIAN_POINT('',(-11.1566154645884,-0.0641167397192332,9.));
#5487=CARTESIAN_POINT('',(-10.18044218817,3.1741581016147,9.));
#5488=CARTESIAN_POINT('',(-10.2876236480989,3.05254797623937,9.));
#5489=CARTESIAN_POINT('',(-10.3610083905706,2.95438797014643,9.));
#5490=CARTESIAN_POINT('',(-10.5227316445704,2.71287983016403,9.));
#5491=CARTESIAN_POINT('',(-10.5970571888479,2.58252301927716,9.));
#5492=CARTESIAN_POINT('',(-10.7359561796431,2.30309256558241,9.));
#5493=CARTESIAN_POINT('',(-10.7983854338561,2.15059113868476,9.));
#5494=CARTESIAN_POINT('',(-10.9141048498736,1.82162600254439,9.));
#5495=CARTESIAN_POINT('',(-10.9634208293969,1.64078753955525,9.));
#5496=CARTESIAN_POINT('',(-11.0520920479148,1.24856631845611,9.));
#5497=CARTESIAN_POINT('',(-11.0853373945531,1.03220849334659,9.));
#5498=CARTESIAN_POINT('',(-11.1395713640712,0.560687711171566,9.));
#5499=CARTESIAN_POINT('',(-11.152911461983,0.300872598292689,9.));
#5500=CARTESIAN_POINT('',(-11.1564343833405,0.00559648069638734,9.));
#5501=CARTESIAN_POINT('',(-11.156436432131,-0.0290954851242612,9.));
#5502=CARTESIAN_POINT('',(-11.1566154645884,-0.0641167397192332,9.));
#5503=CARTESIAN_POINT('',(-10.1929612140852,-3.20934210842436,9.));
#5504=CARTESIAN_POINT('',(-11.1566154645884,-0.0641167397192332,9.));
#5505=CARTESIAN_POINT('',(-11.1566154645884,-0.355391630419595,9.));
#5506=CARTESIAN_POINT('',(-11.1446814056844,-0.616409900871571,9.));
#5507=CARTESIAN_POINT('',(-11.0888403036976,-1.1111155993342,9.));
#5508=CARTESIAN_POINT('',(-11.0542900886896,-1.33562022195258,9.));
#5509=CARTESIAN_POINT('',(-10.9605758115063,-1.73794604569493,9.));
#5510=CARTESIAN_POINT('',(-10.9086130418602,-1.92161519485391,9.));
#5511=CARTESIAN_POINT('',(-10.7868419947267,-2.25250306858398,9.));
#5512=CARTESIAN_POINT('',(-10.7214320539099,-2.40458685930899,9.));
#5513=CARTESIAN_POINT('',(-10.5766686682524,-2.68128335384718,9.));
#5514=CARTESIAN_POINT('',(-10.4995031837282,-2.80943606754841,9.));
#5515=CARTESIAN_POINT('',(-10.3456496953234,-3.02736014599982,9.));
#5516=CARTESIAN_POINT('',(-10.2767722288867,-3.11513596114447,9.));
#5517=CARTESIAN_POINT('',(-10.1929612217533,-3.20934209980518,9.));
#5518=CARTESIAN_POINT('',(-7.97889424946161,-4.24144210498207,9.));
#5519=CARTESIAN_POINT('',(-10.1929612064171,-3.20934211704354,9.));
#5520=CARTESIAN_POINT('',(-10.0767126627618,-3.34000904619866,9.));
#5521=CARTESIAN_POINT('',(-9.97770530904726,-3.43825017562281,9.));
#5522=CARTESIAN_POINT('',(-9.75854024944834,-3.62861230561463,9.));
#5523=CARTESIAN_POINT('',(-9.65086934746545,-3.71220317312953,9.));
#5524=CARTESIAN_POINT('',(-9.43596186557038,-3.85448380456394,9.));
#5525=CARTESIAN_POINT('',(-9.32888250692348,-3.91630976956925,9.));
#5526=CARTESIAN_POINT('',(-9.11263305859728,-4.02115160659528,9.));
#5527=CARTESIAN_POINT('',(-9.0029711267762,-4.0656020691666,9.));
#5528=CARTESIAN_POINT('',(-8.77814373863395,-4.13950226147434,9.));
#5529=CARTESIAN_POINT('',(-8.66192444781095,-4.16887000546893,9.));
#5530=CARTESIAN_POINT('',(-8.42008549783404,-4.21431578220257,9.));
#5531=CARTESIAN_POINT('',(-8.29296767041668,-4.22898469511857,9.));
#5532=CARTESIAN_POINT('',(-8.10324171295774,-4.23980982277961,9.));
#5533=CARTESIAN_POINT('',(-8.04328656546799,-4.24020008895085,9.));
#5534=CARTESIAN_POINT('',(-7.97889424946161,-4.24144210498207,9.));
#5535=CARTESIAN_POINT('',(-7.24605064418361,-4.14785628500156,9.));
#5536=CARTESIAN_POINT('',(-7.97889424946161,-4.24144210498207,9.));
#5537=CARTESIAN_POINT('',(-7.83315822355884,-4.24144210498205,9.));
#5538=CARTESIAN_POINT('',(-7.72425522877629,-4.23402627793342,9.));
#5539=CARTESIAN_POINT('',(-7.48625940523751,-4.2031257365129,9.));
#5540=CARTESIAN_POINT('',(-7.37357503800153,-4.18167877584581,9.));
#5541=CARTESIAN_POINT('',(-7.25793797560796,-4.15107191209927,9.));
#5542=CARTESIAN_POINT('',(-7.25199129446423,-4.14947486015494,9.));
#5543=CARTESIAN_POINT('',(-7.24605064526997,-4.14785628507057,9.));
#5544=CARTESIAN_POINT('',(-7.26219584968795,-4.14789339646754,9.));
#5545=CARTESIAN_POINT('',(-7.26219584968795,-4.14789339646754,9.));
#5546=CARTESIAN_POINT('',(-7.25689894816656,-4.14789339646754,9.));
#5547=CARTESIAN_POINT('',(-7.25233604359847,-4.14825557373281,9.));
#5548=CARTESIAN_POINT('',(-7.24605064309724,-4.14785628493254,9.));
#5549=CARTESIAN_POINT('',(-9.59820625005733,-3.02138513721158,9.));
#5550=CARTESIAN_POINT('',(-9.59820623605587,-3.02138515413927,9.));
#5551=CARTESIAN_POINT('',(-9.51968320400809,-3.11631914771479,9.));
#5552=CARTESIAN_POINT('',(-9.40786380743097,-3.23929419789244,9.));
#5553=CARTESIAN_POINT('',(-9.20211196004048,-3.43142793271479,9.));
#5554=CARTESIAN_POINT('',(-9.09644290999394,-3.52041427939257,9.));
#5555=CARTESIAN_POINT('',(-8.87898062866955,-3.67619627459944,9.));
#5556=CARTESIAN_POINT('',(-8.7665379772589,-3.74719706597486,9.));
#5557=CARTESIAN_POINT('',(-8.5377338191343,-3.86883777411763,9.));
#5558=CARTESIAN_POINT('',(-8.41908994746017,-3.92235344034447,9.));
#5559=CARTESIAN_POINT('',(-8.17954200528127,-4.01106038570944,9.));
#5560=CARTESIAN_POINT('',(-8.05540865863517,-4.04736425274151,9.));
#5561=CARTESIAN_POINT('',(-7.80559504752988,-4.10378971202343,9.));
#5562=CARTESIAN_POINT('',(-7.67662441782346,-4.12319890314515,9.));
#5563=CARTESIAN_POINT('',(-7.4535388223422,-4.14391188139373,9.));
#5564=CARTESIAN_POINT('',(-7.35051140937437,-4.14789339646754,9.));
#5565=CARTESIAN_POINT('',(-7.26219584968795,-4.14789339646754,9.));
#5566=CARTESIAN_POINT('',(-10.4594612248692,-0.0453065139492881,9.));
#5567=CARTESIAN_POINT('',(-10.4594612248692,-0.261923169415429,9.));
#5568=CARTESIAN_POINT('',(-10.4518621457824,-0.506791220869385,9.));
#5569=CARTESIAN_POINT('',(-10.4107526173836,-0.935191054902517,9.));
#5570=CARTESIAN_POINT('',(-10.3864494093246,-1.13206405054683,9.));
#5571=CARTESIAN_POINT('',(-10.3139852927785,-1.49704143681803,9.));
#5572=CARTESIAN_POINT('',(-10.2745496124235,-1.66677601660514,9.));
#5573=CARTESIAN_POINT('',(-10.1751818733899,-1.98162315429961,9.));
#5574=CARTESIAN_POINT('',(-10.122140166608,-2.12965773350763,9.));
#5575=CARTESIAN_POINT('',(-9.99846828380176,-2.40358991155424,9.));
#5576=CARTESIAN_POINT('',(-9.932639757424,-2.5334173016449,9.));
#5577=CARTESIAN_POINT('',(-9.7862052763285,-2.77237965012345,9.));
#5578=CARTESIAN_POINT('',(-9.70816610048943,-2.88541377779605,9.));
#5579=CARTESIAN_POINT('',(-9.61402738030484,-3.00212867443959,9.));
#5580=CARTESIAN_POINT('',(-9.60598979512334,-3.01197486529358,9.));
#5581=CARTESIAN_POINT('',(-9.59820626405878,-3.02138512028388,9.));
#5582=CARTESIAN_POINT('',(2.0895660151636,1.17520128939528,9.));
#5583=CARTESIAN_POINT('',(3.23802664191058,2.89242446403025,9.));
#5584=CARTESIAN_POINT('',(2.0895660151636,1.17520128939528,9.));
#5585=CARTESIAN_POINT('',(2.16416060327953,1.36236567729996,9.));
#5586=CARTESIAN_POINT('',(2.24648679039369,1.54965512908564,9.));
#5587=CARTESIAN_POINT('',(2.42873040213833,1.89068251657596,9.));
#5588=CARTESIAN_POINT('',(2.52197972833871,2.04947606791822,9.));
#5589=CARTESIAN_POINT('',(2.72318174271396,2.33735769051941,9.));
#5590=CARTESIAN_POINT('',(2.82701768779248,2.47189433932981,9.));
#5591=CARTESIAN_POINT('',(3.03364494629891,2.70024710615844,9.));
#5592=CARTESIAN_POINT('',(3.14154386579975,2.80729362405787,9.));
#5593=CARTESIAN_POINT('',(3.23802662879496,2.89242445245779,9.));
#5594=CARTESIAN_POINT('',(5.81403236711935,3.84984697871366,9.));
#5595=CARTESIAN_POINT('',(3.23802665502619,2.89242447560271,9.));
#5596=CARTESIAN_POINT('',(3.35008231145527,2.99129592051064,9.));
#5597=CARTESIAN_POINT('',(3.50347841658406,3.11254807094793,9.));
#5598=CARTESIAN_POINT('',(3.78426148647861,3.30054788626463,9.));
#5599=CARTESIAN_POINT('',(3.92953729986101,3.38541946463071,9.));
#5600=CARTESIAN_POINT('',(4.22486623696469,3.53098289213526,9.));
#5601=CARTESIAN_POINT('',(4.37809773076533,3.59416977756446,9.));
#5602=CARTESIAN_POINT('',(4.68846187163199,3.69914978865649,9.));
#5603=CARTESIAN_POINT('',(4.84954469447302,3.74118306976921,9.));
#5604=CARTESIAN_POINT('',(5.1760284716659,3.80633451550841,9.));
#5605=CARTESIAN_POINT('',(5.34512885921823,3.82760048445604,9.));
#5606=CARTESIAN_POINT('',(5.61296631974512,3.84665797702596,9.));
#5607=CARTESIAN_POINT('',(5.7181095122967,3.84984697871366,9.));
#5608=CARTESIAN_POINT('',(5.81403236711935,3.84984697871366,9.));
#5609=CARTESIAN_POINT('',(9.02882872087567,2.38358157069287,9.));
#5610=CARTESIAN_POINT('',(5.81403236711935,3.84984697871366,9.));
#5611=CARTESIAN_POINT('',(5.99264856305,3.84984697871366,9.));
#5612=CARTESIAN_POINT('',(6.21400206196011,3.83877993481539,9.));
#5613=CARTESIAN_POINT('',(6.59786166128007,3.78868558621107,9.));
#5614=CARTESIAN_POINT('',(6.78403818988651,3.75418054307142,9.));
#5615=CARTESIAN_POINT('',(7.13780010209598,3.65993653749307,9.));
#5616=CARTESIAN_POINT('',(7.31014086678541,3.60268869532791,9.));
#5617=CARTESIAN_POINT('',(7.63740954418903,3.46673000989299,9.));
#5618=CARTESIAN_POINT('',(7.79682105553777,3.38772301364475,9.));
#5619=CARTESIAN_POINT('',(8.09993101102387,3.21116044896579,9.));
#5620=CARTESIAN_POINT('',(8.24692195159804,3.11092539699287,9.));
#5621=CARTESIAN_POINT('',(8.52752354977252,2.89356979053294,9.));
#5622=CARTESIAN_POINT('',(8.66256205745036,2.77228799937929,9.));
#5623=CARTESIAN_POINT('',(8.87239385886849,2.56158570565606,9.));
#5624=CARTESIAN_POINT('',(8.95582294601674,2.46972914552648,9.));
#5625=CARTESIAN_POINT('',(9.02882871941786,2.38358157241311,9.));
#5626=CARTESIAN_POINT('',(10.2089590238677,-1.99740234728262,9.));
#5627=CARTESIAN_POINT('',(9.02882872233349,2.38358156897263,9.));
#5628=CARTESIAN_POINT('',(9.11446735549003,2.28252708882759,9.));
#5629=CARTESIAN_POINT('',(9.2211129744184,2.1396216275383,9.));
#5630=CARTESIAN_POINT('',(9.39541402421694,1.87444935040099,9.));
#5631=CARTESIAN_POINT('',(9.47506098931022,1.73052973282082,9.));
#5632=CARTESIAN_POINT('',(9.62775246564452,1.42602983369792,9.));
#5633=CARTESIAN_POINT('',(9.69569817478594,1.26146062462459,9.));
#5634=CARTESIAN_POINT('',(9.82648146539303,0.910695753677826,9.));
#5635=CARTESIAN_POINT('',(9.88250974913799,0.721377116168328,9.));
#5636=CARTESIAN_POINT('',(9.98999881640062,0.31426891335638,9.));
#5637=CARTESIAN_POINT('',(10.0331914380635,0.0943364313867702,9.));
#5638=CARTESIAN_POINT('',(10.114396341918,-0.382846472227161,9.));
#5639=CARTESIAN_POINT('',(10.1428534694427,-0.641259226349587,9.));
#5640=CARTESIAN_POINT('',(10.1926347315459,-1.20652788533691,9.));
#5641=CARTESIAN_POINT('',(10.2041304519401,-1.51366572064368,9.));
#5642=CARTESIAN_POINT('',(10.2086595254549,-1.87864377312829,9.));
#5643=CARTESIAN_POINT('',(10.2086640497732,-1.93828840879309,9.));
#5644=CARTESIAN_POINT('',(10.2089590238677,-1.99740234728262,9.));
#5645=CARTESIAN_POINT('',(9.00715703550822,-6.2268075659255,9.));
#5646=CARTESIAN_POINT('',(10.2089590238677,-1.99740234728262,9.));
#5647=CARTESIAN_POINT('',(10.2089590238677,-2.31721082359339,9.));
#5648=CARTESIAN_POINT('',(10.198832302917,-2.66319810446629,9.));
#5649=CARTESIAN_POINT('',(10.1437258176917,-3.27356734461677,9.));
#5650=CARTESIAN_POINT('',(10.1117869002383,-3.55066603447338,9.));
#5651=CARTESIAN_POINT('',(10.0167131830015,-4.05857822046542,9.));
#5652=CARTESIAN_POINT('',(9.96595348245274,-4.29163302429469,9.));
#5653=CARTESIAN_POINT('',(9.83837529700274,-4.71945083665865,9.));
#5654=CARTESIAN_POINT('',(9.77155079133014,-4.91788496819495,9.));
#5655=CARTESIAN_POINT('',(9.61597329456604,-5.28187218416296,9.));
#5656=CARTESIAN_POINT('',(9.53461336923173,-5.45227328576224,9.));
#5657=CARTESIAN_POINT('',(9.35360185734383,-5.76377455665506,9.));
#5658=CARTESIAN_POINT('',(9.25848730201671,-5.91001797740915,9.));
#5659=CARTESIAN_POINT('',(9.10592478822587,-6.1090345926531,9.));
#5660=CARTESIAN_POINT('',(9.05474697424801,-6.17194877943155,9.));
#5661=CARTESIAN_POINT('',(9.00715703423927,-6.22680756738826,9.));
#5662=CARTESIAN_POINT('',(5.75742811086951,-7.67489672649475,9.));
#5663=CARTESIAN_POINT('',(9.00715703677717,-6.22680756446273,9.));
#5664=CARTESIAN_POINT('',(8.89529082721747,-6.35576012705568,9.));
#5665=CARTESIAN_POINT('',(8.74536157297908,-6.51104057886837,9.));
#5666=CARTESIAN_POINT('',(8.46302726871106,-6.76023230182643,9.));
#5667=CARTESIAN_POINT('',(8.31642192907035,-6.87502072591272,9.));
#5668=CARTESIAN_POINT('',(8.01518963602293,-7.07682744718583,9.));
#5669=CARTESIAN_POINT('',(7.85810778401345,-7.16784550424398,9.));
#5670=CARTESIAN_POINT('',(7.53755642562491,-7.32527620452607,9.));
#5671=CARTESIAN_POINT('',(7.37015155198836,-7.39339444939629,9.));
#5672=CARTESIAN_POINT('',(7.0292567104891,-7.50801369132388,9.));
#5673=CARTESIAN_POINT('',(6.8513008984684,-7.55365268728381,9.));
#5674=CARTESIAN_POINT('',(6.48800560476888,-7.6257951098496,9.));
#5675=CARTESIAN_POINT('',(6.29871860772637,-7.64917879450033,9.));
#5676=CARTESIAN_POINT('',(5.99335952538895,-7.67119962050883,9.));
#5677=CARTESIAN_POINT('',(5.87079159101007,-7.67239033766916,9.));
#5678=CARTESIAN_POINT('',(5.75742811086951,-7.67489672649475,9.));
#5679=CARTESIAN_POINT('',(3.24191541856453,-6.83333844385776,9.));
#5680=CARTESIAN_POINT('',(5.75742811086951,-7.67489672649475,9.));
#5681=CARTESIAN_POINT('',(5.58800726316769,-7.67489672649477,9.));
#5682=CARTESIAN_POINT('',(5.37671296695674,-7.66469905833809,9.));
#5683=CARTESIAN_POINT('',(5.01148406275567,-7.61811968855521,9.));
#5684=CARTESIAN_POINT('',(4.83465921733432,-7.58626549745335,9.));
#5685=CARTESIAN_POINT('',(4.49880718272104,-7.49883338157378,9.));
#5686=CARTESIAN_POINT('',(4.33540974973307,-7.44599834770487,9.));
#5687=CARTESIAN_POINT('',(4.02540000295483,-7.32013599453662,9.));
#5688=CARTESIAN_POINT('',(3.87451191426654,-7.2472941815873,9.));
#5689=CARTESIAN_POINT('',(3.58811078989001,-7.0842575499479,9.));
#5690=CARTESIAN_POINT('',(3.44945876451722,-6.99241734893771,9.));
#5691=CARTESIAN_POINT('',(3.29283162073295,-6.87355861546551,9.));
#5692=CARTESIAN_POINT('',(3.26659852307666,-6.85308566198557,9.));
#5693=CARTESIAN_POINT('',(3.24191541856453,-6.83333844385776,9.));
#5694=CARTESIAN_POINT('',(2.20345769610661,-5.53602982273776,9.));
#5695=CARTESIAN_POINT('',(3.24191541856453,-6.83333844385776,9.));
#5696=CARTESIAN_POINT('',(3.12033766073775,-6.73607261969386,9.));
#5697=CARTESIAN_POINT('',(2.98516648845191,-6.61391893560322,9.));
#5698=CARTESIAN_POINT('',(2.75485384285076,-6.37285792946191,9.));
#5699=CARTESIAN_POINT('',(2.64731487737781,-6.24428836785978,9.));
#5700=CARTESIAN_POINT('',(2.45202373464789,-5.97705842685829,9.));
#5701=CARTESIAN_POINT('',(2.36262641136276,-5.83517564390358,9.));
#5702=CARTESIAN_POINT('',(2.25552074534415,-5.63938271289108,9.));
#5703=CARTESIAN_POINT('',(2.22891991368959,-5.58781910976607,9.));
#5704=CARTESIAN_POINT('',(2.20345769610661,-5.53602982273776,9.));
#5705=CARTESIAN_POINT('',(1.40565272756238,-5.7266407078086,9.));
#5706=CARTESIAN_POINT('',(2.20345769610661,-5.53602982273776,9.));
#5707=VECTOR('',#5708,1.);
#5708=DIRECTION('',(-0.972625355644108,-0.23237882338581,0.));
#5709=CARTESIAN_POINT('',(2.18099970764569,-6.83387986036956,9.));
#5710=CARTESIAN_POINT('',(1.40565272756239,-5.7266407078086,9.));
#5711=CARTESIAN_POINT('',(1.48198469533881,-5.88614654202371,9.));
#5712=CARTESIAN_POINT('',(1.56507075882746,-6.04225427259746,9.));
#5713=CARTESIAN_POINT('',(1.73715129992053,-6.31423236703,9.));
#5714=CARTESIAN_POINT('',(1.82275849657757,-6.4360060493356,9.));
#5715=CARTESIAN_POINT('',(1.99783492061548,-6.64888692585079,9.));
#5716=CARTESIAN_POINT('',(2.0855890194418,-6.74409549406004,9.));
#5717=CARTESIAN_POINT('',(2.17898073193139,-6.83198185070952,9.));
#5718=CARTESIAN_POINT('',(2.1793699440194,-6.83234791869055,9.));
#5719=CARTESIAN_POINT('',(2.18017253052562,-6.83310233221412,9.));
#5720=CARTESIAN_POINT('',(2.18058584534852,-6.833490838985,9.));
#5721=CARTESIAN_POINT('',(2.18099970764607,-6.83387986036992,9.));
#5722=CARTESIAN_POINT('',(5.61597523568831,-8.06078520923934,9.));
#5723=CARTESIAN_POINT('',(2.1809997076453,-6.8338798603692,9.));
#5724=CARTESIAN_POINT('',(2.18141189587085,-6.83426995903169,9.));
#5725=CARTESIAN_POINT('',(2.18182389338059,-6.83465987719903,9.));
#5726=CARTESIAN_POINT('',(2.33638449614216,-6.98093742875165,9.));
#5727=CARTESIAN_POINT('',(2.47028700222732,-7.09045087331006,9.));
#5728=CARTESIAN_POINT('',(2.77653618318442,-7.31066985634707,9.));
#5729=CARTESIAN_POINT('',(2.93560179340544,-7.40965742569259,9.));
#5730=CARTESIAN_POINT('',(3.266519423271,-7.58639012466859,9.));
#5731=CARTESIAN_POINT('',(3.44078037785048,-7.66424888509149,9.));
#5732=CARTESIAN_POINT('',(3.80654335436699,-7.801951839133,9.));
#5733=CARTESIAN_POINT('',(4.0015270641721,-7.85967303599948,9.));
#5734=CARTESIAN_POINT('',(4.41440538656375,-7.95816843333434,9.));
#5735=CARTESIAN_POINT('',(4.63655227261892,-7.99441599708888,9.));
#5736=CARTESIAN_POINT('',(5.10825076084307,-8.04868750592873,9.));
#5737=CARTESIAN_POINT('',(5.35549426171813,-8.05342802487453,9.));
#5738=CARTESIAN_POINT('',(5.61597523568831,-8.06078520923934,9.));
#5739=CARTESIAN_POINT('',(9.57184468251718,-6.46879932994831,9.));
#5740=CARTESIAN_POINT('',(5.61597523568831,-8.06078520923934,9.));
#5741=CARTESIAN_POINT('',(5.92185426175848,-8.06078520923935,9.));
#5742=CARTESIAN_POINT('',(6.19273518437242,-8.045620589928,9.));
#5743=CARTESIAN_POINT('',(6.72327916420531,-7.97851784302,9.));
#5744=CARTESIAN_POINT('',(6.97076542792223,-7.93419567083048,9.));
#5745=CARTESIAN_POINT('',(7.42913779937586,-7.81528279961845,9.));
#5746=CARTESIAN_POINT('',(7.64504492173284,-7.74569895202239,9.));
#5747=CARTESIAN_POINT('',(8.04952123083741,-7.58137864518214,9.));
#5748=CARTESIAN_POINT('',(8.24197305871576,-7.48848708188556,9.));
#5749=CARTESIAN_POINT('',(8.60747266656262,-7.27941653616964,9.));
#5750=CARTESIAN_POINT('',(8.78300372999361,-7.16238242684507,9.));
#5751=CARTESIAN_POINT('',(9.1210885670377,-6.9040758843361,9.));
#5752=CARTESIAN_POINT('',(9.28457558152449,-6.75996520033254,9.));
#5753=CARTESIAN_POINT('',(9.48384721951892,-6.56147255870859,9.));
#5754=CARTESIAN_POINT('',(9.52684315391929,-6.51568185704468,9.));
#5755=CARTESIAN_POINT('',(9.57184468287701,-6.46879932956278,9.));
#5756=CARTESIAN_POINT('',(11.0852444122733,-1.78991113546197,9.));
#5757=CARTESIAN_POINT('',(9.57184468215735,-6.46879933033384,9.));
#5758=CARTESIAN_POINT('',(9.73265336669219,-6.29650244400785,9.));
#5759=CARTESIAN_POINT('',(9.85493979966807,-6.14379485774318,9.));
#5760=CARTESIAN_POINT('',(10.1064735238952,-5.78940041639292,9.));
#5761=CARTESIAN_POINT('',(10.2216939942068,-5.59978502938483,9.));
#5762=CARTESIAN_POINT('',(10.4345767068826,-5.19747811813335,9.));
#5763=CARTESIAN_POINT('',(10.5300301053103,-4.98011450023234,9.));
#5764=CARTESIAN_POINT('',(10.7053147982769,-4.51597548491429,9.));
#5765=CARTESIAN_POINT('',(10.7802047911187,-4.26338749685343,9.));
#5766=CARTESIAN_POINT('',(10.9142574829472,-3.7205553540608,9.));
#5767=CARTESIAN_POINT('',(10.9654510468538,-3.42385478189334,9.));
#5768=CARTESIAN_POINT('',(11.0499024648813,-2.78230999615065,9.));
#5769=CARTESIAN_POINT('',(11.0729027357905,-2.43145577129199,9.));
#5770=CARTESIAN_POINT('',(11.0841959087208,-1.98363560390249,9.));
#5771=CARTESIAN_POINT('',(11.0843526272665,-1.88759820842637,9.));
#5772=CARTESIAN_POINT('',(11.0852444122733,-1.78991113546197,9.));
#5773=CARTESIAN_POINT('',(9.58456373078168,2.66854895881771,9.));
#5774=CARTESIAN_POINT('',(11.0852444122733,-1.78991113546197,9.));
#5775=CARTESIAN_POINT('',(11.0852444122733,-1.40765452084632,9.));
#5776=CARTESIAN_POINT('',(11.0683054108147,-1.05721655709975,9.));
#5777=CARTESIAN_POINT('',(10.989936718656,-0.39236085581059,9.));
#5778=CARTESIAN_POINT('',(10.9403375592571,-0.0869516921408447,9.));
#5779=CARTESIAN_POINT('',(10.8055542314007,0.468361387801043,9.));
#5780=CARTESIAN_POINT('',(10.729269362324,0.725442814303695,9.));
#5781=CARTESIAN_POINT('',(10.5492983407317,1.19607107132508,9.));
#5782=CARTESIAN_POINT('',(10.4506301588299,1.41572361723853,9.));
#5783=CARTESIAN_POINT('',(10.2304594859105,1.82188222757911,9.));
#5784=CARTESIAN_POINT('',(10.1107605005354,2.01294416958978,9.));
#5785=CARTESIAN_POINT('',(9.85796553998333,2.35948417945933,9.));
#5786=CARTESIAN_POINT('',(9.72680273237837,2.50742587535789,9.));
#5787=CARTESIAN_POINT('',(9.58456373078168,2.66854895881771,9.));
#5788=CARTESIAN_POINT('',(5.78573023899443,4.23573546145825,9.));
#5789=CARTESIAN_POINT('',(9.58456373078168,2.66854895881771,9.));
#5790=CARTESIAN_POINT('',(9.41177312666488,2.85191052282758,9.));
#5791=CARTESIAN_POINT('',(9.25504460646615,2.9976388939625,9.));
#5792=CARTESIAN_POINT('',(8.90962293611568,3.27805852100243,9.));
#5793=CARTESIAN_POINT('',(8.7341121195397,3.40349304601901,9.));
#5794=CARTESIAN_POINT('',(8.37505861356069,3.6230099660698,9.));
#5795=CARTESIAN_POINT('',(8.19010070001976,3.71980626231092,9.));
#5796=CARTESIAN_POINT('',(7.80857831469611,3.88807917346509,9.));
#5797=CARTESIAN_POINT('',(7.60929858989115,3.95969930768505,9.));
#5798=CARTESIAN_POINT('',(7.19419581522128,4.08100065096856,9.));
#5799=CARTESIAN_POINT('',(6.97469147643229,4.1282100884661,9.));
#5800=CARTESIAN_POINT('',(6.51301084855526,4.20161336504751,9.));
#5801=CARTESIAN_POINT('',(6.26690491731235,4.22310929830289,9.));
#5802=CARTESIAN_POINT('',(5.94221160493691,4.23449930752541,9.));
#5803=CARTESIAN_POINT('',(5.86500742960616,4.23468816841049,9.));
#5804=CARTESIAN_POINT('',(5.78573023899443,4.23573546145825,9.));
#5805=CARTESIAN_POINT('',(2.71713697000313,3.34053629401609,9.));
#5806=CARTESIAN_POINT('',(5.78573023899443,4.23573546145825,9.));
#5807=CARTESIAN_POINT('',(5.49486919303275,4.23573546145824,9.));
#5808=CARTESIAN_POINT('',(5.23696060293395,4.22251047580107,9.));
#5809=CARTESIAN_POINT('',(4.73832551167632,4.16266439762052,9.));
#5810=CARTESIAN_POINT('',(4.50864570002377,4.12426328011608,9.));
#5811=CARTESIAN_POINT('',(4.08945256366455,4.02084021339767,9.));
#5812=CARTESIAN_POINT('',(3.89478385916572,3.96176727972161,9.));
#5813=CARTESIAN_POINT('',(3.53619625850321,3.82276329873616,9.));
#5814=CARTESIAN_POINT('',(3.36816193191611,3.74595365198072,9.));
#5815=CARTESIAN_POINT('',(3.05471126529734,3.57425836985542,9.));
#5816=CARTESIAN_POINT('',(2.90656863801305,3.48029310391434,9.));
#5817=CARTESIAN_POINT('',(2.74959192518534,3.36496886997456,9.));
#5818=CARTESIAN_POINT('',(2.73358586452164,3.35284013165669,9.));
#5819=CARTESIAN_POINT('',(2.71713697987073,3.34053630150507,9.));
#5820=CARTESIAN_POINT('',(1.31632021769898,1.42037194289894,9.));
#5821=CARTESIAN_POINT('',(2.71713696013552,3.34053628652712,9.));
#5822=CARTESIAN_POINT('',(2.58326270183696,3.23173889522986,9.));
#5823=CARTESIAN_POINT('',(2.46447913101298,3.13469451442154,9.));
#5824=CARTESIAN_POINT('',(2.22744094692088,2.90017868217971,9.));
#5825=CARTESIAN_POINT('',(2.11385777277469,2.77047902713194,9.));
#5826=CARTESIAN_POINT('',(1.8931128745741,2.4881189951849,9.));
#5827=CARTESIAN_POINT('',(1.78762476578403,2.33101457478547,9.));
#5828=CARTESIAN_POINT('',(1.58122199447375,1.98828493257165,9.));
#5829=CARTESIAN_POINT('',(1.48348213160202,1.79736807345007,9.));
#5830=CARTESIAN_POINT('',(1.36778154676198,1.54190871955376,9.));
#5831=CARTESIAN_POINT('',(1.34168528775808,1.48130353288717,9.));
#5832=CARTESIAN_POINT('',(1.31632021769898,1.42037194289894,9.));
#5833=CARTESIAN_POINT('',(1.31632021769898,1.42037194289894,9.));
#5834=VECTOR('',#5835,1.);
#5835=DIRECTION('',(0.953232357863831,-0.302238435546113,0.));
#5836=CARTESIAN_POINT('',(15.5,-8.94892917243921,6.));
#5837=CARTESIAN_POINT('',(15.5,-8.94892917243921,6.));
#5838=VECTOR('',#5839,1.);
#5839=DIRECTION('',(-5.9211894646675E-16,0.,1.));
#5840=CARTESIAN_POINT('',(15.5,8.9489291724392,6.));
#5841=CARTESIAN_POINT('',(15.5,-8.94892917243921,6.));
#5842=VECTOR('',#5843,1.);
#5843=DIRECTION('',(9.92496870391517E-16,1.,0.));
#5844=CARTESIAN_POINT('',(15.5,8.94892917243919,6.));
#5845=VECTOR('',#5846,1.);
#5846=DIRECTION('',(0.,0.,1.));
#5847=CARTESIAN_POINT('',(8.31318032845965E-15,17.8978583448784,6.));
#5848=CARTESIAN_POINT('',(15.5,8.94892917243919,6.));
#5849=VECTOR('',#5850,1.);
#5850=DIRECTION('',(-0.866025403784438,0.5,0.));
#5851=CARTESIAN_POINT('',(1.06311563239434E-14,17.8978583448784,6.));
#5852=VECTOR('',#5853,1.);
#5853=DIRECTION('',(0.,0.,1.));
#5854=CARTESIAN_POINT('',(-15.5,8.94892917243921,6.));
#5855=CARTESIAN_POINT('',(1.04091117190184E-14,17.8978583448784,6.));
#5856=VECTOR('',#5857,1.);
#5857=DIRECTION('',(-0.866025403784439,-0.499999999999999,0.));
#5858=CARTESIAN_POINT('',(-15.5,8.94892917243921,6.));
#5859=VECTOR('',#5860,1.);
#5860=DIRECTION('',(5.9211894646675E-16,5.9211894646675E-16,1.));
#5861=CARTESIAN_POINT('',(-15.5,-8.94892917243919,6.));
#5862=CARTESIAN_POINT('',(-15.5,8.94892917243921,6.));
#5863=VECTOR('',#5864,1.);
#5864=DIRECTION('',(-4.96248435195758E-16,-1.,0.));
#5865=CARTESIAN_POINT('',(-15.5,-8.94892917243919,6.));
#5866=VECTOR('',#5867,1.);
#5867=DIRECTION('',(0.,0.,1.));
#5868=CARTESIAN_POINT('',(-1.07130229561807E-14,-17.8978583448784,6.));
#5869=CARTESIAN_POINT('',(-15.5,-8.94892917243919,6.));
#5870=VECTOR('',#5871,1.);
#5871=DIRECTION('',(0.866025403784438,-0.500000000000001,0.));
#5872=CARTESIAN_POINT('',(-9.87972645625984E-15,-17.8978583448784,6.));
#5873=VECTOR('',#5874,1.);
#5874=DIRECTION('',(-5.9211894646675E-16,0.,1.));
#5875=CARTESIAN_POINT('',(-1.076790487596E-14,-17.8978583448784,6.));
#5876=VECTOR('',#5877,1.);
#5877=DIRECTION('',(0.866025403784439,0.5,0.));
#5878=CARTESIAN_POINT('',(14.5,-8.37157890324958,5.));
#5879=CARTESIAN_POINT('',(15.5,-8.94892917243921,6.));
#5880=VECTOR('',#5881,1.);
#5881=DIRECTION('',(-0.654653670707976,0.377964473009228,-0.654653670707978));
#5882=CARTESIAN_POINT('',(14.5,8.37157890324956,5.));
#5883=CARTESIAN_POINT('',(14.5,-8.37157890324958,5.));
#5884=VECTOR('',#5885,1.);
#5885=DIRECTION('',(1.06094493041852E-15,1.,0.));
#5886=CARTESIAN_POINT('',(15.5,8.9489291724392,6.));
#5887=VECTOR('',#5888,1.);
#5888=DIRECTION('',(-0.654653670707977,-0.37796447300923,-0.654653670707976));
#5889=CARTESIAN_POINT('',(8.01095378303764E-15,16.7431578064991,5.));
#5890=CARTESIAN_POINT('',(14.5,8.37157890324956,5.));
#5891=VECTOR('',#5892,1.);
#5892=DIRECTION('',(-0.866025403784438,0.500000000000001,0.));
#5893=CARTESIAN_POINT('',(6.88338275267597E-15,17.8978583448784,6.));
#5894=VECTOR('',#5895,1.);
#5895=DIRECTION('',(7.26811578375371E-17,-0.755928946018455,-0.654653670707977));
#5896=CARTESIAN_POINT('',(-14.5,8.37157890324958,5.));
#5897=CARTESIAN_POINT('',(9.40740656668734E-15,16.7431578064991,5.));
#5898=VECTOR('',#5899,1.);
#5899=DIRECTION('',(-0.866025403784439,-0.499999999999999,0.));
#5900=CARTESIAN_POINT('',(-15.5,8.94892917243921,6.));
#5901=VECTOR('',#5902,1.);
#5902=DIRECTION('',(0.654653670707979,-0.377964473009225,-0.654653670707977));
#5903=CARTESIAN_POINT('',(-14.5,-8.37157890324957,5.));
#5904=CARTESIAN_POINT('',(-14.5,8.37157890324958,5.));
#5905=VECTOR('',#5906,1.);
#5906=DIRECTION('',(-5.30472465209259E-16,-1.,0.));
#5907=CARTESIAN_POINT('',(-15.5,-8.94892917243919,6.));
#5908=VECTOR('',#5909,1.);
#5909=DIRECTION('',(0.654653670707978,0.377964473009226,-0.654653670707977));
#5910=CARTESIAN_POINT('',(-1.01018738127484E-14,-16.7431578064991,5.));
#5911=CARTESIAN_POINT('',(-14.5,-8.37157890324957,5.));
#5912=VECTOR('',#5913,1.);
#5913=DIRECTION('',(0.866025403784438,-0.500000000000001,-5.30472465209259E-17));
#5914=CARTESIAN_POINT('',(-1.06581410364015E-14,-17.8978583448784,6.));
#5915=VECTOR('',#5916,1.);
#5916=DIRECTION('',(4.90597815403376E-16,0.755928946018455,-0.654653670707977));
#5917=CARTESIAN_POINT('',(-1.02678294107718E-14,-16.7431578064991,5.));
#5918=VECTOR('',#5919,1.);
#5919=DIRECTION('',(0.866025403784439,0.5,0.));
#5920=CARTESIAN_POINT('',(-13.5,3.30654635769785E-15,5.));
#5921=AXIS2_PLACEMENT_3D('',#5922,#5923,#5924);
#5922=CARTESIAN_POINT('',(0.,0.,5.));
#5923=DIRECTION('',(0.,0.,1.));
#5924=DIRECTION('',(-1.,1.22464679914735E-16,0.));
#5925=CARTESIAN_POINT('',(-12.5,3.06161699786838E-15,4.));
#5926=AXIS2_PLACEMENT_3D('',#5927,#5928,#5929);
#5927=CARTESIAN_POINT('',(0.,0.,4.));
#5928=DIRECTION('',(0.,0.,1.));
#5929=DIRECTION('',(-1.,1.22464679914735E-16,0.));
#5930=CARTESIAN_POINT('',(-12.5,1.53080849893419E-15,0.));
#5931=AXIS2_PLACEMENT_3D('',#5932,#5933,#5934);
#5932=CARTESIAN_POINT('',(0.,0.,0.));
#5933=DIRECTION('',(0.,0.,1.));
#5934=DIRECTION('',(-1.,1.22464679914735E-16,0.));
#5935=CARTESIAN_POINT('',(-3.38664439556674,-4.01514066739147,9.));
#5936=CARTESIAN_POINT('',(-3.38664439556674,-4.01514066739147,9.));
#5937=VECTOR('',#5938,1.);
#5938=DIRECTION('',(0.707106781186547,0.,0.707106781186548));
#5939=CARTESIAN_POINT('',(-3.38664439556674,-5.01514066739147,10.));
#5940=VECTOR('',#5941,1.);
#5941=DIRECTION('',(0.,0.707106781186547,-0.707106781186547));
#5942=CARTESIAN_POINT('',(-3.38664439556674,7.80990902386765,9.));
#5943=CARTESIAN_POINT('',(-2.38664439556674,7.80990902386765,10.));
#5944=VECTOR('',#5945,1.);
#5945=DIRECTION('',(-0.707106781186547,0.,-0.707106781186547));
#5946=CARTESIAN_POINT('',(-3.38664439556674,-4.01514066739147,9.));
#5947=VECTOR('',#5948,1.);
#5948=DIRECTION('',(1.12664865208556E-16,1.,0.));
#5949=CARTESIAN_POINT('',(-3.38664439556674,7.80990902386765,9.));
#5950=VECTOR('',#5951,1.);
#5951=DIRECTION('',(0.,0.707106781186546,0.707106781186549));
#5952=CARTESIAN_POINT('',(-4.03662834638183,7.80990902386765,9.));
#5953=CARTESIAN_POINT('',(-4.03662834638183,8.80990902386765,10.));
#5954=VECTOR('',#5955,1.);
#5955=DIRECTION('',(0.,-0.707106781186546,-0.707106781186549));
#5956=CARTESIAN_POINT('',(-3.38664439556674,7.80990902386765,9.));
#5957=VECTOR('',#5958,1.);
#5958=DIRECTION('',(-1.,0.,0.));
#5959=CARTESIAN_POINT('',(-4.03662834638183,7.80990902386765,9.));
#5960=VECTOR('',#5961,1.);
#5961=DIRECTION('',(-0.707106781186547,0.,0.707106781186547));
#5962=CARTESIAN_POINT('',(-4.03662834638183,1.21970205323099,9.));
#5963=CARTESIAN_POINT('',(-5.03662834638183,3.76460250991837,10.));
#5964=VECTOR('',#5965,1.);
#5965=DIRECTION('',(0.343471927392337,-0.874101864880052,-0.343471927392338));
#5966=CARTESIAN_POINT('',(-4.03662834638183,7.80990902386765,9.));
#5967=VECTOR('',#5968,1.);
#5968=DIRECTION('',(-1.34772462178729E-16,-1.,0.));
#5969=CARTESIAN_POINT('',(-4.16174405750695,1.3543239171438,9.));
#5970=CARTESIAN_POINT('',(-5.11769223144366,2.78221633593512,9.27184049381034));
#5971=CARTESIAN_POINT('',(-4.16174405750695,1.3543239171438,9.));
#5972=CARTESIAN_POINT('',(-4.16905969971059,1.36788733347093,9.00387491060109));
#5973=CARTESIAN_POINT('',(-4.18362615826695,1.39493023938892,9.01161508153371));
#5974=CARTESIAN_POINT('',(-4.20541982900102,1.43537417652461,9.02318439052956));
#5975=CARTESIAN_POINT('',(-4.22711143405292,1.47548981301551,9.03460496447317));
#5976=CARTESIAN_POINT('',(-4.24876994397729,1.51529136303155,9.04583595932667));
#5977=CARTESIAN_POINT('',(-4.27037118498427,1.55463106817798,9.0567944925728));
#5978=CARTESIAN_POINT('',(-4.29195357357891,1.59348522151796,9.06743628529954));
#5979=CARTESIAN_POINT('',(-4.31346233343669,1.63168313768516,9.07768526310425));
#5980=CARTESIAN_POINT('',(-4.33501420921901,1.66934728469636,9.08753928408409));
#5981=CARTESIAN_POINT('',(-4.35654847259236,1.70638231112979,9.09697791773863));
#5982=CARTESIAN_POINT('',(-4.37792234164765,1.74289636414113,9.10617937916475));
#5983=CARTESIAN_POINT('',(-4.39906519135437,1.77867555934022,9.11504977831987));
#5984=CARTESIAN_POINT('',(-4.42005007525225,1.81385615253233,9.12362839537516));
#5985=CARTESIAN_POINT('',(-4.440837244794,1.84835879786834,9.13189029730644));
#5986=CARTESIAN_POINT('',(-4.46150695337719,1.88231187425968,9.13986411126553));
#5987=CARTESIAN_POINT('',(-4.48201647767242,1.91564072654941,9.14753030468655));
#5988=CARTESIAN_POINT('',(-4.5024958812,1.94855174335727,9.15493411116213));
#5989=CARTESIAN_POINT('',(-4.52300928404246,1.98113918073528,9.16209272955586));
#5990=CARTESIAN_POINT('',(-4.54366360575899,2.01355930361677,9.16903422253306));
#5991=CARTESIAN_POINT('',(-4.56450037922771,2.0458626655847,9.17576258285538));
#5992=CARTESIAN_POINT('',(-4.58557561624562,2.07811380282429,9.18228071652003));
#5993=CARTESIAN_POINT('',(-4.6094348862577,2.11415294027226,9.18933832042998));
#5994=CARTESIAN_POINT('',(-4.63618527584494,2.15413505378717,9.1969624572699));
#5995=CARTESIAN_POINT('',(-4.66605475366057,2.1981443953142,9.20504349727598));
#5996=CARTESIAN_POINT('',(-4.69415599212901,2.23892397158435,9.21222103293914));
#5997=CARTESIAN_POINT('',(-4.72042363353043,2.27649428702331,9.21855689728903));
#5998=CARTESIAN_POINT('',(-4.74486464328467,2.31099116120379,9.22413845033882));
#5999=CARTESIAN_POINT('',(-4.76995670145541,2.34590951610207,9.22953004522591));
#6000=CARTESIAN_POINT('',(-4.79578456436335,2.38131459051551,9.23471401102406));
#6001=CARTESIAN_POINT('',(-4.82227350013038,2.41705654120019,9.23964307950265));
#6002=CARTESIAN_POINT('',(-4.8495251881759,2.45319674964084,9.24428455768174));
#6003=CARTESIAN_POINT('',(-4.87732076714327,2.48956091517083,9.24868010165385));
#6004=CARTESIAN_POINT('',(-4.90566792931767,2.52611349383738,9.25279987954078));
#6005=CARTESIAN_POINT('',(-4.93449315225744,2.56273126694655,9.2566138624426));
#6006=CARTESIAN_POINT('',(-4.96386246688724,2.59946417218393,9.26010767913897));
#6007=CARTESIAN_POINT('',(-4.99371435716064,2.63620245780885,9.26325167401446));
#6008=CARTESIAN_POINT('',(-5.02405270089747,2.67291812612901,9.26602394654964));
#6009=CARTESIAN_POINT('',(-5.05482407949332,2.70952054477497,9.26840192571218));
#6010=CARTESIAN_POINT('',(-5.08604394578583,2.74598384552004,9.27035668200416));
#6011=CARTESIAN_POINT('',(-5.10710051380387,2.77015747945183,9.27138955626266));
#6012=CARTESIAN_POINT('',(-5.11769223123489,2.78221633568371,9.27184049381034));
#6013=CARTESIAN_POINT('',(-4.03662834638183,1.21970205323099,9.));
#6014=CARTESIAN_POINT('',(-4.07833358342355,1.26457600786864,9.));
#6015=CARTESIAN_POINT('',(-4.12003882046526,1.30944996250629,9.));
#6016=CARTESIAN_POINT('',(-4.16174405750698,1.35432391714394,9.));
#6017=CARTESIAN_POINT('',(-6.87362248845001,4.04297230559017,9.04993194418454));
#6018=CARTESIAN_POINT('',(-6.45590296458838,4.89628333333333,10.));
#6019=VECTOR('',#6020,1.);
#6020=DIRECTION('',(-0.31089596850182,-0.635093455146025,-0.707106781186547));
#6021=CARTESIAN_POINT('',(-5.11769223165244,2.78221633618654,9.27184049381034));
#6022=CARTESIAN_POINT('',(-5.12801345517945,2.79396114660527,9.27227577355709));
#6023=CARTESIAN_POINT('',(-5.14661536923973,2.81497487914069,9.2729555006013));
#6024=CARTESIAN_POINT('',(-5.17149092459143,2.84273281227034,9.27363107152717));
#6025=CARTESIAN_POINT('',(-5.1902682821054,2.86350021925626,9.274014595545));
#6026=CARTESIAN_POINT('',(-5.20493046255629,2.87961457955601,9.27424480774169));
#6027=CARTESIAN_POINT('',(-5.21769941141735,2.89357767492472,9.27439728419678));
#6028=CARTESIAN_POINT('',(-5.23066588712342,2.90768581252581,9.27450381369019));
#6029=CARTESIAN_POINT('',(-5.24222738689948,2.92020027352243,9.27455455248286));
#6030=CARTESIAN_POINT('',(-5.25168269802073,2.93039091146873,9.27456607303423));
#6031=CARTESIAN_POINT('',(-5.26192452665555,2.94139656524653,9.27455631238855));
#6032=CARTESIAN_POINT('',(-5.27510364062482,2.9554954000152,9.2745007521421));
#6033=CARTESIAN_POINT('',(-5.29198926850333,2.97343859664164,9.27434731814564));
#6034=CARTESIAN_POINT('',(-5.31000157407711,2.99244063980327,9.27408943004953));
#6035=CARTESIAN_POINT('',(-5.32910939690339,3.012439089687,9.27370740549821));
#6036=CARTESIAN_POINT('',(-5.34981091265318,3.03391300055212,9.27316245941386));
#6037=CARTESIAN_POINT('',(-5.37183576648812,3.0565288234528,9.2724255549276));
#6038=CARTESIAN_POINT('',(-5.39837509874377,3.08346512202631,9.27132307089711));
#6039=CARTESIAN_POINT('',(-5.42940337326524,3.1144740541519,9.26970498803141));
#6040=CARTESIAN_POINT('',(-5.46519590162407,3.14978485368995,9.26752570017713));
#6041=CARTESIAN_POINT('',(-5.49964742233515,3.18325348614414,9.26507459217057));
#6042=CARTESIAN_POINT('',(-5.53259171572615,3.21479958632373,9.26241874115578));
#6043=CARTESIAN_POINT('',(-5.56801041843701,3.24825816396494,9.25925225958754));
#6044=CARTESIAN_POINT('',(-5.60929168064376,3.28657794197145,9.25510134934498));
#6045=CARTESIAN_POINT('',(-5.65707409671196,3.32962621152548,9.24991229316382));
#6046=CARTESIAN_POINT('',(-5.7034852534011,3.37006633187254,9.24440992223111));
#6047=CARTESIAN_POINT('',(-5.74782666186955,3.40762220663394,9.23888384075502));
#6048=CARTESIAN_POINT('',(-5.7896927846027,3.44218007837775,9.2334609339047));
#6049=CARTESIAN_POINT('',(-5.83282091017198,3.476811607999,9.22766425301355));
#6050=CARTESIAN_POINT('',(-5.87742973642774,3.511594731511,9.22145191391521));
#6051=CARTESIAN_POINT('',(-5.92323546732821,3.5462068497702,9.21484789588702));
#6052=CARTESIAN_POINT('',(-5.97012841262229,3.58048681482225,9.20784563813573));
#6053=CARTESIAN_POINT('',(-6.01783749247375,3.61413881817443,9.20047736768853));
#6054=CARTESIAN_POINT('',(-6.06616948952125,3.64717638218846,9.1927626949258));
#6055=CARTESIAN_POINT('',(-6.11493789631166,3.67946937207409,9.18471438821005));
#6056=CARTESIAN_POINT('',(-6.16908724988704,3.71413767011421,9.17554140944226));
#6057=CARTESIAN_POINT('',(-6.22846661068564,3.75062684684083,9.16522888667283));
#6058=CARTESIAN_POINT('',(-6.29301295765625,3.78835176350893,9.15379030246345));
#6059=CARTESIAN_POINT('',(-6.35196014253103,3.82098123459345,9.14319632383638));
#6060=CARTESIAN_POINT('',(-6.40524467832238,3.84902296024501,9.13361236025323));
#6061=CARTESIAN_POINT('',(-6.4526312783578,3.87305688975054,9.12495163191963));
#6062=CARTESIAN_POINT('',(-6.49985649206751,3.89607524318004,9.11625912705242));
#6063=CARTESIAN_POINT('',(-6.54688029256927,3.91805642713128,9.10758667648998));
#6064=CARTESIAN_POINT('',(-6.59379572021713,3.93901864184667,9.09897420157731));
#6065=CARTESIAN_POINT('',(-6.64038316493239,3.95886334217495,9.09050275320026));
#6066=CARTESIAN_POINT('',(-6.68669312254115,3.9775249991862,9.08225870528912));
#6067=CARTESIAN_POINT('',(-6.73265092393264,3.99517714543724,9.07403951669971));
#6068=CARTESIAN_POINT('',(-6.77875839028933,4.01193009678113,9.06590559234885));
#6069=CARTESIAN_POINT('',(-6.82568038047924,4.0279096621378,9.05786219844275));
#6070=CARTESIAN_POINT('',(-6.85746346143858,4.03801791972111,9.05257410377642));
#6071=CARTESIAN_POINT('',(-6.87362250287703,4.04297231265192,9.04993194418454));
#6072=CARTESIAN_POINT('',(-7.20996933756857,4.12180793956576,9.));
#6073=CARTESIAN_POINT('',(-7.19581009134571,4.1193861181788,9.00178797805508));
#6074=CARTESIAN_POINT('',(-7.16737656580872,4.1143525579595,9.00554761236758));
#6075=CARTESIAN_POINT('',(-7.12486759860275,4.106279240503,9.01151181916464));
#6076=CARTESIAN_POINT('',(-7.08238623813295,4.09770378531449,9.01756644037929));
#6077=CARTESIAN_POINT('',(-7.04022971044276,4.08841772071918,9.02373873308961));
#6078=CARTESIAN_POINT('',(-6.998480152783,4.07823304397579,9.02995530580443));
#6079=CARTESIAN_POINT('',(-6.95698887650234,4.06731158114135,9.03641723803193));
#6080=CARTESIAN_POINT('',(-6.91540508011924,4.05558322547031,9.04309377699441));
#6081=CARTESIAN_POINT('',(-6.88762489132231,4.04727124994734,9.04763605357619));
#6082=CARTESIAN_POINT('',(-6.87362247402586,4.04297229852847,9.04993194418454));
#6083=CARTESIAN_POINT('',(-7.96002614520434,5.22635925955596,10.));
#6084=VECTOR('',#6085,1.);
#6085=DIRECTION('',(0.,-0.707106781186547,-0.707106781186547));
#6086=CARTESIAN_POINT('',(-10.9306520548964,3.83535788675263,10.));
#6087=VECTOR('',#6088,1.);
#6088=DIRECTION('',(0.530478474651526,-0.467538862482458,-0.707106781186547));
#6089=CARTESIAN_POINT('',(-12.1566154645884,-0.0641167397192342,10.));
#6090=VECTOR('',#6091,1.);
#6091=DIRECTION('',(0.707106781186547,2.55140024536113E-16,-0.707106781186547));
#6092=CARTESIAN_POINT('',(-10.940086078764,-3.87402582010884,10.));
#6093=VECTOR('',#6094,1.);
#6094=DIRECTION('',(0.528297052785302,0.470002365971027,-0.707106781186548));
#6095=CARTESIAN_POINT('',(-7.97889424946161,-5.24144210498207,10.));
#6096=VECTOR('',#6097,1.);
#6097=DIRECTION('',(0.,0.707106781186547,-0.707106781186547));
#6098=CARTESIAN_POINT('',(-6.60952132783905,-3.98575395529091,9.09555878542627));
#6099=CARTESIAN_POINT('',(-7.24605064418361,-4.14785628500156,9.));
#6100=CARTESIAN_POINT('',(-7.21198849509555,-4.14219938762971,9.00350047260248));
#6101=CARTESIAN_POINT('',(-7.15061874075512,-4.13185774244487,9.0109043627609));
#6102=CARTESIAN_POINT('',(-7.06883543780727,-4.11679284383036,9.02256445553736));
#6103=CARTESIAN_POINT('',(-7.00695049091909,-4.1041772481629,9.03203959175593));
#6104=CARTESIAN_POINT('',(-6.95923205227859,-4.09357477906099,9.03954538273));
#6105=CARTESIAN_POINT('',(-6.92000900668248,-4.08420687278073,9.0457702132474));
#6106=CARTESIAN_POINT('',(-6.88271590757398,-4.07465368752936,9.05168031481948));
#6107=CARTESIAN_POINT('',(-6.84661184615068,-4.06472248932206,9.05732184757768));
#6108=CARTESIAN_POINT('',(-6.81092028115233,-4.05424047406737,9.0628287739913));
#6109=CARTESIAN_POINT('',(-6.77582236087134,-4.0434947978772,9.06836606920837));
#6110=CARTESIAN_POINT('',(-6.7413045448535,-4.03244539383512,9.07387890230997));
#6111=CARTESIAN_POINT('',(-6.70749546021408,-4.02116568033475,9.07935074473605));
#6112=CARTESIAN_POINT('',(-6.67429493836516,-4.00963709252198,9.08478603442703));
#6113=CARTESIAN_POINT('',(-6.64171585969838,-3.99788245139964,9.09017558055389));
#6114=CARTESIAN_POINT('',(-6.62019692390805,-3.98982481021277,9.09376875206219));
#6115=CARTESIAN_POINT('',(-6.60952132201555,-3.98575395193916,9.09555878542627));
#6116=CARTESIAN_POINT('',(-6.15884615016352,-4.76991324705628,10.));
#6117=VECTOR('',#6118,1.);
#6118=DIRECTION('',(-0.35234513956732,0.613068432251478,-0.707106781186548));
#6119=CARTESIAN_POINT('',(-4.01041154287209,-0.355071982217605,9.));
#6120=CARTESIAN_POINT('',(-5.15934751450662,-2.81748672573586,9.35490261485722));
#6121=CARTESIAN_POINT('',(-4.01041154287209,-0.355071982217605,9.));
#6122=CARTESIAN_POINT('',(-4.01836592307243,-0.381183584874162,9.00732940151269));
#6123=CARTESIAN_POINT('',(-4.03442938856204,-0.433369713318249,9.02183782403096));
#6124=CARTESIAN_POINT('',(-4.05898844766135,-0.511594588632875,9.04318012347081));
#6125=CARTESIAN_POINT('',(-4.08392539740108,-0.589653885753984,9.06411476781748));
#6126=CARTESIAN_POINT('',(-4.10931576299659,-0.667539457765971,9.08457369330575));
#6127=CARTESIAN_POINT('',(-4.13518315666056,-0.745203583704325,9.10451133652275));
#6128=CARTESIAN_POINT('',(-4.16158028888852,-0.822650116279289,9.1238853218889));
#6129=CARTESIAN_POINT('',(-4.18852054876724,-0.899836647256697,9.14266156225657));
#6130=CARTESIAN_POINT('',(-4.21611468773207,-0.976801179989162,9.16076709877675));
#6131=CARTESIAN_POINT('',(-4.24420718605689,-1.05358491033596,9.17835521508199));
#6132=CARTESIAN_POINT('',(-4.27278807519454,-1.13026101802507,9.19547365381191));
#6133=CARTESIAN_POINT('',(-4.30197973376781,-1.20684909238554,9.21202975725094));
#6134=CARTESIAN_POINT('',(-4.33186351361992,-1.28336164935159,9.22796165186121));
#6135=CARTESIAN_POINT('',(-4.36253608454541,-1.35985823281093,9.24321983432984));
#6136=CARTESIAN_POINT('',(-4.39412104731396,-1.43633452235685,9.25769775876872));
#6137=CARTESIAN_POINT('',(-4.42657514863137,-1.51286296187046,9.27147084080226));
#6138=CARTESIAN_POINT('',(-4.45975367671987,-1.589424156065,9.28465067825692));
#6139=CARTESIAN_POINT('',(-4.49386705609749,-1.66609780134794,9.29710267869978));
#6140=CARTESIAN_POINT('',(-4.5290086420537,-1.74287757018111,9.30874472145312));
#6141=CARTESIAN_POINT('',(-4.56538589289183,-1.81992610757531,9.31948930559703));
#6142=CARTESIAN_POINT('',(-4.60305216491678,-1.89711771584951,9.32922386914202));
#6143=CARTESIAN_POINT('',(-4.64184941224635,-1.97463698172353,9.3381809073436));
#6144=CARTESIAN_POINT('',(-4.68191398567085,-2.05231547679781,9.34615490488157));
#6145=CARTESIAN_POINT('',(-4.72339755288831,-2.1302236121287,9.35305582284945));
#6146=CARTESIAN_POINT('',(-4.76636448263628,-2.208036041026,9.35865448882344));
#6147=CARTESIAN_POINT('',(-4.81070336384042,-2.28575922970829,9.36304832305791));
#6148=CARTESIAN_POINT('',(-4.8563130633051,-2.36326261432611,9.36625241657608));
#6149=CARTESIAN_POINT('',(-4.89929157999253,-2.43383913353424,9.36795153341401));
#6150=CARTESIAN_POINT('',(-4.93147350452399,-2.48503835292448,9.36833799414542));
#6151=CARTESIAN_POINT('',(-4.96416719458226,-2.53607552157389,9.36820581011722));
#6152=CARTESIAN_POINT('',(-5.00190703384125,-2.5934889329206,9.36724625464914));
#6153=CARTESIAN_POINT('',(-5.05335517704629,-2.66918557867609,9.36455600440192));
#6154=CARTESIAN_POINT('',(-5.10575175554736,-2.7440378556828,9.3606121090185));
#6155=CARTESIAN_POINT('',(-5.14143858456685,-2.79325559924122,9.35697798429171));
#6156=CARTESIAN_POINT('',(-5.15934751491507,-2.81748672629268,9.35490261485722));
#6157=CARTESIAN_POINT('',(-5.15934751449514,-2.81748672580172,9.35490261485722));
#6158=CARTESIAN_POINT('',(-5.16969698172986,-2.83145520430963,9.3536846974143));
#6159=CARTESIAN_POINT('',(-5.19059101136603,-2.85942327038457,9.35110107718582));
#6160=CARTESIAN_POINT('',(-5.2223434586322,-2.90122427662957,9.34679753452825));
#6161=CARTESIAN_POINT('',(-5.25449756992416,-2.9428577686779,9.34206519427896));
#6162=CARTESIAN_POINT('',(-5.28687852870215,-2.98406734192977,9.33691389557659));
#6163=CARTESIAN_POINT('',(-5.31935240334317,-3.02459686900486,9.33131790872983));
#6164=CARTESIAN_POINT('',(-5.35188368701482,-3.06454779043024,9.32536531110958));
#6165=CARTESIAN_POINT('',(-5.38447127149893,-3.10391901816786,9.31904310956255));
#6166=CARTESIAN_POINT('',(-5.41719832120673,-3.14276734687753,9.31236107443867));
#6167=CARTESIAN_POINT('',(-5.44982078362913,-3.18094291727141,9.30526221680547));
#6168=CARTESIAN_POINT('',(-5.48263776375904,-3.21816299139399,9.29815725341928));
#6169=CARTESIAN_POINT('',(-5.5156026753593,-3.25426417223393,9.29115220359501));
#6170=CARTESIAN_POINT('',(-5.54885611908244,-3.28940974748337,9.2841862002262));
#6171=CARTESIAN_POINT('',(-5.58247617378063,-3.32374990552162,9.27727678625903));
#6172=CARTESIAN_POINT('',(-5.61661331165157,-3.35749899025573,9.27040086097003));
#6173=CARTESIAN_POINT('',(-5.6512613379423,-3.39066717267036,9.26351873092106));
#6174=CARTESIAN_POINT('',(-5.68645125449395,-3.42323928208704,9.25664983236755));
#6175=CARTESIAN_POINT('',(-5.72213312418565,-3.45516757442308,9.24978778075603));
#6176=CARTESIAN_POINT('',(-5.75829213091043,-3.48642927119891,9.2429246850319));
#6177=CARTESIAN_POINT('',(-5.79487874050676,-3.51697849561478,9.23605820722258));
#6178=CARTESIAN_POINT('',(-5.83190906476237,-3.54681192400559,9.22916373673291));
#6179=CARTESIAN_POINT('',(-5.86936029289006,-3.57596102644652,9.2222714814767));
#6180=CARTESIAN_POINT('',(-5.90725188766405,-3.60445338661528,9.21537655994271));
#6181=CARTESIAN_POINT('',(-5.94557146331067,-3.63227728884177,9.20848598163942));
#6182=CARTESIAN_POINT('',(-5.9843333282013,-3.65943147558941,9.20160745406729));
#6183=CARTESIAN_POINT('',(-6.02342941094948,-3.68585622578694,9.19474413177801));
#6184=CARTESIAN_POINT('',(-6.0627633132232,-3.71150064831653,9.18790133909335));
#6185=CARTESIAN_POINT('',(-6.10215069689013,-3.73626790389708,9.1810967725035));
#6186=CARTESIAN_POINT('',(-6.14160322648295,-3.76018947034776,9.1743122206233));
#6187=CARTESIAN_POINT('',(-6.1809699309423,-3.7832012074294,9.16755971124358));
#6188=CARTESIAN_POINT('',(-6.22021009621901,-3.8053277240982,9.16084842286379));
#6189=CARTESIAN_POINT('',(-6.25899760766795,-3.82644072135314,9.15422830352012));
#6190=CARTESIAN_POINT('',(-6.29734476541906,-3.84662999344946,9.14767085379148));
#6191=CARTESIAN_POINT('',(-6.33521113055473,-3.86587931136217,9.14122468482165));
#6192=CARTESIAN_POINT('',(-6.37286814396163,-3.8843467616289,9.13486017587031));
#6193=CARTESIAN_POINT('',(-6.41048410076694,-3.90212882629893,9.12855835155298));
#6194=CARTESIAN_POINT('',(-6.44841346083594,-3.91940241851528,9.122259832291));
#6195=CARTESIAN_POINT('',(-6.4870467069367,-3.93634048566157,9.11588791995624));
#6196=CARTESIAN_POINT('',(-6.5267085126649,-3.95303219745005,9.10933680662213));
#6197=CARTESIAN_POINT('',(-6.56762811257827,-3.96957641094326,9.10255854749247));
#6198=CARTESIAN_POINT('',(-6.59540778958884,-3.98037223869157,9.09792507804002));
#6199=CARTESIAN_POINT('',(-6.60952133368499,-3.98575395864586,9.09555878542627));
#6200=CARTESIAN_POINT('',(-3.85743931920805,-0.115120972968222,9.));
#6201=CARTESIAN_POINT('',(-4.85743931920805,-3.54394983736426,10.));
#6202=VECTOR('',#6203,1.);
#6203=DIRECTION('',(0.269612624928009,0.924455550558737,-0.269612624928008));
#6204=CARTESIAN_POINT('',(-4.01041154294187,-0.355071986682542,9.));
#6205=CARTESIAN_POINT('',(-3.95942080169726,-0.275088315444435,9.));
#6206=CARTESIAN_POINT('',(-3.90843006045266,-0.195104644206327,9.));
#6207=CARTESIAN_POINT('',(-3.85743931920805,-0.115120972968219,9.));
#6208=CARTESIAN_POINT('',(-3.85743931920805,-4.01514066739147,9.));
#6209=CARTESIAN_POINT('',(-4.85743931920805,-4.01514066739147,10.));
#6210=VECTOR('',#6211,1.);
#6211=DIRECTION('',(0.707106781186547,-1.25607396694702E-15,-0.707106781186548));
#6212=CARTESIAN_POINT('',(-3.85743931920805,-0.115120972968223,9.));
#6213=VECTOR('',#6214,1.);
#6214=DIRECTION('',(-4.55473812591335E-16,-1.,0.));
#6215=CARTESIAN_POINT('',(-3.85743931920805,-4.01514066739147,9.));
#6216=VECTOR('',#6217,1.);
#6217=DIRECTION('',(-6.2803698347351E-16,-0.707106781186547,0.707106781186547));
#6218=CARTESIAN_POINT('',(-3.85743931920805,-4.01514066739147,9.));
#6219=VECTOR('',#6220,1.);
#6220=DIRECTION('',(1.,-1.886550544833E-15,0.));
#6221=CARTESIAN_POINT('',(2.0895660151636,1.17520128939528,9.));
#6222=VECTOR('',#6223,1.);
#6223=DIRECTION('',(0.658072896574166,-0.258727777392545,0.707106781186548));
#6224=CARTESIAN_POINT('',(1.78732757961749,0.22196893153145,10.));
#6225=VECTOR('',#6226,1.);
#6226=DIRECTION('',(0.21371484730987,0.674037064291956,-0.707106781186547));
#6227=CARTESIAN_POINT('',(3.89964380305689,2.14258265932962,10.));
#6228=VECTOR('',#6229,1.);
#6229=DIRECTION('',(-0.467833990470091,0.530218216738006,-0.707106781186547));
#6230=CARTESIAN_POINT('',(5.81403236711935,2.84984697871366,10.));
#6231=VECTOR('',#6232,1.);
#6232=DIRECTION('',(0.,0.707106781186547,-0.707106781186547));
#6233=CARTESIAN_POINT('',(8.26593030378169,1.73706319879962,10.));
#6234=VECTOR('',#6235,1.);
#6235=DIRECTION('',(0.539450643052806,0.457157526143794,-0.707106781186548));
#6236=CARTESIAN_POINT('',(9.20895902386765,-1.99740234728262,10.));
#6237=VECTOR('',#6238,1.);
#6238=DIRECTION('',(0.707106781186547,0.,-0.707106781186547));
#6239=CARTESIAN_POINT('',(8.25177918319727,-5.57151808772666,10.));
#6240=VECTOR('',#6241,1.);
#6241=DIRECTION('',(0.534132800829919,-0.463359634708923,-0.707106781186547));
#6242=CARTESIAN_POINT('',(5.75742811086951,-6.67489672649475,10.));
#6243=VECTOR('',#6244,1.);
#6244=DIRECTION('',(0.,-0.707106781186547,-0.707106781186547));
#6245=CARTESIAN_POINT('',(3.86662463473716,-6.05248096952011,10.));
#6246=VECTOR('',#6247,1.);
#6247=DIRECTION('',(-0.441736123025398,-0.552149615244356,-0.707106781186547));
#6248=CARTESIAN_POINT('',(3.10123484876943,-5.0955798435612,10.));
#6249=VECTOR('',#6250,1.);
#6250=DIRECTION('',(-0.634824312642233,-0.311445167049219,-0.707106781186548));
#6251=CARTESIAN_POINT('',(2.20345769610661,-5.53602982273776,9.));
#6252=VECTOR('',#6253,1.);
#6253=DIRECTION('',(-0.164316641820257,0.687749984529925,0.707106781186548));
#6254=CARTESIAN_POINT('',(1.17327390417657,-4.75401535216449,10.));
#6255=VECTOR('',#6256,1.);
#6256=DIRECTION('',(0.164316641820257,-0.687749984529925,-0.707106781186548));
#6257=CARTESIAN_POINT('',(1.40565272756239,-5.7266407078086,9.));
#6258=VECTOR('',#6259,1.);
#6259=DIRECTION('',(-0.638919230865243,-0.302955799466797,0.707106781186547));
#6260=CARTESIAN_POINT('',(1.49485833333333,-7.56135007305257,10.));
#6261=CARTESIAN_POINT('',(1.52326081167847,-7.53123703168282,9.95860566399881));
#6262=CARTESIAN_POINT('',(1.58466069015912,-7.4661384720357,9.86911966270905));
#6263=CARTESIAN_POINT('',(1.68514867264651,-7.35959788184098,9.72266601878988));
#6264=CARTESIAN_POINT('',(1.80014223269019,-7.23767776176223,9.55507140903135));
#6265=CARTESIAN_POINT('',(1.92537845504765,-7.10489821406054,9.37254901820263));
#6266=CARTESIAN_POINT('',(2.05360413243807,-6.96894860949634,9.18566932864169));
#6267=CARTESIAN_POINT('',(2.13892246734214,-6.87849224790018,9.06132494173731));
#6268=CARTESIAN_POINT('',(2.18099970764607,-6.83387986036992,9.));
#6269=CARTESIAN_POINT('',(5.61597523568831,-9.06078520923934,10.));
#6270=VECTOR('',#6271,1.);
#6271=DIRECTION('',(0.,0.707106781186547,-0.707106781186547));
#6272=CARTESIAN_POINT('',(10.3029036387681,-7.15111362884972,10.));
#6273=VECTOR('',#6274,1.);
#6274=DIRECTION('',(-0.516936745157742,0.482469067926349,-0.707106781186547));
#6275=CARTESIAN_POINT('',(12.0852444122733,-1.78991113546197,10.));
#6276=VECTOR('',#6277,1.);
#6277=DIRECTION('',(-0.707106781186547,1.57009245868378E-16,-0.707106781186547));
#6278=CARTESIAN_POINT('',(10.3123376626357,3.35436606571552,10.));
#6279=VECTOR('',#6280,1.);
#6280=DIRECTION('',(-0.514613882384803,-0.484945926941179,-0.707106781186548));
#6281=CARTESIAN_POINT('',(5.78573023899443,5.23573546145825,10.));
#6282=VECTOR('',#6283,1.);
#6283=DIRECTION('',(0.,-0.707106781186547,-0.707106781186547));
#6284=CARTESIAN_POINT('',(2.11258598935683,4.13710274560667,10.));
#6285=VECTOR('',#6286,1.);
#6286=DIRECTION('',(0.42748210496542,-0.563257534289896,-0.707106781186547));
#6287=CARTESIAN_POINT('',(0.392740178854957,1.80377761819454,10.));
#6288=VECTOR('',#6289,1.);
#6289=DIRECTION('',(0.653069708435145,-0.271108752946922,-0.707106781186547));
#6290=CARTESIAN_POINT('',(1.31632021769898,1.42037194289894,9.));
#6291=VECTOR('',#6292,1.);
#6292=DIRECTION('',(-0.21371484730987,-0.674037064291957,0.707106781186547));
#6293=CARTESIAN_POINT('',(-4.00832621825691,-0.177325365262836,9.));
#6294=CARTESIAN_POINT('',(-4.01041154280231,-0.355071977752667,9.));
#6295=CARTESIAN_POINT('',(-4.00948404624515,-0.295723489573931,9.));
#6296=CARTESIAN_POINT('',(-4.0090038870841,-0.235557627423232,9.));
#6297=CARTESIAN_POINT('',(-4.00832621825691,-0.177325365262836,9.));
#6298=CARTESIAN_POINT('',(-4.00832621825691,-0.177325365262836,9.));
#6299=CARTESIAN_POINT('',(-4.0083262182569,0.0525231145250569,9.));
#6300=CARTESIAN_POINT('',(-4.01620078067811,0.310110728029498,9.));
#6301=CARTESIAN_POINT('',(-4.0589056904388,0.761509149643226,9.));
#6302=CARTESIAN_POINT('',(-4.08403327311512,0.968414187902484,9.));
#6303=CARTESIAN_POINT('',(-4.13619810898608,1.23479109952904,9.));
#6304=CARTESIAN_POINT('',(-4.14710561874524,1.29464164529262,9.));
#6305=CARTESIAN_POINT('',(-4.16174405750691,1.35432391714366,9.));
#6306=CARTESIAN_POINT('',(-10.4594612248692,-0.0453065139492881,9.));
#6307=VECTOR('',#6308,1.);
#6308=DIRECTION('',(0.707106781186547,-8.34111618675755E-17,0.707106781186547));
#6309=CARTESIAN_POINT('',(-9.61674722590691,3.02079082414854,9.));
#6310=VECTOR('',#6311,1.);
#6311=DIRECTION('',(0.544641035040455,-0.450961354164703,0.707106781186547));
#6312=CARTESIAN_POINT('',(-9.59820626405878,-3.02138512028388,9.));
#6313=VECTOR('',#6314,1.);
#6314=DIRECTION('',(0.544872359656371,0.450681829767408,0.707106781186547));
#6315=CARTESIAN_POINT('',(-7.26219584968795,-4.14789339646754,9.));
#6316=VECTOR('',#6317,1.);
#6317=DIRECTION('',(0.,0.707106781186547,0.707106781186547));
#6318=CARTESIAN_POINT('',(-5.15934751368972,-2.81748672462222,9.35490261485722));
#6319=CARTESIAN_POINT('',(-5.21381791647229,-2.77089662484264,9.42658010209531));
#6320=CARTESIAN_POINT('',(-5.32275872214945,-2.67771642541447,9.56993507657148));
#6321=CARTESIAN_POINT('',(-5.48616993100127,-2.53794612666511,9.78496753828574));
#6322=CARTESIAN_POINT('',(-5.59511073712652,-2.44476592776081,9.92832251276191));
#6323=CARTESIAN_POINT('',(-5.64958114024516,-2.39817582837415,10.));
#6324=CARTESIAN_POINT('',(-4.00832621825691,-0.177325365262836,9.));
#6325=VECTOR('',#6326,1.);
#6326=DIRECTION('',(-0.707106781186547,7.85046229341887E-17,0.707106781186547));
#6327=CARTESIAN_POINT('',(-5.11769223102611,2.7822163354323,9.27184049381034));
#6328=CARTESIAN_POINT('',(-5.17993567937459,2.73052849382076,9.35274710560919));
#6329=CARTESIAN_POINT('',(-5.30442257623509,2.6271528107946,9.51456032920689));
#6330=CARTESIAN_POINT('',(-5.49115292201641,2.47208928684613,9.75728016460345));
#6331=CARTESIAN_POINT('',(-5.61563981953101,2.36871360460766,9.91909338820115));
#6332=CARTESIAN_POINT('',(-5.67788326837008,2.31702576358689,10.));
#6333=CARTESIAN_POINT('',(-7.3093661385921,4.12331864868645,9.));
#6334=VECTOR('',#6335,1.);
#6335=DIRECTION('',(0.,-0.707106781186547,0.707106781186547));
ENDSEC;
END-ISO-10303-21;
