ISO-10303-21;
HEADER;
FILE_DESCRIPTION(('STEP AP242'),
    '1');
FILE_NAME('itemPillContainerCapSun',
    '',
    ('UNSPECIFIED'),
    ('UNSPECIFIED'),
    'C3D Converter',
    'C3D Toolkit',
    '');
FILE_SCHEMA(('AP242_MANAGED_MODEL_BASED_3D_ENGINEERING_MIM_LF { 1 0 10303 442 1 1 4 }'));
ENDSEC;

DATA;
#1=PRODUCT_DEFINITION('','UNSPECIFIED',#28,#31);
#2=SHAPE_DEFINITION_REPRESENTATION(#26,#3);
#3=SHAPE_REPRESENTATION('NONE',(#4),#8);
#4=AXIS2_PLACEMENT_3D('',#5,#6,#7);
#5=CARTESIAN_POINT('',(0.,0.,0.));
#6=DIRECTION('',(0.,0.,1.));
#7=DIRECTION('',(1.,0.,0.));
#8=(GEOMETRIC_REPRESENTATION_CONTEXT(3)GLOBAL_UNCERTAINTY_ASSIGNED_CONTEXT((#10))
GLOBAL_UNIT_ASSIGNED_CONTEXT((#9,#11,#12))REPRESENTATION_CONTEXT('NONE','NONE'));
#9=(LENGTH_UNIT()NAMED_UNIT(*)SI_UNIT(.MILLI.,.METRE.));
#10=UNCERTAINTY_MEASURE_WITH_UNIT(LENGTH_MEASURE(1.E-5),#9,'NONE','NONE');
#11=(NAMED_UNIT(*)PLANE_ANGLE_UNIT()SI_UNIT($,.RADIAN.));
#12=(NAMED_UNIT(*)SI_UNIT($,.STERADIAN.)SOLID_ANGLE_UNIT());
#13=MANIFOLD_SOLID_BREP('',#14);
#14=CLOSED_SHELL('',(#48,#49,#50,#51,#52,#53,#54,#55,#56,#57,#58,#59,#60,#61,#62,
#63,#64,#65,#66,#67,#68,#69,#70,#71,#72,#73,#74,#75,#76,#77,#78,#79,#80,#81,#82,
#83,#84,#85,#86,#87,#88,#89,#90,#91,#92,#93,#94,#95,#96,#97,#98,#99,#100,#101,#102,
#103,#104,#105,#106,#107,#108,#109,#110,#111,#112,#113,#114,#115,#116,#117,#118,
#119,#120,#121,#122,#123,#124,#125,#126,#127,#128,#129,#130,#131));
#15=COLOUR_RGB('',0.564705882352941,0.564705882352941,0.564705882352941);
#16=FILL_AREA_STYLE_COLOUR('',#15);
#17=FILL_AREA_STYLE($,(#16));
#18=SURFACE_STYLE_FILL_AREA(#17);
#19=SURFACE_SIDE_STYLE('',(#18));
#20=SURFACE_STYLE_USAGE(.BOTH.,#19);
#21=PRESENTATION_STYLE_ASSIGNMENT((#20));
#22=MECHANICAL_DESIGN_GEOMETRIC_PRESENTATION_REPRESENTATION('NONE',(#23),#8);
#23=STYLED_ITEM('',(#21),#13);
#24=ADVANCED_BREP_SHAPE_REPRESENTATION('NONE',(#13),#8);
#25=SHAPE_REPRESENTATION_RELATIONSHIP('','',#3,#24);
#26=PRODUCT_DEFINITION_SHAPE('NONE','NONE',#1);
#27=MECHANICAL_CONTEXT('NONE',#32,'mechanical');
#28=PRODUCT_DEFINITION_FORMATION_WITH_SPECIFIED_SOURCE('ANY','UNSPECIFIED',#29,.NOT_KNOWN.);
#29=PRODUCT('','itemPillContainerCapSun','NONE',(#27));
#30=PRODUCT_RELATED_PRODUCT_CATEGORY('detail','',(#29));
#31=DESIGN_CONTEXT('detailed design',#32,'design');
#32=APPLICATION_CONTEXT('configuration controlled 3d designs of mechanical parts and assemblies');
#33=APPLICATION_PROTOCOL_DEFINITION('international standard','config_control_design',
1994,#32);
#34=CC_DESIGN_DATE_AND_TIME_ASSIGNMENT(#35,#39,(#1));
#35=DATE_AND_TIME(#36,#37);
#36=CALENDAR_DATE(0,1,1);
#37=LOCAL_TIME(0,0,0.,#38);
#38=COORDINATED_UNIVERSAL_TIME_OFFSET(0,0,.AHEAD.);
#39=DATE_TIME_ROLE('creation_date');
#40=CC_DESIGN_APPROVAL(#41,(#1));
#41=APPROVAL(#42,'UNSPECIFIED');
#42=APPROVAL_STATUS('not_yet_approved');
#43=APPROVAL_DATE_TIME(#44,#41);
#44=DATE_AND_TIME(#45,#46);
#45=CALENDAR_DATE(0,1,1);
#46=LOCAL_TIME(0,0,0.,#47);
#47=COORDINATED_UNIVERSAL_TIME_OFFSET(0,0,.AHEAD.);
#48=ADVANCED_FACE('',(#132),#134,.T.);
#49=ADVANCED_FACE('',(#139),#141,.T.);
#50=ADVANCED_FACE('',(#146,#148,#150),#152,.T.);
#51=ADVANCED_FACE('',(#157),#159,.T.);
#52=ADVANCED_FACE('',(#164),#166,.T.);
#53=ADVANCED_FACE('',(#171),#173,.T.);
#54=ADVANCED_FACE('',(#178),#180,.T.);
#55=ADVANCED_FACE('',(#185),#187,.T.);
#56=ADVANCED_FACE('',(#192),#194,.T.);
#57=ADVANCED_FACE('',(#199),#201,.T.);
#58=ADVANCED_FACE('',(#206),#208,.T.);
#59=ADVANCED_FACE('',(#213),#215,.T.);
#60=ADVANCED_FACE('',(#220),#222,.T.);
#61=ADVANCED_FACE('',(#227),#229,.T.);
#62=ADVANCED_FACE('',(#234),#236,.T.);
#63=ADVANCED_FACE('',(#241),#243,.T.);
#64=ADVANCED_FACE('',(#248),#250,.T.);
#65=ADVANCED_FACE('',(#255),#257,.F.);
#66=ADVANCED_FACE('',(#262),#264,.F.);
#67=ADVANCED_FACE('',(#269),#271,.F.);
#68=ADVANCED_FACE('',(#276),#278,.F.);
#69=ADVANCED_FACE('',(#283),#285,.F.);
#70=ADVANCED_FACE('',(#290),#292,.F.);
#71=ADVANCED_FACE('',(#297,#299),#301,.F.);
#72=ADVANCED_FACE('',(#306,#308),#310,.T.);
#73=ADVANCED_FACE('',(#315,#317),#319,.T.);
#74=ADVANCED_FACE('',(#324),#326,.F.);
#75=ADVANCED_FACE('',(#331),#333,.T.);
#76=ADVANCED_FACE('',(#390),#392,.T.);
#77=ADVANCED_FACE('',(#397),#399,.F.);
#78=ADVANCED_FACE('',(#422),#424,.T.);
#79=ADVANCED_FACE('',(#429),#431,.F.);
#80=ADVANCED_FACE('',(#454),#456,.T.);
#81=ADVANCED_FACE('',(#461),#463,.T.);
#82=ADVANCED_FACE('',(#510),#512,.T.);
#83=ADVANCED_FACE('',(#547),#549,.T.);
#84=ADVANCED_FACE('',(#592),#594,.T.);
#85=ADVANCED_FACE('',(#635),#637,.T.);
#86=ADVANCED_FACE('',(#682),#684,.T.);
#87=ADVANCED_FACE('',(#767),#769,.T.);
#88=ADVANCED_FACE('',(#838),#840,.T.);
#89=ADVANCED_FACE('',(#887),#889,.T.);
#90=ADVANCED_FACE('',(#930),#932,.T.);
#91=ADVANCED_FACE('',(#971),#973,.T.);
#92=ADVANCED_FACE('',(#1008),#1010,.F.);
#93=ADVANCED_FACE('',(#1037),#1039,.T.);
#94=ADVANCED_FACE('',(#1060),#1062,.T.);
#95=ADVANCED_FACE('',(#1115),#1117,.T.);
#96=ADVANCED_FACE('',(#1168),#1170,.T.);
#97=ADVANCED_FACE('',(#1225),#1227,.T.);
#98=ADVANCED_FACE('',(#1284),#1286,.T.);
#99=ADVANCED_FACE('',(#1347),#1349,.T.);
#100=ADVANCED_FACE('',(#1400),#1402,.T.);
#101=ADVANCED_FACE('',(#1435),#1437,.F.);
#102=ADVANCED_FACE('',(#1462),#1464,.T.);
#103=ADVANCED_FACE('',(#1469),#1471,.F.);
#104=ADVANCED_FACE('',(#1490),#1492,.T.);
#105=ADVANCED_FACE('',(#1527),#1529,.T.);
#106=ADVANCED_FACE('',(#1582),#1584,.T.);
#107=ADVANCED_FACE('',(#1649),#1651,.T.);
#108=ADVANCED_FACE('',(#1712),#1714,.T.);
#109=ADVANCED_FACE('',(#1779),#1781,.T.);
#110=ADVANCED_FACE('',(#1846),#1848,.T.);
#111=ADVANCED_FACE('',(#1893),#1895,.T.);
#112=ADVANCED_FACE('',(#1926),#1928,.F.);
#113=ADVANCED_FACE('',(#1947),#1949,.T.);
#114=ADVANCED_FACE('',(#1954),#1956,.T.);
#115=ADVANCED_FACE('',(#2031),#2033,.T.);
#116=ADVANCED_FACE('',(#2038),#2040,.T.);
#117=ADVANCED_FACE('',(#2045),#2047,.T.);
#118=ADVANCED_FACE('',(#2052),#2054,.T.);
#119=ADVANCED_FACE('',(#2105),#2107,.T.);
#120=ADVANCED_FACE('',(#2152),#2154,.T.);
#121=ADVANCED_FACE('',(#2213),#2215,.T.);
#122=ADVANCED_FACE('',(#2268),#2270,.T.);
#123=ADVANCED_FACE('',(#2323),#2325,.T.);
#124=ADVANCED_FACE('',(#2378),#2380,.T.);
#125=ADVANCED_FACE('',(#2427),#2429,.T.);
#126=ADVANCED_FACE('',(#2434),#2436,.T.);
#127=ADVANCED_FACE('',(#2441),#2443,.T.);
#128=ADVANCED_FACE('',(#2448),#2450,.T.);
#129=ADVANCED_FACE('',(#2499),#2501,.T.);
#130=ADVANCED_FACE('',(#2546),#2548,.T.);
#131=ADVANCED_FACE('',(#2609),#2611,.T.);
#132=FACE_BOUND('',#133,.T.);
#133=EDGE_LOOP('',(#2668,#2669,#2670,#2671,#2672,#2673,#2674,#2675,#2676));
#134=PLANE('',#135);
#135=AXIS2_PLACEMENT_3D('',#136,#137,#138);
#136=CARTESIAN_POINT('',(0.,0.,10.));
#137=DIRECTION('',(0.,0.,1.));
#138=DIRECTION('',(-1.,1.22464679914735E-16,0.));
#139=FACE_BOUND('',#140,.T.);
#140=EDGE_LOOP('',(#2677,#2678,#2679,#2680,#2681,#2682,#2683,#2684,#2685));
#141=PLANE('',#142);
#142=AXIS2_PLACEMENT_3D('',#143,#144,#145);
#143=CARTESIAN_POINT('',(0.,0.,10.));
#144=DIRECTION('',(0.,0.,1.));
#145=DIRECTION('',(-1.,1.22464679914735E-16,0.));
#146=FACE_BOUND('',#147,.T.);
#147=EDGE_LOOP('',(#2686,#2687,#2688,#2689,#2690,#2691));
#148=FACE_BOUND('',#149,.T.);
#149=EDGE_LOOP('',(#2692,#2693,#2694,#2695,#2696,#2697,#2698,#2699,#2700,#2701,#2702,
#2703,#2704,#2705,#2706,#2707,#2708));
#150=FACE_BOUND('',#151,.T.);
#151=EDGE_LOOP('',(#2709,#2710,#2711,#2712,#2713,#2714,#2715,#2716,#2717,#2718,#2719,
#2720,#2721,#2722,#2723,#2724,#2725,#2726,#2727,#2728,#2729,#2730));
#152=PLANE('',#153);
#153=AXIS2_PLACEMENT_3D('',#154,#155,#156);
#154=CARTESIAN_POINT('',(0.,0.,10.));
#155=DIRECTION('',(0.,0.,1.));
#156=DIRECTION('',(-1.,1.22464679914735E-16,0.));
#157=FACE_BOUND('',#158,.T.);
#158=EDGE_LOOP('',(#2731,#2732,#2733,#2734));
#159=PLANE('',#160);
#160=AXIS2_PLACEMENT_3D('',#161,#162,#163);
#161=CARTESIAN_POINT('',(15.5,-12.9489291724392,9.));
#162=DIRECTION('',(0.707106781186548,-6.79015048390514E-16,0.707106781186548));
#163=DIRECTION('',(9.60272290489288E-16,1.,8.61552160902986E-32));
#164=FACE_BOUND('',#165,.T.);
#165=EDGE_LOOP('',(#2735,#2736,#2737,#2738));
#166=PLANE('',#167);
#167=AXIS2_PLACEMENT_3D('',#168,#169,#170);
#168=CARTESIAN_POINT('',(18.9641016151378,6.94892917243919,9.));
#169=DIRECTION('',(0.353553390593274,0.612372435695794,0.707106781186548));
#170=DIRECTION('',(-0.866025403784439,0.5,0.));
#171=FACE_BOUND('',#172,.T.);
#172=EDGE_LOOP('',(#2739,#2740,#2741,#2742));
#173=PLANE('',#174);
#174=AXIS2_PLACEMENT_3D('',#175,#176,#177);
#175=CARTESIAN_POINT('',(3.46410161513777,19.8978583448784,9.));
#176=DIRECTION('',(-0.353553390593274,0.612372435695795,0.707106781186547));
#177=DIRECTION('',(-0.866025403784439,-0.499999999999999,2.42505374425183E-17));
#178=FACE_BOUND('',#179,.T.);
#179=EDGE_LOOP('',(#2743,#2744,#2745,#2746));
#180=PLANE('',#181);
#181=AXIS2_PLACEMENT_3D('',#182,#183,#184);
#182=CARTESIAN_POINT('',(-15.5,12.9489291724392,9.));
#183=DIRECTION('',(-0.707106781186547,3.39507524195257E-16,0.707106781186548));
#184=DIRECTION('',(-4.80136145244644E-16,-1.,0.));
#185=FACE_BOUND('',#186,.T.);
#186=EDGE_LOOP('',(#2747,#2748,#2749,#2750));
#187=PLANE('',#188);
#188=AXIS2_PLACEMENT_3D('',#189,#190,#191);
#189=CARTESIAN_POINT('',(-18.9641016151378,-6.94892917243919,9.));
#190=DIRECTION('',(-0.353553390593274,-0.612372435695794,0.707106781186548));
#191=DIRECTION('',(0.866025403784438,-0.500000000000001,0.));
#192=FACE_BOUND('',#193,.T.);
#193=EDGE_LOOP('',(#2751,#2752,#2753,#2754));
#194=PLANE('',#195);
#195=AXIS2_PLACEMENT_3D('',#196,#197,#198);
#196=CARTESIAN_POINT('',(-3.46410161513776,-19.8978583448784,9.));
#197=DIRECTION('',(0.353553390593274,-0.612372435695795,0.707106781186547));
#198=DIRECTION('',(0.866025403784439,0.5,0.));
#199=FACE_BOUND('',#200,.T.);
#200=EDGE_LOOP('',(#2755,#2756,#2757,#2758,#2759,#2760,#2761,#2762,#2763,#2764,#2765,
#2766,#2767,#2768,#2769,#2770,#2771,#2772));
#201=PLANE('',#202);
#202=AXIS2_PLACEMENT_3D('',#203,#204,#205);
#203=CARTESIAN_POINT('',(0.,0.,9.));
#204=DIRECTION('',(0.,0.,1.));
#205=DIRECTION('',(-1.,1.22464679914735E-16,0.));
#206=FACE_BOUND('',#207,.T.);
#207=EDGE_LOOP('',(#2773,#2774,#2775,#2776,#2777,#2778,#2779,#2780,#2781,#2782,#2783,
#2784,#2785,#2786,#2787,#2788,#2789,#2790,#2791,#2792,#2793,#2794,#2795,#2796,#2797,
#2798,#2799,#2800,#2801,#2802,#2803,#2804,#2805,#2806));
#208=PLANE('',#209);
#209=AXIS2_PLACEMENT_3D('',#210,#211,#212);
#210=CARTESIAN_POINT('',(0.,0.,9.));
#211=DIRECTION('',(0.,0.,1.));
#212=DIRECTION('',(-1.,1.22464679914735E-16,0.));
#213=FACE_BOUND('',#214,.T.);
#214=EDGE_LOOP('',(#2807,#2808,#2809,#2810));
#215=PLANE('',#216);
#216=AXIS2_PLACEMENT_3D('',#217,#218,#219);
#217=CARTESIAN_POINT('',(15.5,-8.94892917243921,5.));
#218=DIRECTION('',(1.,-9.92496870391517E-16,0.));
#219=DIRECTION('',(9.92496870391517E-16,1.,0.));
#220=FACE_BOUND('',#221,.T.);
#221=EDGE_LOOP('',(#2811,#2812,#2813,#2814));
#222=PLANE('',#223);
#223=AXIS2_PLACEMENT_3D('',#224,#225,#226);
#224=CARTESIAN_POINT('',(15.5,8.94892917243919,5.));
#225=DIRECTION('',(0.5,0.866025403784439,0.));
#226=DIRECTION('',(-0.866025403784439,0.5,0.));
#227=FACE_BOUND('',#228,.T.);
#228=EDGE_LOOP('',(#2815,#2816,#2817,#2818));
#229=PLANE('',#230);
#230=AXIS2_PLACEMENT_3D('',#231,#232,#233);
#231=CARTESIAN_POINT('',(1.06041716114854E-14,17.8978583448784,5.));
#232=DIRECTION('',(-0.499999999999999,0.866025403784439,0.));
#233=DIRECTION('',(-0.866025403784439,-0.499999999999999,0.));
#234=FACE_BOUND('',#235,.T.);
#235=EDGE_LOOP('',(#2819,#2820,#2821,#2822));
#236=PLANE('',#237);
#237=AXIS2_PLACEMENT_3D('',#238,#239,#240);
#238=CARTESIAN_POINT('',(-15.5,8.94892917243921,5.));
#239=DIRECTION('',(-1.,4.96248435195758E-16,0.));
#240=DIRECTION('',(-4.96248435195758E-16,-1.,0.));
#241=FACE_BOUND('',#242,.T.);
#242=EDGE_LOOP('',(#2823,#2824,#2825,#2826));
#243=PLANE('',#244);
#244=AXIS2_PLACEMENT_3D('',#245,#246,#247);
#245=CARTESIAN_POINT('',(-15.5,-8.94892917243919,5.));
#246=DIRECTION('',(-0.500000000000001,-0.866025403784438,0.));
#247=DIRECTION('',(0.866025403784438,-0.500000000000001,0.));
#248=FACE_BOUND('',#249,.T.);
#249=EDGE_LOOP('',(#2827,#2828,#2829,#2830));
#250=PLANE('',#251);
#251=AXIS2_PLACEMENT_3D('',#252,#253,#254);
#252=CARTESIAN_POINT('',(-1.08776687155184E-14,-17.8978583448784,5.));
#253=DIRECTION('',(0.5,-0.866025403784439,0.));
#254=DIRECTION('',(0.866025403784439,0.5,0.));
#255=FACE_BOUND('',#256,.T.);
#256=EDGE_LOOP('',(#2831,#2832,#2833,#2834));
#257=PLANE('',#258);
#258=AXIS2_PLACEMENT_3D('',#259,#260,#261);
#259=CARTESIAN_POINT('',(15.5,-12.9489291724392,6.));
#260=DIRECTION('',(-0.707106781186547,6.79015048390513E-16,0.707106781186548));
#261=DIRECTION('',(9.60272290489288E-16,1.,-8.61552160902987E-32));
#262=FACE_BOUND('',#263,.T.);
#263=EDGE_LOOP('',(#2835,#2836,#2837,#2838));
#264=PLANE('',#265);
#265=AXIS2_PLACEMENT_3D('',#266,#267,#268);
#266=CARTESIAN_POINT('',(18.9641016151378,6.94892917243919,6.));
#267=DIRECTION('',(-0.353553390593273,-0.612372435695793,0.707106781186549));
#268=DIRECTION('',(-0.866025403784439,0.5,0.));
#269=FACE_BOUND('',#270,.T.);
#270=EDGE_LOOP('',(#2839,#2840,#2841,#2842));
#271=PLANE('',#272);
#272=AXIS2_PLACEMENT_3D('',#273,#274,#275);
#273=CARTESIAN_POINT('',(3.46410161513777,19.8978583448784,6.));
#274=DIRECTION('',(0.353553390593274,-0.612372435695795,0.707106781186547));
#275=DIRECTION('',(-0.866025403784439,-0.499999999999999,0.));
#276=FACE_BOUND('',#277,.T.);
#277=EDGE_LOOP('',(#2843,#2844,#2845,#2846));
#278=PLANE('',#279);
#279=AXIS2_PLACEMENT_3D('',#280,#281,#282);
#280=CARTESIAN_POINT('',(-15.5,12.9489291724392,6.));
#281=DIRECTION('',(0.707106781186547,-3.39507524195257E-16,0.707106781186548));
#282=DIRECTION('',(-4.80136145244644E-16,-1.,-4.30776080451494E-32));
#283=FACE_BOUND('',#284,.T.);
#284=EDGE_LOOP('',(#2847,#2848,#2849,#2850));
#285=PLANE('',#286);
#286=AXIS2_PLACEMENT_3D('',#287,#288,#289);
#287=CARTESIAN_POINT('',(-18.9641016151378,-6.94892917243919,6.));
#288=DIRECTION('',(0.353553390593274,0.612372435695794,0.707106781186548));
#289=DIRECTION('',(0.866025403784438,-0.500000000000001,-2.42505374425184E-17));
#290=FACE_BOUND('',#291,.T.);
#291=EDGE_LOOP('',(#2851,#2852,#2853,#2854));
#292=PLANE('',#293);
#293=AXIS2_PLACEMENT_3D('',#294,#295,#296);
#294=CARTESIAN_POINT('',(-3.46410161513776,-19.8978583448784,6.));
#295=DIRECTION('',(-0.353553390593274,0.612372435695795,0.707106781186547));
#296=DIRECTION('',(0.866025403784439,0.5,0.));
#297=FACE_BOUND('',#298,.T.);
#298=EDGE_LOOP('',(#2855,#2856,#2857,#2858,#2859,#2860));
#299=FACE_BOUND('',#300,.T.);
#300=EDGE_LOOP('',(#2861));
#301=PLANE('',#302);
#302=AXIS2_PLACEMENT_3D('',#303,#304,#305);
#303=CARTESIAN_POINT('',(0.,0.,5.));
#304=DIRECTION('',(0.,0.,1.));
#305=DIRECTION('',(-1.,1.22464679914735E-16,0.));
#306=FACE_OUTER_BOUND('',#307,.T.);
#307=EDGE_LOOP('',(#2862));
#308=FACE_OUTER_BOUND('',#309,.T.);
#309=EDGE_LOOP('',(#2863));
#310=CONICAL_SURFACE('',#311,13.,0.785398163397448);
#311=AXIS2_PLACEMENT_3D('',#312,#313,#314);
#312=CARTESIAN_POINT('',(0.,0.,4.5));
#313=DIRECTION('',(0.,0.,1.));
#314=DIRECTION('',(-1.,1.22464679914735E-16,0.));
#315=FACE_OUTER_BOUND('',#316,.T.);
#316=EDGE_LOOP('',(#2864));
#317=FACE_OUTER_BOUND('',#318,.T.);
#318=EDGE_LOOP('',(#2865));
#319=CYLINDRICAL_SURFACE('',#320,12.5);
#320=AXIS2_PLACEMENT_3D('',#321,#322,#323);
#321=CARTESIAN_POINT('',(0.,0.,0.));
#322=DIRECTION('',(0.,0.,1.));
#323=DIRECTION('',(-1.,1.22464679914735E-16,0.));
#324=FACE_BOUND('',#325,.T.);
#325=EDGE_LOOP('',(#2866));
#326=PLANE('',#327);
#327=AXIS2_PLACEMENT_3D('',#328,#329,#330);
#328=CARTESIAN_POINT('',(0.,0.,0.));
#329=DIRECTION('',(0.,0.,1.));
#330=DIRECTION('',(-1.,1.22464679914735E-16,0.));
#331=FACE_BOUND('',#332,.T.);
#332=EDGE_LOOP('',(#2867,#2868,#2869,#2870));
#333=B_SPLINE_SURFACE_WITH_KNOTS('',3,1,(
(#334,#335),
(#336,#337),
(#338,#339),
(#340,#341),
(#342,#343),
(#344,#345),
(#346,#347),
(#348,#349),
(#350,#351),
(#352,#353),
(#354,#355),
(#356,#357),
(#358,#359),
(#360,#361),
(#362,#363),
(#364,#365),
(#366,#367),
(#368,#369),
(#370,#371),
(#372,#373),
(#374,#375),
(#376,#377),
(#378,#379),
(#380,#381),
(#382,#383),
(#384,#385),
(#386,#387),
(#388,#389)),
.UNSPECIFIED.,.F.,.F.,.F.,
(4,1,1,1,1,1,1,1,1,1,1,1,1,1,1,1,1,1,1,1,1,1,1,1,1,4),
(2,2),
(3.43462943876812,3.82713579864378,3.98511634780276,4.13006912898306,4.27508606759281,
4.42772890771299,4.59646725177614,4.78756984592728,5.00239440267063,5.23054785484593,
5.45708787270784,5.67968919435904,5.9193081700639,6.20305383242387,6.53024873292528,
6.9032564241999,7.32315853765538,7.77173081526192,8.23837476428577,8.7197204801787,
9.21231317134291,9.69625570475862,10.1562586583768,10.6064905030009,11.0270140422245,
11.5653700590685),
(0.,1.),
.UNSPECIFIED.);
#334=CARTESIAN_POINT('',(3.61201118729495,-6.68825430198475,10.));
#335=CARTESIAN_POINT('',(3.77920982667169,-5.70233107221959,9.));
#336=CARTESIAN_POINT('',(3.64957270430629,-6.69464011187998,9.99999999999999));
#337=CARTESIAN_POINT('',(3.81662802707389,-5.70867540914911,8.99999999999999));
#338=CARTESIAN_POINT('',(3.70794912172323,-6.70384397910711,10.));
#339=CARTESIAN_POINT('',(3.86395759396935,-5.71601931858726,9.));
#340=CARTESIAN_POINT('',(3.78390664340784,-6.71461544976094,10.));
#341=CARTESIAN_POINT('',(3.92263655926008,-5.72423122227105,9.));
#342=CARTESIAN_POINT('',(3.8321785164256,-6.72108161338159,10.));
#343=CARTESIAN_POINT('',(3.96132788494239,-5.72942489195178,9.));
#344=CARTESIAN_POINT('',(3.8783625485851,-6.72695524576692,10.));
#345=CARTESIAN_POINT('',(4.00095851011714,-5.73455198475204,9.));
#346=CARTESIAN_POINT('',(3.92665684059686,-6.73279023961424,10.));
#347=CARTESIAN_POINT('',(4.04279159345833,-5.73959923741887,9.));
#348=CARTESIAN_POINT('',(3.97912993550028,-6.73879379500751,9.99999999999999));
#349=CARTESIAN_POINT('',(4.08917368218269,-5.74487186135118,9.));
#350=CARTESIAN_POINT('',(4.03763379930118,-6.74510072744992,10.));
#351=CARTESIAN_POINT('',(4.14146463054171,-5.750454807406,9.));
#352=CARTESIAN_POINT('',(4.10219838152963,-6.75161645190219,10.));
#353=CARTESIAN_POINT('',(4.19941888457337,-5.7562920657558,9.));
#354=CARTESIAN_POINT('',(4.17113445331903,-6.7580887548288,10.));
#355=CARTESIAN_POINT('',(4.2607019742361,-5.76217275815126,9.));
#356=CARTESIAN_POINT('',(4.239789720368,-6.76407823533475,9.99999999999999));
#357=CARTESIAN_POINT('',(4.32315607050611,-5.76761629497329,9.));
#358=CARTESIAN_POINT('',(4.30911886377893,-6.76971277507495,10.));
#359=CARTESIAN_POINT('',(4.38696982188214,-5.77275499290725,9.));
#360=CARTESIAN_POINT('',(4.38387874466574,-6.77536113158502,10.));
#361=CARTESIAN_POINT('',(4.4563536617185,-5.77793266291577,9.));
#362=CARTESIAN_POINT('',(4.46929774249932,-6.78130267548662,10.));
#363=CARTESIAN_POINT('',(4.53567367317546,-5.78344459947892,9.));
#364=CARTESIAN_POINT('',(4.56902207735571,-6.78758674331179,10.));
#365=CARTESIAN_POINT('',(4.62756104124741,-5.78940033480146,9.));
#366=CARTESIAN_POINT('',(4.68075043087687,-6.79386227012848,10.));
#367=CARTESIAN_POINT('',(4.73276615153269,-5.79526053383367,9.));
#368=CARTESIAN_POINT('',(4.80388106918415,-6.79992746807956,10.));
#369=CARTESIAN_POINT('',(4.84981261030066,-5.80091674545711,9.));
#370=CARTESIAN_POINT('',(4.9366727249736,-6.8055565307634,10.));
#371=CARTESIAN_POINT('',(4.97598418811156,-5.8062669716711,9.));
#372=CARTESIAN_POINT('',(5.07659542997057,-6.81055954946156,10.));
#373=CARTESIAN_POINT('',(5.10814646218541,-5.81118541443217,9.));
#374=CARTESIAN_POINT('',(5.21894983381185,-6.81476516729086,10.));
#375=CARTESIAN_POINT('',(5.24499761558128,-5.81516621851846,9.));
#376=CARTESIAN_POINT('',(5.36251966604257,-6.81818487088384,10.));
#377=CARTESIAN_POINT('',(5.38379186057075,-5.81837454102155,9.));
#378=CARTESIAN_POINT('',(5.50424743746996,-6.82081485760723,10.));
#379=CARTESIAN_POINT('',(5.5207653003707,-5.82089989431062,9.));
#380=CARTESIAN_POINT('',(5.64253250100496,-6.82272663342369,10.));
#381=CARTESIAN_POINT('',(5.65373723861407,-5.82283963993635,9.));
#382=CARTESIAN_POINT('',(5.77242157323935,-6.82397708032029,10.));
#383=CARTESIAN_POINT('',(5.78073509553263,-5.82382527011468,9.));
#384=CARTESIAN_POINT('',(5.91017831919424,-6.82479453674124,10.));
#385=CARTESIAN_POINT('',(5.91546466448132,-5.82445615974401,9.));
#386=CARTESIAN_POINT('',(6.00505805175536,-6.82499159476388,10.));
#387=CARTESIAN_POINT('',(6.00743814515149,-5.82476482333291,9.));
#388=CARTESIAN_POINT('',(6.05921213362603,-6.8249918127718,10.));
#389=CARTESIAN_POINT('',(6.05921168425618,-5.82499185558101,9.));
#390=FACE_BOUND('',#391,.T.);
#391=EDGE_LOOP('',(#2871,#2872,#2873,#2874));
#392=PLANE('',#393);
#393=AXIS2_PLACEMENT_3D('',#394,#395,#396);
#394=CARTESIAN_POINT('',(2.05920190896722,-6.8249918127718,10.));
#395=DIRECTION('',(1.50413470810794E-16,0.707106781186547,0.707106781186548));
#396=DIRECTION('',(1.,-2.12716770384235E-16,0.));
#397=FACE_BOUND('',#398,.T.);
#398=EDGE_LOOP('',(#2875,#2876,#2877));
#399=B_SPLINE_SURFACE_WITH_KNOTS('',3,1,(
(#400,#401),
(#402,#403),
(#404,#405),
(#406,#407),
(#408,#409),
(#410,#411),
(#412,#413),
(#414,#415),
(#416,#417),
(#418,#419),
(#420,#421)),
.UNSPECIFIED.,.F.,.F.,.F.,
(4,1,1,1,1,1,1,1,4),
(2,2),
(-1.27323954473516E-5,0.239904080974574,0.34539443708076,0.447680860131572,0.551874389799457,
0.65751463719612,0.763820134209779,0.861160083911964,1.00001273239545),
(0.,1.),
.UNSPECIFIED.);
#400=CARTESIAN_POINT('',(10.5854134262226,-5.8249918127718,9.));
#401=CARTESIAN_POINT('',(10.5853934262226,-6.8249918125718,10.));
#402=CARTESIAN_POINT('',(10.5854134262226,-5.8249918127718,9.));
#403=CARTESIAN_POINT('',(10.711044477903,-6.82515633629679,9.99999999999999));
#404=CARTESIAN_POINT('',(10.5854134262226,-5.8249918127718,9.));
#405=CARTESIAN_POINT('',(10.8917926981152,-6.79043514442235,10.));
#406=CARTESIAN_POINT('',(10.5854134262226,-5.82499181277181,9.));
#407=CARTESIAN_POINT('',(11.1025890573943,-6.68606246373348,10.));
#408=CARTESIAN_POINT('',(10.5854134262226,-5.8249918127718,9.));
#409=CARTESIAN_POINT('',(11.2356892603788,-6.59046361877067,10.));
#410=CARTESIAN_POINT('',(10.5854134262226,-5.8249918127718,9.));
#411=CARTESIAN_POINT('',(11.3516768164386,-6.47455683345618,10.));
#412=CARTESIAN_POINT('',(10.5854134262226,-5.8249918127718,9.));
#413=CARTESIAN_POINT('',(11.4483155223299,-6.33946249213957,10.));
#414=CARTESIAN_POINT('',(10.5854134262226,-5.8249918127718,9.));
#415=CARTESIAN_POINT('',(11.5196540532098,-6.19345154283257,10.));
#416=CARTESIAN_POINT('',(10.5854134262226,-5.8249918127718,9.));
#417=CARTESIAN_POINT('',(11.5718678809655,-6.02134011117878,10.));
#418=CARTESIAN_POINT('',(10.5854134262226,-5.8249918127718,9.));
#419=CARTESIAN_POINT('',(11.5854265225951,-5.89767598001034,10.));
#420=CARTESIAN_POINT('',(10.5854134262226,-5.8249918127718,9.));
#421=CARTESIAN_POINT('',(11.5854134260226,-5.8249718127718,10.));
#422=FACE_BOUND('',#423,.T.);
#423=EDGE_LOOP('',(#2878,#2879,#2880,#2881));
#424=PLANE('',#425);
#425=AXIS2_PLACEMENT_3D('',#426,#427,#428);
#426=CARTESIAN_POINT('',(11.5854134262226,-9.8249918127718,10.));
#427=DIRECTION('',(-0.707106781186547,0.,0.707106781186548));
#428=DIRECTION('',(0.,1.,0.));
#429=FACE_BOUND('',#430,.T.);
#430=EDGE_LOOP('',(#2882,#2883,#2884));
#431=B_SPLINE_SURFACE_WITH_KNOTS('',3,1,(
(#432,#433),
(#434,#435),
(#436,#437),
(#438,#439),
(#440,#441),
(#442,#443),
(#444,#445),
(#446,#447),
(#448,#449),
(#450,#451),
(#452,#453)),
.UNSPECIFIED.,.F.,.F.,.F.,
(4,1,1,1,1,1,1,1,4),
(2,2),
(-1.27323954473516E-5,0.23990408097518,0.345394437081484,0.447680860132295,0.551874389800131,
0.657514637196738,0.763820134210395,0.861160083912528,1.00001273239545),
(0.,1.),
.UNSPECIFIED.);
#432=CARTESIAN_POINT('',(10.5854134262226,6.,9.));
#433=CARTESIAN_POINT('',(11.5854134260226,5.99998,10.));
#434=CARTESIAN_POINT('',(10.5854134262226,6.,9.));
#435=CARTESIAN_POINT('',(11.5855779497476,6.1256310516807,10.));
#436=CARTESIAN_POINT('',(10.5854134262226,6.,9.));
#437=CARTESIAN_POINT('',(11.550856757873,6.30637927189326,10.));
#438=CARTESIAN_POINT('',(10.5854134262226,6.,9.));
#439=CARTESIAN_POINT('',(11.4464840771838,6.51717563117261,10.));
#440=CARTESIAN_POINT('',(10.5854134262226,6.,9.));
#441=CARTESIAN_POINT('',(11.3508852322208,6.65027583415704,10.));
#442=CARTESIAN_POINT('',(10.5854134262226,6.,9.));
#443=CARTESIAN_POINT('',(11.2349784469062,6.76626339021665,10.));
#444=CARTESIAN_POINT('',(10.5854134262226,6.,9.));
#445=CARTESIAN_POINT('',(11.0998841055895,6.86290209610779,10.));
#446=CARTESIAN_POINT('',(10.5854134262226,6.,9.));
#447=CARTESIAN_POINT('',(10.9538731562825,6.93424062698751,10.));
#448=CARTESIAN_POINT('',(10.5854134262226,6.,9.));
#449=CARTESIAN_POINT('',(10.781761724629,6.98645445474294,10.));
#450=CARTESIAN_POINT('',(10.5854134262226,6.,9.00000000000001));
#451=CARTESIAN_POINT('',(10.6580975934609,7.00001309637245,10.));
#452=CARTESIAN_POINT('',(10.5854134262226,6.,9.));
#453=CARTESIAN_POINT('',(10.5853934262226,6.9999999998,10.));
#454=FACE_BOUND('',#455,.T.);
#455=EDGE_LOOP('',(#2885,#2886,#2887,#2888));
#456=PLANE('',#457);
#457=AXIS2_PLACEMENT_3D('',#458,#459,#460);
#458=CARTESIAN_POINT('',(14.5854134262226,7.,10.));
#459=DIRECTION('',(-1.60956178781794E-16,-0.707106781186547,0.707106781186548));
#460=DIRECTION('',(-1.,2.27626410980962E-16,0.));
#461=FACE_BOUND('',#462,.T.);
#462=EDGE_LOOP('',(#2889,#2890,#2891,#2892));
#463=B_SPLINE_SURFACE_WITH_KNOTS('',3,1,(
(#464,#465),
(#466,#467),
(#468,#469),
(#470,#471),
(#472,#473),
(#474,#475),
(#476,#477),
(#478,#479),
(#480,#481),
(#482,#483),
(#484,#485),
(#486,#487),
(#488,#489),
(#490,#491),
(#492,#493),
(#494,#495),
(#496,#497),
(#498,#499),
(#500,#501),
(#502,#503),
(#504,#505),
(#506,#507),
(#508,#509)),
.UNSPECIFIED.,.F.,.F.,.F.,
(4,1,1,1,1,1,1,1,1,1,1,1,1,1,1,1,1,1,1,1,4),
(2,2),
(3.76130462189913,5.11399790474383,5.65758582157639,6.22074185448357,6.97200281709631,
8.00223324040336,9.21099561378001,10.4126629572591,11.4497749825232,12.3132958135291,
13.0588822541687,13.7153056196885,14.2964204036824,14.807569951082,15.2164973507989,
15.5029812637271,15.6656284075768,15.7745201355181,15.8767293877066,15.9936621733248,
16.2386960611271),
(0.,1.),
.UNSPECIFIED.);
#464=CARTESIAN_POINT('',(6.87968486485199,7.00000007077491,10.));
#465=CARTESIAN_POINT('',(6.88675441089606,6.00002506032779,9.));
#466=CARTESIAN_POINT('',(6.75956248948516,6.99915028308531,10.));
#467=CARTESIAN_POINT('',(6.76722618600997,5.99892176933507,8.99999999999999));
#468=CARTESIAN_POINT('',(6.5919775428362,6.99781744960743,10.));
#469=CARTESIAN_POINT('',(6.59964220560921,5.99751480016282,9.00000000000001));
#470=CARTESIAN_POINT('',(6.37401588959914,6.99576643730299,10.));
#471=CARTESIAN_POINT('',(6.38230764190891,5.99562061142444,9.));
#472=CARTESIAN_POINT('',(6.20887327213295,6.99406188385603,10.));
#473=CARTESIAN_POINT('',(6.21815548454556,5.99406839727297,9.));
#474=CARTESIAN_POINT('',(5.99898827678794,6.99164976335848,10.));
#475=CARTESIAN_POINT('',(6.01111092701383,5.99177016814966,9.));
#476=CARTESIAN_POINT('',(5.73166760809905,6.98810111440246,10.));
#477=CARTESIAN_POINT('',(5.74722537108465,5.98815999853082,8.99999999999999));
#478=CARTESIAN_POINT('',(5.42790339767661,6.98328863969944,10.));
#479=CARTESIAN_POINT('',(5.44374536026634,5.98348378856305,9.));
#480=CARTESIAN_POINT('',(5.11871054882704,6.97733447908336,10.));
#481=CARTESIAN_POINT('',(5.14012742234207,5.97754025938884,9.));
#482=CARTESIAN_POINT('',(4.84227734436266,6.97088377719812,10.));
#483=CARTESIAN_POINT('',(4.86737535170151,5.97120784632799,9.));
#484=CARTESIAN_POINT('',(4.60588958370172,6.96433633369098,10.));
#485=CARTESIAN_POINT('',(4.63516912413004,5.9647817736957,9.));
#486=CARTESIAN_POINT('',(4.40160267555011,6.95769565456902,10.));
#487=CARTESIAN_POINT('',(4.43709158465162,5.95829169266864,9.));
#488=CARTESIAN_POINT('',(4.22468929819253,6.95101495336168,10.));
#489=CARTESIAN_POINT('',(4.26411271453983,5.95183598231238,9.));
#490=CARTESIAN_POINT('',(4.06501631818555,6.94401082547354,10.));
#491=CARTESIAN_POINT('',(4.11264673561352,5.94509530527341,9.));
#492=CARTESIAN_POINT('',(3.92941305114016,6.93710141092972,10.));
#493=CARTESIAN_POINT('',(3.98333336000742,5.93857698155779,9.));
#494=CARTESIAN_POINT('',(3.81877398436271,6.9305870965618,10.));
#495=CARTESIAN_POINT('',(3.88042183995117,5.93249059314134,8.99999999999999));
#496=CARTESIAN_POINT('',(3.73855479373993,6.9252098872131,10.));
#497=CARTESIAN_POINT('',(3.80831487628596,5.92764296081511,9.));
#498=CARTESIAN_POINT('',(3.68589584778218,6.92131600973894,10.));
#499=CARTESIAN_POINT('',(3.76198146003732,5.92419553386818,9.));
#500=CARTESIAN_POINT('',(3.65094313218778,6.91856305293638,10.));
#501=CARTESIAN_POINT('',(3.73111477147962,5.92178456316913,9.));
#502=CARTESIAN_POINT('',(3.61964082230521,6.91596441332931,10.));
#503=CARTESIAN_POINT('',(3.70438773287056,5.9195765293324,9.));
#504=CARTESIAN_POINT('',(3.57397570810291,6.91194716937881,9.99999999999999));
#505=CARTESIAN_POINT('',(3.66710034168505,5.91623892206083,9.));
#506=CARTESIAN_POINT('',(3.53493972732233,6.90810733902996,10.));
#507=CARTESIAN_POINT('',(3.6407653936386,5.91370157008114,9.));
#508=CARTESIAN_POINT('',(3.51298213677849,6.90571623688998,10.));
#509=CARTESIAN_POINT('',(3.6204274132739,5.91150523687059,9.));
#510=FACE_BOUND('',#511,.T.);
#511=EDGE_LOOP('',(#2893,#2894,#2895,#2896));
#512=B_SPLINE_SURFACE_WITH_KNOTS('',3,1,(
(#513,#514),
(#515,#516),
(#517,#518),
(#519,#520),
(#521,#522),
(#523,#524),
(#525,#526),
(#527,#528),
(#529,#530),
(#531,#532),
(#533,#534),
(#535,#536),
(#537,#538),
(#539,#540),
(#541,#542),
(#543,#544),
(#545,#546)),
.UNSPECIFIED.,.F.,.F.,.F.,
(4,1,1,1,1,1,1,1,1,1,1,1,1,1,4),
(2,2),
(4.01734774819497,5.26775035130792,5.71908621179701,6.07066363780877,6.38762985807193,
6.73504298200818,7.11675467606908,7.54923090928525,8.01827430563832,8.52586216246579,
9.04867852963947,9.55676555701354,10.0520255242849,10.498454149217,10.9826516033195),
(0.,1.),
.UNSPECIFIED.);
#513=CARTESIAN_POINT('',(3.51300247060984,6.90571845569359,10.));
#514=CARTESIAN_POINT('',(3.62254874442816,5.91173675873306,9.));
#515=CARTESIAN_POINT('',(3.40939278709023,6.89441598140285,10.));
#516=CARTESIAN_POINT('',(3.5196921216187,5.9004090098948,8.99999999999999));
#517=CARTESIAN_POINT('',(3.25115776511629,6.87260076687492,10.));
#518=CARTESIAN_POINT('',(3.39576218487934,5.8830101592746,9.00000000000001));
#519=CARTESIAN_POINT('',(3.05713079648163,6.83577758404264,10.));
#520=CARTESIAN_POINT('',(3.25231363049693,5.85523025105476,9.));
#521=CARTESIAN_POINT('',(2.95294185799627,6.81335698334223,10.));
#522=CARTESIAN_POINT('',(3.17348272780462,5.83791886748639,9.));
#523=CARTESIAN_POINT('',(2.86005392141414,6.79135281300231,10.));
#524=CARTESIAN_POINT('',(3.10102604428118,5.82058027518983,9.));
#525=CARTESIAN_POINT('',(2.76412669639838,6.76647513019015,10.));
#526=CARTESIAN_POINT('',(3.02726763290077,5.80146725562143,9.));
#527=CARTESIAN_POINT('',(2.65794268500968,6.73617051126857,10.));
#528=CARTESIAN_POINT('',(2.94611151145998,5.77843262543614,9.));
#529=CARTESIAN_POINT('',(2.54092696591666,6.69918481391035,10.));
#530=CARTESIAN_POINT('',(2.85778709988484,5.75066826305698,9.));
#531=CARTESIAN_POINT('',(2.4130697881255,6.65413658737187,10.));
#532=CARTESIAN_POINT('',(2.76295303832471,5.71700698172274,9.));
#533=CARTESIAN_POINT('',(2.2775615713535,6.60066899903157,10.));
#534=CARTESIAN_POINT('',(2.66386021513903,5.67785327659573,9.));
#535=CARTESIAN_POINT('',(2.13981718004842,6.5396380594959,10.));
#536=CARTESIAN_POINT('',(2.56441233316389,5.6339936529227,9.));
#537=CARTESIAN_POINT('',(2.00550898615854,6.47307290117739,10.));
#538=CARTESIAN_POINT('',(2.468826904876,5.58649711618264,9.));
#539=CARTESIAN_POINT('',(1.87970367473526,6.4037435935675,10.));
#540=CARTESIAN_POINT('',(2.38055890186315,5.53774267090157,9.));
#541=CARTESIAN_POINT('',(1.75812481894785,6.32984478854045,10.));
#542=CARTESIAN_POINT('',(2.29610915352413,5.4864859092371,9.));
#543=CARTESIAN_POINT('',(1.68069171110667,6.27809235675115,10.));
#544=CARTESIAN_POINT('',(2.24275305454978,5.45086136412197,9.));
#545=CARTESIAN_POINT('',(1.64101853588702,6.25024671525282,10.));
#546=CARTESIAN_POINT('',(2.21550737223142,5.431734298164,9.));
#547=FACE_BOUND('',#548,.T.);
#548=EDGE_LOOP('',(#2897,#2898,#2899,#2900));
#549=B_SPLINE_SURFACE_WITH_KNOTS('',3,1,(
(#550,#551),
(#552,#553),
(#554,#555),
(#556,#557),
(#558,#559),
(#560,#561),
(#562,#563),
(#564,#565),
(#566,#567),
(#568,#569),
(#570,#571),
(#572,#573),
(#574,#575),
(#576,#577),
(#578,#579),
(#580,#581),
(#582,#583),
(#584,#585),
(#586,#587),
(#588,#589),
(#590,#591)),
.UNSPECIFIED.,.F.,.F.,.F.,
(4,1,1,1,1,1,1,1,1,1,1,1,1,1,1,1,1,1,4),
(2,2),
(3.60160596418047,4.34702352872488,4.60440642271078,4.79441381023851,4.95592056944658,
5.11045266004962,5.29234436599772,5.52045938902583,5.81713795824649,6.16660290342062,
6.55848229218517,6.96358057299399,7.36978059499763,7.74753354453094,8.07643852866911,
8.36541818829983,8.65793485085886,8.98196532393306,9.39839362772809),
(0.,1.),
.UNSPECIFIED.);
#550=CARTESIAN_POINT('',(1.64103640926649,6.25025925993542,10.));
#551=CARTESIAN_POINT('',(2.21552223940531,5.43174473289897,9.));
#552=CARTESIAN_POINT('',(1.58423643736336,6.21055175200081,10.));
#553=CARTESIAN_POINT('',(2.15925605214642,5.39225374146133,9.));
#554=CARTESIAN_POINT('',(1.49547213330058,6.14442916381966,9.99999999999999));
#555=CARTESIAN_POINT('',(2.0968340305858,5.3451552911662,8.99999999999999));
#556=CARTESIAN_POINT('',(1.38971728810442,6.05702724671385,10.));
#557=CARTESIAN_POINT('',(2.02942396777074,5.28866838957371,9.));
#558=CARTESIAN_POINT('',(1.33707344912252,6.01154880565383,10.));
#559=CARTESIAN_POINT('',(1.9954210439844,5.25892043631257,9.));
#560=CARTESIAN_POINT('',(1.29477700218797,5.97373472595512,10.));
#561=CARTESIAN_POINT('',(1.96691445884343,5.23324032671469,9.));
#562=CARTESIAN_POINT('',(1.25499994273267,5.93710473618868,10.));
#563=CARTESIAN_POINT('',(1.93812735542409,5.2067615219783,9.));
#564=CARTESIAN_POINT('',(1.21025130297377,5.89460016397726,10.));
#565=CARTESIAN_POINT('',(1.90608710762108,5.17629524172085,9.));
#566=CARTESIAN_POINT('',(1.1552365050012,5.84030925960773,10.));
#567=CARTESIAN_POINT('',(1.86660990595948,5.13730673711052,9.));
#568=CARTESIAN_POINT('',(1.08874354530459,5.77142890010473,10.));
#569=CARTESIAN_POINT('',(1.8189238099509,5.08786716287733,9.));
#570=CARTESIAN_POINT('',(1.01239601128854,5.68747020536545,10.));
#571=CARTESIAN_POINT('',(1.76395916276835,5.02743338102616,9.));
#572=CARTESIAN_POINT('',(0.931893788409524,5.59273694787331,10.));
#573=CARTESIAN_POINT('',(1.70543744098467,4.95873938508012,9.));
#574=CARTESIAN_POINT('',(0.850966837672231,5.49037264727583,10.));
#575=CARTESIAN_POINT('',(1.64646031403857,4.88405591227897,9.));
#576=CARTESIAN_POINT('',(0.774742182856958,5.38659878354863,10.));
#577=CARTESIAN_POINT('',(1.59059171470668,4.80787271163942,9.));
#578=CARTESIAN_POINT('',(0.706994082148355,5.28758902621512,10.));
#579=CARTESIAN_POINT('',(1.54050167173661,4.73467416141694,9.));
#580=CARTESIAN_POINT('',(0.649461847850632,5.19803196503865,10.));
#581=CARTESIAN_POINT('',(1.4973674230905,4.66783636372127,9.));
#582=CARTESIAN_POINT('',(0.598430791628541,5.11405734404997,10.));
#583=CARTESIAN_POINT('',(1.46063473266896,4.60622988851658,9.));
#584=CARTESIAN_POINT('',(0.549712843536379,5.02953002566441,10.));
#585=CARTESIAN_POINT('',(1.4254814152292,4.54386617728752,9.));
#586=CARTESIAN_POINT('',(0.496992669622941,4.93279007309037,10.));
#587=CARTESIAN_POINT('',(1.3860583461841,4.47085624256688,9.));
#588=CARTESIAN_POINT('',(0.462022823320249,4.86417721875536,10.));
#589=CARTESIAN_POINT('',(1.35733580581218,4.41633334411885,9.));
#590=CARTESIAN_POINT('',(0.443362125328429,4.82625210925263,10.));
#591=CARTESIAN_POINT('',(1.34062120634372,4.38474831333527,9.));
#592=FACE_BOUND('',#593,.T.);
#593=EDGE_LOOP('',(#2901,#2902,#2903,#2904));
#594=B_SPLINE_SURFACE_WITH_KNOTS('',3,1,(
(#595,#596),
(#597,#598),
(#599,#600),
(#601,#602),
(#603,#604),
(#605,#606),
(#607,#608),
(#609,#610),
(#611,#612),
(#613,#614),
(#615,#616),
(#617,#618),
(#619,#620),
(#621,#622),
(#623,#624),
(#625,#626),
(#627,#628),
(#629,#630),
(#631,#632),
(#633,#634)),
.UNSPECIFIED.,.F.,.F.,.F.,
(4,1,1,1,1,1,1,1,1,1,1,1,1,1,1,1,1,4),
(2,2),
(3.5544790863079,4.46978867551965,4.79768615414126,5.05652869876033,5.27938724286309,
5.49532207815969,5.75157280885256,6.07585270360434,6.47134176508193,6.88172312266587,
7.28348979576187,7.65735563859839,8.00532751094912,8.31640789324715,8.60731667466098,
8.90103047295681,9.18152125674205,9.44552063402744),
(0.,1.),
.UNSPECIFIED.);
#595=CARTESIAN_POINT('',(0.443371337563114,4.82627083100889,10.));
#596=CARTESIAN_POINT('',(1.34062990710047,4.38476538439268,9.));
#597=CARTESIAN_POINT('',(0.405255301305978,4.74903624454527,9.99999999999999));
#598=CARTESIAN_POINT('',(1.30282011653914,4.30792558947821,8.99999999999999));
#599=CARTESIAN_POINT('',(0.349829540891502,4.62839325981555,10.));
#600=CARTESIAN_POINT('',(1.26016050797753,4.21417770928908,9.00000000000001));
#601=CARTESIAN_POINT('',(0.287635790996501,4.47418853423708,9.99999999999999));
#602=CARTESIAN_POINT('',(1.21624341517223,4.10388581625413,8.99999999999999));
#603=CARTESIAN_POINT('',(0.256038047611331,4.39050956985932,10.));
#604=CARTESIAN_POINT('',(1.19391420798116,4.04389799283319,9.00000000000001));
#605=CARTESIAN_POINT('',(0.230524015829419,4.3189772827584,9.99999999999999));
#606=CARTESIAN_POINT('',(1.17526816928727,3.99104896053082,8.99999999999999));
#607=CARTESIAN_POINT('',(0.206771724991154,4.24873520015707,10.));
#608=CARTESIAN_POINT('',(1.15702305356953,3.93690726270595,9.));
#609=CARTESIAN_POINT('',(0.180755902781363,4.16700928375908,10.));
#610=CARTESIAN_POINT('',(1.13731369784018,3.87482592719828,9.));
#611=CARTESIAN_POINT('',(0.151090090244845,4.06598632397889,10.));
#612=CARTESIAN_POINT('',(1.11478812361287,3.79819042409315,9.));
#613=CARTESIAN_POINT('',(0.119964261674103,3.94771348247478,10.));
#614=CARTESIAN_POINT('',(1.09124524631465,3.70897841702625,9.));
#615=CARTESIAN_POINT('',(0.0908205838709783,3.82043319970663,10.));
#616=CARTESIAN_POINT('',(1.06924786589066,3.61314448329491,9.));
#617=CARTESIAN_POINT('',(0.0663426132054386,3.69481625951646,10.));
#618=CARTESIAN_POINT('',(1.05091237730226,3.51863592121624,9.));
#619=CARTESIAN_POINT('',(0.0467934464785597,3.57436953564351,10.));
#620=CARTESIAN_POINT('',(1.03630807309877,3.42851676620719,9.));
#621=CARTESIAN_POINT('',(0.032098903508904,3.46309953182139,10.));
#622=CARTESIAN_POINT('',(1.02529707886953,3.34529698154887,9.));
#623=CARTESIAN_POINT('',(0.0213569453563769,3.3603575713834,10.));
#624=CARTESIAN_POINT('',(1.01728424883806,3.2686452719917,9.));
#625=CARTESIAN_POINT('',(0.013663775410036,3.26397050590038,10.));
#626=CARTESIAN_POINT('',(1.01135147513958,3.19593343995807,9.));
#627=CARTESIAN_POINT('',(0.00838051376648686,3.169438789712,10.));
#628=CARTESIAN_POINT('',(1.00793047802467,3.1267747019345,9.00000000000001));
#629=CARTESIAN_POINT('',(0.00543502591263982,3.07757180959583,9.99999999999999));
#630=CARTESIAN_POINT('',(1.00623127064473,3.05966047772964,8.99999999999996));
#631=CARTESIAN_POINT('',(0.00485718611075459,3.01952124943762,10.));
#632=CARTESIAN_POINT('',(1.0053626967661,3.01456472764583,9.00000000000005));
#633=CARTESIAN_POINT('',(0.00485727753617696,2.99208067398173,10.));
#634=CARTESIAN_POINT('',(1.00485707499259,2.99208266038348,9.));
#635=FACE_BOUND('',#636,.T.);
#636=EDGE_LOOP('',(#2905,#2906,#2907,#2908));
#637=B_SPLINE_SURFACE_WITH_KNOTS('',3,1,(
(#638,#639),
(#640,#641),
(#642,#643),
(#644,#645),
(#646,#647),
(#648,#649),
(#650,#651),
(#652,#653),
(#654,#655),
(#656,#657),
(#658,#659),
(#660,#661),
(#662,#663),
(#664,#665),
(#666,#667),
(#668,#669),
(#670,#671),
(#672,#673),
(#674,#675),
(#676,#677),
(#678,#679),
(#680,#681)),
.UNSPECIFIED.,.F.,.F.,.F.,
(4,1,1,1,1,1,1,1,1,1,1,1,1,1,1,1,1,1,1,4),
(2,2),
(4.12727681421946,5.1690329806587,5.5436287238725,5.80713590749477,6.0166909728104,
6.21317844186223,6.45187229110652,6.7498542279227,7.09851477042476,7.47138641763693,
7.88043081286116,8.30839864138749,8.74946707242255,9.1718282576179,9.58658274141502,
10.0065142541264,10.4120140669725,10.8267079711329,11.2360498203252,11.8727226079629),
(0.,1.),
.UNSPECIFIED.);
#638=CARTESIAN_POINT('',(0.00485727753617696,2.99210171142244,10.));
#639=CARTESIAN_POINT('',(1.00485727753618,2.99210162188778,9.));
#640=CARTESIAN_POINT('',(0.00469546989734133,2.90746334698994,10.));
#641=CARTESIAN_POINT('',(1.00485692285978,2.90827889224403,9.));
#642=CARTESIAN_POINT('',(0.00870838881621797,2.77209779057297,10.));
#643=CARTESIAN_POINT('',(1.0081784070423,2.81145952688639,9.));
#644=CARTESIAN_POINT('',(0.0227007724469561,2.60786183628148,10.));
#645=CARTESIAN_POINT('',(1.0181793850638,2.70134859768091,9.));
#646=CARTESIAN_POINT('',(0.0317040404600451,2.52632896077043,10.));
#647=CARTESIAN_POINT('',(1.02466248107021,2.64502158597186,9.));
#648=CARTESIAN_POINT('',(0.0397906582814119,2.4636352749702,10.));
#649=CARTESIAN_POINT('',(1.03064697047523,2.59925050812802,9.));
#650=CARTESIAN_POINT('',(0.0486121404554668,2.4028674424393,10.));
#651=CARTESIAN_POINT('',(1.03703835871233,2.55551652029074,9.));
#652=CARTESIAN_POINT('',(0.0598824409163975,2.3337543161486,10.));
#653=CARTESIAN_POINT('',(1.04511511491047,2.50594424889014,9.));
#654=CARTESIAN_POINT('',(0.075382098894396,2.2502597201965,10.));
#655=CARTESIAN_POINT('',(1.05610180316254,2.44650078111005,9.));
#656=CARTESIAN_POINT('',(0.0958926281193717,2.1543187218658,10.));
#657=CARTESIAN_POINT('',(1.0705263137781,2.37866172907185,9.));
#658=CARTESIAN_POINT('',(0.121898559905414,2.04869175592932,10.));
#659=CARTESIAN_POINT('',(1.08884209394959,2.30442322406243,9.));
#660=CARTESIAN_POINT('',(0.153742917961198,1.93601284487633,10.));
#661=CARTESIAN_POINT('',(1.11109904807858,2.22599578884441,9.));
#662=CARTESIAN_POINT('',(0.192104376758688,1.81741261886036,10.));
#663=CARTESIAN_POINT('',(1.13752396592911,2.14419580476879,9.));
#664=CARTESIAN_POINT('',(0.235617243570698,1.69912074908567,10.));
#665=CARTESIAN_POINT('',(1.16736439604011,2.06289307330509,9.));
#666=CARTESIAN_POINT('',(0.283031804741726,1.584401233582,10.));
#667=CARTESIAN_POINT('',(1.20003687731855,1.98393311331456,9.));
#668=CARTESIAN_POINT('',(0.3343777345491,1.47256787528863,10.));
#669=CARTESIAN_POINT('',(1.23517567711162,1.90749542914863,9.));
#670=CARTESIAN_POINT('',(0.389298722596128,1.36423197196005,10.));
#671=CARTESIAN_POINT('',(1.27272409323988,1.83340946902438,9.));
#672=CARTESIAN_POINT('',(0.447830680682334,1.25886515816191,10.));
#673=CARTESIAN_POINT('',(1.31300140356609,1.76076910035757,9.));
#674=CARTESIAN_POINT('',(0.509573844074437,1.15681552264674,10.));
#675=CARTESIAN_POINT('',(1.35574127701589,1.69010667415433,9.));
#676=CARTESIAN_POINT('',(0.587399778607012,1.03826992858263,10.));
#677=CARTESIAN_POINT('',(1.40983162476238,1.60775968305864,9.));
#678=CARTESIAN_POINT('',(0.646700182212233,0.956414740607597,10.));
#679=CARTESIAN_POINT('',(1.45142396762784,1.55033644894335,9.));
#680=CARTESIAN_POINT('',(0.683855459447116,0.907909823809827,10.));
#681=CARTESIAN_POINT('',(1.47772917830391,1.51599248144766,9.));
#682=FACE_BOUND('',#683,.T.);
#683=EDGE_LOOP('',(#2909,#2910,#2911,#2912,#2913,#2914,#2915));
#684=B_SPLINE_SURFACE_WITH_KNOTS('',3,1,(
(#685,#686),
(#687,#688),
(#689,#690),
(#691,#692),
(#693,#694),
(#695,#696),
(#697,#698),
(#699,#700),
(#701,#702),
(#703,#704),
(#705,#706),
(#707,#708),
(#709,#710),
(#711,#712),
(#713,#714),
(#715,#716),
(#717,#718),
(#719,#720),
(#721,#722),
(#723,#724),
(#725,#726),
(#727,#728),
(#729,#730),
(#731,#732),
(#733,#734),
(#735,#736),
(#737,#738),
(#739,#740),
(#741,#742),
(#743,#744),
(#745,#746),
(#747,#748),
(#749,#750),
(#751,#752),
(#753,#754),
(#755,#756),
(#757,#758),
(#759,#760),
(#761,#762),
(#763,#764),
(#765,#766)),
.UNSPECIFIED.,.F.,.F.,.F.,
(4,1,1,1,1,1,1,1,1,1,1,1,1,1,1,1,1,1,1,1,1,1,1,1,1,1,1,1,1,1,1,1,1,1,1,1,1,1,4),
(2,2),
(3.74154219897824,4.29819231748271,4.53066142402699,4.7426663336674,4.91783297384546,
5.06025146890657,5.20230720513367,5.38582485451548,5.63591826697634,5.95161167209424,
6.30901703537274,6.69048042387398,7.08911250519823,7.52147586825351,7.98445336077845,
8.46705574642844,8.95538257916197,9.4354222848265,9.91772801090192,10.3404615058311,
10.6865930491955,10.9246188355434,11.1015959764064,11.2431161473006,11.404429200401,
11.5991212174884,11.8188407366852,12.0707361108197,12.3568573165974,12.6819377599162,
12.9949724321013,13.2908817068919,13.6769337694002,14.2803834804618,15.2703897199248,
16.5726311024126,18.0385824408949,19.4172051120087,21.3784334122665),
(0.,1.),
.UNSPECIFIED.);
#685=CARTESIAN_POINT('',(0.68384223461671,0.907927089420402,10.));
#686=CARTESIAN_POINT('',(1.47771805551926,1.51600700274291,9.));
#687=CARTESIAN_POINT('',(0.714159222782701,0.868260649784088,10.));
#688=CARTESIAN_POINT('',(1.50770854107058,1.47685298989649,9.));
#689=CARTESIAN_POINT('',(0.766138353832582,0.803434439702073,9.99999999999999));
#690=CARTESIAN_POINT('',(1.54551488082559,1.43021966831204,9.));
#691=CARTESIAN_POINT('',(0.840673725999651,0.718306767225504,10.));
#692=CARTESIAN_POINT('',(1.59176662938437,1.37814165286252,9.));
#693=CARTESIAN_POINT('',(0.888426762799836,0.6663380473414,10.));
#694=CARTESIAN_POINT('',(1.62082375618637,1.3470279342287,9.));
#695=CARTESIAN_POINT('',(0.929618606853999,0.623346089726334,10.));
#696=CARTESIAN_POINT('',(1.6465551626087,1.32051577213148,9.));
#697=CARTESIAN_POINT('',(0.964638911202801,0.587978029092036,10.));
#698=CARTESIAN_POINT('',(1.67013975988044,1.29674732583657,9.));
#699=CARTESIAN_POINT('',(1.00031700310456,0.552957370842182,9.99999999999999));
#700=CARTESIAN_POINT('',(1.69488104844917,1.272429855571,8.99999999999999));
#701=CARTESIAN_POINT('',(1.04519538438945,0.510320855777655,10.));
#702=CARTESIAN_POINT('',(1.72572787687346,1.2431643880099,9.00000000000001));
#703=CARTESIAN_POINT('',(1.10473295734727,0.456175640051886,10.));
#704=CARTESIAN_POINT('',(1.76685604911877,1.20579581053252,9.));
#705=CARTESIAN_POINT('',(1.17991463415377,0.391568178524236,10.));
#706=CARTESIAN_POINT('',(1.8188857734596,1.16112766756505,9.));
#707=CARTESIAN_POINT('',(1.26765445630843,0.321066143887338,10.));
#708=CARTESIAN_POINT('',(1.88006514422733,1.11188914877789,9.));
#709=CARTESIAN_POINT('',(1.36415281217746,0.248963856618297,9.99999999999999));
#710=CARTESIAN_POINT('',(1.94810377815607,1.06095555230094,9.));
#711=CARTESIAN_POINT('',(1.46970498629222,0.175900758101841,10.));
#712=CARTESIAN_POINT('',(2.02320592169994,1.00910434242533,9.));
#713=CARTESIAN_POINT('',(1.58457323341988,0.102619068142117,10.));
#714=CARTESIAN_POINT('',(2.10580894185295,0.956469148601905,9.00000000000001));
#715=CARTESIAN_POINT('',(1.70856554493901,0.0301242291321579,10.));
#716=CARTESIAN_POINT('',(2.19605235742648,0.903408290655504,9.));
#717=CARTESIAN_POINT('',(1.83962987098976,-0.0397846713699304,10.));
#718=CARTESIAN_POINT('',(2.2932492869394,0.851704126827691,9.));
#719=CARTESIAN_POINT('',(1.97395925326636,-0.104968063878951,10.));
#720=CARTESIAN_POINT('',(2.39438263351593,0.802807102167989,9.));
#721=CARTESIAN_POINT('',(2.10948085423355,-0.164785170016248,10.));
#722=CARTESIAN_POINT('',(2.49738487198687,0.75701694615552,9.));
#723=CARTESIAN_POINT('',(2.2396977640001,-0.217058175831737,10.));
#724=CARTESIAN_POINT('',(2.59812043266994,0.716477476403448,9.));
#725=CARTESIAN_POINT('',(2.35789964587262,-0.260417551039599,10.));
#726=CARTESIAN_POINT('',(2.69098873992629,0.682490401231922,9.));
#727=CARTESIAN_POINT('',(2.45329380348318,-0.292806955779919,10.));
#728=CARTESIAN_POINT('',(2.76679286453178,0.656815476069239,9.));
#729=CARTESIAN_POINT('',(2.52557239672548,-0.315913864876199,10.));
#730=CARTESIAN_POINT('',(2.82458801365363,0.638374357082193,9.));
#731=CARTESIAN_POINT('',(2.57841019878309,-0.332115568498086,10.));
#732=CARTESIAN_POINT('',(2.86712283774583,0.625305726912908,9.));
#733=CARTESIAN_POINT('',(2.62417582514432,-0.345646107326897,10.));
#734=CARTESIAN_POINT('',(2.9037958163874,0.614544404193516,9.));
#735=CARTESIAN_POINT('',(2.67087740232009,-0.35916653307363,10.));
#736=CARTESIAN_POINT('',(2.94277514661306,0.602961293141718,9.));
#737=CARTESIAN_POINT('',(2.72315822991862,-0.374414632375274,10.));
#738=CARTESIAN_POINT('',(2.98931800696992,0.589294579622777,9.));
#739=CARTESIAN_POINT('',(2.78197649498548,-0.391520381872716,10.));
#740=CARTESIAN_POINT('',(3.04472040991573,0.573078710514724,9.));
#741=CARTESIAN_POINT('',(2.84698638253231,-0.410443054852476,10.));
#742=CARTESIAN_POINT('',(3.10936371201538,0.554259936129475,9.));
#743=CARTESIAN_POINT('',(2.91932181645079,-0.431491991696605,10.));
#744=CARTESIAN_POINT('',(3.18451104173134,0.532460475513251,9.));
#745=CARTESIAN_POINT('',(2.99560737296106,-0.453692694357253,10.));
#746=CARTESIAN_POINT('',(3.26601318660233,0.508873464326568,9.));
#747=CARTESIAN_POINT('',(3.07261168138903,-0.476101889049205,10.));
#748=CARTESIAN_POINT('',(3.34845766560182,0.485017392051619,9.));
#749=CARTESIAN_POINT('',(3.15556515912102,-0.500242544074591,10.));
#750=CARTESIAN_POINT('',(3.43547136249698,0.459797095809414,9.));
#751=CARTESIAN_POINT('',(3.26599571428538,-0.532379362486326,10.));
#752=CARTESIAN_POINT('',(3.54500665637639,0.427898317744836,9.));
#753=CARTESIAN_POINT('',(3.43491990195328,-0.581538677579201,10.));
#754=CARTESIAN_POINT('',(3.71469000413756,0.378537150753391,9.));
#755=CARTESIAN_POINT('',(3.68292672708569,-0.653712119696036,9.99999999999999));
#756=CARTESIAN_POINT('',(3.96211792443574,0.306517632741693,9.));
#757=CARTESIAN_POINT('',(4.00423729668355,-0.747217993715725,10.));
#758=CARTESIAN_POINT('',(4.28374285644236,0.212928173390543,9.));
#759=CARTESIAN_POINT('',(4.35901235113298,-0.850462492532977,10.));
#760=CARTESIAN_POINT('',(4.63841458080399,0.109711148849471,9.));
#761=CARTESIAN_POINT('',(4.77008749263365,-0.970091106359237,10.));
#762=CARTESIAN_POINT('',(5.04951784673364,-0.00992494293742779,9.));
#763=CARTESIAN_POINT('',(5.05578490423566,-1.05323304717746,10.));
#764=CARTESIAN_POINT('',(5.33520523002477,-0.0930642173436813,9.));
#765=CARTESIAN_POINT('',(5.22354799443243,-1.10205445190339,10.));
#766=CARTESIAN_POINT('',(5.5029703877278,-0.141886171795632,9.));
#767=FACE_BOUND('',#768,.T.);
#768=EDGE_LOOP('',(#2916,#2917,#2918,#2919,#2920,#2921,#2922,#2923));
#769=B_SPLINE_SURFACE_WITH_KNOTS('',3,1,(
(#770,#771),
(#772,#773),
(#774,#775),
(#776,#777),
(#778,#779),
(#780,#781),
(#782,#783),
(#784,#785),
(#786,#787),
(#788,#789),
(#790,#791),
(#792,#793),
(#794,#795),
(#796,#797),
(#798,#799),
(#800,#801),
(#802,#803),
(#804,#805),
(#806,#807),
(#808,#809),
(#810,#811),
(#812,#813),
(#814,#815),
(#816,#817),
(#818,#819),
(#820,#821),
(#822,#823),
(#824,#825),
(#826,#827),
(#828,#829),
(#830,#831),
(#832,#833),
(#834,#835),
(#836,#837)),
.UNSPECIFIED.,.F.,.F.,.F.,
(4,1,1,1,1,1,1,1,1,1,1,1,1,1,1,1,1,1,1,1,1,1,1,1,1,1,1,1,1,1,1,4),
(2,2),
(-7.13696461586557,-3.95321227459832,-2.37474987926073,-0.841216016978803,0.583219642587894,
1.81226604967961,2.77013123585516,3.43094375001905,3.83237885812178,4.05646907416342,
4.19439464992542,4.30544697877989,4.437102442078,4.62306211640159,4.87338474820144,
5.16660557224528,5.44346520886038,5.67734920025352,5.87499281821904,6.08194692347225,
6.3392900131158,6.64565800357442,6.97630507875101,7.32441912421829,7.68665284020475,
8.07788828294391,8.47982998900638,8.90903438870818,9.37223560829719,9.86053243189076,
10.3168090804297,10.8135084162352),
(0.,1.),
.UNSPECIFIED.);
#770=CARTESIAN_POINT('',(5.09057750754982,0.769127067877514,10.));
#771=CARTESIAN_POINT('',(5.50296989610821,-0.141879253647813,9.));
#772=CARTESIAN_POINT('',(4.85964583487402,0.664589530286546,10.));
#773=CARTESIAN_POINT('',(5.27203679569679,-0.24641744146135,9.));
#774=CARTESIAN_POINT('',(4.51421793305339,0.508221618792638,10.));
#775=CARTESIAN_POINT('',(4.92661316138109,-0.402783409438569,9.));
#776=CARTESIAN_POINT('',(4.05756156493864,0.301503966740876,10.));
#777=CARTESIAN_POINT('',(4.46994978763761,-0.60950425200951,9.));
#778=CARTESIAN_POINT('',(3.72850326022916,0.152545039083657,10.));
#779=CARTESIAN_POINT('',(4.14091004221585,-0.758454727354203,9.));
#780=CARTESIAN_POINT('',(3.42482994891534,0.0150836244924957,10.));
#781=CARTESIAN_POINT('',(3.8371784917428,-0.895942665354169,9.));
#782=CARTESIAN_POINT('',(3.16280184016916,-0.103543242875187,9.99999999999999));
#783=CARTESIAN_POINT('',(3.57530358295558,-1.01449976205217,8.99999999999999));
#784=CARTESIAN_POINT('',(2.95640942251985,-0.196946517234747,10.));
#785=CARTESIAN_POINT('',(3.36859361467322,-1.10804765603485,9.00000000000001));
#786=CARTESIAN_POINT('',(2.80962078094951,-0.263435204117904,9.99999999999999));
#787=CARTESIAN_POINT('',(3.22230224456128,-1.1743098744326,8.99999999999999));
#788=CARTESIAN_POINT('',(2.7166238676277,-0.305484819130492,10.));
#789=CARTESIAN_POINT('',(3.12871880062927,-1.21662660853408,9.));
#790=CARTESIAN_POINT('',(2.66094958873109,-0.330733866569184,10.));
#791=CARTESIAN_POINT('',(3.07361280891823,-1.24161684535415,9.));
#792=CARTESIAN_POINT('',(2.62696084919955,-0.346069009366006,10.));
#793=CARTESIAN_POINT('',(3.03900333583337,-1.25723468321132,9.));
#794=CARTESIAN_POINT('',(2.59855307579012,-0.359046548857323,10.));
#795=CARTESIAN_POINT('',(3.01211401918234,-1.26952091696429,9.));
#796=CARTESIAN_POINT('',(2.56510285098722,-0.374697497803803,10.));
#797=CARTESIAN_POINT('',(2.98327239568418,-1.28302858232899,9.));
#798=CARTESIAN_POINT('',(2.51888232052675,-0.396956556526661,10.));
#799=CARTESIAN_POINT('',(2.94704688624056,-1.3005233394122,9.));
#800=CARTESIAN_POINT('',(2.4570256138977,-0.428043528357432,10.));
#801=CARTESIAN_POINT('',(2.90345172062911,-1.32259397064059,9.));
#802=CARTESIAN_POINT('',(2.38578993057117,-0.465863621079697,10.));
#803=CARTESIAN_POINT('',(2.85719411735611,-1.34747031134395,9.));
#804=CARTESIAN_POINT('',(2.31632233061385,-0.50496141218445,10.));
#805=CARTESIAN_POINT('',(2.81310813277806,-1.37266914785083,9.));
#806=CARTESIAN_POINT('',(2.2565969961659,-0.540359681787316,10.));
#807=CARTESIAN_POINT('',(2.77421958696059,-1.39600293577913,9.));
#808=CARTESIAN_POINT('',(2.20515721466137,-0.572140418059629,10.));
#809=CARTESIAN_POINT('',(2.7380301982357,-1.41842155205483,9.));
#810=CARTESIAN_POINT('',(2.15205955281089,-0.606218242139444,10.));
#811=CARTESIAN_POINT('',(2.70098773045529,-1.44223810707398,9.));
#812=CARTESIAN_POINT('',(2.09081194763383,-0.647297958334719,10.));
#813=CARTESIAN_POINT('',(2.65845250591102,-1.47077310271613,9.));
#814=CARTESIAN_POINT('',(2.02070551326661,-0.696882695987473,10.));
#815=CARTESIAN_POINT('',(2.61000742045476,-1.50500819473386,9.));
#816=CARTESIAN_POINT('',(1.94495503920047,-0.753762734263549,10.));
#817=CARTESIAN_POINT('',(2.55783985562516,-1.54412224748832,9.));
#818=CARTESIAN_POINT('',(1.86709414601601,-0.81602795224527,10.));
#819=CARTESIAN_POINT('',(2.50420030369526,-1.58702118363141,9.));
#820=CARTESIAN_POINT('',(1.78653869478,-0.884794015930443,10.));
#821=CARTESIAN_POINT('',(2.44898926969247,-1.63421199692355,9.));
#822=CARTESIAN_POINT('',(1.70418937828563,-0.960135809427209,10.));
#823=CARTESIAN_POINT('',(2.39276768259444,-1.68566768989656,9.));
#824=CARTESIAN_POINT('',(1.62010341868394,-1.0428780090317,10.));
#825=CARTESIAN_POINT('',(2.33525958205171,-1.74221727378358,9.00000000000001));
#826=CARTESIAN_POINT('',(1.53515464985145,-1.1330058012463,10.));
#827=CARTESIAN_POINT('',(2.27665556932126,-1.80430938081992,9.));
#828=CARTESIAN_POINT('',(1.44820011881962,-1.23295220410649,10.));
#829=CARTESIAN_POINT('',(2.21665120208374,-1.87334663429547,9.));
#830=CARTESIAN_POINT('',(1.36398078128476,-1.33846973730822,10.));
#831=CARTESIAN_POINT('',(2.15831511513671,-1.94642987794011,9.));
#832=CARTESIAN_POINT('',(1.28319716026201,-1.448492910309,10.));
#833=CARTESIAN_POINT('',(2.10117709451411,-2.02422693439781,9.));
#834=CARTESIAN_POINT('',(1.23184052005042,-1.52474844715369,10.));
#835=CARTESIAN_POINT('',(2.066381739794,-2.07580989577171,9.));
#836=CARTESIAN_POINT('',(1.20725834953186,-1.56285638340682,10.));
#837=CARTESIAN_POINT('',(2.04748326576895,-2.10509442167159,9.));
#838=FACE_BOUND('',#839,.T.);
#839=EDGE_LOOP('',(#2924,#2925,#2926,#2927));
#840=B_SPLINE_SURFACE_WITH_KNOTS('',3,1,(
(#841,#842),
(#843,#844),
(#845,#846),
(#847,#848),
(#849,#850),
(#851,#852),
(#853,#854),
(#855,#856),
(#857,#858),
(#859,#860),
(#861,#862),
(#863,#864),
(#865,#866),
(#867,#868),
(#869,#870),
(#871,#872),
(#873,#874),
(#875,#876),
(#877,#878),
(#879,#880),
(#881,#882),
(#883,#884),
(#885,#886)),
.UNSPECIFIED.,.F.,.F.,.F.,
(4,1,1,1,1,1,1,1,1,1,1,1,1,1,1,1,1,1,1,1,4),
(2,2),
(4.20094669367314,5.06082668426359,5.35427397411179,5.5681076385024,5.74538006914812,
5.9212664437712,6.12308675205682,6.37918732812527,6.69912317173311,7.05545937153817,
7.41984959342014,7.77973212477557,8.15440061295846,8.54666461493222,8.93926451988393,
9.33106450074121,9.68653385287942,9.98618614978215,10.2246797483501,10.4287343455671,
10.7990527651069),
(0.,1.),
.UNSPECIFIED.);
#841=CARTESIAN_POINT('',(1.20726993015498,-1.56283843875619,10.));
#842=CARTESIAN_POINT('',(2.04749337473495,-2.10507875741406,9.));
#843=CARTESIAN_POINT('',(1.16994308281969,-1.62039730662453,10.));
#844=CARTESIAN_POINT('',(2.01063704966434,-2.16218964935551,9.00000000000001));
#845=CARTESIAN_POINT('',(1.11241692248893,-1.71540003712653,9.99999999999999));
#846=CARTESIAN_POINT('',(1.97182555599382,-2.22716724425492,8.99999999999999));
#847=CARTESIAN_POINT('',(1.04800753523949,-1.83572401903557,10.));
#848=CARTESIAN_POINT('',(1.93217266745219,-2.30249612982676,9.00000000000001));
#849=CARTESIAN_POINT('',(1.01740073084621,-1.89619785962083,10.));
#850=CARTESIAN_POINT('',(1.9129946566597,-2.34099063474092,9.));
#851=CARTESIAN_POINT('',(0.993591265948783,-1.94535543244515,10.));
#852=CARTESIAN_POINT('',(1.8970502181448,-2.37415705019245,9.));
#853=CARTESIAN_POINT('',(0.97139144165793,-1.99305070083077,10.));
#854=CARTESIAN_POINT('',(1.88153433961449,-2.40751558155141,9.));
#855=CARTESIAN_POINT('',(0.946696089352535,-2.04849991270414,10.));
#856=CARTESIAN_POINT('',(1.86458945293434,-2.44563958842498,9.00000000000001));
#857=CARTESIAN_POINT('',(0.917752132155274,-2.11725694157424,10.));
#858=CARTESIAN_POINT('',(1.84469618541728,-2.49288704615029,9.));
#859=CARTESIAN_POINT('',(0.885116063085998,-2.20079045484573,10.));
#860=CARTESIAN_POINT('',(1.82236543563389,-2.54999134540257,9.));
#861=CARTESIAN_POINT('',(0.851614942520852,-2.29502232959322,9.99999999999999));
#862=CARTESIAN_POINT('',(1.79943067481971,-2.61437678334972,9.));
#863=CARTESIAN_POINT('',(0.820217474663775,-2.39344040885368,10.));
#864=CARTESIAN_POINT('',(1.77791637457423,-2.68185864339231,9.));
#865=CARTESIAN_POINT('',(0.791416996590721,-2.49520826653446,10.));
#866=CARTESIAN_POINT('',(1.75830859553283,-2.75128285047112,9.));
#867=CARTESIAN_POINT('',(0.765404976618615,-2.60053591837602,10.));
#868=CARTESIAN_POINT('',(1.74056621350872,-2.82317668510036,9.));
#869=CARTESIAN_POINT('',(0.742521296014766,-2.70937235735922,10.));
#870=CARTESIAN_POINT('',(1.72482998421119,-2.89782364993016,9.));
#871=CARTESIAN_POINT('',(0.723332374248857,-2.81968749789339,10.));
#872=CARTESIAN_POINT('',(1.71148821012562,-2.97419825616726,9.));
#873=CARTESIAN_POINT('',(0.708401479912047,-2.92739877515353,10.));
#874=CARTESIAN_POINT('',(1.70116042850175,-3.0489572381674,9.));
#875=CARTESIAN_POINT('',(0.697931593697455,-3.02637038159442,10.));
#876=CARTESIAN_POINT('',(1.69386229656158,-3.11818176304628,9.));
#877=CARTESIAN_POINT('',(0.691367000494179,-3.11081301817061,10.));
#878=CARTESIAN_POINT('',(1.68924132058359,-3.17751971521449,9.));
#879=CARTESIAN_POINT('',(0.687505598626657,-3.18041378994875,10.));
#880=CARTESIAN_POINT('',(1.68646052256895,-3.22717312202402,9.));
#881=CARTESIAN_POINT('',(0.684620471576532,-3.25760835629322,9.99999999999999));
#882=CARTESIAN_POINT('',(1.68442160940506,-3.28070473475878,8.99999999999999));
#883=CARTESIAN_POINT('',(0.683872774241757,-3.31161566766145,10.));
#884=CARTESIAN_POINT('',(1.68387724785433,-3.31915004365488,9.00000000000001));
#885=CARTESIAN_POINT('',(0.68387729076066,-3.34517003600311,10.));
#886=CARTESIAN_POINT('',(1.68387729076066,-3.34516750728259,9.));
#887=FACE_BOUND('',#888,.T.);
#888=EDGE_LOOP('',(#2928,#2929,#2930,#2931));
#889=B_SPLINE_SURFACE_WITH_KNOTS('',3,1,(
(#890,#891),
(#892,#893),
(#894,#895),
(#896,#897),
(#898,#899),
(#900,#901),
(#902,#903),
(#904,#905),
(#906,#907),
(#908,#909),
(#910,#911),
(#912,#913),
(#914,#915),
(#916,#917),
(#918,#919),
(#920,#921),
(#922,#923),
(#924,#925),
(#926,#927),
(#928,#929)),
.UNSPECIFIED.,.F.,.F.,.F.,
(4,1,1,1,1,1,1,1,1,1,1,1,1,1,1,1,1,4),
(2,2),
(4.41100199138039,5.29721752585997,5.62896128848311,5.8836156867859,6.1010842904575,
6.30121440885111,6.51295813914139,6.76022113129997,7.05916400736669,7.40342952838037,
7.769637764261,8.14880569784865,8.54344690685445,8.94450874696255,9.34614151526961,
9.75899508093911,10.1612896504301,10.5889972377578),
(0.,1.),
.UNSPECIFIED.);
#890=CARTESIAN_POINT('',(0.68387729076066,-3.3451487297528,10.));
#891=CARTESIAN_POINT('',(1.68387729076066,-3.34514881357248,9.));
#892=CARTESIAN_POINT('',(0.683770505218472,-3.41244475376639,10.));
#893=CARTESIAN_POINT('',(1.68387836730052,-3.41190786542584,9.));
#894=CARTESIAN_POINT('',(0.686608935275103,-3.52195984563284,10.));
#895=CARTESIAN_POINT('',(1.68626523120314,-3.48959150400796,9.));
#896=CARTESIAN_POINT('',(0.697092880187801,-3.65979877856992,10.));
#897=CARTESIAN_POINT('',(1.69352106882475,-3.57785893648165,9.));
#898=CARTESIAN_POINT('',(0.704609173490236,-3.73462821358076,10.));
#899=CARTESIAN_POINT('',(1.69866074760795,-3.62608086153879,9.));
#900=CARTESIAN_POINT('',(0.711895357814626,-3.79532525660745,10.));
#901=CARTESIAN_POINT('',(1.70379141916844,-3.66774443656803,9.));
#902=CARTESIAN_POINT('',(0.719619261509943,-3.85159875788317,10.));
#903=CARTESIAN_POINT('',(1.70924024908933,-3.70717240227205,9.));
#904=CARTESIAN_POINT('',(0.728787059611812,-3.9108684526875,10.));
#905=CARTESIAN_POINT('',(1.71559568594101,-3.74813633788422,9.));
#906=CARTESIAN_POINT('',(0.740685728455198,-3.97901150347619,10.));
#907=CARTESIAN_POINT('',(1.72376528929683,-3.7950416141109,9.));
#908=CARTESIAN_POINT('',(0.756594881808974,-4.05900637585113,10.));
#909=CARTESIAN_POINT('',(1.7345956252651,-3.84972158371609,9.));
#910=CARTESIAN_POINT('',(0.777218013633753,-4.14931770212668,10.));
#911=CARTESIAN_POINT('',(1.74856532718952,-3.91110509862973,9.));
#912=CARTESIAN_POINT('',(0.802500555879177,-4.24590734044377,10.));
#913=CARTESIAN_POINT('',(1.76575467136445,-3.97649293556991,9.));
#914=CARTESIAN_POINT('',(0.832618769498873,-4.34696579582365,10.));
#915=CARTESIAN_POINT('',(1.78594914939104,-4.04417154049325,9.));
#916=CARTESIAN_POINT('',(0.867473588180667,-4.45030101447348,10.));
#917=CARTESIAN_POINT('',(1.8091491076933,-4.11302534930971,9.));
#918=CARTESIAN_POINT('',(0.906777763227158,-4.55401126954063,10.));
#919=CARTESIAN_POINT('',(1.83530358672957,-4.18215169447649,9.));
#920=CARTESIAN_POINT('',(0.950369305449177,-4.65730355688989,10.));
#921=CARTESIAN_POINT('',(1.86447103159449,-4.25121968855593,9.));
#922=CARTESIAN_POINT('',(0.998173599533366,-4.7596174219795,9.99999999999999));
#923=CARTESIAN_POINT('',(1.89628642777768,-4.31929387951429,8.99999999999999));
#924=CARTESIAN_POINT('',(1.05071632630842,-4.86185871511499,10.));
#925=CARTESIAN_POINT('',(1.93154023615587,-4.38787293814858,9.00000000000001));
#926=CARTESIAN_POINT('',(1.08845761307114,-4.92889830902823,10.));
#927=CARTESIAN_POINT('',(1.95656868339385,-4.43237825495595,8.99999999999999));
#928=CARTESIAN_POINT('',(1.10824189991683,-4.96252963275201,10.));
#929=CARTESIAN_POINT('',(1.97017604504043,-4.45550938711775,9.));
#930=FACE_BOUND('',#931,.T.);
#931=EDGE_LOOP('',(#2932,#2933,#2934,#2935));
#932=B_SPLINE_SURFACE_WITH_KNOTS('',3,1,(
(#933,#934),
(#935,#936),
(#937,#938),
(#939,#940),
(#941,#942),
(#943,#944),
(#945,#946),
(#947,#948),
(#949,#950),
(#951,#952),
(#953,#954),
(#955,#956),
(#957,#958),
(#959,#960),
(#961,#962),
(#963,#964),
(#965,#966),
(#967,#968),
(#969,#970)),
.UNSPECIFIED.,.F.,.F.,.F.,
(4,1,1,1,1,1,1,1,1,1,1,1,1,1,1,1,4),
(2,2),
(4.18897408517094,5.12125737134282,5.47817271065211,5.75027971784726,5.98631107089905,
6.22369555211357,6.49507055425186,6.82073943095148,7.21200866732781,7.64267690004523,
8.07163100244425,8.45167166026332,8.76342082771911,9.01094444397583,9.22645440263724,
9.44133971799088,9.81102543202006),
(0.,1.),
.UNSPECIFIED.);
#933=CARTESIAN_POINT('',(1.10823083066744,-4.9625108148777,10.));
#934=CARTESIAN_POINT('',(1.9701668631376,-4.45549377775802,9.));
#935=CARTESIAN_POINT('',(1.14590419879909,-5.02673439309575,10.));
#936=CARTESIAN_POINT('',(2.00769209017466,-4.51928543287217,9.));
#937=CARTESIAN_POINT('',(1.20883353740255,-5.12775031730279,9.99999999999999));
#938=CARTESIAN_POINT('',(2.05501419712292,-4.59458589616141,9.));
#939=CARTESIAN_POINT('',(1.29426087491334,-5.25124468214882,10.));
#940=CARTESIAN_POINT('',(2.1134464487373,-4.67814445106644,9.));
#941=CARTESIAN_POINT('',(1.3430945035691,-5.31839309781782,10.));
#942=CARTESIAN_POINT('',(2.14695069983395,-4.72370215897837,9.));
#943=CARTESIAN_POINT('',(1.38534653961183,-5.37421549105226,10.));
#944=CARTESIAN_POINT('',(2.17725509692747,-4.76346009853485,9.));
#945=CARTESIAN_POINT('',(1.42800261733498,-5.42855353207774,10.));
#946=CARTESIAN_POINT('',(2.2086685778188,-4.80339318019863,9.));
#947=CARTESIAN_POINT('',(1.47745224903188,-5.48910283798476,10.));
#948=CARTESIAN_POINT('',(2.24444416290349,-4.84715953504885,9.));
#949=CARTESIAN_POINT('',(1.53781592084942,-5.55960173822632,10.));
#950=CARTESIAN_POINT('',(2.28792883000347,-4.89801263901179,9.));
#951=CARTESIAN_POINT('',(1.61050227544893,-5.63975670477603,10.));
#952=CARTESIAN_POINT('',(2.33985330519809,-4.95538699988517,9.));
#953=CARTESIAN_POINT('',(1.69252676966417,-5.72436062571424,10.));
#954=CARTESIAN_POINT('',(2.39827736694295,-5.01561189950821,9.));
#955=CARTESIAN_POINT('',(1.77712096449631,-5.80564123516471,10.));
#956=CARTESIAN_POINT('',(2.45810506136903,-5.07298643170753,9.));
#957=CARTESIAN_POINT('',(1.85655161084118,-5.87690441307547,10.));
#958=CARTESIAN_POINT('',(2.51380039023765,-5.12297665304744,9.));
#959=CARTESIAN_POINT('',(1.92489186625645,-5.9346689022093,10.));
#960=CARTESIAN_POINT('',(2.56164052738049,-5.16344226498105,9.));
#961=CARTESIAN_POINT('',(1.98246141632836,-5.98099722097454,10.));
#962=CARTESIAN_POINT('',(2.60176832776113,-5.19577294998221,9.));
#963=CARTESIAN_POINT('',(2.03329565881078,-6.02027556937875,10.));
#964=CARTESIAN_POINT('',(2.63757605400248,-5.22342095938932,9.));
#965=CARTESIAN_POINT('',(2.09548841317234,-6.066508455709,10.));
#966=CARTESIAN_POINT('',(2.67936918017145,-5.25454379103871,9.));
#967=CARTESIAN_POINT('',(2.1413289212526,-6.09876831195891,10.));
#968=CARTESIAN_POINT('',(2.71093181646732,-5.27680381481569,9.));
#969=CARTESIAN_POINT('',(2.16917065622484,-6.11773386491263,10.));
#970=CARTESIAN_POINT('',(2.73230130488079,-5.29136598524206,9.));
#971=FACE_BOUND('',#972,.T.);
#972=EDGE_LOOP('',(#2936,#2937,#2938,#2939));
#973=B_SPLINE_SURFACE_WITH_KNOTS('',3,1,(
(#974,#975),
(#976,#977),
(#978,#979),
(#980,#981),
(#982,#983),
(#984,#985),
(#986,#987),
(#988,#989),
(#990,#991),
(#992,#993),
(#994,#995),
(#996,#997),
(#998,#999),
(#1000,#1001),
(#1002,#1003),
(#1004,#1005),
(#1006,#1007)),
.UNSPECIFIED.,.F.,.F.,.F.,
(4,1,1,1,1,1,1,1,1,1,1,1,1,1,4),
(2,2),
(4.20343837418147,5.05252792532506,5.35655444062241,5.58283264798914,5.76579532624783,
5.92685453401618,6.09427573230208,6.29697419099193,6.55890354950644,6.8909683855122,
7.27785038970018,7.73464608340623,8.2601766295871,8.83823504255174,9.79656117880536),
(0.,1.),
.UNSPECIFIED.);
#974=CARTESIAN_POINT('',(2.16915301411449,-6.11772184258093,10.));
#975=CARTESIAN_POINT('',(2.73228585821184,-5.29135545900835,9.));
#976=CARTESIAN_POINT('',(2.224922477997,-6.15589491230549,10.));
#977=CARTESIAN_POINT('',(2.78775984802139,-5.32915909232111,9.));
#978=CARTESIAN_POINT('',(2.31759576794678,-6.2152329112771,9.99999999999999));
#979=CARTESIAN_POINT('',(2.8522732630111,-5.36986826420801,9.));
#980=CARTESIAN_POINT('',(2.43662750517005,-6.28307854553524,10.));
#981=CARTESIAN_POINT('',(2.92761093545495,-5.41209204797611,9.));
#982=CARTESIAN_POINT('',(2.49839248268919,-6.31643275098163,10.));
#983=CARTESIAN_POINT('',(2.9674208590149,-5.43326881216664,9.));
#984=CARTESIAN_POINT('',(2.54690893072489,-6.341558201861,10.));
#985=CARTESIAN_POINT('',(3.00048089912112,-5.45028032237484,9.));
#986=CARTESIAN_POINT('',(2.58958674003028,-6.36290955501066,10.));
#987=CARTESIAN_POINT('',(3.03119191574451,-5.46568162080281,9.));
#988=CARTESIAN_POINT('',(2.63454561246829,-6.38466242690443,10.));
#989=CARTESIAN_POINT('',(3.06316367044713,-5.48113130633307,9.));
#990=CARTESIAN_POINT('',(2.68838742315936,-6.40971980373336,10.));
#991=CARTESIAN_POINT('',(3.1015938293272,-5.49899847621164,9.00000000000001));
#992=CARTESIAN_POINT('',(2.75691264393209,-6.44006120359749,10.));
#993=CARTESIAN_POINT('',(3.15049050158366,-5.52061349925402,9.));
#994=CARTESIAN_POINT('',(2.84203533839048,-6.47534619586909,10.));
#995=CARTESIAN_POINT('',(3.21142026957717,-5.54585070214601,9.));
#996=CARTESIAN_POINT('',(2.9448291360032,-6.51455751233675,10.));
#997=CARTESIAN_POINT('',(3.28537471742512,-5.57410309520523,9.));
#998=CARTESIAN_POINT('',(3.06503546023853,-6.5559573163293,10.));
#999=CARTESIAN_POINT('',(3.37268219173763,-5.60429526658604,9.));
#1000=CARTESIAN_POINT('',(3.20385753735785,-6.59805058708307,10.));
#1001=CARTESIAN_POINT('',(3.47406212421592,-5.63493691299481,9.));
#1002=CARTESIAN_POINT('',(3.38806882021811,-6.64582418235938,9.99999999999999));
#1003=CARTESIAN_POINT('',(3.61069377834942,-5.67049614853358,9.));
#1004=CARTESIAN_POINT('',(3.52700992945078,-6.67386166191269,10.));
#1005=CARTESIAN_POINT('',(3.71282631929392,-5.6904961706109,9.));
#1006=CARTESIAN_POINT('',(3.6120320051992,-6.68825783240598,10.));
#1007=CARTESIAN_POINT('',(3.77922841997695,-5.70233437827749,9.));
#1008=FACE_BOUND('',#1009,.T.);
#1009=EDGE_LOOP('',(#2940,#2941,#2942));
#1010=B_SPLINE_SURFACE_WITH_KNOTS('',3,1,(
(#1011,#1012),
(#1013,#1014),
(#1015,#1016),
(#1017,#1018),
(#1019,#1020),
(#1021,#1022),
(#1023,#1024),
(#1025,#1026),
(#1027,#1028),
(#1029,#1030),
(#1031,#1032),
(#1033,#1034),
(#1035,#1036)),
.UNSPECIFIED.,.F.,.F.,.F.,
(4,1,1,1,1,1,1,1,1,1,4),
(2,2),
(-1.03585245152534E-5,0.195173485068984,0.280996425998611,0.364212094323674,0.44898482690248,
0.534929361903069,0.621410421132352,0.707576905545412,0.793835580293694,0.874633526102902,
1.00001035852452),
(0.,1.),
.UNSPECIFIED.);
#1011=CARTESIAN_POINT('',(-9.79355843865784,-0.817195656376523,9.));
#1012=CARTESIAN_POINT('',(-9.97117495548019,0.16690412156873,10.));
#1013=CARTESIAN_POINT('',(-9.79355843865783,-0.817195656376523,9.));
#1014=CARTESIAN_POINT('',(-10.0948555972628,0.144746082274502,9.99999999999999));
#1015=CARTESIAN_POINT('',(-9.79355843865784,-0.817195656376524,9.));
#1016=CARTESIAN_POINT('',(-10.2665606453915,0.0784703919319672,10.));
#1017=CARTESIAN_POINT('',(-9.79355843865783,-0.817195656376523,9.));
#1018=CARTESIAN_POINT('',(-10.4554638372637,-0.0616861612253428,10.));
#1019=CARTESIAN_POINT('',(-9.79355843865783,-0.817195656376523,9.));
#1020=CARTESIAN_POINT('',(-10.5694683775385,-0.179410398563868,10.));
#1021=CARTESIAN_POINT('',(-9.79355843865784,-0.817195656376523,9.));
#1022=CARTESIAN_POINT('',(-10.6630239420605,-0.314080571112979,10.));
#1023=CARTESIAN_POINT('',(-9.79355843865784,-0.817195656376523,9.));
#1024=CARTESIAN_POINT('',(-10.7341268532082,-0.464194144452652,10.));
#1025=CARTESIAN_POINT('',(-9.79355843865784,-0.817195656376524,9.));
#1026=CARTESIAN_POINT('',(-10.7796213468005,-0.624886979010344,10.));
#1027=CARTESIAN_POINT('',(-9.79355843865783,-0.817195656376523,9.));
#1028=CARTESIAN_POINT('',(-10.7978484156112,-0.791098281419281,9.99999999999999));
#1029=CARTESIAN_POINT('',(-9.79355843865784,-0.817195656376524,9.));
#1030=CARTESIAN_POINT('',(-10.7884920358229,-0.954368347393425,10.));
#1031=CARTESIAN_POINT('',(-9.79355843865783,-0.817195656376523,9.));
#1032=CARTESIAN_POINT('',(-10.7475716289647,-1.13866244107261,10.));
#1033=CARTESIAN_POINT('',(-9.79355843865784,-0.817195656376523,9.));
#1034=CARTESIAN_POINT('',(-10.6934005564227,-1.26085687642326,10.));
#1035=CARTESIAN_POINT('',(-9.79355843865784,-0.817195656376523,9.));
#1036=CARTESIAN_POINT('',(-10.6519940131613,-1.33011705817892,10.));
#1037=FACE_BOUND('',#1038,.T.);
#1038=EDGE_LOOP('',(#2943,#2944,#2945,#2946));
#1039=B_SPLINE_SURFACE_WITH_KNOTS('',3,1,(
(#1040,#1041),
(#1042,#1043),
(#1044,#1045),
(#1046,#1047),
(#1048,#1049),
(#1050,#1051),
(#1052,#1053),
(#1054,#1055),
(#1056,#1057),
(#1058,#1059)),
.UNSPECIFIED.,.F.,.F.,.F.,
(4,1,1,1,1,1,1,4),
(2,2),
(2.52361222293465,3.71691813558434,4.18427425936728,4.57208185168724,4.91140204631929,
5.23696558801626,5.56201054554917,6.18789768175207),
(0.,1.),
.UNSPECIFIED.);
#1040=CARTESIAN_POINT('',(-10.6520100561737,-1.33009020741298,10.));
#1041=CARTESIAN_POINT('',(-9.79356293208869,-0.81718818143792,9.));
#1042=CARTESIAN_POINT('',(-10.569497240993,-1.46823464216744,9.99999999999999));
#1043=CARTESIAN_POINT('',(-9.72954066135276,-0.923814996339723,8.99999999999999));
#1044=CARTESIAN_POINT('',(-10.4429473214634,-1.65617901082603,10.));
#1045=CARTESIAN_POINT('',(-9.63355517056948,-1.067026743164,9.00000000000001));
#1046=CARTESIAN_POINT('',(-10.2655259588686,-1.87557560976209,10.));
#1047=CARTESIAN_POINT('',(-9.50197046975489,-1.22901331650069,9.));
#1048=CARTESIAN_POINT('',(-10.1550448579764,-1.99973974512381,10.));
#1049=CARTESIAN_POINT('',(-9.42140678780233,-1.31975167120798,9.));
#1050=CARTESIAN_POINT('',(-10.0531010543234,-2.10516045064861,10.));
#1051=CARTESIAN_POINT('',(-9.34752927718071,-1.39624641550579,9.));
#1052=CARTESIAN_POINT('',(-9.95353653122717,-2.20048739263834,10.));
#1053=CARTESIAN_POINT('',(-9.27557208734041,-1.46496305095606,9.));
#1054=CARTESIAN_POINT('',(-9.81944960836873,-2.31933440044303,10.));
#1055=CARTESIAN_POINT('',(-9.17958928598817,-1.55003329228336,9.));
#1056=CARTESIAN_POINT('',(-9.71431096688348,-2.40229247611545,10.));
#1057=CARTESIAN_POINT('',(-9.10475966891845,-1.60914638082409,9.));
#1058=CARTESIAN_POINT('',(-9.64335797929406,-2.45402410017372,10.));
#1059=CARTESIAN_POINT('',(-9.054151587199,-1.64604153382435,9.));
#1060=FACE_BOUND('',#1061,.T.);
#1061=EDGE_LOOP('',(#2947,#2948,#2949,#2950));
#1062=B_SPLINE_SURFACE_WITH_KNOTS('',3,1,(
(#1063,#1064),
(#1065,#1066),
(#1067,#1068),
(#1069,#1070),
(#1071,#1072),
(#1073,#1074),
(#1075,#1076),
(#1077,#1078),
(#1079,#1080),
(#1081,#1082),
(#1083,#1084),
(#1085,#1086),
(#1087,#1088),
(#1089,#1090),
(#1091,#1092),
(#1093,#1094),
(#1095,#1096),
(#1097,#1098),
(#1099,#1100),
(#1101,#1102),
(#1103,#1104),
(#1105,#1106),
(#1107,#1108),
(#1109,#1110),
(#1111,#1112),
(#1113,#1114)),
.UNSPECIFIED.,.F.,.F.,.F.,
(4,1,1,1,1,1,1,1,1,1,1,1,1,1,1,1,1,1,1,1,1,1,1,4),
(2,2),
(3.1723296562153,3.76637662774067,3.98379438684361,4.15396032759143,4.29931531081629,
4.43400907226936,4.57858027959821,4.76501650059986,5.02938321071377,5.37261570632642,
5.7560492016167,6.15199689755128,6.55165251032701,6.97262788676044,7.39844504402604,
7.83061250025249,8.27297469133491,8.74106074366368,9.23453608944478,9.73895717433811,
10.2575006434891,10.797257042873,11.3161963629583,11.8276700419384),
(0.,1.),
.UNSPECIFIED.);
#1063=CARTESIAN_POINT('',(-9.64337547521765,-2.45401134150829,10.));
#1064=CARTESIAN_POINT('',(-9.05416640301113,-1.64603072959391,9.));
#1065=CARTESIAN_POINT('',(-9.59271228462335,-2.49109542474264,10.));
#1066=CARTESIAN_POINT('',(-9.00401371218631,-1.68260400533761,9.00000000000001));
#1067=CARTESIAN_POINT('',(-9.50875971753729,-2.54881416449519,9.99999999999999));
#1068=CARTESIAN_POINT('',(-8.94473077620404,-1.72275051203837,9.));
#1069=CARTESIAN_POINT('',(-9.39874470512765,-2.61684416713278,10.));
#1070=CARTESIAN_POINT('',(-8.8751416283664,-1.76504503826509,9.));
#1071=CARTESIAN_POINT('',(-9.33857434138366,-2.65223976136742,10.));
#1072=CARTESIAN_POINT('',(-8.83664599093408,-1.78734115757181,9.));
#1073=CARTESIAN_POINT('',(-9.28836024630038,-2.6806054010562,10.));
#1074=CARTESIAN_POINT('',(-8.8030051510887,-1.80619430617505,9.));
#1075=CARTESIAN_POINT('',(-9.24245827565685,-2.70565235032295,10.));
#1076=CARTESIAN_POINT('',(-8.76972918927359,-1.82445510013167,9.));
#1077=CARTESIAN_POINT('',(-9.19158678004268,-2.73247933267926,10.));
#1078=CARTESIAN_POINT('',(-8.73293137396053,-1.8438667905228,9.));
#1079=CARTESIAN_POINT('',(-9.12618116858518,-2.76557439254549,10.));
#1080=CARTESIAN_POINT('',(-8.68522046666773,-1.86797667946098,9.));
#1081=CARTESIAN_POINT('',(-9.03818401472126,-2.80765231081656,10.));
#1082=CARTESIAN_POINT('',(-8.62060073115762,-1.89877751562201,9.00000000000001));
#1083=CARTESIAN_POINT('',(-8.92739639694522,-2.85667824826428,10.));
#1084=CARTESIAN_POINT('',(-8.53840055847609,-1.93506282199279,9.));
#1085=CARTESIAN_POINT('',(-8.80109195442835,-2.90755332891609,10.));
#1086=CARTESIAN_POINT('',(-8.4438287469152,-1.97346221934403,9.));
#1087=CARTESIAN_POINT('',(-8.66769460570862,-2.95602510374952,10.));
#1088=CARTESIAN_POINT('',(-8.34209512546052,-2.01037924321393,9.));
#1089=CARTESIAN_POINT('',(-8.52936037140003,-3.00113158592468,10.));
#1090=CARTESIAN_POINT('',(-8.23496658726703,-2.04510311117259,9.));
#1091=CARTESIAN_POINT('',(-8.38705757812557,-3.04244939757441,10.));
#1092=CARTESIAN_POINT('',(-8.12356880570935,-2.07747933933632,9.));
#1093=CARTESIAN_POINT('',(-8.24072594824839,-3.07993345660887,10.));
#1094=CARTESIAN_POINT('',(-8.00789563159774,-2.10747905775964,9.));
#1095=CARTESIAN_POINT('',(-8.09219309798361,-3.11321369739052,10.));
#1096=CARTESIAN_POINT('',(-7.8880156662107,-2.13412752927698,9.));
#1097=CARTESIAN_POINT('',(-7.93888084926348,-3.14291528699768,9.99999999999999));
#1098=CARTESIAN_POINT('',(-7.7626467611962,-2.1581733864683,9.));
#1099=CARTESIAN_POINT('',(-7.77827411312098,-3.16929940617139,10.));
#1100=CARTESIAN_POINT('',(-7.6305602781368,-2.1801488683208,9.));
#1101=CARTESIAN_POINT('',(-7.6108928311608,-3.19194540494113,10.));
#1102=CARTESIAN_POINT('',(-7.49127792587646,-2.19929352717115,9.));
#1103=CARTESIAN_POINT('',(-7.4386873722356,-3.21045112546576,10.));
#1104=CARTESIAN_POINT('',(-7.34535736798818,-2.21479124007262,9.));
#1105=CARTESIAN_POINT('',(-7.26181870896274,-3.22478233178575,10.));
#1106=CARTESIAN_POINT('',(-7.1938141988497,-2.22678172816524,9.));
#1107=CARTESIAN_POINT('',(-7.08334476490996,-3.23468492477561,10.));
#1108=CARTESIAN_POINT('',(-7.03998386091933,-2.23580550605083,9.));
#1109=CARTESIAN_POINT('',(-6.90669465689968,-3.24028038762643,9.99999999999999));
#1110=CARTESIAN_POINT('',(-6.88723820671726,-2.23946034252651,9.));
#1111=CARTESIAN_POINT('',(-6.79132431612601,-3.2414421369543,10.));
#1112=CARTESIAN_POINT('',(-6.78544044701009,-2.24060702101015,9.));
#1113=CARTESIAN_POINT('',(-6.73411007216326,-3.24144210498207,10.));
#1114=CARTESIAN_POINT('',(-6.73411115643257,-2.24144225883362,9.));
#1115=FACE_BOUND('',#1116,.T.);
#1116=EDGE_LOOP('',(#2951,#2952,#2953,#2954));
#1117=B_SPLINE_SURFACE_WITH_KNOTS('',3,1,(
(#1118,#1119),
(#1120,#1121),
(#1122,#1123),
(#1124,#1125),
(#1126,#1127),
(#1128,#1129),
(#1130,#1131),
(#1132,#1133),
(#1134,#1135),
(#1136,#1137),
(#1138,#1139),
(#1140,#1141),
(#1142,#1143),
(#1144,#1145),
(#1146,#1147),
(#1148,#1149),
(#1150,#1151),
(#1152,#1153),
(#1154,#1155),
(#1156,#1157),
(#1158,#1159),
(#1160,#1161),
(#1162,#1163),
(#1164,#1165),
(#1166,#1167)),
.UNSPECIFIED.,.F.,.F.,.F.,
(4,1,1,1,1,1,1,1,1,1,1,1,1,1,1,1,1,1,1,1,1,1,4),
(2,2),
(2.73419576643679,3.82417772015234,4.23352265255724,4.55612489535541,4.84115480916782,
5.12072971647309,5.45396940468268,5.83267021253118,6.24193431597358,6.64868766537981,
7.06139012859718,7.45817962958148,7.8319995635728,8.18502342005665,8.54879431360288,
8.93500628290655,9.35528356017474,9.82081306417785,10.3212131971164,10.8363970320516,
11.302732382613,11.7110260503086,12.2658040255546),
(0.,1.),
.UNSPECIFIED.);
#1118=CARTESIAN_POINT('',(-6.73413064581342,-3.24144210498207,10.));
#1119=CARTESIAN_POINT('',(-6.73413058217346,-2.24144210498207,9.));
#1120=CARTESIAN_POINT('',(-6.60067895485043,-3.24154389592283,10.));
#1121=CARTESIAN_POINT('',(-6.60156843246202,-2.24144141809587,9.));
#1122=CARTESIAN_POINT('',(-6.40077758285203,-3.23610535511405,10.));
#1123=CARTESIAN_POINT('',(-6.43385168794221,-2.23669353326438,8.99999999999999));
#1124=CARTESIAN_POINT('',(-6.15331505624053,-3.21738628998808,10.));
#1125=CARTESIAN_POINT('',(-6.23619067274907,-2.22120800899845,9.));
#1126=CARTESIAN_POINT('',(-6.01598911991013,-3.20362401568998,10.));
#1127=CARTESIAN_POINT('',(-6.12575121339527,-2.20974116911014,9.));
#1128=CARTESIAN_POINT('',(-5.89811304678189,-3.1893515923696,10.));
#1129=CARTESIAN_POINT('',(-6.02806404629881,-2.19757452754181,9.));
#1130=CARTESIAN_POINT('',(-5.77849334260071,-3.17247781060464,10.));
#1131=CARTESIAN_POINT('',(-5.92967028236069,-2.18364129474014,9.));
#1132=CARTESIAN_POINT('',(-5.6464883383119,-3.15086741412862,10.));
#1133=CARTESIAN_POINT('',(-5.82150655296574,-2.16605948325455,9.));
#1134=CARTESIAN_POINT('',(-5.4973571442082,-3.12235843833047,10.));
#1135=CARTESIAN_POINT('',(-5.70022549942096,-2.14309987083639,9.));
#1136=CARTESIAN_POINT('',(-5.33892437645986,-3.08699793182383,10.));
#1137=CARTESIAN_POINT('',(-5.57262492521474,-2.11464565298835,9.));
#1138=CARTESIAN_POINT('',(-5.17655013808254,-3.045068719534,10.));
#1139=CARTESIAN_POINT('',(-5.44340843936053,-2.08088017194982,9.));
#1140=CARTESIAN_POINT('',(-5.01620559201486,-2.99767501373614,10.));
#1141=CARTESIAN_POINT('',(-5.31669386416908,-2.04355130043916,9.));
#1142=CARTESIAN_POINT('',(-4.86136051649199,-2.94582993951402,10.));
#1143=CARTESIAN_POINT('',(-5.19526802600436,-2.00308742069816,9.));
#1144=CARTESIAN_POINT('',(-4.71610439331404,-2.89147499288716,10.));
#1145=CARTESIAN_POINT('',(-5.08215128042476,-1.96070421963304,9.));
#1146=CARTESIAN_POINT('',(-4.57642074051627,-2.83374596602789,10.));
#1147=CARTESIAN_POINT('',(-4.97423664391314,-1.91591232982964,9.));
#1148=CARTESIAN_POINT('',(-4.43630109982918,-2.77013067647942,10.));
#1149=CARTESIAN_POINT('',(-4.86666348698189,-1.8671296971519,9.));
#1150=CARTESIAN_POINT('',(-4.28991862046239,-2.69706830746082,10.));
#1151=CARTESIAN_POINT('',(-4.75475491506632,-1.81140556489716,9.));
#1152=CARTESIAN_POINT('',(-4.13478396415763,-2.61174430416628,10.));
#1153=CARTESIAN_POINT('',(-4.63627680648918,-1.74618084698911,9.));
#1154=CARTESIAN_POINT('',(-3.96880266335032,-2.51063321888275,10.));
#1155=CARTESIAN_POINT('',(-4.51035115665537,-1.66935849585577,9.));
#1156=CARTESIAN_POINT('',(-3.79661566444162,-2.3937545102897,10.));
#1157=CARTESIAN_POINT('',(-4.37987645492006,-1.58088723836637,9.));
#1158=CARTESIAN_POINT('',(-3.63199419325102,-2.26925102289891,10.));
#1159=CARTESIAN_POINT('',(-4.25426023521248,-1.48599200963471,9.));
#1160=CARTESIAN_POINT('',(-3.48275543681536,-2.14444132604544,10.));
#1161=CARTESIAN_POINT('',(-4.14066552522762,-1.39085589471397,9.));
#1162=CARTESIAN_POINT('',(-3.33555654863259,-2.01015340039764,10.));
#1163=CARTESIAN_POINT('',(-4.02740875937918,-1.28773370558687,9.));
#1164=CARTESIAN_POINT('',(-3.24071911603719,-1.91518951947935,10.));
#1165=CARTESIAN_POINT('',(-3.95536119967095,-1.21503239834101,9.));
#1166=CARTESIAN_POINT('',(-3.18824156800301,-1.8598667334671,10.));
#1167=CARTESIAN_POINT('',(-3.9136819324663,-1.17158187970379,9.));
#1168=FACE_BOUND('',#1169,.T.);
#1169=EDGE_LOOP('',(#2955,#2956,#2957,#2958));
#1170=B_SPLINE_SURFACE_WITH_KNOTS('',3,1,(
(#1171,#1172),
(#1173,#1174),
(#1175,#1176),
(#1177,#1178),
(#1179,#1180),
(#1181,#1182),
(#1183,#1184),
(#1185,#1186),
(#1187,#1188),
(#1189,#1190),
(#1191,#1192),
(#1193,#1194),
(#1195,#1196),
(#1197,#1198),
(#1199,#1200),
(#1201,#1202),
(#1203,#1204),
(#1205,#1206),
(#1207,#1208),
(#1209,#1210),
(#1211,#1212),
(#1213,#1214),
(#1215,#1216),
(#1217,#1218),
(#1219,#1220),
(#1221,#1222),
(#1223,#1224)),
.UNSPECIFIED.,.F.,.F.,.F.,
(4,1,1,1,1,1,1,1,1,1,1,1,1,1,1,1,1,1,1,1,1,1,1,1,4),
(2,2),
(2.59557975381632,3.27259841518145,3.51202005494639,3.69117809004911,3.84026931503188,
3.98522953462623,4.17131689953607,4.41999202610602,4.7407103821656,5.09377793719626,
5.47457687824298,5.87549620348597,6.3038715430427,6.72613016029678,7.14306773540895,
7.55556874727171,7.96742658648875,8.41764863452963,8.90069457531186,9.44111453368414,
9.95092479291957,10.4514650672171,10.9703841397559,11.5238308396224,12.4044201004088),
(0.,1.),
.UNSPECIFIED.);
#1171=CARTESIAN_POINT('',(-3.18825609728012,-1.85988204700961,10.));
#1172=CARTESIAN_POINT('',(-3.91369502061176,-1.17159550165554,9.));
#1173=CARTESIAN_POINT('',(-3.12798475339194,-1.79656158653066,9.99999999999999));
#1174=CARTESIAN_POINT('',(-3.85413319169839,-1.1088190981282,8.99999999999999));
#1175=CARTESIAN_POINT('',(-3.03742377764642,-1.69510055526396,10.));
#1176=CARTESIAN_POINT('',(-3.78638290759865,-1.03207010101732,9.00000000000001));
#1177=CARTESIAN_POINT('',(-2.93205813819097,-1.56412031690134,10.));
#1178=CARTESIAN_POINT('',(-3.71347274473938,-0.940381532168401,9.));
#1179=CARTESIAN_POINT('',(-2.87936599831081,-1.49547850899542,10.));
#1180=CARTESIAN_POINT('',(-3.67654424105765,-0.89178238470962,9.));
#1181=CARTESIAN_POINT('',(-2.83723738434728,-1.43855137909491,10.));
#1182=CARTESIAN_POINT('',(-3.64578861573005,-0.850010578640592,9.));
#1183=CARTESIAN_POINT('',(-2.79645781492676,-1.38165640588702,9.99999999999999));
#1184=CARTESIAN_POINT('',(-3.61423062553064,-0.80608365761204,9.));
#1185=CARTESIAN_POINT('',(-2.74804128426088,-1.31163604400721,10.));
#1186=CARTESIAN_POINT('',(-3.57723109776427,-0.75250330195829,9.));
#1187=CARTESIAN_POINT('',(-2.6870629551424,-1.21908531027887,10.));
#1188=CARTESIAN_POINT('',(-3.53039831610968,-0.681339442499161,9.));
#1189=CARTESIAN_POINT('',(-2.61586345362885,-1.10390541059902,10.));
#1190=CARTESIAN_POINT('',(-3.47568713365483,-0.59270145140773,9.));
#1191=CARTESIAN_POINT('',(-2.53928698356985,-0.970115393048152,10.));
#1192=CARTESIAN_POINT('',(-3.41637266707807,-0.489210412795839,9.));
#1193=CARTESIAN_POINT('',(-2.46264575888503,-0.82435252636153,10.));
#1194=CARTESIAN_POINT('',(-3.35642298976508,-0.375576386693745,9.));
#1195=CARTESIAN_POINT('',(-2.3866746001437,-0.66585185278569,10.));
#1196=CARTESIAN_POINT('',(-3.29696617928603,-0.251098893432711,9.));
#1197=CARTESIAN_POINT('',(-2.31470565442839,-0.499637585051083,10.));
#1198=CARTESIAN_POINT('',(-3.24015058847163,-0.119552083648094,9.));
#1199=CARTESIAN_POINT('',(-2.24871352396947,-0.329976030653815,10.));
#1200=CARTESIAN_POINT('',(-3.18712508249011,0.0156976999208366,9.));
#1201=CARTESIAN_POINT('',(-2.18978812638866,-0.160920048772974,10.));
#1202=CARTESIAN_POINT('',(-3.13965507717311,0.152170505377922,9.));
#1203=CARTESIAN_POINT('',(-2.13723067833151,0.00797857482759788,10.));
#1204=CARTESIAN_POINT('',(-3.09705095234655,0.289879084927826,9.));
#1205=CARTESIAN_POINT('',(-2.08905684093972,0.182277908156246,10.));
#1206=CARTESIAN_POINT('',(-3.05747733998857,0.433047721472941,9.));
#1207=CARTESIAN_POINT('',(-2.0443665535217,0.366718494109974,10.));
#1208=CARTESIAN_POINT('',(-3.02000464029829,0.585519724682618,9.));
#1209=CARTESIAN_POINT('',(-2.00228909412902,0.569113743336096,10.));
#1210=CARTESIAN_POINT('',(-2.98497930727965,0.755542130633311,9.));
#1211=CARTESIAN_POINT('',(-1.96584791381544,0.779978785181175,10.));
#1212=CARTESIAN_POINT('',(-2.95439278301,0.934599200123237,9.));
#1213=CARTESIAN_POINT('',(-1.93604969845153,0.993681834159874,10.));
#1214=CARTESIAN_POINT('',(-2.92840902895276,1.11669724545437,9.));
#1215=CARTESIAN_POINT('',(-1.91302368431733,1.20396381144611,10.));
#1216=CARTESIAN_POINT('',(-2.90833272208681,1.29807089313022,9.));
#1217=CARTESIAN_POINT('',(-1.89548500425443,1.41962967733379,10.));
#1218=CARTESIAN_POINT('',(-2.89326708424743,1.48628912823476,9.));
#1219=CARTESIAN_POINT('',(-1.88115927635898,1.6867173855824,10.));
#1220=CARTESIAN_POINT('',(-2.88074036158867,1.72166821247237,9.));
#1221=CARTESIAN_POINT('',(-1.87743647651659,1.88232488456458,10.));
#1222=CARTESIAN_POINT('',(-2.87787593516701,1.89443529709133,9.));
#1223=CARTESIAN_POINT('',(-1.87743720761374,2.00187423364769,10.));
#1224=CARTESIAN_POINT('',(-2.87743710911601,2.00187320297308,9.));
#1225=FACE_BOUND('',#1226,.T.);
#1226=EDGE_LOOP('',(#2959,#2960,#2961,#2962));
#1227=B_SPLINE_SURFACE_WITH_KNOTS('',3,1,(
(#1228,#1229),
(#1230,#1231),
(#1232,#1233),
(#1234,#1235),
(#1236,#1237),
(#1238,#1239),
(#1240,#1241),
(#1242,#1243),
(#1244,#1245),
(#1246,#1247),
(#1248,#1249),
(#1250,#1251),
(#1252,#1253),
(#1254,#1255),
(#1256,#1257),
(#1258,#1259),
(#1260,#1261),
(#1262,#1263),
(#1264,#1265),
(#1266,#1267),
(#1268,#1269),
(#1270,#1271),
(#1272,#1273),
(#1274,#1275),
(#1276,#1277),
(#1278,#1279),
(#1280,#1281),
(#1282,#1283)),
.UNSPECIFIED.,.F.,.F.,.F.,
(4,1,1,1,1,1,1,1,1,1,1,1,1,1,1,1,1,1,1,1,1,1,1,1,1,4),
(2,2),
(2.43243561792867,3.58659665392866,3.98744220106562,4.29917884751992,4.58168877937943,
4.87756211226759,5.21580685242871,5.60255121579528,6.01906107586626,6.43043965640095,
6.83138766438036,7.2243739269935,7.62541842812329,8.02359281911151,8.40274554122649,
8.7541384318621,9.08492991396963,9.40203517493154,9.69876210343352,9.96803703713053,
10.2027863136775,10.421326308672,10.6489340512234,10.9108865704411,11.1623780639022,
11.5675642734901),
(0.,1.),
.UNSPECIFIED.);
#1228=CARTESIAN_POINT('',(-1.87743720761374,2.00185369354756,10.));
#1229=CARTESIAN_POINT('',(-2.87743720761374,2.00185374332923,9.));
#1230=CARTESIAN_POINT('',(-1.87735517705814,2.16055320104692,10.));
#1231=CARTESIAN_POINT('',(-2.87744622934566,2.15975133515512,9.));
#1232=CARTESIAN_POINT('',(-1.88315907458755,2.38877908556872,10.));
#1233=CARTESIAN_POINT('',(-2.88250076907548,2.3592377439476,9.));
#1234=CARTESIAN_POINT('',(-1.9024402392723,2.66706587990178,10.));
#1235=CARTESIAN_POINT('',(-2.89913729707724,2.59288845711303,9.));
#1236=CARTESIAN_POINT('',(-1.91581209669475,2.81515183328032,10.));
#1237=CARTESIAN_POINT('',(-2.91073448117716,2.71719082147494,9.));
#1238=CARTESIAN_POINT('',(-1.93002414459734,2.94624368691026,10.));
#1239=CARTESIAN_POINT('',(-2.92339049855444,2.82929312347018,9.));
#1240=CARTESIAN_POINT('',(-1.94708344107944,3.08098698712385,10.));
#1241=CARTESIAN_POINT('',(-2.93816291159092,2.94470593275408,9.));
#1242=CARTESIAN_POINT('',(-1.96920571663373,3.23102387748159,10.));
#1243=CARTESIAN_POINT('',(-2.95689177346654,3.07269126016272,9.));
#1244=CARTESIAN_POINT('',(-1.99811537735193,3.39864696202974,10.));
#1245=CARTESIAN_POINT('',(-2.98110754805953,3.21482242903364,9.));
#1246=CARTESIAN_POINT('',(-2.03408121179213,3.57683622459964,10.));
#1247=CARTESIAN_POINT('',(-3.01112193417992,3.36444198528479,9.));
#1248=CARTESIAN_POINT('',(-2.07624492979893,3.75690467061108,10.));
#1249=CARTESIAN_POINT('',(-3.04659498901664,3.51337573959614,9.));
#1250=CARTESIAN_POINT('',(-2.1234676102,3.93307361709764,10.));
#1251=CARTESIAN_POINT('',(-3.08538329750804,3.65833161849681,9.));
#1252=CARTESIAN_POINT('',(-2.17619840078862,4.10685227591022,10.));
#1253=CARTESIAN_POINT('',(-3.12816617403964,3.80021467879068,9.));
#1254=CARTESIAN_POINT('',(-2.23491119882001,4.27892972578614,10.));
#1255=CARTESIAN_POINT('',(-3.17552960880593,3.93933680635292,9.));
#1256=CARTESIAN_POINT('',(-2.29925836250229,4.44747224183397,10.));
#1257=CARTESIAN_POINT('',(-3.2273508045852,4.07390995155292,9.));
#1258=CARTESIAN_POINT('',(-2.36725377749978,4.6077772169002,10.));
#1259=CARTESIAN_POINT('',(-3.28115433473297,4.20103531655422,9.));
#1260=CARTESIAN_POINT('',(-2.43675146705087,4.75663940413466,10.));
#1261=CARTESIAN_POINT('',(-3.33570175774717,4.31827787032475,9.));
#1262=CARTESIAN_POINT('',(-2.50693280886834,4.89448098318787,10.));
#1263=CARTESIAN_POINT('',(-3.39066396701561,4.4261841741849,9.));
#1264=CARTESIAN_POINT('',(-2.57774463781484,5.02286004425345,10.));
#1265=CARTESIAN_POINT('',(-3.44591825204661,4.52598992486159,9.));
#1266=CARTESIAN_POINT('',(-2.64824975704127,5.14148538385712,10.));
#1267=CARTESIAN_POINT('',(-3.50038760180905,4.61768231757391,9.));
#1268=CARTESIAN_POINT('',(-2.71546176717941,5.24716714368632,10.));
#1269=CARTESIAN_POINT('',(-3.55215134821591,4.69920493893367,9.));
#1270=CARTESIAN_POINT('',(-2.77875377922544,5.34093635824423,10.));
#1271=CARTESIAN_POINT('',(-3.60072307747357,4.77122225647364,9.));
#1272=CARTESIAN_POINT('',(-2.84009906442334,5.4271961756108,10.));
#1273=CARTESIAN_POINT('',(-3.64816774201262,4.83806616091965,9.));
#1274=CARTESIAN_POINT('',(-2.90722854098945,5.51689663256214,10.));
#1275=CARTESIAN_POINT('',(-3.69877900780741,4.90471061744492,9.));
#1276=CARTESIAN_POINT('',(-2.98081301076421,5.60980438290712,10.));
#1277=CARTESIAN_POINT('',(-3.75343176492238,4.97218428735482,9.));
#1278=CARTESIAN_POINT('',(-3.07461302846949,5.72147149100843,10.));
#1279=CARTESIAN_POINT('',(-3.82389278512973,5.05510133656263,9.));
#1280=CARTESIAN_POINT('',(-3.14247471674981,5.79650938680687,10.));
#1281=CARTESIAN_POINT('',(-3.87715516441679,5.11550666186022,9.));
#1282=CARTESIAN_POINT('',(-3.18353949623223,5.84008273533454,10.));
#1283=CARTESIAN_POINT('',(-3.91138266894807,5.15433956126935,9.));
#1284=FACE_BOUND('',#1285,.T.);
#1285=EDGE_LOOP('',(#2963,#2964,#2965,#2966));
#1286=B_SPLINE_SURFACE_WITH_KNOTS('',3,1,(
(#1287,#1288),
(#1289,#1290),
(#1291,#1292),
(#1293,#1294),
(#1295,#1296),
(#1297,#1298),
(#1299,#1300),
(#1301,#1302),
(#1303,#1304),
(#1305,#1306),
(#1307,#1308),
(#1309,#1310),
(#1311,#1312),
(#1313,#1314),
(#1315,#1316),
(#1317,#1318),
(#1319,#1320),
(#1321,#1322),
(#1323,#1324),
(#1325,#1326),
(#1327,#1328),
(#1329,#1330),
(#1331,#1332),
(#1333,#1334),
(#1335,#1336),
(#1337,#1338),
(#1339,#1340),
(#1341,#1342),
(#1343,#1344),
(#1345,#1346)),
.UNSPECIFIED.,.F.,.F.,.F.,
(4,1,1,1,1,1,1,1,1,1,1,1,1,1,1,1,1,1,1,1,1,1,1,1,1,1,1,4),
(2,2),
(2.75408470702998,3.51452102286064,3.7811038550053,3.97956690756469,4.14567422946786,
4.30777856514532,4.49155758719576,4.72156967128084,5.01371303803255,5.34368975611009,
5.68958569189511,6.03021188120603,6.38525071017798,6.75833048420899,7.15853372539692,
7.58239786095692,8.04212514925241,8.54536782976739,9.07705651432608,9.58936018766401,
10.0311470829522,10.4224399628875,10.7966720226112,11.1430721025752,11.4406014612562,
11.6851831129729,11.9149859267648,12.2459150915884),
(0.,1.),
.UNSPECIFIED.);
#1287=CARTESIAN_POINT('',(-3.18352524776131,5.84006761206018,10.));
#1288=CARTESIAN_POINT('',(-3.91136968446046,5.15432533104923,9.));
#1289=CARTESIAN_POINT('',(-3.24689235368984,5.90753875513235,9.99999999999999));
#1290=CARTESIAN_POINT('',(-3.974213339637,5.22102728414972,8.99999999999999));
#1291=CARTESIAN_POINT('',(-3.34824259099759,6.00880430957732,10.));
#1292=CARTESIAN_POINT('',(-4.05129094189216,5.29734407967479,9.00000000000001));
#1293=CARTESIAN_POINT('',(-3.47913677408571,6.12659057099821,10.));
#1294=CARTESIAN_POINT('',(-4.14405428051941,5.37997518093419,9.));
#1295=CARTESIAN_POINT('',(-3.54754589710348,6.18531029727779,10.));
#1296=CARTESIAN_POINT('',(-4.19303995049781,5.42162206088154,9.));
#1297=CARTESIAN_POINT('',(-3.60434744354392,6.23229644176443,10.));
#1298=CARTESIAN_POINT('',(-4.23536180104739,5.45645214964873,9.));
#1299=CARTESIAN_POINT('',(-3.65940088166469,6.27636583934297,10.));
#1300=CARTESIAN_POINT('',(-4.2777538771331,5.49036450461001,9.));
#1301=CARTESIAN_POINT('',(-3.72271481235186,6.32530397901114,10.));
#1302=CARTESIAN_POINT('',(-4.32587569882579,5.52749926511685,9.));
#1303=CARTESIAN_POINT('',(-3.80162051808209,6.38372717663492,10.));
#1304=CARTESIAN_POINT('',(-4.38586713033097,5.5719069167534,9.));
#1305=CARTESIAN_POINT('',(-3.89888507068036,6.45187875756523,10.));
#1306=CARTESIAN_POINT('',(-4.45957570007494,5.62357287861598,9.));
#1307=CARTESIAN_POINT('',(-4.01161877826566,6.52570019657874,10.));
#1308=CARTESIAN_POINT('',(-4.54503462155786,5.67961195927676,9.));
#1309=CARTESIAN_POINT('',(-4.13182624778837,6.5987218487333,10.));
#1310=CARTESIAN_POINT('',(-4.63653925342748,5.7352224070795,9.));
#1311=CARTESIAN_POINT('',(-4.25815214274689,6.66964464291463,10.));
#1312=CARTESIAN_POINT('',(-4.73253949465899,5.78903259141551,9.));
#1313=CARTESIAN_POINT('',(-4.39025370703671,6.73787964278294,10.));
#1314=CARTESIAN_POINT('',(-4.83306562034465,5.8409079810792,9.));
#1315=CARTESIAN_POINT('',(-4.53169133325137,6.80460860336972,10.));
#1316=CARTESIAN_POINT('',(-4.94114152587959,5.89197840067368,9.));
#1317=CARTESIAN_POINT('',(-4.68322389467662,6.8693000959903,10.));
#1318=CARTESIAN_POINT('',(-5.05782609330826,5.94192617646271,9.));
#1319=CARTESIAN_POINT('',(-4.84867543344633,6.93244017004738,10.));
#1320=CARTESIAN_POINT('',(-5.1858626375241,5.99059829591169,9.));
#1321=CARTESIAN_POINT('',(-5.02933452545382,6.99304975735955,10.));
#1322=CARTESIAN_POINT('',(-5.32668058311221,6.03778739827239,9.));
#1323=CARTESIAN_POINT('',(-5.22486167253969,7.04948205554963,10.));
#1324=CARTESIAN_POINT('',(-5.48060406145435,6.08260861452661,9.));
#1325=CARTESIAN_POINT('',(-5.42908794739259,7.09883907849476,10.));
#1326=CARTESIAN_POINT('',(-5.6435094241862,6.12167772522478,9.));
#1327=CARTESIAN_POINT('',(-5.62598221058547,7.13771407248926,10.));
#1328=CARTESIAN_POINT('',(-5.80220400229357,6.15289432570405,9.));
#1329=CARTESIAN_POINT('',(-5.80417243425257,7.16619387439741,10.));
#1330=CARTESIAN_POINT('',(-5.94695871913671,6.17650245992808,9.));
#1331=CARTESIAN_POINT('',(-5.96408516096647,7.1868040679283,10.));
#1332=CARTESIAN_POINT('',(-6.0784798378066,6.19341447914093,9.));
#1333=CARTESIAN_POINT('',(-6.11122869566926,7.20179062021657,10.));
#1334=CARTESIAN_POINT('',(-6.20060664819142,6.2057359033594,9.));
#1335=CARTESIAN_POINT('',(-6.24577692196047,7.21223034139919,10.));
#1336=CARTESIAN_POINT('',(-6.31304969711354,6.21432585647673,9.));
#1337=CARTESIAN_POINT('',(-6.36292130017018,7.21888998394612,10.));
#1338=CARTESIAN_POINT('',(-6.4116156906422,6.22004251523569,9.));
#1339=CARTESIAN_POINT('',(-6.46458571103187,7.22295898144193,10.));
#1340=CARTESIAN_POINT('',(-6.49716605044279,6.22339177437637,9.));
#1341=CARTESIAN_POINT('',(-6.57058881687458,7.22568336265821,10.));
#1342=CARTESIAN_POINT('',(-6.58632586756354,6.22507043873565,9.));
#1343=CARTESIAN_POINT('',(-6.64396006535799,7.22635955318271,10.));
#1344=CARTESIAN_POINT('',(-6.64922268490168,6.225764735656,9.));
#1345=CARTESIAN_POINT('',(-6.68696103283351,7.22635925955596,10.));
#1346=CARTESIAN_POINT('',(-6.68695972984873,6.22635940769692,9.));
#1347=FACE_BOUND('',#1348,.T.);
#1348=EDGE_LOOP('',(#2967,#2968,#2969,#2970));
#1349=B_SPLINE_SURFACE_WITH_KNOTS('',3,1,(
(#1350,#1351),
(#1352,#1353),
(#1354,#1355),
(#1356,#1357),
(#1358,#1359),
(#1360,#1361),
(#1362,#1363),
(#1364,#1365),
(#1366,#1367),
(#1368,#1369),
(#1370,#1371),
(#1372,#1373),
(#1374,#1375),
(#1376,#1377),
(#1378,#1379),
(#1380,#1381),
(#1382,#1383),
(#1384,#1385),
(#1386,#1387),
(#1388,#1389),
(#1390,#1391),
(#1392,#1393),
(#1394,#1395),
(#1396,#1397),
(#1398,#1399)),
.UNSPECIFIED.,.F.,.F.,.F.,
(4,1,1,1,1,1,1,1,1,1,1,1,1,1,1,1,1,1,1,1,1,1,4),
(2,2),
(3.04829562347757,4.45375047329609,4.95361194045172,5.35029429621389,5.72727589466633,
6.12352508927305,6.56381730138361,7.02149884765747,7.48551357119794,7.91668200216482,
8.3383820479168,8.76307553083719,9.21209874573699,9.65510255177678,10.0696649434464,
10.4326148129548,10.7481487330228,11.0077334928844,11.2281589901215,11.412667350939,
11.5792902516191,11.7249989546304,11.9517041227109),
(0.,1.),
.UNSPECIFIED.);
#1350=CARTESIAN_POINT('',(-6.68694035609171,7.22635925955597,10.));
#1351=CARTESIAN_POINT('',(-6.68694040715685,6.22635925955597,9.));
#1352=CARTESIAN_POINT('',(-6.84133787655426,7.22646744765243,9.99999999999999));
#1353=CARTESIAN_POINT('',(-6.84022405359105,6.22639705016779,9.));
#1354=CARTESIAN_POINT('',(-7.068230630198,7.22015986400053,10.));
#1355=CARTESIAN_POINT('',(-7.03179825362319,6.22088997797816,9.));
#1356=CARTESIAN_POINT('',(-7.34598055199106,7.19844098671426,10.));
#1357=CARTESIAN_POINT('',(-7.25786172850247,6.20264726149911,9.));
#1358=CARTESIAN_POINT('',(-7.49771276736002,7.18282259472001,10.));
#1359=CARTESIAN_POINT('',(-7.38426021223959,6.18904519423322,9.));
#1360=CARTESIAN_POINT('',(-7.63652224717393,7.16544374307204,10.));
#1361=CARTESIAN_POINT('',(-7.50054204229628,6.17435099934547,9.));
#1362=CARTESIAN_POINT('',(-7.7806008960331,7.14402564113805,10.));
#1363=CARTESIAN_POINT('',(-7.62038642659179,6.156712758584,9.));
#1364=CARTESIAN_POINT('',(-7.93425389100725,7.11705626120166,10.));
#1365=CARTESIAN_POINT('',(-7.74712172950885,6.13474612852186,9.));
#1366=CARTESIAN_POINT('',(-8.09608656882089,7.08367172514167,10.));
#1367=CARTESIAN_POINT('',(-7.87861863160358,6.10757809668467,9.));
#1368=CARTESIAN_POINT('',(-8.25693925234197,7.04502387262616,10.));
#1369=CARTESIAN_POINT('',(-8.0071639691233,6.07623538111222,9.));
#1370=CARTESIAN_POINT('',(-8.4130014173061,7.00198129484199,10.));
#1371=CARTESIAN_POINT('',(-8.13112044912962,6.0422524973219,9.));
#1372=CARTESIAN_POINT('',(-8.56376555138955,6.95492599235314,10.));
#1373=CARTESIAN_POINT('',(-8.2494968819198,6.00554463354171,9.));
#1374=CARTESIAN_POINT('',(-8.71560125282308,6.90167291142462,10.));
#1375=CARTESIAN_POINT('',(-8.36689354437049,5.96414079917538,9.));
#1376=CARTESIAN_POINT('',(-8.86908801976012,6.84125740789679,10.));
#1377=CARTESIAN_POINT('',(-8.48400301792354,5.91788574383539,9.));
#1378=CARTESIAN_POINT('',(-9.0199201761849,6.77471353598716,10.));
#1379=CARTESIAN_POINT('',(-8.59795407681058,5.86783440801018,9.));
#1380=CARTESIAN_POINT('',(-9.15854632199909,6.70670634893327,10.));
#1381=CARTESIAN_POINT('',(-8.70155728911626,5.81703549078357,9.));
#1382=CARTESIAN_POINT('',(-9.28072265651353,6.64090190664737,10.));
#1383=CARTESIAN_POINT('',(-8.79189483422701,5.76816360066151,9.));
#1384=CARTESIAN_POINT('',(-9.38437790194822,6.58041135208036,10.));
#1385=CARTESIAN_POINT('',(-8.86792696295889,5.72382128421903,9.));
#1386=CARTESIAN_POINT('',(-9.47090171247928,6.52642007613073,10.));
#1387=CARTESIAN_POINT('',(-8.93113944120527,5.68442631786228,9.));
#1388=CARTESIAN_POINT('',(-9.54219274524621,6.47940444720805,10.));
#1389=CARTESIAN_POINT('',(-8.98291384471813,5.65034166483715,9.));
#1390=CARTESIAN_POINT('',(-9.60236427625846,6.4378594556495,10.));
#1391=CARTESIAN_POINT('',(-9.02686114567807,5.61998442293995,9.));
#1392=CARTESIAN_POINT('',(-9.65461979594063,6.40032632846921,10.));
#1393=CARTESIAN_POINT('',(-9.06403695019118,5.59328915862947,9.));
#1394=CARTESIAN_POINT('',(-9.71114995422792,6.35825104003619,9.99999999999999));
#1395=CARTESIAN_POINT('',(-9.10355610529945,5.56393265667465,9.));
#1396=CARTESIAN_POINT('',(-9.74880637762281,6.32901204033877,10.));
#1397=CARTESIAN_POINT('',(-9.13110069176951,5.54257755097539,9.));
#1398=CARTESIAN_POINT('',(-9.7707067963342,6.31159676843129,10.));
#1399=CARTESIAN_POINT('',(-9.1483608925068,5.52885442513124,9.));
#1400=FACE_BOUND('',#1401,.T.);
#1401=EDGE_LOOP('',(#2971,#2972,#2973,#2974));
#1402=B_SPLINE_SURFACE_WITH_KNOTS('',3,1,(
(#1403,#1404),
(#1405,#1406),
(#1407,#1408),
(#1409,#1410),
(#1411,#1412),
(#1413,#1414),
(#1415,#1416),
(#1417,#1418),
(#1419,#1420),
(#1421,#1422),
(#1423,#1424),
(#1425,#1426),
(#1427,#1428),
(#1429,#1430),
(#1431,#1432),
(#1433,#1434)),
.UNSPECIFIED.,.F.,.F.,.F.,
(4,1,1,1,1,1,1,1,1,1,1,1,1,4),
(2,2),
(2.24580087520622,2.79688373333614,3.0295906186403,3.24088023206407,3.44399733468952,
3.65218668759876,3.87183707885451,4.10426504623571,4.35470752627676,4.62331153267363,
4.91276020426418,5.23018655903993,5.55605989979085,5.95906839043665),
(0.,1.),
.UNSPECIFIED.);
#1403=CARTESIAN_POINT('',(-9.77068956312707,6.31161047021144,10.));
#1404=CARTESIAN_POINT('',(-9.14834702712742,5.52886584046276,9.));
#1405=CARTESIAN_POINT('',(-9.84059182975195,6.25614520117098,9.99999999999999));
#1406=CARTESIAN_POINT('',(-9.20577870360542,5.48001511044437,8.99999999999999));
#1407=CARTESIAN_POINT('',(-9.94509869479032,6.16683355701861,10.));
#1408=CARTESIAN_POINT('',(-9.28098951453242,5.41583674040924,9.00000000000001));
#1409=CARTESIAN_POINT('',(-10.0730009458621,6.044317016363,10.));
#1410=CARTESIAN_POINT('',(-9.370629602058,5.33191924562578,9.));
#1411=CARTESIAN_POINT('',(-10.151696535927,5.96411763960794,10.));
#1412=CARTESIAN_POINT('',(-9.42806835886637,5.27383122891117,9.));
#1413=CARTESIAN_POINT('',(-10.2245928518892,5.88554841606606,10.));
#1414=CARTESIAN_POINT('',(-9.48218748067343,5.21541046640464,9.));
#1415=CARTESIAN_POINT('',(-10.2965059265209,5.80361099930306,10.));
#1416=CARTESIAN_POINT('',(-9.53540161703454,5.15469789627134,9.));
#1417=CARTESIAN_POINT('',(-10.3691207149897,5.71596380892543,10.));
#1418=CARTESIAN_POINT('',(-9.58944045040969,5.08939553222874,9.));
#1419=CARTESIAN_POINT('',(-10.4433165445283,5.62082891153005,10.));
#1420=CARTESIAN_POINT('',(-9.64503301361743,5.01817326641016,9.));
#1421=CARTESIAN_POINT('',(-10.5189360253658,5.51747455760424,10.));
#1422=CARTESIAN_POINT('',(-9.70231703114115,4.94017198521872,9.));
#1423=CARTESIAN_POINT('',(-10.5966503361464,5.40376703231842,10.));
#1424=CARTESIAN_POINT('',(-9.76139553196401,4.85360835920099,9.));
#1425=CARTESIAN_POINT('',(-10.676333477064,5.27831811309512,10.));
#1426=CARTESIAN_POINT('',(-9.82246411567845,4.75726926018071,9.));
#1427=CARTESIAN_POINT('',(-10.7559980419788,5.14255190606075,10.));
#1428=CARTESIAN_POINT('',(-9.88426703158629,4.6521078596661,9.));
#1429=CARTESIAN_POINT('',(-10.839253254338,4.9883048805366,10.));
#1430=CARTESIAN_POINT('',(-9.94963439410306,4.53113551929536,9.));
#1431=CARTESIAN_POINT('',(-10.8927986331119,4.87922947999776,10.));
#1432=CARTESIAN_POINT('',(-9.99208829604177,4.44437434404479,9.));
#1433=CARTESIAN_POINT('',(-10.9210732952503,4.81858974532747,10.));
#1434=CARTESIAN_POINT('',(-10.0147555467161,4.39599288381548,9.));
#1435=FACE_BOUND('',#1436,.T.);
#1436=EDGE_LOOP('',(#2975,#2976,#2977));
#1437=B_SPLINE_SURFACE_WITH_KNOTS('',3,1,(
(#1438,#1439),
(#1440,#1441),
(#1442,#1443),
(#1444,#1445),
(#1446,#1447),
(#1448,#1449),
(#1450,#1451),
(#1452,#1453),
(#1454,#1455),
(#1456,#1457),
(#1458,#1459),
(#1460,#1461)),
.UNSPECIFIED.,.F.,.F.,.F.,
(4,1,1,1,1,1,1,1,1,4),
(2,2),
(-1.08788021825835E-5,0.204974462457141,0.295108742420307,0.38250414869541,0.471538551063249,
0.561795180868059,0.65262344136735,0.743206261287628,0.832591052834031,1.00001087880218),
(0.,1.),
.UNSPECIFIED.);
#1438=CARTESIAN_POINT('',(-10.0147517798521,4.39600092528464,9.));
#1439=CARTESIAN_POINT('',(-10.9210601438014,4.81861794983001,10.));
#1440=CARTESIAN_POINT('',(-10.0147517798521,4.39600092528464,9.));
#1441=CARTESIAN_POINT('',(-10.9743081561322,4.70481012716275,10.));
#1442=CARTESIAN_POINT('',(-10.0147517798521,4.39600092528464,9.));
#1443=CARTESIAN_POINT('',(-11.019223984496,4.52632388569233,10.));
#1444=CARTESIAN_POINT('',(-10.0147517798521,4.39600092528464,9.));
#1445=CARTESIAN_POINT('',(-11.0137131495878,4.29116955670643,10.));
#1446=CARTESIAN_POINT('',(-10.0147517798521,4.39600092528463,9.));
#1447=CARTESIAN_POINT('',(-10.9833179302218,4.13013204993294,9.99999999999999));
#1448=CARTESIAN_POINT('',(-10.0147517798521,4.39600092528464,9.));
#1449=CARTESIAN_POINT('',(-10.9272843625369,3.97602557575244,10.));
#1450=CARTESIAN_POINT('',(-10.0147517798521,4.39600092528463,9.));
#1451=CARTESIAN_POINT('',(-10.8456829087503,3.83134869564223,10.));
#1452=CARTESIAN_POINT('',(-10.0147517798521,4.39600092528464,9.));
#1453=CARTESIAN_POINT('',(-10.7406345363042,3.70144549338409,10.));
#1454=CARTESIAN_POINT('',(-10.0147517798521,4.39600092528464,9.));
#1455=CARTESIAN_POINT('',(-10.6158847147916,3.59114012487797,10.));
#1456=CARTESIAN_POINT('',(-10.0147517798521,4.39600092528464,9.));
#1457=CARTESIAN_POINT('',(-10.4347524552261,3.47792247210677,10.));
#1458=CARTESIAN_POINT('',(-10.0147517798521,4.39600092528463,9.));
#1459=CARTESIAN_POINT('',(-10.2837639888496,3.42734941782495,10.));
#1460=CARTESIAN_POINT('',(-10.0147517798521,4.39600092528464,9.));
#1461=CARTESIAN_POINT('',(-10.182603022191,3.41018858997669,10.));
#1462=FACE_BOUND('',#1463,.T.);
#1463=EDGE_LOOP('',(#2978,#2979,#2980,#2981));
#1464=PLANE('',#1465);
#1465=AXIS2_PLACEMENT_3D('',#1466,#1467,#1468);
#1466=CARTESIAN_POINT('',(-14.1258586507479,4.08167578140652,10.));
#1467=DIRECTION('',(0.118702693156374,0.697072213359148,0.707106781186549));
#1468=DIRECTION('',(0.985808978085941,-0.167870958551957,1.82895512631304E-17));
#1469=FACE_BOUND('',#1470,.T.);
#1470=EDGE_LOOP('',(#2982,#2983,#2984));
#1471=B_SPLINE_SURFACE_WITH_KNOTS('',3,1,(
(#1472,#1473),
(#1474,#1475),
(#1476,#1477),
(#1478,#1479),
(#1480,#1481),
(#1482,#1483),
(#1484,#1485),
(#1486,#1487),
(#1488,#1489)),
.UNSPECIFIED.,.F.,.F.,.F.,
(4,1,1,1,1,1,4),
(2,2),
(-1.4717155696525E-5,0.277446569830439,0.399388546191916,0.517589593663663,0.63816969886023,
0.759724365697977,1.0000147171557),
(0.,1.),
.UNSPECIFIED.);
#1472=CARTESIAN_POINT('',(-9.43840666645706,4.297856549657,9.));
#1473=CARTESIAN_POINT('',(-9.606297341155,3.31205092918739,10.));
#1474=CARTESIAN_POINT('',(-9.43840666645705,4.29785654965699,8.99999999999999));
#1475=CARTESIAN_POINT('',(-9.4823920267573,3.29078415053621,9.99999999999999));
#1476=CARTESIAN_POINT('',(-9.43840666645707,4.297856549657,9.00000000000001));
#1477=CARTESIAN_POINT('',(-9.29830651158094,3.29469038330763,10.));
#1478=CARTESIAN_POINT('',(-9.43840666645706,4.297856549657,9.));
#1479=CARTESIAN_POINT('',(-9.07294062523135,3.36225725637022,10.));
#1480=CARTESIAN_POINT('',(-9.43840666645706,4.297856549657,9.));
#1481=CARTESIAN_POINT('',(-8.92564449039446,3.43420739905586,10.));
#1482=CARTESIAN_POINT('',(-9.43840666645706,4.297856549657,9.));
#1483=CARTESIAN_POINT('',(-8.7920336836612,3.528920323663,10.));
#1484=CARTESIAN_POINT('',(-9.43840666645706,4.29785654965699,8.99999999999999));
#1485=CARTESIAN_POINT('',(-8.63631820218447,3.68331168312452,9.99999999999999));
#1486=CARTESIAN_POINT('',(-9.43840666645706,4.297856549657,9.));
#1487=CARTESIAN_POINT('',(-8.55027432867288,3.82537653258612,10.));
#1488=CARTESIAN_POINT('',(-9.43840666645706,4.297856549657,9.));
#1489=CARTESIAN_POINT('',(-8.50992302716921,3.92648324478065,10.));
#1490=FACE_BOUND('',#1491,.T.);
#1491=EDGE_LOOP('',(#2985,#2986,#2987,#2988));
#1492=B_SPLINE_SURFACE_WITH_KNOTS('',3,1,(
(#1493,#1494),
(#1495,#1496),
(#1497,#1498),
(#1499,#1500),
(#1501,#1502),
(#1503,#1504),
(#1505,#1506),
(#1507,#1508),
(#1509,#1510),
(#1511,#1512),
(#1513,#1514),
(#1515,#1516),
(#1517,#1518),
(#1519,#1520),
(#1521,#1522),
(#1523,#1524),
(#1525,#1526)),
.UNSPECIFIED.,.F.,.F.,.F.,
(4,1,1,1,1,1,1,1,1,1,1,1,1,1,4),
(2,2),
(5.19193484285676,6.49341245011912,6.9866789118528,7.37390468210821,7.70594111876235,
8.00904018057632,8.31159566902404,8.59619193143889,8.84451399035714,9.04220654198194,
9.20937065505899,9.38503194532684,9.61348022108144,9.88931837453235,10.2433045495813),
(0.,1.),
.UNSPECIFIED.);
#1493=CARTESIAN_POINT('',(-8.50993362819782,3.92645674173633,10.));
#1494=CARTESIAN_POINT('',(-9.43841097442509,4.29784593507341,9.));
#1495=CARTESIAN_POINT('',(-8.48067610823472,3.99961583596402,10.));
#1496=CARTESIAN_POINT('',(-9.39863433924163,4.39570422228895,9.));
#1497=CARTESIAN_POINT('',(-8.43678400102688,4.09753170942816,10.));
#1498=CARTESIAN_POINT('',(-9.33953066195403,4.53145130987964,9.00000000000001));
#1499=CARTESIAN_POINT('',(-8.37720208782665,4.20968076747344,10.));
#1500=CARTESIAN_POINT('',(-9.25225878837017,4.69346806177234,9.));
#1501=CARTESIAN_POINT('',(-8.34227000117338,4.27010903804923,10.));
#1502=CARTESIAN_POINT('',(-9.20060894350062,4.78344389379839,9.));
#1503=CARTESIAN_POINT('',(-8.31158340075165,4.31958242015601,10.));
#1504=CARTESIAN_POINT('',(-9.15426044373662,4.85866791788172,9.));
#1505=CARTESIAN_POINT('',(-8.28245865789791,4.36365668279726,10.));
#1506=CARTESIAN_POINT('',(-9.1091280221926,4.92674782522336,9.));
#1507=CARTESIAN_POINT('',(-8.25389997308046,4.40429790649486,10.));
#1508=CARTESIAN_POINT('',(-9.06384266237734,4.9906114490988,9.));
#1509=CARTESIAN_POINT('',(-8.22621753519403,4.44136489453702,10.));
#1510=CARTESIAN_POINT('',(-9.01948089867615,5.05028305786131,9.));
#1511=CARTESIAN_POINT('',(-8.20133077237902,4.47285574176381,10.));
#1512=CARTESIAN_POINT('',(-8.97899188091861,5.10178189422399,9.));
#1513=CARTESIAN_POINT('',(-8.18000539638722,4.4985710502349,10.));
#1514=CARTESIAN_POINT('',(-8.94371615316919,5.14442441884554,9.));
#1515=CARTESIAN_POINT('',(-8.16082869572845,4.52078717387012,10.));
#1516=CARTESIAN_POINT('',(-8.91174606696443,5.18137577458309,9.));
#1517=CARTESIAN_POINT('',(-8.14044196171269,4.54351003022822,10.));
#1518=CARTESIAN_POINT('',(-8.87666684303412,5.2201192441655,9.));
#1519=CARTESIAN_POINT('',(-8.11723530080114,4.56825445013153,10.));
#1520=CARTESIAN_POINT('',(-8.83136627691399,5.26790515303184,9.));
#1521=CARTESIAN_POINT('',(-8.08681344901068,4.59902388794875,10.));
#1522=CARTESIAN_POINT('',(-8.77287067750155,5.32651535224201,9.));
#1523=CARTESIAN_POINT('',(-8.0613286675818,4.62303411410651,9.99999999999999));
#1524=CARTESIAN_POINT('',(-8.73176721412485,5.36503200473552,8.99999999999999));
#1525=CARTESIAN_POINT('',(-8.04492606086519,4.63767348761438,10.));
#1526=CARTESIAN_POINT('',(-8.7106579714444,5.38386449750586,9.));
#1527=FACE_BOUND('',#1528,.T.);
#1528=EDGE_LOOP('',(#2989,#2990,#2991,#2992));
#1529=B_SPLINE_SURFACE_WITH_KNOTS('',3,1,(
(#1530,#1531),
(#1532,#1533),
(#1534,#1535),
(#1536,#1537),
(#1538,#1539),
(#1540,#1541),
(#1542,#1543),
(#1544,#1545),
(#1546,#1547),
(#1548,#1549),
(#1550,#1551),
(#1552,#1553),
(#1554,#1555),
(#1556,#1557),
(#1558,#1559),
(#1560,#1561),
(#1562,#1563),
(#1564,#1565),
(#1566,#1567),
(#1568,#1569),
(#1570,#1571),
(#1572,#1573),
(#1574,#1575),
(#1576,#1577),
(#1578,#1579),
(#1580,#1581)),
.UNSPECIFIED.,.F.,.F.,.F.,
(4,1,1,1,1,1,1,1,1,1,1,1,1,1,1,1,1,1,1,1,1,1,1,4),
(2,2),
(4.64254625864881,5.34934350703485,5.61377494918626,5.80191853007842,5.94869030428642,
6.10736582079075,6.30218960443081,6.55836635227725,6.88520300228557,7.26324592585956,
7.66403734474588,8.07206207154943,8.50183734851453,8.94806137164443,9.38185894422963,
9.80929381898972,10.220465739493,10.6001060442599,10.9138337051988,11.1796788554629,
11.4219409348115,11.6711050526254,11.9349554042017,12.3574531473926),
(0.,1.),
.UNSPECIFIED.);
#1530=CARTESIAN_POINT('',(-8.04494000740551,4.63766104481659,10.));
#1531=CARTESIAN_POINT('',(-8.71067387242137,5.38385031100248,9.));
#1532=CARTESIAN_POINT('',(-8.00712728184062,4.67116755491405,10.));
#1533=CARTESIAN_POINT('',(-8.67262005951701,5.41780262360464,9.00000000000001));
#1534=CARTESIAN_POINT('',(-7.96573561724411,4.70474241890674,9.99999999999999));
#1535=CARTESIAN_POINT('',(-8.60253217592908,5.47597004336983,8.99999999999999));
#1536=CARTESIAN_POINT('',(-7.91810144856641,4.74008225487596,10.));
#1537=CARTESIAN_POINT('',(-8.51162324327054,5.54465668972003,9.));
#1538=CARTESIAN_POINT('',(-7.89256106567298,4.75818593606142,10.));
#1539=CARTESIAN_POINT('',(-8.46454514466289,5.57848839296298,9.));
#1540=CARTESIAN_POINT('',(-7.86986703749198,4.77369351938894,10.));
#1541=CARTESIAN_POINT('',(-8.42709146999195,5.60411940582757,9.));
#1542=CARTESIAN_POINT('',(-7.8462942237385,4.78924268277327,10.));
#1543=CARTESIAN_POINT('',(-8.38897474131599,5.62920973604684,9.));
#1544=CARTESIAN_POINT('',(-7.81732221483951,4.80758170142314,10.));
#1545=CARTESIAN_POINT('',(-8.34165268801442,5.65912915206682,9.));
#1546=CARTESIAN_POINT('',(-7.77971786013946,4.83014461441136,10.));
#1547=CARTESIAN_POINT('',(-8.28036832605363,5.69585357694921,9.));
#1548=CARTESIAN_POINT('',(-7.73240321563452,4.85657733745353,10.));
#1549=CARTESIAN_POINT('',(-8.20328220374887,5.73893407955574,8.99999999999999));
#1550=CARTESIAN_POINT('',(-7.67687634775684,4.88494623566622,10.));
#1551=CARTESIAN_POINT('',(-8.11363168924626,5.78489612887974,9.));
#1552=CARTESIAN_POINT('',(-7.61585503121331,4.91305734473396,10.));
#1553=CARTESIAN_POINT('',(-8.01526692876828,5.83010585577431,9.));
#1554=CARTESIAN_POINT('',(-7.55069789552873,4.93983779982416,10.));
#1555=CARTESIAN_POINT('',(-7.91073298118702,5.87290809992257,9.));
#1556=CARTESIAN_POINT('',(-7.481835319244,4.964784725353,10.));
#1557=CARTESIAN_POINT('',(-7.80184510127967,5.91260438362223,9.));
#1558=CARTESIAN_POINT('',(-7.41009887982799,4.98731722032407,10.));
#1559=CARTESIAN_POINT('',(-7.68958707608136,5.94781953271598,9.));
#1560=CARTESIAN_POINT('',(-7.33702839740781,5.00691440749638,10.));
#1561=CARTESIAN_POINT('',(-7.57636095562643,5.97789554392632,9.));
#1562=CARTESIAN_POINT('',(-7.26482792338743,5.02320733688767,10.));
#1563=CARTESIAN_POINT('',(-7.46648120548414,6.00295798838616,8.99999999999999));
#1564=CARTESIAN_POINT('',(-7.1946552122892,5.03629257142103,10.));
#1565=CARTESIAN_POINT('',(-7.3612017687973,6.0226650742048,9.));
#1566=CARTESIAN_POINT('',(-7.13008133952788,5.04605408050547,10.));
#1567=CARTESIAN_POINT('',(-7.26559765408033,6.03692229163286,9.));
#1568=CARTESIAN_POINT('',(-7.07355482676086,5.05293431059832,9.99999999999999));
#1569=CARTESIAN_POINT('',(-7.18267767903553,6.04689101679368,9.));
#1570=CARTESIAN_POINT('',(-7.02449662931442,5.05773384961629,10.));
#1571=CARTESIAN_POINT('',(-7.1123255328681,6.05394787709158,9.));
#1572=CARTESIAN_POINT('',(-6.97986540356565,5.06120043736533,10.));
#1573=CARTESIAN_POINT('',(-7.04685679940898,6.05913442133992,9.));
#1574=CARTESIAN_POINT('',(-6.93589139331018,5.06380764403393,10.));
#1575=CARTESIAN_POINT('',(-6.98083907555974,6.06291537388287,9.));
#1576=CARTESIAN_POINT('',(-6.88051044607644,5.06606426989483,10.));
#1577=CARTESIAN_POINT('',(-6.89996502061729,6.06599040430921,9.));
#1578=CARTESIAN_POINT('',(-6.83766012645751,5.06676872576047,10.));
#1579=CARTESIAN_POINT('',(-6.8428879929634,6.06677198257931,9.));
#1580=CARTESIAN_POINT('',(-6.80952600312847,5.06677221440197,10.));
#1581=CARTESIAN_POINT('',(-6.8095243019723,6.06677221440197,9.));
#1582=FACE_BOUND('',#1583,.T.);
#1583=EDGE_LOOP('',(#2993,#2994,#2995,#2996));
#1584=B_SPLINE_SURFACE_WITH_KNOTS('',3,1,(
(#1585,#1586),
(#1587,#1588),
(#1589,#1590),
(#1591,#1592),
(#1593,#1594),
(#1595,#1596),
(#1597,#1598),
(#1599,#1600),
(#1601,#1602),
(#1603,#1604),
(#1605,#1606),
(#1607,#1608),
(#1609,#1610),
(#1611,#1612),
(#1613,#1614),
(#1615,#1616),
(#1617,#1618),
(#1619,#1620),
(#1621,#1622),
(#1623,#1624),
(#1625,#1626),
(#1627,#1628),
(#1629,#1630),
(#1631,#1632),
(#1633,#1634),
(#1635,#1636),
(#1637,#1638),
(#1639,#1640),
(#1641,#1642),
(#1643,#1644),
(#1645,#1646),
(#1647,#1648)),
.UNSPECIFIED.,.F.,.F.,.F.,
(4,1,1,1,1,1,1,1,1,1,1,1,1,1,1,1,1,1,1,1,1,1,1,1,1,1,1,1,1,4),
(2,2),
(4.01812732365048,4.81839726678581,5.09028140020681,5.29221494844736,5.46633620560126,
5.63128254140545,5.80651097472246,6.01077403794717,6.25735844299019,6.53951130132347,
6.83457278817381,7.17792405316266,7.56624344702849,8.00448229052643,8.40526623140919,
8.78409262649921,9.14146678521415,9.51363159634376,9.86688297645541,10.2042322239092,
10.5335400454385,10.8777275208643,11.2198333144125,11.5373341489027,11.8074819071171,
12.0168738433558,12.2119823762628,12.4169744443145,12.6682323835461,12.9818721820122),
(0.,1.),
.UNSPECIFIED.);
#1585=CARTESIAN_POINT('',(-6.80954511207995,5.06677221440197,10.));
#1586=CARTESIAN_POINT('',(-6.80954519297519,6.06677221440197,9.));
#1587=CARTESIAN_POINT('',(-6.74344005991233,5.06665538345789,9.99999999999999));
#1588=CARTESIAN_POINT('',(-6.74284995186235,6.06677160759153,9.));
#1589=CARTESIAN_POINT('',(-6.66875903984293,5.06390203160436,10.));
#1590=CARTESIAN_POINT('',(-6.63699604764211,6.06376071865401,9.));
#1591=CARTESIAN_POINT('',(-6.58485465265454,5.05737040415931,10.));
#1592=CARTESIAN_POINT('',(-6.50585423207512,6.05429721817374,9.));
#1593=CARTESIAN_POINT('',(-6.54207871543542,5.0532064713112,10.));
#1594=CARTESIAN_POINT('',(-6.43951901758394,6.04808292517591,9.));
#1595=CARTESIAN_POINT('',(-6.50566670752622,5.04907757826166,10.));
#1596=CARTESIAN_POINT('',(-6.38522629406395,6.04191555290741,9.));
#1597=CARTESIAN_POINT('',(-6.47019372098984,5.04451072098051,10.));
#1598=CARTESIAN_POINT('',(-6.33489557982774,6.03521249019758,9.));
#1599=CARTESIAN_POINT('',(-6.43299683175649,5.03913208914898,10.));
#1600=CARTESIAN_POINT('',(-6.28113118405796,6.02739175687231,9.));
#1601=CARTESIAN_POINT('',(-6.3903655844845,5.03220522763274,10.));
#1602=CARTESIAN_POINT('',(-6.21928075035317,6.01736324721294,9.));
#1603=CARTESIAN_POINT('',(-6.34082195919962,5.02307112979429,10.));
#1604=CARTESIAN_POINT('',(-6.14677344581129,6.00412172418061,9.));
#1605=CARTESIAN_POINT('',(-6.28563079127399,5.01144094489309,10.));
#1606=CARTESIAN_POINT('',(-6.06542645385198,5.98713292594431,9.));
#1607=CARTESIAN_POINT('',(-6.22467654954538,4.99678383388219,10.));
#1608=CARTESIAN_POINT('',(-5.97507571088811,5.96536866693742,9.));
#1609=CARTESIAN_POINT('',(-6.15756222238416,4.97836420567516,10.));
#1610=CARTESIAN_POINT('',(-5.87487045880069,5.93758487345021,9.));
#1611=CARTESIAN_POINT('',(-6.08207220234143,4.95457951917989,10.));
#1612=CARTESIAN_POINT('',(-5.76063236171485,5.90174234094488,9.));
#1613=CARTESIAN_POINT('',(-6.00437956555121,4.92635675134419,10.));
#1614=CARTESIAN_POINT('',(-5.64222162367057,5.85892372242349,9.));
#1615=CARTESIAN_POINT('',(-5.92901443667863,4.89511816236935,10.));
#1616=CARTESIAN_POINT('',(-5.5272195245833,5.81105557212127,9.));
#1617=CARTESIAN_POINT('',(-5.85991977571256,4.86302506084519,10.));
#1618=CARTESIAN_POINT('',(-5.42077622084314,5.76159457295222,9.));
#1619=CARTESIAN_POINT('',(-5.79393428588081,4.82910644564047,10.));
#1620=CARTESIAN_POINT('',(-5.31882952405335,5.70927852751151,9.));
#1621=CARTESIAN_POINT('',(-5.73099739722107,4.79353385829581,10.));
#1622=CARTESIAN_POINT('',(-5.22200245253762,5.65463506070867,9.));
#1623=CARTESIAN_POINT('',(-5.67053164435419,4.75614484079884,10.));
#1624=CARTESIAN_POINT('',(-5.12889835719308,5.59694573569492,9.));
#1625=CARTESIAN_POINT('',(-5.61376531612579,4.71803753722446,10.));
#1626=CARTESIAN_POINT('',(-5.04152155208424,5.53821869500129,9.));
#1627=CARTESIAN_POINT('',(-5.55882300835239,4.6782260706449,10.));
#1628=CARTESIAN_POINT('',(-4.95729758938084,5.47725316800858,9.));
#1629=CARTESIAN_POINT('',(-5.50505181332983,4.63625217993639,10.));
#1630=CARTESIAN_POINT('',(-4.87555213311352,5.41364601778623,9.));
#1631=CARTESIAN_POINT('',(-5.45316248237598,4.59266129181293,10.));
#1632=CARTESIAN_POINT('',(-4.79701057541634,5.34749770812175,9.));
#1633=CARTESIAN_POINT('',(-5.4062995967718,4.55048595954268,10.));
#1634=CARTESIAN_POINT('',(-4.72660689700101,5.28403791169483,9.));
#1635=CARTESIAN_POINT('',(-5.36716914414552,4.51311379173725,10.));
#1636=CARTESIAN_POINT('',(-4.66803766728014,5.22808351633193,9.));
#1637=CARTESIAN_POINT('',(-5.33458787761233,4.48046295390512,10.));
#1638=CARTESIAN_POINT('',(-4.62003712564955,5.18023782338783,9.));
#1639=CARTESIAN_POINT('',(-5.30652648539048,4.45121772556289,10.));
#1640=CARTESIAN_POINT('',(-4.57674886150976,5.1350386703456,9.));
#1641=CARTESIAN_POINT('',(-5.27727742472328,4.4195821359953,10.));
#1642=CARTESIAN_POINT('',(-4.53126918627169,5.0855869074668,9.));
#1643=CARTESIAN_POINT('',(-5.24282885743588,4.38072770192266,10.));
#1644=CARTESIAN_POINT('',(-4.47949949208356,5.02685053724624,9.));
#1645=CARTESIAN_POINT('',(-5.21672981578295,4.34970741899115,10.));
#1646=CARTESIAN_POINT('',(-4.44437324116493,4.98491770011553,9.));
#1647=CARTESIAN_POINT('',(-5.20166064979373,4.33119874544059,10.));
#1648=CARTESIAN_POINT('',(-4.42615616268104,4.96254080048815,9.));
#1649=FACE_BOUND('',#1650,.T.);
#1650=EDGE_LOOP('',(#2997,#2998,#2999,#3000));
#1651=B_SPLINE_SURFACE_WITH_KNOTS('',3,1,(
(#1652,#1653),
(#1654,#1655),
(#1656,#1657),
(#1658,#1659),
(#1660,#1661),
(#1662,#1663),
(#1664,#1665),
(#1666,#1667),
(#1668,#1669),
(#1670,#1671),
(#1672,#1673),
(#1674,#1675),
(#1676,#1677),
(#1678,#1679),
(#1680,#1681),
(#1682,#1683),
(#1684,#1685),
(#1686,#1687),
(#1688,#1689),
(#1690,#1691),
(#1692,#1693),
(#1694,#1695),
(#1696,#1697),
(#1698,#1699),
(#1700,#1701),
(#1702,#1703),
(#1704,#1705),
(#1706,#1707),
(#1708,#1709),
(#1710,#1711)),
.UNSPECIFIED.,.F.,.F.,.F.,
(4,1,1,1,1,1,1,1,1,1,1,1,1,1,1,1,1,1,1,1,1,1,1,1,1,1,1,4),
(2,2),
(3.43400821798338,3.91278225221957,4.08603474552073,4.22905753725274,4.3651511428701,
4.49780756827247,4.64112392176936,4.80525502058492,4.99639520112154,5.20952580807429,
5.45515830981798,5.7502079265628,6.09481991930728,6.49519989555936,6.90574973800155,
7.33092152192669,7.7228326766764,8.10562920719905,8.47332773393614,8.84070878566176,
9.22906867761745,9.66689168677984,10.1849234175312,10.7601546981697,11.3891465888963,
12.0405067077479,12.6784095358593,13.5659915708886),
(0.,1.),
.UNSPECIFIED.);
#1652=CARTESIAN_POINT('',(-5.2016726276772,4.33121345833031,10.));
#1653=CARTESIAN_POINT('',(-4.42616946769087,4.96255714353769,9.));
#1654=CARTESIAN_POINT('',(-5.17261701075099,4.29528960353642,10.));
#1655=CARTESIAN_POINT('',(-4.39659692170713,4.92623858565259,9.));
#1656=CARTESIAN_POINT('',(-5.14300255532375,4.25547834820326,10.));
#1657=CARTESIAN_POINT('',(-4.34771776968305,4.86150594597102,9.));
#1658=CARTESIAN_POINT('',(-5.11124767512031,4.20931858992752,10.));
#1659=CARTESIAN_POINT('',(-4.28820020405531,4.77643961666821,9.));
#1660=CARTESIAN_POINT('',(-5.0934438345709,4.18239181531577,10.));
#1661=CARTESIAN_POINT('',(-4.25561813024199,4.72800283108263,9.));
#1662=CARTESIAN_POINT('',(-5.07645988627432,4.1557473481776,10.));
#1663=CARTESIAN_POINT('',(-4.22837509407879,4.68580313899636,9.));
#1664=CARTESIAN_POINT('',(-5.05939624835123,4.12795524447468,10.));
#1665=CARTESIAN_POINT('',(-4.20263179818473,4.64405556640315,9.));
#1666=CARTESIAN_POINT('',(-5.04170031039936,4.09801489931034,10.));
#1667=CARTESIAN_POINT('',(-4.17593750748798,4.59885726255877,9.));
#1668=CARTESIAN_POINT('',(-5.02211899072057,4.06346698309052,10.));
#1669=CARTESIAN_POINT('',(-4.14690763263268,4.54737624250974,9.));
#1670=CARTESIAN_POINT('',(-5.00048934898484,4.02341255163866,10.));
#1671=CARTESIAN_POINT('',(-4.11518931502933,4.48830511865047,9.));
#1672=CARTESIAN_POINT('',(-4.97663348874762,3.97675321809335,10.));
#1673=CARTESIAN_POINT('',(-4.08060550659459,4.42049739609901,9.));
#1674=CARTESIAN_POINT('',(-4.95013808208852,3.92163136429772,10.));
#1675=CARTESIAN_POINT('',(-4.04231777981865,4.34188668038056,9.));
#1676=CARTESIAN_POINT('',(-4.92053891662991,3.85542642643363,10.));
#1677=CARTESIAN_POINT('',(-4.00083423749608,4.24881315416662,9.));
#1678=CARTESIAN_POINT('',(-4.88785639004772,3.7757868681393,10.));
#1679=CARTESIAN_POINT('',(-3.95619642333656,4.13889296631828,9.));
#1680=CARTESIAN_POINT('',(-4.85420687043247,3.68518410680284,10.));
#1681=CARTESIAN_POINT('',(-3.9104912599742,4.01682990550846,9.));
#1682=CARTESIAN_POINT('',(-4.82118748132788,3.58604562486799,10.));
#1683=CARTESIAN_POINT('',(-3.86682761525924,3.88615455268996,9.));
#1684=CARTESIAN_POINT('',(-4.79128622775327,3.4854839323375,10.));
#1685=CARTESIAN_POINT('',(-3.82876999603165,3.75611481983939,9.));
#1686=CARTESIAN_POINT('',(-4.76469632847478,3.38539673842327,10.));
#1687=CARTESIAN_POINT('',(-3.7947323528221,3.62939544232345,9.));
#1688=CARTESIAN_POINT('',(-4.74167711382494,3.28875452064621,10.));
#1689=CARTESIAN_POINT('',(-3.76582761638152,3.50899380026473,9.));
#1690=CARTESIAN_POINT('',(-4.72122067150478,3.19303111596625,10.));
#1691=CARTESIAN_POINT('',(-3.74100015973712,3.3913078519825,9.));
#1692=CARTESIAN_POINT('',(-4.70259274079154,3.09575946571741,10.));
#1693=CARTESIAN_POINT('',(-3.71871831510705,3.27329066949285,9.));
#1694=CARTESIAN_POINT('',(-4.68479076810128,2.99121066818064,10.));
#1695=CARTESIAN_POINT('',(-3.69696250940496,3.14829719514732,9.));
#1696=CARTESIAN_POINT('',(-4.66713204828005,2.87248972611934,10.));
#1697=CARTESIAN_POINT('',(-3.67594067470066,3.00795282182955,9.));
#1698=CARTESIAN_POINT('',(-4.64997098021797,2.73613088826472,10.));
#1699=CARTESIAN_POINT('',(-3.65637826345586,2.84860442712593,9.));
#1700=CARTESIAN_POINT('',(-4.63415871131088,2.58109096925347,10.));
#1701=CARTESIAN_POINT('',(-3.63825999550195,2.67003884190167,9.));
#1702=CARTESIAN_POINT('',(-4.6209829892606,2.41224963680144,10.));
#1703=CARTESIAN_POINT('',(-3.62253336065431,2.47850013169108,9.));
#1704=CARTESIAN_POINT('',(-4.61133095314883,2.2371226870423,10.));
#1705=CARTESIAN_POINT('',(-3.61210510987152,2.28134387536117,9.));
#1706=CARTESIAN_POINT('',(-4.60447929604146,2.03645963750063,10.));
#1707=CARTESIAN_POINT('',(-3.60461984691337,2.05883987969211,9.));
#1708=CARTESIAN_POINT('',(-4.60284371839159,1.89660391647407,10.));
#1709=CARTESIAN_POINT('',(-3.60316307322364,1.90288735653074,9.));
#1710=CARTESIAN_POINT('',(-4.60283569697057,1.81323091936682,10.));
#1711=CARTESIAN_POINT('',(-3.60283562387872,1.81323030250955,9.));
#1712=FACE_BOUND('',#1713,.T.);
#1713=EDGE_LOOP('',(#3001,#3002,#3003,#3004));
#1714=B_SPLINE_SURFACE_WITH_KNOTS('',3,1,(
(#1715,#1716),
(#1717,#1718),
(#1719,#1720),
(#1721,#1722),
(#1723,#1724),
(#1725,#1726),
(#1727,#1728),
(#1729,#1730),
(#1731,#1732),
(#1733,#1734),
(#1735,#1736),
(#1737,#1738),
(#1739,#1740),
(#1741,#1742),
(#1743,#1744),
(#1745,#1746),
(#1747,#1748),
(#1749,#1750),
(#1751,#1752),
(#1753,#1754),
(#1755,#1756),
(#1757,#1758),
(#1759,#1760),
(#1761,#1762),
(#1763,#1764),
(#1765,#1766),
(#1767,#1768),
(#1769,#1770),
(#1771,#1772),
(#1773,#1774),
(#1775,#1776),
(#1777,#1778)),
.UNSPECIFIED.,.F.,.F.,.F.,
(4,1,1,1,1,1,1,1,1,1,1,1,1,1,1,1,1,1,1,1,1,1,1,1,1,1,1,1,1,4),
(2,2),
(3.5897771776127,4.88331302419454,5.34827850259576,5.699728346072,6.01433204649112,
6.37015370672533,6.77236908570337,7.20718060092435,7.58886238085014,7.940436907049,
8.29183931339895,8.70046212379392,9.16678688347039,9.62866276798125,10.0332639613236,
10.3938798682509,10.7387752966398,11.071076944698,11.3741279465282,11.6565993270021,
11.9388939313906,12.1992321597071,12.4166349507442,12.5828077011129,12.7084754458528,
12.8102739697473,12.9157975193038,13.044326832104,13.2041537694586,13.4102223971122),
(0.,1.),
.UNSPECIFIED.);
#1715=CARTESIAN_POINT('',(-4.60283569697057,1.81325060187042,10.));
#1716=CARTESIAN_POINT('',(-3.60283569697057,1.81325061985062,9.));
#1717=CARTESIAN_POINT('',(-4.60289523888954,1.69323716684331,9.99999999999999));
#1718=CARTESIAN_POINT('',(-3.60283992599842,1.69295890776851,8.99999999999999));
#1719=CARTESIAN_POINT('',(-4.60605314216167,1.54098856966092,10.));
#1720=CARTESIAN_POINT('',(-3.60562786120321,1.51837452943687,9.00000000000001));
#1721=CARTESIAN_POINT('',(-4.6153157718398,1.36149856869134,10.));
#1722=CARTESIAN_POINT('',(-3.61638808738317,1.30519575193918,9.));
#1723=CARTESIAN_POINT('',(-4.62179820481892,1.26505675393433,10.));
#1724=CARTESIAN_POINT('',(-3.62422947376177,1.19118601603028,9.));
#1725=CARTESIAN_POINT('',(-4.6289228949563,1.1770003933113,10.));
#1726=CARTESIAN_POINT('',(-3.63304736926767,1.08929050426291,9.));
#1727=CARTESIAN_POINT('',(-4.63767349527858,1.08537513744899,10.));
#1728=CARTESIAN_POINT('',(-3.64324524787418,0.981869250745117,9.));
#1729=CARTESIAN_POINT('',(-4.64909455595153,0.984193328188609,10.));
#1730=CARTESIAN_POINT('',(-3.65643973651609,0.862105284733247,9.));
#1731=CARTESIAN_POINT('',(-4.66276934461806,0.881724056794715,10.));
#1732=CARTESIAN_POINT('',(-3.67248931863789,0.739334619958871,9.));
#1733=CARTESIAN_POINT('',(-4.67787178579413,0.784343098173717,10.));
#1734=CARTESIAN_POINT('',(-3.69094145192656,0.621348141664337,9.));
#1735=CARTESIAN_POINT('',(-4.69365374478132,0.694657915845168,10.));
#1736=CARTESIAN_POINT('',(-3.71086635849935,0.511499720473427,9.));
#1737=CARTESIAN_POINT('',(-4.71159586520682,0.6037536321849,10.));
#1738=CARTESIAN_POINT('',(-3.7329118381893,0.398504501799984,9.));
#1739=CARTESIAN_POINT('',(-4.73359797721111,0.504712240274061,10.));
#1740=CARTESIAN_POINT('',(-3.76022075539525,0.273547285485828,9.));
#1741=CARTESIAN_POINT('',(-4.7604861370348,0.398485261874361,9.99999999999999));
#1742=CARTESIAN_POINT('',(-3.79480873875659,0.13724783850763,9.));
#1743=CARTESIAN_POINT('',(-4.79055124234024,0.294567816599929,10.));
#1744=CARTESIAN_POINT('',(-3.83473939702247,0.00118659399448421,9.));
#1745=CARTESIAN_POINT('',(-4.82116127551208,0.200870127420432,10.));
#1746=CARTESIAN_POINT('',(-3.87522278632789,-0.124448710889225,9.));
#1747=CARTESIAN_POINT('',(-4.85126558904625,0.117914633706075,10.));
#1748=CARTESIAN_POINT('',(-3.91611928418021,-0.237810670853057,9.));
#1749=CARTESIAN_POINT('',(-4.88153257269279,0.042100279336694,10.));
#1750=CARTESIAN_POINT('',(-3.9588652203305,-0.343101680984235,9.));
#1751=CARTESIAN_POINT('',(-4.91217025916914,-0.0279776532030836,10.));
#1752=CARTESIAN_POINT('',(-4.00219093712615,-0.442752093786646,9.));
#1753=CARTESIAN_POINT('',(-4.94266167508106,-0.0920371591401354,10.));
#1754=CARTESIAN_POINT('',(-4.04602441862715,-0.535590192338981,9.));
#1755=CARTESIAN_POINT('',(-4.9730658899495,-0.151111400691427,10.));
#1756=CARTESIAN_POINT('',(-4.09075059771634,-0.622524095472474,9.));
#1757=CARTESIAN_POINT('',(-5.00342315873894,-0.205818348472515,10.));
#1758=CARTESIAN_POINT('',(-4.13659669939586,-0.704174677430148,9.));
#1759=CARTESIAN_POINT('',(-5.03277205009593,-0.254999874179384,10.));
#1760=CARTESIAN_POINT('',(-4.18120152646131,-0.779173263060124,9.));
#1761=CARTESIAN_POINT('',(-5.05862444424115,-0.295623300183671,10.));
#1762=CARTESIAN_POINT('',(-4.22105843420634,-0.842095896442908,9.));
#1763=CARTESIAN_POINT('',(-5.07972851512807,-0.327101894659665,10.));
#1764=CARTESIAN_POINT('',(-4.25390077744417,-0.891251240697493,9.));
#1765=CARTESIAN_POINT('',(-5.09635156330825,-0.350936773889982,10.));
#1766=CARTESIAN_POINT('',(-4.28020560780197,-0.928960834522241,9.));
#1767=CARTESIAN_POINT('',(-5.11077194152023,-0.370975158581039,10.));
#1768=CARTESIAN_POINT('',(-4.30285951809324,-0.960311135785569,9.));
#1769=CARTESIAN_POINT('',(-5.12508649416668,-0.390310705113273,9.99999999999999));
#1770=CARTESIAN_POINT('',(-4.32687774383794,-0.99254629292837,9.));
#1771=CARTESIAN_POINT('',(-5.14179458687895,-0.412194667882106,10.));
#1772=CARTESIAN_POINT('',(-4.35622215018582,-1.03075605987857,9.));
#1773=CARTESIAN_POINT('',(-5.16351821553927,-0.439593960759549,10.));
#1774=CARTESIAN_POINT('',(-4.39361292318173,-1.07773451035927,9.));
#1775=CARTESIAN_POINT('',(-5.18126660958413,-0.460897203716524,10.));
#1776=CARTESIAN_POINT('',(-4.42049259542019,-1.10993651500096,9.));
#1777=CARTESIAN_POINT('',(-5.19223794751742,-0.473625874032279,10.));
#1778=CARTESIAN_POINT('',(-4.43482588212997,-1.12656305570643,9.));
#1779=FACE_BOUND('',#1780,.T.);
#1780=EDGE_LOOP('',(#3005,#3006,#3007,#3008));
#1781=B_SPLINE_SURFACE_WITH_KNOTS('',3,1,(
(#1782,#1783),
(#1784,#1785),
(#1786,#1787),
(#1788,#1789),
(#1790,#1791),
(#1792,#1793),
(#1794,#1795),
(#1796,#1797),
(#1798,#1799),
(#1800,#1801),
(#1802,#1803),
(#1804,#1805),
(#1806,#1807),
(#1808,#1809),
(#1810,#1811),
(#1812,#1813),
(#1814,#1815),
(#1816,#1817),
(#1818,#1819),
(#1820,#1821),
(#1822,#1823),
(#1824,#1825),
(#1826,#1827),
(#1828,#1829),
(#1830,#1831),
(#1832,#1833),
(#1834,#1835),
(#1836,#1837),
(#1838,#1839),
(#1840,#1841),
(#1842,#1843),
(#1844,#1845)),
.UNSPECIFIED.,.F.,.F.,.F.,
(4,1,1,1,1,1,1,1,1,1,1,1,1,1,1,1,1,1,1,1,1,1,1,1,1,1,1,1,1,4),
(2,2),
(4.08146204204384,4.74297296015973,4.98368492472401,5.18121935110724,5.35768306521666,
5.51771591556736,5.67475487918363,5.85529110775818,6.0850570201697,6.36288487628239,
6.67245727804278,7.00007825669701,7.3282268273345,7.65703495369217,7.99619317080074,
8.35318965010294,8.71940134325686,9.07194374109707,9.41386993971124,9.75570507737942,
10.1195504439449,10.4944768085667,10.8682522640492,11.2279873908025,11.5671640615008,
11.8818695015278,12.1517730641184,12.3949484044025,12.6182440203037,12.9185374881288),
(0.,1.),
.UNSPECIFIED.);
#1782=CARTESIAN_POINT('',(-5.19222578923113,-0.47361177025314,10.));
#1783=CARTESIAN_POINT('',(-4.43481194973955,-1.12654689394204,9.));
#1784=CARTESIAN_POINT('',(-5.22739828233091,-0.514261649084091,10.));
#1785=CARTESIAN_POINT('',(-4.47029224495679,-1.16770506868957,9.));
#1786=CARTESIAN_POINT('',(-5.26891132491008,-0.558816276178437,10.));
#1787=CARTESIAN_POINT('',(-4.53074918156394,-1.23370102181248,9.));
#1788=CARTESIAN_POINT('',(-5.3176277472261,-0.607138950497543,10.));
#1789=CARTESIAN_POINT('',(-4.61251846484371,-1.31598044424123,9.));
#1790=CARTESIAN_POINT('',(-5.3453515337075,-0.633545134371699,10.));
#1791=CARTESIAN_POINT('',(-4.65921001125804,-1.36100316216762,9.));
#1792=CARTESIAN_POINT('',(-5.37038842732813,-0.656565229251322,10.));
#1793=CARTESIAN_POINT('',(-4.69983393968056,-1.39858465937311,9.));
#1794=CARTESIAN_POINT('',(-5.39494953471794,-0.678392473553886,10.));
#1795=CARTESIAN_POINT('',(-4.73673465395441,-1.43119966827094,9.));
#1796=CARTESIAN_POINT('',(-5.41995636907725,-0.699891972235424,10.));
#1797=CARTESIAN_POINT('',(-4.77474162065884,-1.46380904374832,9.));
#1798=CARTESIAN_POINT('',(-5.44889667197584,-0.723911435662765,10.));
#1799=CARTESIAN_POINT('',(-4.81880837071741,-1.50034962523355,9.));
#1800=CARTESIAN_POINT('',(-5.48455675421375,-0.752241303958148,10.));
#1801=CARTESIAN_POINT('',(-4.87333831084597,-1.54371500387749,9.));
#1802=CARTESIAN_POINT('',(-5.52771751039603,-0.784691192872065,10.));
#1803=CARTESIAN_POINT('',(-4.93952486770902,-1.59358219631357,9.));
#1804=CARTESIAN_POINT('',(-5.57701315700783,-0.819406108271237,10.));
#1805=CARTESIAN_POINT('',(-5.0152053564369,-1.64694579647878,9.));
#1806=CARTESIAN_POINT('',(-5.63012890141241,-0.854178843870064,10.));
#1807=CARTESIAN_POINT('',(-5.09692231627881,-1.70031348890328,9.));
#1808=CARTESIAN_POINT('',(-5.68559266952225,-0.887769754688241,10.));
#1809=CARTESIAN_POINT('',(-5.18267319289218,-1.75220497635725,9.));
#1810=CARTESIAN_POINT('',(-5.74287570348962,-0.919757179752432,10.));
#1811=CARTESIAN_POINT('',(-5.27120383873418,-1.80166715681384,9.));
#1812=CARTESIAN_POINT('',(-5.80289660226837,-0.950513766916565,10.));
#1813=CARTESIAN_POINT('',(-5.36345595380585,-1.84907361196622,9.));
#1814=CARTESIAN_POINT('',(-5.86635186378307,-0.980119980238177,10.));
#1815=CARTESIAN_POINT('',(-5.46080706263826,-1.89443806131478,9.));
#1816=CARTESIAN_POINT('',(-5.9319540776847,-1.00773085325904,10.));
#1817=CARTESIAN_POINT('',(-5.56136037514617,-1.93663324414646,9.));
#1818=CARTESIAN_POINT('',(-5.99777866321926,-1.03257205093609,10.));
#1819=CARTESIAN_POINT('',(-5.66155876562533,-1.97444487673102,9.));
#1820=CARTESIAN_POINT('',(-6.06299634410487,-1.05456714109211,10.));
#1821=CARTESIAN_POINT('',(-5.75966681653795,-2.00778210828362,9.));
#1822=CARTESIAN_POINT('',(-6.13004118828711,-1.07463785494294,9.99999999999999));
#1823=CARTESIAN_POINT('',(-5.86017434278508,-2.0377291087714,9.));
#1824=CARTESIAN_POINT('',(-6.20022923729653,-1.09300960687844,10.));
#1825=CARTESIAN_POINT('',(-5.96457089861213,-2.06487054789858,9.));
#1826=CARTESIAN_POINT('',(-6.27342727213164,-1.10941084816672,10.));
#1827=CARTESIAN_POINT('',(-6.07212357488871,-2.08906703633613,9.));
#1828=CARTESIAN_POINT('',(-6.34720318301886,-1.12325341727869,10.));
#1829=CARTESIAN_POINT('',(-6.17906239667932,-2.10940051112192,9.));
#1830=CARTESIAN_POINT('',(-6.41957328935596,-1.13435569497405,10.));
#1831=CARTESIAN_POINT('',(-6.28304127160333,-2.12517563749188,9.));
#1832=CARTESIAN_POINT('',(-6.48857410171542,-1.14278484443957,10.));
#1833=CARTESIAN_POINT('',(-6.38124149860505,-2.13701127912541,9.));
#1834=CARTESIAN_POINT('',(-6.55216062729004,-1.14876153141852,10.));
#1835=CARTESIAN_POINT('',(-6.47015927880553,-2.1454313041235,9.));
#1836=CARTESIAN_POINT('',(-6.60888339679612,-1.15271425884456,10.));
#1837=CARTESIAN_POINT('',(-6.55002293352298,-2.15116268140198,9.));
#1838=CARTESIAN_POINT('',(-6.65855106475045,-1.15517867770715,10.));
#1839=CARTESIAN_POINT('',(-6.62207799009364,-2.15460933775174,9.));
#1840=CARTESIAN_POINT('',(-6.71133028971327,-1.15686532321119,10.));
#1841=CARTESIAN_POINT('',(-6.69606432869459,-2.15681695104919,9.00000000000001));
#1842=CARTESIAN_POINT('',(-6.74910233770422,-1.15732645426447,10.));
#1843=CARTESIAN_POINT('',(-6.74485992704517,-2.15732735725498,9.));
#1844=CARTESIAN_POINT('',(-6.77180808900057,-1.15732742033519,10.));
#1845=CARTESIAN_POINT('',(-6.77180979903854,-2.15732742033519,9.));
#1846=FACE_BOUND('',#1847,.T.);
#1847=EDGE_LOOP('',(#3009,#3010,#3011,#3012));
#1848=B_SPLINE_SURFACE_WITH_KNOTS('',3,1,(
(#1849,#1850),
(#1851,#1852),
(#1853,#1854),
(#1855,#1856),
(#1857,#1858),
(#1859,#1860),
(#1861,#1862),
(#1863,#1864),
(#1865,#1866),
(#1867,#1868),
(#1869,#1870),
(#1871,#1872),
(#1873,#1874),
(#1875,#1876),
(#1877,#1878),
(#1879,#1880),
(#1881,#1882),
(#1883,#1884),
(#1885,#1886),
(#1887,#1888),
(#1889,#1890),
(#1891,#1892)),
.UNSPECIFIED.,.F.,.F.,.F.,
(4,1,1,1,1,1,1,1,1,1,1,1,1,1,1,1,1,1,1,4),
(2,2),
(4.11719924211031,4.88058829918779,5.13943776490512,5.33836905296545,5.51395558789385,
5.68641850640525,5.86257265723884,6.05819377631914,6.28386518679331,6.54120794195248,
6.82311099525805,7.12262767291108,7.43079396376631,7.73664011317479,8.04206255617881,
8.35367514557484,8.68845312850894,9.08284730494577,9.58098864924771,10.7655596019282),
(0.,1.),
.UNSPECIFIED.);
#1849=CARTESIAN_POINT('',(-6.77178897595519,-1.15732742033519,10.));
#1850=CARTESIAN_POINT('',(-6.77178891213153,-2.15732742033519,9.));
#1851=CARTESIAN_POINT('',(-6.83337413466918,-1.15722686565123,9.99999999999999));
#1852=CARTESIAN_POINT('',(-6.83381345739075,-2.15732545735343,9.));
#1853=CARTESIAN_POINT('',(-6.90284901997607,-1.15486745214745,10.));
#1854=CARTESIAN_POINT('',(-6.93220961527711,-2.15482321645957,9.));
#1855=CARTESIAN_POINT('',(-6.98129255755572,-1.14919450801891,10.));
#1856=CARTESIAN_POINT('',(-7.05500960505069,-2.14659459283545,9.));
#1857=CARTESIAN_POINT('',(-7.0220322315155,-1.14549208518219,10.));
#1858=CARTESIAN_POINT('',(-7.11848530325947,-2.14102450097932,9.));
#1859=CARTESIAN_POINT('',(-7.05797964724979,-1.14165437760275,10.));
#1860=CARTESIAN_POINT('',(-7.1721526197401,-2.1352148921352,9.));
#1861=CARTESIAN_POINT('',(-7.0931583374509,-1.13734514132944,9.99999999999999));
#1862=CARTESIAN_POINT('',(-7.22252092816106,-2.12880680431456,9.));
#1863=CARTESIAN_POINT('',(-7.12927262382118,-1.13233344822192,10.));
#1864=CARTESIAN_POINT('',(-7.27534572327814,-2.12146341132437,9.));
#1865=CARTESIAN_POINT('',(-7.16874283983259,-1.12615917198898,10.));
#1866=CARTESIAN_POINT('',(-7.33339900273476,-2.11244896796223,9.));
#1867=CARTESIAN_POINT('',(-7.21320108395332,-1.11828439183634,10.));
#1868=CARTESIAN_POINT('',(-7.39948578602089,-2.1008966974701,9.));
#1869=CARTESIAN_POINT('',(-7.26282589409839,-1.10827885370225,10.));
#1870=CARTESIAN_POINT('',(-7.47397571672164,-2.08603102398591,9.));
#1871=CARTESIAN_POINT('',(-7.31653487896214,-1.09592420582153,10.));
#1872=CARTESIAN_POINT('',(-7.5553204861475,-2.06715458255027,9.));
#1873=CARTESIAN_POINT('',(-7.37275178118339,-1.08119952330076,10.));
#1874=CARTESIAN_POINT('',(-7.64158002536098,-2.0443420366335,9.));
#1875=CARTESIAN_POINT('',(-7.42969887515079,-1.06429375127036,10.));
#1876=CARTESIAN_POINT('',(-7.73031064914995,-2.01816116433513,9.));
#1877=CARTESIAN_POINT('',(-7.48608044171162,-1.04546596892242,10.));
#1878=CARTESIAN_POINT('',(-7.81916339126191,-1.98869250253844,9.));
#1879=CARTESIAN_POINT('',(-7.54159695330196,-1.02478262926836,10.));
#1880=CARTESIAN_POINT('',(-7.90715488537581,-1.95576524716838,9.));
#1881=CARTESIAN_POINT('',(-7.59783180895549,-1.00153342902351,10.));
#1882=CARTESIAN_POINT('',(-7.99734586314143,-1.91833479721027,9.));
#1883=CARTESIAN_POINT('',(-7.65813026305386,-0.973883416161621,10.));
#1884=CARTESIAN_POINT('',(-8.09528628502943,-1.87357844819657,9.));
#1885=CARTESIAN_POINT('',(-7.72739527983765,-0.938393706850007,10.));
#1886=CARTESIAN_POINT('',(-8.20838103577877,-1.81575756747563,9.));
#1887=CARTESIAN_POINT('',(-7.84073996610441,-0.872354400299265,10.));
#1888=CARTESIAN_POINT('',(-8.39431793173602,-1.70706726185411,9.));
#1889=CARTESIAN_POINT('',(-7.92663812754649,-0.809608843522123,9.99999999999999));
#1890=CARTESIAN_POINT('',(-8.53731510291091,-1.60324031467615,9.));
#1891=CARTESIAN_POINT('',(-7.98361776965284,-0.761236541979574,10.));
#1892=CARTESIAN_POINT('',(-8.63060000162591,-1.52374161836934,9.));
#1893=FACE_BOUND('',#1894,.T.);
#1894=EDGE_LOOP('',(#3013,#3014,#3015,#3016));
#1895=B_SPLINE_SURFACE_WITH_KNOTS('',3,1,(
(#1896,#1897),
(#1898,#1899),
(#1900,#1901),
(#1902,#1903),
(#1904,#1905),
(#1906,#1907),
(#1908,#1909),
(#1910,#1911),
(#1912,#1913),
(#1914,#1915),
(#1916,#1917),
(#1918,#1919),
(#1920,#1921),
(#1922,#1923),
(#1924,#1925)),
.UNSPECIFIED.,.F.,.F.,.F.,
(4,1,1,1,1,1,1,1,1,1,1,1,4),
(2,2),
(4.66653231855353,5.18142459847916,5.44394973475992,5.69938312708803,5.9292171562742,
6.14550342129222,6.36347800528469,6.60578970770466,6.88461895166043,7.1946008325616,
7.53046610589572,7.87241179923008,8.41291986537688),
(0.,1.),
.UNSPECIFIED.);
#1896=CARTESIAN_POINT('',(-7.98360452027956,-0.761247783946577,10.));
#1897=CARTESIAN_POINT('',(-8.63058275076747,-1.52375625555838,9.));
#1898=CARTESIAN_POINT('',(-8.00883705546726,-0.739794270247935,10.));
#1899=CARTESIAN_POINT('',(-8.66220196436913,-1.49692902027045,9.));
#1900=CARTESIAN_POINT('',(-8.04122802705805,-0.710290780324754,10.));
#1901=CARTESIAN_POINT('',(-8.71493698623068,-1.44933840977715,9.));
#1902=CARTESIAN_POINT('',(-8.07963467349654,-0.672351819972829,10.));
#1903=CARTESIAN_POINT('',(-8.78628157587865,-1.37962829021955,9.));
#1904=CARTESIAN_POINT('',(-8.10651630587918,-0.644336914861786,10.));
#1905=CARTESIAN_POINT('',(-8.83668990698275,-1.32766225542095,9.));
#1906=CARTESIAN_POINT('',(-8.13248871091945,-0.615813694345418,10.));
#1907=CARTESIAN_POINT('',(-8.88035085441746,-1.27988257853827,9.));
#1908=CARTESIAN_POINT('',(-8.15662167468174,-0.587945727297512,10.));
#1909=CARTESIAN_POINT('',(-8.92030244898626,-1.23370608034626,9.));
#1910=CARTESIAN_POINT('',(-8.18055778427016,-0.558939691525468,10.));
#1911=CARTESIAN_POINT('',(-8.95990840520939,-1.18560438101329,9.));
#1912=CARTESIAN_POINT('',(-8.20599110481882,-0.526501118376725,10.));
#1913=CARTESIAN_POINT('',(-9.0017657638491,-1.13210735636023,9.));
#1914=CARTESIAN_POINT('',(-8.23364206045211,-0.489127355172861,10.));
#1915=CARTESIAN_POINT('',(-9.04701029944842,-1.07094718105113,9.));
#1916=CARTESIAN_POINT('',(-8.26317919027326,-0.44649909952747,10.));
#1917=CARTESIAN_POINT('',(-9.0949179339007,-1.0021992769233,9.));
#1918=CARTESIAN_POINT('',(-8.2933941052998,-0.399628567616363,10.));
#1919=CARTESIAN_POINT('',(-9.14334835585876,-0.927075258428489,9.));
#1920=CARTESIAN_POINT('',(-8.3288895622157,-0.340194894222886,10.));
#1921=CARTESIAN_POINT('',(-9.199559986987,-0.8327579407625,9.));
#1922=CARTESIAN_POINT('',(-8.35290582802662,-0.295718236694439,10.));
#1923=CARTESIAN_POINT('',(-9.23697824256959,-0.763342762683127,9.));
#1924=CARTESIAN_POINT('',(-8.36697663908789,-0.267997982346983,10.));
#1925=CARTESIAN_POINT('',(-9.25867241541966,-0.720633210023743,9.));
#1926=FACE_BOUND('',#1927,.T.);
#1927=EDGE_LOOP('',(#3017,#3018,#3019));
#1928=B_SPLINE_SURFACE_WITH_KNOTS('',3,1,(
(#1929,#1930),
(#1931,#1932),
(#1933,#1934),
(#1935,#1936),
(#1937,#1938),
(#1939,#1940),
(#1941,#1942),
(#1943,#1944),
(#1945,#1946)),
.UNSPECIFIED.,.F.,.F.,.F.,
(4,1,1,1,1,1,4),
(2,2),
(-1.56291812404898E-5,0.294408867882836,0.423892292752062,0.549418750470813,0.677369608622551,
0.800178843227754,1.00001562918124),
(0.,1.),
.UNSPECIFIED.);
#1929=CARTESIAN_POINT('',(-9.25866692165475,-0.720644025156717,9.));
#1930=CARTESIAN_POINT('',(-8.36696402444909,-0.268022833523971,10.));
#1931=CARTESIAN_POINT('',(-9.25866692165475,-0.720644025156717,9.));
#1932=CARTESIAN_POINT('',(-8.42367726391192,-0.15593536780392,10.));
#1933=CARTESIAN_POINT('',(-9.25866692165474,-0.720644025156717,9.));
#1934=CARTESIAN_POINT('',(-8.53642101215222,-0.0105037635334507,10.));
#1935=CARTESIAN_POINT('',(-9.25866692165475,-0.720644025156717,9.));
#1936=CARTESIAN_POINT('',(-8.72485007785004,0.13020849456802,10.));
#1937=CARTESIAN_POINT('',(-9.25866692165475,-0.720644025156718,9.));
#1938=CARTESIAN_POINT('',(-8.87033645414436,0.205642768283973,10.));
#1939=CARTESIAN_POINT('',(-9.25866692165475,-0.720644025156717,9.));
#1940=CARTESIAN_POINT('',(-9.02340053985757,0.255709878811828,10.));
#1941=CARTESIAN_POINT('',(-9.25866692165475,-0.720644025156717,9.));
#1942=CARTESIAN_POINT('',(-9.21386644952555,0.285610501571958,10.));
#1943=CARTESIAN_POINT('',(-9.25866692165475,-0.720644025156717,9.));
#1944=CARTESIAN_POINT('',(-9.35243952278776,0.278618188501091,10.));
#1945=CARTESIAN_POINT('',(-9.25866692165475,-0.720644025156717,9.));
#1946=CARTESIAN_POINT('',(-9.43632280232611,0.263448647340585,10.));
#1947=FACE_BOUND('',#1948,.T.);
#1948=EDGE_LOOP('',(#3020,#3021,#3022,#3023));
#1949=PLANE('',#1950);
#1950=AXIS2_PLACEMENT_3D('',#1951,#1952,#1953);
#1951=CARTESIAN_POINT('',(-5.69206250141549,0.939313618800022,10.));
#1952=DIRECTION('',(0.125607760743224,-0.695861114333222,0.707106781186547));
#1953=DIRECTION('',(-0.984096225418097,-0.177636198782382,-1.92577624064182E-17));
#1954=FACE_BOUND('',#1955,.T.);
#1955=EDGE_LOOP('',(#3024,#3025,#3026,#3027,#3028));
#1956=B_SPLINE_SURFACE_WITH_KNOTS('',3,1,(
(#1957,#1958),
(#1959,#1960),
(#1961,#1962),
(#1963,#1964),
(#1965,#1966),
(#1967,#1968),
(#1969,#1970),
(#1971,#1972),
(#1973,#1974),
(#1975,#1976),
(#1977,#1978),
(#1979,#1980),
(#1981,#1982),
(#1983,#1984),
(#1985,#1986),
(#1987,#1988),
(#1989,#1990),
(#1991,#1992),
(#1993,#1994),
(#1995,#1996),
(#1997,#1998),
(#1999,#2000),
(#2001,#2002),
(#2003,#2004),
(#2005,#2006),
(#2007,#2008),
(#2009,#2010),
(#2011,#2012),
(#2013,#2014),
(#2015,#2016),
(#2017,#2018),
(#2019,#2020),
(#2021,#2022),
(#2023,#2024),
(#2025,#2026),
(#2027,#2028),
(#2029,#2030)),
.UNSPECIFIED.,.F.,.F.,.F.,
(4,1,1,1,1,1,1,1,1,1,1,1,1,1,1,1,1,1,1,1,1,1,1,1,1,1,1,1,1,1,1,1,1,1,4),
(2,2),
(4.30373670092821,4.55769882690965,4.65468677146504,4.74025906541612,4.82210477833631,
4.90914948675864,5.00791511820254,5.12916994662684,5.27278599837622,5.44662390407447,
5.6553323396975,5.905376637999,6.18369408737581,6.48486365822743,6.79800951635576,
7.10720348167232,7.40325483079586,7.68502330373603,7.97674501460114,8.30773177482476,
8.66067419387217,9.01832972834479,9.35386693135175,9.69433858813493,10.0341033509414,
10.4081226162321,10.8204750827496,11.3273829016925,11.8554281968713,12.4126912066703,
12.9315600852082,13.4836712447418,14.0948712623197,14.7644465731881,15.696263140605),
(0.,1.),
.UNSPECIFIED.);
#1957=CARTESIAN_POINT('',(3.73673788218409,0.227278458015471,9.));
#1958=CARTESIAN_POINT('',(4.06464357876535,1.1719889185004,10.));
#1959=CARTESIAN_POINT('',(3.75559713008048,0.220731554687031,9.));
#1960=CARTESIAN_POINT('',(4.08305897546137,1.165642070524,10.));
#1961=CARTESIAN_POINT('',(3.79043479119276,0.209428027395757,9.));
#1962=CARTESIAN_POINT('',(4.10237026160281,1.15946801574233,10.));
#1963=CARTESIAN_POINT('',(3.83619804173026,0.195428460898215,9.));
#1964=CARTESIAN_POINT('',(4.12434823733616,1.15285966768031,10.));
#1965=CARTESIAN_POINT('',(3.8632928450075,0.187402967478208,9.));
#1966=CARTESIAN_POINT('',(4.1381389373583,1.14885023002486,10.));
#1967=CARTESIAN_POINT('',(3.887264703856,0.18055661803041,9.));
#1968=CARTESIAN_POINT('',(4.15320376369332,1.14461562435386,10.));
#1969=CARTESIAN_POINT('',(3.91224400910993,0.173747349861987,9.));
#1970=CARTESIAN_POINT('',(4.16923233880394,1.14026861735165,10.));
#1971=CARTESIAN_POINT('',(3.94057628259318,0.166375508508521,9.));
#1972=CARTESIAN_POINT('',(4.18789520131242,1.13539264565352,9.99999999999999));
#1973=CARTESIAN_POINT('',(3.97377366336374,0.15815459705865,9.));
#1974=CARTESIAN_POINT('',(4.21033740322378,1.12978018913771,10.));
#1975=CARTESIAN_POINT('',(4.0134182409782,0.148806228217694,9.));
#1976=CARTESIAN_POINT('',(4.23787872583191,1.1232359263494,10.));
#1977=CARTESIAN_POINT('',(4.0606528301811,0.138034474081238,9.));
#1978=CARTESIAN_POINT('',(4.27150837533781,1.11570781524737,10.));
#1979=CARTESIAN_POINT('',(4.11643855934618,0.126471722670943,9.));
#1980=CARTESIAN_POINT('',(4.31264929263539,1.10711647240431,10.));
#1981=CARTESIAN_POINT('',(4.18054663933748,0.114274244478108,9.));
#1982=CARTESIAN_POINT('',(4.36153395399118,1.09769432948872,10.));
#1983=CARTESIAN_POINT('',(4.25215390169456,0.101409640096121,9.));
#1984=CARTESIAN_POINT('',(4.41774340929253,1.08778271815829,10.));
#1985=CARTESIAN_POINT('',(4.32793265951472,0.0893983056008107,9.));
#1986=CARTESIAN_POINT('',(4.47900039447692,1.0779465002462,10.));
#1987=CARTESIAN_POINT('',(4.40560811914832,0.0781249846013371,9.));
#1988=CARTESIAN_POINT('',(4.54344520043383,1.06853761397177,10.));
#1989=CARTESIAN_POINT('',(4.4823981316725,0.0677342208775038,9.));
#1990=CARTESIAN_POINT('',(4.60851109288033,1.05988896273067,10.));
#1991=CARTESIAN_POINT('',(4.55578398692583,0.0589161998829789,9.));
#1992=CARTESIAN_POINT('',(4.67166603381879,1.05220584349948,10.));
#1993=CARTESIAN_POINT('',(4.6273060414693,0.0510078316555721,9.));
#1994=CARTESIAN_POINT('',(4.73407752453528,1.04521181971399,10.));
#1995=CARTESIAN_POINT('',(4.70155389737123,0.0431493054358809,9.));
#1996=CARTESIAN_POINT('',(4.79999810332748,1.03840169332507,10.));
#1997=CARTESIAN_POINT('',(4.78096454559191,0.0359032748480782,8.99999999999999));
#1998=CARTESIAN_POINT('',(4.87020409756009,1.03175525692591,9.99999999999999));
#1999=CARTESIAN_POINT('',(4.8652685955855,0.0290374635802443,9.));
#2000=CARTESIAN_POINT('',(4.94525913517356,1.02526644247052,10.));
#2001=CARTESIAN_POINT('',(4.95023264001138,0.0216082823953074,9.));
#2002=CARTESIAN_POINT('',(5.02512878005095,1.01901802500024,10.));
#2003=CARTESIAN_POINT('',(5.0334753401392,0.0158871034204245,9.));
#2004=CARTESIAN_POINT('',(5.10110516598928,1.01362611947657,10.));
#2005=CARTESIAN_POINT('',(5.11510357348484,0.010535017792274,9.));
#2006=CARTESIAN_POINT('',(5.17683492006442,1.00872440171932,10.));
#2007=CARTESIAN_POINT('',(5.19951837018392,0.00567043034072536,9.));
#2008=CARTESIAN_POINT('',(5.25519229823171,1.0041171584512,10.));
#2009=CARTESIAN_POINT('',(5.28948013484726,0.000965611796794753,9.));
#2010=CARTESIAN_POINT('',(5.33925353032517,0.999649883665229,10.));
#2011=CARTESIAN_POINT('',(5.39268574300377,-0.00405523890355678,9.));
#2012=CARTESIAN_POINT('',(5.43683011874385,0.995031101376687,10.));
#2013=CARTESIAN_POINT('',(5.50784891581578,-0.00883461280873788,9.));
#2014=CARTESIAN_POINT('',(5.54594043215917,0.990547877146597,10.));
#2015=CARTESIAN_POINT('',(5.63415502257043,-0.0131205293905214,9.));
#2016=CARTESIAN_POINT('',(5.6657227129793,0.986381533978087,10.));
#2017=CARTESIAN_POINT('',(5.76114464091941,-0.0166833802115998,9.));
#2018=CARTESIAN_POINT('',(5.78676423877514,0.982894002893381,10.));
#2019=CARTESIAN_POINT('',(5.88994449759427,-0.019874039727088,9.));
#2020=CARTESIAN_POINT('',(5.91107628730439,0.97998716848822,10.));
#2021=CARTESIAN_POINT('',(6.0227361314652,-0.0223739743645642,9.));
#2022=CARTESIAN_POINT('',(6.03915585892261,0.977630133758803,10.));
#2023=CARTESIAN_POINT('',(6.16715778609543,-0.0242752368525064,9.));
#2024=CARTESIAN_POINT('',(6.17843189377632,0.975751773362126,10.));
#2025=CARTESIAN_POINT('',(6.34119512679059,-0.025669560253941,9.));
#2026=CARTESIAN_POINT('',(6.34668309933031,0.974314247764914,10.));
#2027=CARTESIAN_POINT('',(6.46707023190768,-0.0260145860826238,9.));
#2028=CARTESIAN_POINT('',(6.46874015088045,0.973957705605645,10.));
#2029=CARTESIAN_POINT('',(6.54017486857775,-0.0260425727094175,9.));
#2030=CARTESIAN_POINT('',(6.54017471293703,0.973957440171918,10.));
#2031=FACE_BOUND('',#2032,.T.);
#2032=EDGE_LOOP('',(#3029,#3030,#3031,#3032));
#2033=PLANE('',#2034);
#2034=AXIS2_PLACEMENT_3D('',#2035,#2036,#2037);
#2035=CARTESIAN_POINT('',(2.54016479076066,-0.0260425598280812,9.));
#2036=DIRECTION('',(-1.05749842476782E-16,-0.707106781186548,0.707106781186548));
#2037=DIRECTION('',(1.,-1.49552861449484E-16,0.));
#2038=FACE_BOUND('',#2039,.T.);
#2039=EDGE_LOOP('',(#3033,#3034,#3035,#3036));
#2040=PLANE('',#2041);
#2041=AXIS2_PLACEMENT_3D('',#2042,#2043,#2044);
#2042=CARTESIAN_POINT('',(9.79403447871366,-3.02604255982808,9.));
#2043=DIRECTION('',(0.707106781186548,-2.14774067575035E-16,0.707106781186547));
#2044=DIRECTION('',(3.0373639921065E-16,1.,0.));
#2045=FACE_BOUND('',#2046,.T.);
#2046=EDGE_LOOP('',(#3037,#3038,#3039,#3040));
#2047=PLANE('',#2048);
#2048=AXIS2_PLACEMENT_3D('',#2049,#2050,#2051);
#2049=CARTESIAN_POINT('',(12.7940344787137,5.67065789501793,9.));
#2050=DIRECTION('',(1.18677288483483E-16,0.707106781186548,0.707106781186548));
#2051=DIRECTION('',(-1.,1.67835030919007E-16,0.));
#2052=FACE_BOUND('',#2053,.T.);
#2053=EDGE_LOOP('',(#3041,#3042,#3043,#3044));
#2054=B_SPLINE_SURFACE_WITH_KNOTS('',3,1,(
(#2055,#2056),
(#2057,#2058),
(#2059,#2060),
(#2061,#2062),
(#2063,#2064),
(#2065,#2066),
(#2067,#2068),
(#2069,#2070),
(#2071,#2072),
(#2073,#2074),
(#2075,#2076),
(#2077,#2078),
(#2079,#2080),
(#2081,#2082),
(#2083,#2084),
(#2085,#2086),
(#2087,#2088),
(#2089,#2090),
(#2091,#2092),
(#2093,#2094),
(#2095,#2096),
(#2097,#2098),
(#2099,#2100),
(#2101,#2102),
(#2103,#2104)),
.UNSPECIFIED.,.F.,.F.,.F.,
(4,1,1,1,1,1,1,1,1,1,1,1,1,1,1,1,1,1,1,1,1,1,4),
(2,2),
(5.47958795540806,6.75157703899889,7.22387491478662,7.67017909578464,8.18112223597543,
8.79229639580317,9.49662989550846,10.2567260437236,11.0194048078426,11.7427105642317,
12.4612899746624,13.1916265047535,13.8601845592043,14.4333700645418,14.863603262507,
15.2214978728477,15.4988125349909,15.7275035576668,15.9068156197971,16.0475253134836,
16.1715984167435,16.3032950020129,16.5204116407185),
(0.,1.),
.UNSPECIFIED.);
#2055=CARTESIAN_POINT('',(6.21009885780866,5.67065789501793,9.));
#2056=CARTESIAN_POINT('',(6.21009887124104,4.67065789501793,10.));
#2057=CARTESIAN_POINT('',(6.13269725489869,5.67065764114026,9.00000000000001));
#2058=CARTESIAN_POINT('',(6.13260832192162,4.67065648067829,10.));
#2059=CARTESIAN_POINT('',(6.02565750352122,5.67047984339644,9.));
#2060=CARTESIAN_POINT('',(6.02800031626582,4.67043132508317,10.));
#2061=CARTESIAN_POINT('',(5.89054014830851,5.6697500262758,9.));
#2062=CARTESIAN_POINT('',(5.89693905620758,4.66969460359601,10.));
#2063=CARTESIAN_POINT('',(5.80223646743846,5.66907675910084,9.));
#2064=CARTESIAN_POINT('',(5.81128330458169,4.66904454325431,10.));
#2065=CARTESIAN_POINT('',(5.70532832126332,5.66807451980387,9.));
#2066=CARTESIAN_POINT('',(5.71680212857082,4.66811923140661,10.));
#2067=CARTESIAN_POINT('',(5.59261221598841,5.66656859886821,9.));
#2068=CARTESIAN_POINT('',(5.60646412215712,4.66672456167691,10.));
#2069=CARTESIAN_POINT('',(5.46436111638588,5.66458165960253,9.));
#2070=CARTESIAN_POINT('',(5.48317572614156,4.66471250766905,10.));
#2071=CARTESIAN_POINT('',(5.32634973343169,5.66170345424481,9.));
#2072=CARTESIAN_POINT('',(5.35035453953033,4.66193355853737,10.));
#2073=CARTESIAN_POINT('',(5.18660560162516,5.65786537862903,9.));
#2074=CARTESIAN_POINT('',(5.21586695995606,4.65834733020076,10.));
#2075=CARTESIAN_POINT('',(5.04913251925027,5.65346079277146,9.));
#2076=CARTESIAN_POINT('',(5.08642219749809,4.6540473657735,10.));
#2077=CARTESIAN_POINT('',(4.91258156062651,5.64769775719031,9.));
#2078=CARTESIAN_POINT('',(4.95750577820701,4.64876891811957,10.));
#2079=CARTESIAN_POINT('',(4.77877753827773,5.6410708567659,9.));
#2080=CARTESIAN_POINT('',(4.83473285142312,4.64256378399404,10.));
#2081=CARTESIAN_POINT('',(4.65278112678376,5.63326685033542,9.));
#2082=CARTESIAN_POINT('',(4.72079944447148,4.63547315741251,10.));
#2083=CARTESIAN_POINT('',(4.54399304047059,5.62485757217905,9.));
#2084=CARTESIAN_POINT('',(4.62580517155027,4.628261141971,10.));
#2085=CARTESIAN_POINT('',(4.45449865049139,5.61700462166082,9.));
#2086=CARTESIAN_POINT('',(4.55033840391514,4.62145701746097,10.));
#2087=CARTESIAN_POINT('',(4.38235743045864,5.6092905876359,9.));
#2088=CARTESIAN_POINT('',(4.4922722971705,4.61540181093888,10.));
#2089=CARTESIAN_POINT('',(4.32322942224107,5.60245893509107,9.));
#2090=CARTESIAN_POINT('',(4.446512600598,4.6099850633343,10.));
#2091=CARTESIAN_POINT('',(4.27483833332965,5.59601243993907,9.));
#2092=CARTESIAN_POINT('',(4.41113401161852,4.60532235689633,10.));
#2093=CARTESIAN_POINT('',(4.23528722725235,5.59027312931586,9.));
#2094=CARTESIAN_POINT('',(4.38347485753083,4.60132260883163,10.));
#2095=CARTESIAN_POINT('',(4.2027084472921,5.58525509255824,9.));
#2096=CARTESIAN_POINT('',(4.36171511781777,4.59792552062512,9.99999999999999));
#2097=CARTESIAN_POINT('',(4.17304441517519,5.58031717192465,9.));
#2098=CARTESIAN_POINT('',(4.34265424285206,4.59474635780577,10.));
#2099=CARTESIAN_POINT('',(4.13589502225098,5.57357882518073,9.));
#2100=CARTESIAN_POINT('',(4.32105526408475,4.59088707163572,10.));
#2101=CARTESIAN_POINT('',(4.10567114879665,5.56770239901713,9.));
#2102=CARTESIAN_POINT('',(4.30704349486841,4.58816265856793,10.));
#2103=CARTESIAN_POINT('',(4.09090469409326,5.56460804980904,9.));
#2104=CARTESIAN_POINT('',(4.29572077055745,4.58580757227048,10.));
#2105=FACE_BOUND('',#2106,.T.);
#2106=EDGE_LOOP('',(#3045,#3046,#3047,#3048));
#2107=B_SPLINE_SURFACE_WITH_KNOTS('',3,1,(
(#2108,#2109),
(#2110,#2111),
(#2112,#2113),
(#2114,#2115),
(#2116,#2117),
(#2118,#2119),
(#2120,#2121),
(#2122,#2123),
(#2124,#2125),
(#2126,#2127),
(#2128,#2129),
(#2130,#2131),
(#2132,#2133),
(#2134,#2135),
(#2136,#2137),
(#2138,#2139),
(#2140,#2141),
(#2142,#2143),
(#2144,#2145),
(#2146,#2147),
(#2148,#2149),
(#2150,#2151)),
.UNSPECIFIED.,.F.,.F.,.F.,
(4,1,1,1,1,1,1,1,1,1,1,1,1,1,1,1,1,1,1,4),
(2,2),
(5.18781168043786,5.86468401655546,6.14350872908785,6.41481153661312,6.67110069411903,
6.91297800443503,7.17317852780544,7.47412077402672,7.84712031115636,8.27054489228018,
8.73006493476239,9.17684184851499,9.61317812156727,10.0427070338052,10.4805298918033,
10.9254541369082,11.3726926883943,11.7964554223713,12.1912403573607,12.8121871699693),
(0.,1.),
.UNSPECIFIED.);
#2108=CARTESIAN_POINT('',(4.11687781292425,5.56968543631885,9.));
#2109=CARTESIAN_POINT('',(4.29573898559039,4.58581111461282,10.));
#2110=CARTESIAN_POINT('',(4.07390008699019,5.56187290490837,9.));
#2111=CARTESIAN_POINT('',(4.25311624220212,4.57801514914346,10.));
#2112=CARTESIAN_POINT('',(4.00293452845157,5.54720946413705,9.));
#2113=CARTESIAN_POINT('',(4.20191490292034,4.5670628425011,10.));
#2114=CARTESIAN_POINT('',(3.90507088433529,5.52352886075658,9.));
#2115=CARTESIAN_POINT('',(4.14261535087476,4.55228799725615,10.));
#2116=CARTESIAN_POINT('',(3.84013102144513,5.50640866733097,9.));
#2117=CARTESIAN_POINT('',(4.10460484165505,4.5420028162797,10.));
#2118=CARTESIAN_POINT('',(3.77902463833692,5.48886024594236,9.));
#2119=CARTESIAN_POINT('',(4.06815480519792,4.53137894221444,10.));
#2120=CARTESIAN_POINT('',(3.72182262207963,5.47074563664675,9.));
#2121=CARTESIAN_POINT('',(4.03054834418043,4.51960907157996,10.));
#2122=CARTESIAN_POINT('',(3.66128298742914,5.45032268493368,9.));
#2123=CARTESIAN_POINT('',(3.99101588438823,4.50632284793782,10.));
#2124=CARTESIAN_POINT('',(3.59096101471254,5.42488565414839,9.));
#2125=CARTESIAN_POINT('',(3.94555321464636,4.48984813735257,10.));
#2126=CARTESIAN_POINT('',(3.50884260662508,5.39258241551694,9.));
#2127=CARTESIAN_POINT('',(3.89290902298966,4.46903931948452,10.));
#2128=CARTESIAN_POINT('',(3.41614904609383,5.35223749024854,9.));
#2129=CARTESIAN_POINT('',(3.83383341851432,4.44328949656719,10.));
#2130=CARTESIAN_POINT('',(3.319673776108,5.30538396534481,9.));
#2131=CARTESIAN_POINT('',(3.77269672687903,4.41375038163004,10.));
#2132=CARTESIAN_POINT('',(3.22319783902146,5.25390427728939,9.));
#2133=CARTESIAN_POINT('',(3.71231524679919,4.38147465168219,10.));
#2134=CARTESIAN_POINT('',(3.13090901129434,5.19981007496551,9.));
#2135=CARTESIAN_POINT('',(3.65477049905432,4.34766269723934,10.));
#2136=CARTESIAN_POINT('',(3.04199583853376,5.14261406173446,9.00000000000001));
#2137=CARTESIAN_POINT('',(3.59918733610582,4.31195700785268,10.));
#2138=CARTESIAN_POINT('',(2.95418381627895,5.08102884254902,9.));
#2139=CARTESIAN_POINT('',(3.54464091409296,4.27375029892989,10.));
#2140=CARTESIAN_POINT('',(2.86772298677899,5.01506979548656,9.));
#2141=CARTESIAN_POINT('',(3.4909587865019,4.23277897608597,10.));
#2142=CARTESIAN_POINT('',(2.78556135509612,4.94699507842835,9.));
#2143=CARTESIAN_POINT('',(3.43959513349444,4.19012870003623,10.));
#2144=CARTESIAN_POINT('',(2.7091861348889,4.87824159686486,9.));
#2145=CARTESIAN_POINT('',(3.39169998551054,4.14702892523909,10.));
#2146=CARTESIAN_POINT('',(2.62531577261001,4.79690090684534,9.));
#2147=CARTESIAN_POINT('',(3.33890343736687,4.09585461967142,10.));
#2148=CARTESIAN_POINT('',(2.56905372139428,4.73719055795311,9.));
#2149=CARTESIAN_POINT('',(3.30318248550564,4.05794517462791,10.));
#2150=CARTESIAN_POINT('',(2.53586575831512,4.70000602161422,9.));
#2151=CARTESIAN_POINT('',(3.28193975737883,4.03414298169007,10.));
#2152=FACE_BOUND('',#2153,.T.);
#2153=EDGE_LOOP('',(#3049,#3050,#3051,#3052));
#2154=B_SPLINE_SURFACE_WITH_KNOTS('',3,1,(
(#2155,#2156),
(#2157,#2158),
(#2159,#2160),
(#2161,#2162),
(#2163,#2164),
(#2165,#2166),
(#2167,#2168),
(#2169,#2170),
(#2171,#2172),
(#2173,#2174),
(#2175,#2176),
(#2177,#2178),
(#2179,#2180),
(#2181,#2182),
(#2183,#2184),
(#2185,#2186),
(#2187,#2188),
(#2189,#2190),
(#2191,#2192),
(#2193,#2194),
(#2195,#2196),
(#2197,#2198),
(#2199,#2200),
(#2201,#2202),
(#2203,#2204),
(#2205,#2206),
(#2207,#2208),
(#2209,#2210),
(#2211,#2212)),
.UNSPECIFIED.,.F.,.F.,.F.,
(4,1,1,1,1,1,1,1,1,1,1,1,1,1,1,1,1,1,1,1,1,1,1,1,1,1,4),
(2,2),
(4.73861732443919,5.23785952520728,5.46843618970931,5.65296336771156,5.80125462597956,
5.91768554587133,6.03822551345847,6.18584035566097,6.36192091638861,6.57777940976927,
6.81708936402488,7.07177807802922,7.36611830841105,7.71076344375042,8.11285977311061,
8.52886711576694,8.93681656567682,9.34530040089061,9.74246011659002,10.0993602164041,
10.4000686379803,10.6440429004782,10.8660575752439,11.0846608980365,11.3409974564008,
11.6618379993706,12.2613820438608),
(0.,1.),
.UNSPECIFIED.);
#2155=CARTESIAN_POINT('',(2.53588048978108,4.70002252752317,9.));
#2156=CARTESIAN_POINT('',(3.2819517031281,4.03415636633541,10.));
#2157=CARTESIAN_POINT('',(2.51232528733309,4.67363009175317,9.));
#2158=CARTESIAN_POINT('',(3.25874847140526,4.00806296149576,10.));
#2159=CARTESIAN_POINT('',(2.47041027322986,4.62370847817076,9.));
#2160=CARTESIAN_POINT('',(3.23270419599074,3.97645238963385,10.));
#2161=CARTESIAN_POINT('',(2.41485801215105,4.5524808693735,9.));
#2162=CARTESIAN_POINT('',(3.20557066143772,3.94097145032606,10.));
#2163=CARTESIAN_POINT('',(2.3813630760489,4.50759348213972,9.));
#2164=CARTESIAN_POINT('',(3.18952675473056,3.91903773370242,10.));
#2165=CARTESIAN_POINT('',(2.35588253794563,4.47201456795848,9.));
#2166=CARTESIAN_POINT('',(3.1766791372413,3.90082545878666,10.));
#2167=CARTESIAN_POINT('',(2.33563527651567,4.44253346639293,9.));
#2168=CARTESIAN_POINT('',(3.16518290116489,3.88401090115143,10.));
#2169=CARTESIAN_POINT('',(2.31619863709961,4.41322330160648,9.));
#2170=CARTESIAN_POINT('',(3.1536937821468,3.86670154181139,10.));
#2171=CARTESIAN_POINT('',(2.2941165853528,4.37878555345058,9.));
#2172=CARTESIAN_POINT('',(3.14079561118682,3.84660319889735,10.));
#2173=CARTESIAN_POINT('',(2.26812022479802,4.33648883370868,9.));
#2174=CARTESIAN_POINT('',(3.12552662198404,3.82181592191294,10.));
#2175=CARTESIAN_POINT('',(2.23879382923868,4.28633228867871,9.));
#2176=CARTESIAN_POINT('',(3.10829949004763,3.7923972232864,10.));
#2177=CARTESIAN_POINT('',(2.20732959937713,4.22926532406994,9.));
#2178=CARTESIAN_POINT('',(3.08974237290531,3.75875143230913,10.));
#2179=CARTESIAN_POINT('',(2.17427286580057,4.16547425686382,9.));
#2180=CARTESIAN_POINT('',(3.07014786251658,3.72077779836582,10.));
#2181=CARTESIAN_POINT('',(2.13923422673834,4.09229381020258,9.));
#2182=CARTESIAN_POINT('',(3.04917515888799,3.67691898576114,10.));
#2183=CARTESIAN_POINT('',(2.10158768505624,4.00552988026749,9.));
#2184=CARTESIAN_POINT('',(3.02639550432189,3.62468855903932,10.));
#2185=CARTESIAN_POINT('',(2.06356047842121,3.9077365030694,9.));
#2186=CARTESIAN_POINT('',(3.00316084670968,3.56503790305345,10.));
#2187=CARTESIAN_POINT('',(2.02797247566334,3.80452015387717,9.));
#2188=CARTESIAN_POINT('',(2.98121586437987,3.50079050810874,10.));
#2189=CARTESIAN_POINT('',(1.9971574609659,3.69949614472049,9.));
#2190=CARTESIAN_POINT('',(2.96163569731963,3.43468397993029,10.));
#2191=CARTESIAN_POINT('',(1.97101164295013,3.59589262051143,9.));
#2192=CARTESIAN_POINT('',(2.94479487255714,3.36832518578932,10.));
#2193=CARTESIAN_POINT('',(1.94943811873346,3.49723263895589,9.));
#2194=CARTESIAN_POINT('',(2.9309457607694,3.30375100743629,10.));
#2195=CARTESIAN_POINT('',(1.93348195183189,3.40748192675624,9.));
#2196=CARTESIAN_POINT('',(2.92024264304528,3.24419489695163,10.));
#2197=CARTESIAN_POINT('',(1.92210210765367,3.330947065068,9.));
#2198=CARTESIAN_POINT('',(2.91246788133911,3.19264093880534,10.));
#2199=CARTESIAN_POINT('',(1.91386618385842,3.26602345569316,9.));
#2200=CARTESIAN_POINT('',(2.90681590156832,3.14846301732657,10.));
#2201=CARTESIAN_POINT('',(1.90743332884183,3.20849950133941,9.));
#2202=CARTESIAN_POINT('',(2.90247346913373,3.1086051515413,10.));
#2203=CARTESIAN_POINT('',(1.90186920925702,3.1496357479738,9.));
#2204=CARTESIAN_POINT('',(2.89878286615738,3.0683019816509,10.));
#2205=CARTESIAN_POINT('',(1.89694820793783,3.08156114266088,8.99999999999999));
#2206=CARTESIAN_POINT('',(2.89543578442707,3.02296893873905,9.99999999999999));
#2207=CARTESIAN_POINT('',(1.89192070309434,2.98146511386799,9.));
#2208=CARTESIAN_POINT('',(2.89182634311199,2.95531511344719,10.));
#2209=CARTESIAN_POINT('',(1.89057798556849,2.90602238441662,9.00000000000001));
#2210=CARTESIAN_POINT('',(2.89058836611601,2.89953851928696,10.));
#2211=CARTESIAN_POINT('',(1.89057674633148,2.86000417867288,9.));
#2212=CARTESIAN_POINT('',(2.89057674633148,2.86000569507789,10.));
#2213=FACE_BOUND('',#2214,.T.);
#2214=EDGE_LOOP('',(#3053,#3054,#3055,#3056));
#2215=B_SPLINE_SURFACE_WITH_KNOTS('',3,1,(
(#2216,#2217),
(#2218,#2219),
(#2220,#2221),
(#2222,#2223),
(#2224,#2225),
(#2226,#2227),
(#2228,#2229),
(#2230,#2231),
(#2232,#2233),
(#2234,#2235),
(#2236,#2237),
(#2238,#2239),
(#2240,#2241),
(#2242,#2243),
(#2244,#2245),
(#2246,#2247),
(#2248,#2249),
(#2250,#2251),
(#2252,#2253),
(#2254,#2255),
(#2256,#2257),
(#2258,#2259),
(#2260,#2261),
(#2262,#2263),
(#2264,#2265),
(#2266,#2267)),
.UNSPECIFIED.,.F.,.F.,.F.,
(4,1,1,1,1,1,1,1,1,1,1,1,1,1,1,1,1,1,1,1,1,1,1,4),
(2,2),
(5.02109888695199,5.85974444495535,6.15683072868522,6.3956209392268,6.61286109654437,
6.82593795108541,7.04627338026785,7.28995060947094,7.56943232249992,7.88078110626931,
8.21465853918817,8.56252389673398,8.91598123747655,9.26298043789482,9.59608644520826,
9.91268490952947,10.2098029819877,10.4849044985303,10.719404785167,10.9170823849874,
11.12505628316,11.3709349880001,11.6166646681574,11.9789003683212),
(0.,1.),
.UNSPECIFIED.);
#2216=CARTESIAN_POINT('',(1.89057674633148,2.86002496715482,9.));
#2217=CARTESIAN_POINT('',(2.89057674633148,2.86002490654189,10.));
#2218=CARTESIAN_POINT('',(1.89057687374684,2.8041537382802,9.));
#2219=CARTESIAN_POINT('',(2.89066062327479,2.80454050783945,9.99999999999999));
#2220=CARTESIAN_POINT('',(1.89285599757161,2.7142841829868,8.99999999999999));
#2221=CARTESIAN_POINT('',(2.89279000968802,2.7413015115468,10.));
#2222=CARTESIAN_POINT('',(1.90027310065575,2.59949788020016,9.));
#2223=CARTESIAN_POINT('',(2.89783362822736,2.66987853277423,10.));
#2224=CARTESIAN_POINT('',(1.90562373512838,2.5366198603582,9.));
#2225=CARTESIAN_POINT('',(2.90132056119433,2.63085521960508,10.));
#2226=CARTESIAN_POINT('',(1.91140694117766,2.48174920673243,9.));
#2227=CARTESIAN_POINT('',(2.90505866729217,2.59554289741275,10.));
#2228=CARTESIAN_POINT('',(1.91799945698765,2.43002773782927,9.));
#2229=CARTESIAN_POINT('',(2.90940428392089,2.5600899805533,10.));
#2230=CARTESIAN_POINT('',(1.92564651983585,2.37563983786529,9.));
#2231=CARTESIAN_POINT('',(2.91451448360608,2.52361140490901,10.));
#2232=CARTESIAN_POINT('',(1.93510480837745,2.31585714188901,9.));
#2233=CARTESIAN_POINT('',(2.92085836576603,2.48373014003008,9.99999999999999));
#2234=CARTESIAN_POINT('',(1.94714676673592,2.24863507690734,9.));
#2235=CARTESIAN_POINT('',(2.92890127193987,2.43934420385663,10.));
#2236=CARTESIAN_POINT('',(1.96240911085111,2.17420282784757,9.));
#2237=CARTESIAN_POINT('',(2.93898196849755,2.39063359955699,10.));
#2238=CARTESIAN_POINT('',(1.98132548288451,2.09472085436977,9.));
#2239=CARTESIAN_POINT('',(2.95117370849648,2.3389874921715,10.));
#2240=CARTESIAN_POINT('',(2.00368219592568,2.01192154523485,9.));
#2241=CARTESIAN_POINT('',(2.9654239797268,2.28580728255197,10.));
#2242=CARTESIAN_POINT('',(2.02891641268045,1.92803995156399,9.));
#2243=CARTESIAN_POINT('',(2.98149295594403,2.23262920995677,10.));
#2244=CARTESIAN_POINT('',(2.05653359900953,1.84583683360773,9.));
#2245=CARTESIAN_POINT('',(2.99894197593245,2.18097466382109,10.));
#2246=CARTESIAN_POINT('',(2.08582348276657,1.76754825259844,9.));
#2247=CARTESIAN_POINT('',(3.01725349774534,2.13198399014041,10.));
#2248=CARTESIAN_POINT('',(2.11612987554796,1.69391128587945,9.));
#2249=CARTESIAN_POINT('',(3.03601363111067,2.08616706193216,10.));
#2250=CARTESIAN_POINT('',(2.14670642371475,1.62508598601374,9.));
#2251=CARTESIAN_POINT('',(3.05486682668234,2.04375139977735,10.));
#2252=CARTESIAN_POINT('',(2.17621514979747,1.56327576450951,9.));
#2253=CARTESIAN_POINT('',(3.07301765777782,2.00580982368593,10.));
#2254=CARTESIAN_POINT('',(2.20346449552946,1.50968989275841,9.));
#2255=CARTESIAN_POINT('',(3.0897129227843,1.97304351976451,10.));
#2256=CARTESIAN_POINT('',(2.2290769849651,1.46191188805419,9.));
#2257=CARTESIAN_POINT('',(3.10546864306215,1.94368686144728,10.));
#2258=CARTESIAN_POINT('',(2.25632727003265,1.41362521726711,9.));
#2259=CARTESIAN_POINT('',(3.12194054373798,1.91443391348319,9.99999999999999));
#2260=CARTESIAN_POINT('',(2.28812478381141,1.36035717227525,9.));
#2261=CARTESIAN_POINT('',(3.13942568442384,1.88490989314897,10.));
#2262=CARTESIAN_POINT('',(2.32787570435288,1.29706287985475,9.));
#2263=CARTESIAN_POINT('',(3.16201232578464,1.84867835798486,10.));
#2264=CARTESIAN_POINT('',(2.35576116455962,1.25531747816343,9.));
#2265=CARTESIAN_POINT('',(3.18014603307706,1.82139168383052,10.));
#2266=CARTESIAN_POINT('',(2.37143833885949,1.23278104948577,9.));
#2267=CARTESIAN_POINT('',(3.19235554488747,1.8038282812043,10.));
#2268=FACE_BOUND('',#2269,.T.);
#2269=EDGE_LOOP('',(#3057,#3058,#3059,#3060,#3061));
#2270=B_SPLINE_SURFACE_WITH_KNOTS('',3,1,(
(#2271,#2272),
(#2273,#2274),
(#2275,#2276),
(#2277,#2278),
(#2279,#2280),
(#2281,#2282),
(#2283,#2284),
(#2285,#2286),
(#2287,#2288),
(#2289,#2290),
(#2291,#2292),
(#2293,#2294),
(#2295,#2296),
(#2297,#2298),
(#2299,#2300),
(#2301,#2302),
(#2303,#2304),
(#2305,#2306),
(#2307,#2308),
(#2309,#2310),
(#2311,#2312),
(#2313,#2314),
(#2315,#2316),
(#2317,#2318),
(#2319,#2320),
(#2321,#2322)),
.UNSPECIFIED.,.F.,.F.,.F.,
(4,1,1,1,1,1,1,1,1,1,1,1,1,1,1,1,1,1,1,1,1,1,1,4),
(2,2),
(5.03938711870777,5.7591561662251,6.01141486363176,6.20470028411167,6.35365410089704,
6.47526270224298,6.59671013872643,6.7563485519304,6.97675217948381,7.23901201213913,
7.51241824042531,7.77054303015601,8.01762655890354,8.27085092466381,8.53508481016205,
8.79029101702205,9.02432437307021,9.23646157021448,9.48235104741286,9.78972662003656,
10.1673488153013,10.5838698518374,11.0368637850453,11.960612147632),
(0.,1.),
.UNSPECIFIED.);
#2271=CARTESIAN_POINT('',(2.37142623045941,1.2327984561822,9.));
#2272=CARTESIAN_POINT('',(3.19234486166118,1.80384363911069,10.));
#2273=CARTESIAN_POINT('',(2.39874423336163,1.1935250018793,8.99999999999999));
#2274=CARTESIAN_POINT('',(3.21955375332693,1.7650190247199,10.));
#2275=CARTESIAN_POINT('',(2.44928548241203,1.12609589030087,9.00000000000001));
#2276=CARTESIAN_POINT('',(3.249397489536,1.72610019671603,10.));
#2277=CARTESIAN_POINT('',(2.51677377041021,1.04366409599243,9.));
#2278=CARTESIAN_POINT('',(3.28417248573297,1.68439857357113,10.));
#2279=CARTESIAN_POINT('',(2.55167319477752,1.00287727434714,9.));
#2280=CARTESIAN_POINT('',(3.30262738260594,1.66315378373007,10.));
#2281=CARTESIAN_POINT('',(2.57843419232434,0.972871987164865,9.));
#2282=CARTESIAN_POINT('',(3.31809786625083,1.64591553652907,10.));
#2283=CARTESIAN_POINT('',(2.60084939110919,0.948596591099943,9.));
#2284=CARTESIAN_POINT('',(3.33185723687336,1.63099760860035,10.));
#2285=CARTESIAN_POINT('',(2.62434647612582,0.923751363108489,9.));
#2286=CARTESIAN_POINT('',(3.34609872895506,1.61593133720054,10.));
#2287=CARTESIAN_POINT('',(2.65404524197735,0.893250313368567,9.));
#2288=CARTESIAN_POINT('',(3.36414917683107,1.59736333683021,10.));
#2289=CARTESIAN_POINT('',(2.69288703139882,0.854840517537098,9.));
#2290=CARTESIAN_POINT('',(3.38772086659475,1.57402076200588,10.));
#2291=CARTESIAN_POINT('',(2.73960911748707,0.810755708495376,9.));
#2292=CARTESIAN_POINT('',(3.4161652117098,1.5471738699997,10.));
#2293=CARTESIAN_POINT('',(2.78973746694985,0.765915848335477,9.));
#2294=CARTESIAN_POINT('',(3.44680108049943,1.51975743631297,10.));
#2295=CARTESIAN_POINT('',(2.83950534105244,0.723341637789119,9.));
#2296=CARTESIAN_POINT('',(3.47756379082425,1.49363875614409,10.));
#2297=CARTESIAN_POINT('',(2.88951232860406,0.68385687415768,9.));
#2298=CARTESIAN_POINT('',(3.50820374920025,1.46889100085853,10.));
#2299=CARTESIAN_POINT('',(2.94090661331431,0.645292928474051,9.));
#2300=CARTESIAN_POINT('',(3.53978657691435,1.44461372096512,10.));
#2301=CARTESIAN_POINT('',(2.99353445033184,0.607406704269741,9.));
#2302=CARTESIAN_POINT('',(3.57241436929953,1.42078527808948,10.));
#2303=CARTESIAN_POINT('',(3.04398714198447,0.569166626038085,9.));
#2304=CARTESIAN_POINT('',(3.60503743232727,1.39816399166465,10.));
#2305=CARTESIAN_POINT('',(3.0932073744397,0.538044998273699,9.));
#2306=CARTESIAN_POINT('',(3.63576320120084,1.37787351618405,10.));
#2307=CARTESIAN_POINT('',(3.14140053608082,0.507137459050712,9.));
#2308=CARTESIAN_POINT('',(3.66663347175163,1.35837459450264,10.));
#2309=CARTESIAN_POINT('',(3.19568948363113,0.474577734394182,9.));
#2310=CARTESIAN_POINT('',(3.70135460374437,1.3374311382769,10.));
#2311=CARTESIAN_POINT('',(3.26240025073293,0.43661664849155,9.));
#2312=CARTESIAN_POINT('',(3.74440386550593,1.31287872323691,10.));
#2313=CARTESIAN_POINT('',(3.34227809468774,0.39432109728965,9.));
#2314=CARTESIAN_POINT('',(3.79647755092404,1.28518971374421,10.));
#2315=CARTESIAN_POINT('',(3.43298914518481,0.349501410120024,9.));
#2316=CARTESIAN_POINT('',(3.85674359787822,1.25567210121775,10.));
#2317=CARTESIAN_POINT('',(3.56502436241253,0.290415161530318,9.));
#2318=CARTESIAN_POINT('',(3.94560648219934,1.21595234531734,9.99999999999999));
#2319=CARTESIAN_POINT('',(3.66783243799103,0.251200173400034,9.));
#2320=CARTESIAN_POINT('',(4.01632610825266,1.18875762940935,9.99999999999999));
#2321=CARTESIAN_POINT('',(3.7367586620759,0.227271245395828,9.));
#2322=CARTESIAN_POINT('',(4.06466067772948,1.1719829835163,10.));
#2323=FACE_BOUND('',#2324,.T.);
#2324=EDGE_LOOP('',(#3062,#3063,#3064,#3065));
#2325=B_SPLINE_SURFACE_WITH_KNOTS('',3,1,(
(#2326,#2327),
(#2328,#2329),
(#2330,#2331),
(#2332,#2333),
(#2334,#2335),
(#2336,#2337),
(#2338,#2339),
(#2340,#2341),
(#2342,#2343),
(#2344,#2345),
(#2346,#2347),
(#2348,#2349),
(#2350,#2351),
(#2352,#2353),
(#2354,#2355),
(#2356,#2357),
(#2358,#2359),
(#2360,#2361),
(#2362,#2363),
(#2364,#2365),
(#2366,#2367),
(#2368,#2369),
(#2370,#2371),
(#2372,#2373),
(#2374,#2375),
(#2376,#2377)),
.UNSPECIFIED.,.F.,.F.,.F.,
(4,1,1,1,1,1,1,1,1,1,1,1,1,1,1,1,1,1,1,1,1,1,1,4),
(2,2),
(5.1392302020943,5.62036201251913,5.83650409230022,6.01761467027907,6.16348646034638,
6.2846908352283,6.39748406896245,6.53288712730809,6.69823744779892,6.90562455922577,
7.14147661334076,7.41159236931353,7.71128583195992,8.05029874747622,8.4122547951758,
8.79301677547996,9.1673670843318,9.53776848774983,9.89441969915844,10.2738712271101,
10.6820164615287,11.1589725651011,11.6906006906051,12.8781949856421),
(0.,1.),
.UNSPECIFIED.);
#2326=CARTESIAN_POINT('',(3.00361358917356,-4.65278469246724,9.));
#2327=CARTESIAN_POINT('',(3.75346737486512,-3.9911811101885,10.));
#2328=CARTESIAN_POINT('',(3.02443008089757,-4.67637786613585,9.));
#2329=CARTESIAN_POINT('',(3.77403156303297,-4.01439457907513,10.));
#2330=CARTESIAN_POINT('',(3.06464045134844,-4.71924111480979,9.));
#2331=CARTESIAN_POINT('',(3.79849010029606,-4.03994405912327,10.));
#2332=CARTESIAN_POINT('',(3.12322540936781,-4.77751419341573,9.));
#2333=CARTESIAN_POINT('',(3.82578848863444,-4.06654323495828,10.));
#2334=CARTESIAN_POINT('',(3.16052750621412,-4.81315071226632,9.));
#2335=CARTESIAN_POINT('',(3.84267301428693,-4.08233387484418,10.));
#2336=CARTESIAN_POINT('',(3.1912320339138,-4.84138334649996,9.));
#2337=CARTESIAN_POINT('',(3.85724549772519,-4.09550977067244,10.));
#2338=CARTESIAN_POINT('',(3.21636953159828,-4.86359242092776,9.));
#2339=CARTESIAN_POINT('',(3.87070727732583,-4.1073247005608,10.));
#2340=CARTESIAN_POINT('',(3.24063613306199,-4.88430851245085,9.));
#2341=CARTESIAN_POINT('',(3.88436994196501,-4.1189879673994,10.));
#2342=CARTESIAN_POINT('',(3.26834600776003,-4.90727274961768,9.));
#2343=CARTESIAN_POINT('',(3.89975835979509,-4.131744553345,10.));
#2344=CARTESIAN_POINT('',(3.3028369133821,-4.93481013670162,9.));
#2345=CARTESIAN_POINT('',(3.91902965911829,-4.14716643802307,10.));
#2346=CARTESIAN_POINT('',(3.34483560705906,-4.96690104885721,9.));
#2347=CARTESIAN_POINT('',(3.94253543091019,-4.16516574613883,10.));
#2348=CARTESIAN_POINT('',(3.39480821677153,-5.00316817231807,9.));
#2349=CARTESIAN_POINT('',(3.97070542641714,-4.1856348777345,10.));
#2350=CARTESIAN_POINT('',(3.45186238316905,-5.04234130191405,9.));
#2351=CARTESIAN_POINT('',(4.00325682111251,-4.20790617927858,10.));
#2352=CARTESIAN_POINT('',(3.51713901412442,-5.08417395979168,9.));
#2353=CARTESIAN_POINT('',(4.04092418437417,-4.23198075440868,10.));
#2354=CARTESIAN_POINT('',(3.59064823528712,-5.12745386793543,9.));
#2355=CARTESIAN_POINT('',(4.08361063874754,-4.25723585607214,10.));
#2356=CARTESIAN_POINT('',(3.67115684403096,-5.17102080324712,9.));
#2357=CARTESIAN_POINT('',(4.13107412121501,-4.28300169076218,9.99999999999999));
#2358=CARTESIAN_POINT('',(3.75455746065782,-5.21267679839689,9.));
#2359=CARTESIAN_POINT('',(4.18138703790677,-4.30789842832439,10.));
#2360=CARTESIAN_POINT('',(3.83985692629554,-5.25083107995552,9.));
#2361=CARTESIAN_POINT('',(4.23352283849892,-4.3313298774331,10.));
#2362=CARTESIAN_POINT('',(3.92397452247387,-5.28485579970751,9.));
#2363=CARTESIAN_POINT('',(4.28581586309937,-4.35264338680869,10.));
#2364=CARTESIAN_POINT('',(4.00840620219278,-5.3162923788914,9.));
#2365=CARTESIAN_POINT('',(4.33944177136016,-4.37245496812829,10.));
#2366=CARTESIAN_POINT('',(4.09585584059159,-5.34558938686984,9.));
#2367=CARTESIAN_POINT('',(4.39604924917707,-4.39132205163446,10.));
#2368=CARTESIAN_POINT('',(4.19294552440808,-5.3740793030547,9.));
#2369=CARTESIAN_POINT('',(4.45997253341652,-4.41031061934048,10.));
#2370=CARTESIAN_POINT('',(4.30145839719008,-5.40213020383195,9.));
#2371=CARTESIAN_POINT('',(4.53305569351381,-4.42924285069446,10.));
#2372=CARTESIAN_POINT('',(4.46862233244517,-5.43947949885111,9.00000000000001));
#2373=CARTESIAN_POINT('',(4.64865044402467,-4.45457023835076,10.));
#2374=CARTESIAN_POINT('',(4.59915125321066,-5.45909529666846,8.99999999999999));
#2375=CARTESIAN_POINT('',(4.74223520261946,-4.46928814508848,10.));
#2376=CARTESIAN_POINT('',(4.68812539926554,-5.47000143185485,9.));
#2377=CARTESIAN_POINT('',(4.8078791920929,-4.47719735351197,10.));
#2378=FACE_BOUND('',#2379,.T.);
#2379=EDGE_LOOP('',(#3066,#3067,#3068,#3069));
#2380=B_SPLINE_SURFACE_WITH_KNOTS('',3,1,(
(#2381,#2382),
(#2383,#2384),
(#2385,#2386),
(#2387,#2388),
(#2389,#2390),
(#2391,#2392),
(#2393,#2394),
(#2395,#2396),
(#2397,#2398),
(#2399,#2400),
(#2401,#2402),
(#2403,#2404),
(#2405,#2406),
(#2407,#2408),
(#2409,#2410),
(#2411,#2412),
(#2413,#2414),
(#2415,#2416),
(#2417,#2418),
(#2419,#2420),
(#2421,#2422),
(#2423,#2424),
(#2425,#2426)),
.UNSPECIFIED.,.F.,.F.,.F.,
(4,1,1,1,1,1,1,1,1,1,1,1,1,1,1,1,1,1,1,1,4),
(2,2),
(4.93432914916306,5.05916475480093,5.11201479963728,5.17387307635211,5.25714894975561,
5.38606714446287,5.56776053653844,5.83823024520792,6.20766036074536,6.71334346308265,
7.34328554918748,8.08940832736396,8.8838475453838,9.69331298071785,10.5272453854269,
11.4463477835384,12.5042546240172,13.6283884561171,14.7325222048911,15.7160914532561,
17.0463200880725),
(0.,1.),
.UNSPECIFIED.);
#2381=CARTESIAN_POINT('',(4.68810420819031,-5.46999893384751,9.));
#2382=CARTESIAN_POINT('',(4.80104552298162,-4.47639727351599,10.));
#2383=CARTESIAN_POINT('',(4.69604409095529,-5.4709181889167,9.));
#2384=CARTESIAN_POINT('',(4.80967870371989,-4.47739008484059,10.));
#2385=CARTESIAN_POINT('',(4.71036875456715,-5.47247123751956,9.));
#2386=CARTESIAN_POINT('',(4.81970096322991,-4.47846797159974,10.));
#2387=CARTESIAN_POINT('',(4.73130303180077,-5.47460587699608,9.));
#2388=CARTESIAN_POINT('',(4.83173259410651,-4.4796822046606,10.));
#2389=CARTESIAN_POINT('',(4.7484085898512,-5.47628993070075,9.));
#2390=CARTESIAN_POINT('',(4.84178005670178,-4.48065669722432,10.));
#2391=CARTESIAN_POINT('',(4.76981201485878,-5.47828143084855,9.));
#2392=CARTESIAN_POINT('',(4.85769133617847,-4.48212057971686,10.));
#2393=CARTESIAN_POINT('',(4.80035611500704,-5.48083916145762,8.99999999999999));
#2394=CARTESIAN_POINT('',(4.88030892054196,-4.48404217140809,10.));
#2395=CARTESIAN_POINT('',(4.84418936089592,-5.48424438247211,9.));
#2396=CARTESIAN_POINT('',(4.91523390240528,-4.48672776582174,10.));
#2397=CARTESIAN_POINT('',(4.90445194169596,-5.4882193121957,9.));
#2398=CARTESIAN_POINT('',(4.96536989136365,-4.49008756358142,10.));
#2399=CARTESIAN_POINT('',(4.98677394611361,-5.49292576580406,9.));
#2400=CARTESIAN_POINT('',(5.03751267809234,-4.49418920469929,10.));
#2401=CARTESIAN_POINT('',(5.09274176068634,-5.49784442314698,9.));
#2402=CARTESIAN_POINT('',(5.13401493573422,-4.49868883366289,10.));
#2403=CARTESIAN_POINT('',(5.22346708509564,-5.5027527482885,9.));
#2404=CARTESIAN_POINT('',(5.25652760323674,-4.50328842785113,10.));
#2405=CARTESIAN_POINT('',(5.37283813727458,-5.50720473760081,9.));
#2406=CARTESIAN_POINT('',(5.39923302359913,-4.50754528725743,10.));
#2407=CARTESIAN_POINT('',(5.53361739546143,-5.51103243466668,9.));
#2408=CARTESIAN_POINT('',(5.55501902972426,-4.51123695808737,10.));
#2409=CARTESIAN_POINT('',(5.69969181646602,-5.51414612219927,9.));
#2410=CARTESIAN_POINT('',(5.71639681667894,-4.51429589772504,10.));
#2411=CARTESIAN_POINT('',(5.87388810991531,-5.5168107671658,9.));
#2412=CARTESIAN_POINT('',(5.88741257865545,-4.51689280566717,10.));
#2413=CARTESIAN_POINT('',(6.064553192609,-5.51909191163607,9.));
#2414=CARTESIAN_POINT('',(6.07517308068283,-4.51913536184566,10.));
#2415=CARTESIAN_POINT('',(6.27458364251547,-5.52095998098602,9.));
#2416=CARTESIAN_POINT('',(6.28180075188377,-4.52099966377734,10.));
#2417=CARTESIAN_POINT('',(6.49691002480512,-5.52242810497447,9.));
#2418=CARTESIAN_POINT('',(6.50295332367256,-4.52241478632423,10.));
#2419=CARTESIAN_POINT('',(6.71398915770957,-5.52330750154554,9.));
#2420=CARTESIAN_POINT('',(6.71716097838441,-4.52331596510944,10.));
#2421=CARTESIAN_POINT('',(6.94482784602876,-5.52390354525956,9.));
#2422=CARTESIAN_POINT('',(6.94707428202257,-4.52388474215608,10.));
#2423=CARTESIAN_POINT('',(7.10111306026687,-5.52396176085777,9.));
#2424=CARTESIAN_POINT('',(7.09999202141121,-4.5240087689687,10.));
#2425=CARTESIAN_POINT('',(7.19083477562725,-5.52400977711382,9.));
#2426=CARTESIAN_POINT('',(7.1908349321555,-4.52400977092394,10.));
#2427=FACE_BOUND('',#2428,.T.);
#2428=EDGE_LOOP('',(#3070,#3071,#3072,#3073));
#2429=PLANE('',#2430);
#2430=AXIS2_PLACEMENT_3D('',#2431,#2432,#2433);
#2431=CARTESIAN_POINT('',(3.19082485389487,-5.52400977092394,9.));
#2432=DIRECTION('',(-1.30797307985529E-16,-0.707106781186548,0.707106781186547));
#2433=DIRECTION('',(1.,-1.84975326875026E-16,0.));
#2434=FACE_BOUND('',#2435,.T.);
#2435=EDGE_LOOP('',(#3074,#3075,#3076,#3077));
#2436=PLANE('',#2437);
#2437=AXIS2_PLACEMENT_3D('',#2438,#2439,#2440);
#2438=CARTESIAN_POINT('',(9.79403447871366,-8.52400977092394,9.));
#2439=DIRECTION('',(0.707106781186548,-1.12180237308752E-16,0.707106781186548));
#2440=DIRECTION('',(1.58646813032269E-16,1.,0.));
#2441=FACE_BOUND('',#2442,.T.);
#2442=EDGE_LOOP('',(#3078,#3079,#3080,#3081));
#2443=PLANE('',#2444);
#2444=AXIS2_PLACEMENT_3D('',#2445,#2446,#2447);
#2445=CARTESIAN_POINT('',(12.7940344787137,-0.327082423641313,9.));
#2446=DIRECTION('',(8.38595669281368E-17,0.707106781186547,0.707106781186547));
#2447=DIRECTION('',(-1.,1.18595336884505E-16,7.09354834580661E-33));
#2448=FACE_BOUND('',#2449,.T.);
#2449=EDGE_LOOP('',(#3082,#3083,#3084,#3085,#3086));
#2450=B_SPLINE_SURFACE_WITH_KNOTS('',3,1,(
(#2451,#2452),
(#2453,#2454),
(#2455,#2456),
(#2457,#2458),
(#2459,#2460),
(#2461,#2462),
(#2463,#2464),
(#2465,#2466),
(#2467,#2468),
(#2469,#2470),
(#2471,#2472),
(#2473,#2474),
(#2475,#2476),
(#2477,#2478),
(#2479,#2480),
(#2481,#2482),
(#2483,#2484),
(#2485,#2486),
(#2487,#2488),
(#2489,#2490),
(#2491,#2492),
(#2493,#2494),
(#2495,#2496),
(#2497,#2498)),
.UNSPECIFIED.,.F.,.F.,.F.,
(4,1,1,1,1,1,1,1,1,1,1,1,1,1,1,1,1,1,1,1,1,4),
(2,2),
(5.38489440963143,6.68281197739746,7.37850743429069,8.23224013493788,9.24502487905732,
10.3110449083479,11.3117328485519,12.1798749434054,12.9220275763544,13.5139651675951,
14.0037187804072,14.4477098799742,14.8728463012203,15.2272742705344,15.479836555585,
15.6224814023863,15.7241628134144,15.8143116667942,15.905593780809,16.0239341488068,
16.1923651006908,16.6151051248433),
(0.,1.),
.UNSPECIFIED.);
#2451=CARTESIAN_POINT('',(6.96453340748343,-0.327082423641312,9.));
#2452=CARTESIAN_POINT('',(6.96453342509958,-1.32708242364131,10.));
#2453=CARTESIAN_POINT('',(6.88417793718958,-0.327081627582095,9.));
#2454=CARTESIAN_POINT('',(6.88406791314453,-1.32708285865911,10.));
#2455=CARTESIAN_POINT('',(6.76025808343795,-0.32718669382254,9.));
#2456=CARTESIAN_POINT('',(6.76179522578737,-1.32721300682643,10.));
#2457=CARTESIAN_POINT('',(6.58277859453725,-0.327697473973029,9.));
#2458=CARTESIAN_POINT('',(6.58730485621586,-1.32773488047228,10.));
#2459=CARTESIAN_POINT('',(6.42296116670603,-0.328493172243616,9.));
#2460=CARTESIAN_POINT('',(6.42884586668933,-1.32847437592804,10.));
#2461=CARTESIAN_POINT('',(6.24019998443561,-0.329770344489838,9.));
#2462=CARTESIAN_POINT('',(6.24851771068418,-1.3297358418831,10.));
#2463=CARTESIAN_POINT('',(6.04786401141681,-0.331695731382873,9.));
#2464=CARTESIAN_POINT('',(6.05990657574035,-1.33163574872842,10.));
#2465=CARTESIAN_POINT('',(5.86423827679057,-0.334232995323495,9.));
#2466=CARTESIAN_POINT('',(5.88020317736847,-1.33412591784026,10.));
#2467=CARTESIAN_POINT('',(5.70026290256599,-0.337274603194982,9.));
#2468=CARTESIAN_POINT('',(5.72026702301748,-1.33704483342559,10.));
#2469=CARTESIAN_POINT('',(5.56167857455507,-0.340376846081354,9.));
#2470=CARTESIAN_POINT('',(5.58727621163363,-1.34009985634332,10.));
#2471=CARTESIAN_POINT('',(5.44610533629062,-0.343696798630151,9.));
#2472=CARTESIAN_POINT('',(5.4760955149983,-1.34321526258143,10.));
#2473=CARTESIAN_POINT('',(5.34920025121414,-0.346830415171146,9.));
#2474=CARTESIAN_POINT('',(5.38490041343647,-1.34623303054757,10.));
#2475=CARTESIAN_POINT('',(5.2620593948962,-0.350243070893396,8.99999999999999));
#2476=CARTESIAN_POINT('',(5.30328232213746,-1.34937458795818,9.99999999999999));
#2477=CARTESIAN_POINT('',(5.18320112252187,-0.353718993538538,9.));
#2478=CARTESIAN_POINT('',(5.23107026923458,-1.35260834872163,10.));
#2479=CARTESIAN_POINT('',(5.11575016486557,-0.357232208242566,9.));
#2480=CARTESIAN_POINT('',(5.17063839670464,-1.3557382900609,10.));
#2481=CARTESIAN_POINT('',(5.06589547386258,-0.360318015507061,9.));
#2482=CARTESIAN_POINT('',(5.12627197715497,-1.35835149820492,10.));
#2483=CARTESIAN_POINT('',(5.03272026215765,-0.362449690497856,9.));
#2484=CARTESIAN_POINT('',(5.09798760151049,-1.36017765376762,10.));
#2485=CARTESIAN_POINT('',(5.01053353866992,-0.363785228542455,9.00000000000001));
#2486=CARTESIAN_POINT('',(5.08012329759828,-1.36139432139656,10.));
#2487=CARTESIAN_POINT('',(4.99120229133714,-0.365218340091571,9.));
#2488=CARTESIAN_POINT('',(5.06392608739127,-1.36254913866942,10.));
#2489=CARTESIAN_POINT('',(4.9707905826286,-0.366713061018565,9.));
#2490=CARTESIAN_POINT('',(5.04731027067778,-1.36379056985092,10.));
#2491=CARTESIAN_POINT('',(4.94475900841001,-0.368743783402367,9.));
#2492=CARTESIAN_POINT('',(5.02648362335847,-1.36543260641457,10.));
#2493=CARTESIAN_POINT('',(4.8947303239847,-0.373070487302983,9.));
#2494=CARTESIAN_POINT('',(4.98803034126436,-1.36871280346157,10.));
#2495=CARTESIAN_POINT('',(4.85165917421006,-0.377338169364171,9.));
#2496=CARTESIAN_POINT('',(4.95745890530133,-1.37181204016191,10.));
#2497=CARTESIAN_POINT('',(4.81869659096434,-0.381269878061969,9.));
#2498=CARTESIAN_POINT('',(4.93694682588547,-1.37425370570034,10.));
#2499=FACE_BOUND('',#2500,.T.);
#2500=EDGE_LOOP('',(#3087,#3088,#3089,#3090));
#2501=B_SPLINE_SURFACE_WITH_KNOTS('',3,1,(
(#2502,#2503),
(#2504,#2505),
(#2506,#2507),
(#2508,#2509),
(#2510,#2511),
(#2512,#2513),
(#2514,#2515),
(#2516,#2517),
(#2518,#2519),
(#2520,#2521),
(#2522,#2523),
(#2524,#2525),
(#2526,#2527),
(#2528,#2529),
(#2530,#2531),
(#2532,#2533),
(#2534,#2535),
(#2536,#2537),
(#2538,#2539),
(#2540,#2541),
(#2542,#2543),
(#2544,#2545)),
.UNSPECIFIED.,.F.,.F.,.F.,
(4,1,1,1,1,1,1,1,1,1,1,1,1,1,1,1,1,1,1,4),
(2,2),
(4.17472659904945,5.03130364336107,5.3215529960281,5.54852248323539,5.76058512028456,
5.97961378334506,6.22080001072415,6.49296914111703,6.78415786740171,7.10333820771757,
7.44787332698543,7.82080828586503,8.17776537215835,8.51054814091759,8.81630832419603,
9.12322267113237,9.44317011652019,9.78573944264821,10.1465939358376,10.6505041200329),
(0.0310954938969803,1.),
.UNSPECIFIED.);
#2502=CARTESIAN_POINT('',(4.82305384882489,-0.412066435358806,9.03109549389698));
#2503=CARTESIAN_POINT('',(4.9369650670902,-1.37425154036722,10.));
#2504=CARTESIAN_POINT('',(4.75491623715729,-0.420136842851316,9.03109549389697));
#2505=CARTESIAN_POINT('',(4.8693199766266,-1.38240055253107,10.));
#2506=CARTESIAN_POINT('',(4.6471481844497,-0.435855721032497,9.03109549389699));
#2507=CARTESIAN_POINT('',(4.79424020250604,-1.39403141821799,10.));
#2508=CARTESIAN_POINT('',(4.51492395330846,-0.461406551539605,9.03109549389698));
#2509=CARTESIAN_POINT('',(4.70838876230767,-1.41102103449239,10.));
#2510=CARTESIAN_POINT('',(4.44585056073194,-0.476498328756761,9.03109549389698));
#2511=CARTESIAN_POINT('',(4.66233134813557,-1.42111617306597,10.));
#2512=CARTESIAN_POINT('',(4.38560970785328,-0.491219897635102,9.03109549389698));
#2513=CARTESIAN_POINT('',(4.61948641064116,-1.43134690801636,10.));
#2514=CARTESIAN_POINT('',(4.32355281934171,-0.507303615194786,9.03109549389698));
#2515=CARTESIAN_POINT('',(4.57632428650149,-1.44253077509325,10.));
#2516=CARTESIAN_POINT('',(4.25599281460011,-0.526198811046766,9.03109549389698));
#2517=CARTESIAN_POINT('',(4.52971080085359,-1.45564601171316,9.99999999999999));
#2518=CARTESIAN_POINT('',(4.18184272995698,-0.548797064197833,9.03109549389698));
#2519=CARTESIAN_POINT('',(4.4791819161312,-1.47117835529161,10.));
#2520=CARTESIAN_POINT('',(4.1008717367866,-0.57601712809767,9.03109549389698));
#2521=CARTESIAN_POINT('',(4.424602845773,-1.48958763651093,9.99999999999999));
#2522=CARTESIAN_POINT('',(4.01405792000932,-0.608675299124326,9.03109549389698));
#2523=CARTESIAN_POINT('',(4.36666240166225,-1.51110564312416,10.));
#2524=CARTESIAN_POINT('',(3.91974818818562,-0.647284553924607,9.03109549389698));
#2525=CARTESIAN_POINT('',(4.30490697628744,-1.5364650956072,10.));
#2526=CARTESIAN_POINT('',(3.82279776185659,-0.691200633052047,9.03109549389698));
#2527=CARTESIAN_POINT('',(4.24239056565237,-1.56497496287822,10.));
#2528=CARTESIAN_POINT('',(3.72884928965782,-0.738876450141648,9.03109549389698));
#2529=CARTESIAN_POINT('',(4.18227931911027,-1.59535544871042,10.));
#2530=CARTESIAN_POINT('',(3.64180572998053,-0.787328618074482,9.03109549389698));
#2531=CARTESIAN_POINT('',(4.12739822277597,-1.62583190482961,10.));
#2532=CARTESIAN_POINT('',(3.5601784383468,-0.836542634675759,9.03109549389698));
#2533=CARTESIAN_POINT('',(4.07658257696356,-1.65656398033926,10.));
#2534=CARTESIAN_POINT('',(3.48130566504465,-0.888093587543541,9.03109549389698));
#2535=CARTESIAN_POINT('',(4.02781505111435,-1.68852184980254,10.));
#2536=CARTESIAN_POINT('',(3.40176827108173,-0.944791633760699,9.03109549389698));
#2537=CARTESIAN_POINT('',(3.97864084211741,-1.72345772842222,10.));
#2538=CARTESIAN_POINT('',(3.31930844067294,-1.00851123730593,9.03109549389698));
#2539=CARTESIAN_POINT('',(3.92838554076059,-1.76227304614124,10.));
#2540=CARTESIAN_POINT('',(3.22557582392275,-1.08741098183775,9.03109549389698));
#2541=CARTESIAN_POINT('',(3.87080093196882,-1.81092173095464,10.));
#2542=CARTESIAN_POINT('',(3.16010486782024,-1.1490491404437,9.03109549389698));
#2543=CARTESIAN_POINT('',(3.83299683141636,-1.84641807817389,10.));
#2544=CARTESIAN_POINT('',(3.12489789783473,-1.18425119079007,9.03109549389698));
#2545=CARTESIAN_POINT('',(3.81004349946154,-1.86934348131087,10.));
#2546=FACE_BOUND('',#2547,.T.);
#2547=EDGE_LOOP('',(#3091,#3092,#3093,#3094,#3095));
#2548=B_SPLINE_SURFACE_WITH_KNOTS('',3,1,(
(#2549,#2550),
(#2551,#2552),
(#2553,#2554),
(#2555,#2556),
(#2557,#2558),
(#2559,#2560),
(#2561,#2562),
(#2563,#2564),
(#2565,#2566),
(#2567,#2568),
(#2569,#2570),
(#2571,#2572),
(#2573,#2574),
(#2575,#2576),
(#2577,#2578),
(#2579,#2580),
(#2581,#2582),
(#2583,#2584),
(#2585,#2586),
(#2587,#2588),
(#2589,#2590),
(#2591,#2592),
(#2593,#2594),
(#2595,#2596),
(#2597,#2598),
(#2599,#2600),
(#2601,#2602),
(#2603,#2604),
(#2605,#2606),
(#2607,#2608)),
.UNSPECIFIED.,.F.,.F.,.F.,
(4,1,1,1,1,1,1,1,1,1,1,1,1,1,1,1,1,1,1,1,1,1,1,1,1,1,1,4),
(2,2),
(5.38464471882522,5.76555258078043,5.90691402880295,6.01868607130316,6.11413517446006,
6.20211166064898,6.31027395900917,6.44306954057434,6.59735914750172,6.74919232736419,
6.9052769231828,7.07648759917738,7.28865655208226,7.54423237066668,7.83359938906694,
8.16820481631596,8.5342918674079,8.92856423437491,9.31702620933835,9.70071840050183,
10.0839634412114,10.4631063891232,10.8889661397689,11.3591841727497,11.8967571766024,
12.444063834137,12.9986231554658,13.6153544187242),
(0.,1.),
.UNSPECIFIED.);
#2549=CARTESIAN_POINT('',(3.10292465448302,-1.16224876388838,9.));
#2550=CARTESIAN_POINT('',(3.81005628723839,-1.86933069263266,10.));
#2551=CARTESIAN_POINT('',(3.08614260325502,-1.17903095727602,8.99999999999999));
#2552=CARTESIAN_POINT('',(3.79352827279095,-1.88589496907048,10.));
#2553=CARTESIAN_POINT('',(3.05831892148126,-1.20776279343464,9.00000000000001));
#2554=CARTESIAN_POINT('',(3.77500994792627,-1.90539974702048,10.));
#2555=CARTESIAN_POINT('',(3.02294828876677,-1.24612877911991,9.));
#2556=CARTESIAN_POINT('',(3.7550679346299,-1.92749062617246,10.));
#2557=CARTESIAN_POINT('',(3.0036214607853,-1.26765111199573,9.));
#2558=CARTESIAN_POINT('',(3.74416290823881,-1.93989463153399,10.));
#2559=CARTESIAN_POINT('',(2.98786494023434,-1.28565492127761,9.));
#2560=CARTESIAN_POINT('',(3.73554038828314,-1.94991373167606,10.));
#2561=CARTESIAN_POINT('',(2.97168859438878,-1.30453657428727,9.));
#2562=CARTESIAN_POINT('',(3.72743951259083,-1.95949555048546,10.));
#2563=CARTESIAN_POINT('',(2.95314953360996,-1.3266345386512,9.));
#2564=CARTESIAN_POINT('',(3.71863270072836,-1.97010881267324,10.));
#2565=CARTESIAN_POINT('',(2.93089418371754,-1.35382877996957,9.));
#2566=CARTESIAN_POINT('',(3.70825151124946,-1.98290661523798,10.));
#2567=CARTESIAN_POINT('',(2.90694556079101,-1.38400007673241,9.));
#2568=CARTESIAN_POINT('',(3.69661321589763,-1.99764571860918,10.));
#2569=CARTESIAN_POINT('',(2.88409161214673,-1.41396020298955,9.));
#2570=CARTESIAN_POINT('',(3.68347398945454,-2.0148264317038,10.));
#2571=CARTESIAN_POINT('',(2.86081638664177,-1.44551656412852,9.));
#2572=CARTESIAN_POINT('',(3.67015139479136,-2.03285692161203,10.));
#2573=CARTESIAN_POINT('',(2.83513621542664,-1.48160483421478,9.));
#2574=CARTESIAN_POINT('',(3.65550504383446,-2.05340970795174,10.));
#2575=CARTESIAN_POINT('',(2.80550768564427,-1.52504355319143,9.));
#2576=CARTESIAN_POINT('',(3.63865973741235,-2.07809585331163,10.));
#2577=CARTESIAN_POINT('',(2.7716373626598,-1.57738653206696,9.));
#2578=CARTESIAN_POINT('',(3.61943729723572,-2.1078248100241,10.));
#2579=CARTESIAN_POINT('',(2.7341233524157,-1.63914705337354,9.));
#2580=CARTESIAN_POINT('',(3.59812472423509,-2.14297890941235,10.));
#2581=CARTESIAN_POINT('',(2.69450781916373,-1.70959920466371,9.));
#2582=CARTESIAN_POINT('',(3.57546640211746,-2.18330116371565,10.));
#2583=CARTESIAN_POINT('',(2.65346766097315,-1.78961408970613,9.));
#2584=CARTESIAN_POINT('',(3.5519918785545,-2.22894773529073,10.));
#2585=CARTESIAN_POINT('',(2.61382307333348,-1.87503772556814,9.));
#2586=CARTESIAN_POINT('',(3.52922545950045,-2.27792759038753,10.));
#2587=CARTESIAN_POINT('',(2.57727715288585,-1.96226933983452,9.));
#2588=CARTESIAN_POINT('',(3.50809760233695,-2.32865660651206,10.));
#2589=CARTESIAN_POINT('',(2.5447965390866,-2.05002390063287,9.));
#2590=CARTESIAN_POINT('',(3.48904800199562,-2.37998414965842,10.));
#2591=CARTESIAN_POINT('',(2.51607965963294,-2.13806051754088,9.));
#2592=CARTESIAN_POINT('',(3.4720110073527,-2.43190605239522,10.));
#2593=CARTESIAN_POINT('',(2.48970703585549,-2.22947333067977,9.));
#2594=CARTESIAN_POINT('',(3.45628275832704,-2.48663754572197,10.));
#2595=CARTESIAN_POINT('',(2.46534500055423,-2.32753613140395,9.));
#2596=CARTESIAN_POINT('',(3.44156689542486,-2.54635609046366,10.));
#2597=CARTESIAN_POINT('',(2.4431659822478,-2.43868849255811,9.));
#2598=CARTESIAN_POINT('',(3.42765947133543,-2.61483520746101,10.));
#2599=CARTESIAN_POINT('',(2.42418143072472,-2.55845923205224,9.));
#2600=CARTESIAN_POINT('',(3.41580248393191,-2.69040524871423,10.));
#2601=CARTESIAN_POINT('',(2.4101170346031,-2.68403995923752,9.));
#2602=CARTESIAN_POINT('',(3.40685261168598,-2.77132170812156,10.));
#2603=CARTESIAN_POINT('',(2.40179395809617,-2.81456451617429,9.));
#2604=CARTESIAN_POINT('',(3.40114218135629,-2.85817511583241,10.));
#2605=CARTESIAN_POINT('',(2.39983051316945,-2.90390045994891,9.));
#2606=CARTESIAN_POINT('',(3.39984586685468,-2.91663494019851,10.));
#2607=CARTESIAN_POINT('',(2.39984175624984,-2.94911387280236,9.));
#2608=CARTESIAN_POINT('',(3.39984175624984,-2.94911078867448,10.));
#2609=FACE_BOUND('',#2610,.T.);
#2610=EDGE_LOOP('',(#3096,#3097,#3098,#3099));
#2611=B_SPLINE_SURFACE_WITH_KNOTS('',3,1,(
(#2612,#2613),
(#2614,#2615),
(#2616,#2617),
(#2618,#2619),
(#2620,#2621),
(#2622,#2623),
(#2624,#2625),
(#2626,#2627),
(#2628,#2629),
(#2630,#2631),
(#2632,#2633),
(#2634,#2635),
(#2636,#2637),
(#2638,#2639),
(#2640,#2641),
(#2642,#2643),
(#2644,#2645),
(#2646,#2647),
(#2648,#2649),
(#2650,#2651),
(#2652,#2653),
(#2654,#2655),
(#2656,#2657),
(#2658,#2659),
(#2660,#2661),
(#2662,#2663),
(#2664,#2665),
(#2666,#2667)),
.UNSPECIFIED.,.F.,.F.,.F.,
(4,1,1,1,1,1,1,1,1,1,1,1,1,1,1,1,1,1,1,1,1,1,1,1,1,4),
(2,2),
(5.23097308387366,6.05819942851156,6.3314933619214,6.52249703011316,6.67088157738918,
6.81885702357919,6.97032116739022,7.14931545798432,7.35937275776522,7.61452984044633,
7.90347685289254,8.22354895261768,8.56451190468456,8.90968183396956,9.25324636748518,
9.60355604844659,9.99600868965607,10.4447718091994,10.9424636625107,11.443181016598,
11.8257812733188,12.0819182869941,12.2260497569102,12.3751262507363,12.5466010534469,
12.7690257989013),
(0.,1.),
.UNSPECIFIED.);
#2612=CARTESIAN_POINT('',(2.39984175624984,-2.94909229288925,9.));
#2613=CARTESIAN_POINT('',(3.39984175624984,-2.94909236865856,10.));
#2614=CARTESIAN_POINT('',(2.39984025497486,-3.00205265690823,9.));
#2615=CARTESIAN_POINT('',(3.39993816082893,-3.00156893477679,10.));
#2616=CARTESIAN_POINT('',(2.40203189189905,-3.08761653109535,9.));
#2617=CARTESIAN_POINT('',(3.40195307699705,-3.05889085014209,10.));
#2618=CARTESIAN_POINT('',(2.40901996822033,-3.193481954685,9.));
#2619=CARTESIAN_POINT('',(3.40649190124976,-3.1216811507807,10.));
#2620=CARTESIAN_POINT('',(2.41329047422195,-3.2435412283936,9.));
#2621=CARTESIAN_POINT('',(3.40915890796409,-3.15151589046132,10.));
#2622=CARTESIAN_POINT('',(2.41726004215187,-3.28286514734429,9.));
#2623=CARTESIAN_POINT('',(3.41162060538378,-3.17557501600019,10.));
#2624=CARTESIAN_POINT('',(2.42141401543915,-3.31802755152272,9.));
#2625=CARTESIAN_POINT('',(3.41422008472495,-3.19834059164742,10.));
#2626=CARTESIAN_POINT('',(2.42627825825428,-3.35543770767049,9.));
#2627=CARTESIAN_POINT('',(3.41731674191177,-3.22277218434969,10.));
#2628=CARTESIAN_POINT('',(2.43228604913272,-3.39795653725064,9.));
#2629=CARTESIAN_POINT('',(3.42117539477977,-3.25017239730375,10.));
#2630=CARTESIAN_POINT('',(2.44024014294916,-3.44874895981086,9.));
#2631=CARTESIAN_POINT('',(3.42629964516626,-3.28265380257851,10.));
#2632=CARTESIAN_POINT('',(2.45074969740559,-3.50834806646766,9.));
#2633=CARTESIAN_POINT('',(3.4330330805601,-3.32035449670638,10.));
#2634=CARTESIAN_POINT('',(2.46452933650012,-3.57667348001078,9.));
#2635=CARTESIAN_POINT('',(3.44174435912512,-3.36310378419755,10.));
#2636=CARTESIAN_POINT('',(2.48211840152095,-3.65145739067601,9.));
#2637=CARTESIAN_POINT('',(3.45254320732807,-3.40945049638765,10.));
#2638=CARTESIAN_POINT('',(2.50338033866057,-3.73073032081384,9.));
#2639=CARTESIAN_POINT('',(3.4654207294569,-3.45785821868901,10.));
#2640=CARTESIAN_POINT('',(2.52776522954623,-3.8119814460907,9.));
#2641=CARTESIAN_POINT('',(3.48015937618091,-3.5066752012707,10.));
#2642=CARTESIAN_POINT('',(2.55528910901919,-3.89353892473102,9.));
#2643=CARTESIAN_POINT('',(3.49660868213536,-3.5550999308896,10.));
#2644=CARTESIAN_POINT('',(2.58734627488408,-3.97757272075383,9.));
#2645=CARTESIAN_POINT('',(3.51544149079128,-3.60472767273433,10.));
#2646=CARTESIAN_POINT('',(2.62633217530906,-4.06927940117788,9.));
#2647=CARTESIAN_POINT('',(3.53808077391213,-3.65810378680821,10.));
#2648=CARTESIAN_POINT('',(2.6748319305204,-4.17124875229735,9.));
#2649=CARTESIAN_POINT('',(3.56606478329042,-3.71667125630193,10.));
#2650=CARTESIAN_POINT('',(2.732829886481,-4.27810897502867,9.));
#2651=CARTESIAN_POINT('',(3.59925146704544,-3.77792863516863,10.));
#2652=CARTESIAN_POINT('',(2.79397052522532,-4.37762081893417,9.));
#2653=CARTESIAN_POINT('',(3.63415246070691,-3.83469372831583,10.));
#2654=CARTESIAN_POINT('',(2.84885870495802,-4.45796047539274,9.));
#2655=CARTESIAN_POINT('',(3.66480169872953,-3.87960221914746,10.));
#2656=CARTESIAN_POINT('',(2.88746569593969,-4.5105623682657,9.));
#2657=CARTESIAN_POINT('',(3.68742849995206,-3.91031921701045,10.));
#2658=CARTESIAN_POINT('',(2.91676983711804,-4.54844599750144,9.));
#2659=CARTESIAN_POINT('',(3.70283081975243,-3.93032497978237,10.));
#2660=CARTESIAN_POINT('',(2.94219281444992,-4.58026471927431,9.));
#2661=CARTESIAN_POINT('',(3.71603115691489,-3.94695012571985,10.));
#2662=CARTESIAN_POINT('',(2.9719010877074,-4.61624079780485,9.));
#2663=CARTESIAN_POINT('',(3.73223822802843,-3.96668217516394,10.));
#2664=CARTESIAN_POINT('',(2.99258290048063,-4.64028280145813,9.00000000000001));
#2665=CARTESIAN_POINT('',(3.74534752483182,-3.98197745757041,10.));
#2666=CARTESIAN_POINT('',(3.00362792521832,-4.6528009407672,9.));
#2667=CARTESIAN_POINT('',(3.75347955534849,-3.99119491540139,10.));
#2668=ORIENTED_EDGE('',*,*,#3100,.T.);
#2669=ORIENTED_EDGE('',*,*,#3101,.T.);
#2670=ORIENTED_EDGE('',*,*,#3102,.T.);
#2671=ORIENTED_EDGE('',*,*,#3103,.T.);
#2672=ORIENTED_EDGE('',*,*,#3104,.T.);
#2673=ORIENTED_EDGE('',*,*,#3105,.T.);
#2674=ORIENTED_EDGE('',*,*,#3106,.T.);
#2675=ORIENTED_EDGE('',*,*,#3107,.T.);
#2676=ORIENTED_EDGE('',*,*,#3108,.T.);
#2677=ORIENTED_EDGE('',*,*,#3109,.T.);
#2678=ORIENTED_EDGE('',*,*,#3110,.T.);
#2679=ORIENTED_EDGE('',*,*,#3111,.T.);
#2680=ORIENTED_EDGE('',*,*,#3112,.T.);
#2681=ORIENTED_EDGE('',*,*,#3113,.T.);
#2682=ORIENTED_EDGE('',*,*,#3114,.T.);
#2683=ORIENTED_EDGE('',*,*,#3115,.T.);
#2684=ORIENTED_EDGE('',*,*,#3116,.T.);
#2685=ORIENTED_EDGE('',*,*,#3117,.T.);
#2686=ORIENTED_EDGE('',*,*,#3118,.T.);
#2687=ORIENTED_EDGE('',*,*,#3119,.T.);
#2688=ORIENTED_EDGE('',*,*,#3120,.T.);
#2689=ORIENTED_EDGE('',*,*,#3121,.T.);
#2690=ORIENTED_EDGE('',*,*,#3122,.T.);
#2691=ORIENTED_EDGE('',*,*,#3123,.T.);
#2692=ORIENTED_EDGE('',*,*,#3124,.F.);
#2693=ORIENTED_EDGE('',*,*,#3125,.T.);
#2694=ORIENTED_EDGE('',*,*,#3126,.F.);
#2695=ORIENTED_EDGE('',*,*,#3127,.T.);
#2696=ORIENTED_EDGE('',*,*,#3128,.T.);
#2697=ORIENTED_EDGE('',*,*,#3129,.T.);
#2698=ORIENTED_EDGE('',*,*,#3130,.T.);
#2699=ORIENTED_EDGE('',*,*,#3131,.T.);
#2700=ORIENTED_EDGE('',*,*,#3132,.T.);
#2701=ORIENTED_EDGE('',*,*,#3133,.T.);
#2702=ORIENTED_EDGE('',*,*,#3134,.T.);
#2703=ORIENTED_EDGE('',*,*,#3135,.T.);
#2704=ORIENTED_EDGE('',*,*,#3136,.T.);
#2705=ORIENTED_EDGE('',*,*,#3137,.T.);
#2706=ORIENTED_EDGE('',*,*,#3138,.T.);
#2707=ORIENTED_EDGE('',*,*,#3139,.T.);
#2708=ORIENTED_EDGE('',*,*,#3140,.T.);
#2709=ORIENTED_EDGE('',*,*,#3141,.F.);
#2710=ORIENTED_EDGE('',*,*,#3142,.T.);
#2711=ORIENTED_EDGE('',*,*,#3143,.F.);
#2712=ORIENTED_EDGE('',*,*,#3144,.T.);
#2713=ORIENTED_EDGE('',*,*,#3145,.T.);
#2714=ORIENTED_EDGE('',*,*,#3146,.T.);
#2715=ORIENTED_EDGE('',*,*,#3147,.T.);
#2716=ORIENTED_EDGE('',*,*,#3148,.T.);
#2717=ORIENTED_EDGE('',*,*,#3149,.T.);
#2718=ORIENTED_EDGE('',*,*,#3150,.T.);
#2719=ORIENTED_EDGE('',*,*,#3151,.T.);
#2720=ORIENTED_EDGE('',*,*,#3152,.F.);
#2721=ORIENTED_EDGE('',*,*,#3153,.T.);
#2722=ORIENTED_EDGE('',*,*,#3154,.F.);
#2723=ORIENTED_EDGE('',*,*,#3155,.T.);
#2724=ORIENTED_EDGE('',*,*,#3156,.T.);
#2725=ORIENTED_EDGE('',*,*,#3157,.T.);
#2726=ORIENTED_EDGE('',*,*,#3158,.T.);
#2727=ORIENTED_EDGE('',*,*,#3159,.T.);
#2728=ORIENTED_EDGE('',*,*,#3160,.T.);
#2729=ORIENTED_EDGE('',*,*,#3161,.T.);
#2730=ORIENTED_EDGE('',*,*,#3162,.T.);
#2731=ORIENTED_EDGE('',*,*,#3163,.T.);
#2732=ORIENTED_EDGE('',*,*,#3164,.T.);
#2733=ORIENTED_EDGE('',*,*,#3118,.F.);
#2734=ORIENTED_EDGE('',*,*,#3165,.F.);
#2735=ORIENTED_EDGE('',*,*,#3166,.T.);
#2736=ORIENTED_EDGE('',*,*,#3167,.T.);
#2737=ORIENTED_EDGE('',*,*,#3119,.F.);
#2738=ORIENTED_EDGE('',*,*,#3164,.F.);
#2739=ORIENTED_EDGE('',*,*,#3168,.T.);
#2740=ORIENTED_EDGE('',*,*,#3169,.T.);
#2741=ORIENTED_EDGE('',*,*,#3120,.F.);
#2742=ORIENTED_EDGE('',*,*,#3167,.F.);
#2743=ORIENTED_EDGE('',*,*,#3170,.T.);
#2744=ORIENTED_EDGE('',*,*,#3171,.T.);
#2745=ORIENTED_EDGE('',*,*,#3121,.F.);
#2746=ORIENTED_EDGE('',*,*,#3169,.F.);
#2747=ORIENTED_EDGE('',*,*,#3172,.T.);
#2748=ORIENTED_EDGE('',*,*,#3173,.T.);
#2749=ORIENTED_EDGE('',*,*,#3122,.F.);
#2750=ORIENTED_EDGE('',*,*,#3171,.F.);
#2751=ORIENTED_EDGE('',*,*,#3174,.T.);
#2752=ORIENTED_EDGE('',*,*,#3165,.T.);
#2753=ORIENTED_EDGE('',*,*,#3123,.F.);
#2754=ORIENTED_EDGE('',*,*,#3173,.F.);
#2755=ORIENTED_EDGE('',*,*,#3175,.T.);
#2756=ORIENTED_EDGE('',*,*,#3176,.T.);
#2757=ORIENTED_EDGE('',*,*,#3177,.T.);
#2758=ORIENTED_EDGE('',*,*,#3178,.T.);
#2759=ORIENTED_EDGE('',*,*,#3179,.T.);
#2760=ORIENTED_EDGE('',*,*,#3180,.T.);
#2761=ORIENTED_EDGE('',*,*,#3181,.T.);
#2762=ORIENTED_EDGE('',*,*,#3182,.T.);
#2763=ORIENTED_EDGE('',*,*,#3183,.T.);
#2764=ORIENTED_EDGE('',*,*,#3184,.T.);
#2765=ORIENTED_EDGE('',*,*,#3185,.T.);
#2766=ORIENTED_EDGE('',*,*,#3186,.T.);
#2767=ORIENTED_EDGE('',*,*,#3187,.T.);
#2768=ORIENTED_EDGE('',*,*,#3188,.T.);
#2769=ORIENTED_EDGE('',*,*,#3189,.T.);
#2770=ORIENTED_EDGE('',*,*,#3190,.T.);
#2771=ORIENTED_EDGE('',*,*,#3191,.T.);
#2772=ORIENTED_EDGE('',*,*,#3192,.T.);
#2773=ORIENTED_EDGE('',*,*,#3193,.F.);
#2774=ORIENTED_EDGE('',*,*,#3194,.F.);
#2775=ORIENTED_EDGE('',*,*,#3195,.F.);
#2776=ORIENTED_EDGE('',*,*,#3196,.T.);
#2777=ORIENTED_EDGE('',*,*,#3197,.T.);
#2778=ORIENTED_EDGE('',*,*,#3198,.T.);
#2779=ORIENTED_EDGE('',*,*,#3199,.T.);
#2780=ORIENTED_EDGE('',*,*,#3200,.T.);
#2781=ORIENTED_EDGE('',*,*,#3201,.T.);
#2782=ORIENTED_EDGE('',*,*,#3202,.T.);
#2783=ORIENTED_EDGE('',*,*,#3203,.T.);
#2784=ORIENTED_EDGE('',*,*,#3204,.T.);
#2785=ORIENTED_EDGE('',*,*,#3205,.T.);
#2786=ORIENTED_EDGE('',*,*,#3206,.T.);
#2787=ORIENTED_EDGE('',*,*,#3207,.T.);
#2788=ORIENTED_EDGE('',*,*,#3208,.T.);
#2789=ORIENTED_EDGE('',*,*,#3209,.T.);
#2790=ORIENTED_EDGE('',*,*,#3210,.T.);
#2791=ORIENTED_EDGE('',*,*,#3211,.F.);
#2792=ORIENTED_EDGE('',*,*,#3212,.F.);
#2793=ORIENTED_EDGE('',*,*,#3213,.F.);
#2794=ORIENTED_EDGE('',*,*,#3214,.F.);
#2795=ORIENTED_EDGE('',*,*,#3215,.F.);
#2796=ORIENTED_EDGE('',*,*,#3216,.F.);
#2797=ORIENTED_EDGE('',*,*,#3217,.F.);
#2798=ORIENTED_EDGE('',*,*,#3218,.F.);
#2799=ORIENTED_EDGE('',*,*,#3219,.F.);
#2800=ORIENTED_EDGE('',*,*,#3220,.T.);
#2801=ORIENTED_EDGE('',*,*,#3221,.T.);
#2802=ORIENTED_EDGE('',*,*,#3222,.F.);
#2803=ORIENTED_EDGE('',*,*,#3223,.F.);
#2804=ORIENTED_EDGE('',*,*,#3224,.F.);
#2805=ORIENTED_EDGE('',*,*,#3225,.F.);
#2806=ORIENTED_EDGE('',*,*,#3226,.F.);
#2807=ORIENTED_EDGE('',*,*,#3163,.F.);
#2808=ORIENTED_EDGE('',*,*,#3227,.F.);
#2809=ORIENTED_EDGE('',*,*,#3228,.T.);
#2810=ORIENTED_EDGE('',*,*,#3229,.T.);
#2811=ORIENTED_EDGE('',*,*,#3166,.F.);
#2812=ORIENTED_EDGE('',*,*,#3229,.F.);
#2813=ORIENTED_EDGE('',*,*,#3230,.T.);
#2814=ORIENTED_EDGE('',*,*,#3231,.T.);
#2815=ORIENTED_EDGE('',*,*,#3168,.F.);
#2816=ORIENTED_EDGE('',*,*,#3231,.F.);
#2817=ORIENTED_EDGE('',*,*,#3232,.T.);
#2818=ORIENTED_EDGE('',*,*,#3233,.T.);
#2819=ORIENTED_EDGE('',*,*,#3170,.F.);
#2820=ORIENTED_EDGE('',*,*,#3233,.F.);
#2821=ORIENTED_EDGE('',*,*,#3234,.T.);
#2822=ORIENTED_EDGE('',*,*,#3235,.T.);
#2823=ORIENTED_EDGE('',*,*,#3172,.F.);
#2824=ORIENTED_EDGE('',*,*,#3235,.F.);
#2825=ORIENTED_EDGE('',*,*,#3236,.T.);
#2826=ORIENTED_EDGE('',*,*,#3237,.T.);
#2827=ORIENTED_EDGE('',*,*,#3174,.F.);
#2828=ORIENTED_EDGE('',*,*,#3237,.F.);
#2829=ORIENTED_EDGE('',*,*,#3238,.T.);
#2830=ORIENTED_EDGE('',*,*,#3227,.T.);
#2831=ORIENTED_EDGE('',*,*,#3228,.F.);
#2832=ORIENTED_EDGE('',*,*,#3239,.F.);
#2833=ORIENTED_EDGE('',*,*,#3240,.T.);
#2834=ORIENTED_EDGE('',*,*,#3241,.T.);
#2835=ORIENTED_EDGE('',*,*,#3230,.F.);
#2836=ORIENTED_EDGE('',*,*,#3241,.F.);
#2837=ORIENTED_EDGE('',*,*,#3242,.T.);
#2838=ORIENTED_EDGE('',*,*,#3243,.T.);
#2839=ORIENTED_EDGE('',*,*,#3232,.F.);
#2840=ORIENTED_EDGE('',*,*,#3243,.F.);
#2841=ORIENTED_EDGE('',*,*,#3244,.T.);
#2842=ORIENTED_EDGE('',*,*,#3245,.T.);
#2843=ORIENTED_EDGE('',*,*,#3234,.F.);
#2844=ORIENTED_EDGE('',*,*,#3245,.F.);
#2845=ORIENTED_EDGE('',*,*,#3246,.T.);
#2846=ORIENTED_EDGE('',*,*,#3247,.T.);
#2847=ORIENTED_EDGE('',*,*,#3236,.F.);
#2848=ORIENTED_EDGE('',*,*,#3247,.F.);
#2849=ORIENTED_EDGE('',*,*,#3248,.T.);
#2850=ORIENTED_EDGE('',*,*,#3249,.T.);
#2851=ORIENTED_EDGE('',*,*,#3238,.F.);
#2852=ORIENTED_EDGE('',*,*,#3249,.F.);
#2853=ORIENTED_EDGE('',*,*,#3250,.T.);
#2854=ORIENTED_EDGE('',*,*,#3239,.T.);
#2855=ORIENTED_EDGE('',*,*,#3240,.F.);
#2856=ORIENTED_EDGE('',*,*,#3250,.F.);
#2857=ORIENTED_EDGE('',*,*,#3248,.F.);
#2858=ORIENTED_EDGE('',*,*,#3246,.F.);
#2859=ORIENTED_EDGE('',*,*,#3244,.F.);
#2860=ORIENTED_EDGE('',*,*,#3242,.F.);
#2861=ORIENTED_EDGE('',*,*,#3251,.T.);
#2862=ORIENTED_EDGE('',*,*,#3252,.T.);
#2863=ORIENTED_EDGE('',*,*,#3251,.F.);
#2864=ORIENTED_EDGE('',*,*,#3252,.F.);
#2865=ORIENTED_EDGE('',*,*,#3253,.T.);
#2866=ORIENTED_EDGE('',*,*,#3253,.F.);
#2867=ORIENTED_EDGE('',*,*,#3128,.F.);
#2868=ORIENTED_EDGE('',*,*,#3254,.T.);
#2869=ORIENTED_EDGE('',*,*,#3201,.F.);
#2870=ORIENTED_EDGE('',*,*,#3255,.F.);
#2871=ORIENTED_EDGE('',*,*,#3127,.F.);
#2872=ORIENTED_EDGE('',*,*,#3256,.T.);
#2873=ORIENTED_EDGE('',*,*,#3202,.F.);
#2874=ORIENTED_EDGE('',*,*,#3254,.F.);
#2875=ORIENTED_EDGE('',*,*,#3257,.T.);
#2876=ORIENTED_EDGE('',*,*,#3256,.F.);
#2877=ORIENTED_EDGE('',*,*,#3126,.T.);
#2878=ORIENTED_EDGE('',*,*,#3125,.F.);
#2879=ORIENTED_EDGE('',*,*,#3258,.T.);
#2880=ORIENTED_EDGE('',*,*,#3203,.F.);
#2881=ORIENTED_EDGE('',*,*,#3257,.F.);
#2882=ORIENTED_EDGE('',*,*,#3124,.T.);
#2883=ORIENTED_EDGE('',*,*,#3259,.T.);
#2884=ORIENTED_EDGE('',*,*,#3258,.F.);
#2885=ORIENTED_EDGE('',*,*,#3140,.F.);
#2886=ORIENTED_EDGE('',*,*,#3260,.T.);
#2887=ORIENTED_EDGE('',*,*,#3204,.F.);
#2888=ORIENTED_EDGE('',*,*,#3259,.F.);
#2889=ORIENTED_EDGE('',*,*,#3139,.F.);
#2890=ORIENTED_EDGE('',*,*,#3261,.T.);
#2891=ORIENTED_EDGE('',*,*,#3205,.F.);
#2892=ORIENTED_EDGE('',*,*,#3260,.F.);
#2893=ORIENTED_EDGE('',*,*,#3138,.F.);
#2894=ORIENTED_EDGE('',*,*,#3262,.T.);
#2895=ORIENTED_EDGE('',*,*,#3206,.F.);
#2896=ORIENTED_EDGE('',*,*,#3261,.F.);
#2897=ORIENTED_EDGE('',*,*,#3137,.F.);
#2898=ORIENTED_EDGE('',*,*,#3263,.T.);
#2899=ORIENTED_EDGE('',*,*,#3207,.F.);
#2900=ORIENTED_EDGE('',*,*,#3262,.F.);
#2901=ORIENTED_EDGE('',*,*,#3136,.F.);
#2902=ORIENTED_EDGE('',*,*,#3264,.T.);
#2903=ORIENTED_EDGE('',*,*,#3208,.F.);
#2904=ORIENTED_EDGE('',*,*,#3263,.F.);
#2905=ORIENTED_EDGE('',*,*,#3135,.F.);
#2906=ORIENTED_EDGE('',*,*,#3265,.T.);
#2907=ORIENTED_EDGE('',*,*,#3209,.F.);
#2908=ORIENTED_EDGE('',*,*,#3264,.F.);
#2909=ORIENTED_EDGE('',*,*,#3266,.T.);
#2910=ORIENTED_EDGE('',*,*,#3267,.F.);
#2911=ORIENTED_EDGE('',*,*,#3210,.F.);
#2912=ORIENTED_EDGE('',*,*,#3265,.F.);
#2913=ORIENTED_EDGE('',*,*,#3134,.F.);
#2914=ORIENTED_EDGE('',*,*,#3268,.T.);
#2915=ORIENTED_EDGE('',*,*,#3220,.F.);
#2916=ORIENTED_EDGE('',*,*,#3269,.F.);
#2917=ORIENTED_EDGE('',*,*,#3221,.F.);
#2918=ORIENTED_EDGE('',*,*,#3268,.F.);
#2919=ORIENTED_EDGE('',*,*,#3133,.F.);
#2920=ORIENTED_EDGE('',*,*,#3270,.T.);
#2921=ORIENTED_EDGE('',*,*,#3196,.F.);
#2922=ORIENTED_EDGE('',*,*,#3271,.T.);
#2923=ORIENTED_EDGE('',*,*,#3272,.F.);
#2924=ORIENTED_EDGE('',*,*,#3132,.F.);
#2925=ORIENTED_EDGE('',*,*,#3273,.T.);
#2926=ORIENTED_EDGE('',*,*,#3197,.F.);
#2927=ORIENTED_EDGE('',*,*,#3270,.F.);
#2928=ORIENTED_EDGE('',*,*,#3131,.F.);
#2929=ORIENTED_EDGE('',*,*,#3274,.T.);
#2930=ORIENTED_EDGE('',*,*,#3198,.F.);
#2931=ORIENTED_EDGE('',*,*,#3273,.F.);
#2932=ORIENTED_EDGE('',*,*,#3130,.F.);
#2933=ORIENTED_EDGE('',*,*,#3275,.T.);
#2934=ORIENTED_EDGE('',*,*,#3199,.F.);
#2935=ORIENTED_EDGE('',*,*,#3274,.F.);
#2936=ORIENTED_EDGE('',*,*,#3129,.F.);
#2937=ORIENTED_EDGE('',*,*,#3255,.T.);
#2938=ORIENTED_EDGE('',*,*,#3200,.F.);
#2939=ORIENTED_EDGE('',*,*,#3275,.F.);
#2940=ORIENTED_EDGE('',*,*,#3276,.F.);
#2941=ORIENTED_EDGE('',*,*,#3141,.T.);
#2942=ORIENTED_EDGE('',*,*,#3277,.T.);
#2943=ORIENTED_EDGE('',*,*,#3162,.F.);
#2944=ORIENTED_EDGE('',*,*,#3278,.T.);
#2945=ORIENTED_EDGE('',*,*,#3175,.F.);
#2946=ORIENTED_EDGE('',*,*,#3277,.F.);
#2947=ORIENTED_EDGE('',*,*,#3161,.F.);
#2948=ORIENTED_EDGE('',*,*,#3279,.T.);
#2949=ORIENTED_EDGE('',*,*,#3176,.F.);
#2950=ORIENTED_EDGE('',*,*,#3278,.F.);
#2951=ORIENTED_EDGE('',*,*,#3160,.F.);
#2952=ORIENTED_EDGE('',*,*,#3280,.T.);
#2953=ORIENTED_EDGE('',*,*,#3177,.F.);
#2954=ORIENTED_EDGE('',*,*,#3279,.F.);
#2955=ORIENTED_EDGE('',*,*,#3159,.F.);
#2956=ORIENTED_EDGE('',*,*,#3281,.T.);
#2957=ORIENTED_EDGE('',*,*,#3178,.F.);
#2958=ORIENTED_EDGE('',*,*,#3280,.F.);
#2959=ORIENTED_EDGE('',*,*,#3158,.F.);
#2960=ORIENTED_EDGE('',*,*,#3282,.T.);
#2961=ORIENTED_EDGE('',*,*,#3179,.F.);
#2962=ORIENTED_EDGE('',*,*,#3281,.F.);
#2963=ORIENTED_EDGE('',*,*,#3157,.F.);
#2964=ORIENTED_EDGE('',*,*,#3283,.T.);
#2965=ORIENTED_EDGE('',*,*,#3180,.F.);
#2966=ORIENTED_EDGE('',*,*,#3282,.F.);
#2967=ORIENTED_EDGE('',*,*,#3156,.F.);
#2968=ORIENTED_EDGE('',*,*,#3284,.T.);
#2969=ORIENTED_EDGE('',*,*,#3181,.F.);
#2970=ORIENTED_EDGE('',*,*,#3283,.F.);
#2971=ORIENTED_EDGE('',*,*,#3155,.F.);
#2972=ORIENTED_EDGE('',*,*,#3285,.T.);
#2973=ORIENTED_EDGE('',*,*,#3182,.F.);
#2974=ORIENTED_EDGE('',*,*,#3284,.F.);
#2975=ORIENTED_EDGE('',*,*,#3285,.F.);
#2976=ORIENTED_EDGE('',*,*,#3154,.T.);
#2977=ORIENTED_EDGE('',*,*,#3286,.T.);
#2978=ORIENTED_EDGE('',*,*,#3153,.F.);
#2979=ORIENTED_EDGE('',*,*,#3287,.T.);
#2980=ORIENTED_EDGE('',*,*,#3183,.F.);
#2981=ORIENTED_EDGE('',*,*,#3286,.F.);
#2982=ORIENTED_EDGE('',*,*,#3288,.T.);
#2983=ORIENTED_EDGE('',*,*,#3287,.F.);
#2984=ORIENTED_EDGE('',*,*,#3152,.T.);
#2985=ORIENTED_EDGE('',*,*,#3151,.F.);
#2986=ORIENTED_EDGE('',*,*,#3289,.T.);
#2987=ORIENTED_EDGE('',*,*,#3184,.F.);
#2988=ORIENTED_EDGE('',*,*,#3288,.F.);
#2989=ORIENTED_EDGE('',*,*,#3150,.F.);
#2990=ORIENTED_EDGE('',*,*,#3290,.T.);
#2991=ORIENTED_EDGE('',*,*,#3185,.F.);
#2992=ORIENTED_EDGE('',*,*,#3289,.F.);
#2993=ORIENTED_EDGE('',*,*,#3149,.F.);
#2994=ORIENTED_EDGE('',*,*,#3291,.T.);
#2995=ORIENTED_EDGE('',*,*,#3186,.F.);
#2996=ORIENTED_EDGE('',*,*,#3290,.F.);
#2997=ORIENTED_EDGE('',*,*,#3148,.F.);
#2998=ORIENTED_EDGE('',*,*,#3292,.T.);
#2999=ORIENTED_EDGE('',*,*,#3187,.F.);
#3000=ORIENTED_EDGE('',*,*,#3291,.F.);
#3001=ORIENTED_EDGE('',*,*,#3147,.F.);
#3002=ORIENTED_EDGE('',*,*,#3293,.T.);
#3003=ORIENTED_EDGE('',*,*,#3188,.F.);
#3004=ORIENTED_EDGE('',*,*,#3292,.F.);
#3005=ORIENTED_EDGE('',*,*,#3146,.F.);
#3006=ORIENTED_EDGE('',*,*,#3294,.T.);
#3007=ORIENTED_EDGE('',*,*,#3189,.F.);
#3008=ORIENTED_EDGE('',*,*,#3293,.F.);
#3009=ORIENTED_EDGE('',*,*,#3145,.F.);
#3010=ORIENTED_EDGE('',*,*,#3295,.T.);
#3011=ORIENTED_EDGE('',*,*,#3190,.F.);
#3012=ORIENTED_EDGE('',*,*,#3294,.F.);
#3013=ORIENTED_EDGE('',*,*,#3144,.F.);
#3014=ORIENTED_EDGE('',*,*,#3296,.T.);
#3015=ORIENTED_EDGE('',*,*,#3191,.F.);
#3016=ORIENTED_EDGE('',*,*,#3295,.F.);
#3017=ORIENTED_EDGE('',*,*,#3143,.T.);
#3018=ORIENTED_EDGE('',*,*,#3297,.T.);
#3019=ORIENTED_EDGE('',*,*,#3296,.F.);
#3020=ORIENTED_EDGE('',*,*,#3142,.F.);
#3021=ORIENTED_EDGE('',*,*,#3276,.T.);
#3022=ORIENTED_EDGE('',*,*,#3192,.F.);
#3023=ORIENTED_EDGE('',*,*,#3297,.F.);
#3024=ORIENTED_EDGE('',*,*,#3219,.T.);
#3025=ORIENTED_EDGE('',*,*,#3298,.T.);
#3026=ORIENTED_EDGE('',*,*,#3111,.F.);
#3027=ORIENTED_EDGE('',*,*,#3299,.F.);
#3028=ORIENTED_EDGE('',*,*,#3266,.F.);
#3029=ORIENTED_EDGE('',*,*,#3218,.T.);
#3030=ORIENTED_EDGE('',*,*,#3300,.T.);
#3031=ORIENTED_EDGE('',*,*,#3112,.F.);
#3032=ORIENTED_EDGE('',*,*,#3298,.F.);
#3033=ORIENTED_EDGE('',*,*,#3217,.T.);
#3034=ORIENTED_EDGE('',*,*,#3301,.T.);
#3035=ORIENTED_EDGE('',*,*,#3113,.F.);
#3036=ORIENTED_EDGE('',*,*,#3300,.F.);
#3037=ORIENTED_EDGE('',*,*,#3216,.T.);
#3038=ORIENTED_EDGE('',*,*,#3302,.T.);
#3039=ORIENTED_EDGE('',*,*,#3114,.F.);
#3040=ORIENTED_EDGE('',*,*,#3301,.F.);
#3041=ORIENTED_EDGE('',*,*,#3215,.T.);
#3042=ORIENTED_EDGE('',*,*,#3303,.T.);
#3043=ORIENTED_EDGE('',*,*,#3115,.F.);
#3044=ORIENTED_EDGE('',*,*,#3302,.F.);
#3045=ORIENTED_EDGE('',*,*,#3214,.T.);
#3046=ORIENTED_EDGE('',*,*,#3304,.T.);
#3047=ORIENTED_EDGE('',*,*,#3116,.F.);
#3048=ORIENTED_EDGE('',*,*,#3303,.F.);
#3049=ORIENTED_EDGE('',*,*,#3213,.T.);
#3050=ORIENTED_EDGE('',*,*,#3305,.T.);
#3051=ORIENTED_EDGE('',*,*,#3117,.F.);
#3052=ORIENTED_EDGE('',*,*,#3304,.F.);
#3053=ORIENTED_EDGE('',*,*,#3212,.T.);
#3054=ORIENTED_EDGE('',*,*,#3306,.T.);
#3055=ORIENTED_EDGE('',*,*,#3109,.F.);
#3056=ORIENTED_EDGE('',*,*,#3305,.F.);
#3057=ORIENTED_EDGE('',*,*,#3211,.T.);
#3058=ORIENTED_EDGE('',*,*,#3267,.T.);
#3059=ORIENTED_EDGE('',*,*,#3299,.T.);
#3060=ORIENTED_EDGE('',*,*,#3110,.F.);
#3061=ORIENTED_EDGE('',*,*,#3306,.F.);
#3062=ORIENTED_EDGE('',*,*,#3193,.T.);
#3063=ORIENTED_EDGE('',*,*,#3307,.T.);
#3064=ORIENTED_EDGE('',*,*,#3103,.F.);
#3065=ORIENTED_EDGE('',*,*,#3308,.F.);
#3066=ORIENTED_EDGE('',*,*,#3226,.T.);
#3067=ORIENTED_EDGE('',*,*,#3309,.T.);
#3068=ORIENTED_EDGE('',*,*,#3104,.F.);
#3069=ORIENTED_EDGE('',*,*,#3307,.F.);
#3070=ORIENTED_EDGE('',*,*,#3225,.T.);
#3071=ORIENTED_EDGE('',*,*,#3310,.T.);
#3072=ORIENTED_EDGE('',*,*,#3105,.F.);
#3073=ORIENTED_EDGE('',*,*,#3309,.F.);
#3074=ORIENTED_EDGE('',*,*,#3224,.T.);
#3075=ORIENTED_EDGE('',*,*,#3311,.T.);
#3076=ORIENTED_EDGE('',*,*,#3106,.F.);
#3077=ORIENTED_EDGE('',*,*,#3310,.F.);
#3078=ORIENTED_EDGE('',*,*,#3223,.T.);
#3079=ORIENTED_EDGE('',*,*,#3312,.T.);
#3080=ORIENTED_EDGE('',*,*,#3107,.F.);
#3081=ORIENTED_EDGE('',*,*,#3311,.F.);
#3082=ORIENTED_EDGE('',*,*,#3222,.T.);
#3083=ORIENTED_EDGE('',*,*,#3269,.T.);
#3084=ORIENTED_EDGE('',*,*,#3313,.T.);
#3085=ORIENTED_EDGE('',*,*,#3108,.F.);
#3086=ORIENTED_EDGE('',*,*,#3312,.F.);
#3087=ORIENTED_EDGE('',*,*,#3100,.F.);
#3088=ORIENTED_EDGE('',*,*,#3313,.F.);
#3089=ORIENTED_EDGE('',*,*,#3272,.T.);
#3090=ORIENTED_EDGE('',*,*,#3314,.T.);
#3091=ORIENTED_EDGE('',*,*,#3195,.T.);
#3092=ORIENTED_EDGE('',*,*,#3315,.T.);
#3093=ORIENTED_EDGE('',*,*,#3101,.F.);
#3094=ORIENTED_EDGE('',*,*,#3314,.F.);
#3095=ORIENTED_EDGE('',*,*,#3271,.F.);
#3096=ORIENTED_EDGE('',*,*,#3194,.T.);
#3097=ORIENTED_EDGE('',*,*,#3308,.T.);
#3098=ORIENTED_EDGE('',*,*,#3102,.F.);
#3099=ORIENTED_EDGE('',*,*,#3315,.F.);
#3100=EDGE_CURVE('',#3316,#3317,#3318,.T.);
#3101=EDGE_CURVE('',#3317,#3319,#3320,.T.);
#3102=EDGE_CURVE('',#3319,#3321,#3322,.T.);
#3103=EDGE_CURVE('',#3321,#3323,#3324,.T.);
#3104=EDGE_CURVE('',#3323,#3325,#3326,.T.);
#3105=EDGE_CURVE('',#3325,#3327,#3328,.T.);
#3106=EDGE_CURVE('',#3327,#3329,#3330,.T.);
#3107=EDGE_CURVE('',#3329,#3331,#3332,.T.);
#3108=EDGE_CURVE('',#3331,#3316,#3333,.T.);
#3109=EDGE_CURVE('',#3334,#3335,#3336,.T.);
#3110=EDGE_CURVE('',#3335,#3337,#3338,.T.);
#3111=EDGE_CURVE('',#3337,#3339,#3340,.T.);
#3112=EDGE_CURVE('',#3339,#3341,#3342,.T.);
#3113=EDGE_CURVE('',#3341,#3343,#3344,.T.);
#3114=EDGE_CURVE('',#3343,#3345,#3346,.T.);
#3115=EDGE_CURVE('',#3345,#3347,#3348,.T.);
#3116=EDGE_CURVE('',#3347,#3349,#3350,.T.);
#3117=EDGE_CURVE('',#3349,#3334,#3351,.T.);
#3118=EDGE_CURVE('',#3352,#3353,#3354,.T.);
#3119=EDGE_CURVE('',#3353,#3355,#3356,.T.);
#3120=EDGE_CURVE('',#3355,#3357,#3358,.T.);
#3121=EDGE_CURVE('',#3357,#3359,#3360,.T.);
#3122=EDGE_CURVE('',#3359,#3361,#3362,.T.);
#3123=EDGE_CURVE('',#3361,#3352,#3363,.T.);
#3124=EDGE_CURVE('',#3364,#3365,#3366,.F.);
#3125=EDGE_CURVE('',#3364,#3367,#3368,.F.);
#3126=EDGE_CURVE('',#3369,#3367,#3370,.F.);
#3127=EDGE_CURVE('',#3369,#3371,#3372,.F.);
#3128=EDGE_CURVE('',#3371,#3373,#3374,.F.);
#3129=EDGE_CURVE('',#3373,#3375,#3376,.F.);
#3130=EDGE_CURVE('',#3375,#3377,#3378,.F.);
#3131=EDGE_CURVE('',#3377,#3379,#3380,.F.);
#3132=EDGE_CURVE('',#3379,#3381,#3382,.F.);
#3133=EDGE_CURVE('',#3381,#3383,#3384,.F.);
#3134=EDGE_CURVE('',#3383,#3385,#3386,.F.);
#3135=EDGE_CURVE('',#3385,#3387,#3388,.F.);
#3136=EDGE_CURVE('',#3387,#3389,#3390,.F.);
#3137=EDGE_CURVE('',#3389,#3391,#3392,.F.);
#3138=EDGE_CURVE('',#3391,#3393,#3394,.F.);
#3139=EDGE_CURVE('',#3393,#3395,#3396,.F.);
#3140=EDGE_CURVE('',#3395,#3365,#3397,.F.);
#3141=EDGE_CURVE('',#3398,#3399,#3400,.F.);
#3142=EDGE_CURVE('',#3398,#3401,#3402,.F.);
#3143=EDGE_CURVE('',#3403,#3401,#3404,.F.);
#3144=EDGE_CURVE('',#3403,#3405,#3406,.F.);
#3145=EDGE_CURVE('',#3405,#3407,#3408,.F.);
#3146=EDGE_CURVE('',#3407,#3409,#3410,.F.);
#3147=EDGE_CURVE('',#3409,#3411,#3412,.F.);
#3148=EDGE_CURVE('',#3411,#3413,#3414,.F.);
#3149=EDGE_CURVE('',#3413,#3415,#3416,.F.);
#3150=EDGE_CURVE('',#3415,#3417,#3418,.F.);
#3151=EDGE_CURVE('',#3417,#3419,#3420,.F.);
#3152=EDGE_CURVE('',#3421,#3419,#3422,.F.);
#3153=EDGE_CURVE('',#3421,#3423,#3424,.F.);
#3154=EDGE_CURVE('',#3425,#3423,#3426,.F.);
#3155=EDGE_CURVE('',#3425,#3427,#3428,.F.);
#3156=EDGE_CURVE('',#3427,#3429,#3430,.F.);
#3157=EDGE_CURVE('',#3429,#3431,#3432,.F.);
#3158=EDGE_CURVE('',#3431,#3433,#3434,.F.);
#3159=EDGE_CURVE('',#3433,#3435,#3436,.F.);
#3160=EDGE_CURVE('',#3435,#3437,#3438,.F.);
#3161=EDGE_CURVE('',#3437,#3439,#3440,.F.);
#3162=EDGE_CURVE('',#3439,#3399,#3441,.F.);
#3163=EDGE_CURVE('',#3442,#3443,#3444,.T.);
#3164=EDGE_CURVE('',#3443,#3353,#3445,.T.);
#3165=EDGE_CURVE('',#3442,#3352,#3446,.T.);
#3166=EDGE_CURVE('',#3443,#3447,#3448,.T.);
#3167=EDGE_CURVE('',#3447,#3355,#3449,.T.);
#3168=EDGE_CURVE('',#3447,#3450,#3451,.T.);
#3169=EDGE_CURVE('',#3450,#3357,#3452,.T.);
#3170=EDGE_CURVE('',#3450,#3453,#3454,.T.);
#3171=EDGE_CURVE('',#3453,#3359,#3455,.T.);
#3172=EDGE_CURVE('',#3453,#3456,#3457,.T.);
#3173=EDGE_CURVE('',#3456,#3361,#3458,.T.);
#3174=EDGE_CURVE('',#3456,#3442,#3459,.T.);
#3175=EDGE_CURVE('',#3460,#3461,#3462,.T.);
#3176=EDGE_CURVE('',#3461,#3463,#3464,.T.);
#3177=EDGE_CURVE('',#3463,#3465,#3466,.T.);
#3178=EDGE_CURVE('',#3465,#3467,#3468,.T.);
#3179=EDGE_CURVE('',#3467,#3469,#3470,.T.);
#3180=EDGE_CURVE('',#3469,#3471,#3472,.T.);
#3181=EDGE_CURVE('',#3471,#3473,#3474,.T.);
#3182=EDGE_CURVE('',#3473,#3475,#3476,.T.);
#3183=EDGE_CURVE('',#3475,#3477,#3478,.T.);
#3184=EDGE_CURVE('',#3477,#3479,#3480,.T.);
#3185=EDGE_CURVE('',#3479,#3481,#3482,.T.);
#3186=EDGE_CURVE('',#3481,#3483,#3484,.T.);
#3187=EDGE_CURVE('',#3483,#3485,#3486,.T.);
#3188=EDGE_CURVE('',#3485,#3487,#3488,.T.);
#3189=EDGE_CURVE('',#3487,#3489,#3490,.T.);
#3190=EDGE_CURVE('',#3489,#3491,#3492,.T.);
#3191=EDGE_CURVE('',#3491,#3493,#3494,.T.);
#3192=EDGE_CURVE('',#3493,#3460,#3495,.T.);
#3193=EDGE_CURVE('',#3496,#3497,#3498,.T.);
#3194=EDGE_CURVE('',#3499,#3496,#3500,.T.);
#3195=EDGE_CURVE('',#3501,#3499,#3502,.T.);
#3196=EDGE_CURVE('',#3501,#3503,#3504,.T.);
#3197=EDGE_CURVE('',#3503,#3505,#3506,.T.);
#3198=EDGE_CURVE('',#3505,#3507,#3508,.T.);
#3199=EDGE_CURVE('',#3507,#3509,#3510,.T.);
#3200=EDGE_CURVE('',#3509,#3511,#3512,.T.);
#3201=EDGE_CURVE('',#3511,#3513,#3514,.T.);
#3202=EDGE_CURVE('',#3513,#3515,#3516,.T.);
#3203=EDGE_CURVE('',#3515,#3517,#3518,.T.);
#3204=EDGE_CURVE('',#3517,#3519,#3520,.T.);
#3205=EDGE_CURVE('',#3519,#3521,#3522,.T.);
#3206=EDGE_CURVE('',#3521,#3523,#3524,.T.);
#3207=EDGE_CURVE('',#3523,#3525,#3526,.T.);
#3208=EDGE_CURVE('',#3525,#3527,#3528,.T.);
#3209=EDGE_CURVE('',#3527,#3529,#3530,.T.);
#3210=EDGE_CURVE('',#3529,#3531,#3532,.T.);
#3211=EDGE_CURVE('',#3533,#3531,#3534,.T.);
#3212=EDGE_CURVE('',#3535,#3533,#3536,.T.);
#3213=EDGE_CURVE('',#3537,#3535,#3538,.T.);
#3214=EDGE_CURVE('',#3539,#3537,#3540,.T.);
#3215=EDGE_CURVE('',#3541,#3539,#3542,.T.);
#3216=EDGE_CURVE('',#3543,#3541,#3544,.T.);
#3217=EDGE_CURVE('',#3545,#3543,#3546,.T.);
#3218=EDGE_CURVE('',#3547,#3545,#3548,.T.);
#3219=EDGE_CURVE('',#3549,#3547,#3550,.T.);
#3220=EDGE_CURVE('',#3549,#3551,#3552,.T.);
#3221=EDGE_CURVE('',#3551,#3553,#3554,.T.);
#3222=EDGE_CURVE('',#3555,#3553,#3556,.T.);
#3223=EDGE_CURVE('',#3557,#3555,#3558,.T.);
#3224=EDGE_CURVE('',#3559,#3557,#3560,.T.);
#3225=EDGE_CURVE('',#3561,#3559,#3562,.T.);
#3226=EDGE_CURVE('',#3497,#3561,#3563,.T.);
#3227=EDGE_CURVE('',#3564,#3442,#3565,.T.);
#3228=EDGE_CURVE('',#3564,#3566,#3567,.T.);
#3229=EDGE_CURVE('',#3566,#3443,#3568,.T.);
#3230=EDGE_CURVE('',#3566,#3569,#3570,.T.);
#3231=EDGE_CURVE('',#3569,#3447,#3571,.T.);
#3232=EDGE_CURVE('',#3569,#3572,#3573,.T.);
#3233=EDGE_CURVE('',#3572,#3450,#3574,.T.);
#3234=EDGE_CURVE('',#3572,#3575,#3576,.T.);
#3235=EDGE_CURVE('',#3575,#3453,#3577,.T.);
#3236=EDGE_CURVE('',#3575,#3578,#3579,.T.);
#3237=EDGE_CURVE('',#3578,#3456,#3580,.T.);
#3238=EDGE_CURVE('',#3578,#3564,#3581,.T.);
#3239=EDGE_CURVE('',#3582,#3564,#3583,.F.);
#3240=EDGE_CURVE('',#3582,#3584,#3585,.T.);
#3241=EDGE_CURVE('',#3584,#3566,#3586,.F.);
#3242=EDGE_CURVE('',#3584,#3587,#3588,.T.);
#3243=EDGE_CURVE('',#3587,#3569,#3589,.F.);
#3244=EDGE_CURVE('',#3587,#3590,#3591,.T.);
#3245=EDGE_CURVE('',#3590,#3572,#3592,.F.);
#3246=EDGE_CURVE('',#3590,#3593,#3594,.T.);
#3247=EDGE_CURVE('',#3593,#3575,#3595,.F.);
#3248=EDGE_CURVE('',#3593,#3596,#3597,.T.);
#3249=EDGE_CURVE('',#3596,#3578,#3598,.F.);
#3250=EDGE_CURVE('',#3596,#3582,#3599,.T.);
#3251=EDGE_CURVE('',#3600,#3600,#3601,.T.);
#3252=EDGE_CURVE('',#3602,#3602,#3603,.T.);
#3253=EDGE_CURVE('',#3604,#3604,#3605,.T.);
#3254=EDGE_CURVE('',#3371,#3513,#3606,.T.);
#3255=EDGE_CURVE('',#3373,#3511,#3607,.T.);
#3256=EDGE_CURVE('',#3369,#3515,#3608,.T.);
#3257=EDGE_CURVE('',#3367,#3515,#3609,.F.);
#3258=EDGE_CURVE('',#3364,#3517,#3610,.T.);
#3259=EDGE_CURVE('',#3365,#3517,#3611,.F.);
#3260=EDGE_CURVE('',#3395,#3519,#3612,.T.);
#3261=EDGE_CURVE('',#3393,#3521,#3613,.T.);
#3262=EDGE_CURVE('',#3391,#3523,#3614,.T.);
#3263=EDGE_CURVE('',#3389,#3525,#3615,.T.);
#3264=EDGE_CURVE('',#3387,#3527,#3616,.T.);
#3265=EDGE_CURVE('',#3385,#3529,#3617,.T.);
#3266=EDGE_CURVE('',#3549,#3618,#3619,.T.);
#3267=EDGE_CURVE('',#3531,#3618,#3620,.T.);
#3268=EDGE_CURVE('',#3383,#3551,#3621,.T.);
#3269=EDGE_CURVE('',#3553,#3622,#3623,.T.);
#3270=EDGE_CURVE('',#3381,#3503,#3624,.T.);
#3271=EDGE_CURVE('',#3501,#3625,#3626,.T.);
#3272=EDGE_CURVE('',#3622,#3625,#3627,.T.);
#3273=EDGE_CURVE('',#3379,#3505,#3628,.T.);
#3274=EDGE_CURVE('',#3377,#3507,#3629,.T.);
#3275=EDGE_CURVE('',#3375,#3509,#3630,.T.);
#3276=EDGE_CURVE('',#3398,#3460,#3631,.T.);
#3277=EDGE_CURVE('',#3399,#3460,#3632,.F.);
#3278=EDGE_CURVE('',#3439,#3461,#3633,.T.);
#3279=EDGE_CURVE('',#3437,#3463,#3634,.T.);
#3280=EDGE_CURVE('',#3435,#3465,#3635,.T.);
#3281=EDGE_CURVE('',#3433,#3467,#3636,.T.);
#3282=EDGE_CURVE('',#3431,#3469,#3637,.T.);
#3283=EDGE_CURVE('',#3429,#3471,#3638,.T.);
#3284=EDGE_CURVE('',#3427,#3473,#3639,.T.);
#3285=EDGE_CURVE('',#3425,#3475,#3640,.T.);
#3286=EDGE_CURVE('',#3423,#3475,#3641,.F.);
#3287=EDGE_CURVE('',#3421,#3477,#3642,.T.);
#3288=EDGE_CURVE('',#3419,#3477,#3643,.F.);
#3289=EDGE_CURVE('',#3417,#3479,#3644,.T.);
#3290=EDGE_CURVE('',#3415,#3481,#3645,.T.);
#3291=EDGE_CURVE('',#3413,#3483,#3646,.T.);
#3292=EDGE_CURVE('',#3411,#3485,#3647,.T.);
#3293=EDGE_CURVE('',#3409,#3487,#3648,.T.);
#3294=EDGE_CURVE('',#3407,#3489,#3649,.T.);
#3295=EDGE_CURVE('',#3405,#3491,#3650,.T.);
#3296=EDGE_CURVE('',#3403,#3493,#3651,.T.);
#3297=EDGE_CURVE('',#3401,#3493,#3652,.F.);
#3298=EDGE_CURVE('',#3547,#3339,#3653,.T.);
#3299=EDGE_CURVE('',#3618,#3337,#3654,.T.);
#3300=EDGE_CURVE('',#3545,#3341,#3655,.T.);
#3301=EDGE_CURVE('',#3543,#3343,#3656,.T.);
#3302=EDGE_CURVE('',#3541,#3345,#3657,.T.);
#3303=EDGE_CURVE('',#3539,#3347,#3658,.T.);
#3304=EDGE_CURVE('',#3537,#3349,#3659,.T.);
#3305=EDGE_CURVE('',#3535,#3334,#3660,.T.);
#3306=EDGE_CURVE('',#3533,#3335,#3661,.T.);
#3307=EDGE_CURVE('',#3497,#3323,#3662,.T.);
#3308=EDGE_CURVE('',#3496,#3321,#3663,.T.);
#3309=EDGE_CURVE('',#3561,#3325,#3664,.T.);
#3310=EDGE_CURVE('',#3559,#3327,#3665,.T.);
#3311=EDGE_CURVE('',#3557,#3329,#3666,.T.);
#3312=EDGE_CURVE('',#3555,#3331,#3667,.T.);
#3313=EDGE_CURVE('',#3622,#3316,#3668,.T.);
#3314=EDGE_CURVE('',#3625,#3317,#3669,.T.);
#3315=EDGE_CURVE('',#3499,#3319,#3670,.T.);
#3316=VERTEX_POINT('',#3671);
#3317=VERTEX_POINT('',#3672);
#3318=B_SPLINE_CURVE_WITH_KNOTS('',3,
(#3673,#3674,#3675,#3676,#3677,#3678,#3679,#3680,#3681,#3682,#3683,#3684,#3685,#3686,
#3687,#3688,#3689,#3690,#3691,#3692,#3693,#3694,#3695,#3696,#3697,#3698,#3699,#3700,
#3701,#3702,#3703,#3704,#3705),
.UNSPECIFIED.,.F.,.F.,
(4,1,1,1,1,1,1,1,1,1,1,1,1,1,1,1,1,1,1,1,1,1,1,1,1,1,1,1,1,1,4),
(0.,0.0141505122519994,0.0389758317427141,0.0505167727653694,0.0718678214811785,
0.0987391721721267,0.109148911726726,0.119594696300956,0.140921955966522,0.172194849563212,
0.182219285249035,0.218904664377081,0.271625228706096,0.279808196264207,0.320648209128701,
0.362721865790232,0.407369461711153,0.428384462741698,0.471382329391609,0.536406802866301,
0.584171758787514,0.602412595206511,0.668741773976553,0.720261747462333,0.748472631642213,
0.839117873357306,0.845761363773228,0.909395164029926,0.951588845278756,0.962172522047494,
1.),
.UNSPECIFIED.);
#3319=VERTEX_POINT('',#3706);
#3320=B_SPLINE_CURVE_WITH_KNOTS('',3,
(#3707,#3708,#3709,#3710,#3711,#3712,#3713,#3714,#3715,#3716,#3717,#3718,#3719,#3720,
#3721,#3722,#3723,#3724,#3725,#3726,#3727,#3728,#3729,#3730,#3731,#3732,#3733,#3734,
#3735,#3736,#3737,#3738,#3739,#3740,#3741,#3742,#3743,#3744,#3745,#3746,#3747,#3748,
#3749,#3750,#3751,#3752,#3753,#3754,#3755,#3756,#3757,#3758,#3759,#3760,#3761,#3762,
#3763,#3764),
.UNSPECIFIED.,.F.,.F.,
(4,1,1,1,1,1,1,1,1,1,1,1,1,1,1,1,1,1,1,1,1,1,1,1,1,1,1,1,1,1,1,1,1,1,1,1,1,1,1,1,
1,1,1,1,1,1,1,1,1,1,1,1,1,1,1,4),
(0.,0.013623201298872,0.0349838482943036,0.0476757482260318,0.0619526243916182,0.0810222917076315,
0.0929430082719733,0.100365901938754,0.103891021184062,0.114127146461926,0.124545995876737,
0.135447898939687,0.146665218927289,0.158399390848225,0.169724355701269,0.17027858276083,
0.184743747431267,0.201620761169284,0.221125955149765,0.229157242050636,0.258373509494509,
0.272824524137425,0.289180762655587,0.312242203929208,0.334153532674609,0.355338369958087,
0.358662857960199,0.376952523497923,0.399555877711139,0.422709715449272,0.446559641488647,
0.460651357427533,0.470544151696444,0.503199960959927,0.536177543976718,0.566773551893503,
0.569475055459976,0.603047218913503,0.645009874602584,0.652082205537606,0.686739833848884,
0.719751570962004,0.741553260684845,0.743860989635357,0.767721795965581,0.798355138555632,
0.835630331702232,0.871891633823976,0.885146081409078,0.900101686267547,0.920507124296093,
0.940745145463162,0.960643440685582,0.980312355905325,0.985686220060463,1.),
.UNSPECIFIED.);
#3321=VERTEX_POINT('',#3765);
#3322=B_SPLINE_CURVE_WITH_KNOTS('',3,
(#3766,#3767,#3768,#3769,#3770,#3771,#3772,#3773,#3774,#3775,#3776,#3777,#3778,#3779,
#3780,#3781,#3782,#3783,#3784,#3785,#3786,#3787,#3788,#3789,#3790,#3791,#3792,#3793,
#3794,#3795,#3796,#3797,#3798,#3799,#3800,#3801,#3802,#3803,#3804,#3805,#3806,#3807,
#3808,#3809,#3810,#3811,#3812,#3813,#3814,#3815,#3816,#3817,#3818,#3819,#3820,#3821,
#3822),
.UNSPECIFIED.,.F.,.F.,
(4,1,1,1,1,1,1,1,1,1,1,1,1,1,1,1,1,1,1,1,1,1,1,1,1,1,1,1,1,1,1,1,1,1,1,1,1,1,1,1,
1,1,1,1,1,1,1,1,1,1,1,1,1,1,4),
(0.,0.0139908896192485,0.0273900439392241,0.0481450619192157,0.0499357675332338,
0.0622780766418097,0.0735249205541728,0.0843568307731424,0.0947454009800367,0.103189741679512,
0.107911401344968,0.112100264871261,0.12182964055014,0.131914411589251,0.146957479319981,
0.162804669395481,0.17950327972022,0.188049214635637,0.193139224044798,0.207515169374333,
0.223252390927223,0.239511376114504,0.257093783352494,0.275509489660832,0.28956521801039,
0.295078194349104,0.314992617316362,0.336245848593905,0.358499766653294,0.382299513122268,
0.406674420043486,0.432440567232876,0.433641807801652,0.459032162298308,0.486684721061358,
0.514558646124352,0.543244651818601,0.572517044979686,0.57950814859954,0.60275566941861,
0.633390317133633,0.675788493927067,0.69546044143299,0.718859510023177,0.762598561533856,
0.795915074376318,0.807941701374186,0.829550951980048,0.863497090063039,0.897425214392618,
0.919070168235648,0.931019674929857,0.964600466709696,0.986622628984265,1.),
.UNSPECIFIED.);
#3323=VERTEX_POINT('',#3823);
#3324=B_SPLINE_CURVE_WITH_KNOTS('',3,
(#3824,#3825,#3826,#3827,#3828,#3829,#3830,#3831,#3832,#3833,#3834,#3835,#3836,#3837,
#3838,#3839,#3840,#3841,#3842,#3843,#3844,#3845,#3846,#3847,#3848,#3849,#3850,#3851,
#3852,#3853,#3854,#3855,#3856,#3857,#3858,#3859,#3860,#3861,#3862,#3863,#3864,#3865,
#3866,#3867,#3868,#3869,#3870,#3871,#3872,#3873,#3874,#3875,#3876,#3877,#3878,#3879,
#3880,#3881,#3882,#3883,#3884,#3885,#3886,#3887,#3888,#3889,#3890,#3891,#3892,#3893,
#3894,#3895,#3896),
.UNSPECIFIED.,.F.,.F.,
(4,1,1,1,1,1,1,1,1,1,1,1,1,1,1,1,1,1,1,1,1,1,1,1,1,1,1,1,1,1,1,1,1,1,1,1,1,1,1,1,
1,1,1,1,1,1,1,1,1,1,1,1,1,1,1,1,1,1,1,1,1,1,1,1,1,1,1,1,1,1,4),
(0.,0.00553518379008608,0.0100207174781781,0.0110194099777089,0.013510203304744,
0.0170491362727111,0.0220399296526425,0.0271842776137834,0.0324835802708097,0.0367483621484805,
0.0392817950572033,0.0412209773779144,0.046058801734562,0.0510644120987314,0.0565367231586942,
0.0622916615619383,0.0684047531825183,0.0745868925117311,0.0812014566729515,0.0849012446476477,
0.0881453066386423,0.0957241839253247,0.103584835531878,0.112213607172537,0.1213969559884,
0.131384349053974,0.141661804357341,0.144025814554833,0.152607509338944,0.163992226769362,
0.17619689298331,0.188704027664606,0.202174945665128,0.216255312929903,0.219047074334043,
0.23133622578215,0.246832931034836,0.263630148393862,0.281372107245643,0.300658399946923,
0.320601658224853,0.326469376897607,0.342047382195095,0.364361635395272,0.387844772983758,
0.411608460850846,0.436233202346836,0.440131216597494,0.461425463391109,0.487489761235434,
0.513838810922095,0.543805724759117,0.554660412313933,0.577090548709864,0.625580345412014,
0.673777381670724,0.70509608695498,0.721629706279876,0.753853394422099,0.782684137026414,
0.807950210097456,0.833028753993507,0.857638858653098,0.878120527914561,0.881955119459316,
0.905853888217601,0.929636777970182,0.953181171895384,0.976631610833641,0.982335639686713,
1.),
.UNSPECIFIED.);
#3325=VERTEX_POINT('',#3897);
#3326=B_SPLINE_CURVE_WITH_KNOTS('',3,
(#3898,#3899,#3900,#3901,#3902,#3903,#3904,#3905,#3906,#3907,#3908,#3909,#3910,#3911,
#3912,#3913,#3914,#3915,#3916,#3917,#3918,#3919,#3920,#3921,#3922,#3923,#3924,#3925,
#3926,#3927,#3928,#3929,#3930,#3931,#3932,#3933,#3934,#3935,#3936,#3937,#3938,#3939,
#3940,#3941,#3942,#3943,#3944,#3945,#3946,#3947,#3948,#3949,#3950,#3951),
.UNSPECIFIED.,.F.,.F.,
(4,1,1,1,1,1,1,1,1,1,1,1,1,1,1,1,1,1,1,1,1,1,1,1,1,1,1,1,1,1,1,1,1,1,1,1,1,1,1,1,
1,1,1,1,1,1,1,1,1,1,1,4),
(0.,0.00384259405604478,0.00476366645677483,0.00675226725438484,0.00862740945657888,
0.0103704533226022,0.0119896083982106,0.0136307098971376,0.0154255168792437,0.0165967220092372,
0.0173709094860488,0.0202495743810046,0.0241575046836045,0.0282831747377723,0.0318279094291806,
0.0352305696758948,0.0356511628511627,0.0393068025331719,0.0460695540283538,0.0553066981262365,
0.0656222486649183,0.0690303003897782,0.0749894968712552,0.0862874814303831,0.101660927342342,
0.118306791601333,0.126000564781816,0.132849530839635,0.145814173110548,0.160014713991201,
0.177620604862536,0.197445721418026,0.217625589995349,0.229025537562296,0.264740984932127,
0.304736831129979,0.341376027724266,0.3756812180186,0.380075050715386,0.424025803037769,
0.4709793851512,0.522064219920631,0.574038669798461,0.628945680343087,0.663921395015076,
0.686115018889237,0.746370854693961,0.807487928058645,0.870610442607708,0.925082522471612,
0.934709903791984,1.),
.UNSPECIFIED.);
#3327=VERTEX_POINT('',#3952);
#3328=LINE('',#3953,#3954);
#3329=VERTEX_POINT('',#3956);
#3330=LINE('',#3957,#3958);
#3331=VERTEX_POINT('',#3960);
#3332=LINE('',#3961,#3962);
#3333=B_SPLINE_CURVE_WITH_KNOTS('',3,
(#3964,#3965,#3966,#3967,#3968,#3969,#3970,#3971,#3972,#3973,#3974,#3975,#3976,#3977,
#3978,#3979,#3980,#3981,#3982,#3983,#3984,#3985,#3986,#3987,#3988,#3989,#3990,#3991,
#3992,#3993,#3994,#3995,#3996,#3997,#3998,#3999,#4000,#4001,#4002,#4003,#4004,#4005,
#4006,#4007,#4008),
.UNSPECIFIED.,.F.,.F.,
(4,1,1,1,1,1,1,1,1,1,1,1,1,1,1,1,1,1,1,1,1,1,1,1,1,1,1,1,1,1,1,1,1,1,1,1,1,1,1,1,
1,1,4),
(0.,0.0256237752339725,0.0748728146913589,0.0939559148223887,0.13370169021071,0.1765045142342,
0.204507026005797,0.216390939514151,0.230709684719831,0.25539532111106,0.280352438375977,
0.306042503677655,0.33224707197366,0.359340571267436,0.38678494615728,0.415202640593686,
0.444288800090866,0.449763136020607,0.474261019787874,0.504355137841402,0.534705650187196,
0.565168835243711,0.595716592792873,0.626262119402005,0.656098383283959,0.685368088626735,
0.71381100187386,0.741983291857506,0.751508237623445,0.768983739908852,0.795259741643887,
0.820545288651706,0.845399913900673,0.869208154101004,0.89250737859956,0.914900872029502,
0.918447347854545,0.936901039081855,0.950811573981422,0.958255187572865,0.979293003973079,
0.982153988831962,1.),
.UNSPECIFIED.);
#3334=VERTEX_POINT('',#4009);
#3335=VERTEX_POINT('',#4010);
#3336=B_SPLINE_CURVE_WITH_KNOTS('',3,
(#4011,#4012,#4013,#4014,#4015,#4016,#4017,#4018,#4019,#4020,#4021,#4022,#4023,#4024,
#4025,#4026,#4027,#4028,#4029,#4030,#4031,#4032,#4033,#4034,#4035,#4036,#4037,#4038,
#4039,#4040,#4041,#4042,#4043,#4044,#4045,#4046,#4047,#4048,#4049,#4050,#4051,#4052,
#4053,#4054,#4055,#4056,#4057,#4058),
.UNSPECIFIED.,.F.,.F.,
(4,1,1,1,1,1,1,1,1,1,1,1,1,1,1,1,1,1,1,1,1,1,1,1,1,1,1,1,1,1,1,1,1,1,1,1,1,1,1,1,
1,1,1,1,1,4),
(0.,0.0117535959511977,0.0384092688913656,0.0411381835211885,0.0787964832269279,
0.0901231959838603,0.113250057871601,0.139509262589148,0.156711237046243,0.171463198506463,
0.172729253009039,0.187681115990195,0.202690579313626,0.21828585450581,0.2344163585266,
0.251431150148431,0.268783490976418,0.285033800397731,0.287404471722217,0.306979731404291,
0.328235047498217,0.350197460896205,0.373980055707101,0.398870158566965,0.425275919466909,
0.425300149304536,0.452089235838115,0.480538201947342,0.510247937085128,0.541995427708629,
0.574541190470424,0.588052907387993,0.609016827414634,0.644610676794902,0.681694515591248,
0.719167737985747,0.75109936920127,0.757756597697182,0.797153974825524,0.837310756526263,
0.877318647640847,0.895160459028311,0.9169544631451,0.957373388054662,0.980279789649157,
1.),
.UNSPECIFIED.);
#3337=VERTEX_POINT('',#4059);
#3338=B_SPLINE_CURVE_WITH_KNOTS('',3,
(#4060,#4061,#4062,#4063,#4064,#4065,#4066,#4067,#4068,#4069,#4070,#4071,#4072,#4073,
#4074,#4075,#4076,#4077,#4078,#4079,#4080,#4081,#4082,#4083,#4084,#4085,#4086,#4087,
#4088,#4089,#4090,#4091,#4092,#4093,#4094,#4095,#4096,#4097,#4098,#4099,#4100,#4101,
#4102,#4103,#4104,#4105,#4106,#4107,#4108,#4109,#4110,#4111,#4112),
.UNSPECIFIED.,.F.,.F.,
(4,1,1,1,1,1,1,1,1,1,1,1,1,1,1,1,1,1,1,1,1,1,1,1,1,1,1,1,1,1,1,1,1,1,1,1,1,1,1,1,
1,1,1,1,1,1,1,1,1,1,4),
(0.,0.0118200460358029,0.0231420747701962,0.040680287367525,0.0421917732418347,0.0526203179967573,
0.0636958162616586,0.0788037764599861,0.0911394341571055,0.0949725850956454,0.109055048330755,
0.120009501605773,0.13067431670761,0.141165330891752,0.151749045802511,0.159087180709741,
0.163142222531166,0.17530789276716,0.188929693952997,0.203169595906936,0.224577600750631,
0.247120920799854,0.256241671668494,0.270854047358392,0.2903344266041,0.310942253228863,
0.333338246901106,0.356402790391915,0.38195813000079,0.390268682644135,0.425629801745105,
0.462491110491014,0.491738423385881,0.51446340352504,0.521994307958488,0.553857612271865,
0.586358065005471,0.620388568657803,0.644304062374528,0.655317076944094,0.691421720125664,
0.727805423624299,0.764998543573301,0.802736309753488,0.808173309502136,0.841337687436067,
0.880263057928512,0.919829836532646,0.954275022036929,0.959736383328954,1.),
.UNSPECIFIED.);
#3339=VERTEX_POINT('',#4113);
#3340=B_SPLINE_CURVE_WITH_KNOTS('',3,
(#4114,#4115,#4116,#4117,#4118,#4119,#4120,#4121,#4122,#4123,#4124,#4125,#4126,#4127,
#4128,#4129,#4130,#4131,#4132,#4133,#4134,#4135,#4136,#4137,#4138,#4139,#4140,#4141,
#4142,#4143,#4144,#4145,#4146,#4147,#4148,#4149,#4150,#4151,#4152,#4153,#4154,#4155,
#4156,#4157,#4158,#4159,#4160,#4161,#4162,#4163,#4164,#4165,#4166),
.UNSPECIFIED.,.F.,.F.,
(4,1,1,1,1,1,1,1,1,1,1,1,1,1,1,1,1,1,1,1,1,1,1,1,1,1,1,1,1,1,1,1,1,1,1,1,1,1,1,1,
1,1,1,1,1,1,1,1,1,1,4),
(0.,0.00261772597297487,0.00527605679973684,0.0079752842041358,0.00912544033936101,
0.0107595982516975,0.013575110639255,0.0175453907702608,0.0216112380144743,0.025736626326347,
0.0289868231544057,0.0314304823340483,0.0324681917387958,0.0363615593542598,0.0403969397278987,
0.046378012686294,0.0526386864791091,0.0591736809199242,0.0644988304011583,0.0664756304421906,
0.0701390668178203,0.0763498057553785,0.0828256323840993,0.0945347014801389,0.113879188099254,
0.126071596939487,0.137265132160544,0.159701388969169,0.179767634384137,0.201096908783436,
0.224694035117645,0.226371318458804,0.249287042704045,0.277963001987382,0.309690224719717,
0.346407638244538,0.385245257907787,0.387455104908164,0.428923269828081,0.475546275085471,
0.526003697412621,0.577524460573792,0.618466389629729,0.631859609794831,0.688083665203264,
0.747482874244584,0.80799533850952,0.870746475411233,0.875116888134284,0.934727741616191,
1.),
.UNSPECIFIED.);
#3341=VERTEX_POINT('',#4167);
#3342=LINE('',#4168,#4169);
#3343=VERTEX_POINT('',#4171);
#3344=LINE('',#4172,#4173);
#3345=VERTEX_POINT('',#4175);
#3346=LINE('',#4176,#4177);
#3347=VERTEX_POINT('',#4179);
#3348=B_SPLINE_CURVE_WITH_KNOTS('',3,
(#4180,#4181,#4182,#4183,#4184,#4185,#4186,#4187,#4188,#4189,#4190,#4191,#4192,#4193,
#4194,#4195,#4196,#4197,#4198,#4199,#4200,#4201,#4202,#4203,#4204,#4205,#4206,#4207,
#4208,#4209,#4210,#4211,#4212,#4213,#4214,#4215,#4216,#4217,#4218,#4219,#4220),
.UNSPECIFIED.,.F.,.F.,
(4,1,1,1,1,1,1,1,1,1,1,1,1,1,1,1,1,1,1,1,1,1,1,1,1,1,1,1,1,1,1,1,1,1,1,1,1,1,4),
(0.,0.0250534187966974,0.0784978772596775,0.0918655593645674,0.156700158867135,0.211556198460249,
0.220242485723559,0.266987902138816,0.297290219340703,0.325465562587439,0.351835090195106,
0.378488918873897,0.406016207412388,0.434157203992058,0.442573070306198,0.463179899775528,
0.492453469630567,0.522055865835836,0.551794617657009,0.581716044728294,0.611677999081499,
0.641328020141146,0.670538606604214,0.699141098580232,0.727562525416647,0.729687246017495,
0.755234128046185,0.782279513191273,0.80850962648059,0.834513162008239,0.85967588763504,
0.88430974242496,0.908186189330067,0.912474003276226,0.931768410262045,0.95480443753261,
0.97761028372242,0.980591655770837,1.),
.UNSPECIFIED.);
#3349=VERTEX_POINT('',#4221);
#3350=B_SPLINE_CURVE_WITH_KNOTS('',3,
(#4222,#4223,#4224,#4225,#4226,#4227,#4228,#4229,#4230,#4231,#4232,#4233,#4234,#4235,
#4236,#4237,#4238,#4239,#4240,#4241,#4242,#4243,#4244,#4245,#4246,#4247,#4248,#4249,
#4250,#4251,#4252,#4253,#4254,#4255,#4256,#4257,#4258,#4259),
.UNSPECIFIED.,.F.,.F.,
(4,1,1,1,1,1,1,1,1,1,1,1,1,1,1,1,1,1,1,1,1,1,1,1,1,1,1,1,1,1,1,1,1,1,1,4),
(0.,0.0113178727969098,0.0303125034968531,0.0396137907401128,0.055735819128777,0.0762765472065494,
0.0849187180448517,0.0919248715761179,0.107661922426173,0.130270232491822,0.150665749981773,
0.155505909388557,0.183393918180887,0.208316659203808,0.232164438680253,0.234653722136828,
0.264780606859226,0.29743850091623,0.334210800675782,0.340376029043794,0.372479160737813,
0.431512587939527,0.494944614356708,0.49520861874542,0.56356089704263,0.618676209515777,
0.640056177791839,0.68451949535129,0.719974760064891,0.782558621123669,0.803290323807787,
0.867949066962856,0.913871296585676,0.933490643071433,0.98976544846528,1.),
.UNSPECIFIED.);
#3351=B_SPLINE_CURVE_WITH_KNOTS('',3,
(#4260,#4261,#4262,#4263,#4264,#4265,#4266,#4267,#4268,#4269,#4270,#4271,#4272,#4273,
#4274,#4275,#4276,#4277,#4278,#4279,#4280,#4281,#4282,#4283,#4284,#4285,#4286,#4287,
#4288,#4289,#4290,#4291,#4292,#4293,#4294,#4295,#4296,#4297,#4298,#4299,#4300,#4301,
#4302,#4303,#4304,#4305,#4306,#4307,#4308,#4309,#4310,#4311,#4312,#4313,#4314,#4315,
#4316,#4317,#4318,#4319,#4320,#4321,#4322,#4323,#4324,#4325,#4326,#4327,#4328,#4329,
#4330),
.UNSPECIFIED.,.F.,.F.,
(4,1,1,1,1,1,1,1,1,1,1,1,1,1,1,1,1,1,1,1,1,1,1,1,1,1,1,1,1,1,1,1,1,1,1,1,1,1,1,1,
1,1,1,1,1,1,1,1,1,1,1,1,1,1,1,1,1,1,1,1,1,1,1,1,1,1,1,1,4),
(0.,0.00569865893675525,0.0103177071558736,0.0113495601795781,0.0139124326982814,
0.0175586596953435,0.022702585709059,0.0280052645907128,0.0334677087909025,0.0381501775085529,
0.0404692291998848,0.0433334742318382,0.0494706474783651,0.0560863795718986,0.065059230357407,
0.0758754829842628,0.0858806781873038,0.0889477359739998,0.102449957592743,0.116949656940045,
0.13205586654944,0.14704801617918,0.154351383493694,0.161204378539768,0.174492103873292,
0.187768794525975,0.201463721954852,0.215514336696717,0.223182492475529,0.230265347746022,
0.245374578305787,0.261764880581289,0.277857699990517,0.27910868383148,0.297942501716147,
0.317367746863789,0.338085064123241,0.358812897607312,0.359501702487047,0.381804729118615,
0.404278129094124,0.427409265758618,0.440562797788022,0.451018606039246,0.47540631688537,
0.500094168440654,0.523003708669632,0.525508503942571,0.5513480583148,0.577723407191069,
0.604200757519483,0.63092034536872,0.657788290446153,0.660362511023689,0.684839053198563,
0.711936613056947,0.738975372381554,0.765903167053457,0.792512292632674,0.818869783125995,
0.821548159635004,0.844522909015613,0.869771682448506,0.89485214625772,0.920151312605929,
0.946050948867377,0.948713488495683,0.972622670786584,1.),
.UNSPECIFIED.);
#3352=VERTEX_POINT('',#4331);
#3353=VERTEX_POINT('',#4332);
#3354=LINE('',#4333,#4334);
#3355=VERTEX_POINT('',#4336);
#3356=LINE('',#4337,#4338);
#3357=VERTEX_POINT('',#4340);
#3358=LINE('',#4341,#4342);
#3359=VERTEX_POINT('',#4344);
#3360=LINE('',#4345,#4346);
#3361=VERTEX_POINT('',#4348);
#3362=LINE('',#4349,#4350);
#3363=LINE('',#4352,#4353);
#3364=VERTEX_POINT('',#4355);
#3365=VERTEX_POINT('',#4356);
#3366=CIRCLE('',#4357,0.999999999999998);
#3367=VERTEX_POINT('',#4361);
#3368=LINE('',#4362,#4363);
#3369=VERTEX_POINT('',#4365);
#3370=CIRCLE('',#4366,1.);
#3371=VERTEX_POINT('',#4370);
#3372=LINE('',#4371,#4372);
#3373=VERTEX_POINT('',#4374);
#3374=B_SPLINE_CURVE_WITH_KNOTS('',3,
(#4375,#4376,#4377,#4378,#4379,#4380,#4381,#4382,#4383,#4384,#4385,#4386,#4387,#4388,
#4389,#4390,#4391,#4392,#4393,#4394,#4395,#4396,#4397,#4398,#4399,#4400,#4401,#4402,
#4403,#4404,#4405,#4406,#4407,#4408,#4409,#4410,#4411,#4412,#4413,#4414,#4415,#4416,
#4417,#4418,#4419,#4420,#4421,#4422,#4423,#4424),
.UNSPECIFIED.,.F.,.F.,
(4,1,1,1,1,1,1,1,1,1,1,1,1,1,1,1,1,1,1,1,1,1,1,1,1,1,1,1,1,1,1,1,1,1,1,1,1,1,1,1,
1,1,1,1,1,1,1,4),
(0.,0.00711420492175846,0.019355611460466,0.0249057746893868,0.0370145235778381,
0.0500672893581919,0.0557523069506571,0.0593409063760958,0.0658135490075332,0.0724233058832685,
0.0820451997233333,0.0921568440525211,0.102724128487426,0.111448766565826,0.113882624618176,
0.12072537789932,0.130940197677996,0.141534627994632,0.153104548078595,0.165266754549772,
0.17828396864366,0.191565015711873,0.206319786264884,0.214593536049533,0.222307279589511,
0.240368619695301,0.25930925239153,0.288977941797858,0.3209859594664,0.355389747143102,
0.372638035801949,0.384361189793047,0.415265752089705,0.44946991481204,0.485018948276512,
0.523983567868583,0.565131595822542,0.606268094769464,0.608819970493867,0.652975813801967,
0.698929209638625,0.746196312705572,0.795453873021845,0.845184365647701,0.872286390270343,
0.895968918997431,0.947465206487753,1.),
.UNSPECIFIED.);
#3375=VERTEX_POINT('',#4425);
#3376=B_SPLINE_CURVE_WITH_KNOTS('',3,
(#4426,#4427,#4428,#4429,#4430,#4431,#4432,#4433,#4434,#4435,#4436,#4437,#4438,#4439,
#4440,#4441,#4442,#4443,#4444,#4445,#4446,#4447,#4448,#4449,#4450,#4451,#4452,#4453,
#4454,#4455,#4456,#4457,#4458,#4459,#4460,#4461,#4462,#4463,#4464,#4465,#4466),
.UNSPECIFIED.,.F.,.F.,
(4,1,1,1,1,1,1,1,1,1,1,1,1,1,1,1,1,1,1,1,1,1,1,1,1,1,1,1,1,1,1,1,1,1,1,1,1,1,4),
(0.,0.00878867100506621,0.0247902649106575,0.0316427963485041,0.0503946018747089,
0.0685637529266352,0.0759503107870028,0.100220771425377,0.118798897442952,0.12701622833262,
0.132561772403297,0.142847017603552,0.153487444624045,0.16667784258988,0.182044332612094,
0.204855527421297,0.216099444215681,0.232992620050529,0.272659233164704,0.318159506936956,
0.368002940855827,0.398246467795191,0.499846041049775,0.579630677724669,0.599141492049918,
0.668041474148282,0.707900694247953,0.742404987334542,0.771489990063256,0.800516739481211,
0.829367947671872,0.831201789798173,0.858101046355545,0.886684864828966,0.915305309988587,
0.943786074030693,0.972056304783936,0.984961423189818,1.),
.UNSPECIFIED.);
#3377=VERTEX_POINT('',#4467);
#3378=B_SPLINE_CURVE_WITH_KNOTS('',3,
(#4468,#4469,#4470,#4471,#4472,#4473,#4474,#4475,#4476,#4477,#4478,#4479,#4480,#4481,
#4482,#4483,#4484,#4485,#4486,#4487,#4488,#4489,#4490,#4491,#4492,#4493,#4494,#4495,
#4496,#4497,#4498,#4499,#4500,#4501,#4502,#4503,#4504,#4505,#4506,#4507,#4508,#4509,
#4510,#4511,#4512,#4513,#4514,#4515,#4516),
.UNSPECIFIED.,.F.,.F.,
(4,1,1,1,1,1,1,1,1,1,1,1,1,1,1,1,1,1,1,1,1,1,1,1,1,1,1,1,1,1,1,1,1,1,1,1,1,1,1,1,
1,1,1,1,1,1,4),
(0.,0.00942935264373024,0.0265996015801385,0.0339479429858054,0.0539708339622339,
0.0735600165096853,0.0830488426946959,0.115816555622761,0.136314099566473,0.151513043846078,
0.182551100363587,0.206688676528923,0.223667068062506,0.232342673578604,0.240154494425298,
0.256807198186906,0.274111541958267,0.299877503878988,0.3268693866468,0.35521982104416,
0.377989537058687,0.381355817362287,0.401679198205225,0.42676809657154,0.45234703054907,
0.479030410508803,0.506319183666911,0.534315811295391,0.562412963513347,0.583563583222162,
0.590819417806929,0.6194174832117,0.648343140057773,0.677388984930685,0.706652018202415,
0.736018825113155,0.765469927423157,0.765918245842683,0.794902676061086,0.824282610832786,
0.853621645005639,0.882959095531214,0.912463917183689,0.918865355812424,0.94199068661574,
0.97124982800731,1.),
.UNSPECIFIED.);
#3379=VERTEX_POINT('',#4517);
#3380=B_SPLINE_CURVE_WITH_KNOTS('',3,
(#4518,#4519,#4520,#4521,#4522,#4523,#4524,#4525,#4526,#4527,#4528,#4529,#4530,#4531,
#4532,#4533,#4534,#4535,#4536,#4537,#4538,#4539,#4540,#4541,#4542,#4543,#4544,#4545,
#4546,#4547,#4548,#4549,#4550,#4551,#4552,#4553,#4554,#4555,#4556,#4557,#4558,#4559,
#4560,#4561,#4562,#4563,#4564,#4565,#4566,#4567,#4568,#4569,#4570,#4571),
.UNSPECIFIED.,.F.,.F.,
(4,1,1,1,1,1,1,1,1,1,1,1,1,1,1,1,1,1,1,1,1,1,1,1,1,1,1,1,1,1,1,1,1,1,1,1,1,1,1,1,
1,1,1,1,1,1,1,1,1,1,1,4),
(0.,0.00756821160278057,0.0243758935347462,0.0264889542024132,0.0500274373071221,
0.0567597513251121,0.0758330817735668,0.0956452160671754,0.108330393238517,0.109702003698753,
0.119263321740811,0.128943279435765,0.142663834183129,0.156922285585897,0.171694404378613,
0.183739059650877,0.1906014312006,0.196458269013981,0.210303092564829,0.224568862242136,
0.239995290254075,0.256122490464808,0.273269300668523,0.290774239509933,0.309626203618595,
0.320422721247797,0.329523495919296,0.351154589576828,0.373525036944213,0.397672436642302,
0.422856813287336,0.458432831419459,0.495304230426482,0.501382713207642,0.533518541539907,
0.564447615937657,0.59608432567568,0.629335551900269,0.663510805104169,0.684779617391814,
0.698831490319278,0.734345941727975,0.770630796682748,0.776186333715522,0.807532891615013,
0.845338458308518,0.874448596621265,0.883453272665539,0.92210004923794,0.960955338777296,
0.982231686432403,1.),
.UNSPECIFIED.);
#3381=VERTEX_POINT('',#4572);
#3382=B_SPLINE_CURVE_WITH_KNOTS('',3,
(#4573,#4574,#4575,#4576,#4577,#4578,#4579,#4580,#4581,#4582,#4583,#4584,#4585,#4586,
#4587,#4588,#4589,#4590,#4591,#4592,#4593,#4594,#4595,#4596,#4597,#4598,#4599,#4600,
#4601,#4602,#4603,#4604,#4605,#4606,#4607,#4608,#4609,#4610,#4611,#4612,#4613,#4614,
#4615,#4616,#4617,#4618,#4619,#4620,#4621,#4622,#4623,#4624,#4625,#4626,#4627,#4628,
#4629,#4630),
.UNSPECIFIED.,.F.,.F.,
(4,1,1,1,1,1,1,1,1,1,1,1,1,1,1,1,1,1,1,1,1,1,1,1,1,1,1,1,1,1,1,1,1,1,1,1,1,1,1,1,
1,1,1,1,1,1,1,1,1,1,1,1,1,1,1,4),
(0.,0.00917114117190963,0.0240952134490785,0.0330106272136059,0.0455025246398394,
0.0606802325769612,0.0709754737371618,0.0715460800031868,0.0777530863499429,0.0845607704605215,
0.0940112076068656,0.103733263286347,0.113732987361344,0.121825899420588,0.127415591853869,
0.130345100180339,0.139632520072879,0.149277652744821,0.159764888730131,0.170764373654807,
0.182439164411675,0.194281605885751,0.206843362081131,0.210259431564175,0.219935166193491,
0.233942567171357,0.248334582539393,0.263900209948709,0.280232180354341,0.292007365117054,
0.297575593286106,0.315184569412476,0.333904695098779,0.353485355506615,0.366926422133588,
0.374526720714066,0.396145724346508,0.427577420167635,0.449602552557531,0.460266496080972,
0.494301978919598,0.521456648881052,0.549660533670528,0.566294168902626,0.579538848980999,
0.610062231625644,0.661203804099906,0.682611816182556,0.733368150259473,0.799249963290362,
0.811509843321992,0.875560323069837,0.920756629857243,0.938632618779137,0.962408870185642,
1.),
.UNSPECIFIED.);
#3383=VERTEX_POINT('',#4631);
#3384=B_SPLINE_CURVE_WITH_KNOTS('',3,
(#4632,#4633,#4634,#4635,#4636,#4637,#4638,#4639,#4640,#4641,#4642,#4643,#4644,#4645,
#4646,#4647,#4648,#4649,#4650,#4651,#4652,#4653,#4654,#4655,#4656,#4657,#4658,#4659,
#4660,#4661,#4662,#4663,#4664,#4665,#4666,#4667,#4668,#4669,#4670,#4671,#4672,#4673,
#4674,#4675,#4676,#4677,#4678,#4679,#4680,#4681,#4682,#4683,#4684,#4685,#4686,#4687,
#4688,#4689,#4690,#4691,#4692,#4693),
.UNSPECIFIED.,.F.,.F.,
(4,1,1,1,1,1,1,1,1,1,1,1,1,1,1,1,1,1,1,1,1,1,1,1,1,1,1,1,1,1,1,1,1,1,1,1,1,1,1,1,
1,1,1,1,1,1,1,1,1,1,1,1,1,1,1,1,1,1,1,4),
(0.,0.00927908883496816,0.0243797770691838,0.0333972813901004,0.0460429141765587,
0.0614038125631646,0.0718234519119175,0.0723880737861731,0.0786843368371146,0.0855768192785278,
0.0951505701592857,0.10500166206114,0.115136627994968,0.123292034737399,0.128962804744849,
0.1318322833803,0.141050103587189,0.150573401998328,0.160793777842689,0.171431050694587,
0.182608375658519,0.193915673682188,0.20586718956306,0.212993407382021,0.218318758093549,
0.231648069285061,0.245308019365216,0.260130878509202,0.275752444075154,0.292472478811077,
0.296839176669341,0.309515701840158,0.327811513045681,0.34703894015791,0.367865246780518,
0.371407250384566,0.38933002087886,0.420701445759269,0.452897986319114,0.453346729137125,
0.487311831154874,0.514415778302413,0.531210348481394,0.542603879718411,0.57254369210067,
0.603179742658958,0.635453709954638,0.647379950771409,0.668653882891064,0.70307114899339,
0.737812475533396,0.773516046033996,0.802260517978687,0.809860141302116,0.847134240402753,
0.884697370125519,0.922872026608971,0.939975705307781,0.961480750494458,1.),
.UNSPECIFIED.);
#3385=VERTEX_POINT('',#4694);
#3386=B_SPLINE_CURVE_WITH_KNOTS('',3,
(#4695,#4696,#4697,#4698,#4699,#4700,#4701,#4702,#4703,#4704,#4705,#4706,#4707,#4708,
#4709,#4710,#4711,#4712,#4713,#4714,#4715,#4716,#4717,#4718,#4719,#4720,#4721,#4722,
#4723,#4724,#4725,#4726,#4727,#4728,#4729,#4730,#4731,#4732,#4733,#4734,#4735,#4736,
#4737,#4738,#4739,#4740,#4741,#4742,#4743,#4744,#4745,#4746),
.UNSPECIFIED.,.F.,.F.,
(4,1,1,1,1,1,1,1,1,1,1,1,1,1,1,1,1,1,1,1,1,1,1,1,1,1,1,1,1,1,1,1,1,1,1,1,1,1,1,1,
1,1,1,1,1,1,1,1,1,4),
(0.,0.0119315290008322,0.0317960341988093,0.0426189255196524,0.0604686010689056,
0.0812933826137313,0.0903148463294853,0.0957793440800216,0.105749226054069,0.115895498348592,
0.126639447982328,0.137854902147669,0.149747615148874,0.161823162718147,0.164545145230751,
0.174811752892712,0.188493867041667,0.209068410370236,0.231328751498147,0.255239351910868,
0.275077408423264,0.277426693714076,0.29531305701761,0.316962306740573,0.339622880704544,
0.37238039460944,0.406646235716547,0.41890338511137,0.442450818157012,0.470904026449729,
0.499613399898899,0.529188631050816,0.556760094981973,0.559356313983186,0.590516399986607,
0.622057085816112,0.65448690352654,0.676052133107642,0.687427171409075,0.721010593872522,
0.754719832270879,0.788847080797381,0.81723639480392,0.823265201461055,0.858141378531057,
0.893194420053222,0.928598883202734,0.951722037057173,0.964203422625369,1.),
.UNSPECIFIED.);
#3387=VERTEX_POINT('',#4747);
#3388=B_SPLINE_CURVE_WITH_KNOTS('',3,
(#4748,#4749,#4750,#4751,#4752,#4753,#4754,#4755,#4756,#4757,#4758,#4759,#4760,#4761,
#4762,#4763,#4764,#4765,#4766,#4767,#4768,#4769,#4770,#4771,#4772,#4773,#4774,#4775,
#4776,#4777,#4778,#4779,#4780,#4781,#4782,#4783,#4784,#4785,#4786,#4787,#4788,#4789,
#4790,#4791,#4792,#4793,#4794,#4795,#4796,#4797,#4798,#4799,#4800,#4801,#4802,#4803,
#4804,#4805,#4806,#4807,#4808,#4809),
.UNSPECIFIED.,.F.,.F.,
(4,1,1,1,1,1,1,1,1,1,1,1,1,1,1,1,1,1,1,1,1,1,1,1,1,1,1,1,1,1,1,1,1,1,1,1,1,1,1,1,
1,1,1,1,1,1,1,1,1,1,1,1,1,1,1,1,1,1,1,4),
(0.,0.00959147569459477,0.0252039149528364,0.0345235651334169,0.0476000156281379,
0.0634800961517779,0.0742515220897954,0.0748249119805965,0.0813471312322495,0.0884780584803081,
0.0983908931929887,0.108593213163459,0.119089717108032,0.127589515077723,0.133362031570641,
0.136545625060104,0.146318335115003,0.156460496456354,0.167467287861137,0.178986067539909,
0.191181711161589,0.203525019533015,0.21667317549882,0.220313324449499,0.230459778968331,
0.245489366787493,0.261090634976603,0.284394603174929,0.308917465826164,0.323461925253262,
0.334606738555886,0.355217672418338,0.376687278737226,0.399522503318578,0.422839100052224,
0.44748042536529,0.456536460110481,0.472958194178369,0.499523819955787,0.526359518944599,
0.554068424920082,0.574553797269067,0.58239159221843,0.611686172299189,0.641348646331216,
0.641614690289035,0.671974221487894,0.703159541792746,0.735026714492984,0.740441620601961,
0.76701292063945,0.799393230678537,0.832054873623944,0.855258214152982,0.865225832413724,
0.898593302227093,0.932277526910839,0.951882343696897,0.966093343738033,1.),
.UNSPECIFIED.);
#3389=VERTEX_POINT('',#4810);
#3390=B_SPLINE_CURVE_WITH_KNOTS('',3,
(#4811,#4812,#4813,#4814,#4815,#4816,#4817,#4818,#4819,#4820,#4821,#4822,#4823,#4824,
#4825,#4826,#4827,#4828,#4829,#4830,#4831,#4832,#4833,#4834,#4835,#4836,#4837,#4838,
#4839,#4840,#4841,#4842,#4843,#4844,#4845,#4846,#4847,#4848,#4849,#4850,#4851,#4852,
#4853,#4854,#4855,#4856,#4857,#4858,#4859,#4860),
.UNSPECIFIED.,.F.,.F.,
(4,1,1,1,1,1,1,1,1,1,1,1,1,1,1,1,1,1,1,1,1,1,1,1,1,1,1,1,1,1,1,1,1,1,1,1,1,1,1,1,
1,1,1,1,1,1,1,4),
(0.,0.00743381117324582,0.0247170297785952,0.0260194147427018,0.050761386089029,
0.0576112585414132,0.0769381307306434,0.0979956419360539,0.112012440697407,0.114181395089851,
0.131309206530694,0.153487702833513,0.17557930959781,0.190157369881714,0.19297306437455,
0.205600546728697,0.218600707211518,0.232618666185088,0.247294324018469,0.26283887600673,
0.278587306469456,0.295433791791083,0.30643686649893,0.313179296698467,0.332618568790612,
0.352815723685183,0.383225943146332,0.415372730922141,0.449224231578162,0.473097502464038,
0.476714606168231,0.505562118343205,0.536621804988849,0.568521057750035,0.602559323751286,
0.637918799075212,0.675022321051526,0.684358846652828,0.712562992535987,0.75133426559433,
0.790903029690429,0.831700375510079,0.872964085525971,0.891937411919364,0.915231018209175,
0.957726828585242,0.991330227582463,1.),
.UNSPECIFIED.);
#3391=VERTEX_POINT('',#4861);
#3392=B_SPLINE_CURVE_WITH_KNOTS('',3,
(#4862,#4863,#4864,#4865,#4866,#4867,#4868,#4869,#4870,#4871,#4872,#4873,#4874,#4875,
#4876,#4877,#4878,#4879,#4880,#4881,#4882,#4883,#4884,#4885,#4886,#4887,#4888,#4889,
#4890,#4891,#4892,#4893,#4894,#4895,#4896,#4897,#4898,#4899,#4900,#4901,#4902,#4903,
#4904,#4905,#4906,#4907,#4908,#4909,#4910,#4911,#4912,#4913,#4914,#4915,#4916,#4917,
#4918,#4919,#4920,#4921),
.UNSPECIFIED.,.F.,.F.,
(4,1,1,1,1,1,1,1,1,1,1,1,1,1,1,1,1,1,1,1,1,1,1,1,1,1,1,1,1,1,1,1,1,1,1,1,1,1,1,1,
1,1,1,1,1,1,1,1,1,1,1,1,1,1,1,1,1,4),
(0.,0.00880952844486135,0.0233821376823102,0.0317126153917861,0.0443007155714668,
0.0593046060343775,0.0687276819994067,0.0696275236591565,0.0765694305657245,0.0835856788411478,
0.0935145722070748,0.103816092389643,0.114492511486668,0.123250048444178,0.127214144758395,
0.132553272999971,0.142794926879118,0.15342459033002,0.16507346883893,0.177360001165936,
0.190522522570728,0.20390646821576,0.216420073155614,0.21837697660311,0.233698325896183,
0.250534842983353,0.268076820800167,0.287477734450937,0.308055480855554,0.330230928797467,
0.352858949410683,0.360782929757504,0.376833955417802,0.401678488701556,0.427804253853497,
0.454328291669742,0.481788748592861,0.509752732917706,0.538368152494736,0.556884256196386,
0.567115964431655,0.596095518351767,0.625205668386503,0.654446939376713,0.683701609323695,
0.712931576037247,0.742116881243814,0.743484158803826,0.771308499903489,0.800606751375073,
0.829848833009208,0.858986088932854,0.887840696062577,0.912924937074679,0.916488397614988,
0.944692712028136,0.972546308611542,1.),
.UNSPECIFIED.);
#3393=VERTEX_POINT('',#4922);
#3394=B_SPLINE_CURVE_WITH_KNOTS('',3,
(#4923,#4924,#4925,#4926,#4927,#4928,#4929,#4930,#4931,#4932,#4933,#4934,#4935,#4936,
#4937,#4938,#4939,#4940,#4941,#4942,#4943,#4944,#4945,#4946,#4947,#4948,#4949,#4950,
#4951,#4952,#4953,#4954,#4955,#4956,#4957,#4958,#4959,#4960,#4961,#4962,#4963,#4964,
#4965,#4966,#4967,#4968,#4969,#4970,#4971,#4972),
.UNSPECIFIED.,.F.,.F.,
(4,1,1,1,1,1,1,1,1,1,1,1,1,1,1,1,1,1,1,1,1,1,1,1,1,1,1,1,1,1,1,1,1,1,1,1,1,1,1,1,
1,1,1,1,1,1,1,4),
(0.,0.0119303615027592,0.033270434495324,0.0417524465616797,0.0656075649143558,0.091224117128904,
0.0914557519052116,0.109714693497878,0.12532285645591,0.140459048044122,0.155124963583514,
0.163254934941464,0.167184522368524,0.180010567337136,0.19415961255573,0.208868970666088,
0.225051399091745,0.232717059086032,0.24214516520365,0.260523235965144,0.27926355596228,
0.299436811710945,0.306995467911008,0.320733740095897,0.343888133362919,0.367798192414778,
0.393452562249044,0.420100491360005,0.448005389742729,0.463857181691363,0.476183283559021,
0.505517480006695,0.535714229798794,0.567336513898284,0.599537261892097,0.633076391290087,
0.64112173408065,0.667387093512752,0.702678957602736,0.738176458620753,0.774301522058438,
0.79416829265666,0.810850518458829,0.860666283187294,0.910948956890121,0.940845640197723,
0.961666599455325,1.),
.UNSPECIFIED.);
#3395=VERTEX_POINT('',#4973);
#3396=B_SPLINE_CURVE_WITH_KNOTS('',3,
(#4974,#4975,#4976,#4977,#4978,#4979,#4980,#4981,#4982,#4983,#4984,#4985,#4986,#4987,
#4988,#4989,#4990,#4991,#4992,#4993,#4994,#4995,#4996,#4997,#4998,#4999,#5000,#5001,
#5002,#5003,#5004,#5005,#5006,#5007,#5008,#5009,#5010,#5011,#5012,#5013,#5014,#5015,
#5016,#5017,#5018,#5019,#5020),
.UNSPECIFIED.,.F.,.F.,
(4,1,1,1,1,1,1,1,1,1,1,1,1,1,1,1,1,1,1,1,1,1,1,1,1,1,1,1,1,1,1,1,1,1,1,1,1,1,1,1,
1,1,1,1,4),
(0.,0.0196432368850593,0.0399657900681639,0.0701603464372956,0.0706656553860562,
0.0920977394077217,0.109984098523042,0.127491369940944,0.14462253638444,0.158927631611104,
0.159944236659842,0.174276807598825,0.191435432381956,0.209356645388454,0.229293488529363,
0.250492907254014,0.273423936377235,0.296766946692428,0.321589883124242,0.328274658264493,
0.347466136197769,0.375031908390474,0.403248908610921,0.432901343373863,0.463403004115554,
0.494710482238328,0.525926862721799,0.557319391030736,0.588913083008586,0.620804745689196,
0.625842161805497,0.652665138835353,0.684452208190172,0.71632693197761,0.748346097262291,
0.78017809081055,0.811901479991642,0.843588755723605,0.874938410630701,0.887711801745239,
0.906347073122885,0.937586452110136,0.968841539420389,0.980885539894332,1.),
.UNSPECIFIED.);
#3397=LINE('',#5021,#5022);
#3398=VERTEX_POINT('',#5024);
#3399=VERTEX_POINT('',#5025);
#3400=CIRCLE('',#5026,0.999999999999999);
#3401=VERTEX_POINT('',#5030);
#3402=LINE('',#5031,#5032);
#3403=VERTEX_POINT('',#5034);
#3404=CIRCLE('',#5035,1.);
#3405=VERTEX_POINT('',#5039);
#3406=B_SPLINE_CURVE_WITH_KNOTS('',3,
(#5040,#5041,#5042,#5043,#5044,#5045,#5046,#5047,#5048,#5049,#5050,#5051,#5052,#5053,
#5054,#5055,#5056,#5057,#5058,#5059,#5060,#5061,#5062,#5063,#5064,#5065,#5066,#5067,
#5068,#5069,#5070,#5071,#5072,#5073,#5074,#5075,#5076,#5077,#5078,#5079,#5080,#5081,
#5082,#5083,#5084,#5085,#5086,#5087,#5088),
.UNSPECIFIED.,.F.,.F.,
(4,1,1,1,1,1,1,1,1,1,1,1,1,1,1,1,1,1,1,1,1,1,1,1,1,1,1,1,1,1,1,1,1,1,1,1,1,1,1,1,
1,1,1,1,1,1,4),
(0.,0.0182121034376869,0.0363096998578456,0.054312891258789,0.0701860142118651,0.0722468702116124,
0.0901039705225287,0.108074879433569,0.126157648721725,0.144530252442478,0.163026472608311,
0.182375008081723,0.202514245290128,0.207512986686589,0.224005822290303,0.246165460941849,
0.269856975592307,0.294529190694997,0.320587404707746,0.346881340821033,0.373787028058878,
0.392759590060483,0.400945259077144,0.428483280609822,0.456031610464651,0.484018256677899,
0.512370703035957,0.541189023481532,0.570152152894151,0.588955766486442,0.599352755407116,
0.628705193177566,0.658207100788174,0.687767056359554,0.717233577409876,0.746581548102265,
0.775704416793174,0.804710407368193,0.813606392014198,0.833358456861811,0.861745229314157,
0.88974818965799,0.917602128983658,0.945196596739334,0.972659661873246,0.976994951726562,
1.),
.UNSPECIFIED.);
#3407=VERTEX_POINT('',#5089);
#3408=B_SPLINE_CURVE_WITH_KNOTS('',3,
(#5090,#5091,#5092,#5093,#5094,#5095,#5096,#5097,#5098,#5099,#5100,#5101,#5102,#5103,
#5104,#5105,#5106,#5107,#5108,#5109,#5110,#5111,#5112,#5113,#5114,#5115,#5116,#5117,
#5118,#5119,#5120,#5121,#5122,#5123,#5124,#5125,#5126,#5127,#5128,#5129,#5130,#5131,
#5132,#5133,#5134,#5135,#5136,#5137,#5138,#5139,#5140,#5141,#5142,#5143,#5144,#5145,
#5146,#5147,#5148,#5149,#5150,#5151,#5152,#5153),
.UNSPECIFIED.,.F.,.F.,
(4,1,1,1,1,1,1,1,1,1,1,1,1,1,1,1,1,1,1,1,1,1,1,1,1,1,1,1,1,1,1,1,1,1,1,1,1,1,1,1,
1,1,1,1,1,1,1,1,1,1,1,1,1,1,1,1,1,1,1,1,1,4),
(0.,0.0140635752768859,0.027535355419275,0.0484032468032852,0.0502019048430047,0.0626144847086216,
0.073915096909937,0.0847959145183429,0.0952335300080132,0.10372138261607,0.108484385994598,
0.112677588626251,0.122449741489709,0.132573652370711,0.147660862072256,0.167830020710509,
0.188765180821543,0.189491642788124,0.207939876985977,0.223188773400217,0.238901440244798,
0.255605956233269,0.272898687541587,0.290992270016305,0.307352316979556,0.309276296453617,
0.328493844017586,0.348474536509279,0.369703922083154,0.391437379587592,0.414402977031715,
0.438094090486548,0.458731937413391,0.462795179609481,0.487757024048737,0.513313390072872,
0.539187325045782,0.565446758372672,0.582918572735968,0.591758143745252,0.618010099397695,
0.644160146113924,0.678485552813586,0.700513694330421,0.712006997409655,0.744715732569557,
0.767906936015556,0.790684157471753,0.812434067295795,0.826863704382859,0.833574865470072,
0.853897689829249,0.874007679140826,0.893407109448442,0.912334855251729,0.930372098579628,
0.939200852590448,0.947803573721919,0.964862466659997,0.98218106153683,0.997589719488734,
1.),
.UNSPECIFIED.);
#3409=VERTEX_POINT('',#5154);
#3410=B_SPLINE_CURVE_WITH_KNOTS('',3,
(#5155,#5156,#5157,#5158,#5159,#5160,#5161,#5162,#5163,#5164,#5165,#5166,#5167,#5168,
#5169,#5170,#5171,#5172,#5173,#5174,#5175,#5176,#5177,#5178,#5179,#5180,#5181,#5182,
#5183,#5184,#5185,#5186,#5187,#5188,#5189,#5190,#5191,#5192,#5193,#5194,#5195,#5196,
#5197,#5198,#5199,#5200,#5201,#5202,#5203,#5204,#5205,#5206,#5207,#5208,#5209,#5210,
#5211,#5212,#5213,#5214,#5215,#5216,#5217,#5218,#5219,#5220,#5221,#5222,#5223,#5224,
#5225,#5226,#5227,#5228,#5229,#5230,#5231,#5232,#5233,#5234,#5235,#5236,#5237,#5238,
#5239),
.UNSPECIFIED.,.F.,.F.,
(4,1,1,1,1,1,1,1,1,1,1,1,1,1,1,1,1,1,1,1,1,1,1,1,1,1,1,1,1,1,1,1,1,1,1,1,1,1,1,1,
1,1,1,1,1,1,1,1,1,1,1,1,1,1,1,1,1,1,1,1,1,1,1,1,1,1,1,1,1,1,1,1,1,1,1,1,1,1,1,1,
1,1,4),
(0.,0.00415655076788369,0.00837412697655609,0.012652958891315,0.0142086477435192,
0.0170563590135116,0.0215209703174055,0.0278119507689935,0.0342934711559203,0.0409713962767059,
0.0463059683622156,0.0496560024364287,0.051864034265028,0.0578242425686391,0.0639789238475093,
0.0706029986193866,0.0775007074228554,0.0847611024210345,0.092120905833741,0.0998033662518671,
0.106469473659614,0.107690307305029,0.115969934644855,0.124420146045152,0.13331585237277,
0.142523158977672,0.152133065910692,0.16183865703728,0.171802270503646,0.181936248764695,
0.182623479828016,0.192424796944103,0.203062178395339,0.214177717007271,0.22561753871565,
0.235782313206561,0.237536468890695,0.249615719584835,0.262405615946596,0.275763638789933,
0.287202764579307,0.290099264474946,0.304862526596589,0.320674369661916,0.337117901856113,
0.349210329979101,0.354388345767988,0.371841884908196,0.390113865875877,0.409009570773833,
0.421868644283241,0.428914772060459,0.449199557678785,0.470446314389214,0.492271018691407,
0.514863017465644,0.520556063530545,0.537639289301808,0.56082051618828,0.584207352483748,
0.60787815250398,0.619309569512319,0.631610249574362,0.663179365736459,0.70224706034893,
0.717428369286179,0.740581398393236,0.770448465721659,0.791718489292504,0.812610459937736,
0.828658786129914,0.832479766067313,0.851705246889814,0.869993876061672,0.887976294653242,
0.905026897679231,0.921470475608065,0.937232985335984,0.944947460744818,0.952908230462134,
0.968473723834879,0.984153353779532,1.),
.UNSPECIFIED.);
#3411=VERTEX_POINT('',#5240);
#3412=B_SPLINE_CURVE_WITH_KNOTS('',3,
(#5241,#5242,#5243,#5244,#5245,#5246,#5247,#5248,#5249,#5250,#5251,#5252,#5253,#5254,
#5255,#5256,#5257,#5258,#5259,#5260,#5261,#5262,#5263,#5264,#5265,#5266,#5267,#5268,
#5269,#5270,#5271,#5272,#5273,#5274,#5275,#5276,#5277,#5278,#5279,#5280,#5281,#5282,
#5283,#5284,#5285,#5286,#5287,#5288,#5289,#5290,#5291,#5292,#5293,#5294,#5295),
.UNSPECIFIED.,.F.,.F.,
(4,1,1,1,1,1,1,1,1,1,1,1,1,1,1,1,1,1,1,1,1,1,1,1,1,1,1,1,1,1,1,1,1,1,1,1,1,1,1,1,
1,1,1,1,1,1,1,1,1,1,1,1,4),
(0.,0.0211351547989416,0.0439749607565713,0.0751414550756999,0.0830212446647156,
0.11573809562873,0.140287325540378,0.159123739653962,0.161982067155209,0.174572889715235,
0.190909719230365,0.208743967252051,0.227207742851477,0.254368435924671,0.282574200214522,
0.311796808705329,0.317762811856191,0.334673954848662,0.358164528980333,0.382668514424561,
0.40757337468884,0.442354189936426,0.477770930960388,0.509987474710182,0.513806466651953,
0.541002198694089,0.568187710962185,0.595227060273566,0.62213648849009,0.648500159563645,
0.671099089736217,0.674445318187004,0.699682410330899,0.724621596785854,0.748491267964253,
0.771586131321063,0.791270347089486,0.793391017958385,0.814693104661909,0.834716808032039,
0.8539703791397,0.870074597688724,0.872218895101244,0.890230337446636,0.907475319223797,
0.924188542683348,0.940022741454591,0.942701598479396,0.955376201694193,0.970066329319039,
0.984828130726746,0.992758789875602,1.),
.UNSPECIFIED.);
#3413=VERTEX_POINT('',#5296);
#3414=B_SPLINE_CURVE_WITH_KNOTS('',3,
(#5297,#5298,#5299,#5300,#5301,#5302,#5303,#5304,#5305,#5306,#5307,#5308,#5309,#5310,
#5311,#5312,#5313,#5314,#5315,#5316,#5317,#5318,#5319,#5320,#5321,#5322,#5323,#5324,
#5325,#5326,#5327,#5328,#5329,#5330,#5331,#5332,#5333,#5334,#5335,#5336,#5337,#5338,
#5339,#5340,#5341,#5342,#5343,#5344,#5345,#5346,#5347,#5348,#5349,#5350),
.UNSPECIFIED.,.F.,.F.,
(4,1,1,1,1,1,1,1,1,1,1,1,1,1,1,1,1,1,1,1,1,1,1,1,1,1,1,1,1,1,1,1,1,1,1,1,1,1,1,1,
1,1,1,1,1,1,1,1,1,1,1,4),
(0.,0.00923564107002898,0.0112540216387943,0.0162507381673299,0.020792391230306,
0.0250862444608758,0.0291923456597124,0.0333476232668351,0.0377821107440762,0.0387864790762384,
0.0424331897706893,0.0475302654292119,0.0528452647190672,0.0586641573686895,0.0647681133956354,
0.0712715423030017,0.0757902634052215,0.0779447930764317,0.0864569917303178,0.0965456680119784,
0.11319354979987,0.130580905590218,0.131001602117384,0.150010196857113,0.166590204408621,
0.18464263638754,0.206445114443287,0.216711682500708,0.269985398469169,0.296876190182465,
0.343361065347159,0.40700751906112,0.409865107148575,0.460847219053065,0.495553189634419,
0.528422982326219,0.556185302832175,0.560057944957967,0.592276548187554,0.625943667112772,
0.660454096276095,0.696077507687821,0.731962513878949,0.756197809640384,0.768602380649801,
0.805751372249287,0.843714955963788,0.881999858102163,0.920941335998394,0.934270877067316,
0.960194128748976,1.),
.UNSPECIFIED.);
#3415=VERTEX_POINT('',#5351);
#3416=B_SPLINE_CURVE_WITH_KNOTS('',3,
(#5352,#5353,#5354,#5355,#5356,#5357,#5358,#5359,#5360,#5361,#5362,#5363,#5364,#5365,
#5366,#5367,#5368,#5369,#5370,#5371,#5372,#5373,#5374,#5375,#5376,#5377,#5378,#5379,
#5380,#5381,#5382,#5383,#5384,#5385,#5386,#5387,#5388,#5389,#5390,#5391,#5392,#5393,
#5394,#5395,#5396,#5397,#5398,#5399,#5400,#5401,#5402,#5403,#5404,#5405,#5406,#5407,
#5408,#5409,#5410,#5411,#5412,#5413,#5414,#5415,#5416,#5417,#5418,#5419,#5420,#5421,
#5422,#5423,#5424,#5425),
.UNSPECIFIED.,.F.,.F.,
(4,1,1,1,1,1,1,1,1,1,1,1,1,1,1,1,1,1,1,1,1,1,1,1,1,1,1,1,1,1,1,1,1,1,1,1,1,1,1,1,
1,1,1,1,1,1,1,1,1,1,1,1,1,1,1,1,1,1,1,1,1,1,1,1,1,1,1,1,1,1,1,4),
(0.,0.00451716497938988,0.00909573204748473,0.013520745116,0.0137357622219871,0.0185012467721822,
0.0233291421450581,0.0301056555878047,0.0370706788591625,0.0442324765056328,0.0482334557277243,
0.049945599545275,0.0558982087847197,0.06227579479795,0.0688450508652517,0.0759238828148413,
0.0833069177971751,0.0911051640857159,0.0990153955285477,0.0990725009415233,0.107448241249392,
0.116263340369383,0.12577253606586,0.135587361861249,0.146269044249216,0.157540677800313,
0.160332280892826,0.16965841317744,0.182043342830833,0.195109353608097,0.202363295126513,
0.208609404948962,0.222831195789128,0.237296724385219,0.24200943996549,0.252465888112516,
0.268070726806243,0.284291003879606,0.300704648681281,0.317809960938072,0.33543040514719,
0.337695600989594,0.353919911182091,0.372778844114022,0.392554070123272,0.412878750550569,
0.433945246349665,0.453538359074891,0.455180901542669,0.476984873697348,0.49918435392007,
0.521985502956757,0.52763290062553,0.545005934920601,0.576037805032453,0.581624734454278,
0.636961822995362,0.647940151459136,0.711185636497092,0.744414029247651,0.774877249102569,
0.822751459793366,0.840878015092409,0.852092312632992,0.878785031390509,0.902600603859811,
0.916968326765259,0.926110688274165,0.949931413465234,0.971976707488555,0.974455633646159,
1.),
.UNSPECIFIED.);
#3417=VERTEX_POINT('',#5426);
#3418=B_SPLINE_CURVE_WITH_KNOTS('',3,
(#5427,#5428,#5429,#5430,#5431,#5432,#5433,#5434,#5435,#5436,#5437,#5438,#5439,#5440,
#5441,#5442,#5443,#5444,#5445,#5446,#5447,#5448,#5449,#5450,#5451,#5452,#5453,#5454,
#5455,#5456,#5457,#5458,#5459,#5460,#5461,#5462,#5463,#5464,#5465,#5466,#5467,#5468,
#5469,#5470,#5471,#5472,#5473,#5474,#5475,#5476,#5477,#5478,#5479,#5480,#5481,#5482,
#5483,#5484,#5485,#5486,#5487,#5488,#5489,#5490,#5491,#5492,#5493,#5494,#5495,#5496,
#5497),
.UNSPECIFIED.,.F.,.F.,
(4,1,1,1,1,1,1,1,1,1,1,1,1,1,1,1,1,1,1,1,1,1,1,1,1,1,1,1,1,1,1,1,1,1,1,1,1,1,1,1,
1,1,1,1,1,1,1,1,1,1,1,1,1,1,1,1,1,1,1,1,1,1,1,1,1,1,1,1,4),
(0.,0.00636431210255094,0.011792119827232,0.012054837271043,0.0189683207327378,0.0279958098493624,
0.037023675230133,0.0420633194908521,0.0441632420691269,0.0493522348389414,0.054711580720513,
0.0605508162696927,0.066699210449354,0.0732446364920525,0.079884853772505,0.0879812670144987,
0.0892599085351365,0.0974105416250725,0.112551855229225,0.128466494657944,0.145258310418399,
0.153947148278843,0.158045987895809,0.1703374598298,0.182412631829276,0.194802839420752,
0.208153775079802,0.222134625937082,0.222243704091432,0.237018459370672,0.252193396110699,
0.268650021426555,0.286135069055211,0.303250392030005,0.305299722208225,0.325167727335911,
0.346692088381868,0.369179770295064,0.392905766930009,0.416925070113067,0.422862819293305,
0.441847212834091,0.467363708312616,0.493765367551398,0.520447652248181,0.547709023766462,
0.54832424307854,0.575252403702781,0.603060819112633,0.630836691022979,0.658337964251093,
0.671646363313364,0.685603600593234,0.71243010957787,0.739061833108549,0.765051112289674,
0.790598162125678,0.801034942888649,0.815413174445506,0.839966914950513,0.863600850751772,
0.886534538616754,0.908839021137983,0.913735178046193,0.931147553547167,0.953651486566181,
0.976565276683745,0.982822134296513,1.),
.UNSPECIFIED.);
#3419=VERTEX_POINT('',#5498);
#3420=B_SPLINE_CURVE_WITH_KNOTS('',3,
(#5499,#5500,#5501,#5502,#5503,#5504,#5505,#5506,#5507,#5508,#5509,#5510,#5511,#5512,
#5513,#5514,#5515,#5516,#5517,#5518,#5519,#5520,#5521,#5522,#5523,#5524,#5525,#5526,
#5527,#5528),
.UNSPECIFIED.,.F.,.F.,
(4,1,1,1,1,1,3,1,1,1,1,1,1,1,1,1,1,1,1,1,1,1,1,1,1,4),
(0.,0.0793836956648922,0.11285392368236,0.158690626963739,0.237944422758431,0.271414674537928,
0.317166058850937,0.362029593207972,0.406846809578277,0.442858081870433,0.451599422548166,
0.496115338353369,0.54050626845597,0.584392557956044,0.627943795063626,0.670950305945915,
0.686277799481263,0.713752020217272,0.755861884637703,0.797467257464464,0.837714602986034,
0.876656173977077,0.899737723236849,0.915766924254626,0.95652765590802,1.),
.UNSPECIFIED.);
#3421=VERTEX_POINT('',#5529);
#3422=CIRCLE('',#5530,1.);
#3423=VERTEX_POINT('',#5534);
#3424=LINE('',#5535,#5536);
#3425=VERTEX_POINT('',#5538);
#3426=CIRCLE('',#5539,1.);
#3427=VERTEX_POINT('',#5543);
#3428=B_SPLINE_CURVE_WITH_KNOTS('',3,
(#5544,#5545,#5546,#5547,#5548,#5549,#5550,#5551,#5552,#5553,#5554,#5555,#5556,#5557,
#5558,#5559,#5560,#5561,#5562,#5563,#5564,#5565,#5566,#5567,#5568,#5569,#5570,#5571,
#5572,#5573,#5574,#5575,#5576,#5577,#5578,#5579,#5580,#5581,#5582,#5583,#5584),
.UNSPECIFIED.,.F.,.F.,
(4,1,1,1,1,1,1,1,1,1,1,1,1,1,1,1,1,1,1,1,1,1,1,1,1,1,1,1,1,1,1,1,1,1,1,1,1,1,4),
(0.,0.0180861576925935,0.0366546053425861,0.0556853471245707,0.0674409080132911,
0.0754703226253587,0.0956535363272555,0.116706179720666,0.138292527794004,0.160573798125841,
0.18302504063131,0.206175380705131,0.227666339158536,0.229798411132482,0.254213416877433,
0.278860400275079,0.304535076398992,0.33090455208416,0.358270700036332,0.385978576576372,
0.414428323060028,0.431011776164117,0.443311569697063,0.482637817769805,0.538555894501039,
0.610232438444885,0.631866549017268,0.674496523991677,0.724741458850105,0.757986534661172,
0.787422319701173,0.81280784548114,0.837954917278432,0.84736733926321,0.864874695310508,
0.89379700863955,0.939512337435273,0.987614957250205,1.),
.UNSPECIFIED.);
#3429=VERTEX_POINT('',#5585);
#3430=B_SPLINE_CURVE_WITH_KNOTS('',3,
(#5586,#5587,#5588,#5589,#5590,#5591,#5592,#5593,#5594,#5595,#5596,#5597,#5598,#5599,
#5600,#5601,#5602,#5603,#5604,#5605,#5606,#5607,#5608,#5609,#5610,#5611,#5612,#5613,
#5614,#5615,#5616,#5617,#5618,#5619,#5620,#5621,#5622,#5623,#5624,#5625,#5626,#5627,
#5628,#5629,#5630,#5631,#5632,#5633,#5634,#5635,#5636,#5637),
.UNSPECIFIED.,.F.,.F.,
(4,1,1,1,1,1,1,1,1,1,1,1,1,1,1,1,1,1,1,1,1,1,1,1,1,1,1,1,1,1,1,1,1,1,1,1,1,1,1,1,
1,1,1,1,1,1,1,1,1,4),
(0.,0.0146800669113702,0.0394680291144412,0.0524302885096086,0.0750118883398943,
0.100792754099021,0.111139154510097,0.118779424009487,0.131183415634765,0.143836771145522,
0.157309093933878,0.171347335439775,0.186255721721384,0.197569970979043,0.201467920614116,
0.21784338436113,0.235058985178396,0.260279614674609,0.286935155169663,0.315025526204666,
0.33759901928029,0.344475778811019,0.360434398712123,0.384162723222845,0.408525085243564,
0.43388871876681,0.459636890856068,0.486282433972216,0.513442721058787,0.522412452552985,
0.541244811716033,0.569173991957844,0.597453035866246,0.625954307575946,0.654795346851061,
0.663766316341433,0.683752800278533,0.712852852491014,0.741989739859708,0.752335938741841,
0.780770046479287,0.819407549042539,0.836170002937066,0.857945989478438,0.886625453480276,
0.915195259650518,0.943570248656542,0.94573125340342,0.972005280247199,1.),
.UNSPECIFIED.);
#3431=VERTEX_POINT('',#5638);
#3432=B_SPLINE_CURVE_WITH_KNOTS('',3,
(#5639,#5640,#5641,#5642,#5643,#5644,#5645,#5646,#5647,#5648,#5649,#5650,#5651,#5652,
#5653,#5654,#5655,#5656,#5657,#5658,#5659,#5660,#5661,#5662,#5663,#5664,#5665,#5666,
#5667,#5668,#5669,#5670,#5671,#5672,#5673,#5674,#5675,#5676,#5677,#5678,#5679,#5680,
#5681,#5682,#5683,#5684,#5685,#5686,#5687,#5688,#5689,#5690,#5691,#5692,#5693,#5694,
#5695,#5696,#5697,#5698,#5699,#5700,#5701,#5702,#5703,#5704,#5705,#5706,#5707,#5708,
#5709),
.UNSPECIFIED.,.F.,.F.,
(4,1,1,1,1,1,1,1,1,1,1,1,1,1,1,1,1,1,1,1,1,1,1,1,1,1,1,1,1,1,1,1,1,1,1,1,1,1,1,1,
1,1,1,1,1,1,1,1,1,1,1,1,1,1,1,1,1,1,1,1,1,1,1,1,1,1,1,1,4),
(0.,0.0140636690350042,0.0164527986559544,0.0315506855935231,0.0428324515090042,
0.0474504729740838,0.0509666239580898,0.0568068501093202,0.0628186520862932,0.0692833887511093,
0.0760408875808837,0.0831794640701336,0.0900357644742137,0.0904145912205512,0.0980612351540432,
0.106017847814394,0.114497448029006,0.123190196526953,0.132401943808623,0.141910128605723,
0.151774570694525,0.154941224191188,0.161723616415001,0.172283636293554,0.183353221178777,
0.19532946876243,0.207718364097537,0.214013177229926,0.221162125851575,0.235249821440415,
0.250249367425974,0.256068013036837,0.265508221928132,0.281709177909362,0.298578152932596,
0.316573105331367,0.332266875092085,0.335016618393447,0.354479067694492,0.374521728676088,
0.402277698058837,0.409416949252318,0.430604556274542,0.459504760695927,0.48223073701901,
0.485861549496586,0.505303640371536,0.529209186278873,0.55360497553273,0.587092653487111,
0.588018132684461,0.621029085638559,0.655440212115489,0.681814383594067,0.682297926122836,
0.708303719784504,0.734975406017885,0.761705373368107,0.78846034917241,0.793746432649508,
0.815168462278506,0.841751662692102,0.868259258953085,0.894667504010271,0.921055607063128,
0.930968330479493,0.947406533513136,0.973739406989292,1.),
.UNSPECIFIED.);
#3433=VERTEX_POINT('',#5710);
#3434=B_SPLINE_CURVE_WITH_KNOTS('',3,
(#5711,#5712,#5713,#5714,#5715,#5716,#5717,#5718,#5719,#5720,#5721,#5722,#5723,#5724,
#5725,#5726,#5727,#5728,#5729,#5730,#5731,#5732,#5733,#5734,#5735,#5736,#5737,#5738,
#5739,#5740,#5741,#5742,#5743,#5744,#5745,#5746,#5747,#5748,#5749,#5750,#5751,#5752,
#5753,#5754,#5755,#5756,#5757,#5758,#5759,#5760,#5761,#5762,#5763,#5764,#5765,#5766,
#5767),
.UNSPECIFIED.,.F.,.F.,
(4,1,1,1,1,1,1,1,1,1,1,1,1,1,1,1,1,1,1,1,1,1,1,1,1,1,1,1,1,1,1,1,1,1,1,1,1,1,1,1,
1,1,1,1,1,1,1,1,1,1,1,1,1,1,4),
(0.,0.016784866330113,0.0462773111400648,0.0608493629334427,0.0823163106589201,0.108100894041022,
0.120266595840847,0.124744097564075,0.140318998814615,0.155081695404271,0.170097324405803,
0.185877669099419,0.187183225595278,0.202167625272694,0.219238299564344,0.236580194963672,
0.255049554362054,0.274363395962637,0.295075919789222,0.300650652621888,0.316341164956006,
0.338916929828994,0.362266189211289,0.386606613812013,0.411157277090092,0.432297833544967,
0.436368420365085,0.46202245588351,0.488332560272805,0.514853574922499,0.541779083504791,
0.556900565450571,0.568890050727002,0.596189776371501,0.623496576080639,0.650619237111251,
0.657103293129424,0.677555591299417,0.704131438411218,0.727912108357467,0.730523171374109,
0.756500197375315,0.78222226996439,0.80749493821003,0.814886332453376,0.832559618797638,
0.857080992213011,0.881347338329514,0.905309141146083,0.905468734454075,0.92962383908031,
0.953519623952864,0.976099111592994,0.97703656350634,1.),
.UNSPECIFIED.);
#3435=VERTEX_POINT('',#5768);
#3436=B_SPLINE_CURVE_WITH_KNOTS('',3,
(#5769,#5770,#5771,#5772,#5773,#5774,#5775,#5776,#5777,#5778,#5779,#5780,#5781,#5782,
#5783,#5784,#5785,#5786,#5787,#5788,#5789,#5790,#5791,#5792,#5793,#5794,#5795,#5796,
#5797,#5798,#5799,#5800,#5801,#5802,#5803,#5804,#5805,#5806,#5807,#5808,#5809,#5810,
#5811,#5812,#5813,#5814,#5815,#5816,#5817,#5818,#5819,#5820,#5821,#5822,#5823,#5824,
#5825,#5826,#5827),
.UNSPECIFIED.,.F.,.F.,
(4,1,1,1,1,1,1,1,1,1,1,1,1,1,1,1,1,1,1,1,1,1,1,1,1,1,1,1,1,1,1,1,1,1,1,1,1,1,1,1,
1,1,1,1,1,1,1,1,1,1,1,1,1,1,1,1,4),
(0.,0.0114231122178962,0.0224211171977404,0.0394840052408811,0.0407911119183828,
0.0511859909347125,0.0585170011785921,0.0654380508702291,0.0720852690424847,0.0788608096303908,
0.0836709575381643,0.0862441064493723,0.0941095212286362,0.102787024931674,0.111775278849048,
0.121629034939698,0.132022068423197,0.143141218389212,0.144420699602009,0.154491306408718,
0.166828325975577,0.179927953711983,0.194317865483674,0.209232269028557,0.222434613210703,
0.231388686838179,0.25461137660946,0.278891568018973,0.298511108808441,0.31190871711552,
0.319124380867925,0.341409910285203,0.364381509203833,0.38907247221807,0.407356480800972,
0.414795753016694,0.441939307840044,0.469477096053108,0.498403382590288,0.527027722583231,
0.528322205931886,0.559839655018407,0.591941644792807,0.625506302786157,0.659926637818008,
0.665938528904027,0.695471189468569,0.731277531129937,0.767890948885805,0.805037457810945,
0.815259675726645,0.843047297657053,0.881407073521494,0.920494909212211,0.948637411142986,
0.960026689165673,1.),
.UNSPECIFIED.);
#3437=VERTEX_POINT('',#5828);
#3438=B_SPLINE_CURVE_WITH_KNOTS('',3,
(#5829,#5830,#5831,#5832,#5833,#5834,#5835,#5836,#5837,#5838,#5839,#5840,#5841,#5842,
#5843,#5844,#5845,#5846,#5847,#5848,#5849,#5850,#5851,#5852,#5853,#5854,#5855,#5856,
#5857,#5858,#5859,#5860,#5861,#5862,#5863,#5864,#5865,#5866,#5867,#5868,#5869,#5870,
#5871,#5872,#5873,#5874,#5875,#5876,#5877,#5878,#5879,#5880,#5881,#5882,#5883,#5884),
.UNSPECIFIED.,.F.,.F.,
(4,1,1,1,1,1,1,1,1,1,1,1,1,1,1,1,1,1,1,1,1,1,1,1,1,1,1,1,1,1,1,1,1,1,1,1,1,1,1,1,
1,1,1,1,1,1,1,1,1,1,1,1,1,4),
(0.,0.0142268476441445,0.0295372758621232,0.0508067026902933,0.0574818525739522,
0.0791312442935133,0.0945938314117748,0.105716332414949,0.107702718000625,0.117210752999611,
0.130125358058264,0.144102085668895,0.161547447583734,0.18137569543398,0.186679614162058,
0.204842646767806,0.22964622385645,0.268569693851038,0.304924893468133,0.310207298043535,
0.354550300819514,0.401153815230441,0.434398697503604,0.448002654440183,0.495073183657,
0.528885400190904,0.531597488505697,0.561597367093266,0.592323849480854,0.622147689752073,
0.636971607335483,0.649852710636999,0.6763307048849,0.701373334183024,0.726188685138258,
0.726313345057927,0.749985479974827,0.773000683493996,0.794698540095582,0.80225160809017,
0.815850642051176,0.835711412151739,0.8548283048607,0.87294684795285,0.87759928529416,
0.890824505306145,0.907932643518345,0.924519554917514,0.940317572043778,0.951465602216066,
0.955839948034495,0.970838272431899,0.985595197966833,1.),
.UNSPECIFIED.);
#3439=VERTEX_POINT('',#5885);
#3440=B_SPLINE_CURVE_WITH_KNOTS('',3,
(#5886,#5887,#5888,#5889,#5890,#5891,#5892,#5893,#5894,#5895,#5896,#5897,#5898,#5899,
#5900,#5901,#5902,#5903,#5904,#5905,#5906,#5907,#5908,#5909,#5910,#5911,#5912,#5913,
#5914,#5915,#5916,#5917,#5918,#5919,#5920,#5921,#5922,#5923,#5924,#5925,#5926,#5927,
#5928,#5929,#5930,#5931,#5932,#5933,#5934,#5935,#5936,#5937,#5938,#5939,#5940,#5941,
#5942,#5943,#5944),
.UNSPECIFIED.,.F.,.F.,
(4,1,1,1,1,1,1,1,1,1,1,1,1,1,1,1,1,1,1,1,1,1,1,1,1,1,1,1,1,1,1,1,1,1,1,1,1,1,1,1,
1,1,1,1,1,1,1,1,1,1,1,1,1,1,1,1,4),
(0.,0.0109603387864405,0.0215159614723967,0.0378929079539012,0.0391460507346365,
0.0491222795951928,0.0561520270669402,0.0627838364738447,0.0691421021347578,0.0756116931400586,
0.0802500373758542,0.082652743235607,0.0901567909949881,0.0984675402984953,0.107091888846984,
0.116581085022507,0.126640905354551,0.137424055370748,0.138382337809493,0.148309165380563,
0.160136346916914,0.172760082148232,0.186765805459502,0.201367639395579,0.211245973816813,
0.217443320160756,0.234411279951904,0.252639175750155,0.271225916619308,0.291233013353023,
0.31229464317966,0.313499777399453,0.335116000218083,0.358646586526194,0.383944456205461,
0.410311986507297,0.438104694189594,0.459115416094496,0.466265127505467,0.495716312364332,
0.526086864153465,0.557968611750662,0.590428005540306,0.613757344048425,0.624330584933188,
0.659102678231324,0.694948665895632,0.73100102873668,0.767786551483359,0.781422388227103,
0.805089608578665,0.843228360887683,0.881712301396013,0.920803158402116,0.938229996582987,
0.960223786634273,1.),
.UNSPECIFIED.);
#3441=B_SPLINE_CURVE_WITH_KNOTS('',3,
(#5945,#5946,#5947,#5948,#5949,#5950,#5951,#5952,#5953,#5954,#5955,#5956,#5957,#5958,
#5959,#5960,#5961,#5962,#5963,#5964,#5965,#5966,#5967,#5968),
.UNSPECIFIED.,.F.,.F.,
(4,1,1,1,1,1,1,1,1,1,1,1,1,1,1,1,1,1,1,1,1,4),
(0.,0.0605143237605102,0.121602236117061,0.121655494146812,0.183198208064236,0.245440877586458,
0.308002167900547,0.364545729754737,0.371058766693284,0.434484987986488,0.498227789811303,
0.561984194633229,0.599385990648729,0.625546909443431,0.688831606030838,0.751799275538184,
0.814555786540811,0.826423246663815,0.87682923326799,0.93866833654631,0.969631270171776,
1.),
.UNSPECIFIED.);
#3442=VERTEX_POINT('',#5969);
#3443=VERTEX_POINT('',#5970);
#3444=LINE('',#5971,#5972);
#3445=LINE('',#5974,#5975);
#3446=LINE('',#5977,#5978);
#3447=VERTEX_POINT('',#5980);
#3448=LINE('',#5981,#5982);
#3449=LINE('',#5984,#5985);
#3450=VERTEX_POINT('',#5987);
#3451=LINE('',#5988,#5989);
#3452=LINE('',#5991,#5992);
#3453=VERTEX_POINT('',#5994);
#3454=LINE('',#5995,#5996);
#3455=LINE('',#5998,#5999);
#3456=VERTEX_POINT('',#6001);
#3457=LINE('',#6002,#6003);
#3458=LINE('',#6005,#6006);
#3459=LINE('',#6008,#6009);
#3460=VERTEX_POINT('',#6011);
#3461=VERTEX_POINT('',#6012);
#3462=B_SPLINE_CURVE_WITH_KNOTS('',3,
(#6013,#6014,#6015,#6016,#6017,#6018,#6019,#6020,#6021,#6022),
.UNSPECIFIED.,.F.,.F.,
(4,2,2,2,4),
(0.,0.354828215240773,0.676986151105081,0.982030115975332,1.),
.UNSPECIFIED.);
#3463=VERTEX_POINT('',#6023);
#3464=B_SPLINE_CURVE_WITH_KNOTS('',3,
(#6024,#6025,#6026,#6027,#6028,#6029,#6030,#6031,#6032,#6033,#6034,#6035,#6036,#6037),
.UNSPECIFIED.,.F.,.F.,
(4,2,2,2,2,2,4),
(0.,0.137092351534962,0.28524306680222,0.450934165542498,0.641362659082969,0.864894851184927,
1.),
.UNSPECIFIED.);
#3465=VERTEX_POINT('',#6038);
#3466=B_SPLINE_CURVE_WITH_KNOTS('',3,
(#6039,#6040,#6041,#6042,#6043,#6044,#6045,#6046,#6047,#6048,#6049,#6050,#6051,#6052,
#6053,#6054),
.UNSPECIFIED.,.F.,.F.,
(4,2,2,2,2,2,2,4),
(0.,0.203609225829209,0.379295191683746,0.535899289866161,0.680946637110314,0.821121017537414,
0.962640982360938,1.),
.UNSPECIFIED.);
#3467=VERTEX_POINT('',#6055);
#3468=B_SPLINE_CURVE_WITH_KNOTS('',3,
(#6056,#6057,#6058,#6059,#6060,#6061,#6062,#6063,#6064,#6065,#6066,#6067,#6068,#6069,
#6070,#6071),
.UNSPECIFIED.,.F.,.F.,
(4,2,2,2,2,2,2,4),
(0.,0.131826709759779,0.265638587962304,0.407144986806675,0.562275784933367,0.737527789878794,
0.94036257649924,1.),
.UNSPECIFIED.);
#3469=VERTEX_POINT('',#6072);
#3470=B_SPLINE_CURVE_WITH_KNOTS('',3,
(#6073,#6074,#6075,#6076,#6077,#6078,#6079,#6080,#6081,#6082,#6083,#6084,#6085,#6086),
.UNSPECIFIED.,.F.,.F.,
(4,2,2,2,2,2,4),
(0.,0.226197444012465,0.417074964620582,0.582616005753234,0.731049059546415,0.869412618269202,
1.),
.UNSPECIFIED.);
#3471=VERTEX_POINT('',#6087);
#3472=B_SPLINE_CURVE_WITH_KNOTS('',3,
(#6088,#6089,#6090,#6091,#6092,#6093,#6094,#6095,#6096,#6097,#6098,#6099,#6100,#6101,
#6102,#6103),
.UNSPECIFIED.,.F.,.F.,
(4,2,2,2,2,2,2,4),
(0.,0.148486017549262,0.290549171081203,0.432545025837496,0.580614776726155,0.74101119595412,
0.92045389021571,1.),
.UNSPECIFIED.);
#3473=VERTEX_POINT('',#6104);
#3474=B_SPLINE_CURVE_WITH_KNOTS('',3,
(#6105,#6106,#6107,#6108,#6109,#6110,#6111,#6112,#6113,#6114,#6115,#6116,#6117,#6118),
.UNSPECIFIED.,.F.,.F.,
(4,2,2,2,2,2,4),
(0.,0.24933320843778,0.457851596433539,0.636745948554332,0.795203774076357,0.941049056864335,
1.),
.UNSPECIFIED.);
#3475=VERTEX_POINT('',#6119);
#3476=B_SPLINE_CURVE_WITH_KNOTS('',3,
(#6120,#6121,#6122,#6123,#6124,#6125,#6126,#6127,#6128,#6129),
.UNSPECIFIED.,.F.,.F.,
(4,2,2,2,4),
(0.,0.25981943916135,0.526127090257159,0.810405351972208,1.),
.UNSPECIFIED.);
#3477=VERTEX_POINT('',#6130);
#3478=LINE('',#6131,#6132);
#3479=VERTEX_POINT('',#6134);
#3480=B_SPLINE_CURVE_WITH_KNOTS('',3,
(#6135,#6136,#6137,#6138,#6139,#6140,#6141,#6142,#6143,#6144),
.UNSPECIFIED.,.F.,.F.,
(4,2,2,2,4),
(0.,0.301803785343975,0.56643857022653,0.804314813571755,1.),
.UNSPECIFIED.);
#3481=VERTEX_POINT('',#6145);
#3482=B_SPLINE_CURVE_WITH_KNOTS('',3,
(#6146,#6147,#6148,#6149,#6150,#6151,#6152,#6153,#6154,#6155,#6156,#6157,#6158,#6159),
.UNSPECIFIED.,.F.,.F.,
(4,2,2,2,2,2,4),
(0.,0.165562664110944,0.328909081360597,0.494071633216144,0.665171760142549,0.846721364243858,
1.),
.UNSPECIFIED.);
#3483=VERTEX_POINT('',#6160);
#3484=B_SPLINE_CURVE_WITH_KNOTS('',3,
(#6161,#6162,#6163,#6164,#6165,#6166,#6167,#6168,#6169,#6170,#6171,#6172,#6173,#6174,
#6175,#6176),
.UNSPECIFIED.,.F.,.F.,
(4,2,2,2,2,2,2,4),
(0.,0.16633985624101,0.319200085722241,0.463458600428913,0.603241121898816,0.742264413853238,
0.884136044463432,1.),
.UNSPECIFIED.);
#3485=VERTEX_POINT('',#6177);
#3486=B_SPLINE_CURVE_WITH_KNOTS('',3,
(#6178,#6179,#6180,#6181,#6182,#6183,#6184,#6185,#6186,#6187,#6188,#6189,#6190,#6191,
#6192,#6193,#6194,#6195),
.UNSPECIFIED.,.F.,.F.,
(4,2,2,2,2,2,2,2,4),
(0.,0.0902347823484119,0.18815148459461,0.29690686713473,0.420397499234977,0.563493224721919,
0.732317131047435,0.934589499431026,1.),
.UNSPECIFIED.);
#3487=VERTEX_POINT('',#6196);
#3488=B_SPLINE_CURVE_WITH_KNOTS('',3,
(#6197,#6198,#6199,#6200,#6201,#6202,#6203,#6204,#6205,#6206,#6207,#6208,#6209,#6210,
#6211,#6212),
.UNSPECIFIED.,.F.,.F.,
(4,2,2,2,2,2,2,4),
(0.,0.22956835634845,0.41801098535782,0.575839854606765,0.711083123778912,0.829880830731958,
0.936959646443117,1.),
.UNSPECIFIED.);
#3489=VERTEX_POINT('',#6213);
#3490=B_SPLINE_CURVE_WITH_KNOTS('',3,
(#6214,#6215,#6216,#6217,#6218,#6219,#6220,#6221,#6222,#6223,#6224,#6225,#6226,#6227,
#6228,#6229),
.UNSPECIFIED.,.F.,.F.,
(4,2,2,2,2,2,2,4),
(0.,0.152672709161442,0.298389088814522,0.441156058922122,0.584695827613753,0.732739513406411,
0.889305363278712,1.),
.UNSPECIFIED.);
#3491=VERTEX_POINT('',#6230);
#3492=B_SPLINE_CURVE_WITH_KNOTS('',3,
(#6231,#6232,#6233,#6234,#6235,#6236,#6237,#6238,#6239,#6240,#6241,#6242,#6243,#6244),
.UNSPECIFIED.,.F.,.F.,
(4,2,2,2,2,2,4),
(0.,0.213902539966452,0.406675348840223,0.584876061166042,0.75381712456335,0.918012424614896,
1.),
.UNSPECIFIED.);
#3493=VERTEX_POINT('',#6245);
#3494=B_SPLINE_CURVE_WITH_KNOTS('',3,
(#6246,#6247,#6248,#6249,#6250,#6251,#6252,#6253,#6254,#6255),
.UNSPECIFIED.,.F.,.F.,
(4,2,2,2,4),
(0.,0.317395480403513,0.639188814264454,0.973313046033979,1.),
.UNSPECIFIED.);
#3495=LINE('',#6256,#6257);
#3496=VERTEX_POINT('',#6259);
#3497=VERTEX_POINT('',#6260);
#3498=B_SPLINE_CURVE_WITH_KNOTS('',3,
(#6261,#6262,#6263,#6264,#6265,#6266,#6267,#6268,#6269,#6270,#6271,#6272,#6273,#6274,
#6275,#6276,#6277,#6278),
.UNSPECIFIED.,.F.,.F.,
(4,2,2,2,2,2,2,2,4),
(0.,0.147132104817187,0.2959061974673,0.449818936193712,0.612719023766192,0.789077427086657,
0.98428592021219,0.997748283136562,1.),
.UNSPECIFIED.);
#3499=VERTEX_POINT('',#6279);
#3500=B_SPLINE_CURVE_WITH_KNOTS('',3,
(#6280,#6281,#6282,#6283,#6284,#6285,#6286,#6287,#6288,#6289,#6290,#6291,#6292,#6293),
.UNSPECIFIED.,.F.,.F.,
(4,2,2,2,2,2,4),
(0.,0.207149608532424,0.395074991857245,0.569832750293775,0.736351083916038,0.898849595218093,
1.),
.UNSPECIFIED.);
#3501=VERTEX_POINT('',#6294);
#3502=B_SPLINE_CURVE_WITH_KNOTS('',3,
(#6295,#6296,#6297,#6298,#6299,#6300,#6301,#6302,#6303,#6304,#6305,#6306,#6307,#6308,
#6309,#6310),
.UNSPECIFIED.,.F.,.F.,
(4,2,2,2,2,2,2,4),
(0.,0.0817480904632017,0.249875859005934,0.417947947152553,0.589935586530168,0.770065528921974,
0.963123106050171,1.),
.UNSPECIFIED.);
#3503=VERTEX_POINT('',#6311);
#3504=B_SPLINE_CURVE_WITH_KNOTS('',3,
(#6312,#6313,#6314,#6315,#6316,#6317,#6318,#6319,#6320,#6321,#6322,#6323),
.UNSPECIFIED.,.F.,.F.,
(4,2,2,2,2,4),
(0.,0.216704984125753,0.448767432735808,0.674357661954645,0.903904531577993,1.),
.UNSPECIFIED.);
#3505=VERTEX_POINT('',#6324);
#3506=B_SPLINE_CURVE_WITH_KNOTS('',3,
(#6325,#6326,#6327,#6328,#6329,#6330,#6331,#6332,#6333,#6334,#6335,#6336),
.UNSPECIFIED.,.F.,.F.,
(4,2,2,2,2,4),
(0.,0.235056720472869,0.456702062213617,0.675440587029636,0.901287554753545,1.),
.UNSPECIFIED.);
#3507=VERTEX_POINT('',#6337);
#3508=B_SPLINE_CURVE_WITH_KNOTS('',3,
(#6338,#6339,#6340,#6341,#6342,#6343,#6344,#6345,#6346,#6347,#6348,#6349),
.UNSPECIFIED.,.F.,.F.,
(4,2,2,2,2,4),
(0.,0.270294736726413,0.515283493889544,0.747062503761904,0.976756331044498,1.),
.UNSPECIFIED.);
#3509=VERTEX_POINT('',#6350);
#3510=B_SPLINE_CURVE_WITH_KNOTS('',3,
(#6351,#6352,#6353,#6354,#6355,#6356,#6357,#6358,#6359,#6360),
.UNSPECIFIED.,.F.,.F.,
(4,2,2,2,4),
(0.,0.320492920869376,0.610683599245082,0.88434227811949,1.),
.UNSPECIFIED.);
#3511=VERTEX_POINT('',#6361);
#3512=B_SPLINE_CURVE_WITH_KNOTS('',3,
(#6362,#6363,#6364,#6365,#6366,#6367,#6368,#6369,#6370,#6371),
.UNSPECIFIED.,.F.,.F.,
(4,2,2,2,4),
(0.,0.285063855885912,0.572661540434482,0.875131508753303,1.),
.UNSPECIFIED.);
#3513=VERTEX_POINT('',#6372);
#3514=B_SPLINE_CURVE_WITH_KNOTS('',3,
(#6373,#6374,#6375,#6376,#6377,#6378,#6379,#6380,#6381,#6382,#6383,#6384,#6385,#6386),
.UNSPECIFIED.,.F.,.F.,
(4,2,2,2,2,2,4),
(0.,0.0880970608389155,0.202989170085419,0.351475123808722,0.54228038529668,0.786547687855799,
1.),
.UNSPECIFIED.);
#3515=VERTEX_POINT('',#6387);
#3516=LINE('',#6388,#6389);
#3517=VERTEX_POINT('',#6391);
#3518=LINE('',#6392,#6393);
#3519=VERTEX_POINT('',#6395);
#3520=LINE('',#6396,#6397);
#3521=VERTEX_POINT('',#6399);
#3522=B_SPLINE_CURVE_WITH_KNOTS('',3,
(#6400,#6401,#6402,#6403,#6404,#6405,#6406,#6407,#6408,#6409,#6410,#6411,#6412,#6413,
#6414,#6415,#6416,#6417,#6418,#6419),
.UNSPECIFIED.,.F.,.F.,
(4,2,2,2,2,2,2,2,2,4),
(0.,0.268218508262084,0.472734270208585,0.627095708140148,0.743251185259546,0.83029225448625,
0.895123956355419,0.942973447249508,0.97777187021268,1.),
.UNSPECIFIED.);
#3523=VERTEX_POINT('',#6420);
#3524=B_SPLINE_CURVE_WITH_KNOTS('',3,
(#6421,#6422,#6423,#6424,#6425,#6426,#6427,#6428,#6429,#6430,#6431,#6432),
.UNSPECIFIED.,.F.,.F.,
(4,2,2,2,2,4),
(0.,0.300432507979694,0.557746377537143,0.784583748789052,0.992261402694094,1.),
.UNSPECIFIED.);
#3525=VERTEX_POINT('',#6433);
#3526=B_SPLINE_CURVE_WITH_KNOTS('',3,
(#6434,#6435,#6436,#6437,#6438,#6439,#6440,#6441,#6442,#6443),
.UNSPECIFIED.,.F.,.F.,
(4,2,2,2,4),
(0.,0.245156836904888,0.489355862626895,0.743192789610149,1.),
.UNSPECIFIED.);
#3527=VERTEX_POINT('',#6444);
#3528=B_SPLINE_CURVE_WITH_KNOTS('',3,
(#6445,#6446,#6447,#6448,#6449,#6450,#6451,#6452,#6453,#6454),
.UNSPECIFIED.,.F.,.F.,
(4,2,2,2,4),
(0.,0.30296359884992,0.583886051554259,0.855225160239413,1.),
.UNSPECIFIED.);
#3529=VERTEX_POINT('',#6455);
#3530=B_SPLINE_CURVE_WITH_KNOTS('',3,
(#6456,#6457,#6458,#6459,#6460,#6461,#6462,#6463,#6464,#6465,#6466,#6467,#6468,#6469),
.UNSPECIFIED.,.F.,.F.,
(4,2,2,2,2,2,4),
(0.,0.226979544110451,0.430471343828526,0.62056704143887,0.806418151252092,0.996675111116969,
1.),
.UNSPECIFIED.);
#3531=VERTEX_POINT('',#6470);
#3532=B_SPLINE_CURVE_WITH_KNOTS('',3,
(#6471,#6472,#6473,#6474,#6475,#6476,#6477,#6478,#6479,#6480,#6481,#6482,#6483,#6484,
#6485,#6486),
.UNSPECIFIED.,.F.,.F.,
(4,2,2,2,2,2,2,4),
(0.,0.162351426339366,0.32678012808216,0.500743476212984,0.691881144005016,0.908441870971549,
0.933078631229077,1.),
.UNSPECIFIED.);
#3533=VERTEX_POINT('',#6487);
#3534=B_SPLINE_CURVE_WITH_KNOTS('',3,
(#6488,#6489,#6490,#6491,#6492,#6493,#6494,#6495,#6496,#6497),
.UNSPECIFIED.,.F.,.F.,
(4,2,2,2,4),
(0.,0.358805392514206,0.715932871410197,0.999999996235166,1.),
.UNSPECIFIED.);
#3535=VERTEX_POINT('',#6498);
#3536=B_SPLINE_CURVE_WITH_KNOTS('',3,
(#6499,#6500,#6501,#6502,#6503,#6504,#6505,#6506,#6507,#6508,#6509,#6510),
.UNSPECIFIED.,.F.,.F.,
(4,2,2,2,2,4),
(0.,0.238705879272344,0.456364140186799,0.659891715400509,0.855005762912045,1.),
.UNSPECIFIED.);
#3537=VERTEX_POINT('',#6511);
#3538=B_SPLINE_CURVE_WITH_KNOTS('',3,
(#6512,#6513,#6514,#6515,#6516,#6517,#6518,#6519,#6520,#6521,#6522,#6523,#6524,#6525),
.UNSPECIFIED.,.F.,.F.,
(4,2,2,2,2,2,4),
(0.,0.15493229342814,0.310061031425358,0.469105799643277,0.636040901875992,0.815378444779073,
1.),
.UNSPECIFIED.);
#3539=VERTEX_POINT('',#6526);
#3540=B_SPLINE_CURVE_WITH_KNOTS('',3,
(#6527,#6528,#6529,#6530,#6531,#6532,#6533,#6534,#6535,#6536,#6537,#6538,#6539,#6540),
.UNSPECIFIED.,.F.,.F.,
(4,2,2,2,2,2,4),
(0.,0.207802759510792,0.409396557206498,0.602646034060267,0.792563201412544,0.983842320933655,
1.),
.UNSPECIFIED.);
#3541=VERTEX_POINT('',#6541);
#3542=B_SPLINE_CURVE_WITH_KNOTS('',3,
(#6542,#6543,#6544,#6545,#6546,#6547,#6548,#6549,#6550,#6551,#6552,#6553,#6554,#6555,
#6556,#6557,#6558,#6559,#6560,#6561),
.UNSPECIFIED.,.F.,.F.,
(4,2,2,2,2,2,2,2,2,4),
(0.,0.258037265749666,0.454910391381925,0.605437133942434,0.7209481330155,0.810113680775254,
0.879572519038548,0.934407179987912,0.978499892594015,1.),
.UNSPECIFIED.);
#3543=VERTEX_POINT('',#6562);
#3544=LINE('',#6563,#6564);
#3545=VERTEX_POINT('',#6566);
#3546=LINE('',#6567,#6568);
#3547=VERTEX_POINT('',#6570);
#3548=LINE('',#6571,#6572);
#3549=VERTEX_POINT('',#6574);
#3550=B_SPLINE_CURVE_WITH_KNOTS('',3,
(#6575,#6576,#6577,#6578,#6579,#6580,#6581,#6582,#6583,#6584,#6585,#6586),
.UNSPECIFIED.,.F.,.F.,
(4,2,2,2,2,4),
(0.,0.0266253626246467,0.26183842914925,0.557898079167583,0.931768566278777,1.),
.UNSPECIFIED.);
#3551=VERTEX_POINT('',#6587);
#3552=B_SPLINE_CURVE_WITH_KNOTS('',3,
(#6588,#6589,#6590,#6591),
.UNSPECIFIED.,.F.,.F.,
(4,4),
(0.,1.),
.UNSPECIFIED.);
#3553=VERTEX_POINT('',#6592);
#3554=B_SPLINE_CURVE_WITH_KNOTS('',3,
(#6593,#6594,#6595,#6596),
.UNSPECIFIED.,.F.,.F.,
(4,4),
(0.,1.),
.UNSPECIFIED.);
#3555=VERTEX_POINT('',#6597);
#3556=B_SPLINE_CURVE_WITH_KNOTS('',3,
(#6598,#6599,#6600,#6601,#6602,#6603,#6604,#6605,#6606,#6607,#6608,#6609,#6610,#6611,
#6612,#6613),
.UNSPECIFIED.,.F.,.F.,
(4,2,2,2,2,2,2,4),
(0.,0.280903909427185,0.494327508385451,0.656518403122704,0.779885539887464,0.873910758569029,
0.945845091732019,1.),
.UNSPECIFIED.);
#3557=VERTEX_POINT('',#6614);
#3558=LINE('',#6615,#6616);
#3559=VERTEX_POINT('',#6618);
#3560=LINE('',#6619,#6620);
#3561=VERTEX_POINT('',#6622);
#3562=LINE('',#6623,#6624);
#3563=B_SPLINE_CURVE_WITH_KNOTS('',3,
(#6626,#6627,#6628,#6629,#6630,#6631,#6632,#6633,#6634,#6635,#6636,#6637,#6638,#6639,
#6640,#6641,#6642,#6643,#6644,#6645,#6646,#6647,#6648,#6649,#6650,#6651,#6652,#6653),
.UNSPECIFIED.,.F.,.F.,
(4,2,2,2,2,2,2,2,2,2,2,2,2,4),
(0.,0.00159762520453646,0.0214203150660373,0.0456475319645864,0.0757236669632305,
0.113473145646095,0.161199459688362,0.221813855912199,0.29900040707929,0.397426228049883,
0.523008306026471,0.683251769602912,0.887678568350738,1.),
.UNSPECIFIED.);
#3564=VERTEX_POINT('',#6654);
#3565=LINE('',#6655,#6656);
#3566=VERTEX_POINT('',#6658);
#3567=LINE('',#6659,#6660);
#3568=LINE('',#6662,#6663);
#3569=VERTEX_POINT('',#6665);
#3570=LINE('',#6666,#6667);
#3571=LINE('',#6669,#6670);
#3572=VERTEX_POINT('',#6672);
#3573=LINE('',#6673,#6674);
#3574=LINE('',#6676,#6677);
#3575=VERTEX_POINT('',#6679);
#3576=LINE('',#6680,#6681);
#3577=LINE('',#6683,#6684);
#3578=VERTEX_POINT('',#6686);
#3579=LINE('',#6687,#6688);
#3580=LINE('',#6690,#6691);
#3581=LINE('',#6693,#6694);
#3582=VERTEX_POINT('',#6696);
#3583=LINE('',#6697,#6698);
#3584=VERTEX_POINT('',#6700);
#3585=LINE('',#6701,#6702);
#3586=LINE('',#6704,#6705);
#3587=VERTEX_POINT('',#6707);
#3588=LINE('',#6708,#6709);
#3589=LINE('',#6711,#6712);
#3590=VERTEX_POINT('',#6714);
#3591=LINE('',#6715,#6716);
#3592=LINE('',#6718,#6719);
#3593=VERTEX_POINT('',#6721);
#3594=LINE('',#6722,#6723);
#3595=LINE('',#6725,#6726);
#3596=VERTEX_POINT('',#6728);
#3597=LINE('',#6729,#6730);
#3598=LINE('',#6732,#6733);
#3599=LINE('',#6735,#6736);
#3600=VERTEX_POINT('',#6738);
#3601=CIRCLE('',#6739,13.5);
#3602=VERTEX_POINT('',#6743);
#3603=CIRCLE('',#6744,12.5);
#3604=VERTEX_POINT('',#6748);
#3605=CIRCLE('',#6749,12.5);
#3606=LINE('',#6753,#6754);
#3607=LINE('',#6756,#6757);
#3608=LINE('',#6759,#6760);
#3609=LINE('',#6762,#6763);
#3610=LINE('',#6765,#6766);
#3611=LINE('',#6768,#6769);
#3612=B_SPLINE_CURVE_WITH_KNOTS('',3,
(#6771,#6772,#6773,#6774,#6775,#6776,#6777,#6778,#6779,#6780,#6781,#6782,#6783,#6784,
#6785,#6786,#6787,#6788,#6789,#6790,#6791,#6792,#6793,#6794,#6795,#6796,#6797,#6798,
#6799,#6800,#6801,#6802,#6803,#6804,#6805,#6806),
.UNSPECIFIED.,.F.,.F.,
(4,2,2,2,2,2,2,2,2,2,2,2,2,2,2,2,2,4),
(0.,0.0588235294131763,0.117647058825989,0.176470588236528,0.235294117648347,0.294117647059596,
0.352941176472108,0.411764705884087,0.470588235295538,0.529411764708237,0.58823529412025,
0.647058823533219,0.705882352943315,0.764705882354066,0.823529411763787,0.882352941174921,
0.941176470585277,1.),
.UNSPECIFIED.);
#3613=B_SPLINE_CURVE_WITH_KNOTS('',3,
(#6807,#6808,#6809,#6810,#6811,#6812,#6813,#6814,#6815),
.UNSPECIFIED.,.F.,.F.,
(4,1,1,1,1,1,4),
(0.,0.148390215062299,0.309852326991323,0.488017418805921,0.670297739828269,0.842168961232578,
1.),
.UNSPECIFIED.);
#3614=LINE('',#6816,#6817);
#3615=LINE('',#6819,#6820);
#3616=LINE('',#6822,#6823);
#3617=LINE('',#6825,#6826);
#3618=VERTEX_POINT('',#6828);
#3619=B_SPLINE_CURVE_WITH_KNOTS('',3,
(#6829,#6830,#6831,#6832,#6833,#6834,#6835,#6836,#6837,#6838,#6839,#6840,#6841,#6842,
#6843,#6844,#6845,#6846,#6847,#6848),
.UNSPECIFIED.,.F.,.F.,
(4,1,1,1,1,1,1,1,1,1,1,1,1,1,1,1,1,4),
(0.,0.0699470777992083,0.139335959271706,0.208280331636414,0.276337213999477,0.343872210834829,
0.409869882674472,0.474821915414791,0.537816698899601,0.60017930845794,0.66042746688008,
0.719090808281159,0.775715128800676,0.831791603711385,0.887597523143502,0.894149799513001,
0.945381485504087,1.),
.UNSPECIFIED.);
#3620=B_SPLINE_CURVE_WITH_KNOTS('',3,
(#6849,#6850,#6851,#6852,#6853,#6854,#6855,#6856,#6857,#6858,#6859,#6860,#6861,#6862,
#6863,#6864,#6865,#6866,#6867,#6868,#6869,#6870,#6871,#6872,#6873,#6874,#6875,#6876,
#6877,#6878,#6879,#6880,#6881),
.UNSPECIFIED.,.F.,.F.,
(4,1,1,1,1,1,1,1,1,1,1,1,1,1,1,1,1,1,1,1,1,1,1,1,1,1,1,1,1,1,4),
(0.,0.0248941033912089,0.0497387951064662,0.0745591555356028,0.0993783109241641,
0.12421027515183,0.157337951926343,0.198769067778064,0.240510971353982,0.274290371204418,
0.300464610989102,0.3269554619971,0.354429857843981,0.382592128285396,0.411777454769962,
0.441300205366414,0.472037880672374,0.503640528883528,0.536681843483167,0.570259004355753,
0.60535793079212,0.641453985474133,0.678869447463688,0.716665360750624,0.75545725765473,
0.794877923424677,0.835228659227535,0.875855117586464,0.917012513026326,0.95840982483784,
1.),
.UNSPECIFIED.);
#3621=B_SPLINE_CURVE_WITH_KNOTS('',3,
(#6882,#6883,#6884,#6885,#6886,#6887,#6888,#6889,#6890,#6891,#6892,#6893,#6894,#6895,
#6896,#6897,#6898,#6899,#6900,#6901,#6902,#6903,#6904,#6905,#6906,#6907,#6908,#6909,
#6910,#6911,#6912,#6913,#6914,#6915,#6916,#6917,#6918,#6919,#6920,#6921,#6922,#6923,
#6924,#6925,#6926,#6927,#6928,#6929,#6930),
.UNSPECIFIED.,.F.,.F.,
(4,1,1,1,1,1,1,1,1,1,1,1,1,1,1,1,1,1,1,1,1,1,1,1,1,1,1,1,1,1,1,1,1,1,1,1,1,1,1,1,
1,1,1,1,1,1,4),
(0.,0.0165009644605344,0.0287465886869767,0.0367319109650392,0.0418492616563047,
0.0470247097687264,0.0531536068479313,0.0601762893982821,0.0685173599766325,0.077272807410565,
0.0868963659230029,0.0969921321620353,0.107358902899877,0.117536591158476,0.127699489490835,
0.138030473560797,0.149130321236646,0.160840992274665,0.173614907917889,0.186847772991374,
0.201212116258372,0.216279957781126,0.232227918115705,0.248358919801435,0.26560960564472,
0.283772297183842,0.303585976322055,0.324120459197811,0.346645657579088,0.370438903464703,
0.396074032680075,0.422281486364071,0.450581872067381,0.48042035815082,0.512772205809275,
0.546106854300171,0.581845869649601,0.619006597240706,0.658023925525381,0.697475764733812,
0.738233552876562,0.779859077990995,0.822783385240298,0.866133150181949,0.910336297665219,
0.954959152930686,1.),
.UNSPECIFIED.);
#3622=VERTEX_POINT('',#6931);
#3623=B_SPLINE_CURVE_WITH_KNOTS('',3,
(#6932,#6933,#6934,#6935,#6936,#6937,#6938,#6939,#6940),
.UNSPECIFIED.,.F.,.F.,
(4,1,1,1,1,1,4),
(0.,0.20567102342694,0.398328378658105,0.578442451039885,0.731958969131146,0.872477074671765,
1.),
.UNSPECIFIED.);
#3624=LINE('',#6941,#6942);
#3625=VERTEX_POINT('',#6944);
#3626=B_SPLINE_CURVE_WITH_KNOTS('',3,
(#6945,#6946,#6947,#6948,#6949,#6950,#6951,#6952,#6953,#6954,#6955,#6956,#6957,#6958,
#6959),
.UNSPECIFIED.,.F.,.F.,
(4,1,1,1,1,1,1,1,1,1,1,1,4),
(0.,0.0460595280808971,0.0924610346720147,0.139153389296225,0.186046767259436,0.233085659070397,
0.284740672508048,0.341009926713172,0.428642959456425,0.549754355841106,0.700931871898832,
0.853185460911555,1.),
.UNSPECIFIED.);
#3627=B_SPLINE_CURVE_WITH_KNOTS('',3,
(#6960,#6961,#6962,#6963,#6964,#6965,#6966,#6967,#6968,#6969,#6970,#6971,#6972,#6973,
#6974,#6975,#6976,#6977,#6978,#6979,#6980,#6981,#6982,#6983,#6984,#6985,#6986,#6987,
#6988,#6989,#6990,#6991,#6992,#6993,#6994,#6995,#6996,#6997,#6998,#6999,#7000,#7001,
#7002,#7003,#7004,#7005,#7006),
.UNSPECIFIED.,.F.,.F.,
(4,1,1,1,1,1,1,1,1,1,1,1,1,1,1,1,1,1,1,1,1,1,1,1,1,1,1,1,1,1,1,1,1,1,1,1,1,1,1,1,
1,1,1,1,4),
(0.,0.0107950749622035,0.0231123209749436,0.0368792632291742,0.0539147444372939,
0.0726720989760478,0.101244055783094,0.129417531281831,0.15725173956487,0.175690432233488,
0.193178464751181,0.209735815910027,0.226327360999951,0.243608848944779,0.261482742609829,
0.280365104815425,0.299689845405334,0.320118027917897,0.341221133809539,0.363246384181592,
0.38550316347142,0.408538627585782,0.432115928796021,0.456600549822767,0.481434147459107,
0.50696120947986,0.518601266174379,0.532833933056938,0.559078124914721,0.585342302562194,
0.611798882027452,0.638459194931345,0.665444223733352,0.692564510184913,0.719935620507561,
0.747433388693461,0.775047497404937,0.80266383606027,0.830370811825696,0.858193671791533,
0.886223175287869,0.914378644719137,0.942753097261441,0.971415678360191,1.),
.UNSPECIFIED.);
#3628=LINE('',#7007,#7008);
#3629=LINE('',#7010,#7011);
#3630=LINE('',#7013,#7014);
#3631=LINE('',#7016,#7017);
#3632=LINE('',#7019,#7020);
#3633=LINE('',#7022,#7023);
#3634=LINE('',#7025,#7026);
#3635=LINE('',#7028,#7029);
#3636=LINE('',#7031,#7032);
#3637=LINE('',#7034,#7035);
#3638=LINE('',#7037,#7038);
#3639=LINE('',#7040,#7041);
#3640=LINE('',#7043,#7044);
#3641=LINE('',#7046,#7047);
#3642=LINE('',#7049,#7050);
#3643=LINE('',#7052,#7053);
#3644=LINE('',#7055,#7056);
#3645=LINE('',#7058,#7059);
#3646=LINE('',#7061,#7062);
#3647=LINE('',#7064,#7065);
#3648=LINE('',#7067,#7068);
#3649=LINE('',#7070,#7071);
#3650=LINE('',#7073,#7074);
#3651=LINE('',#7076,#7077);
#3652=LINE('',#7079,#7080);
#3653=LINE('',#7082,#7083);
#3654=B_SPLINE_CURVE_WITH_KNOTS('',3,
(#7085,#7086,#7087,#7088,#7089,#7090),
.UNSPECIFIED.,.F.,.F.,
(4,1,1,4),
(0.,0.333333333333333,0.666666666666667,1.),
.UNSPECIFIED.);
#3655=LINE('',#7091,#7092);
#3656=LINE('',#7094,#7095);
#3657=LINE('',#7097,#7098);
#3658=B_SPLINE_CURVE_WITH_KNOTS('',3,
(#7100,#7101,#7102,#7103,#7104,#7105),
.UNSPECIFIED.,.F.,.F.,
(4,1,1,4),
(0.,0.333333333333333,0.666666666666667,1.),
.UNSPECIFIED.);
#3659=LINE('',#7106,#7107);
#3660=LINE('',#7109,#7110);
#3661=LINE('',#7112,#7113);
#3662=B_SPLINE_CURVE_WITH_KNOTS('',3,
(#7115,#7116,#7117,#7118,#7119,#7120,#7121,#7122,#7123),
.UNSPECIFIED.,.F.,.F.,
(4,1,1,1,1,1,4),
(0.,0.124183011301623,0.268458007656476,0.439360935976305,0.626966839768236,0.816025176746716,
1.),
.UNSPECIFIED.);
#3663=LINE('',#7124,#7125);
#3664=LINE('',#7127,#7128);
#3665=LINE('',#7130,#7131);
#3666=LINE('',#7133,#7134);
#3667=LINE('',#7136,#7137);
#3668=B_SPLINE_CURVE_WITH_KNOTS('',3,
(#7139,#7140,#7141,#7142,#7143,#7144,#7145,#7146,#7147,#7148),
.UNSPECIFIED.,.F.,.F.,
(4,1,1,1,1,1,1,4),
(0.,0.115751331833539,0.231584762565845,0.35406510620097,0.492696571596004,0.650845807249423,
0.822680567331198,1.),
.UNSPECIFIED.);
#3669=LINE('',#7149,#7150);
#3670=LINE('',#7152,#7153);
#3671=CARTESIAN_POINT('',(4.93695516594186,-1.37425271254546,10.));
#3672=CARTESIAN_POINT('',(3.81004926120902,-1.8693377191577,10.));
#3673=CARTESIAN_POINT('',(4.93695516594186,-1.37425271254546,10.));
#3674=CARTESIAN_POINT('',(4.93108375318158,-1.37494780873706,10.));
#3675=CARTESIAN_POINT('',(4.91491200697957,-1.37691251186535,10.));
#3676=CARTESIAN_POINT('',(4.89396028585272,-1.37963970903423,10.));
#3677=CARTESIAN_POINT('',(4.87004465116403,-1.38295160967572,10.));
#3678=CARTESIAN_POINT('',(4.84530964535596,-1.38656552887542,10.));
#3679=CARTESIAN_POINT('',(4.82110331107709,-1.39037896316444,10.));
#3680=CARTESIAN_POINT('',(4.80143532018107,-1.39365618221624,10.));
#3681=CARTESIAN_POINT('',(4.78406827242046,-1.39663940950286,10.));
#3682=CARTESIAN_POINT('',(4.75814504056745,-1.40129814849509,10.));
#3683=CARTESIAN_POINT('',(4.73243810902019,-1.40626414715125,10.));
#3684=CARTESIAN_POINT('',(4.70046738523092,-1.41279056797676,10.));
#3685=CARTESIAN_POINT('',(4.65977376645785,-1.42160925054197,10.));
#3686=CARTESIAN_POINT('',(4.62004372652648,-1.43121808191417,10.));
#3687=CARTESIAN_POINT('',(4.57883071508889,-1.44193374468793,10.));
#3688=CARTESIAN_POINT('',(4.54208350867783,-1.45203382372315,10.));
#3689=CARTESIAN_POINT('',(4.49102399044205,-1.46741121919744,10.));
#3690=CARTESIAN_POINT('',(4.44827250200369,-1.48152622862164,10.));
#3691=CARTESIAN_POINT('',(4.4054597829743,-1.49665378157595,10.));
#3692=CARTESIAN_POINT('',(4.35498820093397,-1.51566539545941,10.));
#3693=CARTESIAN_POINT('',(4.29487436000208,-1.54081675426066,10.));
#3694=CARTESIAN_POINT('',(4.24519191287373,-1.56395370504017,10.));
#3695=CARTESIAN_POINT('',(4.19559294196934,-1.58851348759709,10.));
#3696=CARTESIAN_POINT('',(4.14537798531877,-1.61535145953823,10.));
#3697=CARTESIAN_POINT('',(4.09283415651652,-1.64655727926486,10.));
#3698=CARTESIAN_POINT('',(4.03272224765424,-1.68485332396786,9.99999999999999));
#3699=CARTESIAN_POINT('',(3.98980599074389,-1.71514108526843,9.99999999999999));
#3700=CARTESIAN_POINT('',(3.93641753293733,-1.75611006671494,9.99999999999999));
#3701=CARTESIAN_POINT('',(3.89993720616371,-1.78581728408018,9.99999999999999));
#3702=CARTESIAN_POINT('',(3.86356154926983,-1.81820282963286,9.99999999999999));
#3703=CARTESIAN_POINT('',(3.83580579883913,-1.84403176223881,9.99999999999999));
#3704=CARTESIAN_POINT('',(3.82125018084257,-1.85813573837471,9.99999999999999));
#3705=CARTESIAN_POINT('',(3.81004926120902,-1.8693377191577,9.99999999999999));
#3706=CARTESIAN_POINT('',(3.39984175624984,-2.94910233075202,10.));
#3707=CARTESIAN_POINT('',(3.81004926120902,-1.8693377191577,10.));
#3708=CARTESIAN_POINT('',(3.80624022609927,-1.87314699884922,10.));
#3709=CARTESIAN_POINT('',(3.79651258429035,-1.88298655514733,10.));
#3710=CARTESIAN_POINT('',(3.78344928236238,-1.89659471107242,10.));
#3711=CARTESIAN_POINT('',(3.7704057731614,-1.91058225972149,10.));
#3712=CARTESIAN_POINT('',(3.75813407506738,-1.92405046015521,10.));
#3713=CARTESIAN_POINT('',(3.74625917904526,-1.93746528065146,10.));
#3714=CARTESIAN_POINT('',(3.73633740096538,-1.94898231846912,10.));
#3715=CARTESIAN_POINT('',(3.73048917172699,-1.95588782347144,10.));
#3716=CARTESIAN_POINT('',(3.72510271705732,-1.9623101710357,10.));
#3717=CARTESIAN_POINT('',(3.71899911184642,-1.96967730011762,10.));
#3718=CARTESIAN_POINT('',(3.71112189077597,-1.97936278757692,10.));
#3719=CARTESIAN_POINT('',(3.70309493766947,-1.98942406923343,10.));
#3720=CARTESIAN_POINT('',(3.6948473998409,-1.99997178646127,10.));
#3721=CARTESIAN_POINT('',(3.68660713289,-2.01073412469147,10.));
#3722=CARTESIAN_POINT('',(3.68100752341094,-2.01820501399867,10.));
#3723=CARTESIAN_POINT('',(3.67480494253151,-2.02657228513872,10.));
#3724=CARTESIAN_POINT('',(3.66736352777806,-2.03675246451472,10.));
#3725=CARTESIAN_POINT('',(3.65573008203139,-2.05314441436741,10.));
#3726=CARTESIAN_POINT('',(3.64580325160465,-2.06762588291293,10.));
#3727=CARTESIAN_POINT('',(3.63334767907013,-2.08628659185715,10.));
#3728=CARTESIAN_POINT('',(3.62228489638059,-2.10347632532209,10.));
#3729=CARTESIAN_POINT('',(3.60983128521848,-2.12368809361336,10.));
#3730=CARTESIAN_POINT('',(3.59890409724246,-2.14198480957345,10.));
#3731=CARTESIAN_POINT('',(3.58683018921966,-2.16303916072401,10.));
#3732=CARTESIAN_POINT('',(3.57426235104113,-2.18601514375951,10.));
#3733=CARTESIAN_POINT('',(3.56575408814984,-2.20230619275332,10.));
#3734=CARTESIAN_POINT('',(3.55807357991602,-2.21741090998783,10.));
#3735=CARTESIAN_POINT('',(3.55028802215405,-2.23309282209144,10.));
#3736=CARTESIAN_POINT('',(3.53942261951171,-2.25600840631101,10.));
#3737=CARTESIAN_POINT('',(3.52811643339414,-2.28114446382847,10.));
#3738=CARTESIAN_POINT('',(3.51864685853927,-2.30340224290169,10.));
#3739=CARTESIAN_POINT('',(3.51151975312803,-2.32094369953684,10.));
#3740=CARTESIAN_POINT('',(3.50329480994848,-2.3417976638375,10.));
#3741=CARTESIAN_POINT('',(3.49283297706005,-2.36979766723305,10.));
#3742=CARTESIAN_POINT('',(3.48048820457522,-2.40582202015153,10.));
#3743=CARTESIAN_POINT('',(3.47263579120404,-2.43084505779042,10.));
#3744=CARTESIAN_POINT('',(3.46505210470847,-2.4561943379079,10.));
#3745=CARTESIAN_POINT('',(3.45661112115925,-2.48598104009258,10.));
#3746=CARTESIAN_POINT('',(3.44863331396073,-2.51768134748516,10.));
#3747=CARTESIAN_POINT('',(3.44115158469903,-2.54993462313213,10.));
#3748=CARTESIAN_POINT('',(3.43492441650185,-2.57883978840213,10.));
#3749=CARTESIAN_POINT('',(3.42833084244349,-2.61361627742801,10.));
#3750=CARTESIAN_POINT('',(3.42455569642285,-2.63589837956277,10.));
#3751=CARTESIAN_POINT('',(3.42154313005285,-2.65463763445594,10.));
#3752=CARTESIAN_POINT('',(3.41817836756771,-2.67686099217423,10.));
#3753=CARTESIAN_POINT('',(3.41341056722854,-2.71286710803579,10.));
#3754=CARTESIAN_POINT('',(3.40892036206077,-2.75385979663972,10.));
#3755=CARTESIAN_POINT('',(3.40598471613006,-2.7880976351154,10.));
#3756=CARTESIAN_POINT('',(3.40419397268422,-2.81355889116827,10.));
#3757=CARTESIAN_POINT('',(3.40300909412505,-2.83276821162316,10.));
#3758=CARTESIAN_POINT('',(3.40188783900457,-2.85474760752211,10.));
#3759=CARTESIAN_POINT('',(3.40095375138519,-2.8786882313547,10.));
#3760=CARTESIAN_POINT('',(3.40030515775366,-2.90233906324887,10.));
#3761=CARTESIAN_POINT('',(3.40001666323245,-2.92010861578903,10.));
#3762=CARTESIAN_POINT('',(3.39987195055151,-2.93566611244127,10.));
#3763=CARTESIAN_POINT('',(3.39984175564325,-2.94344675897392,10.));
#3764=CARTESIAN_POINT('',(3.39984175624984,-2.94910233075202,10.));
#3765=CARTESIAN_POINT('',(3.75347394420284,-3.99118855579716,10.));
#3766=CARTESIAN_POINT('',(3.39984175624984,-2.94910233075202,10.));
#3767=CARTESIAN_POINT('',(3.39984174525295,-2.95434618016521,10.));
#3768=CARTESIAN_POINT('',(3.39987648326245,-2.96461760535536,10.));
#3769=CARTESIAN_POINT('',(3.40005895566794,-2.98268449998775,10.));
#3770=CARTESIAN_POINT('',(3.40030990200813,-2.99617849600348,10.));
#3771=CARTESIAN_POINT('',(3.4006284281993,-3.00927322480503,10.));
#3772=CARTESIAN_POINT('',(3.40089437644843,-3.0187978002124,10.));
#3773=CARTESIAN_POINT('',(3.40133333784421,-3.03170836683671,10.));
#3774=CARTESIAN_POINT('',(3.40181706031222,-3.04387694966067,10.));
#3775=CARTESIAN_POINT('',(3.4023206295024,-3.05498417942406,10.));
#3776=CARTESIAN_POINT('',(3.40276429480543,-3.06379704733749,10.));
#3777=CARTESIAN_POINT('',(3.40311396599538,-3.07028785798078,10.));
#3778=CARTESIAN_POINT('',(3.40350617486237,-3.07725777308242,10.));
#3779=CARTESIAN_POINT('',(3.40404487072764,-3.08623056025081,10.));
#3780=CARTESIAN_POINT('',(3.40489752398098,-3.09925809669594,10.));
#3781=CARTESIAN_POINT('',(3.40600596033,-3.11457032212115,10.));
#3782=CARTESIAN_POINT('',(3.407447626357,-3.13235595054258,10.));
#3783=CARTESIAN_POINT('',(3.40883587610184,-3.14772034906836,10.));
#3784=CARTESIAN_POINT('',(3.40994418161888,-3.15906377466601,10.));
#3785=CARTESIAN_POINT('',(3.41100954813965,-3.16953809557884,10.));
#3786=CARTESIAN_POINT('',(3.41242392397536,-3.18269917743342,10.));
#3787=CARTESIAN_POINT('',(3.41444264263522,-3.20002566133569,10.));
#3788=CARTESIAN_POINT('',(3.41677966066936,-3.2185313030268,10.));
#3789=CARTESIAN_POINT('',(3.41944444781788,-3.23800917026975,10.));
#3790=CARTESIAN_POINT('',(3.4222045191971,-3.25663059057361,10.));
#3791=CARTESIAN_POINT('',(3.42444271416496,-3.27073274125021,10.));
#3792=CARTESIAN_POINT('',(3.4268598724433,-3.28537071707125,10.));
#3793=CARTESIAN_POINT('',(3.42985729838929,-3.30264404825867,10.));
#3794=CARTESIAN_POINT('',(3.43424144297776,-3.32603781540844,10.));
#3795=CARTESIAN_POINT('',(3.43924944417436,-3.35077942667956,10.));
#3796=CARTESIAN_POINT('',(3.44488976201212,-3.37657115935421,10.));
#3797=CARTESIAN_POINT('',(3.45125852297364,-3.4035386973635,10.));
#3798=CARTESIAN_POINT('',(3.45600965296557,-3.42218089709766,10.));
#3799=CARTESIAN_POINT('',(3.46103844456024,-3.44114412404016,10.));
#3800=CARTESIAN_POINT('',(3.46643624239638,-3.46074177588397,10.));
#3801=CARTESIAN_POINT('',(3.47505712046642,-3.48982443737143,10.));
#3802=CARTESIAN_POINT('',(3.4846610099931,-3.51991904631163,10.));
#3803=CARTESIAN_POINT('',(3.49511268704178,-3.55038911141853,10.));
#3804=CARTESIAN_POINT('',(3.50354018272981,-3.57326925660482,10.));
#3805=CARTESIAN_POINT('',(3.51156144054419,-3.59412164474865,10.));
#3806=CARTESIAN_POINT('',(3.5200220339286,-3.61535377705439,10.));
#3807=CARTESIAN_POINT('',(3.53412708382555,-3.64864080100002,10.));
#3808=CARTESIAN_POINT('',(3.54865374579788,-3.68027109504196,10.));
#3809=CARTESIAN_POINT('',(3.56278558184817,-3.70906661190045,10.));
#3810=CARTESIAN_POINT('',(3.5776580477164,-3.73804414085238,10.));
#3811=CARTESIAN_POINT('',(3.59579923826424,-3.771064908611,10.));
#3812=CARTESIAN_POINT('',(3.61282779346304,-3.79979486502929,10.));
#3813=CARTESIAN_POINT('',(3.62603979056692,-3.82113463297656,10.));
#3814=CARTESIAN_POINT('',(3.63968478072326,-3.84248303889594,10.));
#3815=CARTESIAN_POINT('',(3.65842263708638,-3.87032016939567,10.));
#3816=CARTESIAN_POINT('',(3.67797818720449,-3.89762593086037,10.));
#3817=CARTESIAN_POINT('',(3.69322133002684,-3.91787686051879,10.));
#3818=CARTESIAN_POINT('',(3.70867905826093,-3.937812296598,10.));
#3819=CARTESIAN_POINT('',(3.72462029787647,-3.95756895661824,10.));
#3820=CARTESIAN_POINT('',(3.7413833863338,-3.97737226204814,10.));
#3821=CARTESIAN_POINT('',(3.75014199776656,-3.98741218431999,10.));
#3822=CARTESIAN_POINT('',(3.75347394420284,-3.99118855579716,10.));
#3823=CARTESIAN_POINT('',(4.80493637115027,-4.47683953854175,10.));
#3824=CARTESIAN_POINT('',(3.75347394420284,-3.99118855579716,10.));
#3825=CARTESIAN_POINT('',(3.75491636787795,-3.99282338339415,10.));
#3826=CARTESIAN_POINT('',(3.75753718652502,-3.99577783441893,9.99999999999999));
#3827=CARTESIAN_POINT('',(3.76043769854982,-3.99901583154806,9.99999999999999));
#3828=CARTESIAN_POINT('',(3.76254406211439,-4.0013547475289,9.99999999999999));
#3829=CARTESIAN_POINT('',(3.76440442311938,-4.00341349532709,9.99999999999998));
#3830=CARTESIAN_POINT('',(3.76733220340596,-4.00663452643562,9.99999999999998));
#3831=CARTESIAN_POINT('',(3.77098369391065,-4.01061853695854,9.99999999999998));
#3832=CARTESIAN_POINT('',(3.77513012783001,-4.01509814669793,9.99999999999997));
#3833=CARTESIAN_POINT('',(3.77910573536368,-4.01934976368844,9.99999999999996));
#3834=CARTESIAN_POINT('',(3.78239291522131,-4.02283259016547,9.99999999999996));
#3835=CARTESIAN_POINT('',(3.78477544439245,-4.0253402863493,9.99999999999996));
#3836=CARTESIAN_POINT('',(3.78731991370707,-4.02800681067898,9.99999999999995));
#3837=CARTESIAN_POINT('',(3.79055062814813,-4.03137027164681,9.99999999999995));
#3838=CARTESIAN_POINT('',(3.79476880800319,-4.03572000243883,9.99999999999994));
#3839=CARTESIAN_POINT('',(3.7992595336578,-4.04030396953143,9.99999999999994));
#3840=CARTESIAN_POINT('',(3.80407802229601,-4.04516933793232,9.99999999999993));
#3841=CARTESIAN_POINT('',(3.80911566718402,-4.05019800016675,9.99999999999993));
#3842=CARTESIAN_POINT('',(3.81441514528756,-4.0554257128565,9.99999999999992));
#3843=CARTESIAN_POINT('',(3.81905998910061,-4.05995162652028,9.99999999999991));
#3844=CARTESIAN_POINT('',(3.82289321057425,-4.06364991844872,9.99999999999991));
#3845=CARTESIAN_POINT('',(3.82701080600687,-4.06759620819175,9.9999999999999));
#3846=CARTESIAN_POINT('',(3.83233249648571,-4.07264386173919,9.9999999999999));
#3847=CARTESIAN_POINT('',(3.83923633017959,-4.07909610419639,9.99999999999989));
#3848=CARTESIAN_POINT('',(3.84665838371081,-4.08592406444677,9.99999999999988));
#3849=CARTESIAN_POINT('',(3.8547668965747,-4.09325744438534,9.99999999999987));
#3850=CARTESIAN_POINT('',(3.86344236397671,-4.10096083696241,9.99999999999986));
#3851=CARTESIAN_POINT('',(3.87018264901539,-4.10683063793162,9.99999999999985));
#3852=CARTESIAN_POINT('',(3.87654501388431,-4.11230438537127,9.99999999999984));
#3853=CARTESIAN_POINT('',(3.88327598094981,-4.11803463727007,9.99999999999983));
#3854=CARTESIAN_POINT('',(3.8930647973958,-4.12620948163632,9.99999999999982));
#3855=CARTESIAN_POINT('',(3.90416172982995,-4.13526849518163,9.99999999999981));
#3856=CARTESIAN_POINT('',(3.91601665970164,-4.14471847846521,9.99999999999979));
#3857=CARTESIAN_POINT('',(3.92857459102072,-4.15448122339799,9.99999999999978));
#3858=CARTESIAN_POINT('',(3.93817651285199,-4.16175025322978,9.99999999999977));
#3859=CARTESIAN_POINT('',(3.94745276743668,-4.16865973123548,9.99999999999976));
#3860=CARTESIAN_POINT('',(3.95722398560926,-4.17583274142437,9.99999999999975));
#3861=CARTESIAN_POINT('',(3.97157990006457,-4.18609309127915,9.99999999999973));
#3862=CARTESIAN_POINT('',(3.98783404522201,-4.19735487689619,9.99999999999971));
#3863=CARTESIAN_POINT('',(4.00548303034311,-4.20918368777986,9.99999999999969));
#3864=CARTESIAN_POINT('',(4.02434847201632,-4.22138534004768,9.99999999999967));
#3865=CARTESIAN_POINT('',(4.03943619821424,-4.23078187860331,9.99999999999966));
#3866=CARTESIAN_POINT('',(4.05337478606653,-4.23924987094061,9.99999999999964));
#3867=CARTESIAN_POINT('',(4.06819181243688,-4.24806661356198,9.99999999999963));
#3868=CARTESIAN_POINT('',(4.08916876715901,-4.26009850712539,9.99999999999961));
#3869=CARTESIAN_POINT('',(4.11320569134233,-4.27328503193893,9.99999999999958));
#3870=CARTESIAN_POINT('',(4.13831455946668,-4.28643787326837,9.99999999999956));
#3871=CARTESIAN_POINT('',(4.15677361114794,-4.29565763462324,9.99999999999954));
#3872=CARTESIAN_POINT('',(4.17446218545332,-4.30424774373478,9.99999999999952));
#3873=CARTESIAN_POINT('',(4.1927530455216,-4.31290987964731,9.99999999999951));
#3874=CARTESIAN_POINT('',(4.21928792804526,-4.32489418760268,9.99999999999948));
#3875=CARTESIAN_POINT('',(4.24921105339302,-4.33771204403435,9.99999999999945));
#3876=CARTESIAN_POINT('',(4.27382262784768,-4.34766483619293,9.99999999999943));
#3877=CARTESIAN_POINT('',(4.29712857922861,-4.35670246019748,9.99999999999941));
#3878=CARTESIAN_POINT('',(4.32739164683042,-4.36803666774184,9.99999999999938));
#3879=CARTESIAN_POINT('',(4.37185085172474,-4.38347682028771,9.99999999999935));
#3880=CARTESIAN_POINT('',(4.42008907889031,-4.3985623412052,9.99999999999931));
#3881=CARTESIAN_POINT('',(4.45654704576787,-4.40899817391076,9.99999999999928));
#3882=CARTESIAN_POINT('',(4.48706364409014,-4.41726844767806,9.99999999999925));
#3883=CARTESIAN_POINT('',(4.51674713953836,-4.42486406239399,9.99999999999923));
#3884=CARTESIAN_POINT('',(4.54991790146124,-4.4327507038984,9.9999999999992));
#3885=CARTESIAN_POINT('',(4.58045266584662,-4.43953917673105,9.99999999999918));
#3886=CARTESIAN_POINT('',(4.60944932042063,-4.44558308944407,9.99999999999916));
#3887=CARTESIAN_POINT('',(4.63666823999546,-4.4508956735476,9.99999999999914));
#3888=CARTESIAN_POINT('',(4.65568694869285,-4.45438621228242,9.99999999999912));
#3889=CARTESIAN_POINT('',(4.67444789165787,-4.45771463900675,9.99999999999911));
#3890=CARTESIAN_POINT('',(4.69451561199474,-4.46113574732693,9.99999999999909));
#3891=CARTESIAN_POINT('',(4.72230500469022,-4.46555168713498,9.99999999999907));
#3892=CARTESIAN_POINT('',(4.74995475328721,-4.46963734567832,9.99999999999905));
#3893=CARTESIAN_POINT('',(4.77056212075488,-4.47246103645365,9.99999999999904));
#3894=CARTESIAN_POINT('',(4.78887801946144,-4.47485217264953,9.99999999999903));
#3895=CARTESIAN_POINT('',(4.79802274613328,-4.47599891619363,9.99999999999902));
#3896=CARTESIAN_POINT('',(4.80493637115028,-4.47683953854175,9.99999999999901));
#3897=CARTESIAN_POINT('',(7.19082485389486,-4.52400977092394,10.));
#3898=CARTESIAN_POINT('',(4.80493637115028,-4.47683953854175,10.));
#3899=CARTESIAN_POINT('',(4.80796842342379,-4.47718415625876,10.));
#3900=CARTESIAN_POINT('',(4.81173095704968,-4.47760076992755,10.));
#3901=CARTESIAN_POINT('',(4.81706983091081,-4.47817446734732,10.));
#3902=CARTESIAN_POINT('',(4.82085544667331,-4.47857391602235,10.));
#3903=CARTESIAN_POINT('',(4.82529477911095,-4.47903153051189,10.));
#3904=CARTESIAN_POINT('',(4.82944432357478,-4.47945028008191,10.));
#3905=CARTESIAN_POINT('',(4.83341071514125,-4.47984291783071,10.));
#3906=CARTESIAN_POINT('',(4.83742024233907,-4.4802326517412,10.));
#3907=CARTESIAN_POINT('',(4.84107606838543,-4.48058138916647,10.0000000000001));
#3908=CARTESIAN_POINT('',(4.84404478237462,-4.48086014175756,10.0000000000001));
#3909=CARTESIAN_POINT('',(4.84787429717324,-4.48121606729927,10.0000000000001));
#3910=CARTESIAN_POINT('',(4.85387747779441,-4.48176346458093,10.0000000000001));
#3911=CARTESIAN_POINT('',(4.86254180932698,-4.48252703268126,10.0000000000001));
#3912=CARTESIAN_POINT('',(4.87173151700802,-4.48330638418345,10.0000000000001));
#3913=CARTESIAN_POINT('',(4.88051296999599,-4.48402555114398,10.0000000000001));
#3914=CARTESIAN_POINT('',(4.88635257952841,-4.48448945433868,10.0000000000001));
#3915=CARTESIAN_POINT('',(4.89227894837828,-4.48495270361375,10.0000000000001));
#3916=CARTESIAN_POINT('',(4.90086621558166,-4.48561246434912,10.0000000000001));
#3917=CARTESIAN_POINT('',(4.91643468127446,-4.48675856239102,10.0000000000002));
#3918=CARTESIAN_POINT('',(4.9372857889192,-4.48820195289317,10.0000000000002));
#3919=CARTESIAN_POINT('',(4.9555045454584,-4.48937824824701,10.0000000000002));
#3920=CARTESIAN_POINT('',(4.9711344475636,-4.49034305406625,10.0000000000003));
#3921=CARTESIAN_POINT('',(4.98755207036177,-4.491326033894,10.0000000000003));
#3922=CARTESIAN_POINT('',(5.01349213756077,-4.4927970729904,10.0000000000003));
#3923=CARTESIAN_POINT('',(5.04794059869197,-4.49460332704056,10.0000000000004));
#3924=CARTESIAN_POINT('',(5.07951591535891,-4.49612156222445,10.0000000000004));
#3925=CARTESIAN_POINT('',(5.10430985560567,-4.49724379459532,10.0000000000005));
#3926=CARTESIAN_POINT('',(5.12617595401333,-4.49819899849968,10.0000000000005));
#3927=CARTESIAN_POINT('',(5.15321289161788,-4.49932533893988,10.0000000000005));
#3928=CARTESIAN_POINT('',(5.18880088855292,-4.50071897456772,10.0000000000006));
#3929=CARTESIAN_POINT('',(5.22984319451052,-4.50221832281526,10.0000000000006));
#3930=CARTESIAN_POINT('',(5.27564055773082,-4.50376614057724,10.0000000000007));
#3931=CARTESIAN_POINT('',(5.3165082432223,-4.50504219029101,10.0000000000008));
#3932=CARTESIAN_POINT('',(5.37001368042723,-4.50661622716266,10.0000000000009));
#3933=CARTESIAN_POINT('',(5.43928458553558,-4.50847935875469,10.000000000001));
#3934=CARTESIAN_POINT('',(5.52863974364384,-4.51058158652515,10.0000000000011));
#3935=CARTESIAN_POINT('',(5.61688389995232,-4.51240630350464,10.0000000000012));
#3936=CARTESIAN_POINT('',(5.67681428904755,-4.51350920615443,10.0000000000013));
#3937=CARTESIAN_POINT('',(5.74256346315099,-4.51464728184335,10.0000000000014));
#3938=CARTESIAN_POINT('',(5.81837825136286,-4.51585769336463,10.0000000000015));
#3939=CARTESIAN_POINT('',(5.93134673124557,-4.51741496632166,10.0000000000017));
#3940=CARTESIAN_POINT('',(6.05070656267905,-4.51881695195398,10.0000000000019));
#3941=CARTESIAN_POINT('',(6.1764006550945,-4.52005936574777,10.0000000000021));
#3942=CARTESIAN_POINT('',(6.28928016375319,-4.52098397488774,10.0000000000022));
#3943=CARTESIAN_POINT('',(6.37846314109814,-4.52160260022026,10.0000000000024));
#3944=CARTESIAN_POINT('',(6.47190235176528,-4.52218151283824,10.0000000000025));
#3945=CARTESIAN_POINT('',(6.58614246502742,-4.52277289771798,10.0000000000027));
#3946=CARTESIAN_POINT('',(6.73294631615303,-4.52333739175961,10.0000000000029));
#3947=CARTESIAN_POINT('',(6.87513985063086,-4.52371075085072,10.0000000000031));
#3948=CARTESIAN_POINT('',(6.97635716459267,-4.52387152337738,10.0000000000033));
#3949=CARTESIAN_POINT('',(7.07929339417979,-4.52398163002928,10.0000000000034));
#3950=CARTESIAN_POINT('',(7.13889027274576,-4.52400969026101,10.0000000000035));
#3951=CARTESIAN_POINT('',(7.19082485389325,-4.52400977092394,10.0000000000036));
#3952=CARTESIAN_POINT('',(8.79403447871366,-4.52400977092394,10.));
#3953=CARTESIAN_POINT('',(7.19082485389487,-4.52400977092394,10.));
#3954=VECTOR('',#3955,1.);
#3955=DIRECTION('',(1.,5.54000179359271E-16,0.));
#3956=CARTESIAN_POINT('',(8.79403447871367,-1.32708242364131,10.));
#3957=CARTESIAN_POINT('',(8.79403447871366,-4.52400977092394,10.));
#3958=VECTOR('',#3959,1.);
#3959=DIRECTION('',(1.11129008978584E-15,1.,0.));
#3960=CARTESIAN_POINT('',(6.96452341630426,-1.32708242364131,10.));
#3961=CARTESIAN_POINT('',(8.79403447871367,-1.32708242364131,10.));
#3962=VECTOR('',#3963,1.);
#3963=DIRECTION('',(-1.,0.,0.));
#3964=CARTESIAN_POINT('',(6.96452341630426,-1.32708242364131,10.));
#3965=CARTESIAN_POINT('',(6.94719580294012,-1.32708243208707,10.));
#3966=CARTESIAN_POINT('',(6.89656376887363,-1.32709407747492,10.));
#3967=CARTESIAN_POINT('',(6.83302604531769,-1.32715304759567,9.99999999999999));
#3968=CARTESIAN_POINT('',(6.75994022657951,-1.32727093116318,9.99999999999999));
#3969=CARTESIAN_POINT('',(6.69121622911413,-1.32742352576944,9.99999999999999));
#3970=CARTESIAN_POINT('',(6.61646857675435,-1.32765730368061,9.99999999999999));
#3971=CARTESIAN_POINT('',(6.56056362766621,-1.32787884270205,9.99999999999998));
#3972=CARTESIAN_POINT('',(6.52391723938718,-1.32804216408237,9.99999999999998));
#3973=CARTESIAN_POINT('',(6.48951363070654,-1.32820689057305,9.99999999999998));
#3974=CARTESIAN_POINT('',(6.44627190092511,-1.32843581301732,9.99999999999998));
#3975=CARTESIAN_POINT('',(6.39534137504455,-1.32873975088376,9.99999999999998));
#3976=CARTESIAN_POINT('',(6.34338170080752,-1.32908726671467,9.99999999999997));
#3977=CARTESIAN_POINT('',(6.28997407657673,-1.32948592063571,9.99999999999997));
#3978=CARTESIAN_POINT('',(6.23537532292905,-1.32993935593225,9.99999999999997));
#3979=CARTESIAN_POINT('',(6.17927349233534,-1.33045634455045,9.99999999999997));
#3980=CARTESIAN_POINT('',(6.12181843729165,-1.33104267858607,9.99999999999996));
#3981=CARTESIAN_POINT('',(6.07921958810485,-1.33152370111639,9.99999999999996));
#3982=CARTESIAN_POINT('',(6.0392707885796,-1.33200276506549,9.99999999999996));
#3983=CARTESIAN_POINT('',(5.99863908686857,-1.33251502254236,9.99999999999996));
#3984=CARTESIAN_POINT('',(5.94117818249708,-1.33330790044801,9.99999999999996));
#3985=CARTESIAN_POINT('',(5.87968117090799,-1.33424422194208,9.99999999999995));
#3986=CARTESIAN_POINT('',(5.81787788991031,-1.3352816955972,9.99999999999995));
#3987=CARTESIAN_POINT('',(5.75594473410479,-1.33642739745736,9.99999999999995));
#3988=CARTESIAN_POINT('',(5.69443914854026,-1.3376811569747,9.99999999999994));
#3989=CARTESIAN_POINT('',(5.63380434859892,-1.33904222249854,9.99999999999994));
#3990=CARTESIAN_POINT('',(5.57460040816194,-1.34050407378849,9.99999999999994));
#3991=CARTESIAN_POINT('',(5.51653279411338,-1.34208023284897,9.99999999999994));
#3992=CARTESIAN_POINT('',(5.47182523500223,-1.34341463095627,9.99999999999994));
#3993=CARTESIAN_POINT('',(5.43453674918657,-1.34460378959362,9.99999999999993));
#3994=CARTESIAN_POINT('',(5.39853373395015,-1.34580717914626,9.99999999999993));
#3995=CARTESIAN_POINT('',(5.35188807349952,-1.34749247912604,9.99999999999993));
#3996=CARTESIAN_POINT('',(5.30026708955586,-1.34954678700364,9.99999999999993));
#3997=CARTESIAN_POINT('',(5.25032321909373,-1.35174094440877,9.99999999999993));
#3998=CARTESIAN_POINT('',(5.20173508234994,-1.35410486172135,9.99999999999992));
#3999=CARTESIAN_POINT('',(5.15482665910857,-1.35664196627067,9.99999999999992));
#4000=CARTESIAN_POINT('',(5.12160706819328,-1.35865052082391,9.99999999999992));
#4001=CARTESIAN_POINT('',(5.09166458701107,-1.36059497549648,9.99999999999992));
#4002=CARTESIAN_POINT('',(5.06744955532071,-1.36226292455392,9.99999999999992));
#4003=CARTESIAN_POINT('',(5.04061981923874,-1.36430146230971,9.99999999999992));
#4004=CARTESIAN_POINT('',(5.01205943391642,-1.36663183578082,9.99999999999992));
#4005=CARTESIAN_POINT('',(4.99095533937995,-1.36852695977428,9.99999999999991));
#4006=CARTESIAN_POINT('',(4.96286731872617,-1.37131874103696,9.99999999999991));
#4007=CARTESIAN_POINT('',(4.94894440917887,-1.37282916278299,9.99999999999991));
#4008=CARTESIAN_POINT('',(4.93695516594186,-1.37425271254546,9.99999999999991));
#4009=CARTESIAN_POINT('',(2.89057674633148,2.8600149368658,10.));
#4010=CARTESIAN_POINT('',(3.19235054442918,1.80383546972356,10.));
#4011=CARTESIAN_POINT('',(2.89057674633148,2.8600149368658,10.));
#4012=CARTESIAN_POINT('',(2.89057674706274,2.8556437334181,10.));
#4013=CARTESIAN_POINT('',(2.8906132320552,2.84135930403329,10.));
#4014=CARTESIAN_POINT('',(2.89078123269934,2.82606091845499,10.));
#4015=CARTESIAN_POINT('',(2.89121925301189,2.80113187776642,10.));
#4016=CARTESIAN_POINT('',(2.89173156527612,2.78190521479722,10.));
#4017=CARTESIAN_POINT('',(2.89275092005101,2.75508729278945,10.));
#4018=CARTESIAN_POINT('',(2.89379117331329,2.73251531795945,10.));
#4019=CARTESIAN_POINT('',(2.89522139875103,2.70780531186714,10.));
#4020=CARTESIAN_POINT('',(2.89669769485407,2.68624381173711,10.));
#4021=CARTESIAN_POINT('',(2.89763620137064,2.673953968773,10.));
#4022=CARTESIAN_POINT('',(2.89855659469489,2.66250194411351,10.));
#4023=CARTESIAN_POINT('',(2.89953109746405,2.65096006589029,10.));
#4024=CARTESIAN_POINT('',(2.90107979026689,2.63413191910414,10.));
#4025=CARTESIAN_POINT('',(2.90280354857213,2.61687593817411,10.));
#4026=CARTESIAN_POINT('',(2.90474948769575,2.59888443098674,10.));
#4027=CARTESIAN_POINT('',(2.90692870326612,2.58024611966368,10.));
#4028=CARTESIAN_POINT('',(2.90928578914062,2.56156176478168,10.));
#4029=CARTESIAN_POINT('',(2.91108233063132,2.54828630746368,10.));
#4030=CARTESIAN_POINT('',(2.91306200590769,2.53419489668746,10.));
#4031=CARTESIAN_POINT('',(2.9153973473316,2.51826338693519,10.));
#4032=CARTESIAN_POINT('',(2.91905493441744,2.49513383180732,10.));
#4033=CARTESIAN_POINT('',(2.92325791707104,2.47049673609866,10.));
#4034=CARTESIAN_POINT('',(2.92802768029223,2.44458097358971,10.));
#4035=CARTESIAN_POINT('',(2.93348460243656,2.41711363397783,10.));
#4036=CARTESIAN_POINT('',(2.93749619245493,2.39840478597522,10.));
#4037=CARTESIAN_POINT('',(2.94180792387043,2.37904453673595,10.));
#4038=CARTESIAN_POINT('',(2.94644493788125,2.35898428774411,9.99999999999999));
#4039=CARTESIAN_POINT('',(2.95408483205537,2.32829297748098,9.99999999999999));
#4040=CARTESIAN_POINT('',(2.96274799508218,2.29598145432172,9.99999999999999));
#4041=CARTESIAN_POINT('',(2.97245115494652,2.26239846324731,9.99999999999999));
#4042=CARTESIAN_POINT('',(2.98104744898338,2.23478700380156,9.99999999999999));
#4043=CARTESIAN_POINT('',(2.98880438368837,2.21112439959705,9.99999999999999));
#4044=CARTESIAN_POINT('',(2.99719059483719,2.18648365022942,9.99999999999999));
#4045=CARTESIAN_POINT('',(3.0090074236037,2.15377702109997,9.99999999999999));
#4046=CARTESIAN_POINT('',(3.02383603527267,2.11566347913855,9.99999999999999));
#4047=CARTESIAN_POINT('',(3.03909858445023,2.07919519219276,9.99999999999999));
#4048=CARTESIAN_POINT('',(3.05061969080362,2.05341257353969,9.99999999999999));
#4049=CARTESIAN_POINT('',(3.0627864391418,2.02713596509781,9.99999999999999));
#4050=CARTESIAN_POINT('',(3.07670396079214,1.99829860559752,9.99999999999999));
#4051=CARTESIAN_POINT('',(3.09712717751896,1.95883646262126,9.99999999999999));
#4052=CARTESIAN_POINT('',(3.1147945120394,1.92694849602495,9.99999999999999));
#4053=CARTESIAN_POINT('',(3.1296939050104,1.90131575334606,9.99999999999999));
#4054=CARTESIAN_POINT('',(3.1450431350237,1.87574720738184,9.99999999999999));
#4055=CARTESIAN_POINT('',(3.16198459197743,1.84889564432225,9.99999999999999));
#4056=CARTESIAN_POINT('',(3.1791269392503,1.82304206507267,9.99999999999999));
#4057=CARTESIAN_POINT('',(3.188137133316,1.809892523586,9.99999999999999));
#4058=CARTESIAN_POINT('',(3.19235054442918,1.80383546972356,9.99999999999999));
#4059=CARTESIAN_POINT('',(4.0646528834465,1.17198568888126,10.));
#4060=CARTESIAN_POINT('',(3.19235054442918,1.80383546972356,10.));
#4061=CARTESIAN_POINT('',(3.19481347596831,1.80029481189037,10.));
#4062=CARTESIAN_POINT('',(3.1996659924551,1.79337985404318,10.));
#4063=CARTESIAN_POINT('',(3.20829886809993,1.78128685624431,10.));
#4064=CARTESIAN_POINT('',(3.21483833491167,1.77231946560456,10.));
#4065=CARTESIAN_POINT('',(3.22124408428258,1.76365793574117,10.));
#4066=CARTESIAN_POINT('',(3.22627407790286,1.75691604268818,10.));
#4067=CARTESIAN_POINT('',(3.23435583312785,1.74625329065239,10.));
#4068=CARTESIAN_POINT('',(3.24295914690278,1.73511768261713,10.));
#4069=CARTESIAN_POINT('',(3.25002897073215,1.72614810508078,10.));
#4070=CARTESIAN_POINT('',(3.2569156431641,1.71751294932541,10.));
#4071=CARTESIAN_POINT('',(3.26353958347334,1.70931441989357,10.));
#4072=CARTESIAN_POINT('',(3.27182092030092,1.69924850962993,10.));
#4073=CARTESIAN_POINT('',(3.27933927506321,1.69025148684522,10.));
#4074=CARTESIAN_POINT('',(3.28683885291978,1.68141265123744,10.));
#4075=CARTESIAN_POINT('',(3.29361324086944,1.673548569051,10.));
#4076=CARTESIAN_POINT('',(3.29889266275523,1.66749826250402,10.));
#4077=CARTESIAN_POINT('',(3.30457882591286,1.66103482940831,10.));
#4078=CARTESIAN_POINT('',(3.31182955794501,1.65288812253671,10.));
#4079=CARTESIAN_POINT('',(3.32165566188471,1.64204943594518,10.));
#4080=CARTESIAN_POINT('',(3.33388243145831,1.62882802359925,10.));
#4081=CARTESIAN_POINT('',(3.34851933550158,1.61339674193579,10.));
#4082=CARTESIAN_POINT('',(3.36208396132481,1.59953473825116,10.));
#4083=CARTESIAN_POINT('',(3.3740431116227,1.58758376561487,10.));
#4084=CARTESIAN_POINT('',(3.38530198780322,1.57651941108352,10.));
#4085=CARTESIAN_POINT('',(3.39971763225899,1.56268882944448,10.));
#4086=CARTESIAN_POINT('',(3.41640159058124,1.54712629645862,10.));
#4087=CARTESIAN_POINT('',(3.43428447279681,1.5309404007047,10.));
#4088=CARTESIAN_POINT('',(3.45377601123529,1.51385008095544,10.));
#4089=CARTESIAN_POINT('',(3.46962761136735,1.5004145800693,10.));
#4090=CARTESIAN_POINT('',(3.48908966826732,1.48430262197978,10.));
#4091=CARTESIAN_POINT('',(3.51200778010409,1.4658980539897,10.));
#4092=CARTESIAN_POINT('',(3.5414401946441,1.44341771526898,10.));
#4093=CARTESIAN_POINT('',(3.56763531600606,1.4243052995822,10.));
#4094=CARTESIAN_POINT('',(3.58539947557182,1.41180221818257,10.));
#4095=CARTESIAN_POINT('',(3.60407343310453,1.39893087143418,10.));
#4096=CARTESIAN_POINT('',(3.62587833008427,1.38430724377631,10.));
#4097=CARTESIAN_POINT('',(3.65613260488576,1.36490252928072,10.));
#4098=CARTESIAN_POINT('',(3.68431636146049,1.3476419660373,10.));
#4099=CARTESIAN_POINT('',(3.70603918089646,1.33486310956761,10.));
#4100=CARTESIAN_POINT('',(3.72855526789395,1.32193548389186,10.));
#4101=CARTESIAN_POINT('',(3.75524107954202,1.3071115142589,10.));
#4102=CARTESIAN_POINT('',(3.79070445664493,1.28838704985797,10.));
#4103=CARTESIAN_POINT('',(3.82709036546704,1.27014523708084,10.));
#4104=CARTESIAN_POINT('',(3.85362875976051,1.25752787011566,10.));
#4105=CARTESIAN_POINT('',(3.87897113917459,1.24584156161307,10.));
#4106=CARTESIAN_POINT('',(3.90482808313781,1.23424397299134,10.));
#4107=CARTESIAN_POINT('',(3.94236464458871,1.21825882168168,10.));
#4108=CARTESIAN_POINT('',(3.98062309976703,1.20286789218128,10.));
#4109=CARTESIAN_POINT('',(4.00771456869358,1.19254385828493,10.));
#4110=CARTESIAN_POINT('',(4.03512415664429,1.18240004766739,10.));
#4111=CARTESIAN_POINT('',(4.05080864812358,1.1767909404102,10.));
#4112=CARTESIAN_POINT('',(4.0646528834465,1.17198568888126,10.));
#4113=CARTESIAN_POINT('',(6.54016479076066,0.973957440171918,10.));
#4114=CARTESIAN_POINT('',(4.0646528834465,1.17198568888126,10.));
#4115=CARTESIAN_POINT('',(4.06671044144473,1.17127152353713,10.));
#4116=CARTESIAN_POINT('',(4.07086090917885,1.16984390243007,10.));
#4117=CARTESIAN_POINT('',(4.07714484532811,1.16772075145634,10.));
#4118=CARTESIAN_POINT('',(4.08228048425108,1.1660162411782,10.));
#4119=CARTESIAN_POINT('',(4.0866125677168,1.16459638093815,10.));
#4120=CARTESIAN_POINT('',(4.09103991997914,1.16315836356924,10.));
#4121=CARTESIAN_POINT('',(4.09770491335786,1.16102433575232,10.));
#4122=CARTESIAN_POINT('',(4.10630986215171,1.15832766261547,10.));
#4123=CARTESIAN_POINT('',(4.11597247892081,1.15537365961573,10.));
#4124=CARTESIAN_POINT('',(4.12508020272567,1.15265717027518,9.99999999999999));
#4125=CARTESIAN_POINT('',(4.13290918054766,1.15037219893736,9.99999999999999));
#4126=CARTESIAN_POINT('',(4.13828267942425,1.14882949399092,9.99999999999999));
#4127=CARTESIAN_POINT('',(4.14417368623656,1.1471549300024,9.99999999999999));
#4128=CARTESIAN_POINT('',(4.15134315699967,1.14514541595714,9.99999999999999));
#4129=CARTESIAN_POINT('',(4.16248172181078,1.14209166223998,9.99999999999999));
#4130=CARTESIAN_POINT('',(4.17553888893209,1.13860878049891,9.99999999999999));
#4131=CARTESIAN_POINT('',(4.19063083801212,1.1347120248799,9.99999999999999));
#4132=CARTESIAN_POINT('',(4.20522273723779,1.13106697535033,9.99999999999999));
#4133=CARTESIAN_POINT('',(4.21638291153943,1.12836096184476,9.99999999999999));
#4134=CARTESIAN_POINT('',(4.22523534092818,1.12625260268105,9.99999999999999));
#4135=CARTESIAN_POINT('',(4.23480951346229,1.12400360724188,9.99999999999999));
#4136=CARTESIAN_POINT('',(4.24803419659354,1.12097029896905,9.99999999999999));
#4137=CARTESIAN_POINT('',(4.26779515015481,1.11657117225403,9.99999999999998));
#4138=CARTESIAN_POINT('',(4.29825413728083,1.11006982900151,9.99999999999998));
#4139=CARTESIAN_POINT('',(4.33345745888581,1.10305821895719,9.99999999999998));
#4140=CARTESIAN_POINT('',(4.36832777571349,1.0965529221149,9.99999999999998));
#4141=CARTESIAN_POINT('',(4.40578082102633,1.08988906396923,9.99999999999997));
#4142=CARTESIAN_POINT('',(4.4497563373742,1.08257143657869,9.99999999999997));
#4143=CARTESIAN_POINT('',(4.50213638687405,1.07452227561709,9.99999999999997));
#4144=CARTESIAN_POINT('',(4.55555243694065,1.06690692583767,9.99999999999996));
#4145=CARTESIAN_POINT('',(4.5939056346759,1.06185277930573,9.99999999999996));
#4146=CARTESIAN_POINT('',(4.63358567800779,1.05683890157767,9.99999999999996));
#4147=CARTESIAN_POINT('',(4.67747043067083,1.05152331519194,9.99999999999995));
#4148=CARTESIAN_POINT('',(4.7461823456195,1.04388113346476,9.99999999999995));
#4149=CARTESIAN_POINT('',(4.82636776334651,1.03578844612628,9.99999999999994));
#4150=CARTESIAN_POINT('',(4.91504838321249,1.02775451424545,9.99999999999994));
#4151=CARTESIAN_POINT('',(4.9794076135031,1.0225688257749,9.99999999999993));
#4152=CARTESIAN_POINT('',(5.0477394021566,1.01739139518397,9.99999999999993));
#4153=CARTESIAN_POINT('',(5.12256558444632,1.01210149906032,9.99999999999992));
#4154=CARTESIAN_POINT('',(5.23750374095113,1.00501588705616,9.99999999999991));
#4155=CARTESIAN_POINT('',(5.36092026493993,0.998491188276476,9.99999999999991));
#4156=CARTESIAN_POINT('',(5.47974063786833,0.993175098896891,9.9999999999999));
#4157=CARTESIAN_POINT('',(5.5677926995906,0.989811711491125,9.99999999999989));
#4158=CARTESIAN_POINT('',(5.65976809633045,0.986622369697086,9.99999999999988));
#4159=CARTESIAN_POINT('',(5.76710652545348,0.983370830818727,9.99999999999988));
#4160=CARTESIAN_POINT('',(5.91359092814987,0.979886056063174,9.99999999999987));
#4161=CARTESIAN_POINT('',(6.06535917175982,0.977191953668401,9.99999999999986));
#4162=CARTESIAN_POINT('',(6.17124655069112,0.975903663695014,9.99999999999985));
#4163=CARTESIAN_POINT('',(6.27626882673263,0.974913871747134,9.99999999999984));
#4164=CARTESIAN_POINT('',(6.38326430044986,0.974183542461458,9.99999999999983));
#4165=CARTESIAN_POINT('',(6.48636763881361,0.973958023563867,9.99999999999983));
#4166=CARTESIAN_POINT('',(6.54016479076066,0.973957440171918,9.99999999999982));
#4167=CARTESIAN_POINT('',(8.79403447871366,0.973957440171918,10.));
#4168=CARTESIAN_POINT('',(6.54016479076066,0.973957440171918,10.));
#4169=VECTOR('',#4170,1.);
#4170=DIRECTION('',(1.,-1.47775583108375E-16,0.));
#4171=CARTESIAN_POINT('',(8.79403447871366,4.67065789501793,10.));
#4172=CARTESIAN_POINT('',(8.79403447871366,0.973957440171918,10.));
#4173=VECTOR('',#4174,1.);
#4174=DIRECTION('',(0.,1.,0.));
#4175=CARTESIAN_POINT('',(6.21008886453803,4.67065789501793,10.));
#4176=CARTESIAN_POINT('',(8.79403447871366,4.67065789501793,10.));
#4177=VECTOR('',#4178,1.);
#4178=DIRECTION('',(-1.,0.,0.));
#4179=CARTESIAN_POINT('',(4.29572918319727,4.58580933260853,10.));
#4180=CARTESIAN_POINT('',(6.21008886453803,4.67065789501793,10.));
#4181=CARTESIAN_POINT('',(6.19406994217465,4.67065787942558,10.));
#4182=CARTESIAN_POINT('',(6.14387898199783,4.67063543524189,10.));
#4183=CARTESIAN_POINT('',(6.08514090786271,4.6705238112679,10.));
#4184=CARTESIAN_POINT('',(6.0009687819346,4.6702513455999,10.));
#4185=CARTESIAN_POINT('',(5.91589682748686,4.66984018577971,10.));
#4186=CARTESIAN_POINT('',(5.83382700450762,4.6692215722242,10.));
#4187=CARTESIAN_POINT('',(5.76332424067669,4.66857907131405,10.));
#4188=CARTESIAN_POINT('',(5.70851954496505,4.66800315397491,10.));
#4189=CARTESIAN_POINT('',(5.64125826289119,4.66715441553288,10.));
#4190=CARTESIAN_POINT('',(5.58702219350097,4.66637801703416,10.));
#4191=CARTESIAN_POINT('',(5.53511820223629,4.66554820124685,10.));
#4192=CARTESIAN_POINT('',(5.48362792260407,4.66463667564815,10.));
#4193=CARTESIAN_POINT('',(5.43100467826694,4.66360752094493,10.));
#4194=CARTESIAN_POINT('',(5.39003930290913,4.66272346856477,10.));
#4195=CARTESIAN_POINT('',(5.35349749083116,4.66188308581696,10.));
#4196=CARTESIAN_POINT('',(5.31623144376878,4.66098326076978,10.));
#4197=CARTESIAN_POINT('',(5.26542129227842,4.65965108984216,10.));
#4198=CARTESIAN_POINT('',(5.20877290637103,4.6580167336386,10.));
#4199=CARTESIAN_POINT('',(5.15171001112665,4.65620673674229,10.));
#4200=CARTESIAN_POINT('',(5.09441722233222,4.65420998497097,10.));
#4201=CARTESIAN_POINT('',(5.03718151576866,4.65201870090231,10.));
#4202=CARTESIAN_POINT('',(4.9804082923114,4.6496320244191,10.));
#4203=CARTESIAN_POINT('',(4.92451940153445,4.64705392077723,10.));
#4204=CARTESIAN_POINT('',(4.86943785883662,4.64426754024528,10.));
#4205=CARTESIAN_POINT('',(4.83167733554213,4.64217226268322,10.));
#4206=CARTESIAN_POINT('',(4.79587777036989,4.64008014019206,10.));
#4207=CARTESIAN_POINT('',(4.76096549306229,4.63794560695395,10.));
#4208=CARTESIAN_POINT('',(4.71069785701926,4.6345833318851,10.));
#4209=CARTESIAN_POINT('',(4.66016577105545,4.63086803074645,10.));
#4210=CARTESIAN_POINT('',(4.61086106649665,4.6268743478623,10.));
#4211=CARTESIAN_POINT('',(4.56261217895785,4.62255500587857,10.));
#4212=CARTESIAN_POINT('',(4.51576705672841,4.61790412667136,10.));
#4213=CARTESIAN_POINT('',(4.48223405213904,4.61419419961432,10.));
#4214=CARTESIAN_POINT('',(4.45211603484399,4.61062036199444,10.));
#4215=CARTESIAN_POINT('',(4.42255242354093,4.60690537637961,10.));
#4216=CARTESIAN_POINT('',(4.38131564223901,4.60110301807714,10.));
#4217=CARTESIAN_POINT('',(4.35048111053739,4.59611937286779,10.));
#4218=CARTESIAN_POINT('',(4.32199540457683,4.59106275808724,10.));
#4219=CARTESIAN_POINT('',(4.30791087703037,4.58835316540283,10.));
#4220=CARTESIAN_POINT('',(4.29572918319727,4.58580933260853,10.));
#4221=CARTESIAN_POINT('',(3.28194508627705,4.03414895246815,10.));
#4222=CARTESIAN_POINT('',(4.29572918319727,4.58580933260853,10.));
#4223=CARTESIAN_POINT('',(4.29136359092715,4.58501569942882,10.));
#4224=CARTESIAN_POINT('',(4.27967786055761,4.58285501550648,10.));
#4225=CARTESIAN_POINT('',(4.26443018440544,4.57990753305727,10.));
#4226=CARTESIAN_POINT('',(4.24735961798642,4.57647140388179,10.));
#4227=CARTESIAN_POINT('',(4.22971978828957,4.57279293652807,10.));
#4228=CARTESIAN_POINT('',(4.21236958203037,4.56899087520513,10.));
#4229=CARTESIAN_POINT('',(4.1985360849407,4.56584048837565,10.));
#4230=CARTESIAN_POINT('',(4.18655129938259,4.56305536199352,10.));
#4231=CARTESIAN_POINT('',(4.16926055098173,4.55891940273801,10.));
#4232=CARTESIAN_POINT('',(4.14692887682108,4.55331729325511,10.));
#4233=CARTESIAN_POINT('',(4.12880240389952,4.54852809286598,10.));
#4234=CARTESIAN_POINT('',(4.10871620889204,4.54306079633159,10.));
#4235=CARTESIAN_POINT('',(4.08697532706373,4.53691629457142,10.));
#4236=CARTESIAN_POINT('',(4.05819249923493,4.52828463264439,10.));
#4237=CARTESIAN_POINT('',(4.03902627586948,4.5222235560521,10.));
#4238=CARTESIAN_POINT('',(4.01796689901128,4.51537374636137,10.));
#4239=CARTESIAN_POINT('',(3.99369779574524,4.50720674833813,10.));
#4240=CARTESIAN_POINT('',(3.95693113914965,4.49401503213683,10.));
#4241=CARTESIAN_POINT('',(3.92924391896233,4.4833761255691,9.99999999999999));
#4242=CARTESIAN_POINT('',(3.90191563036684,4.47243085190822,9.99999999999999));
#4243=CARTESIAN_POINT('',(3.86666262647996,4.45779388701766,9.99999999999999));
#4244=CARTESIAN_POINT('',(3.8113977850181,4.43285048793191,9.99999999999999));
#4245=CARTESIAN_POINT('',(3.76839039973571,4.41122959241221,9.99999999999999));
#4246=CARTESIAN_POINT('',(3.72265451918615,4.38694992963036,9.99999999999999));
#4247=CARTESIAN_POINT('',(3.68034164914299,4.3631725393349,9.99999999999999));
#4248=CARTESIAN_POINT('',(3.63207165772605,4.33319858549925,9.99999999999999));
#4249=CARTESIAN_POINT('',(3.59246550323875,4.30708116452957,9.99999999999999));
#4250=CARTESIAN_POINT('',(3.55981630370792,4.28443194564887,9.99999999999999));
#4251=CARTESIAN_POINT('',(3.51482093140716,4.25127426674598,9.99999999999999));
#4252=CARTESIAN_POINT('',(3.47830934632677,4.22234259314394,9.99999999999999));
#4253=CARTESIAN_POINT('',(3.4339153110058,4.18497813854067,9.99999999999999));
#4254=CARTESIAN_POINT('',(3.39552834770463,4.15063906233642,9.99999999999999));
#4255=CARTESIAN_POINT('',(3.3588031686076,4.11515019635134,9.99999999999999));
#4256=CARTESIAN_POINT('',(3.3251974060345,4.08118236409595,9.99999999999999));
#4257=CARTESIAN_POINT('',(3.3020589808388,4.05655271460018,9.99999999999999));
#4258=CARTESIAN_POINT('',(3.28461867513876,4.03714459781107,9.99999999999999));
#4259=CARTESIAN_POINT('',(3.28194508627705,4.03414895246815,9.99999999999999));
#4260=CARTESIAN_POINT('',(3.28194508627705,4.03414895246815,10.));
#4261=CARTESIAN_POINT('',(3.28034687549128,4.03235823496103,9.99999999999999));
#4262=CARTESIAN_POINT('',(3.27746001420675,4.02910698259705,9.99999999999997));
#4263=CARTESIAN_POINT('',(3.27429847157104,4.02551298894997,9.99999999999995));
#4264=CARTESIAN_POINT('',(3.27201616488999,4.02290516358348,9.99999999999993));
#4265=CARTESIAN_POINT('',(3.27000740510318,4.02060239991517,9.99999999999992));
#4266=CARTESIAN_POINT('',(3.2668668088251,4.01698176843868,9.9999999999999));
#4267=CARTESIAN_POINT('',(3.26298405151474,4.01246955973902,9.99999999999987));
#4268=CARTESIAN_POINT('',(3.258622282332,4.00735209075112,9.99999999999984));
#4269=CARTESIAN_POINT('',(3.25440845065994,4.00235919172221,9.99999999999981));
#4270=CARTESIAN_POINT('',(3.25102612659666,3.99831399929012,9.99999999999979));
#4271=CARTESIAN_POINT('',(3.24835926874407,3.99510386484314,9.99999999999977));
#4272=CARTESIAN_POINT('',(3.24530822444852,3.9914136922298,9.99999999999974));
#4273=CARTESIAN_POINT('',(3.24112143248453,3.98630760044717,9.99999999999972));
#4274=CARTESIAN_POINT('',(3.23534339769457,3.9791772682346,9.99999999999967));
#4275=CARTESIAN_POINT('',(3.22839118974018,3.97047306677987,9.99999999999962));
#4276=CARTESIAN_POINT('',(3.22064888257133,3.96059970293259,9.99999999999957));
#4277=CARTESIAN_POINT('',(3.21452623482699,3.95263879550307,9.99999999999952));
#4278=CARTESIAN_POINT('',(3.20777371653787,3.94375101153823,9.99999999999947));
#4279=CARTESIAN_POINT('',(3.1999654949084,3.93331272140465,9.99999999999941));
#4280=CARTESIAN_POINT('',(3.18930588801293,3.91868182979693,9.99999999999933));
#4281=CARTESIAN_POINT('',(3.17843972520906,3.90334118400699,9.99999999999925));
#4282=CARTESIAN_POINT('',(3.16947385206816,3.89031078146727,9.99999999999917));
#4283=CARTESIAN_POINT('',(3.16257541076685,3.88006496049189,9.99999999999912));
#4284=CARTESIAN_POINT('',(3.15613556058401,3.87036666612297,9.99999999999907));
#4285=CARTESIAN_POINT('',(3.14839289228312,3.85847252933162,9.999999999999));
#4286=CARTESIAN_POINT('',(3.13923131568811,3.84402210822585,9.99999999999893));
#4287=CARTESIAN_POINT('',(3.13007545722013,3.82918481923401,9.99999999999885));
#4288=CARTESIAN_POINT('',(3.12233676463152,3.81628721820313,9.99999999999878));
#4289=CARTESIAN_POINT('',(3.11615178924408,3.80574875528699,9.99999999999873));
#4290=CARTESIAN_POINT('',(3.10981735723003,3.79479144182246,9.99999999999867));
#4291=CARTESIAN_POINT('',(3.10178611685177,3.78057765217708,9.9999999999986));
#4292=CARTESIAN_POINT('',(3.092142445021,3.76294355563895,9.99999999999851));
#4293=CARTESIAN_POINT('',(3.08549500514144,3.75036781148037,9.99999999999845));
#4294=CARTESIAN_POINT('',(3.07847196714146,3.73683660180365,9.99999999999838));
#4295=CARTESIAN_POINT('',(3.07093557974642,3.72200219958663,9.99999999999831));
#4296=CARTESIAN_POINT('',(3.06005851297613,3.69969368150832,9.9999999999982));
#4297=CARTESIAN_POINT('',(3.0492296355995,3.6764892136221,9.99999999999809));
#4298=CARTESIAN_POINT('',(3.04201386776569,3.66029866975624,9.99999999999801));
#4299=CARTESIAN_POINT('',(3.03467446152463,3.64342960074293,9.99999999999793));
#4300=CARTESIAN_POINT('',(3.02720708429259,3.62580976640602,9.99999999999785));
#4301=CARTESIAN_POINT('',(3.01652682330741,3.59926693488465,9.99999999999773));
#4302=CARTESIAN_POINT('',(3.00770161770328,3.57611413989404,9.99999999999762));
#4303=CARTESIAN_POINT('',(3.00094364485883,3.55758717645972,9.99999999999754));
#4304=CARTESIAN_POINT('',(2.99417863819835,3.53849206854307,9.99999999999745));
#4305=CARTESIAN_POINT('',(2.98610672468362,3.5146844782827,9.99999999999735));
#4306=CARTESIAN_POINT('',(2.97688492326757,3.48570417374498,9.99999999999722));
#4307=CARTESIAN_POINT('',(2.97082642455089,3.46541586860945,9.99999999999714));
#4308=CARTESIAN_POINT('',(2.96482313877435,3.44460301197969,9.99999999999705));
#4309=CARTESIAN_POINT('',(2.95864518798569,3.42231430893919,9.99999999999696));
#4310=CARTESIAN_POINT('',(2.95036492698218,3.3901016890893,9.99999999999682));
#4311=CARTESIAN_POINT('',(2.94260067720993,3.35738911152197,9.99999999999669));
#4312=CARTESIAN_POINT('',(2.93539103451742,3.32434291577872,9.99999999999655));
#4313=CARTESIAN_POINT('',(2.93075003727024,3.30107733539857,9.99999999999646));
#4314=CARTESIAN_POINT('',(2.92650889380402,3.2786999926713,9.99999999999637));
#4315=CARTESIAN_POINT('',(2.9224471590992,3.25618990718026,9.99999999999628));
#4316=CARTESIAN_POINT('',(2.91708523334213,3.22341523411498,9.99999999999616));
#4317=CARTESIAN_POINT('',(2.91212131949919,3.18952802668956,9.99999999999603));
#4318=CARTESIAN_POINT('',(2.9077337687576,3.15576670776316,9.9999999999959));
#4319=CARTESIAN_POINT('',(2.90390758665086,3.12222500264661,9.99999999999577));
#4320=CARTESIAN_POINT('',(2.90159500705553,3.09882604022621,9.99999999999569));
#4321=CARTESIAN_POINT('',(2.89960952903283,3.07694090439823,9.99999999999561));
#4322=CARTESIAN_POINT('',(2.89781821216456,3.0555102399177,9.99999999999553));
#4323=CARTESIAN_POINT('',(2.89564041367166,3.02462526052338,9.99999999999542));
#4324=CARTESIAN_POINT('',(2.89381537691871,2.99274859768546,9.99999999999531));
#4325=CARTESIAN_POINT('',(2.8923894788139,2.96059709353137,9.99999999999519));
#4326=CARTESIAN_POINT('',(2.89167228634835,2.93790249509232,9.99999999999512));
#4327=CARTESIAN_POINT('',(2.89112652933005,2.91580233295227,9.99999999999504));
#4328=CARTESIAN_POINT('',(2.89071123862498,2.89308862512661,9.99999999999496));
#4329=CARTESIAN_POINT('',(2.89057674457484,2.87151957040056,9.99999999999489));
#4330=CARTESIAN_POINT('',(2.89057674633148,2.8600149368658,9.99999999999485));
#4331=CARTESIAN_POINT('',(14.5,-8.37157890324958,10.));
#4332=CARTESIAN_POINT('',(14.5,8.37157890324956,10.));
#4333=CARTESIAN_POINT('',(14.5,-8.37157890324958,10.));
#4334=VECTOR('',#4335,1.);
#4335=DIRECTION('',(1.06094493041852E-15,1.,0.));
#4336=CARTESIAN_POINT('',(1.03239184176734E-14,16.7431578064991,10.));
#4337=CARTESIAN_POINT('',(14.5,8.37157890324957,10.));
#4338=VECTOR('',#4339,1.);
#4339=DIRECTION('',(-0.866025403784439,0.5,0.));
#4340=CARTESIAN_POINT('',(-14.5,8.37157890324958,10.));
#4341=CARTESIAN_POINT('',(9.76822904969052E-15,16.7431578064991,10.));
#4342=VECTOR('',#4343,1.);
#4343=DIRECTION('',(-0.866025403784439,-0.499999999999999,0.));
#4344=CARTESIAN_POINT('',(-14.5,-8.37157890324956,10.));
#4345=CARTESIAN_POINT('',(-14.5,8.37157890324959,10.));
#4346=VECTOR('',#4347,1.);
#4347=DIRECTION('',(-5.30472465209259E-16,-1.,0.));
#4348=CARTESIAN_POINT('',(-9.03791008081591E-15,-16.7431578064991,10.));
#4349=CARTESIAN_POINT('',(-14.5,-8.37157890324957,10.));
#4350=VECTOR('',#4351,1.);
#4351=DIRECTION('',(0.866025403784438,-0.500000000000001,0.));
#4352=CARTESIAN_POINT('',(-1.12947857085501E-14,-16.7431578064991,10.));
#4353=VECTOR('',#4354,1.);
#4354=DIRECTION('',(0.866025403784439,0.5,0.));
#4355=CARTESIAN_POINT('',(11.5854134262226,6.,10.));
#4356=CARTESIAN_POINT('',(10.5854134262226,7.,10.));
#4357=AXIS2_PLACEMENT_3D('',#4358,#4359,#4360);
#4358=CARTESIAN_POINT('',(10.5854134262226,6.,10.));
#4359=DIRECTION('',(0.,0.,-1.));
#4360=DIRECTION('',(0.,1.,0.));
#4361=CARTESIAN_POINT('',(11.5854134262226,-5.8249918127718,10.));
#4362=CARTESIAN_POINT('',(11.5854134262226,-5.8249918127718,10.));
#4363=VECTOR('',#4364,1.);
#4364=DIRECTION('',(0.,1.,0.));
#4365=CARTESIAN_POINT('',(10.5854134262226,-6.8249918127718,10.));
#4366=AXIS2_PLACEMENT_3D('',#4367,#4368,#4369);
#4367=CARTESIAN_POINT('',(10.5854134262226,-5.8249918127718,10.));
#4368=DIRECTION('',(0.,0.,-1.));
#4369=DIRECTION('',(1.,8.88178419700125E-16,0.));
#4370=CARTESIAN_POINT('',(6.05920190896722,-6.8249918127718,10.));
#4371=CARTESIAN_POINT('',(6.05920190896722,-6.8249918127718,10.));
#4372=VECTOR('',#4373,1.);
#4373=DIRECTION('',(1.,-1.9622998534516E-16,0.));
#4374=CARTESIAN_POINT('',(3.61202106902164,-6.68825597778541,10.));
#4375=CARTESIAN_POINT('',(3.61202106902164,-6.68825597778541,10.));
#4376=CARTESIAN_POINT('',(3.61775935307158,-6.68922909421592,10.));
#4377=CARTESIAN_POINT('',(3.63337336718633,-6.69184827862605,10.));
#4378=CARTESIAN_POINT('',(3.65347309641301,-6.6951224084005,10.));
#4379=CARTESIAN_POINT('',(3.67761634479003,-6.69895325001933,9.99999999999999));
#4380=CARTESIAN_POINT('',(3.70242996708234,-6.70278892459935,9.99999999999999));
#4381=CARTESIAN_POINT('',(3.72738140214023,-6.70650760150931,9.99999999999999));
#4382=CARTESIAN_POINT('',(3.74545440445357,-6.70913032127931,9.99999999999999));
#4383=CARTESIAN_POINT('',(3.75820488469679,-6.71095646757725,9.99999999999999));
#4384=CARTESIAN_POINT('',(3.77170831768354,-6.71286306378061,9.99999999999998));
#4385=CARTESIAN_POINT('',(3.79010428983776,-6.7154131312846,9.99999999999998));
#4386=CARTESIAN_POINT('',(3.81145512920512,-6.71830636167079,9.99999999999998));
#4387=CARTESIAN_POINT('',(3.83601924927797,-6.72154537056193,9.99999999999998));
#4388=CARTESIAN_POINT('',(3.85985783409411,-6.7246008644417,9.99999999999998));
#4389=CARTESIAN_POINT('',(3.8774739166249,-6.72680048279349,9.99999999999998));
#4390=CARTESIAN_POINT('',(3.89207182762409,-6.72859612562625,9.99999999999997));
#4391=CARTESIAN_POINT('',(3.90787995933956,-6.73051642904634,9.99999999999997));
#4392=CARTESIAN_POINT('',(3.93031220475,-6.73317970589577,9.99999999999997));
#4393=CARTESIAN_POINT('',(3.95658964194039,-6.73621428838518,9.99999999999997));
#4394=CARTESIAN_POINT('',(3.98446072743784,-6.73933989921152,9.99999999999996));
#4395=CARTESIAN_POINT('',(4.01431615036001,-6.74258520586054,9.99999999999996));
#4396=CARTESIAN_POINT('',(4.04558301910134,-6.7458738812524,9.99999999999996));
#4397=CARTESIAN_POINT('',(4.07898393341335,-6.7492689228043,9.99999999999996));
#4398=CARTESIAN_POINT('',(4.10854708436168,-6.75216668952488,9.99999999999995));
#4399=CARTESIAN_POINT('',(4.13358984828275,-6.7545498521273,9.99999999999995));
#4400=CARTESIAN_POINT('',(4.16133483580508,-6.75713641617596,9.99999999999995));
#4401=CARTESIAN_POINT('',(4.1977883711616,-6.7604234337034,9.99999999999994));
#4402=CARTESIAN_POINT('',(4.25216667710241,-6.76509947633204,9.99999999999994));
#4403=CARTESIAN_POINT('',(4.31795291600069,-6.77041296560841,9.99999999999993));
#4404=CARTESIAN_POINT('',(4.3963861818427,-6.77626577660442,9.99999999999993));
#4405=CARTESIAN_POINT('',(4.46468412559575,-6.78094374535804,9.99999999999992));
#4406=CARTESIAN_POINT('',(4.51642345404677,-6.7842596152788,9.99999999999991));
#4407=CARTESIAN_POINT('',(4.56530754850796,-6.78727611893279,9.99999999999991));
#4408=CARTESIAN_POINT('',(4.62803865675139,-6.79093293909337,9.9999999999999));
#4409=CARTESIAN_POINT('',(4.71023246577924,-6.79532265351287,9.9999999999999));
#4410=CARTESIAN_POINT('',(4.79902199426375,-6.79963050620433,9.99999999999989));
#4411=CARTESIAN_POINT('',(4.8934993510672,-6.80375327497195,9.99999999999988));
#4412=CARTESIAN_POINT('',(4.99256094095055,-6.80759201887694,9.99999999999987));
#4413=CARTESIAN_POINT('',(5.06188842640709,-6.80995458654094,9.99999999999986));
#4414=CARTESIAN_POINT('',(5.13368288830903,-6.81223481666493,9.99999999999986));
#4415=CARTESIAN_POINT('',(5.20942437543447,-6.81445353639748,9.99999999999985));
#4416=CARTESIAN_POINT('',(5.32173843758992,-6.81724500953201,9.99999999999984));
#4417=CARTESIAN_POINT('',(5.43823975016155,-6.81964137113463,9.99999999999983));
#4418=CARTESIAN_POINT('',(5.55783923368108,-6.82160582712949,9.99999999999982));
#4419=CARTESIAN_POINT('',(5.66095050434472,-6.82289006309576,9.99999999999981));
#4420=CARTESIAN_POINT('',(5.74314540837131,-6.8236765582259,9.9999999999998));
#4421=CARTESIAN_POINT('',(5.82678165410754,-6.82432263885155,9.99999999999979));
#4422=CARTESIAN_POINT('',(5.9312078582071,-6.82485287012698,9.99999999999978));
#4423=CARTESIAN_POINT('',(6.01625722666805,-6.82499162445112,9.99999999999978));
#4424=CARTESIAN_POINT('',(6.05920190873957,-6.8249918127718,9.99999999999977));
#4425=CARTESIAN_POINT('',(2.16916130636301,-6.11772749338776,10.));
#4426=CARTESIAN_POINT('',(2.16916130636301,-6.11772749338776,10.));
#4427=CARTESIAN_POINT('',(2.17294658480553,-6.12030699627717,10.));
#4428=CARTESIAN_POINT('',(2.18363768393196,-6.12756164200708,10.));
#4429=CARTESIAN_POINT('',(2.19733412261103,-6.13674453006946,10.));
#4430=CARTESIAN_POINT('',(2.21540358828705,-6.14872502205578,9.99999999999999));
#4431=CARTESIAN_POINT('',(2.23448579587866,-6.16121910803275,9.99999999999999));
#4432=CARTESIAN_POINT('',(2.25390509735376,-6.17370401050998,9.99999999999999));
#4433=CARTESIAN_POINT('',(2.27582279241652,-6.18761696450986,9.99999999999999));
#4434=CARTESIAN_POINT('',(2.29801908098966,-6.20148493036881,9.99999999999998));
#4435=CARTESIAN_POINT('',(2.32071473661319,-6.2153607548781,9.99999999999998));
#4436=CARTESIAN_POINT('',(2.33514063612294,-6.22406075757211,9.99999999999998));
#4437=CARTESIAN_POINT('',(2.34588744654418,-6.23049636801265,9.99999999999998));
#4438=CARTESIAN_POINT('',(2.35774244961079,-6.2375379714889,9.99999999999998));
#4439=CARTESIAN_POINT('',(2.37306439510195,-6.24654085606935,9.99999999999997));
#4440=CARTESIAN_POINT('',(2.39072495644169,-6.25678995878268,9.99999999999997));
#4441=CARTESIAN_POINT('',(2.41395784399364,-6.27007260500955,9.99999999999997));
#4442=CARTESIAN_POINT('',(2.43642381949745,-6.28266006089425,9.99999999999996));
#4443=CARTESIAN_POINT('',(2.45968685131866,-6.29545912342703,9.99999999999996));
#4444=CARTESIAN_POINT('',(2.49075810583023,-6.31229694851757,9.99999999999996));
#4445=CARTESIAN_POINT('',(2.53786047837515,-6.33704666130475,9.99999999999995));
#4446=CARTESIAN_POINT('',(2.60080602030073,-6.36858880142293,9.99999999999994));
#4447=CARTESIAN_POINT('',(2.65998895713642,-6.39666996604342,9.99999999999994));
#4448=CARTESIAN_POINT('',(2.74632902524114,-6.43575167404878,9.99999999999993));
#4449=CARTESIAN_POINT('',(2.8482249559755,-6.47830073414007,9.99999999999991));
#4450=CARTESIAN_POINT('',(2.94641146733431,-6.51477546972433,9.9999999999999));
#4451=CARTESIAN_POINT('',(3.0292219858791,-6.54353395862969,9.99999999999989));
#4452=CARTESIAN_POINT('',(3.09277619860794,-6.56426061672329,9.99999999999988));
#4453=CARTESIAN_POINT('',(3.16426325509439,-6.58577271779858,9.99999999999988));
#4454=CARTESIAN_POINT('',(3.21611849191595,-6.60050418426682,9.99999999999987));
#4455=CARTESIAN_POINT('',(3.26271589768914,-6.61308359264257,9.99999999999986));
#4456=CARTESIAN_POINT('',(3.30661099534187,-6.62437574070448,9.99999999999986));
#4457=CARTESIAN_POINT('',(3.33684278959688,-6.63177631602399,9.99999999999986));
#4458=CARTESIAN_POINT('',(3.36604179261893,-6.63873393797925,9.99999999999985));
#4459=CARTESIAN_POINT('',(3.39514638993729,-6.6454922354671,9.99999999999985));
#4460=CARTESIAN_POINT('',(3.43796295426277,-6.65493889982225,9.99999999999985));
#4461=CARTESIAN_POINT('',(3.48169306785087,-6.66407315425514,9.99999999999984));
#4462=CARTESIAN_POINT('',(3.52536406246229,-6.67269057460062,9.99999999999984));
#4463=CARTESIAN_POINT('',(3.56107226481544,-6.67933301873523,9.99999999999983));
#4464=CARTESIAN_POINT('',(3.58993085022003,-6.68446803854011,9.99999999999983));
#4465=CARTESIAN_POINT('',(3.60428975733086,-6.68694485811953,9.99999999999983));
#4466=CARTESIAN_POINT('',(3.61202106902164,-6.68825597778541,9.99999999999983));
#4467=CARTESIAN_POINT('',(1.10823591630426,-4.96251946053,10.));
#4468=CARTESIAN_POINT('',(1.10823591630426,-4.96251946053,10.));
#4469=CARTESIAN_POINT('',(1.11075565138798,-4.96680304490704,10.));
#4470=CARTESIAN_POINT('',(1.11788466246249,-4.97887409645581,10.));
#4471=CARTESIAN_POINT('',(1.12705889561176,-4.99423380955287,10.));
#4472=CARTESIAN_POINT('',(1.13918804867171,-5.01432992445473,10.));
#4473=CARTESIAN_POINT('',(1.15208429666156,-5.03544994870872,10.));
#4474=CARTESIAN_POINT('',(1.16573236573166,-5.05742723925355,10.));
#4475=CARTESIAN_POINT('',(1.18307752373553,-5.08501325792189,10.));
#4476=CARTESIAN_POINT('',(1.20090743633152,-5.11286437485167,10.));
#4477=CARTESIAN_POINT('',(1.22068375616475,-5.14305824346808,10.));
#4478=CARTESIAN_POINT('',(1.24017112609318,-5.17235824730724,10.));
#4479=CARTESIAN_POINT('',(1.26100806778526,-5.20307142974458,10.));
#4480=CARTESIAN_POINT('',(1.28272127465308,-5.23432283472624,10.));
#4481=CARTESIAN_POINT('',(1.29788456695933,-5.25576208687844,10.));
#4482=CARTESIAN_POINT('',(1.30815145385726,-5.27011772348111,10.));
#4483=CARTESIAN_POINT('',(1.3183664109623,-5.28429892270998,10.));
#4484=CARTESIAN_POINT('',(1.33133083217,-5.30210701986531,10.));
#4485=CARTESIAN_POINT('',(1.35004629731207,-5.3274376956483,10.));
#4486=CARTESIAN_POINT('',(1.37226723885773,-5.35695344174137,10.));
#4487=CARTESIAN_POINT('',(1.39836815001171,-5.39083157282206,10.));
#4488=CARTESIAN_POINT('',(1.4238852833263,-5.42315652733398,10.));
#4489=CARTESIAN_POINT('',(1.44192976805316,-5.44550538674332,10.));
#4490=CARTESIAN_POINT('',(1.4574228245261,-5.46447332728071,10.));
#4491=CARTESIAN_POINT('',(1.47379102176518,-5.48430372749165,10.));
#4492=CARTESIAN_POINT('',(1.49789677060865,-5.51292519304614,10.));
#4493=CARTESIAN_POINT('',(1.52450703494204,-5.54381433798909,10.));
#4494=CARTESIAN_POINT('',(1.55223969392139,-5.57526148914762,10.));
#4495=CARTESIAN_POINT('',(1.58120376077103,-5.60731683127906,10.0000000000001));
#4496=CARTESIAN_POINT('',(1.61107160786834,-5.63955610962313,10.0000000000001));
#4497=CARTESIAN_POINT('',(1.63911988862892,-5.66906890482881,10.0000000000001));
#4498=CARTESIAN_POINT('',(1.65987889125481,-5.69042543351871,10.0000000000001));
#4499=CARTESIAN_POINT('',(1.6809619628473,-5.71183426721015,10.0000000000001));
#4500=CARTESIAN_POINT('',(1.70512110904667,-5.73596555061239,10.0000000000001));
#4501=CARTESIAN_POINT('',(1.73783317673456,-5.76778179460644,10.0000000000001));
#4502=CARTESIAN_POINT('',(1.77122582528273,-5.79939516700803,10.0000000000001));
#4503=CARTESIAN_POINT('',(1.80521696571562,-5.83070781742011,10.0000000000001));
#4504=CARTESIAN_POINT('',(1.83979443721815,-5.86169167974396,10.0000000000001));
#4505=CARTESIAN_POINT('',(1.86334655800828,-5.88221453287868,10.0000000000001));
#4506=CARTESIAN_POINT('',(1.88688946448818,-5.90243826246918,10.0000000000001));
#4507=CARTESIAN_POINT('',(1.91054423430498,-5.92247360509557,10.0000000000001));
#4508=CARTESIAN_POINT('',(1.94622928425328,-5.95185993903176,10.0000000000001));
#4509=CARTESIAN_POINT('',(1.98246737913587,-5.98086250644796,10.0000000000001));
#4510=CARTESIAN_POINT('',(2.01916118770777,-6.00939803125537,10.0000000000001));
#4511=CARTESIAN_POINT('',(2.04660606874185,-6.03012985131506,10.0000000000001));
#4512=CARTESIAN_POINT('',(2.0715986456449,-6.04867517655777,10.0000000000001));
#4513=CARTESIAN_POINT('',(2.09661845771948,-6.06696891915433,10.0000000000001));
#4514=CARTESIAN_POINT('',(2.13146739142198,-6.0917872378033,10.0000000000001));
#4515=CARTESIAN_POINT('',(2.15663050004729,-6.10918833052946,10.0000000000001));
#4516=CARTESIAN_POINT('',(2.16916130636301,-6.11772749338776,10.0000000000001));
#4517=CARTESIAN_POINT('',(0.68387729076066,-3.34515877164874,10.));
#4518=CARTESIAN_POINT('',(0.68387729076066,-3.34515877306034,10.));
#4519=CARTESIAN_POINT('',(0.683877290703903,-3.34942714478749,10.));
#4520=CARTESIAN_POINT('',(0.683900556879712,-3.36317471653664,10.));
#4521=CARTESIAN_POINT('',(0.684007607729059,-3.37811340388035,10.));
#4522=CARTESIAN_POINT('',(0.684281858934145,-3.40205730803446,10.));
#4523=CARTESIAN_POINT('',(0.684597308607235,-3.42031781848353,10.));
#4524=CARTESIAN_POINT('',(0.685271349810889,-3.44813428791908,10.));
#4525=CARTESIAN_POINT('',(0.686047441028263,-3.47384584726502,10.));
#4526=CARTESIAN_POINT('',(0.687188365286586,-3.50291337969694,10.));
#4527=CARTESIAN_POINT('',(0.688083843831285,-3.52200114691464,10.));
#4528=CARTESIAN_POINT('',(0.688752645096568,-3.53531019421118,10.));
#4529=CARTESIAN_POINT('',(0.689366469641394,-3.54692462417786,10.));
#4530=CARTESIAN_POINT('',(0.690433140083462,-3.56549241503596,10.));
#4531=CARTESIAN_POINT('',(0.691770542240599,-3.58669799948331,10.));
#4532=CARTESIAN_POINT('',(0.693450797175797,-3.61075689442443,10.));
#4533=CARTESIAN_POINT('',(0.695227473570012,-3.63385513197877,10.));
#4534=CARTESIAN_POINT('',(0.696807922158761,-3.65278076917825,10.0000000000001));
#4535=CARTESIAN_POINT('',(0.698034480756902,-3.66668977814189,10.0000000000001));
#4536=CARTESIAN_POINT('',(0.699396870791933,-3.6816050040409,10.0000000000001));
#4537=CARTESIAN_POINT('',(0.701231636188657,-3.7006674844641,10.0000000000001));
#4538=CARTESIAN_POINT('',(0.703753860593055,-3.72508300981494,10.0000000000001));
#4539=CARTESIAN_POINT('',(0.706599075210775,-3.75075874107216,10.0000000000001));
#4540=CARTESIAN_POINT('',(0.709840102882185,-3.77802613173034,10.0000000000001));
#4541=CARTESIAN_POINT('',(0.713459608057412,-3.80643161039277,10.0000000000001));
#4542=CARTESIAN_POINT('',(0.717538787020763,-3.83633239095348,10.0000000000001));
#4543=CARTESIAN_POINT('',(0.721380682785524,-3.86265399372552,10.0000000000001));
#4544=CARTESIAN_POINT('',(0.724704214938484,-3.88426146013428,10.0000000000001));
#4545=CARTESIAN_POINT('',(0.728386146725374,-3.90740121598123,10.0000000000001));
#4546=CARTESIAN_POINT('',(0.733331889852824,-3.93695392649945,10.0000000000001));
#4547=CARTESIAN_POINT('',(0.740118115125537,-3.9748069283103,10.0000000000001));
#4548=CARTESIAN_POINT('',(0.747749183717003,-4.01454426752772,10.0000000000001));
#4549=CARTESIAN_POINT('',(0.757405426180862,-4.06147782077006,10.0000000000001));
#4550=CARTESIAN_POINT('',(0.769390439756402,-4.11525649018249,10.0000000000001));
#4551=CARTESIAN_POINT('',(0.779880090202967,-4.15831085888148,10.0000000000001));
#4552=CARTESIAN_POINT('',(0.790394018370309,-4.19935469996669,10.0000000000001));
#4553=CARTESIAN_POINT('',(0.800472478262955,-4.237046973272,10.0000000000001));
#4554=CARTESIAN_POINT('',(0.815174693719622,-4.28842088305662,10.0000000000002));
#4555=CARTESIAN_POINT('',(0.830952594330859,-4.34013142486973,10.0000000000002));
#4556=CARTESIAN_POINT('',(0.848232046124382,-4.39328668644711,10.0000000000002));
#4557=CARTESIAN_POINT('',(0.864600795688892,-4.44057448052533,10.0000000000002));
#4558=CARTESIAN_POINT('',(0.878002620845948,-4.47741831996629,10.0000000000002));
#4559=CARTESIAN_POINT('',(0.892035771965437,-4.5148325327499,10.0000000000002));
#4560=CARTESIAN_POINT('',(0.909676866975565,-4.55993538099722,10.0000000000002));
#4561=CARTESIAN_POINT('',(0.926393616807534,-4.60024319002729,10.0000000000002));
#4562=CARTESIAN_POINT('',(0.942659192273419,-4.63818847979058,10.0000000000002));
#4563=CARTESIAN_POINT('',(0.959666898632501,-4.67674939101975,10.0000000000002));
#4564=CARTESIAN_POINT('',(0.983025082992321,-4.72702691090081,10.0000000000002));
#4565=CARTESIAN_POINT('',(1.00180267047771,-4.76552967937078,10.0000000000002));
#4566=CARTESIAN_POINT('',(1.0212047611364,-4.80425591821959,10.0000000000002));
#4567=CARTESIAN_POINT('',(1.04365488405886,-4.84760998770395,10.0000000000003));
#4568=CARTESIAN_POINT('',(1.0703595539889,-4.89655978889662,10.0000000000003));
#4569=CARTESIAN_POINT('',(1.09206319582599,-4.934813389106,10.0000000000003));
#4570=CARTESIAN_POINT('',(1.10314863479825,-4.95387103777009,10.0000000000003));
#4571=CARTESIAN_POINT('',(1.10823591630426,-4.96251946053,10.0000000000003));
#4572=CARTESIAN_POINT('',(1.20726448201979,-1.56284688086519,10.));
#4573=CARTESIAN_POINT('',(1.20726448201979,-1.56284688086519,10.));
#4574=CARTESIAN_POINT('',(1.20414319703638,-1.56768342601668,10.));
#4575=CARTESIAN_POINT('',(1.1959720431385,-1.58041305841639,10.));
#4576=CARTESIAN_POINT('',(1.18488638405333,-1.59793025147307,10.));
#4577=CARTESIAN_POINT('',(1.17280958592396,-1.61728737179514,9.99999999999999));
#4578=CARTESIAN_POINT('',(1.16076437644551,-1.636844828674,9.99999999999999));
#4579=CARTESIAN_POINT('',(1.14842714009837,-1.65721754619055,9.99999999999999));
#4580=CARTESIAN_POINT('',(1.14006363914205,-1.67124754642193,9.99999999999999));
#4581=CARTESIAN_POINT('',(1.1346076651764,-1.68046237965218,9.99999999999999));
#4582=CARTESIAN_POINT('',(1.13027943449478,-1.68780359567064,9.99999999999999));
#4583=CARTESIAN_POINT('',(1.12316282047304,-1.69997356456899,9.99999999999998));
#4584=CARTESIAN_POINT('',(1.1149901906881,-1.71409429148573,9.99999999999998));
#4585=CARTESIAN_POINT('',(1.10588756314507,-1.73001631785485,9.99999999999998));
#4586=CARTESIAN_POINT('',(1.09727849769495,-1.74526879399712,9.99999999999998));
#4587=CARTESIAN_POINT('',(1.09000648681716,-1.75830626299188,9.99999999999998));
#4588=CARTESIAN_POINT('',(1.08493837057556,-1.76747519708287,9.99999999999998));
#4589=CARTESIAN_POINT('',(1.07952854344834,-1.77731802023975,9.99999999999998));
#4590=CARTESIAN_POINT('',(1.07292734953434,-1.78942705244212,9.99999999999998));
#4591=CARTESIAN_POINT('',(1.06413373151143,-1.80576534255736,9.99999999999997));
#4592=CARTESIAN_POINT('',(1.05493305123366,-1.82309631928453,9.99999999999997));
#4593=CARTESIAN_POINT('',(1.04525610372654,-1.84159644192142,9.99999999999997));
#4594=CARTESIAN_POINT('',(1.03532423013172,-1.86088639205734,9.99999999999997));
#4595=CARTESIAN_POINT('',(1.02510025834574,-1.88107546952406,9.99999999999996));
#4596=CARTESIAN_POINT('',(1.0173388818547,-1.89667063669318,9.99999999999996));
#4597=CARTESIAN_POINT('',(1.01025360563161,-1.91107206133701,9.99999999999996));
#4598=CARTESIAN_POINT('',(1.00283065845573,-1.92630389021196,9.99999999999996));
#4599=CARTESIAN_POINT('',(0.992554579075819,-1.94775961103731,9.99999999999996));
#4600=CARTESIAN_POINT('',(0.980895494978921,-1.97262287692262,9.99999999999996));
#4601=CARTESIAN_POINT('',(0.968845536171302,-1.99890931143324,9.99999999999995));
#4602=CARTESIAN_POINT('',(0.957699486415775,-2.02383016072628,9.99999999999995));
#4603=CARTESIAN_POINT('',(0.949253946592671,-2.04313592893198,9.99999999999995));
#4604=CARTESIAN_POINT('',(0.940582655129258,-2.06323484124075,9.99999999999994));
#4605=CARTESIAN_POINT('',(0.930339189041988,-2.08742790085405,9.99999999999994));
#4606=CARTESIAN_POINT('',(0.916994803648765,-2.119908034928,9.99999999999994));
#4607=CARTESIAN_POINT('',(0.904971296903793,-2.15014306778076,9.99999999999994));
#4608=CARTESIAN_POINT('',(0.895757998159421,-2.17398982845987,9.99999999999993));
#4609=CARTESIAN_POINT('',(0.88623610028066,-2.19910198050468,9.99999999999993));
#4610=CARTESIAN_POINT('',(0.873004614038429,-2.23493512125258,9.99999999999993));
#4611=CARTESIAN_POINT('',(0.857326020967153,-2.27955932173351,9.99999999999992));
#4612=CARTESIAN_POINT('',(0.844550077938865,-2.31787224090957,9.99999999999992));
#4613=CARTESIAN_POINT('',(0.831651645236037,-2.35785279933184,9.99999999999992));
#4614=CARTESIAN_POINT('',(0.818348462895579,-2.40106037332506,9.99999999999991));
#4615=CARTESIAN_POINT('',(0.802799327335421,-2.45505922013492,9.99999999999991));
#4616=CARTESIAN_POINT('',(0.791005026114821,-2.4987219971659,9.9999999999999));
#4617=CARTESIAN_POINT('',(0.781964718065645,-2.53405915870365,9.9999999999999));
#4618=CARTESIAN_POINT('',(0.772892305061836,-2.57088269180307,9.9999999999999));
#4619=CARTESIAN_POINT('',(0.759393143586395,-2.62891406955314,9.99999999999989));
#4620=CARTESIAN_POINT('',(0.746263128762417,-2.69226291944804,9.99999999999988));
#4621=CARTESIAN_POINT('',(0.732174562462272,-2.76835716798721,9.99999999999988));
#4622=CARTESIAN_POINT('',(0.718199875291437,-2.85387490540337,9.99999999999987));
#4623=CARTESIAN_POINT('',(0.707844800082495,-2.93415268249152,9.99999999999986));
#4624=CARTESIAN_POINT('',(0.698386616301109,-3.02293993679438,9.99999999999985));
#4625=CARTESIAN_POINT('',(0.691938877855728,-3.0989891757317,9.99999999999985));
#4626=CARTESIAN_POINT('',(0.687594351723727,-3.17872477464163,9.99999999999984));
#4627=CARTESIAN_POINT('',(0.685557460237571,-3.23324058684265,9.99999999999984));
#4628=CARTESIAN_POINT('',(0.684256027078465,-3.28300113832914,9.99999999999983));
#4629=CARTESIAN_POINT('',(0.68387719477811,-3.32154801463304,9.99999999999983));
#4630=CARTESIAN_POINT('',(0.68387729076066,-3.34515877163574,9.99999999999983));
#4631=CARTESIAN_POINT('',(2.62653910022634,-0.346288555797157,10.));
#4632=CARTESIAN_POINT('',(2.62653910022634,-0.346288555797157,10.));
#4633=CARTESIAN_POINT('',(2.62119989691981,-0.348705487258425,10.));
#4634=CARTESIAN_POINT('',(2.60718414774982,-0.355090300677131,10.));
#4635=CARTESIAN_POINT('',(2.58803369849455,-0.363959750753373,10.));
#4636=CARTESIAN_POINT('',(2.56701452718492,-0.373854915512863,10.));
#4637=CARTESIAN_POINT('',(2.54590810702816,-0.383937105849169,10.));
#4638=CARTESIAN_POINT('',(2.52409560818264,-0.394553877388478,10.));
#4639=CARTESIAN_POINT('',(2.50919459199525,-0.40193235579335,10.));
#4640=CARTESIAN_POINT('',(2.49943349417763,-0.406801158867283,10.));
#4641=CARTESIAN_POINT('',(2.49167109239506,-0.410690665611846,10.));
#4642=CARTESIAN_POINT('',(2.47884173146304,-0.417175468466263,10.));
#4643=CARTESIAN_POINT('',(2.4640319970584,-0.424743171562563,10.));
#4644=CARTESIAN_POINT('',(2.44742431081618,-0.433339049151893,10.));
#4645=CARTESIAN_POINT('',(2.43163423973489,-0.441619999749523,10.));
#4646=CARTESIAN_POINT('',(2.41821122463087,-0.448744761150386,10.));
#4647=CARTESIAN_POINT('',(2.40887311770179,-0.453746497983536,10.));
#4648=CARTESIAN_POINT('',(2.39895179098989,-0.459090452736868,10.));
#4649=CARTESIAN_POINT('',(2.38689816756824,-0.465634448204329,10.));
#4650=CARTESIAN_POINT('',(2.37079389594268,-0.474485189100069,10.));
#4651=CARTESIAN_POINT('',(2.35396159441778,-0.483855652380816,10.));
#4652=CARTESIAN_POINT('',(2.33628902379668,-0.493827810360857,10.));
#4653=CARTESIAN_POINT('',(2.31810759771642,-0.504232585907177,10.));
#4654=CARTESIAN_POINT('',(2.29931116392182,-0.51514578103422,10.));
#4655=CARTESIAN_POINT('',(2.28281598190882,-0.524866270865257,10.));
#4656=CARTESIAN_POINT('',(2.26962278101291,-0.532735907862099,10.));
#4657=CARTESIAN_POINT('',(2.25572061741911,-0.54109424158522,10.));
#4658=CARTESIAN_POINT('',(2.23836010640597,-0.55165578583223,10.));
#4659=CARTESIAN_POINT('',(2.2160077123124,-0.565487808993696,10.));
#4660=CARTESIAN_POINT('',(2.19254492754351,-0.58026937862146,10.));
#4661=CARTESIAN_POINT('',(2.16757594989228,-0.596303002111519,10.));
#4662=CARTESIAN_POINT('',(2.14823535181967,-0.608976130434995,10.));
#4663=CARTESIAN_POINT('',(2.13049741393048,-0.620753416643576,10.));
#4664=CARTESIAN_POINT('',(2.11197601778571,-0.633182173539569,10.));
#4665=CARTESIAN_POINT('',(2.08578985494692,-0.651096480991092,10.));
#4666=CARTESIAN_POINT('',(2.05554454552336,-0.672276024330807,10.));
#4667=CARTESIAN_POINT('',(2.03311322967913,-0.688378698365861,10.0000000000001));
#4668=CARTESIAN_POINT('',(2.01145953172999,-0.704159527671731,10.0000000000001));
#4669=CARTESIAN_POINT('',(1.98452471983418,-0.724050763440697,10.0000000000001));
#4670=CARTESIAN_POINT('',(1.9434214345657,-0.755340300324836,10.0000000000001));
#4671=CARTESIAN_POINT('',(1.91161036175732,-0.780518637416612,10.0000000000001));
#4672=CARTESIAN_POINT('',(1.87878527598302,-0.807022764862722,10.0000000000001));
#4673=CARTESIAN_POINT('',(1.84873751630747,-0.831797911163526,10.0000000000001));
#4674=CARTESIAN_POINT('',(1.81131886021192,-0.863814284512132,10.0000000000001));
#4675=CARTESIAN_POINT('',(1.78506106407949,-0.88688462134207,10.0000000000001));
#4676=CARTESIAN_POINT('',(1.757669329864,-0.911363357514525,10.0000000000001));
#4677=CARTESIAN_POINT('',(1.72414256532911,-0.942078459917836,10.0000000000001));
#4678=CARTESIAN_POINT('',(1.68162639889113,-0.982469169898993,10.0000000000001));
#4679=CARTESIAN_POINT('',(1.64798304970925,-1.01565492815503,10.0000000000001));
#4680=CARTESIAN_POINT('',(1.61893633175717,-1.04507117882116,10.0000000000001));
#4681=CARTESIAN_POINT('',(1.58924063656809,-1.07574499956275,10.0000000000001));
#4682=CARTESIAN_POINT('',(1.55020647009917,-1.11742244165641,10.0000000000001));
#4683=CARTESIAN_POINT('',(1.50593349671721,-1.16667400908422,10.0000000000001));
#4684=CARTESIAN_POINT('',(1.46502069997552,-1.21412816151919,10.0000000000001));
#4685=CARTESIAN_POINT('',(1.43595131731018,-1.2491565355428,10.0000000000001));
#4686=CARTESIAN_POINT('',(1.40662462641303,-1.28526248397324,10.0000000000001));
#4687=CARTESIAN_POINT('',(1.37430626462665,-1.32612460970198,10.0000000000001));
#4688=CARTESIAN_POINT('',(1.33120270375185,-1.38309198460921,10.0000000000001));
#4689=CARTESIAN_POINT('',(1.2967955325818,-1.43065268284627,10.0000000000001));
#4690=CARTESIAN_POINT('',(1.26894689617698,-1.4704279517585,10.0000000000001));
#4691=CARTESIAN_POINT('',(1.24139980802309,-1.51068493013641,10.0000000000001));
#4692=CARTESIAN_POINT('',(1.22047782186309,-1.54237207762967,10.0000000000001));
#4693=CARTESIAN_POINT('',(1.20726448201979,-1.56284688086519,10.0000000000001));
#4694=CARTESIAN_POINT('',(0.683848351517002,0.907919103532463,10.));
#4695=CARTESIAN_POINT('',(0.683848351517002,0.907919103532463,10.));
#4696=CARTESIAN_POINT('',(0.68953898924164,0.90048972744487,10.));
#4697=CARTESIAN_POINT('',(0.704788149108343,0.880761238202711,10.));
#4698=CARTESIAN_POINT('',(0.725530358026171,0.85456611466786,10.));
#4699=CARTESIAN_POINT('',(0.749487430502618,0.825005336206378,10.));
#4700=CARTESIAN_POINT('',(0.774239142291033,0.795117123798263,10.));
#4701=CARTESIAN_POINT('',(0.798511122179095,0.766647913414377,10.));
#4702=CARTESIAN_POINT('',(0.816717314187755,0.745765948134684,10.));
#4703=CARTESIAN_POINT('',(0.829405392526134,0.731369947647328,10.));
#4704=CARTESIAN_POINT('',(0.842764045548021,0.716386876955234,10.));
#4705=CARTESIAN_POINT('',(0.85901430902134,0.698432046123272,10.));
#4706=CARTESIAN_POINT('',(0.876063916038463,0.679884811853617,10.));
#4707=CARTESIAN_POINT('',(0.8941975557266,0.660477703793187,10.));
#4708=CARTESIAN_POINT('',(0.913212945229283,0.640472845739408,10.));
#4709=CARTESIAN_POINT('',(0.927768090585362,0.625429660041793,10.));
#4710=CARTESIAN_POINT('',(0.941511570965435,0.611379817745019,10.));
#4711=CARTESIAN_POINT('',(0.956206039996051,0.596501209600833,10.));
#4712=CARTESIAN_POINT('',(0.980951274906163,0.571884508254442,10.));
#4713=CARTESIAN_POINT('',(1.01274973623702,0.541038911721074,10.));
#4714=CARTESIAN_POINT('',(1.05086854696342,0.505207113566819,10.));
#4715=CARTESIAN_POINT('',(1.08916006065589,0.470409802915292,10.));
#4716=CARTESIAN_POINT('',(1.11628696020503,0.446533814272685,10.));
#4717=CARTESIAN_POINT('',(1.1400362027803,0.425966089225494,10.));
#4718=CARTESIAN_POINT('',(1.16501794123921,0.404648244985458,10.));
#4719=CARTESIAN_POINT('',(1.20256571794318,0.373517451418924,10.));
#4720=CARTESIAN_POINT('',(1.24970107477431,0.335677952763359,10.));
#4721=CARTESIAN_POINT('',(1.30541360423923,0.292720855821826,10.));
#4722=CARTESIAN_POINT('',(1.3555410910056,0.255907422832875,10.));
#4723=CARTESIAN_POINT('',(1.40035635450363,0.224085858794479,10.));
#4724=CARTESIAN_POINT('',(1.44180762014876,0.195409322167267,10.));
#4725=CARTESIAN_POINT('',(1.49449163785939,0.160313723209382,10.));
#4726=CARTESIAN_POINT('',(1.55180556812161,0.123687794410794,10.));
#4727=CARTESIAN_POINT('',(1.60921364076111,0.0885254780814851,10.));
#4728=CARTESIAN_POINT('',(1.64960499487716,0.0647953263450596,10.));
#4729=CARTESIAN_POINT('',(1.69129922185907,0.0408316691692724,10.));
#4730=CARTESIAN_POINT('',(1.73596657518146,0.0157884257721937,10.));
#4731=CARTESIAN_POINT('',(1.80175119118366,-0.0194352925293246,10.));
#4732=CARTESIAN_POINT('',(1.86151750993464,-0.0499617995405324,10.));
#4733=CARTESIAN_POINT('',(1.90756864732528,-0.0725621288633272,10.));
#4734=CARTESIAN_POINT('',(1.95465592760057,-0.0951123970854241,10.));
#4735=CARTESIAN_POINT('',(2.01069168831104,-0.121058094452994,10.));
#4736=CARTESIAN_POINT('',(2.08356827061278,-0.153136077534305,10.0000000000001));
#4737=CARTESIAN_POINT('',(2.15327249174675,-0.182278461180124,10.0000000000001));
#4738=CARTESIAN_POINT('',(2.20326180821853,-0.202202476734081,10.0000000000001));
#4739=CARTESIAN_POINT('',(2.2539698314517,-0.221885728823028,10.0000000000001));
#4740=CARTESIAN_POINT('',(2.30977488427811,-0.242866467252434,10.0000000000001));
#4741=CARTESIAN_POINT('',(2.38762888750101,-0.270575114637374,10.0000000000001));
#4742=CARTESIAN_POINT('',(2.45716445118086,-0.293975482647658,10.0000000000001));
#4743=CARTESIAN_POINT('',(2.51012842409379,-0.310980650528967,10.0000000000001));
#4744=CARTESIAN_POINT('',(2.56349462102103,-0.327626765148765,10.0000000000001));
#4745=CARTESIAN_POINT('',(2.59967252071348,-0.338470035013212,10.0000000000001));
#4746=CARTESIAN_POINT('',(2.62653910022634,-0.346288555797158,10.0000000000001));
#4747=CARTESIAN_POINT('',(0.00485727753617696,2.99209166666667,10.));
#4748=CARTESIAN_POINT('',(0.00485727753617696,2.99209166664441,10.));
#4749=CARTESIAN_POINT('',(0.00485727064694454,2.98495623695332,10.));
#4750=CARTESIAN_POINT('',(0.0049047775748015,2.9662034187404,10.));
#4751=CARTESIAN_POINT('',(0.00514209289511444,2.94051144950105,9.99999999999999));
#4752=CARTESIAN_POINT('',(0.00559308841396644,2.91222899581958,9.99999999999999));
#4753=CARTESIAN_POINT('',(0.00621988103385025,2.88375629101243,9.99999999999999));
#4754=CARTESIAN_POINT('',(0.00710368788567686,2.85422733253047,9.99999999999999));
#4755=CARTESIAN_POINT('',(0.00785806322745037,2.83400044523096,9.99999999999999));
#4756=CARTESIAN_POINT('',(0.00839509955447338,2.8207259909265,9.99999999999999));
#4757=CARTESIAN_POINT('',(0.00884362096522989,2.81015617393745,9.99999999999998));
#4758=CARTESIAN_POINT('',(0.00965369960507921,2.79264432594928,9.99999999999998));
#4759=CARTESIAN_POINT('',(0.0106878797179574,2.77239019948854,9.99999999999998));
#4760=CARTESIAN_POINT('',(0.0119806533442742,2.7496191088605,9.99999999999998));
#4761=CARTESIAN_POINT('',(0.0133438968302353,2.72787760078236,9.99999999999998));
#4762=CARTESIAN_POINT('',(0.0146023357140092,2.70942387277008,9.99999999999998));
#4763=CARTESIAN_POINT('',(0.0155433677128582,2.69641697187394,9.99999999999997));
#4764=CARTESIAN_POINT('',(0.0165895286895414,2.68246203673716,9.99999999999997));
#4765=CARTESIAN_POINT('',(0.0179449528123993,2.66525356903417,9.99999999999997));
#4766=CARTESIAN_POINT('',(0.019893669205575,2.64223123529683,9.99999999999997));
#4767=CARTESIAN_POINT('',(0.0221031678332219,2.61793329119649,9.99999999999997));
#4768=CARTESIAN_POINT('',(0.0246221486410298,2.59214569914812,9.99999999999996));
#4769=CARTESIAN_POINT('',(0.0274243019061668,2.56541775421461,9.99999999999996));
#4770=CARTESIAN_POINT('',(0.0305537649647059,2.53755095474378,9.99999999999996));
#4771=CARTESIAN_POINT('',(0.0331350852489686,2.51605944381777,9.99999999999996));
#4772=CARTESIAN_POINT('',(0.0356214384446379,2.4962147036321,9.99999999999996));
#4773=CARTESIAN_POINT('',(0.0383692752420439,2.47500586227398,9.99999999999995));
#4774=CARTESIAN_POINT('',(0.0424862386497136,2.44504475222913,9.99999999999995));
#4775=CARTESIAN_POINT('',(0.0483037955492779,2.40548474985087,9.99999999999995));
#4776=CARTESIAN_POINT('',(0.0557075730050424,2.35905128902867,9.99999999999994));
#4777=CARTESIAN_POINT('',(0.0636798705873991,2.31347941836752,9.99999999999994));
#4778=CARTESIAN_POINT('',(0.0705632714449114,2.27683212019563,9.99999999999994));
#4779=CARTESIAN_POINT('',(0.0771944381194958,2.24306915954856,9.99999999999993));
#4780=CARTESIAN_POINT('',(0.0852229787062498,2.20430289143785,9.99999999999993));
#4781=CARTESIAN_POINT('',(0.0956732824135374,2.15712278413361,9.99999999999993));
#4782=CARTESIAN_POINT('',(0.107284567818899,2.1081097854092,9.99999999999992));
#4783=CARTESIAN_POINT('',(0.120233902349004,2.05697096677926,9.99999999999992));
#4784=CARTESIAN_POINT('',(0.131328712486889,2.01594960996889,9.99999999999991));
#4785=CARTESIAN_POINT('',(0.141493676965986,1.98000252616756,9.99999999999991));
#4786=CARTESIAN_POINT('',(0.152372283182609,1.94276781363917,9.99999999999991));
#4787=CARTESIAN_POINT('',(0.167699133292444,1.89303627013194,9.9999999999999));
#4788=CARTESIAN_POINT('',(0.186557159534338,1.83562081154147,9.9999999999999));
#4789=CARTESIAN_POINT('',(0.20499718203304,1.78286254951929,9.99999999999989));
#4790=CARTESIAN_POINT('',(0.219424487934912,1.74370761498754,9.99999999999989));
#4791=CARTESIAN_POINT('',(0.234656088806423,1.7035977024262,9.99999999999989));
#4792=CARTESIAN_POINT('',(0.252915156770432,1.65733492323098,9.99999999999988));
#4793=CARTESIAN_POINT('',(0.269947935861265,1.61666364325366,9.99999999999988));
#4794=CARTESIAN_POINT('',(0.287720025508987,1.57544955174669,9.99999999999988));
#4795=CARTESIAN_POINT('',(0.306395305687479,1.53339230297535,9.99999999999987));
#4796=CARTESIAN_POINT('',(0.335986286334509,1.47046265982215,9.99999999999987));
#4797=CARTESIAN_POINT('',(0.358691676656616,1.42483137897922,9.99999999999986));
#4798=CARTESIAN_POINT('',(0.380420228252408,1.38255871681911,9.99999999999986));
#4799=CARTESIAN_POINT('',(0.402800772906971,1.34019304409542,9.99999999999986));
#4800=CARTESIAN_POINT('',(0.435892525333932,1.28055988537599,9.99999999999985));
#4801=CARTESIAN_POINT('',(0.469061219117616,1.2238503921732,9.99999999999985));
#4802=CARTESIAN_POINT('',(0.494618622793687,1.18202752080226,9.99999999999984));
#4803=CARTESIAN_POINT('',(0.520930563220063,1.14005231414802,9.99999999999984));
#4804=CARTESIAN_POINT('',(0.552108810697635,1.09191683094543,9.99999999999983));
#4805=CARTESIAN_POINT('',(0.588415207772237,1.03856401506239,9.99999999999983));
#4806=CARTESIAN_POINT('',(0.61743507446488,0.997515700998539,9.99999999999983));
#4807=CARTESIAN_POINT('',(0.647013507664056,0.956660898879136,9.99999999999982));
#4808=CARTESIAN_POINT('',(0.668491364325462,0.927968142893762,9.99999999999982));
#4809=CARTESIAN_POINT('',(0.683848351517002,0.907919103532462,9.99999999999982));
#4810=CARTESIAN_POINT('',(0.443366910620279,4.82626183426159,10.));
#4811=CARTESIAN_POINT('',(0.44336691062028,4.82626183426159,10.));
#4812=CARTESIAN_POINT('',(0.441285820141265,4.82203249493036,10.));
#4813=CARTESIAN_POINT('',(0.43438729447638,4.80795985687164,10.));
#4814=CARTESIAN_POINT('',(0.427199094924741,4.79310976705741,10.));
#4815=CARTESIAN_POINT('',(0.415322750865408,4.76833677636004,10.));
#4816=CARTESIAN_POINT('',(0.406405789620844,4.74948179919914,10.));
#4817=CARTESIAN_POINT('',(0.392793641448442,4.72020987519219,9.99999999999999));
#4818=CARTESIAN_POINT('',(0.380313059804539,4.69298924186859,9.99999999999999));
#4819=CARTESIAN_POINT('',(0.366198865706427,4.661513307917,9.99999999999999));
#4820=CARTESIAN_POINT('',(0.356692946862431,4.63989127616786,9.99999999999999));
#4821=CARTESIAN_POINT('',(0.34825545042879,4.62052098120814,9.99999999999999));
#4822=CARTESIAN_POINT('',(0.33784805423031,4.59636110192892,9.99999999999999));
#4823=CARTESIAN_POINT('',(0.322738705618861,4.56046732804484,9.99999999999999));
#4824=CARTESIAN_POINT('',(0.308582967085431,4.52593036396244,9.99999999999999));
#4825=CARTESIAN_POINT('',(0.299268433026445,4.5026842944547,9.99999999999999));
#4826=CARTESIAN_POINT('',(0.292253172318161,4.48498406717448,9.99999999999999));
#4827=CARTESIAN_POINT('',(0.285662820307685,4.46819238850788,9.99999999999998));
#4828=CARTESIAN_POINT('',(0.276607682600496,4.44473753226768,9.99999999999998));
#4829=CARTESIAN_POINT('',(0.267230711063577,4.42001633633749,9.99999999999998));
#4830=CARTESIAN_POINT('',(0.257447135282271,4.39372578333223,9.99999999999998));
#4831=CARTESIAN_POINT('',(0.247463399019409,4.36634126520576,9.99999999999998));
#4832=CARTESIAN_POINT('',(0.237207576276095,4.33759350136724,9.99999999999998));
#4833=CARTESIAN_POINT('',(0.228108572322621,4.31149232300017,9.99999999999998));
#4834=CARTESIAN_POINT('',(0.221018316599735,4.29073889196925,9.99999999999998));
#4835=CARTESIAN_POINT('',(0.213485480161692,4.26840002432675,9.99999999999998));
#4836=CARTESIAN_POINT('',(0.20425406355577,4.240483003962,9.99999999999998));
#4837=CARTESIAN_POINT('',(0.190689339483384,4.19819586064734,9.99999999999997));
#4838=CARTESIAN_POINT('',(0.175237756835114,4.14805359507679,9.99999999999997));
#4839=CARTESIAN_POINT('',(0.158072523442363,4.08938034027141,9.99999999999997));
#4840=CARTESIAN_POINT('',(0.142902256943901,4.03443875900239,9.99999999999997));
#4841=CARTESIAN_POINT('',(0.133050165149129,3.99679869624639,9.99999999999996));
#4842=CARTESIAN_POINT('',(0.12422334383162,3.96217072088282,9.99999999999996));
#4843=CARTESIAN_POINT('',(0.114566006352962,3.92304838551562,9.99999999999996));
#4844=CARTESIAN_POINT('',(0.101404117990132,3.86631311929261,9.99999999999996));
#4845=CARTESIAN_POINT('',(0.0883887236239204,3.80616705102034,9.99999999999996));
#4846=CARTESIAN_POINT('',(0.0757785181166943,3.74314862907897,9.99999999999996));
#4847=CARTESIAN_POINT('',(0.0636154600538223,3.67668341193376,9.99999999999995));
#4848=CARTESIAN_POINT('',(0.0551574239797548,3.62548211318311,9.99999999999995));
#4849=CARTESIAN_POINT('',(0.0479590125432021,3.5786805564753,9.99999999999995));
#4850=CARTESIAN_POINT('',(0.0410297428683279,3.53076976031143,9.99999999999995));
#4851=CARTESIAN_POINT('',(0.0324293385163115,3.4637331887267,9.99999999999994));
#4852=CARTESIAN_POINT('',(0.0242208905610363,3.38860733044834,9.99999999999994));
#4853=CARTESIAN_POINT('',(0.017317980406121,3.31176285697612,9.99999999999994));
#4854=CARTESIAN_POINT('',(0.0128370037112957,3.24782921106512,9.99999999999994));
#4855=CARTESIAN_POINT('',(0.00989168398795659,3.19492481010029,9.99999999999993));
#4856=CARTESIAN_POINT('',(0.00744292524206242,3.14121138745058,9.99999999999993));
#4857=CARTESIAN_POINT('',(0.00555540643953079,3.07818539444029,9.99999999999993));
#4858=CARTESIAN_POINT('',(0.00491183681700091,3.02441057703061,9.99999999999993));
#4859=CARTESIAN_POINT('',(0.00485727509270939,2.99759192388582,9.99999999999993));
#4860=CARTESIAN_POINT('',(0.00485727753617732,2.99209167404839,9.99999999999993));
#4861=CARTESIAN_POINT('',(1.64102819218738,6.25025349266295,10.));
#4862=CARTESIAN_POINT('',(1.64102819218738,6.25025349266295,10.));
#4863=CARTESIAN_POINT('',(1.63650966792519,6.24708210820142,10.));
#4864=CARTESIAN_POINT('',(1.62453477410779,6.2386362080022,10.));
#4865=CARTESIAN_POINT('',(1.60836129267496,6.22708040680561,10.));
#4866=CARTESIAN_POINT('',(1.59033943927163,6.2140398716668,10.));
#4867=CARTESIAN_POINT('',(1.57217444921628,6.20074324141447,9.99999999999999));
#4868=CARTESIAN_POINT('',(1.553566370925,6.18691393536493,9.99999999999999));
#4869=CARTESIAN_POINT('',(1.54089762575001,6.1773716222926,9.99999999999999));
#4870=CARTESIAN_POINT('',(1.53227878455603,6.17084293363305,9.99999999999999));
#4871=CARTESIAN_POINT('',(1.52487265160644,6.1652087292573,9.99999999999999));
#4872=CARTESIAN_POINT('',(1.51299620583811,6.1561044851741,9.99999999999999));
#4873=CARTESIAN_POINT('',(1.49948992375087,6.14565452087409,9.99999999999999));
#4874=CARTESIAN_POINT('',(1.48422179836895,6.13371018062794,9.99999999999999));
#4875=CARTESIAN_POINT('',(1.46958140442438,6.12212505537745,9.99999999999999));
#4876=CARTESIAN_POINT('',(1.45810050960961,6.11294326084802,9.99999999999999));
#4877=CARTESIAN_POINT('',(1.44926045125316,6.10582426908268,9.99999999999999));
#4878=CARTESIAN_POINT('',(1.43971195072248,6.0980957085906,9.99999999999999));
#4879=CARTESIAN_POINT('',(1.42694924934975,6.08767762685618,9.99999999999999));
#4880=CARTESIAN_POINT('',(1.41119018753923,6.07466691445403,9.99999999999998));
#4881=CARTESIAN_POINT('',(1.39453112403476,6.06074596136942,9.99999999999998));
#4882=CARTESIAN_POINT('',(1.37676197175507,6.0457037977268,9.99999999999998));
#4883=CARTESIAN_POINT('',(1.35829121915357,6.029851450734,9.99999999999998));
#4884=CARTESIAN_POINT('',(1.33985500796216,6.0138011586527,9.99999999999998));
#4885=CARTESIAN_POINT('',(1.32680258174792,6.00227901222764,9.99999999999998));
#4886=CARTESIAN_POINT('',(1.31289665205596,5.98990804391367,9.99999999999998));
#4887=CARTESIAN_POINT('',(1.29704673299671,5.97567679424415,9.99999999999998));
#4888=CARTESIAN_POINT('',(1.27414719761975,5.95476022059677,9.99999999999998));
#4889=CARTESIAN_POINT('',(1.2495784655147,5.93190470445914,9.99999999999997));
#4890=CARTESIAN_POINT('',(1.22353537217377,5.90719759042886,9.99999999999997));
#4891=CARTESIAN_POINT('',(1.19565996176823,5.88018551558866,9.99999999999997));
#4892=CARTESIAN_POINT('',(1.16662632570835,5.85140669431639,9.99999999999997));
#4893=CARTESIAN_POINT('',(1.14344818629756,5.82788039814039,9.99999999999996));
#4894=CARTESIAN_POINT('',(1.12311198061582,5.80690199736904,9.99999999999996));
#4895=CARTESIAN_POINT('',(1.101933530273,5.78477580774279,9.99999999999996));
#4896=CARTESIAN_POINT('',(1.07316073069579,5.75405790040365,9.99999999999996));
#4897=CARTESIAN_POINT('',(1.04034438021919,5.71806601964516,9.99999999999996));
#4898=CARTESIAN_POINT('',(1.00692223839451,5.68037596897265,9.99999999999995));
#4899=CARTESIAN_POINT('',(0.973275040675433,5.64133582113054,9.99999999999995));
#4900=CARTESIAN_POINT('',(0.939355262306864,5.60081307375084,9.99999999999995));
#4901=CARTESIAN_POINT('',(0.909593570552145,5.56418342457607,9.99999999999994));
#4902=CARTESIAN_POINT('',(0.887216090328745,5.53595219593659,9.99999999999994));
#4903=CARTESIAN_POINT('',(0.864914373861627,5.50738925706872,9.99999999999994));
#4904=CARTESIAN_POINT('',(0.838870573684762,5.47333962536382,9.99999999999994));
#4905=CARTESIAN_POINT('',(0.806239555383962,5.42935968270876,9.99999999999994));
#4906=CARTESIAN_POINT('',(0.774165019649149,5.38478879992449,9.99999999999993));
#4907=CARTESIAN_POINT('',(0.742703435297418,5.33971046516854,9.99999999999993));
#4908=CARTESIAN_POINT('',(0.711913423425965,5.29422282648095,9.99999999999993));
#4909=CARTESIAN_POINT('',(0.691358013075904,5.26291174392756,9.99999999999993));
#4910=CARTESIAN_POINT('',(0.671509146310456,5.23219010496347,9.99999999999993));
#4911=CARTESIAN_POINT('',(0.651835503293448,5.20126866789276,9.99999999999992));
#4912=CARTESIAN_POINT('',(0.623398609111641,5.15521273189776,9.99999999999992));
#4913=CARTESIAN_POINT('',(0.595165681066444,5.10805713347679,9.99999999999992));
#4914=CARTESIAN_POINT('',(0.567705302807254,5.06075852613981,9.99999999999991));
#4915=CARTESIAN_POINT('',(0.542147649483674,5.01536755409647,9.99999999999991));
#4916=CARTESIAN_POINT('',(0.524838498527195,4.9837355334655,9.99999999999991));
#4917=CARTESIAN_POINT('',(0.50792409982703,4.9523525524969,9.99999999999991));
#4918=CARTESIAN_POINT('',(0.490417055329765,4.91931513155335,9.99999999999991));
#4919=CARTESIAN_POINT('',(0.466463109817327,4.87274101083053,9.9999999999999));
#4920=CARTESIAN_POINT('',(0.450968061372025,4.84170947522579,9.9999999999999));
#4921=CARTESIAN_POINT('',(0.443366910620279,4.82626183426159,9.9999999999999));
#4922=CARTESIAN_POINT('',(3.51299250330612,6.90571735720099,10.));
#4923=CARTESIAN_POINT('',(3.51299250330612,6.90571735720099,10.));
#4924=CARTESIAN_POINT('',(3.50507204307712,6.9048444472585,10.));
#4925=CARTESIAN_POINT('',(3.48298810533443,6.90236299324283,10.));
#4926=CARTESIAN_POINT('',(3.45529012432787,6.89908262454803,10.));
#4927=CARTESIAN_POINT('',(3.41970406352251,6.89467110683718,10.));
#4928=CARTESIAN_POINT('',(3.38131175252491,6.8896795459847,10.));
#4929=CARTESIAN_POINT('',(3.34843187187925,6.88509456352438,10.));
#4930=CARTESIAN_POINT('',(3.31927531819888,6.88088212911926,10.));
#4931=CARTESIAN_POINT('',(3.2967464981224,6.87754606281888,10.));
#4932=CARTESIAN_POINT('',(3.26440093423945,6.87253965560531,10.));
#4933=CARTESIAN_POINT('',(3.23445276563007,6.86771974141634,10.));
#4934=CARTESIAN_POINT('',(3.20945718418259,6.86354561692261,10.));
#4935=CARTESIAN_POINT('',(3.19185833252604,6.8605241997009,10.));
#4936=CARTESIAN_POINT('',(3.17547731633653,6.85767094640065,10.));
#4937=CARTESIAN_POINT('',(3.15514532373518,6.85405867587733,10.));
#4938=CARTESIAN_POINT('',(3.12774717651688,6.84903564483978,10.));
#4939=CARTESIAN_POINT('',(3.09817497188893,6.84343241890466,10.));
#4940=CARTESIAN_POINT('',(3.07289069079815,6.83847327033715,10.));
#4941=CARTESIAN_POINT('',(3.05109173301439,6.83408409128415,10.));
#4942=CARTESIAN_POINT('',(3.02787180438914,6.82932142276884,10.));
#4943=CARTESIAN_POINT('',(2.99744074002616,6.82289176786351,10.));
#4944=CARTESIAN_POINT('',(2.96005179253039,6.81467889664405,10.));
#4945=CARTESIAN_POINT('',(2.92978305513344,6.80775982226241,10.));
#4946=CARTESIAN_POINT('',(2.90281169259267,6.80141987952241,10.));
#4947=CARTESIAN_POINT('',(2.87393440634358,6.79448723168007,10.));
#4948=CARTESIAN_POINT('',(2.83451492483865,6.78467718268543,10.));
#4949=CARTESIAN_POINT('',(2.78749832242875,6.77243825682675,10.));
#4950=CARTESIAN_POINT('',(2.73837180313561,6.75904462287806,10.));
#4951=CARTESIAN_POINT('',(2.68684413849746,6.74431007863738,10.));
#4952=CARTESIAN_POINT('',(2.64178156066211,6.73078241183757,10.));
#4953=CARTESIAN_POINT('',(2.60599840476287,6.7196210432763,10.));
#4954=CARTESIAN_POINT('',(2.56938146009386,6.70791887700766,10.));
#4955=CARTESIAN_POINT('',(2.52378105658654,6.69282189436791,10.));
#4956=CARTESIAN_POINT('',(2.46622952704497,6.67279771934261,10.));
#4957=CARTESIAN_POINT('',(2.40720792928817,6.65119786140164,10.));
#4958=CARTESIAN_POINT('',(2.34647875748475,6.62780743277989,10.));
#4959=CARTESIAN_POINT('',(2.30078221542041,6.60927452189531,10.));
#4960=CARTESIAN_POINT('',(2.25896453068049,6.59175861020474,10.));
#4961=CARTESIAN_POINT('',(2.21624096519157,6.57338830993149,10.));
#4962=CARTESIAN_POINT('',(2.15712399073199,6.54676011467968,10.));
#4963=CARTESIAN_POINT('',(2.0926159989347,6.51613371747555,10.));
#4964=CARTESIAN_POINT('',(2.03797317043326,6.48879638993288,10.));
#4965=CARTESIAN_POINT('',(1.9949308552233,6.46637395025166,10.));
#4966=CARTESIAN_POINT('',(1.94406846484976,6.43917673609562,10.));
#4967=CARTESIAN_POINT('',(1.87601730022796,6.40104194590594,10.));
#4968=CARTESIAN_POINT('',(1.80154844955215,6.35629575328892,10.));
#4969=CARTESIAN_POINT('',(1.74453057776429,6.32009242061606,10.));
#4970=CARTESIAN_POINT('',(1.69474111123983,6.28736834743435,10.));
#4971=CARTESIAN_POINT('',(1.66204830465067,6.26500687786682,10.));
#4972=CARTESIAN_POINT('',(1.64102819218738,6.25025349266295,10.));
#4973=CARTESIAN_POINT('',(6.87967485389487,7.,10.));
#4974=CARTESIAN_POINT('',(6.87967485389487,7.,10.));
#4975=CARTESIAN_POINT('',(6.85761484778716,6.99984403820571,10.));
#4976=CARTESIAN_POINT('',(6.81273514404909,6.99951940776597,10.));
#4977=CARTESIAN_POINT('',(6.73395609789986,6.99892258862182,10.));
#4978=CARTESIAN_POINT('',(6.67666950861726,6.9984630733658,10.));
#4979=CARTESIAN_POINT('',(6.61813612020776,6.99797698928497,9.99999999999999));
#4980=CARTESIAN_POINT('',(6.5734216878032,6.99759661154718,9.99999999999999));
#4981=CARTESIAN_POINT('',(6.50961258992199,6.99702988224612,9.99999999999999));
#4982=CARTESIAN_POINT('',(6.4506270290193,6.996485532678,9.99999999999999));
#4983=CARTESIAN_POINT('',(6.39565585055507,6.99595904497055,9.99999999999999));
#4984=CARTESIAN_POINT('',(6.35920265975999,6.99559804454243,9.99999999999999));
#4985=CARTESIAN_POINT('',(6.32589197460393,6.99526275320652,9.99999999999999));
#4986=CARTESIAN_POINT('',(6.28937478252139,6.99488923382157,9.99999999999999));
#4987=CARTESIAN_POINT('',(6.23386589911753,6.99430244489682,9.99999999999999));
#4988=CARTESIAN_POINT('',(6.17206078943788,6.99362482570808,9.99999999999999));
#4989=CARTESIAN_POINT('',(6.10571728479341,6.99286845079,9.99999999999998));
#4990=CARTESIAN_POINT('',(6.03374915048475,6.99201255274969,9.99999999999998));
#4991=CARTESIAN_POINT('',(5.95796088449704,6.99106968050163,9.99999999999998));
#4992=CARTESIAN_POINT('',(5.87811211101768,6.99002841462039,9.99999999999998));
#4993=CARTESIAN_POINT('',(5.81651603297317,6.98918498927322,9.99999999999998));
#4994=CARTESIAN_POINT('',(5.75958535427178,6.98837993891752,9.99999999999998));
#4995=CARTESIAN_POINT('',(5.69957746442219,6.98750899013295,9.99999999999998));
#4996=CARTESIAN_POINT('',(5.61539792931752,6.98622823318484,9.99999999999997));
#4997=CARTESIAN_POINT('',(5.51947939334001,6.98468391029323,9.99999999999997));
#4998=CARTESIAN_POINT('',(5.42027017004396,6.9829896318274,9.99999999999997));
#4999=CARTESIAN_POINT('',(5.3175957738673,6.98112453571183,9.99999999999997));
#5000=CARTESIAN_POINT('',(5.21316863228247,6.97910208354781,9.99999999999997));
#5001=CARTESIAN_POINT('',(5.10774279276906,6.97692157174758,9.99999999999996));
#5002=CARTESIAN_POINT('',(5.0019992624617,6.97458308843267,9.99999999999996));
#5003=CARTESIAN_POINT('',(4.89550367502142,6.97206038136801,9.99999999999996));
#5004=CARTESIAN_POINT('',(4.81859632100795,6.97010449827055,9.99999999999996));
#5005=CARTESIAN_POINT('',(4.74704758262792,6.96820451856683,9.99999999999996));
#5006=CARTESIAN_POINT('',(4.67561975776527,6.96623731411649,9.99999999999996));
#5007=CARTESIAN_POINT('',(4.5740826447431,6.96323897228115,9.99999999999995));
#5008=CARTESIAN_POINT('',(4.46672394704578,6.9598079788073,9.99999999999995));
#5009=CARTESIAN_POINT('',(4.35932400453012,6.95607815881468,9.99999999999995));
#5010=CARTESIAN_POINT('',(4.25210317042531,6.95201297937175,9.99999999999995));
#5011=CARTESIAN_POINT('',(4.14527009589589,6.94756738134237,9.99999999999994));
#5012=CARTESIAN_POINT('',(4.03900006479826,6.94267989942863,9.99999999999994));
#5013=CARTESIAN_POINT('',(3.95399964988957,6.93832262046392,9.99999999999994));
#5014=CARTESIAN_POINT('',(3.88364545578471,6.93439232460604,9.99999999999994));
#5015=CARTESIAN_POINT('',(3.81342582565152,6.93021407089826,9.99999999999994));
#5016=CARTESIAN_POINT('',(3.72252065614199,6.92419455972926,9.99999999999994));
#5017=CARTESIAN_POINT('',(3.63904823934707,6.9177190732162,9.99999999999993));
#5018=CARTESIAN_POINT('',(3.56920221362624,6.91149087771191,9.99999999999993));
#5019=CARTESIAN_POINT('',(3.53435697290756,6.90801772575875,9.99999999999993));
#5020=CARTESIAN_POINT('',(3.51299250330612,6.90571735720099,9.99999999999993));
#5021=CARTESIAN_POINT('',(10.5854134262226,7.,10.));
#5022=VECTOR('',#5023,1.);
#5023=DIRECTION('',(-1.,2.39676491572425E-16,0.));
#5024=CARTESIAN_POINT('',(-9.97119463744022,0.166900569041574,10.));
#5025=CARTESIAN_POINT('',(-10.6520042714176,-1.33009988936485,10.));
#5026=AXIS2_PLACEMENT_3D('',#5027,#5028,#5029);
#5027=CARTESIAN_POINT('',(-9.79355843865784,-0.817195656376523,10.));
#5028=DIRECTION('',(0.,0.,-1.));
#5029=DIRECTION('',(-0.858445832759794,-0.512904232988326,0.));
#5030=CARTESIAN_POINT('',(-9.43630312043713,0.26345220026138,10.));
#5031=CARTESIAN_POINT('',(-9.43630312043713,0.26345220026138,10.));
#5032=VECTOR('',#5033,1.);
#5033=DIRECTION('',(-0.984096225418097,-0.177636198782382,0.));
#5034=CARTESIAN_POINT('',(-8.36697307705127,-0.268004999556552,10.));
#5035=AXIS2_PLACEMENT_3D('',#5036,#5037,#5038);
#5036=CARTESIAN_POINT('',(-9.25866692165475,-0.720644025156717,10.));
#5037=DIRECTION('',(0.,0.,-1.));
#5038=DIRECTION('',(-0.17763619878238,0.984096225418097,0.));
#5039=CARTESIAN_POINT('',(-7.98361128965642,-0.761242040194807,10.));
#5040=CARTESIAN_POINT('',(-7.98361128965642,-0.761242040194807,10.));
#5041=CARTESIAN_POINT('',(-7.98660184318456,-0.758704568726283,10.));
#5042=CARTESIAN_POINT('',(-7.9925254141042,-0.753637342043373,10.));
#5043=CARTESIAN_POINT('',(-8.00127477583499,-0.746031437860784,9.99999999999999));
#5044=CARTESIAN_POINT('',(-8.00954546230315,-0.738726672465543,9.99999999999999));
#5045=CARTESIAN_POINT('',(-8.01520081143019,-0.733657440881043,9.99999999999999));
#5046=CARTESIAN_POINT('',(-8.02080097039944,-0.728598537994051,9.99999999999999));
#5047=CARTESIAN_POINT('',(-8.02669169086897,-0.723230945099414,9.99999999999999));
#5048=CARTESIAN_POINT('',(-8.03497970059711,-0.715561522591099,9.99999999999999));
#5049=CARTESIAN_POINT('',(-8.04325457559055,-0.707785153644889,9.99999999999998));
#5050=CARTESIAN_POINT('',(-8.05151785062347,-0.699898239105636,9.99999999999998));
#5051=CARTESIAN_POINT('',(-8.05987987516569,-0.691791528754913,9.99999999999998));
#5052=CARTESIAN_POINT('',(-8.06841586856466,-0.683383167098788,9.99999999999998));
#5053=CARTESIAN_POINT('',(-8.07490046777937,-0.676888806008828,9.99999999999998));
#5054=CARTESIAN_POINT('',(-8.08093437419518,-0.670781941329577,9.99999999999997));
#5055=CARTESIAN_POINT('',(-8.08723101570399,-0.664351620746514,9.99999999999997));
#5056=CARTESIAN_POINT('',(-8.09615409572915,-0.655090838076478,9.99999999999997));
#5057=CARTESIAN_POINT('',(-8.10616376028862,-0.644501706998237,9.99999999999997));
#5058=CARTESIAN_POINT('',(-8.11664441477414,-0.63318822600877,9.99999999999996));
#5059=CARTESIAN_POINT('',(-8.12741368032414,-0.621314026745351,9.99999999999996));
#5060=CARTESIAN_POINT('',(-8.13842430481601,-0.608904028956659,9.99999999999996));
#5061=CARTESIAN_POINT('',(-8.14837020805465,-0.597439962547876,9.99999999999995));
#5062=CARTESIAN_POINT('',(-8.15575980207203,-0.58875574001276,9.99999999999995));
#5063=CARTESIAN_POINT('',(-8.1631959657806,-0.579915892387583,9.99999999999995));
#5064=CARTESIAN_POINT('',(-8.17173516972739,-0.569610295282749,9.99999999999995));
#5065=CARTESIAN_POINT('',(-8.18280503033737,-0.555935533342378,9.99999999999994));
#5066=CARTESIAN_POINT('',(-8.19382723263875,-0.541996113975502,9.99999999999994));
#5067=CARTESIAN_POINT('',(-8.20484352516408,-0.527728744420967,9.99999999999994));
#5068=CARTESIAN_POINT('',(-8.21579730966515,-0.513196441978533,9.99999999999993));
#5069=CARTESIAN_POINT('',(-8.22535734544507,-0.500201771903006,9.99999999999993));
#5070=CARTESIAN_POINT('',(-8.23250886484948,-0.490284976516889,9.99999999999993));
#5071=CARTESIAN_POINT('',(-8.23964250517868,-0.480271727654369,9.99999999999993));
#5072=CARTESIAN_POINT('',(-8.24797494327797,-0.468379829390136,9.99999999999992));
#5073=CARTESIAN_POINT('',(-8.25842143583613,-0.453101052195294,9.99999999999992));
#5074=CARTESIAN_POINT('',(-8.26869469987985,-0.437702251012109,9.99999999999991));
#5075=CARTESIAN_POINT('',(-8.27876946968091,-0.422226268278948,9.99999999999991));
#5076=CARTESIAN_POINT('',(-8.28862062611227,-0.406719735758036,9.99999999999991));
#5077=CARTESIAN_POINT('',(-8.29825333129091,-0.391184328659185,9.99999999999991));
#5078=CARTESIAN_POINT('',(-8.30551040684449,-0.379193924138366,9.9999999999999));
#5079=CARTESIAN_POINT('',(-8.31168375916468,-0.368832071140628,9.9999999999999));
#5080=CARTESIAN_POINT('',(-8.31773918306293,-0.358545981319709,9.9999999999999));
#5081=CARTESIAN_POINT('',(-8.32570761582324,-0.344735528757232,9.9999999999999));
#5082=CARTESIAN_POINT('',(-8.33437452073153,-0.329356264315169,9.99999999999989));
#5083=CARTESIAN_POINT('',(-8.3428137422763,-0.314026532932501,9.99999999999989));
#5084=CARTESIAN_POINT('',(-8.3510555839161,-0.298702767590583,9.99999999999988));
#5085=CARTESIAN_POINT('',(-8.35685894007251,-0.28765983729416,9.99999999999988));
#5086=CARTESIAN_POINT('',(-8.36216064693543,-0.277435485729659,9.99999999999988));
#5087=CARTESIAN_POINT('',(-8.36478276994826,-0.272319879654735,9.99999999999988));
#5088=CARTESIAN_POINT('',(-8.36697307705127,-0.268004999556551,9.99999999999988));
#5089=CARTESIAN_POINT('',(-6.77179894402685,-1.15732742033519,10.));
#5090=CARTESIAN_POINT('',(-6.77179894402685,-1.15732742033519,10.));
#5091=CARTESIAN_POINT('',(-6.77789877860285,-1.15732743021407,10.));
#5092=CARTESIAN_POINT('',(-6.78984698421207,-1.1572884213199,10.));
#5093=CARTESIAN_POINT('',(-6.81086158989041,-1.15708353757573,9.99999999999999));
#5094=CARTESIAN_POINT('',(-6.82655596187102,-1.15680180543825,9.99999999999999));
#5095=CARTESIAN_POINT('',(-6.84178751736691,-1.15644418749025,9.99999999999998));
#5096=CARTESIAN_POINT('',(-6.852863378966,-1.15614568027091,9.99999999999998));
#5097=CARTESIAN_POINT('',(-6.86787499790213,-1.15565305924433,9.99999999999998));
#5098=CARTESIAN_POINT('',(-6.88202029692873,-1.15511040569525,9.99999999999998));
#5099=CARTESIAN_POINT('',(-6.89493478455922,-1.15454540255361,9.99999999999997));
#5100=CARTESIAN_POINT('',(-6.90519199210942,-1.15404711393012,9.99999999999997));
#5101=CARTESIAN_POINT('',(-6.91274289521313,-1.15365454644539,9.99999999999997));
#5102=CARTESIAN_POINT('',(-6.92084823658217,-1.15321438026472,9.99999999999997));
#5103=CARTESIAN_POINT('',(-6.93127121661871,-1.1526105465543,9.99999999999996));
#5104=CARTESIAN_POINT('',(-6.94640522841533,-1.15165479762472,9.99999999999996));
#5105=CARTESIAN_POINT('',(-6.96603524200792,-1.15028389357093,9.99999999999996));
#5106=CARTESIAN_POINT('',(-6.99034508407762,-1.14835524317743,9.99999999999995));
#5107=CARTESIAN_POINT('',(-7.00845138724927,-1.14671368044555,9.99999999999994));
#5108=CARTESIAN_POINT('',(-7.02581101949662,-1.14503373535046,9.99999999999994));
#5109=CARTESIAN_POINT('',(-7.04070810549474,-1.14351145029982,9.99999999999994));
#5110=CARTESIAN_POINT('',(-7.06207685732132,-1.14112042569596,9.99999999999993));
#5111=CARTESIAN_POINT('',(-7.08267217419009,-1.13862918681335,9.99999999999993));
#5112=CARTESIAN_POINT('',(-7.10412293679969,-1.13582733085744,9.99999999999992));
#5113=CARTESIAN_POINT('',(-7.12656307185949,-1.13266488896878,9.99999999999992));
#5114=CARTESIAN_POINT('',(-7.1488074516891,-1.12928688442755,9.99999999999991));
#5115=CARTESIAN_POINT('',(-7.16440711691983,-1.12674875009672,9.99999999999991));
#5116=CARTESIAN_POINT('',(-7.18046778484845,-1.1240416482014,9.99999999999991));
#5117=CARTESIAN_POINT('',(-7.19805244430489,-1.12095819922382,9.9999999999999));
#5118=CARTESIAN_POINT('',(-7.2238192894962,-1.11610906558174,9.9999999999999));
#5119=CARTESIAN_POINT('',(-7.25057763750608,-1.11070407114727,9.99999999999989));
#5120=CARTESIAN_POINT('',(-7.27851472512582,-1.10464955712168,9.99999999999988));
#5121=CARTESIAN_POINT('',(-7.30739447305232,-1.09793736231164,9.99999999999988));
#5122=CARTESIAN_POINT('',(-7.33570490460666,-1.09088139024439,9.99999999999987));
#5123=CARTESIAN_POINT('',(-7.35598776637772,-1.08549328050283,9.99999999999986));
#5124=CARTESIAN_POINT('',(-7.37675875644504,-1.07978116407085,9.99999999999986));
#5125=CARTESIAN_POINT('',(-7.39952907530934,-1.07326684554857,9.99999999999985));
#5126=CARTESIAN_POINT('',(-7.43123940483803,-1.06356612097801,9.99999999999985));
#5127=CARTESIAN_POINT('',(-7.46330482471298,-1.05308981072939,9.99999999999984));
#5128=CARTESIAN_POINT('',(-7.49184991316421,-1.04314323235832,9.99999999999983));
#5129=CARTESIAN_POINT('',(-7.51328226230764,-1.03527260989597,9.99999999999983));
#5130=CARTESIAN_POINT('',(-7.53463127924327,-1.02718639151189,9.99999999999982));
#5131=CARTESIAN_POINT('',(-7.55937720802191,-1.0174274676288,9.99999999999982));
#5132=CARTESIAN_POINT('',(-7.594131837765,-1.00288837459809,9.99999999999981));
#5133=CARTESIAN_POINT('',(-7.62685622220731,-0.988263443327265,9.9999999999998));
#5134=CARTESIAN_POINT('',(-7.65348763547769,-0.975625494657385,9.9999999999998));
#5135=CARTESIAN_POINT('',(-7.67931322390846,-0.962934078736386,9.99999999999979));
#5136=CARTESIAN_POINT('',(-7.70535635564302,-0.949544295723279,9.99999999999979));
#5137=CARTESIAN_POINT('',(-7.73538698956156,-0.933213357229484,9.99999999999978));
#5138=CARTESIAN_POINT('',(-7.76095874887774,-0.918664601149923,9.99999999999977));
#5139=CARTESIAN_POINT('',(-7.78297895179634,-0.905585823821153,9.99999999999977));
#5140=CARTESIAN_POINT('',(-7.79884926985596,-0.895829412849405,9.99999999999976));
#5141=CARTESIAN_POINT('',(-7.81410518519852,-0.886262016854635,9.99999999999976));
#5142=CARTESIAN_POINT('',(-7.8313241760592,-0.875187401525507,9.99999999999975));
#5143=CARTESIAN_POINT('',(-7.852928911373,-0.860763247643797,9.99999999999975));
#5144=CARTESIAN_POINT('',(-7.87378730076518,-0.846326612185954,9.99999999999975));
#5145=CARTESIAN_POINT('',(-7.8936742150087,-0.832078949844762,9.99999999999974));
#5146=CARTESIAN_POINT('',(-7.90964658950107,-0.82025290248206,9.99999999999974));
#5147=CARTESIAN_POINT('',(-7.92191187277534,-0.810953881318152,9.99999999999973));
#5148=CARTESIAN_POINT('',(-7.93377151631811,-0.801823975547546,9.99999999999973));
#5149=CARTESIAN_POINT('',(-7.94842595579887,-0.790287423796945,9.99999999999973));
#5150=CARTESIAN_POINT('',(-7.9652049156461,-0.776680086645249,9.99999999999972));
#5151=CARTESIAN_POINT('',(-7.97691348980412,-0.766914831474379,9.99999999999972));
#5152=CARTESIAN_POINT('',(-7.98281385898202,-0.761918652686509,9.99999999999972));
#5153=CARTESIAN_POINT('',(-7.98361128965642,-0.761242040194807,9.99999999999972));
#5154=CARTESIAN_POINT('',(-5.19223228562549,-0.473619306159559,10.));
#5155=CARTESIAN_POINT('',(-5.19223228562549,-0.473619306159559,10.));
#5156=CARTESIAN_POINT('',(-5.19383839047554,-0.475482410406232,10.));
#5157=CARTESIAN_POINT('',(-5.19708155463778,-0.479231636462103,10.));
#5158=CARTESIAN_POINT('',(-5.20200409722708,-0.484882943474105,10.));
#5159=CARTESIAN_POINT('',(-5.20593258917605,-0.489361296865414,10.));
#5160=CARTESIAN_POINT('',(-5.20933615771622,-0.493222421181579,10.));
#5161=CARTESIAN_POINT('',(-5.21282056810078,-0.497160755945882,10.));
#5162=CARTESIAN_POINT('',(-5.21818582100368,-0.503187988515488,10.));
#5163=CARTESIAN_POINT('',(-5.22502197333531,-0.51079862516748,10.));
#5164=CARTESIAN_POINT('',(-5.23278617223803,-0.519349903727551,10.));
#5165=CARTESIAN_POINT('',(-5.24021776124541,-0.527444160712783,10.));
#5166=CARTESIAN_POINT('',(-5.24642665558341,-0.534137933970549,10.));
#5167=CARTESIAN_POINT('',(-5.25084639855843,-0.538867635935713,10.));
#5168=CARTESIAN_POINT('',(-5.2555314308043,-0.543857451355365,10.));
#5169=CARTESIAN_POINT('',(-5.26137773626761,-0.550040669640435,10.));
#5170=CARTESIAN_POINT('',(-5.26906412532945,-0.55808579163554,10.));
#5171=CARTESIAN_POINT('',(-5.27717481287987,-0.566481960985635,10.));
#5172=CARTESIAN_POINT('',(-5.28578343824957,-0.575289911104725,10.));
#5173=CARTESIAN_POINT('',(-5.29474007289359,-0.584341940241149,10.));
#5174=CARTESIAN_POINT('',(-5.30406686732113,-0.593648770009527,10.));
#5175=CARTESIAN_POINT('',(-5.31319291834794,-0.602636323667136,10.));
#5176=CARTESIAN_POINT('',(-5.31977390612832,-0.60903631156164,10.));
#5177=CARTESIAN_POINT('',(-5.32662914528265,-0.615656820062767,10.));
#5178=CARTESIAN_POINT('',(-5.33427047664687,-0.622974889321028,10.));
#5179=CARTESIAN_POINT('',(-5.34525941670181,-0.63334384503614,10.));
#5180=CARTESIAN_POINT('',(-5.35673851411057,-0.644008745777275,10.));
#5181=CARTESIAN_POINT('',(-5.3688264063268,-0.655057724621295,10.0000000000001));
#5182=CARTESIAN_POINT('',(-5.38139011848495,-0.666347108578472,10.0000000000001));
#5183=CARTESIAN_POINT('',(-5.39442461544621,-0.677853909576866,10.0000000000001));
#5184=CARTESIAN_POINT('',(-5.40782725923438,-0.68947208570432,10.0000000000001));
#5185=CARTESIAN_POINT('',(-5.4172646228393,-0.697500588764902,10.0000000000001));
#5186=CARTESIAN_POINT('',(-5.4266732822381,-0.705423339778753,10.0000000000001));
#5187=CARTESIAN_POINT('',(-5.43635627975524,-0.713496690280398,10.0000000000001));
#5188=CARTESIAN_POINT('',(-5.45093963755569,-0.725421275040801,10.0000000000001));
#5189=CARTESIAN_POINT('',(-5.46640603864148,-0.737806178487093,10.0000000000001));
#5190=CARTESIAN_POINT('',(-5.48177039917577,-0.749843122776583,10.0000000000001));
#5191=CARTESIAN_POINT('',(-5.49281244364659,-0.758312927815715,10.0000000000001));
#5192=CARTESIAN_POINT('',(-5.50419463951493,-0.766941870874711,10.0000000000001));
#5193=CARTESIAN_POINT('',(-5.51686983019942,-0.776420503109594,10.0000000000001));
#5194=CARTESIAN_POINT('',(-5.53519745198454,-0.789790970590296,10.0000000000001));
#5195=CARTESIAN_POINT('',(-5.55335499037542,-0.802693709450889,10.0000000000001));
#5196=CARTESIAN_POINT('',(-5.56683182000615,-0.812032115664401,10.0000000000001));
#5197=CARTESIAN_POINT('',(-5.58105394386867,-0.821743260218769,10.0000000000001));
#5198=CARTESIAN_POINT('',(-5.59750095354078,-0.832770836897062,10.0000000000001));
#5199=CARTESIAN_POINT('',(-5.62082181430502,-0.847916236109613,10.0000000000001));
#5200=CARTESIAN_POINT('',(-5.64303852634623,-0.861859700863683,10.0000000000001));
#5201=CARTESIAN_POINT('',(-5.66007940704774,-0.872231139874757,10.0000000000001));
#5202=CARTESIAN_POINT('',(-5.67772652044624,-0.882771200340712,10.0000000000001));
#5203=CARTESIAN_POINT('',(-5.6986628534942,-0.894967881659132,10.0000000000001));
#5204=CARTESIAN_POINT('',(-5.72692095341491,-0.910783724689853,10.0000000000001));
#5205=CARTESIAN_POINT('',(-5.75307507561854,-0.924812049853832,10.0000000000001));
#5206=CARTESIAN_POINT('',(-5.77353216160588,-0.93538484259841,10.0000000000002));
#5207=CARTESIAN_POINT('',(-5.79482910267807,-0.946134614532119,10.0000000000002));
#5208=CARTESIAN_POINT('',(-5.82074534024359,-0.958791853420404,10.0000000000002));
#5209=CARTESIAN_POINT('',(-5.85487258530511,-0.974627398929759,10.0000000000002));
#5210=CARTESIAN_POINT('',(-5.89057098520694,-0.990311384539678,10.0000000000002));
#5211=CARTESIAN_POINT('',(-5.91805303643878,-1.00170407078528,10.0000000000002));
#5212=CARTESIAN_POINT('',(-5.94306119465368,-1.01168551215701,10.0000000000002));
#5213=CARTESIAN_POINT('',(-5.96849603213154,-1.02152513450891,10.0000000000002));
#5214=CARTESIAN_POINT('',(-6.0039632100448,-1.0344910655314,10.0000000000002));
#5215=CARTESIAN_POINT('',(-6.04339007362639,-1.04795951277789,10.0000000000002));
#5216=CARTESIAN_POINT('',(-6.07644964600744,-1.05847394146564,10.0000000000002));
#5217=CARTESIAN_POINT('',(-6.10337161442068,-1.06657544122325,10.0000000000002));
#5218=CARTESIAN_POINT('',(-6.1348769680488,-1.07569709575804,10.0000000000002));
#5219=CARTESIAN_POINT('',(-6.18238610852952,-1.088467805821,10.0000000000002));
#5220=CARTESIAN_POINT('',(-6.23192799535689,-1.10018950477954,10.0000000000002));
#5221=CARTESIAN_POINT('',(-6.27683309817106,-1.10975027012131,10.0000000000003));
#5222=CARTESIAN_POINT('',(-6.31653025516661,-1.11755136952848,10.0000000000003));
#5223=CARTESIAN_POINT('',(-6.35994808657409,-1.12512514117152,10.0000000000003));
#5224=CARTESIAN_POINT('',(-6.4021867849445,-1.13162366365011,10.0000000000003));
#5225=CARTESIAN_POINT('',(-6.43640590264515,-1.13632198781575,10.0000000000003));
#5226=CARTESIAN_POINT('',(-6.46041235303321,-1.13927818919781,10.0000000000003));
#5227=CARTESIAN_POINT('',(-6.48345778725419,-1.14194369974905,10.0000000000003));
#5228=CARTESIAN_POINT('',(-6.50784815237009,-1.14455437310252,10.0000000000003));
#5229=CARTESIAN_POINT('',(-6.54063932859066,-1.14761352856654,10.0000000000003));
#5230=CARTESIAN_POINT('',(-6.57217938359231,-1.15014549254686,10.0000000000003));
#5231=CARTESIAN_POINT('',(-6.60265248554527,-1.15221652421936,10.0000000000003));
#5232=CARTESIAN_POINT('',(-6.63182748121787,-1.15386242912949,10.0000000000003));
#5233=CARTESIAN_POINT('',(-6.65548036222285,-1.15493903431592,10.0000000000003));
#5234=CARTESIAN_POINT('',(-6.67410898288027,-1.15564158094118,10.0000000000003));
#5235=CARTESIAN_POINT('',(-6.69262122047401,-1.15624412754102,10.0000000000003));
#5236=CARTESIAN_POINT('',(-6.71585241410694,-1.15682180465745,10.0000000000003));
#5237=CARTESIAN_POINT('',(-6.74374978723121,-1.15723585289358,10.0000000000003));
#5238=CARTESIAN_POINT('',(-6.76241818293726,-1.15732742490703,10.0000000000003));
#5239=CARTESIAN_POINT('',(-6.77179894402685,-1.15732742033519,10.0000000000003));
#5240=CARTESIAN_POINT('',(-4.60283569697057,1.81324061086951,10.));
#5241=CARTESIAN_POINT('',(-4.60283569697057,1.81324060960685,10.));
#5242=CARTESIAN_POINT('',(-4.60283572837738,1.79627713892775,10.));
#5243=CARTESIAN_POINT('',(-4.60293865085156,1.76097987429106,10.));
#5244=CARTESIAN_POINT('',(-4.60349103291162,1.70066266357362,10.));
#5245=CARTESIAN_POINT('',(-4.60433836089319,1.65098644291617,10.));
#5246=CARTESIAN_POINT('',(-4.60566403163876,1.59338742775475,10.));
#5247=CARTESIAN_POINT('',(-4.60719476847834,1.54110603086786,10.));
#5248=CARTESIAN_POINT('',(-4.60954711333295,1.48005059981282,10.));
#5249=CARTESIAN_POINT('',(-4.61124534664917,1.4429617150709,10.));
#5250=CARTESIAN_POINT('',(-4.61260678762129,1.41546898820979,10.));
#5251=CARTESIAN_POINT('',(-4.61393683030944,1.38998413648531,10.));
#5252=CARTESIAN_POINT('',(-4.61608384084851,1.35250290638227,10.));
#5253=CARTESIAN_POINT('',(-4.61875959918732,1.31033052272725,10.));
#5254=CARTESIAN_POINT('',(-4.6223262075509,1.25950923125396,10.));
#5255=CARTESIAN_POINT('',(-4.62698757499875,1.20042064508357,10.));
#5256=CARTESIAN_POINT('',(-4.63306945442897,1.13278499344429,10.));
#5257=CARTESIAN_POINT('',(-4.63822916907628,1.08215301622503,10.));
#5258=CARTESIAN_POINT('',(-4.64278664136296,1.04057649449516,10.));
#5259=CARTESIAN_POINT('',(-4.64702788097977,1.00359507669104,10.));
#5260=CARTESIAN_POINT('',(-4.65343482334533,0.951885459821983,10.));
#5261=CARTESIAN_POINT('',(-4.66128187001608,0.893893700935038,10.));
#5262=CARTESIAN_POINT('',(-4.67114962039266,0.82703622236259,10.));
#5263=CARTESIAN_POINT('',(-4.68344138586289,0.751689532518211,10.));
#5264=CARTESIAN_POINT('',(-4.69821550131044,0.670810581676153,10.));
#5265=CARTESIAN_POINT('',(-4.70962281833515,0.6145808964066,10.));
#5266=CARTESIAN_POINT('',(-4.72026508242282,0.564934847606976,10.));
#5267=CARTESIAN_POINT('',(-4.73049709552752,0.519331260332338,10.));
#5268=CARTESIAN_POINT('',(-4.7459315804592,0.455800049414624,10.));
#5269=CARTESIAN_POINT('',(-4.76247749934573,0.392796424683354,10.));
#5270=CARTESIAN_POINT('',(-4.78005864916911,0.330770036997624,10.));
#5271=CARTESIAN_POINT('',(-4.79784536030899,0.272523204290166,10.));
#5272=CARTESIAN_POINT('',(-4.81089139973232,0.232609495522434,10.));
#5273=CARTESIAN_POINT('',(-4.82408039545449,0.193691479696723,10.0000000000001));
#5274=CARTESIAN_POINT('',(-4.83836390149353,0.153152402412702,10.0000000000001));
#5275=CARTESIAN_POINT('',(-4.85937856803081,0.0974847080679997,10.0000000000001));
#5276=CARTESIAN_POINT('',(-4.88101369724672,0.0438932612863279,10.0000000000001));
#5277=CARTESIAN_POINT('',(-4.90220107852536,-0.00530381960315052,10.0000000000001));
#5278=CARTESIAN_POINT('',(-4.91719277288574,-0.0381160711803188,10.0000000000001));
#5279=CARTESIAN_POINT('',(-4.93194697218805,-0.069440606226536,10.0000000000001));
#5280=CARTESIAN_POINT('',(-4.94720945199587,-0.100817752354833,10.0000000000001));
#5281=CARTESIAN_POINT('',(-4.96948262729678,-0.144043786336467,10.0000000000001));
#5282=CARTESIAN_POINT('',(-4.99072933426052,-0.183066568220791,10.0000000000001));
#5283=CARTESIAN_POINT('',(-5.0056693095049,-0.209166926236751,10.0000000000001));
#5284=CARTESIAN_POINT('',(-5.02039578771399,-0.234231353000347,10.0000000000001));
#5285=CARTESIAN_POINT('',(-5.03590692611397,-0.25988755038572,10.0000000000001));
#5286=CARTESIAN_POINT('',(-5.05826188622506,-0.295034348732582,10.0000000000001));
#5287=CARTESIAN_POINT('',(-5.0804388846127,-0.328221612720198,10.0000000000001));
#5288=CARTESIAN_POINT('',(-5.09665554973711,-0.351355309513666,10.0000000000001));
#5289=CARTESIAN_POINT('',(-5.11128486734965,-0.37165581157852,10.0000000000001));
#5290=CARTESIAN_POINT('',(-5.12559556392718,-0.391066011968779,10.0000000000001));
#5291=CARTESIAN_POINT('',(-5.14621639538742,-0.417906150406616,10.0000000000001));
#5292=CARTESIAN_POINT('',(-5.16505590343327,-0.441350201145252,10.0000000000001));
#5293=CARTESIAN_POINT('',(-5.18048223414585,-0.459883575989692,10.0000000000001));
#5294=CARTESIAN_POINT('',(-5.18841788418082,-0.469194543567426,10.0000000000001));
#5295=CARTESIAN_POINT('',(-5.19223228562549,-0.473619306159559,10.0000000000001));
#5296=CARTESIAN_POINT('',(-5.2016663660151,4.33120576689301,10.));
#5297=CARTESIAN_POINT('',(-5.2016663660151,4.33120576689301,10.));
#5298=CARTESIAN_POINT('',(-5.19654400520043,4.32491377654325,10.));
#5299=CARTESIAN_POINT('',(-5.19036151243794,4.31720039626188,10.));
#5300=CARTESIAN_POINT('',(-5.18153725948844,4.30598328554008,10.));
#5301=CARTESIAN_POINT('',(-5.17530752019602,4.29797141423353,10.));
#5302=CARTESIAN_POINT('',(-5.16792501233988,4.28832637618427,10.));
#5303=CARTESIAN_POINT('',(-5.1610814829425,4.2792548703624,10.));
#5304=CARTESIAN_POINT('',(-5.15450065500558,4.27041106098887,10.));
#5305=CARTESIAN_POINT('',(-5.14790388368329,4.26142591654858,10.));
#5306=CARTESIAN_POINT('',(-5.14296394625933,4.25460324316483,10.));
#5307=CARTESIAN_POINT('',(-5.13831281244333,4.24812295696915,10.));
#5308=CARTESIAN_POINT('',(-5.13334717772361,4.24115246782973,10.));
#5309=CARTESIAN_POINT('',(-5.12625240571404,4.23105256069902,10.));
#5310=CARTESIAN_POINT('',(-5.11815253295029,4.21932874109366,10.));
#5311=CARTESIAN_POINT('',(-5.10965295000485,4.20680714165385,9.99999999999999));
#5312=CARTESIAN_POINT('',(-5.10068414861331,4.1933434573866,9.99999999999999));
#5313=CARTESIAN_POINT('',(-5.09246205740251,4.18075426595712,9.99999999999999));
#5314=CARTESIAN_POINT('',(-5.08621199966219,4.17101884179538,9.99999999999999));
#5315=CARTESIAN_POINT('',(-5.07906180399181,4.15976545347195,9.99999999999999));
#5316=CARTESIAN_POINT('',(-5.06940370249491,4.14431119934878,9.99999999999999));
#5317=CARTESIAN_POINT('',(-5.05333735637384,4.11785662981065,9.99999999999999));
#5318=CARTESIAN_POINT('',(-5.03382152323522,4.08438203382199,9.99999999999999));
#5319=CARTESIAN_POINT('',(-5.01915984352285,4.0579115584458,9.99999999999999));
#5320=CARTESIAN_POINT('',(-5.00380875211878,4.02945836694524,9.99999999999999));
#5321=CARTESIAN_POINT('',(-4.98913032368667,4.00144907298737,9.99999999999999));
#5322=CARTESIAN_POINT('',(-4.96815141671429,3.95927344490657,9.99999999999999));
#5323=CARTESIAN_POINT('',(-4.94696069875836,3.91447112305193,9.99999999999999));
#5324=CARTESIAN_POINT('',(-4.9290111419206,3.87427527664723,9.99999999999998));
#5325=CARTESIAN_POINT('',(-4.89959466645392,3.80533298260611,9.99999999999998));
#5326=CARTESIAN_POINT('',(-4.87078482255937,3.73128558233464,9.99999999999998));
#5327=CARTESIAN_POINT('',(-4.83421232160522,3.62625917845452,9.99999999999998));
#5328=CARTESIAN_POINT('',(-4.79817874562291,3.51144913216939,9.99999999999997));
#5329=CARTESIAN_POINT('',(-4.77244417136762,3.41557261515061,9.99999999999997));
#5330=CARTESIAN_POINT('',(-4.74790491559539,3.31537344450547,9.99999999999997));
#5331=CARTESIAN_POINT('',(-4.7307581258213,3.23955395432375,9.99999999999997));
#5332=CARTESIAN_POINT('',(-4.71039971383794,3.13752913098211,9.99999999999996));
#5333=CARTESIAN_POINT('',(-4.69557079061252,3.05519915389126,9.99999999999996));
#5334=CARTESIAN_POINT('',(-4.6864174984912,2.99933655412617,9.99999999999996));
#5335=CARTESIAN_POINT('',(-4.67778855441679,2.94396118688831,9.99999999999996));
#5336=CARTESIAN_POINT('',(-4.66889620885261,2.88337035856408,9.99999999999996));
#5337=CARTESIAN_POINT('',(-4.65742566318112,2.79594421050158,9.99999999999996));
#5338=CARTESIAN_POINT('',(-4.64690745571923,2.70533996664551,9.99999999999995));
#5339=CARTESIAN_POINT('',(-4.63749611963123,2.61260260919006,9.99999999999995));
#5340=CARTESIAN_POINT('',(-4.63015543822494,2.52869643168651,9.99999999999995));
#5341=CARTESIAN_POINT('',(-4.62529390577896,2.46506774360204,9.99999999999995));
#5342=CARTESIAN_POINT('',(-4.6207656818645,2.40029843274263,9.99999999999994));
#5343=CARTESIAN_POINT('',(-4.61605314774547,2.32343801181404,9.99999999999994));
#5344=CARTESIAN_POINT('',(-4.61117020742828,2.2238250633886,9.99999999999994));
#5345=CARTESIAN_POINT('',(-4.60740264292547,2.12267279565663,9.99999999999994));
#5346=CARTESIAN_POINT('',(-4.60533809876478,2.04322427255306,9.99999999999994));
#5347=CARTESIAN_POINT('',(-4.60405058571923,1.97468885962295,9.99999999999994));
#5348=CARTESIAN_POINT('',(-4.60311749407196,1.90545419463385,9.99999999999993));
#5349=CARTESIAN_POINT('',(-4.60283584532219,1.84799255634077,9.99999999999993));
#5350=CARTESIAN_POINT('',(-4.60283569697057,1.81324061086951,9.99999999999993));
#5351=CARTESIAN_POINT('',(-6.80953515254138,5.06677221440197,10.));
#5352=CARTESIAN_POINT('',(-6.80953515254139,5.06677221440197,10.));
#5353=CARTESIAN_POINT('',(-6.80678111754688,5.06677221468378,10.));
#5354=CARTESIAN_POINT('',(-6.80123421109314,5.06676393896666,10.));
#5355=CARTESIAN_POINT('',(-6.79298499182977,5.06672670894647,10.));
#5356=CARTESIAN_POINT('',(-6.78735830120377,5.066684393511,10.));
#5357=CARTESIAN_POINT('',(-6.78161648534804,5.06663226473739,10.));
#5358=CARTESIAN_POINT('',(-6.77562756979957,5.06656787591943,10.));
#5359=CARTESIAN_POINT('',(-6.76562918910647,5.06642798047202,10.));
#5360=CARTESIAN_POINT('',(-6.75428353443701,5.06622450872679,10.));
#5361=CARTESIAN_POINT('',(-6.74150764338106,5.06593526582639,10.));
#5362=CARTESIAN_POINT('',(-6.73042490454292,5.06563029416725,10.));
#5363=CARTESIAN_POINT('',(-6.7225533907268,5.06538309172376,10.));
#5364=CARTESIAN_POINT('',(-6.71542157153303,5.06514486807225,10.));
#5365=CARTESIAN_POINT('',(-6.70683784826835,5.06483508752098,10.));
#5366=CARTESIAN_POINT('',(-6.6952897199559,5.06436808989046,10.));
#5367=CARTESIAN_POINT('',(-6.68306147259194,5.06381735286231,10.));
#5368=CARTESIAN_POINT('',(-6.6702306304782,5.06317684189735,10.));
#5369=CARTESIAN_POINT('',(-6.65666572411353,5.06242901131905,10.));
#5370=CARTESIAN_POINT('',(-6.64261446307577,5.06157694409324,10.));
#5371=CARTESIAN_POINT('',(-6.63303774170816,5.06094120304876,10.));
#5372=CARTESIAN_POINT('',(-6.62311724024932,5.06025353734596,10.));
#5373=CARTESIAN_POINT('',(-6.61265547930016,5.05949581836384,10.));
#5374=CARTESIAN_POINT('',(-6.59647947866737,5.05822086594306,10.));
#5375=CARTESIAN_POINT('',(-6.57944657700025,5.05676124842842,10.));
#5376=CARTESIAN_POINT('',(-6.56129290163376,5.0550725214466,10.));
#5377=CARTESIAN_POINT('',(-6.54207739811704,5.05313388564474,10.));
#5378=CARTESIAN_POINT('',(-6.52710848799939,5.05149594120464,10.));
#5379=CARTESIAN_POINT('',(-6.51295556285999,5.04986878845036,10.));
#5380=CARTESIAN_POINT('',(-6.4981246849185,5.04809258452943,10.));
#5381=CARTESIAN_POINT('',(-6.47705842901084,5.04538638366996,10.));
#5382=CARTESIAN_POINT('',(-6.4572404842472,5.04263512375272,10.));
#5383=CARTESIAN_POINT('',(-6.44114542621938,5.04026527324962,10.));
#5384=CARTESIAN_POINT('',(-6.42435484374858,5.03769830018319,10.));
#5385=CARTESIAN_POINT('',(-6.40320965812823,5.03428326626476,10.));
#5386=CARTESIAN_POINT('',(-6.38302362162309,5.03077496946564,10.));
#5387=CARTESIAN_POINT('',(-6.36513814859667,5.02751706966615,10.));
#5388=CARTESIAN_POINT('',(-6.34658725839809,5.02401455071724,10.));
#5389=CARTESIAN_POINT('',(-6.32116097218993,5.01891971137968,10.));
#5390=CARTESIAN_POINT('',(-6.2922564984605,5.01271229488834,10.));
#5391=CARTESIAN_POINT('',(-6.2625832033446,5.00589433571872,10.));
#5392=CARTESIAN_POINT('',(-6.23221372667516,4.99843961888204,10.));
#5393=CARTESIAN_POINT('',(-6.21035202517555,4.99271083828403,10.));
#5394=CARTESIAN_POINT('',(-6.18907100632651,4.98692859507186,10.));
#5395=CARTESIAN_POINT('',(-6.16711795946451,4.98076519565466,10.0000000000001));
#5396=CARTESIAN_POINT('',(-6.13503633636747,4.97119819666401,10.0000000000001));
#5397=CARTESIAN_POINT('',(-6.10075574747878,4.96030228475258,10.0000000000001));
#5398=CARTESIAN_POINT('',(-6.06541173575682,4.94833136161716,10.0000000000001));
#5399=CARTESIAN_POINT('',(-6.03040586212854,4.93570342398331,10.0000000000001));
#5400=CARTESIAN_POINT('',(-6.00628705091765,4.92646772718955,10.0000000000001));
#5401=CARTESIAN_POINT('',(-5.98184179088911,4.91681800482583,10.0000000000001));
#5402=CARTESIAN_POINT('',(-5.9560270005716,4.90628767710571,10.0000000000001));
#5403=CARTESIAN_POINT('',(-5.91857560844445,4.89006446468704,10.0000000000001));
#5404=CARTESIAN_POINT('',(-5.89045599400366,4.87713826628449,10.0000000000001));
#5405=CARTESIAN_POINT('',(-5.86518344059235,4.86508799629309,10.0000000000001));
#5406=CARTESIAN_POINT('',(-5.83553346010481,4.85053423789576,10.0000000000001));
#5407=CARTESIAN_POINT('',(-5.80627238096477,4.8352895844521,10.0000000000001));
#5408=CARTESIAN_POINT('',(-5.75692680731609,4.80842859813015,10.0000000000001));
#5409=CARTESIAN_POINT('',(-5.71898793734811,4.78626116370143,10.0000000000001));
#5410=CARTESIAN_POINT('',(-5.6520118092403,4.74411755418483,10.0000000000001));
#5411=CARTESIAN_POINT('',(-5.5977666864877,4.70713804851905,10.0000000000001));
#5412=CARTESIAN_POINT('',(-5.53580508882941,4.66049477085567,10.0000000000001));
#5413=CARTESIAN_POINT('',(-5.48261629954885,4.6178480186033,10.0000000000001));
#5414=CARTESIAN_POINT('',(-5.43801274044598,4.57928484746335,10.0000000000001));
#5415=CARTESIAN_POINT('',(-5.40326942837287,4.54735222926527,10.0000000000001));
#5416=CARTESIAN_POINT('',(-5.37836848575166,4.523845485302,10.0000000000001));
#5417=CARTESIAN_POINT('',(-5.351384729099,4.49748544360079,10.0000000000001));
#5418=CARTESIAN_POINT('',(-5.32365108191171,4.4691543716485,10.0000000000001));
#5419=CARTESIAN_POINT('',(-5.30376847782116,4.44815807340297,10.0000000000001));
#5420=CARTESIAN_POINT('',(-5.28409888376829,4.42696242287891,10.0000000000001));
#5421=CARTESIAN_POINT('',(-5.26158979482527,4.40201345132292,10.0000000000001));
#5422=CARTESIAN_POINT('',(-5.24223791859283,4.37972086193032,10.0000000000001));
#5423=CARTESIAN_POINT('',(-5.22243478530766,4.35644116300024,10.0000000000001));
#5424=CARTESIAN_POINT('',(-5.21150364546738,4.34328934074754,10.0000000000001));
#5425=CARTESIAN_POINT('',(-5.2016663660151,4.33120576689301,10.0000000000001));
#5426=CARTESIAN_POINT('',(-8.04493258610106,4.63766766594186,10.));
#5427=CARTESIAN_POINT('',(-8.04493258610106,4.63766766594186,10.));
#5428=CARTESIAN_POINT('',(-8.04281758944488,4.63955462117692,10.));
#5429=CARTESIAN_POINT('',(-8.03888814851915,4.64304229205142,10.));
#5430=CARTESIAN_POINT('',(-8.03485140286181,4.64659087208978,10.0000000000001));
#5431=CARTESIAN_POINT('',(-8.03062098048536,4.65029240204717,10.0000000000001));
#5432=CARTESIAN_POINT('',(-8.02516652334262,4.65503694019726,10.0000000000001));
#5433=CARTESIAN_POINT('',(-8.01670843432496,4.66229820379535,10.0000000000002));
#5434=CARTESIAN_POINT('',(-8.00882946067779,4.66896181944916,10.0000000000002));
#5435=CARTESIAN_POINT('',(-8.00328619348223,4.67359535379363,10.0000000000002));
#5436=CARTESIAN_POINT('',(-7.99904908948541,4.67711600529738,10.0000000000003));
#5437=CARTESIAN_POINT('',(-7.99469186156083,4.68071442967787,10.0000000000003));
#5438=CARTESIAN_POINT('',(-7.98902867284809,4.6853501294051,10.0000000000003));
#5439=CARTESIAN_POINT('',(-7.98301497844161,4.69022652326438,10.0000000000003));
#5440=CARTESIAN_POINT('',(-7.97656976093702,4.69540016685555,10.0000000000004));
#5441=CARTESIAN_POINT('',(-7.96982504608035,4.70075629288199,10.0000000000004));
#5442=CARTESIAN_POINT('',(-7.96237866246698,4.70660373798131,10.0000000000004));
#5443=CARTESIAN_POINT('',(-7.95675416436881,4.71096536021747,10.0000000000005));
#5444=CARTESIAN_POINT('',(-7.95058280354447,4.7157128344723,10.0000000000005));
#5445=CARTESIAN_POINT('',(-7.94190724067522,4.72233296807932,10.0000000000006));
#5446=CARTESIAN_POINT('',(-7.92796305389995,4.73276200267,10.0000000000006));
#5447=CARTESIAN_POINT('',(-7.91075716057843,4.74528734255475,10.0000000000007));
#5448=CARTESIAN_POINT('',(-7.89567154010637,4.75595672822584,10.0000000000008));
#5449=CARTESIAN_POINT('',(-7.88478428621587,4.7634829374278,10.0000000000008));
#5450=CARTESIAN_POINT('',(-7.87550974075921,4.76982068281697,10.0000000000009));
#5451=CARTESIAN_POINT('',(-7.86492076043714,4.77694978734905,10.0000000000009));
#5452=CARTESIAN_POINT('',(-7.85113933201909,4.78602325985219,10.000000000001));
#5453=CARTESIAN_POINT('',(-7.83686115290409,4.79521324208226,10.0000000000011));
#5454=CARTESIAN_POINT('',(-7.82176204626834,4.80470049383814,10.0000000000012));
#5455=CARTESIAN_POINT('',(-7.81126404462317,4.81112860517553,10.0000000000012));
#5456=CARTESIAN_POINT('',(-7.80018902653418,4.81781979784183,10.0000000000013));
#5457=CARTESIAN_POINT('',(-7.78862044670073,4.82471020392241,10.0000000000013));
#5458=CARTESIAN_POINT('',(-7.77066551682858,4.83509990065112,10.0000000000014));
#5459=CARTESIAN_POINT('',(-7.75155255478834,4.84582369575748,10.0000000000015));
#5460=CARTESIAN_POINT('',(-7.73155831478316,4.8566720234364,10.0000000000016));
#5461=CARTESIAN_POINT('',(-7.71711121451581,4.86424352564949,10.0000000000016));
#5462=CARTESIAN_POINT('',(-7.70166749611967,4.87218178398294,10.0000000000017));
#5463=CARTESIAN_POINT('',(-7.68440595069331,4.88085729985359,10.0000000000018));
#5464=CARTESIAN_POINT('',(-7.6588185367672,4.89317580672424,10.0000000000019));
#5465=CARTESIAN_POINT('',(-7.63145308226392,4.90574870993833,10.000000000002));
#5466=CARTESIAN_POINT('',(-7.60282442960874,4.91825692614251,10.0000000000021));
#5467=CARTESIAN_POINT('',(-7.58073871305177,4.92740485078575,10.0000000000022));
#5468=CARTESIAN_POINT('',(-7.56049472482517,4.93550766000897,10.0000000000023));
#5469=CARTESIAN_POINT('',(-7.53953951381734,4.94365494837292,10.0000000000024));
#5470=CARTESIAN_POINT('',(-7.50986411132874,4.95459650252124,10.0000000000025));
#5471=CARTESIAN_POINT('',(-7.47670589030302,4.96606514799805,10.0000000000027));
#5472=CARTESIAN_POINT('',(-7.44256243527508,4.9770996179553,10.0000000000028));
#5473=CARTESIAN_POINT('',(-7.41922082893442,4.98412001933351,10.0000000000029));
#5474=CARTESIAN_POINT('',(-7.3957013109125,4.99092862008729,10.000000000003));
#5475=CARTESIAN_POINT('',(-7.37187464911358,4.99756230645745,10.0000000000031));
#5476=CARTESIAN_POINT('',(-7.33616712731034,5.00673843913269,10.0000000000032));
#5477=CARTESIAN_POINT('',(-7.30004490948268,5.01525830816034,10.0000000000033));
#5478=CARTESIAN_POINT('',(-7.27010119032602,5.02171074476778,10.0000000000035));
#5479=CARTESIAN_POINT('',(-7.24612317114638,5.02652712229893,10.0000000000035));
#5480=CARTESIAN_POINT('',(-7.22239825074608,5.03106445017477,10.0000000000036));
#5481=CARTESIAN_POINT('',(-7.1927549543433,5.03631374845986,10.0000000000037));
#5482=CARTESIAN_POINT('',(-7.15771798656033,5.04188535469897,10.0000000000039));
#5483=CARTESIAN_POINT('',(-7.1231576769572,5.04678371831557,10.000000000004));
#5484=CARTESIAN_POINT('',(-7.09569887615453,5.05022314492524,10.0000000000041));
#5485=CARTESIAN_POINT('',(-7.07335648620777,5.05277129163207,10.0000000000041));
#5486=CARTESIAN_POINT('',(-7.05143714624952,5.05510370897743,10.0000000000042));
#5487=CARTESIAN_POINT('',(-7.02362724467283,5.05773452405851,10.0000000000043));
#5488=CARTESIAN_POINT('',(-6.99198219536065,5.06027700828938,10.0000000000044));
#5489=CARTESIAN_POINT('',(-6.96131800824337,5.06232837758992,10.0000000000045));
#5490=CARTESIAN_POINT('',(-6.93898963513969,5.06353722592593,10.0000000000046));
#5491=CARTESIAN_POINT('',(-6.91912033994892,5.06446396185632,10.0000000000047));
#5492=CARTESIAN_POINT('',(-6.89916289191664,5.06527269500055,10.0000000000047));
#5493=CARTESIAN_POINT('',(-6.87118860003714,5.06610541719745,10.0000000000048));
#5494=CARTESIAN_POINT('',(-6.84819493154925,5.0665148747688,10.0000000000049));
#5495=CARTESIAN_POINT('',(-6.82758323474031,5.06672728525389,10.0000000000049));
#5496=CARTESIAN_POINT('',(-6.81716689128412,5.06677221595897,10.000000000005));
#5497=CARTESIAN_POINT('',(-6.80953515254139,5.06677221440198,10.000000000005));
#5498=CARTESIAN_POINT('',(-8.509930454821,3.92646467518214,10.));
#5499=CARTESIAN_POINT('',(-8.509930454821,3.92646467518214,10.));
#5500=CARTESIAN_POINT('',(-8.50149764526159,3.94754529851419,10.));
#5501=CARTESIAN_POINT('',(-8.4891715942413,3.97735546340033,10.));
#5502=CARTESIAN_POINT('',(-8.47111433274543,4.01893818249526,10.));
#5503=CARTESIAN_POINT('',(-8.45254858145418,4.06024625716977,10.));
#5504=CARTESIAN_POINT('',(-8.43312338134827,4.10116289581821,10.));
#5505=CARTESIAN_POINT('',(-8.41288090567394,4.14167473801329,10.));
#5506=CARTESIAN_POINT('',(-8.40246182607356,4.16178726120521,10.));
#5507=CARTESIAN_POINT('',(-8.39634077565654,4.17335389439638,10.));
#5508=CARTESIAN_POINT('',(-8.38984246412359,4.18563305286699,10.));
#5509=CARTESIAN_POINT('',(-8.37670409143165,4.20990626158369,10.));
#5510=CARTESIAN_POINT('',(-8.35786986339658,4.24316107839772,10.));
#5511=CARTESIAN_POINT('',(-8.34417580994971,4.26636613564945,10.));
#5512=CARTESIAN_POINT('',(-8.33037619023386,4.28922053614814,10.));
#5513=CARTESIAN_POINT('',(-8.31508341704871,4.31386521535249,10.));
#5514=CARTESIAN_POINT('',(-8.29383282043355,4.34657104414752,10.));
#5515=CARTESIAN_POINT('',(-8.2722835769942,4.37824034697299,10.));
#5516=CARTESIAN_POINT('',(-8.25051069114788,4.40879209963044,10.));
#5517=CARTESIAN_POINT('',(-8.23315191156185,4.43204632213043,10.));
#5518=CARTESIAN_POINT('',(-8.21832914151751,4.4512845635708,10.));
#5519=CARTESIAN_POINT('',(-8.20351329407037,4.47006943446949,10.));
#5520=CARTESIAN_POINT('',(-8.1837954380221,4.4941279254479,10.));
#5521=CARTESIAN_POINT('',(-8.161383396087,4.52022071062702,10.));
#5522=CARTESIAN_POINT('',(-8.13913147778423,4.54494637213333,10.));
#5523=CARTESIAN_POINT('',(-8.1199506717105,4.56530257814402,10.));
#5524=CARTESIAN_POINT('',(-8.10510583470638,4.5804907475978,10.));
#5525=CARTESIAN_POINT('',(-8.08978112676136,4.59580774248353,10.));
#5526=CARTESIAN_POINT('',(-8.07029897189416,4.61462357318348,10.));
#5527=CARTESIAN_POINT('',(-8.05362252186323,4.62991466760821,10.));
#5528=CARTESIAN_POINT('',(-8.04493258610106,4.63766766594186,10.));
#5529=CARTESIAN_POINT('',(-9.60627762500902,3.31204757157106,10.));
#5530=AXIS2_PLACEMENT_3D('',#5531,#5532,#5533);
#5531=CARTESIAN_POINT('',(-9.43840666645706,4.297856549657,10.));
#5532=DIRECTION('',(0.,0.,-1.));
#5533=DIRECTION('',(0.928476211636062,-0.371391874474856,0.));
#5534=CARTESIAN_POINT('',(-10.1826227384041,3.4101919471987,10.));
#5535=CARTESIAN_POINT('',(-10.1826227384041,3.4101919471987,10.));
#5536=VECTOR('',#5537,1.);
#5537=DIRECTION('',(0.985808978085941,-0.167870958551957,0.));
#5538=CARTESIAN_POINT('',(-10.9210685959606,4.81859982357821,10.));
#5539=AXIS2_PLACEMENT_3D('',#5540,#5541,#5542);
#5540=CARTESIAN_POINT('',(-10.0147517798521,4.39600092528464,10.));
#5541=DIRECTION('',(0.,0.,-1.));
#5542=DIRECTION('',(-0.167870958551957,-0.985808978085941,0.));
#5543=CARTESIAN_POINT('',(-9.77069804260013,6.31160372835126,10.));
#5544=CARTESIAN_POINT('',(-9.77069804260013,6.31160372835126,10.));
#5545=CARTESIAN_POINT('',(-9.77961936222245,6.30451058290961,10.));
#5546=CARTESIAN_POINT('',(-9.79764369520957,6.29004546577826,10.));
#5547=CARTESIAN_POINT('',(-9.82484855487311,6.26779638016129,10.));
#5548=CARTESIAN_POINT('',(-9.84879501423207,6.24782981521809,10.));
#5549=CARTESIAN_POINT('',(-9.86751861171315,6.23196943747242,9.99999999999999));
#5550=CARTESIAN_POINT('',(-9.88672460986018,6.21553466766766,9.99999999999999));
#5551=CARTESIAN_POINT('',(-9.91026761343993,6.19509590685432,9.99999999999999));
#5552=CARTESIAN_POINT('',(-9.94004069134704,6.16869860892088,9.99999999999999));
#5553=CARTESIAN_POINT('',(-9.97053685833299,6.14106659288989,9.99999999999999));
#5554=CARTESIAN_POINT('',(-10.0013990451375,6.11247265287256,9.99999999999999));
#5555=CARTESIAN_POINT('',(-10.0326791323201,6.08282687938229,9.99999999999999));
#5556=CARTESIAN_POINT('',(-10.0632733185865,6.05315475984065,9.99999999999999));
#5557=CARTESIAN_POINT('',(-10.0843759668892,6.03222202074681,9.99999999999998));
#5558=CARTESIAN_POINT('',(-10.1059234746371,6.01059239342349,9.99999999999998));
#5559=CARTESIAN_POINT('',(-10.1287354926129,5.98738558109961,9.99999999999998));
#5560=CARTESIAN_POINT('',(-10.1616201720124,5.95309810310208,9.99999999999998));
#5561=CARTESIAN_POINT('',(-10.1949155819511,5.917497254349,9.99999999999998));
#5562=CARTESIAN_POINT('',(-10.2289006510765,5.88020321836013,9.99999999999998));
#5563=CARTESIAN_POINT('',(-10.2632263066937,5.84151514390829,9.99999999999997));
#5564=CARTESIAN_POINT('',(-10.2978623973717,5.80139663924964,9.99999999999997));
#5565=CARTESIAN_POINT('',(-10.3275272190723,5.76606926483019,9.99999999999997));
#5566=CARTESIAN_POINT('',(-10.3505944139819,5.73798276810661,9.99999999999997));
#5567=CARTESIAN_POINT('',(-10.3777988146022,5.70438472623678,9.99999999999997));
#5568=CARTESIAN_POINT('',(-10.4200198934905,5.65089803790623,9.99999999999996));
#5569=CARTESIAN_POINT('',(-10.4836446033909,5.56643864874741,9.99999999999996));
#5570=CARTESIAN_POINT('',(-10.5382654531223,5.48925680210273,9.99999999999996));
#5571=CARTESIAN_POINT('',(-10.5865332193298,5.41788631530765,9.99999999999995));
#5572=CARTESIAN_POINT('',(-10.6263272703448,5.35716661007622,9.99999999999995));
#5573=CARTESIAN_POINT('',(-10.6687818210094,5.28937993796093,9.99999999999995));
#5574=CARTESIAN_POINT('',(-10.7056918542591,5.22799715723933,9.99999999999995));
#5575=CARTESIAN_POINT('',(-10.7338327455797,5.17974204802674,9.99999999999994));
#5576=CARTESIAN_POINT('',(-10.7588761635935,5.13563125087476,9.99999999999994));
#5577=CARTESIAN_POINT('',(-10.7772976958727,5.102370847095,9.99999999999994));
#5578=CARTESIAN_POINT('',(-10.7930906705016,5.07336995667901,9.99999999999994));
#5579=CARTESIAN_POINT('',(-10.8098557312052,5.04217420829394,9.99999999999994));
#5580=CARTESIAN_POINT('',(-10.8370292478697,4.9904425807433,9.99999999999994));
#5581=CARTESIAN_POINT('',(-10.8721817196302,4.92101094887618,9.99999999999993));
#5582=CARTESIAN_POINT('',(-10.9014754882345,4.86040611651535,9.99999999999993));
#5583=CARTESIAN_POINT('',(-10.9177527740549,4.82571103198511,9.99999999999993));
#5584=CARTESIAN_POINT('',(-10.9210685959606,4.81859982357821,9.99999999999993));
#5585=CARTESIAN_POINT('',(-6.68695038161745,7.22635925955596,10.));
#5586=CARTESIAN_POINT('',(-6.68695038165245,7.22635925955596,10.));
#5587=CARTESIAN_POINT('',(-6.70299230003507,7.22635924676736,10.));
#5588=CARTESIAN_POINT('',(-6.74611997106,7.22623226288124,10.));
#5589=CARTESIAN_POINT('',(-6.80340475187527,7.22560312974512,10.));
#5590=CARTESIAN_POINT('',(-6.86931324077376,7.22435939478353,10.));
#5591=CARTESIAN_POINT('',(-6.93629723333271,7.22259095604494,10.));
#5592=CARTESIAN_POINT('',(-7.00041168175174,7.22022534538315,10.));
#5593=CARTESIAN_POINT('',(-7.04819622773329,7.21807701580916,10.));
#5594=CARTESIAN_POINT('',(-7.08137055132201,7.21645085667795,10.));
#5595=CARTESIAN_POINT('',(-7.11705537836375,7.2145388148377,10.));
#5596=CARTESIAN_POINT('',(-7.15909094630349,7.21204344039954,10.));
#5597=CARTESIAN_POINT('',(-7.20289153440951,7.20917551006348,10.));
#5598=CARTESIAN_POINT('',(-7.24912829988173,7.20584591661997,10.));
#5599=CARTESIAN_POINT('',(-7.29298654300448,7.20238126071897,10.));
#5600=CARTESIAN_POINT('',(-7.32577838463766,7.19957983057357,10.));
#5601=CARTESIAN_POINT('',(-7.3601546227701,7.19651309105307,10.));
#5602=CARTESIAN_POINT('',(-7.40093264290694,7.19266878743718,10.));
#5603=CARTESIAN_POINT('',(-7.46484704155261,7.18609717029076,10.));
#5604=CARTESIAN_POINT('',(-7.53984307759004,7.17756010880242,10.));
#5605=CARTESIAN_POINT('',(-7.62650220780816,7.16649378378423,10.));
#5606=CARTESIAN_POINT('',(-7.71013213316051,7.15455107357915,10.));
#5607=CARTESIAN_POINT('',(-7.7722462801887,7.14478286512269,10.));
#5608=CARTESIAN_POINT('',(-7.82120349083095,7.13666090390468,10.));
#5609=CARTESIAN_POINT('',(-7.87135508954011,7.12800168403696,10.));
#5610=CARTESIAN_POINT('',(-7.94020596960844,7.11528852081101,10.));
#5611=CARTESIAN_POINT('',(-8.01895552570768,7.099569599021,10.));
#5612=CARTESIAN_POINT('',(-8.09961826329613,7.08218202279178,10.));
#5613=CARTESIAN_POINT('',(-8.1824234986022,7.06293009401479,10.));
#5614=CARTESIAN_POINT('',(-8.26679856013709,7.04179850388234,10.));
#5615=CARTESIAN_POINT('',(-8.33307377176616,7.02393475573835,10.));
#5616=CARTESIAN_POINT('',(-8.39090530120464,7.00757965331902,10.));
#5617=CARTESIAN_POINT('',(-8.44938968435604,6.9904340444175,10.));
#5618=CARTESIAN_POINT('',(-8.52776409391399,6.96605650085841,10.));
#5619=CARTESIAN_POINT('',(-8.6156668710838,6.93675510807248,10.));
#5620=CARTESIAN_POINT('',(-8.70386869611191,6.90528864769368,10.));
#5621=CARTESIAN_POINT('',(-8.77162391315108,6.8794498507159,10.));
#5622=CARTESIAN_POINT('',(-8.83033039234875,6.8560736300389,10.));
#5623=CARTESIAN_POINT('',(-8.88902449289492,6.83193241686463,10.));
#5624=CARTESIAN_POINT('',(-8.96744035652009,6.79788633350016,10.));
#5625=CARTESIAN_POINT('',(-9.03544667456547,6.7664398969538,10.));
#5626=CARTESIAN_POINT('',(-9.10225635787453,6.7342188092979,10.));
#5627=CARTESIAN_POINT('',(-9.17779810970631,6.69627811262214,10.));
#5628=CARTESIAN_POINT('',(-9.25838442159092,6.6529078667138,10.));
#5629=CARTESIAN_POINT('',(-9.33159061222317,6.61122706669267,10.));
#5630=CARTESIAN_POINT('',(-9.39474247390628,6.57385755946724,10.));
#5631=CARTESIAN_POINT('',(-9.4680216736705,6.52827556042049,10.));
#5632=CARTESIAN_POINT('',(-9.54618704851856,6.47685300933176,10.));
#5633=CARTESIAN_POINT('',(-9.59926656000317,6.43995648346577,10.));
#5634=CARTESIAN_POINT('',(-9.64981676188589,6.40377098645649,10.));
#5635=CARTESIAN_POINT('',(-9.69959510357737,6.36715964458277,10.));
#5636=CARTESIAN_POINT('',(-9.74664910996878,6.33072476207934,10.));
#5637=CARTESIAN_POINT('',(-9.77069804260013,6.31160372835126,10.));
#5638=CARTESIAN_POINT('',(-3.18353213952035,5.84007492694743,10.));
#5639=CARTESIAN_POINT('',(-3.18353213952035,5.84007492694743,10.));
#5640=CARTESIAN_POINT('',(-3.19600061212678,5.85330893811,10.));
#5641=CARTESIAN_POINT('',(-3.21068202313568,5.86870521150578,9.99999999999999));
#5642=CARTESIAN_POINT('',(-3.23904730458214,5.89803207214731,9.99999999999999));
#5643=CARTESIAN_POINT('',(-3.26511627515072,5.92458050793259,9.99999999999998));
#5644=CARTESIAN_POINT('',(-3.29353596265836,5.95286475185339,9.99999999999997));
#5645=CARTESIAN_POINT('',(-3.31146053448093,5.97045670094833,9.99999999999997));
#5646=CARTESIAN_POINT('',(-3.32440668441888,5.98307199217281,9.99999999999996));
#5647=CARTESIAN_POINT('',(-3.33870088368381,5.99688643378626,9.99999999999996));
#5648=CARTESIAN_POINT('',(-3.35582264976309,6.01326092682153,9.99999999999996));
#5649=CARTESIAN_POINT('',(-3.37389520602857,6.03035430257882,9.99999999999995));
#5650=CARTESIAN_POINT('',(-3.39313043107915,6.04833421559066,9.99999999999995));
#5651=CARTESIAN_POINT('',(-3.41284601454648,6.0665354010486,9.99999999999994));
#5652=CARTESIAN_POINT('',(-3.42657797956602,6.07905415943615,9.99999999999994));
#5653=CARTESIAN_POINT('',(-3.44083639590404,6.09196830555537,9.99999999999993));
#5654=CARTESIAN_POINT('',(-3.45619797236903,6.1057811586127,9.99999999999993));
#5655=CARTESIAN_POINT('',(-3.47948989050709,6.12643059170972,9.99999999999993));
#5656=CARTESIAN_POINT('',(-3.50395265335421,6.14779559058448,9.99999999999992));
#5657=CARTESIAN_POINT('',(-3.52981265565461,6.17002826049018,9.99999999999991));
#5658=CARTESIAN_POINT('',(-3.55687133213359,6.19291070185653,9.99999999999991));
#5659=CARTESIAN_POINT('',(-3.58529490706741,6.21653362451597,9.9999999999999));
#5660=CARTESIAN_POINT('',(-3.60787787056673,6.23496593657673,9.9999999999999));
#5661=CARTESIAN_POINT('',(-3.62783083763358,6.25105339158193,9.99999999999989));
#5662=CARTESIAN_POINT('',(-3.64856375472166,6.26761362271451,9.99999999999988));
#5663=CARTESIAN_POINT('',(-3.67747564039198,6.29033031830142,9.99999999999988));
#5664=CARTESIAN_POINT('',(-3.71194770500107,6.3168621572012,9.99999999999987));
#5665=CARTESIAN_POINT('',(-3.74859879269678,6.34445213802409,9.99999999999986));
#5666=CARTESIAN_POINT('',(-3.78058237565804,6.36796539777284,9.99999999999985));
#5667=CARTESIAN_POINT('',(-3.80770189779941,6.38754117506766,9.99999999999985));
#5668=CARTESIAN_POINT('',(-3.83673503695152,6.40822248027161,9.99999999999984));
#5669=CARTESIAN_POINT('',(-3.87521496352377,6.43506169006814,9.99999999999983));
#5670=CARTESIAN_POINT('',(-3.91262579058017,6.46040565118274,9.99999999999983));
#5671=CARTESIAN_POINT('',(-3.94526258967637,6.48205445931186,9.99999999999982));
#5672=CARTESIAN_POINT('',(-3.97935188699817,6.50431770182522,9.99999999999981));
#5673=CARTESIAN_POINT('',(-4.02576687119848,6.53384184680431,9.9999999999998));
#5674=CARTESIAN_POINT('',(-4.08205632274555,6.56843506466017,9.99999999999979));
#5675=CARTESIAN_POINT('',(-4.13833123394913,6.60176799763834,9.99999999999978));
#5676=CARTESIAN_POINT('',(-4.17925967784984,6.62514965479629,9.99999999999977));
#5677=CARTESIAN_POINT('',(-4.22204161826471,6.64910534413046,9.99999999999976));
#5678=CARTESIAN_POINT('',(-4.27000607792554,6.67531548972774,9.99999999999975));
#5679=CARTESIAN_POINT('',(-4.34710650947835,6.71563154767948,9.99999999999974));
#5680=CARTESIAN_POINT('',(-4.41079653338225,6.74716726346943,9.99999999999973));
#5681=CARTESIAN_POINT('',(-4.47631804728278,6.77831787069478,9.99999999999971));
#5682=CARTESIAN_POINT('',(-4.54358718485142,6.80924012422142,9.9999999999997));
#5683=CARTESIAN_POINT('',(-4.63005673164143,6.84663841727072,9.99999999999969));
#5684=CARTESIAN_POINT('',(-4.69631417534472,6.87349834511159,9.99999999999967));
#5685=CARTESIAN_POINT('',(-4.75148320400294,6.89511885829753,9.99999999999966));
#5686=CARTESIAN_POINT('',(-4.80829753226606,6.9167201594963,9.99999999999965));
#5687=CARTESIAN_POINT('',(-4.89079686740152,6.94631460006262,9.99999999999964));
#5688=CARTESIAN_POINT('',(-4.99111234484879,6.97996621640031,9.99999999999962));
#5689=CARTESIAN_POINT('',(-5.06379996721664,7.00238506446655,9.99999999999961));
#5690=CARTESIAN_POINT('',(-5.14747033075834,7.02689422533462,9.9999999999996));
#5691=CARTESIAN_POINT('',(-5.23262016532521,7.05054646331431,9.99999999999958));
#5692=CARTESIAN_POINT('',(-5.35031154705746,7.07982179818492,9.99999999999956));
#5693=CARTESIAN_POINT('',(-5.42763159234307,7.09711181756138,9.99999999999955));
#5694=CARTESIAN_POINT('',(-5.49449858498206,7.1113438284211,9.99999999999954));
#5695=CARTESIAN_POINT('',(-5.56189468036345,7.12497572661314,9.99999999999953));
#5696=CARTESIAN_POINT('',(-5.66297377965745,7.1433547576282,9.99999999999952));
#5697=CARTESIAN_POINT('',(-5.76537688931989,7.1599182572984,9.9999999999995));
#5698=CARTESIAN_POINT('',(-5.84069589591267,7.17063268436028,9.99999999999949));
#5699=CARTESIAN_POINT('',(-5.9093222354997,7.17961727202551,9.99999999999948));
#5700=CARTESIAN_POINT('',(-5.97781590784123,7.18794255407195,9.99999999999947));
#5701=CARTESIAN_POINT('',(-6.07377086730336,7.19802776775232,9.99999999999946));
#5702=CARTESIAN_POINT('',(-6.17631522276842,7.20699626430451,9.99999999999944));
#5703=CARTESIAN_POINT('',(-6.27872425241234,7.2142057318698,9.99999999999943));
#5704=CARTESIAN_POINT('',(-6.35975511841238,7.21857172091097,9.99999999999942));
#5705=CARTESIAN_POINT('',(-6.42791026924217,7.22149269610366,9.99999999999941));
#5706=CARTESIAN_POINT('',(-6.49599317339491,7.22387192487715,9.9999999999994));
#5707=CARTESIAN_POINT('',(-6.58517877075865,7.22586423532885,9.99999999999939));
#5708=CARTESIAN_POINT('',(-6.65307215780186,7.22635930446722,9.99999999999938));
#5709=CARTESIAN_POINT('',(-6.68695038155005,7.22635925955596,9.99999999999938));
#5710=CARTESIAN_POINT('',(-1.87743720761374,2.0018637184329,10.));
#5711=CARTESIAN_POINT('',(-1.87743720761374,2.00186371852018,10.));
#5712=CARTESIAN_POINT('',(-1.87743724441446,2.02511301874308,10.));
#5713=CARTESIAN_POINT('',(-1.87767999896148,2.08920814830011,10.));
#5714=CARTESIAN_POINT('',(-1.87889562919284,2.17346514589345,10.));
#5715=CARTESIAN_POINT('',(-1.88115403372203,2.26418024223111,10.));
#5716=CARTESIAN_POINT('',(-1.88402910924866,2.34974242466851,10.));
#5717=CARTESIAN_POINT('',(-1.88775320975096,2.43194751961627,10.));
#5718=CARTESIAN_POINT('',(-1.89097969299068,2.49062536114601,10.));
#5719=CARTESIAN_POINT('',(-1.89362122527554,2.53517417633731,10.));
#5720=CARTESIAN_POINT('',(-1.89672617831286,2.58330142649207,10.));
#5721=CARTESIAN_POINT('',(-1.90127308618677,2.64596543767415,10.));
#5722=CARTESIAN_POINT('',(-1.90634360898814,2.70887684594451,10.));
#5723=CARTESIAN_POINT('',(-1.91028887495579,2.75317452899792,10.));
#5724=CARTESIAN_POINT('',(-1.9144402379639,2.79740942439159,10.));
#5725=CARTESIAN_POINT('',(-1.91896712434914,2.84340433961237,10.));
#5726=CARTESIAN_POINT('',(-1.92628719104551,2.91144418630784,10.));
#5727=CARTESIAN_POINT('',(-1.93484566244484,2.98420057866789,10.));
#5728=CARTESIAN_POINT('',(-1.94456450279803,3.05994196153436,10.));
#5729=CARTESIAN_POINT('',(-1.95578731400281,3.14018874147947,10.));
#5730=CARTESIAN_POINT('',(-1.96530234169716,3.20263135419012,10.));
#5731=CARTESIAN_POINT('',(-1.97453426500798,3.26003596480853,10.));
#5732=CARTESIAN_POINT('',(-1.98457774564196,3.3199222140757,10.));
#5733=CARTESIAN_POINT('',(-1.99972515271742,3.40390823308485,10.));
#5734=CARTESIAN_POINT('',(-2.01844298089329,3.49941418339934,10.));
#5735=CARTESIAN_POINT('',(-2.03926365682175,3.59728874718514,10.));
#5736=CARTESIAN_POINT('',(-2.06105177383059,3.69182895568255,10.));
#5737=CARTESIAN_POINT('',(-2.07762084054389,3.75874813383345,10.));
#5738=CARTESIAN_POINT('',(-2.09518100428443,3.82699122808115,10.));
#5739=CARTESIAN_POINT('',(-2.11533856720473,3.90195869216327,10.));
#5740=CARTESIAN_POINT('',(-2.1456019337026,4.00638869211731,10.0000000000001));
#5741=CARTESIAN_POINT('',(-2.17849329026317,4.11185931892342,10.0000000000001));
#5742=CARTESIAN_POINT('',(-2.20866553828722,4.20191969067099,10.0000000000001));
#5743=CARTESIAN_POINT('',(-2.23364027789413,4.27248273089023,10.0000000000001));
#5744=CARTESIAN_POINT('',(-2.25957286413964,4.3432567831268,10.0000000000001));
#5745=CARTESIAN_POINT('',(-2.2927161764992,4.42937303480741,10.0000000000001));
#5746=CARTESIAN_POINT('',(-2.33582585812651,4.53413347228923,10.0000000000001));
#5747=CARTESIAN_POINT('',(-2.36978183758902,4.61145361557893,10.0000000000001));
#5748=CARTESIAN_POINT('',(-2.4009243874179,4.67961916498102,10.0000000000001));
#5749=CARTESIAN_POINT('',(-2.43255239471047,4.74672802733415,10.0000000000001));
#5750=CARTESIAN_POINT('',(-2.47625949176523,4.83462888887023,10.0000000000001));
#5751=CARTESIAN_POINT('',(-2.51044479522508,4.89960972360115,10.0000000000001));
#5752=CARTESIAN_POINT('',(-2.54501545867291,4.96343058526724,10.0000000000001));
#5753=CARTESIAN_POINT('',(-2.58173464618441,5.02913651215471,10.0000000000001));
#5754=CARTESIAN_POINT('',(-2.63598986104605,5.12095023230472,10.0000000000001));
#5755=CARTESIAN_POINT('',(-2.67879183476672,5.18956089213829,10.0000000000001));
#5756=CARTESIAN_POINT('',(-2.71659554226481,5.24811420136096,10.0000000000001));
#5757=CARTESIAN_POINT('',(-2.75451607639032,5.30533651264943,10.0000000000001));
#5758=CARTESIAN_POINT('',(-2.80687324565591,5.38097836822172,10.0000000000001));
#5759=CARTESIAN_POINT('',(-2.8661116228323,5.46240513583708,10.0000000000001));
#5760=CARTESIAN_POINT('',(-2.90676992618262,5.51563776063222,10.0000000000001));
#5761=CARTESIAN_POINT('',(-2.94795671239928,5.56827486029212,10.0000000000001));
#5762=CARTESIAN_POINT('',(-2.98971272526057,5.62036298016453,10.0000000000001));
#5763=CARTESIAN_POINT('',(-3.05267784325475,5.69526156389105,10.0000000000001));
#5764=CARTESIAN_POINT('',(-3.09609190260117,5.74460215069013,10.0000000000001));
#5765=CARTESIAN_POINT('',(-3.13921351324197,5.79249946956662,10.0000000000001));
#5766=CARTESIAN_POINT('',(-3.16168027266621,5.81688156537685,10.0000000000001));
#5767=CARTESIAN_POINT('',(-3.18353213952035,5.84007492694743,10.0000000000001));
#5768=CARTESIAN_POINT('',(-3.18824917971516,-1.85987475604639,10.));
#5769=CARTESIAN_POINT('',(-3.18824917971516,-1.85987475604639,10.));
#5770=CARTESIAN_POINT('',(-3.17729502423665,-1.8483293660137,10.));
#5771=CARTESIAN_POINT('',(-3.15592026495511,-1.82554577018582,10.));
#5772=CARTESIAN_POINT('',(-3.11872163238427,-1.78500699126551,10.));
#5773=CARTESIAN_POINT('',(-3.09147256377922,-1.75447279594404,10.));
#5774=CARTESIAN_POINT('',(-3.06505824656653,-1.72432737729934,9.99999999999999));
#5775=CARTESIAN_POINT('',(-3.04769671853651,-1.70428069085757,9.99999999999999));
#5776=CARTESIAN_POINT('',(-3.02544518482082,-1.6781279169396,9.99999999999999));
#5777=CARTESIAN_POINT('',(-3.00673593967661,-1.65582181292674,9.99999999999999));
#5778=CARTESIAN_POINT('',(-2.98867232121412,-1.63398960304146,9.99999999999999));
#5779=CARTESIAN_POINT('',(-2.97261547392476,-1.61431850905497,9.99999999999999));
#5780=CARTESIAN_POINT('',(-2.96023512325658,-1.59897293637845,9.99999999999999));
#5781=CARTESIAN_POINT('',(-2.94696259380743,-1.58239814857231,9.99999999999999));
#5782=CARTESIAN_POINT('',(-2.93043160902771,-1.56153461317421,9.99999999999999));
#5783=CARTESIAN_POINT('',(-2.90858083937107,-1.53348957781204,9.99999999999999));
#5784=CARTESIAN_POINT('',(-2.88529036637153,-1.50305342587154,9.99999999999999));
#5785=CARTESIAN_POINT('',(-2.86084532206767,-1.47048646438028,9.99999999999999));
#5786=CARTESIAN_POINT('',(-2.83496180221713,-1.4352779777313,9.99999999999999));
#5787=CARTESIAN_POINT('',(-2.81641935445335,-1.40948869858717,9.99999999999999));
#5788=CARTESIAN_POINT('',(-2.79829033902338,-1.38394831555809,9.99999999999998));
#5789=CARTESIAN_POINT('',(-2.77932473388103,-1.35691203777745,9.99999999999998));
#5790=CARTESIAN_POINT('',(-2.75133170171028,-1.31606201474792,9.99999999999998));
#5791=CARTESIAN_POINT('',(-2.72049572757041,-1.2698447638929,9.99999999999998));
#5792=CARTESIAN_POINT('',(-2.68831783367411,-1.22019355716202,9.99999999999998));
#5793=CARTESIAN_POINT('',(-2.65676737414692,-1.1699666974336,9.99999999999998));
#5794=CARTESIAN_POINT('',(-2.62984593503815,-1.12579600854944,9.99999999999998));
#5795=CARTESIAN_POINT('',(-2.5974668790382,-1.07138399451275,9.99999999999998));
#5796=CARTESIAN_POINT('',(-2.55822730319018,-1.00308648164718,9.99999999999997));
#5797=CARTESIAN_POINT('',(-2.51341869115291,-0.920902991950968,9.99999999999997));
#5798=CARTESIAN_POINT('',(-2.47661781324094,-0.850014272183534,9.99999999999997));
#5799=CARTESIAN_POINT('',(-2.45153767851537,-0.799864930511715,9.99999999999997));
#5800=CARTESIAN_POINT('',(-2.42529989105009,-0.746151708494683,9.99999999999997));
#5801=CARTESIAN_POINT('',(-2.3940872039177,-0.680036578277431,9.99999999999996));
#5802=CARTESIAN_POINT('',(-2.35426639855343,-0.591100319537958,9.99999999999996));
#5803=CARTESIAN_POINT('',(-2.31848119594651,-0.506501666580036,9.99999999999996));
#5804=CARTESIAN_POINT('',(-2.29232229522276,-0.441346384923298,9.99999999999996));
#5805=CARTESIAN_POINT('',(-2.265635691558,-0.372735125335872,9.99999999999996));
#5806=CARTESIAN_POINT('',(-2.23545008466986,-0.291672503425176,9.99999999999995));
#5807=CARTESIAN_POINT('',(-2.1972798752612,-0.181713446011698,9.99999999999995));
#5808=CARTESIAN_POINT('',(-2.16095994253352,-0.0689587559499987,9.99999999999995));
#5809=CARTESIAN_POINT('',(-2.13758229283193,0.00957794336650242,9.99999999999995));
#5810=CARTESIAN_POINT('',(-2.1140982442979,0.0918541707654688,9.99999999999994));
#5811=CARTESIAN_POINT('',(-2.09035330412344,0.179112436751007,9.99999999999994));
#5812=CARTESIAN_POINT('',(-2.05782571546799,0.31061079638939,9.99999999999994));
#5813=CARTESIAN_POINT('',(-2.02745300708258,0.446860301157807,9.99999999999994));
#5814=CARTESIAN_POINT('',(-2.00732196114302,0.548148770485067,9.99999999999993));
#5815=CARTESIAN_POINT('',(-1.98955491168392,0.644187721150451,9.99999999999993));
#5816=CARTESIAN_POINT('',(-1.97256559726798,0.742364153189392,9.99999999999993));
#5817=CARTESIAN_POINT('',(-1.95117613837878,0.883177576879541,9.99999999999993));
#5818=CARTESIAN_POINT('',(-1.93151107270904,1.03500477853049,9.99999999999992));
#5819=CARTESIAN_POINT('',(-1.91893740625493,1.1516613650356,9.99999999999992));
#5820=CARTESIAN_POINT('',(-1.90906657704199,1.2561577642942,9.99999999999992));
#5821=CARTESIAN_POINT('',(-1.90015040122215,1.36240801427641,9.99999999999992));
#5822=CARTESIAN_POINT('',(-1.8904544944687,1.50888719022169,9.99999999999991));
#5823=CARTESIAN_POINT('',(-1.8836367896068,1.65579602987107,9.99999999999991));
#5824=CARTESIAN_POINT('',(-1.88035467069696,1.7650429805898,9.99999999999991));
#5825=CARTESIAN_POINT('',(-1.87806502595336,1.87539733600252,9.99999999999991));
#5826=CARTESIAN_POINT('',(-1.8774372027391,1.94657217852648,9.99999999999991));
#5827=CARTESIAN_POINT('',(-1.87743720761374,2.00186371454007,9.9999999999999));
#5828=CARTESIAN_POINT('',(-6.73412061399964,-3.24144210498207,10.));
#5829=CARTESIAN_POINT('',(-6.73412061393073,-3.24144210498207,10.));
#5830=CARTESIAN_POINT('',(-6.71554489054478,-3.24144209741693,10.));
#5831=CARTESIAN_POINT('',(-6.67697848228187,-3.24129351464027,10.));
#5832=CARTESIAN_POINT('',(-6.61064422660221,-3.24049898969258,10.));
#5833=CARTESIAN_POINT('',(-6.55417748842008,-3.2392448651059,9.99999999999999));
#5834=CARTESIAN_POINT('',(-6.48944802976364,-3.23728922217116,9.99999999999999));
#5835=CARTESIAN_POINT('',(-6.43231024032549,-3.23509591654861,9.99999999999999));
#5836=CARTESIAN_POINT('',(-6.36939308089144,-3.23199046038793,9.99999999999999));
#5837=CARTESIAN_POINT('',(-6.3321380591153,-3.22985363077439,9.99999999999999));
#5838=CARTESIAN_POINT('',(-6.30265391830562,-3.22804475069439,9.99999999999999));
#5839=CARTESIAN_POINT('',(-6.27083998852109,-3.22598123128684,9.99999999999999));
#5840=CARTESIAN_POINT('',(-6.22341993892807,-3.22257713574417,9.99999999999999));
#5841=CARTESIAN_POINT('',(-6.16569689437245,-3.21794698337815,9.99999999999998));
#5842=CARTESIAN_POINT('',(-6.09903043774002,-3.21193228310272,9.99999999999998));
#5843=CARTESIAN_POINT('',(-6.04371108757913,-3.20627122615637,9.99999999999998));
#5844=CARTESIAN_POINT('',(-5.98751129772061,-3.20005060182044,9.99999999999998));
#5845=CARTESIAN_POINT('',(-5.92490935155234,-3.19262948971568,9.99999999999998));
#5846=CARTESIAN_POINT('',(-5.81890171957231,-3.17850530532101,9.99999999999998));
#5847=CARTESIAN_POINT('',(-5.68975355333407,-3.15839820320599,9.99999999999997));
#5848=CARTESIAN_POINT('',(-5.58627026336934,-3.13941346684881,9.99999999999997));
#5849=CARTESIAN_POINT('',(-5.47614968842615,-3.11744698572534,9.99999999999996));
#5850=CARTESIAN_POINT('',(-5.3533446756066,-3.09057807576544,9.99999999999996));
#5851=CARTESIAN_POINT('',(-5.19615313144474,-3.05032256036775,9.99999999999996));
#5852=CARTESIAN_POINT('',(-5.07891622359925,-3.01623768710285,9.99999999999995));
#5853=CARTESIAN_POINT('',(-4.96178365427559,-2.97970411304898,9.99999999999995));
#5854=CARTESIAN_POINT('',(-4.84488148160905,-2.93995902402629,9.99999999999995));
#5855=CARTESIAN_POINT('',(-4.74275671324114,-2.90120595158726,9.99999999999994));
#5856=CARTESIAN_POINT('',(-4.66200677815514,-2.8690667804525,9.99999999999994));
#5857=CARTESIAN_POINT('',(-4.58545022553655,-2.83730772536058,9.99999999999994));
#5858=CARTESIAN_POINT('',(-4.47746188322296,-2.78901983167157,9.99999999999994));
#5859=CARTESIAN_POINT('',(-4.38872228124004,-2.74636724799246,9.99999999999993));
#5860=CARTESIAN_POINT('',(-4.32168512671749,-2.71243236392418,9.99999999999993));
#5861=CARTESIAN_POINT('',(-4.25896441293489,-2.67966595282799,9.99999999999993));
#5862=CARTESIAN_POINT('',(-4.18513848064935,-2.63936319192242,9.99999999999993));
#5863=CARTESIAN_POINT('',(-4.09881221609669,-2.58950042435383,9.99999999999993));
#5864=CARTESIAN_POINT('',(-4.0430689901629,-2.55553742369092,9.99999999999993));
#5865=CARTESIAN_POINT('',(-3.98924927495247,-2.52187293617941,9.99999999999992));
#5866=CARTESIAN_POINT('',(-3.93778560680748,-2.48887374272862,9.99999999999992));
#5867=CARTESIAN_POINT('',(-3.86368180300015,-2.43902080418556,9.99999999999992));
#5868=CARTESIAN_POINT('',(-3.80785751339896,-2.39973013873757,9.99999999999992));
#5869=CARTESIAN_POINT('',(-3.76253776999012,-2.36688986870189,9.99999999999992));
#5870=CARTESIAN_POINT('',(-3.71947359872165,-2.3350254734376,9.99999999999992));
#5871=CARTESIAN_POINT('',(-3.66491184141508,-2.2933105702627,9.99999999999991));
#5872=CARTESIAN_POINT('',(-3.60649411855698,-2.24693416638337,9.99999999999991));
#5873=CARTESIAN_POINT('',(-3.56423337135456,-2.21217160603055,9.99999999999991));
#5874=CARTESIAN_POINT('',(-3.52823589645984,-2.1819179535257,9.99999999999991));
#5875=CARTESIAN_POINT('',(-3.49349316187417,-2.15222449640984,9.99999999999991));
#5876=CARTESIAN_POINT('',(-3.44745964270572,-2.11175325169191,9.99999999999991));
#5877=CARTESIAN_POINT('',(-3.39956585027258,-2.06831702919793,9.99999999999991));
#5878=CARTESIAN_POINT('',(-3.35800598022061,-2.02949326671353,9.99999999999991));
#5879=CARTESIAN_POINT('',(-3.32844690579922,-2.0011980933311,9.9999999999999));
#5880=CARTESIAN_POINT('',(-3.29983547060571,-1.9734247284564,9.9999999999999));
#5881=CARTESIAN_POINT('',(-3.26811070991518,-1.94208899847877,9.9999999999999));
#5882=CARTESIAN_POINT('',(-3.22760215150331,-1.90100258163503,9.9999999999999));
#5883=CARTESIAN_POINT('',(-3.20120310205612,-1.87352796011142,9.9999999999999));
#5884=CARTESIAN_POINT('',(-3.18824917971516,-1.85987475604639,9.9999999999999));
#5885=CARTESIAN_POINT('',(-9.64336734875969,-2.45401726761781,10.));
#5886=CARTESIAN_POINT('',(-9.64336734875969,-2.45401726761781,10.));
#5887=CARTESIAN_POINT('',(-9.63432107308202,-2.46061414710022,10.));
#5888=CARTESIAN_POINT('',(-9.61649860717421,-2.47347306715331,10.));
#5889=CARTESIAN_POINT('',(-9.58489185294269,-2.49580464766118,10.));
#5890=CARTESIAN_POINT('',(-9.56118052635343,-2.51212263767527,9.99999999999999));
#5891=CARTESIAN_POINT('',(-9.53782969115679,-2.52791795316557,9.99999999999999));
#5892=CARTESIAN_POINT('',(-9.52233179555826,-2.53828628573986,9.99999999999999));
#5893=CARTESIAN_POINT('',(-9.50216504929873,-2.55155453430982,9.99999999999999));
#5894=CARTESIAN_POINT('',(-9.48501506641965,-2.56268710827795,9.99999999999999));
#5895=CARTESIAN_POINT('',(-9.46828080753174,-2.57341139462073,9.99999999999999));
#5896=CARTESIAN_POINT('',(-9.45320440758686,-2.5829513770035,9.99999999999999));
#5897=CARTESIAN_POINT('',(-9.4415051616261,-2.59027332587552,9.99999999999999));
#5898=CARTESIAN_POINT('',(-9.42888506461205,-2.5981165851409,9.99999999999999));
#5899=CARTESIAN_POINT('',(-9.41303465503785,-2.6078708365166,9.99999999999999));
#5900=CARTESIAN_POINT('',(-9.39167866113567,-2.62080769909046,9.99999999999999));
#5901=CARTESIAN_POINT('',(-9.36848329383706,-2.63462301884685,9.99999999999998));
#5902=CARTESIAN_POINT('',(-9.34363566852409,-2.64915612312143,9.99999999999998));
#5903=CARTESIAN_POINT('',(-9.31675139435642,-2.66457424552949,9.99999999999998));
#5904=CARTESIAN_POINT('',(-9.29732922062514,-2.67548086541823,9.99999999999998));
#5905=CARTESIAN_POINT('',(-9.27797160958154,-2.68622292887113,9.99999999999998));
#5906=CARTESIAN_POINT('',(-9.25762901136779,-2.69738734418387,9.99999999999998));
#5907=CARTESIAN_POINT('',(-9.22668315703954,-2.71399871995565,9.99999999999998));
#5908=CARTESIAN_POINT('',(-9.1918757524127,-2.73222103717216,9.99999999999998));
#5909=CARTESIAN_POINT('',(-9.15434155615553,-2.75133938832059,9.99999999999997));
#5910=CARTESIAN_POINT('',(-9.11909757742905,-2.76876684547336,9.99999999999997));
#5911=CARTESIAN_POINT('',(-9.09086652835123,-2.78237500113263,9.99999999999997));
#5912=CARTESIAN_POINT('',(-9.06036300034069,-2.79683304576377,9.99999999999997));
#5913=CARTESIAN_POINT('',(-9.02198285214541,-2.81458483959771,9.99999999999997));
#5914=CARTESIAN_POINT('',(-8.97179618317005,-2.83694542298822,9.99999999999996));
#5915=CARTESIAN_POINT('',(-8.91843840511198,-2.85979770566881,9.99999999999996));
#5916=CARTESIAN_POINT('',(-8.86206749749505,-2.88294923319907,9.99999999999996));
#5917=CARTESIAN_POINT('',(-8.821869351731,-2.89872901790489,9.99999999999996));
#5918=CARTESIAN_POINT('',(-8.78000752988086,-2.91476165285511,9.99999999999995));
#5919=CARTESIAN_POINT('',(-8.73564638558106,-2.93132009622024,9.99999999999995));
#5920=CARTESIAN_POINT('',(-8.66782155695792,-2.95537002302679,9.99999999999995));
#5921=CARTESIAN_POINT('',(-8.59498730931129,-2.97977539852668,9.99999999999994));
#5922=CARTESIAN_POINT('',(-8.51757921332788,-3.00417354548523,9.99999999999994));
#5923=CARTESIAN_POINT('',(-8.44394734996941,-3.02590353328317,9.99999999999994));
#5924=CARTESIAN_POINT('',(-8.38890072778099,-3.04119122560881,9.99999999999994));
#5925=CARTESIAN_POINT('',(-8.33208685645135,-3.05641587098449,9.99999999999993));
#5926=CARTESIAN_POINT('',(-8.26584109523562,-3.07333953155073,9.99999999999993));
#5927=CARTESIAN_POINT('',(-8.17471025572179,-3.09482880067365,9.99999999999993));
#5928=CARTESIAN_POINT('',(-8.08017172930473,-3.11526533077561,9.99999999999992));
#5929=CARTESIAN_POINT('',(-7.99229545160697,-3.13255205547472,9.99999999999992));
#5930=CARTESIAN_POINT('',(-7.92556104845924,-3.1446000138057,9.99999999999991));
#5931=CARTESIAN_POINT('',(-7.85637532546943,-3.15643011179905,9.99999999999991));
#5932=CARTESIAN_POINT('',(-7.7743887216321,-3.16941826590383,9.99999999999991));
#5933=CARTESIAN_POINT('',(-7.66633342023428,-3.18450826101583,9.9999999999999));
#5934=CARTESIAN_POINT('',(-7.55594010342474,-3.19790614513241,9.9999999999999));
#5935=CARTESIAN_POINT('',(-7.46791887477938,-3.20702772392593,9.9999999999999));
#5936=CARTESIAN_POINT('',(-7.39242536807507,-3.21396340235476,9.99999999999989));
#5937=CARTESIAN_POINT('',(-7.31550230545094,-3.22037232442584,9.99999999999989));
#5938=CARTESIAN_POINT('',(-7.21316563468054,-3.22748758318386,9.99999999999988));
#5939=CARTESIAN_POINT('',(-7.09505778235823,-3.23376707862231,9.99999999999988));
#5940=CARTESIAN_POINT('',(-6.9981264592304,-3.23738386043444,9.99999999999988));
#5941=CARTESIAN_POINT('',(-6.9180805556636,-3.23948587077299,9.99999999999987));
#5942=CARTESIAN_POINT('',(-6.83739063727591,-3.2409944273995,9.99999999999987));
#5943=CARTESIAN_POINT('',(-6.77454182857996,-3.24144205949555,9.99999999999987));
#5944=CARTESIAN_POINT('',(-6.7341206158558,-3.24144210498207,9.99999999999987));
#5945=CARTESIAN_POINT('',(-10.6520042714176,-1.33009988936485,10.));
#5946=CARTESIAN_POINT('',(-10.6360648942611,-1.3567774408799,10.));
#5947=CARTESIAN_POINT('',(-10.6035459116143,-1.40992698923387,10.0000000000001));
#5948=CARTESIAN_POINT('',(-10.5700138423458,-1.46216972917735,10.0000000000002));
#5949=CARTESIAN_POINT('',(-10.5356839295454,-1.5143781452417,10.0000000000003));
#5950=CARTESIAN_POINT('',(-10.5005077541791,-1.56659395775455,10.0000000000004));
#5951=CARTESIAN_POINT('',(-10.4459694698752,-1.64368644865739,10.0000000000006));
#5952=CARTESIAN_POINT('',(-10.391292296234,-1.7172426733448,10.0000000000007));
#5953=CARTESIAN_POINT('',(-10.3523380110726,-1.76721662203089,10.0000000000008));
#5954=CARTESIAN_POINT('',(-10.3125292617756,-1.81700951850257,10.0000000000009));
#5955=CARTESIAN_POINT('',(-10.269765945809,-1.86902040234807,10.000000000001));
#5956=CARTESIAN_POINT('',(-10.2068650985844,-1.94168719868452,10.0000000000012));
#5957=CARTESIAN_POINT('',(-10.1509222549682,-2.00303537500444,10.0000000000013));
#5958=CARTESIAN_POINT('',(-10.1067275757741,-2.04951537542002,10.0000000000014));
#5959=CARTESIAN_POINT('',(-10.0620653605261,-2.095260729639,10.0000000000015));
#5960=CARTESIAN_POINT('',(-10.0073292626135,-2.14926603553314,10.0000000000016));
#5961=CARTESIAN_POINT('',(-9.9375522819856,-2.21452114879182,10.0000000000018));
#5962=CARTESIAN_POINT('',(-9.88536583291236,-2.26075309008301,10.0000000000019));
#5963=CARTESIAN_POINT('',(-9.83718322459718,-2.30206597560728,10.000000000002));
#5964=CARTESIAN_POINT('',(-9.78872247003796,-2.34249536097441,10.0000000000021));
#5965=CARTESIAN_POINT('',(-9.73147772468986,-2.387920539127,10.0000000000022));
#5966=CARTESIAN_POINT('',(-9.68128631177663,-2.42610328510392,10.0000000000023));
#5967=CARTESIAN_POINT('',(-9.65597734250994,-2.44482159855964,10.0000000000023));
#5968=CARTESIAN_POINT('',(-9.64336734875969,-2.45401726761781,10.0000000000023));
#5969=CARTESIAN_POINT('',(15.5,-8.94892917243921,9.));
#5970=CARTESIAN_POINT('',(15.5,8.94892917243919,9.));
#5971=CARTESIAN_POINT('',(15.5,-8.94892917243921,9.));
#5972=VECTOR('',#5973,1.);
#5973=DIRECTION('',(9.92496870391517E-16,1.,0.));
#5974=CARTESIAN_POINT('',(15.5,8.94892917243919,9.));
#5975=VECTOR('',#5976,1.);
#5976=DIRECTION('',(-0.654653670707977,-0.377964473009226,0.654653670707977));
#5977=CARTESIAN_POINT('',(15.5,-8.94892917243921,9.));
#5978=VECTOR('',#5979,1.);
#5979=DIRECTION('',(-0.654653670707977,0.377964473009227,0.654653670707977));
#5980=CARTESIAN_POINT('',(1.06927227473321E-14,17.8978583448784,9.));
#5981=CARTESIAN_POINT('',(15.5,8.94892917243919,9.));
#5982=VECTOR('',#5983,1.);
#5983=DIRECTION('',(-0.866025403784439,0.5,0.));
#5984=CARTESIAN_POINT('',(1.06581410364015E-14,17.8978583448784,9.));
#5985=VECTOR('',#5986,1.);
#5986=DIRECTION('',(-6.3596013107845E-16,-0.755928946018455,0.654653670707976));
#5987=CARTESIAN_POINT('',(-15.5,8.94892917243921,9.));
#5988=CARTESIAN_POINT('',(1.08234525925818E-14,17.8978583448784,9.));
#5989=VECTOR('',#5990,1.);
#5990=DIRECTION('',(-0.866025403784439,-0.499999999999999,0.));
#5991=CARTESIAN_POINT('',(-15.5,8.94892917243921,9.));
#5992=VECTOR('',#5993,1.);
#5993=DIRECTION('',(0.654653670707977,-0.377964473009226,0.654653670707977));
#5994=CARTESIAN_POINT('',(-15.5,-8.94892917243919,9.));
#5995=CARTESIAN_POINT('',(-15.5,8.94892917243921,9.));
#5996=VECTOR('',#5997,1.);
#5997=DIRECTION('',(-4.96248435195759E-16,-1.,0.));
#5998=CARTESIAN_POINT('',(-15.5,-8.94892917243918,9.));
#5999=VECTOR('',#6000,1.);
#6000=DIRECTION('',(0.654653670707979,0.377964473009223,0.654653670707978));
#6001=CARTESIAN_POINT('',(-1.16012013758809E-14,-17.8978583448784,9.));
#6002=CARTESIAN_POINT('',(-15.5,-8.94892917243919,9.));
#6003=VECTOR('',#6004,1.);
#6004=DIRECTION('',(0.866025403784438,-0.500000000000001,0.));
#6005=CARTESIAN_POINT('',(-1.24344978758018E-14,-17.8978583448784,9.));
#6006=VECTOR('',#6007,1.);
#6007=DIRECTION('',(2.48932965593565E-15,0.755928946018455,0.654653670707977));
#6008=CARTESIAN_POINT('',(-1.076790487596E-14,-17.8978583448784,9.));
#6009=VECTOR('',#6010,1.);
#6010=DIRECTION('',(0.866025403784439,0.5,0.));
#6011=CARTESIAN_POINT('',(-9.79355843865783,-0.817195656376523,9.));
#6012=CARTESIAN_POINT('',(-9.05415837359982,-1.64603658493347,9.));
#6013=CARTESIAN_POINT('',(-9.79355843865783,-0.817195656376523,9.));
#6014=CARTESIAN_POINT('',(-9.72379604101744,-0.933246835310298,9.));
#6015=CARTESIAN_POINT('',(-9.64817640486017,-1.04526125552133,9.));
#6016=CARTESIAN_POINT('',(-9.49124507729541,-1.24380655976861,9.));
#6017=CARTESIAN_POINT('',(-9.41129652188057,-1.3336300274686,9.));
#6018=CARTESIAN_POINT('',(-9.24547551656377,-1.49464490509403,9.));
#6019=CARTESIAN_POINT('',(-9.15994997143941,-1.56769176923505,9.));
#6020=CARTESIAN_POINT('',(-9.0647929473182,-1.6382489124987,9.));
#6021=CARTESIAN_POINT('',(-9.05953040204549,-1.64211910594904,9.));
#6022=CARTESIAN_POINT('',(-9.05415837733783,-1.64603658220758,9.));
#6023=CARTESIAN_POINT('',(-6.73412061399964,-2.24144210498207,9.));
#6024=CARTESIAN_POINT('',(-9.05415836986182,-1.64603658765936,9.));
#6025=CARTESIAN_POINT('',(-8.95397716336341,-1.71909237704867,9.));
#6026=CARTESIAN_POINT('',(-8.88077101575552,-1.76346518234706,9.));
#6027=CARTESIAN_POINT('',(-8.68796850749868,-1.86934292431788,9.));
#6028=CARTESIAN_POINT('',(-8.58220668355555,-1.91787680769178,9.));
#6029=CARTESIAN_POINT('',(-8.35244578746037,-2.00931835938185,9.));
#6030=CARTESIAN_POINT('',(-8.22523276758922,-2.0496934104852,9.));
#6031=CARTESIAN_POINT('',(-7.94760331585543,-2.12421068376248,9.));
#6032=CARTESIAN_POINT('',(-7.7932351834952,-2.15432517628141,9.));
#6033=CARTESIAN_POINT('',(-7.45513575930563,-2.20665505567498,9.));
#6034=CARTESIAN_POINT('',(-7.2672804916744,-2.22337476337491,9.));
#6035=CARTESIAN_POINT('',(-6.96463934676509,-2.23899304122777,9.));
#6036=CARTESIAN_POINT('',(-6.85147376808442,-2.23953300650257,9.));
#6037=CARTESIAN_POINT('',(-6.73412061399964,-2.24144210498207,9.));
#6038=CARTESIAN_POINT('',(-3.91368817245216,-1.17158828384406,9.));
#6039=CARTESIAN_POINT('',(-6.73412061399964,-2.24144210498207,9.));
#6040=CARTESIAN_POINT('',(-6.49811525637409,-2.24144210498206,9.));
#6041=CARTESIAN_POINT('',(-6.29572516011857,-2.2304945185561,9.));
#6042=CARTESIAN_POINT('',(-5.89820096202063,-2.18160616438847,9.));
#6043=CARTESIAN_POINT('',(-5.71519536245365,-2.15004709601633,9.));
#6044=CARTESIAN_POINT('',(-5.38115307969005,-2.06558221646609,9.));
#6045=CARTESIAN_POINT('',(-5.22604974979656,-2.01713945758426,9.));
#6046=CARTESIAN_POINT('',(-4.93961596801776,-1.90335796072227,9.));
#6047=CARTESIAN_POINT('',(-4.80526217408758,-1.84021166947632,9.));
#6048=CARTESIAN_POINT('',(-4.55330560475349,-1.69879205059119,9.));
#6049=CARTESIAN_POINT('',(-4.4338077048437,-1.62086017014863,9.));
#6050=CARTESIAN_POINT('',(-4.20596594587677,-1.44937362692908,9.));
#6051=CARTESIAN_POINT('',(-4.09681265128616,-1.35474246076524,9.));
#6052=CARTESIAN_POINT('',(-3.96676550192083,-1.2266294639975,9.));
#6053=CARTESIAN_POINT('',(-3.94100349484463,-1.19962215849736,9.));
#6054=CARTESIAN_POINT('',(-3.91368817245216,-1.17158828384406,9.));
#6055=CARTESIAN_POINT('',(-2.87743720761374,2.0018637184329,9.));
#6056=CARTESIAN_POINT('',(-3.91368817245216,-1.17158828384406,9.));
#6057=CARTESIAN_POINT('',(-3.79993130747612,-1.05169101885629,9.));
#6058=CARTESIAN_POINT('',(-3.72086544743919,-0.95396233500557,9.));
#6059=CARTESIAN_POINT('',(-3.54976155910111,-0.716804562608953,9.));
#6060=CARTESIAN_POINT('',(-3.47144876734459,-0.590325472349865,9.));
#6061=CARTESIAN_POINT('',(-3.3266532440116,-0.321308229500042,9.));
#6062=CARTESIAN_POINT('',(-3.26151987603591,-0.175955989760813,9.));
#6063=CARTESIAN_POINT('',(-3.14173192802886,0.135506122021344,9.));
#6064=CARTESIAN_POINT('',(-3.09019005101503,0.305445436799053,9.));
#6065=CARTESIAN_POINT('',(-2.99780437679846,0.671961218488602,9.));
#6066=CARTESIAN_POINT('',(-2.96211586556295,0.873102751838973,9.));
#6067=CARTESIAN_POINT('',(-2.90317669016583,1.30934420779356,9.));
#6068=CARTESIAN_POINT('',(-2.88675232794762,1.54894620264196,9.));
#6069=CARTESIAN_POINT('',(-2.8782711806192,1.859934804009,9.));
#6070=CARTESIAN_POINT('',(-2.87818160261637,1.93018602796062,9.));
#6071=CARTESIAN_POINT('',(-2.87743720761374,2.0018637184329,9.));
#6072=CARTESIAN_POINT('',(-3.91137652192364,5.15433258830706,9.));
#6073=CARTESIAN_POINT('',(-2.87743720761374,2.0018637184329,9.));
#6074=CARTESIAN_POINT('',(-2.87743720761373,2.28450972950749,9.));
#6075=CARTESIAN_POINT('',(-2.88951176701867,2.53583698648926,9.));
#6076=CARTESIAN_POINT('',(-2.94528066732767,3.01603439509211,9.));
#6077=CARTESIAN_POINT('',(-2.98022467605453,3.23495828838922,9.));
#6078=CARTESIAN_POINT('',(-3.07466973253609,3.6294592566514,9.));
#6079=CARTESIAN_POINT('',(-3.12758043441918,3.81052468448841,9.));
#6080=CARTESIAN_POINT('',(-3.25167226688689,4.13911681232249,9.));
#6081=CARTESIAN_POINT('',(-3.31900336956013,4.29110092973644,9.));
#6082=CARTESIAN_POINT('',(-3.46854631158094,4.57009448733656,9.));
#6083=CARTESIAN_POINT('',(-3.54908448022527,4.70026837027155,9.));
#6084=CARTESIAN_POINT('',(-3.72164890404161,4.93919097161674,9.));
#6085=CARTESIAN_POINT('',(-3.8106068833486,5.04000562508721,9.));
#6086=CARTESIAN_POINT('',(-3.91137653630689,5.15433260357338,9.));
#6087=CARTESIAN_POINT('',(-6.68695038161745,6.22635925955596,9.));
#6088=CARTESIAN_POINT('',(-3.9113765075404,5.15433257304074,9.));
#6089=CARTESIAN_POINT('',(-4.02783020120321,5.27793608766212,9.));
#6090=CARTESIAN_POINT('',(-4.1245546409937,5.36662447741566,9.));
#6091=CARTESIAN_POINT('',(-4.3509847927789,5.54988148757007,9.));
#6092=CARTESIAN_POINT('',(-4.46775512435633,5.63238010090346,9.));
#6093=CARTESIAN_POINT('',(-4.71043067114959,5.78002140457193,9.));
#6094=CARTESIAN_POINT('',(-4.83758556775852,5.84575434255639,9.));
#6095=CARTESIAN_POINT('',(-5.10457438255921,5.96315512732338,9.));
#6096=CARTESIAN_POINT('',(-5.24662503454304,6.0137759111295,9.));
#6097=CARTESIAN_POINT('',(-5.54784878174178,6.10230501874678,9.));
#6098=CARTESIAN_POINT('',(-5.71009015115008,6.13741431147637,9.));
#6099=CARTESIAN_POINT('',(-6.05702776413864,6.19454822383535,9.));
#6100=CARTESIAN_POINT('',(-6.24514943987712,6.21216619128891,9.));
#6101=CARTESIAN_POINT('',(-6.51800557979159,6.22466679533275,9.));
#6102=CARTESIAN_POINT('',(-6.60084584174999,6.22499472832033,9.));
#6103=CARTESIAN_POINT('',(-6.68695038161745,6.22635925955596,9.));
#6104=CARTESIAN_POINT('',(-9.14835400073653,5.52885990464081,9.));
#6105=CARTESIAN_POINT('',(-6.68695038161745,6.22635925955596,9.));
#6106=CARTESIAN_POINT('',(-6.92923526857962,6.22635925955595,9.));
#6107=CARTESIAN_POINT('',(-7.14091134189758,6.21638335442656,9.));
#6108=CARTESIAN_POINT('',(-7.54644797932665,6.17028986811009,9.));
#6109=CARTESIAN_POINT('',(-7.73026628013506,6.14166092807341,9.));
#6110=CARTESIAN_POINT('',(-8.05908890608347,6.06457498661078,9.));
#6111=CARTESIAN_POINT('',(-8.20896677070337,6.02177842499706,9.));
#6112=CARTESIAN_POINT('',(-8.47881079652702,5.92192959132593,9.));
#6113=CARTESIAN_POINT('',(-8.60265118909151,5.86827736356356,9.));
#6114=CARTESIAN_POINT('',(-8.82825102974419,5.74973502335882,9.));
#6115=CARTESIAN_POINT('',(-8.93262710433059,5.68650880315873,9.));
#6116=CARTESIAN_POINT('',(-9.071116683532,5.58848807918701,9.));
#6117=CARTESIAN_POINT('',(-9.10838709902661,5.56063679384574,9.));
#6118=CARTESIAN_POINT('',(-9.14835399137034,5.52885991208768,9.));
#6119=CARTESIAN_POINT('',(-10.0147517798521,4.39600092528464,9.));
#6120=CARTESIAN_POINT('',(-9.14835401010271,5.52885989719394,9.));
#6121=CARTESIAN_POINT('',(-9.24894654622216,5.44324449716994,9.));
#6122=CARTESIAN_POINT('',(-9.33534834684121,5.36951850959486,9.));
#6123=CARTESIAN_POINT('',(-9.50794808568029,5.19030070525373,9.));
#6124=CARTESIAN_POINT('',(-9.58957826609078,5.09263395949528,9.));
#6125=CARTESIAN_POINT('',(-9.74616806462044,4.88108764971321,9.));
#6126=CARTESIAN_POINT('',(-9.82019231220951,4.76466916613101,9.));
#6127=CARTESIAN_POINT('',(-9.93307267214711,4.56370023154562,9.));
#6128=CARTESIAN_POINT('',(-9.97515740534755,4.48052639294675,9.));
#6129=CARTESIAN_POINT('',(-10.0147517798521,4.39600092528464,9.));
#6130=CARTESIAN_POINT('',(-9.43840666645706,4.297856549657,9.));
#6131=CARTESIAN_POINT('',(-10.0147517798521,4.39600092528464,9.));
#6132=VECTOR('',#6133,1.);
#6133=DIRECTION('',(0.985808978085941,-0.167870958551957,0.));
#6134=CARTESIAN_POINT('',(-8.710666369972,5.38385700452349,9.));
#6135=CARTESIAN_POINT('',(-9.43840666645706,4.297856549657,9.));
#6136=CARTESIAN_POINT('',(-9.39187566521841,4.41250563339743,9.));
#6137=CARTESIAN_POINT('',(-9.34091493526664,4.52787931899779,9.));
#6138=CARTESIAN_POINT('',(-9.2269652718561,4.74038453173957,9.));
#6139=CARTESIAN_POINT('',(-9.16891012118024,4.84007218384632,9.));
#6140=CARTESIAN_POINT('',(-9.04202671438524,5.02260428578301,9.));
#6141=CARTESIAN_POINT('',(-8.97661454019575,5.10870760274642,9.));
#6142=CARTESIAN_POINT('',(-8.8439773733823,5.25685560454497,9.));
#6143=CARTESIAN_POINT('',(-8.76961842811172,5.33126126949605,9.));
#6144=CARTESIAN_POINT('',(-8.710666369972,5.38385700452349,9.));
#6145=CARTESIAN_POINT('',(-6.80953515254138,6.06677221440197,9.));
#6146=CARTESIAN_POINT('',(-8.710666369972,5.38385700452349,9.));
#6147=CARTESIAN_POINT('',(-8.64181272603267,5.4452867175239,9.));
#6148=CARTESIAN_POINT('',(-8.53108013917377,5.53371489005349,9.));
#6149=CARTESIAN_POINT('',(-8.33924550342474,5.6633496865723,9.));
#6150=CARTESIAN_POINT('',(-8.238140804603,5.72213049133379,9.));
#6151=CARTESIAN_POINT('',(-8.03176337611464,5.82499007906015,9.));
#6152=CARTESIAN_POINT('',(-7.92341960042283,5.86960529748946,9.));
#6153=CARTESIAN_POINT('',(-7.70306161591417,5.94590422091837,9.));
#6154=CARTESIAN_POINT('',(-7.58794049092026,5.97645128995489,9.));
#6155=CARTESIAN_POINT('',(-7.3533671788613,6.02624012369749,9.));
#6156=CARTESIAN_POINT('',(-7.23139193764317,6.04290315508432,9.));
#6157=CARTESIAN_POINT('',(-7.01012775578437,6.0629947157185,9.));
#6158=CARTESIAN_POINT('',(-6.90292207314535,6.06677221440197,9.));
#6159=CARTESIAN_POINT('',(-6.80953515254139,6.06677221440197,9.));
#6160=CARTESIAN_POINT('',(-4.42616308790692,4.96254930700684,9.));
#6161=CARTESIAN_POINT('',(-6.80953515254139,6.06677221440197,9.));
#6162=CARTESIAN_POINT('',(-6.68525767604748,6.06677221440196,9.));
#6163=CARTESIAN_POINT('',(-6.51829389998875,6.0589652643191,9.));
#6164=CARTESIAN_POINT('',(-6.23728261492872,6.02269202392897,9.));
#6165=CARTESIAN_POINT('',(-6.10056153591641,5.99790110682728,9.));
#6166=CARTESIAN_POINT('',(-5.84047965878196,5.92931914495237,9.));
#6167=CARTESIAN_POINT('',(-5.71345451388502,5.88779039189207,9.));
#6168=CARTESIAN_POINT('',(-5.4727514345279,5.78861996508572,9.));
#6169=CARTESIAN_POINT('',(-5.35537130683035,5.73111913979583,9.));
#6170=CARTESIAN_POINT('',(-5.13345039087985,5.60260837287922,9.));
#6171=CARTESIAN_POINT('',(-5.02594685822401,5.52986364482727,9.));
#6172=CARTESIAN_POINT('',(-4.82259006201897,5.37281557630287,9.));
#6173=CARTESIAN_POINT('',(-4.72513740862372,5.28551278370319,9.));
#6174=CARTESIAN_POINT('',(-4.56090779767141,5.1206681116256,9.));
#6175=CARTESIAN_POINT('',(-4.48648689144227,5.03664733228949,9.));
#6176=CARTESIAN_POINT('',(-4.42616307331884,4.96254928908774,9.));
#6177=CARTESIAN_POINT('',(-3.60283569697057,1.81324061086951,9.));
#6178=CARTESIAN_POINT('',(-4.42616310249501,4.96254932492594,9.));
#6179=CARTESIAN_POINT('',(-4.36964677317185,4.89312817177624,9.));
#6180=CARTESIAN_POINT('',(-4.29031336307879,4.7831502811865,9.));
#6181=CARTESIAN_POINT('',(-4.16797068011519,4.5902757270631,9.));
#6182=CARTESIAN_POINT('',(-4.11267337778979,4.48642795639507,9.));
#6183=CARTESIAN_POINT('',(-4.00660269369709,4.26797863415868,9.));
#6184=CARTESIAN_POINT('',(-3.95991456006156,4.15094369161456,9.));
#6185=CARTESIAN_POINT('',(-3.86985133172552,3.90261059001917,9.));
#6186=CARTESIAN_POINT('',(-3.83161624034342,3.7697145565787,9.));
#6187=CARTESIAN_POINT('',(-3.75793060302025,3.48486011923393,9.));
#6188=CARTESIAN_POINT('',(-3.72845096598438,3.33213716563098,9.));
#6189=CARTESIAN_POINT('',(-3.67254387361669,3.00148206472496,9.));
#6190=CARTESIAN_POINT('',(-3.65277900142904,2.8235389058178,9.));
#6191=CARTESIAN_POINT('',(-3.61746349047364,2.43477045914511,9.));
#6192=CARTESIAN_POINT('',(-3.60867233463309,2.22449589179841,9.));
#6193=CARTESIAN_POINT('',(-3.60334736457316,1.94794982149836,9.));
#6194=CARTESIAN_POINT('',(-3.60330905394458,1.87999770893668,9.));
#6195=CARTESIAN_POINT('',(-3.60283569697057,1.81324061086951,9.));
#6196=CARTESIAN_POINT('',(-4.43481849868148,-1.12655449080436,9.));
#6197=CARTESIAN_POINT('',(-3.60283569697057,1.81324061086951,9.));
#6198=CARTESIAN_POINT('',(-3.60283569697058,1.60356341473697,9.));
#6199=CARTESIAN_POINT('',(-3.60908784929903,1.3693076616228,9.));
#6200=CARTESIAN_POINT('',(-3.64415408348936,0.959594597518941,9.));
#6201=CARTESIAN_POINT('',(-3.66425270484409,0.773381696701622,9.));
#6202=CARTESIAN_POINT('',(-3.72536448017507,0.429220986234557,9.));
#6203=CARTESIAN_POINT('',(-3.75779302928303,0.270916208972282,9.));
#6204=CARTESIAN_POINT('',(-3.84089134490415,-0.022483702112085,9.));
#6205=CARTESIAN_POINT('',(-3.88427452154215,-0.159124485637272,9.));
#6206=CARTESIAN_POINT('',(-3.98714725519985,-0.412266102438945,9.));
#6207=CARTESIAN_POINT('',(-4.04088665446363,-0.531460941978012,9.));
#6208=CARTESIAN_POINT('',(-4.16243146347107,-0.751306105848414,9.));
#6209=CARTESIAN_POINT('',(-4.22636095595827,-0.85534643197115,9.));
#6210=CARTESIAN_POINT('',(-4.34144315115437,-1.01304928892735,9.));
#6211=CARTESIAN_POINT('',(-4.3917563569327,-1.07660181254308,9.));
#6212=CARTESIAN_POINT('',(-4.43481848533429,-1.12655447532143,9.));
#6213=CARTESIAN_POINT('',(-6.77179894402685,-2.15732742033519,9.));
#6214=CARTESIAN_POINT('',(-4.43481851202867,-1.12655450628728,9.));
#6215=CARTESIAN_POINT('',(-4.50717777137443,-1.21049223803313,9.));
#6216=CARTESIAN_POINT('',(-4.61636803539767,-1.32454307169466,9.));
#6217=CARTESIAN_POINT('',(-4.8138821955853,-1.49953751636192,9.));
#6218=CARTESIAN_POINT('',(-4.91761867957813,-1.58073074110625,9.));
#6219=CARTESIAN_POINT('',(-5.1312556725428,-1.72424637640267,9.));
#6220=CARTESIAN_POINT('',(-5.2435061926018,-1.78919686037979,9.));
#6221=CARTESIAN_POINT('',(-5.47253619066104,-1.90209844907176,9.));
#6222=CARTESIAN_POINT('',(-5.59259195079934,-1.95094735397791,9.));
#6223=CARTESIAN_POINT('',(-5.83664283902454,-2.03367690488752,9.));
#6224=CARTESIAN_POINT('',(-5.96408622205517,-2.06656369619706,9.));
#6225=CARTESIAN_POINT('',(-6.2235921331171,-2.11921774798013,9.));
#6226=CARTESIAN_POINT('',(-6.3585170450885,-2.13637878585348,9.));
#6227=CARTESIAN_POINT('',(-6.58527519234496,-2.15421420893805,9.));
#6228=CARTESIAN_POINT('',(-6.68400534568575,-2.15732742033519,9.));
#6229=CARTESIAN_POINT('',(-6.77179894402685,-2.15732742033519,9.));
#6230=CARTESIAN_POINT('',(-8.63059123150976,-1.52374905972934,9.));
#6231=CARTESIAN_POINT('',(-6.77179894402685,-2.15732742033519,9.));
#6232=CARTESIAN_POINT('',(-6.8873709295277,-2.15732742033519,9.));
#6233=CARTESIAN_POINT('',(-7.04256217130722,-2.15082951319419,9.));
#6234=CARTESIAN_POINT('',(-7.30316553271783,-2.11913232201436,9.));
#6235=CARTESIAN_POINT('',(-7.42889961706886,-2.09818014056573,9.));
#6236=CARTESIAN_POINT('',(-7.66766967844909,-2.03871128998288,9.));
#6237=CARTESIAN_POINT('',(-7.78363731760707,-2.00345227664994,9.));
#6238=CARTESIAN_POINT('',(-8.00273171486788,-1.91784723487811,9.));
#6239=CARTESIAN_POINT('',(-8.10928347940327,-1.86891690370405,9.));
#6240=CARTESIAN_POINT('',(-8.30953743064892,-1.75845342811688,9.));
#6241=CARTESIAN_POINT('',(-8.4063210637173,-1.6966845339874,9.));
#6242=CARTESIAN_POINT('',(-8.5429177678405,-1.59566127302522,9.));
#6243=CARTESIAN_POINT('',(-8.59112930130074,-1.55723213156734,9.));
#6244=CARTESIAN_POINT('',(-8.63059123150976,-1.52374905972934,9.));
#6245=CARTESIAN_POINT('',(-9.25866692165474,-0.720644025156717,9.));
#6246=CARTESIAN_POINT('',(-8.63059123150977,-1.52374905972934,9.));
#6247=CARTESIAN_POINT('',(-8.7036358044052,-1.46177143550571,9.));
#6248=CARTESIAN_POINT('',(-8.79415000354232,-1.37493014142009,9.));
#6249=CARTESIAN_POINT('',(-8.94168771421194,-1.21174359186033,9.));
#6250=CARTESIAN_POINT('',(-9.01049693181901,-1.12357515791602,9.));
#6251=CARTESIAN_POINT('',(-9.13734572521186,-0.940625130087602,9.));
#6252=CARTESIAN_POINT('',(-9.19520979688616,-0.8430091385803,9.));
#6253=CARTESIAN_POINT('',(-9.25060008536589,-0.73644897049188,9.));
#6254=CARTESIAN_POINT('',(-9.2546518307422,-0.728548166775044,9.));
#6255=CARTESIAN_POINT('',(-9.25866692165475,-0.720644025156716,9.));
#6256=CARTESIAN_POINT('',(-9.25866692165474,-0.720644025156717,9.));
#6257=VECTOR('',#6258,1.);
#6258=DIRECTION('',(-0.984096225418097,-0.177636198782383,0.));
#6259=CARTESIAN_POINT('',(3.00362027809041,-4.65279227360544,9.));
#6260=CARTESIAN_POINT('',(4.6881141266666,-5.47000006126111,9.));
#6261=CARTESIAN_POINT('',(3.00362025185983,-4.65279224387602,9.));
#6262=CARTESIAN_POINT('',(3.05287645800418,-4.70861863770311,9.));
#6263=CARTESIAN_POINT('',(3.14101713637999,-4.79803410559503,9.));
#6264=CARTESIAN_POINT('',(3.29094434838284,-4.92824725925098,9.));
#6265=CARTESIAN_POINT('',(3.37169640479541,-4.98870560838304,9.));
#6266=CARTESIAN_POINT('',(3.53846366870607,-5.099328768675,9.));
#6267=CARTESIAN_POINT('',(3.62743634456733,-5.14921414434443,9.));
#6268=CARTESIAN_POINT('',(3.81058934415357,-5.24025144914982,9.));
#6269=CARTESIAN_POINT('',(3.90752416052124,-5.27968962846741,9.));
#6270=CARTESIAN_POINT('',(4.10766855866983,-5.35128016031073,9.));
#6271=CARTESIAN_POINT('',(4.21302234467009,-5.38046667229825,9.));
#6272=CARTESIAN_POINT('',(4.43216863412798,-5.43258221368206,9.));
#6273=CARTESIAN_POINT('',(4.54720436185256,-5.45203215212377,9.));
#6274=CARTESIAN_POINT('',(4.66858859666313,-5.46760354015412,9.));
#6275=CARTESIAN_POINT('',(4.6764826807823,-5.46858580411242,9.));
#6276=CARTESIAN_POINT('',(4.68553305606124,-5.46968623115983,9.));
#6277=CARTESIAN_POINT('',(4.68682567358069,-5.4698433993696,9.));
#6278=CARTESIAN_POINT('',(4.68811413064347,-5.47000006171316,9.));
#6279=CARTESIAN_POINT('',(2.39984175624984,-2.94910233075202,9.));
#6280=CARTESIAN_POINT('',(2.39984175624984,-2.94910233075202,9.));
#6281=CARTESIAN_POINT('',(2.39984175624985,-3.04905212763554,9.));
#6282=CARTESIAN_POINT('',(2.40570456692318,-3.18956962309715,9.));
#6283=CARTESIAN_POINT('',(2.43427165968564,-3.42221109935687,9.));
#6284=CARTESIAN_POINT('',(2.4532984021835,-3.53505073576915,9.));
#6285=CARTESIAN_POINT('',(2.50729800806842,-3.74996314698038,9.));
#6286=CARTESIAN_POINT('',(2.53950681405154,-3.85479318343568,9.));
#6287=CARTESIAN_POINT('',(2.61765662353307,-4.05320438686875,9.));
#6288=CARTESIAN_POINT('',(2.66252304261334,-4.14998197297136,9.));
#6289=CARTESIAN_POINT('',(2.76368095150544,-4.33203205248155,9.));
#6290=CARTESIAN_POINT('',(2.820426882162,-4.42018381129949,9.));
#6291=CARTESIAN_POINT('',(2.92044695225012,-4.55453173684093,9.));
#6292=CARTESIAN_POINT('',(2.96575738769398,-4.60987893418457,9.));
#6293=CARTESIAN_POINT('',(3.00362030432099,-4.65279230333486,9.));
#6294=CARTESIAN_POINT('',(2.99494562198326,-1.27758113070844,9.));
#6295=CARTESIAN_POINT('',(2.9949456219839,-1.27758113070771,9.));
#6296=CARTESIAN_POINT('',(2.96187362854076,-1.31537905484863,9.));
#6297=CARTESIAN_POINT('',(2.92438502370773,-1.36108443789354,9.));
#6298=CARTESIAN_POINT('',(2.83127267444737,-1.4834457351347,9.));
#6299=CARTESIAN_POINT('',(2.77296541740684,-1.57148847416141,9.));
#6300=CARTESIAN_POINT('',(2.67043994238547,-1.75159955342154,9.));
#6301=CARTESIAN_POINT('',(2.62502187861731,-1.84634784320557,9.));
#6302=CARTESIAN_POINT('',(2.54674532112852,-2.03875214740477,9.));
#6303=CARTESIAN_POINT('',(2.51421451916037,-2.1393670391051,9.));
#6304=CARTESIAN_POINT('',(2.46008195357177,-2.34340382527681,9.));
#6305=CARTESIAN_POINT('',(2.44029184774873,-2.44946355138203,9.));
#6306=CARTESIAN_POINT('',(2.41027080007443,-2.66539197418057,9.));
#6307=CARTESIAN_POINT('',(2.40272508332828,-2.7770219794894,9.));
#6308=CARTESIAN_POINT('',(2.40002955357873,-2.90743093288123,9.));
#6309=CARTESIAN_POINT('',(2.39984175624984,-2.92887104748823,9.));
#6310=CARTESIAN_POINT('',(2.39984175624984,-2.94910233075202,9.));
#6311=CARTESIAN_POINT('',(2.04748797807919,-2.10508711975355,9.));
#6312=CARTESIAN_POINT('',(2.99494562198262,-1.27758113070917,9.));
#6313=CARTESIAN_POINT('',(2.90212238326185,-1.32124996076751,9.));
#6314=CARTESIAN_POINT('',(2.83202769088552,-1.36010833948719,9.));
#6315=CARTESIAN_POINT('',(2.6690972530563,-1.46128034601692,9.));
#6316=CARTESIAN_POINT('',(2.58835639329682,-1.51853741268211,9.));
#6317=CARTESIAN_POINT('',(2.43861198288257,-1.64121933520755,9.));
#6318=CARTESIAN_POINT('',(2.3687488093719,-1.70656456628261,9.));
#6319=CARTESIAN_POINT('',(2.23689458279301,-1.84704185120977,9.));
#6320=CARTESIAN_POINT('',(2.17482067813782,-1.92288355210317,9.));
#6321=CARTESIAN_POINT('',(2.0932506263095,-2.03604728289037,9.));
#6322=CARTESIAN_POINT('',(2.07094169665521,-2.06874462060974,9.));
#6323=CARTESIAN_POINT('',(2.04748797807919,-2.10508711975355,9.));
#6324=CARTESIAN_POINT('',(1.68387729076066,-3.34515877164874,9.));
#6325=CARTESIAN_POINT('',(2.04748797807919,-2.10508711975355,9.));
#6326=CARTESIAN_POINT('',(1.98103684651579,-2.2080558743295,9.));
#6327=CARTESIAN_POINT('',(1.94023893861489,-2.28301282187612,9.));
#6328=CARTESIAN_POINT('',(1.85520637966888,-2.46280231551645,9.));
#6329=CARTESIAN_POINT('',(1.81952411746337,-2.5523929817112,9.));
#6330=CARTESIAN_POINT('',(1.76126895163693,-2.73373743707123,9.));
#6331=CARTESIAN_POINT('',(1.73830810923801,-2.82594960348293,9.));
#6332=CARTESIAN_POINT('',(1.70359998633348,-3.01595302259704,9.));
#6333=CARTESIAN_POINT('',(1.69248758297094,-3.11450753184439,9.));
#6334=CARTESIAN_POINT('',(1.68496342824111,-3.25746148306809,9.));
#6335=CARTESIAN_POINT('',(1.68387729076066,-3.29939650266898,9.));
#6336=CARTESIAN_POINT('',(1.68387729076066,-3.34515877164874,9.));
#6337=CARTESIAN_POINT('',(1.9701719030754,-4.45550234572136,9.));
#6338=CARTESIAN_POINT('',(1.68387729076066,-3.34515877164874,9.));
#6339=CARTESIAN_POINT('',(1.68387729076066,-3.47089458640036,9.));
#6340=CARTESIAN_POINT('',(1.69005182979316,-3.56057074607222,9.));
#6341=CARTESIAN_POINT('',(1.71578005199382,-3.75985363443972,9.));
#6342=CARTESIAN_POINT('',(1.73341077418745,-3.85332950483852,9.));
#6343=CARTESIAN_POINT('',(1.77999153972227,-4.03005283326157,9.));
#6344=CARTESIAN_POINT('',(1.80796571793309,-4.11425019398808,9.));
#6345=CARTESIAN_POINT('',(1.87453419305675,-4.27695188233224,9.));
#6346=CARTESIAN_POINT('',(1.91311064462263,-4.35590925187772,9.));
#6347=CARTESIAN_POINT('',(1.96117795898245,-4.4401007757753,9.));
#6348=CARTESIAN_POINT('',(1.96557819140208,-4.44769297395709,9.));
#6349=CARTESIAN_POINT('',(1.9701718883192,-4.45550232063562,9.));
#6350=CARTESIAN_POINT('',(2.73229411035109,-5.29136108248245,9.));
#6351=CARTESIAN_POINT('',(1.9701719178316,-4.4555023708071,9.));
#6352=CARTESIAN_POINT('',(2.0426760326621,-4.57876035973492,9.));
#6353=CARTESIAN_POINT('',(2.10294378577884,-4.66729621177616,9.));
#6354=CARTESIAN_POINT('',(2.24585001090604,-4.85184300324658,9.));
#6355=CARTESIAN_POINT('',(2.31845136444916,-4.93532270468224,9.));
#6356=CARTESIAN_POINT('',(2.46871744442808,-5.08508968822988,9.));
#6357=CARTESIAN_POINT('',(2.5459808975017,-5.15308749304947,9.));
#6358=CARTESIAN_POINT('',(2.66148749963672,-5.24163981102975,9.));
#6359=CARTESIAN_POINT('',(2.69470766666213,-5.26574755307603,9.));
#6360=CARTESIAN_POINT('',(2.73229412742367,-5.29136109411667,9.));
#6361=CARTESIAN_POINT('',(3.77921966346262,-5.70233274039978,9.));
#6362=CARTESIAN_POINT('',(2.7322940932785,-5.29136107084822,9.));
#6363=CARTESIAN_POINT('',(2.83644370998393,-5.36233450625388,9.));
#6364=CARTESIAN_POINT('',(2.91256887614888,-5.40576326449412,9.));
#6365=CARTESIAN_POINT('',(3.10360644365316,-5.50237593792412,9.));
#6366=CARTESIAN_POINT('',(3.2033912347869,-5.54464474772023,9.));
#6367=CARTESIAN_POINT('',(3.41306113426417,-5.61897633997877,9.));
#6368=CARTESIAN_POINT('',(3.52431585910771,-5.65007245562887,9.));
#6369=CARTESIAN_POINT('',(3.68435774861156,-5.68515769758123,9.));
#6370=CARTESIAN_POINT('',(3.73018775498744,-5.6931614431785,9.));
#6371=CARTESIAN_POINT('',(3.77921966346263,-5.70233274039978,9.));
#6372=CARTESIAN_POINT('',(6.05920190896722,-5.8249918127718,9.));
#6373=CARTESIAN_POINT('',(3.77921966346262,-5.70233274039978,9.));
#6374=CARTESIAN_POINT('',(3.84752529795776,-5.71391640700477,9.));
#6375=CARTESIAN_POINT('',(3.90349465928903,-5.72177928861593,9.));
#6376=CARTESIAN_POINT('',(4.05004212608308,-5.74107804140447,9.));
#6377=CARTESIAN_POINT('',(4.13544144782563,-5.75006874367244,9.));
#6378=CARTESIAN_POINT('',(4.33137817731705,-5.76902996535611,9.));
#6379=CARTESIAN_POINT('',(4.44398009641653,-5.77731149559472,9.));
#6380=CARTESIAN_POINT('',(4.70142866802052,-5.79437477371841,9.));
#6381=CARTESIAN_POINT('',(4.84805860050805,-5.8010976882676,9.));
#6382=CARTESIAN_POINT('',(5.18251755190447,-5.81433099385191,9.));
#6383=CARTESIAN_POINT('',(5.37184392189298,-5.81848713706626,9.));
#6384=CARTESIAN_POINT('',(5.72680291128141,-5.82407427176488,9.));
#6385=CARTESIAN_POINT('',(5.89229856204944,-5.82426087054317,9.));
#6386=CARTESIAN_POINT('',(6.05920190896722,-5.8249918127718,9.));
#6387=CARTESIAN_POINT('',(10.5854134262226,-5.8249918127718,9.));
#6388=CARTESIAN_POINT('',(6.05920190896722,-5.8249918127718,9.));
#6389=VECTOR('',#6390,1.);
#6390=DIRECTION('',(1.,-1.9622998534516E-16,0.));
#6391=CARTESIAN_POINT('',(10.5854134262226,6.,9.));
#6392=CARTESIAN_POINT('',(10.5854134262226,-5.8249918127718,9.));
#6393=VECTOR('',#6394,1.);
#6394=DIRECTION('',(0.,1.,0.));
#6395=CARTESIAN_POINT('',(6.87967485389487,6.,9.));
#6396=CARTESIAN_POINT('',(10.5854134262226,6.,9.));
#6397=VECTOR('',#6398,1.);
#6398=DIRECTION('',(-1.,2.39676491572425E-16,0.));
#6399=CARTESIAN_POINT('',(3.62145268977054,5.91161586128491,9.));
#6400=CARTESIAN_POINT('',(6.87967485389487,6.,9.));
#6401=CARTESIAN_POINT('',(6.58474072926047,5.9971639426153,9.));
#6402=CARTESIAN_POINT('',(6.28953773199967,5.99527166549676,9.));
#6403=CARTESIAN_POINT('',(5.77022828148221,5.98853429985668,9.));
#6404=CARTESIAN_POINT('',(5.54555079829356,5.9853543405478,9.));
#6405=CARTESIAN_POINT('',(5.15221778252977,5.97770935812635,9.));
#6406=CARTESIAN_POINT('',(4.9830192499457,5.9741904903149,9.));
#6407=CARTESIAN_POINT('',(4.68759787793825,5.96621754141476,9.));
#6408=CARTESIAN_POINT('',(4.56072427742375,5.96259362011356,9.));
#6409=CARTESIAN_POINT('',(4.34008780298257,5.95468530277305,9.));
#6410=CARTESIAN_POINT('',(4.24553891895197,5.951123134197,9.));
#6411=CARTESIAN_POINT('',(4.08213938427993,5.94356318472086,9.));
#6412=CARTESIAN_POINT('',(4.01232864356746,5.94018307328981,9.));
#6413=CARTESIAN_POINT('',(3.89289969820873,5.93318538156872,9.));
#6414=CARTESIAN_POINT('',(3.84208953838359,5.9300776662702,9.));
#6415=CARTESIAN_POINT('',(3.75666560801481,5.92382073833014,9.));
#6416=CARTESIAN_POINT('',(3.72056699272819,5.9210580477652,9.));
#6417=CARTESIAN_POINT('',(3.66410390224497,5.91594061307756,9.));
#6418=CARTESIAN_POINT('',(3.64430400646803,5.91407742452973,9.));
#6419=CARTESIAN_POINT('',(3.62145268977054,5.91161586128491,9.));
#6420=CARTESIAN_POINT('',(2.21551408620784,5.43173901046272,9.));
#6421=CARTESIAN_POINT('',(3.62145268977054,5.91161586128491,9.));
#6422=CARTESIAN_POINT('',(3.44950387748205,5.89263323340074,9.));
#6423=CARTESIAN_POINT('',(3.31075572526883,5.86965291375533,9.));
#6424=CARTESIAN_POINT('',(3.03428934189703,5.80531043554299,9.));
#6425=CARTESIAN_POINT('',(2.9085781917128,5.76971965465039,9.));
#6426=CARTESIAN_POINT('',(2.68301037655464,5.6872488694014,9.));
#6427=CARTESIAN_POINT('',(2.57991061045624,5.64317130900111,9.));
#6428=CARTESIAN_POINT('',(2.39260070472775,5.54624517686911,9.));
#6429=CARTESIAN_POINT('',(2.30630098073627,5.49481366994189,9.));
#6430=CARTESIAN_POINT('',(2.22158352891948,5.43598731345939,9.));
#6431=CARTESIAN_POINT('',(2.21856578628284,5.43388088905375,9.));
#6432=CARTESIAN_POINT('',(2.21551408620784,5.43173901046272,9.));
#6433=CARTESIAN_POINT('',(1.3406254982163,4.38475642434547,9.));
#6434=CARTESIAN_POINT('',(2.21551408620784,5.43173901046272,9.));
#6435=CARTESIAN_POINT('',(2.10824125568632,5.35644806658033,9.));
#6436=CARTESIAN_POINT('',(2.03685396625018,5.2974633239856,9.));
#6437=CARTESIAN_POINT('',(1.87327348660101,5.14716796984999,9.));
#6438=CARTESIAN_POINT('',(1.79636514409295,5.06634333396032,9.));
#6439=CARTESIAN_POINT('',(1.65011983134849,4.89224795015128,9.));
#6440=CARTESIAN_POINT('',(1.58108117819298,4.79742131091173,9.));
#6441=CARTESIAN_POINT('',(1.45294350355313,4.59878926574535,9.));
#6442=CARTESIAN_POINT('',(1.40037659069907,4.49766554435272,9.));
#6443=CARTESIAN_POINT('',(1.34062549249085,4.3847564127098,9.));
#6444=CARTESIAN_POINT('',(1.00485727753618,2.99209166666667,9.));
#6445=CARTESIAN_POINT('',(1.34062550394175,4.38475643598114,9.));
#6446=CARTESIAN_POINT('',(1.26690388764609,4.23493413710904,9.));
#6447=CARTESIAN_POINT('',(1.21750987285372,4.11480718926761,9.));
#6448=CARTESIAN_POINT('',(1.12669011860021,3.84808738429464,9.));
#6449=CARTESIAN_POINT('',(1.09067235449753,3.71726904224142,9.));
#6450=CARTESIAN_POINT('',(1.03847090132863,3.45833603737733,9.));
#6451=CARTESIAN_POINT('',(1.02095050164139,3.32928421476695,9.));
#6452=CARTESIAN_POINT('',(1.00722001658948,3.13086807371123,9.));
#6453=CARTESIAN_POINT('',(1.0064907124567,3.06472080067214,9.));
#6454=CARTESIAN_POINT('',(1.00485727753618,2.99209166666667,9.));
#6455=CARTESIAN_POINT('',(1.47772411242457,1.51599909518112,9.));
#6456=CARTESIAN_POINT('',(1.00485727753618,2.99209166666667,9.));
#6457=CARTESIAN_POINT('',(1.00485727753618,2.85064633067439,9.));
#6458=CARTESIAN_POINT('',(1.01181455309688,2.74506643517885,9.));
#6459=CARTESIAN_POINT('',(1.04114137535267,2.51781401186807,9.));
#6460=CARTESIAN_POINT('',(1.06099870652616,2.41170562217696,9.));
#6461=CARTESIAN_POINT('',(1.11348229514981,2.21283779163225,9.));
#6462=CARTESIAN_POINT('',(1.14470343001114,2.11869167672802,9.));
#6463=CARTESIAN_POINT('',(1.21868588036621,1.93860413296276,9.));
#6464=CARTESIAN_POINT('',(1.26124253944557,1.8519207731344,9.));
#6465=CARTESIAN_POINT('',(1.35844655134878,1.68263248031582,9.));
#6466=CARTESIAN_POINT('',(1.4138395962253,1.59977306326088,9.));
#6467=CARTESIAN_POINT('',(1.47559752295875,1.51877850653497,9.));
#6468=CARTESIAN_POINT('',(1.47665737935349,1.51739176321061,9.));
#6469=CARTESIAN_POINT('',(1.47772412464248,1.51599907923009,9.));
#6470=CARTESIAN_POINT('',(3.036893566431,0.575379259551508,9.));
#6471=CARTESIAN_POINT('',(1.47772410020665,1.51599911113216,9.));
#6472=CARTESIAN_POINT('',(1.54819594523022,1.42399495373441,9.));
#6473=CARTESIAN_POINT('',(1.60028184114433,1.36660756016505,9.));
#6474=CARTESIAN_POINT('',(1.73775358656284,1.22930961897623,9.));
#6475=CARTESIAN_POINT('',(1.81215516661339,1.16462076933114,9.));
#6476=CARTESIAN_POINT('',(1.97338966978152,1.04076794925899,9.));
#6477=CARTESIAN_POINT('',(2.06192526281857,0.982240382392277,9.));
#6478=CARTESIAN_POINT('',(2.25484909731134,0.869321812874487,9.));
#6479=CARTESIAN_POINT('',(2.36196602555478,0.816471291195461,9.));
#6480=CARTESIAN_POINT('',(2.59634246261611,0.714589349345067,9.));
#6481=CARTESIAN_POINT('',(2.72688720891267,0.6679754808185,9.));
#6482=CARTESIAN_POINT('',(2.87545827390883,0.622844564038715,9.));
#6483=CARTESIAN_POINT('',(2.89058925415593,0.618439273421424,9.));
#6484=CARTESIAN_POINT('',(2.94771744230226,0.601494521699337,9.));
#6485=CARTESIAN_POINT('',(2.99162752598545,0.588597863253687,9.));
#6486=CARTESIAN_POINT('',(3.03689356501918,0.575379260590728,9.));
#6487=CARTESIAN_POINT('',(2.37143194350018,1.23279024327581,9.));
#6488=CARTESIAN_POINT('',(2.37143196856974,1.23279020723651,9.));
#6489=CARTESIAN_POINT('',(2.42194698317,1.16017124588736,9.));
#6490=CARTESIAN_POINT('',(2.50681885506111,1.05137441121895,9.));
#6491=CARTESIAN_POINT('',(2.65823240113555,0.88566856862596,9.));
#6492=CARTESIAN_POINT('',(2.74044959361432,0.807246243256245,9.));
#6493=CARTESIAN_POINT('',(2.89318644500787,0.678484796450578,9.));
#6494=CARTESIAN_POINT('',(2.9658768313897,0.627653920495332,9.));
#6495=CARTESIAN_POINT('',(3.03689356596039,0.575379259897915,9.));
#6496=CARTESIAN_POINT('',(3.0368935669016,0.575379259205102,9.));
#6497=CARTESIAN_POINT('',(3.03689356784281,0.575379258512288,9.));
#6498=CARTESIAN_POINT('',(1.89057674633148,2.8600149368658,9.));
#6499=CARTESIAN_POINT('',(1.89057674633148,2.8600149368658,9.));
#6500=CARTESIAN_POINT('',(1.89057674633148,2.74936298189062,9.));
#6501=CARTESIAN_POINT('',(1.89718023197426,2.59758563268188,9.));
#6502=CARTESIAN_POINT('',(1.92858455313992,2.34417304051666,9.));
#6503=CARTESIAN_POINT('',(1.9497334327648,2.22119574287084,9.));
#6504=CARTESIAN_POINT('',(2.00900753401468,1.9871124453757,9.));
#6505=CARTESIAN_POINT('',(2.04455581725751,1.87295318058283,9.));
#6506=CARTESIAN_POINT('',(2.13017928022844,1.65670412976354,9.));
#6507=CARTESIAN_POINT('',(2.17943538888871,1.55137634236645,9.));
#6508=CARTESIAN_POINT('',(2.27690771840838,1.37633295616636,9.));
#6509=CARTESIAN_POINT('',(2.3277611721156,1.29557012522469,9.));
#6510=CARTESIAN_POINT('',(2.37143191843061,1.23279027931511,9.));
#6511=CARTESIAN_POINT('',(2.53587376803025,4.70001499612068,9.));
#6512=CARTESIAN_POINT('',(2.53587378934902,4.70001502000735,9.));
#6513=CARTESIAN_POINT('',(2.48089219215823,4.63841075223784,9.));
#6514=CARTESIAN_POINT('',(2.39794503343587,4.53443939674306,9.));
#6515=CARTESIAN_POINT('',(2.27808302678459,4.35735064327362,9.));
#6516=CARTESIAN_POINT('',(2.22378928834721,4.26348359233104,9.));
#6517=CARTESIAN_POINT('',(2.12768036994929,4.07156387529624,9.));
#6518=CARTESIAN_POINT('',(2.08605204773482,3.97046939770308,9.));
#6519=CARTESIAN_POINT('',(2.01362403052215,3.76419990924395,9.));
#6520=CARTESIAN_POINT('',(1.98454946682218,3.65620259852603,9.));
#6521=CARTESIAN_POINT('',(1.93579102178558,3.43508491579466,9.));
#6522=CARTESIAN_POINT('',(1.91914548063819,3.31983838784387,9.));
#6523=CARTESIAN_POINT('',(1.89529005617227,3.08991215966011,9.));
#6524=CARTESIAN_POINT('',(1.89057674633148,2.96663027479453,9.));
#6525=CARTESIAN_POINT('',(1.89057674633148,2.8600149368658,9.));
#6526=CARTESIAN_POINT('',(4.10536279671074,5.56756301312295,9.));
#6527=CARTESIAN_POINT('',(4.10536279892377,5.56756301356342,9.));
#6528=CARTESIAN_POINT('',(4.00266399938629,5.54838025731325,9.));
#6529=CARTESIAN_POINT('',(3.86281645590548,5.51563286906017,9.));
#6530=CARTESIAN_POINT('',(3.62947026573633,5.44116998771696,9.));
#6531=CARTESIAN_POINT('',(3.51397960935388,5.39730650029304,9.));
#6532=CARTESIAN_POINT('',(3.29642596879819,5.29537507907023,9.));
#6533=CARTESIAN_POINT('',(3.19089137524288,5.23788459655982,9.));
#6534=CARTESIAN_POINT('',(2.99291973017856,5.11112210828937,9.));
#6535=CARTESIAN_POINT('',(2.89752432832518,5.04070917517927,9.));
#6536=CARTESIAN_POINT('',(2.71897344627808,4.89010606167863,9.));
#6537=CARTESIAN_POINT('',(2.63402350072985,4.80786605252686,9.));
#6538=CARTESIAN_POINT('',(2.5489935456578,4.7146390175225,9.));
#6539=CARTESIAN_POINT('',(2.54229354490038,4.70720805206141,9.));
#6540=CARTESIAN_POINT('',(2.53587374671148,4.70001497223401,9.));
#6541=CARTESIAN_POINT('',(6.21008886453803,5.67065789501793,9.));
#6542=CARTESIAN_POINT('',(6.21008886453803,5.67065789501793,9.));
#6543=CARTESIAN_POINT('',(6.03776547657076,5.67065789501793,9.));
#6544=CARTESIAN_POINT('',(5.86219555249369,5.67001297000053,9.));
#6545=CARTESIAN_POINT('',(5.55400690312055,5.66610919940322,9.));
#6546=CARTESIAN_POINT('',(5.42062454196356,5.66409161235529,9.));
#6547=CARTESIAN_POINT('',(5.18350326820116,5.65780285982358,9.));
#6548=CARTESIAN_POINT('',(5.0807550968987,5.65479140732207,9.));
#6549=CARTESIAN_POINT('',(4.89711298893221,5.64694770982545,9.));
#6550=CARTESIAN_POINT('',(4.81737036793358,5.64329155037358,9.));
#6551=CARTESIAN_POINT('',(4.6736753536491,5.63442475443377,9.));
#6552=CARTESIAN_POINT('',(4.6110583135031,5.63034226174696,9.));
#6553=CARTESIAN_POINT('',(4.49685017499359,5.6207382529699,9.));
#6554=CARTESIAN_POINT('',(4.44679734711165,5.61633794611954,9.));
#6555=CARTESIAN_POINT('',(4.35393084207361,5.60606439846081,9.));
#6556=CARTESIAN_POINT('',(4.31286663869597,5.60135408998632,9.));
#6557=CARTESIAN_POINT('',(4.23492804202795,5.5902637796568,9.));
#6558=CARTESIAN_POINT('',(4.19992910795257,5.58509433427716,9.));
#6559=CARTESIAN_POINT('',(4.1444403397635,5.57514236402901,9.));
#6560=CARTESIAN_POINT('',(4.12351011349053,5.57119666589806,9.));
#6561=CARTESIAN_POINT('',(4.10536279449771,5.56756301268248,9.));
#6562=CARTESIAN_POINT('',(9.79403447871366,5.67065789501793,9.));
#6563=CARTESIAN_POINT('',(9.79403447871366,5.67065789501793,9.));
#6564=VECTOR('',#6565,1.);
#6565=DIRECTION('',(-1.,2.47821400019884E-16,0.));
#6566=CARTESIAN_POINT('',(9.79403447871366,-0.0260425598280824,9.));
#6567=CARTESIAN_POINT('',(9.79403447871366,-0.0260425598280826,9.));
#6568=VECTOR('',#6569,1.);
#6569=DIRECTION('',(0.,1.,0.));
#6570=CARTESIAN_POINT('',(6.54016479076066,-0.0260425598280818,9.));
#6571=CARTESIAN_POINT('',(6.54016479076066,-0.0260425598280818,9.));
#6572=VECTOR('',#6573,1.);
#6573=DIRECTION('',(1.,-1.49275361294223E-16,0.));
#6574=CARTESIAN_POINT('',(4.93655099594045,0.0229497901302324,9.));
#6575=CARTESIAN_POINT('',(4.93655099594115,0.0229497901301715,9.));
#6576=CARTESIAN_POINT('',(4.95112358051984,0.0216913935748584,9.));
#6577=CARTESIAN_POINT('',(4.96554080013502,0.020805897743274,9.));
#6578=CARTESIAN_POINT('',(5.10800482915394,0.0102675994517544,9.));
#6579=CARTESIAN_POINT('',(5.23462224710901,0.00354035257856097,9.));
#6580=CARTESIAN_POINT('',(5.52030936866413,-0.0100220409938781,9.));
#6581=CARTESIAN_POINT('',(5.6782859183352,-0.0146628133390259,9.));
#6582=CARTESIAN_POINT('',(6.03547681283862,-0.0233631124250198,9.));
#6583=CARTESIAN_POINT('',(6.23377891077603,-0.0252586301075024,9.));
#6584=CARTESIAN_POINT('',(6.46793989976597,-0.0259976615862449,9.));
#6585=CARTESIAN_POINT('',(6.50410818396261,-0.0259964714689183,9.));
#6586=CARTESIAN_POINT('',(6.54016479076066,-0.0260425598280818,9.));
#6587=CARTESIAN_POINT('',(5.502960786045,-0.141883377571699,9.));
#6588=CARTESIAN_POINT('',(4.93655099593975,0.0229497901302932,9.));
#6589=CARTESIAN_POINT('',(5.12535425930816,-0.0319945991037042,9.));
#6590=CARTESIAN_POINT('',(5.31415752267658,-0.0869389883377015,9.));
#6591=CARTESIAN_POINT('',(5.502960786045,-0.141883377571699,9.));
#6592=CARTESIAN_POINT('',(5.01305727633018,-0.36365184804086,9.));
#6593=CARTESIAN_POINT('',(5.502960786045,-0.141883377571699,9.));
#6594=CARTESIAN_POINT('',(5.33965961616065,-0.215806201060155,9.));
#6595=CARTESIAN_POINT('',(5.1763584462763,-0.289729024548611,9.));
#6596=CARTESIAN_POINT('',(5.01305727639196,-0.363651848037068,9.));
#6597=CARTESIAN_POINT('',(6.96452341630426,-0.327082423641312,9.));
#6598=CARTESIAN_POINT('',(6.96452341630426,-0.327082423641312,9.));
#6599=CARTESIAN_POINT('',(6.78500400202575,-0.327082423641312,9.));
#6600=CARTESIAN_POINT('',(6.60387787539691,-0.327415959835464,9.));
#6601=CARTESIAN_POINT('',(6.28577285910382,-0.329425809649057,9.));
#6602=CARTESIAN_POINT('',(6.14843658791776,-0.330462819336221,9.));
#6603=CARTESIAN_POINT('',(5.90581960310418,-0.333673878450559,9.));
#6604=CARTESIAN_POINT('',(5.80106470636425,-0.335207453648708,9.));
#6605=CARTESIAN_POINT('',(5.61555390368993,-0.339163353174758,9.));
#6606=CARTESIAN_POINT('',(5.53542030754346,-0.340999810455813,9.));
#6607=CARTESIAN_POINT('',(5.39293463665809,-0.345391170539504,9.));
#6608=CARTESIAN_POINT('',(5.33132167296249,-0.347400523440289,9.));
#6609=CARTESIAN_POINT('',(5.2210463506871,-0.352033692810455,9.));
#6610=CARTESIAN_POINT('',(5.17326322725736,-0.354136418222762,9.));
#6611=CARTESIAN_POINT('',(5.08769544380514,-0.358866880018477,9.));
#6612=CARTESIAN_POINT('',(5.05020489687432,-0.36137151103208,8.99999999999998));
#6613=CARTESIAN_POINT('',(5.01305727626839,-0.363651848044653,9.));
#6614=CARTESIAN_POINT('',(9.79403447871367,-0.327082423641313,9.));
#6615=CARTESIAN_POINT('',(9.79403447871367,-0.327082423641313,9.));
#6616=VECTOR('',#6617,1.);
#6617=DIRECTION('',(-1.,1.17711823718382E-16,0.));
#6618=CARTESIAN_POINT('',(9.79403447871367,-5.52400977092394,9.));
#6619=CARTESIAN_POINT('',(9.79403447871367,-5.52400977092394,9.));
#6620=VECTOR('',#6621,1.);
#6621=DIRECTION('',(0.,1.,0.));
#6622=CARTESIAN_POINT('',(7.19082485389486,-5.52400977092394,9.));
#6623=CARTESIAN_POINT('',(7.19082485389487,-5.52400977092394,9.));
#6624=VECTOR('',#6625,1.);
#6625=DIRECTION('',(1.,0.,0.));
#6626=CARTESIAN_POINT('',(4.68811412268974,-5.47000006080907,9.));
#6627=CARTESIAN_POINT('',(4.68940512248536,-5.47014680620573,9.));
#6628=CARTESIAN_POINT('',(4.69067847872063,-5.47029154609374,9.));
#6629=CARTESIAN_POINT('',(4.7083382550336,-5.47229889798395,9.));
#6630=CARTESIAN_POINT('',(4.73200766601898,-5.474717962899,9.));
#6631=CARTESIAN_POINT('',(4.77467069350708,-5.47876902364779,9.));
#6632=CARTESIAN_POINT('',(4.79696127035706,-5.48055589240588,9.));
#6633=CARTESIAN_POINT('',(4.84677922520008,-5.48442712777379,9.));
#6634=CARTESIAN_POINT('',(4.87338793968151,-5.48617145955928,9.));
#6635=CARTESIAN_POINT('',(4.9333003746614,-5.48995967990262,9.));
#6636=CARTESIAN_POINT('',(4.96582031693471,-5.49168714850921,9.));
#6637=CARTESIAN_POINT('',(5.03938906703326,-5.49543749862059,9.));
#6638=CARTESIAN_POINT('',(5.07977209280148,-5.49715298905162,9.));
#6639=CARTESIAN_POINT('',(5.17139223028161,-5.50086724949566,9.));
#6640=CARTESIAN_POINT('',(5.22206463032155,-5.50255647757335,9.));
#6641=CARTESIAN_POINT('',(5.33722034710808,-5.50619505050913,9.));
#6642=CARTESIAN_POINT('',(5.40122430743096,-5.5078237660864,9.));
#6643=CARTESIAN_POINT('',(5.54680543524379,-5.51130288690648,9.));
#6644=CARTESIAN_POINT('',(5.62797473209118,-5.51281406526914,9.));
#6645=CARTESIAN_POINT('',(5.81267248422064,-5.51599885084903,9.));
#6646=CARTESIAN_POINT('',(5.91585269319599,-5.51730796101397,9.));
#6647=CARTESIAN_POINT('',(6.15065739713215,-5.52000131497955,9.));
#6648=CARTESIAN_POINT('',(6.28198330664826,-5.52098952656539,9.));
#6649=CARTESIAN_POINT('',(6.58081250206475,-5.52291648795453,9.));
#6650=CARTESIAN_POINT('',(6.74807058265089,-5.52344408351649,9.));
#6651=CARTESIAN_POINT('',(7.00716921794747,-5.52394485764172,9.));
#6652=CARTESIAN_POINT('',(7.09906843824561,-5.52395252503897,9.));
#6653=CARTESIAN_POINT('',(7.19082485389486,-5.52400977092394,9.));
#6654=CARTESIAN_POINT('',(15.5,-8.94892917243921,6.));
#6655=CARTESIAN_POINT('',(15.5,-8.94892917243921,6.));
#6656=VECTOR('',#6657,1.);
#6657=DIRECTION('',(-5.9211894646675E-16,0.,1.));
#6658=CARTESIAN_POINT('',(15.5,8.9489291724392,6.));
#6659=CARTESIAN_POINT('',(15.5,-8.94892917243921,6.));
#6660=VECTOR('',#6661,1.);
#6661=DIRECTION('',(9.92496870391517E-16,1.,0.));
#6662=CARTESIAN_POINT('',(15.5,8.94892917243919,6.));
#6663=VECTOR('',#6664,1.);
#6664=DIRECTION('',(0.,0.,1.));
#6665=CARTESIAN_POINT('',(8.31318032845965E-15,17.8978583448784,6.));
#6666=CARTESIAN_POINT('',(15.5,8.94892917243919,6.));
#6667=VECTOR('',#6668,1.);
#6668=DIRECTION('',(-0.866025403784438,0.5,0.));
#6669=CARTESIAN_POINT('',(1.06311563239434E-14,17.8978583448784,6.));
#6670=VECTOR('',#6671,1.);
#6671=DIRECTION('',(0.,0.,1.));
#6672=CARTESIAN_POINT('',(-15.5,8.94892917243921,6.));
#6673=CARTESIAN_POINT('',(1.04091117190184E-14,17.8978583448784,6.));
#6674=VECTOR('',#6675,1.);
#6675=DIRECTION('',(-0.866025403784439,-0.499999999999999,0.));
#6676=CARTESIAN_POINT('',(-15.5,8.94892917243921,6.));
#6677=VECTOR('',#6678,1.);
#6678=DIRECTION('',(5.9211894646675E-16,5.9211894646675E-16,1.));
#6679=CARTESIAN_POINT('',(-15.5,-8.94892917243919,6.));
#6680=CARTESIAN_POINT('',(-15.5,8.94892917243921,6.));
#6681=VECTOR('',#6682,1.);
#6682=DIRECTION('',(-4.96248435195758E-16,-1.,0.));
#6683=CARTESIAN_POINT('',(-15.5,-8.94892917243919,6.));
#6684=VECTOR('',#6685,1.);
#6685=DIRECTION('',(0.,0.,1.));
#6686=CARTESIAN_POINT('',(-1.07130229561807E-14,-17.8978583448784,6.));
#6687=CARTESIAN_POINT('',(-15.5,-8.94892917243919,6.));
#6688=VECTOR('',#6689,1.);
#6689=DIRECTION('',(0.866025403784438,-0.500000000000001,0.));
#6690=CARTESIAN_POINT('',(-9.87972645625984E-15,-17.8978583448784,6.));
#6691=VECTOR('',#6692,1.);
#6692=DIRECTION('',(-5.9211894646675E-16,0.,1.));
#6693=CARTESIAN_POINT('',(-1.076790487596E-14,-17.8978583448784,6.));
#6694=VECTOR('',#6695,1.);
#6695=DIRECTION('',(0.866025403784439,0.5,0.));
#6696=CARTESIAN_POINT('',(14.5,-8.37157890324958,5.));
#6697=CARTESIAN_POINT('',(15.5,-8.94892917243921,6.));
#6698=VECTOR('',#6699,1.);
#6699=DIRECTION('',(-0.654653670707976,0.377964473009228,-0.654653670707978));
#6700=CARTESIAN_POINT('',(14.5,8.37157890324956,5.));
#6701=CARTESIAN_POINT('',(14.5,-8.37157890324958,5.));
#6702=VECTOR('',#6703,1.);
#6703=DIRECTION('',(1.06094493041852E-15,1.,0.));
#6704=CARTESIAN_POINT('',(15.5,8.9489291724392,6.));
#6705=VECTOR('',#6706,1.);
#6706=DIRECTION('',(-0.654653670707977,-0.37796447300923,-0.654653670707976));
#6707=CARTESIAN_POINT('',(8.01095378303764E-15,16.7431578064991,5.));
#6708=CARTESIAN_POINT('',(14.5,8.37157890324956,5.));
#6709=VECTOR('',#6710,1.);
#6710=DIRECTION('',(-0.866025403784438,0.500000000000001,0.));
#6711=CARTESIAN_POINT('',(6.88338275267597E-15,17.8978583448784,6.));
#6712=VECTOR('',#6713,1.);
#6713=DIRECTION('',(7.26811578375371E-17,-0.755928946018455,-0.654653670707977));
#6714=CARTESIAN_POINT('',(-14.5,8.37157890324958,5.));
#6715=CARTESIAN_POINT('',(9.40740656668734E-15,16.7431578064991,5.));
#6716=VECTOR('',#6717,1.);
#6717=DIRECTION('',(-0.866025403784439,-0.499999999999999,0.));
#6718=CARTESIAN_POINT('',(-15.5,8.94892917243921,6.));
#6719=VECTOR('',#6720,1.);
#6720=DIRECTION('',(0.654653670707979,-0.377964473009225,-0.654653670707977));
#6721=CARTESIAN_POINT('',(-14.5,-8.37157890324957,5.));
#6722=CARTESIAN_POINT('',(-14.5,8.37157890324958,5.));
#6723=VECTOR('',#6724,1.);
#6724=DIRECTION('',(-5.30472465209259E-16,-1.,0.));
#6725=CARTESIAN_POINT('',(-15.5,-8.94892917243919,6.));
#6726=VECTOR('',#6727,1.);
#6727=DIRECTION('',(0.654653670707978,0.377964473009226,-0.654653670707977));
#6728=CARTESIAN_POINT('',(-1.01018738127484E-14,-16.7431578064991,5.));
#6729=CARTESIAN_POINT('',(-14.5,-8.37157890324957,5.));
#6730=VECTOR('',#6731,1.);
#6731=DIRECTION('',(0.866025403784438,-0.500000000000001,-5.30472465209259E-17));
#6732=CARTESIAN_POINT('',(-1.06581410364015E-14,-17.8978583448784,6.));
#6733=VECTOR('',#6734,1.);
#6734=DIRECTION('',(4.90597815403376E-16,0.755928946018455,-0.654653670707977));
#6735=CARTESIAN_POINT('',(-1.02678294107718E-14,-16.7431578064991,5.));
#6736=VECTOR('',#6737,1.);
#6737=DIRECTION('',(0.866025403784439,0.5,0.));
#6738=CARTESIAN_POINT('',(-13.5,3.30654635769785E-15,5.));
#6739=AXIS2_PLACEMENT_3D('',#6740,#6741,#6742);
#6740=CARTESIAN_POINT('',(0.,0.,5.));
#6741=DIRECTION('',(0.,0.,1.));
#6742=DIRECTION('',(-1.,1.22464679914735E-16,0.));
#6743=CARTESIAN_POINT('',(-12.5,3.06161699786838E-15,4.));
#6744=AXIS2_PLACEMENT_3D('',#6745,#6746,#6747);
#6745=CARTESIAN_POINT('',(0.,0.,4.));
#6746=DIRECTION('',(0.,0.,1.));
#6747=DIRECTION('',(-1.,1.22464679914735E-16,0.));
#6748=CARTESIAN_POINT('',(-12.5,1.53080849893419E-15,0.));
#6749=AXIS2_PLACEMENT_3D('',#6750,#6751,#6752);
#6750=CARTESIAN_POINT('',(0.,0.,0.));
#6751=DIRECTION('',(0.,0.,1.));
#6752=DIRECTION('',(-1.,1.22464679914735E-16,0.));
#6753=CARTESIAN_POINT('',(6.05920190896722,-6.8249918127718,10.));
#6754=VECTOR('',#6755,1.);
#6755=DIRECTION('',(0.,0.707106781186548,-0.707106781186547));
#6756=CARTESIAN_POINT('',(3.61202106902164,-6.68825597778541,10.));
#6757=VECTOR('',#6758,1.);
#6758=DIRECTION('',(0.118227259934079,0.697153006884772,-0.707106781186547));
#6759=CARTESIAN_POINT('',(10.5854134262226,-6.8249918127718,10.));
#6760=VECTOR('',#6761,1.);
#6761=DIRECTION('',(0.,0.707106781186547,-0.707106781186547));
#6762=CARTESIAN_POINT('',(10.5854134262226,-5.8249918127718,9.));
#6763=VECTOR('',#6764,1.);
#6764=DIRECTION('',(0.707106781186547,0.,0.707106781186547));
#6765=CARTESIAN_POINT('',(11.5854134262226,6.,10.));
#6766=VECTOR('',#6767,1.);
#6767=DIRECTION('',(-0.707106781186547,0.,-0.707106781186547));
#6768=CARTESIAN_POINT('',(10.5854134262226,6.,9.));
#6769=VECTOR('',#6770,1.);
#6770=DIRECTION('',(0.,0.707106781186547,0.707106781186547));
#6771=CARTESIAN_POINT('',(6.87967485389487,7.,10.));
#6772=CARTESIAN_POINT('',(6.87967485389486,6.98039215686123,9.98039215686123));
#6773=CARTESIAN_POINT('',(6.87967485389486,6.96078431372246,9.96078431372246));
#6774=CARTESIAN_POINT('',(6.87967485389486,6.92156862744564,9.92156862744564));
#6775=CARTESIAN_POINT('',(6.87967485389487,6.90196078430753,9.90196078430753));
#6776=CARTESIAN_POINT('',(6.87967485389487,6.86274509803231,9.86274509803231));
#6777=CARTESIAN_POINT('',(6.87967485389486,6.84313725489527,9.84313725489528));
#6778=CARTESIAN_POINT('',(6.87967485389486,6.80392156862096,9.80392156862096));
#6779=CARTESIAN_POINT('',(6.87967485389486,6.78431372548375,9.78431372548375));
#6780=CARTESIAN_POINT('',(6.87967485389486,6.74509803920965,9.74509803920965));
#6781=CARTESIAN_POINT('',(6.87967485389487,6.72549019607281,9.72549019607282));
#6782=CARTESIAN_POINT('',(6.87967485389487,6.68627450979884,9.68627450979884));
#6783=CARTESIAN_POINT('',(6.87967485389486,6.66666666666174,9.66666666666174));
#6784=CARTESIAN_POINT('',(6.87967485389486,6.6274509803878,9.6274509803878));
#6785=CARTESIAN_POINT('',(6.87967485389487,6.607843137251,9.607843137251));
#6786=CARTESIAN_POINT('',(6.87967485389487,6.56862745097761,9.56862745097761));
#6787=CARTESIAN_POINT('',(6.87967485389487,6.54901960784107,9.54901960784108));
#6788=CARTESIAN_POINT('',(6.87967485389486,6.50980392156754,9.50980392156755));
#6789=CARTESIAN_POINT('',(6.87967485389486,6.49019607843062,9.49019607843063));
#6790=CARTESIAN_POINT('',(6.87967485389486,6.45098039215687,9.45098039215687));
#6791=CARTESIAN_POINT('',(6.87967485389486,6.43137254902012,9.43137254902012));
#6792=CARTESIAN_POINT('',(6.87967485389486,6.39215686274604,9.39215686274605));
#6793=CARTESIAN_POINT('',(6.87967485389486,6.37254901960882,9.37254901960882));
#6794=CARTESIAN_POINT('',(6.87967485389486,6.33333333333494,9.33333333333494));
#6795=CARTESIAN_POINT('',(6.87967485389487,6.31372549019838,9.31372549019838));
#6796=CARTESIAN_POINT('',(6.87967485389487,6.27450980392461,9.27450980392462));
#6797=CARTESIAN_POINT('',(6.87967485389487,6.25490196078744,9.25490196078745));
#6798=CARTESIAN_POINT('',(6.87967485389487,6.21568627451309,9.21568627451309));
#6799=CARTESIAN_POINT('',(6.87967485389486,6.19607843137583,9.19607843137583));
#6800=CARTESIAN_POINT('',(6.87967485389486,6.1568627451008,9.15686274510081));
#6801=CARTESIAN_POINT('',(6.87967485389486,6.13725490196274,9.13725490196274));
#6802=CARTESIAN_POINT('',(6.87967485389486,6.09803921568756,9.09803921568757));
#6803=CARTESIAN_POINT('',(6.87967485389486,6.07843137254979,9.07843137254979));
#6804=CARTESIAN_POINT('',(6.87967485389486,6.03921568627478,9.03921568627479));
#6805=CARTESIAN_POINT('',(6.87967485389486,6.01960784313739,9.01960784313739));
#6806=CARTESIAN_POINT('',(6.87967485389487,6.,9.));
#6807=CARTESIAN_POINT('',(3.51299250330612,6.90571735720099,10.));
#6808=CARTESIAN_POINT('',(3.51835724404367,6.85654570913558,9.9505365905955));
#6809=CARTESIAN_POINT('',(3.52956178549802,6.75387108275106,9.84725247480897));
#6810=CARTESIAN_POINT('',(3.54721407509572,6.59215909825738,9.68457999824722));
#6811=CARTESIAN_POINT('',(3.56608280303614,6.41921608486441,9.51061081934715));
#6812=CARTESIAN_POINT('',(3.58532778583948,6.24282382074756,9.33317194330496));
#6813=CARTESIAN_POINT('',(3.60383145902829,6.07316891921103,9.16251108743981));
#6814=CARTESIAN_POINT('',(3.61574654711653,5.96391588927556,9.05261034050313));
#6815=CARTESIAN_POINT('',(3.62145268977054,5.91161586128491,9.));
#6816=CARTESIAN_POINT('',(1.64102819218738,6.25025349266295,10.));
#6817=VECTOR('',#6818,1.);
#6818=DIRECTION('',(0.406222871357882,-0.57877714086318,-0.707106781186548));
#6819=CARTESIAN_POINT('',(0.44336691062028,4.82626183426159,10.));
#6820=VECTOR('',#6821,1.);
#6821=DIRECTION('',(0.634457627718502,-0.312191477509893,-0.707106781186548));
#6822=CARTESIAN_POINT('',(0.00485727753617696,2.99209166666667,10.));
#6823=VECTOR('',#6824,1.);
#6824=DIRECTION('',(0.707106781186547,0.,-0.707106781186547));
#6825=CARTESIAN_POINT('',(0.683848351517002,0.907919103532463,10.));
#6826=VECTOR('',#6827,1.);
#6827=DIRECTION('',(0.56135494259674,0.42997747431954,-0.707106781186547));
#6828=CARTESIAN_POINT('',(3.75956245020822,0.293005867412948,9.0695776770724));
#6829=CARTESIAN_POINT('',(4.93655099594045,0.0229497901302325,9.));
#6830=CARTESIAN_POINT('',(4.90881931438112,0.0281290468400578,9.00277589482402));
#6831=CARTESIAN_POINT('',(4.85359880508237,0.0383346338992845,9.00840666071656));
#6832=CARTESIAN_POINT('',(4.7711442450973,0.0536023031273791,9.01678677950097));
#6833=CARTESIAN_POINT('',(4.68955216093205,0.0691344379175797,9.0246719717853));
#6834=CARTESIAN_POINT('',(4.60882452136444,0.0850886413875465,9.03191036193509));
#6835=CARTESIAN_POINT('',(4.52935170127189,0.101040604596279,9.03880027845263));
#6836=CARTESIAN_POINT('',(4.45120952504943,0.117256870312494,9.04506460839321));
#6837=CARTESIAN_POINT('',(4.37495788179911,0.133659010552463,9.05062221026631));
#6838=CARTESIAN_POINT('',(4.30018905536584,0.150073918979032,9.05575322030886));
#6839=CARTESIAN_POINT('',(4.22736148884681,0.16675623218476,9.06008504527559));
#6840=CARTESIAN_POINT('',(4.15633194221916,0.183628078243037,9.06373247978994));
#6841=CARTESIAN_POINT('',(4.08763509604906,0.200433858873632,9.06679153948904));
#6842=CARTESIAN_POINT('',(4.02075172185866,0.217717189588221,9.06888534606758));
#6843=CARTESIAN_POINT('',(3.95507698763642,0.235166500059796,9.07048206307722));
#6844=CARTESIAN_POINT('',(3.90905653026053,0.24806228281195,9.07095908788757));
#6845=CARTESIAN_POINT('',(3.86502211854745,0.260844328223984,9.07099037405282));
#6846=CARTESIAN_POINT('',(3.82150549922556,0.273745539884805,9.07076255777754));
#6847=CARTESIAN_POINT('',(3.78062828169116,0.286364906958017,9.07006785177166));
#6848=CARTESIAN_POINT('',(3.75956245021211,0.293005867506428,9.06957767716211));
#6849=CARTESIAN_POINT('',(3.036893566431,0.575379259551508,9.));
#6850=CARTESIAN_POINT('',(3.04260824988633,0.572552364229114,9.00111210326388));
#6851=CARTESIAN_POINT('',(3.05410882942812,0.567026761864302,9.00319578814834));
#6852=CARTESIAN_POINT('',(3.07151143524,0.55898627639905,9.00604759590052));
#6853=CARTESIAN_POINT('',(3.08898267054547,0.551086708442699,9.00875100914933));
#6854=CARTESIAN_POINT('',(3.10643151974429,0.54315211707322,9.01149976689449));
#6855=CARTESIAN_POINT('',(3.12582789654881,0.534333969638602,9.01455865763455));
#6856=CARTESIAN_POINT('',(3.14919712698053,0.523872444847554,9.01809416525803));
#6857=CARTESIAN_POINT('',(3.1766334714871,0.51177207051723,9.02207819903071));
#6858=CARTESIAN_POINT('',(3.20432603620097,0.499769860586562,9.02590301979839));
#6859=CARTESIAN_POINT('',(3.22847815862506,0.489458888574475,9.02909148986712));
#6860=CARTESIAN_POINT('',(3.24905329182423,0.480777953572105,9.03171006455315));
#6861=CARTESIAN_POINT('',(3.26816159895483,0.472797402256063,9.03406405952924));
#6862=CARTESIAN_POINT('',(3.28777716686688,0.464688384384573,9.03640023105901));
#6863=CARTESIAN_POINT('',(3.30806908670829,0.456386109865451,9.03873309669201));
#6864=CARTESIAN_POINT('',(3.32888283709239,0.447958878000056,9.04103918318413));
#6865=CARTESIAN_POINT('',(3.35034415286413,0.439360024032026,9.04332738323501));
#6866=CARTESIAN_POINT('',(3.37241792156866,0.430608181476061,9.04558845493176));
#6867=CARTESIAN_POINT('',(3.39537258080704,0.421603709314898,9.04784196243532));
#6868=CARTESIAN_POINT('',(3.41904794731438,0.412413984470811,9.05006617343516));
#6869=CARTESIAN_POINT('',(3.44361034526449,0.402988995446506,9.05226056923988));
#6870=CARTESIAN_POINT('',(3.46897069868627,0.393403639560908,9.05437645144345));
#6871=CARTESIAN_POINT('',(3.49532344399212,0.383594916593431,9.05643132906987));
#6872=CARTESIAN_POINT('',(3.52239880157172,0.373675280090005,9.05839027595718));
#6873=CARTESIAN_POINT('',(3.55020171824059,0.363650741628734,9.06024679318399));
#6874=CARTESIAN_POINT('',(3.57856818297584,0.353586809076829,9.061983627985));
#6875=CARTESIAN_POINT('',(3.60763728827387,0.343440562444316,9.06360317554666));
#6876=CARTESIAN_POINT('',(3.63723683060647,0.333278023844381,9.06509014714666));
#6877=CARTESIAN_POINT('',(3.6673463196846,0.323110054142187,9.06643984380585));
#6878=CARTESIAN_POINT('',(3.69779861685491,0.312994880192459,9.06764305917524));
#6879=CARTESIAN_POINT('',(3.7285757405675,0.302938990649369,9.06869858778933));
#6880=CARTESIAN_POINT('',(3.74920776338854,0.296307339477836,9.06930103969144));
#6881=CARTESIAN_POINT('',(3.75956245022939,0.2930058674056,9.0695776770724));
#6882=CARTESIAN_POINT('',(2.62653910022634,-0.346288555797157,10.));
#6883=CARTESIAN_POINT('',(2.64236649148969,-0.345163827837622,9.99449753859339));
#6884=CARTESIAN_POINT('',(2.66992941968724,-0.343206102477733,9.98491429697701));
#6885=CARTESIAN_POINT('',(2.70513852550512,-0.340706658453819,9.97267133903586));
#6886=CARTESIAN_POINT('',(2.72943543389138,-0.338982245762703,9.96422242981439));
#6887=CARTESIAN_POINT('',(2.7469564710898,-0.337738838361922,9.95812963943645));
#6888=CARTESIAN_POINT('',(2.76269925933067,-0.336621667094876,9.95265518347774));
#6889=CARTESIAN_POINT('',(2.78027122726646,-0.335374698787948,9.94654463365938));
#6890=CARTESIAN_POINT('',(2.8008834119581,-0.333911937057438,9.93937691076437));
#6891=CARTESIAN_POINT('',(2.8240214486216,-0.33226977724695,9.93133097852646));
#6892=CARTESIAN_POINT('',(2.84966346403623,-0.330449611534253,9.92241458901267));
#6893=CARTESIAN_POINT('',(2.8769934621799,-0.328509181148819,9.91291165014651));
#6894=CARTESIAN_POINT('',(2.90586744232154,-0.326458517926906,9.90287240766719));
#6895=CARTESIAN_POINT('',(2.93526643018728,-0.324369847575306,9.89265128073393));
#6896=CARTESIAN_POINT('',(2.96471865470299,-0.322276637693578,9.88241233495207));
#6897=CARTESIAN_POINT('',(2.99412173486982,-0.320186185630178,9.8721911435357));
#6898=CARTESIAN_POINT('',(3.02438966353337,-0.31803354399083,9.86166995027885));
#6899=CARTESIAN_POINT('',(3.05612422945567,-0.315775942557088,9.85063954601591));
#6900=CARTESIAN_POINT('',(3.09018527768659,-0.31335229601747,9.8388009862979));
#6901=CARTESIAN_POINT('',(3.12627975731474,-0.310783657397221,9.82625594365103));
#6902=CARTESIAN_POINT('',(3.16491197635375,-0.308034605152339,9.81282871453951));
#6903=CARTESIAN_POINT('',(3.2057436666505,-0.305129768343122,9.79863636094535));
#6904=CARTESIAN_POINT('',(3.24918632319919,-0.302041562781149,9.78353431483504));
#6905=CARTESIAN_POINT('',(3.29434298466082,-0.29883293396873,9.7678351324871));
#6906=CARTESIAN_POINT('',(3.34162527366199,-0.295472858944626,9.75139732597716));
#6907=CARTESIAN_POINT('',(3.39106091828922,-0.291959872679128,9.73421079510471));
#6908=CARTESIAN_POINT('',(3.44405478737436,-0.28819399843982,9.71578726209181));
#6909=CARTESIAN_POINT('',(3.50022036398033,-0.28420274483782,9.69626106306275));
#6910=CARTESIAN_POINT('',(3.56058604721666,-0.27991301912446,9.67527468200844));
#6911=CARTESIAN_POINT('',(3.62477838245848,-0.275351363494091,9.65295794866681));
#6912=CARTESIAN_POINT('',(3.69386437721591,-0.270441952852837,9.62893991440201));
#6913=CARTESIAN_POINT('',(3.76646926115324,-0.265282481879985,9.60369852356608));
#6914=CARTESIAN_POINT('',(3.8433679670791,-0.259817881963658,9.57696436762065));
#6915=CARTESIAN_POINT('',(3.92426994796727,-0.254068800074941,9.54883845642666));
#6916=CARTESIAN_POINT('',(4.01103843288702,-0.247902830838583,9.51867303063166));
#6917=CARTESIAN_POINT('',(4.10261081548587,-0.241395485522147,9.48683750976536));
#6918=CARTESIAN_POINT('',(4.1998221405949,-0.234487423907781,9.45304158700889));
#6919=CARTESIAN_POINT('',(4.30162952337564,-0.227252755804511,9.41764782562728));
#6920=CARTESIAN_POINT('',(4.40887576773545,-0.219631589617208,9.38036322132585));
#6921=CARTESIAN_POINT('',(4.51968063215377,-0.211757539657377,9.3418414479139));
#6922=CARTESIAN_POINT('',(4.63394246003325,-0.203637829877959,9.30211784673163));
#6923=CARTESIAN_POINT('',(4.75071543399342,-0.195339672249706,9.26152123513748));
#6924=CARTESIAN_POINT('',(4.8708301247204,-0.186804044498534,9.21976286176713));
#6925=CARTESIAN_POINT('',(4.99344519315528,-0.178090734124007,9.17713522165463));
#6926=CARTESIAN_POINT('',(5.11854963759106,-0.169200522932868,9.1336421395893));
#6927=CARTESIAN_POINT('',(5.24530581677896,-0.160192935649745,9.08957482504609));
#6928=CARTESIAN_POINT('',(5.37371205854191,-0.151068091103404,9.04493385936431));
#6929=CARTESIAN_POINT('',(5.45974005893611,-0.144954742410598,9.01502586610367));
#6930=CARTESIAN_POINT('',(5.50296078604499,-0.141883377571679,8.99999999999998));
#6931=CARTESIAN_POINT('',(4.82293769990829,-0.41375547230075,9.03275914783552));
#6932=CARTESIAN_POINT('',(5.01305727633018,-0.36365184804086,9.));
#6933=CARTESIAN_POINT('',(5.00027979988856,-0.366882924443086,9.00232580301786));
#6934=CARTESIAN_POINT('',(4.97550751290796,-0.373168565708621,9.00681544670429));
#6935=CARTESIAN_POINT('',(4.93932910859757,-0.38247202795114,9.01325963232172));
#6936=CARTESIAN_POINT('',(4.90613714917263,-0.391205844099006,9.01899118213258));
#6937=CARTESIAN_POINT('',(4.87592132494938,-0.39924148236873,9.02413144047651));
#6938=CARTESIAN_POINT('',(4.84876398603605,-0.406604682589046,9.02862299941132));
#6939=CARTESIAN_POINT('',(4.83129794361577,-0.411425739697024,9.03143384655244));
#6940=CARTESIAN_POINT('',(4.82293768737638,-0.413755473718238,9.0327591479067));
#6941=CARTESIAN_POINT('',(1.20726448201979,-1.56284688086519,10.));
#6942=VECTOR('',#6943,1.);
#6943=DIRECTION('',(0.594127731775875,-0.383421749950175,-0.707106781186548));
#6944=CARTESIAN_POINT('',(3.12490617267684,-1.18424291536532,9.03109549389698));
#6945=CARTESIAN_POINT('',(2.99494562198326,-1.27758113070844,9.));
#6946=CARTESIAN_POINT('',(2.99690425716671,-1.27610498080596,9.00050197666861));
#6947=CARTESIAN_POINT('',(3.00084083457656,-1.27314778799527,9.00150796645505));
#6948=CARTESIAN_POINT('',(3.00677914462591,-1.26871484398661,9.00301725172004));
#6949=CARTESIAN_POINT('',(3.01276634481202,-1.26427243258845,9.00453121893094));
#6950=CARTESIAN_POINT('',(3.018793683852,-1.25982637733967,9.00604797568866));
#6951=CARTESIAN_POINT('',(3.02504660783332,-1.25524003743676,9.00761428234685));
#6952=CARTESIAN_POINT('',(3.03171601633051,-1.25037615081924,9.00927707544431));
#6953=CARTESIAN_POINT('',(3.04015114719039,-1.2442625086698,9.01137028210185));
#6954=CARTESIAN_POINT('',(3.05160421799958,-1.23599795422739,9.01417518615972));
#6955=CARTESIAN_POINT('',(3.06720267970213,-1.22481689291432,9.01792894441629));
#6956=CARTESIAN_POINT('',(3.08566729819672,-1.21169178960944,9.02227117436098));
#6957=CARTESIAN_POINT('',(3.10532886290486,-1.19784851537028,9.02677424713874));
#6958=CARTESIAN_POINT('',(3.1184491738677,-1.1887122187932,9.02968675245349));
#6959=CARTESIAN_POINT('',(3.12490616087705,-1.18424292716595,9.03109549389698));
#6960=CARTESIAN_POINT('',(4.82293771241843,-0.413755470885846,9.03275914776435));
#6961=CARTESIAN_POINT('',(4.81649351056873,-0.415549516477482,9.03378229842915));
#6962=CARTESIAN_POINT('',(4.80269750013451,-0.419412861160912,9.03595213431067));
#6963=CARTESIAN_POINT('',(4.78068779257918,-0.425650129749433,9.03934658015637));
#6964=CARTESIAN_POINT('',(4.75495937368518,-0.433032912853061,9.0432310218448));
#6965=CARTESIAN_POINT('',(4.72539692906453,-0.441635395950667,9.04758543263335));
#6966=CARTESIAN_POINT('',(4.68701896620537,-0.452978602388375,9.0530784795908));
#6967=CARTESIAN_POINT('',(4.64202853308967,-0.46654653699566,9.05927171758567));
#6968=CARTESIAN_POINT('',(4.59168130546435,-0.48210443064516,9.06586119157389));
#6969=CARTESIAN_POINT('',(4.54742892090382,-0.496128210085825,9.07133478642135));
#6970=CARTESIAN_POINT('',(4.50958728125766,-0.50839434830032,9.07576586112767));
#6971=CARTESIAN_POINT('',(4.47848343937657,-0.518668317456066,9.07923319792636));
#6972=CARTESIAN_POINT('',(4.44852249655864,-0.528754770109552,9.08240004056941));
#6973=CARTESIAN_POINT('',(4.41874115353457,-0.538994986598009,9.08535273779881));
#6974=CARTESIAN_POINT('',(4.38821793925695,-0.549616287806822,9.08826420649718));
#6975=CARTESIAN_POINT('',(4.35638485423068,-0.56085197816109,9.09115614352691));
#6976=CARTESIAN_POINT('',(4.32339357821919,-0.572675514955371,9.0939901778805));
#6977=CARTESIAN_POINT('',(4.28895027141069,-0.585227307637784,9.09675957296495));
#6978=CARTESIAN_POINT('',(4.25326110436725,-0.59847101208305,9.09941241533761));
#6979=CARTESIAN_POINT('',(4.21605709962647,-0.612552361692845,9.10192686520646));
#6980=CARTESIAN_POINT('',(4.17786047696265,-0.627322139560334,9.10422350065686));
#6981=CARTESIAN_POINT('',(4.13862083766709,-0.642844292462496,9.10626484981457));
#6982=CARTESIAN_POINT('',(4.09858335926329,-0.659076225922298,9.10798860717291));
#6983=CARTESIAN_POINT('',(4.05737356391175,-0.676199220443737,9.10938405685746));
#6984=CARTESIAN_POINT('',(4.01522376107398,-0.694042036835581,9.1105113962002));
#6985=CARTESIAN_POINT('',(3.97208242354571,-0.712704214358416,9.11130119373236));
#6986=CARTESIAN_POINT('',(3.93647196844928,-0.728459079912884,9.11163389225232));
#6987=CARTESIAN_POINT('',(3.90703728513778,-0.741710072736846,9.1117007933805));
#6988=CARTESIAN_POINT('',(3.87725634277671,-0.755282301402383,9.11161784122281));
#6989=CARTESIAN_POINT('',(3.83925566532923,-0.772943040156783,9.11119998671415));
#6990=CARTESIAN_POINT('',(3.79452456524892,-0.794286285572913,9.11020292042315));
#6991=CARTESIAN_POINT('',(3.74981313549761,-0.816221352227893,9.10865858934839));
#6992=CARTESIAN_POINT('',(3.70491097744688,-0.838738901396223,9.10666226792075));
#6993=CARTESIAN_POINT('',(3.65987608990501,-0.861856087788557,9.1041744098233));
#6994=CARTESIAN_POINT('',(3.61470042029335,-0.88560079173176,9.10117293672417));
#6995=CARTESIAN_POINT('',(3.56951869231372,-0.909935633898715,9.09763634239747));
#6996=CARTESIAN_POINT('',(3.52436299013468,-0.934871491300522,9.09354148655044));
#6997=CARTESIAN_POINT('',(3.47940269342334,-0.960364462453438,9.08885851282663));
#6998=CARTESIAN_POINT('',(3.43465272459481,-0.986376777628596,9.08361567579814));
#6999=CARTESIAN_POINT('',(3.39009895857285,-1.01287673828393,9.07784767810826));
#7000=CARTESIAN_POINT('',(3.34564811461795,-1.03993741038864,9.07152642447475));
#7001=CARTESIAN_POINT('',(3.30129465602044,-1.06757120177184,9.0646428945439));
#7002=CARTESIAN_POINT('',(3.25700169608467,-1.09581928824229,9.05717478883628));
#7003=CARTESIAN_POINT('',(3.21274497183454,-1.12471460275603,9.04910211052117));
#7004=CARTESIAN_POINT('',(3.16866313368684,-1.15420624995914,9.04041404934737));
#7005=CARTESIAN_POINT('',(3.13943869652584,-1.17419778239893,9.03425356904271));
#7006=CARTESIAN_POINT('',(3.12490618447663,-1.1842429035647,9.03109549389698));
#7007=CARTESIAN_POINT('',(0.68387729076066,-3.34515877164874,10.));
#7008=VECTOR('',#7009,1.);
#7009=DIRECTION('',(0.707106781186547,0.,-0.707106781186547));
#7010=CARTESIAN_POINT('',(1.10823591630426,-4.96251946053,10.));
#7011=VECTOR('',#7012,1.);
#7012=DIRECTION('',(0.609480770760379,0.358515257797119,-0.707106781186547));
#7013=CARTESIAN_POINT('',(2.16916130636301,-6.11772749338776,10.));
#7014=VECTOR('',#7015,1.);
#7015=DIRECTION('',(0.398195036480707,0.584329284669294,-0.707106781186548));
#7016=CARTESIAN_POINT('',(-9.97119463744022,0.166900569041574,10.));
#7017=VECTOR('',#7018,1.);
#7018=DIRECTION('',(0.125607760743225,-0.695861114333222,-0.707106781186547));
#7019=CARTESIAN_POINT('',(-9.79355843865784,-0.817195656376523,9.));
#7020=VECTOR('',#7021,1.);
#7021=DIRECTION('',(-0.607012869625784,-0.36267806124533,0.707106781186547));
#7022=CARTESIAN_POINT('',(-9.64336734875969,-2.45401726761781,10.));
#7023=VECTOR('',#7024,1.);
#7024=DIRECTION('',(0.416633659228353,0.571328621721328,-0.707106781186547));
#7025=CARTESIAN_POINT('',(-6.73412061399964,-3.24144210498207,10.));
#7026=VECTOR('',#7027,1.);
#7027=DIRECTION('',(0.,0.707106781186547,-0.707106781186547));
#7028=CARTESIAN_POINT('',(-3.18824917971516,-1.85987475604639,10.));
#7029=VECTOR('',#7030,1.);
#7030=DIRECTION('',(-0.512962831101473,0.486692031893231,-0.707106781186547));
#7031=CARTESIAN_POINT('',(-1.87743720761374,2.0018637184329,10.));
#7032=VECTOR('',#7033,1.);
#7033=DIRECTION('',(-0.707106781186548,0.,-0.707106781186547));
#7034=CARTESIAN_POINT('',(-3.18353213952035,5.84007492694743,10.));
#7035=VECTOR('',#7036,1.);
#7036=DIRECTION('',(-0.514663708616392,-0.484893047004411,-0.707106781186547));
#7037=CARTESIAN_POINT('',(-6.68695038161745,7.22635925955596,10.));
#7038=VECTOR('',#7039,1.);
#7039=DIRECTION('',(0.,-0.707106781186547,-0.707106781186547));
#7040=CARTESIAN_POINT('',(-9.77069804260013,6.31160372835126,10.));
#7041=VECTOR('',#7042,1.);
#7042=DIRECTION('',(0.440063698855697,-0.55348346041182,-0.707106781186548));
#7043=CARTESIAN_POINT('',(-10.9210685959606,4.81859982357821,10.));
#7044=VECTOR('',#7045,1.);
#7045=DIRECTION('',(0.640862766573724,-0.298822546705352,-0.707106781186547));
#7046=CARTESIAN_POINT('',(-10.0147517798521,4.39600092528464,9.));
#7047=VECTOR('',#7048,1.);
#7048=DIRECTION('',(-0.118702693156374,-0.69707221335915,0.707106781186547));
#7049=CARTESIAN_POINT('',(-9.60627762500902,3.31204757157106,10.));
#7050=VECTOR('',#7051,1.);
#7051=DIRECTION('',(0.118702693156373,0.69707221335915,-0.707106781186548));
#7052=CARTESIAN_POINT('',(-9.43840666645706,4.297856549657,9.));
#7053=VECTOR('',#7054,1.);
#7054=DIRECTION('',(0.656531825418255,-0.262613712918754,0.707106781186547));
#7055=CARTESIAN_POINT('',(-8.04493258610106,4.63766766594186,10.));
#7056=VECTOR('',#7057,1.);
#7057=DIRECTION('',(-0.470744873040118,0.527635541360173,-0.707106781186548));
#7058=CARTESIAN_POINT('',(-6.80953515254139,5.06677221440197,10.));
#7059=VECTOR('',#7060,1.);
#7060=DIRECTION('',(0.,0.707106781186547,-0.707106781186547));
#7061=CARTESIAN_POINT('',(-5.2016663660151,4.33120576689301,10.));
#7062=VECTOR('',#7063,1.);
#7063=DIRECTION('',(0.548363637098027,0.446427285802093,-0.707106781186547));
#7064=CARTESIAN_POINT('',(-4.60283569697057,1.81324061086951,10.));
#7065=VECTOR('',#7066,1.);
#7066=DIRECTION('',(0.707106781186547,-1.57009245868378E-16,-0.707106781186547));
#7067=CARTESIAN_POINT('',(-5.19223228562549,-0.473619306159559,10.));
#7068=VECTOR('',#7069,1.);
#7069=DIRECTION('',(0.53557243435018,-0.461694885789546,-0.707106781186547));
#7070=CARTESIAN_POINT('',(-6.77179894402685,-1.15732742033519,10.));
#7071=VECTOR('',#7072,1.);
#7072=DIRECTION('',(0.,-0.707106781186547,-0.707106781186547));
#7073=CARTESIAN_POINT('',(-7.98361128965642,-0.761242040194807,10.));
#7074=VECTOR('',#7075,1.);
#7075=DIRECTION('',(-0.457483904176179,-0.539173884215214,-0.707106781186548));
#7076=CARTESIAN_POINT('',(-8.36697307705127,-0.268004999556551,10.));
#7077=VECTOR('',#7078,1.);
#7078=DIRECTION('',(-0.630522764261423,-0.320064124431548,-0.707106781186548));
#7079=CARTESIAN_POINT('',(-9.25866692165474,-0.720644025156717,9.));
#7080=VECTOR('',#7081,1.);
#7081=DIRECTION('',(-0.125607760743224,0.695861114333222,0.707106781186547));
#7082=CARTESIAN_POINT('',(6.54016479076066,-0.0260425598280818,9.));
#7083=VECTOR('',#7084,1.);
#7084=DIRECTION('',(0.,0.707106781186547,0.707106781186547));
#7085=CARTESIAN_POINT('',(3.75956245025056,0.293005867398252,9.0695776770724));
#7086=CARTESIAN_POINT('',(3.79346138714613,0.390670292051277,9.17295793517547));
#7087=CARTESIAN_POINT('',(3.86125926102142,0.585999141328124,9.3797184513816));
#7088=CARTESIAN_POINT('',(3.96295607208674,0.878992415155794,9.6898592256908));
#7089=CARTESIAN_POINT('',(4.03075394629854,1.07432126431584,9.89661974189693));
#7090=CARTESIAN_POINT('',(4.0646528834465,1.17198568888126,10.));
#7091=CARTESIAN_POINT('',(9.79403447871366,-0.0260425598280824,9.));
#7092=VECTOR('',#7093,1.);
#7093=DIRECTION('',(-0.577350269189625,0.577350269189626,0.577350269189626));
#7094=CARTESIAN_POINT('',(9.79403447871366,5.67065789501793,9.));
#7095=VECTOR('',#7096,1.);
#7096=DIRECTION('',(-0.577350269189625,-0.577350269189627,0.577350269189626));
#7097=CARTESIAN_POINT('',(6.21008886453803,5.67065789501793,9.));
#7098=VECTOR('',#7099,1.);
#7099=DIRECTION('',(0.,-0.707106781186547,0.707106781186547));
#7100=CARTESIAN_POINT('',(4.10536279449771,5.56756301268248,9.));
#7101=CARTESIAN_POINT('',(4.12792654622757,5.45877362467701,9.11110445861942));
#7102=CARTESIAN_POINT('',(4.16717879342262,5.23999109952952,9.33333768212027));
#7103=CARTESIAN_POINT('',(4.23138303686535,4.91289108085944,9.66666653182408));
#7104=CARTESIAN_POINT('',(4.27479044736412,4.69493858855756,9.88889563722762));
#7105=CARTESIAN_POINT('',(4.29572918319727,4.58580933260853,10.));
#7106=CARTESIAN_POINT('',(2.53587374671148,4.70001497223401,9.));
#7107=VECTOR('',#7108,1.);
#7108=DIRECTION('',(0.52755210345575,-0.470838377938134,0.707106781186548));
#7109=CARTESIAN_POINT('',(1.89057674633148,2.8600149368658,9.));
#7110=VECTOR('',#7111,1.);
#7111=DIRECTION('',(0.707106781186547,0.,0.707106781186547));
#7112=CARTESIAN_POINT('',(2.37143191843061,1.23279027931511,9.));
#7113=VECTOR('',#7114,1.);
#7114=DIRECTION('',(0.580477127245933,0.403789926501774,0.707106781186548));
#7115=CARTESIAN_POINT('',(4.68811413064347,-5.47000006171316,9.));
#7116=CARTESIAN_POINT('',(4.69294994781036,-5.42888884485751,9.04139433708105));
#7117=CARTESIAN_POINT('',(4.70340147656281,-5.34001458959474,9.1308803347773));
#7118=CARTESIAN_POINT('',(4.72051199218512,-5.19456278660853,9.2773339831126));
#7119=CARTESIAN_POINT('',(4.74009063441004,-5.02811442030353,9.44492859238568));
#7120=CARTESIAN_POINT('',(4.76141377746331,-4.84684044428201,9.6274509830254));
#7121=CARTESIAN_POINT('',(4.78324568489669,-4.66123893991638,9.81433067143644));
#7122=CARTESIAN_POINT('',(4.79777228580643,-4.53774505289665,9.93867505898209));
#7123=CARTESIAN_POINT('',(4.80493637115028,-4.47683953854175,10.));
#7124=CARTESIAN_POINT('',(3.00362030432099,-4.65279230333486,9.));
#7125=VECTOR('',#7126,1.);
#7126=DIRECTION('',(0.530226593657877,0.467824496342341,0.707106781186547));
#7127=CARTESIAN_POINT('',(7.19082485389487,-5.52400977092394,9.));
#7128=VECTOR('',#7129,1.);
#7129=DIRECTION('',(0.,0.707106781186547,0.707106781186547));
#7130=CARTESIAN_POINT('',(9.79403447871367,-5.52400977092394,9.));
#7131=VECTOR('',#7132,1.);
#7132=DIRECTION('',(-0.577350269189626,0.577350269189626,0.577350269189625));
#7133=CARTESIAN_POINT('',(9.79403447871367,-0.327082423641313,9.));
#7134=VECTOR('',#7135,1.);
#7135=DIRECTION('',(-0.577350269189626,-0.577350269189625,0.577350269189626));
#7136=CARTESIAN_POINT('',(6.96452341630427,-0.327082423641312,9.));
#7137=VECTOR('',#7138,1.);
#7138=DIRECTION('',(0.,-0.707106781186547,0.707106781186548));
#7139=CARTESIAN_POINT('',(4.82293767488803,-0.413755475130559,9.03275914797787));
#7140=CARTESIAN_POINT('',(4.82733700042534,-0.450815074039437,9.07007895393703));
#7141=CARTESIAN_POINT('',(4.83612024681165,-0.524962758491241,9.14474503394441));
#7142=CARTESIAN_POINT('',(4.84957829813666,-0.638322096652828,9.25890044681587));
#7143=CARTESIAN_POINT('',(4.86388494777439,-0.759009365109092,9.38043272488783));
#7144=CARTESIAN_POINT('',(4.87986932792605,-0.893236441102245,9.5156081969592));
#7145=CARTESIAN_POINT('',(4.8976617636555,-1.0432731638923,9.666696202855));
#7146=CARTESIAN_POINT('',(4.91694783618155,-1.20569368190098,9.83025773596049));
#7147=CARTESIAN_POINT('',(4.93021562350151,-1.31748114692211,9.94282980092283));
#7148=CARTESIAN_POINT('',(4.93695516594186,-1.37425271254546,10.));
#7149=CARTESIAN_POINT('',(3.12490619627642,-1.18424289176408,9.03109549389698));
#7150=VECTOR('',#7151,1.);
#7151=DIRECTION('',(0.500017601574935,-0.499982397805412,0.707106781186548));
#7152=CARTESIAN_POINT('',(2.39984175624984,-2.94910233075202,9.));
#7153=VECTOR('',#7154,1.);
#7154=DIRECTION('',(0.707106781186547,0.,0.707106781186547));
ENDSEC;
END-ISO-10303-21;
