ISO-10303-21;
HEADER;
FILE_DESCRIPTION(('STEP AP242'),
    '1');
FILE_NAME('itemPillContainerCapThu',
    '',
    ('UNSPECIFIED'),
    ('UNSPECIFIED'),
    'C3D Converter',
    'C3D Toolkit',
    '');
FILE_SCHEMA(('AP242_MANAGED_MODEL_BASED_3D_ENGINEERING_MIM_LF { 1 0 10303 442 1 1 4 }'));
ENDSEC;

DATA;
#1=PRODUCT_DEFINITION('','UNSPECIFIED',#28,#31);
#2=SHAPE_DEFINITION_REPRESENTATION(#26,#3);
#3=SHAPE_REPRESENTATION('NONE',(#4),#8);
#4=AXIS2_PLACEMENT_3D('',#5,#6,#7);
#5=CARTESIAN_POINT('',(0.,0.,0.));
#6=DIRECTION('',(0.,0.,1.));
#7=DIRECTION('',(1.,0.,0.));
#8=(GEOMETRIC_REPRESENTATION_CONTEXT(3)GLOBAL_UNCERTAINTY_ASSIGNED_CONTEXT((#10))
GLOBAL_UNIT_ASSIGNED_CONTEXT((#9,#11,#12))REPRESENTATION_CONTEXT('NONE','NONE'));
#9=(LENGTH_UNIT()NAMED_UNIT(*)SI_UNIT(.MILLI.,.METRE.));
#10=UNCERTAINTY_MEASURE_WITH_UNIT(LENGTH_MEASURE(1.E-5),#9,'NONE','NONE');
#11=(NAMED_UNIT(*)PLANE_ANGLE_UNIT()SI_UNIT($,.RADIAN.));
#12=(NAMED_UNIT(*)SI_UNIT($,.STERADIAN.)SOLID_ANGLE_UNIT());
#13=MANIFOLD_SOLID_BREP('',#14);
#14=CLOSED_SHELL('',(#48,#49,#50,#51,#52,#53,#54,#55,#56,#57,#58,#59,#60,#61,#62,
#63,#64,#65,#66,#67,#68,#69,#70,#71,#72,#73,#74,#75,#76,#77,#78,#79,#80,#81,#82,
#83,#84,#85,#86,#87,#88,#89,#90,#91,#92,#93,#94,#95,#96,#97,#98,#99,#100,#101,#102,
#103,#104,#105,#106,#107,#108,#109));
#15=COLOUR_RGB('',0.564705882352941,0.564705882352941,0.564705882352941);
#16=FILL_AREA_STYLE_COLOUR('',#15);
#17=FILL_AREA_STYLE($,(#16));
#18=SURFACE_STYLE_FILL_AREA(#17);
#19=SURFACE_SIDE_STYLE('',(#18));
#20=SURFACE_STYLE_USAGE(.BOTH.,#19);
#21=PRESENTATION_STYLE_ASSIGNMENT((#20));
#22=MECHANICAL_DESIGN_GEOMETRIC_PRESENTATION_REPRESENTATION('NONE',(#23),#8);
#23=STYLED_ITEM('',(#21),#13);
#24=ADVANCED_BREP_SHAPE_REPRESENTATION('NONE',(#13),#8);
#25=SHAPE_REPRESENTATION_RELATIONSHIP('','',#3,#24);
#26=PRODUCT_DEFINITION_SHAPE('NONE','NONE',#1);
#27=MECHANICAL_CONTEXT('NONE',#32,'mechanical');
#28=PRODUCT_DEFINITION_FORMATION_WITH_SPECIFIED_SOURCE('ANY','UNSPECIFIED',#29,.NOT_KNOWN.);
#29=PRODUCT('','itemPillContainerCapThu','NONE',(#27));
#30=PRODUCT_RELATED_PRODUCT_CATEGORY('detail','',(#29));
#31=DESIGN_CONTEXT('detailed design',#32,'design');
#32=APPLICATION_CONTEXT('configuration controlled 3d designs of mechanical parts and assemblies');
#33=APPLICATION_PROTOCOL_DEFINITION('international standard','config_control_design',
1994,#32);
#34=CC_DESIGN_DATE_AND_TIME_ASSIGNMENT(#35,#39,(#1));
#35=DATE_AND_TIME(#36,#37);
#36=CALENDAR_DATE(0,1,1);
#37=LOCAL_TIME(0,0,0.,#38);
#38=COORDINATED_UNIVERSAL_TIME_OFFSET(0,0,.AHEAD.);
#39=DATE_TIME_ROLE('creation_date');
#40=CC_DESIGN_APPROVAL(#41,(#1));
#41=APPROVAL(#42,'UNSPECIFIED');
#42=APPROVAL_STATUS('not_yet_approved');
#43=APPROVAL_DATE_TIME(#44,#41);
#44=DATE_AND_TIME(#45,#46);
#45=CALENDAR_DATE(0,1,1);
#46=LOCAL_TIME(0,0,0.,#47);
#47=COORDINATED_UNIVERSAL_TIME_OFFSET(0,0,.AHEAD.);
#48=ADVANCED_FACE('',(#110,#112,#114),#116,.T.);
#49=ADVANCED_FACE('',(#121),#123,.T.);
#50=ADVANCED_FACE('',(#128),#130,.T.);
#51=ADVANCED_FACE('',(#135),#137,.T.);
#52=ADVANCED_FACE('',(#142),#144,.T.);
#53=ADVANCED_FACE('',(#149),#151,.T.);
#54=ADVANCED_FACE('',(#156),#158,.T.);
#55=ADVANCED_FACE('',(#163),#165,.T.);
#56=ADVANCED_FACE('',(#170),#172,.T.);
#57=ADVANCED_FACE('',(#177),#179,.T.);
#58=ADVANCED_FACE('',(#184),#186,.T.);
#59=ADVANCED_FACE('',(#191),#193,.T.);
#60=ADVANCED_FACE('',(#198),#200,.T.);
#61=ADVANCED_FACE('',(#205),#207,.T.);
#62=ADVANCED_FACE('',(#212),#214,.T.);
#63=ADVANCED_FACE('',(#219),#221,.F.);
#64=ADVANCED_FACE('',(#226),#228,.F.);
#65=ADVANCED_FACE('',(#233),#235,.F.);
#66=ADVANCED_FACE('',(#240),#242,.F.);
#67=ADVANCED_FACE('',(#247),#249,.F.);
#68=ADVANCED_FACE('',(#254),#256,.F.);
#69=ADVANCED_FACE('',(#261,#263),#265,.F.);
#70=ADVANCED_FACE('',(#270,#272),#274,.T.);
#71=ADVANCED_FACE('',(#279,#281),#283,.T.);
#72=ADVANCED_FACE('',(#288),#290,.F.);
#73=ADVANCED_FACE('',(#295),#297,.F.);
#74=ADVANCED_FACE('',(#320),#322,.T.);
#75=ADVANCED_FACE('',(#327),#329,.T.);
#76=ADVANCED_FACE('',(#390),#392,.T.);
#77=ADVANCED_FACE('',(#439),#441,.T.);
#78=ADVANCED_FACE('',(#464),#466,.T.);
#79=ADVANCED_FACE('',(#509),#511,.T.);
#80=ADVANCED_FACE('',(#516),#518,.F.);
#81=ADVANCED_FACE('',(#541),#543,.T.);
#82=ADVANCED_FACE('',(#548),#550,.F.);
#83=ADVANCED_FACE('',(#573),#575,.T.);
#84=ADVANCED_FACE('',(#580),#582,.F.);
#85=ADVANCED_FACE('',(#605),#607,.T.);
#86=ADVANCED_FACE('',(#612),#614,.F.);
#87=ADVANCED_FACE('',(#637),#639,.T.);
#88=ADVANCED_FACE('',(#644),#646,.T.);
#89=ADVANCED_FACE('',(#695),#697,.T.);
#90=ADVANCED_FACE('',(#732),#734,.T.);
#91=ADVANCED_FACE('',(#785),#787,.T.);
#92=ADVANCED_FACE('',(#836),#838,.T.);
#93=ADVANCED_FACE('',(#891),#893,.T.);
#94=ADVANCED_FACE('',(#898),#900,.F.);
#95=ADVANCED_FACE('',(#923),#925,.T.);
#96=ADVANCED_FACE('',(#930),#932,.F.);
#97=ADVANCED_FACE('',(#955),#957,.T.);
#98=ADVANCED_FACE('',(#962),#964,.T.);
#99=ADVANCED_FACE('',(#969),#971,.F.);
#100=ADVANCED_FACE('',(#994),#996,.T.);
#101=ADVANCED_FACE('',(#1001),#1003,.F.);
#102=ADVANCED_FACE('',(#1026),#1028,.T.);
#103=ADVANCED_FACE('',(#1033),#1035,.T.);
#104=ADVANCED_FACE('',(#1040),#1042,.F.);
#105=ADVANCED_FACE('',(#1065),#1067,.T.);
#106=ADVANCED_FACE('',(#1072),#1074,.F.);
#107=ADVANCED_FACE('',(#1097),#1099,.T.);
#108=ADVANCED_FACE('',(#1104),#1106,.F.);
#109=ADVANCED_FACE('',(#1129),#1131,.T.);
#110=FACE_BOUND('',#111,.T.);
#111=EDGE_LOOP('',(#1136,#1137,#1138,#1139,#1140,#1141));
#112=FACE_BOUND('',#113,.T.);
#113=EDGE_LOOP('',(#1142,#1143,#1144,#1145,#1146,#1147,#1148,#1149,#1150,#1151,#1152,
#1153,#1154,#1155,#1156,#1157,#1158,#1159,#1160,#1161,#1162,#1163,#1164));
#114=FACE_BOUND('',#115,.T.);
#115=EDGE_LOOP('',(#1165,#1166,#1167,#1168,#1169,#1170,#1171,#1172,#1173,#1174,#1175,
#1176,#1177,#1178));
#116=PLANE('',#117);
#117=AXIS2_PLACEMENT_3D('',#118,#119,#120);
#118=CARTESIAN_POINT('',(0.,0.,10.));
#119=DIRECTION('',(0.,0.,1.));
#120=DIRECTION('',(-1.,1.22464679914735E-16,0.));
#121=FACE_BOUND('',#122,.T.);
#122=EDGE_LOOP('',(#1179,#1180,#1181,#1182));
#123=PLANE('',#124);
#124=AXIS2_PLACEMENT_3D('',#125,#126,#127);
#125=CARTESIAN_POINT('',(15.5,-12.9489291724392,9.));
#126=DIRECTION('',(0.707106781186548,-6.79015048390514E-16,0.707106781186548));
#127=DIRECTION('',(9.60272290489288E-16,1.,8.61552160902986E-32));
#128=FACE_BOUND('',#129,.T.);
#129=EDGE_LOOP('',(#1183,#1184,#1185,#1186));
#130=PLANE('',#131);
#131=AXIS2_PLACEMENT_3D('',#132,#133,#134);
#132=CARTESIAN_POINT('',(18.9641016151378,6.94892917243919,9.));
#133=DIRECTION('',(0.353553390593274,0.612372435695794,0.707106781186548));
#134=DIRECTION('',(-0.866025403784439,0.5,0.));
#135=FACE_BOUND('',#136,.T.);
#136=EDGE_LOOP('',(#1187,#1188,#1189,#1190));
#137=PLANE('',#138);
#138=AXIS2_PLACEMENT_3D('',#139,#140,#141);
#139=CARTESIAN_POINT('',(3.46410161513777,19.8978583448784,9.));
#140=DIRECTION('',(-0.353553390593274,0.612372435695795,0.707106781186547));
#141=DIRECTION('',(-0.866025403784439,-0.499999999999999,2.42505374425183E-17));
#142=FACE_BOUND('',#143,.T.);
#143=EDGE_LOOP('',(#1191,#1192,#1193,#1194));
#144=PLANE('',#145);
#145=AXIS2_PLACEMENT_3D('',#146,#147,#148);
#146=CARTESIAN_POINT('',(-15.5,12.9489291724392,9.));
#147=DIRECTION('',(-0.707106781186547,3.39507524195257E-16,0.707106781186548));
#148=DIRECTION('',(-4.80136145244644E-16,-1.,0.));
#149=FACE_BOUND('',#150,.T.);
#150=EDGE_LOOP('',(#1195,#1196,#1197,#1198));
#151=PLANE('',#152);
#152=AXIS2_PLACEMENT_3D('',#153,#154,#155);
#153=CARTESIAN_POINT('',(-18.9641016151378,-6.94892917243919,9.));
#154=DIRECTION('',(-0.353553390593274,-0.612372435695794,0.707106781186548));
#155=DIRECTION('',(0.866025403784438,-0.500000000000001,0.));
#156=FACE_BOUND('',#157,.T.);
#157=EDGE_LOOP('',(#1199,#1200,#1201,#1202));
#158=PLANE('',#159);
#159=AXIS2_PLACEMENT_3D('',#160,#161,#162);
#160=CARTESIAN_POINT('',(-3.46410161513776,-19.8978583448784,9.));
#161=DIRECTION('',(0.353553390593274,-0.612372435695795,0.707106781186547));
#162=DIRECTION('',(0.866025403784439,0.5,0.));
#163=FACE_BOUND('',#164,.T.);
#164=EDGE_LOOP('',(#1203,#1204,#1205,#1206,#1207,#1208,#1209,#1210));
#165=PLANE('',#166);
#166=AXIS2_PLACEMENT_3D('',#167,#168,#169);
#167=CARTESIAN_POINT('',(0.,0.,9.));
#168=DIRECTION('',(0.,0.,1.));
#169=DIRECTION('',(-1.,1.22464679914735E-16,0.));
#170=FACE_BOUND('',#171,.T.);
#171=EDGE_LOOP('',(#1211,#1212,#1213,#1214,#1215,#1216,#1217,#1218,#1219,#1220,#1221,
#1222,#1223,#1224,#1225,#1226,#1227));
#172=PLANE('',#173);
#173=AXIS2_PLACEMENT_3D('',#174,#175,#176);
#174=CARTESIAN_POINT('',(0.,0.,9.));
#175=DIRECTION('',(0.,0.,1.));
#176=DIRECTION('',(-1.,1.22464679914735E-16,0.));
#177=FACE_BOUND('',#178,.T.);
#178=EDGE_LOOP('',(#1228,#1229,#1230,#1231));
#179=PLANE('',#180);
#180=AXIS2_PLACEMENT_3D('',#181,#182,#183);
#181=CARTESIAN_POINT('',(15.5,-8.94892917243921,5.));
#182=DIRECTION('',(1.,-9.92496870391517E-16,0.));
#183=DIRECTION('',(9.92496870391517E-16,1.,0.));
#184=FACE_BOUND('',#185,.T.);
#185=EDGE_LOOP('',(#1232,#1233,#1234,#1235));
#186=PLANE('',#187);
#187=AXIS2_PLACEMENT_3D('',#188,#189,#190);
#188=CARTESIAN_POINT('',(15.5,8.94892917243919,5.));
#189=DIRECTION('',(0.5,0.866025403784439,0.));
#190=DIRECTION('',(-0.866025403784439,0.5,0.));
#191=FACE_BOUND('',#192,.T.);
#192=EDGE_LOOP('',(#1236,#1237,#1238,#1239));
#193=PLANE('',#194);
#194=AXIS2_PLACEMENT_3D('',#195,#196,#197);
#195=CARTESIAN_POINT('',(1.06041716114854E-14,17.8978583448784,5.));
#196=DIRECTION('',(-0.499999999999999,0.866025403784439,0.));
#197=DIRECTION('',(-0.866025403784439,-0.499999999999999,0.));
#198=FACE_BOUND('',#199,.T.);
#199=EDGE_LOOP('',(#1240,#1241,#1242,#1243));
#200=PLANE('',#201);
#201=AXIS2_PLACEMENT_3D('',#202,#203,#204);
#202=CARTESIAN_POINT('',(-15.5,8.94892917243921,5.));
#203=DIRECTION('',(-1.,4.96248435195758E-16,0.));
#204=DIRECTION('',(-4.96248435195758E-16,-1.,0.));
#205=FACE_BOUND('',#206,.T.);
#206=EDGE_LOOP('',(#1244,#1245,#1246,#1247));
#207=PLANE('',#208);
#208=AXIS2_PLACEMENT_3D('',#209,#210,#211);
#209=CARTESIAN_POINT('',(-15.5,-8.94892917243919,5.));
#210=DIRECTION('',(-0.500000000000001,-0.866025403784438,0.));
#211=DIRECTION('',(0.866025403784438,-0.500000000000001,0.));
#212=FACE_BOUND('',#213,.T.);
#213=EDGE_LOOP('',(#1248,#1249,#1250,#1251));
#214=PLANE('',#215);
#215=AXIS2_PLACEMENT_3D('',#216,#217,#218);
#216=CARTESIAN_POINT('',(-1.08776687155184E-14,-17.8978583448784,5.));
#217=DIRECTION('',(0.5,-0.866025403784439,0.));
#218=DIRECTION('',(0.866025403784439,0.5,0.));
#219=FACE_BOUND('',#220,.T.);
#220=EDGE_LOOP('',(#1252,#1253,#1254,#1255));
#221=PLANE('',#222);
#222=AXIS2_PLACEMENT_3D('',#223,#224,#225);
#223=CARTESIAN_POINT('',(15.5,-12.9489291724392,6.));
#224=DIRECTION('',(-0.707106781186547,6.79015048390513E-16,0.707106781186548));
#225=DIRECTION('',(9.60272290489288E-16,1.,-8.61552160902987E-32));
#226=FACE_BOUND('',#227,.T.);
#227=EDGE_LOOP('',(#1256,#1257,#1258,#1259));
#228=PLANE('',#229);
#229=AXIS2_PLACEMENT_3D('',#230,#231,#232);
#230=CARTESIAN_POINT('',(18.9641016151378,6.94892917243919,6.));
#231=DIRECTION('',(-0.353553390593273,-0.612372435695793,0.707106781186549));
#232=DIRECTION('',(-0.866025403784439,0.5,0.));
#233=FACE_BOUND('',#234,.T.);
#234=EDGE_LOOP('',(#1260,#1261,#1262,#1263));
#235=PLANE('',#236);
#236=AXIS2_PLACEMENT_3D('',#237,#238,#239);
#237=CARTESIAN_POINT('',(3.46410161513777,19.8978583448784,6.));
#238=DIRECTION('',(0.353553390593274,-0.612372435695795,0.707106781186547));
#239=DIRECTION('',(-0.866025403784439,-0.499999999999999,0.));
#240=FACE_BOUND('',#241,.T.);
#241=EDGE_LOOP('',(#1264,#1265,#1266,#1267));
#242=PLANE('',#243);
#243=AXIS2_PLACEMENT_3D('',#244,#245,#246);
#244=CARTESIAN_POINT('',(-15.5,12.9489291724392,6.));
#245=DIRECTION('',(0.707106781186547,-3.39507524195257E-16,0.707106781186548));
#246=DIRECTION('',(-4.80136145244644E-16,-1.,-4.30776080451494E-32));
#247=FACE_BOUND('',#248,.T.);
#248=EDGE_LOOP('',(#1268,#1269,#1270,#1271));
#249=PLANE('',#250);
#250=AXIS2_PLACEMENT_3D('',#251,#252,#253);
#251=CARTESIAN_POINT('',(-18.9641016151378,-6.94892917243919,6.));
#252=DIRECTION('',(0.353553390593274,0.612372435695794,0.707106781186548));
#253=DIRECTION('',(0.866025403784438,-0.500000000000001,-2.42505374425184E-17));
#254=FACE_BOUND('',#255,.T.);
#255=EDGE_LOOP('',(#1272,#1273,#1274,#1275));
#256=PLANE('',#257);
#257=AXIS2_PLACEMENT_3D('',#258,#259,#260);
#258=CARTESIAN_POINT('',(-3.46410161513776,-19.8978583448784,6.));
#259=DIRECTION('',(-0.353553390593274,0.612372435695795,0.707106781186547));
#260=DIRECTION('',(0.866025403784439,0.5,0.));
#261=FACE_BOUND('',#262,.T.);
#262=EDGE_LOOP('',(#1276,#1277,#1278,#1279,#1280,#1281));
#263=FACE_BOUND('',#264,.T.);
#264=EDGE_LOOP('',(#1282));
#265=PLANE('',#266);
#266=AXIS2_PLACEMENT_3D('',#267,#268,#269);
#267=CARTESIAN_POINT('',(0.,0.,5.));
#268=DIRECTION('',(0.,0.,1.));
#269=DIRECTION('',(-1.,1.22464679914735E-16,0.));
#270=FACE_OUTER_BOUND('',#271,.T.);
#271=EDGE_LOOP('',(#1283));
#272=FACE_OUTER_BOUND('',#273,.T.);
#273=EDGE_LOOP('',(#1284));
#274=CONICAL_SURFACE('',#275,13.,0.785398163397448);
#275=AXIS2_PLACEMENT_3D('',#276,#277,#278);
#276=CARTESIAN_POINT('',(0.,0.,4.5));
#277=DIRECTION('',(0.,0.,1.));
#278=DIRECTION('',(-1.,1.22464679914735E-16,0.));
#279=FACE_OUTER_BOUND('',#280,.T.);
#280=EDGE_LOOP('',(#1285));
#281=FACE_OUTER_BOUND('',#282,.T.);
#282=EDGE_LOOP('',(#1286));
#283=CYLINDRICAL_SURFACE('',#284,12.5);
#284=AXIS2_PLACEMENT_3D('',#285,#286,#287);
#285=CARTESIAN_POINT('',(0.,0.,0.));
#286=DIRECTION('',(0.,0.,1.));
#287=DIRECTION('',(-1.,1.22464679914735E-16,0.));
#288=FACE_BOUND('',#289,.T.);
#289=EDGE_LOOP('',(#1287));
#290=PLANE('',#291);
#291=AXIS2_PLACEMENT_3D('',#292,#293,#294);
#292=CARTESIAN_POINT('',(0.,0.,0.));
#293=DIRECTION('',(0.,0.,1.));
#294=DIRECTION('',(-1.,1.22464679914735E-16,0.));
#295=FACE_BOUND('',#296,.T.);
#296=EDGE_LOOP('',(#1288,#1289,#1290));
#297=B_SPLINE_SURFACE_WITH_KNOTS('',3,1,(
(#298,#299),
(#300,#301),
(#302,#303),
(#304,#305),
(#306,#307),
(#308,#309),
(#310,#311),
(#312,#313),
(#314,#315),
(#316,#317),
(#318,#319)),
.UNSPECIFIED.,.F.,.F.,.F.,
(4,1,1,1,1,1,1,1,4),
(2,2),
(-1.27323954473516E-5,0.239904080975362,0.34539443708163,0.447680860132408,0.551874389800233,
0.657514637196846,0.763820134210483,0.861160083912657,1.00001273239545),
(0.,1.),
.UNSPECIFIED.);
#298=CARTESIAN_POINT('',(9.82120682269016,-5.8249918127718,9.));
#299=CARTESIAN_POINT('',(9.82118682269017,-6.8249918125718,10.));
#300=CARTESIAN_POINT('',(9.82120682269016,-5.8249918127718,8.99999999999999));
#301=CARTESIAN_POINT('',(9.94683787437096,-6.82515633629679,9.99999999999999));
#302=CARTESIAN_POINT('',(9.82120682269017,-5.8249918127718,9.));
#303=CARTESIAN_POINT('',(10.1275860945836,-6.79043514442214,10.));
#304=CARTESIAN_POINT('',(9.82120682269016,-5.8249918127718,9.));
#305=CARTESIAN_POINT('',(10.338382453863,-6.68606246373281,10.));
#306=CARTESIAN_POINT('',(9.82120682269016,-5.8249918127718,9.));
#307=CARTESIAN_POINT('',(10.4714826568474,-6.59046361876983,10.));
#308=CARTESIAN_POINT('',(9.82120682269017,-5.8249918127718,9.));
#309=CARTESIAN_POINT('',(10.5874702129069,-6.47455683345524,10.));
#310=CARTESIAN_POINT('',(9.82120682269016,-5.8249918127718,9.));
#311=CARTESIAN_POINT('',(10.684108918798,-6.33946249213857,10.));
#312=CARTESIAN_POINT('',(9.82120682269016,-5.8249918127718,9.));
#313=CARTESIAN_POINT('',(10.7554474496777,-6.19345154283153,10.));
#314=CARTESIAN_POINT('',(9.82120682269017,-5.8249918127718,9.));
#315=CARTESIAN_POINT('',(10.8076612774331,-6.02134011117805,10.));
#316=CARTESIAN_POINT('',(9.82120682269016,-5.8249918127718,9.));
#317=CARTESIAN_POINT('',(10.8212199190626,-5.89767598000998,10.));
#318=CARTESIAN_POINT('',(9.82120682269016,-5.8249918127718,9.));
#319=CARTESIAN_POINT('',(10.8212068224902,-5.8249718127718,10.));
#320=FACE_BOUND('',#321,.T.);
#321=EDGE_LOOP('',(#1291,#1292,#1293,#1294));
#322=PLANE('',#323);
#323=AXIS2_PLACEMENT_3D('',#324,#325,#326);
#324=CARTESIAN_POINT('',(10.8212068226902,-9.8249918127718,10.));
#325=DIRECTION('',(-0.707106781186547,0.,0.707106781186548));
#326=DIRECTION('',(0.,1.,0.));
#327=FACE_BOUND('',#328,.T.);
#328=EDGE_LOOP('',(#1295,#1296,#1297,#1298));
#329=B_SPLINE_SURFACE_WITH_KNOTS('',3,1,(
(#330,#331),
(#332,#333),
(#334,#335),
(#336,#337),
(#338,#339),
(#340,#341),
(#342,#343),
(#344,#345),
(#346,#347),
(#348,#349),
(#350,#351),
(#352,#353),
(#354,#355),
(#356,#357),
(#358,#359),
(#360,#361),
(#362,#363),
(#364,#365),
(#366,#367),
(#368,#369),
(#370,#371),
(#372,#373),
(#374,#375),
(#376,#377),
(#378,#379),
(#380,#381),
(#382,#383),
(#384,#385),
(#386,#387),
(#388,#389)),
.UNSPECIFIED.,.F.,.F.,.F.,
(4,1,1,1,1,1,1,1,1,1,1,1,1,1,1,1,1,1,1,1,1,1,1,1,1,1,1,4),
(2,2),
(3.21617597838747,4.71998578244157,5.26902624950096,5.67635927644965,6.02583953276027,
6.39032891703403,6.79037105215087,7.19316938997651,7.57697269840806,7.95537999194172,
8.34567104079952,8.737947729069,9.13365470381267,9.54364683543517,9.95897283625389,
10.3515769038027,10.6965191710831,11.0092077421439,11.3156762086545,11.6303038831621,
11.9623949734797,12.2973554352065,12.6124654137888,12.8802474123701,13.0849705050785,
13.2658929881668,13.4467289239772,13.7838234955015),
(0.,1.),
.UNSPECIFIED.);
#330=CARTESIAN_POINT('',(10.8212068226902,-2.15694154834222,10.));
#331=CARTESIAN_POINT('',(9.82120682269016,-2.15694147954022,9.));
#332=CARTESIAN_POINT('',(10.8213169257968,-2.00023638082472,10.));
#333=CARTESIAN_POINT('',(9.82120264246491,-2.0015127890788,9.00000000000001));
#334=CARTESIAN_POINT('',(10.8148816418798,-1.76779714002607,9.99999999999999));
#335=CARTESIAN_POINT('',(9.81579667458657,-1.80698150211133,8.99999999999999));
#336=CARTESIAN_POINT('',(10.7923827928971,-1.4865032020317,10.));
#337=CARTESIAN_POINT('',(9.79671059223654,-1.57794616111884,9.00000000000001));
#338=CARTESIAN_POINT('',(10.7767719539311,-1.33897192939274,9.99999999999999));
#339=CARTESIAN_POINT('',(9.78315050218337,-1.45484752067743,8.99999999999999));
#340=CARTESIAN_POINT('',(10.7606439027328,-1.21242468194318,10.));
#341=CARTESIAN_POINT('',(9.7698071237011,-1.34969348221164,9.));
#342=CARTESIAN_POINT('',(10.7418939090462,-1.08665251427332,10.));
#343=CARTESIAN_POINT('',(9.75454620119739,-1.24588674196445,9.));
#344=CARTESIAN_POINT('',(10.7189511812487,-0.95456285765061,10.));
#345=CARTESIAN_POINT('',(9.73607898381758,-1.13821249699533,9.));
#346=CARTESIAN_POINT('',(10.6917412218821,-0.819551195207533,10.));
#347=CARTESIAN_POINT('',(9.71416539808981,-1.03052122991604,9.));
#348=CARTESIAN_POINT('',(10.6610332486943,-0.686684202905233,10.));
#349=CARTESIAN_POINT('',(9.68973774880232,-0.926258406921905,9.));
#350=CARTESIAN_POINT('',(10.6267243268589,-0.555699951687549,10.));
#351=CARTESIAN_POINT('',(9.66316417336591,-0.824057349627867,9.));
#352=CARTESIAN_POINT('',(10.5877869140004,-0.423873200850899,10.));
#353=CARTESIAN_POINT('',(9.63348527205064,-0.722786923098208,9.));
#354=CARTESIAN_POINT('',(10.5433182250436,-0.290095010481148,10.));
#355=CARTESIAN_POINT('',(9.59992935789883,-0.622524617623086,9.));
#356=CARTESIAN_POINT('',(10.4926844935965,-0.154407274485338,10.));
#357=CARTESIAN_POINT('',(9.56248182091228,-0.522684608626225,9.));
#358=CARTESIAN_POINT('',(10.435164558784,-0.0170678925603478,9.99999999999999));
#359=CARTESIAN_POINT('',(9.52097633500472,-0.422971541965786,8.99999999999999));
#360=CARTESIAN_POINT('',(10.3714228269607,0.11848574323385,10.));
#361=CARTESIAN_POINT('',(9.47569103753153,-0.326751213254867,9.));
#362=CARTESIAN_POINT('',(10.304632954463,0.245469910753778,10.));
#363=CARTESIAN_POINT('',(9.42916545378025,-0.238734234218898,9.));
#364=CARTESIAN_POINT('',(10.2381509720673,0.359621277471932,10.));
#365=CARTESIAN_POINT('',(9.38388879099039,-0.160756400125518,9.));
#366=CARTESIAN_POINT('',(10.1726579559902,0.462354253494891,10.));
#367=CARTESIAN_POINT('',(9.3398087073566,-0.0914916527503634,9.));
#368=CARTESIAN_POINT('',(10.1052213492599,0.559590477845827,10.));
#369=CARTESIAN_POINT('',(9.29474975105599,-0.0267723871973378,9.));
#370=CARTESIAN_POINT('',(10.0315269515858,0.657223412223855,10.));
#371=CARTESIAN_POINT('',(9.24642244140885,0.0372720191660117,9.));
#372=CARTESIAN_POINT('',(9.95103813357264,0.75477235233737,10.));
#373=CARTESIAN_POINT('',(9.19411366698197,0.100782187699595,9.));
#374=CARTESIAN_POINT('',(9.86666201642619,0.848147303597583,10.));
#375=CARTESIAN_POINT('',(9.13914934083883,0.161557607903701,9.));
#376=CARTESIAN_POINT('',(9.78326501904423,0.932598069569089,10.));
#377=CARTESIAN_POINT('',(9.08534546686123,0.215994476314354,9.));
#378=CARTESIAN_POINT('',(9.70877158408451,1.00220296121473,10.));
#379=CARTESIAN_POINT('',(9.03735973782224,0.260844473720011,9.));
#380=CARTESIAN_POINT('',(9.64533178937673,1.05773244812167,10.));
#381=CARTESIAN_POINT('',(8.99634696839463,0.296776950068331,9.));
#382=CARTESIAN_POINT('',(9.58944490808655,1.10414302225883,10.));
#383=CARTESIAN_POINT('',(8.95997024116746,0.32699828891501,9.));
#384=CARTESIAN_POINT('',(9.51733107591395,1.16108867565399,10.));
#385=CARTESIAN_POINT('',(8.91556542934818,0.362199564462633,9.));
#386=CARTESIAN_POINT('',(9.46352947693841,1.20050350452227,10.));
#387=CARTESIAN_POINT('',(8.88069590885645,0.387833120271434,9.));
#388=CARTESIAN_POINT('',(9.43019602550243,1.22387953476774,10.));
#389=CARTESIAN_POINT('',(8.85580947271752,0.405295337517254,9.));
#390=FACE_BOUND('',#391,.T.);
#391=EDGE_LOOP('',(#1299,#1300,#1301,#1302));
#392=B_SPLINE_SURFACE_WITH_KNOTS('',3,1,(
(#393,#394),
(#395,#396),
(#397,#398),
(#399,#400),
(#401,#402),
(#403,#404),
(#405,#406),
(#407,#408),
(#409,#410),
(#411,#412),
(#413,#414),
(#415,#416),
(#417,#418),
(#419,#420),
(#421,#422),
(#423,#424),
(#425,#426),
(#427,#428),
(#429,#430),
(#431,#432),
(#433,#434),
(#435,#436),
(#437,#438)),
.UNSPECIFIED.,.F.,.F.,.F.,
(4,1,1,1,1,1,1,1,1,1,1,1,1,1,1,1,1,1,1,1,4),
(2,2),
(2.62811171908502,3.42347209772225,3.69210652747941,3.89082630945125,4.06333458060686,
4.23675494946972,4.43815978286675,4.71422238123829,5.0831846519302,5.52611554615481,
5.98170726547874,6.4513092395092,6.93839916464664,7.49211169528842,8.06517518063845,
8.66248778454943,9.2079951259683,9.72934764727215,10.2565844610759,10.7908205154186,
11.3718882261909),
(0.,1.),
.UNSPECIFIED.);
#393=CARTESIAN_POINT('',(9.43021360590733,1.22386719882215,10.));
#394=CARTESIAN_POINT('',(8.85582464224659,0.405284693252466,9.));
#395=CARTESIAN_POINT('',(9.3474327023144,1.2821287462041,10.));
#396=CARTESIAN_POINT('',(8.77351084679561,0.463043247031545,8.99999999999999));
#397=CARTESIAN_POINT('',(9.21983940515714,1.3659025952234,10.));
#398=CARTESIAN_POINT('',(8.67297581927987,0.528341165099312,9.));
#399=CARTESIAN_POINT('',(9.05919689591283,1.46039380439143,10.));
#400=CARTESIAN_POINT('',(8.55437178780761,0.597345018973077,9.));
#401=CARTESIAN_POINT('',(8.97724393580633,1.5063107274768,10.));
#402=CARTESIAN_POINT('',(8.49331518547965,0.631229817752226,9.));
#403=CARTESIAN_POINT('',(8.90781255312957,1.54372146224627,10.));
#404=CARTESIAN_POINT('',(8.44019774766722,0.659701891220091,9.));
#405=CARTESIAN_POINT('',(8.83924548840998,1.57936131193155,9.99999999999999));
#406=CARTESIAN_POINT('',(8.38513720392457,0.688413529808028,8.99999999999999));
#407=CARTESIAN_POINT('',(8.75672874311147,1.62060799901147,10.));
#408=CARTESIAN_POINT('',(8.3190858527717,0.721412081590564,9.00000000000001));
#409=CARTESIAN_POINT('',(8.64837635471343,1.6720579271658,9.99999999999999));
#410=CARTESIAN_POINT('',(8.23206124801784,0.762666403446346,9.));
#411=CARTESIAN_POINT('',(8.50736691166665,1.73442197069862,10.));
#412=CARTESIAN_POINT('',(8.11856749363016,0.812740256212009,9.));
#413=CARTESIAN_POINT('',(8.34125884795772,1.80135755963339,10.));
#414=CARTESIAN_POINT('',(7.98425723224527,0.866882602404515,9.00000000000001));
#415=CARTESIAN_POINT('',(8.16078851182625,1.86669171685843,10.));
#416=CARTESIAN_POINT('',(7.83736556986119,0.920387387756669,9.));
#417=CARTESIAN_POINT('',(7.97224385553767,1.92744685077659,10.));
#418=CARTESIAN_POINT('',(7.68268028363583,0.970017216500953,9.));
#419=CARTESIAN_POINT('',(7.76898808038442,1.98501847744322,10.));
#420=CARTESIAN_POINT('',(7.51474745834679,1.01734048906587,9.));
#421=CARTESIAN_POINT('',(7.55093566510727,2.03809306089962,10.));
#422=CARTESIAN_POINT('',(7.33356947155393,1.06191857397205,9.));
#423=CARTESIAN_POINT('',(7.31716077010796,2.08558620263458,10.));
#424=CARTESIAN_POINT('',(7.13702882964971,1.10181349603493,9.));
#425=CARTESIAN_POINT('',(7.08374618276039,2.12389041976113,10.));
#426=CARTESIAN_POINT('',(6.93865297985686,1.1339309712417,9.));
#427=CARTESIAN_POINT('',(6.85716293438937,2.15301012478682,10.));
#428=CARTESIAN_POINT('',(6.74505451501223,1.15911404703246,9.));
#429=CARTESIAN_POINT('',(6.64031518540977,2.17411474725346,10.));
#430=CARTESIAN_POINT('',(6.55841778397844,1.17774374974781,9.));
#431=CARTESIAN_POINT('',(6.42538391940992,2.18882059281319,10.));
#432=CARTESIAN_POINT('',(6.37142763211559,1.19044375749589,9.));
#433=CARTESIAN_POINT('',(6.20287687311181,2.19790140643996,10.));
#434=CARTESIAN_POINT('',(6.17629133845684,1.19820652287033,9.));
#435=CARTESIAN_POINT('',(6.05226016367258,2.19992091940202,9.99999999999999));
#436=CARTESIAN_POINT('',(6.04329690705952,1.19991739987903,8.99999999999999));
#437=CARTESIAN_POINT('',(5.97394683962282,2.19992084986394,10.));
#438=CARTESIAN_POINT('',(5.97394804072456,1.19992086006318,9.));
#439=FACE_BOUND('',#440,.T.);
#440=EDGE_LOOP('',(#1303,#1304,#1305,#1306));
#441=B_SPLINE_SURFACE_WITH_KNOTS('',3,1,(
(#442,#443),
(#444,#445),
(#446,#447),
(#448,#449),
(#450,#451),
(#452,#453),
(#454,#455),
(#456,#457),
(#458,#459),
(#460,#461),
(#462,#463)),
.UNSPECIFIED.,.F.,.F.,.F.,
(4,1,1,1,1,1,1,1,4),
(2,2),
(1.66027857234404,3.02273250938915,3.50498966401332,3.8583464737875,4.14621675081992,
4.43454907045659,4.825704226722,5.36494308357219,6.67320534350043),
(0.,1.),
.UNSPECIFIED.);
#442=CARTESIAN_POINT('',(5.9739674478578,2.19992084986394,10.));
#443=CARTESIAN_POINT('',(5.97396743248794,1.19992084986394,9.));
#444=CARTESIAN_POINT('',(5.83738816381204,2.20006700396075,10.));
#445=CARTESIAN_POINT('',(5.83755507807367,1.19992452427963,9.00000000000001));
#446=CARTESIAN_POINT('',(5.63538663450576,2.19371443142322,9.99999999999999));
#447=CARTESIAN_POINT('',(5.6680529798163,1.19388255040471,8.99999999999999));
#448=CARTESIAN_POINT('',(5.39053889180239,2.17452451199435,10.));
#449=CARTESIAN_POINT('',(5.47129703521663,1.1777921080894,9.));
#450=CARTESIAN_POINT('',(5.26632530963732,2.16222834823977,10.));
#451=CARTESIAN_POINT('',(5.37041889739422,1.16755913614497,9.));
#452=CARTESIAN_POINT('',(5.16518128497048,2.15064620728627,10.));
#453=CARTESIAN_POINT('',(5.28590986834355,1.15788689683061,9.));
#454=CARTESIAN_POINT('',(5.06175589624422,2.13740196299667,10.));
#455=CARTESIAN_POINT('',(5.19681139478923,1.14659051491912,9.));
#456=CARTESIAN_POINT('',(4.93068614398793,2.11854760037164,10.));
#457=CARTESIAN_POINT('',(5.08597825419814,1.1297984458649,9.));
#458=CARTESIAN_POINT('',(4.6910083787704,2.07887857749161,10.));
#459=CARTESIAN_POINT('',(4.88275446557949,1.09410503750288,9.00000000000001));
#460=CARTESIAN_POINT('',(4.49573092504493,2.03827828241668,9.99999999999999));
#461=CARTESIAN_POINT('',(4.71407590381949,1.05861392533019,9.));
#462=CARTESIAN_POINT('',(4.36133254621484,2.0065783586162,10.));
#463=CARTESIAN_POINT('',(4.59070371309526,1.03323960679392,9.));
#464=FACE_BOUND('',#465,.T.);
#465=EDGE_LOOP('',(#1307,#1308,#1309,#1310));
#466=B_SPLINE_SURFACE_WITH_KNOTS('',3,1,(
(#467,#468),
(#469,#470),
(#471,#472),
(#473,#474),
(#475,#476),
(#477,#478),
(#479,#480),
(#481,#482),
(#483,#484),
(#485,#486),
(#487,#488),
(#489,#490),
(#491,#492),
(#493,#494),
(#495,#496),
(#497,#498),
(#499,#500),
(#501,#502),
(#503,#504),
(#505,#506),
(#507,#508)),
.UNSPECIFIED.,.F.,.F.,.F.,
(4,1,1,1,1,1,1,1,1,1,1,1,1,1,1,1,1,1,4),
(2,2),
(1.49309438743058,2.96938276530948,3.46583533302665,3.81240483251494,4.08547937033897,
4.33448492746944,4.6062307369547,4.92353756229502,5.28391278070389,5.66378505775753,
6.01904493724229,6.34015215877485,6.68443957655177,7.12834794136243,7.70287027379772,
8.34988783113777,9.02348427956203,9.6874768951854,10.4995350686025),
(0.,1.),
.UNSPECIFIED.);
#467=CARTESIAN_POINT('',(4.36135246817604,2.00658305328695,10.));
#468=CARTESIAN_POINT('',(4.59072283363486,1.03324383418126,9.));
#469=CARTESIAN_POINT('',(4.19098369458398,1.96659406411552,9.99999999999999));
#470=CARTESIAN_POINT('',(4.42044908223216,0.993123824185007,8.99999999999999));
#471=CARTESIAN_POINT('',(3.94903485523589,1.90137140068075,10.));
#472=CARTESIAN_POINT('',(4.20958118937131,0.935463607552374,9.00000000000001));
#473=CARTESIAN_POINT('',(3.66459835307684,1.81140740685958,10.));
#474=CARTESIAN_POINT('',(3.96798151155983,0.858404880945026,8.99999999999999));
#475=CARTESIAN_POINT('',(3.52927379940022,1.76598133207644,10.));
#476=CARTESIAN_POINT('',(3.85170322126284,0.819203581383404,9.));
#477=CARTESIAN_POINT('',(3.42555012381763,1.72971404199104,10.));
#478=CARTESIAN_POINT('',(3.76055322059343,0.787419591715849,9.));
#479=CARTESIAN_POINT('',(3.33219372721993,1.69599966629341,10.));
#480=CARTESIAN_POINT('',(3.67668043552968,0.757291781626645,9.));
#481=CARTESIAN_POINT('',(3.23377287750148,1.6593426375808,10.));
#482=CARTESIAN_POINT('',(3.5891012291542,0.72421343217802,9.));
#483=CARTESIAN_POINT('',(3.12291141598254,1.61663934967006,10.));
#484=CARTESIAN_POINT('',(3.49030681424555,0.685390702137398,9.));
#485=CARTESIAN_POINT('',(3.00017417959967,1.5675930788124,10.));
#486=CARTESIAN_POINT('',(3.38055641102568,0.640682030714971,9.));
#487=CARTESIAN_POINT('',(2.87402626562987,1.51520393862214,10.));
#488=CARTESIAN_POINT('',(3.26655848583953,0.593119496944753,9.));
#489=CARTESIAN_POINT('',(2.75346754125213,1.46336383149434,10.));
#490=CARTESIAN_POINT('',(3.15584615963966,0.546392166208853,9.));
#491=CARTESIAN_POINT('',(2.63793823552004,1.41192381846825,10.));
#492=CARTESIAN_POINT('',(3.0475240879969,0.500956092673501,9.));
#493=CARTESIAN_POINT('',(2.51423663260263,1.35698047632625,10.));
#494=CARTESIAN_POINT('',(2.92898396740854,0.450170168703249,9.));
#495=CARTESIAN_POINT('',(2.36449769324567,1.29041669969388,10.));
#496=CARTESIAN_POINT('',(2.78232000868807,0.386133508217652,9.));
#497=CARTESIAN_POINT('',(2.18438910455438,1.21038056568783,10.));
#498=CARTESIAN_POINT('',(2.60174999712825,0.305710366175317,9.));
#499=CARTESIAN_POINT('',(1.98215871178997,1.12050210143826,10.));
#500=CARTESIAN_POINT('',(2.39502007403117,0.212172119795012,9.));
#501=CARTESIAN_POINT('',(1.77192031610791,1.02706839702335,10.));
#502=CARTESIAN_POINT('',(2.1778221636926,0.113070351340097,9.));
#503=CARTESIAN_POINT('',(1.54416845568332,0.925850291223408,10.));
#504=CARTESIAN_POINT('',(1.94257541512215,0.00574969976059815,9.));
#505=CARTESIAN_POINT('',(1.38778943160361,0.856352129662616,10.));
#506=CARTESIAN_POINT('',(1.78104089756276,-0.0679465350440355,9.));
#507=CARTESIAN_POINT('',(1.30175535072495,0.818116710628835,10.));
#508=CARTESIAN_POINT('',(1.69217226490464,-0.108490041384883,9.));
#509=FACE_BOUND('',#510,.T.);
#510=EDGE_LOOP('',(#1311,#1312,#1313,#1314));
#511=PLANE('',#512);
#512=AXIS2_PLACEMENT_3D('',#513,#514,#515);
#513=CARTESIAN_POINT('',(2.6921815304799,-2.56394772576995,10.));
#514=DIRECTION('',(-0.707106781186547,9.9974466176E-17,0.707106781186547));
#515=DIRECTION('',(1.4138524595711E-16,1.,0.));
#516=FACE_BOUND('',#517,.T.);
#517=EDGE_LOOP('',(#1315,#1316,#1317));
#518=B_SPLINE_SURFACE_WITH_KNOTS('',3,1,(
(#519,#520),
(#521,#522),
(#523,#524),
(#525,#526),
(#527,#528),
(#529,#530),
(#531,#532),
(#533,#534),
(#535,#536),
(#537,#538),
(#539,#540)),
.UNSPECIFIED.,.F.,.F.,.F.,
(4,1,1,1,1,1,1,1,4),
(2,2),
(-1.27323954473516E-5,0.23990408097572,0.345394437082031,0.44768086013283,0.551874389800696,
0.65751463719735,0.763820134210998,0.861160083913118,1.00001273239545),
(0.,1.),
.UNSPECIFIED.);
#519=CARTESIAN_POINT('',(1.6921815304799,6.,9.));
#520=CARTESIAN_POINT('',(2.6921815302799,5.99998,10.));
#521=CARTESIAN_POINT('',(1.6921815304799,6.,9.));
#522=CARTESIAN_POINT('',(2.69234605400489,6.12563105168099,10.));
#523=CARTESIAN_POINT('',(1.6921815304799,6.,9.));
#524=CARTESIAN_POINT('',(2.65762486213014,6.30637927189382,10.));
#525=CARTESIAN_POINT('',(1.6921815304799,6.,9.));
#526=CARTESIAN_POINT('',(2.55325218144058,6.51717563117334,10.));
#527=CARTESIAN_POINT('',(1.6921815304799,6.,9.));
#528=CARTESIAN_POINT('',(2.45765333647748,6.6502758341577,10.));
#529=CARTESIAN_POINT('',(1.6921815304799,6.,9.));
#530=CARTESIAN_POINT('',(2.34174655116278,6.76626339021724,10.));
#531=CARTESIAN_POINT('',(1.6921815304799,6.,9.));
#532=CARTESIAN_POINT('',(2.206652209846,6.86290209610827,10.));
#533=CARTESIAN_POINT('',(1.6921815304799,6.,9.));
#534=CARTESIAN_POINT('',(2.0606412605389,6.93424062698785,10.));
#535=CARTESIAN_POINT('',(1.6921815304799,6.,9.));
#536=CARTESIAN_POINT('',(1.88852982888563,6.98645445474304,10.));
#537=CARTESIAN_POINT('',(1.6921815304799,6.,9.));
#538=CARTESIAN_POINT('',(1.76486569771783,7.00001309637245,10.));
#539=CARTESIAN_POINT('',(1.6921815304799,6.,9.));
#540=CARTESIAN_POINT('',(1.6921615304799,6.9999999998,10.));
#541=FACE_BOUND('',#542,.T.);
#542=EDGE_LOOP('',(#1318,#1319,#1320,#1321));
#543=PLANE('',#544);
#544=AXIS2_PLACEMENT_3D('',#545,#546,#547);
#545=CARTESIAN_POINT('',(5.6921815304799,7.,10.));
#546=DIRECTION('',(0.,-0.707106781186546,0.707106781186549));
#547=DIRECTION('',(-1.,0.,0.));
#548=FACE_BOUND('',#549,.T.);
#549=EDGE_LOOP('',(#1322,#1323,#1324));
#550=B_SPLINE_SURFACE_WITH_KNOTS('',3,1,(
(#551,#552),
(#553,#554),
(#555,#556),
(#557,#558),
(#559,#560),
(#561,#562),
(#563,#564),
(#565,#566),
(#567,#568),
(#569,#570),
(#571,#572)),
.UNSPECIFIED.,.F.,.F.,.F.,
(4,1,1,1,1,1,1,1,4),
(2,2),
(-1.27323954473516E-5,0.239904080974898,0.345394437081074,0.447680860131805,0.551874389799585,
0.657514637196217,0.763820134209852,0.861160083912092,1.00001273239545),
(0.,1.),
.UNSPECIFIED.);
#551=CARTESIAN_POINT('',(0.90074470448361,6.,9.));
#552=CARTESIAN_POINT('',(0.900764704483608,6.9999999998,10.));
#553=CARTESIAN_POINT('',(0.90074470448361,6.,9.));
#554=CARTESIAN_POINT('',(0.775113652803053,7.00016452352499,10.));
#555=CARTESIAN_POINT('',(0.90074470448361,6.,9.));
#556=CARTESIAN_POINT('',(0.594365432590716,6.96544333165047,10.));
#557=CARTESIAN_POINT('',(0.900744704483609,6.,9.));
#558=CARTESIAN_POINT('',(0.383569073311542,6.86107065096143,10.));
#559=CARTESIAN_POINT('',(0.900744704483609,6.,9.));
#560=CARTESIAN_POINT('',(0.250468870327151,6.76547180599863,10.));
#561=CARTESIAN_POINT('',(0.90074470448361,6.,9.));
#562=CARTESIAN_POINT('',(0.13448131426749,6.64956502068419,10.));
#563=CARTESIAN_POINT('',(0.900744704483609,6.,9.));
#564=CARTESIAN_POINT('',(0.0378426083762563,6.51447067936763,10.));
#565=CARTESIAN_POINT('',(0.90074470448361,6.,9.));
#566=CARTESIAN_POINT('',(-0.0334959225036109,6.36845973006062,10.));
#567=CARTESIAN_POINT('',(0.90074470448361,6.,9.));
#568=CARTESIAN_POINT('',(-0.0857097502592598,6.19634829840687,10.));
#569=CARTESIAN_POINT('',(0.900744704483609,6.,9.));
#570=CARTESIAN_POINT('',(-0.0992683918888409,6.07268416723847,10.));
#571=CARTESIAN_POINT('',(0.90074470448361,6.,9.));
#572=CARTESIAN_POINT('',(-0.0992552953163903,5.99998,10.));
#573=FACE_BOUND('',#574,.T.);
#574=EDGE_LOOP('',(#1325,#1326,#1327,#1328));
#575=PLANE('',#576);
#576=AXIS2_PLACEMENT_3D('',#577,#578,#579);
#577=CARTESIAN_POINT('',(-0.09925529551639,10.,10.));
#578=DIRECTION('',(0.707106781186547,-8.61274276904671E-17,0.707106781186547));
#579=DIRECTION('',(-1.21802576332167E-16,-1.,-7.03416299944421E-33));
#580=FACE_BOUND('',#581,.T.);
#581=EDGE_LOOP('',(#1329,#1330,#1331));
#582=B_SPLINE_SURFACE_WITH_KNOTS('',3,1,(
(#583,#584),
(#585,#586),
(#587,#588),
(#589,#590),
(#591,#592),
(#593,#594),
(#595,#596),
(#597,#598),
(#599,#600),
(#601,#602),
(#603,#604)),
.UNSPECIFIED.,.F.,.F.,.F.,
(4,1,1,1,1,1,1,1,4),
(2,2),
(-1.27323954473516E-5,0.239904080976097,0.345394437082419,0.447680860133172,0.551874389800977,
0.657514637197627,0.763820134211254,0.861160083913327,1.00001273239545),
(0.,1.),
.UNSPECIFIED.);
#583=CARTESIAN_POINT('',(0.900744704483608,-5.8249918127718,9.));
#584=CARTESIAN_POINT('',(-0.099255295316392,-5.82497181277181,10.));
#585=CARTESIAN_POINT('',(0.900744704483608,-5.8249918127718,9.));
#586=CARTESIAN_POINT('',(-0.0994198190413888,-5.95062286445299,10.));
#587=CARTESIAN_POINT('',(0.900744704483608,-5.8249918127718,9.));
#588=CARTESIAN_POINT('',(-0.0646986271665436,-6.13137108466602,10.));
#589=CARTESIAN_POINT('',(0.900744704483608,-5.8249918127718,9.));
#590=CARTESIAN_POINT('',(0.0396740535232248,-6.34216744394564,10.));
#591=CARTESIAN_POINT('',(0.900744704483608,-5.8249918127718,9.));
#592=CARTESIAN_POINT('',(0.135272898486368,-6.47526764692991,10.));
#593=CARTESIAN_POINT('',(0.900744704483608,-5.8249918127718,9.));
#594=CARTESIAN_POINT('',(0.251179683801088,-6.59125520298934,10.));
#595=CARTESIAN_POINT('',(0.900744704483608,-5.8249918127718,9.));
#596=CARTESIAN_POINT('',(0.386274025117876,-6.68789390888029,10.));
#597=CARTESIAN_POINT('',(0.900744704483608,-5.8249918127718,9.));
#598=CARTESIAN_POINT('',(0.532284974424972,-6.7592324397598,10.));
#599=CARTESIAN_POINT('',(0.900744704483608,-5.8249918127718,9.));
#600=CARTESIAN_POINT('',(0.704396406078116,-6.81144626751488,10.));
#601=CARTESIAN_POINT('',(0.900744704483608,-5.8249918127718,9.));
#602=CARTESIAN_POINT('',(0.828060537245783,-6.82500490914425,10.));
#603=CARTESIAN_POINT('',(0.900744704483608,-5.8249918127718,9.));
#604=CARTESIAN_POINT('',(0.900764704483606,-6.8249918125718,10.));
#605=FACE_BOUND('',#606,.T.);
#606=EDGE_LOOP('',(#1332,#1333,#1334,#1335));
#607=PLANE('',#608);
#608=AXIS2_PLACEMENT_3D('',#609,#610,#611);
#609=CARTESIAN_POINT('',(-3.09925529551639,-6.8249918127718,10.));
#610=DIRECTION('',(0.,0.707106781186547,0.707106781186548));
#611=DIRECTION('',(1.,0.,0.));
#612=FACE_BOUND('',#613,.T.);
#613=EDGE_LOOP('',(#1336,#1337,#1338));
#614=B_SPLINE_SURFACE_WITH_KNOTS('',3,1,(
(#615,#616),
(#617,#618),
(#619,#620),
(#621,#622),
(#623,#624),
(#625,#626),
(#627,#628),
(#629,#630),
(#631,#632),
(#633,#634),
(#635,#636)),
.UNSPECIFIED.,.F.,.F.,.F.,
(4,1,1,1,1,1,1,1,4),
(2,2),
(-1.27323954473516E-5,0.239904080974745,0.345394437080889,0.447680860131621,0.551874389799431,
0.657514637196068,0.763820134209728,0.861160083911953,1.00001273239545),
(0.,1.),
.UNSPECIFIED.);
#615=CARTESIAN_POINT('',(1.6921815304799,-5.8249918127718,9.));
#616=CARTESIAN_POINT('',(1.6921615304799,-6.8249918125718,10.));
#617=CARTESIAN_POINT('',(1.6921815304799,-5.8249918127718,9.));
#618=CARTESIAN_POINT('',(1.81781258216037,-6.8251563362968,10.));
#619=CARTESIAN_POINT('',(1.69218153047989,-5.8249918127718,9.));
#620=CARTESIAN_POINT('',(1.99856080237261,-6.7904351444223,9.99999999999999));
#621=CARTESIAN_POINT('',(1.6921815304799,-5.8249918127718,9.));
#622=CARTESIAN_POINT('',(2.20935716165173,-6.68606246373338,10.));
#623=CARTESIAN_POINT('',(1.6921815304799,-5.8249918127718,9.));
#624=CARTESIAN_POINT('',(2.34245736463615,-6.59046361877062,10.));
#625=CARTESIAN_POINT('',(1.6921815304799,-5.8249918127718,9.));
#626=CARTESIAN_POINT('',(2.45844492069585,-6.47455683345619,10.));
#627=CARTESIAN_POINT('',(1.6921815304799,-5.8249918127718,9.));
#628=CARTESIAN_POINT('',(2.55508362658714,-6.33946249213963,10.));
#629=CARTESIAN_POINT('',(1.6921815304799,-5.8249918127718,9.));
#630=CARTESIAN_POINT('',(2.62642215746704,-6.19345154283262,10.));
#631=CARTESIAN_POINT('',(1.6921815304799,-5.8249918127718,9.00000000000001));
#632=CARTESIAN_POINT('',(2.67863598522274,-6.02134011117881,10.));
#633=CARTESIAN_POINT('',(1.6921815304799,-5.8249918127718,9.));
#634=CARTESIAN_POINT('',(2.69219462685235,-5.89767598001034,10.));
#635=CARTESIAN_POINT('',(1.6921815304799,-5.8249918127718,9.));
#636=CARTESIAN_POINT('',(2.6921815302799,-5.8249718127718,10.));
#637=FACE_BOUND('',#638,.T.);
#638=EDGE_LOOP('',(#1339,#1340,#1341,#1342));
#639=PLANE('',#640);
#640=AXIS2_PLACEMENT_3D('',#641,#642,#643);
#641=CARTESIAN_POINT('',(2.69218153047989,-9.8249918127718,10.));
#642=DIRECTION('',(-0.707106781186547,9.69192564133322E-17,0.707106781186548));
#643=DIRECTION('',(1.3706452687485E-16,1.,0.));
#644=FACE_BOUND('',#645,.T.);
#645=EDGE_LOOP('',(#1343,#1344,#1345,#1346));
#646=B_SPLINE_SURFACE_WITH_KNOTS('',3,1,(
(#647,#648),
(#649,#650),
(#651,#652),
(#653,#654),
(#655,#656),
(#657,#658),
(#659,#660),
(#661,#662),
(#663,#664),
(#665,#666),
(#667,#668),
(#669,#670),
(#671,#672),
(#673,#674),
(#675,#676),
(#677,#678),
(#679,#680),
(#681,#682),
(#683,#684),
(#685,#686),
(#687,#688),
(#689,#690),
(#691,#692),
(#693,#694)),
.UNSPECIFIED.,.F.,.F.,.F.,
(4,1,1,1,1,1,1,1,1,1,1,1,1,1,1,1,1,1,1,1,1,4),
(2,2),
(1.97713155837993,3.17803660475303,3.55859660725077,3.78722875833339,3.91791658530057,
4.00612883890291,4.10208130211825,4.26626734028956,4.53553893995312,4.86947491750571,
5.20592000472748,5.48624721682222,5.72164268153996,5.94315472978741,6.1913316006893,
6.51826241607449,6.91877168484168,7.39003335294357,7.899673960927,8.45334094924937,
9.00308272159773,10.0163652527387),
(0.,1.),
.UNSPECIFIED.);
#647=CARTESIAN_POINT('',(2.28745780304064,-1.16482727516111,10.));
#648=CARTESIAN_POINT('',(1.69217349532842,-0.361312127207078,9.));
#649=CARTESIAN_POINT('',(2.36817167104645,-1.10504767013205,10.));
#650=CARTESIAN_POINT('',(1.77296711014427,-0.301474651418063,9.));
#651=CARTESIAN_POINT('',(2.47456085982403,-1.02619132811556,10.));
#652=CARTESIAN_POINT('',(1.87918135666457,-0.222745261706914,9.));
#653=CARTESIAN_POINT('',(2.59620791262987,-0.936102060815741,10.));
#654=CARTESIAN_POINT('',(2.00098060080959,-0.132545552015053,9.));
#655=CARTESIAN_POINT('',(2.64599267122262,-0.899194357421507,10.));
#656=CARTESIAN_POINT('',(2.05065153074113,-0.0957204519392317,9.));
#657=CARTESIAN_POINT('',(2.67604232186117,-0.876956770817048,10.));
#658=CARTESIAN_POINT('',(2.0808152095511,-0.0734001172202579,9.));
#659=CARTESIAN_POINT('',(2.6972682563168,-0.861196046086917,10.));
#660=CARTESIAN_POINT('',(2.1018772149194,-0.0577583547519986,9.));
#661=CARTESIAN_POINT('',(2.72029863038381,-0.844330217700171,10.));
#662=CARTESIAN_POINT('',(2.12596625475804,-0.0401213708274516,9.));
#663=CARTESIAN_POINT('',(2.75440674483709,-0.819902683403537,10.));
#664=CARTESIAN_POINT('',(2.16423798301268,-0.0127084176558529,9.));
#665=CARTESIAN_POINT('',(2.80201259441842,-0.786955577098027,10.));
#666=CARTESIAN_POINT('',(2.2231266115143,0.0281457099856372,9.));
#667=CARTESIAN_POINT('',(2.85817627144676,-0.749819084471119,10.));
#668=CARTESIAN_POINT('',(2.29961463421145,0.0790553454101799,9.));
#669=CARTESIAN_POINT('',(2.91412508049718,-0.714557290495904,10.));
#670=CARTESIAN_POINT('',(2.379858793358,0.130153950325368,9.));
#671=CARTESIAN_POINT('',(2.96495917737112,-0.683896672204622,10.));
#672=CARTESIAN_POINT('',(2.45241053792084,0.174428016156928,9.00000000000001));
#673=CARTESIAN_POINT('',(3.01027745263426,-0.657564677826998,10.));
#674=CARTESIAN_POINT('',(2.51465178644622,0.210955352543501,8.99999999999999));
#675=CARTESIAN_POINT('',(3.05557288325753,-0.632142919134676,10.));
#676=CARTESIAN_POINT('',(2.57284140920006,0.243774264053523,9.00000000000001));
#677=CARTESIAN_POINT('',(3.1070729745327,-0.604273945538634,10.));
#678=CARTESIAN_POINT('',(2.63953235685182,0.279903927268149,9.));
#679=CARTESIAN_POINT('',(3.17104610411949,-0.57116232082922,10.));
#680=CARTESIAN_POINT('',(2.72189812609741,0.322421357823248,9.));
#681=CARTESIAN_POINT('',(3.25075754817435,-0.532202458394843,10.));
#682=CARTESIAN_POINT('',(2.82420268074978,0.372226077744494,9.));
#683=CARTESIAN_POINT('',(3.34411667718751,-0.489640087013898,10.));
#684=CARTESIAN_POINT('',(2.94316114274037,0.426313245577599,9.));
#685=CARTESIAN_POINT('',(3.4493628124591,-0.445338708860786,10.));
#686=CARTESIAN_POINT('',(3.07578364192527,0.482639259026105,9.));
#687=CARTESIAN_POINT('',(3.56194021123992,-0.401967332539138,10.));
#688=CARTESIAN_POINT('',(3.21672406550656,0.537037934035783,9.));
#689=CARTESIAN_POINT('',(3.71210404022541,-0.349349236029618,10.));
#690=CARTESIAN_POINT('',(3.40336274969989,0.602204388400324,9.));
#691=CARTESIAN_POINT('',(3.82521444032417,-0.314936838831801,10.));
#692=CARTESIAN_POINT('',(3.54223368083188,0.644279370056605,9.));
#693=CARTESIAN_POINT('',(3.89925668141784,-0.294427789035872,10.));
#694=CARTESIAN_POINT('',(3.63230503120185,0.669282186975766,9.));
#695=FACE_BOUND('',#696,.T.);
#696=EDGE_LOOP('',(#1347,#1348,#1349,#1350));
#697=B_SPLINE_SURFACE_WITH_KNOTS('',3,1,(
(#698,#699),
(#700,#701),
(#702,#703),
(#704,#705),
(#706,#707),
(#708,#709),
(#710,#711),
(#712,#713),
(#714,#715),
(#716,#717),
(#718,#719),
(#720,#721),
(#722,#723),
(#724,#725),
(#726,#727),
(#728,#729),
(#730,#731)),
.UNSPECIFIED.,.F.,.F.,.F.,
(4,1,1,1,1,1,1,1,1,1,1,1,1,1,4),
(2,2),
(3.47644674565077,4.61634909295796,5.0182446781342,5.29917287840081,5.52667110221267,
5.73766138356718,6.00937730753469,6.3645394119615,6.76800630918014,7.16999185293269,
7.54438259758817,7.90859438228988,8.29215588328577,8.71217991073042,9.52355290234859),
(0.,1.),
.UNSPECIFIED.);
#698=CARTESIAN_POINT('',(3.89923827289945,-0.294432888306467,10.));
#699=CARTESIAN_POINT('',(3.63228492501735,0.669276564824787,9.));
#700=CARTESIAN_POINT('',(4.00457981791595,-0.265429912908426,10.));
#701=CARTESIAN_POINT('',(3.73770823915016,0.698484939692482,9.00000000000001));
#702=CARTESIAN_POINT('',(4.13293158227395,-0.234942197325288,10.));
#703=CARTESIAN_POINT('',(3.89919170681369,0.737076502557462,8.99999999999999));
#704=CARTESIAN_POINT('',(4.28355621579661,-0.205199119423652,10.));
#705=CARTESIAN_POINT('',(4.0934224000871,0.776092579159302,9.));
#706=CARTESIAN_POINT('',(4.36024331370596,-0.191388761924107,10.));
#707=CARTESIAN_POINT('',(4.18927372814178,0.793743821810542,9.));
#708=CARTESIAN_POINT('',(4.4228442465499,-0.180924544240654,10.));
#709=CARTESIAN_POINT('',(4.26314414298673,0.806403266100315,9.));
#710=CARTESIAN_POINT('',(4.48473820877643,-0.171258037921946,10.));
#711=CARTESIAN_POINT('',(4.33625460894627,0.817966943875217,9.));
#712=CARTESIAN_POINT('',(4.55806840064095,-0.160662862473894,10.));
#713=CARTESIAN_POINT('',(4.42249761965702,0.830448191947498,9.));
#714=CARTESIAN_POINT('',(4.64862798893099,-0.14891567491609,10.));
#715=CARTESIAN_POINT('',(4.5285954272267,0.844066378251266,9.));
#716=CARTESIAN_POINT('',(4.75117378162277,-0.137373907716028,10.));
#717=CARTESIAN_POINT('',(4.64803233207885,0.857275354479344,9.));
#718=CARTESIAN_POINT('',(4.8558916427276,-0.127414044867362,10.));
#719=CARTESIAN_POINT('',(4.76931687109332,0.868626085675198,9.));
#720=CARTESIAN_POINT('',(4.95768823432516,-0.11937305996879,10.));
#721=CARTESIAN_POINT('',(4.88623697998974,0.878056927981753,9.));
#722=CARTESIAN_POINT('',(5.05779235094077,-0.112943872809983,10.));
#723=CARTESIAN_POINT('',(5.00126034927225,0.885611601528653,9.));
#724=CARTESIAN_POINT('',(5.16109505475387,-0.107778473720434,9.99999999999999));
#725=CARTESIAN_POINT('',(5.12154287698625,0.890762449220907,9.));
#726=CARTESIAN_POINT('',(5.30462127548283,-0.102694273595478,10.));
#727=CARTESIAN_POINT('',(5.28742532569974,0.895439646464734,9.));
#728=CARTESIAN_POINT('',(5.41650639723809,-0.101126514054671,9.99999999999999));
#729=CARTESIAN_POINT('',(5.41235552813061,0.89728195506094,9.));
#730=CARTESIAN_POINT('',(5.49300429360333,-0.10111901394929,10.));
#731=CARTESIAN_POINT('',(5.49300482211919,0.89888118893817,9.));
#732=FACE_BOUND('',#733,.T.);
#733=EDGE_LOOP('',(#1351,#1352,#1353,#1354));
#734=B_SPLINE_SURFACE_WITH_KNOTS('',3,1,(
(#735,#736),
(#737,#738),
(#739,#740),
(#741,#742),
(#743,#744),
(#745,#746),
(#747,#748),
(#749,#750),
(#751,#752),
(#753,#754),
(#755,#756),
(#757,#758),
(#759,#760),
(#761,#762),
(#763,#764),
(#765,#766),
(#767,#768),
(#769,#770),
(#771,#772),
(#773,#774),
(#775,#776),
(#777,#778),
(#779,#780),
(#781,#782),
(#783,#784)),
.UNSPECIFIED.,.F.,.F.,.F.,
(4,1,1,1,1,1,1,1,1,1,1,1,1,1,1,1,1,1,1,1,1,1,4),
(2,2),
(4.1960976769943,5.60601712373055,6.11712428880878,6.49345792227816,6.82653579962001,
7.16005018338635,7.54737017479531,7.98321642420571,8.47585449158131,9.00946629091024,
9.53618222050703,9.99208345003299,10.3808503723039,10.7297618725837,11.053022052198,
11.3421627819591,11.5893143567505,11.8069465352728,11.9838646160542,12.1320656190322,
12.2831683407357,12.4604540383079,12.8039017793129),
(0.,1.),
.UNSPECIFIED.);
#735=CARTESIAN_POINT('',(5.49298457031927,-0.10111901394929,10.));
#736=CARTESIAN_POINT('',(5.49298454645935,0.89888098605071,9.));
#737=CARTESIAN_POINT('',(5.6046717985189,-0.101210345358398,10.));
#738=CARTESIAN_POINT('',(5.60530807599668,0.898922750770643,9.));
#739=CARTESIAN_POINT('',(5.74289683280616,-0.104726979993531,10.));
#740=CARTESIAN_POINT('',(5.77312509603416,0.895585079641878,9.));
#741=CARTESIAN_POINT('',(5.90556746777068,-0.114929707632468,10.));
#742=CARTESIAN_POINT('',(5.97694079640955,0.882994490865043,9.));
#743=CARTESIAN_POINT('',(5.99352471423357,-0.122155220972312,10.));
#744=CARTESIAN_POINT('',(6.0833187283324,0.873643008277469,9.));
#745=CARTESIAN_POINT('',(6.0682425297501,-0.129538568996334,10.));
#746=CARTESIAN_POINT('',(6.17443001103626,0.864598255211654,9.));
#747=CARTESIAN_POINT('',(6.14316212925093,-0.138172471822149,10.));
#748=CARTESIAN_POINT('',(6.26684927510328,0.85417282238093,9.));
#749=CARTESIAN_POINT('',(6.22470111782887,-0.149099969765924,10.));
#750=CARTESIAN_POINT('',(6.3686179444373,0.840841124582926,9.));
#751=CARTESIAN_POINT('',(6.31649114777592,-0.163500333351695,10.));
#752=CARTESIAN_POINT('',(6.48479809611546,0.822679119010409,9.));
#753=CARTESIAN_POINT('',(6.41720388769658,-0.182104035486273,10.));
#754=CARTESIAN_POINT('',(6.61436874734379,0.797984425169855,9.));
#755=CARTESIAN_POINT('',(6.522372053571,-0.205068391503097,10.));
#756=CARTESIAN_POINT('',(6.75287930269388,0.768355484657399,9.));
#757=CARTESIAN_POINT('',(6.62291525231401,-0.230880351873351,10.));
#758=CARTESIAN_POINT('',(6.88839075744647,0.733838798787388,9.));
#759=CARTESIAN_POINT('',(6.71183526832517,-0.257203349396938,10.));
#760=CARTESIAN_POINT('',(7.01092808216377,0.696856174870694,9.));
#761=CARTESIAN_POINT('',(6.78766702064639,-0.282464732169457,10.));
#762=CARTESIAN_POINT('',(7.11804449894556,0.661541841412918,9.));
#763=CARTESIAN_POINT('',(6.85366218240245,-0.306773554471353,9.99999999999999));
#764=CARTESIAN_POINT('',(7.21311771735537,0.626855843364106,9.));
#765=CARTESIAN_POINT('',(6.91214278760211,-0.330336404858108,10.));
#766=CARTESIAN_POINT('',(7.29868991259445,0.592068443625983,9.));
#767=CARTESIAN_POINT('',(6.96337622990802,-0.352711408590886,10.));
#768=CARTESIAN_POINT('',(7.37503802986036,0.558461464706926,9.));
#769=CARTESIAN_POINT('',(7.00748827898116,-0.373374165312049,10.));
#770=CARTESIAN_POINT('',(7.44194660500821,0.527238963808818,9.));
#771=CARTESIAN_POINT('',(7.04434971608083,-0.391713035581674,10.));
#772=CARTESIAN_POINT('',(7.49865940991547,0.499170660656941,9.));
#773=CARTESIAN_POINT('',(7.075041892685,-0.407783429687049,10.));
#774=CARTESIAN_POINT('',(7.54631736795512,0.47431637016828,9.));
#775=CARTESIAN_POINT('',(7.1015228995655,-0.422238585231602,10.));
#776=CARTESIAN_POINT('',(7.58797397448657,0.451590602210553,9.));
#777=CARTESIAN_POINT('',(7.12785113611992,-0.43718002090105,9.99999999999999));
#778=CARTESIAN_POINT('',(7.62908432153558,0.428161521779094,8.99999999999999));
#779=CARTESIAN_POINT('',(7.16269946996129,-0.457803679582449,10.));
#780=CARTESIAN_POINT('',(7.68909320838438,0.392477851685048,9.));
#781=CARTESIAN_POINT('',(7.18960123929804,-0.47472651687822,10.));
#782=CARTESIAN_POINT('',(7.73457387954851,0.363786221713883,9.));
#783=CARTESIAN_POINT('',(7.20936206895244,-0.487775091077425,10.));
#784=CARTESIAN_POINT('',(7.76096453109153,0.346332050583891,9.));
#785=FACE_BOUND('',#786,.T.);
#786=EDGE_LOOP('',(#1355,#1356,#1357,#1358));
#787=B_SPLINE_SURFACE_WITH_KNOTS('',3,1,(
(#788,#789),
(#790,#791),
(#792,#793),
(#794,#795),
(#796,#797),
(#798,#799),
(#800,#801),
(#802,#803),
(#804,#805),
(#806,#807),
(#808,#809),
(#810,#811),
(#812,#813),
(#814,#815),
(#816,#817),
(#818,#819),
(#820,#821),
(#822,#823),
(#824,#825),
(#826,#827),
(#828,#829),
(#830,#831),
(#832,#833),
(#834,#835)),
.UNSPECIFIED.,.F.,.F.,.F.,
(4,1,1,1,1,1,1,1,1,1,1,1,1,1,1,1,1,1,1,1,1,4),
(2,2),
(5.41087262178812,6.38766731779406,6.72014974004048,6.96142973982887,7.17431229952745,
7.40087820216643,7.66863509620137,7.99487270330803,8.3615035355897,8.72610988165703,
9.07886013124115,9.43301875636328,9.81812903840559,10.2455229849171,10.7074256992427,
11.1832204115916,11.6434183679632,12.0681150601535,12.4528793114959,12.8214678867013,
13.1718375837932,13.5891251648266),
(0.,1.),
.UNSPECIFIED.);
#788=CARTESIAN_POINT('',(7.2093466189894,-0.487764873943649,10.));
#789=CARTESIAN_POINT('',(7.76094661676305,0.346343897414212,9.));
#790=CARTESIAN_POINT('',(7.2592606005146,-0.520921082582555,10.));
#791=CARTESIAN_POINT('',(7.81132861076482,0.31302207657636,9.00000000000001));
#792=CARTESIAN_POINT('',(7.31283935643265,-0.559090321462422,9.99999999999999));
#793=CARTESIAN_POINT('',(7.89197107405423,0.25676446616671,8.99999999999999));
#794=CARTESIAN_POINT('',(7.3718538259478,-0.604774804838522,10.));
#795=CARTESIAN_POINT('',(7.98787061255852,0.183232617088058,9.00000000000001));
#796=CARTESIAN_POINT('',(7.40175008532195,-0.628845267673538,10.));
#797=CARTESIAN_POINT('',(8.03520691501538,0.145191921659709,9.));
#798=CARTESIAN_POINT('',(7.42822235566921,-0.6508784925253,10.));
#799=CARTESIAN_POINT('',(8.07421276079434,0.11234507330891,9.));
#800=CARTESIAN_POINT('',(7.45517187867816,-0.6740738472207,10.));
#801=CARTESIAN_POINT('',(8.1146840293346,0.0774395112668739,9.));
#802=CARTESIAN_POINT('',(7.48577570876346,-0.701438974258563,10.));
#803=CARTESIAN_POINT('',(8.16127181433004,0.0359079848500392,9.));
#804=CARTESIAN_POINT('',(7.52057907712625,-0.734068348389369,9.99999999999999));
#805=CARTESIAN_POINT('',(8.21512199807025,-0.0142931503646961,9.));
#806=CARTESIAN_POINT('',(7.55751517203565,-0.770733976201161,10.));
#807=CARTESIAN_POINT('',(8.27316922655697,-0.0717307977938757,9.));
#808=CARTESIAN_POINT('',(7.59378576041627,-0.809069775153341,10.));
#809=CARTESIAN_POINT('',(8.33077599651116,-0.133223441024561,9.));
#810=CARTESIAN_POINT('',(7.62816142563957,-0.847814010180011,10.));
#811=CARTESIAN_POINT('',(8.38685993632412,-0.196304200033383,9.));
#812=CARTESIAN_POINT('',(7.66160251523028,-0.888090913814534,10.));
#813=CARTESIAN_POINT('',(8.44248820891605,-0.262943770683124,9.));
#814=CARTESIAN_POINT('',(7.6954524744935,-0.931937904782408,10.));
#815=CARTESIAN_POINT('',(8.49952576729913,-0.336767168487307,9.));
#816=CARTESIAN_POINT('',(7.73011712448161,-0.980792313585897,10.));
#817=CARTESIAN_POINT('',(8.55867653374136,-0.420719903210913,9.));
#818=CARTESIAN_POINT('',(7.76457048668269,-1.03439023245776,10.));
#819=CARTESIAN_POINT('',(8.61942483611928,-0.514586760449923,9.));
#820=CARTESIAN_POINT('',(7.79672723652621,-1.0903794259227,10.));
#821=CARTESIAN_POINT('',(8.67646201691786,-0.614021908975804,9.));
#822=CARTESIAN_POINT('',(7.82500605360034,-1.14603169170897,10.));
#823=CARTESIAN_POINT('',(8.72744180673605,-0.71461345447086,9.));
#824=CARTESIAN_POINT('',(7.84868090281959,-1.19897551442135,10.));
#825=CARTESIAN_POINT('',(8.77097713873227,-0.811502005099676,9.));
#826=CARTESIAN_POINT('',(7.86825654004268,-1.24878455016165,10.));
#827=CARTESIAN_POINT('',(8.8067788010529,-0.902740826430085,9.));
#828=CARTESIAN_POINT('',(7.88454999346779,-1.29615667896687,10.));
#829=CARTESIAN_POINT('',(8.83680557278993,-0.990164270267685,9.));
#830=CARTESIAN_POINT('',(7.89928210051398,-1.34556602960072,10.));
#831=CARTESIAN_POINT('',(8.86413853906827,-1.08165328265557,9.));
#832=CARTESIAN_POINT('',(7.90774444282621,-1.37934583025877,10.));
#833=CARTESIAN_POINT('',(8.87981094151908,-1.14408106659768,9.));
#834=CARTESIAN_POINT('',(7.91190380516361,-1.39781594696898,10.));
#835=CARTESIAN_POINT('',(8.88747258220783,-1.1781217019683,9.));
#836=FACE_BOUND('',#837,.T.);
#837=EDGE_LOOP('',(#1359,#1360,#1361,#1362));
#838=B_SPLINE_SURFACE_WITH_KNOTS('',3,1,(
(#839,#840),
(#841,#842),
(#843,#844),
(#845,#846),
(#847,#848),
(#849,#850),
(#851,#852),
(#853,#854),
(#855,#856),
(#857,#858),
(#859,#860),
(#861,#862),
(#863,#864),
(#865,#866),
(#867,#868),
(#869,#870),
(#871,#872),
(#873,#874),
(#875,#876),
(#877,#878),
(#879,#880),
(#881,#882),
(#883,#884),
(#885,#886),
(#887,#888),
(#889,#890)),
.UNSPECIFIED.,.F.,.F.,.F.,
(4,1,1,1,1,1,1,1,1,1,1,1,1,1,1,1,1,1,1,1,1,1,1,4),
(2,2),
(4.48317671555201,4.68722594549708,4.7829025056387,4.87581859002845,4.97469206993676,
5.09054321566119,5.22513654852779,5.38495834858562,5.5784280193536,5.8156856166791,
6.12051843621891,6.51159250936783,7.02540464945712,7.62974203357398,8.25328033193347,
8.83383134908312,9.34292391982397,9.84255341709251,10.3789369241439,11.037372052498,
11.7723722279728,12.5628503101764,13.3115914998277,14.5168227356034),
(0.,1.),
.UNSPECIFIED.);
#839=CARTESIAN_POINT('',(7.9119000378991,-1.39779921857444,10.));
#840=CARTESIAN_POINT('',(8.88746756659187,-1.17809943031707,9.));
#841=CARTESIAN_POINT('',(7.91519172074126,-1.41246203544039,10.));
#842=CARTESIAN_POINT('',(8.89083699196569,-1.19305917989755,9.));
#843=CARTESIAN_POINT('',(7.91900283025319,-1.43055990012642,10.));
#844=CARTESIAN_POINT('',(8.89647623766998,-1.21962997172875,9.));
#845=CARTESIAN_POINT('',(7.92327094216141,-1.45211274315069,10.));
#846=CARTESIAN_POINT('',(8.90394451749338,-1.25690144429368,9.));
#847=CARTESIAN_POINT('',(7.92628180215921,-1.46790764495047,10.));
#848=CARTESIAN_POINT('',(8.90920810759816,-1.28410409314816,9.));
#849=CARTESIAN_POINT('',(7.92972020883507,-1.48669327936897,10.));
#850=CARTESIAN_POINT('',(8.91424156380143,-1.31113966040778,9.));
#851=CARTESIAN_POINT('',(7.93352030075233,-1.50847647021883,10.));
#852=CARTESIAN_POINT('',(8.91950204028506,-1.34121453823205,9.));
#853=CARTESIAN_POINT('',(7.93779837979054,-1.53433273927594,10.));
#854=CARTESIAN_POINT('',(8.92523429325832,-1.37614012315997,8.99999999999999));
#855=CARTESIAN_POINT('',(7.94266321285633,-1.56557159094882,10.));
#856=CARTESIAN_POINT('',(8.93154753857679,-1.4171499821175,9.));
#857=CARTESIAN_POINT('',(7.9482487675924,-1.60405696672556,10.));
#858=CARTESIAN_POINT('',(8.93884290053469,-1.46651068611821,9.));
#859=CARTESIAN_POINT('',(7.95472774078386,-1.65254389989858,10.));
#860=CARTESIAN_POINT('',(8.9468377662563,-1.52690780692738,9.00000000000001));
#861=CARTESIAN_POINT('',(7.96230280853415,-1.71515817248726,10.));
#862=CARTESIAN_POINT('',(8.95592790574934,-1.6025880251596,9.));
#863=CARTESIAN_POINT('',(7.9711469117356,-1.79778553795536,10.));
#864=CARTESIAN_POINT('',(8.9664441101922,-1.69969243345058,9.));
#865=CARTESIAN_POINT('',(7.98076037371244,-1.90232625783095,10.));
#866=CARTESIAN_POINT('',(8.97727505058533,-1.81889384153617,9.));
#867=CARTESIAN_POINT('',(7.99017285137954,-2.02457646152129,10.));
#868=CARTESIAN_POINT('',(8.98775683930484,-1.95510202923733,9.));
#869=CARTESIAN_POINT('',(7.99839563639901,-2.1536348944969,10.));
#870=CARTESIAN_POINT('',(8.99680342490937,-2.09530819240701,9.));
#871=CARTESIAN_POINT('',(8.0048806560494,-2.27574351781087,10.));
#872=CARTESIAN_POINT('',(9.00366485934061,-2.2270751863828,9.));
#873=CARTESIAN_POINT('',(8.01004321186628,-2.39044966796074,10.));
#874=CARTESIAN_POINT('',(9.00919420571757,-2.34888615451318,9.));
#875=CARTESIAN_POINT('',(8.01433975591278,-2.50243363498229,10.));
#876=CARTESIAN_POINT('',(9.01379154941095,-2.46693844463157,9.));
#877=CARTESIAN_POINT('',(8.01829940628808,-2.62465743336978,10.));
#878=CARTESIAN_POINT('',(9.01783761780963,-2.59586468705654,9.));
#879=CARTESIAN_POINT('',(8.02200382967684,-2.76549657784518,9.99999999999999));
#880=CARTESIAN_POINT('',(9.02176179076495,-2.74244238119586,9.));
#881=CARTESIAN_POINT('',(8.0252017088106,-2.92526094624452,10.));
#882=CARTESIAN_POINT('',(9.02514387070639,-2.90788774673061,9.));
#883=CARTESIAN_POINT('',(8.02753934973387,-3.09067671953006,10.));
#884=CARTESIAN_POINT('',(9.0274247711478,-3.0796448263505,9.));
#885=CARTESIAN_POINT('',(8.02933632942129,-3.29288437079449,10.));
#886=CARTESIAN_POINT('',(9.02940592324624,-3.28667403561138,9.));
#887=CARTESIAN_POINT('',(8.0297633040232,-3.43332047543765,10.));
#888=CARTESIAN_POINT('',(9.02952174420351,-3.43401137731899,9.));
#889=CARTESIAN_POINT('',(8.02976994017192,-3.52435783640708,10.));
#890=CARTESIAN_POINT('',(9.02976996685429,-3.52435776121261,9.));
#891=FACE_BOUND('',#892,.T.);
#892=EDGE_LOOP('',(#1363,#1364,#1365,#1366));
#893=PLANE('',#894);
#894=AXIS2_PLACEMENT_3D('',#895,#896,#897);
#895=CARTESIAN_POINT('',(8.02976994017192,0.475652201177486,10.));
#896=DIRECTION('',(0.707106781186547,0.,0.707106781186547));
#897=DIRECTION('',(0.,-1.,0.));
#898=FACE_BOUND('',#899,.T.);
#899=EDGE_LOOP('',(#1367,#1368,#1369));
#900=B_SPLINE_SURFACE_WITH_KNOTS('',3,1,(
(#901,#902),
(#903,#904),
(#905,#906),
(#907,#908),
(#909,#910),
(#911,#912),
(#913,#914),
(#915,#916),
(#917,#918),
(#919,#920),
(#921,#922)),
.UNSPECIFIED.,.F.,.F.,.F.,
(4,1,1,1,1,1,1,1,4),
(2,2),
(-1.27323954473516E-5,0.2399040809747,0.345394437080832,0.447680860131635,0.551874389799579,
0.657514637196289,0.763820134209964,0.861160083912158,1.00001273239545),
(0.,1.),
.UNSPECIFIED.);
#901=CARTESIAN_POINT('',(9.02976994017192,-5.8249918127718,9.));
#902=CARTESIAN_POINT('',(8.02976994037192,-5.8249718127718,10.));
#903=CARTESIAN_POINT('',(9.02976994017192,-5.8249918127718,9.));
#904=CARTESIAN_POINT('',(8.02960541664693,-5.95062286445225,10.));
#905=CARTESIAN_POINT('',(9.02976994017192,-5.8249918127718,9.));
#906=CARTESIAN_POINT('',(8.0643266085214,-6.13137108466446,10.));
#907=CARTESIAN_POINT('',(9.02976994017192,-5.8249918127718,9.));
#908=CARTESIAN_POINT('',(8.16869928921032,-6.34216744394359,10.));
#909=CARTESIAN_POINT('',(9.02976994017192,-5.8249918127718,9.));
#910=CARTESIAN_POINT('',(8.26429813417313,-6.4752676469281,10.));
#911=CARTESIAN_POINT('',(9.02976994017192,-5.8249918127718,8.99999999999999));
#912=CARTESIAN_POINT('',(8.38020491948768,-6.59125520298789,10.));
#913=CARTESIAN_POINT('',(9.02976994017192,-5.8249918127718,9.));
#914=CARTESIAN_POINT('',(8.51529926080436,-6.68789390887921,10.));
#915=CARTESIAN_POINT('',(9.02976994017192,-5.8249918127718,9.));
#916=CARTESIAN_POINT('',(8.66131021011143,-6.75923243975907,10.));
#917=CARTESIAN_POINT('',(9.02976994017192,-5.8249918127718,9.));
#918=CARTESIAN_POINT('',(8.83342164176514,-6.81144626751469,10.));
#919=CARTESIAN_POINT('',(9.02976994017192,-5.8249918127718,9.));
#920=CARTESIAN_POINT('',(8.95708577293348,-6.82500490914425,10.));
#921=CARTESIAN_POINT('',(9.02976994017192,-5.8249918127718,9.));
#922=CARTESIAN_POINT('',(9.02978994017192,-6.8249918125718,10.));
#923=FACE_BOUND('',#924,.T.);
#924=EDGE_LOOP('',(#1370,#1371,#1372,#1373));
#925=PLANE('',#926);
#926=AXIS2_PLACEMENT_3D('',#927,#928,#929);
#927=CARTESIAN_POINT('',(5.02976994017192,-6.8249918127718,10.));
#928=DIRECTION('',(0.,0.707106781186547,0.707106781186548));
#929=DIRECTION('',(1.,0.,0.));
#930=FACE_BOUND('',#931,.T.);
#931=EDGE_LOOP('',(#1374,#1375,#1376));
#932=B_SPLINE_SURFACE_WITH_KNOTS('',3,1,(
(#933,#934),
(#935,#936),
(#937,#938),
(#939,#940),
(#941,#942),
(#943,#944),
(#945,#946),
(#947,#948),
(#949,#950),
(#951,#952),
(#953,#954)),
.UNSPECIFIED.,.F.,.F.,.F.,
(4,1,1,1,1,1,1,1,4),
(2,2),
(-1.27323954473516E-5,0.239904080975634,0.345394437081905,0.44768086013266,0.551874389800475,
0.657514637197116,0.763820134210742,0.861160083912867,1.00001273239545),
(0.,1.),
.UNSPECIFIED.);
#933=CARTESIAN_POINT('',(-2.90347386733533,-1.87442172649475,9.));
#934=CARTESIAN_POINT('',(-1.90347386753533,-1.87444172649475,10.));
#935=CARTESIAN_POINT('',(-2.90347386733533,-1.87442172649475,9.));
#936=CARTESIAN_POINT('',(-1.90330934381033,-1.74879067481381,10.));
#937=CARTESIAN_POINT('',(-2.90347386733533,-1.87442172649475,9.));
#938=CARTESIAN_POINT('',(-1.93803053568506,-1.56804245460103,10.));
#939=CARTESIAN_POINT('',(-2.90347386733533,-1.87442172649475,9.));
#940=CARTESIAN_POINT('',(-2.04240321637454,-1.35724609532159,10.));
#941=CARTESIAN_POINT('',(-2.90347386733533,-1.87442172649475,9.));
#942=CARTESIAN_POINT('',(-2.13800206133757,-1.22414589233726,10.));
#943=CARTESIAN_POINT('',(-2.90347386733533,-1.87442172649475,9.));
#944=CARTESIAN_POINT('',(-2.2539088466522,-1.10815833627773,10.));
#945=CARTESIAN_POINT('',(-2.90347386733533,-1.87442172649475,9.));
#946=CARTESIAN_POINT('',(-2.38900318796891,-1.01151963038667,10.));
#947=CARTESIAN_POINT('',(-2.90347386733533,-1.87442172649475,9.));
#948=CARTESIAN_POINT('',(-2.53501413727596,-0.940181099507038,10.));
#949=CARTESIAN_POINT('',(-2.90347386733533,-1.87442172649475,9.));
#950=CARTESIAN_POINT('',(-2.70712556892932,-0.887967271751751,10.));
#951=CARTESIAN_POINT('',(-2.90347386733533,-1.87442172649475,9.));
#952=CARTESIAN_POINT('',(-2.83078970009726,-0.874408630122298,10.));
#953=CARTESIAN_POINT('',(-2.90347386733533,-1.87442172649475,9.));
#954=CARTESIAN_POINT('',(-2.90349386733533,-0.874421726694748,10.));
#955=FACE_BOUND('',#956,.T.);
#956=EDGE_LOOP('',(#1377,#1378,#1379,#1380));
#957=PLANE('',#958);
#958=AXIS2_PLACEMENT_3D('',#959,#960,#961);
#959=CARTESIAN_POINT('',(1.09652613266467,-0.874421726494749,10.));
#960=DIRECTION('',(-9.99931168888038E-17,-0.707106781186547,0.707106781186548));
#961=DIRECTION('',(-1.,1.41411622048105E-16,0.));
#962=FACE_BOUND('',#963,.T.);
#963=EDGE_LOOP('',(#1381,#1382,#1383,#1384));
#964=PLANE('',#965);
#965=AXIS2_PLACEMENT_3D('',#966,#967,#968);
#966=CARTESIAN_POINT('',(-5.10977735999828,-4.87442172649475,10.));
#967=DIRECTION('',(-0.707106781186548,8.44452302108434E-17,0.707106781186548));
#968=DIRECTION('',(1.19423589841893E-16,1.,0.));
#969=FACE_BOUND('',#970,.T.);
#970=EDGE_LOOP('',(#1385,#1386,#1387));
#971=B_SPLINE_SURFACE_WITH_KNOTS('',3,1,(
(#972,#973),
(#974,#975),
(#976,#977),
(#978,#979),
(#980,#981),
(#982,#983),
(#984,#985),
(#986,#987),
(#988,#989),
(#990,#991),
(#992,#993)),
.UNSPECIFIED.,.F.,.F.,.F.,
(4,1,1,1,1,1,1,1,4),
(2,2),
(-1.27323954473516E-5,0.239904080975985,0.345394437082281,0.447680860133012,0.551874389800795,
0.657514637197419,0.763820134211019,0.861160083913168,1.00001273239545),
(0.,1.),
.UNSPECIFIED.);
#972=CARTESIAN_POINT('',(-6.10977735999828,6.,9.));
#973=CARTESIAN_POINT('',(-5.10977736019828,5.99998,10.));
#974=CARTESIAN_POINT('',(-6.10977735999828,6.,9.));
#975=CARTESIAN_POINT('',(-5.10961283647328,6.12563105168112,10.));
#976=CARTESIAN_POINT('',(-6.10977735999827,5.99999999999999,8.99999999999999));
#977=CARTESIAN_POINT('',(-5.14433402834809,6.30637927189409,9.99999999999999));
#978=CARTESIAN_POINT('',(-6.10977735999828,6.,9.));
#979=CARTESIAN_POINT('',(-5.24870670903779,6.51717563117365,10.));
#980=CARTESIAN_POINT('',(-6.10977735999828,6.,9.));
#981=CARTESIAN_POINT('',(-5.34430555400088,6.65027583415791,10.));
#982=CARTESIAN_POINT('',(-6.10977735999828,6.,9.));
#983=CARTESIAN_POINT('',(-5.46021233931554,6.76626339021735,10.));
#984=CARTESIAN_POINT('',(-6.10977735999828,6.,9.));
#985=CARTESIAN_POINT('',(-5.59530668063227,6.86290209610832,10.));
#986=CARTESIAN_POINT('',(-6.10977735999828,6.,9.));
#987=CARTESIAN_POINT('',(-5.74131762993935,6.93424062698788,10.));
#988=CARTESIAN_POINT('',(-6.10977735999828,6.,9.));
#989=CARTESIAN_POINT('',(-5.91342906159258,6.98645445474304,10.));
#990=CARTESIAN_POINT('',(-6.10977735999827,6.,9.));
#991=CARTESIAN_POINT('',(-6.03709319276037,7.00001309637245,10.));
#992=CARTESIAN_POINT('',(-6.10977735999828,6.,9.));
#993=CARTESIAN_POINT('',(-6.10979735999828,6.9999999998,10.));
#994=FACE_BOUND('',#995,.T.);
#995=EDGE_LOOP('',(#1388,#1389,#1390,#1391));
#996=PLANE('',#997);
#997=AXIS2_PLACEMENT_3D('',#998,#999,#1000);
#998=CARTESIAN_POINT('',(-2.10977735999828,7.,10.));
#999=DIRECTION('',(0.,-0.707106781186547,0.707106781186548));
#1000=DIRECTION('',(-1.,0.,0.));
#1001=FACE_BOUND('',#1002,.T.);
#1002=EDGE_LOOP('',(#1392,#1393,#1394));
#1003=B_SPLINE_SURFACE_WITH_KNOTS('',3,1,(
(#1004,#1005),
(#1006,#1007),
(#1008,#1009),
(#1010,#1011),
(#1012,#1013),
(#1014,#1015),
(#1016,#1017),
(#1018,#1019),
(#1020,#1021),
(#1022,#1023),
(#1024,#1025)),
.UNSPECIFIED.,.F.,.F.,.F.,
(4,1,1,1,1,1,1,1,4),
(2,2),
(-1.27323954473516E-5,0.239904080975299,0.345394437081509,0.447680860132264,0.55187438980008,
0.657514637196729,0.763820134210384,0.861160083912517,1.00001273239545),
(0.,1.),
.UNSPECIFIED.);
#1004=CARTESIAN_POINT('',(-6.75976136733532,6.,9.));
#1005=CARTESIAN_POINT('',(-6.75974136733533,6.9999999998,10.));
#1006=CARTESIAN_POINT('',(-6.75976136733532,6.,9.));
#1007=CARTESIAN_POINT('',(-6.88539241901609,7.00016452352499,10.));
#1008=CARTESIAN_POINT('',(-6.75976136733533,6.,9.));
#1009=CARTESIAN_POINT('',(-7.06614063922865,6.96544333165036,10.));
#1010=CARTESIAN_POINT('',(-6.75976136733532,6.,9.));
#1011=CARTESIAN_POINT('',(-7.27693699850798,6.86107065096109,10.));
#1012=CARTESIAN_POINT('',(-6.75976136733532,6.,9.));
#1013=CARTESIAN_POINT('',(-7.41003720149234,6.76547180599817,10.));
#1014=CARTESIAN_POINT('',(-6.75976136733533,6.,9.));
#1015=CARTESIAN_POINT('',(-7.52602475755195,6.6495650206836,10.));
#1016=CARTESIAN_POINT('',(-6.75976136733532,6.,9.));
#1017=CARTESIAN_POINT('',(-7.62266346344309,6.51447067936694,10.));
#1018=CARTESIAN_POINT('',(-6.75976136733533,6.,9.));
#1019=CARTESIAN_POINT('',(-7.69400199432283,6.3684597300599,10.));
#1020=CARTESIAN_POINT('',(-6.75976136733533,6.,9.));
#1021=CARTESIAN_POINT('',(-7.74621582207827,6.19634829840637,10.));
#1022=CARTESIAN_POINT('',(-6.75976136733532,6.,8.99999999999999));
#1023=CARTESIAN_POINT('',(-7.75977446370777,6.07268416723825,9.99999999999999));
#1024=CARTESIAN_POINT('',(-6.75976136733532,6.,9.));
#1025=CARTESIAN_POINT('',(-7.75976136713532,5.99998,10.));
#1026=FACE_BOUND('',#1027,.T.);
#1027=EDGE_LOOP('',(#1395,#1396,#1397,#1398));
#1028=PLANE('',#1029);
#1029=AXIS2_PLACEMENT_3D('',#1030,#1031,#1032);
#1030=CARTESIAN_POINT('',(-7.75976136733532,10.,10.));
#1031=DIRECTION('',(0.707106781186548,-8.44452302108434E-17,0.707106781186548));
#1032=DIRECTION('',(-1.19423589841893E-16,-1.,0.));
#1033=FACE_BOUND('',#1034,.T.);
#1034=EDGE_LOOP('',(#1399,#1400,#1401,#1402));
#1035=PLANE('',#1036);
#1036=AXIS2_PLACEMENT_3D('',#1037,#1038,#1039);
#1037=CARTESIAN_POINT('',(-3.75976136733533,-0.874421726494748,10.));
#1038=DIRECTION('',(-7.69173460348887E-17,-0.707106781186547,0.707106781186548));
#1039=DIRECTION('',(-1.,1.08777553944284E-16,-6.83163268487952E-33));
#1040=FACE_BOUND('',#1041,.T.);
#1041=EDGE_LOOP('',(#1403,#1404,#1405));
#1042=B_SPLINE_SURFACE_WITH_KNOTS('',3,1,(
(#1043,#1044),
(#1045,#1046),
(#1047,#1048),
(#1049,#1050),
(#1051,#1052),
(#1053,#1054),
(#1055,#1056),
(#1057,#1058),
(#1059,#1060),
(#1061,#1062),
(#1063,#1064)),
.UNSPECIFIED.,.F.,.F.,.F.,
(4,1,1,1,1,1,1,1,4),
(2,2),
(-1.27323954473516E-5,0.239904080975111,0.345394437081266,0.447680860131985,0.551874389799775,
0.657514637196424,0.763820134210038,0.861160083912247,1.00001273239545),
(0.,1.),
.UNSPECIFIED.);
#1043=CARTESIAN_POINT('',(-9.9661227384856,-1.87442172649475,9.));
#1044=CARTESIAN_POINT('',(-9.9661027384856,-0.874421726694748,10.));
#1045=CARTESIAN_POINT('',(-9.9661227384856,-1.87442172649475,9.));
#1046=CARTESIAN_POINT('',(-10.0917537901663,-0.874257202969754,10.));
#1047=CARTESIAN_POINT('',(-9.9661227384856,-1.87442172649475,9.));
#1048=CARTESIAN_POINT('',(-10.2725020103787,-0.908978394844334,10.));
#1049=CARTESIAN_POINT('',(-9.9661227384856,-1.87442172649475,9.));
#1050=CARTESIAN_POINT('',(-10.4832983696579,-1.01335107553347,10.));
#1051=CARTESIAN_POINT('',(-9.9661227384856,-1.87442172649475,9.));
#1052=CARTESIAN_POINT('',(-10.6163985726423,-1.1089499204963,10.));
#1053=CARTESIAN_POINT('',(-9.9661227384856,-1.87442172649475,9.));
#1054=CARTESIAN_POINT('',(-10.7323861287019,-1.22485670581079,10.));
#1055=CARTESIAN_POINT('',(-9.9661227384856,-1.87442172649475,9.));
#1056=CARTESIAN_POINT('',(-10.8290248345931,-1.35995104712738,10.));
#1057=CARTESIAN_POINT('',(-9.9661227384856,-1.87442172649475,9.));
#1058=CARTESIAN_POINT('',(-10.9003633654729,-1.5059619964344,10.));
#1059=CARTESIAN_POINT('',(-9.96612273848561,-1.87442172649475,9.));
#1060=CARTESIAN_POINT('',(-10.9525771932285,-1.67807342808805,10.));
#1061=CARTESIAN_POINT('',(-9.9661227384856,-1.87442172649475,9.));
#1062=CARTESIAN_POINT('',(-10.9661358348581,-1.80173755925636,10.));
#1063=CARTESIAN_POINT('',(-9.9661227384856,-1.87442172649475,9.));
#1064=CARTESIAN_POINT('',(-10.9661227382856,-1.87444172649475,10.));
#1065=FACE_BOUND('',#1066,.T.);
#1066=EDGE_LOOP('',(#1406,#1407,#1408,#1409));
#1067=PLANE('',#1068);
#1068=AXIS2_PLACEMENT_3D('',#1069,#1070,#1071);
#1069=CARTESIAN_POINT('',(-10.9661227384856,-0.889389140217693,10.));
#1070=DIRECTION('',(0.70710678118655,0.,0.707106781186545));
#1071=DIRECTION('',(0.,-1.,0.));
#1072=FACE_BOUND('',#1073,.T.);
#1073=EDGE_LOOP('',(#1410,#1411,#1412));
#1074=B_SPLINE_SURFACE_WITH_KNOTS('',3,1,(
(#1075,#1076),
(#1077,#1078),
(#1079,#1080),
(#1081,#1082),
(#1083,#1084),
(#1085,#1086),
(#1087,#1088),
(#1089,#1090),
(#1091,#1092),
(#1093,#1094),
(#1095,#1096)),
.UNSPECIFIED.,.F.,.F.,.F.,
(4,1,1,1,1,1,1,1,4),
(2,2),
(-1.27323954473516E-5,0.239904080971372,0.345394437077039,0.447680860127747,0.551874389795553,
0.657514637192206,0.763820134205848,0.861160083908511,1.00001273239545),
(0.,1.),
.UNSPECIFIED.);
#1075=CARTESIAN_POINT('',(-9.9661227384856,-2.01514066739147,9.));
#1076=CARTESIAN_POINT('',(-10.9661227382856,-2.01512066739147,10.));
#1077=CARTESIAN_POINT('',(-9.9661227384856,-2.01514066739147,9.));
#1078=CARTESIAN_POINT('',(-10.9662872620106,-2.14077171907018,10.));
#1079=CARTESIAN_POINT('',(-9.9661227384856,-2.01514066739147,9.));
#1080=CARTESIAN_POINT('',(-10.931566070137,-2.32151993928041,10.));
#1081=CARTESIAN_POINT('',(-9.9661227384856,-2.01514066739147,9.));
#1082=CARTESIAN_POINT('',(-10.8271933894502,-2.53231629855828,10.));
#1083=CARTESIAN_POINT('',(-9.9661227384856,-2.01514066739147,9.));
#1084=CARTESIAN_POINT('',(-10.7315945444884,-2.66541650154307,10.));
#1085=CARTESIAN_POINT('',(-9.9661227384856,-2.01514066739147,9.));
#1086=CARTESIAN_POINT('',(-10.6156877591746,-2.78140405760348,10.));
#1087=CARTESIAN_POINT('',(-9.9661227384856,-2.01514066739147,9.));
#1088=CARTESIAN_POINT('',(-10.4805934178587,-2.87804276349558,10.));
#1089=CARTESIAN_POINT('',(-9.96612273848561,-2.01514066739147,9.));
#1090=CARTESIAN_POINT('',(-10.3345824685519,-2.94938129437647,10.));
#1091=CARTESIAN_POINT('',(-9.9661227384856,-2.01514066739147,9.));
#1092=CARTESIAN_POINT('',(-10.1624710368964,-3.00159512213376,10.));
#1093=CARTESIAN_POINT('',(-9.9661227384856,-2.01514066739147,9.));
#1094=CARTESIAN_POINT('',(-10.038806905726,-3.01515376376392,10.));
#1095=CARTESIAN_POINT('',(-9.9661227384856,-2.01514066739147,9.));
#1096=CARTESIAN_POINT('',(-9.9661027384856,-3.01514066719147,10.));
#1097=FACE_BOUND('',#1098,.T.);
#1098=EDGE_LOOP('',(#1413,#1414,#1415,#1416));
#1099=PLANE('',#1100);
#1100=AXIS2_PLACEMENT_3D('',#1101,#1102,#1103);
#1101=CARTESIAN_POINT('',(-13.9661227384856,-3.01514066739147,10.));
#1102=DIRECTION('',(8.33899785948538E-17,0.707106781186548,0.707106781186548));
#1103=DIRECTION('',(1.,-1.17931238694844E-16,0.));
#1104=FACE_BOUND('',#1105,.T.);
#1105=EDGE_LOOP('',(#1417,#1418,#1419));
#1106=B_SPLINE_SURFACE_WITH_KNOTS('',3,1,(
(#1107,#1108),
(#1109,#1110),
(#1111,#1112),
(#1113,#1114),
(#1115,#1116),
(#1117,#1118),
(#1119,#1120),
(#1121,#1122),
(#1123,#1124),
(#1125,#1126),
(#1127,#1128)),
.UNSPECIFIED.,.F.,.F.,.F.,
(4,1,1,1,1,1,1,1,4),
(2,2),
(-1.27323954473516E-5,0.239904080975683,0.345394437081989,0.447680860132788,0.551874389800652,
0.657514637197315,0.763820134210965,0.86116008391305,1.00001273239545),
(0.,1.),
.UNSPECIFIED.);
#1107=CARTESIAN_POINT('',(-2.90347386733533,-2.01514066739147,9.));
#1108=CARTESIAN_POINT('',(-2.90349386733533,-3.01514066719147,10.));
#1109=CARTESIAN_POINT('',(-2.90347386733533,-2.01514066739147,9.));
#1110=CARTESIAN_POINT('',(-2.77784281565436,-3.01530519091646,10.));
#1111=CARTESIAN_POINT('',(-2.90347386733533,-2.01514066739147,9.));
#1112=CARTESIAN_POINT('',(-2.59709459544155,-2.98058399904173,10.));
#1113=CARTESIAN_POINT('',(-2.90347386733533,-2.01514066739147,9.));
#1114=CARTESIAN_POINT('',(-2.38629823616205,-2.87621131835219,10.));
#1115=CARTESIAN_POINT('',(-2.90347386733533,-2.01514066739147,9.));
#1116=CARTESIAN_POINT('',(-2.25319803317768,-2.7806124733891,10.));
#1117=CARTESIAN_POINT('',(-2.90347386733533,-2.01514066739147,9.));
#1118=CARTESIAN_POINT('',(-2.13721047711813,-2.6647056880744,10.));
#1119=CARTESIAN_POINT('',(-2.90347386733533,-2.01514066739147,9.));
#1120=CARTESIAN_POINT('',(-2.04057177122709,-2.52961134675762,10.));
#1121=CARTESIAN_POINT('',(-2.90347386733533,-2.01514066739147,9.));
#1122=CARTESIAN_POINT('',(-1.9692332403475,-2.38360039745054,10.));
#1123=CARTESIAN_POINT('',(-2.90347386733533,-2.01514066739147,9.));
#1124=CARTESIAN_POINT('',(-1.9170194125923,-2.21148896579726,10.));
#1125=CARTESIAN_POINT('',(-2.90347386733533,-2.01514066739147,9.));
#1126=CARTESIAN_POINT('',(-1.90346077096288,-2.08782483462944,10.));
#1127=CARTESIAN_POINT('',(-2.90347386733533,-2.01514066739147,9.));
#1128=CARTESIAN_POINT('',(-1.90347386753533,-2.01512066739147,10.));
#1129=FACE_BOUND('',#1130,.T.);
#1130=EDGE_LOOP('',(#1420,#1421,#1422,#1423));
#1131=PLANE('',#1132);
#1132=AXIS2_PLACEMENT_3D('',#1133,#1134,#1135);
#1133=CARTESIAN_POINT('',(-1.90347386733533,-3.00017325366852,10.));
#1134=DIRECTION('',(-0.707106781186547,1.48768644664176E-16,0.707106781186548));
#1135=DIRECTION('',(2.10390634939942E-16,1.,0.));
#1136=ORIENTED_EDGE('',*,*,#1424,.T.);
#1137=ORIENTED_EDGE('',*,*,#1425,.T.);
#1138=ORIENTED_EDGE('',*,*,#1426,.T.);
#1139=ORIENTED_EDGE('',*,*,#1427,.T.);
#1140=ORIENTED_EDGE('',*,*,#1428,.T.);
#1141=ORIENTED_EDGE('',*,*,#1429,.T.);
#1142=ORIENTED_EDGE('',*,*,#1430,.F.);
#1143=ORIENTED_EDGE('',*,*,#1431,.T.);
#1144=ORIENTED_EDGE('',*,*,#1432,.T.);
#1145=ORIENTED_EDGE('',*,*,#1433,.T.);
#1146=ORIENTED_EDGE('',*,*,#1434,.T.);
#1147=ORIENTED_EDGE('',*,*,#1435,.T.);
#1148=ORIENTED_EDGE('',*,*,#1436,.T.);
#1149=ORIENTED_EDGE('',*,*,#1437,.T.);
#1150=ORIENTED_EDGE('',*,*,#1438,.F.);
#1151=ORIENTED_EDGE('',*,*,#1439,.T.);
#1152=ORIENTED_EDGE('',*,*,#1440,.F.);
#1153=ORIENTED_EDGE('',*,*,#1441,.T.);
#1154=ORIENTED_EDGE('',*,*,#1442,.F.);
#1155=ORIENTED_EDGE('',*,*,#1443,.T.);
#1156=ORIENTED_EDGE('',*,*,#1444,.F.);
#1157=ORIENTED_EDGE('',*,*,#1445,.T.);
#1158=ORIENTED_EDGE('',*,*,#1446,.T.);
#1159=ORIENTED_EDGE('',*,*,#1447,.T.);
#1160=ORIENTED_EDGE('',*,*,#1448,.T.);
#1161=ORIENTED_EDGE('',*,*,#1449,.T.);
#1162=ORIENTED_EDGE('',*,*,#1450,.T.);
#1163=ORIENTED_EDGE('',*,*,#1451,.F.);
#1164=ORIENTED_EDGE('',*,*,#1452,.T.);
#1165=ORIENTED_EDGE('',*,*,#1453,.F.);
#1166=ORIENTED_EDGE('',*,*,#1454,.T.);
#1167=ORIENTED_EDGE('',*,*,#1455,.F.);
#1168=ORIENTED_EDGE('',*,*,#1456,.T.);
#1169=ORIENTED_EDGE('',*,*,#1457,.F.);
#1170=ORIENTED_EDGE('',*,*,#1458,.T.);
#1171=ORIENTED_EDGE('',*,*,#1459,.F.);
#1172=ORIENTED_EDGE('',*,*,#1460,.T.);
#1173=ORIENTED_EDGE('',*,*,#1461,.T.);
#1174=ORIENTED_EDGE('',*,*,#1462,.F.);
#1175=ORIENTED_EDGE('',*,*,#1463,.T.);
#1176=ORIENTED_EDGE('',*,*,#1464,.F.);
#1177=ORIENTED_EDGE('',*,*,#1465,.T.);
#1178=ORIENTED_EDGE('',*,*,#1466,.T.);
#1179=ORIENTED_EDGE('',*,*,#1467,.T.);
#1180=ORIENTED_EDGE('',*,*,#1468,.T.);
#1181=ORIENTED_EDGE('',*,*,#1424,.F.);
#1182=ORIENTED_EDGE('',*,*,#1469,.F.);
#1183=ORIENTED_EDGE('',*,*,#1470,.T.);
#1184=ORIENTED_EDGE('',*,*,#1471,.T.);
#1185=ORIENTED_EDGE('',*,*,#1425,.F.);
#1186=ORIENTED_EDGE('',*,*,#1468,.F.);
#1187=ORIENTED_EDGE('',*,*,#1472,.T.);
#1188=ORIENTED_EDGE('',*,*,#1473,.T.);
#1189=ORIENTED_EDGE('',*,*,#1426,.F.);
#1190=ORIENTED_EDGE('',*,*,#1471,.F.);
#1191=ORIENTED_EDGE('',*,*,#1474,.T.);
#1192=ORIENTED_EDGE('',*,*,#1475,.T.);
#1193=ORIENTED_EDGE('',*,*,#1427,.F.);
#1194=ORIENTED_EDGE('',*,*,#1473,.F.);
#1195=ORIENTED_EDGE('',*,*,#1476,.T.);
#1196=ORIENTED_EDGE('',*,*,#1477,.T.);
#1197=ORIENTED_EDGE('',*,*,#1428,.F.);
#1198=ORIENTED_EDGE('',*,*,#1475,.F.);
#1199=ORIENTED_EDGE('',*,*,#1478,.T.);
#1200=ORIENTED_EDGE('',*,*,#1469,.T.);
#1201=ORIENTED_EDGE('',*,*,#1429,.F.);
#1202=ORIENTED_EDGE('',*,*,#1477,.F.);
#1203=ORIENTED_EDGE('',*,*,#1479,.T.);
#1204=ORIENTED_EDGE('',*,*,#1480,.T.);
#1205=ORIENTED_EDGE('',*,*,#1481,.T.);
#1206=ORIENTED_EDGE('',*,*,#1482,.T.);
#1207=ORIENTED_EDGE('',*,*,#1483,.T.);
#1208=ORIENTED_EDGE('',*,*,#1484,.T.);
#1209=ORIENTED_EDGE('',*,*,#1485,.T.);
#1210=ORIENTED_EDGE('',*,*,#1486,.T.);
#1211=ORIENTED_EDGE('',*,*,#1487,.T.);
#1212=ORIENTED_EDGE('',*,*,#1488,.T.);
#1213=ORIENTED_EDGE('',*,*,#1489,.T.);
#1214=ORIENTED_EDGE('',*,*,#1490,.T.);
#1215=ORIENTED_EDGE('',*,*,#1491,.T.);
#1216=ORIENTED_EDGE('',*,*,#1492,.T.);
#1217=ORIENTED_EDGE('',*,*,#1493,.T.);
#1218=ORIENTED_EDGE('',*,*,#1494,.T.);
#1219=ORIENTED_EDGE('',*,*,#1495,.T.);
#1220=ORIENTED_EDGE('',*,*,#1496,.T.);
#1221=ORIENTED_EDGE('',*,*,#1497,.T.);
#1222=ORIENTED_EDGE('',*,*,#1498,.T.);
#1223=ORIENTED_EDGE('',*,*,#1499,.T.);
#1224=ORIENTED_EDGE('',*,*,#1500,.T.);
#1225=ORIENTED_EDGE('',*,*,#1501,.T.);
#1226=ORIENTED_EDGE('',*,*,#1502,.T.);
#1227=ORIENTED_EDGE('',*,*,#1503,.T.);
#1228=ORIENTED_EDGE('',*,*,#1467,.F.);
#1229=ORIENTED_EDGE('',*,*,#1504,.F.);
#1230=ORIENTED_EDGE('',*,*,#1505,.T.);
#1231=ORIENTED_EDGE('',*,*,#1506,.T.);
#1232=ORIENTED_EDGE('',*,*,#1470,.F.);
#1233=ORIENTED_EDGE('',*,*,#1506,.F.);
#1234=ORIENTED_EDGE('',*,*,#1507,.T.);
#1235=ORIENTED_EDGE('',*,*,#1508,.T.);
#1236=ORIENTED_EDGE('',*,*,#1472,.F.);
#1237=ORIENTED_EDGE('',*,*,#1508,.F.);
#1238=ORIENTED_EDGE('',*,*,#1509,.T.);
#1239=ORIENTED_EDGE('',*,*,#1510,.T.);
#1240=ORIENTED_EDGE('',*,*,#1474,.F.);
#1241=ORIENTED_EDGE('',*,*,#1510,.F.);
#1242=ORIENTED_EDGE('',*,*,#1511,.T.);
#1243=ORIENTED_EDGE('',*,*,#1512,.T.);
#1244=ORIENTED_EDGE('',*,*,#1476,.F.);
#1245=ORIENTED_EDGE('',*,*,#1512,.F.);
#1246=ORIENTED_EDGE('',*,*,#1513,.T.);
#1247=ORIENTED_EDGE('',*,*,#1514,.T.);
#1248=ORIENTED_EDGE('',*,*,#1478,.F.);
#1249=ORIENTED_EDGE('',*,*,#1514,.F.);
#1250=ORIENTED_EDGE('',*,*,#1515,.T.);
#1251=ORIENTED_EDGE('',*,*,#1504,.T.);
#1252=ORIENTED_EDGE('',*,*,#1505,.F.);
#1253=ORIENTED_EDGE('',*,*,#1516,.F.);
#1254=ORIENTED_EDGE('',*,*,#1517,.T.);
#1255=ORIENTED_EDGE('',*,*,#1518,.T.);
#1256=ORIENTED_EDGE('',*,*,#1507,.F.);
#1257=ORIENTED_EDGE('',*,*,#1518,.F.);
#1258=ORIENTED_EDGE('',*,*,#1519,.T.);
#1259=ORIENTED_EDGE('',*,*,#1520,.T.);
#1260=ORIENTED_EDGE('',*,*,#1509,.F.);
#1261=ORIENTED_EDGE('',*,*,#1520,.F.);
#1262=ORIENTED_EDGE('',*,*,#1521,.T.);
#1263=ORIENTED_EDGE('',*,*,#1522,.T.);
#1264=ORIENTED_EDGE('',*,*,#1511,.F.);
#1265=ORIENTED_EDGE('',*,*,#1522,.F.);
#1266=ORIENTED_EDGE('',*,*,#1523,.T.);
#1267=ORIENTED_EDGE('',*,*,#1524,.T.);
#1268=ORIENTED_EDGE('',*,*,#1513,.F.);
#1269=ORIENTED_EDGE('',*,*,#1524,.F.);
#1270=ORIENTED_EDGE('',*,*,#1525,.T.);
#1271=ORIENTED_EDGE('',*,*,#1526,.T.);
#1272=ORIENTED_EDGE('',*,*,#1515,.F.);
#1273=ORIENTED_EDGE('',*,*,#1526,.F.);
#1274=ORIENTED_EDGE('',*,*,#1527,.T.);
#1275=ORIENTED_EDGE('',*,*,#1516,.T.);
#1276=ORIENTED_EDGE('',*,*,#1517,.F.);
#1277=ORIENTED_EDGE('',*,*,#1527,.F.);
#1278=ORIENTED_EDGE('',*,*,#1525,.F.);
#1279=ORIENTED_EDGE('',*,*,#1523,.F.);
#1280=ORIENTED_EDGE('',*,*,#1521,.F.);
#1281=ORIENTED_EDGE('',*,*,#1519,.F.);
#1282=ORIENTED_EDGE('',*,*,#1528,.T.);
#1283=ORIENTED_EDGE('',*,*,#1529,.T.);
#1284=ORIENTED_EDGE('',*,*,#1528,.F.);
#1285=ORIENTED_EDGE('',*,*,#1529,.F.);
#1286=ORIENTED_EDGE('',*,*,#1530,.T.);
#1287=ORIENTED_EDGE('',*,*,#1530,.F.);
#1288=ORIENTED_EDGE('',*,*,#1531,.T.);
#1289=ORIENTED_EDGE('',*,*,#1532,.F.);
#1290=ORIENTED_EDGE('',*,*,#1451,.T.);
#1291=ORIENTED_EDGE('',*,*,#1450,.F.);
#1292=ORIENTED_EDGE('',*,*,#1533,.T.);
#1293=ORIENTED_EDGE('',*,*,#1487,.F.);
#1294=ORIENTED_EDGE('',*,*,#1531,.F.);
#1295=ORIENTED_EDGE('',*,*,#1449,.F.);
#1296=ORIENTED_EDGE('',*,*,#1534,.T.);
#1297=ORIENTED_EDGE('',*,*,#1488,.F.);
#1298=ORIENTED_EDGE('',*,*,#1533,.F.);
#1299=ORIENTED_EDGE('',*,*,#1448,.F.);
#1300=ORIENTED_EDGE('',*,*,#1535,.T.);
#1301=ORIENTED_EDGE('',*,*,#1489,.F.);
#1302=ORIENTED_EDGE('',*,*,#1534,.F.);
#1303=ORIENTED_EDGE('',*,*,#1447,.F.);
#1304=ORIENTED_EDGE('',*,*,#1536,.T.);
#1305=ORIENTED_EDGE('',*,*,#1490,.F.);
#1306=ORIENTED_EDGE('',*,*,#1535,.F.);
#1307=ORIENTED_EDGE('',*,*,#1446,.F.);
#1308=ORIENTED_EDGE('',*,*,#1537,.T.);
#1309=ORIENTED_EDGE('',*,*,#1491,.F.);
#1310=ORIENTED_EDGE('',*,*,#1536,.F.);
#1311=ORIENTED_EDGE('',*,*,#1445,.F.);
#1312=ORIENTED_EDGE('',*,*,#1538,.T.);
#1313=ORIENTED_EDGE('',*,*,#1492,.F.);
#1314=ORIENTED_EDGE('',*,*,#1537,.F.);
#1315=ORIENTED_EDGE('',*,*,#1444,.T.);
#1316=ORIENTED_EDGE('',*,*,#1539,.T.);
#1317=ORIENTED_EDGE('',*,*,#1538,.F.);
#1318=ORIENTED_EDGE('',*,*,#1443,.F.);
#1319=ORIENTED_EDGE('',*,*,#1540,.T.);
#1320=ORIENTED_EDGE('',*,*,#1493,.F.);
#1321=ORIENTED_EDGE('',*,*,#1539,.F.);
#1322=ORIENTED_EDGE('',*,*,#1442,.T.);
#1323=ORIENTED_EDGE('',*,*,#1541,.T.);
#1324=ORIENTED_EDGE('',*,*,#1540,.F.);
#1325=ORIENTED_EDGE('',*,*,#1441,.F.);
#1326=ORIENTED_EDGE('',*,*,#1542,.T.);
#1327=ORIENTED_EDGE('',*,*,#1494,.F.);
#1328=ORIENTED_EDGE('',*,*,#1541,.F.);
#1329=ORIENTED_EDGE('',*,*,#1542,.F.);
#1330=ORIENTED_EDGE('',*,*,#1440,.T.);
#1331=ORIENTED_EDGE('',*,*,#1543,.T.);
#1332=ORIENTED_EDGE('',*,*,#1439,.F.);
#1333=ORIENTED_EDGE('',*,*,#1544,.T.);
#1334=ORIENTED_EDGE('',*,*,#1495,.F.);
#1335=ORIENTED_EDGE('',*,*,#1543,.F.);
#1336=ORIENTED_EDGE('',*,*,#1545,.T.);
#1337=ORIENTED_EDGE('',*,*,#1544,.F.);
#1338=ORIENTED_EDGE('',*,*,#1438,.T.);
#1339=ORIENTED_EDGE('',*,*,#1437,.F.);
#1340=ORIENTED_EDGE('',*,*,#1546,.T.);
#1341=ORIENTED_EDGE('',*,*,#1496,.F.);
#1342=ORIENTED_EDGE('',*,*,#1545,.F.);
#1343=ORIENTED_EDGE('',*,*,#1436,.F.);
#1344=ORIENTED_EDGE('',*,*,#1547,.T.);
#1345=ORIENTED_EDGE('',*,*,#1497,.F.);
#1346=ORIENTED_EDGE('',*,*,#1546,.F.);
#1347=ORIENTED_EDGE('',*,*,#1435,.F.);
#1348=ORIENTED_EDGE('',*,*,#1548,.T.);
#1349=ORIENTED_EDGE('',*,*,#1498,.F.);
#1350=ORIENTED_EDGE('',*,*,#1547,.F.);
#1351=ORIENTED_EDGE('',*,*,#1434,.F.);
#1352=ORIENTED_EDGE('',*,*,#1549,.T.);
#1353=ORIENTED_EDGE('',*,*,#1499,.F.);
#1354=ORIENTED_EDGE('',*,*,#1548,.F.);
#1355=ORIENTED_EDGE('',*,*,#1433,.F.);
#1356=ORIENTED_EDGE('',*,*,#1550,.T.);
#1357=ORIENTED_EDGE('',*,*,#1500,.F.);
#1358=ORIENTED_EDGE('',*,*,#1549,.F.);
#1359=ORIENTED_EDGE('',*,*,#1432,.F.);
#1360=ORIENTED_EDGE('',*,*,#1551,.T.);
#1361=ORIENTED_EDGE('',*,*,#1501,.F.);
#1362=ORIENTED_EDGE('',*,*,#1550,.F.);
#1363=ORIENTED_EDGE('',*,*,#1431,.F.);
#1364=ORIENTED_EDGE('',*,*,#1552,.T.);
#1365=ORIENTED_EDGE('',*,*,#1502,.F.);
#1366=ORIENTED_EDGE('',*,*,#1551,.F.);
#1367=ORIENTED_EDGE('',*,*,#1552,.F.);
#1368=ORIENTED_EDGE('',*,*,#1430,.T.);
#1369=ORIENTED_EDGE('',*,*,#1553,.T.);
#1370=ORIENTED_EDGE('',*,*,#1452,.F.);
#1371=ORIENTED_EDGE('',*,*,#1532,.T.);
#1372=ORIENTED_EDGE('',*,*,#1503,.F.);
#1373=ORIENTED_EDGE('',*,*,#1553,.F.);
#1374=ORIENTED_EDGE('',*,*,#1453,.T.);
#1375=ORIENTED_EDGE('',*,*,#1554,.T.);
#1376=ORIENTED_EDGE('',*,*,#1555,.F.);
#1377=ORIENTED_EDGE('',*,*,#1466,.F.);
#1378=ORIENTED_EDGE('',*,*,#1556,.T.);
#1379=ORIENTED_EDGE('',*,*,#1479,.F.);
#1380=ORIENTED_EDGE('',*,*,#1554,.F.);
#1381=ORIENTED_EDGE('',*,*,#1465,.F.);
#1382=ORIENTED_EDGE('',*,*,#1557,.T.);
#1383=ORIENTED_EDGE('',*,*,#1480,.F.);
#1384=ORIENTED_EDGE('',*,*,#1556,.F.);
#1385=ORIENTED_EDGE('',*,*,#1464,.T.);
#1386=ORIENTED_EDGE('',*,*,#1558,.T.);
#1387=ORIENTED_EDGE('',*,*,#1557,.F.);
#1388=ORIENTED_EDGE('',*,*,#1463,.F.);
#1389=ORIENTED_EDGE('',*,*,#1559,.T.);
#1390=ORIENTED_EDGE('',*,*,#1481,.F.);
#1391=ORIENTED_EDGE('',*,*,#1558,.F.);
#1392=ORIENTED_EDGE('',*,*,#1462,.T.);
#1393=ORIENTED_EDGE('',*,*,#1560,.T.);
#1394=ORIENTED_EDGE('',*,*,#1559,.F.);
#1395=ORIENTED_EDGE('',*,*,#1461,.F.);
#1396=ORIENTED_EDGE('',*,*,#1561,.T.);
#1397=ORIENTED_EDGE('',*,*,#1482,.F.);
#1398=ORIENTED_EDGE('',*,*,#1560,.F.);
#1399=ORIENTED_EDGE('',*,*,#1460,.F.);
#1400=ORIENTED_EDGE('',*,*,#1562,.T.);
#1401=ORIENTED_EDGE('',*,*,#1483,.F.);
#1402=ORIENTED_EDGE('',*,*,#1561,.F.);
#1403=ORIENTED_EDGE('',*,*,#1459,.T.);
#1404=ORIENTED_EDGE('',*,*,#1563,.T.);
#1405=ORIENTED_EDGE('',*,*,#1562,.F.);
#1406=ORIENTED_EDGE('',*,*,#1458,.F.);
#1407=ORIENTED_EDGE('',*,*,#1564,.T.);
#1408=ORIENTED_EDGE('',*,*,#1484,.F.);
#1409=ORIENTED_EDGE('',*,*,#1563,.F.);
#1410=ORIENTED_EDGE('',*,*,#1564,.F.);
#1411=ORIENTED_EDGE('',*,*,#1457,.T.);
#1412=ORIENTED_EDGE('',*,*,#1565,.T.);
#1413=ORIENTED_EDGE('',*,*,#1456,.F.);
#1414=ORIENTED_EDGE('',*,*,#1566,.T.);
#1415=ORIENTED_EDGE('',*,*,#1485,.F.);
#1416=ORIENTED_EDGE('',*,*,#1565,.F.);
#1417=ORIENTED_EDGE('',*,*,#1567,.T.);
#1418=ORIENTED_EDGE('',*,*,#1566,.F.);
#1419=ORIENTED_EDGE('',*,*,#1455,.T.);
#1420=ORIENTED_EDGE('',*,*,#1454,.F.);
#1421=ORIENTED_EDGE('',*,*,#1555,.T.);
#1422=ORIENTED_EDGE('',*,*,#1486,.F.);
#1423=ORIENTED_EDGE('',*,*,#1567,.F.);
#1424=EDGE_CURVE('',#1568,#1569,#1570,.T.);
#1425=EDGE_CURVE('',#1569,#1571,#1572,.T.);
#1426=EDGE_CURVE('',#1571,#1573,#1574,.T.);
#1427=EDGE_CURVE('',#1573,#1575,#1576,.T.);
#1428=EDGE_CURVE('',#1575,#1577,#1578,.T.);
#1429=EDGE_CURVE('',#1577,#1568,#1579,.T.);
#1430=EDGE_CURVE('',#1580,#1581,#1582,.F.);
#1431=EDGE_CURVE('',#1580,#1583,#1584,.F.);
#1432=EDGE_CURVE('',#1583,#1585,#1586,.F.);
#1433=EDGE_CURVE('',#1585,#1587,#1588,.F.);
#1434=EDGE_CURVE('',#1587,#1589,#1590,.F.);
#1435=EDGE_CURVE('',#1589,#1591,#1592,.F.);
#1436=EDGE_CURVE('',#1591,#1593,#1594,.F.);
#1437=EDGE_CURVE('',#1593,#1595,#1596,.F.);
#1438=EDGE_CURVE('',#1597,#1595,#1598,.F.);
#1439=EDGE_CURVE('',#1597,#1599,#1600,.F.);
#1440=EDGE_CURVE('',#1601,#1599,#1602,.F.);
#1441=EDGE_CURVE('',#1601,#1603,#1604,.F.);
#1442=EDGE_CURVE('',#1605,#1603,#1606,.F.);
#1443=EDGE_CURVE('',#1605,#1607,#1608,.F.);
#1444=EDGE_CURVE('',#1609,#1607,#1610,.F.);
#1445=EDGE_CURVE('',#1609,#1611,#1612,.F.);
#1446=EDGE_CURVE('',#1611,#1613,#1614,.F.);
#1447=EDGE_CURVE('',#1613,#1615,#1616,.F.);
#1448=EDGE_CURVE('',#1615,#1617,#1618,.F.);
#1449=EDGE_CURVE('',#1617,#1619,#1620,.F.);
#1450=EDGE_CURVE('',#1619,#1621,#1622,.F.);
#1451=EDGE_CURVE('',#1623,#1621,#1624,.F.);
#1452=EDGE_CURVE('',#1623,#1581,#1625,.F.);
#1453=EDGE_CURVE('',#1626,#1627,#1628,.F.);
#1454=EDGE_CURVE('',#1626,#1629,#1630,.F.);
#1455=EDGE_CURVE('',#1631,#1629,#1632,.F.);
#1456=EDGE_CURVE('',#1631,#1633,#1634,.F.);
#1457=EDGE_CURVE('',#1635,#1633,#1636,.F.);
#1458=EDGE_CURVE('',#1635,#1637,#1638,.F.);
#1459=EDGE_CURVE('',#1639,#1637,#1640,.F.);
#1460=EDGE_CURVE('',#1639,#1641,#1642,.F.);
#1461=EDGE_CURVE('',#1641,#1643,#1644,.F.);
#1462=EDGE_CURVE('',#1645,#1643,#1646,.F.);
#1463=EDGE_CURVE('',#1645,#1647,#1648,.F.);
#1464=EDGE_CURVE('',#1649,#1647,#1650,.F.);
#1465=EDGE_CURVE('',#1649,#1651,#1652,.F.);
#1466=EDGE_CURVE('',#1651,#1627,#1653,.F.);
#1467=EDGE_CURVE('',#1654,#1655,#1656,.T.);
#1468=EDGE_CURVE('',#1655,#1569,#1657,.T.);
#1469=EDGE_CURVE('',#1654,#1568,#1658,.T.);
#1470=EDGE_CURVE('',#1655,#1659,#1660,.T.);
#1471=EDGE_CURVE('',#1659,#1571,#1661,.T.);
#1472=EDGE_CURVE('',#1659,#1662,#1663,.T.);
#1473=EDGE_CURVE('',#1662,#1573,#1664,.T.);
#1474=EDGE_CURVE('',#1662,#1665,#1666,.T.);
#1475=EDGE_CURVE('',#1665,#1575,#1667,.T.);
#1476=EDGE_CURVE('',#1665,#1668,#1669,.T.);
#1477=EDGE_CURVE('',#1668,#1577,#1670,.T.);
#1478=EDGE_CURVE('',#1668,#1654,#1671,.T.);
#1479=EDGE_CURVE('',#1672,#1673,#1674,.T.);
#1480=EDGE_CURVE('',#1673,#1675,#1676,.T.);
#1481=EDGE_CURVE('',#1675,#1677,#1678,.T.);
#1482=EDGE_CURVE('',#1677,#1679,#1680,.T.);
#1483=EDGE_CURVE('',#1679,#1681,#1682,.T.);
#1484=EDGE_CURVE('',#1681,#1683,#1684,.T.);
#1485=EDGE_CURVE('',#1683,#1685,#1686,.T.);
#1486=EDGE_CURVE('',#1685,#1672,#1687,.T.);
#1487=EDGE_CURVE('',#1688,#1689,#1690,.T.);
#1488=EDGE_CURVE('',#1689,#1691,#1692,.T.);
#1489=EDGE_CURVE('',#1691,#1693,#1694,.T.);
#1490=EDGE_CURVE('',#1693,#1695,#1696,.T.);
#1491=EDGE_CURVE('',#1695,#1697,#1698,.T.);
#1492=EDGE_CURVE('',#1697,#1699,#1700,.T.);
#1493=EDGE_CURVE('',#1699,#1701,#1702,.T.);
#1494=EDGE_CURVE('',#1701,#1703,#1704,.T.);
#1495=EDGE_CURVE('',#1703,#1705,#1706,.T.);
#1496=EDGE_CURVE('',#1705,#1707,#1708,.T.);
#1497=EDGE_CURVE('',#1707,#1709,#1710,.T.);
#1498=EDGE_CURVE('',#1709,#1711,#1712,.T.);
#1499=EDGE_CURVE('',#1711,#1713,#1714,.T.);
#1500=EDGE_CURVE('',#1713,#1715,#1716,.T.);
#1501=EDGE_CURVE('',#1715,#1717,#1718,.T.);
#1502=EDGE_CURVE('',#1717,#1719,#1720,.T.);
#1503=EDGE_CURVE('',#1719,#1688,#1721,.T.);
#1504=EDGE_CURVE('',#1722,#1654,#1723,.T.);
#1505=EDGE_CURVE('',#1722,#1724,#1725,.T.);
#1506=EDGE_CURVE('',#1724,#1655,#1726,.T.);
#1507=EDGE_CURVE('',#1724,#1727,#1728,.T.);
#1508=EDGE_CURVE('',#1727,#1659,#1729,.T.);
#1509=EDGE_CURVE('',#1727,#1730,#1731,.T.);
#1510=EDGE_CURVE('',#1730,#1662,#1732,.T.);
#1511=EDGE_CURVE('',#1730,#1733,#1734,.T.);
#1512=EDGE_CURVE('',#1733,#1665,#1735,.T.);
#1513=EDGE_CURVE('',#1733,#1736,#1737,.T.);
#1514=EDGE_CURVE('',#1736,#1668,#1738,.T.);
#1515=EDGE_CURVE('',#1736,#1722,#1739,.T.);
#1516=EDGE_CURVE('',#1740,#1722,#1741,.F.);
#1517=EDGE_CURVE('',#1740,#1742,#1743,.T.);
#1518=EDGE_CURVE('',#1742,#1724,#1744,.F.);
#1519=EDGE_CURVE('',#1742,#1745,#1746,.T.);
#1520=EDGE_CURVE('',#1745,#1727,#1747,.F.);
#1521=EDGE_CURVE('',#1745,#1748,#1749,.T.);
#1522=EDGE_CURVE('',#1748,#1730,#1750,.F.);
#1523=EDGE_CURVE('',#1748,#1751,#1752,.T.);
#1524=EDGE_CURVE('',#1751,#1733,#1753,.F.);
#1525=EDGE_CURVE('',#1751,#1754,#1755,.T.);
#1526=EDGE_CURVE('',#1754,#1736,#1756,.F.);
#1527=EDGE_CURVE('',#1754,#1740,#1757,.T.);
#1528=EDGE_CURVE('',#1758,#1758,#1759,.T.);
#1529=EDGE_CURVE('',#1760,#1760,#1761,.T.);
#1530=EDGE_CURVE('',#1762,#1762,#1763,.T.);
#1531=EDGE_CURVE('',#1621,#1688,#1764,.F.);
#1532=EDGE_CURVE('',#1623,#1688,#1765,.T.);
#1533=EDGE_CURVE('',#1619,#1689,#1766,.T.);
#1534=EDGE_CURVE('',#1617,#1691,#1767,.T.);
#1535=EDGE_CURVE('',#1615,#1693,#1768,.T.);
#1536=EDGE_CURVE('',#1613,#1695,#1769,.T.);
#1537=EDGE_CURVE('',#1611,#1697,#1770,.T.);
#1538=EDGE_CURVE('',#1609,#1699,#1771,.T.);
#1539=EDGE_CURVE('',#1607,#1699,#1772,.F.);
#1540=EDGE_CURVE('',#1605,#1701,#1773,.T.);
#1541=EDGE_CURVE('',#1603,#1701,#1774,.F.);
#1542=EDGE_CURVE('',#1601,#1703,#1775,.T.);
#1543=EDGE_CURVE('',#1599,#1703,#1776,.F.);
#1544=EDGE_CURVE('',#1597,#1705,#1777,.T.);
#1545=EDGE_CURVE('',#1595,#1705,#1778,.F.);
#1546=EDGE_CURVE('',#1593,#1707,#1779,.T.);
#1547=EDGE_CURVE('',#1591,#1709,#1780,.T.);
#1548=EDGE_CURVE('',#1589,#1711,#1781,.T.);
#1549=EDGE_CURVE('',#1587,#1713,#1782,.T.);
#1550=EDGE_CURVE('',#1585,#1715,#1783,.T.);
#1551=EDGE_CURVE('',#1583,#1717,#1784,.T.);
#1552=EDGE_CURVE('',#1580,#1719,#1785,.T.);
#1553=EDGE_CURVE('',#1581,#1719,#1786,.F.);
#1554=EDGE_CURVE('',#1627,#1672,#1787,.F.);
#1555=EDGE_CURVE('',#1626,#1672,#1788,.T.);
#1556=EDGE_CURVE('',#1651,#1673,#1789,.T.);
#1557=EDGE_CURVE('',#1649,#1675,#1790,.T.);
#1558=EDGE_CURVE('',#1647,#1675,#1791,.F.);
#1559=EDGE_CURVE('',#1645,#1677,#1792,.T.);
#1560=EDGE_CURVE('',#1643,#1677,#1793,.F.);
#1561=EDGE_CURVE('',#1641,#1679,#1794,.T.);
#1562=EDGE_CURVE('',#1639,#1681,#1795,.T.);
#1563=EDGE_CURVE('',#1637,#1681,#1796,.F.);
#1564=EDGE_CURVE('',#1635,#1683,#1797,.T.);
#1565=EDGE_CURVE('',#1633,#1683,#1798,.F.);
#1566=EDGE_CURVE('',#1631,#1685,#1799,.T.);
#1567=EDGE_CURVE('',#1629,#1685,#1800,.F.);
#1568=VERTEX_POINT('',#1801);
#1569=VERTEX_POINT('',#1802);
#1570=LINE('',#1803,#1804);
#1571=VERTEX_POINT('',#1806);
#1572=LINE('',#1807,#1808);
#1573=VERTEX_POINT('',#1810);
#1574=LINE('',#1811,#1812);
#1575=VERTEX_POINT('',#1814);
#1576=LINE('',#1815,#1816);
#1577=VERTEX_POINT('',#1818);
#1578=LINE('',#1819,#1820);
#1579=LINE('',#1822,#1823);
#1580=VERTEX_POINT('',#1825);
#1581=VERTEX_POINT('',#1826);
#1582=CIRCLE('',#1827,1.);
#1583=VERTEX_POINT('',#1831);
#1584=LINE('',#1832,#1833);
#1585=VERTEX_POINT('',#1835);
#1586=B_SPLINE_CURVE_WITH_KNOTS('',3,
(#1836,#1837,#1838,#1839,#1840,#1841,#1842,#1843,#1844,#1845,#1846,#1847,#1848,#1849,
#1850,#1851,#1852,#1853,#1854,#1855,#1856,#1857,#1858,#1859,#1860,#1861,#1862,#1863,
#1864,#1865,#1866,#1867,#1868,#1869,#1870,#1871,#1872,#1873,#1874,#1875,#1876,#1877,
#1878,#1879,#1880,#1881,#1882,#1883,#1884,#1885,#1886,#1887,#1888,#1889,#1890,#1891,
#1892,#1893),
.UNSPECIFIED.,.F.,.F.,
(4,1,1,1,1,1,1,1,1,1,1,1,1,1,1,1,1,1,1,1,1,1,1,1,1,1,1,1,1,1,1,1,1,1,1,1,1,1,1,1,
1,1,1,1,1,1,1,1,1,1,1,1,1,1,1,4),
(0.,0.00418011841817682,0.00780260976051146,0.00792664844685395,0.0124972593671252,
0.0172085082678372,0.0220950550941273,0.0257004461100559,0.027776872269967,0.0291195027369667,
0.0324881591830873,0.0360237300903097,0.0399680846342863,0.0441369837632943,0.0485747175128794,
0.0530715196482865,0.0579144761485553,0.059934660366922,0.0630322573166905,0.0686345239864534,
0.0744316884677914,0.0849148703487611,0.100974735156574,0.113263460525156,0.119320118860657,
0.135477014385177,0.152242174440962,0.169019461030058,0.185796815825001,0.199977757531608,
0.203513094678798,0.215393785635411,0.233033417573752,0.251635339579733,0.272866534188854,
0.295774420662449,0.32115167588159,0.347346333833923,0.361645287981471,0.376367963482057,
0.407448992776677,0.442008216158583,0.478000019172748,0.517306813989378,0.558551291322047,
0.602520455800876,0.622954365627153,0.647315369260605,0.694033275895082,0.741958343267186,
0.79186527995191,0.842610347868852,0.891662346659655,0.894508610293837,0.94680138641861,
1.),
.UNSPECIFIED.);
#1587=VERTEX_POINT('',#1894);
#1588=B_SPLINE_CURVE_WITH_KNOTS('',3,
(#1895,#1896,#1897,#1898,#1899,#1900,#1901,#1902,#1903,#1904,#1905,#1906,#1907,#1908,
#1909,#1910,#1911,#1912,#1913,#1914,#1915,#1916,#1917,#1918,#1919,#1920,#1921,#1922,
#1923,#1924,#1925,#1926,#1927,#1928,#1929,#1930,#1931,#1932,#1933,#1934,#1935,#1936,
#1937,#1938,#1939,#1940,#1941,#1942,#1943,#1944,#1945,#1946,#1947,#1948,#1949,#1950,
#1951,#1952),
.UNSPECIFIED.,.F.,.F.,
(4,1,1,1,1,1,1,1,1,1,1,1,1,1,1,1,1,1,1,1,1,1,1,1,1,1,1,1,1,1,1,1,1,1,1,1,1,1,1,1,
1,1,1,1,1,1,1,1,1,1,1,1,1,1,1,4),
(0.,0.0146061129000536,0.0386089246641997,0.0521408126673601,0.0684738599484012,
0.0896537463696166,0.101194381318447,0.10317147455887,0.115771981748327,0.127662815191288,
0.139778999389242,0.141423535444755,0.152694188338212,0.166189123976753,0.180605740385967,
0.190438381708232,0.195387862999708,0.211455993461901,0.228481979020297,0.246882898511833,
0.265741133951507,0.285936499275732,0.294848565555731,0.306965558290528,0.329189011587601,
0.351794368507995,0.375462078845508,0.399846357802833,0.400318619494849,0.425381297871232,
0.45135917927294,0.482678340103164,0.487706653660041,0.524731776192378,0.562405118285029,
0.580757612604439,0.591059419663323,0.619958615943824,0.649192557217809,0.659055644530001,
0.678529818752781,0.708027244770591,0.725103517091597,0.737591380464215,0.767207982018065,
0.796812007867985,0.823630918568394,0.826285219214438,0.855616363151523,0.884737688985685,
0.913763201935396,0.930872128366268,0.942621373464987,0.971371121844344,0.989619415535221,
1.),
.UNSPECIFIED.);
#1589=VERTEX_POINT('',#1953);
#1590=B_SPLINE_CURVE_WITH_KNOTS('',3,
(#1954,#1955,#1956,#1957,#1958,#1959,#1960,#1961,#1962,#1963,#1964,#1965,#1966,#1967,
#1968,#1969,#1970,#1971,#1972,#1973,#1974,#1975,#1976,#1977,#1978,#1979,#1980,#1981,
#1982,#1983,#1984,#1985,#1986,#1987,#1988,#1989,#1990,#1991,#1992,#1993,#1994,#1995,
#1996,#1997,#1998,#1999,#2000,#2001,#2002,#2003,#2004,#2005),
.UNSPECIFIED.,.F.,.F.,
(4,1,1,1,1,1,1,1,1,1,1,1,1,1,1,1,1,1,1,1,1,1,1,1,1,1,1,1,1,1,1,1,1,1,1,1,1,1,1,1,
1,1,1,1,1,1,1,1,1,4),
(0.,0.0156657514171763,0.0433118163772986,0.0559363876191435,0.0771494465801521,
0.101539977310541,0.117482947013434,0.125323795125273,0.132516037392417,0.146944706214534,
0.161685692783147,0.183135308751739,0.20565938435236,0.229295348806846,0.24267901428713,
0.248633386781922,0.269012645174703,0.291052145528531,0.313700480568057,0.337919556993763,
0.363041404631338,0.389399902557301,0.416097240158964,0.430856387119581,0.44362655324238,
0.471662565975331,0.500385821833204,0.529303988338611,0.568267698191059,0.60717365287003,
0.63458530528081,0.646001633622264,0.674415360609253,0.702325819659423,0.729334828149409,
0.755953125899918,0.781487521200667,0.79499489225154,0.806337928595476,0.830207464025029,
0.853797376818419,0.876515889906451,0.898650687022214,0.917924955679367,0.919799471307505,
0.940551725981992,0.960404902063878,0.979995342652647,0.983621474824631,1.),
.UNSPECIFIED.);
#1591=VERTEX_POINT('',#2006);
#1592=B_SPLINE_CURVE_WITH_KNOTS('',3,
(#2007,#2008,#2009,#2010,#2011,#2012,#2013,#2014,#2015,#2016,#2017,#2018,#2019,#2020,
#2021,#2022,#2023,#2024,#2025,#2026,#2027,#2028,#2029,#2030,#2031,#2032,#2033,#2034,
#2035,#2036,#2037,#2038,#2039,#2040,#2041,#2042,#2043,#2044,#2045,#2046,#2047,#2048,
#2049),
.UNSPECIFIED.,.F.,.F.,
(4,1,1,1,1,1,1,1,1,1,1,1,1,1,1,1,1,1,1,1,1,1,1,1,1,1,1,1,1,1,1,1,1,1,1,1,1,1,1,1,
4),
(0.,0.00792552262636461,0.0278945505554287,0.0285317853822007,0.0581557449458512,
0.0634024374253048,0.0898081715609542,0.114968215025659,0.126850944024505,0.133433778240223,
0.146388332612136,0.159584655176846,0.178580131053371,0.198419899699626,0.21909400864063,
0.236182866168305,0.243081197753467,0.254462010071757,0.274817271025879,0.296056860414373,
0.328409022362722,0.362671669253628,0.398810497543968,0.428226844367595,0.437194877040987,
0.459170721278259,0.492750613522635,0.527466163713573,0.56477852803621,0.603591008015235,
0.644268605784915,0.685346836579857,0.727511423788987,0.74815043052124,0.770320644350728,
0.814366079531783,0.858964995329169,0.904930469295254,0.951894220766411,0.969595789615855,
1.),
.UNSPECIFIED.);
#1593=VERTEX_POINT('',#2050);
#1594=B_SPLINE_CURVE_WITH_KNOTS('',3,
(#2051,#2052,#2053,#2054,#2055,#2056,#2057,#2058,#2059,#2060,#2061,#2062,#2063,#2064,
#2065,#2066,#2067,#2068,#2069,#2070,#2071,#2072,#2073,#2074,#2075,#2076,#2077,#2078,
#2079,#2080,#2081,#2082,#2083,#2084,#2085,#2086,#2087,#2088,#2089,#2090,#2091,#2092,
#2093,#2094),
.UNSPECIFIED.,.F.,.F.,
(4,1,1,1,1,1,1,1,1,1,1,1,1,1,1,1,1,1,1,1,1,1,1,1,1,1,1,1,1,1,1,1,1,1,1,1,1,1,1,1,
1,4),
(0.,0.00830931975651283,0.0287168270709667,0.0299137657906726,0.0593126598784663,
0.0664754603482417,0.0905556766648311,0.114847087099019,0.130193453753995,0.132272940008739,
0.144169536545123,0.156199735137228,0.168753039828817,0.181673813848838,0.195232402222902,
0.209035446034072,0.224238370609749,0.23168037786716,0.240597783670419,0.259130539315987,
0.278695634665823,0.300838096728131,0.324495548964668,0.350238540767837,0.376538397096869,
0.398567300264222,0.405232924724621,0.435704959155879,0.469205598446417,0.503982465916656,
0.541912741926574,0.581712833646146,0.623883691464603,0.638780388355848,0.666607097836704,
0.711031062394612,0.756556637484229,0.803758712234009,0.851517482898066,0.88692961232483,
0.91711099834603,1.),
.UNSPECIFIED.);
#1595=VERTEX_POINT('',#2095);
#1596=LINE('',#2096,#2097);
#1597=VERTEX_POINT('',#2099);
#1598=CIRCLE('',#2100,1.);
#1599=VERTEX_POINT('',#2104);
#1600=LINE('',#2105,#2106);
#1601=VERTEX_POINT('',#2108);
#1602=CIRCLE('',#2109,0.999999999999997);
#1603=VERTEX_POINT('',#2113);
#1604=LINE('',#2114,#2115);
#1605=VERTEX_POINT('',#2117);
#1606=CIRCLE('',#2118,1.);
#1607=VERTEX_POINT('',#2122);
#1608=LINE('',#2123,#2124);
#1609=VERTEX_POINT('',#2126);
#1610=CIRCLE('',#2127,1.);
#1611=VERTEX_POINT('',#2131);
#1612=LINE('',#2132,#2133);
#1613=VERTEX_POINT('',#2135);
#1614=B_SPLINE_CURVE_WITH_KNOTS('',3,
(#2136,#2137,#2138,#2139,#2140,#2141,#2142,#2143,#2144,#2145,#2146,#2147,#2148,#2149,
#2150,#2151,#2152,#2153,#2154,#2155,#2156,#2157,#2158,#2159,#2160,#2161,#2162,#2163,
#2164,#2165,#2166,#2167,#2168,#2169,#2170),
.UNSPECIFIED.,.F.,.F.,
(4,1,1,1,1,1,1,1,1,1,1,1,1,1,1,1,1,1,1,1,1,1,1,1,1,1,1,1,1,1,1,1,4),
(0.,0.00675610058343852,0.0236463167311445,0.0244119509544319,0.0523594482784903,
0.0565766923982082,0.0972209489446,0.104720276054099,0.141745422863361,0.180171235101202,
0.198242850031244,0.211762599945661,0.249425298449587,0.289876302741324,0.333098935235914,
0.354248775601309,0.367312054792205,0.40122802559982,0.436184201390262,0.472493555514713,
0.51208738025255,0.553540538401509,0.595652718027339,0.597540644868049,0.642288496343136,
0.689197481757421,0.737559370302241,0.788099795252043,0.839408268312982,0.870178010211502,
0.89219644466102,0.94573090990505,1.),
.UNSPECIFIED.);
#1615=VERTEX_POINT('',#2171);
#1616=B_SPLINE_CURVE_WITH_KNOTS('',3,
(#2172,#2173,#2174,#2175,#2176,#2177,#2178,#2179,#2180,#2181,#2182,#2183,#2184,#2185,
#2186,#2187,#2188,#2189,#2190,#2191,#2192,#2193,#2194,#2195,#2196,#2197,#2198,#2199,
#2200,#2201,#2202,#2203,#2204,#2205,#2206,#2207,#2208),
.UNSPECIFIED.,.F.,.F.,
(4,1,1,1,1,1,1,1,1,1,1,1,1,1,1,1,1,1,1,1,1,1,1,1,1,1,1,1,1,1,1,1,1,1,4),
(0.,0.00689691881458186,0.0241391163616871,0.0249202335991369,0.0534504175856242,
0.0577503860301226,0.0992317093553408,0.106904032142834,0.144663648988734,0.181287285229399,
0.202354304773823,0.208363754089076,0.227978817873987,0.248173964849116,0.278572668868256,
0.31107346234541,0.345725543202366,0.36133636770204,0.375056140484839,0.40656173885051,
0.441466831015411,0.477585201566482,0.516830656348657,0.55803263422097,0.602009195831067,
0.628993583075701,0.646766456801551,0.693603624350551,0.74179730956736,0.791958469277216,
0.842736797097842,0.894683655598474,0.899623773998415,0.947119261342145,1.),
.UNSPECIFIED.);
#1617=VERTEX_POINT('',#2209);
#1618=B_SPLINE_CURVE_WITH_KNOTS('',3,
(#2210,#2211,#2212,#2213,#2214,#2215,#2216,#2217,#2218,#2219,#2220,#2221,#2222,#2223,
#2224,#2225,#2226,#2227,#2228,#2229,#2230,#2231,#2232,#2233,#2234,#2235,#2236,#2237,
#2238,#2239,#2240,#2241,#2242,#2243,#2244,#2245,#2246,#2247,#2248,#2249,#2250,#2251,
#2252,#2253,#2254,#2255,#2256,#2257,#2258,#2259,#2260,#2261,#2262,#2263),
.UNSPECIFIED.,.F.,.F.,
(4,1,1,1,1,1,1,1,1,1,1,1,1,1,1,1,1,1,1,1,1,1,1,1,1,1,1,1,1,1,1,1,1,1,1,1,1,1,1,1,
1,1,1,1,1,1,1,1,1,1,1,4),
(0.,0.0116201758316534,0.0162412905724067,0.0363895344469777,0.0415127278089121,
0.0550075492985514,0.0721016447019577,0.083013978776418,0.089606408672199,0.0931980042017522,
0.102819764674117,0.112592960198173,0.122911511150103,0.133637956453401,0.144919814329099,
0.1563617559446,0.168669719839291,0.16991951980427,0.18163313622114,0.201012835541724,
0.221938007277206,0.244405176455794,0.245254427963555,0.263050712051633,0.282066410684831,
0.302493512152045,0.323954096307935,0.332593219666501,0.347082989606643,0.370841042486005,
0.405390599726639,0.44128383067344,0.466338958265371,0.478514136411736,0.507767406277247,
0.537855288794849,0.569301053393352,0.601276387550834,0.603784740649591,0.634540559803547,
0.668561656680048,0.703562048169225,0.738780037716607,0.747696906484946,0.774677582330215,
0.811034653895177,0.848112028989721,0.885455169360295,0.912900464215119,0.923337230476852,
0.961516910418555,1.),
.UNSPECIFIED.);
#1619=VERTEX_POINT('',#2264);
#1620=B_SPLINE_CURVE_WITH_KNOTS('',3,
(#2265,#2266,#2267,#2268,#2269,#2270,#2271,#2272,#2273,#2274,#2275,#2276,#2277,#2278,
#2279,#2280,#2281,#2282,#2283,#2284,#2285,#2286,#2287,#2288,#2289,#2290,#2291,#2292,
#2293,#2294,#2295,#2296,#2297,#2298,#2299,#2300,#2301,#2302,#2303,#2304,#2305,#2306,
#2307,#2308,#2309,#2310,#2311,#2312,#2313,#2314,#2315,#2316,#2317,#2318,#2319,#2320,
#2321,#2322,#2323,#2324,#2325,#2326,#2327),
.UNSPECIFIED.,.F.,.F.,
(4,1,1,1,1,1,1,1,1,1,1,1,1,1,1,1,1,1,1,1,1,1,1,1,1,1,1,1,1,1,1,1,1,1,1,1,1,1,1,1,
1,1,1,1,1,1,1,1,1,1,1,1,1,1,1,1,1,1,1,1,4),
(0.,0.0202613004117687,0.0333497454940511,0.0594428807920147,0.0697844104432088,
0.0782858121828846,0.0981358328320806,0.118813479951062,0.140315614489918,0.146319279876182,
0.161665503510905,0.18305842601781,0.204439632539439,0.221923288798759,0.240122611521776,
0.25927943461382,0.271754378213497,0.278670942323241,0.298831584399391,0.319542787123642,
0.341133522836538,0.363072113771456,0.398683007474753,0.41398867486862,0.447663893094524,
0.499672073939326,0.529884001738697,0.5413505496438,0.569883614274584,0.595654008136123,
0.618573380016122,0.62351862426172,0.641411612079648,0.663740348128758,0.685634753195425,
0.686378345955544,0.713517000731443,0.738936673561168,0.740429461239801,0.766430674614462,
0.784812996883111,0.794132268633601,0.802939673771492,0.825433748527672,0.836323213086567,
0.846865533342854,0.867285224586872,0.872749150148327,0.881446294035527,0.895026866736241,
0.907846575141818,0.920477661391064,0.926889300377105,0.932642396624033,0.94453850591249,
0.956115570029088,0.967610798407276,0.978736089943843,0.981838615986227,0.989552407214634,
1.),
.UNSPECIFIED.);
#1621=VERTEX_POINT('',#2328);
#1622=LINE('',#2329,#2330);
#1623=VERTEX_POINT('',#2332);
#1624=CIRCLE('',#2333,1.);
#1625=LINE('',#2337,#2338);
#1626=VERTEX_POINT('',#2340);
#1627=VERTEX_POINT('',#2341);
#1628=CIRCLE('',#2342,1.);
#1629=VERTEX_POINT('',#2346);
#1630=LINE('',#2347,#2348);
#1631=VERTEX_POINT('',#2350);
#1632=CIRCLE('',#2351,1.);
#1633=VERTEX_POINT('',#2355);
#1634=LINE('',#2356,#2357);
#1635=VERTEX_POINT('',#2359);
#1636=CIRCLE('',#2360,1.);
#1637=VERTEX_POINT('',#2364);
#1638=LINE('',#2365,#2366);
#1639=VERTEX_POINT('',#2368);
#1640=CIRCLE('',#2369,1.);
#1641=VERTEX_POINT('',#2373);
#1642=LINE('',#2374,#2375);
#1643=VERTEX_POINT('',#2377);
#1644=LINE('',#2378,#2379);
#1645=VERTEX_POINT('',#2381);
#1646=CIRCLE('',#2382,1.);
#1647=VERTEX_POINT('',#2386);
#1648=LINE('',#2387,#2388);
#1649=VERTEX_POINT('',#2390);
#1650=CIRCLE('',#2391,1.);
#1651=VERTEX_POINT('',#2395);
#1652=LINE('',#2396,#2397);
#1653=LINE('',#2399,#2400);
#1654=VERTEX_POINT('',#2402);
#1655=VERTEX_POINT('',#2403);
#1656=LINE('',#2404,#2405);
#1657=LINE('',#2407,#2408);
#1658=LINE('',#2410,#2411);
#1659=VERTEX_POINT('',#2413);
#1660=LINE('',#2414,#2415);
#1661=LINE('',#2417,#2418);
#1662=VERTEX_POINT('',#2420);
#1663=LINE('',#2421,#2422);
#1664=LINE('',#2424,#2425);
#1665=VERTEX_POINT('',#2427);
#1666=LINE('',#2428,#2429);
#1667=LINE('',#2431,#2432);
#1668=VERTEX_POINT('',#2434);
#1669=LINE('',#2435,#2436);
#1670=LINE('',#2438,#2439);
#1671=LINE('',#2441,#2442);
#1672=VERTEX_POINT('',#2444);
#1673=VERTEX_POINT('',#2445);
#1674=LINE('',#2446,#2447);
#1675=VERTEX_POINT('',#2449);
#1676=LINE('',#2450,#2451);
#1677=VERTEX_POINT('',#2453);
#1678=LINE('',#2454,#2455);
#1679=VERTEX_POINT('',#2457);
#1680=LINE('',#2458,#2459);
#1681=VERTEX_POINT('',#2461);
#1682=LINE('',#2462,#2463);
#1683=VERTEX_POINT('',#2465);
#1684=LINE('',#2466,#2467);
#1685=VERTEX_POINT('',#2469);
#1686=LINE('',#2470,#2471);
#1687=LINE('',#2473,#2474);
#1688=VERTEX_POINT('',#2476);
#1689=VERTEX_POINT('',#2477);
#1690=LINE('',#2478,#2479);
#1691=VERTEX_POINT('',#2481);
#1692=B_SPLINE_CURVE_WITH_KNOTS('',3,
(#2482,#2483,#2484,#2485,#2486,#2487,#2488,#2489,#2490,#2491,#2492,#2493,#2494,#2495,
#2496,#2497,#2498,#2499),
.UNSPECIFIED.,.F.,.F.,
(4,2,2,2,2,2,2,2,4),
(0.,0.209138483842091,0.379444487815415,0.520897573047262,0.641531257992816,0.748039522835798,
0.846241604847528,0.941415347239602,1.),
.UNSPECIFIED.);
#1693=VERTEX_POINT('',#2500);
#1694=B_SPLINE_CURVE_WITH_KNOTS('',3,
(#2501,#2502,#2503,#2504,#2505,#2506,#2507,#2508,#2509,#2510,#2511,#2512,#2513,#2514),
.UNSPECIFIED.,.F.,.F.,
(4,2,2,2,2,2,4),
(0.,0.173474083554485,0.352199036419594,0.543359534853243,0.754610875794049,0.994533843583871,
1.),
.UNSPECIFIED.);
#1695=VERTEX_POINT('',#2515);
#1696=B_SPLINE_CURVE_WITH_KNOTS('',3,
(#2516,#2517,#2518,#2519,#2520,#2521),
.UNSPECIFIED.,.F.,.F.,
(4,2,4),
(0.,0.509625799023135,1.),
.UNSPECIFIED.);
#1697=VERTEX_POINT('',#2522);
#1698=B_SPLINE_CURVE_WITH_KNOTS('',3,
(#2523,#2524,#2525,#2526,#2527,#2528,#2529,#2530,#2531,#2532),
.UNSPECIFIED.,.F.,.F.,
(4,2,2,2,4),
(0.,0.294696104745519,0.52131572754332,0.833506234014787,1.),
.UNSPECIFIED.);
#1699=VERTEX_POINT('',#2533);
#1700=LINE('',#2534,#2535);
#1701=VERTEX_POINT('',#2537);
#1702=LINE('',#2538,#2539);
#1703=VERTEX_POINT('',#2541);
#1704=LINE('',#2542,#2543);
#1705=VERTEX_POINT('',#2545);
#1706=LINE('',#2546,#2547);
#1707=VERTEX_POINT('',#2549);
#1708=LINE('',#2550,#2551);
#1709=VERTEX_POINT('',#2553);
#1710=B_SPLINE_CURVE_WITH_KNOTS('',3,
(#2554,#2555,#2556,#2557,#2558,#2559,#2560,#2561,#2562,#2563,#2564,#2565,#2566,#2567,
#2568,#2569,#2570,#2571,#2572,#2573,#2574,#2575,#2576,#2577),
.UNSPECIFIED.,.F.,.F.,
(4,2,2,2,2,2,2,2,2,2,2,4),
(0.,0.051751131215948,0.152241376009802,0.202486498406729,0.227609059605192,0.240170340204424,
0.24645098050404,0.249591300653848,0.476966187412311,0.716279824878578,0.974553774837876,
1.),
.UNSPECIFIED.);
#1711=VERTEX_POINT('',#2578);
#1712=B_SPLINE_CURVE_WITH_KNOTS('',3,
(#2579,#2580,#2581,#2582,#2583,#2584,#2585,#2586),
.UNSPECIFIED.,.F.,.F.,
(4,2,2,4),
(0.,0.320395304678473,0.682802214131444,1.),
.UNSPECIFIED.);
#1713=VERTEX_POINT('',#2587);
#1714=B_SPLINE_CURVE_WITH_KNOTS('',3,
(#2588,#2589,#2590,#2591,#2592,#2593,#2594,#2595,#2596,#2597,#2598,#2599,#2600,#2601),
.UNSPECIFIED.,.F.,.F.,
(4,2,2,2,2,2,4),
(0.,0.252124089039217,0.461925306915636,0.640318013516108,0.795635797979754,0.934265674844611,
1.),
.UNSPECIFIED.);
#1715=VERTEX_POINT('',#2602);
#1716=B_SPLINE_CURVE_WITH_KNOTS('',3,
(#2603,#2604,#2605,#2606,#2607,#2608,#2609,#2610,#2611,#2612,#2613,#2614,#2615,#2616,
#2617,#2618),
.UNSPECIFIED.,.F.,.F.,
(4,2,2,2,2,2,2,4),
(0.,0.203124481341885,0.383552234158269,0.547822445542223,0.701080126667548,0.847519410794941,
0.990746093662958,1.),
.UNSPECIFIED.);
#1717=VERTEX_POINT('',#2619);
#1718=B_SPLINE_CURVE_WITH_KNOTS('',3,
(#2620,#2621,#2622,#2623,#2624,#2625,#2626,#2627,#2628,#2629,#2630,#2631,#2632,#2633,
#2634,#2635,#2636,#2637,#2638,#2639),
.UNSPECIFIED.,.F.,.F.,
(4,2,2,2,2,2,2,2,2,4),
(0.,0.0452869209898974,0.0998228717838866,0.166492211044873,0.2489561599599,0.351850651593071,
0.481041691414148,0.643952927616627,0.849983619922408,1.),
.UNSPECIFIED.);
#1719=VERTEX_POINT('',#2640);
#1720=LINE('',#2641,#2642);
#1721=LINE('',#2644,#2645);
#1722=VERTEX_POINT('',#2647);
#1723=LINE('',#2648,#2649);
#1724=VERTEX_POINT('',#2651);
#1725=LINE('',#2652,#2653);
#1726=LINE('',#2655,#2656);
#1727=VERTEX_POINT('',#2658);
#1728=LINE('',#2659,#2660);
#1729=LINE('',#2662,#2663);
#1730=VERTEX_POINT('',#2665);
#1731=LINE('',#2666,#2667);
#1732=LINE('',#2669,#2670);
#1733=VERTEX_POINT('',#2672);
#1734=LINE('',#2673,#2674);
#1735=LINE('',#2676,#2677);
#1736=VERTEX_POINT('',#2679);
#1737=LINE('',#2680,#2681);
#1738=LINE('',#2683,#2684);
#1739=LINE('',#2686,#2687);
#1740=VERTEX_POINT('',#2689);
#1741=LINE('',#2690,#2691);
#1742=VERTEX_POINT('',#2693);
#1743=LINE('',#2694,#2695);
#1744=LINE('',#2697,#2698);
#1745=VERTEX_POINT('',#2700);
#1746=LINE('',#2701,#2702);
#1747=LINE('',#2704,#2705);
#1748=VERTEX_POINT('',#2707);
#1749=LINE('',#2708,#2709);
#1750=LINE('',#2711,#2712);
#1751=VERTEX_POINT('',#2714);
#1752=LINE('',#2715,#2716);
#1753=LINE('',#2718,#2719);
#1754=VERTEX_POINT('',#2721);
#1755=LINE('',#2722,#2723);
#1756=LINE('',#2725,#2726);
#1757=LINE('',#2728,#2729);
#1758=VERTEX_POINT('',#2731);
#1759=CIRCLE('',#2732,13.5);
#1760=VERTEX_POINT('',#2736);
#1761=CIRCLE('',#2737,12.5);
#1762=VERTEX_POINT('',#2741);
#1763=CIRCLE('',#2742,12.5);
#1764=LINE('',#2746,#2747);
#1765=LINE('',#2749,#2750);
#1766=LINE('',#2752,#2753);
#1767=LINE('',#2755,#2756);
#1768=LINE('',#2758,#2759);
#1769=LINE('',#2761,#2762);
#1770=B_SPLINE_CURVE_WITH_KNOTS('',3,
(#2764,#2765,#2766,#2767,#2768,#2769,#2770,#2771,#2772,#2773,#2774,#2775,#2776,#2777,
#2778,#2779,#2780,#2781,#2782),
.UNSPECIFIED.,.F.,.F.,
(4,1,1,1,1,1,1,1,1,1,1,1,1,1,1,1,4),
(0.,0.0594464493641103,0.118501065776812,0.177265158215769,0.236006898379748,0.294751449500024,
0.354224556538704,0.414303214767094,0.475444680055849,0.53704284141845,0.600027214115883,
0.664018617552227,0.729549336056613,0.795743100550769,0.863139902208649,0.931222455777875,
1.),
.UNSPECIFIED.);
#1771=LINE('',#2783,#2784);
#1772=LINE('',#2786,#2787);
#1773=LINE('',#2789,#2790);
#1774=LINE('',#2792,#2793);
#1775=LINE('',#2795,#2796);
#1776=LINE('',#2798,#2799);
#1777=LINE('',#2801,#2802);
#1778=LINE('',#2804,#2805);
#1779=LINE('',#2807,#2808);
#1780=LINE('',#2810,#2811);
#1781=LINE('',#2813,#2814);
#1782=LINE('',#2816,#2817);
#1783=LINE('',#2819,#2820);
#1784=LINE('',#2822,#2823);
#1785=LINE('',#2825,#2826);
#1786=LINE('',#2828,#2829);
#1787=LINE('',#2831,#2832);
#1788=LINE('',#2834,#2835);
#1789=LINE('',#2837,#2838);
#1790=LINE('',#2840,#2841);
#1791=LINE('',#2843,#2844);
#1792=LINE('',#2846,#2847);
#1793=LINE('',#2849,#2850);
#1794=LINE('',#2852,#2853);
#1795=LINE('',#2855,#2856);
#1796=LINE('',#2858,#2859);
#1797=LINE('',#2861,#2862);
#1798=LINE('',#2864,#2865);
#1799=LINE('',#2867,#2868);
#1800=LINE('',#2870,#2871);
#1801=CARTESIAN_POINT('',(14.5,-8.37157890324958,10.));
#1802=CARTESIAN_POINT('',(14.5,8.37157890324956,10.));
#1803=CARTESIAN_POINT('',(14.5,-8.37157890324958,10.));
#1804=VECTOR('',#1805,1.);
#1805=DIRECTION('',(1.06094493041852E-15,1.,0.));
#1806=CARTESIAN_POINT('',(1.03239184176734E-14,16.7431578064991,10.));
#1807=CARTESIAN_POINT('',(14.5,8.37157890324957,10.));
#1808=VECTOR('',#1809,1.);
#1809=DIRECTION('',(-0.866025403784439,0.5,0.));
#1810=CARTESIAN_POINT('',(-14.5,8.37157890324958,10.));
#1811=CARTESIAN_POINT('',(9.76822904969052E-15,16.7431578064991,10.));
#1812=VECTOR('',#1813,1.);
#1813=DIRECTION('',(-0.866025403784439,-0.499999999999999,0.));
#1814=CARTESIAN_POINT('',(-14.5,-8.37157890324956,10.));
#1815=CARTESIAN_POINT('',(-14.5,8.37157890324959,10.));
#1816=VECTOR('',#1817,1.);
#1817=DIRECTION('',(-5.30472465209259E-16,-1.,0.));
#1818=CARTESIAN_POINT('',(-9.03791008081591E-15,-16.7431578064991,10.));
#1819=CARTESIAN_POINT('',(-14.5,-8.37157890324957,10.));
#1820=VECTOR('',#1821,1.);
#1821=DIRECTION('',(0.866025403784438,-0.500000000000001,0.));
#1822=CARTESIAN_POINT('',(-1.12947857085501E-14,-16.7431578064991,10.));
#1823=VECTOR('',#1824,1.);
#1824=DIRECTION('',(0.866025403784439,0.5,0.));
#1825=CARTESIAN_POINT('',(8.02976994017192,-5.8249918127718,10.));
#1826=CARTESIAN_POINT('',(9.02976994017192,-6.8249918127718,10.));
#1827=AXIS2_PLACEMENT_3D('',#1828,#1829,#1830);
#1828=CARTESIAN_POINT('',(9.02976994017192,-5.8249918127718,10.));
#1829=DIRECTION('',(0.,0.,-1.));
#1830=DIRECTION('',(0.,-1.,0.));
#1831=CARTESIAN_POINT('',(8.02976994017192,-3.52434779882251,10.));
#1832=CARTESIAN_POINT('',(8.02976994017192,-3.52434779882251,10.));
#1833=VECTOR('',#1834,1.);
#1834=DIRECTION('',(0.,-1.,0.));
#1835=CARTESIAN_POINT('',(7.91190220944279,-1.39780886123191,10.));
#1836=CARTESIAN_POINT('',(7.91190220944279,-1.39780886123191,10.));
#1837=CARTESIAN_POINT('',(7.9125559654274,-1.40071188133233,10.));
#1838=CARTESIAN_POINT('',(7.91376110572637,-1.40613222348451,10.));
#1839=CARTESIAN_POINT('',(7.91495798458955,-1.41164170093798,9.99999999999999));
#1840=CARTESIAN_POINT('',(7.91620059152963,-1.41742408888127,9.99999999999999));
#1841=CARTESIAN_POINT('',(7.91758713231452,-1.42396554443732,9.99999999999999));
#1842=CARTESIAN_POINT('',(7.91962273833123,-1.4338254896151,9.99999999999998));
#1843=CARTESIAN_POINT('',(7.92147107009719,-1.44301938592331,9.99999999999998));
#1844=CARTESIAN_POINT('',(7.92291793843571,-1.45038301599564,9.99999999999998));
#1845=CARTESIAN_POINT('',(7.92386568424867,-1.45527959148881,9.99999999999997));
#1846=CARTESIAN_POINT('',(7.92477356453493,-1.46001251399613,9.99999999999997));
#1847=CARTESIAN_POINT('',(7.925863535511,-1.46576524948829,9.99999999999997));
#1848=CARTESIAN_POINT('',(7.92727305941786,-1.47333791645646,9.99999999999996));
#1849=CARTESIAN_POINT('',(7.92875925899175,-1.48147537140719,9.99999999999996));
#1850=CARTESIAN_POINT('',(7.93032987008858,-1.49025069754214,9.99999999999996));
#1851=CARTESIAN_POINT('',(7.93193694954827,-1.49942122532022,9.99999999999995));
#1852=CARTESIAN_POINT('',(7.93359249928133,-1.5090737935088,9.99999999999995));
#1853=CARTESIAN_POINT('',(7.93492898812445,-1.51704051535328,9.99999999999994));
#1854=CARTESIAN_POINT('',(7.9360830894843,-1.5240304074553,9.99999999999994));
#1855=CARTESIAN_POINT('',(7.93731110010624,-1.53155651354439,9.99999999999994));
#1856=CARTESIAN_POINT('',(7.93894012825332,-1.54174134903255,9.99999999999993));
#1857=CARTESIAN_POINT('',(7.94133882599512,-1.55712655939095,9.99999999999992));
#1858=CARTESIAN_POINT('',(7.94476153835415,-1.57988423019945,9.99999999999991));
#1859=CARTESIAN_POINT('',(7.94864810010806,-1.60723623035023,9.9999999999999));
#1860=CARTESIAN_POINT('',(7.95190126913733,-1.63148302152336,9.99999999999989));
#1861=CARTESIAN_POINT('',(7.9550497310409,-1.65580794882047,9.99999999999988));
#1862=CARTESIAN_POINT('',(7.95845695803708,-1.68330328764681,9.99999999999986));
#1863=CARTESIAN_POINT('',(7.96254462387684,-1.71838743866646,9.99999999999985));
#1864=CARTESIAN_POINT('',(7.96644222539022,-1.75393553114017,9.99999999999983));
#1865=CARTESIAN_POINT('',(7.96993031754439,-1.78768249679417,9.99999999999982));
#1866=CARTESIAN_POINT('',(7.97232227299739,-1.81208249012737,9.9999999999998));
#1867=CARTESIAN_POINT('',(7.9743155691553,-1.83302491851263,9.99999999999979));
#1868=CARTESIAN_POINT('',(7.97648526694196,-1.85642053764071,9.99999999999978));
#1869=CARTESIAN_POINT('',(7.97949448094118,-1.89049445245957,9.99999999999977));
#1870=CARTESIAN_POINT('',(7.98288520032967,-1.9312072651167,9.99999999999975));
#1871=CARTESIAN_POINT('',(7.98636068179854,-1.97567052481497,9.99999999999973));
#1872=CARTESIAN_POINT('',(7.98995578694833,-2.02495374538457,9.99999999999971));
#1873=CARTESIAN_POINT('',(7.99353196302595,-2.07777242203895,9.99999999999968));
#1874=CARTESIAN_POINT('',(7.99645627961263,-2.12449677794397,9.99999999999966));
#1875=CARTESIAN_POINT('',(7.99876357355498,-2.16367040968016,9.99999999999964));
#1876=CARTESIAN_POINT('',(8.00116758026305,-2.20631602214508,9.99999999999962));
#1877=CARTESIAN_POINT('',(8.00416536321918,-2.26334825641106,9.99999999999959));
#1878=CARTESIAN_POINT('',(8.00759827778766,-2.3354938712959,9.99999999999956));
#1879=CARTESIAN_POINT('',(8.01093051307668,-2.41349993645373,9.99999999999953));
#1880=CARTESIAN_POINT('',(8.01407497980734,-2.49627576567322,9.99999999999949));
#1881=CARTESIAN_POINT('',(8.01702886301326,-2.58474241766607,9.99999999999945));
#1882=CARTESIAN_POINT('',(8.01920343542835,-2.65982177555343,9.99999999999941));
#1883=CARTESIAN_POINT('',(8.02083872668974,-2.72291543570621,9.99999999999938));
#1884=CARTESIAN_POINT('',(8.02239261653197,-2.78797087497888,9.99999999999935));
#1885=CARTESIAN_POINT('',(8.02415387188414,-2.87258313927324,9.99999999999931));
#1886=CARTESIAN_POINT('',(8.02590914484084,-2.97537237381797,9.99999999999927));
#1887=CARTESIAN_POINT('',(8.02733868909603,-3.08103136413063,9.99999999999922));
#1888=CARTESIAN_POINT('',(8.02842217170807,-3.1874888939949,9.99999999999917));
#1889=CARTESIAN_POINT('',(8.02894139867042,-3.26047323970384,9.99999999999913));
#1890=CARTESIAN_POINT('',(8.029358908748,-3.33455140962263,9.9999999999991));
#1891=CARTESIAN_POINT('',(8.02967262018261,-3.411570219773,9.99999999999907));
#1892=CARTESIAN_POINT('',(8.02976977647198,-3.48654521595565,9.99999999999903));
#1893=CARTESIAN_POINT('',(8.02976994017192,-3.52434779878048,9.99999999999901));
#1894=CARTESIAN_POINT('',(7.20935493025355,-0.48777037022202,10.));
#1895=CARTESIAN_POINT('',(7.20935493025355,-0.48777037022202,10.));
#1896=CARTESIAN_POINT('',(7.21413848314068,-0.490933746704579,10.));
#1897=CARTESIAN_POINT('',(7.22676070537999,-0.499340011341881,10.));
#1898=CARTESIAN_POINT('',(7.24371933814655,-0.510849604326294,10.));
#1899=CARTESIAN_POINT('',(7.26113907618387,-0.522895987302982,10.));
#1900=CARTESIAN_POINT('',(7.2775643387821,-0.534427060858021,10.));
#1901=CARTESIAN_POINT('',(7.29324200622782,-0.545646263817116,10.));
#1902=CARTESIAN_POINT('',(7.30426222048234,-0.55366784597769,10.));
#1903=CARTESIAN_POINT('',(7.31253587416216,-0.559733093898482,10.));
#1904=CARTESIAN_POINT('',(7.32089673240285,-0.565909354154148,10.));
#1905=CARTESIAN_POINT('',(7.33240512453146,-0.574521980784756,9.99999999999999));
#1906=CARTESIAN_POINT('',(7.34043140311973,-0.580606484465935,9.99999999999999));
#1907=CARTESIAN_POINT('',(7.34824228191535,-0.586572042697845,9.99999999999999));
#1908=CARTESIAN_POINT('',(7.35646222926034,-0.592894142171486,9.99999999999999));
#1909=CARTESIAN_POINT('',(7.36859672667694,-0.602354480264121,9.99999999999999));
#1910=CARTESIAN_POINT('',(7.3802193773625,-0.611557121116717,9.99999999999999));
#1911=CARTESIAN_POINT('',(7.38916539837292,-0.618737671869273,9.99999999999999));
#1912=CARTESIAN_POINT('',(7.39858751500029,-0.626364057433494,9.99999999999999));
#1913=CARTESIAN_POINT('',(7.41015346546082,-0.63583839553532,9.99999999999999));
#1914=CARTESIAN_POINT('',(7.42569096642775,-0.64881206941665,9.99999999999999));
#1915=CARTESIAN_POINT('',(7.44193176294648,-0.662658421294792,9.99999999999999));
#1916=CARTESIAN_POINT('',(7.45895994219961,-0.677503494931448,9.99999999999999));
#1917=CARTESIAN_POINT('',(7.47302941444078,-0.6900648096233,9.99999999999999));
#1918=CARTESIAN_POINT('',(7.48502378727215,-0.700969301449651,9.99999999999999));
#1919=CARTESIAN_POINT('',(7.49753283491361,-0.712492891448189,9.99999999999999));
#1920=CARTESIAN_POINT('',(7.51383613181511,-0.727843369174695,9.99999999999999));
#1921=CARTESIAN_POINT('',(7.53317453358723,-0.746590817828484,9.99999999999999));
#1922=CARTESIAN_POINT('',(7.55282066629255,-0.766233686280339,9.99999999999999));
#1923=CARTESIAN_POINT('',(7.56608749980368,-0.779942051077599,9.99999999999999));
#1924=CARTESIAN_POINT('',(7.57961059785609,-0.794161755638992,9.99999999999998));
#1925=CARTESIAN_POINT('',(7.59343264613415,-0.808959723425158,9.99999999999998));
#1926=CARTESIAN_POINT('',(7.61508899275335,-0.833019597516771,9.99999999999998));
#1927=CARTESIAN_POINT('',(7.63108558318406,-0.851570463404427,9.99999999999998));
#1928=CARTESIAN_POINT('',(7.64961057553202,-0.873668881682917,9.99999999999998));
#1929=CARTESIAN_POINT('',(7.66935101493912,-0.898007677495057,9.99999999999998));
#1930=CARTESIAN_POINT('',(7.69154180754193,-0.92710240940513,9.99999999999998));
#1931=CARTESIAN_POINT('',(7.70687494922698,-0.94820458427651,9.99999999999998));
#1932=CARTESIAN_POINT('',(7.71995767404881,-0.966674389741671,9.99999999999998));
#1933=CARTESIAN_POINT('',(7.73514632454049,-0.988893186710075,9.99999999999998));
#1934=CARTESIAN_POINT('',(7.74967156304421,-1.01134090813819,9.99999999999998));
#1935=CARTESIAN_POINT('',(7.76184182354726,-1.03088737651085,9.99999999999998));
#1936=CARTESIAN_POINT('',(7.77380585529123,-1.05067866642067,9.99999999999998));
#1937=CARTESIAN_POINT('',(7.78673496802088,-1.07318440609865,9.99999999999997));
#1938=CARTESIAN_POINT('',(7.79785451405658,-1.09354619190935,9.99999999999997));
#1939=CARTESIAN_POINT('',(7.8087101507805,-1.11409631083866,9.99999999999997));
#1940=CARTESIAN_POINT('',(7.82136316390776,-1.13924653080748,9.99999999999997));
#1941=CARTESIAN_POINT('',(7.83567615786359,-1.16982703982084,9.99999999999997));
#1942=CARTESIAN_POINT('',(7.84492393813887,-1.19108204185478,9.99999999999997));
#1943=CARTESIAN_POINT('',(7.8538224314353,-1.21236939854557,9.99999999999997));
#1944=CARTESIAN_POINT('',(7.86272305696835,-1.23463705565547,9.99999999999997));
#1945=CARTESIAN_POINT('',(7.87454401332374,-1.26688622754913,9.99999999999997));
#1946=CARTESIAN_POINT('',(7.88391417028977,-1.29493664426184,9.99999999999997));
#1947=CARTESIAN_POINT('',(7.89062760147421,-1.31669176812875,9.99999999999997));
#1948=CARTESIAN_POINT('',(7.89699980508135,-1.33845236127081,9.99999999999997));
#1949=CARTESIAN_POINT('',(7.90305368904697,-1.36079660960132,9.99999999999997));
#1950=CARTESIAN_POINT('',(7.90845888006109,-1.38278616440563,9.99999999999996));
#1951=CARTESIAN_POINT('',(7.91100090550605,-1.39380662890991,9.99999999999996));
#1952=CARTESIAN_POINT('',(7.91190220944279,-1.39780886123191,9.99999999999996));
#1953=CARTESIAN_POINT('',(5.49299455837847,-0.10111901394929,10.));
#1954=CARTESIAN_POINT('',(5.49299455837847,-0.10111901394929,10.));
#1955=CARTESIAN_POINT('',(5.50230163816569,-0.101119014068198,10.));
#1956=CARTESIAN_POINT('',(5.52803838388635,-0.101173240776247,10.));
#1957=CARTESIAN_POINT('',(5.56128835305865,-0.101440588735583,9.99999999999999));
#1958=CARTESIAN_POINT('',(5.59783588298331,-0.101942767342099,9.99999999999999));
#1959=CARTESIAN_POINT('',(5.63244350716118,-0.10258654519716,9.99999999999999));
#1960=CARTESIAN_POINT('',(5.66900510960111,-0.103512331894592,9.99999999999998));
#1961=CARTESIAN_POINT('',(5.69760838677281,-0.104411602072788,9.99999999999998));
#1962=CARTESIAN_POINT('',(5.71599550756242,-0.105057327394777,9.99999999999998));
#1963=CARTESIAN_POINT('',(5.73348122427198,-0.105712458789991,9.99999999999997));
#1964=CARTESIAN_POINT('',(5.75505826546825,-0.106594409631698,9.99999999999997));
#1965=CARTESIAN_POINT('',(5.78509052051257,-0.107962570043718,9.99999999999997));
#1966=CARTESIAN_POINT('',(5.81992004678427,-0.109755451334627,9.99999999999996));
#1967=CARTESIAN_POINT('',(5.86002086771856,-0.112116263944194,9.99999999999996));
#1968=CARTESIAN_POINT('',(5.89533659697519,-0.114477925736573,9.99999999999996));
#1969=CARTESIAN_POINT('',(5.92082075311984,-0.116350995859997,9.99999999999995));
#1970=CARTESIAN_POINT('',(5.94437034535786,-0.118164915512062,9.99999999999995));
#1971=CARTESIAN_POINT('',(5.97304576866768,-0.120512505158455,9.99999999999995));
#1972=CARTESIAN_POINT('',(6.01159697053855,-0.123977942880188,9.99999999999994));
#1973=CARTESIAN_POINT('',(6.05239264837667,-0.128000941432639,9.99999999999994));
#1974=CARTESIAN_POINT('',(6.09497188880488,-0.13260220748922,9.99999999999993));
#1975=CARTESIAN_POINT('',(6.13969045832933,-0.137895625668947,9.99999999999993));
#1976=CARTESIAN_POINT('',(6.18580310216367,-0.143868974195765,9.99999999999993));
#1977=CARTESIAN_POINT('',(6.22573088395824,-0.149519443375997,9.99999999999992));
#1978=CARTESIAN_POINT('',(6.25760767017271,-0.154341463060019,9.99999999999992));
#1979=CARTESIAN_POINT('',(6.29023500674533,-0.159493452295397,9.99999999999991));
#1980=CARTESIAN_POINT('',(6.330991205826,-0.166338313507846,9.99999999999991));
#1981=CARTESIAN_POINT('',(6.38107928518259,-0.175482431444297,9.9999999999999));
#1982=CARTESIAN_POINT('',(6.4373877700679,-0.186639181396099,9.9999999999999));
#1983=CARTESIAN_POINT('',(6.49939345516864,-0.200120913791891,9.99999999999989));
#1984=CARTESIAN_POINT('',(6.56022252940253,-0.214788996279938,9.99999999999988));
#1985=CARTESIAN_POINT('',(6.60492904586877,-0.226539380553609,9.99999999999988));
#1986=CARTESIAN_POINT('',(6.64347833601678,-0.237187670139202,9.99999999999988));
#1987=CARTESIAN_POINT('',(6.68217861490616,-0.248422830788219,9.99999999999987));
#1988=CARTESIAN_POINT('',(6.7295094062227,-0.263159797858359,9.99999999999987));
#1989=CARTESIAN_POINT('',(6.77551770834242,-0.278484604524456,9.99999999999986));
#1990=CARTESIAN_POINT('',(6.81986256900637,-0.294250923222139,9.99999999999986));
#1991=CARTESIAN_POINT('',(6.85635577552034,-0.30806920457765,9.99999999999985));
#1992=CARTESIAN_POINT('',(6.88417793084408,-0.319112518881671,9.99999999999985));
#1993=CARTESIAN_POINT('',(6.91096407106695,-0.330066276532607,9.99999999999985));
#1994=CARTESIAN_POINT('',(6.94308657908563,-0.343764612050594,9.99999999999984));
#1995=CARTESIAN_POINT('',(6.98106485716467,-0.360904965632767,9.99999999999984));
#1996=CARTESIAN_POINT('',(7.01774150941839,-0.378399584608811,9.99999999999983));
#1997=CARTESIAN_POINT('',(7.0517568540507,-0.395519172072014,9.99999999999983));
#1998=CARTESIAN_POINT('',(7.0744867493519,-0.407541987989663,9.99999999999983));
#1999=CARTESIAN_POINT('',(7.09637215836799,-0.419418390795412,9.99999999999983));
#2000=CARTESIAN_POINT('',(7.11843083567273,-0.431717254761884,9.99999999999982));
#2001=CARTESIAN_POINT('',(7.14934379665793,-0.449821331684608,9.99999999999982));
#2002=CARTESIAN_POINT('',(7.171210450064,-0.463257666153676,9.99999999999982));
#2003=CARTESIAN_POINT('',(7.19117076514434,-0.475878683577269,9.99999999999982));
#2004=CARTESIAN_POINT('',(7.20119287754482,-0.482372785672773,9.99999999999982));
#2005=CARTESIAN_POINT('',(7.20935493025355,-0.48777037022202,9.99999999999982));
#2006=CARTESIAN_POINT('',(3.89924789667099,-0.294430222463824,10.));
#2007=CARTESIAN_POINT('',(3.89924789667099,-0.294430222463824,10.));
#2008=CARTESIAN_POINT('',(3.90334711393094,-0.293294714565346,10.));
#2009=CARTESIAN_POINT('',(3.91778056619833,-0.289319164267391,10.));
#2010=CARTESIAN_POINT('',(3.93256458692021,-0.285327979805275,10.));
#2011=CARTESIAN_POINT('',(3.95861757307983,-0.278398316070117,10.));
#2012=CARTESIAN_POINT('',(3.97706116188359,-0.2736001853143,10.));
#2013=CARTESIAN_POINT('',(4.00894109978734,-0.265516118980597,10.));
#2014=CARTESIAN_POINT('',(4.03854025479503,-0.258185920555446,10.0000000000001));
#2015=CARTESIAN_POINT('',(4.07165585658388,-0.250298110692224,10.0000000000001));
#2016=CARTESIAN_POINT('',(4.09445590116068,-0.245019148105135,10.0000000000001));
#2017=CARTESIAN_POINT('',(4.11088854366915,-0.241268447649719,10.0000000000001));
#2018=CARTESIAN_POINT('',(4.12802127338402,-0.23741717674488,10.0000000000001));
#2019=CARTESIAN_POINT('',(4.15167641074104,-0.232208078231409,10.0000000000001));
#2020=CARTESIAN_POINT('',(4.17897669129387,-0.226348577494978,10.0000000000001));
#2021=CARTESIAN_POINT('',(4.21025416726086,-0.21984287571736,10.0000000000001));
#2022=CARTESIAN_POINT('',(4.2405867145411,-0.213740413891415,10.0000000000001));
#2023=CARTESIAN_POINT('',(4.26414246889492,-0.209148661030146,10.0000000000001));
#2024=CARTESIAN_POINT('',(4.2828136508425,-0.205582292435283,10.0000000000002));
#2025=CARTESIAN_POINT('',(4.3032227879468,-0.201744600113174,10.0000000000002));
#2026=CARTESIAN_POINT('',(4.3312379667444,-0.196619939938039,10.0000000000002));
#2027=CARTESIAN_POINT('',(4.37039098177706,-0.189716320931053,10.0000000000002));
#2028=CARTESIAN_POINT('',(4.41697153761282,-0.181892685474823,10.0000000000002));
#2029=CARTESIAN_POINT('',(4.47152601338265,-0.173283323453777,10.0000000000002));
#2030=CARTESIAN_POINT('',(4.52457570431199,-0.16546566624779,10.0000000000002));
#2031=CARTESIAN_POINT('',(4.56421670005251,-0.159999261417393,10.0000000000003));
#2032=CARTESIAN_POINT('',(4.59634073668293,-0.155743693017768,10.0000000000003));
#2033=CARTESIAN_POINT('',(4.63069495524682,-0.151341874290937,10.0000000000003));
#2034=CARTESIAN_POINT('',(4.67879324445917,-0.145548051572288,10.0000000000003));
#2035=CARTESIAN_POINT('',(4.73511319043736,-0.139282433492084,10.0000000000003));
#2036=CARTESIAN_POINT('',(4.7942762983881,-0.133261047155095,10.0000000000003));
#2037=CARTESIAN_POINT('',(4.85667722736087,-0.127518893561664,10.0000000000004));
#2038=CARTESIAN_POINT('',(4.92114625703368,-0.122225874154336,10.0000000000004));
#2039=CARTESIAN_POINT('',(4.98746317197044,-0.117439313640156,10.0000000000004));
#2040=CARTESIAN_POINT('',(5.04309628786257,-0.113970882304097,10.0000000000004));
#2041=CARTESIAN_POINT('',(5.08862342447305,-0.111461055754527,10.0000000000005));
#2042=CARTESIAN_POINT('',(5.13517071975797,-0.109120879610191,10.0000000000005));
#2043=CARTESIAN_POINT('',(5.19457994232662,-0.106573598349392,10.0000000000005));
#2044=CARTESIAN_POINT('',(5.26677024352814,-0.104173510482021,10.0000000000005));
#2045=CARTESIAN_POINT('',(5.34054093305426,-0.102426562332583,10.0000000000006));
#2046=CARTESIAN_POINT('',(5.39988805714895,-0.101587294093843,10.0000000000006));
#2047=CARTESIAN_POINT('',(5.45088474654899,-0.101195010818151,10.0000000000006));
#2048=CARTESIAN_POINT('',(5.47668762702981,-0.101119020026513,10.0000000000006));
#2049=CARTESIAN_POINT('',(5.49299455837848,-0.10111901394929,10.0000000000006));
#2050=CARTESIAN_POINT('',(2.6921815304799,-0.864987646105135,10.));
#2051=CARTESIAN_POINT('',(2.6921815304799,-0.864987646105135,10.));
#2052=CARTESIAN_POINT('',(2.69516916860982,-0.862774253507782,10.));
#2053=CARTESIAN_POINT('',(2.70550820286415,-0.855143462297883,10.));
#2054=CARTESIAN_POINT('',(2.71632756084061,-0.847261821532389,10.));
#2055=CARTESIAN_POINT('',(2.73483686044718,-0.833910005281045,10.));
#2056=CARTESIAN_POINT('',(2.74860475764185,-0.824116064894939,10.));
#2057=CARTESIAN_POINT('',(2.7708418220431,-0.808558650926124,10.));
#2058=CARTESIAN_POINT('',(2.7913013558593,-0.794447763085167,10.));
#2059=CARTESIAN_POINT('',(2.81492883883123,-0.778508277162102,10.));
#2060=CARTESIAN_POINT('',(2.83048123903767,-0.76820482855589,10.));
#2061=CARTESIAN_POINT('',(2.84143916275944,-0.761002884200803,10.));
#2062=CARTESIAN_POINT('',(2.85117664641918,-0.754643955573298,10.));
#2063=CARTESIAN_POINT('',(2.86488220892668,-0.745791448338737,10.));
#2064=CARTESIAN_POINT('',(2.87902222945097,-0.73676089407899,10.));
#2065=CARTESIAN_POINT('',(2.8937928671567,-0.727437510641719,10.));
#2066=CARTESIAN_POINT('',(2.90909560611096,-0.717895413491943,10.));
#2067=CARTESIAN_POINT('',(2.92533086706822,-0.707898925067455,10.));
#2068=CARTESIAN_POINT('',(2.9392901937499,-0.699418370431677,10.));
#2069=CARTESIAN_POINT('',(2.95141515547538,-0.692129088835329,10.));
#2070=CARTESIAN_POINT('',(2.96484806733595,-0.684114569405295,10.));
#2071=CARTESIAN_POINT('',(2.98301145459493,-0.673415146071029,10.));
#2072=CARTESIAN_POINT('',(3.00639019256198,-0.659885722750296,10.));
#2073=CARTESIAN_POINT('',(3.03187821621462,-0.645420103621377,10.));
#2074=CARTESIAN_POINT('',(3.05991216156234,-0.629847062826642,10.));
#2075=CARTESIAN_POINT('',(3.08972212929137,-0.613667141914922,10.));
#2076=CARTESIAN_POINT('',(3.11903181531555,-0.598143926944423,10.));
#2077=CARTESIAN_POINT('',(3.14088920896134,-0.586828848826069,10.));
#2078=CARTESIAN_POINT('',(3.16446599872268,-0.574788198123774,10.));
#2079=CARTESIAN_POINT('',(3.19270838100941,-0.560617646180315,10.));
#2080=CARTESIAN_POINT('',(3.23241391865129,-0.541294270525722,10.));
#2081=CARTESIAN_POINT('',(3.27537107553406,-0.521062126125921,10.));
#2082=CARTESIAN_POINT('',(3.32115397459978,-0.500243368204609,10.));
#2083=CARTESIAN_POINT('',(3.3702533303876,-0.478745678068118,10.));
#2084=CARTESIAN_POINT('',(3.41017458104758,-0.461956533604044,10.));
#2085=CARTESIAN_POINT('',(3.44531124362287,-0.447590302935494,10.));
#2086=CARTESIAN_POINT('',(3.48149370366991,-0.43310874759043,10.));
#2087=CARTESIAN_POINT('',(3.53064345500813,-0.414139989319568,10.));
#2088=CARTESIAN_POINT('',(3.58822293950073,-0.39291161979195,10.));
#2089=CARTESIAN_POINT('',(3.64754517571939,-0.37206239444631,10.));
#2090=CARTESIAN_POINT('',(3.70290218487312,-0.353551192153767,10.));
#2091=CARTESIAN_POINT('',(3.75124992917248,-0.338083119009081,10.));
#2092=CARTESIAN_POINT('',(3.81479525565387,-0.318459877269644,10.));
#2093=CARTESIAN_POINT('',(3.86345307993967,-0.30434558170936,10.));
#2094=CARTESIAN_POINT('',(3.89924789667099,-0.294430222463824,10.));
#2095=CARTESIAN_POINT('',(2.69218153047989,-5.8249918127718,10.));
#2096=CARTESIAN_POINT('',(2.6921815304799,-5.8249918127718,10.));
#2097=VECTOR('',#2098,1.);
#2098=DIRECTION('',(1.79068079351437E-16,1.,0.));
#2099=CARTESIAN_POINT('',(1.6921815304799,-6.8249918127718,10.));
#2100=AXIS2_PLACEMENT_3D('',#2101,#2102,#2103);
#2101=CARTESIAN_POINT('',(1.6921815304799,-5.8249918127718,10.));
#2102=DIRECTION('',(0.,0.,-1.));
#2103=DIRECTION('',(1.,0.,0.));
#2104=CARTESIAN_POINT('',(0.900744704483608,-6.8249918127718,10.));
#2105=CARTESIAN_POINT('',(0.900744704483608,-6.8249918127718,10.));
#2106=VECTOR('',#2107,1.);
#2107=DIRECTION('',(1.,0.,0.));
#2108=CARTESIAN_POINT('',(-0.0992552955163915,-5.8249918127718,10.));
#2109=AXIS2_PLACEMENT_3D('',#2110,#2111,#2112);
#2110=CARTESIAN_POINT('',(0.900744704483608,-5.8249918127718,10.));
#2111=DIRECTION('',(0.,0.,-1.));
#2112=DIRECTION('',(0.,-1.,0.));
#2113=CARTESIAN_POINT('',(-0.0992552955163904,6.,10.));
#2114=CARTESIAN_POINT('',(-0.0992552955163905,6.,10.));
#2115=VECTOR('',#2116,1.);
#2116=DIRECTION('',(-1.22054201378292E-16,-1.,0.));
#2117=CARTESIAN_POINT('',(0.900744704483609,7.,10.));
#2118=AXIS2_PLACEMENT_3D('',#2119,#2120,#2121);
#2119=CARTESIAN_POINT('',(0.90074470448361,6.,10.));
#2120=DIRECTION('',(0.,0.,-1.));
#2121=DIRECTION('',(-1.,0.,0.));
#2122=CARTESIAN_POINT('',(1.6921815304799,7.,10.));
#2123=CARTESIAN_POINT('',(1.6921815304799,7.,10.));
#2124=VECTOR('',#2125,1.);
#2125=DIRECTION('',(-1.,0.,0.));
#2126=CARTESIAN_POINT('',(2.6921815304799,6.,10.));
#2127=AXIS2_PLACEMENT_3D('',#2128,#2129,#2130);
#2128=CARTESIAN_POINT('',(1.6921815304799,6.,10.));
#2129=DIRECTION('',(0.,0.,-1.));
#2130=DIRECTION('',(2.22044604925031E-16,1.,0.));
#2131=CARTESIAN_POINT('',(2.6921815304799,1.43605227423005,10.));
#2132=CARTESIAN_POINT('',(2.6921815304799,1.43605227423005,10.));
#2133=VECTOR('',#2134,1.);
#2134=DIRECTION('',(1.94607491817906E-16,1.,0.));
#2135=CARTESIAN_POINT('',(4.36134273072913,2.0065807586277,10.));
#2136=CARTESIAN_POINT('',(4.36134273072913,2.0065807586277,10.));
#2137=CARTESIAN_POINT('',(4.35747088680246,2.00566834674644,10.));
#2138=CARTESIAN_POINT('',(4.34392175538547,2.0024650938714,10.));
#2139=CARTESIAN_POINT('',(4.32994227206949,1.99912272896201,10.));
#2140=CARTESIAN_POINT('',(4.30383930400044,1.99282982585752,10.));
#2141=CARTESIAN_POINT('',(4.28500415972312,1.98822805558268,10.));
#2142=CARTESIAN_POINT('',(4.24339466354226,1.9779120246139,10.));
#2143=CARTESIAN_POINT('',(4.21350621244139,1.97035144337262,10.));
#2144=CARTESIAN_POINT('',(4.16495553812489,1.95780993410589,10.));
#2145=CARTESIAN_POINT('',(4.11772899134755,1.94537632271549,9.99999999999999));
#2146=CARTESIAN_POINT('',(4.0646051108346,1.93094684981149,9.99999999999999));
#2147=CARTESIAN_POINT('',(4.02489815854116,1.91991534422122,9.99999999999999));
#2148=CARTESIAN_POINT('',(3.98565891186782,1.90887799107334,9.99999999999999));
#2149=CARTESIAN_POINT('',(3.93381274178668,1.89400425787608,9.99999999999999));
#2150=CARTESIAN_POINT('',(3.86530085657831,1.87376789454148,9.99999999999999));
#2151=CARTESIAN_POINT('',(3.80623611932929,1.85578825704977,9.99999999999999));
#2152=CARTESIAN_POINT('',(3.76267591112203,1.84222768856439,9.99999999999999));
#2153=CARTESIAN_POINT('',(3.72438577832004,1.83016771032944,9.99999999999999));
#2154=CARTESIAN_POINT('',(3.67839450227944,1.81545151393013,9.99999999999999));
#2155=CARTESIAN_POINT('',(3.61946986609382,1.79616626551253,9.99999999999999));
#2156=CARTESIAN_POINT('',(3.55749559672684,1.7754168463407,9.99999999999998));
#2157=CARTESIAN_POINT('',(3.4920423971815,1.75298145473047,9.99999999999998));
#2158=CARTESIAN_POINT('',(3.42353072605468,1.72891898886874,9.99999999999998));
#2159=CARTESIAN_POINT('',(3.37612644471038,1.71185978522599,9.99999999999998));
#2160=CARTESIAN_POINT('',(3.32696940027738,1.69394785242768,9.99999999999998));
#2161=CARTESIAN_POINT('',(3.27523926279978,1.67485011807554,9.99999999999998));
#2162=CARTESIAN_POINT('',(3.19806321811515,1.64563701855842,9.99999999999998));
#2163=CARTESIAN_POINT('',(3.11797793619694,1.61455104031431,9.99999999999998));
#2164=CARTESIAN_POINT('',(3.03578887153539,1.58183321583495,9.99999999999998));
#2165=CARTESIAN_POINT('',(2.96351853154286,1.5523322073333,9.99999999999997));
#2166=CARTESIAN_POINT('',(2.90698241227994,1.52879732357498,9.99999999999997));
#2167=CARTESIAN_POINT('',(2.84936525891621,1.5045146441834,9.99999999999997));
#2168=CARTESIAN_POINT('',(2.779239971315,1.47444285890577,9.99999999999997));
#2169=CARTESIAN_POINT('',(2.72128458589704,1.44898632194798,9.99999999999997));
#2170=CARTESIAN_POINT('',(2.6921815304799,1.43605227423005,9.99999999999997));
#2171=CARTESIAN_POINT('',(5.97395744017192,2.19992084986394,10.));
#2172=CARTESIAN_POINT('',(5.97395744017192,2.19992084986394,10.));
#2173=CARTESIAN_POINT('',(5.97021573758237,2.19992084996115,10.));
#2174=CARTESIAN_POINT('',(5.95711975747671,2.19990952706191,9.99999999999999));
#2175=CARTESIAN_POINT('',(5.9435999060002,2.19985695614541,9.99999999999999));
#2176=CARTESIAN_POINT('',(5.9183439440338,2.19970183811569,9.99999999999998));
#2177=CARTESIAN_POINT('',(5.90010961344626,2.19952302532643,9.99999999999997));
#2178=CARTESIAN_POINT('',(5.85979739030453,2.19896278661323,9.99999999999995));
#2179=CARTESIAN_POINT('',(5.83080253609855,2.19839446461849,9.99999999999994));
#2180=CARTESIAN_POINT('',(5.78367029281427,2.19718348975441,9.99999999999991));
#2181=CARTESIAN_POINT('',(5.73918333258106,2.1957901316553,9.9999999999999));
#2182=CARTESIAN_POINT('',(5.68745921533194,2.19369579137276,9.99999999999987));
#2183=CARTESIAN_POINT('',(5.65295318264277,2.19205432747256,9.99999999999986));
#2184=CARTESIAN_POINT('',(5.62766487264169,2.19076753830923,9.99999999999984));
#2185=CARTESIAN_POINT('',(5.60285269411881,2.18942719226091,9.99999999999983));
#2186=CARTESIAN_POINT('',(5.5648422751087,2.18718920452165,9.99999999999982));
#2187=CARTESIAN_POINT('',(5.51986931097194,2.18426423495702,9.9999999999998));
#2188=CARTESIAN_POINT('',(5.46709233469845,2.18042900832591,9.99999999999977));
#2189=CARTESIAN_POINT('',(5.42233455698642,2.17681333298541,9.99999999999975));
#2190=CARTESIAN_POINT('',(5.38774624362819,2.17381000808618,9.99999999999974));
#2191=CARTESIAN_POINT('',(5.35486666339005,2.17083923284701,9.99999999999972));
#2192=CARTESIAN_POINT('',(5.31157622266282,2.16669302410137,9.9999999999997));
#2193=CARTESIAN_POINT('',(5.25622110371584,2.16095224296988,9.99999999999968));
#2194=CARTESIAN_POINT('',(5.19673443412166,2.1542806287642,9.99999999999965));
#2195=CARTESIAN_POINT('',(5.13390968027269,2.14667427827186,9.99999999999962));
#2196=CARTESIAN_POINT('',(5.0669241442954,2.13792969086214,9.99999999999959));
#2197=CARTESIAN_POINT('',(5.00661800406383,2.12945557362786,9.99999999999956));
#2198=CARTESIAN_POINT('',(4.95896574527295,2.12236611505687,9.99999999999954));
#2199=CARTESIAN_POINT('',(4.90981611111076,2.11479886230858,9.99999999999952));
#2200=CARTESIAN_POINT('',(4.84935673600766,2.10503826613491,9.99999999999949));
#2201=CARTESIAN_POINT('',(4.77168358301201,2.09165051720615,9.99999999999946));
#2202=CARTESIAN_POINT('',(4.69206820863292,2.07703444603828,9.99999999999942));
#2203=CARTESIAN_POINT('',(4.61063668794985,2.0611538891175,9.99999999999939));
#2204=CARTESIAN_POINT('',(4.55343481017893,2.04933793626145,9.99999999999936));
#2205=CARTESIAN_POINT('',(4.4980592615704,2.03754832234591,9.99999999999934));
#2206=CARTESIAN_POINT('',(4.44226517683822,2.02534317028319,9.99999999999931));
#2207=CARTESIAN_POINT('',(4.38923625086312,2.01315397729835,9.99999999999929));
#2208=CARTESIAN_POINT('',(4.36134273072913,2.0065807586277,9.99999999999928));
#2209=CARTESIAN_POINT('',(9.43020539336487,1.22387296145825,10.));
#2210=CARTESIAN_POINT('',(9.43020539336487,1.22387296145825,10.));
#2211=CARTESIAN_POINT('',(9.41863069610282,1.23199476521402,10.));
#2212=CARTESIAN_POINT('',(9.40240821021226,1.24327271418647,10.));
#2213=CARTESIAN_POINT('',(9.3659175269372,1.26831313705214,9.99999999999999));
#2214=CARTESIAN_POINT('',(9.33576055803369,1.288598144695,9.99999999999999));
#2215=CARTESIAN_POINT('',(9.29640348070617,1.31453412057676,9.99999999999998));
#2216=CARTESIAN_POINT('',(9.25997587981755,1.33817717466445,9.99999999999998));
#2217=CARTESIAN_POINT('',(9.21730100174705,1.36518594290811,9.99999999999997));
#2218=CARTESIAN_POINT('',(9.18146741682869,1.38734267992395,9.99999999999996));
#2219=CARTESIAN_POINT('',(9.15952425193077,1.40071305900084,9.99999999999996));
#2220=CARTESIAN_POINT('',(9.13887376808605,1.41318836333777,9.99999999999996));
#2221=CARTESIAN_POINT('',(9.11483336552704,1.42755024830978,9.99999999999995));
#2222=CARTESIAN_POINT('',(9.0836256449866,1.44588915966052,9.99999999999995));
#2223=CARTESIAN_POINT('',(9.05112218796882,1.46466405461772,9.99999999999994));
#2224=CARTESIAN_POINT('',(9.01688614868878,1.48408458831351,9.99999999999994));
#2225=CARTESIAN_POINT('',(8.9813157712404,1.5038805854383,9.99999999999994));
#2226=CARTESIAN_POINT('',(8.94391684519904,1.52428519676039,9.99999999999993));
#2227=CARTESIAN_POINT('',(8.91711680291895,1.5386046424543,9.99999999999993));
#2228=CARTESIAN_POINT('',(8.88996050941571,1.55294140440119,9.99999999999992));
#2229=CARTESIAN_POINT('',(8.85512545949899,1.57112091000102,9.99999999999992));
#2230=CARTESIAN_POINT('',(8.79878875775108,1.59971231623782,9.99999999999991));
#2231=CARTESIAN_POINT('',(8.73031527020608,1.63321254848587,9.9999999999999));
#2232=CARTESIAN_POINT('',(8.68168451923449,1.6560689853263,9.9999999999999));
#2233=CARTESIAN_POINT('',(8.63630848792514,1.67693527917196,9.99999999999989));
#2234=CARTESIAN_POINT('',(8.59460665198255,1.69577616998919,9.99999999999988));
#2235=CARTESIAN_POINT('',(8.53082232455104,1.72359507968111,9.99999999999988));
#2236=CARTESIAN_POINT('',(8.46251654668255,1.75226155532754,9.99999999999987));
#2237=CARTESIAN_POINT('',(8.40548403126066,1.77522015474316,9.99999999999986));
#2238=CARTESIAN_POINT('',(8.35493608602941,1.79495853298009,9.99999999999985));
#2239=CARTESIAN_POINT('',(8.30161269785581,1.81529200799548,9.99999999999985));
#2240=CARTESIAN_POINT('',(8.21840283417899,1.84577979670344,9.99999999999984));
#2241=CARTESIAN_POINT('',(8.10995879300599,1.88310473944152,9.99999999999982));
#2242=CARTESIAN_POINT('',(7.99918114652307,1.91836013857357,9.99999999999981));
#2243=CARTESIAN_POINT('',(7.91387741188224,1.94366173414424,9.9999999999998));
#2244=CARTESIAN_POINT('',(7.83606828087484,1.96573763342535,9.99999999999979));
#2245=CARTESIAN_POINT('',(7.75207712984446,1.98838087823482,9.99999999999978));
#2246=CARTESIAN_POINT('',(7.64495085289648,2.01515365480837,9.99999999999977));
#2247=CARTESIAN_POINT('',(7.53411131397017,2.04066050021052,9.99999999999975));
#2248=CARTESIAN_POINT('',(7.45562513280679,2.05716988639074,9.99999999999975));
#2249=CARTESIAN_POINT('',(7.37779496414141,2.07272872313016,9.99999999999974));
#2250=CARTESIAN_POINT('',(7.29736099739997,2.08800287930789,9.99999999999973));
#2251=CARTESIAN_POINT('',(7.17765925619347,2.10846555867181,9.99999999999972));
#2252=CARTESIAN_POINT('',(7.05218539885862,2.12746285906343,9.9999999999997));
#2253=CARTESIAN_POINT('',(6.95665042433721,2.14009020182691,9.99999999999969));
#2254=CARTESIAN_POINT('',(6.87066856271905,2.15044883975633,9.99999999999968));
#2255=CARTESIAN_POINT('',(6.78320935020671,2.16016135215804,9.99999999999967));
#2256=CARTESIAN_POINT('',(6.66146356684389,2.17170735020336,9.99999999999966));
#2257=CARTESIAN_POINT('',(6.52697643990761,2.18201730964854,9.99999999999964));
#2258=CARTESIAN_POINT('',(6.40321759516744,2.18930245778885,9.99999999999963));
#2259=CARTESIAN_POINT('',(6.31181298317743,2.19331499502617,9.99999999999962));
#2260=CARTESIAN_POINT('',(6.21940505728377,2.19658312248775,9.99999999999961));
#2261=CARTESIAN_POINT('',(6.11361781754725,2.19917676194512,9.9999999999996));
#2262=CARTESIAN_POINT('',(6.02060694939892,2.19992090337553,9.99999999999959));
#2263=CARTESIAN_POINT('',(5.97395744022348,2.19992084986394,9.99999999999959));
#2264=CARTESIAN_POINT('',(10.8212068226902,-2.15693151394929,10.));
#2265=CARTESIAN_POINT('',(10.8212068226902,-2.15693151347524,10.));
#2266=CARTESIAN_POINT('',(10.8212067730814,-2.13122970720594,10.));
#2267=CARTESIAN_POINT('',(10.8210107032134,-2.08892504590703,10.));
#2268=CARTESIAN_POINT('',(10.8200688986477,-2.01352640761427,10.));
#2269=CARTESIAN_POINT('',(10.8186937848562,-1.95071908010826,10.));
#2270=CARTESIAN_POINT('',(10.8169287766507,-1.89374241537288,10.));
#2271=CARTESIAN_POINT('',(10.815175135672,-1.84468862679247,10.));
#2272=CARTESIAN_POINT('',(10.8125016886321,-1.78254586021411,9.99999999999999));
#2273=CARTESIAN_POINT('',(10.8082790488262,-1.70395918847445,9.99999999999999));
#2274=CARTESIAN_POINT('',(10.8042984928248,-1.64294711593807,9.99999999999999));
#2275=CARTESIAN_POINT('',(10.8003390796113,-1.58871169215051,9.99999999999999));
#2276=CARTESIAN_POINT('',(10.7960622573122,-1.53463620604534,9.99999999999999));
#2277=CARTESIAN_POINT('',(10.7894631470696,-1.46116745033117,9.99999999999999));
#2278=CARTESIAN_POINT('',(10.7816456605047,-1.38509014517901,9.99999999999999));
#2279=CARTESIAN_POINT('',(10.7733764916136,-1.3131413835728,9.99999999999999));
#2280=CARTESIAN_POINT('',(10.7646458905405,-1.2440941085015,9.99999999999999));
#2281=CARTESIAN_POINT('',(10.755947166522,-1.18145726509659,9.99999999999999));
#2282=CARTESIAN_POINT('',(10.7487023942238,-1.13307914719959,9.99999999999999));
#2283=CARTESIAN_POINT('',(10.7409388395858,-1.08349378080715,9.99999999999998));
#2284=CARTESIAN_POINT('',(10.7309962132863,-1.02367565434974,9.99999999999998));
#2285=CARTESIAN_POINT('',(10.7168589717267,-0.945696496254218,9.99999999999998));
#2286=CARTESIAN_POINT('',(10.7010684166648,-0.865745140931512,9.99999999999998));
#2287=CARTESIAN_POINT('',(10.679981292418,-0.767600404563886,9.99999999999998));
#2288=CARTESIAN_POINT('',(10.6585167622437,-0.677713917731321,9.99999999999998));
#2289=CARTESIAN_POINT('',(10.6313787269765,-0.573900346181494,9.99999999999998));
#2290=CARTESIAN_POINT('',(10.5963827561593,-0.450644130916882,9.99999999999998));
#2291=CARTESIAN_POINT('',(10.5507646499352,-0.310763468938002,9.99999999999997));
#2292=CARTESIAN_POINT('',(10.5094139203478,-0.199300109475931,9.99999999999997));
#2293=CARTESIAN_POINT('',(10.4766716429353,-0.116458486212788,9.99999999999997));
#2294=CARTESIAN_POINT('',(10.4444067503919,-0.0395069528856733,9.99999999999997));
#2295=CARTESIAN_POINT('',(10.4039109558649,0.0497053435109325,9.99999999999997));
#2296=CARTESIAN_POINT('',(10.3741182479294,0.110899848591984,9.99999999999997));
#2297=CARTESIAN_POINT('',(10.3478706858604,0.162706846691496,9.99999999999997));
#2298=CARTESIAN_POINT('',(10.3212885592396,0.213514320793937,9.99999999999997));
#2299=CARTESIAN_POINT('',(10.283089640548,0.282523134046268,9.99999999999997));
#2300=CARTESIAN_POINT('',(10.254122587497,0.331730347033044,9.99999999999996));
#2301=CARTESIAN_POINT('',(10.221309976498,0.385743573717479,9.99999999999996));
#2302=CARTESIAN_POINT('',(10.1851880373041,0.442977195368819,9.99999999999996));
#2303=CARTESIAN_POINT('',(10.1466745107317,0.4997601415891,9.99999999999996));
#2304=CARTESIAN_POINT('',(10.1080308590309,0.554674768131119,9.99999999999996));
#2305=CARTESIAN_POINT('',(10.0736938003333,0.601687203768034,9.99999999999996));
#2306=CARTESIAN_POINT('',(10.031938036636,0.65551724712358,9.99999999999996));
#2307=CARTESIAN_POINT('',(10.0028944846946,0.691582285159226,9.99999999999996));
#2308=CARTESIAN_POINT('',(9.97010428480023,0.731315959904677,9.99999999999996));
#2309=CARTESIAN_POINT('',(9.93519748707471,0.771868826731567,9.99999999999996));
#2310=CARTESIAN_POINT('',(9.89792664836136,0.813262528739272,9.99999999999996));
#2311=CARTESIAN_POINT('',(9.86185273728223,0.852187372991454,9.99999999999996));
#2312=CARTESIAN_POINT('',(9.82975332506972,0.885409677587053,9.99999999999996));
#2313=CARTESIAN_POINT('',(9.79873465427612,0.91641271236642,9.99999999999996));
#2314=CARTESIAN_POINT('',(9.77361292548551,0.941047076146147,9.99999999999996));
#2315=CARTESIAN_POINT('',(9.74136215174017,0.971735922668801,9.99999999999996));
#2316=CARTESIAN_POINT('',(9.70489114226674,1.00522498549876,9.99999999999996));
#2317=CARTESIAN_POINT('',(9.674651440594,1.0320525504424,9.99999999999996));
#2318=CARTESIAN_POINT('',(9.65085083226903,1.05262993590592,9.99999999999995));
#2319=CARTESIAN_POINT('',(9.62759129019159,1.07241042128618,9.99999999999995));
#2320=CARTESIAN_POINT('',(9.599050971246,1.09610660090795,9.99999999999995));
#2321=CARTESIAN_POINT('',(9.56445414001093,1.12392793202148,9.99999999999995));
#2322=CARTESIAN_POINT('',(9.53019615344633,1.15062267440158,9.99999999999995));
#2323=CARTESIAN_POINT('',(9.504121379861,1.17032127542336,9.99999999999995));
#2324=CARTESIAN_POINT('',(9.48171882370409,1.18691861931317,9.99999999999995));
#2325=CARTESIAN_POINT('',(9.45989028551312,1.20285181102766,9.99999999999995));
#2326=CARTESIAN_POINT('',(9.44108014398686,1.21624230785518,9.99999999999995));
#2327=CARTESIAN_POINT('',(9.43020539336487,1.22387296145825,9.99999999999995));
#2328=CARTESIAN_POINT('',(10.8212068226902,-5.8249918127718,10.));
#2329=CARTESIAN_POINT('',(10.8212068226902,-5.8249918127718,10.));
#2330=VECTOR('',#2331,1.);
#2331=DIRECTION('',(0.,1.,0.));
#2332=CARTESIAN_POINT('',(9.82120682269016,-6.8249918127718,10.));
#2333=AXIS2_PLACEMENT_3D('',#2334,#2335,#2336);
#2334=CARTESIAN_POINT('',(9.82120682269016,-5.8249918127718,10.));
#2335=DIRECTION('',(0.,0.,-1.));
#2336=DIRECTION('',(1.,0.,0.));
#2337=CARTESIAN_POINT('',(9.02976994017192,-6.8249918127718,10.));
#2338=VECTOR('',#2339,1.);
#2339=DIRECTION('',(1.,0.,0.));
#2340=CARTESIAN_POINT('',(-1.90347386733533,-1.87442172649475,10.));
#2341=CARTESIAN_POINT('',(-2.90347386733533,-0.874421726494748,10.));
#2342=AXIS2_PLACEMENT_3D('',#2343,#2344,#2345);
#2343=CARTESIAN_POINT('',(-2.90347386733533,-1.87442172649475,10.));
#2344=DIRECTION('',(0.,0.,-1.));
#2345=DIRECTION('',(4.44089209850063E-16,1.,0.));
#2346=CARTESIAN_POINT('',(-1.90347386733533,-2.01514066739147,10.));
#2347=CARTESIAN_POINT('',(-1.90347386733533,-2.01514066739147,10.));
#2348=VECTOR('',#2349,1.);
#2349=DIRECTION('',(0.,1.,0.));
#2350=CARTESIAN_POINT('',(-2.90347386733533,-3.01514066739147,10.));
#2351=AXIS2_PLACEMENT_3D('',#2352,#2353,#2354);
#2352=CARTESIAN_POINT('',(-2.90347386733533,-2.01514066739147,10.));
#2353=DIRECTION('',(0.,0.,-1.));
#2354=DIRECTION('',(1.,-8.88178419700125E-16,0.));
#2355=CARTESIAN_POINT('',(-9.9661227384856,-3.01514066739147,10.));
#2356=CARTESIAN_POINT('',(-9.9661227384856,-3.01514066739147,10.));
#2357=VECTOR('',#2358,1.);
#2358=DIRECTION('',(1.,-1.88635688090381E-16,0.));
#2359=CARTESIAN_POINT('',(-10.9661227384856,-2.01514066739147,10.));
#2360=AXIS2_PLACEMENT_3D('',#2361,#2362,#2363);
#2361=CARTESIAN_POINT('',(-9.9661227384856,-2.01514066739147,10.));
#2362=DIRECTION('',(0.,0.,-1.));
#2363=DIRECTION('',(0.,-1.,0.));
#2364=CARTESIAN_POINT('',(-10.9661227384856,-1.87442172649475,10.));
#2365=CARTESIAN_POINT('',(-10.9661227384856,-1.87442172649475,10.));
#2366=VECTOR('',#2367,1.);
#2367=DIRECTION('',(0.,-1.,0.));
#2368=CARTESIAN_POINT('',(-9.9661227384856,-0.874421726494747,10.));
#2369=AXIS2_PLACEMENT_3D('',#2370,#2371,#2372);
#2370=CARTESIAN_POINT('',(-9.9661227384856,-1.87442172649475,10.));
#2371=DIRECTION('',(0.,0.,-1.));
#2372=DIRECTION('',(-1.,0.,0.));
#2373=CARTESIAN_POINT('',(-7.75976136733533,-0.874421726494747,10.));
#2374=CARTESIAN_POINT('',(-7.75976136733533,-0.874421726494748,10.));
#2375=VECTOR('',#2376,1.);
#2376=DIRECTION('',(-1.,1.00638366782713E-16,0.));
#2377=CARTESIAN_POINT('',(-7.75976136733533,6.,10.));
#2378=CARTESIAN_POINT('',(-7.75976136733533,6.,10.));
#2379=VECTOR('',#2380,1.);
#2380=DIRECTION('',(0.,-1.,0.));
#2381=CARTESIAN_POINT('',(-6.75976136733532,7.,10.));
#2382=AXIS2_PLACEMENT_3D('',#2383,#2384,#2385);
#2383=CARTESIAN_POINT('',(-6.75976136733532,6.,10.));
#2384=DIRECTION('',(0.,0.,-1.));
#2385=DIRECTION('',(-1.,0.,0.));
#2386=CARTESIAN_POINT('',(-6.10977735999828,7.,10.));
#2387=CARTESIAN_POINT('',(-6.10977735999828,7.,10.));
#2388=VECTOR('',#2389,1.);
#2389=DIRECTION('',(-1.,0.,0.));
#2390=CARTESIAN_POINT('',(-5.10977735999828,6.,10.));
#2391=AXIS2_PLACEMENT_3D('',#2392,#2393,#2394);
#2392=CARTESIAN_POINT('',(-6.10977735999828,6.,10.));
#2393=DIRECTION('',(0.,0.,-1.));
#2394=DIRECTION('',(-8.88178419700123E-16,1.,0.));
#2395=CARTESIAN_POINT('',(-5.10977735999828,-0.874421726494748,10.));
#2396=CARTESIAN_POINT('',(-5.10977735999828,-0.874421726494748,10.));
#2397=VECTOR('',#2398,1.);
#2398=DIRECTION('',(0.,1.,0.));
#2399=CARTESIAN_POINT('',(-2.90347386733533,-0.874421726494748,10.));
#2400=VECTOR('',#2401,1.);
#2401=DIRECTION('',(-1.,1.50961510279596E-16,0.));
#2402=CARTESIAN_POINT('',(15.5,-8.94892917243921,9.));
#2403=CARTESIAN_POINT('',(15.5,8.94892917243919,9.));
#2404=CARTESIAN_POINT('',(15.5,-8.94892917243921,9.));
#2405=VECTOR('',#2406,1.);
#2406=DIRECTION('',(9.92496870391517E-16,1.,0.));
#2407=CARTESIAN_POINT('',(15.5,8.94892917243919,9.));
#2408=VECTOR('',#2409,1.);
#2409=DIRECTION('',(-0.654653670707977,-0.377964473009226,0.654653670707977));
#2410=CARTESIAN_POINT('',(15.5,-8.94892917243921,9.));
#2411=VECTOR('',#2412,1.);
#2412=DIRECTION('',(-0.654653670707977,0.377964473009227,0.654653670707977));
#2413=CARTESIAN_POINT('',(1.06927227473321E-14,17.8978583448784,9.));
#2414=CARTESIAN_POINT('',(15.5,8.94892917243919,9.));
#2415=VECTOR('',#2416,1.);
#2416=DIRECTION('',(-0.866025403784439,0.5,0.));
#2417=CARTESIAN_POINT('',(1.06581410364015E-14,17.8978583448784,9.));
#2418=VECTOR('',#2419,1.);
#2419=DIRECTION('',(-6.3596013107845E-16,-0.755928946018455,0.654653670707976));
#2420=CARTESIAN_POINT('',(-15.5,8.94892917243921,9.));
#2421=CARTESIAN_POINT('',(1.08234525925818E-14,17.8978583448784,9.));
#2422=VECTOR('',#2423,1.);
#2423=DIRECTION('',(-0.866025403784439,-0.499999999999999,0.));
#2424=CARTESIAN_POINT('',(-15.5,8.94892917243921,9.));
#2425=VECTOR('',#2426,1.);
#2426=DIRECTION('',(0.654653670707977,-0.377964473009226,0.654653670707977));
#2427=CARTESIAN_POINT('',(-15.5,-8.94892917243919,9.));
#2428=CARTESIAN_POINT('',(-15.5,8.94892917243921,9.));
#2429=VECTOR('',#2430,1.);
#2430=DIRECTION('',(-4.96248435195759E-16,-1.,0.));
#2431=CARTESIAN_POINT('',(-15.5,-8.94892917243918,9.));
#2432=VECTOR('',#2433,1.);
#2433=DIRECTION('',(0.654653670707979,0.377964473009223,0.654653670707978));
#2434=CARTESIAN_POINT('',(-1.16012013758809E-14,-17.8978583448784,9.));
#2435=CARTESIAN_POINT('',(-15.5,-8.94892917243919,9.));
#2436=VECTOR('',#2437,1.);
#2437=DIRECTION('',(0.866025403784438,-0.500000000000001,0.));
#2438=CARTESIAN_POINT('',(-1.24344978758018E-14,-17.8978583448784,9.));
#2439=VECTOR('',#2440,1.);
#2440=DIRECTION('',(2.48932965593565E-15,0.755928946018455,0.654653670707977));
#2441=CARTESIAN_POINT('',(-1.076790487596E-14,-17.8978583448784,9.));
#2442=VECTOR('',#2443,1.);
#2443=DIRECTION('',(0.866025403784439,0.5,0.));
#2444=CARTESIAN_POINT('',(-2.90347386733533,-1.87442172649475,9.));
#2445=CARTESIAN_POINT('',(-6.10977735999828,-1.87442172649475,9.));
#2446=CARTESIAN_POINT('',(-2.90347386733533,-1.87442172649475,9.));
#2447=VECTOR('',#2448,1.);
#2448=DIRECTION('',(-1.,6.92525225491412E-17,0.));
#2449=CARTESIAN_POINT('',(-6.10977735999828,6.,9.));
#2450=CARTESIAN_POINT('',(-6.10977735999828,-1.87442172649475,9.));
#2451=VECTOR('',#2452,1.);
#2452=DIRECTION('',(0.,1.,0.));
#2453=CARTESIAN_POINT('',(-6.75976136733532,6.,9.));
#2454=CARTESIAN_POINT('',(-6.10977735999828,6.,9.));
#2455=VECTOR('',#2456,1.);
#2456=DIRECTION('',(-1.,0.,0.));
#2457=CARTESIAN_POINT('',(-6.75976136733533,-1.87442172649475,9.));
#2458=CARTESIAN_POINT('',(-6.75976136733533,6.,9.));
#2459=VECTOR('',#2460,1.);
#2460=DIRECTION('',(0.,-1.,0.));
#2461=CARTESIAN_POINT('',(-9.9661227384856,-1.87442172649475,9.));
#2462=CARTESIAN_POINT('',(-6.75976136733533,-1.87442172649475,9.));
#2463=VECTOR('',#2464,1.);
#2464=DIRECTION('',(-1.,2.0775381738588E-16,0.));
#2465=CARTESIAN_POINT('',(-9.9661227384856,-2.01514066739147,9.));
#2466=CARTESIAN_POINT('',(-9.96612273848561,-1.87442172649475,9.));
#2467=VECTOR('',#2468,1.);
#2468=DIRECTION('',(0.,-1.,0.));
#2469=CARTESIAN_POINT('',(-2.90347386733533,-2.01514066739147,9.));
#2470=CARTESIAN_POINT('',(-9.9661227384856,-2.01514066739147,9.));
#2471=VECTOR('',#2472,1.);
#2472=DIRECTION('',(1.,-1.25757125393588E-16,0.));
#2473=CARTESIAN_POINT('',(-2.90347386733533,-2.01514066739147,9.));
#2474=VECTOR('',#2475,1.);
#2475=DIRECTION('',(0.,1.,0.));
#2476=CARTESIAN_POINT('',(9.82120682269016,-5.8249918127718,9.));
#2477=CARTESIAN_POINT('',(9.82120682269016,-2.15693151394929,9.));
#2478=CARTESIAN_POINT('',(9.82120682269016,-5.8249918127718,9.));
#2479=VECTOR('',#2480,1.);
#2480=DIRECTION('',(0.,1.,0.));
#2481=CARTESIAN_POINT('',(8.85581647981628,0.405290420725512,9.));
#2482=CARTESIAN_POINT('',(9.82120682269016,-2.15693151394929,9.));
#2483=CARTESIAN_POINT('',(9.82120682269016,-1.92844086472555,9.));
#2484=CARTESIAN_POINT('',(9.81263645015967,-1.72812674611161,9.));
#2485=CARTESIAN_POINT('',(9.77193740436775,-1.35063719646421,9.));
#2486=CARTESIAN_POINT('',(9.74744947827463,-1.18188958804229,9.));
#2487=CARTESIAN_POINT('',(9.68134145118774,-0.885885758013675,9.));
#2488=CARTESIAN_POINT('',(9.64561047555399,-0.753219812957512,9.));
#2489=CARTESIAN_POINT('',(9.56299307566852,-0.520230671134361,9.));
#2490=CARTESIAN_POINT('',(9.51979197681372,-0.415478121935929,9.));
#2491=CARTESIAN_POINT('',(9.42581280768797,-0.23005912134771,9.));
#2492=CARTESIAN_POINT('',(9.37711759713473,-0.146266097329297,9.));
#2493=CARTESIAN_POINT('',(9.27345381933026,0.00435932175198736,9.));
#2494=CARTESIAN_POINT('',(9.21947612440142,0.0730050982440699,9.));
#2495=CARTESIAN_POINT('',(9.1046290996203,0.198965310697926,9.));
#2496=CARTESIAN_POINT('',(9.04394056979341,0.257015138625423,9.));
#2497=CARTESIAN_POINT('',(8.93971578593673,0.343860153449329,9.));
#2498=CARTESIAN_POINT('',(8.90154794433499,0.373201235897236,9.));
#2499=CARTESIAN_POINT('',(8.85581647649184,0.405290423058232,9.));
#2500=CARTESIAN_POINT('',(5.97395744017192,1.19992084986394,9.));
#2501=CARTESIAN_POINT('',(8.85581648314072,0.405290418392793,9.));
#2502=CARTESIAN_POINT('',(8.69883094210682,0.515445166498857,9.));
#2503=CARTESIAN_POINT('',(8.56793189885235,0.593030124292963,9.));
#2504=CARTESIAN_POINT('',(8.25868653394628,0.754343187140935,9.));
#2505=CARTESIAN_POINT('',(8.09456857765333,0.825740092144046,9.));
#2506=CARTESIAN_POINT('',(7.74787770942267,0.953469753824409,9.));
#2507=CARTESIAN_POINT('',(7.56178832703739,1.007239891153,9.));
#2508=CARTESIAN_POINT('',(7.16548038316085,1.10015709579135,9.));
#2509=CARTESIAN_POINT('',(6.95102877398553,1.1345322152684,9.));
#2510=CARTESIAN_POINT('',(6.49100984709477,1.18729978063233,9.));
#2511=CARTESIAN_POINT('',(6.24137092817229,1.19932893650351,9.));
#2512=CARTESIAN_POINT('',(5.98536598798937,1.19991495637043,9.));
#2513=CARTESIAN_POINT('',(5.97966792876448,1.19991465333235,9.));
#2514=CARTESIAN_POINT('',(5.97395744017192,1.19992084986394,9.));
#2515=CARTESIAN_POINT('',(4.59071308001393,1.03324153571055,9.));
#2516=CARTESIAN_POINT('',(5.97395744017192,1.19992084986394,9.));
#2517=CARTESIAN_POINT('',(5.71819642366248,1.19992084986394,9.));
#2518=CARTESIAN_POINT('',(5.50179389052939,1.18425156587775,9.));
#2519=CARTESIAN_POINT('',(5.04076833186277,1.12765359239682,9.));
#2520=CARTESIAN_POINT('',(4.82244266937916,1.08094323717024,9.));
#2521=CARTESIAN_POINT('',(4.59071305573545,1.03324152998925,9.));
#2522=CARTESIAN_POINT('',(1.6921815304799,-0.108485814248482,9.));
#2523=CARTESIAN_POINT('',(4.59071310429241,1.03324154143185,9.));
#2524=CARTESIAN_POINT('',(4.28460899977913,0.961107169816023,9.));
#2525=CARTESIAN_POINT('',(4.01871312511995,0.879200903624502,9.));
#2526=CARTESIAN_POINT('',(3.52278341440294,0.70265946119315,9.));
#2527=CARTESIAN_POINT('',(3.31492113748941,0.613232591439437,9.));
#2528=CARTESIAN_POINT('',(2.79988965082222,0.396872265110254,9.));
#2529=CARTESIAN_POINT('',(2.49218651338385,0.256492084002205,9.));
#2530=CARTESIAN_POINT('',(2.02038276079029,0.0412459971799434,9.));
#2531=CARTESIAN_POINT('',(1.85628214563509,-0.0336199085342693,9.));
#2532=CARTESIAN_POINT('',(1.6921815304799,-0.108485814248482,9.));
#2533=CARTESIAN_POINT('',(1.6921815304799,6.,9.));
#2534=CARTESIAN_POINT('',(1.6921815304799,-0.108485814248482,9.));
#2535=VECTOR('',#2536,1.);
#2536=DIRECTION('',(2.18101125231817E-16,1.,0.));
#2537=CARTESIAN_POINT('',(0.900744704483609,6.,9.));
#2538=CARTESIAN_POINT('',(1.6921815304799,6.,9.));
#2539=VECTOR('',#2540,1.);
#2540=DIRECTION('',(-1.,0.,0.));
#2541=CARTESIAN_POINT('',(0.900744704483608,-5.8249918127718,9.));
#2542=CARTESIAN_POINT('',(0.900744704483609,6.,9.));
#2543=VECTOR('',#2544,1.);
#2544=DIRECTION('',(-1.12665416656885E-16,-1.,0.));
#2545=CARTESIAN_POINT('',(1.6921815304799,-5.8249918127718,9.));
#2546=CARTESIAN_POINT('',(0.900744704483607,-5.8249918127718,9.));
#2547=VECTOR('',#2548,1.);
#2548=DIRECTION('',(1.,0.,0.));
#2549=CARTESIAN_POINT('',(1.6921815304799,-0.361306174364,9.));
#2550=CARTESIAN_POINT('',(1.6921815304799,-5.8249918127718,9.));
#2551=VECTOR('',#2552,1.);
#2552=DIRECTION('',(2.03200384886838E-16,1.,0.));
#2553=CARTESIAN_POINT('',(3.63229456540249,0.669279235269498,9.));
#2554=CARTESIAN_POINT('',(1.6921815304799,-0.361306174364,9.));
#2555=CARTESIAN_POINT('',(1.72015325177236,-0.340583320802993,9.));
#2556=CARTESIAN_POINT('',(1.74812497306482,-0.319860467241985,9.));
#2557=CARTESIAN_POINT('',(1.83041212773894,-0.258898017400788,9.));
#2558=CARTESIAN_POINT('',(1.88472756112059,-0.218658421120598,9.));
#2559=CARTESIAN_POINT('',(1.96620071119307,-0.158299026700314,9.));
#2560=CARTESIAN_POINT('',(1.9933584278839,-0.138179228560219,9.));
#2561=CARTESIAN_POINT('',(2.03409500292014,-0.107999531350077,9.));
#2562=CARTESIAN_POINT('',(2.04767386126555,-0.097939632280029,9.));
#2563=CARTESIAN_POINT('',(2.06804214878367,-0.0828497836749579,9.));
#2564=CARTESIAN_POINT('',(2.07483157795638,-0.0778198341399342,9.));
#2565=CARTESIAN_POINT('',(2.08501572171544,-0.0702749098373988,9.));
#2566=CARTESIAN_POINT('',(2.08841043630179,-0.0677599350698872,9.));
#2567=CARTESIAN_POINT('',(2.09350250818132,-0.0639874729186195,9.));
#2568=CARTESIAN_POINT('',(2.09519655952498,-0.0627324347480215,9.));
#2569=CARTESIAN_POINT('',(2.22003374827343,0.0297532136807485,9.));
#2570=CARTESIAN_POINT('',(2.38678358220033,0.138453255050231,9.));
#2571=CARTESIAN_POINT('',(2.69719869848592,0.31420178690961,9.));
#2572=CARTESIAN_POINT('',(2.86302617043567,0.393000636459366,9.));
#2573=CARTESIAN_POINT('',(3.20916146242269,0.537886077315851,9.));
#2574=CARTESIAN_POINT('',(3.39330926184998,0.60068412788652,9.));
#2575=CARTESIAN_POINT('',(3.59590492670789,0.659106734308859,9.));
#2576=CARTESIAN_POINT('',(3.6142612898645,0.664193330769922,9.));
#2577=CARTESIAN_POINT('',(3.63229455536219,0.669279232488272,9.));
#2578=CARTESIAN_POINT('',(5.49299455837847,0.89888098605071,9.));
#2579=CARTESIAN_POINT('',(3.6322945754428,0.669279238050724,9.));
#2580=CARTESIAN_POINT('',(3.81154163677437,0.718931752945934,9.));
#2581=CARTESIAN_POINT('',(4.03085007756244,0.766591749965933,9.));
#2582=CARTESIAN_POINT('',(4.45543685965411,0.839282204568857,9.));
#2583=CARTESIAN_POINT('',(4.68165946235851,0.863011455946737,9.));
#2584=CARTESIAN_POINT('',(5.10240912868737,0.893407239884341,9.));
#2585=CARTESIAN_POINT('',(5.30232855429069,0.89511191864542,9.));
#2586=CARTESIAN_POINT('',(5.49299455837847,0.89888098605071,9.));
#2587=CARTESIAN_POINT('',(7.76095498763829,0.346338361714744,9.));
#2588=CARTESIAN_POINT('',(5.49299455837847,0.89888098605071,9.));
#2589=CARTESIAN_POINT('',(5.66570426603599,0.898880986050707,9.));
#2590=CARTESIAN_POINT('',(5.86487502247411,0.893244363106082,9.));
#2591=CARTESIAN_POINT('',(6.21119072127134,0.861966604962129,9.));
#2592=CARTESIAN_POINT('',(6.37010009628328,0.843717190419283,9.));
#2593=CARTESIAN_POINT('',(6.66604593007755,0.788389450606638,9.));
#2594=CARTESIAN_POINT('',(6.803571746157,0.75855283451319,9.));
#2595=CARTESIAN_POINT('',(7.0601167255409,0.682253079212931,9.));
#2596=CARTESIAN_POINT('',(7.18078995785624,0.641808648446709,9.));
#2597=CARTESIAN_POINT('',(7.40544967135741,0.546185556729725,9.));
#2598=CARTESIAN_POINT('',(7.51189260210778,0.495403795040135,9.));
#2599=CARTESIAN_POINT('',(7.66423596917358,0.407830542457906,9.));
#2600=CARTESIAN_POINT('',(7.71746845101933,0.375096214469487,9.));
#2601=CARTESIAN_POINT('',(7.76095498763829,0.346338361714744,9.));
#2602=CARTESIAN_POINT('',(8.88746978650156,-1.17810928774192,9.));
#2603=CARTESIAN_POINT('',(7.76095498763829,0.346338361714745,9.));
#2604=CARTESIAN_POINT('',(7.84668298114997,0.289646033328809,9.));
#2605=CARTESIAN_POINT('',(7.96049691593641,0.208040053647283,9.));
#2606=CARTESIAN_POINT('',(8.14052167850679,0.0564873916090125,9.));
#2607=CARTESIAN_POINT('',(8.22446734441488,-0.0198990086166235,9.));
#2608=CARTESIAN_POINT('',(8.37430802294042,-0.179864463964358,9.));
#2609=CARTESIAN_POINT('',(8.44409043081723,-0.261486559309327,9.));
#2610=CARTESIAN_POINT('',(8.56640927047489,-0.430128227868142,9.));
#2611=CARTESIAN_POINT('',(8.6226452939862,-0.5169253113676,9.));
#2612=CARTESIAN_POINT('',(8.71867364961344,-0.69385004417731,9.));
#2613=CARTESIAN_POINT('',(8.76144206837073,-0.785281314933361,9.));
#2614=CARTESIAN_POINT('',(8.831659930528,-0.969468323279727,9.));
#2615=CARTESIAN_POINT('',(8.86086036547191,-1.06420890670742,9.));
#2616=CARTESIAN_POINT('',(8.88466107840298,-1.16576218952418,9.));
#2617=CARTESIAN_POINT('',(8.8861084613609,-1.17206437570021,9.));
#2618=CARTESIAN_POINT('',(8.88746978395895,-1.17810927645155,9.));
#2619=CARTESIAN_POINT('',(9.02976994017192,-3.52434779882251,9.));
#2620=CARTESIAN_POINT('',(8.88746978904417,-1.17810929903229,9.));
#2621=CARTESIAN_POINT('',(8.89497634609488,-1.2114418811266,9.));
#2622=CARTESIAN_POINT('',(8.90479273823442,-1.26018260844957,9.));
#2623=CARTESIAN_POINT('',(8.92096779540189,-1.34766604649275,9.));
#2624=CARTESIAN_POINT('',(8.92805937767437,-1.39362788395423,9.));
#2625=CARTESIAN_POINT('',(8.94304816593206,-1.49523595163986,9.));
#2626=CARTESIAN_POINT('',(8.94964553623797,-1.5494810385534,9.));
#2627=CARTESIAN_POINT('',(8.96361544256737,-1.67042513669287,9.));
#2628=CARTESIAN_POINT('',(8.96972675652646,-1.73583902339633,9.));
#2629=CARTESIAN_POINT('',(8.98262943438391,-1.88257119494146,9.));
#2630=CARTESIAN_POINT('',(8.98815849890669,-1.96272950764758,9.));
#2631=CARTESIAN_POINT('',(8.9997261896087,-2.1432907755985,9.));
#2632=CARTESIAN_POINT('',(9.00446592585507,-2.2426570152637,9.));
#2633=CARTESIAN_POINT('',(9.01419009835191,-2.4671209106945,9.));
#2634=CARTESIAN_POINT('',(9.01780702934312,-2.5912963871656,9.));
#2635=CARTESIAN_POINT('',(9.02489888157836,-2.87233107633777,9.));
#2636=CARTESIAN_POINT('',(9.02696389488401,-3.02839913538597,9.));
#2637=CARTESIAN_POINT('',(9.02940684391458,-3.29787285404451,9.));
#2638=CARTESIAN_POINT('',(9.02946770699639,-3.41150659378155,9.));
#2639=CARTESIAN_POINT('',(9.02976994017192,-3.52434779882251,9.));
#2640=CARTESIAN_POINT('',(9.02976994017192,-5.8249918127718,9.));
#2641=CARTESIAN_POINT('',(9.02976994017192,-3.52434779882251,9.));
#2642=VECTOR('',#2643,1.);
#2643=DIRECTION('',(0.,-1.,0.));
#2644=CARTESIAN_POINT('',(9.02976994017192,-5.8249918127718,9.));
#2645=VECTOR('',#2646,1.);
#2646=DIRECTION('',(1.,0.,0.));
#2647=CARTESIAN_POINT('',(15.5,-8.94892917243921,6.));
#2648=CARTESIAN_POINT('',(15.5,-8.94892917243921,6.));
#2649=VECTOR('',#2650,1.);
#2650=DIRECTION('',(-5.9211894646675E-16,0.,1.));
#2651=CARTESIAN_POINT('',(15.5,8.9489291724392,6.));
#2652=CARTESIAN_POINT('',(15.5,-8.94892917243921,6.));
#2653=VECTOR('',#2654,1.);
#2654=DIRECTION('',(9.92496870391517E-16,1.,0.));
#2655=CARTESIAN_POINT('',(15.5,8.94892917243919,6.));
#2656=VECTOR('',#2657,1.);
#2657=DIRECTION('',(0.,0.,1.));
#2658=CARTESIAN_POINT('',(8.31318032845965E-15,17.8978583448784,6.));
#2659=CARTESIAN_POINT('',(15.5,8.94892917243919,6.));
#2660=VECTOR('',#2661,1.);
#2661=DIRECTION('',(-0.866025403784438,0.5,0.));
#2662=CARTESIAN_POINT('',(1.06311563239434E-14,17.8978583448784,6.));
#2663=VECTOR('',#2664,1.);
#2664=DIRECTION('',(0.,0.,1.));
#2665=CARTESIAN_POINT('',(-15.5,8.94892917243921,6.));
#2666=CARTESIAN_POINT('',(1.04091117190184E-14,17.8978583448784,6.));
#2667=VECTOR('',#2668,1.);
#2668=DIRECTION('',(-0.866025403784439,-0.499999999999999,0.));
#2669=CARTESIAN_POINT('',(-15.5,8.94892917243921,6.));
#2670=VECTOR('',#2671,1.);
#2671=DIRECTION('',(5.9211894646675E-16,5.9211894646675E-16,1.));
#2672=CARTESIAN_POINT('',(-15.5,-8.94892917243919,6.));
#2673=CARTESIAN_POINT('',(-15.5,8.94892917243921,6.));
#2674=VECTOR('',#2675,1.);
#2675=DIRECTION('',(-4.96248435195758E-16,-1.,0.));
#2676=CARTESIAN_POINT('',(-15.5,-8.94892917243919,6.));
#2677=VECTOR('',#2678,1.);
#2678=DIRECTION('',(0.,0.,1.));
#2679=CARTESIAN_POINT('',(-1.07130229561807E-14,-17.8978583448784,6.));
#2680=CARTESIAN_POINT('',(-15.5,-8.94892917243919,6.));
#2681=VECTOR('',#2682,1.);
#2682=DIRECTION('',(0.866025403784438,-0.500000000000001,0.));
#2683=CARTESIAN_POINT('',(-9.87972645625984E-15,-17.8978583448784,6.));
#2684=VECTOR('',#2685,1.);
#2685=DIRECTION('',(-5.9211894646675E-16,0.,1.));
#2686=CARTESIAN_POINT('',(-1.076790487596E-14,-17.8978583448784,6.));
#2687=VECTOR('',#2688,1.);
#2688=DIRECTION('',(0.866025403784439,0.5,0.));
#2689=CARTESIAN_POINT('',(14.5,-8.37157890324958,5.));
#2690=CARTESIAN_POINT('',(15.5,-8.94892917243921,6.));
#2691=VECTOR('',#2692,1.);
#2692=DIRECTION('',(-0.654653670707976,0.377964473009228,-0.654653670707978));
#2693=CARTESIAN_POINT('',(14.5,8.37157890324956,5.));
#2694=CARTESIAN_POINT('',(14.5,-8.37157890324958,5.));
#2695=VECTOR('',#2696,1.);
#2696=DIRECTION('',(1.06094493041852E-15,1.,0.));
#2697=CARTESIAN_POINT('',(15.5,8.9489291724392,6.));
#2698=VECTOR('',#2699,1.);
#2699=DIRECTION('',(-0.654653670707977,-0.37796447300923,-0.654653670707976));
#2700=CARTESIAN_POINT('',(8.01095378303764E-15,16.7431578064991,5.));
#2701=CARTESIAN_POINT('',(14.5,8.37157890324956,5.));
#2702=VECTOR('',#2703,1.);
#2703=DIRECTION('',(-0.866025403784438,0.500000000000001,0.));
#2704=CARTESIAN_POINT('',(6.88338275267597E-15,17.8978583448784,6.));
#2705=VECTOR('',#2706,1.);
#2706=DIRECTION('',(7.26811578375371E-17,-0.755928946018455,-0.654653670707977));
#2707=CARTESIAN_POINT('',(-14.5,8.37157890324958,5.));
#2708=CARTESIAN_POINT('',(9.40740656668734E-15,16.7431578064991,5.));
#2709=VECTOR('',#2710,1.);
#2710=DIRECTION('',(-0.866025403784439,-0.499999999999999,0.));
#2711=CARTESIAN_POINT('',(-15.5,8.94892917243921,6.));
#2712=VECTOR('',#2713,1.);
#2713=DIRECTION('',(0.654653670707979,-0.377964473009225,-0.654653670707977));
#2714=CARTESIAN_POINT('',(-14.5,-8.37157890324957,5.));
#2715=CARTESIAN_POINT('',(-14.5,8.37157890324958,5.));
#2716=VECTOR('',#2717,1.);
#2717=DIRECTION('',(-5.30472465209259E-16,-1.,0.));
#2718=CARTESIAN_POINT('',(-15.5,-8.94892917243919,6.));
#2719=VECTOR('',#2720,1.);
#2720=DIRECTION('',(0.654653670707978,0.377964473009226,-0.654653670707977));
#2721=CARTESIAN_POINT('',(-1.01018738127484E-14,-16.7431578064991,5.));
#2722=CARTESIAN_POINT('',(-14.5,-8.37157890324957,5.));
#2723=VECTOR('',#2724,1.);
#2724=DIRECTION('',(0.866025403784438,-0.500000000000001,-5.30472465209259E-17));
#2725=CARTESIAN_POINT('',(-1.06581410364015E-14,-17.8978583448784,6.));
#2726=VECTOR('',#2727,1.);
#2727=DIRECTION('',(4.90597815403376E-16,0.755928946018455,-0.654653670707977));
#2728=CARTESIAN_POINT('',(-1.02678294107718E-14,-16.7431578064991,5.));
#2729=VECTOR('',#2730,1.);
#2730=DIRECTION('',(0.866025403784439,0.5,0.));
#2731=CARTESIAN_POINT('',(-13.5,3.30654635769785E-15,5.));
#2732=AXIS2_PLACEMENT_3D('',#2733,#2734,#2735);
#2733=CARTESIAN_POINT('',(0.,0.,5.));
#2734=DIRECTION('',(0.,0.,1.));
#2735=DIRECTION('',(-1.,1.22464679914735E-16,0.));
#2736=CARTESIAN_POINT('',(-12.5,3.06161699786838E-15,4.));
#2737=AXIS2_PLACEMENT_3D('',#2738,#2739,#2740);
#2738=CARTESIAN_POINT('',(0.,0.,4.));
#2739=DIRECTION('',(0.,0.,1.));
#2740=DIRECTION('',(-1.,1.22464679914735E-16,0.));
#2741=CARTESIAN_POINT('',(-12.5,1.53080849893419E-15,0.));
#2742=AXIS2_PLACEMENT_3D('',#2743,#2744,#2745);
#2743=CARTESIAN_POINT('',(0.,0.,0.));
#2744=DIRECTION('',(0.,0.,1.));
#2745=DIRECTION('',(-1.,1.22464679914735E-16,0.));
#2746=CARTESIAN_POINT('',(9.82120682269016,-5.8249918127718,9.));
#2747=VECTOR('',#2748,1.);
#2748=DIRECTION('',(0.707106781186547,0.,0.707106781186547));
#2749=CARTESIAN_POINT('',(9.82120682269016,-6.8249918127718,10.));
#2750=VECTOR('',#2751,1.);
#2751=DIRECTION('',(0.,0.707106781186548,-0.707106781186547));
#2752=CARTESIAN_POINT('',(10.8212068226902,-2.15693151394929,10.));
#2753=VECTOR('',#2754,1.);
#2754=DIRECTION('',(-0.707106781186547,0.,-0.707106781186547));
#2755=CARTESIAN_POINT('',(9.43020539336487,1.22387296145825,10.));
#2756=VECTOR('',#2757,1.);
#2757=DIRECTION('',(-0.406154298159318,-0.578825263863553,-0.707106781186548));
#2758=CARTESIAN_POINT('',(5.97395744017192,2.19992084986394,10.));
#2759=VECTOR('',#2760,1.);
#2760=DIRECTION('',(0.,-0.707106781186547,-0.707106781186547));
#2761=CARTESIAN_POINT('',(4.36134273072913,2.0065807586277,10.));
#2762=VECTOR('',#2763,1.);
#2763=DIRECTION('',(0.162189312214934,-0.688254768965132,-0.707106781186547));
#2764=CARTESIAN_POINT('',(2.6921815304799,1.43605227423005,10.));
#2765=CARTESIAN_POINT('',(2.67230359023836,1.40546592117874,9.98012205975846));
#2766=CARTESIAN_POINT('',(2.63265517341224,1.34453287168464,9.94047364293234));
#2767=CARTESIAN_POINT('',(2.57330165797538,1.25346219606528,9.88112012749548));
#2768=CARTESIAN_POINT('',(2.51416788833603,1.16279634521871,9.82198635785612));
#2769=CARTESIAN_POINT('',(2.45514524964003,1.07230179254104,9.76296371916013));
#2770=CARTESIAN_POINT('',(2.39591263697175,0.981429017366952,9.70373110649184));
#2771=CARTESIAN_POINT('',(2.33627664748111,0.889834211394442,9.6440951170012));
#2772=CARTESIAN_POINT('',(2.27589632887369,0.796955809013919,9.58371479839378));
#2773=CARTESIAN_POINT('',(2.21487237151644,0.702921628119901,9.52269084103652));
#2774=CARTESIAN_POINT('',(2.15294949015665,0.607324139989059,9.46076795967673));
#2775=CARTESIAN_POINT('',(2.09014725974232,0.510191874918107,9.39796572926239));
#2776=CARTESIAN_POINT('',(2.02610036982874,0.410974713536927,9.3339188393488));
#2777=CARTESIAN_POINT('',(1.96104235407262,0.310055992391885,9.26886082359267));
#2778=CARTESIAN_POINT('',(1.89491177745656,0.207331259245549,9.20273024697659));
#2779=CARTESIAN_POINT('',(1.82799397512001,0.103239713664994,9.13581244464004));
#2780=CARTESIAN_POINT('',(1.76028038181254,-0.00223660835747852,9.06809885133255));
#2781=CARTESIAN_POINT('',(1.71495096818096,-0.0729440448881984,9.02276943770097));
#2782=CARTESIAN_POINT('',(1.69218153047995,-0.108485814248483,8.99999999999995));
#2783=CARTESIAN_POINT('',(2.6921815304799,6.,10.));
#2784=VECTOR('',#2785,1.);
#2785=DIRECTION('',(-0.707106781186547,0.,-0.707106781186548));
#2786=CARTESIAN_POINT('',(1.6921815304799,6.,9.));
#2787=VECTOR('',#2788,1.);
#2788=DIRECTION('',(0.,0.707106781186548,0.707106781186547));
#2789=CARTESIAN_POINT('',(0.900744704483609,7.,10.));
#2790=VECTOR('',#2791,1.);
#2791=DIRECTION('',(0.,-0.707106781186548,-0.707106781186547));
#2792=CARTESIAN_POINT('',(0.900744704483609,6.,9.));
#2793=VECTOR('',#2794,1.);
#2794=DIRECTION('',(-0.707106781186547,0.,0.707106781186548));
#2795=CARTESIAN_POINT('',(-0.099255295516392,-5.82499181277181,10.));
#2796=VECTOR('',#2797,1.);
#2797=DIRECTION('',(0.707106781186547,0.,-0.707106781186548));
#2798=CARTESIAN_POINT('',(0.900744704483608,-5.8249918127718,9.));
#2799=VECTOR('',#2800,1.);
#2800=DIRECTION('',(0.,-0.707106781186548,0.707106781186547));
#2801=CARTESIAN_POINT('',(1.6921815304799,-6.8249918127718,10.));
#2802=VECTOR('',#2803,1.);
#2803=DIRECTION('',(0.,0.707106781186548,-0.707106781186547));
#2804=CARTESIAN_POINT('',(1.6921815304799,-5.8249918127718,9.));
#2805=VECTOR('',#2806,1.);
#2806=DIRECTION('',(0.707106781186547,0.,0.707106781186547));
#2807=CARTESIAN_POINT('',(2.6921815304799,-0.864987646105135,10.));
#2808=VECTOR('',#2809,1.);
#2809=DIRECTION('',(-0.666119928870402,0.335512266129544,-0.666119928870402));
#2810=CARTESIAN_POINT('',(3.89924789667099,-0.294430222463824,10.));
#2811=VECTOR('',#2812,1.);
#2812=DIRECTION('',(-0.188764517899861,0.681445490690219,-0.707106781186547));
#2813=CARTESIAN_POINT('',(5.49299455837847,-0.10111901394929,10.));
#2814=VECTOR('',#2815,1.);
#2815=DIRECTION('',(0.,0.707106781186547,-0.707106781186548));
#2816=CARTESIAN_POINT('',(7.20935493025355,-0.48777037022202,10.));
#2817=VECTOR('',#2818,1.);
#2818=DIRECTION('',(0.390040141079635,0.589803940599398,-0.707106781186547));
#2819=CARTESIAN_POINT('',(7.91190220944279,-1.39780886123191,10.));
#2820=VECTOR('',#2821,1.);
#2821=DIRECTION('',(0.689830447446087,0.155351066222063,-0.707106781186547));
#2822=CARTESIAN_POINT('',(8.02976994017192,-3.52434779882251,10.));
#2823=VECTOR('',#2824,1.);
#2824=DIRECTION('',(0.707106781186547,0.,-0.707106781186548));
#2825=CARTESIAN_POINT('',(8.02976994017192,-5.8249918127718,10.));
#2826=VECTOR('',#2827,1.);
#2827=DIRECTION('',(0.707106781186547,0.,-0.707106781186548));
#2828=CARTESIAN_POINT('',(9.02976994017192,-5.8249918127718,9.));
#2829=VECTOR('',#2830,1.);
#2830=DIRECTION('',(0.,-0.707106781186547,0.707106781186547));
#2831=CARTESIAN_POINT('',(-2.90347386733533,-1.87442172649475,9.));
#2832=VECTOR('',#2833,1.);
#2833=DIRECTION('',(0.,0.707106781186548,0.707106781186547));
#2834=CARTESIAN_POINT('',(-1.90347386733533,-1.87442172649475,10.));
#2835=VECTOR('',#2836,1.);
#2836=DIRECTION('',(-0.707106781186548,0.,-0.707106781186547));
#2837=CARTESIAN_POINT('',(-5.10977735999828,-0.874421726494748,10.));
#2838=VECTOR('',#2839,1.);
#2839=DIRECTION('',(-0.577350269189626,-0.577350269189626,-0.577350269189625));
#2840=CARTESIAN_POINT('',(-5.10977735999828,6.,10.));
#2841=VECTOR('',#2842,1.);
#2842=DIRECTION('',(-0.707106781186547,0.,-0.707106781186547));
#2843=CARTESIAN_POINT('',(-6.10977735999828,6.,9.));
#2844=VECTOR('',#2845,1.);
#2845=DIRECTION('',(0.,0.707106781186547,0.707106781186547));
#2846=CARTESIAN_POINT('',(-6.75976136733532,7.,10.));
#2847=VECTOR('',#2848,1.);
#2848=DIRECTION('',(0.,-0.707106781186547,-0.707106781186547));
#2849=CARTESIAN_POINT('',(-6.75976136733533,6.,9.));
#2850=VECTOR('',#2851,1.);
#2851=DIRECTION('',(-0.707106781186547,0.,0.707106781186547));
#2852=CARTESIAN_POINT('',(-7.75976136733533,-0.874421726494747,10.));
#2853=VECTOR('',#2854,1.);
#2854=DIRECTION('',(0.577350269189626,-0.577350269189626,-0.577350269189626));
#2855=CARTESIAN_POINT('',(-9.9661227384856,-0.874421726494747,10.));
#2856=VECTOR('',#2857,1.);
#2857=DIRECTION('',(0.,-0.707106781186547,-0.707106781186547));
#2858=CARTESIAN_POINT('',(-9.96612273848561,-1.87442172649475,9.));
#2859=VECTOR('',#2860,1.);
#2860=DIRECTION('',(-0.707106781186546,0.,0.707106781186549));
#2861=CARTESIAN_POINT('',(-10.9661227384856,-2.01514066739147,10.));
#2862=VECTOR('',#2863,1.);
#2863=DIRECTION('',(0.707106781186546,0.,-0.707106781186549));
#2864=CARTESIAN_POINT('',(-9.9661227384856,-2.01514066739147,9.));
#2865=VECTOR('',#2866,1.);
#2866=DIRECTION('',(0.,-0.707106781186548,0.707106781186547));
#2867=CARTESIAN_POINT('',(-2.90347386733533,-3.01514066739147,10.));
#2868=VECTOR('',#2869,1.);
#2869=DIRECTION('',(0.,0.707106781186548,-0.707106781186547));
#2870=CARTESIAN_POINT('',(-2.90347386733533,-2.01514066739147,9.));
#2871=VECTOR('',#2872,1.);
#2872=DIRECTION('',(0.707106781186548,0.,0.707106781186547));
ENDSEC;
END-ISO-10303-21;
