ISO-10303-21;
HEADER;
FILE_DESCRIPTION(('STEP AP242'),
    '1');
FILE_NAME('itemPillContainerCapTue',
    '',
    ('UNSPECIFIED'),
    ('UNSPECIFIED'),
    'C3D Converter',
    'C3D Toolkit',
    '');
FILE_SCHEMA(('AP242_MANAGED_MODEL_BASED_3D_ENGINEERING_MIM_LF { 1 0 10303 442 1 1 4 }'));
ENDSEC;

DATA;
#1=PRODUCT_DEFINITION('','UNSPECIFIED',#28,#31);
#2=SHAPE_DEFINITION_REPRESENTATION(#26,#3);
#3=SHAPE_REPRESENTATION('NONE',(#4),#8);
#4=AXIS2_PLACEMENT_3D('',#5,#6,#7);
#5=CARTESIAN_POINT('',(0.,0.,0.));
#6=DIRECTION('',(0.,0.,1.));
#7=DIRECTION('',(1.,0.,0.));
#8=(GEOMETRIC_REPRESENTATION_CONTEXT(3)GLOBAL_UNCERTAINTY_ASSIGNED_CONTEXT((#10))
GLOBAL_UNIT_ASSIGNED_CONTEXT((#9,#11,#12))REPRESENTATION_CONTEXT('NONE','NONE'));
#9=(LENGTH_UNIT()NAMED_UNIT(*)SI_UNIT(.MILLI.,.METRE.));
#10=UNCERTAINTY_MEASURE_WITH_UNIT(LENGTH_MEASURE(1.E-5),#9,'NONE','NONE');
#11=(NAMED_UNIT(*)PLANE_ANGLE_UNIT()SI_UNIT($,.RADIAN.));
#12=(NAMED_UNIT(*)SI_UNIT($,.STERADIAN.)SOLID_ANGLE_UNIT());
#13=MANIFOLD_SOLID_BREP('',#14);
#14=CLOSED_SHELL('',(#48,#49,#50,#51,#52,#53,#54,#55,#56,#57,#58,#59,#60,#61,#62,
#63,#64,#65,#66,#67,#68,#69,#70,#71,#72,#73,#74,#75,#76,#77,#78,#79,#80,#81,#82,
#83,#84,#85,#86,#87,#88,#89,#90,#91,#92,#93,#94,#95,#96,#97,#98,#99,#100,#101,#102,
#103,#104,#105,#106,#107,#108,#109,#110,#111,#112,#113,#114,#115,#116,#117,#118,
#119,#120,#121,#122,#123));
#15=COLOUR_RGB('',0.564705882352941,0.564705882352941,0.564705882352941);
#16=FILL_AREA_STYLE_COLOUR('',#15);
#17=FILL_AREA_STYLE($,(#16));
#18=SURFACE_STYLE_FILL_AREA(#17);
#19=SURFACE_SIDE_STYLE('',(#18));
#20=SURFACE_STYLE_USAGE(.BOTH.,#19);
#21=PRESENTATION_STYLE_ASSIGNMENT((#20));
#22=MECHANICAL_DESIGN_GEOMETRIC_PRESENTATION_REPRESENTATION('NONE',(#23),#8);
#23=STYLED_ITEM('',(#21),#13);
#24=ADVANCED_BREP_SHAPE_REPRESENTATION('NONE',(#13),#8);
#25=SHAPE_REPRESENTATION_RELATIONSHIP('','',#3,#24);
#26=PRODUCT_DEFINITION_SHAPE('NONE','NONE',#1);
#27=MECHANICAL_CONTEXT('NONE',#32,'mechanical');
#28=PRODUCT_DEFINITION_FORMATION_WITH_SPECIFIED_SOURCE('ANY','UNSPECIFIED',#29,.NOT_KNOWN.);
#29=PRODUCT('','itemPillContainerCapTue','NONE',(#27));
#30=PRODUCT_RELATED_PRODUCT_CATEGORY('detail','',(#29));
#31=DESIGN_CONTEXT('detailed design',#32,'design');
#32=APPLICATION_CONTEXT('configuration controlled 3d designs of mechanical parts and assemblies');
#33=APPLICATION_PROTOCOL_DEFINITION('international standard','config_control_design',
1994,#32);
#34=CC_DESIGN_DATE_AND_TIME_ASSIGNMENT(#35,#39,(#1));
#35=DATE_AND_TIME(#36,#37);
#36=CALENDAR_DATE(0,1,1);
#37=LOCAL_TIME(0,0,0.,#38);
#38=COORDINATED_UNIVERSAL_TIME_OFFSET(0,0,.AHEAD.);
#39=DATE_TIME_ROLE('creation_date');
#40=CC_DESIGN_APPROVAL(#41,(#1));
#41=APPROVAL(#42,'UNSPECIFIED');
#42=APPROVAL_STATUS('not_yet_approved');
#43=APPROVAL_DATE_TIME(#44,#41);
#44=DATE_AND_TIME(#45,#46);
#45=CALENDAR_DATE(0,1,1);
#46=LOCAL_TIME(0,0,0.,#47);
#47=COORDINATED_UNIVERSAL_TIME_OFFSET(0,0,.AHEAD.);
#48=ADVANCED_FACE('',(#124),#126,.T.);
#49=ADVANCED_FACE('',(#131),#133,.T.);
#50=ADVANCED_FACE('',(#138,#140,#142),#144,.T.);
#51=ADVANCED_FACE('',(#149),#151,.T.);
#52=ADVANCED_FACE('',(#156),#158,.T.);
#53=ADVANCED_FACE('',(#163),#165,.T.);
#54=ADVANCED_FACE('',(#170),#172,.T.);
#55=ADVANCED_FACE('',(#177),#179,.T.);
#56=ADVANCED_FACE('',(#184),#186,.T.);
#57=ADVANCED_FACE('',(#191),#193,.T.);
#58=ADVANCED_FACE('',(#198),#200,.T.);
#59=ADVANCED_FACE('',(#205),#207,.T.);
#60=ADVANCED_FACE('',(#212),#214,.T.);
#61=ADVANCED_FACE('',(#219),#221,.T.);
#62=ADVANCED_FACE('',(#226),#228,.T.);
#63=ADVANCED_FACE('',(#233),#235,.T.);
#64=ADVANCED_FACE('',(#240),#242,.T.);
#65=ADVANCED_FACE('',(#247),#249,.F.);
#66=ADVANCED_FACE('',(#254),#256,.F.);
#67=ADVANCED_FACE('',(#261),#263,.F.);
#68=ADVANCED_FACE('',(#268),#270,.F.);
#69=ADVANCED_FACE('',(#275),#277,.F.);
#70=ADVANCED_FACE('',(#282),#284,.F.);
#71=ADVANCED_FACE('',(#289,#291),#293,.F.);
#72=ADVANCED_FACE('',(#298,#300),#302,.T.);
#73=ADVANCED_FACE('',(#307,#309),#311,.T.);
#74=ADVANCED_FACE('',(#316),#318,.F.);
#75=ADVANCED_FACE('',(#323),#325,.T.);
#76=ADVANCED_FACE('',(#382),#384,.T.);
#77=ADVANCED_FACE('',(#389),#391,.F.);
#78=ADVANCED_FACE('',(#414),#416,.T.);
#79=ADVANCED_FACE('',(#421),#423,.F.);
#80=ADVANCED_FACE('',(#446),#448,.T.);
#81=ADVANCED_FACE('',(#453),#455,.T.);
#82=ADVANCED_FACE('',(#502),#504,.T.);
#83=ADVANCED_FACE('',(#539),#541,.T.);
#84=ADVANCED_FACE('',(#584),#586,.T.);
#85=ADVANCED_FACE('',(#627),#629,.T.);
#86=ADVANCED_FACE('',(#674),#676,.T.);
#87=ADVANCED_FACE('',(#759),#761,.T.);
#88=ADVANCED_FACE('',(#830),#832,.T.);
#89=ADVANCED_FACE('',(#879),#881,.T.);
#90=ADVANCED_FACE('',(#922),#924,.T.);
#91=ADVANCED_FACE('',(#963),#965,.T.);
#92=ADVANCED_FACE('',(#1000),#1002,.F.);
#93=ADVANCED_FACE('',(#1025),#1027,.T.);
#94=ADVANCED_FACE('',(#1032),#1034,.T.);
#95=ADVANCED_FACE('',(#1039),#1041,.F.);
#96=ADVANCED_FACE('',(#1064),#1066,.T.);
#97=ADVANCED_FACE('',(#1071),#1073,.F.);
#98=ADVANCED_FACE('',(#1096),#1098,.T.);
#99=ADVANCED_FACE('',(#1103),#1105,.T.);
#100=ADVANCED_FACE('',(#1110),#1112,.F.);
#101=ADVANCED_FACE('',(#1135),#1137,.T.);
#102=ADVANCED_FACE('',(#1142),#1144,.F.);
#103=ADVANCED_FACE('',(#1167),#1169,.T.);
#104=ADVANCED_FACE('',(#1174),#1176,.F.);
#105=ADVANCED_FACE('',(#1199),#1201,.T.);
#106=ADVANCED_FACE('',(#1206),#1208,.T.);
#107=ADVANCED_FACE('',(#1283),#1285,.T.);
#108=ADVANCED_FACE('',(#1290),#1292,.T.);
#109=ADVANCED_FACE('',(#1297),#1299,.T.);
#110=ADVANCED_FACE('',(#1304),#1306,.T.);
#111=ADVANCED_FACE('',(#1357),#1359,.T.);
#112=ADVANCED_FACE('',(#1404),#1406,.T.);
#113=ADVANCED_FACE('',(#1465),#1467,.T.);
#114=ADVANCED_FACE('',(#1520),#1522,.T.);
#115=ADVANCED_FACE('',(#1575),#1577,.T.);
#116=ADVANCED_FACE('',(#1630),#1632,.T.);
#117=ADVANCED_FACE('',(#1679),#1681,.T.);
#118=ADVANCED_FACE('',(#1686),#1688,.T.);
#119=ADVANCED_FACE('',(#1693),#1695,.T.);
#120=ADVANCED_FACE('',(#1700),#1702,.T.);
#121=ADVANCED_FACE('',(#1751),#1753,.T.);
#122=ADVANCED_FACE('',(#1798),#1800,.T.);
#123=ADVANCED_FACE('',(#1861),#1863,.T.);
#124=FACE_BOUND('',#125,.T.);
#125=EDGE_LOOP('',(#1920,#1921,#1922,#1923,#1924,#1925,#1926,#1927,#1928));
#126=PLANE('',#127);
#127=AXIS2_PLACEMENT_3D('',#128,#129,#130);
#128=CARTESIAN_POINT('',(0.,0.,10.));
#129=DIRECTION('',(0.,0.,1.));
#130=DIRECTION('',(-1.,1.22464679914735E-16,0.));
#131=FACE_BOUND('',#132,.T.);
#132=EDGE_LOOP('',(#1929,#1930,#1931,#1932,#1933,#1934,#1935,#1936,#1937));
#133=PLANE('',#134);
#134=AXIS2_PLACEMENT_3D('',#135,#136,#137);
#135=CARTESIAN_POINT('',(0.,0.,10.));
#136=DIRECTION('',(0.,0.,1.));
#137=DIRECTION('',(-1.,1.22464679914735E-16,0.));
#138=FACE_BOUND('',#139,.T.);
#139=EDGE_LOOP('',(#1938,#1939,#1940,#1941,#1942,#1943));
#140=FACE_BOUND('',#141,.T.);
#141=EDGE_LOOP('',(#1944,#1945,#1946,#1947,#1948,#1949,#1950,#1951,#1952,#1953,#1954,
#1955,#1956,#1957,#1958,#1959,#1960));
#142=FACE_BOUND('',#143,.T.);
#143=EDGE_LOOP('',(#1961,#1962,#1963,#1964,#1965,#1966,#1967,#1968,#1969,#1970,#1971,
#1972,#1973,#1974));
#144=PLANE('',#145);
#145=AXIS2_PLACEMENT_3D('',#146,#147,#148);
#146=CARTESIAN_POINT('',(0.,0.,10.));
#147=DIRECTION('',(0.,0.,1.));
#148=DIRECTION('',(-1.,1.22464679914735E-16,0.));
#149=FACE_BOUND('',#150,.T.);
#150=EDGE_LOOP('',(#1975,#1976,#1977,#1978));
#151=PLANE('',#152);
#152=AXIS2_PLACEMENT_3D('',#153,#154,#155);
#153=CARTESIAN_POINT('',(15.5,-12.9489291724392,9.));
#154=DIRECTION('',(0.707106781186548,-6.79015048390514E-16,0.707106781186548));
#155=DIRECTION('',(9.60272290489288E-16,1.,8.61552160902986E-32));
#156=FACE_BOUND('',#157,.T.);
#157=EDGE_LOOP('',(#1979,#1980,#1981,#1982));
#158=PLANE('',#159);
#159=AXIS2_PLACEMENT_3D('',#160,#161,#162);
#160=CARTESIAN_POINT('',(18.9641016151378,6.94892917243919,9.));
#161=DIRECTION('',(0.353553390593274,0.612372435695794,0.707106781186548));
#162=DIRECTION('',(-0.866025403784439,0.5,0.));
#163=FACE_BOUND('',#164,.T.);
#164=EDGE_LOOP('',(#1983,#1984,#1985,#1986));
#165=PLANE('',#166);
#166=AXIS2_PLACEMENT_3D('',#167,#168,#169);
#167=CARTESIAN_POINT('',(3.46410161513777,19.8978583448784,9.));
#168=DIRECTION('',(-0.353553390593274,0.612372435695795,0.707106781186547));
#169=DIRECTION('',(-0.866025403784439,-0.499999999999999,2.42505374425183E-17));
#170=FACE_BOUND('',#171,.T.);
#171=EDGE_LOOP('',(#1987,#1988,#1989,#1990));
#172=PLANE('',#173);
#173=AXIS2_PLACEMENT_3D('',#174,#175,#176);
#174=CARTESIAN_POINT('',(-15.5,12.9489291724392,9.));
#175=DIRECTION('',(-0.707106781186547,3.39507524195257E-16,0.707106781186548));
#176=DIRECTION('',(-4.80136145244644E-16,-1.,0.));
#177=FACE_BOUND('',#178,.T.);
#178=EDGE_LOOP('',(#1991,#1992,#1993,#1994));
#179=PLANE('',#180);
#180=AXIS2_PLACEMENT_3D('',#181,#182,#183);
#181=CARTESIAN_POINT('',(-18.9641016151378,-6.94892917243919,9.));
#182=DIRECTION('',(-0.353553390593274,-0.612372435695794,0.707106781186548));
#183=DIRECTION('',(0.866025403784438,-0.500000000000001,0.));
#184=FACE_BOUND('',#185,.T.);
#185=EDGE_LOOP('',(#1995,#1996,#1997,#1998));
#186=PLANE('',#187);
#187=AXIS2_PLACEMENT_3D('',#188,#189,#190);
#188=CARTESIAN_POINT('',(-3.46410161513776,-19.8978583448784,9.));
#189=DIRECTION('',(0.353553390593274,-0.612372435695795,0.707106781186547));
#190=DIRECTION('',(0.866025403784439,0.5,0.));
#191=FACE_BOUND('',#192,.T.);
#192=EDGE_LOOP('',(#1999,#2000,#2001,#2002,#2003,#2004,#2005,#2006));
#193=PLANE('',#194);
#194=AXIS2_PLACEMENT_3D('',#195,#196,#197);
#195=CARTESIAN_POINT('',(0.,0.,9.));
#196=DIRECTION('',(0.,0.,1.));
#197=DIRECTION('',(-1.,1.22464679914735E-16,0.));
#198=FACE_BOUND('',#199,.T.);
#199=EDGE_LOOP('',(#2007,#2008,#2009,#2010,#2011,#2012,#2013,#2014,#2015,#2016,#2017,
#2018,#2019,#2020,#2021,#2022,#2023,#2024,#2025,#2026,#2027,#2028,#2029,#2030,#2031,
#2032,#2033,#2034,#2035,#2036,#2037,#2038,#2039,#2040));
#200=PLANE('',#201);
#201=AXIS2_PLACEMENT_3D('',#202,#203,#204);
#202=CARTESIAN_POINT('',(0.,0.,9.));
#203=DIRECTION('',(0.,0.,1.));
#204=DIRECTION('',(-1.,1.22464679914735E-16,0.));
#205=FACE_BOUND('',#206,.T.);
#206=EDGE_LOOP('',(#2041,#2042,#2043,#2044));
#207=PLANE('',#208);
#208=AXIS2_PLACEMENT_3D('',#209,#210,#211);
#209=CARTESIAN_POINT('',(15.5,-8.94892917243921,5.));
#210=DIRECTION('',(1.,-9.92496870391517E-16,0.));
#211=DIRECTION('',(9.92496870391517E-16,1.,0.));
#212=FACE_BOUND('',#213,.T.);
#213=EDGE_LOOP('',(#2045,#2046,#2047,#2048));
#214=PLANE('',#215);
#215=AXIS2_PLACEMENT_3D('',#216,#217,#218);
#216=CARTESIAN_POINT('',(15.5,8.94892917243919,5.));
#217=DIRECTION('',(0.5,0.866025403784439,0.));
#218=DIRECTION('',(-0.866025403784439,0.5,0.));
#219=FACE_BOUND('',#220,.T.);
#220=EDGE_LOOP('',(#2049,#2050,#2051,#2052));
#221=PLANE('',#222);
#222=AXIS2_PLACEMENT_3D('',#223,#224,#225);
#223=CARTESIAN_POINT('',(1.06041716114854E-14,17.8978583448784,5.));
#224=DIRECTION('',(-0.499999999999999,0.866025403784439,0.));
#225=DIRECTION('',(-0.866025403784439,-0.499999999999999,0.));
#226=FACE_BOUND('',#227,.T.);
#227=EDGE_LOOP('',(#2053,#2054,#2055,#2056));
#228=PLANE('',#229);
#229=AXIS2_PLACEMENT_3D('',#230,#231,#232);
#230=CARTESIAN_POINT('',(-15.5,8.94892917243921,5.));
#231=DIRECTION('',(-1.,4.96248435195758E-16,0.));
#232=DIRECTION('',(-4.96248435195758E-16,-1.,0.));
#233=FACE_BOUND('',#234,.T.);
#234=EDGE_LOOP('',(#2057,#2058,#2059,#2060));
#235=PLANE('',#236);
#236=AXIS2_PLACEMENT_3D('',#237,#238,#239);
#237=CARTESIAN_POINT('',(-15.5,-8.94892917243919,5.));
#238=DIRECTION('',(-0.500000000000001,-0.866025403784438,0.));
#239=DIRECTION('',(0.866025403784438,-0.500000000000001,0.));
#240=FACE_BOUND('',#241,.T.);
#241=EDGE_LOOP('',(#2061,#2062,#2063,#2064));
#242=PLANE('',#243);
#243=AXIS2_PLACEMENT_3D('',#244,#245,#246);
#244=CARTESIAN_POINT('',(-1.08776687155184E-14,-17.8978583448784,5.));
#245=DIRECTION('',(0.5,-0.866025403784439,0.));
#246=DIRECTION('',(0.866025403784439,0.5,0.));
#247=FACE_BOUND('',#248,.T.);
#248=EDGE_LOOP('',(#2065,#2066,#2067,#2068));
#249=PLANE('',#250);
#250=AXIS2_PLACEMENT_3D('',#251,#252,#253);
#251=CARTESIAN_POINT('',(15.5,-12.9489291724392,6.));
#252=DIRECTION('',(-0.707106781186547,6.79015048390513E-16,0.707106781186548));
#253=DIRECTION('',(9.60272290489288E-16,1.,-8.61552160902987E-32));
#254=FACE_BOUND('',#255,.T.);
#255=EDGE_LOOP('',(#2069,#2070,#2071,#2072));
#256=PLANE('',#257);
#257=AXIS2_PLACEMENT_3D('',#258,#259,#260);
#258=CARTESIAN_POINT('',(18.9641016151378,6.94892917243919,6.));
#259=DIRECTION('',(-0.353553390593273,-0.612372435695793,0.707106781186549));
#260=DIRECTION('',(-0.866025403784439,0.5,0.));
#261=FACE_BOUND('',#262,.T.);
#262=EDGE_LOOP('',(#2073,#2074,#2075,#2076));
#263=PLANE('',#264);
#264=AXIS2_PLACEMENT_3D('',#265,#266,#267);
#265=CARTESIAN_POINT('',(3.46410161513777,19.8978583448784,6.));
#266=DIRECTION('',(0.353553390593274,-0.612372435695795,0.707106781186547));
#267=DIRECTION('',(-0.866025403784439,-0.499999999999999,0.));
#268=FACE_BOUND('',#269,.T.);
#269=EDGE_LOOP('',(#2077,#2078,#2079,#2080));
#270=PLANE('',#271);
#271=AXIS2_PLACEMENT_3D('',#272,#273,#274);
#272=CARTESIAN_POINT('',(-15.5,12.9489291724392,6.));
#273=DIRECTION('',(0.707106781186547,-3.39507524195257E-16,0.707106781186548));
#274=DIRECTION('',(-4.80136145244644E-16,-1.,-4.30776080451494E-32));
#275=FACE_BOUND('',#276,.T.);
#276=EDGE_LOOP('',(#2081,#2082,#2083,#2084));
#277=PLANE('',#278);
#278=AXIS2_PLACEMENT_3D('',#279,#280,#281);
#279=CARTESIAN_POINT('',(-18.9641016151378,-6.94892917243919,6.));
#280=DIRECTION('',(0.353553390593274,0.612372435695794,0.707106781186548));
#281=DIRECTION('',(0.866025403784438,-0.500000000000001,-2.42505374425184E-17));
#282=FACE_BOUND('',#283,.T.);
#283=EDGE_LOOP('',(#2085,#2086,#2087,#2088));
#284=PLANE('',#285);
#285=AXIS2_PLACEMENT_3D('',#286,#287,#288);
#286=CARTESIAN_POINT('',(-3.46410161513776,-19.8978583448784,6.));
#287=DIRECTION('',(-0.353553390593274,0.612372435695795,0.707106781186547));
#288=DIRECTION('',(0.866025403784439,0.5,0.));
#289=FACE_BOUND('',#290,.T.);
#290=EDGE_LOOP('',(#2089,#2090,#2091,#2092,#2093,#2094));
#291=FACE_BOUND('',#292,.T.);
#292=EDGE_LOOP('',(#2095));
#293=PLANE('',#294);
#294=AXIS2_PLACEMENT_3D('',#295,#296,#297);
#295=CARTESIAN_POINT('',(0.,0.,5.));
#296=DIRECTION('',(0.,0.,1.));
#297=DIRECTION('',(-1.,1.22464679914735E-16,0.));
#298=FACE_OUTER_BOUND('',#299,.T.);
#299=EDGE_LOOP('',(#2096));
#300=FACE_OUTER_BOUND('',#301,.T.);
#301=EDGE_LOOP('',(#2097));
#302=CONICAL_SURFACE('',#303,13.,0.785398163397448);
#303=AXIS2_PLACEMENT_3D('',#304,#305,#306);
#304=CARTESIAN_POINT('',(0.,0.,4.5));
#305=DIRECTION('',(0.,0.,1.));
#306=DIRECTION('',(-1.,1.22464679914735E-16,0.));
#307=FACE_OUTER_BOUND('',#308,.T.);
#308=EDGE_LOOP('',(#2098));
#309=FACE_OUTER_BOUND('',#310,.T.);
#310=EDGE_LOOP('',(#2099));
#311=CYLINDRICAL_SURFACE('',#312,12.5);
#312=AXIS2_PLACEMENT_3D('',#313,#314,#315);
#313=CARTESIAN_POINT('',(0.,0.,0.));
#314=DIRECTION('',(0.,0.,1.));
#315=DIRECTION('',(-1.,1.22464679914735E-16,0.));
#316=FACE_BOUND('',#317,.T.);
#317=EDGE_LOOP('',(#2100));
#318=PLANE('',#319);
#319=AXIS2_PLACEMENT_3D('',#320,#321,#322);
#320=CARTESIAN_POINT('',(0.,0.,0.));
#321=DIRECTION('',(0.,0.,1.));
#322=DIRECTION('',(-1.,1.22464679914735E-16,0.));
#323=FACE_BOUND('',#324,.T.);
#324=EDGE_LOOP('',(#2101,#2102,#2103,#2104));
#325=B_SPLINE_SURFACE_WITH_KNOTS('',3,1,(
(#326,#327),
(#328,#329),
(#330,#331),
(#332,#333),
(#334,#335),
(#336,#337),
(#338,#339),
(#340,#341),
(#342,#343),
(#344,#345),
(#346,#347),
(#348,#349),
(#350,#351),
(#352,#353),
(#354,#355),
(#356,#357),
(#358,#359),
(#360,#361),
(#362,#363),
(#364,#365),
(#366,#367),
(#368,#369),
(#370,#371),
(#372,#373),
(#374,#375),
(#376,#377),
(#378,#379),
(#380,#381)),
.UNSPECIFIED.,.F.,.F.,.F.,
(4,1,1,1,1,1,1,1,1,1,1,1,1,1,1,1,1,1,1,1,1,1,1,1,1,4),
(2,2),
(3.43462943876812,3.82713579864362,3.98511634780255,4.1300691289828,4.27508606759243,
4.42772890771239,4.59646725177572,4.7875698459271,5.00239440267065,5.23054785484544,
5.45708787270682,5.67968919435755,5.91930817006239,6.20305383242244,6.53024873292366,
6.90325642419809,7.32315853765321,7.77173081526005,8.23837476428319,8.71972048017538,
9.21231317133929,9.69625570475705,10.1562586583789,10.6064905030044,11.0270140422278,
11.5653700590685),
(0.,1.),
.UNSPECIFIED.);
#326=CARTESIAN_POINT('',(2.61201118729495,-6.68825430198475,10.));
#327=CARTESIAN_POINT('',(2.77920982667169,-5.70233107221959,9.));
#328=CARTESIAN_POINT('',(2.64957270430627,-6.69464011187998,10.));
#329=CARTESIAN_POINT('',(2.81662802707388,-5.70867540914911,9.));
#330=CARTESIAN_POINT('',(2.70794912172319,-6.7038439791071,10.));
#331=CARTESIAN_POINT('',(2.86395759396932,-5.71601931858724,9.));
#332=CARTESIAN_POINT('',(2.78390664340778,-6.71461544976094,10.));
#333=CARTESIAN_POINT('',(2.92263655926002,-5.72423122227105,9.));
#334=CARTESIAN_POINT('',(2.83217851642551,-6.72108161338158,10.));
#335=CARTESIAN_POINT('',(2.96132788494231,-5.72942489195176,9.));
#336=CARTESIAN_POINT('',(2.87836254858497,-6.7269552457669,10.));
#337=CARTESIAN_POINT('',(3.00095851011703,-5.73455198475203,9.));
#338=CARTESIAN_POINT('',(2.92665684059672,-6.73279023961422,10.));
#339=CARTESIAN_POINT('',(3.0427915934582,-5.73959923741885,9.));
#340=CARTESIAN_POINT('',(2.97912993550016,-6.7387937950075,10.));
#341=CARTESIAN_POINT('',(3.08917368218258,-5.74487186135116,9.));
#342=CARTESIAN_POINT('',(3.03763379930112,-6.74510072744991,10.));
#343=CARTESIAN_POINT('',(3.14146463054165,-5.75045480740599,9.));
#344=CARTESIAN_POINT('',(3.10219838152956,-6.75161645190219,10.));
#345=CARTESIAN_POINT('',(3.19941888457331,-5.75629206575579,9.));
#346=CARTESIAN_POINT('',(3.17113445331888,-6.75808875482879,10.));
#347=CARTESIAN_POINT('',(3.26070197423596,-5.76217275815124,9.));
#348=CARTESIAN_POINT('',(3.2397897203677,-6.76407823533472,10.));
#349=CARTESIAN_POINT('',(3.32315607050583,-5.76761629497326,9.));
#350=CARTESIAN_POINT('',(3.30911886377853,-6.76971277507491,10.));
#351=CARTESIAN_POINT('',(3.38696982188177,-5.77275499290722,9.));
#352=CARTESIAN_POINT('',(3.3838787446653,-6.77536113158498,10.));
#353=CARTESIAN_POINT('',(3.45635366171809,-5.77793266291574,9.));
#354=CARTESIAN_POINT('',(3.46929774249886,-6.78130267548659,10.));
#355=CARTESIAN_POINT('',(3.53567367317503,-5.78344459947889,9.));
#356=CARTESIAN_POINT('',(3.56902207735522,-6.78758674331175,10.));
#357=CARTESIAN_POINT('',(3.62756104124695,-5.78940033480143,9.));
#358=CARTESIAN_POINT('',(3.68075043087631,-6.79386227012845,10.));
#359=CARTESIAN_POINT('',(3.73276615153217,-5.79526053383364,9.));
#360=CARTESIAN_POINT('',(3.80388106918356,-6.79992746807953,10.));
#361=CARTESIAN_POINT('',(3.8498126103001,-5.80091674545708,9.));
#362=CARTESIAN_POINT('',(3.93667272497293,-6.80555653076337,10.));
#363=CARTESIAN_POINT('',(3.97598418811094,-5.80626697167108,9.));
#364=CARTESIAN_POINT('',(4.0765954299698,-6.81055954946154,10.));
#365=CARTESIAN_POINT('',(4.10814646218468,-5.81118541443216,9.));
#366=CARTESIAN_POINT('',(4.21894983381091,-6.81476516729083,10.));
#367=CARTESIAN_POINT('',(4.24499761558037,-5.81516621851843,9.));
#368=CARTESIAN_POINT('',(4.36251966604173,-6.81818487088383,10.));
#369=CARTESIAN_POINT('',(4.38379186056993,-5.81837454102153,9.));
#370=CARTESIAN_POINT('',(4.50424743746964,-6.82081485760723,10.));
#371=CARTESIAN_POINT('',(4.5207653003704,-5.82089989431062,9.));
#372=CARTESIAN_POINT('',(4.64253250100536,-6.8227266334237,10.));
#373=CARTESIAN_POINT('',(4.65373723861445,-5.82283963993635,9.));
#374=CARTESIAN_POINT('',(4.77242157324022,-6.8239770803203,10.));
#375=CARTESIAN_POINT('',(4.78073509553348,-5.82382527011468,9.));
#376=CARTESIAN_POINT('',(4.91017831919492,-6.82479453674125,10.));
#377=CARTESIAN_POINT('',(4.91546466448198,-5.82445615974401,9.));
#378=CARTESIAN_POINT('',(5.00505805175569,-6.82499159476388,10.));
#379=CARTESIAN_POINT('',(5.00743814515182,-5.82476482333291,9.));
#380=CARTESIAN_POINT('',(5.05921213362603,-6.8249918127718,10.));
#381=CARTESIAN_POINT('',(5.05921168425618,-5.82499185558101,9.));
#382=FACE_BOUND('',#383,.T.);
#383=EDGE_LOOP('',(#2105,#2106,#2107,#2108));
#384=PLANE('',#385);
#385=AXIS2_PLACEMENT_3D('',#386,#387,#388);
#386=CARTESIAN_POINT('',(1.05920190896722,-6.8249918127718,10.));
#387=DIRECTION('',(0.,0.707106781186547,0.707106781186548));
#388=DIRECTION('',(1.,0.,0.));
#389=FACE_BOUND('',#390,.T.);
#390=EDGE_LOOP('',(#2109,#2110,#2111));
#391=B_SPLINE_SURFACE_WITH_KNOTS('',3,1,(
(#392,#393),
(#394,#395),
(#396,#397),
(#398,#399),
(#400,#401),
(#402,#403),
(#404,#405),
(#406,#407),
(#408,#409),
(#410,#411),
(#412,#413)),
.UNSPECIFIED.,.F.,.F.,.F.,
(4,1,1,1,1,1,1,1,4),
(2,2),
(-1.27323954473516E-5,0.23990408097771,0.345394437084318,0.447680860135117,0.551874389802968,
0.657514637199647,0.763820134213276,0.861160083915153,1.00001273239545),
(0.,1.),
.UNSPECIFIED.);
#392=CARTESIAN_POINT('',(9.58541342622263,-5.8249918127718,9.));
#393=CARTESIAN_POINT('',(9.58539342622263,-6.8249918125718,10.));
#394=CARTESIAN_POINT('',(9.58541342622263,-5.8249918127718,9.));
#395=CARTESIAN_POINT('',(9.71104447790466,-6.8251563362968,10.));
#396=CARTESIAN_POINT('',(9.58541342622263,-5.8249918127718,9.));
#397=CARTESIAN_POINT('',(9.89179269811869,-6.79043514442152,10.));
#398=CARTESIAN_POINT('',(9.58541342622263,-5.8249918127718,9.));
#399=CARTESIAN_POINT('',(10.1025890573989,-6.68606246373072,10.));
#400=CARTESIAN_POINT('',(9.58541342622263,-5.8249918127718,9.));
#401=CARTESIAN_POINT('',(10.2356892603831,-6.59046361876706,10.));
#402=CARTESIAN_POINT('',(9.58541342622263,-5.8249918127718,9.));
#403=CARTESIAN_POINT('',(10.3516768164422,-6.47455683345193,10.));
#404=CARTESIAN_POINT('',(9.58541342622263,-5.8249918127718,9.));
#405=CARTESIAN_POINT('',(10.4483155223327,-6.33946249213481,10.));
#406=CARTESIAN_POINT('',(9.58541342622263,-5.8249918127718,9.));
#407=CARTESIAN_POINT('',(10.5196540532117,-6.19345154282756,10.));
#408=CARTESIAN_POINT('',(9.58541342622263,-5.8249918127718,9.));
#409=CARTESIAN_POINT('',(10.571867880966,-6.02134011117528,10.));
#410=CARTESIAN_POINT('',(9.58541342622263,-5.8249918127718,9.));
#411=CARTESIAN_POINT('',(10.5854265225951,-5.89767598000867,10.));
#412=CARTESIAN_POINT('',(9.58541342622263,-5.8249918127718,9.));
#413=CARTESIAN_POINT('',(10.5854134260226,-5.8249718127718,10.));
#414=FACE_BOUND('',#415,.T.);
#415=EDGE_LOOP('',(#2112,#2113,#2114,#2115));
#416=PLANE('',#417);
#417=AXIS2_PLACEMENT_3D('',#418,#419,#420);
#418=CARTESIAN_POINT('',(10.5854134262226,-9.8249918127718,10.));
#419=DIRECTION('',(-0.707106781186547,0.,0.707106781186548));
#420=DIRECTION('',(0.,1.,0.));
#421=FACE_BOUND('',#422,.T.);
#422=EDGE_LOOP('',(#2116,#2117,#2118));
#423=B_SPLINE_SURFACE_WITH_KNOTS('',3,1,(
(#424,#425),
(#426,#427),
(#428,#429),
(#430,#431),
(#432,#433),
(#434,#435),
(#436,#437),
(#438,#439),
(#440,#441),
(#442,#443),
(#444,#445)),
.UNSPECIFIED.,.F.,.F.,.F.,
(4,1,1,1,1,1,1,1,4),
(2,2),
(-1.27323954473516E-5,0.239904080977014,0.345394437083533,0.447680860134344,0.551874389802173,
0.657514637198793,0.763820134212416,0.861160083914331,1.00001273239545),
(0.,1.),
.UNSPECIFIED.);
#424=CARTESIAN_POINT('',(9.58541342622263,6.,9.));
#425=CARTESIAN_POINT('',(10.5854134260226,5.99998,10.));
#426=CARTESIAN_POINT('',(9.58541342622263,6.,9.));
#427=CARTESIAN_POINT('',(10.5855779497476,6.12563105168166,10.));
#428=CARTESIAN_POINT('',(9.58541342622263,6.,9.));
#429=CARTESIAN_POINT('',(10.5508567578725,6.30637927189529,10.));
#430=CARTESIAN_POINT('',(9.58541342622263,6.,9.));
#431=CARTESIAN_POINT('',(10.4464840771822,6.51717563117529,10.));
#432=CARTESIAN_POINT('',(9.58541342622263,6.,9.));
#433=CARTESIAN_POINT('',(10.3508852322187,6.6502758341595,10.));
#434=CARTESIAN_POINT('',(9.58541342622263,6.,9.));
#435=CARTESIAN_POINT('',(10.2349784469037,6.76626339021874,10.));
#436=CARTESIAN_POINT('',(9.58541342622263,6.,9.));
#437=CARTESIAN_POINT('',(10.0998841055868,6.86290209610944,10.));
#438=CARTESIAN_POINT('',(9.58541342622263,6.,9.));
#439=CARTESIAN_POINT('',(9.95387315627963,6.93424062698863,10.));
#440=CARTESIAN_POINT('',(9.58541342622264,6.,9.00000000000001));
#441=CARTESIAN_POINT('',(9.781761724627,6.98645445474324,10.));
#442=CARTESIAN_POINT('',(9.58541342622263,6.,9.));
#443=CARTESIAN_POINT('',(9.65809759345992,7.00001309637245,10.));
#444=CARTESIAN_POINT('',(9.58541342622263,6.,9.));
#445=CARTESIAN_POINT('',(9.58539342622263,6.9999999998,10.));
#446=FACE_BOUND('',#447,.T.);
#447=EDGE_LOOP('',(#2119,#2120,#2121,#2122));
#448=PLANE('',#449);
#449=AXIS2_PLACEMENT_3D('',#450,#451,#452);
#450=CARTESIAN_POINT('',(13.5854134262226,7.,10.));
#451=DIRECTION('',(0.,-0.707106781186548,0.707106781186547));
#452=DIRECTION('',(-1.,0.,0.));
#453=FACE_BOUND('',#454,.T.);
#454=EDGE_LOOP('',(#2123,#2124,#2125,#2126));
#455=B_SPLINE_SURFACE_WITH_KNOTS('',3,1,(
(#456,#457),
(#458,#459),
(#460,#461),
(#462,#463),
(#464,#465),
(#466,#467),
(#468,#469),
(#470,#471),
(#472,#473),
(#474,#475),
(#476,#477),
(#478,#479),
(#480,#481),
(#482,#483),
(#484,#485),
(#486,#487),
(#488,#489),
(#490,#491),
(#492,#493),
(#494,#495),
(#496,#497),
(#498,#499),
(#500,#501)),
.UNSPECIFIED.,.F.,.F.,.F.,
(4,1,1,1,1,1,1,1,1,1,1,1,1,1,1,1,1,1,1,1,4),
(2,2),
(3.76130462189913,5.1139979047389,5.65758582156839,6.2207418544733,6.97200281708549,
8.00223324039468,9.21099561377318,10.4126629572548,11.4497749825214,12.3132958135313,
13.0588822541745,13.7153056196979,14.2964204036368,14.8075699508497,15.2164973501662,
15.5029812627426,15.6656284065086,15.7745201347164,15.8767293873171,15.9936621733463,
16.2386960611271),
(0.,1.),
.UNSPECIFIED.);
#456=CARTESIAN_POINT('',(5.87968486485199,7.00000007077491,10.));
#457=CARTESIAN_POINT('',(5.88675441089606,6.00002506032779,9.));
#458=CARTESIAN_POINT('',(5.75956248948561,6.99915028308532,10.));
#459=CARTESIAN_POINT('',(5.76722618601041,5.99892176933507,9.00000000000001));
#460=CARTESIAN_POINT('',(5.59197754283734,6.99781744960744,10.));
#461=CARTESIAN_POINT('',(5.59964220561035,5.99751480016283,9.));
#462=CARTESIAN_POINT('',(5.3740158896012,6.995766437303,10.));
#463=CARTESIAN_POINT('',(5.38230764191097,5.99562061142446,9.));
#464=CARTESIAN_POINT('',(5.20887327213554,6.99406188385606,10.));
#465=CARTESIAN_POINT('',(5.21815548454813,5.99406839727299,9.));
#466=CARTESIAN_POINT('',(4.99898827679062,6.99164976335851,10.));
#467=CARTESIAN_POINT('',(5.01111092701645,5.99177016814969,9.));
#468=CARTESIAN_POINT('',(4.73166760810136,6.9881011144025,10.));
#469=CARTESIAN_POINT('',(4.74722537108698,5.98815999853085,9.));
#470=CARTESIAN_POINT('',(4.42790339767838,6.98328863969947,10.));
#471=CARTESIAN_POINT('',(4.44374536026809,5.98348378856308,9.));
#472=CARTESIAN_POINT('',(4.11871054882819,6.97733447908338,10.));
#473=CARTESIAN_POINT('',(4.1401274223432,5.97754025938887,9.));
#474=CARTESIAN_POINT('',(3.84227734436296,6.97088377719813,10.));
#475=CARTESIAN_POINT('',(3.86737535170186,5.971207846328,9.));
#476=CARTESIAN_POINT('',(3.60588958370131,6.96433633369098,10.));
#477=CARTESIAN_POINT('',(3.63516912412947,5.9647817736957,9.));
#478=CARTESIAN_POINT('',(3.40160267554816,6.95769565456894,10.));
#479=CARTESIAN_POINT('',(3.43709158465017,5.95829169266857,9.));
#480=CARTESIAN_POINT('',(3.22468929819623,6.95101495336185,10.));
#481=CARTESIAN_POINT('',(3.2641127145423,5.95183598231252,9.));
#482=CARTESIAN_POINT('',(3.06501631820755,6.94401082547444,10.));
#483=CARTESIAN_POINT('',(3.11264673563723,5.94509530527433,9.));
#484=CARTESIAN_POINT('',(2.9294130512292,6.93710141093446,9.99999999999999));
#485=CARTESIAN_POINT('',(2.98333336008452,5.93857698156211,9.));
#486=CARTESIAN_POINT('',(2.81877398451929,6.93058709657115,10.));
#487=CARTESIAN_POINT('',(2.88042184011114,5.93249059315038,9.));
#488=CARTESIAN_POINT('',(2.73855479400399,6.92520988723145,10.));
#489=CARTESIAN_POINT('',(2.80831487650832,5.92764296083122,9.));
#490=CARTESIAN_POINT('',(2.68589584804711,6.92131600975914,10.));
#491=CARTESIAN_POINT('',(2.76198146027444,5.92419553388609,9.));
#492=CARTESIAN_POINT('',(2.65094313240147,6.91856305295377,10.));
#493=CARTESIAN_POINT('',(2.73111477166478,5.9217845631841,9.));
#494=CARTESIAN_POINT('',(2.61964082241957,6.91596441333927,10.));
#495=CARTESIAN_POINT('',(2.70438773296467,5.91957652934069,9.));
#496=CARTESIAN_POINT('',(2.57397570814225,6.9119471693827,10.));
#497=CARTESIAN_POINT('',(2.66710034171229,5.91623892206352,9.));
#498=CARTESIAN_POINT('',(2.53493972732118,6.90810733902977,10.));
#499=CARTESIAN_POINT('',(2.64076539363654,5.9137015700809,9.));
#500=CARTESIAN_POINT('',(2.51298213677849,6.90571623688998,10.));
#501=CARTESIAN_POINT('',(2.6204274132739,5.91150523687059,9.));
#502=FACE_BOUND('',#503,.T.);
#503=EDGE_LOOP('',(#2127,#2128,#2129,#2130));
#504=B_SPLINE_SURFACE_WITH_KNOTS('',3,1,(
(#505,#506),
(#507,#508),
(#509,#510),
(#511,#512),
(#513,#514),
(#515,#516),
(#517,#518),
(#519,#520),
(#521,#522),
(#523,#524),
(#525,#526),
(#527,#528),
(#529,#530),
(#531,#532),
(#533,#534),
(#535,#536),
(#537,#538)),
.UNSPECIFIED.,.F.,.F.,.F.,
(4,1,1,1,1,1,1,1,1,1,1,1,1,1,4),
(2,2),
(4.01734774819497,5.26775035134727,5.7190862118632,6.07066363788943,6.38762985815615,
6.73504298209992,7.11675467613534,7.54923090932686,8.01827430559766,8.52586216237897,
9.04867852950841,9.55676555688411,10.0520255241112,10.4984541490168,10.9826516033195),
(0.,1.),
.UNSPECIFIED.);
#505=CARTESIAN_POINT('',(2.51300247060984,6.90571845569359,10.));
#506=CARTESIAN_POINT('',(2.62254874442816,5.91173675873306,9.));
#507=CARTESIAN_POINT('',(2.40939278708689,6.89441598140249,10.));
#508=CARTESIAN_POINT('',(2.51969212161553,5.90040900989445,9.));
#509=CARTESIAN_POINT('',(2.25115776510644,6.87260076687352,10.));
#510=CARTESIAN_POINT('',(2.39576218487171,5.88301015927348,9.));
#511=CARTESIAN_POINT('',(2.05713079646399,6.83577758403913,10.));
#512=CARTESIAN_POINT('',(2.25231363048402,5.85523025105214,9.));
#513=CARTESIAN_POINT('',(1.95294185797511,6.81335698333747,10.));
#514=CARTESIAN_POINT('',(2.17348272778812,5.83791886748261,9.));
#515=CARTESIAN_POINT('',(1.86005392139061,6.79135281299649,10.));
#516=CARTESIAN_POINT('',(2.101026044263,5.82058027518532,9.));
#517=CARTESIAN_POINT('',(1.76412669637622,6.7664751301841,10.));
#518=CARTESIAN_POINT('',(2.02726763288376,5.8014672556168,9.));
#519=CARTESIAN_POINT('',(1.65794268499146,6.73617051126302,10.));
#520=CARTESIAN_POINT('',(1.94611151144616,5.77843262543195,9.));
#521=CARTESIAN_POINT('',(1.54092696591057,6.69918481390814,10.));
#522=CARTESIAN_POINT('',(1.85778709988034,5.75066826305533,9.));
#523=CARTESIAN_POINT('',(1.4130697881333,6.65413658737453,10.));
#524=CARTESIAN_POINT('',(1.76295303833051,5.71700698172475,9.));
#525=CARTESIAN_POINT('',(1.27756157137681,6.60066899904112,10.));
#526=CARTESIAN_POINT('',(1.66386021515601,5.67785327660268,9.));
#527=CARTESIAN_POINT('',(1.13981718007934,6.53963805951029,10.));
#528=CARTESIAN_POINT('',(1.56441233318607,5.63399365293298,9.));
#529=CARTESIAN_POINT('',(1.00550898619647,6.47307290119711,10.));
#530=CARTESIAN_POINT('',(1.46882690490281,5.58649711619666,9.));
#531=CARTESIAN_POINT('',(0.879703674778689,6.40374359359244,10.));
#532=CARTESIAN_POINT('',(1.38055890189348,5.53774267091898,9.));
#533=CARTESIAN_POINT('',(0.758124818979225,6.32984478856091,10.));
#534=CARTESIAN_POINT('',(1.29610915354578,5.48648590925121,9.));
#535=CARTESIAN_POINT('',(0.680691711123063,6.27809235676265,10.));
#536=CARTESIAN_POINT('',(1.24275305456103,5.45086136412988,9.));
#537=CARTESIAN_POINT('',(0.641018535887017,6.25024671525282,10.));
#538=CARTESIAN_POINT('',(1.21550737223142,5.431734298164,9.));
#539=FACE_BOUND('',#540,.T.);
#540=EDGE_LOOP('',(#2131,#2132,#2133,#2134));
#541=B_SPLINE_SURFACE_WITH_KNOTS('',3,1,(
(#542,#543),
(#544,#545),
(#546,#547),
(#548,#549),
(#550,#551),
(#552,#553),
(#554,#555),
(#556,#557),
(#558,#559),
(#560,#561),
(#562,#563),
(#564,#565),
(#566,#567),
(#568,#569),
(#570,#571),
(#572,#573),
(#574,#575),
(#576,#577),
(#578,#579),
(#580,#581),
(#582,#583)),
.UNSPECIFIED.,.F.,.F.,.F.,
(4,1,1,1,1,1,1,1,1,1,1,1,1,1,1,1,1,1,4),
(2,2),
(3.60160596418047,4.34702352870163,4.60440642268281,4.79441381020898,4.9559205694165,
5.11045266001905,5.29234436596302,5.52045938898223,5.81713795819098,6.16660290335709,
6.55848229212199,6.96358057294218,7.36978059495867,7.74753354453139,8.07643852870198,
8.36541818836364,8.65793485092387,8.98196532399153,9.39839362772809),
(0.,1.),
.UNSPECIFIED.);
#542=CARTESIAN_POINT('',(0.641036409266491,6.25025925993542,10.));
#543=CARTESIAN_POINT('',(1.21552223940531,5.43174473289897,9.));
#544=CARTESIAN_POINT('',(0.584236437365133,6.21055175200203,10.));
#545=CARTESIAN_POINT('',(1.15925605214818,5.39225374146257,9.00000000000001));
#546=CARTESIAN_POINT('',(0.495472133305209,6.14442916382316,10.));
#547=CARTESIAN_POINT('',(1.09683403058888,5.34515529116856,9.));
#548=CARTESIAN_POINT('',(0.389717288111521,6.05702724671982,10.));
#549=CARTESIAN_POINT('',(1.02942396777526,5.28866838957757,9.));
#550=CARTESIAN_POINT('',(0.337073449130005,6.0115488056604,10.));
#551=CARTESIAN_POINT('',(0.995421043989284,5.25892043631691,9.));
#552=CARTESIAN_POINT('',(0.294777002195325,5.97373472596179,9.99999999999999));
#553=CARTESIAN_POINT('',(0.966914458848592,5.23324032671938,9.));
#554=CARTESIAN_POINT('',(0.254999942740241,5.93710473619576,10.));
#555=CARTESIAN_POINT('',(0.938127355429571,5.20676152198342,9.));
#556=CARTESIAN_POINT('',(0.210251302982345,5.89460016398555,10.));
#557=CARTESIAN_POINT('',(0.906087107627209,5.17629524172678,9.));
#558=CARTESIAN_POINT('',(0.155236505011512,5.84030925961813,9.99999999999999));
#559=CARTESIAN_POINT('',(0.866609905966884,5.13730673711799,9.));
#560=CARTESIAN_POINT('',(0.088743545316785,5.77142890011771,10.));
#561=CARTESIAN_POINT('',(0.818923809959649,5.08786716288665,9.));
#562=CARTESIAN_POINT('',(0.0123960113016578,5.68747020538036,9.99999999999999));
#563=CARTESIAN_POINT('',(0.763959162777833,5.02743338103693,8.99999999999999));
#564=CARTESIAN_POINT('',(-0.0681062115782496,5.59273694788827,10.));
#565=CARTESIAN_POINT('',(0.705437440993584,4.95873938509101,9.));
#566=CARTESIAN_POINT('',(-0.149033162317679,5.49037264728915,10.));
#567=CARTESIAN_POINT('',(0.646460314045931,4.88405591228872,9.));
#568=CARTESIAN_POINT('',(-0.225257817137485,5.38659878355663,10.));
#569=CARTESIAN_POINT('',(0.590591714710791,4.80787271164533,9.));
#570=CARTESIAN_POINT('',(-0.293005917851407,5.28758902621568,10.));
#571=CARTESIAN_POINT('',(0.540501671736776,4.73467416141736,9.));
#572=CARTESIAN_POINT('',(-0.350538152154968,5.19803196502986,10.));
#573=CARTESIAN_POINT('',(0.497367423086366,4.66783636371475,9.));
#574=CARTESIAN_POINT('',(-0.401569208380387,5.11405734403496,10.));
#575=CARTESIAN_POINT('',(0.460634732662562,4.60622988850558,9.));
#576=CARTESIAN_POINT('',(-0.45028715647344,5.02953002564686,10.));
#577=CARTESIAN_POINT('',(0.425481415222027,4.54386617727446,9.));
#578=CARTESIAN_POINT('',(-0.503007330383003,4.93279007307886,10.));
#579=CARTESIAN_POINT('',(0.386058346179371,4.47085624255788,9.));
#580=CARTESIAN_POINT('',(-0.537977176682371,4.86417721875004,10.));
#581=CARTESIAN_POINT('',(0.357335805809832,4.41633334411442,9.));
#582=CARTESIAN_POINT('',(-0.556637874671571,4.82625210925263,10.));
#583=CARTESIAN_POINT('',(0.340621206343716,4.38474831333527,9.));
#584=FACE_BOUND('',#585,.T.);
#585=EDGE_LOOP('',(#2135,#2136,#2137,#2138));
#586=B_SPLINE_SURFACE_WITH_KNOTS('',3,1,(
(#587,#588),
(#589,#590),
(#591,#592),
(#593,#594),
(#595,#596),
(#597,#598),
(#599,#600),
(#601,#602),
(#603,#604),
(#605,#606),
(#607,#608),
(#609,#610),
(#611,#612),
(#613,#614),
(#615,#616),
(#617,#618),
(#619,#620),
(#621,#622),
(#623,#624),
(#625,#626)),
.UNSPECIFIED.,.F.,.F.,.F.,
(4,1,1,1,1,1,1,1,1,1,1,1,1,1,1,1,1,4),
(2,2),
(3.5544790863079,4.46978867549839,4.79768615411379,5.05652869873363,5.27938724281117,
5.49532207807054,5.75157280873703,6.07585270351018,6.47134176506196,6.88172312271296,
7.28348979586492,7.65735563872504,8.00532751259248,8.31640789643217,8.60731667942619,
8.90103047786034,9.18152126171619,9.44552063402744),
(0.,1.),
.UNSPECIFIED.);
#587=CARTESIAN_POINT('',(-0.556628662436886,4.82627083100889,10.));
#588=CARTESIAN_POINT('',(0.340629907100468,4.38476538439268,9.));
#589=CARTESIAN_POINT('',(-0.594744698693133,4.74903624454705,10.));
#590=CARTESIAN_POINT('',(0.302820116540022,4.30792558948001,9.));
#591=CARTESIAN_POINT('',(-0.650170459106303,4.6283932598204,10.));
#592=CARTESIAN_POINT('',(0.260160507979141,4.21417770929267,9.00000000000001));
#593=CARTESIAN_POINT('',(-0.712364209000451,4.47418853424486,9.99999999999999));
#594=CARTESIAN_POINT('',(0.216243415174378,4.10388581625969,8.99999999999999));
#595=CARTESIAN_POINT('',(-0.743961952384608,4.39050956987032,10.));
#596=CARTESIAN_POINT('',(0.193914207984033,4.04389799284108,9.00000000000001));
#597=CARTESIAN_POINT('',(-0.769475984164602,4.31897728277543,9.99999999999999));
#598=CARTESIAN_POINT('',(0.175268169291757,3.9910489605437,8.99999999999999));
#599=CARTESIAN_POINT('',(-0.793228275000218,4.24873520018318,10.));
#600=CARTESIAN_POINT('',(0.15702305357611,3.93690726272594,9.));
#601=CARTESIAN_POINT('',(-0.819244097209222,4.16700928378988,10.));
#602=CARTESIAN_POINT('',(0.137313697847327,3.87482592722168,9.));
#603=CARTESIAN_POINT('',(-0.848909909748643,4.06598632400287,10.));
#604=CARTESIAN_POINT('',(0.114788123617799,3.79819042411125,9.));
#605=CARTESIAN_POINT('',(-0.880035738324408,3.94771348248187,10.));
#606=CARTESIAN_POINT('',(0.0912452463157727,3.70897841703158,9.));
#607=CARTESIAN_POINT('',(-0.909179416132143,3.82043319969293,10.));
#608=CARTESIAN_POINT('',(0.0692478658883177,3.61314448328461,9.));
#609=CARTESIAN_POINT('',(-0.933657386799969,3.69481625948707,10.));
#610=CARTESIAN_POINT('',(0.0509123772981814,3.51863592119407,9.));
#611=CARTESIAN_POINT('',(-0.953206553553521,3.57436953544233,10.));
#612=CARTESIAN_POINT('',(0.036308073074912,3.42851676605708,9.));
#613=CARTESIAN_POINT('',(-0.967901096558943,3.46309953128806,10.));
#614=CARTESIAN_POINT('',(0.0252970788183393,3.34529698114883,9.));
#615=CARTESIAN_POINT('',(-0.978643054743663,3.36035757034235,10.));
#616=CARTESIAN_POINT('',(0.0172842487645226,3.26864527121895,9.));
#617=CARTESIAN_POINT('',(-0.986336224685758,3.26397050452308,10.));
#618=CARTESIAN_POINT('',(0.0113514750638715,3.19593343891146,9.));
#619=CARTESIAN_POINT('',(-0.991619486305109,3.16943878809593,10.));
#620=CARTESIAN_POINT('',(0.00793047798620517,3.1267747007736,9.));
#621=CARTESIAN_POINT('',(-0.99456497410361,3.07757180852958,9.99999999999999));
#622=CARTESIAN_POINT('',(0.00623127063028682,3.05966047692319,9.));
#623=CARTESIAN_POINT('',(-0.995142813889212,3.01952124892048,10.));
#624=CARTESIAN_POINT('',(0.00536269675662062,3.01456472722233,9.));
#625=CARTESIAN_POINT('',(-0.995142722463823,2.99208067398173,10.));
#626=CARTESIAN_POINT('',(0.00485707499258885,2.99208266038348,9.));
#627=FACE_BOUND('',#628,.T.);
#628=EDGE_LOOP('',(#2139,#2140,#2141,#2142));
#629=B_SPLINE_SURFACE_WITH_KNOTS('',3,1,(
(#630,#631),
(#632,#633),
(#634,#635),
(#636,#637),
(#638,#639),
(#640,#641),
(#642,#643),
(#644,#645),
(#646,#647),
(#648,#649),
(#650,#651),
(#652,#653),
(#654,#655),
(#656,#657),
(#658,#659),
(#660,#661),
(#662,#663),
(#664,#665),
(#666,#667),
(#668,#669),
(#670,#671),
(#672,#673)),
.UNSPECIFIED.,.F.,.F.,.F.,
(4,1,1,1,1,1,1,1,1,1,1,1,1,1,1,1,1,1,1,4),
(2,2),
(4.12727681421947,5.16903298063911,5.54362872382991,5.80713590743615,6.01669097274329,
6.21317844179643,6.45187229104593,6.74985422787227,7.09851477038954,7.47138641761617,
7.88043081285151,8.30839864137953,8.74946707241292,9.17182825760652,9.58658274140573,
10.0065142541208,10.4120140669697,10.8267079711341,11.2360498203292,11.8727226079629),
(0.,1.),
.UNSPECIFIED.);
#630=CARTESIAN_POINT('',(-0.995142722463823,2.99210171142244,10.));
#631=CARTESIAN_POINT('',(0.00485727753617682,2.99210162188778,9.));
#632=CARTESIAN_POINT('',(-0.99530453010266,2.90746334699161,10.));
#633=CARTESIAN_POINT('',(0.00485692285978448,2.90827889224554,9.));
#634=CARTESIAN_POINT('',(-0.991291611183974,2.77209779057889,9.99999999999999));
#635=CARTESIAN_POINT('',(0.0081784070421324,2.81145952689065,9.));
#636=CARTESIAN_POINT('',(-0.977299227554152,2.60786183629337,10.));
#637=CARTESIAN_POINT('',(0.0181793850630208,2.70134859768877,9.00000000000001));
#638=CARTESIAN_POINT('',(-0.968295959541831,2.52632896078633,10.));
#639=CARTESIAN_POINT('',(0.0246624810688301,2.64502158598326,9.));
#640=CARTESIAN_POINT('',(-0.960209341721045,2.46363527498819,10.));
#641=CARTESIAN_POINT('',(0.0306469704734327,2.59925050814107,9.));
#642=CARTESIAN_POINT('',(-0.951387859547355,2.40286744245754,10.));
#643=CARTESIAN_POINT('',(0.0370383587102973,2.55551652030384,9.));
#644=CARTESIAN_POINT('',(-0.940117559086531,2.33375431616528,10.));
#645=CARTESIAN_POINT('',(0.045115114908389,2.50594424890205,9.));
#646=CARTESIAN_POINT('',(-0.924617901108392,2.25025972021028,10.));
#647=CARTESIAN_POINT('',(0.0561018031605729,2.44650078111982,9.));
#648=CARTESIAN_POINT('',(-0.90410737188297,2.15431872187578,10.));
#649=CARTESIAN_POINT('',(0.0705263137764603,2.37866172907887,9.));
#650=CARTESIAN_POINT('',(-0.878101440096242,2.04869175593542,10.));
#651=CARTESIAN_POINT('',(0.0888420939484206,2.30442322406669,9.));
#652=CARTESIAN_POINT('',(-0.84625708203991,1.93601284487991,10.));
#653=CARTESIAN_POINT('',(0.111099048077822,2.22599578884688,9.00000000000001));
#654=CARTESIAN_POINT('',(-0.807895623242181,1.81741261886287,10.));
#655=CARTESIAN_POINT('',(0.137523965928513,2.14419580477052,9.));
#656=CARTESIAN_POINT('',(-0.76438275643032,1.69912074908829,10.));
#657=CARTESIAN_POINT('',(0.167364396039414,2.0628930733069,9.));
#658=CARTESIAN_POINT('',(-0.716968195259455,1.58440123358471,10.));
#659=CARTESIAN_POINT('',(0.20003687731774,1.98393311331642,9.));
#660=CARTESIAN_POINT('',(-0.665622265452026,1.47256787529094,9.99999999999999));
#661=CARTESIAN_POINT('',(0.235175677110845,1.90749542915021,8.99999999999999));
#662=CARTESIAN_POINT('',(-0.610701277404689,1.36423197196156,10.));
#663=CARTESIAN_POINT('',(0.272724093239323,1.83340946902542,9.));
#664=CARTESIAN_POINT('',(-0.552169319318024,1.25886515816251,10.));
#665=CARTESIAN_POINT('',(0.313001403565839,1.76076910035798,9.));
#666=CARTESIAN_POINT('',(-0.490426155925452,1.15681552264654,10.));
#667=CARTESIAN_POINT('',(0.355741277015966,1.69010667415419,9.));
#668=CARTESIAN_POINT('',(-0.412600221392699,1.03826992858222,10.));
#669=CARTESIAN_POINT('',(0.409831624762579,1.60775968305835,9.));
#670=CARTESIAN_POINT('',(-0.353299817787535,0.956414740607295,10.));
#671=CARTESIAN_POINT('',(0.451423967628007,1.55033644894313,9.));
#672=CARTESIAN_POINT('',(-0.316144540552884,0.907909823809827,10.));
#673=CARTESIAN_POINT('',(0.477729178303912,1.51599248144766,9.));
#674=FACE_BOUND('',#675,.T.);
#675=EDGE_LOOP('',(#2143,#2144,#2145,#2146,#2147,#2148,#2149));
#676=B_SPLINE_SURFACE_WITH_KNOTS('',3,1,(
(#677,#678),
(#679,#680),
(#681,#682),
(#683,#684),
(#685,#686),
(#687,#688),
(#689,#690),
(#691,#692),
(#693,#694),
(#695,#696),
(#697,#698),
(#699,#700),
(#701,#702),
(#703,#704),
(#705,#706),
(#707,#708),
(#709,#710),
(#711,#712),
(#713,#714),
(#715,#716),
(#717,#718),
(#719,#720),
(#721,#722),
(#723,#724),
(#725,#726),
(#727,#728),
(#729,#730),
(#731,#732),
(#733,#734),
(#735,#736),
(#737,#738),
(#739,#740),
(#741,#742),
(#743,#744),
(#745,#746),
(#747,#748),
(#749,#750),
(#751,#752),
(#753,#754),
(#755,#756),
(#757,#758)),
.UNSPECIFIED.,.F.,.F.,.F.,
(4,1,1,1,1,1,1,1,1,1,1,1,1,1,1,1,1,1,1,1,1,1,1,1,1,1,1,1,1,1,1,1,1,1,1,1,1,1,4),
(2,2),
(3.74154219897824,4.29819231746595,4.53066142400041,4.74266633363558,4.91783297381331,
5.06025146887478,5.20230720510614,5.38582485449873,5.63591826697767,5.95161167214152,
6.30901703545858,6.69048042398926,7.08911250531082,7.52147586836358,7.98445336087328,
8.46705574649728,8.95538257920144,9.43542228484826,9.91772801090921,10.3404615057591,
10.686593049059,10.9246188353664,11.1015959762781,11.2431161472293,11.4044292003706,
11.599121217478,11.8188407366736,12.0707361108075,12.3568573165864,12.6819377599089,
12.9949724320976,13.2908817068907,13.6769337693996,14.2803834804618,15.2703897199281,
16.5726311024192,18.0385824409045,19.4172051120184,21.3784334122665),
(0.,1.),
.UNSPECIFIED.);
#677=CARTESIAN_POINT('',(-0.31615776538329,0.907927089420402,10.));
#678=CARTESIAN_POINT('',(0.477718055519265,1.51600700274291,9.));
#679=CARTESIAN_POINT('',(-0.285840777218211,0.868260649785288,10.));
#680=CARTESIAN_POINT('',(0.507708541069675,1.47685298989767,9.));
#681=CARTESIAN_POINT('',(-0.233861646170352,0.803434439705702,10.));
#682=CARTESIAN_POINT('',(0.545514880823546,1.43021966831453,9.));
#683=CARTESIAN_POINT('',(-0.159326274006058,0.718306767231901,10.));
#684=CARTESIAN_POINT('',(0.591766629380897,1.37814165286635,9.));
#685=CARTESIAN_POINT('',(-0.111573237207181,0.666338047348892,10.));
#686=CARTESIAN_POINT('',(0.62082375618206,1.34702793423323,9.));
#687=CARTESIAN_POINT('',(-0.0703813931534396,0.623346089733972,10.));
#688=CARTESIAN_POINT('',(0.646555162603962,1.3205157721363,9.));
#689=CARTESIAN_POINT('',(-0.0353610888040642,0.587978029098865,10.));
#690=CARTESIAN_POINT('',(0.67013975987561,1.2967473258414,9.));
#691=CARTESIAN_POINT('',(0.000317003098635358,0.552957370847884,10.));
#692=CARTESIAN_POINT('',(0.694881048445143,1.27242985557487,9.));
#693=CARTESIAN_POINT('',(0.0451953843860716,0.510320855780745,10.));
#694=CARTESIAN_POINT('',(0.725727876871099,1.24316438801207,9.));
#695=CARTESIAN_POINT('',(0.104732957349761,0.45617564004956,10.));
#696=CARTESIAN_POINT('',(0.766856049120504,1.2057958105309,9.));
#697=CARTESIAN_POINT('',(0.179914634164792,0.391568178514889,10.));
#698=CARTESIAN_POINT('',(0.818885773467233,1.1611276675586,9.));
#699=CARTESIAN_POINT('',(0.26765445632919,0.321066143871101,10.));
#700=CARTESIAN_POINT('',(0.880065144241869,1.11188914876647,9.));
#701=CARTESIAN_POINT('',(0.36415281220444,0.248963856598841,10.));
#702=CARTESIAN_POINT('',(0.948103778175167,1.06095555228719,9.00000000000001));
#703=CARTESIAN_POINT('',(0.469704986321958,0.175900758082105,10.));
#704=CARTESIAN_POINT('',(1.02320592172122,1.00910434241124,9.));
#705=CARTESIAN_POINT('',(0.58457323344831,0.102619068124813,10.));
#706=CARTESIAN_POINT('',(1.10580894187351,0.956469148589358,9.));
#707=CARTESIAN_POINT('',(0.708565544963857,0.0301242291183875,10.));
#708=CARTESIAN_POINT('',(1.19605235744477,0.903408290645351,9.00000000000001));
#709=CARTESIAN_POINT('',(0.839629871008497,-0.0397846713793379,10.));
#710=CARTESIAN_POINT('',(1.29324928695344,0.851704126820679,9.));
#711=CARTESIAN_POINT('',(0.973959253278481,-0.104968063884464,10.));
#712=CARTESIAN_POINT('',(1.39438263352512,0.802807102163798,9.));
#713=CARTESIAN_POINT('',(1.10948085423999,-0.164785170018896,10.));
#714=CARTESIAN_POINT('',(1.49738487199181,0.757016946153472,9.));
#715=CARTESIAN_POINT('',(1.23969776399608,-0.217058175830037,10.));
#716=CARTESIAN_POINT('',(1.59812043266687,0.716477476404748,9.));
#717=CARTESIAN_POINT('',(1.35789964585362,-0.260417551032702,9.99999999999999));
#718=CARTESIAN_POINT('',(1.6909887399113,0.682490401237373,9.));
#719=CARTESIAN_POINT('',(1.45329380344663,-0.292806955767745,10.));
#720=CARTESIAN_POINT('',(1.76679286450271,0.656815476078856,9.00000000000001));
#721=CARTESIAN_POINT('',(1.52557239668356,-0.315913864863074,10.));
#722=CARTESIAN_POINT('',(1.82458801361992,0.638374357092819,8.99999999999999));
#723=CARTESIAN_POINT('',(1.57841019874722,-0.332115568487309,10.));
#724=CARTESIAN_POINT('',(1.86712283771712,0.625305726921401,9.));
#725=CARTESIAN_POINT('',(1.62417582512249,-0.345646107320604,10.));
#726=CARTESIAN_POINT('',(1.90379581636959,0.614544404198785,9.));
#727=CARTESIAN_POINT('',(1.67087740230989,-0.359166533070644,10.));
#728=CARTESIAN_POINT('',(1.94277514660401,0.602961293144398,9.));
#729=CARTESIAN_POINT('',(1.72315822991394,-0.374414632373918,10.));
#730=CARTESIAN_POINT('',(1.98931800696562,0.589294579624031,9.));
#731=CARTESIAN_POINT('',(1.78197649498252,-0.391520381871852,10.));
#732=CARTESIAN_POINT('',(2.04472040991285,0.573078710515567,9.));
#733=CARTESIAN_POINT('',(1.84698638252936,-0.410443054851621,10.));
#734=CARTESIAN_POINT('',(2.10936371201238,0.554259936130344,9.));
#735=CARTESIAN_POINT('',(1.91932181644827,-0.431491991695872,10.));
#736=CARTESIAN_POINT('',(2.18451104172867,0.532460475514027,9.));
#737=CARTESIAN_POINT('',(1.99560737295925,-0.453692694356726,9.99999999999999));
#738=CARTESIAN_POINT('',(2.26601318660039,0.50887346432713,8.99999999999999));
#739=CARTESIAN_POINT('',(2.07261168138802,-0.476101889048913,10.));
#740=CARTESIAN_POINT('',(2.34845766560075,0.485017392051928,9.));
#741=CARTESIAN_POINT('',(2.15556515912055,-0.500242544074455,10.));
#742=CARTESIAN_POINT('',(2.43547136249651,0.45979709580955,9.));
#743=CARTESIAN_POINT('',(2.26599571428523,-0.532379362486281,10.));
#744=CARTESIAN_POINT('',(2.54500665637624,0.427898317744879,9.));
#745=CARTESIAN_POINT('',(2.43491990195353,-0.581538677579272,10.));
#746=CARTESIAN_POINT('',(2.7146900041378,0.378537150753321,9.));
#747=CARTESIAN_POINT('',(2.68292672708654,-0.653712119696283,10.));
#748=CARTESIAN_POINT('',(2.96211792443659,0.306517632741444,9.));
#749=CARTESIAN_POINT('',(3.00423729668523,-0.747217993716212,10.));
#750=CARTESIAN_POINT('',(3.28374285644404,0.212928173390057,9.));
#751=CARTESIAN_POINT('',(3.35901235113519,-0.85046249253362,10.));
#752=CARTESIAN_POINT('',(3.6384145808062,0.109711148848828,9.));
#753=CARTESIAN_POINT('',(3.77008749263529,-0.970091106359716,10.));
#754=CARTESIAN_POINT('',(4.04951784673529,-0.00992494293790725,9.));
#755=CARTESIAN_POINT('',(4.05578490423648,-1.0532330471777,10.));
#756=CARTESIAN_POINT('',(4.33520523002559,-0.0930642173439221,9.));
#757=CARTESIAN_POINT('',(4.22354799443243,-1.10205445190339,10.));
#758=CARTESIAN_POINT('',(4.5029703877278,-0.141886171795632,9.));
#759=FACE_BOUND('',#760,.T.);
#760=EDGE_LOOP('',(#2150,#2151,#2152,#2153,#2154,#2155,#2156,#2157));
#761=B_SPLINE_SURFACE_WITH_KNOTS('',3,1,(
(#762,#763),
(#764,#765),
(#766,#767),
(#768,#769),
(#770,#771),
(#772,#773),
(#774,#775),
(#776,#777),
(#778,#779),
(#780,#781),
(#782,#783),
(#784,#785),
(#786,#787),
(#788,#789),
(#790,#791),
(#792,#793),
(#794,#795),
(#796,#797),
(#798,#799),
(#800,#801),
(#802,#803),
(#804,#805),
(#806,#807),
(#808,#809),
(#810,#811),
(#812,#813),
(#814,#815),
(#816,#817),
(#818,#819),
(#820,#821),
(#822,#823),
(#824,#825),
(#826,#827),
(#828,#829)),
.UNSPECIFIED.,.F.,.F.,.F.,
(4,1,1,1,1,1,1,1,1,1,1,1,1,1,1,1,1,1,1,1,1,1,1,1,1,1,1,1,1,1,1,4),
(2,2),
(-7.13696461586557,-3.95321227459831,-2.37474987926073,-0.841216016978801,0.583219642587896,
1.81226604967961,2.77013123585516,3.43094375001905,3.83237885812177,4.05646907416339,
4.1943946499254,4.3054469787799,4.43710244207827,4.6230621164022,4.87338474820715,
5.16660557225715,5.44346520887826,5.67734920027123,5.8749928182351,6.08194692348675,
6.33929001312759,6.64565800358144,6.97630507875286,7.32441912421533,7.68665284019815,
8.07788828293647,8.47982998899975,8.90903438869817,9.37223560824876,9.8605324318041,
10.3168090803139,10.8135084162352),
(0.,1.),
.UNSPECIFIED.);
#762=CARTESIAN_POINT('',(4.09057750754982,0.769127067877513,10.));
#763=CARTESIAN_POINT('',(4.50296989610821,-0.141879253647814,9.));
#764=CARTESIAN_POINT('',(3.85964583487402,0.664589530286546,10.));
#765=CARTESIAN_POINT('',(4.27203679569679,-0.24641744146135,9.));
#766=CARTESIAN_POINT('',(3.51421793305339,0.508221618792638,10.));
#767=CARTESIAN_POINT('',(3.92661316138109,-0.402783409438569,9.));
#768=CARTESIAN_POINT('',(3.05756156493864,0.301503966740876,10.));
#769=CARTESIAN_POINT('',(3.46994978763761,-0.609504252009511,9.));
#770=CARTESIAN_POINT('',(2.72850326022916,0.152545039083657,10.));
#771=CARTESIAN_POINT('',(3.14091004221585,-0.758454727354203,9.00000000000001));
#772=CARTESIAN_POINT('',(2.42482994891533,0.0150836244924958,9.99999999999999));
#773=CARTESIAN_POINT('',(2.8371784917428,-0.895942665354168,8.99999999999999));
#774=CARTESIAN_POINT('',(2.16280184016917,-0.103543242875188,10.));
#775=CARTESIAN_POINT('',(2.57530358295558,-1.01449976205217,9.00000000000001));
#776=CARTESIAN_POINT('',(1.95640942251984,-0.196946517234746,10.));
#777=CARTESIAN_POINT('',(2.36859361467322,-1.10804765603485,9.));
#778=CARTESIAN_POINT('',(1.80962078094951,-0.263435204117904,10.));
#779=CARTESIAN_POINT('',(2.22230224456128,-1.1743098744326,9.));
#780=CARTESIAN_POINT('',(1.7166238676277,-0.305484819130489,10.));
#781=CARTESIAN_POINT('',(2.12871880062927,-1.21662660853408,9.));
#782=CARTESIAN_POINT('',(1.6609495887311,-0.330733866569182,10.));
#783=CARTESIAN_POINT('',(2.07361280891824,-1.24161684535414,9.));
#784=CARTESIAN_POINT('',(1.62696084919955,-0.346069009366004,10.));
#785=CARTESIAN_POINT('',(2.03900333583337,-1.25723468321132,9.));
#786=CARTESIAN_POINT('',(1.5985530757901,-0.359046548857331,10.));
#787=CARTESIAN_POINT('',(2.01211401918232,-1.2695209169643,9.));
#788=CARTESIAN_POINT('',(1.56510285098715,-0.374697497803835,10.));
#789=CARTESIAN_POINT('',(1.98327239568411,-1.28302858232902,9.));
#790=CARTESIAN_POINT('',(1.51888232052622,-0.39695655652692,10.));
#791=CARTESIAN_POINT('',(1.94704688624014,-1.30052333941241,9.));
#792=CARTESIAN_POINT('',(1.45702561389615,-0.428043528358221,10.));
#793=CARTESIAN_POINT('',(1.90345172062804,-1.32259397064113,9.));
#794=CARTESIAN_POINT('',(1.38578993056808,-0.465863621081366,10.));
#795=CARTESIAN_POINT('',(1.85719411735414,-1.34747031134503,9.));
#796=CARTESIAN_POINT('',(1.31632233060977,-0.504961412186798,10.));
#797=CARTESIAN_POINT('',(1.81310813277547,-1.37266914785234,9.));
#798=CARTESIAN_POINT('',(1.25659699616164,-0.540359681789893,10.));
#799=CARTESIAN_POINT('',(1.77421958695771,-1.39600293578089,9.));
#800=CARTESIAN_POINT('',(1.20515721465751,-0.572140418062063,10.));
#801=CARTESIAN_POINT('',(1.73803019823296,-1.41842155205656,9.));
#802=CARTESIAN_POINT('',(1.1520595528075,-0.606218242141674,10.));
#803=CARTESIAN_POINT('',(1.70098773045295,-1.44223810707552,9.));
#804=CARTESIAN_POINT('',(1.09081194763121,-0.647297958336537,10.));
#805=CARTESIAN_POINT('',(1.6584525059092,-1.47077310271739,9.));
#806=CARTESIAN_POINT('',(1.02070551326501,-0.696882695988655,10.));
#807=CARTESIAN_POINT('',(1.61000742045367,-1.50500819473467,9.));
#808=CARTESIAN_POINT('',(0.944955039200033,-0.753762734263907,10.));
#809=CARTESIAN_POINT('',(1.55783985562485,-1.54412224748857,9.));
#810=CARTESIAN_POINT('',(0.867094146016584,-0.816027952244813,10.));
#811=CARTESIAN_POINT('',(1.50420030369566,-1.5870211836311,9.00000000000001));
#812=CARTESIAN_POINT('',(0.786538694781228,-0.884794015929362,9.99999999999999));
#813=CARTESIAN_POINT('',(1.44898926969331,-1.63421199692281,8.99999999999999));
#814=CARTESIAN_POINT('',(0.704189378287082,-0.960135809425837,10.));
#815=CARTESIAN_POINT('',(1.39276768259543,-1.68566768989563,9.00000000000001));
#816=CARTESIAN_POINT('',(0.620103418685558,-1.04287800903005,10.));
#817=CARTESIAN_POINT('',(1.33525958205282,-1.74221727378244,9.));
#818=CARTESIAN_POINT('',(0.535154649855685,-1.13300580124175,10.));
#819=CARTESIAN_POINT('',(1.27665556932419,-1.80430938081677,9.));
#820=CARTESIAN_POINT('',(0.448200118828675,-1.23295220409585,9.99999999999999));
#821=CARTESIAN_POINT('',(1.21665120208996,-1.87334663428817,9.));
#822=CARTESIAN_POINT('',(0.36398078129938,-1.33846973728934,10.));
#823=CARTESIAN_POINT('',(1.15831511514701,-1.9464298779268,9.));
#824=CARTESIAN_POINT('',(0.28319716027319,-1.44849291029281,10.));
#825=CARTESIAN_POINT('',(1.10117709452153,-2.02422693438709,9.));
#826=CARTESIAN_POINT('',(0.231840520056167,-1.52474844714476,10.));
#827=CARTESIAN_POINT('',(1.0663817397984,-2.0758098957649,9.));
#828=CARTESIAN_POINT('',(0.207258349531858,-1.56285638340682,10.));
#829=CARTESIAN_POINT('',(1.04748326576895,-2.10509442167159,9.));
#830=FACE_BOUND('',#831,.T.);
#831=EDGE_LOOP('',(#2158,#2159,#2160,#2161));
#832=B_SPLINE_SURFACE_WITH_KNOTS('',3,1,(
(#833,#834),
(#835,#836),
(#837,#838),
(#839,#840),
(#841,#842),
(#843,#844),
(#845,#846),
(#847,#848),
(#849,#850),
(#851,#852),
(#853,#854),
(#855,#856),
(#857,#858),
(#859,#860),
(#861,#862),
(#863,#864),
(#865,#866),
(#867,#868),
(#869,#870),
(#871,#872),
(#873,#874),
(#875,#876),
(#877,#878)),
.UNSPECIFIED.,.F.,.F.,.F.,
(4,1,1,1,1,1,1,1,1,1,1,1,1,1,1,1,1,1,1,1,4),
(2,2),
(4.20094669367314,5.06082668426085,5.35427397410878,5.56810763849948,5.74538006914538,
5.92126644376852,6.12308675205405,6.37918732812223,6.6991231717355,7.05545937154567,
7.41984959343245,7.77973212478995,8.15440061297612,8.54666461495392,8.9392645199038,
9.33106450075351,9.68653385287483,9.98618614976369,10.2246797483242,10.4287343455458,
10.7990527651069),
(0.,1.),
.UNSPECIFIED.);
#833=CARTESIAN_POINT('',(0.207269930154978,-1.56283843875619,10.));
#834=CARTESIAN_POINT('',(1.04749337473495,-2.10507875741405,9.));
#835=CARTESIAN_POINT('',(0.169943082819805,-1.62039730662435,10.));
#836=CARTESIAN_POINT('',(1.01063704966446,-2.16218964935532,9.00000000000001));
#837=CARTESIAN_POINT('',(0.112416922489224,-1.71540003712604,10.));
#838=CARTESIAN_POINT('',(0.971825555994007,-2.22716724425461,9.));
#839=CARTESIAN_POINT('',(0.0480075352398907,-1.83572401903481,10.));
#840=CARTESIAN_POINT('',(0.932172667452438,-2.30249612982628,9.));
#841=CARTESIAN_POINT('',(0.0174007308465925,-1.89619785962006,10.));
#842=CARTESIAN_POINT('',(0.912994656659942,-2.34099063474043,9.));
#843=CARTESIAN_POINT('',(-0.00640873405088037,-1.94535543244444,10.));
#844=CARTESIAN_POINT('',(0.89705021814504,-2.37415705019195,9.));
#845=CARTESIAN_POINT('',(-0.0286085583417443,-1.99305070083005,10.));
#846=CARTESIAN_POINT('',(0.881534339614717,-2.40751558155092,9.));
#847=CARTESIAN_POINT('',(-0.0533039106471425,-2.0484999127034,10.));
#848=CARTESIAN_POINT('',(0.864589452934565,-2.44563958842446,9.00000000000001));
#849=CARTESIAN_POINT('',(-0.0822478678446081,-2.11725694157393,10.));
#850=CARTESIAN_POINT('',(0.844696185417365,-2.49288704615008,9.));
#851=CARTESIAN_POINT('',(-0.114883936914247,-2.20079045484634,10.));
#852=CARTESIAN_POINT('',(0.82236543563372,-2.54999134540299,9.));
#853=CARTESIAN_POINT('',(-0.148385057479841,-2.29502232959523,10.));
#854=CARTESIAN_POINT('',(0.799430674819231,-2.6143767833511,9.));
#855=CARTESIAN_POINT('',(-0.179782525337181,-2.39344040885681,10.));
#856=CARTESIAN_POINT('',(0.777916374573575,-2.68185864339445,9.));
#857=CARTESIAN_POINT('',(-0.208583003410381,-2.49520826653859,10.));
#858=CARTESIAN_POINT('',(0.758308595532077,-2.75128285047393,9.));
#859=CARTESIAN_POINT('',(-0.234595023382548,-2.60053591838106,10.));
#860=CARTESIAN_POINT('',(0.740566213507925,-2.8231766851038,9.00000000000001));
#861=CARTESIAN_POINT('',(-0.257478703986302,-2.70937235736476,10.));
#862=CARTESIAN_POINT('',(0.724829984210449,-2.89782364993398,9.));
#863=CARTESIAN_POINT('',(-0.27666762575192,-2.81968749789846,10.));
#864=CARTESIAN_POINT('',(0.711488210125079,-2.97419825617078,9.));
#865=CARTESIAN_POINT('',(-0.291598520088234,-2.92739877515614,10.));
#866=CARTESIAN_POINT('',(0.701160428501557,-3.04895723816922,9.));
#867=CARTESIAN_POINT('',(-0.302068406302411,-3.02637038159339,10.));
#868=CARTESIAN_POINT('',(0.693862296561668,-3.11818176304557,8.99999999999999));
#869=CARTESIAN_POINT('',(-0.30863299950549,-3.110813018166,10.));
#870=CARTESIAN_POINT('',(0.689241320583823,-3.17751971521122,9.));
#871=CARTESIAN_POINT('',(-0.312494401373051,-3.18041378994255,10.));
#872=CARTESIAN_POINT('',(0.686460522569155,-3.22717312201967,9.));
#873=CARTESIAN_POINT('',(-0.315379528423389,-3.25760835628873,10.));
#874=CARTESIAN_POINT('',(0.684421609405121,-3.28070473475566,9.));
#875=CARTESIAN_POINT('',(-0.316127225758244,-3.31161566765952,10.));
#876=CARTESIAN_POINT('',(0.683877247854333,-3.31915004365337,9.));
#877=CARTESIAN_POINT('',(-0.31612270923934,-3.34517003600311,10.));
#878=CARTESIAN_POINT('',(0.68387729076066,-3.34516750728259,9.));
#879=FACE_BOUND('',#880,.T.);
#880=EDGE_LOOP('',(#2162,#2163,#2164,#2165));
#881=B_SPLINE_SURFACE_WITH_KNOTS('',3,1,(
(#882,#883),
(#884,#885),
(#886,#887),
(#888,#889),
(#890,#891),
(#892,#893),
(#894,#895),
(#896,#897),
(#898,#899),
(#900,#901),
(#902,#903),
(#904,#905),
(#906,#907),
(#908,#909),
(#910,#911),
(#912,#913),
(#914,#915),
(#916,#917),
(#918,#919),
(#920,#921)),
.UNSPECIFIED.,.F.,.F.,.F.,
(4,1,1,1,1,1,1,1,1,1,1,1,1,1,1,1,1,4),
(2,2),
(4.41100199138039,5.29721752585353,5.62896128847507,5.88361568677731,6.10108429044876,
6.3012144088425,6.51295813913282,6.76022113129075,7.05916400735597,7.40342952836738,
7.76963776424617,8.14880569783282,8.54344690683843,8.94450874694649,9.34614151525352,
9.75899508092275,10.1612896504153,10.5889972377578),
(0.,1.),
.UNSPECIFIED.);
#882=CARTESIAN_POINT('',(-0.31612270923934,-3.3451487297528,10.));
#883=CARTESIAN_POINT('',(0.68387729076066,-3.34514881357248,9.));
#884=CARTESIAN_POINT('',(-0.316229494781525,-3.41244475376591,10.));
#885=CARTESIAN_POINT('',(0.683878367300522,-3.41190786542535,9.));
#886=CARTESIAN_POINT('',(-0.31339106472494,-3.5219598456315,10.));
#887=CARTESIAN_POINT('',(0.686265231203104,-3.48959150400707,9.));
#888=CARTESIAN_POINT('',(-0.302907119812385,-3.65979877856776,10.));
#889=CARTESIAN_POINT('',(0.693521068824624,-3.57785893648027,9.));
#890=CARTESIAN_POINT('',(-0.295390826510022,-3.73462821357841,10.));
#891=CARTESIAN_POINT('',(0.698660747607775,-3.62608086153726,9.));
#892=CARTESIAN_POINT('',(-0.28810464218567,-3.79532525660514,10.));
#893=CARTESIAN_POINT('',(0.703791419168224,-3.66774443656639,9.));
#894=CARTESIAN_POINT('',(-0.280380738490397,-3.85159875788084,10.));
#895=CARTESIAN_POINT('',(0.709240249089095,-3.70717240227044,9.));
#896=CARTESIAN_POINT('',(-0.271212940388579,-3.91086845268513,10.));
#897=CARTESIAN_POINT('',(0.715595685940738,-3.74813633788258,9.));
#898=CARTESIAN_POINT('',(-0.259314271545279,-3.97901150347363,10.));
#899=CARTESIAN_POINT('',(0.723765289296507,-3.79504161410914,9.));
#900=CARTESIAN_POINT('',(-0.243405118191653,-4.05900637584818,10.));
#901=CARTESIAN_POINT('',(0.734595625264677,-3.84972158371408,9.));
#902=CARTESIAN_POINT('',(-0.222781986367082,-4.14931770212324,10.));
#903=CARTESIAN_POINT('',(0.748565327188956,-3.9111050986274,9.));
#904=CARTESIAN_POINT('',(-0.197499444121902,-4.2459073404399,10.));
#905=CARTESIAN_POINT('',(0.76575467136372,-3.9764929355673,9.));
#906=CARTESIAN_POINT('',(-0.167381230502436,-4.34696579581953,10.));
#907=CARTESIAN_POINT('',(0.785949149390166,-4.0441715404905,9.));
#908=CARTESIAN_POINT('',(-0.132526411820833,-4.45030101446929,10.));
#909=CARTESIAN_POINT('',(0.809149107692305,-4.11302534930692,9.));
#910=CARTESIAN_POINT('',(-0.0932222367744914,-4.55401126953651,10.));
#911=CARTESIAN_POINT('',(0.835303586728469,-4.18215169447373,9.));
#912=CARTESIAN_POINT('',(-0.0496306945526472,-4.65730355688579,10.));
#913=CARTESIAN_POINT('',(0.864471031593269,-4.25121968855319,9.));
#914=CARTESIAN_POINT('',(-0.00182640046856761,-4.75961742197557,10.));
#915=CARTESIAN_POINT('',(0.896286427776393,-4.31929387951167,9.));
#916=CARTESIAN_POINT('',(0.0507163263070457,-4.8618587151125,10.));
#917=CARTESIAN_POINT('',(0.931540236154931,-4.38787293814687,9.));
#918=CARTESIAN_POINT('',(0.0884576130704291,-4.92889830902703,10.));
#919=CARTESIAN_POINT('',(0.956568683393403,-4.43237825495518,9.));
#920=CARTESIAN_POINT('',(0.108241899916829,-4.96252963275201,10.));
#921=CARTESIAN_POINT('',(0.970176045040432,-4.45550938711775,9.));
#922=FACE_BOUND('',#923,.T.);
#923=EDGE_LOOP('',(#2166,#2167,#2168,#2169));
#924=B_SPLINE_SURFACE_WITH_KNOTS('',3,1,(
(#925,#926),
(#927,#928),
(#929,#930),
(#931,#932),
(#933,#934),
(#935,#936),
(#937,#938),
(#939,#940),
(#941,#942),
(#943,#944),
(#945,#946),
(#947,#948),
(#949,#950),
(#951,#952),
(#953,#954),
(#955,#956),
(#957,#958),
(#959,#960),
(#961,#962)),
.UNSPECIFIED.,.F.,.F.,.F.,
(4,1,1,1,1,1,1,1,1,1,1,1,1,1,1,1,4),
(2,2),
(4.18897408517094,5.12125737123824,5.47817271080753,5.7502797180306,5.98631107109684,
6.22369555335423,6.49507055810012,6.82073943801417,7.2120086768578,7.64267690725133,
8.07163100644402,8.45167166051676,8.76342083059317,9.01094444858944,9.22645440805298,
9.44133971981195,9.81102543202006),
(0.,1.),
.UNSPECIFIED.);
#925=CARTESIAN_POINT('',(0.108230830667445,-4.9625108148777,10.));
#926=CARTESIAN_POINT('',(0.970166863137596,-4.45549377775802,9.));
#927=CARTESIAN_POINT('',(0.145904198794887,-5.02673439308836,9.99999999999999));
#928=CARTESIAN_POINT('',(1.00769209017049,-4.51928543286506,8.99999999999999));
#929=CARTESIAN_POINT('',(0.208833537404789,-5.12775031730661,10.));
#930=CARTESIAN_POINT('',(1.05501419712484,-4.59458589616465,9.00000000000001));
#931=CARTESIAN_POINT('',(0.294260874926074,-5.25124468216741,10.));
#932=CARTESIAN_POINT('',(1.11344644874602,-4.67814445107898,9.));
#933=CARTESIAN_POINT('',(0.34309450359974,-5.31839309785918,10.));
#934=CARTESIAN_POINT('',(1.14695069985498,-4.72370215900648,9.));
#935=CARTESIAN_POINT('',(0.38534653970333,-5.37421549117239,10.));
#936=CARTESIAN_POINT('',(1.17725509699423,-4.76346009862203,9.));
#937=CARTESIAN_POINT('',(0.428002617639474,-5.42855353246317,10.));
#938=CARTESIAN_POINT('',(1.20866857804239,-4.80339318048114,9.));
#939=CARTESIAN_POINT('',(0.477452249758177,-5.48910283886272,10.));
#940=CARTESIAN_POINT('',(1.2444441634283,-4.84715953568317,9.));
#941=CARTESIAN_POINT('',(0.537815922115557,-5.55960173967375,10.));
#942=CARTESIAN_POINT('',(1.28792883091231,-4.89801264005243,9.));
#943=CARTESIAN_POINT('',(0.610502276985967,-5.63975670641477,10.));
#944=CARTESIAN_POINT('',(1.33985330629262,-4.95538700105458,9.));
#945=CARTESIAN_POINT('',(0.692526771052301,-5.72436062708354,10.));
#946=CARTESIAN_POINT('',(1.39827736793148,-5.01561190047884,9.));
#947=CARTESIAN_POINT('',(0.777120965304064,-5.80564123590007,10.));
#948=CARTESIAN_POINT('',(1.4581050619351,-5.07298643222327,9.));
#949=CARTESIAN_POINT('',(0.856551611353512,-5.87690441351958,10.));
#950=CARTESIAN_POINT('',(1.51380039059727,-5.12297665335924,9.));
#951=CARTESIAN_POINT('',(0.924891866823022,-5.93466890268361,9.99999999999999));
#952=CARTESIAN_POINT('',(1.56164052777541,-5.16344226531208,8.99999999999999));
#953=CARTESIAN_POINT('',(0.982461417291614,-5.98099722173738,10.));
#954=CARTESIAN_POINT('',(1.60176832843443,-5.19577295051593,9.));
#955=CARTESIAN_POINT('',(1.03329565971644,-6.02027557006231,10.));
#956=CARTESIAN_POINT('',(1.63757605462568,-5.2234209598597,9.));
#957=CARTESIAN_POINT('',(1.09548841374826,-6.06650845611658,10.));
#958=CARTESIAN_POINT('',(1.67936918055428,-5.25454379131036,9.));
#959=CARTESIAN_POINT('',(1.14132892138809,-6.0987683120511,10.));
#960=CARTESIAN_POINT('',(1.71093181657381,-5.27680381488822,9.));
#961=CARTESIAN_POINT('',(1.16917065622484,-6.11773386491263,10.));
#962=CARTESIAN_POINT('',(1.73230130488079,-5.29136598524206,9.));
#963=FACE_BOUND('',#964,.T.);
#964=EDGE_LOOP('',(#2170,#2171,#2172,#2173));
#965=B_SPLINE_SURFACE_WITH_KNOTS('',3,1,(
(#966,#967),
(#968,#969),
(#970,#971),
(#972,#973),
(#974,#975),
(#976,#977),
(#978,#979),
(#980,#981),
(#982,#983),
(#984,#985),
(#986,#987),
(#988,#989),
(#990,#991),
(#992,#993),
(#994,#995),
(#996,#997),
(#998,#999)),
.UNSPECIFIED.,.F.,.F.,.F.,
(4,1,1,1,1,1,1,1,1,1,1,1,1,1,4),
(2,2),
(4.20343837418147,5.05252792533127,5.35655444063488,5.58283264800685,5.76579532626726,
5.92685453403438,6.094275732318,6.29697419100556,6.55890354951783,6.89096838552156,
7.27785038970886,7.73464608341845,8.26017662956145,8.83823504253682,9.79656117880536),
(0.,1.),
.UNSPECIFIED.);
#966=CARTESIAN_POINT('',(1.16915301411449,-6.11772184258093,10.));
#967=CARTESIAN_POINT('',(1.73228585821184,-5.29135545900835,9.));
#968=CARTESIAN_POINT('',(1.22492247799739,-6.15589491230576,10.));
#969=CARTESIAN_POINT('',(1.7877598480218,-5.32915909232138,9.));
#970=CARTESIAN_POINT('',(1.31759576794834,-6.21523291127809,10.));
#971=CARTESIAN_POINT('',(1.85227326301212,-5.36986826420865,9.));
#972=CARTESIAN_POINT('',(1.43662750517319,-6.283078545537,10.));
#973=CARTESIAN_POINT('',(1.92761093545695,-5.41209204797721,9.));
#974=CARTESIAN_POINT('',(1.4983924826935,-6.31643275098392,10.));
#975=CARTESIAN_POINT('',(1.96742085901769,-5.4332688121681,9.));
#976=CARTESIAN_POINT('',(1.54690893072951,-6.34155820186335,10.));
#977=CARTESIAN_POINT('',(2.00048089912442,-5.45028032237652,9.));
#978=CARTESIAN_POINT('',(1.5895867400348,-6.36290955501287,10.));
#979=CARTESIAN_POINT('',(2.03119191574772,-5.46568162080439,9.));
#980=CARTESIAN_POINT('',(1.63454561247235,-6.38466242690636,10.));
#981=CARTESIAN_POINT('',(2.06316367045002,-5.48113130633444,9.));
#982=CARTESIAN_POINT('',(1.68838742316286,-6.40971980373494,10.));
#983=CARTESIAN_POINT('',(2.10159382932971,-5.49899847621277,9.));
#984=CARTESIAN_POINT('',(1.75691264393506,-6.44006120359875,10.));
#985=CARTESIAN_POINT('',(2.15049050158578,-5.52061349925492,9.));
#986=CARTESIAN_POINT('',(1.84203533839305,-6.47534619587011,10.));
#987=CARTESIAN_POINT('',(2.21142026957901,-5.54585070214674,9.));
#988=CARTESIAN_POINT('',(1.94482913600585,-6.51455751233771,10.));
#989=CARTESIAN_POINT('',(2.28537471742703,-5.57410309520593,9.));
#990=CARTESIAN_POINT('',(2.06503546023813,-6.55595731632911,10.));
#991=CARTESIAN_POINT('',(2.37268219173735,-5.6042952665859,9.));
#992=CARTESIAN_POINT('',(2.20385753735531,-6.59805058708231,10.));
#993=CARTESIAN_POINT('',(2.47406212421408,-5.63493691299426,9.));
#994=CARTESIAN_POINT('',(2.38806882021455,-6.64582418235864,10.));
#995=CARTESIAN_POINT('',(2.61069377834661,-5.67049614853295,9.));
#996=CARTESIAN_POINT('',(2.52700992944954,-6.67386166191248,10.));
#997=CARTESIAN_POINT('',(2.71282631929282,-5.69049617061066,9.));
#998=CARTESIAN_POINT('',(2.6120320051992,-6.68825783240598,10.));
#999=CARTESIAN_POINT('',(2.77922841997695,-5.70233437827749,9.));
#1000=FACE_BOUND('',#1001,.T.);
#1001=EDGE_LOOP('',(#2174,#2175,#2176));
#1002=B_SPLINE_SURFACE_WITH_KNOTS('',3,1,(
(#1003,#1004),
(#1005,#1006),
(#1007,#1008),
(#1009,#1010),
(#1011,#1012),
(#1013,#1014),
(#1015,#1016),
(#1017,#1018),
(#1019,#1020),
(#1021,#1022),
(#1023,#1024)),
.UNSPECIFIED.,.F.,.F.,.F.,
(4,1,1,1,1,1,1,1,4),
(2,2),
(-1.27323954473516E-5,0.239904080975563,0.345394437081832,0.447680860132613,0.551874389800466,
0.657514637197125,0.76382013421077,0.861160083912875,1.00001273239545),
(0.,1.),
.UNSPECIFIED.);
#1003=CARTESIAN_POINT('',(-3.27388955489636,-1.87442172649475,9.));
#1004=CARTESIAN_POINT('',(-2.27388955509636,-1.87444172649475,10.));
#1005=CARTESIAN_POINT('',(-3.27388955489636,-1.87442172649475,9.));
#1006=CARTESIAN_POINT('',(-2.27372503137137,-1.74879067481384,10.));
#1007=CARTESIAN_POINT('',(-3.27388955489636,-1.87442172649475,9.));
#1008=CARTESIAN_POINT('',(-2.30844622324607,-1.56804245460111,10.));
#1009=CARTESIAN_POINT('',(-3.27388955489636,-1.87442172649475,9.));
#1010=CARTESIAN_POINT('',(-2.41281890393553,-1.35724609532167,10.));
#1011=CARTESIAN_POINT('',(-3.27388955489636,-1.87442172649475,9.));
#1012=CARTESIAN_POINT('',(-2.50841774889856,-1.22414589233731,10.));
#1013=CARTESIAN_POINT('',(-3.27388955489636,-1.87442172649475,9.));
#1014=CARTESIAN_POINT('',(-2.62432453421321,-1.10815833627774,10.));
#1015=CARTESIAN_POINT('',(-3.27388955489636,-1.87442172649475,9.));
#1016=CARTESIAN_POINT('',(-2.75941887552995,-1.01151963038666,10.));
#1017=CARTESIAN_POINT('',(-3.27388955489636,-1.87442172649475,9.));
#1018=CARTESIAN_POINT('',(-2.90542982483702,-0.940181099507029,10.));
#1019=CARTESIAN_POINT('',(-3.27388955489636,-1.87442172649475,9.));
#1020=CARTESIAN_POINT('',(-3.07754125649038,-0.887967271751748,10.));
#1021=CARTESIAN_POINT('',(-3.27388955489636,-1.87442172649475,9.));
#1022=CARTESIAN_POINT('',(-3.2012053876583,-0.874408630122299,10.));
#1023=CARTESIAN_POINT('',(-3.27388955489636,-1.87442172649475,9.));
#1024=CARTESIAN_POINT('',(-3.27390955489636,-0.874421726694748,10.));
#1025=FACE_BOUND('',#1026,.T.);
#1026=EDGE_LOOP('',(#2177,#2178,#2179,#2180));
#1027=PLANE('',#1028);
#1028=AXIS2_PLACEMENT_3D('',#1029,#1030,#1031);
#1029=CARTESIAN_POINT('',(0.726110445103637,-0.874421726494749,10.));
#1030=DIRECTION('',(-7.69177822221568E-17,-0.707106781186547,0.707106781186548));
#1031=DIRECTION('',(-1.,1.08778170806234E-16,0.));
#1032=FACE_BOUND('',#1033,.T.);
#1033=EDGE_LOOP('',(#2181,#2182,#2183,#2184));
#1034=PLANE('',#1035);
#1035=AXIS2_PLACEMENT_3D('',#1036,#1037,#1038);
#1036=CARTESIAN_POINT('',(-5.48019304755932,-4.87442172649475,10.));
#1037=DIRECTION('',(-0.707106781186548,8.44452302108435E-17,0.707106781186547));
#1038=DIRECTION('',(1.19423589841893E-16,1.,0.));
#1039=FACE_BOUND('',#1040,.T.);
#1040=EDGE_LOOP('',(#2185,#2186,#2187));
#1041=B_SPLINE_SURFACE_WITH_KNOTS('',3,1,(
(#1042,#1043),
(#1044,#1045),
(#1046,#1047),
(#1048,#1049),
(#1050,#1051),
(#1052,#1053),
(#1054,#1055),
(#1056,#1057),
(#1058,#1059),
(#1060,#1061),
(#1062,#1063)),
.UNSPECIFIED.,.F.,.F.,.F.,
(4,1,1,1,1,1,1,1,4),
(2,2),
(-1.27323954473516E-5,0.239904080974745,0.345394437080894,0.447680860131666,0.551874389799544,
0.657514637196218,0.763820134209872,0.86116008391209,1.00001273239545),
(0.,1.),
.UNSPECIFIED.);
#1042=CARTESIAN_POINT('',(-6.48019304755931,6.,9.));
#1043=CARTESIAN_POINT('',(-5.48019304775931,5.99998,10.));
#1044=CARTESIAN_POINT('',(-6.48019304755931,6.,9.));
#1045=CARTESIAN_POINT('',(-5.48002852403432,6.12563105168047,10.));
#1046=CARTESIAN_POINT('',(-6.48019304755931,6.,9.));
#1047=CARTESIAN_POINT('',(-5.51474971590881,6.30637927189272,10.));
#1048=CARTESIAN_POINT('',(-6.48019304755931,6.,9.));
#1049=CARTESIAN_POINT('',(-5.61912239659775,6.51717563117185,10.));
#1050=CARTESIAN_POINT('',(-6.48019304755932,6.,9.));
#1051=CARTESIAN_POINT('',(-5.71472124156055,6.65027583415632,10.));
#1052=CARTESIAN_POINT('',(-6.48019304755931,6.,9.));
#1053=CARTESIAN_POINT('',(-5.83062802687505,6.76626339021606,10.));
#1054=CARTESIAN_POINT('',(-6.48019304755932,6.,9.));
#1055=CARTESIAN_POINT('',(-5.96572236819167,6.86290209610735,10.));
#1056=CARTESIAN_POINT('',(-6.48019304755931,6.,9.));
#1057=CARTESIAN_POINT('',(-6.1117333174987,6.93424062698722,10.));
#1058=CARTESIAN_POINT('',(-6.48019304755931,6.,9.));
#1059=CARTESIAN_POINT('',(-6.28384474915245,6.98645445474287,10.));
#1060=CARTESIAN_POINT('',(-6.48019304755931,6.,9.));
#1061=CARTESIAN_POINT('',(-6.40750888032084,7.00001309637245,10.));
#1062=CARTESIAN_POINT('',(-6.48019304755931,6.,9.));
#1063=CARTESIAN_POINT('',(-6.48021304755931,6.9999999998,10.));
#1064=FACE_BOUND('',#1065,.T.);
#1065=EDGE_LOOP('',(#2188,#2189,#2190,#2191));
#1066=PLANE('',#1067);
#1067=AXIS2_PLACEMENT_3D('',#1068,#1069,#1070);
#1068=CARTESIAN_POINT('',(-2.48019304755931,7.,10.));
#1069=DIRECTION('',(0.,-0.707106781186547,0.707106781186548));
#1070=DIRECTION('',(-1.,0.,0.));
#1071=FACE_BOUND('',#1072,.T.);
#1072=EDGE_LOOP('',(#2192,#2193,#2194));
#1073=B_SPLINE_SURFACE_WITH_KNOTS('',3,1,(
(#1074,#1075),
(#1076,#1077),
(#1078,#1079),
(#1080,#1081),
(#1082,#1083),
(#1084,#1085),
(#1086,#1087),
(#1088,#1089),
(#1090,#1091),
(#1092,#1093),
(#1094,#1095)),
.UNSPECIFIED.,.F.,.F.,.F.,
(4,1,1,1,1,1,1,1,4),
(2,2),
(-1.27323954473516E-5,0.239904080975892,0.345394437082207,0.447680860133012,0.551874389800875,
0.657514637197535,0.763820134211166,0.861160083913244,1.00001273239545),
(0.,1.),
.UNSPECIFIED.);
#1074=CARTESIAN_POINT('',(-7.13017705489636,6.,9.));
#1075=CARTESIAN_POINT('',(-7.13015705489636,6.9999999998,10.));
#1076=CARTESIAN_POINT('',(-7.13017705489636,6.,9.));
#1077=CARTESIAN_POINT('',(-7.25580810657744,7.000164523525,10.));
#1078=CARTESIAN_POINT('',(-7.13017705489636,6.,9.));
#1079=CARTESIAN_POINT('',(-7.43655632679037,6.9654433316502,10.));
#1080=CARTESIAN_POINT('',(-7.13017705489636,6.,9.));
#1081=CARTESIAN_POINT('',(-7.64735268606994,6.86107065096054,10.));
#1082=CARTESIAN_POINT('',(-7.13017705489636,6.,9.));
#1083=CARTESIAN_POINT('',(-7.78045288905428,6.76547180599741,10.));
#1084=CARTESIAN_POINT('',(-7.13017705489636,6.,9.));
#1085=CARTESIAN_POINT('',(-7.89644044511378,6.64956502068266,10.));
#1086=CARTESIAN_POINT('',(-7.13017705489636,6.,9.));
#1087=CARTESIAN_POINT('',(-7.99307915100477,6.51447067936586,10.));
#1088=CARTESIAN_POINT('',(-7.13017705489636,6.,9.));
#1089=CARTESIAN_POINT('',(-8.0644176818843,6.36845973005877,10.));
#1090=CARTESIAN_POINT('',(-7.13017705489636,6.,9.));
#1091=CARTESIAN_POINT('',(-8.11663150963942,6.19634829840558,10.));
#1092=CARTESIAN_POINT('',(-7.13017705489636,6.,9.));
#1093=CARTESIAN_POINT('',(-8.13019015126881,6.07268416723787,10.));
#1094=CARTESIAN_POINT('',(-7.13017705489636,6.,9.));
#1095=CARTESIAN_POINT('',(-8.13017705469636,5.99998,10.));
#1096=FACE_BOUND('',#1097,.T.);
#1097=EDGE_LOOP('',(#2195,#2196,#2197,#2198));
#1098=PLANE('',#1099);
#1099=AXIS2_PLACEMENT_3D('',#1100,#1101,#1102);
#1100=CARTESIAN_POINT('',(-8.13017705489636,10.,10.));
#1101=DIRECTION('',(0.707106781186548,0.,0.707106781186548));
#1102=DIRECTION('',(0.,-1.,0.));
#1103=FACE_BOUND('',#1104,.T.);
#1104=EDGE_LOOP('',(#2199,#2200,#2201,#2202));
#1105=PLANE('',#1106);
#1106=AXIS2_PLACEMENT_3D('',#1107,#1108,#1109);
#1107=CARTESIAN_POINT('',(-4.13017705489636,-0.874421726494748,10.));
#1108=DIRECTION('',(-9.99925498453554E-17,-0.707106781186548,0.707106781186547));
#1109=DIRECTION('',(-1.,1.41410820127569E-16,0.));
#1110=FACE_BOUND('',#1111,.T.);
#1111=EDGE_LOOP('',(#2203,#2204,#2205));
#1112=B_SPLINE_SURFACE_WITH_KNOTS('',3,1,(
(#1113,#1114),
(#1115,#1116),
(#1117,#1118),
(#1119,#1120),
(#1121,#1122),
(#1123,#1124),
(#1125,#1126),
(#1127,#1128),
(#1129,#1130),
(#1131,#1132),
(#1133,#1134)),
.UNSPECIFIED.,.F.,.F.,.F.,
(4,1,1,1,1,1,1,1,4),
(2,2),
(-1.27323954473516E-5,0.239904080976294,0.345394437082634,0.447680860133389,0.551874389801239,
0.657514637197883,0.763820134211493,0.861160083913534,1.00001273239545),
(0.,1.),
.UNSPECIFIED.);
#1113=CARTESIAN_POINT('',(-10.3365384260466,-1.87442172649475,9.));
#1114=CARTESIAN_POINT('',(-10.3365184260466,-0.874421726694747,10.));
#1115=CARTESIAN_POINT('',(-10.3365384260466,-1.87442172649475,9.));
#1116=CARTESIAN_POINT('',(-10.4621694777279,-0.87425720296975,10.));
#1117=CARTESIAN_POINT('',(-10.3365384260466,-1.87442172649475,9.));
#1118=CARTESIAN_POINT('',(-10.6429176979411,-0.908978394844646,10.));
#1119=CARTESIAN_POINT('',(-10.3365384260466,-1.87442172649475,9.));
#1120=CARTESIAN_POINT('',(-10.8537140572208,-1.01335107553453,10.));
#1121=CARTESIAN_POINT('',(-10.3365384260466,-1.87442172649475,9.));
#1122=CARTESIAN_POINT('',(-10.986814260205,-1.10894992049774,10.));
#1123=CARTESIAN_POINT('',(-10.3365384260466,-1.87442172649475,9.));
#1124=CARTESIAN_POINT('',(-11.1028018162644,-1.22485670581252,10.));
#1125=CARTESIAN_POINT('',(-10.3365384260466,-1.87442172649475,9.));
#1126=CARTESIAN_POINT('',(-11.1994405221553,-1.35995104712936,10.));
#1127=CARTESIAN_POINT('',(-10.3365384260466,-1.87442172649475,9.));
#1128=CARTESIAN_POINT('',(-11.2707790530348,-1.50596199643646,10.));
#1129=CARTESIAN_POINT('',(-10.3365384260466,-1.87442172649475,9.));
#1130=CARTESIAN_POINT('',(-11.3229928807897,-1.67807342808949,10.));
#1131=CARTESIAN_POINT('',(-10.3365384260466,-1.87442172649475,9.));
#1132=CARTESIAN_POINT('',(-11.3365515224191,-1.80173755925703,10.));
#1133=CARTESIAN_POINT('',(-10.3365384260466,-1.87442172649475,9.));
#1134=CARTESIAN_POINT('',(-11.3365384258466,-1.87444172649475,10.));
#1135=FACE_BOUND('',#1136,.T.);
#1136=EDGE_LOOP('',(#2206,#2207,#2208,#2209));
#1137=PLANE('',#1138);
#1138=AXIS2_PLACEMENT_3D('',#1139,#1140,#1141);
#1139=CARTESIAN_POINT('',(-11.3365384260466,-0.889389140217693,10.));
#1140=DIRECTION('',(0.70710678118655,0.,0.707106781186545));
#1141=DIRECTION('',(0.,-1.,0.));
#1142=FACE_BOUND('',#1143,.T.);
#1143=EDGE_LOOP('',(#2210,#2211,#2212));
#1144=B_SPLINE_SURFACE_WITH_KNOTS('',3,1,(
(#1145,#1146),
(#1147,#1148),
(#1149,#1150),
(#1151,#1152),
(#1153,#1154),
(#1155,#1156),
(#1157,#1158),
(#1159,#1160),
(#1161,#1162),
(#1163,#1164),
(#1165,#1166)),
.UNSPECIFIED.,.F.,.F.,.F.,
(4,1,1,1,1,1,1,1,4),
(2,2),
(-1.27323954473516E-5,0.239904080975557,0.345394437081884,0.447680860132714,0.551874389800588,
0.657514637197242,0.763820134210914,0.861160083912985,1.00001273239545),
(0.,1.),
.UNSPECIFIED.);
#1145=CARTESIAN_POINT('',(-10.3365384260466,-2.01514066739147,9.));
#1146=CARTESIAN_POINT('',(-11.3365384258466,-2.01512066739147,10.));
#1147=CARTESIAN_POINT('',(-10.3365384260466,-2.01514066739147,9.));
#1148=CARTESIAN_POINT('',(-11.3367029495716,-2.14077171907237,10.));
#1149=CARTESIAN_POINT('',(-10.3365384260466,-2.01514066739147,9.));
#1150=CARTESIAN_POINT('',(-11.3019817576969,-2.32151993928513,10.));
#1151=CARTESIAN_POINT('',(-10.3365384260466,-2.01514066739147,9.));
#1152=CARTESIAN_POINT('',(-11.1976090770074,-2.53231629856461,10.));
#1153=CARTESIAN_POINT('',(-10.3365384260466,-2.01514066739147,9.));
#1154=CARTESIAN_POINT('',(-11.1020102320443,-2.66541650154902,10.));
#1155=CARTESIAN_POINT('',(-10.3365384260466,-2.01514066739147,9.));
#1156=CARTESIAN_POINT('',(-10.9861034467297,-2.78140405760859,10.));
#1157=CARTESIAN_POINT('',(-10.3365384260466,-2.01514066739147,9.));
#1158=CARTESIAN_POINT('',(-10.8510091054129,-2.87804276349966,10.));
#1159=CARTESIAN_POINT('',(-10.3365384260466,-2.01514066739147,9.));
#1160=CARTESIAN_POINT('',(-10.7049981561058,-2.94938129437926,10.));
#1161=CARTESIAN_POINT('',(-10.3365384260466,-2.01514066739147,8.99999999999999));
#1162=CARTESIAN_POINT('',(-10.5328867244525,-3.00159512213449,9.99999999999999));
#1163=CARTESIAN_POINT('',(-10.3365384260466,-2.01514066739147,9.));
#1164=CARTESIAN_POINT('',(-10.4092225932846,-3.01515376376392,10.));
#1165=CARTESIAN_POINT('',(-10.3365384260466,-2.01514066739147,9.));
#1166=CARTESIAN_POINT('',(-10.3365184260466,-3.01514066719147,10.));
#1167=FACE_BOUND('',#1168,.T.);
#1168=EDGE_LOOP('',(#2213,#2214,#2215,#2216));
#1169=PLANE('',#1170);
#1170=AXIS2_PLACEMENT_3D('',#1171,#1172,#1173);
#1171=CARTESIAN_POINT('',(-14.3365384260466,-3.01514066739147,10.));
#1172=DIRECTION('',(8.33899785948538E-17,0.707106781186547,0.707106781186547));
#1173=DIRECTION('',(1.,-1.17931238694844E-16,0.));
#1174=FACE_BOUND('',#1175,.T.);
#1175=EDGE_LOOP('',(#2217,#2218,#2219));
#1176=B_SPLINE_SURFACE_WITH_KNOTS('',3,1,(
(#1177,#1178),
(#1179,#1180),
(#1181,#1182),
(#1183,#1184),
(#1185,#1186),
(#1187,#1188),
(#1189,#1190),
(#1191,#1192),
(#1193,#1194),
(#1195,#1196),
(#1197,#1198)),
.UNSPECIFIED.,.F.,.F.,.F.,
(4,1,1,1,1,1,1,1,4),
(2,2),
(-1.27323954473516E-5,0.23990408097557,0.345394437081856,0.447680860132642,0.55187438980048,
0.657514637197128,0.763820134210768,0.861160083912853,1.00001273239545),
(0.,1.),
.UNSPECIFIED.);
#1177=CARTESIAN_POINT('',(-3.27388955489636,-2.01514066739147,9.));
#1178=CARTESIAN_POINT('',(-3.27390955489636,-3.01514066719147,10.));
#1179=CARTESIAN_POINT('',(-3.27388955489636,-2.01514066739147,9.00000000000001));
#1180=CARTESIAN_POINT('',(-3.14825850321546,-3.01530519091647,10.));
#1181=CARTESIAN_POINT('',(-3.27388955489636,-2.01514066739147,8.99999999999999));
#1182=CARTESIAN_POINT('',(-2.96751028300271,-2.98058399904175,9.99999999999999));
#1183=CARTESIAN_POINT('',(-3.27388955489636,-2.01514066739147,9.));
#1184=CARTESIAN_POINT('',(-2.75671392372326,-2.87621131835229,10.));
#1185=CARTESIAN_POINT('',(-3.27388955489636,-2.01514066739147,9.));
#1186=CARTESIAN_POINT('',(-2.62361372073889,-2.78061247338925,9.99999999999999));
#1187=CARTESIAN_POINT('',(-3.27388955489636,-2.01514066739147,9.));
#1188=CARTESIAN_POINT('',(-2.50762616467934,-2.6647056880746,10.));
#1189=CARTESIAN_POINT('',(-3.27388955489636,-2.01514066739147,9.));
#1190=CARTESIAN_POINT('',(-2.41098745878827,-2.52961134675787,10.));
#1191=CARTESIAN_POINT('',(-3.27388955489636,-2.01514066739147,9.));
#1192=CARTESIAN_POINT('',(-2.33964892790865,-2.38360039745082,10.));
#1193=CARTESIAN_POINT('',(-3.27388955489636,-2.01514066739147,9.));
#1194=CARTESIAN_POINT('',(-2.28743510015337,-2.21148896579746,10.));
#1195=CARTESIAN_POINT('',(-3.27388955489637,-2.01514066739147,9.));
#1196=CARTESIAN_POINT('',(-2.27387645852391,-2.08782483462954,10.));
#1197=CARTESIAN_POINT('',(-3.27388955489636,-2.01514066739147,9.));
#1198=CARTESIAN_POINT('',(-2.27388955509636,-2.01512066739147,10.));
#1199=FACE_BOUND('',#1200,.T.);
#1200=EDGE_LOOP('',(#2220,#2221,#2222,#2223));
#1201=PLANE('',#1202);
#1202=AXIS2_PLACEMENT_3D('',#1203,#1204,#1205);
#1203=CARTESIAN_POINT('',(-2.27388955489636,-3.00017325366852,10.));
#1204=DIRECTION('',(-0.707106781186547,1.48768644664176E-16,0.707106781186548));
#1205=DIRECTION('',(2.10390634939942E-16,1.,0.));
#1206=FACE_BOUND('',#1207,.T.);
#1207=EDGE_LOOP('',(#2224,#2225,#2226,#2227,#2228));
#1208=B_SPLINE_SURFACE_WITH_KNOTS('',3,1,(
(#1209,#1210),
(#1211,#1212),
(#1213,#1214),
(#1215,#1216),
(#1217,#1218),
(#1219,#1220),
(#1221,#1222),
(#1223,#1224),
(#1225,#1226),
(#1227,#1228),
(#1229,#1230),
(#1231,#1232),
(#1233,#1234),
(#1235,#1236),
(#1237,#1238),
(#1239,#1240),
(#1241,#1242),
(#1243,#1244),
(#1245,#1246),
(#1247,#1248),
(#1249,#1250),
(#1251,#1252),
(#1253,#1254),
(#1255,#1256),
(#1257,#1258),
(#1259,#1260),
(#1261,#1262),
(#1263,#1264),
(#1265,#1266),
(#1267,#1268),
(#1269,#1270),
(#1271,#1272),
(#1273,#1274),
(#1275,#1276),
(#1277,#1278),
(#1279,#1280),
(#1281,#1282)),
.UNSPECIFIED.,.F.,.F.,.F.,
(4,1,1,1,1,1,1,1,1,1,1,1,1,1,1,1,1,1,1,1,1,1,1,1,1,1,1,1,1,1,1,1,1,1,4),
(2,2),
(4.30373670092821,4.55769882691014,4.65468677146486,4.74025906541572,4.82210477833592,
4.90914948675884,5.00791511820298,5.12916994662764,5.27278599837728,5.44662390407419,
5.65533233969462,5.90537663799274,6.18369408736845,6.48486365822062,6.79800951632753,
7.10720348162827,7.40325483074419,7.68502330370825,7.9767450145998,8.30773177484171,
8.6606741938986,9.01832972837166,9.3538669313784,9.69433858816137,10.0341033509678,
10.4081226162584,10.820475082776,11.3273829017188,11.8554281968975,12.4126912066964,
12.9315600852345,13.4836712447676,14.0948712623427,14.7644465732083,15.696263140605),
(0.,1.),
.UNSPECIFIED.);
#1209=CARTESIAN_POINT('',(2.73673788218409,0.227278458015471,9.));
#1210=CARTESIAN_POINT('',(3.06464357876535,1.1719889185004,10.));
#1211=CARTESIAN_POINT('',(2.75559713008051,0.220731554687017,9.));
#1212=CARTESIAN_POINT('',(3.0830589754614,1.16564207052398,10.));
#1213=CARTESIAN_POINT('',(2.79043479119279,0.209428027395745,9.));
#1214=CARTESIAN_POINT('',(3.10237026160283,1.15946801574233,10.));
#1215=CARTESIAN_POINT('',(2.83619804173025,0.195428460898218,9.));
#1216=CARTESIAN_POINT('',(3.12434823733616,1.15285966768031,10.));
#1217=CARTESIAN_POINT('',(2.86329284500741,0.187402967478237,9.));
#1218=CARTESIAN_POINT('',(3.13813893735825,1.14885023002487,10.));
#1219=CARTESIAN_POINT('',(2.88726470385595,0.180556618030424,9.));
#1220=CARTESIAN_POINT('',(3.15320376369329,1.14461562435387,10.));
#1221=CARTESIAN_POINT('',(2.91224400910996,0.17374734986198,9.));
#1222=CARTESIAN_POINT('',(3.16923233880395,1.14026861735165,10.));
#1223=CARTESIAN_POINT('',(2.94057628259332,0.166375508508487,9.));
#1224=CARTESIAN_POINT('',(3.18789520131251,1.13539264565349,10.));
#1225=CARTESIAN_POINT('',(2.97377366336394,0.158154597058599,9.));
#1226=CARTESIAN_POINT('',(3.21033740322392,1.12978018913768,10.));
#1227=CARTESIAN_POINT('',(3.01341824097834,0.148806228217662,9.));
#1228=CARTESIAN_POINT('',(3.23787872583201,1.12323592634938,10.));
#1229=CARTESIAN_POINT('',(3.06065283018092,0.138034474081283,9.));
#1230=CARTESIAN_POINT('',(3.27150837533768,1.1157078152474,10.));
#1231=CARTESIAN_POINT('',(3.11643855934535,0.126471722671111,9.));
#1232=CARTESIAN_POINT('',(3.31264929263477,1.10711647240444,10.));
#1233=CARTESIAN_POINT('',(3.18054663933605,0.114274244478373,9.));
#1234=CARTESIAN_POINT('',(3.36153395399008,1.09769432948892,10.));
#1235=CARTESIAN_POINT('',(3.25215390169281,0.101409640096418,9.));
#1236=CARTESIAN_POINT('',(3.41774340929114,1.08778271815853,10.));
#1237=CARTESIAN_POINT('',(3.32793265951113,0.0893983056013603,9.));
#1238=CARTESIAN_POINT('',(3.479000394474,1.07794650024666,10.));
#1239=CARTESIAN_POINT('',(3.40560811914167,0.0781249846022956,9.));
#1240=CARTESIAN_POINT('',(3.54344520042827,1.06853761397256,10.));
#1241=CARTESIAN_POINT('',(3.4823981316622,0.0677342208788183,9.));
#1242=CARTESIAN_POINT('',(3.60851109287154,1.0598889627318,10.));
#1243=CARTESIAN_POINT('',(3.55578398691565,0.0589161998841438,9.));
#1244=CARTESIAN_POINT('',(3.67166603380996,1.0522058435005,10.));
#1245=CARTESIAN_POINT('',(3.62730604146267,0.0510078316562741,9.));
#1246=CARTESIAN_POINT('',(3.73407752452942,1.04521181971461,10.));
#1247=CARTESIAN_POINT('',(3.70155389737025,0.0431493054359558,9.));
#1248=CARTESIAN_POINT('',(3.79999810332661,1.03840169332514,10.));
#1249=CARTESIAN_POINT('',(3.78096454559533,0.0359032748477795,9.));
#1250=CARTESIAN_POINT('',(3.87020409756311,1.03175525692564,10.));
#1251=CARTESIAN_POINT('',(3.86526859559119,0.0290374635797548,9.));
#1252=CARTESIAN_POINT('',(3.94525913517877,1.02526644247009,10.));
#1253=CARTESIAN_POINT('',(3.95023264001783,0.0216082823948522,9.));
#1254=CARTESIAN_POINT('',(4.02512878005683,1.0190180249998,10.));
#1255=CARTESIAN_POINT('',(4.03347534014563,0.0158871034199738,9.));
#1256=CARTESIAN_POINT('',(4.10110516599524,1.01362611947617,10.));
#1257=CARTESIAN_POINT('',(4.11510357349121,0.0105350177918892,9.));
#1258=CARTESIAN_POINT('',(4.17683492007032,1.00872440171896,10.));
#1259=CARTESIAN_POINT('',(4.19951837019024,0.00567043034037806,9.));
#1260=CARTESIAN_POINT('',(4.25519229823759,1.00411715845087,10.));
#1261=CARTESIAN_POINT('',(4.28948013485356,0.000965611796480757,9.));
#1262=CARTESIAN_POINT('',(4.33925353033109,0.999649883664932,10.));
#1263=CARTESIAN_POINT('',(4.39268574301007,-0.00405523890384751,9.));
#1264=CARTESIAN_POINT('',(4.43683011874983,0.995031101376423,10.));
#1265=CARTESIAN_POINT('',(4.50784891582205,-0.00883461280896863,9.));
#1266=CARTESIAN_POINT('',(4.54594043216509,0.990547877146373,10.));
#1267=CARTESIAN_POINT('',(4.63415502257665,-0.0131205293907128,9.));
#1268=CARTESIAN_POINT('',(4.66572271298522,0.9863815339779,10.));
#1269=CARTESIAN_POINT('',(4.76114464092563,-0.0166833802117625,9.));
#1270=CARTESIAN_POINT('',(4.7867642387811,0.982894002893225,10.));
#1271=CARTESIAN_POINT('',(4.88994449760044,-0.0198740397272245,9.));
#1272=CARTESIAN_POINT('',(4.91107628731036,0.979987168488096,9.99999999999999));
#1273=CARTESIAN_POINT('',(5.02273613147112,-0.0223739743646559,9.00000000000001));
#1274=CARTESIAN_POINT('',(5.03915585892832,0.977630133758714,10.));
#1275=CARTESIAN_POINT('',(5.16715778610085,-0.0242752368525613,9.));
#1276=CARTESIAN_POINT('',(5.17843189378156,0.975751773362069,10.));
#1277=CARTESIAN_POINT('',(5.34119512679399,-0.0256695602539548,9.));
#1278=CARTESIAN_POINT('',(5.34668309933362,0.974314247764902,10.));
#1279=CARTESIAN_POINT('',(5.46707023190926,-0.0260145860826195,9.));
#1280=CARTESIAN_POINT('',(5.46874015088196,0.973957705605645,10.));
#1281=CARTESIAN_POINT('',(5.54017486857775,-0.0260425727094174,9.));
#1282=CARTESIAN_POINT('',(5.54017471293703,0.973957440171918,10.));
#1283=FACE_BOUND('',#1284,.T.);
#1284=EDGE_LOOP('',(#2229,#2230,#2231,#2232));
#1285=PLANE('',#1286);
#1286=AXIS2_PLACEMENT_3D('',#1287,#1288,#1289);
#1287=CARTESIAN_POINT('',(1.54016479076066,-0.0260425598280811,9.));
#1288=DIRECTION('',(-1.05271336402227E-16,-0.707106781186548,0.707106781186548));
#1289=DIRECTION('',(1.,-1.48876151669169E-16,0.));
#1290=FACE_BOUND('',#1291,.T.);
#1291=EDGE_LOOP('',(#2233,#2234,#2235,#2236));
#1292=PLANE('',#1293);
#1293=AXIS2_PLACEMENT_3D('',#1294,#1295,#1296);
#1294=CARTESIAN_POINT('',(8.79403447871366,-3.02604255982808,9.));
#1295=DIRECTION('',(0.707106781186548,-2.14774067575035E-16,0.707106781186547));
#1296=DIRECTION('',(3.0373639921065E-16,1.,0.));
#1297=FACE_BOUND('',#1298,.T.);
#1298=EDGE_LOOP('',(#2237,#2238,#2239,#2240));
#1299=PLANE('',#1300);
#1300=AXIS2_PLACEMENT_3D('',#1301,#1302,#1303);
#1301=CARTESIAN_POINT('',(11.7940344787137,5.67065789501793,9.));
#1302=DIRECTION('',(1.18677288483484E-16,0.707106781186548,0.707106781186547));
#1303=DIRECTION('',(-1.,1.67835030919007E-16,0.));
#1304=FACE_BOUND('',#1305,.T.);
#1305=EDGE_LOOP('',(#2241,#2242,#2243,#2244));
#1306=B_SPLINE_SURFACE_WITH_KNOTS('',3,1,(
(#1307,#1308),
(#1309,#1310),
(#1311,#1312),
(#1313,#1314),
(#1315,#1316),
(#1317,#1318),
(#1319,#1320),
(#1321,#1322),
(#1323,#1324),
(#1325,#1326),
(#1327,#1328),
(#1329,#1330),
(#1331,#1332),
(#1333,#1334),
(#1335,#1336),
(#1337,#1338),
(#1339,#1340),
(#1341,#1342),
(#1343,#1344),
(#1345,#1346),
(#1347,#1348),
(#1349,#1350),
(#1351,#1352),
(#1353,#1354),
(#1355,#1356)),
.UNSPECIFIED.,.F.,.F.,.F.,
(4,1,1,1,1,1,1,1,1,1,1,1,1,1,1,1,1,1,1,1,1,1,4),
(2,2),
(5.47958795540806,6.75157703899261,7.22387491477202,7.67017909576567,8.18112223595689,
8.79229639578906,9.49662989549675,10.2567260437137,11.0194048078334,11.7427105642193,
12.4612899746286,13.1916265046962,13.8601845590752,14.4333700643471,14.8636032622513,
15.2214978725835,15.4988125347298,15.7275035574073,15.9068156195672,16.0475253133114,
16.1715984166576,16.3032950020131,16.5204116407185),
(0.,1.),
.UNSPECIFIED.);
#1307=CARTESIAN_POINT('',(5.21009885780866,5.67065789501793,9.));
#1308=CARTESIAN_POINT('',(5.21009887124104,4.67065789501793,10.));
#1309=CARTESIAN_POINT('',(5.13269725489907,5.67065764114026,9.));
#1310=CARTESIAN_POINT('',(5.132608321922,4.67065648067829,10.));
#1311=CARTESIAN_POINT('',(5.02565750352249,5.67047984339644,9.));
#1312=CARTESIAN_POINT('',(5.02800031626707,4.67043132508318,10.));
#1313=CARTESIAN_POINT('',(4.89054014831097,5.66975002627581,9.));
#1314=CARTESIAN_POINT('',(4.89693905620997,4.66969460359603,10.));
#1315=CARTESIAN_POINT('',(4.80223646744168,5.66907675910086,9.));
#1316=CARTESIAN_POINT('',(4.81128330458481,4.66904454325434,10.));
#1317=CARTESIAN_POINT('',(4.7053283212665,5.66807451980392,9.));
#1318=CARTESIAN_POINT('',(4.71680212857396,4.66811923140665,10.));
#1319=CARTESIAN_POINT('',(4.59261221599115,5.66656859886825,9.));
#1320=CARTESIAN_POINT('',(4.60646412215977,4.66672456167695,10.));
#1321=CARTESIAN_POINT('',(4.46436111638809,5.66458165960258,9.));
#1322=CARTESIAN_POINT('',(4.48317572614368,4.66471250766909,10.));
#1323=CARTESIAN_POINT('',(4.32634973343361,5.66170345424486,9.));
#1324=CARTESIAN_POINT('',(4.35035453953218,4.66193355853742,10.));
#1325=CARTESIAN_POINT('',(4.18660560162712,5.65786537862908,9.));
#1326=CARTESIAN_POINT('',(4.21586695995791,4.65834733020082,10.));
#1327=CARTESIAN_POINT('',(4.04913251925375,5.65346079277159,9.));
#1328=CARTESIAN_POINT('',(4.08642219750138,4.65404736577361,10.));
#1329=CARTESIAN_POINT('',(3.91258156063301,5.64769775719058,9.));
#1330=CARTESIAN_POINT('',(3.95750577821307,4.64876891811984,10.));
#1331=CARTESIAN_POINT('',(3.77877753829175,5.64107085676668,9.));
#1332=CARTESIAN_POINT('',(3.83473285143603,4.64256378399473,10.));
#1333=CARTESIAN_POINT('',(3.6527811268081,5.63326685033695,9.));
#1334=CARTESIAN_POINT('',(3.72079944449317,4.63547315741394,10.));
#1335=CARTESIAN_POINT('',(3.5439930405086,5.62485757218223,9.));
#1336=CARTESIAN_POINT('',(3.62580517158323,4.62826114197365,10.));
#1337=CARTESIAN_POINT('',(3.45449865053875,5.61700462166525,9.00000000000001));
#1338=CARTESIAN_POINT('',(3.55033840395434,4.62145701746472,10.));
#1339=CARTESIAN_POINT('',(3.38235743051191,5.60929058764187,9.));
#1340=CARTESIAN_POINT('',(3.49227229721264,4.61540181094353,9.99999999999999));
#1341=CARTESIAN_POINT('',(3.32322942229518,5.60245893509759,9.00000000000001));
#1342=CARTESIAN_POINT('',(3.44651260063901,4.60998506333941,10.));
#1343=CARTESIAN_POINT('',(3.27483833338368,5.59601243994682,8.99999999999999));
#1344=CARTESIAN_POINT('',(3.41113401165689,4.60532235690162,9.99999999999999));
#1345=CARTESIAN_POINT('',(3.23528722730025,5.59027312932295,9.));
#1346=CARTESIAN_POINT('',(3.38347485756372,4.60132260883659,10.));
#1347=CARTESIAN_POINT('',(3.20270844732841,5.58525509256411,9.));
#1348=CARTESIAN_POINT('',(3.36171511784133,4.59792552062896,10.));
#1349=CARTESIAN_POINT('',(3.17304441519496,5.58031717192818,9.));
#1350=CARTESIAN_POINT('',(3.34265424286418,4.59474635780791,10.));
#1351=CARTESIAN_POINT('',(3.13589502225849,5.57357882518221,9.));
#1352=CARTESIAN_POINT('',(3.32105526408813,4.59088707163638,10.));
#1353=CARTESIAN_POINT('',(3.10567114879675,5.56770239901714,9.));
#1354=CARTESIAN_POINT('',(3.30704349486827,4.58816265856791,10.));
#1355=CARTESIAN_POINT('',(3.09090469409326,5.56460804980904,9.));
#1356=CARTESIAN_POINT('',(3.29572077055745,4.58580757227048,10.));
#1357=FACE_BOUND('',#1358,.T.);
#1358=EDGE_LOOP('',(#2245,#2246,#2247,#2248));
#1359=B_SPLINE_SURFACE_WITH_KNOTS('',3,1,(
(#1360,#1361),
(#1362,#1363),
(#1364,#1365),
(#1366,#1367),
(#1368,#1369),
(#1370,#1371),
(#1372,#1373),
(#1374,#1375),
(#1376,#1377),
(#1378,#1379),
(#1380,#1381),
(#1382,#1383),
(#1384,#1385),
(#1386,#1387),
(#1388,#1389),
(#1390,#1391),
(#1392,#1393),
(#1394,#1395),
(#1396,#1397),
(#1398,#1399),
(#1400,#1401),
(#1402,#1403)),
.UNSPECIFIED.,.F.,.F.,.F.,
(4,1,1,1,1,1,1,1,1,1,1,1,1,1,1,1,1,1,1,4),
(2,2),
(5.18781168043786,5.86468401656331,6.14350872911358,6.41481153663618,6.67110069410411,
6.91297800436585,7.17317852764849,7.47412077381519,7.84712031088946,8.2705448920119,
8.73006493449318,9.17684184824397,9.6131781212927,10.0427070335271,10.4805298915224,
10.9254541366252,11.37269268811,11.7964554221754,12.1912403572557,12.8121871699693),
(0.,1.),
.UNSPECIFIED.);
#1360=CARTESIAN_POINT('',(3.11687781292425,5.56968543631885,9.));
#1361=CARTESIAN_POINT('',(3.29573898559039,4.58581111461282,10.));
#1362=CARTESIAN_POINT('',(3.0739000869897,5.56187290490828,8.99999999999999));
#1363=CARTESIAN_POINT('',(3.25311624220162,4.57801514914337,9.99999999999999));
#1364=CARTESIAN_POINT('',(3.00293452844907,5.54720946413652,9.00000000000001));
#1365=CARTESIAN_POINT('',(3.20191490291857,4.56706284250072,10.));
#1366=CARTESIAN_POINT('',(2.90507088433073,5.52352886075544,9.));
#1367=CARTESIAN_POINT('',(3.14261535087208,4.55228799725546,10.));
#1368=CARTESIAN_POINT('',(2.84013102144245,5.5064086673302,9.));
#1369=CARTESIAN_POINT('',(3.10460484165344,4.54200281627923,10.));
#1370=CARTESIAN_POINT('',(2.7790246383418,5.48886024594373,9.));
#1371=CARTESIAN_POINT('',(3.0681548052008,4.53137894221526,10.));
#1372=CARTESIAN_POINT('',(2.7218226220977,5.47074563665257,9.));
#1373=CARTESIAN_POINT('',(3.03054834419243,4.51960907158377,10.));
#1374=CARTESIAN_POINT('',(2.66128298746217,5.45032268494508,9.));
#1375=CARTESIAN_POINT('',(2.99101588440967,4.50632284794522,10.));
#1376=CARTESIAN_POINT('',(2.59096101476026,5.42488565416629,9.));
#1377=CARTESIAN_POINT('',(2.94555321467711,4.48984813736414,10.));
#1378=CARTESIAN_POINT('',(2.50884260668072,5.39258241553986,9.));
#1379=CARTESIAN_POINT('',(2.89290902302517,4.46903931949923,10.));
#1380=CARTESIAN_POINT('',(2.41614904615246,5.35223749027563,9.));
#1381=CARTESIAN_POINT('',(2.83383341855169,4.44328949658436,10.));
#1382=CARTESIAN_POINT('',(2.31967377616654,5.30538396537456,9.));
#1383=CARTESIAN_POINT('',(2.77269672691582,4.41375038164874,10.));
#1384=CARTESIAN_POINT('',(2.22319783907948,5.25390427732182,9.));
#1385=CARTESIAN_POINT('',(2.71231524683539,4.38147465170248,10.));
#1386=CARTESIAN_POINT('',(2.13090901135138,5.1998100750005,9.));
#1387=CARTESIAN_POINT('',(2.65477049908994,4.34766269726122,10.));
#1388=CARTESIAN_POINT('',(2.04199583859008,5.14261406177233,9.));
#1389=CARTESIAN_POINT('',(2.59918733614092,4.31195700787622,10.));
#1390=CARTESIAN_POINT('',(1.95418381633458,5.08102884258971,9.));
#1391=CARTESIAN_POINT('',(2.54464091412747,4.27375029895512,10.));
#1392=CARTESIAN_POINT('',(1.86772298683313,5.0150697955296,9.));
#1393=CARTESIAN_POINT('',(2.49095878653558,4.23277897611279,10.));
#1394=CARTESIAN_POINT('',(1.78556135514279,4.94699507846884,9.));
#1395=CARTESIAN_POINT('',(2.4395951335237,4.19012870006164,10.));
#1396=CARTESIAN_POINT('',(1.70918613492347,4.87824159689754,9.));
#1397=CARTESIAN_POINT('',(2.39169998553226,4.1470289252596,10.));
#1398=CARTESIAN_POINT('',(1.6253157726268,4.79690090686295,9.));
#1399=CARTESIAN_POINT('',(2.33890343737751,4.09585461968258,10.));
#1400=CARTESIAN_POINT('',(1.5690537213999,4.7371905579594,9.));
#1401=CARTESIAN_POINT('',(2.30318248550923,4.05794517463194,10.));
#1402=CARTESIAN_POINT('',(1.53586575831512,4.70000602161422,9.));
#1403=CARTESIAN_POINT('',(2.28193975737883,4.03414298169007,10.));
#1404=FACE_BOUND('',#1405,.T.);
#1405=EDGE_LOOP('',(#2249,#2250,#2251,#2252));
#1406=B_SPLINE_SURFACE_WITH_KNOTS('',3,1,(
(#1407,#1408),
(#1409,#1410),
(#1411,#1412),
(#1413,#1414),
(#1415,#1416),
(#1417,#1418),
(#1419,#1420),
(#1421,#1422),
(#1423,#1424),
(#1425,#1426),
(#1427,#1428),
(#1429,#1430),
(#1431,#1432),
(#1433,#1434),
(#1435,#1436),
(#1437,#1438),
(#1439,#1440),
(#1441,#1442),
(#1443,#1444),
(#1445,#1446),
(#1447,#1448),
(#1449,#1450),
(#1451,#1452),
(#1453,#1454),
(#1455,#1456),
(#1457,#1458),
(#1459,#1460),
(#1461,#1462),
(#1463,#1464)),
.UNSPECIFIED.,.F.,.F.,.F.,
(4,1,1,1,1,1,1,1,1,1,1,1,1,1,1,1,1,1,1,1,1,1,1,1,1,1,4),
(2,2),
(4.73861732443919,5.23785952519783,5.46843618969688,5.65296336776644,5.80125462606989,
5.91768554595893,6.03822551343613,6.18584035555857,6.36192091624378,6.57777940961918,
6.81708936387153,7.07177807787449,7.36611830826238,7.71076344359445,8.11285977292773,
8.52886711553286,8.93681656541639,9.34530040062296,9.74246011632937,10.0993602161836,
10.4000686377992,10.6440429003405,10.866057575106,11.0846608978971,11.3409974562442,
11.6618379992113,12.2613820438608),
(0.,1.),
.UNSPECIFIED.);
#1407=CARTESIAN_POINT('',(1.53588048978108,4.70002252752317,9.));
#1408=CARTESIAN_POINT('',(2.2819517031281,4.03415636633541,10.));
#1409=CARTESIAN_POINT('',(1.51232528733353,4.67363009175366,9.));
#1410=CARTESIAN_POINT('',(2.25874847140571,4.00806296149627,10.));
#1411=CARTESIAN_POINT('',(1.47041027323118,4.62370847817235,9.));
#1412=CARTESIAN_POINT('',(2.23270419599146,3.97645238963474,10.));
#1413=CARTESIAN_POINT('',(1.41485801214902,4.55248086937096,9.));
#1414=CARTESIAN_POINT('',(2.20557066143672,3.94097145032478,10.));
#1415=CARTESIAN_POINT('',(1.38136307604105,4.50759348212917,9.));
#1416=CARTESIAN_POINT('',(2.18952675472676,3.91903773369722,10.));
#1417=CARTESIAN_POINT('',(1.35588253793261,4.47201456794005,9.));
#1418=CARTESIAN_POINT('',(2.17667913723464,3.90082545877711,10.));
#1419=CARTESIAN_POINT('',(1.33563527650806,4.44253346638142,9.));
#1420=CARTESIAN_POINT('',(2.16518290116007,3.8840109011442,10.));
#1421=CARTESIAN_POINT('',(1.31619863710147,4.41322330160913,8.99999999999999));
#1422=CARTESIAN_POINT('',(2.15369378214802,3.86670154181311,10.));
#1423=CARTESIAN_POINT('',(1.29411658536611,4.37878555347159,9.));
#1424=CARTESIAN_POINT('',(2.14079561119457,3.84660319890959,10.));
#1425=CARTESIAN_POINT('',(1.26812022481685,4.33648883374003,9.));
#1426=CARTESIAN_POINT('',(2.12552662199511,3.82181592193133,10.));
#1427=CARTESIAN_POINT('',(1.23879382925904,4.28633228871455,9.));
#1428=CARTESIAN_POINT('',(2.1082994900596,3.79239722330746,10.));
#1429=CARTESIAN_POINT('',(1.2073295993969,4.22926532410697,9.));
#1430=CARTESIAN_POINT('',(2.089742372917,3.75875143233103,10.));
#1431=CARTESIAN_POINT('',(1.17427286581907,4.16547425690081,9.));
#1432=CARTESIAN_POINT('',(2.07014786252759,3.72077779838801,10.));
#1433=CARTESIAN_POINT('',(1.13923422675564,4.09229381024067,9.));
#1434=CARTESIAN_POINT('',(2.04917515889841,3.67691898578396,10.));
#1435=CARTESIAN_POINT('',(1.10158768507304,4.00552988030834,9.));
#1436=CARTESIAN_POINT('',(2.02639550433212,3.62468855906405,10.));
#1437=CARTESIAN_POINT('',(1.06356047843907,3.90773650311757,9.));
#1438=CARTESIAN_POINT('',(2.00316084672061,3.56503790308312,10.));
#1439=CARTESIAN_POINT('',(1.02797247568176,3.80452015393456,9.));
#1440=CARTESIAN_POINT('',(1.9812158643914,3.50079050814462,10.));
#1441=CARTESIAN_POINT('',(0.997157460983628,3.6994961447856,9.));
#1442=CARTESIAN_POINT('',(1.96163569733101,3.43468397997157,10.));
#1443=CARTESIAN_POINT('',(0.971011642965973,3.59589262057857,9.));
#1444=CARTESIAN_POINT('',(1.94479487256731,3.36832518583278,9.99999999999999));
#1445=CARTESIAN_POINT('',(0.949438118745989,3.49723263901953,9.));
#1446=CARTESIAN_POINT('',(1.93094576077762,3.30375100747826,10.));
#1447=CARTESIAN_POINT('',(0.933481951840966,3.40748192681257,9.));
#1448=CARTESIAN_POINT('',(1.92024264305144,3.24419489698928,10.));
#1449=CARTESIAN_POINT('',(0.922102107659899,3.33094706511371,9.));
#1450=CARTESIAN_POINT('',(1.91246788134338,3.19264093883635,10.));
#1451=CARTESIAN_POINT('',(0.913866183862949,3.2660234557318,9.));
#1452=CARTESIAN_POINT('',(1.90681590157143,3.14846301735296,10.));
#1453=CARTESIAN_POINT('',(0.907433328845513,3.20849950137406,9.));
#1454=CARTESIAN_POINT('',(1.90247346913616,3.10860515156563,10.));
#1455=CARTESIAN_POINT('',(0.901869209260063,3.14963574801087,9.));
#1456=CARTESIAN_POINT('',(1.89878286615942,3.06830198167565,10.));
#1457=CARTESIAN_POINT('',(0.896948207940207,3.08156114269978,9.));
#1458=CARTESIAN_POINT('',(1.89543578442872,3.02296893876504,10.));
#1459=CARTESIAN_POINT('',(0.891920703094922,2.98146511389436,9.));
#1460=CARTESIAN_POINT('',(1.8918263431125,2.95531511346587,10.));
#1461=CARTESIAN_POINT('',(0.890577985568489,2.90602238442883,9.));
#1462=CARTESIAN_POINT('',(1.89058836611603,2.89953851929747,10.));
#1463=CARTESIAN_POINT('',(0.890576746331477,2.86000417867288,9.));
#1464=CARTESIAN_POINT('',(1.89057674633148,2.86000569507789,10.));
#1465=FACE_BOUND('',#1466,.T.);
#1466=EDGE_LOOP('',(#2253,#2254,#2255,#2256));
#1467=B_SPLINE_SURFACE_WITH_KNOTS('',3,1,(
(#1468,#1469),
(#1470,#1471),
(#1472,#1473),
(#1474,#1475),
(#1476,#1477),
(#1478,#1479),
(#1480,#1481),
(#1482,#1483),
(#1484,#1485),
(#1486,#1487),
(#1488,#1489),
(#1490,#1491),
(#1492,#1493),
(#1494,#1495),
(#1496,#1497),
(#1498,#1499),
(#1500,#1501),
(#1502,#1503),
(#1504,#1505),
(#1506,#1507),
(#1508,#1509),
(#1510,#1511),
(#1512,#1513),
(#1514,#1515),
(#1516,#1517),
(#1518,#1519)),
.UNSPECIFIED.,.F.,.F.,.F.,
(4,1,1,1,1,1,1,1,1,1,1,1,1,1,1,1,1,1,1,1,1,1,1,4),
(2,2),
(5.02109888695199,5.8597444449793,6.15683072870414,6.39562093923776,6.61286109658718,
6.82593795115184,7.0462733803412,7.28995060950617,7.56943232250301,7.88078110625876,
8.21465853917281,8.56252389671994,8.91598123746213,9.26298043788194,9.59608644519852,
9.91268490952626,10.2098029819907,10.4849044985391,10.7194047851833,10.9170823849988,
11.1250562831551,11.3709349879668,11.6166646681211,11.9789003683212),
(0.,1.),
.UNSPECIFIED.);
#1468=CARTESIAN_POINT('',(0.890576746331477,2.86002496715482,9.));
#1469=CARTESIAN_POINT('',(1.89057674633148,2.86002490654189,10.));
#1470=CARTESIAN_POINT('',(0.890576873746842,2.80415373827862,8.99999999999999));
#1471=CARTESIAN_POINT('',(1.89066062327481,2.80454050783787,10.));
#1472=CARTESIAN_POINT('',(0.892855997571714,2.71428418298329,9.));
#1473=CARTESIAN_POINT('',(1.89279000968811,2.74130151154451,10.));
#1474=CARTESIAN_POINT('',(0.90027310065609,2.59949788019566,9.));
#1475=CARTESIAN_POINT('',(1.89783362822759,2.66987853277144,10.));
#1476=CARTESIAN_POINT('',(0.905623735128934,2.53661986035213,9.));
#1477=CARTESIAN_POINT('',(1.90132056119468,2.63085521960131,10.));
#1478=CARTESIAN_POINT('',(0.911406941178759,2.48174920672273,9.));
#1479=CARTESIAN_POINT('',(1.90505866729288,2.5955428974063,10.));
#1480=CARTESIAN_POINT('',(0.917999456989577,2.43002773781465,9.));
#1481=CARTESIAN_POINT('',(1.90940428392217,2.56008998054342,10.));
#1482=CARTESIAN_POINT('',(0.925646519837975,2.37563983785123,9.));
#1483=CARTESIAN_POINT('',(1.9145144836075,2.5236114048996,10.));
#1484=CARTESIAN_POINT('',(0.935104808379026,2.31585714188002,9.));
#1485=CARTESIAN_POINT('',(1.92085836576709,2.48373014002413,10.));
#1486=CARTESIAN_POINT('',(0.947146766736398,2.2486350769051,9.));
#1487=CARTESIAN_POINT('',(1.92890127194019,2.43934420385517,10.));
#1488=CARTESIAN_POINT('',(0.962409110850732,2.17420282784941,9.));
#1489=CARTESIAN_POINT('',(1.9389819684973,2.39063359955819,10.));
#1490=CARTESIAN_POINT('',(0.981325482883694,2.09472085437295,9.));
#1491=CARTESIAN_POINT('',(1.95117370849597,2.33898749217356,10.));
#1492=CARTESIAN_POINT('',(1.00368219592468,2.01192154523837,9.));
#1493=CARTESIAN_POINT('',(1.96542397972616,2.2858072825542,10.));
#1494=CARTESIAN_POINT('',(1.0289164126794,1.92803995156729,9.));
#1495=CARTESIAN_POINT('',(1.98149295594337,2.23262920995885,10.));
#1496=CARTESIAN_POINT('',(1.05653359900849,1.84583683361067,9.));
#1497=CARTESIAN_POINT('',(1.9989419759318,2.18097466382293,10.));
#1498=CARTESIAN_POINT('',(1.08582348276577,1.76754825260045,9.));
#1499=CARTESIAN_POINT('',(2.01725349774485,2.13198399014167,10.));
#1500=CARTESIAN_POINT('',(1.11612987554761,1.69391128588023,9.));
#1501=CARTESIAN_POINT('',(2.03601363111046,2.08616706193264,10.));
#1502=CARTESIAN_POINT('',(1.14670642371504,1.62508598601307,9.00000000000001));
#1503=CARTESIAN_POINT('',(2.05486682668252,2.04375139977694,10.));
#1504=CARTESIAN_POINT('',(1.1762151497985,1.56327576450737,9.));
#1505=CARTESIAN_POINT('',(2.07301765777846,2.00580982368461,9.99999999999999));
#1506=CARTESIAN_POINT('',(1.2034644955309,1.50968989275565,9.));
#1507=CARTESIAN_POINT('',(2.08971292278517,1.97304351976283,10.));
#1508=CARTESIAN_POINT('',(1.22907698496604,1.46191188805252,9.));
#1509=CARTESIAN_POINT('',(2.10546864306274,1.94368686144623,10.));
#1510=CARTESIAN_POINT('',(1.25632727003157,1.41362521726907,9.));
#1511=CARTESIAN_POINT('',(2.12194054373731,1.9144339134844,10.));
#1512=CARTESIAN_POINT('',(1.28812478380798,1.36035717228091,8.99999999999999));
#1513=CARTESIAN_POINT('',(2.13942568442196,1.88490989315208,10.));
#1514=CARTESIAN_POINT('',(1.32787570434962,1.29706287985969,9.));
#1515=CARTESIAN_POINT('',(2.16201232578266,1.84867835798789,9.99999999999999));
#1516=CARTESIAN_POINT('',(1.35576116455805,1.25531747816569,9.));
#1517=CARTESIAN_POINT('',(2.18014603307584,1.82139168383229,10.));
#1518=CARTESIAN_POINT('',(1.37143833885949,1.23278104948577,9.));
#1519=CARTESIAN_POINT('',(2.19235554488747,1.8038282812043,10.));
#1520=FACE_BOUND('',#1521,.T.);
#1521=EDGE_LOOP('',(#2257,#2258,#2259,#2260,#2261));
#1522=B_SPLINE_SURFACE_WITH_KNOTS('',3,1,(
(#1523,#1524),
(#1525,#1526),
(#1527,#1528),
(#1529,#1530),
(#1531,#1532),
(#1533,#1534),
(#1535,#1536),
(#1537,#1538),
(#1539,#1540),
(#1541,#1542),
(#1543,#1544),
(#1545,#1546),
(#1547,#1548),
(#1549,#1550),
(#1551,#1552),
(#1553,#1554),
(#1555,#1556),
(#1557,#1558),
(#1559,#1560),
(#1561,#1562),
(#1563,#1564),
(#1565,#1566),
(#1567,#1568),
(#1569,#1570),
(#1571,#1572),
(#1573,#1574)),
.UNSPECIFIED.,.F.,.F.,.F.,
(4,1,1,1,1,1,1,1,1,1,1,1,1,1,1,1,1,1,1,1,1,1,1,4),
(2,2),
(5.03938711870777,5.75915616631187,6.01141486372059,6.20470028423466,6.35365410092687,
6.47526270222698,6.59671013863242,6.75634855179891,6.97675217935563,7.23901201201528,
7.51241824030634,7.77054303003663,8.01762655878033,8.27085092453196,8.5350848099901,
8.79029101677367,9.02432437270896,9.23646156976995,9.48235104685585,9.78972661930508,
10.1673488141948,10.5838698497391,11.0368637801668,11.960612129345),
(0.,1.),
.UNSPECIFIED.);
#1523=CARTESIAN_POINT('',(1.37142623045941,1.2327984561822,9.));
#1524=CARTESIAN_POINT('',(2.19234486166118,1.80384363911069,10.));
#1525=CARTESIAN_POINT('',(1.39874423336489,1.1935250018746,9.));
#1526=CARTESIAN_POINT('',(2.21955375333027,1.76501902471521,10.));
#1527=CARTESIAN_POINT('',(1.44928548242163,1.12609589028818,9.));
#1528=CARTESIAN_POINT('',(2.2493974895411,1.72610019670942,9.99999999999999));
#1529=CARTESIAN_POINT('',(1.51677377042764,1.04366409597153,9.));
#1530=CARTESIAN_POINT('',(2.28417248574201,1.68439857356049,10.));
#1531=CARTESIAN_POINT('',(1.55167319479167,1.00287727433096,8.99999999999999));
#1532=CARTESIAN_POINT('',(2.30262738261367,1.66315378372133,9.99999999999999));
#1533=CARTESIAN_POINT('',(1.57843419233199,0.972871987156631,9.));
#1534=CARTESIAN_POINT('',(2.31809786625577,1.64591553652372,10.));
#1535=CARTESIAN_POINT('',(1.60084939110466,0.948596591104874,9.));
#1536=CARTESIAN_POINT('',(2.33185723687053,1.63099760860344,10.));
#1537=CARTESIAN_POINT('',(1.62434647611166,0.923751363123341,9.));
#1538=CARTESIAN_POINT('',(2.34609872894648,1.61593133720954,10.));
#1539=CARTESIAN_POINT('',(1.65404524195619,0.893250313389905,9.));
#1540=CARTESIAN_POINT('',(2.36414917681821,1.59736333684319,10.));
#1541=CARTESIAN_POINT('',(1.69288703137535,0.854840517559743,9.));
#1542=CARTESIAN_POINT('',(2.38772086658049,1.57402076201965,10.));
#1543=CARTESIAN_POINT('',(1.73960911746387,0.810755708516666,9.));
#1544=CARTESIAN_POINT('',(2.41616521169566,1.54717387001269,10.));
#1545=CARTESIAN_POINT('',(1.78973746692683,0.765915848355635,9.));
#1546=CARTESIAN_POINT('',(2.44680108048528,1.5197574363253,9.99999999999999));
#1547=CARTESIAN_POINT('',(1.83950534102902,0.723341637808424,9.));
#1548=CARTESIAN_POINT('',(2.47756379080981,1.49363875615605,10.));
#1549=CARTESIAN_POINT('',(1.88951232857908,0.683856874176827,9.));
#1550=CARTESIAN_POINT('',(2.50820374918496,1.46889100087059,10.));
#1551=CARTESIAN_POINT('',(1.94090661328535,0.645292928495205,9.));
#1552=CARTESIAN_POINT('',(2.53978657689654,1.44461372097851,10.));
#1553=CARTESIAN_POINT('',(1.99353445029458,0.607406704297349,9.));
#1554=CARTESIAN_POINT('',(2.57241436927598,1.42078527810633,10.));
#1555=CARTESIAN_POINT('',(2.04398714193102,0.569166626075816,9.));
#1556=CARTESIAN_POINT('',(2.60503743229326,1.39816399168781,10.));
#1557=CARTESIAN_POINT('',(2.09320737436638,0.538044998320882,9.));
#1558=CARTESIAN_POINT('',(2.63576320115435,1.37787351621421,10.));
#1559=CARTESIAN_POINT('',(2.141400535985,0.50713745911025,9.00000000000001));
#1560=CARTESIAN_POINT('',(2.66663347169038,1.35837459454056,10.));
#1561=CARTESIAN_POINT('',(2.1956894835076,0.474577734466534,8.99999999999999));
#1562=CARTESIAN_POINT('',(2.70135460366508,1.33743113832357,9.99999999999999));
#1563=CARTESIAN_POINT('',(2.26240025056033,0.436616648586892,9.));
#1564=CARTESIAN_POINT('',(2.74440386539415,1.3128787232989,10.));
#1565=CARTESIAN_POINT('',(2.3422780944017,0.394321097437507,9.));
#1566=CARTESIAN_POINT('',(2.7964775507365,1.28518971384124,10.));
#1567=CARTESIAN_POINT('',(2.43298914459566,0.349501410404185,9.));
#1568=CARTESIAN_POINT('',(2.85674359748502,1.25567210140563,10.));
#1569=CARTESIAN_POINT('',(2.56502436054447,0.290415162337471,9.));
#1570=CARTESIAN_POINT('',(2.94560648093688,1.21595234586416,10.));
#1571=CARTESIAN_POINT('',(2.66783243489604,0.251200174568551,9.));
#1572=CARTESIAN_POINT('',(3.01632610611911,1.18875763022013,10.));
#1573=CARTESIAN_POINT('',(2.73675865798337,0.227271246816326,9.));
#1574=CARTESIAN_POINT('',(3.06466067485747,1.17198298451317,10.));
#1575=FACE_BOUND('',#1576,.T.);
#1576=EDGE_LOOP('',(#2262,#2263,#2264,#2265));
#1577=B_SPLINE_SURFACE_WITH_KNOTS('',3,1,(
(#1578,#1579),
(#1580,#1581),
(#1582,#1583),
(#1584,#1585),
(#1586,#1587),
(#1588,#1589),
(#1590,#1591),
(#1592,#1593),
(#1594,#1595),
(#1596,#1597),
(#1598,#1599),
(#1600,#1601),
(#1602,#1603),
(#1604,#1605),
(#1606,#1607),
(#1608,#1609),
(#1610,#1611),
(#1612,#1613),
(#1614,#1615),
(#1616,#1617),
(#1618,#1619),
(#1620,#1621),
(#1622,#1623),
(#1624,#1625),
(#1626,#1627),
(#1628,#1629)),
.UNSPECIFIED.,.F.,.F.,.F.,
(4,1,1,1,1,1,1,1,1,1,1,1,1,1,1,1,1,1,1,1,1,1,1,4),
(2,2),
(5.13923020209431,5.62036201253967,5.83650409233147,6.01761467031467,6.16348646037794,
6.2846908352412,6.39748406895095,6.53288712727982,6.69823744776234,6.90562455918952,
7.14147661330654,7.41159236928001,7.71128583192581,8.05029874744323,8.41225479514873,
8.79301677546152,9.16736708431888,9.53776848773665,9.89441969914116,10.273871227088,
10.6820164615072,11.1589725650784,11.690600690581,12.8781949856426),
(0.,1.),
.UNSPECIFIED.);
#1578=CARTESIAN_POINT('',(2.00361358917356,-4.65278469246724,9.));
#1579=CARTESIAN_POINT('',(2.75346737486512,-3.9911811101885,10.));
#1580=CARTESIAN_POINT('',(2.02443008089846,-4.67637786613685,8.99999999999999));
#1581=CARTESIAN_POINT('',(2.77403156303385,-4.01439457907611,9.99999999999999));
#1582=CARTESIAN_POINT('',(2.06464045135156,-4.71924111481308,9.00000000000001));
#1583=CARTESIAN_POINT('',(2.7984901002978,-4.03994405912507,10.));
#1584=CARTESIAN_POINT('',(2.12322540937376,-4.77751419342155,9.));
#1585=CARTESIAN_POINT('',(2.82578848863712,-4.06654323496085,10.));
#1586=CARTESIAN_POINT('',(2.16052750622089,-4.81315071227268,9.));
#1587=CARTESIAN_POINT('',(2.84267301429004,-4.08233387484704,10.));
#1588=CARTESIAN_POINT('',(2.19123203391922,-4.84138334650483,9.));
#1589=CARTESIAN_POINT('',(2.8572454977279,-4.09550977067485,10.));
#1590=CARTESIAN_POINT('',(2.2163695316004,-4.86359242092954,9.));
#1591=CARTESIAN_POINT('',(2.87070727732709,-4.10732470056188,10.));
#1592=CARTESIAN_POINT('',(2.24063613306024,-4.88430851244935,9.));
#1593=CARTESIAN_POINT('',(2.884369941964,-4.11898796739854,10.));
#1594=CARTESIAN_POINT('',(2.26834600775489,-4.90727274961348,9.00000000000001));
#1595=CARTESIAN_POINT('',(2.89975835979224,-4.13174455334265,10.));
#1596=CARTESIAN_POINT('',(2.30283691337518,-4.93481013669621,9.));
#1597=CARTESIAN_POINT('',(2.91902965911442,-4.14716643802003,10.));
#1598=CARTESIAN_POINT('',(2.34483560705161,-4.96690104885167,9.));
#1599=CARTESIAN_POINT('',(2.94253543090601,-4.16516574613571,10.));
#1600=CARTESIAN_POINT('',(2.39480821676419,-5.0031681723129,9.));
#1601=CARTESIAN_POINT('',(2.97070542641299,-4.18563487773157,10.));
#1602=CARTESIAN_POINT('',(2.45186238316181,-5.04234130190923,9.));
#1603=CARTESIAN_POINT('',(3.00325682110835,-4.20790617927582,10.));
#1604=CARTESIAN_POINT('',(2.51713901411709,-5.0841739597872,9.));
#1605=CARTESIAN_POINT('',(3.04092418436993,-4.23198075440608,10.));
#1606=CARTESIAN_POINT('',(2.59064823528014,-5.12745386793151,9.));
#1607=CARTESIAN_POINT('',(3.08361063874346,-4.25723585606983,10.));
#1608=CARTESIAN_POINT('',(2.6711568440251,-5.1710208032441,9.));
#1609=CARTESIAN_POINT('',(3.13107412121152,-4.28300169076039,10.));
#1610=CARTESIAN_POINT('',(2.75455746065342,-5.21267679839483,9.));
#1611=CARTESIAN_POINT('',(3.1813870379041,-4.30789842832314,10.));
#1612=CARTESIAN_POINT('',(2.83985692629215,-5.25083107995409,9.));
#1613=CARTESIAN_POINT('',(3.23352283849683,-4.33132987743221,10.));
#1614=CARTESIAN_POINT('',(2.92397452247055,-5.28485579970622,9.));
#1615=CARTESIAN_POINT('',(3.28581586309729,-4.35264338680787,10.));
#1616=CARTESIAN_POINT('',(3.00840620218877,-5.31629237888995,9.));
#1617=CARTESIAN_POINT('',(3.33944177135759,-4.37245496812738,10.));
#1618=CARTESIAN_POINT('',(3.09585584058692,-5.34558938686838,9.));
#1619=CARTESIAN_POINT('',(3.39604924917403,-4.39132205163349,10.));
#1620=CARTESIAN_POINT('',(3.192945524403,-5.3740793030533,9.));
#1621=CARTESIAN_POINT('',(3.45997253341313,-4.41031061933954,9.99999999999999));
#1622=CARTESIAN_POINT('',(3.30145839718488,-5.40213020383069,9.00000000000001));
#1623=CARTESIAN_POINT('',(3.53305569351026,-4.42924285069361,10.));
#1624=CARTESIAN_POINT('',(3.46862233244164,-5.43947949885055,9.));
#1625=CARTESIAN_POINT('',(3.64865044402215,-4.45457023835034,10.));
#1626=CARTESIAN_POINT('',(3.59915125320893,-5.45909529666825,9.));
#1627=CARTESIAN_POINT('',(3.74223520261818,-4.46928814508833,10.));
#1628=CARTESIAN_POINT('',(3.68812539926564,-5.47000143185486,9.));
#1629=CARTESIAN_POINT('',(3.80787919209298,-4.47719735351198,10.));
#1630=FACE_BOUND('',#1631,.T.);
#1631=EDGE_LOOP('',(#2266,#2267,#2268,#2269));
#1632=B_SPLINE_SURFACE_WITH_KNOTS('',3,1,(
(#1633,#1634),
(#1635,#1636),
(#1637,#1638),
(#1639,#1640),
(#1641,#1642),
(#1643,#1644),
(#1645,#1646),
(#1647,#1648),
(#1649,#1650),
(#1651,#1652),
(#1653,#1654),
(#1655,#1656),
(#1657,#1658),
(#1659,#1660),
(#1661,#1662),
(#1663,#1664),
(#1665,#1666),
(#1667,#1668),
(#1669,#1670),
(#1671,#1672),
(#1673,#1674),
(#1675,#1676),
(#1677,#1678)),
.UNSPECIFIED.,.F.,.F.,.F.,
(4,1,1,1,1,1,1,1,1,1,1,1,1,1,1,1,1,1,1,1,4),
(2,2),
(4.93432914916322,5.0591647548013,5.1120147996371,5.1738730763561,5.25714894976742,
5.38606714448504,5.5677605365646,5.83823024523234,6.20766036076315,6.71334346309509,
7.34328554919248,8.08940832736074,8.88384754537872,9.69331298072123,10.5272453854458,
11.4463477835618,12.5042546240404,13.6283884561362,14.7325222049105,15.7160914532686,
17.0463200880725),
(0.,1.),
.UNSPECIFIED.);
#1633=CARTESIAN_POINT('',(3.68810420819034,-5.46999893384751,9.));
#1634=CARTESIAN_POINT('',(3.80104552298165,-4.476397273516,10.));
#1635=CARTESIAN_POINT('',(3.69604409095534,-5.47091818891671,9.));
#1636=CARTESIAN_POINT('',(3.80967870371993,-4.47739008484059,10.));
#1637=CARTESIAN_POINT('',(3.71036875456718,-5.47247123751956,9.));
#1638=CARTESIAN_POINT('',(3.81970096322993,-4.47846797159974,10.));
#1639=CARTESIAN_POINT('',(3.73130303180114,-5.47460587699612,9.));
#1640=CARTESIAN_POINT('',(3.83173259410672,-4.47968220466062,10.));
#1641=CARTESIAN_POINT('',(3.74840858985253,-5.47628993070088,9.));
#1642=CARTESIAN_POINT('',(3.84178005670259,-4.4806566972244,10.));
#1643=CARTESIAN_POINT('',(3.76981201486173,-5.47828143084881,9.));
#1644=CARTESIAN_POINT('',(3.85769133618068,-4.48212057971706,10.));
#1645=CARTESIAN_POINT('',(3.80035611501162,-5.48083916145799,8.99999999999999));
#1646=CARTESIAN_POINT('',(3.88030892054548,-4.48404217140838,9.99999999999999));
#1647=CARTESIAN_POINT('',(3.84418936090135,-5.4842443824725,9.00000000000001));
#1648=CARTESIAN_POINT('',(3.9152339024097,-4.48672776582205,10.));
#1649=CARTESIAN_POINT('',(3.90445194170089,-5.48821931219599,8.99999999999999));
#1650=CARTESIAN_POINT('',(3.96536989136792,-4.49008756358168,10.));
#1651=CARTESIAN_POINT('',(3.98677394611748,-5.49292576580426,9.));
#1652=CARTESIAN_POINT('',(4.03751267809581,-4.49418920469946,10.));
#1653=CARTESIAN_POINT('',(4.09274176068878,-5.49784442314707,9.));
#1654=CARTESIAN_POINT('',(4.1340149357365,-4.49868883366298,10.));
#1655=CARTESIAN_POINT('',(4.22346708509662,-5.50275274828853,9.));
#1656=CARTESIAN_POINT('',(4.25652760323767,-4.50328842785116,10.));
#1657=CARTESIAN_POINT('',(4.37283813727436,-5.5072047376008,9.));
#1658=CARTESIAN_POINT('',(4.39923302359893,-4.50754528725742,10.));
#1659=CARTESIAN_POINT('',(4.53361739546109,-5.51103243466668,9.));
#1660=CARTESIAN_POINT('',(4.55501902972393,-4.51123695808736,10.));
#1661=CARTESIAN_POINT('',(4.6996918164672,-5.51414612219929,9.));
#1662=CARTESIAN_POINT('',(4.71639681668009,-4.51429589772506,10.));
#1663=CARTESIAN_POINT('',(4.87388810991841,-5.51681076716584,9.));
#1664=CARTESIAN_POINT('',(4.88741257865845,-4.51689280566721,10.));
#1665=CARTESIAN_POINT('',(5.06455319261345,-5.51909191163612,9.00000000000001));
#1666=CARTESIAN_POINT('',(5.07517308068729,-4.51913536184571,10.));
#1667=CARTESIAN_POINT('',(5.27458364251992,-5.52095998098605,8.99999999999999));
#1668=CARTESIAN_POINT('',(5.28180075188812,-4.52099966377737,9.99999999999999));
#1669=CARTESIAN_POINT('',(5.4969100248093,-5.52242810497449,9.));
#1670=CARTESIAN_POINT('',(5.50295332367674,-4.52241478632426,10.));
#1671=CARTESIAN_POINT('',(5.71398915771301,-5.52330750154555,9.));
#1672=CARTESIAN_POINT('',(5.71716097838779,-4.52331596510945,10.));
#1673=CARTESIAN_POINT('',(5.94482784603092,-5.52390354525956,9.));
#1674=CARTESIAN_POINT('',(5.94707428202473,-4.52388474215608,10.));
#1675=CARTESIAN_POINT('',(6.10111306026771,-5.52396176085777,9.));
#1676=CARTESIAN_POINT('',(6.09999202141204,-4.5240087689687,10.));
#1677=CARTESIAN_POINT('',(6.19083477562725,-5.52400977711382,9.));
#1678=CARTESIAN_POINT('',(6.1908349321555,-4.52400977092394,10.));
#1679=FACE_BOUND('',#1680,.T.);
#1680=EDGE_LOOP('',(#2270,#2271,#2272,#2273));
#1681=PLANE('',#1682);
#1682=AXIS2_PLACEMENT_3D('',#1683,#1684,#1685);
#1683=CARTESIAN_POINT('',(2.19082485389486,-5.52400977092394,9.));
#1684=DIRECTION('',(-1.30797307985529E-16,-0.707106781186548,0.707106781186547));
#1685=DIRECTION('',(1.,-1.84975326875026E-16,0.));
#1686=FACE_BOUND('',#1687,.T.);
#1687=EDGE_LOOP('',(#2274,#2275,#2276,#2277));
#1688=PLANE('',#1689);
#1689=AXIS2_PLACEMENT_3D('',#1690,#1691,#1692);
#1690=CARTESIAN_POINT('',(8.79403447871366,-8.52400977092394,9.));
#1691=DIRECTION('',(0.707106781186549,-4.48720949235009E-16,0.707106781186546));
#1692=DIRECTION('',(6.34587252129078E-16,1.,0.));
#1693=FACE_BOUND('',#1694,.T.);
#1694=EDGE_LOOP('',(#2278,#2279,#2280,#2281));
#1695=PLANE('',#1696);
#1696=AXIS2_PLACEMENT_3D('',#1697,#1698,#1699);
#1697=CARTESIAN_POINT('',(11.7940344787137,-0.327082423641313,9.));
#1698=DIRECTION('',(8.78528796390004E-17,0.707106781186548,0.707106781186547));
#1699=DIRECTION('',(-1.,1.24242733879006E-16,0.));
#1700=FACE_BOUND('',#1701,.T.);
#1701=EDGE_LOOP('',(#2282,#2283,#2284,#2285,#2286));
#1702=B_SPLINE_SURFACE_WITH_KNOTS('',3,1,(
(#1703,#1704),
(#1705,#1706),
(#1707,#1708),
(#1709,#1710),
(#1711,#1712),
(#1713,#1714),
(#1715,#1716),
(#1717,#1718),
(#1719,#1720),
(#1721,#1722),
(#1723,#1724),
(#1725,#1726),
(#1727,#1728),
(#1729,#1730),
(#1731,#1732),
(#1733,#1734),
(#1735,#1736),
(#1737,#1738),
(#1739,#1740),
(#1741,#1742),
(#1743,#1744),
(#1745,#1746),
(#1747,#1748),
(#1749,#1750)),
.UNSPECIFIED.,.F.,.F.,.F.,
(4,1,1,1,1,1,1,1,1,1,1,1,1,1,1,1,1,1,1,1,1,4),
(2,2),
(5.38489440963143,6.68281197740165,7.37850743429583,8.23224013494273,9.24502487907509,
10.3110449083803,11.3117328485995,12.1798749434545,12.9220275764033,13.5139651676438,
14.0037187804558,14.4477098800229,14.8728463012527,15.2272742705504,15.4798365555845,
15.6224814023856,15.7241628134133,15.8143116667926,15.9055937808068,16.0239341488038,
16.1923651006876,16.6151051248433),
(0.,1.),
.UNSPECIFIED.);
#1703=CARTESIAN_POINT('',(5.96453340748343,-0.327082423641312,9.));
#1704=CARTESIAN_POINT('',(5.96453342509958,-1.32708242364131,10.));
#1705=CARTESIAN_POINT('',(5.88417793718932,-0.327081627582095,9.));
#1706=CARTESIAN_POINT('',(5.88406791314427,-1.32708285865911,10.));
#1707=CARTESIAN_POINT('',(5.76025808343737,-0.32718669382254,9.));
#1708=CARTESIAN_POINT('',(5.76179522578679,-1.32721300682643,10.));
#1709=CARTESIAN_POINT('',(5.58277859453637,-0.327697473973032,9.00000000000001));
#1710=CARTESIAN_POINT('',(5.587304856215,-1.32773488047229,10.));
#1711=CARTESIAN_POINT('',(5.4229611667043,-0.328493172243626,8.99999999999999));
#1712=CARTESIAN_POINT('',(5.42884586668759,-1.32847437592805,9.99999999999999));
#1713=CARTESIAN_POINT('',(5.24019998443218,-0.32977034448986,9.));
#1714=CARTESIAN_POINT('',(5.24851771068085,-1.32973584188313,10.));
#1715=CARTESIAN_POINT('',(5.04786401141069,-0.331695731382951,9.));
#1716=CARTESIAN_POINT('',(5.0599065757342,-1.33163574872849,10.));
#1717=CARTESIAN_POINT('',(4.86423827678249,-0.33423299532361,9.));
#1718=CARTESIAN_POINT('',(4.88020317736072,-1.33412591784038,10.));
#1719=CARTESIAN_POINT('',(4.70026290255682,-0.33727460319518,8.99999999999999));
#1720=CARTESIAN_POINT('',(4.72026702300846,-1.33704483342578,9.99999999999999));
#1721=CARTESIAN_POINT('',(4.56167857454583,-0.340376846081579,9.));
#1722=CARTESIAN_POINT('',(4.58727621162483,-1.34009985634354,10.));
#1723=CARTESIAN_POINT('',(4.44610533628133,-0.343696798630441,9.));
#1724=CARTESIAN_POINT('',(4.47609551498938,-1.3432152625817,10.));
#1725=CARTESIAN_POINT('',(4.34920025120485,-0.346830415171465,9.));
#1726=CARTESIAN_POINT('',(4.38490041342781,-1.34623303054788,10.));
#1727=CARTESIAN_POINT('',(4.26205939488783,-0.35024307089376,9.));
#1728=CARTESIAN_POINT('',(4.30328232212962,-1.34937458795851,10.));
#1729=CARTESIAN_POINT('',(4.18320112251558,-0.353718993538834,9.));
#1730=CARTESIAN_POINT('',(4.23107026922896,-1.35260834872191,10.));
#1731=CARTESIAN_POINT('',(4.11575016486239,-0.357232208242762,9.));
#1732=CARTESIAN_POINT('',(4.17063839670177,-1.35573829006106,10.));
#1733=CARTESIAN_POINT('',(4.06589547386159,-0.360318015507122,9.));
#1734=CARTESIAN_POINT('',(4.12627197715414,-1.35835149820497,10.));
#1735=CARTESIAN_POINT('',(4.0327202621578,-0.362449690497847,9.));
#1736=CARTESIAN_POINT('',(4.09798760151061,-1.36017765376761,10.));
#1737=CARTESIAN_POINT('',(4.01053353867014,-0.363785228542438,9.));
#1738=CARTESIAN_POINT('',(4.08012329759847,-1.36139432139655,10.));
#1739=CARTESIAN_POINT('',(3.99120229133748,-0.365218340091547,9.));
#1740=CARTESIAN_POINT('',(4.06392608739155,-1.3625491386694,10.));
#1741=CARTESIAN_POINT('',(3.97079058262906,-0.366713061018529,8.99999999999999));
#1742=CARTESIAN_POINT('',(4.04731027067816,-1.36379056985089,9.99999999999999));
#1743=CARTESIAN_POINT('',(3.9447590084106,-0.36874378340232,9.));
#1744=CARTESIAN_POINT('',(4.02648362335893,-1.36543260641453,10.));
#1745=CARTESIAN_POINT('',(3.89473032398516,-0.373070487302934,9.));
#1746=CARTESIAN_POINT('',(3.98803034126469,-1.36871280346154,9.99999999999999));
#1747=CARTESIAN_POINT('',(3.8516591742103,-0.377338169364146,9.));
#1748=CARTESIAN_POINT('',(3.95745890530149,-1.37181204016189,10.));
#1749=CARTESIAN_POINT('',(3.81869659096434,-0.381269878061969,9.));
#1750=CARTESIAN_POINT('',(3.93694682588547,-1.37425370570034,10.));
#1751=FACE_BOUND('',#1752,.T.);
#1752=EDGE_LOOP('',(#2287,#2288,#2289,#2290));
#1753=B_SPLINE_SURFACE_WITH_KNOTS('',3,1,(
(#1754,#1755),
(#1756,#1757),
(#1758,#1759),
(#1760,#1761),
(#1762,#1763),
(#1764,#1765),
(#1766,#1767),
(#1768,#1769),
(#1770,#1771),
(#1772,#1773),
(#1774,#1775),
(#1776,#1777),
(#1778,#1779),
(#1780,#1781),
(#1782,#1783),
(#1784,#1785),
(#1786,#1787),
(#1788,#1789),
(#1790,#1791),
(#1792,#1793),
(#1794,#1795),
(#1796,#1797)),
.UNSPECIFIED.,.F.,.F.,.F.,
(4,1,1,1,1,1,1,1,1,1,1,1,1,1,1,1,1,1,1,4),
(2,2),
(4.17472659904945,5.03130364348015,5.32155299615615,5.54852248327135,5.76058512015516,
5.9796137830277,6.22080001025233,6.49296914052909,6.78415786675775,7.10333820707381,
7.44787332639257,7.82080828536332,8.17776537171408,8.51054814049919,8.81630832377342,
9.12322267070728,9.44317011608749,9.78573944219703,10.146593935397,10.6505041200329),
(0.0310954938969797,1.),
.UNSPECIFIED.);
#1754=CARTESIAN_POINT('',(3.82305384882489,-0.412066435358806,9.03109549389698));
#1755=CARTESIAN_POINT('',(3.9369650670902,-1.37425154036722,10.));
#1756=CARTESIAN_POINT('',(3.75491623714784,-0.420136842852441,9.03109549389697));
#1757=CARTESIAN_POINT('',(3.86931997661722,-1.38240055253224,9.99999999999999));
#1758=CARTESIAN_POINT('',(3.64714818442585,-0.435855721036053,9.03109549389699));
#1759=CARTESIAN_POINT('',(3.79424020249039,-1.39403141822048,10.));
#1760=CARTESIAN_POINT('',(3.51492395328136,-0.461406551545244,9.03109549389698));
#1761=CARTESIAN_POINT('',(3.70838876228996,-1.41102103449612,10.));
#1762=CARTESIAN_POINT('',(3.44585056072905,-0.476498328757717,9.03109549389698));
#1763=CARTESIAN_POINT('',(3.66233134813316,-1.42111617306668,10.));
#1764=CARTESIAN_POINT('',(3.38560970789096,-0.491219897625876,9.03109549389698));
#1765=CARTESIAN_POINT('',(3.61948641066786,-1.43134690800995,10.));
#1766=CARTESIAN_POINT('',(3.32355281942649,-0.507303615172281,9.03109549389698));
#1767=CARTESIAN_POINT('',(3.57632428656034,-1.44253077507759,10.));
#1768=CARTESIAN_POINT('',(3.25599281472716,-0.526198811009985,9.03109549389698));
#1769=CARTESIAN_POINT('',(3.52971080094076,-1.45564601168771,10.));
#1770=CARTESIAN_POINT('',(3.1818427301138,-0.548797064147941,9.03109549389698));
#1771=CARTESIAN_POINT('',(3.4791819162375,-1.47117835525751,10.));
#1772=CARTESIAN_POINT('',(3.10087173695781,-0.576017128036707,9.03109549389698));
#1773=CARTESIAN_POINT('',(3.42460284588791,-1.48958763647027,10.));
#1774=CARTESIAN_POINT('',(3.01405792018039,-0.608675299056979,9.03109549389698));
#1775=CARTESIAN_POINT('',(3.36666240177529,-1.51110564307991,10.));
#1776=CARTESIAN_POINT('',(2.91974818834328,-0.647284553856514,9.03109549389698));
#1777=CARTESIAN_POINT('',(3.30490697638973,-1.5364650955627,10.));
#1778=CARTESIAN_POINT('',(2.82279776199425,-0.691200632985898,9.03109549389698));
#1779=CARTESIAN_POINT('',(3.24239056574061,-1.56497496283564,10.));
#1780=CARTESIAN_POINT('',(2.72884928977734,-0.738876450077632,9.03109549389698));
#1781=CARTESIAN_POINT('',(3.18227931918636,-1.59535544867,10.));
#1782=CARTESIAN_POINT('',(2.64180573009246,-0.78732861800975,9.03109549389698));
#1783=CARTESIAN_POINT('',(3.12739822284598,-1.62583190478902,10.));
#1784=CARTESIAN_POINT('',(2.56017843845514,-0.8365426346078,9.03109549389698));
#1785=CARTESIAN_POINT('',(3.07658257703072,-1.65656398029698,10.));
#1786=CARTESIAN_POINT('',(2.48130566515131,-0.888093587470734,9.03109549389698));
#1787=CARTESIAN_POINT('',(3.02781505118027,-1.68852184975756,10.));
#1788=CARTESIAN_POINT('',(2.40176827118807,-0.944791633681756,9.03109549389698));
#1789=CARTESIAN_POINT('',(2.97864084218286,-1.72345772837374,10.));
#1790=CARTESIAN_POINT('',(2.31930844077837,-1.00851123722085,9.03109549389698));
#1791=CARTESIAN_POINT('',(2.92838554082432,-1.76227304608981,10.));
#1792=CARTESIAN_POINT('',(2.22557582398832,-1.08741098177767,9.03109549389698));
#1793=CARTESIAN_POINT('',(2.87080093201059,-1.81092173091617,10.));
#1794=CARTESIAN_POINT('',(2.1601048678548,-1.14904914040913,9.03109549389698));
#1795=CARTESIAN_POINT('',(2.83299683143336,-1.8464180781569,10.));
#1796=CARTESIAN_POINT('',(2.12489789783473,-1.18425119079006,9.03109549389698));
#1797=CARTESIAN_POINT('',(2.81004349946154,-1.86934348131087,10.));
#1798=FACE_BOUND('',#1799,.T.);
#1799=EDGE_LOOP('',(#2291,#2292,#2293,#2294,#2295));
#1800=B_SPLINE_SURFACE_WITH_KNOTS('',3,1,(
(#1801,#1802),
(#1803,#1804),
(#1805,#1806),
(#1807,#1808),
(#1809,#1810),
(#1811,#1812),
(#1813,#1814),
(#1815,#1816),
(#1817,#1818),
(#1819,#1820),
(#1821,#1822),
(#1823,#1824),
(#1825,#1826),
(#1827,#1828),
(#1829,#1830),
(#1831,#1832),
(#1833,#1834),
(#1835,#1836),
(#1837,#1838),
(#1839,#1840),
(#1841,#1842),
(#1843,#1844),
(#1845,#1846),
(#1847,#1848),
(#1849,#1850),
(#1851,#1852),
(#1853,#1854),
(#1855,#1856),
(#1857,#1858),
(#1859,#1860)),
.UNSPECIFIED.,.F.,.F.,.F.,
(4,1,1,1,1,1,1,1,1,1,1,1,1,1,1,1,1,1,1,1,1,1,1,1,1,1,1,4),
(2,2),
(5.38464471882522,5.76555258078109,5.90691402880306,6.01868607129111,6.11413517442516,
6.20211166059259,6.31027395894391,6.44306954051137,6.59735914743992,6.74919232730246,
6.90527692312105,7.07648759911561,7.2886565520205,7.54423237060504,7.83359938900552,
8.16820481625449,8.53429186734602,8.92856423431221,9.31702620927494,9.70071840043805,
10.0839634411483,10.4631063890609,10.8889661397033,11.3591841726752,11.8967571765365,
12.4440638340878,12.9986231554419,13.6153544187242),
(0.,1.),
.UNSPECIFIED.);
#1801=CARTESIAN_POINT('',(2.10292465448302,-1.16224876388838,9.));
#1802=CARTESIAN_POINT('',(2.81005628723839,-1.86933069263266,10.));
#1803=CARTESIAN_POINT('',(2.08614260325502,-1.17903095727603,9.00000000000001));
#1804=CARTESIAN_POINT('',(2.79352827279093,-1.88589496907051,10.));
#1805=CARTESIAN_POINT('',(2.05831892148118,-1.20776279343471,8.99999999999999));
#1806=CARTESIAN_POINT('',(2.77500994792624,-1.90539974702051,10.));
#1807=CARTESIAN_POINT('',(2.02294828876743,-1.2461287791192,9.));
#1808=CARTESIAN_POINT('',(2.75506793463026,-1.92749062617206,10.));
#1809=CARTESIAN_POINT('',(2.00362146078784,-1.2676511119929,9.));
#1810=CARTESIAN_POINT('',(2.74416290824027,-1.93989463153233,10.));
#1811=CARTESIAN_POINT('',(1.98786494023992,-1.28565492127119,9.00000000000001));
#1812=CARTESIAN_POINT('',(2.73554038828611,-1.94991373167259,10.));
#1813=CARTESIAN_POINT('',(1.97168859439756,-1.30453657427694,9.));
#1814=CARTESIAN_POINT('',(2.72743951259509,-1.95949555048037,10.));
#1815=CARTESIAN_POINT('',(1.9531495336204,-1.32663453863859,9.00000000000001));
#1816=CARTESIAN_POINT('',(2.71863270073323,-1.9701088126673,10.));
#1817=CARTESIAN_POINT('',(1.93089418372813,-1.35382877995643,9.));
#1818=CARTESIAN_POINT('',(2.70825151125444,-1.98290661523175,10.));
#1819=CARTESIAN_POINT('',(1.90694556080076,-1.3840000767199,9.));
#1820=CARTESIAN_POINT('',(2.69661321590274,-1.99764571860261,10.));
#1821=CARTESIAN_POINT('',(1.8840916121557,-1.41396020297756,9.));
#1822=CARTESIAN_POINT('',(2.68347398945981,-2.01482643169679,10.));
#1823=CARTESIAN_POINT('',(1.86081638665072,-1.44551656411617,9.));
#1824=CARTESIAN_POINT('',(2.67015139479643,-2.03285692160504,10.));
#1825=CARTESIAN_POINT('',(1.83513621543533,-1.4816048342023,9.));
#1826=CARTESIAN_POINT('',(2.65550504383942,-2.05340970794462,10.));
#1827=CARTESIAN_POINT('',(1.80550768565271,-1.52504355317872,9.));
#1828=CARTESIAN_POINT('',(2.63865973741713,-2.07809585330442,10.));
#1829=CARTESIAN_POINT('',(1.77163736266788,-1.57738653205407,9.));
#1830=CARTESIAN_POINT('',(2.6194372972403,-2.10782481001677,10.));
#1831=CARTESIAN_POINT('',(1.73412335242332,-1.63914705336051,9.));
#1832=CARTESIAN_POINT('',(2.59812472423943,-2.14297890940491,10.));
#1833=CARTESIAN_POINT('',(1.69450781917088,-1.70959920465037,9.));
#1834=CARTESIAN_POINT('',(2.57546640212155,-2.18330116370803,10.));
#1835=CARTESIAN_POINT('',(1.65346766097985,-1.7896140896924,9.));
#1836=CARTESIAN_POINT('',(2.55199187855834,-2.22894773528288,10.));
#1837=CARTESIAN_POINT('',(1.61382307333968,-1.87503772555409,9.));
#1838=CARTESIAN_POINT('',(2.52922545950402,-2.27792759037943,10.));
#1839=CARTESIAN_POINT('',(1.57727715289149,-1.96226933982025,9.));
#1840=CARTESIAN_POINT('',(2.50809760234023,-2.32865660650371,10.));
#1841=CARTESIAN_POINT('',(1.54479653909165,-2.05002390061831,9.));
#1842=CARTESIAN_POINT('',(2.4890480019986,-2.37998414964988,10.));
#1843=CARTESIAN_POINT('',(1.51607965963739,-2.13806051752631,9.));
#1844=CARTESIAN_POINT('',(2.47201100735536,-2.43190605238657,10.));
#1845=CARTESIAN_POINT('',(1.48970703585946,-2.22947333066514,9.));
#1846=CARTESIAN_POINT('',(2.4562827583294,-2.48663754571311,10.));
#1847=CARTESIAN_POINT('',(1.46534500055772,-2.3275361313883,9.));
#1848=CARTESIAN_POINT('',(2.44156689542702,-2.54635609045409,10.));
#1849=CARTESIAN_POINT('',(1.4431659822506,-2.43868849254216,9.));
#1850=CARTESIAN_POINT('',(2.42765947133721,-2.61483520745108,10.));
#1851=CARTESIAN_POINT('',(1.42418143072672,-2.55845923203778,9.));
#1852=CARTESIAN_POINT('',(2.41580248393312,-2.69040524870494,10.));
#1853=CARTESIAN_POINT('',(1.41011703460392,-2.68403995922689,9.));
#1854=CARTESIAN_POINT('',(2.40685261168655,-2.7713217081146,10.));
#1855=CARTESIAN_POINT('',(1.40179395809633,-2.81456451616878,9.));
#1856=CARTESIAN_POINT('',(2.4011421813564,-2.85817511582868,10.));
#1857=CARTESIAN_POINT('',(1.39983051316945,-2.90390045994708,9.));
#1858=CARTESIAN_POINT('',(2.39984586685468,-2.91663494019732,10.));
#1859=CARTESIAN_POINT('',(1.39984175624984,-2.94911387280236,9.));
#1860=CARTESIAN_POINT('',(2.39984175624984,-2.94911078867448,10.));
#1861=FACE_BOUND('',#1862,.T.);
#1862=EDGE_LOOP('',(#2296,#2297,#2298,#2299));
#1863=B_SPLINE_SURFACE_WITH_KNOTS('',3,1,(
(#1864,#1865),
(#1866,#1867),
(#1868,#1869),
(#1870,#1871),
(#1872,#1873),
(#1874,#1875),
(#1876,#1877),
(#1878,#1879),
(#1880,#1881),
(#1882,#1883),
(#1884,#1885),
(#1886,#1887),
(#1888,#1889),
(#1890,#1891),
(#1892,#1893),
(#1894,#1895),
(#1896,#1897),
(#1898,#1899),
(#1900,#1901),
(#1902,#1903),
(#1904,#1905),
(#1906,#1907),
(#1908,#1909),
(#1910,#1911),
(#1912,#1913),
(#1914,#1915),
(#1916,#1917),
(#1918,#1919)),
.UNSPECIFIED.,.F.,.F.,.F.,
(4,1,1,1,1,1,1,1,1,1,1,1,1,1,1,1,1,1,1,1,1,1,1,1,1,4),
(2,2),
(5.23097308387366,6.05819942851264,6.33149336192864,6.52249703012414,6.67088157740149,
6.81885702358446,6.9703211673882,7.14931545797746,7.35937275775592,7.61452984043667,
7.90347685288142,8.22354895260496,8.56451190467038,8.90968183395498,9.25324636747037,
9.6035560484311,9.9960086896393,10.4447718091812,10.9424636624917,11.4431810165738,
11.8257812732853,12.0819182869591,12.2260497568862,12.3751262507356,12.5466010534622,
12.7690257989013),
(0.,1.),
.UNSPECIFIED.);
#1864=CARTESIAN_POINT('',(1.39984175624984,-2.94909229288925,9.));
#1865=CARTESIAN_POINT('',(2.39984175624984,-2.94909236865856,10.));
#1866=CARTESIAN_POINT('',(1.39984025497486,-3.00205265690831,8.99999999999999));
#1867=CARTESIAN_POINT('',(2.39993816082893,-3.00156893477686,9.99999999999999));
#1868=CARTESIAN_POINT('',(1.40203189189906,-3.087616531096,9.));
#1869=CARTESIAN_POINT('',(2.40195307699706,-3.05889085014252,10.));
#1870=CARTESIAN_POINT('',(1.40901996822044,-3.19348195468659,9.));
#1871=CARTESIAN_POINT('',(2.40649190124983,-3.12168115078163,10.));
#1872=CARTESIAN_POINT('',(1.41329047422217,-3.24354122839609,9.));
#1873=CARTESIAN_POINT('',(2.40915890796423,-3.15151589046281,10.));
#1874=CARTESIAN_POINT('',(1.41726004215212,-3.28286514734657,9.));
#1875=CARTESIAN_POINT('',(2.41162060538394,-3.17557501600162,10.));
#1876=CARTESIAN_POINT('',(1.42141401543931,-3.31802755152392,9.));
#1877=CARTESIAN_POINT('',(2.41422008472505,-3.19834059164822,10.));
#1878=CARTESIAN_POINT('',(1.42627825825424,-3.35543770767021,9.));
#1879=CARTESIAN_POINT('',(2.41731674191175,-3.2227721843495,10.));
#1880=CARTESIAN_POINT('',(1.43228604913251,-3.39795653724921,9.));
#1881=CARTESIAN_POINT('',(2.42117539477963,-3.25017239730283,10.));
#1882=CARTESIAN_POINT('',(1.44024014294883,-3.44874895980882,9.));
#1883=CARTESIAN_POINT('',(2.42629964516604,-3.28265380257721,10.));
#1884=CARTESIAN_POINT('',(1.45074969740514,-3.50834806646528,9.));
#1885=CARTESIAN_POINT('',(2.43303308055981,-3.32035449670488,10.));
#1886=CARTESIAN_POINT('',(1.46452933649955,-3.57667348000814,9.));
#1887=CARTESIAN_POINT('',(2.44174435912476,-3.3631037841959,10.));
#1888=CARTESIAN_POINT('',(1.48211840152019,-3.65145739067302,9.));
#1889=CARTESIAN_POINT('',(2.45254320732762,-3.4094504963858,10.));
#1890=CARTESIAN_POINT('',(1.50338033865965,-3.73073032081056,9.));
#1891=CARTESIAN_POINT('',(2.46542072945634,-3.45785821868703,10.));
#1892=CARTESIAN_POINT('',(1.52776522954514,-3.81198144608727,9.));
#1893=CARTESIAN_POINT('',(2.48015937618025,-3.50667520126865,10.));
#1894=CARTESIAN_POINT('',(1.55528910901793,-3.89353892472751,9.));
#1895=CARTESIAN_POINT('',(2.49660868213462,-3.55509993088753,10.));
#1896=CARTESIAN_POINT('',(1.58734627488262,-3.97757272075021,9.));
#1897=CARTESIAN_POINT('',(2.51544149079042,-3.60472767273221,10.));
#1898=CARTESIAN_POINT('',(1.62633217530732,-4.069279401174,9.));
#1899=CARTESIAN_POINT('',(2.53808077391112,-3.65810378680597,10.));
#1900=CARTESIAN_POINT('',(1.67483193051834,-4.1712487522933,9.));
#1901=CARTESIAN_POINT('',(2.56606478328924,-3.71667125629961,10.));
#1902=CARTESIAN_POINT('',(1.73282988647844,-4.27810897502421,9.));
#1903=CARTESIAN_POINT('',(2.59925146704396,-3.77792863516606,10.));
#1904=CARTESIAN_POINT('',(1.79397052522175,-4.37762081892862,9.));
#1905=CARTESIAN_POINT('',(2.63415246070496,-3.83469372831278,10.));
#1906=CARTESIAN_POINT('',(1.84885870495362,-4.45796047538645,9.));
#1907=CARTESIAN_POINT('',(2.66480169872688,-3.87960221914371,9.99999999999999));
#1908=CARTESIAN_POINT('',(1.88746569593492,-4.51056236825937,9.));
#1909=CARTESIAN_POINT('',(2.68742849994943,-3.91031921700697,10.));
#1910=CARTESIAN_POINT('',(1.91676983711476,-4.54844599749732,9.));
#1911=CARTESIAN_POINT('',(2.70283081975075,-3.93032497978025,10.));
#1912=CARTESIAN_POINT('',(1.94219281444941,-4.58026471927373,9.));
#1913=CARTESIAN_POINT('',(2.71603115691458,-3.94695012571949,10.));
#1914=CARTESIAN_POINT('',(1.9719010877082,-4.6162407978058,9.));
#1915=CARTESIAN_POINT('',(2.73223822802889,-3.96668217516448,10.));
#1916=CARTESIAN_POINT('',(1.9925829004814,-4.64028280145899,9.00000000000001));
#1917=CARTESIAN_POINT('',(2.74534752483238,-3.98197745757104,10.));
#1918=CARTESIAN_POINT('',(2.00362792521832,-4.6528009407672,9.));
#1919=CARTESIAN_POINT('',(2.75347955534849,-3.99119491540139,10.));
#1920=ORIENTED_EDGE('',*,*,#2300,.T.);
#1921=ORIENTED_EDGE('',*,*,#2301,.T.);
#1922=ORIENTED_EDGE('',*,*,#2302,.T.);
#1923=ORIENTED_EDGE('',*,*,#2303,.T.);
#1924=ORIENTED_EDGE('',*,*,#2304,.T.);
#1925=ORIENTED_EDGE('',*,*,#2305,.T.);
#1926=ORIENTED_EDGE('',*,*,#2306,.T.);
#1927=ORIENTED_EDGE('',*,*,#2307,.T.);
#1928=ORIENTED_EDGE('',*,*,#2308,.T.);
#1929=ORIENTED_EDGE('',*,*,#2309,.T.);
#1930=ORIENTED_EDGE('',*,*,#2310,.T.);
#1931=ORIENTED_EDGE('',*,*,#2311,.T.);
#1932=ORIENTED_EDGE('',*,*,#2312,.T.);
#1933=ORIENTED_EDGE('',*,*,#2313,.T.);
#1934=ORIENTED_EDGE('',*,*,#2314,.T.);
#1935=ORIENTED_EDGE('',*,*,#2315,.T.);
#1936=ORIENTED_EDGE('',*,*,#2316,.T.);
#1937=ORIENTED_EDGE('',*,*,#2317,.T.);
#1938=ORIENTED_EDGE('',*,*,#2318,.T.);
#1939=ORIENTED_EDGE('',*,*,#2319,.T.);
#1940=ORIENTED_EDGE('',*,*,#2320,.T.);
#1941=ORIENTED_EDGE('',*,*,#2321,.T.);
#1942=ORIENTED_EDGE('',*,*,#2322,.T.);
#1943=ORIENTED_EDGE('',*,*,#2323,.T.);
#1944=ORIENTED_EDGE('',*,*,#2324,.F.);
#1945=ORIENTED_EDGE('',*,*,#2325,.T.);
#1946=ORIENTED_EDGE('',*,*,#2326,.F.);
#1947=ORIENTED_EDGE('',*,*,#2327,.T.);
#1948=ORIENTED_EDGE('',*,*,#2328,.T.);
#1949=ORIENTED_EDGE('',*,*,#2329,.T.);
#1950=ORIENTED_EDGE('',*,*,#2330,.T.);
#1951=ORIENTED_EDGE('',*,*,#2331,.T.);
#1952=ORIENTED_EDGE('',*,*,#2332,.T.);
#1953=ORIENTED_EDGE('',*,*,#2333,.T.);
#1954=ORIENTED_EDGE('',*,*,#2334,.T.);
#1955=ORIENTED_EDGE('',*,*,#2335,.T.);
#1956=ORIENTED_EDGE('',*,*,#2336,.T.);
#1957=ORIENTED_EDGE('',*,*,#2337,.T.);
#1958=ORIENTED_EDGE('',*,*,#2338,.T.);
#1959=ORIENTED_EDGE('',*,*,#2339,.T.);
#1960=ORIENTED_EDGE('',*,*,#2340,.T.);
#1961=ORIENTED_EDGE('',*,*,#2341,.F.);
#1962=ORIENTED_EDGE('',*,*,#2342,.T.);
#1963=ORIENTED_EDGE('',*,*,#2343,.F.);
#1964=ORIENTED_EDGE('',*,*,#2344,.T.);
#1965=ORIENTED_EDGE('',*,*,#2345,.F.);
#1966=ORIENTED_EDGE('',*,*,#2346,.T.);
#1967=ORIENTED_EDGE('',*,*,#2347,.T.);
#1968=ORIENTED_EDGE('',*,*,#2348,.F.);
#1969=ORIENTED_EDGE('',*,*,#2349,.T.);
#1970=ORIENTED_EDGE('',*,*,#2350,.F.);
#1971=ORIENTED_EDGE('',*,*,#2351,.T.);
#1972=ORIENTED_EDGE('',*,*,#2352,.T.);
#1973=ORIENTED_EDGE('',*,*,#2353,.F.);
#1974=ORIENTED_EDGE('',*,*,#2354,.T.);
#1975=ORIENTED_EDGE('',*,*,#2355,.T.);
#1976=ORIENTED_EDGE('',*,*,#2356,.T.);
#1977=ORIENTED_EDGE('',*,*,#2318,.F.);
#1978=ORIENTED_EDGE('',*,*,#2357,.F.);
#1979=ORIENTED_EDGE('',*,*,#2358,.T.);
#1980=ORIENTED_EDGE('',*,*,#2359,.T.);
#1981=ORIENTED_EDGE('',*,*,#2319,.F.);
#1982=ORIENTED_EDGE('',*,*,#2356,.F.);
#1983=ORIENTED_EDGE('',*,*,#2360,.T.);
#1984=ORIENTED_EDGE('',*,*,#2361,.T.);
#1985=ORIENTED_EDGE('',*,*,#2320,.F.);
#1986=ORIENTED_EDGE('',*,*,#2359,.F.);
#1987=ORIENTED_EDGE('',*,*,#2362,.T.);
#1988=ORIENTED_EDGE('',*,*,#2363,.T.);
#1989=ORIENTED_EDGE('',*,*,#2321,.F.);
#1990=ORIENTED_EDGE('',*,*,#2361,.F.);
#1991=ORIENTED_EDGE('',*,*,#2364,.T.);
#1992=ORIENTED_EDGE('',*,*,#2365,.T.);
#1993=ORIENTED_EDGE('',*,*,#2322,.F.);
#1994=ORIENTED_EDGE('',*,*,#2363,.F.);
#1995=ORIENTED_EDGE('',*,*,#2366,.T.);
#1996=ORIENTED_EDGE('',*,*,#2357,.T.);
#1997=ORIENTED_EDGE('',*,*,#2323,.F.);
#1998=ORIENTED_EDGE('',*,*,#2365,.F.);
#1999=ORIENTED_EDGE('',*,*,#2367,.T.);
#2000=ORIENTED_EDGE('',*,*,#2368,.T.);
#2001=ORIENTED_EDGE('',*,*,#2369,.T.);
#2002=ORIENTED_EDGE('',*,*,#2370,.T.);
#2003=ORIENTED_EDGE('',*,*,#2371,.T.);
#2004=ORIENTED_EDGE('',*,*,#2372,.T.);
#2005=ORIENTED_EDGE('',*,*,#2373,.T.);
#2006=ORIENTED_EDGE('',*,*,#2374,.T.);
#2007=ORIENTED_EDGE('',*,*,#2375,.F.);
#2008=ORIENTED_EDGE('',*,*,#2376,.F.);
#2009=ORIENTED_EDGE('',*,*,#2377,.F.);
#2010=ORIENTED_EDGE('',*,*,#2378,.T.);
#2011=ORIENTED_EDGE('',*,*,#2379,.T.);
#2012=ORIENTED_EDGE('',*,*,#2380,.T.);
#2013=ORIENTED_EDGE('',*,*,#2381,.T.);
#2014=ORIENTED_EDGE('',*,*,#2382,.T.);
#2015=ORIENTED_EDGE('',*,*,#2383,.T.);
#2016=ORIENTED_EDGE('',*,*,#2384,.T.);
#2017=ORIENTED_EDGE('',*,*,#2385,.T.);
#2018=ORIENTED_EDGE('',*,*,#2386,.T.);
#2019=ORIENTED_EDGE('',*,*,#2387,.T.);
#2020=ORIENTED_EDGE('',*,*,#2388,.T.);
#2021=ORIENTED_EDGE('',*,*,#2389,.T.);
#2022=ORIENTED_EDGE('',*,*,#2390,.T.);
#2023=ORIENTED_EDGE('',*,*,#2391,.T.);
#2024=ORIENTED_EDGE('',*,*,#2392,.T.);
#2025=ORIENTED_EDGE('',*,*,#2393,.F.);
#2026=ORIENTED_EDGE('',*,*,#2394,.F.);
#2027=ORIENTED_EDGE('',*,*,#2395,.F.);
#2028=ORIENTED_EDGE('',*,*,#2396,.F.);
#2029=ORIENTED_EDGE('',*,*,#2397,.F.);
#2030=ORIENTED_EDGE('',*,*,#2398,.F.);
#2031=ORIENTED_EDGE('',*,*,#2399,.F.);
#2032=ORIENTED_EDGE('',*,*,#2400,.F.);
#2033=ORIENTED_EDGE('',*,*,#2401,.F.);
#2034=ORIENTED_EDGE('',*,*,#2402,.T.);
#2035=ORIENTED_EDGE('',*,*,#2403,.T.);
#2036=ORIENTED_EDGE('',*,*,#2404,.F.);
#2037=ORIENTED_EDGE('',*,*,#2405,.F.);
#2038=ORIENTED_EDGE('',*,*,#2406,.F.);
#2039=ORIENTED_EDGE('',*,*,#2407,.F.);
#2040=ORIENTED_EDGE('',*,*,#2408,.F.);
#2041=ORIENTED_EDGE('',*,*,#2355,.F.);
#2042=ORIENTED_EDGE('',*,*,#2409,.F.);
#2043=ORIENTED_EDGE('',*,*,#2410,.T.);
#2044=ORIENTED_EDGE('',*,*,#2411,.T.);
#2045=ORIENTED_EDGE('',*,*,#2358,.F.);
#2046=ORIENTED_EDGE('',*,*,#2411,.F.);
#2047=ORIENTED_EDGE('',*,*,#2412,.T.);
#2048=ORIENTED_EDGE('',*,*,#2413,.T.);
#2049=ORIENTED_EDGE('',*,*,#2360,.F.);
#2050=ORIENTED_EDGE('',*,*,#2413,.F.);
#2051=ORIENTED_EDGE('',*,*,#2414,.T.);
#2052=ORIENTED_EDGE('',*,*,#2415,.T.);
#2053=ORIENTED_EDGE('',*,*,#2362,.F.);
#2054=ORIENTED_EDGE('',*,*,#2415,.F.);
#2055=ORIENTED_EDGE('',*,*,#2416,.T.);
#2056=ORIENTED_EDGE('',*,*,#2417,.T.);
#2057=ORIENTED_EDGE('',*,*,#2364,.F.);
#2058=ORIENTED_EDGE('',*,*,#2417,.F.);
#2059=ORIENTED_EDGE('',*,*,#2418,.T.);
#2060=ORIENTED_EDGE('',*,*,#2419,.T.);
#2061=ORIENTED_EDGE('',*,*,#2366,.F.);
#2062=ORIENTED_EDGE('',*,*,#2419,.F.);
#2063=ORIENTED_EDGE('',*,*,#2420,.T.);
#2064=ORIENTED_EDGE('',*,*,#2409,.T.);
#2065=ORIENTED_EDGE('',*,*,#2410,.F.);
#2066=ORIENTED_EDGE('',*,*,#2421,.F.);
#2067=ORIENTED_EDGE('',*,*,#2422,.T.);
#2068=ORIENTED_EDGE('',*,*,#2423,.T.);
#2069=ORIENTED_EDGE('',*,*,#2412,.F.);
#2070=ORIENTED_EDGE('',*,*,#2423,.F.);
#2071=ORIENTED_EDGE('',*,*,#2424,.T.);
#2072=ORIENTED_EDGE('',*,*,#2425,.T.);
#2073=ORIENTED_EDGE('',*,*,#2414,.F.);
#2074=ORIENTED_EDGE('',*,*,#2425,.F.);
#2075=ORIENTED_EDGE('',*,*,#2426,.T.);
#2076=ORIENTED_EDGE('',*,*,#2427,.T.);
#2077=ORIENTED_EDGE('',*,*,#2416,.F.);
#2078=ORIENTED_EDGE('',*,*,#2427,.F.);
#2079=ORIENTED_EDGE('',*,*,#2428,.T.);
#2080=ORIENTED_EDGE('',*,*,#2429,.T.);
#2081=ORIENTED_EDGE('',*,*,#2418,.F.);
#2082=ORIENTED_EDGE('',*,*,#2429,.F.);
#2083=ORIENTED_EDGE('',*,*,#2430,.T.);
#2084=ORIENTED_EDGE('',*,*,#2431,.T.);
#2085=ORIENTED_EDGE('',*,*,#2420,.F.);
#2086=ORIENTED_EDGE('',*,*,#2431,.F.);
#2087=ORIENTED_EDGE('',*,*,#2432,.T.);
#2088=ORIENTED_EDGE('',*,*,#2421,.T.);
#2089=ORIENTED_EDGE('',*,*,#2422,.F.);
#2090=ORIENTED_EDGE('',*,*,#2432,.F.);
#2091=ORIENTED_EDGE('',*,*,#2430,.F.);
#2092=ORIENTED_EDGE('',*,*,#2428,.F.);
#2093=ORIENTED_EDGE('',*,*,#2426,.F.);
#2094=ORIENTED_EDGE('',*,*,#2424,.F.);
#2095=ORIENTED_EDGE('',*,*,#2433,.T.);
#2096=ORIENTED_EDGE('',*,*,#2434,.T.);
#2097=ORIENTED_EDGE('',*,*,#2433,.F.);
#2098=ORIENTED_EDGE('',*,*,#2434,.F.);
#2099=ORIENTED_EDGE('',*,*,#2435,.T.);
#2100=ORIENTED_EDGE('',*,*,#2435,.F.);
#2101=ORIENTED_EDGE('',*,*,#2328,.F.);
#2102=ORIENTED_EDGE('',*,*,#2436,.T.);
#2103=ORIENTED_EDGE('',*,*,#2383,.F.);
#2104=ORIENTED_EDGE('',*,*,#2437,.F.);
#2105=ORIENTED_EDGE('',*,*,#2327,.F.);
#2106=ORIENTED_EDGE('',*,*,#2438,.T.);
#2107=ORIENTED_EDGE('',*,*,#2384,.F.);
#2108=ORIENTED_EDGE('',*,*,#2436,.F.);
#2109=ORIENTED_EDGE('',*,*,#2439,.T.);
#2110=ORIENTED_EDGE('',*,*,#2438,.F.);
#2111=ORIENTED_EDGE('',*,*,#2326,.T.);
#2112=ORIENTED_EDGE('',*,*,#2325,.F.);
#2113=ORIENTED_EDGE('',*,*,#2440,.T.);
#2114=ORIENTED_EDGE('',*,*,#2385,.F.);
#2115=ORIENTED_EDGE('',*,*,#2439,.F.);
#2116=ORIENTED_EDGE('',*,*,#2324,.T.);
#2117=ORIENTED_EDGE('',*,*,#2441,.T.);
#2118=ORIENTED_EDGE('',*,*,#2440,.F.);
#2119=ORIENTED_EDGE('',*,*,#2340,.F.);
#2120=ORIENTED_EDGE('',*,*,#2442,.T.);
#2121=ORIENTED_EDGE('',*,*,#2386,.F.);
#2122=ORIENTED_EDGE('',*,*,#2441,.F.);
#2123=ORIENTED_EDGE('',*,*,#2339,.F.);
#2124=ORIENTED_EDGE('',*,*,#2443,.T.);
#2125=ORIENTED_EDGE('',*,*,#2387,.F.);
#2126=ORIENTED_EDGE('',*,*,#2442,.F.);
#2127=ORIENTED_EDGE('',*,*,#2338,.F.);
#2128=ORIENTED_EDGE('',*,*,#2444,.T.);
#2129=ORIENTED_EDGE('',*,*,#2388,.F.);
#2130=ORIENTED_EDGE('',*,*,#2443,.F.);
#2131=ORIENTED_EDGE('',*,*,#2337,.F.);
#2132=ORIENTED_EDGE('',*,*,#2445,.T.);
#2133=ORIENTED_EDGE('',*,*,#2389,.F.);
#2134=ORIENTED_EDGE('',*,*,#2444,.F.);
#2135=ORIENTED_EDGE('',*,*,#2336,.F.);
#2136=ORIENTED_EDGE('',*,*,#2446,.T.);
#2137=ORIENTED_EDGE('',*,*,#2390,.F.);
#2138=ORIENTED_EDGE('',*,*,#2445,.F.);
#2139=ORIENTED_EDGE('',*,*,#2335,.F.);
#2140=ORIENTED_EDGE('',*,*,#2447,.T.);
#2141=ORIENTED_EDGE('',*,*,#2391,.F.);
#2142=ORIENTED_EDGE('',*,*,#2446,.F.);
#2143=ORIENTED_EDGE('',*,*,#2448,.T.);
#2144=ORIENTED_EDGE('',*,*,#2449,.F.);
#2145=ORIENTED_EDGE('',*,*,#2392,.F.);
#2146=ORIENTED_EDGE('',*,*,#2447,.F.);
#2147=ORIENTED_EDGE('',*,*,#2334,.F.);
#2148=ORIENTED_EDGE('',*,*,#2450,.T.);
#2149=ORIENTED_EDGE('',*,*,#2402,.F.);
#2150=ORIENTED_EDGE('',*,*,#2451,.F.);
#2151=ORIENTED_EDGE('',*,*,#2403,.F.);
#2152=ORIENTED_EDGE('',*,*,#2450,.F.);
#2153=ORIENTED_EDGE('',*,*,#2333,.F.);
#2154=ORIENTED_EDGE('',*,*,#2452,.T.);
#2155=ORIENTED_EDGE('',*,*,#2378,.F.);
#2156=ORIENTED_EDGE('',*,*,#2453,.T.);
#2157=ORIENTED_EDGE('',*,*,#2454,.F.);
#2158=ORIENTED_EDGE('',*,*,#2332,.F.);
#2159=ORIENTED_EDGE('',*,*,#2455,.T.);
#2160=ORIENTED_EDGE('',*,*,#2379,.F.);
#2161=ORIENTED_EDGE('',*,*,#2452,.F.);
#2162=ORIENTED_EDGE('',*,*,#2331,.F.);
#2163=ORIENTED_EDGE('',*,*,#2456,.T.);
#2164=ORIENTED_EDGE('',*,*,#2380,.F.);
#2165=ORIENTED_EDGE('',*,*,#2455,.F.);
#2166=ORIENTED_EDGE('',*,*,#2330,.F.);
#2167=ORIENTED_EDGE('',*,*,#2457,.T.);
#2168=ORIENTED_EDGE('',*,*,#2381,.F.);
#2169=ORIENTED_EDGE('',*,*,#2456,.F.);
#2170=ORIENTED_EDGE('',*,*,#2329,.F.);
#2171=ORIENTED_EDGE('',*,*,#2437,.T.);
#2172=ORIENTED_EDGE('',*,*,#2382,.F.);
#2173=ORIENTED_EDGE('',*,*,#2457,.F.);
#2174=ORIENTED_EDGE('',*,*,#2353,.T.);
#2175=ORIENTED_EDGE('',*,*,#2458,.T.);
#2176=ORIENTED_EDGE('',*,*,#2459,.F.);
#2177=ORIENTED_EDGE('',*,*,#2352,.F.);
#2178=ORIENTED_EDGE('',*,*,#2460,.T.);
#2179=ORIENTED_EDGE('',*,*,#2367,.F.);
#2180=ORIENTED_EDGE('',*,*,#2458,.F.);
#2181=ORIENTED_EDGE('',*,*,#2351,.F.);
#2182=ORIENTED_EDGE('',*,*,#2461,.T.);
#2183=ORIENTED_EDGE('',*,*,#2368,.F.);
#2184=ORIENTED_EDGE('',*,*,#2460,.F.);
#2185=ORIENTED_EDGE('',*,*,#2350,.T.);
#2186=ORIENTED_EDGE('',*,*,#2462,.T.);
#2187=ORIENTED_EDGE('',*,*,#2461,.F.);
#2188=ORIENTED_EDGE('',*,*,#2349,.F.);
#2189=ORIENTED_EDGE('',*,*,#2463,.T.);
#2190=ORIENTED_EDGE('',*,*,#2369,.F.);
#2191=ORIENTED_EDGE('',*,*,#2462,.F.);
#2192=ORIENTED_EDGE('',*,*,#2348,.T.);
#2193=ORIENTED_EDGE('',*,*,#2464,.T.);
#2194=ORIENTED_EDGE('',*,*,#2463,.F.);
#2195=ORIENTED_EDGE('',*,*,#2347,.F.);
#2196=ORIENTED_EDGE('',*,*,#2465,.T.);
#2197=ORIENTED_EDGE('',*,*,#2370,.F.);
#2198=ORIENTED_EDGE('',*,*,#2464,.F.);
#2199=ORIENTED_EDGE('',*,*,#2346,.F.);
#2200=ORIENTED_EDGE('',*,*,#2466,.T.);
#2201=ORIENTED_EDGE('',*,*,#2371,.F.);
#2202=ORIENTED_EDGE('',*,*,#2465,.F.);
#2203=ORIENTED_EDGE('',*,*,#2345,.T.);
#2204=ORIENTED_EDGE('',*,*,#2467,.T.);
#2205=ORIENTED_EDGE('',*,*,#2466,.F.);
#2206=ORIENTED_EDGE('',*,*,#2344,.F.);
#2207=ORIENTED_EDGE('',*,*,#2468,.T.);
#2208=ORIENTED_EDGE('',*,*,#2372,.F.);
#2209=ORIENTED_EDGE('',*,*,#2467,.F.);
#2210=ORIENTED_EDGE('',*,*,#2468,.F.);
#2211=ORIENTED_EDGE('',*,*,#2343,.T.);
#2212=ORIENTED_EDGE('',*,*,#2469,.T.);
#2213=ORIENTED_EDGE('',*,*,#2342,.F.);
#2214=ORIENTED_EDGE('',*,*,#2470,.T.);
#2215=ORIENTED_EDGE('',*,*,#2373,.F.);
#2216=ORIENTED_EDGE('',*,*,#2469,.F.);
#2217=ORIENTED_EDGE('',*,*,#2471,.T.);
#2218=ORIENTED_EDGE('',*,*,#2470,.F.);
#2219=ORIENTED_EDGE('',*,*,#2341,.T.);
#2220=ORIENTED_EDGE('',*,*,#2354,.F.);
#2221=ORIENTED_EDGE('',*,*,#2459,.T.);
#2222=ORIENTED_EDGE('',*,*,#2374,.F.);
#2223=ORIENTED_EDGE('',*,*,#2471,.F.);
#2224=ORIENTED_EDGE('',*,*,#2401,.T.);
#2225=ORIENTED_EDGE('',*,*,#2472,.T.);
#2226=ORIENTED_EDGE('',*,*,#2316,.F.);
#2227=ORIENTED_EDGE('',*,*,#2473,.F.);
#2228=ORIENTED_EDGE('',*,*,#2448,.F.);
#2229=ORIENTED_EDGE('',*,*,#2400,.T.);
#2230=ORIENTED_EDGE('',*,*,#2474,.T.);
#2231=ORIENTED_EDGE('',*,*,#2317,.F.);
#2232=ORIENTED_EDGE('',*,*,#2472,.F.);
#2233=ORIENTED_EDGE('',*,*,#2399,.T.);
#2234=ORIENTED_EDGE('',*,*,#2475,.T.);
#2235=ORIENTED_EDGE('',*,*,#2309,.F.);
#2236=ORIENTED_EDGE('',*,*,#2474,.F.);
#2237=ORIENTED_EDGE('',*,*,#2398,.T.);
#2238=ORIENTED_EDGE('',*,*,#2476,.T.);
#2239=ORIENTED_EDGE('',*,*,#2310,.F.);
#2240=ORIENTED_EDGE('',*,*,#2475,.F.);
#2241=ORIENTED_EDGE('',*,*,#2397,.T.);
#2242=ORIENTED_EDGE('',*,*,#2477,.T.);
#2243=ORIENTED_EDGE('',*,*,#2311,.F.);
#2244=ORIENTED_EDGE('',*,*,#2476,.F.);
#2245=ORIENTED_EDGE('',*,*,#2396,.T.);
#2246=ORIENTED_EDGE('',*,*,#2478,.T.);
#2247=ORIENTED_EDGE('',*,*,#2312,.F.);
#2248=ORIENTED_EDGE('',*,*,#2477,.F.);
#2249=ORIENTED_EDGE('',*,*,#2395,.T.);
#2250=ORIENTED_EDGE('',*,*,#2479,.T.);
#2251=ORIENTED_EDGE('',*,*,#2313,.F.);
#2252=ORIENTED_EDGE('',*,*,#2478,.F.);
#2253=ORIENTED_EDGE('',*,*,#2394,.T.);
#2254=ORIENTED_EDGE('',*,*,#2480,.T.);
#2255=ORIENTED_EDGE('',*,*,#2314,.F.);
#2256=ORIENTED_EDGE('',*,*,#2479,.F.);
#2257=ORIENTED_EDGE('',*,*,#2393,.T.);
#2258=ORIENTED_EDGE('',*,*,#2449,.T.);
#2259=ORIENTED_EDGE('',*,*,#2473,.T.);
#2260=ORIENTED_EDGE('',*,*,#2315,.F.);
#2261=ORIENTED_EDGE('',*,*,#2480,.F.);
#2262=ORIENTED_EDGE('',*,*,#2375,.T.);
#2263=ORIENTED_EDGE('',*,*,#2481,.T.);
#2264=ORIENTED_EDGE('',*,*,#2301,.F.);
#2265=ORIENTED_EDGE('',*,*,#2482,.F.);
#2266=ORIENTED_EDGE('',*,*,#2408,.T.);
#2267=ORIENTED_EDGE('',*,*,#2483,.T.);
#2268=ORIENTED_EDGE('',*,*,#2302,.F.);
#2269=ORIENTED_EDGE('',*,*,#2481,.F.);
#2270=ORIENTED_EDGE('',*,*,#2407,.T.);
#2271=ORIENTED_EDGE('',*,*,#2484,.T.);
#2272=ORIENTED_EDGE('',*,*,#2303,.F.);
#2273=ORIENTED_EDGE('',*,*,#2483,.F.);
#2274=ORIENTED_EDGE('',*,*,#2406,.T.);
#2275=ORIENTED_EDGE('',*,*,#2485,.T.);
#2276=ORIENTED_EDGE('',*,*,#2304,.F.);
#2277=ORIENTED_EDGE('',*,*,#2484,.F.);
#2278=ORIENTED_EDGE('',*,*,#2405,.T.);
#2279=ORIENTED_EDGE('',*,*,#2486,.T.);
#2280=ORIENTED_EDGE('',*,*,#2305,.F.);
#2281=ORIENTED_EDGE('',*,*,#2485,.F.);
#2282=ORIENTED_EDGE('',*,*,#2404,.T.);
#2283=ORIENTED_EDGE('',*,*,#2451,.T.);
#2284=ORIENTED_EDGE('',*,*,#2487,.T.);
#2285=ORIENTED_EDGE('',*,*,#2306,.F.);
#2286=ORIENTED_EDGE('',*,*,#2486,.F.);
#2287=ORIENTED_EDGE('',*,*,#2307,.F.);
#2288=ORIENTED_EDGE('',*,*,#2487,.F.);
#2289=ORIENTED_EDGE('',*,*,#2454,.T.);
#2290=ORIENTED_EDGE('',*,*,#2488,.T.);
#2291=ORIENTED_EDGE('',*,*,#2377,.T.);
#2292=ORIENTED_EDGE('',*,*,#2489,.T.);
#2293=ORIENTED_EDGE('',*,*,#2308,.F.);
#2294=ORIENTED_EDGE('',*,*,#2488,.F.);
#2295=ORIENTED_EDGE('',*,*,#2453,.F.);
#2296=ORIENTED_EDGE('',*,*,#2376,.T.);
#2297=ORIENTED_EDGE('',*,*,#2482,.T.);
#2298=ORIENTED_EDGE('',*,*,#2300,.F.);
#2299=ORIENTED_EDGE('',*,*,#2489,.F.);
#2300=EDGE_CURVE('',#2490,#2491,#2492,.T.);
#2301=EDGE_CURVE('',#2491,#2493,#2494,.T.);
#2302=EDGE_CURVE('',#2493,#2495,#2496,.T.);
#2303=EDGE_CURVE('',#2495,#2497,#2498,.T.);
#2304=EDGE_CURVE('',#2497,#2499,#2500,.T.);
#2305=EDGE_CURVE('',#2499,#2501,#2502,.T.);
#2306=EDGE_CURVE('',#2501,#2503,#2504,.T.);
#2307=EDGE_CURVE('',#2503,#2505,#2506,.T.);
#2308=EDGE_CURVE('',#2505,#2490,#2507,.T.);
#2309=EDGE_CURVE('',#2508,#2509,#2510,.T.);
#2310=EDGE_CURVE('',#2509,#2511,#2512,.T.);
#2311=EDGE_CURVE('',#2511,#2513,#2514,.T.);
#2312=EDGE_CURVE('',#2513,#2515,#2516,.T.);
#2313=EDGE_CURVE('',#2515,#2517,#2518,.T.);
#2314=EDGE_CURVE('',#2517,#2519,#2520,.T.);
#2315=EDGE_CURVE('',#2519,#2521,#2522,.T.);
#2316=EDGE_CURVE('',#2521,#2523,#2524,.T.);
#2317=EDGE_CURVE('',#2523,#2508,#2525,.T.);
#2318=EDGE_CURVE('',#2526,#2527,#2528,.T.);
#2319=EDGE_CURVE('',#2527,#2529,#2530,.T.);
#2320=EDGE_CURVE('',#2529,#2531,#2532,.T.);
#2321=EDGE_CURVE('',#2531,#2533,#2534,.T.);
#2322=EDGE_CURVE('',#2533,#2535,#2536,.T.);
#2323=EDGE_CURVE('',#2535,#2526,#2537,.T.);
#2324=EDGE_CURVE('',#2538,#2539,#2540,.F.);
#2325=EDGE_CURVE('',#2538,#2541,#2542,.F.);
#2326=EDGE_CURVE('',#2543,#2541,#2544,.F.);
#2327=EDGE_CURVE('',#2543,#2545,#2546,.F.);
#2328=EDGE_CURVE('',#2545,#2547,#2548,.F.);
#2329=EDGE_CURVE('',#2547,#2549,#2550,.F.);
#2330=EDGE_CURVE('',#2549,#2551,#2552,.F.);
#2331=EDGE_CURVE('',#2551,#2553,#2554,.F.);
#2332=EDGE_CURVE('',#2553,#2555,#2556,.F.);
#2333=EDGE_CURVE('',#2555,#2557,#2558,.F.);
#2334=EDGE_CURVE('',#2557,#2559,#2560,.F.);
#2335=EDGE_CURVE('',#2559,#2561,#2562,.F.);
#2336=EDGE_CURVE('',#2561,#2563,#2564,.F.);
#2337=EDGE_CURVE('',#2563,#2565,#2566,.F.);
#2338=EDGE_CURVE('',#2565,#2567,#2568,.F.);
#2339=EDGE_CURVE('',#2567,#2569,#2570,.F.);
#2340=EDGE_CURVE('',#2569,#2539,#2571,.F.);
#2341=EDGE_CURVE('',#2572,#2573,#2574,.F.);
#2342=EDGE_CURVE('',#2572,#2575,#2576,.F.);
#2343=EDGE_CURVE('',#2577,#2575,#2578,.F.);
#2344=EDGE_CURVE('',#2577,#2579,#2580,.F.);
#2345=EDGE_CURVE('',#2581,#2579,#2582,.F.);
#2346=EDGE_CURVE('',#2581,#2583,#2584,.F.);
#2347=EDGE_CURVE('',#2583,#2585,#2586,.F.);
#2348=EDGE_CURVE('',#2587,#2585,#2588,.F.);
#2349=EDGE_CURVE('',#2587,#2589,#2590,.F.);
#2350=EDGE_CURVE('',#2591,#2589,#2592,.F.);
#2351=EDGE_CURVE('',#2591,#2593,#2594,.F.);
#2352=EDGE_CURVE('',#2593,#2595,#2596,.F.);
#2353=EDGE_CURVE('',#2597,#2595,#2598,.F.);
#2354=EDGE_CURVE('',#2597,#2573,#2599,.F.);
#2355=EDGE_CURVE('',#2600,#2601,#2602,.T.);
#2356=EDGE_CURVE('',#2601,#2527,#2603,.T.);
#2357=EDGE_CURVE('',#2600,#2526,#2604,.T.);
#2358=EDGE_CURVE('',#2601,#2605,#2606,.T.);
#2359=EDGE_CURVE('',#2605,#2529,#2607,.T.);
#2360=EDGE_CURVE('',#2605,#2608,#2609,.T.);
#2361=EDGE_CURVE('',#2608,#2531,#2610,.T.);
#2362=EDGE_CURVE('',#2608,#2611,#2612,.T.);
#2363=EDGE_CURVE('',#2611,#2533,#2613,.T.);
#2364=EDGE_CURVE('',#2611,#2614,#2615,.T.);
#2365=EDGE_CURVE('',#2614,#2535,#2616,.T.);
#2366=EDGE_CURVE('',#2614,#2600,#2617,.T.);
#2367=EDGE_CURVE('',#2618,#2619,#2620,.T.);
#2368=EDGE_CURVE('',#2619,#2621,#2622,.T.);
#2369=EDGE_CURVE('',#2621,#2623,#2624,.T.);
#2370=EDGE_CURVE('',#2623,#2625,#2626,.T.);
#2371=EDGE_CURVE('',#2625,#2627,#2628,.T.);
#2372=EDGE_CURVE('',#2627,#2629,#2630,.T.);
#2373=EDGE_CURVE('',#2629,#2631,#2632,.T.);
#2374=EDGE_CURVE('',#2631,#2618,#2633,.T.);
#2375=EDGE_CURVE('',#2634,#2635,#2636,.T.);
#2376=EDGE_CURVE('',#2637,#2634,#2638,.T.);
#2377=EDGE_CURVE('',#2639,#2637,#2640,.T.);
#2378=EDGE_CURVE('',#2639,#2641,#2642,.T.);
#2379=EDGE_CURVE('',#2641,#2643,#2644,.T.);
#2380=EDGE_CURVE('',#2643,#2645,#2646,.T.);
#2381=EDGE_CURVE('',#2645,#2647,#2648,.T.);
#2382=EDGE_CURVE('',#2647,#2649,#2650,.T.);
#2383=EDGE_CURVE('',#2649,#2651,#2652,.T.);
#2384=EDGE_CURVE('',#2651,#2653,#2654,.T.);
#2385=EDGE_CURVE('',#2653,#2655,#2656,.T.);
#2386=EDGE_CURVE('',#2655,#2657,#2658,.T.);
#2387=EDGE_CURVE('',#2657,#2659,#2660,.T.);
#2388=EDGE_CURVE('',#2659,#2661,#2662,.T.);
#2389=EDGE_CURVE('',#2661,#2663,#2664,.T.);
#2390=EDGE_CURVE('',#2663,#2665,#2666,.T.);
#2391=EDGE_CURVE('',#2665,#2667,#2668,.T.);
#2392=EDGE_CURVE('',#2667,#2669,#2670,.T.);
#2393=EDGE_CURVE('',#2671,#2669,#2672,.T.);
#2394=EDGE_CURVE('',#2673,#2671,#2674,.T.);
#2395=EDGE_CURVE('',#2675,#2673,#2676,.T.);
#2396=EDGE_CURVE('',#2677,#2675,#2678,.T.);
#2397=EDGE_CURVE('',#2679,#2677,#2680,.T.);
#2398=EDGE_CURVE('',#2681,#2679,#2682,.T.);
#2399=EDGE_CURVE('',#2683,#2681,#2684,.T.);
#2400=EDGE_CURVE('',#2685,#2683,#2686,.T.);
#2401=EDGE_CURVE('',#2687,#2685,#2688,.T.);
#2402=EDGE_CURVE('',#2687,#2689,#2690,.T.);
#2403=EDGE_CURVE('',#2689,#2691,#2692,.T.);
#2404=EDGE_CURVE('',#2693,#2691,#2694,.T.);
#2405=EDGE_CURVE('',#2695,#2693,#2696,.T.);
#2406=EDGE_CURVE('',#2697,#2695,#2698,.T.);
#2407=EDGE_CURVE('',#2699,#2697,#2700,.T.);
#2408=EDGE_CURVE('',#2635,#2699,#2701,.T.);
#2409=EDGE_CURVE('',#2702,#2600,#2703,.T.);
#2410=EDGE_CURVE('',#2702,#2704,#2705,.T.);
#2411=EDGE_CURVE('',#2704,#2601,#2706,.T.);
#2412=EDGE_CURVE('',#2704,#2707,#2708,.T.);
#2413=EDGE_CURVE('',#2707,#2605,#2709,.T.);
#2414=EDGE_CURVE('',#2707,#2710,#2711,.T.);
#2415=EDGE_CURVE('',#2710,#2608,#2712,.T.);
#2416=EDGE_CURVE('',#2710,#2713,#2714,.T.);
#2417=EDGE_CURVE('',#2713,#2611,#2715,.T.);
#2418=EDGE_CURVE('',#2713,#2716,#2717,.T.);
#2419=EDGE_CURVE('',#2716,#2614,#2718,.T.);
#2420=EDGE_CURVE('',#2716,#2702,#2719,.T.);
#2421=EDGE_CURVE('',#2720,#2702,#2721,.F.);
#2422=EDGE_CURVE('',#2720,#2722,#2723,.T.);
#2423=EDGE_CURVE('',#2722,#2704,#2724,.F.);
#2424=EDGE_CURVE('',#2722,#2725,#2726,.T.);
#2425=EDGE_CURVE('',#2725,#2707,#2727,.F.);
#2426=EDGE_CURVE('',#2725,#2728,#2729,.T.);
#2427=EDGE_CURVE('',#2728,#2710,#2730,.F.);
#2428=EDGE_CURVE('',#2728,#2731,#2732,.T.);
#2429=EDGE_CURVE('',#2731,#2713,#2733,.F.);
#2430=EDGE_CURVE('',#2731,#2734,#2735,.T.);
#2431=EDGE_CURVE('',#2734,#2716,#2736,.F.);
#2432=EDGE_CURVE('',#2734,#2720,#2737,.T.);
#2433=EDGE_CURVE('',#2738,#2738,#2739,.T.);
#2434=EDGE_CURVE('',#2740,#2740,#2741,.T.);
#2435=EDGE_CURVE('',#2742,#2742,#2743,.T.);
#2436=EDGE_CURVE('',#2545,#2651,#2744,.T.);
#2437=EDGE_CURVE('',#2547,#2649,#2745,.T.);
#2438=EDGE_CURVE('',#2543,#2653,#2746,.T.);
#2439=EDGE_CURVE('',#2541,#2653,#2747,.F.);
#2440=EDGE_CURVE('',#2538,#2655,#2748,.T.);
#2441=EDGE_CURVE('',#2539,#2655,#2749,.F.);
#2442=EDGE_CURVE('',#2569,#2657,#2750,.T.);
#2443=EDGE_CURVE('',#2567,#2659,#2751,.T.);
#2444=EDGE_CURVE('',#2565,#2661,#2752,.T.);
#2445=EDGE_CURVE('',#2563,#2663,#2753,.T.);
#2446=EDGE_CURVE('',#2561,#2665,#2754,.T.);
#2447=EDGE_CURVE('',#2559,#2667,#2755,.T.);
#2448=EDGE_CURVE('',#2687,#2756,#2757,.T.);
#2449=EDGE_CURVE('',#2669,#2756,#2758,.T.);
#2450=EDGE_CURVE('',#2557,#2689,#2759,.T.);
#2451=EDGE_CURVE('',#2691,#2760,#2761,.T.);
#2452=EDGE_CURVE('',#2555,#2641,#2762,.T.);
#2453=EDGE_CURVE('',#2639,#2763,#2764,.T.);
#2454=EDGE_CURVE('',#2760,#2763,#2765,.T.);
#2455=EDGE_CURVE('',#2553,#2643,#2766,.T.);
#2456=EDGE_CURVE('',#2551,#2645,#2767,.T.);
#2457=EDGE_CURVE('',#2549,#2647,#2768,.T.);
#2458=EDGE_CURVE('',#2595,#2618,#2769,.F.);
#2459=EDGE_CURVE('',#2597,#2618,#2770,.T.);
#2460=EDGE_CURVE('',#2593,#2619,#2771,.T.);
#2461=EDGE_CURVE('',#2591,#2621,#2772,.T.);
#2462=EDGE_CURVE('',#2589,#2621,#2773,.F.);
#2463=EDGE_CURVE('',#2587,#2623,#2774,.T.);
#2464=EDGE_CURVE('',#2585,#2623,#2775,.F.);
#2465=EDGE_CURVE('',#2583,#2625,#2776,.T.);
#2466=EDGE_CURVE('',#2581,#2627,#2777,.T.);
#2467=EDGE_CURVE('',#2579,#2627,#2778,.F.);
#2468=EDGE_CURVE('',#2577,#2629,#2779,.T.);
#2469=EDGE_CURVE('',#2575,#2629,#2780,.F.);
#2470=EDGE_CURVE('',#2572,#2631,#2781,.T.);
#2471=EDGE_CURVE('',#2573,#2631,#2782,.F.);
#2472=EDGE_CURVE('',#2685,#2523,#2783,.T.);
#2473=EDGE_CURVE('',#2756,#2521,#2784,.T.);
#2474=EDGE_CURVE('',#2683,#2508,#2785,.T.);
#2475=EDGE_CURVE('',#2681,#2509,#2786,.T.);
#2476=EDGE_CURVE('',#2679,#2511,#2787,.T.);
#2477=EDGE_CURVE('',#2677,#2513,#2788,.T.);
#2478=EDGE_CURVE('',#2675,#2515,#2789,.T.);
#2479=EDGE_CURVE('',#2673,#2517,#2790,.T.);
#2480=EDGE_CURVE('',#2671,#2519,#2791,.T.);
#2481=EDGE_CURVE('',#2635,#2493,#2792,.T.);
#2482=EDGE_CURVE('',#2634,#2491,#2793,.T.);
#2483=EDGE_CURVE('',#2699,#2495,#2794,.T.);
#2484=EDGE_CURVE('',#2697,#2497,#2795,.T.);
#2485=EDGE_CURVE('',#2695,#2499,#2796,.T.);
#2486=EDGE_CURVE('',#2693,#2501,#2797,.T.);
#2487=EDGE_CURVE('',#2760,#2503,#2798,.T.);
#2488=EDGE_CURVE('',#2763,#2505,#2799,.T.);
#2489=EDGE_CURVE('',#2637,#2490,#2800,.T.);
#2490=VERTEX_POINT('',#2801);
#2491=VERTEX_POINT('',#2802);
#2492=B_SPLINE_CURVE_WITH_KNOTS('',3,
(#2803,#2804,#2805,#2806,#2807,#2808,#2809,#2810,#2811,#2812,#2813,#2814,#2815,#2816,
#2817,#2818,#2819,#2820,#2821,#2822,#2823,#2824,#2825,#2826,#2827,#2828,#2829,#2830,
#2831,#2832,#2833,#2834,#2835,#2836,#2837,#2838,#2839,#2840,#2841,#2842,#2843,#2844,
#2845,#2846,#2847,#2848,#2849,#2850,#2851,#2852,#2853,#2854,#2855,#2856,#2857,#2858,
#2859),
.UNSPECIFIED.,.F.,.F.,
(4,1,1,1,1,1,1,1,1,1,1,1,1,1,1,1,1,1,1,1,1,1,1,1,1,1,1,1,1,1,1,1,1,1,1,1,1,1,1,1,
1,1,1,1,1,1,1,1,1,1,1,1,1,1,4),
(0.,0.0139908896192495,0.0273900439392253,0.0481450619192186,0.0499357675332383,
0.0622780766418142,0.0735249205541796,0.0843568307731486,0.0947454009800443,0.103189741679522,
0.107911401344978,0.112100264871271,0.12182964055015,0.131914411589261,0.146957479319994,
0.162804669395499,0.179503279720242,0.188049214635661,0.193139224044822,0.207515169374359,
0.22325239092725,0.239511376114535,0.257093783352527,0.27550948966087,0.289565218010437,
0.295078194349145,0.314992617316407,0.336245848593952,0.358499766653343,0.38229951312232,
0.406674420043543,0.432440567232936,0.433641807801686,0.45903216229837,0.486684721061422,
0.514558646124415,0.543244651818665,0.57251704497975,0.579508148599544,0.602755669418674,
0.633390317133694,0.675788493927124,0.695460441432993,0.718859510023229,0.762598561533902,
0.795915074376358,0.80794170137419,0.829550951980081,0.863497090063065,0.897425214392639,
0.919070168235651,0.931019674929868,0.964600466709702,0.986622628984266,1.),
.UNSPECIFIED.);
#2493=VERTEX_POINT('',#2860);
#2494=B_SPLINE_CURVE_WITH_KNOTS('',3,
(#2861,#2862,#2863,#2864,#2865,#2866,#2867,#2868,#2869,#2870,#2871,#2872,#2873,#2874,
#2875,#2876,#2877,#2878,#2879,#2880,#2881,#2882,#2883,#2884,#2885,#2886,#2887,#2888,
#2889,#2890,#2891,#2892,#2893,#2894,#2895,#2896,#2897,#2898,#2899,#2900,#2901,#2902,
#2903,#2904,#2905,#2906,#2907,#2908,#2909,#2910,#2911,#2912,#2913,#2914,#2915,#2916,
#2917,#2918,#2919,#2920,#2921,#2922,#2923,#2924,#2925,#2926,#2927,#2928,#2929,#2930,
#2931,#2932,#2933),
.UNSPECIFIED.,.F.,.F.,
(4,1,1,1,1,1,1,1,1,1,1,1,1,1,1,1,1,1,1,1,1,1,1,1,1,1,1,1,1,1,1,1,1,1,1,1,1,1,1,1,
1,1,1,1,1,1,1,1,1,1,1,1,1,1,1,1,1,1,1,1,1,1,1,1,1,1,1,1,1,1,4),
(0.,0.00553518379008585,0.010020717478176,0.0110194099777102,0.013510203304744,0.01704913627271,
0.022039929652642,0.0271842776137859,0.0324835802708137,0.0367483621484865,0.0392817950572081,
0.0412209773779192,0.0460588017345666,0.051064412098738,0.0565367231587009,0.0622916615619448,
0.0684047531825252,0.0745868925117406,0.0812014566729629,0.0849012446476579,0.0881453066386559,
0.0957241839253366,0.103584835531891,0.112213607172549,0.121396955988414,0.131384349053988,
0.141661804357356,0.144025814554848,0.152607509338962,0.163992226769381,0.176196892983329,
0.188704027664626,0.20217494566515,0.216255312929927,0.21904707433407,0.231336225782174,
0.246832931034863,0.26363014839389,0.281372107245675,0.300658399946959,0.320601658224893,
0.326469376897657,0.342047382195136,0.364361635395316,0.387844772983805,0.411608460850894,
0.436233202346891,0.440131216597583,0.461425463391166,0.487489761235496,0.51383881092216,
0.543805724759183,0.554660412313993,0.577090548709931,0.625580345412084,0.673777381670795,
0.705096086954988,0.721629706279947,0.753853394422167,0.782684137026477,0.807950210097513,
0.833028753993559,0.857638858653145,0.878120527914569,0.881955119459355,0.905853888217634,
0.929636777970206,0.953181171895397,0.976631610833647,0.982335639686716,1.),
.UNSPECIFIED.);
#2495=VERTEX_POINT('',#2934);
#2496=B_SPLINE_CURVE_WITH_KNOTS('',3,
(#2935,#2936,#2937,#2938,#2939,#2940,#2941,#2942,#2943,#2944,#2945,#2946,#2947,#2948,
#2949,#2950,#2951,#2952,#2953,#2954,#2955,#2956,#2957,#2958,#2959,#2960,#2961,#2962,
#2963,#2964,#2965,#2966,#2967,#2968,#2969,#2970,#2971,#2972,#2973,#2974,#2975,#2976,
#2977,#2978,#2979,#2980,#2981,#2982,#2983,#2984,#2985,#2986,#2987,#2988),
.UNSPECIFIED.,.F.,.F.,
(4,1,1,1,1,1,1,1,1,1,1,1,1,1,1,1,1,1,1,1,1,1,1,1,1,1,1,1,1,1,1,1,1,1,1,1,1,1,1,1,
1,1,1,1,1,1,1,1,1,1,1,4),
(0.,0.00384259405604179,0.00476366645677276,0.0067522672543805,0.00862740945657359,
0.0103704533225967,0.0119896083982046,0.0136307098971308,0.0154255168792349,0.0165967220092292,
0.01737090948604,0.0202495743809941,0.0241575046835931,0.0282831747377579,0.0318279094291653,
0.0352305696758773,0.0356511628511459,0.0393068025331522,0.0460695540283299,0.0553066981262083,
0.0656222486648852,0.069030300389745,0.0749894968712158,0.0862874814303369,0.101660927342288,
0.11830679160127,0.126000564781749,0.132849530839562,0.14581417311047,0.160014713991118,
0.177620604862449,0.197445721417935,0.217625589995212,0.229025537562202,0.26474098493203,
0.304736831129881,0.341376027724171,0.375681218018324,0.380075050715294,0.424025803037682,
0.470979385151118,0.522064219920559,0.574038669798396,0.628945680343031,0.663921395014521,
0.68611501888919,0.746370854693924,0.807487928058617,0.870610442607688,0.92508252247124,
0.934709903791973,1.),
.UNSPECIFIED.);
#2497=VERTEX_POINT('',#2989);
#2498=LINE('',#2990,#2991);
#2499=VERTEX_POINT('',#2993);
#2500=LINE('',#2994,#2995);
#2501=VERTEX_POINT('',#2997);
#2502=LINE('',#2998,#2999);
#2503=VERTEX_POINT('',#3001);
#2504=B_SPLINE_CURVE_WITH_KNOTS('',3,
(#3002,#3003,#3004,#3005,#3006,#3007,#3008,#3009,#3010,#3011,#3012,#3013,#3014,#3015,
#3016,#3017,#3018,#3019,#3020,#3021,#3022,#3023,#3024,#3025,#3026,#3027,#3028,#3029,
#3030,#3031,#3032,#3033,#3034,#3035,#3036,#3037,#3038,#3039,#3040,#3041,#3042,#3043,
#3044,#3045,#3046),
.UNSPECIFIED.,.F.,.F.,
(4,1,1,1,1,1,1,1,1,1,1,1,1,1,1,1,1,1,1,1,1,1,1,1,1,1,1,1,1,1,1,1,1,1,1,1,1,1,1,1,
1,1,4),
(0.,0.0256237752339745,0.0748728146913654,0.093955914822395,0.133701690210721,0.176504514234212,
0.204507026005811,0.216390939514167,0.230709684719848,0.255395321111079,0.280352438375996,
0.306042503677673,0.332247071973679,0.359340571267459,0.386784946157305,0.415202640593711,
0.444288800090893,0.449763136020642,0.474261019787901,0.50435513784143,0.534705650187222,
0.565168835243737,0.595716592792897,0.626262119402029,0.656098383283981,0.685368088626757,
0.713811001873879,0.741983291857523,0.751508237623468,0.768983739908868,0.795259741643902,
0.82054528865172,0.845399913900686,0.869208154101015,0.892507378599568,0.914900872029507,
0.918447347854547,0.936901039081858,0.950811573981429,0.958255187572868,0.979293003973081,
0.982153988831967,1.),
.UNSPECIFIED.);
#2505=VERTEX_POINT('',#3047);
#2506=B_SPLINE_CURVE_WITH_KNOTS('',3,
(#3048,#3049,#3050,#3051,#3052,#3053,#3054,#3055,#3056,#3057,#3058,#3059,#3060,#3061,
#3062,#3063,#3064,#3065,#3066,#3067,#3068,#3069,#3070,#3071,#3072,#3073,#3074,#3075,
#3076,#3077,#3078,#3079,#3080),
.UNSPECIFIED.,.F.,.F.,
(4,1,1,1,1,1,1,1,1,1,1,1,1,1,1,1,1,1,1,1,1,1,1,1,1,1,1,1,1,1,4),
(0.,0.0141505122520039,0.0389758317427249,0.0505167727653837,0.0718678214812001,
0.098739172172155,0.109148911726756,0.11959469630099,0.140921955966561,0.172194849563259,
0.182219285249086,0.218904664377144,0.271625228706173,0.279808196264298,0.320648209128795,
0.362721865790343,0.407369461711284,0.428384462741779,0.471382329391771,0.536406802866494,
0.584171758787558,0.602412595206733,0.668741773976788,0.720261747462372,0.748472631642438,
0.839117873357487,0.845761363773265,0.909395164030045,0.951588845278774,0.962172522047549,
1.),
.UNSPECIFIED.);
#2507=B_SPLINE_CURVE_WITH_KNOTS('',3,
(#3081,#3082,#3083,#3084,#3085,#3086,#3087,#3088,#3089,#3090,#3091,#3092,#3093,#3094,
#3095,#3096,#3097,#3098,#3099,#3100,#3101,#3102,#3103,#3104,#3105,#3106,#3107,#3108,
#3109,#3110,#3111,#3112,#3113,#3114,#3115,#3116,#3117,#3118,#3119,#3120,#3121,#3122,
#3123,#3124,#3125,#3126,#3127,#3128,#3129,#3130,#3131,#3132,#3133,#3134,#3135,#3136,
#3137,#3138),
.UNSPECIFIED.,.F.,.F.,
(4,1,1,1,1,1,1,1,1,1,1,1,1,1,1,1,1,1,1,1,1,1,1,1,1,1,1,1,1,1,1,1,1,1,1,1,1,1,1,1,
1,1,1,1,1,1,1,1,1,1,1,1,1,1,1,4),
(0.,0.0136232012988727,0.0349838482943063,0.047675748226036,0.0619526243916229,0.081022291707638,
0.0929430082719816,0.100365901938763,0.10389102118407,0.114127146461935,0.124545995876747,
0.135447898939698,0.146665218927302,0.158399390848238,0.169724355701278,0.170278582760845,
0.184743747431284,0.201620761169302,0.221125955149771,0.229157242050657,0.258373509494534,
0.272824524137431,0.289180762655614,0.312242203929237,0.33415353267464,0.355338369958121,
0.358662857960207,0.376952523497957,0.399555877711174,0.422709715449309,0.446559641488685,
0.460651357427542,0.470544151696482,0.503199960959967,0.536177543976758,0.566773551893513,
0.569475055460015,0.603047218913541,0.645009874602621,0.652082205537615,0.686739833848919,
0.719751570962037,0.741553260684855,0.74386098963539,0.767721795965612,0.79835513855566,
0.835630331702257,0.871891633823997,0.88514608140909,0.900101686267565,0.920507124296108,
0.940745145463175,0.96064344068559,0.980312355905329,0.985686220060468,1.),
.UNSPECIFIED.);
#2508=VERTEX_POINT('',#3139);
#2509=VERTEX_POINT('',#3140);
#2510=LINE('',#3141,#3142);
#2511=VERTEX_POINT('',#3144);
#2512=LINE('',#3145,#3146);
#2513=VERTEX_POINT('',#3148);
#2514=B_SPLINE_CURVE_WITH_KNOTS('',3,
(#3149,#3150,#3151,#3152,#3153,#3154,#3155,#3156,#3157,#3158,#3159,#3160,#3161,#3162,
#3163,#3164,#3165,#3166,#3167,#3168,#3169,#3170,#3171,#3172,#3173,#3174,#3175,#3176,
#3177,#3178,#3179,#3180,#3181,#3182,#3183,#3184,#3185,#3186,#3187,#3188,#3189),
.UNSPECIFIED.,.F.,.F.,
(4,1,1,1,1,1,1,1,1,1,1,1,1,1,1,1,1,1,1,1,1,1,1,1,1,1,1,1,1,1,1,1,1,1,1,1,1,1,4),
(0.,0.025053418796699,0.0784978772596856,0.0918655593645764,0.156700158867147,0.211556198460264,
0.220242485723572,0.266987902138833,0.297290219340722,0.32546556258746,0.351835090195129,
0.378488918873921,0.406016207412412,0.434157203992084,0.442573070306235,0.463179899775553,
0.492453469630593,0.522055865835862,0.551794617657032,0.581716044728316,0.611677999081519,
0.641328020141166,0.670538606604233,0.699141098580249,0.727562525416665,0.729687246017518,
0.755234128046202,0.78227951319129,0.808509626480604,0.834513162008252,0.85967588763505,
0.884309742424971,0.908186189330075,0.912474003276226,0.931768410262051,0.954804437532615,
0.977610283722423,0.980591655770837,1.),
.UNSPECIFIED.);
#2515=VERTEX_POINT('',#3190);
#2516=B_SPLINE_CURVE_WITH_KNOTS('',3,
(#3191,#3192,#3193,#3194,#3195,#3196,#3197,#3198,#3199,#3200,#3201,#3202,#3203,#3204,
#3205,#3206,#3207,#3208,#3209,#3210,#3211,#3212,#3213,#3214,#3215,#3216,#3217,#3218,
#3219,#3220,#3221,#3222,#3223,#3224,#3225,#3226,#3227,#3228),
.UNSPECIFIED.,.F.,.F.,
(4,1,1,1,1,1,1,1,1,1,1,1,1,1,1,1,1,1,1,1,1,1,1,1,1,1,1,1,1,1,1,1,1,1,1,4),
(0.,0.0113178727969144,0.0303125034968669,0.039613790740131,0.0557358191288028,0.0762765472065824,
0.0849187180448862,0.0919248715761572,0.10766192242622,0.130270232491883,0.150665749981844,
0.155505909388637,0.183393918180984,0.208316659203926,0.232164438680389,0.234653722136965,
0.264780606859381,0.297438500916401,0.334210800675964,0.340376029044048,0.372479160738001,
0.431512587939715,0.494944614356893,0.4952086187456,0.563560897042796,0.618676209515812,
0.640056177791982,0.684519495351323,0.719974760065007,0.782558621123701,0.803290323807875,
0.867949066962919,0.913871296585713,0.933490643071466,0.989765448465296,1.),
.UNSPECIFIED.);
#2517=VERTEX_POINT('',#3229);
#2518=B_SPLINE_CURVE_WITH_KNOTS('',3,
(#3230,#3231,#3232,#3233,#3234,#3235,#3236,#3237,#3238,#3239,#3240,#3241,#3242,#3243,
#3244,#3245,#3246,#3247,#3248,#3249,#3250,#3251,#3252,#3253,#3254,#3255,#3256,#3257,
#3258,#3259,#3260,#3261,#3262,#3263,#3264,#3265,#3266,#3267,#3268,#3269,#3270,#3271,
#3272,#3273,#3274,#3275,#3276,#3277,#3278,#3279,#3280,#3281,#3282,#3283,#3284,#3285,
#3286,#3287,#3288,#3289,#3290,#3291,#3292,#3293,#3294,#3295,#3296,#3297,#3298,#3299,
#3300),
.UNSPECIFIED.,.F.,.F.,
(4,1,1,1,1,1,1,1,1,1,1,1,1,1,1,1,1,1,1,1,1,1,1,1,1,1,1,1,1,1,1,1,1,1,1,1,1,1,1,1,
1,1,1,1,1,1,1,1,1,1,1,1,1,1,1,1,1,1,1,1,1,1,1,1,1,1,1,1,4),
(0.,0.00569865893675416,0.0103177071558718,0.0113495601795776,0.013912432698278,
0.0175586596953388,0.0227025857090548,0.0280052645907092,0.0334677087908996,0.0381501775085507,
0.0404692291998858,0.0433334742318363,0.0494706474783634,0.0560863795718978,0.0650592303574067,
0.0758754829842647,0.0858806781873036,0.0889477359740008,0.102449957592742,0.116949656940043,
0.132055866549439,0.147048016179177,0.154351383493693,0.161204378539768,0.174492103873292,
0.187768794525975,0.201463721954853,0.215514336696719,0.223182492475525,0.230265347746025,
0.245374578305793,0.261764880581293,0.27785769999051,0.279108683831483,0.297942501716149,
0.31736774686379,0.338085064123241,0.358812897607304,0.359501702487048,0.381804729118615,
0.404278129094125,0.42740926575862,0.440562797788014,0.451018606039248,0.475406316885374,
0.500094168440659,0.523003708669625,0.525508503942576,0.551348058314804,0.577723407191072,
0.604200757519487,0.630920345368724,0.657788290446158,0.660362511023679,0.684839053198567,
0.711936613056951,0.738975372381558,0.76590316705346,0.792512292632677,0.818869783125997,
0.821548159634992,0.844522909015615,0.869771682448508,0.894852146257721,0.920151312605932,
0.946050948867379,0.948713488495677,0.972622670786585,1.),
.UNSPECIFIED.);
#2519=VERTEX_POINT('',#3301);
#2520=B_SPLINE_CURVE_WITH_KNOTS('',3,
(#3302,#3303,#3304,#3305,#3306,#3307,#3308,#3309,#3310,#3311,#3312,#3313,#3314,#3315,
#3316,#3317,#3318,#3319,#3320,#3321,#3322,#3323,#3324,#3325,#3326,#3327,#3328,#3329,
#3330,#3331,#3332,#3333,#3334,#3335,#3336,#3337,#3338,#3339,#3340,#3341,#3342,#3343,
#3344,#3345,#3346,#3347,#3348,#3349),
.UNSPECIFIED.,.F.,.F.,
(4,1,1,1,1,1,1,1,1,1,1,1,1,1,1,1,1,1,1,1,1,1,1,1,1,1,1,1,1,1,1,1,1,1,1,1,1,1,1,1,
1,1,1,1,1,4),
(0.,0.0117535959511973,0.0384092688913664,0.0411381835211897,0.0787964832269301,
0.0901231959838612,0.113250057871603,0.139509262589149,0.156711237046245,0.171463198506464,
0.172729253009041,0.187681115990196,0.202690579313628,0.218285854505814,0.234416358526604,
0.251431150148435,0.268783490976422,0.285033800397737,0.287404471722221,0.306979731404296,
0.328235047498225,0.350197460896213,0.373980055707109,0.398870158566974,0.425275919466919,
0.425300149304556,0.452089235838125,0.480538201947352,0.510247937085139,0.541995427708639,
0.574541190470435,0.588052907388052,0.609016827414644,0.644610676794911,0.681694515591258,
0.719167737985756,0.751099369201305,0.757756597697189,0.79715397482553,0.837310756526266,
0.877318647640849,0.895160459028294,0.916954463145101,0.957373388054661,0.980279789649148,
1.),
.UNSPECIFIED.);
#2521=VERTEX_POINT('',#3350);
#2522=B_SPLINE_CURVE_WITH_KNOTS('',3,
(#3351,#3352,#3353,#3354,#3355,#3356,#3357,#3358,#3359,#3360,#3361,#3362,#3363,#3364,
#3365,#3366,#3367,#3368,#3369,#3370,#3371,#3372,#3373,#3374,#3375,#3376,#3377,#3378,
#3379,#3380,#3381,#3382,#3383,#3384,#3385,#3386,#3387,#3388,#3389,#3390,#3391,#3392,
#3393,#3394,#3395,#3396,#3397,#3398,#3399,#3400,#3401,#3402,#3403),
.UNSPECIFIED.,.F.,.F.,
(4,1,1,1,1,1,1,1,1,1,1,1,1,1,1,1,1,1,1,1,1,1,1,1,1,1,1,1,1,1,1,1,1,1,1,1,1,1,1,1,
1,1,1,1,1,1,1,1,1,1,4),
(0.,0.0118200460358044,0.0231420747701998,0.0406802873675313,0.0421917732418405,
0.0526203179967655,0.0636958162616677,0.0788037764599973,0.0911394341571172,0.0949725850956581,
0.10905504833077,0.120009501605789,0.130674316707628,0.141165330891771,0.151749045802531,
0.159087180709763,0.163142222531187,0.175307892767185,0.188929693953025,0.203169595906968,
0.224577600750667,0.247120920799894,0.256241671668538,0.270854047358436,0.290334426604148,
0.310942253228914,0.33333824690116,0.35640279039197,0.381958130000873,0.390268682644193,
0.425629801745164,0.462491110491076,0.491738423385944,0.514463403525096,0.52199430795855,
0.553857612271928,0.586358065005532,0.620388568657858,0.644304062374528,0.655317076944146,
0.691421720125713,0.727805423624342,0.764998543573338,0.802736309753521,0.808173309502122,
0.841337687436095,0.880263057928534,0.919829836532659,0.954275022036915,0.95973638332896,
1.),
.UNSPECIFIED.);
#2523=VERTEX_POINT('',#3404);
#2524=B_SPLINE_CURVE_WITH_KNOTS('',3,
(#3405,#3406,#3407,#3408,#3409,#3410,#3411,#3412,#3413,#3414,#3415,#3416,#3417,#3418,
#3419,#3420,#3421,#3422,#3423,#3424,#3425,#3426,#3427,#3428,#3429,#3430,#3431,#3432,
#3433,#3434,#3435,#3436,#3437,#3438,#3439,#3440,#3441,#3442,#3443,#3444,#3445,#3446,
#3447,#3448,#3449,#3450,#3451,#3452,#3453,#3454,#3455,#3456,#3457),
.UNSPECIFIED.,.F.,.F.,
(4,1,1,1,1,1,1,1,1,1,1,1,1,1,1,1,1,1,1,1,1,1,1,1,1,1,1,1,1,1,1,1,1,1,1,1,1,1,1,1,
1,1,1,1,1,1,1,1,1,1,4),
(0.,0.0026177259729749,0.0052760567997367,0.00797528420413577,0.00912544033936182,
0.0107595982516979,0.0135751106392552,0.0175453907702609,0.0216112380144746,0.0257366263263489,
0.0289868231544079,0.0314304823340511,0.0324681917387984,0.0363615593542626,0.0403969397279018,
0.0463780126862984,0.0526386864791146,0.05917368091993,0.0644988304011655,0.0664756304421985,
0.0701390668178276,0.0763498057553854,0.0828256323841076,0.0945347014801469,0.113879188099263,
0.1260715969395,0.137265132160556,0.159701388969182,0.179767634384153,0.201096908783453,
0.224694035117663,0.226371318458828,0.249287042704064,0.2779630019874,0.309690224719736,
0.346407638244556,0.385245257907804,0.387455104908206,0.428923269828098,0.475546275085486,
0.526003697412633,0.577524460573801,0.618466389629805,0.631859609794839,0.68808366520327,
0.747482874244589,0.807995338509523,0.870746475411234,0.875116888134333,0.934727741616193,
1.),
.UNSPECIFIED.);
#2525=LINE('',#3458,#3459);
#2526=VERTEX_POINT('',#3461);
#2527=VERTEX_POINT('',#3462);
#2528=LINE('',#3463,#3464);
#2529=VERTEX_POINT('',#3466);
#2530=LINE('',#3467,#3468);
#2531=VERTEX_POINT('',#3470);
#2532=LINE('',#3471,#3472);
#2533=VERTEX_POINT('',#3474);
#2534=LINE('',#3475,#3476);
#2535=VERTEX_POINT('',#3478);
#2536=LINE('',#3479,#3480);
#2537=LINE('',#3482,#3483);
#2538=VERTEX_POINT('',#3485);
#2539=VERTEX_POINT('',#3486);
#2540=CIRCLE('',#3487,0.999999999999998);
#2541=VERTEX_POINT('',#3491);
#2542=LINE('',#3492,#3493);
#2543=VERTEX_POINT('',#3495);
#2544=CIRCLE('',#3496,1.);
#2545=VERTEX_POINT('',#3500);
#2546=LINE('',#3501,#3502);
#2547=VERTEX_POINT('',#3504);
#2548=B_SPLINE_CURVE_WITH_KNOTS('',3,
(#3505,#3506,#3507,#3508,#3509,#3510,#3511,#3512,#3513,#3514,#3515,#3516,#3517,#3518,
#3519,#3520,#3521,#3522,#3523,#3524,#3525,#3526,#3527,#3528,#3529,#3530,#3531,#3532,
#3533,#3534,#3535,#3536,#3537,#3538,#3539,#3540,#3541,#3542,#3543,#3544,#3545,#3546,
#3547,#3548,#3549,#3550,#3551,#3552,#3553,#3554),
.UNSPECIFIED.,.F.,.F.,
(4,1,1,1,1,1,1,1,1,1,1,1,1,1,1,1,1,1,1,1,1,1,1,1,1,1,1,1,1,1,1,1,1,1,1,1,1,1,1,1,
1,1,1,1,1,1,1,4),
(0.,0.00711420492175983,0.0193556114604702,0.0249057746893915,0.0370145235778454,
0.050067289358201,0.0557523069506676,0.0593409063761061,0.0658135490075444,0.0724233058832825,
0.0820451997233488,0.0921568440525385,0.102724128487445,0.111448766565847,0.113882624618196,
0.120725377899342,0.13094019767802,0.141534627994657,0.153104548078622,0.1652667545498,
0.178283968643693,0.191565015711909,0.206319786264924,0.214593536049573,0.222307279589554,
0.240368619695345,0.259309252391578,0.288977941797909,0.320985959466452,0.355389747143155,
0.372638035802026,0.3843611897931,0.415265752089757,0.449469914812091,0.485018948276561,
0.523983567868631,0.565131595822588,0.606268094769616,0.60881997049391,0.652975813802006,
0.69892920963866,0.746196312705602,0.795453873021871,0.84518436564772,0.872286390270444,
0.895968918997442,0.94746520648776,1.),
.UNSPECIFIED.);
#2549=VERTEX_POINT('',#3555);
#2550=B_SPLINE_CURVE_WITH_KNOTS('',3,
(#3556,#3557,#3558,#3559,#3560,#3561,#3562,#3563,#3564,#3565,#3566,#3567,#3568,#3569,
#3570,#3571,#3572,#3573,#3574,#3575,#3576,#3577,#3578,#3579,#3580,#3581,#3582,#3583,
#3584,#3585,#3586,#3587,#3588,#3589,#3590,#3591,#3592,#3593,#3594,#3595,#3596),
.UNSPECIFIED.,.F.,.F.,
(4,1,1,1,1,1,1,1,1,1,1,1,1,1,1,1,1,1,1,1,1,1,1,1,1,1,1,1,1,1,1,1,1,1,1,1,1,1,4),
(0.,0.00878867100506629,0.0247902649106545,0.0316427963485016,0.0503946018747044,
0.0685637529266288,0.0759503107869941,0.100220771425368,0.11879889744294,0.127016228332608,
0.132561772403282,0.142847017603538,0.15348744462403,0.166677842589866,0.182044332612077,
0.204855527421277,0.216099444215659,0.232992620050505,0.272659233164676,0.318159506936921,
0.368002940855784,0.398246467795148,0.499846041049725,0.579630677724594,0.599141492049865,
0.668041474148228,0.707900694247901,0.742404987334492,0.771489990063209,0.800516739481169,
0.829367947671835,0.831201789798041,0.858101046355513,0.88668486482894,0.915305309988566,
0.943786074030678,0.972056304783929,0.984961423189735,1.),
.UNSPECIFIED.);
#2551=VERTEX_POINT('',#3597);
#2552=B_SPLINE_CURVE_WITH_KNOTS('',3,
(#3598,#3599,#3600,#3601,#3602,#3603,#3604,#3605,#3606,#3607,#3608,#3609,#3610,#3611,
#3612,#3613,#3614,#3615,#3616,#3617,#3618,#3619,#3620,#3621,#3622,#3623,#3624,#3625,
#3626,#3627,#3628,#3629,#3630,#3631,#3632,#3633,#3634,#3635,#3636,#3637,#3638,#3639,
#3640,#3641,#3642,#3643,#3644,#3645,#3646),
.UNSPECIFIED.,.F.,.F.,
(4,1,1,1,1,1,1,1,1,1,1,1,1,1,1,1,1,1,1,1,1,1,1,1,1,1,1,1,1,1,1,1,1,1,1,1,1,1,1,1,
1,1,1,1,1,1,4),
(0.,0.00942935264372911,0.0265996015801363,0.033947942985802,0.0539708339622293,
0.0735600165096784,0.0830488426946866,0.115816555622745,0.136314099566459,0.151513043846058,
0.182551100363561,0.206688676528893,0.223667068062473,0.232342673578574,0.240154494425263,
0.256807198186867,0.274111541958225,0.299877503878942,0.326869386646746,0.355219821044102,
0.377989537058623,0.381355817362224,0.401679198205156,0.426768096571467,0.452347030548994,
0.479030410508723,0.506319183666823,0.534315811295302,0.562412963513257,0.583563583222025,
0.590819417806838,0.61941748321161,0.648343140057684,0.6773889849306,0.706652018202332,
0.736018825113077,0.765469927423085,0.765918245842602,0.794902676061018,0.824282610832727,
0.853621645005589,0.882959095531172,0.912463917183657,0.918865355812437,0.941990686615718,
0.971249828007298,1.),
.UNSPECIFIED.);
#2553=VERTEX_POINT('',#3647);
#2554=B_SPLINE_CURVE_WITH_KNOTS('',3,
(#3648,#3649,#3650,#3651,#3652,#3653,#3654,#3655,#3656,#3657,#3658,#3659,#3660,#3661,
#3662,#3663,#3664,#3665,#3666,#3667,#3668,#3669,#3670,#3671,#3672,#3673,#3674,#3675,
#3676,#3677,#3678,#3679,#3680,#3681,#3682,#3683,#3684,#3685,#3686,#3687,#3688,#3689,
#3690,#3691,#3692,#3693,#3694,#3695,#3696,#3697,#3698,#3699,#3700,#3701),
.UNSPECIFIED.,.F.,.F.,
(4,1,1,1,1,1,1,1,1,1,1,1,1,1,1,1,1,1,1,1,1,1,1,1,1,1,1,1,1,1,1,1,1,1,1,1,1,1,1,1,
1,1,1,1,1,1,1,1,1,1,1,4),
(0.,0.00756821160278031,0.0243758935347465,0.026488954202413,0.0500274373071223,
0.0567597513251127,0.0758330817735669,0.0956452160671745,0.108330393238517,0.109702003698753,
0.119263321740811,0.128943279435765,0.142663834183129,0.156922285585896,0.171694404378613,
0.183739059650877,0.190601431200599,0.196458269013982,0.210303092564829,0.224568862242137,
0.239995290254076,0.256122490464808,0.273269300668523,0.290774239509933,0.309626203618596,
0.320422721247797,0.329523495919296,0.351154589576828,0.373525036944213,0.397672436642302,
0.422856813287339,0.458432831419461,0.495304230426485,0.501382713207643,0.533518541539909,
0.564447615937659,0.59608432567568,0.629335551900269,0.663510805104171,0.684779617391814,
0.69883149031928,0.734345941727976,0.770630796682748,0.776186333715522,0.807532891615011,
0.845338458308515,0.874448596621265,0.883453272665537,0.922100049237937,0.960955338777296,
0.982231686432404,1.),
.UNSPECIFIED.);
#2555=VERTEX_POINT('',#3702);
#2556=B_SPLINE_CURVE_WITH_KNOTS('',3,
(#3703,#3704,#3705,#3706,#3707,#3708,#3709,#3710,#3711,#3712,#3713,#3714,#3715,#3716,
#3717,#3718,#3719,#3720,#3721,#3722,#3723,#3724,#3725,#3726,#3727,#3728,#3729,#3730,
#3731,#3732,#3733,#3734,#3735,#3736,#3737,#3738,#3739,#3740,#3741,#3742,#3743,#3744,
#3745,#3746,#3747,#3748,#3749,#3750,#3751,#3752,#3753,#3754,#3755,#3756,#3757,#3758,
#3759,#3760),
.UNSPECIFIED.,.F.,.F.,
(4,1,1,1,1,1,1,1,1,1,1,1,1,1,1,1,1,1,1,1,1,1,1,1,1,1,1,1,1,1,1,1,1,1,1,1,1,1,1,1,
1,1,1,1,1,1,1,1,1,1,1,1,1,1,1,4),
(0.,0.00917114117191032,0.0240952134490794,0.0330106272136069,0.04550252463984,0.0606802325769619,
0.0709754737371628,0.0715460800031879,0.0777530863499444,0.0845607704605228,0.0940112076068672,
0.103733263286349,0.113732987361346,0.121825899420591,0.127415591853872,0.130345100180342,
0.139632520072882,0.149277652744824,0.159764888730134,0.17076437365481,0.182439164411679,
0.194281605885755,0.206843362081137,0.21025943156418,0.219935166193496,0.233942567171364,
0.2483345825394,0.263900209948716,0.28023218035435,0.292007365117065,0.297575593286116,
0.315184569412487,0.33390469509879,0.353485355506627,0.366926422133596,0.374526720714078,
0.396145724346521,0.427577420167648,0.449602552557531,0.460266496080985,0.494301978919611,
0.521456648881065,0.549660533670541,0.566294168902624,0.579538848981012,0.610062231625658,
0.661203804099919,0.682611816182555,0.733368150259484,0.79924996329036,0.811509843321999,
0.875560323069842,0.920756629857244,0.938632618779135,0.962408870185643,1.),
.UNSPECIFIED.);
#2557=VERTEX_POINT('',#3761);
#2558=B_SPLINE_CURVE_WITH_KNOTS('',3,
(#3762,#3763,#3764,#3765,#3766,#3767,#3768,#3769,#3770,#3771,#3772,#3773,#3774,#3775,
#3776,#3777,#3778,#3779,#3780,#3781,#3782,#3783,#3784,#3785,#3786,#3787,#3788,#3789,
#3790,#3791,#3792,#3793,#3794,#3795,#3796,#3797,#3798,#3799,#3800,#3801,#3802,#3803,
#3804,#3805,#3806,#3807,#3808,#3809,#3810,#3811,#3812,#3813,#3814,#3815,#3816,#3817,
#3818,#3819,#3820,#3821,#3822,#3823),
.UNSPECIFIED.,.F.,.F.,
(4,1,1,1,1,1,1,1,1,1,1,1,1,1,1,1,1,1,1,1,1,1,1,1,1,1,1,1,1,1,1,1,1,1,1,1,1,1,1,1,
1,1,1,1,1,1,1,1,1,1,1,1,1,1,1,1,1,1,1,4),
(0.,0.00927908883496808,0.0243797770691831,0.0333972813900997,0.0460429141765567,
0.0614038125631621,0.0718234519119147,0.0723880737861706,0.0786843368371118,0.0855768192785252,
0.0951505701592829,0.105001662061137,0.115136627994964,0.123292034737395,0.128962804744844,
0.131832283380295,0.141050103587184,0.150573401998323,0.160793777842684,0.171431050694582,
0.182608375658512,0.193915673682182,0.205867189563053,0.212993407382014,0.218318758093542,
0.231648069285053,0.245308019365207,0.260130878509192,0.275752444075143,0.292472478811065,
0.296839176669328,0.309515701840145,0.327811513045667,0.347038940157895,0.367865246780501,
0.371407250384556,0.389330020878844,0.420701445759252,0.452897986319114,0.453346729137107,
0.487311831154856,0.514415778302395,0.531210348481394,0.542603879718393,0.572543692100651,
0.60317974265894,0.635453709954622,0.647379950771409,0.668653882891049,0.703071148993376,
0.737812475533384,0.773516046033985,0.802260517978688,0.809860141302107,0.847134240402746,
0.884697370125513,0.922872026608967,0.939975705307782,0.961480750494455,1.),
.UNSPECIFIED.);
#2559=VERTEX_POINT('',#3824);
#2560=B_SPLINE_CURVE_WITH_KNOTS('',3,
(#3825,#3826,#3827,#3828,#3829,#3830,#3831,#3832,#3833,#3834,#3835,#3836,#3837,#3838,
#3839,#3840,#3841,#3842,#3843,#3844,#3845,#3846,#3847,#3848,#3849,#3850,#3851,#3852,
#3853,#3854,#3855,#3856,#3857,#3858,#3859,#3860,#3861,#3862,#3863,#3864,#3865,#3866,
#3867,#3868,#3869,#3870,#3871,#3872,#3873,#3874,#3875,#3876),
.UNSPECIFIED.,.F.,.F.,
(4,1,1,1,1,1,1,1,1,1,1,1,1,1,1,1,1,1,1,1,1,1,1,1,1,1,1,1,1,1,1,1,1,1,1,1,1,1,1,1,
1,1,1,1,1,1,1,1,1,4),
(0.,0.0119315290008323,0.0317960341988091,0.0426189255196524,0.0604686010689051,
0.0812933826137309,0.090314846329485,0.0957793440800211,0.105749226054068,0.115895498348591,
0.126639447982327,0.137854902147668,0.149747615148873,0.161823162718146,0.16454514523075,
0.174811752892711,0.188493867041666,0.209068410370235,0.231328751498146,0.255239351910866,
0.275077408423263,0.277426693714074,0.295313057017609,0.316962306740571,0.339622880704542,
0.372380394609437,0.406646235716544,0.41890338511137,0.44245081815701,0.470904026449726,
0.499613399898896,0.529188631050814,0.556760094981978,0.559356313983183,0.590516399986604,
0.622057085816109,0.654486903526538,0.676052133107646,0.687427171409072,0.721010593872521,
0.754719832270877,0.78884708079738,0.817236394803923,0.823265201461054,0.858141378531056,
0.893194420053221,0.928598883202733,0.951722037057175,0.964203422625369,1.),
.UNSPECIFIED.);
#2561=VERTEX_POINT('',#3877);
#2562=B_SPLINE_CURVE_WITH_KNOTS('',3,
(#3878,#3879,#3880,#3881,#3882,#3883,#3884,#3885,#3886,#3887,#3888,#3889,#3890,#3891,
#3892,#3893,#3894,#3895,#3896,#3897,#3898,#3899,#3900,#3901,#3902,#3903,#3904,#3905,
#3906,#3907,#3908,#3909,#3910,#3911,#3912,#3913,#3914,#3915,#3916,#3917,#3918,#3919,
#3920,#3921,#3922,#3923,#3924,#3925,#3926,#3927,#3928,#3929,#3930,#3931,#3932,#3933,
#3934,#3935,#3936,#3937,#3938,#3939),
.UNSPECIFIED.,.F.,.F.,
(4,1,1,1,1,1,1,1,1,1,1,1,1,1,1,1,1,1,1,1,1,1,1,1,1,1,1,1,1,1,1,1,1,1,1,1,1,1,1,1,
1,1,1,1,1,1,1,1,1,1,1,1,1,1,1,1,1,1,1,4),
(0.,0.00959147569459457,0.0252039149528365,0.0345235651334173,0.0476000156281388,
0.0634800961517785,0.0742515220897958,0.0748249119805967,0.0813471312322501,0.0884780584803083,
0.0983908931929885,0.108593213163459,0.119089717108032,0.127589515077722,0.13336203157064,
0.136545625060103,0.146318335115002,0.156460496456354,0.167467287861137,0.178986067539909,
0.19118171116159,0.203525019533015,0.21667317549882,0.220313324449499,0.230459778968331,
0.245489366787492,0.261090634976603,0.284394603174928,0.308917465826164,0.323461925253262,
0.334606738555886,0.355217672418338,0.376687278737226,0.399522503318578,0.422839100052225,
0.447480425365291,0.456536460110481,0.472958194178369,0.499523819955787,0.526359518944599,
0.554068424920082,0.574553797269067,0.58239159221843,0.611686172299189,0.641348646331216,
0.641614690289035,0.671974221487894,0.703159541792746,0.735026714492983,0.740441620601961,
0.76701292063945,0.799393230678537,0.832054873623944,0.855258214152982,0.865225832413724,
0.898593302227093,0.932277526910839,0.951882343696897,0.966093343738034,1.),
.UNSPECIFIED.);
#2563=VERTEX_POINT('',#3940);
#2564=B_SPLINE_CURVE_WITH_KNOTS('',3,
(#3941,#3942,#3943,#3944,#3945,#3946,#3947,#3948,#3949,#3950,#3951,#3952,#3953,#3954,
#3955,#3956,#3957,#3958,#3959,#3960,#3961,#3962,#3963,#3964,#3965,#3966,#3967,#3968,
#3969,#3970,#3971,#3972,#3973,#3974,#3975,#3976,#3977,#3978,#3979,#3980,#3981,#3982,
#3983,#3984,#3985,#3986,#3987,#3988,#3989,#3990),
.UNSPECIFIED.,.F.,.F.,
(4,1,1,1,1,1,1,1,1,1,1,1,1,1,1,1,1,1,1,1,1,1,1,1,1,1,1,1,1,1,1,1,1,1,1,1,1,1,1,1,
1,1,1,1,1,1,1,4),
(0.,0.00743381117324533,0.0247170297785955,0.0260194147427034,0.0507613860890293,
0.0576112585414133,0.0769381307306432,0.0979956419360535,0.112012440697407,0.114181395089853,
0.131309206530696,0.153487702833514,0.175579309597812,0.190157369881714,0.19297306437455,
0.205600546728696,0.218600707211518,0.232618666185088,0.24729432401847,0.262838876006732,
0.278587306469457,0.295433791791084,0.306436866498929,0.313179296698469,0.332618568790612,
0.352815723685182,0.383225943146332,0.415372730922139,0.449224231578159,0.473097502464029,
0.476714606168227,0.505562118343202,0.536621804988845,0.56852105775003,0.602559323751281,
0.637918799075208,0.675022321051522,0.684358846652803,0.712562992535984,0.751334265594329,
0.790903029690427,0.831700375510077,0.872964085525969,0.8919374119193,0.915231018209173,
0.957726828585241,0.991330227582419,1.),
.UNSPECIFIED.);
#2565=VERTEX_POINT('',#3991);
#2566=B_SPLINE_CURVE_WITH_KNOTS('',3,
(#3992,#3993,#3994,#3995,#3996,#3997,#3998,#3999,#4000,#4001,#4002,#4003,#4004,#4005,
#4006,#4007,#4008,#4009,#4010,#4011,#4012,#4013,#4014,#4015,#4016,#4017,#4018,#4019,
#4020,#4021,#4022,#4023,#4024,#4025,#4026,#4027,#4028,#4029,#4030,#4031,#4032,#4033,
#4034,#4035,#4036,#4037,#4038,#4039,#4040,#4041,#4042,#4043,#4044,#4045,#4046,#4047,
#4048,#4049,#4050,#4051),
.UNSPECIFIED.,.F.,.F.,
(4,1,1,1,1,1,1,1,1,1,1,1,1,1,1,1,1,1,1,1,1,1,1,1,1,1,1,1,1,1,1,1,1,1,1,1,1,1,1,1,
1,1,1,1,1,1,1,1,1,1,1,1,1,1,1,1,1,4),
(0.,0.00880952844486084,0.023382137682309,0.0317126153917842,0.0443007155714654,
0.0593046060343749,0.0687276819994027,0.0696275236591537,0.076569430565721,0.0835856788411449,
0.0935145722070708,0.103816092389638,0.114492511486662,0.12325004844417,0.127214144758388,
0.132553272999963,0.142794926879109,0.153424590330009,0.165073468838919,0.177360001165922,
0.190522522570714,0.203906468215744,0.216420073155596,0.218376976603093,0.233698325896166,
0.250534842983334,0.268076820800144,0.287477734450913,0.308055480855525,0.330230928797437,
0.35285894941065,0.360782929757467,0.376833955417766,0.401678488701517,0.427804253853456,
0.454328291669697,0.481788748592814,0.509752732917656,0.538368152494684,0.556884256196303,
0.567115964431601,0.596095518351711,0.625205668386447,0.654446939376657,0.68370160932364,
0.712931576037194,0.742116881243763,0.743484158803771,0.771308499903442,0.800606751375028,
0.829848833009169,0.858986088932819,0.887840696062549,0.912924937074681,0.916488397614966,
0.944692712028121,0.972546308611535,1.),
.UNSPECIFIED.);
#2567=VERTEX_POINT('',#4052);
#2568=B_SPLINE_CURVE_WITH_KNOTS('',3,
(#4053,#4054,#4055,#4056,#4057,#4058,#4059,#4060,#4061,#4062,#4063,#4064,#4065,#4066,
#4067,#4068,#4069,#4070,#4071,#4072,#4073,#4074,#4075,#4076,#4077,#4078,#4079,#4080,
#4081,#4082,#4083,#4084,#4085,#4086,#4087,#4088,#4089,#4090,#4091,#4092,#4093,#4094,
#4095,#4096,#4097,#4098,#4099,#4100,#4101,#4102),
.UNSPECIFIED.,.F.,.F.,
(4,1,1,1,1,1,1,1,1,1,1,1,1,1,1,1,1,1,1,1,1,1,1,1,1,1,1,1,1,1,1,1,1,1,1,1,1,1,1,1,
1,1,1,1,1,1,1,4),
(0.,0.0119303615027583,0.0332704344953221,0.0417524465616792,0.0656075649143539,
0.091224117128902,0.0914557519052106,0.109714693497876,0.125322856455909,0.140459048044122,
0.155124963583516,0.163254934941465,0.167184522368526,0.180010567337138,0.194159612555732,
0.208868970666089,0.225051399091745,0.232717059086033,0.24214516520365,0.260523235965144,
0.279263555962279,0.299436811710944,0.30699546791101,0.320733740095896,0.343888133362918,
0.367798192414777,0.393452562249043,0.420100491360003,0.448005389742728,0.463857181691364,
0.47618328355902,0.505517480006695,0.535714229798794,0.567336513898285,0.599537261892098,
0.633076391290088,0.641121734080648,0.667387093512752,0.702678957602737,0.738176458620753,
0.774301522058439,0.794168292656659,0.81085051845883,0.860666283187294,0.91094895689012,
0.940845640197722,0.961666599455324,1.),
.UNSPECIFIED.);
#2569=VERTEX_POINT('',#4103);
#2570=B_SPLINE_CURVE_WITH_KNOTS('',3,
(#4104,#4105,#4106,#4107,#4108,#4109,#4110,#4111,#4112,#4113,#4114,#4115,#4116,#4117,
#4118,#4119,#4120,#4121,#4122,#4123,#4124,#4125,#4126,#4127,#4128,#4129,#4130,#4131,
#4132,#4133,#4134,#4135,#4136,#4137,#4138,#4139,#4140,#4141,#4142,#4143,#4144,#4145,
#4146,#4147,#4148,#4149,#4150),
.UNSPECIFIED.,.F.,.F.,
(4,1,1,1,1,1,1,1,1,1,1,1,1,1,1,1,1,1,1,1,1,1,1,1,1,1,1,1,1,1,1,1,1,1,1,1,1,1,1,1,
1,1,1,1,4),
(0.,0.0196432368850588,0.0399657900681635,0.0701603464372945,0.0706656553860555,
0.0920977394077206,0.109984098523041,0.127491369940943,0.14462253638444,0.158927631611104,
0.159944236659843,0.174276807598824,0.191435432381955,0.209356645388455,0.229293488529364,
0.250492907254015,0.273423936377235,0.296766946692428,0.321589883124242,0.328274658264493,
0.347466136197769,0.375031908390474,0.403248908610921,0.432901343373863,0.463403004115553,
0.494710482238327,0.525926862721798,0.557319391030736,0.588913083008586,0.620804745689196,
0.625842161805496,0.652665138835352,0.684452208190172,0.716326931977609,0.748346097262291,
0.780178090810549,0.811901479991641,0.843588755723605,0.874938410630701,0.887711801745239,
0.906347073122885,0.937586452110136,0.968841539420389,0.980885539894332,1.),
.UNSPECIFIED.);
#2571=LINE('',#4151,#4152);
#2572=VERTEX_POINT('',#4154);
#2573=VERTEX_POINT('',#4155);
#2574=CIRCLE('',#4156,1.);
#2575=VERTEX_POINT('',#4160);
#2576=LINE('',#4161,#4162);
#2577=VERTEX_POINT('',#4164);
#2578=CIRCLE('',#4165,1.);
#2579=VERTEX_POINT('',#4169);
#2580=LINE('',#4170,#4171);
#2581=VERTEX_POINT('',#4173);
#2582=CIRCLE('',#4174,1.);
#2583=VERTEX_POINT('',#4178);
#2584=LINE('',#4179,#4180);
#2585=VERTEX_POINT('',#4182);
#2586=LINE('',#4183,#4184);
#2587=VERTEX_POINT('',#4186);
#2588=CIRCLE('',#4187,0.999999999999999);
#2589=VERTEX_POINT('',#4191);
#2590=LINE('',#4192,#4193);
#2591=VERTEX_POINT('',#4195);
#2592=CIRCLE('',#4196,1.);
#2593=VERTEX_POINT('',#4200);
#2594=LINE('',#4201,#4202);
#2595=VERTEX_POINT('',#4204);
#2596=LINE('',#4205,#4206);
#2597=VERTEX_POINT('',#4208);
#2598=CIRCLE('',#4209,1.);
#2599=LINE('',#4213,#4214);
#2600=VERTEX_POINT('',#4216);
#2601=VERTEX_POINT('',#4217);
#2602=LINE('',#4218,#4219);
#2603=LINE('',#4221,#4222);
#2604=LINE('',#4224,#4225);
#2605=VERTEX_POINT('',#4227);
#2606=LINE('',#4228,#4229);
#2607=LINE('',#4231,#4232);
#2608=VERTEX_POINT('',#4234);
#2609=LINE('',#4235,#4236);
#2610=LINE('',#4238,#4239);
#2611=VERTEX_POINT('',#4241);
#2612=LINE('',#4242,#4243);
#2613=LINE('',#4245,#4246);
#2614=VERTEX_POINT('',#4248);
#2615=LINE('',#4249,#4250);
#2616=LINE('',#4252,#4253);
#2617=LINE('',#4255,#4256);
#2618=VERTEX_POINT('',#4258);
#2619=VERTEX_POINT('',#4259);
#2620=LINE('',#4260,#4261);
#2621=VERTEX_POINT('',#4263);
#2622=LINE('',#4264,#4265);
#2623=VERTEX_POINT('',#4267);
#2624=LINE('',#4268,#4269);
#2625=VERTEX_POINT('',#4271);
#2626=LINE('',#4272,#4273);
#2627=VERTEX_POINT('',#4275);
#2628=LINE('',#4276,#4277);
#2629=VERTEX_POINT('',#4279);
#2630=LINE('',#4280,#4281);
#2631=VERTEX_POINT('',#4283);
#2632=LINE('',#4284,#4285);
#2633=LINE('',#4287,#4288);
#2634=VERTEX_POINT('',#4290);
#2635=VERTEX_POINT('',#4291);
#2636=B_SPLINE_CURVE_WITH_KNOTS('',3,
(#4292,#4293,#4294,#4295,#4296,#4297,#4298,#4299,#4300,#4301,#4302,#4303,#4304,#4305,
#4306,#4307,#4308,#4309),
.UNSPECIFIED.,.F.,.F.,
(4,2,2,2,2,2,2,2,4),
(0.,0.147132104817178,0.295906197467283,0.449818936193686,0.612719023766157,0.789077427086612,
0.984285920212134,0.997748283136505,1.),
.UNSPECIFIED.);
#2637=VERTEX_POINT('',#4310);
#2638=B_SPLINE_CURVE_WITH_KNOTS('',3,
(#4311,#4312,#4313,#4314,#4315,#4316,#4317,#4318,#4319,#4320,#4321,#4322,#4323,#4324),
.UNSPECIFIED.,.F.,.F.,
(4,2,2,2,2,2,4),
(0.,0.207149608532424,0.395074991857245,0.569832750293775,0.736351083916038,0.898849595218092,
1.),
.UNSPECIFIED.);
#2639=VERTEX_POINT('',#4325);
#2640=B_SPLINE_CURVE_WITH_KNOTS('',3,
(#4326,#4327,#4328,#4329,#4330,#4331,#4332,#4333,#4334,#4335,#4336,#4337,#4338,#4339,
#4340,#4341),
.UNSPECIFIED.,.F.,.F.,
(4,2,2,2,2,2,2,4),
(0.,0.0817480904632028,0.249875859005934,0.417947947152553,0.589935586530169,0.770065528921974,
0.963123106050171,1.),
.UNSPECIFIED.);
#2641=VERTEX_POINT('',#4342);
#2642=B_SPLINE_CURVE_WITH_KNOTS('',3,
(#4343,#4344,#4345,#4346,#4347,#4348,#4349,#4350,#4351,#4352,#4353,#4354),
.UNSPECIFIED.,.F.,.F.,
(4,2,2,2,2,4),
(0.,0.216704984125755,0.448767432735809,0.674357661954645,0.903904531577993,1.),
.UNSPECIFIED.);
#2643=VERTEX_POINT('',#4355);
#2644=B_SPLINE_CURVE_WITH_KNOTS('',3,
(#4356,#4357,#4358,#4359,#4360,#4361,#4362,#4363,#4364,#4365,#4366,#4367),
.UNSPECIFIED.,.F.,.F.,
(4,2,2,2,2,4),
(0.,0.235056720472869,0.456702062213617,0.675440587029636,0.901287554753545,1.),
.UNSPECIFIED.);
#2645=VERTEX_POINT('',#4368);
#2646=B_SPLINE_CURVE_WITH_KNOTS('',3,
(#4369,#4370,#4371,#4372,#4373,#4374,#4375,#4376,#4377,#4378,#4379,#4380),
.UNSPECIFIED.,.F.,.F.,
(4,2,2,2,2,4),
(0.,0.270294736726413,0.515283493889544,0.747062503761904,0.976756331044498,1.),
.UNSPECIFIED.);
#2647=VERTEX_POINT('',#4381);
#2648=B_SPLINE_CURVE_WITH_KNOTS('',3,
(#4382,#4383,#4384,#4385,#4386,#4387,#4388,#4389,#4390,#4391),
.UNSPECIFIED.,.F.,.F.,
(4,2,2,2,4),
(0.,0.320492920869377,0.610683599245082,0.88434227811949,1.),
.UNSPECIFIED.);
#2649=VERTEX_POINT('',#4392);
#2650=B_SPLINE_CURVE_WITH_KNOTS('',3,
(#4393,#4394,#4395,#4396,#4397,#4398,#4399,#4400,#4401,#4402),
.UNSPECIFIED.,.F.,.F.,
(4,2,2,2,4),
(0.,0.285063855885912,0.572661540434482,0.875131508753303,1.),
.UNSPECIFIED.);
#2651=VERTEX_POINT('',#4403);
#2652=B_SPLINE_CURVE_WITH_KNOTS('',3,
(#4404,#4405,#4406,#4407,#4408,#4409,#4410,#4411,#4412,#4413,#4414,#4415,#4416,#4417),
.UNSPECIFIED.,.F.,.F.,
(4,2,2,2,2,2,4),
(0.,0.0880970608389159,0.202989170085418,0.351475123808722,0.54228038529668,0.786547687855798,
1.),
.UNSPECIFIED.);
#2653=VERTEX_POINT('',#4418);
#2654=LINE('',#4419,#4420);
#2655=VERTEX_POINT('',#4422);
#2656=LINE('',#4423,#4424);
#2657=VERTEX_POINT('',#4426);
#2658=LINE('',#4427,#4428);
#2659=VERTEX_POINT('',#4430);
#2660=B_SPLINE_CURVE_WITH_KNOTS('',3,
(#4431,#4432,#4433,#4434,#4435,#4436,#4437,#4438,#4439,#4440,#4441,#4442,#4443,#4444,
#4445,#4446,#4447,#4448,#4449,#4450),
.UNSPECIFIED.,.F.,.F.,
(4,2,2,2,2,2,2,2,2,4),
(0.,0.268218508262067,0.472734270208555,0.627095708140108,0.743251185259497,0.830292254486196,
0.895123956355361,0.942973447249446,0.977771870212616,1.),
.UNSPECIFIED.);
#2661=VERTEX_POINT('',#4451);
#2662=B_SPLINE_CURVE_WITH_KNOTS('',3,
(#4452,#4453,#4454,#4455,#4456,#4457,#4458,#4459,#4460,#4461,#4462,#4463),
.UNSPECIFIED.,.F.,.F.,
(4,2,2,2,2,4),
(0.,0.300432507979611,0.557746377537091,0.784583748789027,0.992261402694094,1.),
.UNSPECIFIED.);
#2663=VERTEX_POINT('',#4464);
#2664=B_SPLINE_CURVE_WITH_KNOTS('',3,
(#4465,#4466,#4467,#4468,#4469,#4470,#4471,#4472,#4473,#4474),
.UNSPECIFIED.,.F.,.F.,
(4,2,2,2,4),
(0.,0.245156836904889,0.489355862626894,0.743192789610148,1.),
.UNSPECIFIED.);
#2665=VERTEX_POINT('',#4475);
#2666=B_SPLINE_CURVE_WITH_KNOTS('',3,
(#4476,#4477,#4478,#4479,#4480,#4481,#4482,#4483,#4484,#4485),
.UNSPECIFIED.,.F.,.F.,
(4,2,2,2,4),
(0.,0.302963598849919,0.583886051554259,0.855225160239413,1.),
.UNSPECIFIED.);
#2667=VERTEX_POINT('',#4486);
#2668=B_SPLINE_CURVE_WITH_KNOTS('',3,
(#4487,#4488,#4489,#4490,#4491,#4492,#4493,#4494,#4495,#4496,#4497,#4498,#4499,#4500),
.UNSPECIFIED.,.F.,.F.,
(4,2,2,2,2,2,4),
(0.,0.226979544110451,0.430471343828526,0.62056704143887,0.806418151252092,0.996675111116969,
1.),
.UNSPECIFIED.);
#2669=VERTEX_POINT('',#4501);
#2670=B_SPLINE_CURVE_WITH_KNOTS('',3,
(#4502,#4503,#4504,#4505,#4506,#4507,#4508,#4509,#4510,#4511,#4512,#4513,#4514,#4515,
#4516,#4517),
.UNSPECIFIED.,.F.,.F.,
(4,2,2,2,2,2,2,4),
(0.,0.162351426339367,0.326780128082159,0.500743476212984,0.691881144005016,0.908441870971549,
0.933078631229076,1.),
.UNSPECIFIED.);
#2671=VERTEX_POINT('',#4518);
#2672=B_SPLINE_CURVE_WITH_KNOTS('',3,
(#4519,#4520,#4521,#4522,#4523,#4524,#4525,#4526,#4527,#4528),
.UNSPECIFIED.,.F.,.F.,
(4,2,2,2,4),
(0.,0.358805392514206,0.715932871410197,0.999999996235166,1.),
.UNSPECIFIED.);
#2673=VERTEX_POINT('',#4529);
#2674=B_SPLINE_CURVE_WITH_KNOTS('',3,
(#4530,#4531,#4532,#4533,#4534,#4535,#4536,#4537,#4538,#4539,#4540,#4541),
.UNSPECIFIED.,.F.,.F.,
(4,2,2,2,2,4),
(0.,0.238705879272344,0.456364140186799,0.659891715400509,0.855005762912045,1.),
.UNSPECIFIED.);
#2675=VERTEX_POINT('',#4542);
#2676=B_SPLINE_CURVE_WITH_KNOTS('',3,
(#4543,#4544,#4545,#4546,#4547,#4548,#4549,#4550,#4551,#4552,#4553,#4554,#4555,#4556),
.UNSPECIFIED.,.F.,.F.,
(4,2,2,2,2,2,4),
(0.,0.15493229342814,0.310061031425358,0.469105799643277,0.636040901875992,0.815378444779073,
1.),
.UNSPECIFIED.);
#2677=VERTEX_POINT('',#4557);
#2678=B_SPLINE_CURVE_WITH_KNOTS('',3,
(#4558,#4559,#4560,#4561,#4562,#4563,#4564,#4565,#4566,#4567,#4568,#4569,#4570,#4571),
.UNSPECIFIED.,.F.,.F.,
(4,2,2,2,2,2,4),
(0.,0.207802759510758,0.409396557206472,0.60264603406025,0.792563201412536,0.983842320933654,
1.),
.UNSPECIFIED.);
#2679=VERTEX_POINT('',#4572);
#2680=B_SPLINE_CURVE_WITH_KNOTS('',3,
(#4573,#4574,#4575,#4576,#4577,#4578,#4579,#4580,#4581,#4582,#4583,#4584,#4585,#4586,
#4587,#4588,#4589,#4590,#4591,#4592),
.UNSPECIFIED.,.F.,.F.,
(4,2,2,2,2,2,2,2,2,4),
(0.,0.258037265749658,0.454910391381911,0.605437133942416,0.720948133015477,0.81011368077523,
0.879572519038521,0.934407179987884,0.978499892593985,1.),
.UNSPECIFIED.);
#2681=VERTEX_POINT('',#4593);
#2682=LINE('',#4594,#4595);
#2683=VERTEX_POINT('',#4597);
#2684=LINE('',#4598,#4599);
#2685=VERTEX_POINT('',#4601);
#2686=LINE('',#4602,#4603);
#2687=VERTEX_POINT('',#4605);
#2688=B_SPLINE_CURVE_WITH_KNOTS('',3,
(#4606,#4607,#4608,#4609,#4610,#4611,#4612,#4613,#4614,#4615,#4616,#4617),
.UNSPECIFIED.,.F.,.F.,
(4,2,2,2,2,4),
(0.,0.026625362624648,0.261838429149251,0.557898079167584,0.931768566278777,1.),
.UNSPECIFIED.);
#2689=VERTEX_POINT('',#4618);
#2690=B_SPLINE_CURVE_WITH_KNOTS('',3,
(#4619,#4620,#4621,#4622),
.UNSPECIFIED.,.F.,.F.,
(4,4),
(0.,1.),
.UNSPECIFIED.);
#2691=VERTEX_POINT('',#4623);
#2692=B_SPLINE_CURVE_WITH_KNOTS('',3,
(#4624,#4625,#4626,#4627),
.UNSPECIFIED.,.F.,.F.,
(4,4),
(0.,1.),
.UNSPECIFIED.);
#2693=VERTEX_POINT('',#4628);
#2694=B_SPLINE_CURVE_WITH_KNOTS('',3,
(#4629,#4630,#4631,#4632,#4633,#4634,#4635,#4636,#4637,#4638,#4639,#4640,#4641,#4642,
#4643,#4644),
.UNSPECIFIED.,.F.,.F.,
(4,2,2,2,2,2,2,4),
(0.,0.280903909427185,0.494327508385451,0.656518403122706,0.779885539887465,0.87391075856903,
0.94584509173202,1.),
.UNSPECIFIED.);
#2695=VERTEX_POINT('',#4645);
#2696=LINE('',#4646,#4647);
#2697=VERTEX_POINT('',#4649);
#2698=LINE('',#4650,#4651);
#2699=VERTEX_POINT('',#4653);
#2700=LINE('',#4654,#4655);
#2701=B_SPLINE_CURVE_WITH_KNOTS('',3,
(#4657,#4658,#4659,#4660,#4661,#4662,#4663,#4664,#4665,#4666,#4667,#4668,#4669,#4670,
#4671,#4672,#4673,#4674,#4675,#4676,#4677,#4678,#4679,#4680,#4681,#4682,#4683,#4684),
.UNSPECIFIED.,.F.,.F.,
(4,2,2,2,2,2,2,2,2,2,2,2,2,4),
(0.,0.00159762520452394,0.0214203150660249,0.0456475319645736,0.0757236669632193,
0.113473145646083,0.161199459688352,0.221813855912188,0.299000407079281,0.397426228049875,
0.523008306026465,0.683251769602908,0.887678568350736,1.),
.UNSPECIFIED.);
#2702=VERTEX_POINT('',#4685);
#2703=LINE('',#4686,#4687);
#2704=VERTEX_POINT('',#4689);
#2705=LINE('',#4690,#4691);
#2706=LINE('',#4693,#4694);
#2707=VERTEX_POINT('',#4696);
#2708=LINE('',#4697,#4698);
#2709=LINE('',#4700,#4701);
#2710=VERTEX_POINT('',#4703);
#2711=LINE('',#4704,#4705);
#2712=LINE('',#4707,#4708);
#2713=VERTEX_POINT('',#4710);
#2714=LINE('',#4711,#4712);
#2715=LINE('',#4714,#4715);
#2716=VERTEX_POINT('',#4717);
#2717=LINE('',#4718,#4719);
#2718=LINE('',#4721,#4722);
#2719=LINE('',#4724,#4725);
#2720=VERTEX_POINT('',#4727);
#2721=LINE('',#4728,#4729);
#2722=VERTEX_POINT('',#4731);
#2723=LINE('',#4732,#4733);
#2724=LINE('',#4735,#4736);
#2725=VERTEX_POINT('',#4738);
#2726=LINE('',#4739,#4740);
#2727=LINE('',#4742,#4743);
#2728=VERTEX_POINT('',#4745);
#2729=LINE('',#4746,#4747);
#2730=LINE('',#4749,#4750);
#2731=VERTEX_POINT('',#4752);
#2732=LINE('',#4753,#4754);
#2733=LINE('',#4756,#4757);
#2734=VERTEX_POINT('',#4759);
#2735=LINE('',#4760,#4761);
#2736=LINE('',#4763,#4764);
#2737=LINE('',#4766,#4767);
#2738=VERTEX_POINT('',#4769);
#2739=CIRCLE('',#4770,13.5);
#2740=VERTEX_POINT('',#4774);
#2741=CIRCLE('',#4775,12.5);
#2742=VERTEX_POINT('',#4779);
#2743=CIRCLE('',#4780,12.5);
#2744=LINE('',#4784,#4785);
#2745=LINE('',#4787,#4788);
#2746=LINE('',#4790,#4791);
#2747=LINE('',#4793,#4794);
#2748=LINE('',#4796,#4797);
#2749=LINE('',#4799,#4800);
#2750=B_SPLINE_CURVE_WITH_KNOTS('',3,
(#4802,#4803,#4804,#4805,#4806,#4807,#4808,#4809,#4810,#4811,#4812,#4813,#4814,#4815,
#4816,#4817,#4818,#4819,#4820,#4821,#4822,#4823,#4824,#4825,#4826,#4827,#4828,#4829,
#4830,#4831,#4832,#4833,#4834,#4835,#4836,#4837),
.UNSPECIFIED.,.F.,.F.,
(4,2,2,2,2,2,2,2,2,2,2,2,2,2,2,2,2,4),
(0.,0.0588235294113418,0.117647058822319,0.176470588234656,0.235294117646462,0.294117647057696,
0.35294117647019,0.411764705882151,0.470588235293587,0.52941176470627,0.588235294116447,
0.6470588235294,0.705882352941298,0.764705882352032,0.823529411759919,0.882352941171035,
0.941176470583196,1.),
.UNSPECIFIED.);
#2751=B_SPLINE_CURVE_WITH_KNOTS('',3,
(#4838,#4839,#4840,#4841,#4842,#4843,#4844,#4845,#4846),
.UNSPECIFIED.,.F.,.F.,
(4,1,1,1,1,1,4),
(0.,0.1483902150623,0.309852326991325,0.488017418805923,0.67029773982827,0.842168961232578,
1.),
.UNSPECIFIED.);
#2752=LINE('',#4847,#4848);
#2753=LINE('',#4850,#4851);
#2754=LINE('',#4853,#4854);
#2755=LINE('',#4856,#4857);
#2756=VERTEX_POINT('',#4859);
#2757=B_SPLINE_CURVE_WITH_KNOTS('',3,
(#4860,#4861,#4862,#4863,#4864,#4865,#4866,#4867,#4868,#4869,#4870,#4871,#4872,#4873,
#4874,#4875,#4876,#4877,#4878,#4879),
.UNSPECIFIED.,.F.,.F.,
(4,1,1,1,1,1,1,1,1,1,1,1,1,1,1,1,1,4),
(0.,0.0699470773872445,0.139335958459551,0.208280330434449,0.276337212426768,0.343872208889575,
0.409869880431431,0.474821912910622,0.537816696326022,0.60017930593069,0.660427464648124,
0.719090806564583,0.775715128053276,0.831791604245916,0.88759752496829,0.894149781921763,
0.945381488441102,1.),
.UNSPECIFIED.);
#2758=B_SPLINE_CURVE_WITH_KNOTS('',3,
(#4880,#4881,#4882,#4883,#4884,#4885,#4886,#4887,#4888,#4889,#4890,#4891,#4892,#4893,
#4894,#4895,#4896,#4897,#4898,#4899,#4900,#4901,#4902,#4903,#4904,#4905,#4906,#4907,
#4908,#4909,#4910,#4911,#4912),
.UNSPECIFIED.,.F.,.F.,
(4,1,1,1,1,1,1,1,1,1,1,1,1,1,1,1,1,1,1,1,1,1,1,1,1,1,1,1,1,1,4),
(0.,0.0248941041862504,0.0497387966950548,0.0745591579170442,0.0993783140985326,
0.124210279119601,0.157337956952777,0.198769074128765,0.240510978989615,0.274290379820931,
0.300464620244197,0.326955471851621,0.354429868179343,0.382592139021427,0.41177746579005,
0.441300216633927,0.472037892036617,0.503640540230935,0.536681854620883,0.57025901520235,
0.605357941131024,0.641453995175485,0.678869456364129,0.716665368807119,0.75545726475253,
0.794877929490653,0.835228664153318,0.875855121341933,0.917012515551328,0.958409826108054,
1.),
.UNSPECIFIED.);
#2759=B_SPLINE_CURVE_WITH_KNOTS('',3,
(#4913,#4914,#4915,#4916,#4917,#4918,#4919,#4920,#4921,#4922,#4923,#4924,#4925,#4926,
#4927,#4928,#4929,#4930,#4931,#4932,#4933,#4934,#4935,#4936,#4937,#4938,#4939,#4940,
#4941,#4942,#4943,#4944,#4945,#4946,#4947,#4948,#4949,#4950,#4951,#4952,#4953,#4954,
#4955,#4956,#4957,#4958,#4959,#4960,#4961),
.UNSPECIFIED.,.F.,.F.,
(4,1,1,1,1,1,1,1,1,1,1,1,1,1,1,1,1,1,1,1,1,1,1,1,1,1,1,1,1,1,1,1,1,1,1,1,1,1,1,1,
1,1,1,1,1,1,4),
(0.,0.0165009644605338,0.0287465886869772,0.0367319109650405,0.0418492616563069,
0.047024709768729,0.0531536068479346,0.0601762893982864,0.068517359976637,0.0772728074105699,
0.0868963659230088,0.0969921321620417,0.107358902899884,0.117536591158485,0.127699489490843,
0.138030473560805,0.149130321236656,0.160840992274675,0.1736149079179,0.186847772991385,
0.201212116258385,0.21627995778114,0.23222791811572,0.248358919801451,0.265609605644737,
0.28377229718386,0.303585976322074,0.324120459197831,0.346645657579108,0.370438903464724,
0.396074032680097,0.422281486364092,0.450581872067402,0.480420358150841,0.512772205809295,
0.54610685430019,0.58184586964962,0.619006597240725,0.658023925525398,0.697475764733828,
0.738233552876577,0.779859077991006,0.822783385240307,0.866133150181956,0.910336297665224,
0.954959152930689,1.),
.UNSPECIFIED.);
#2760=VERTEX_POINT('',#4962);
#2761=B_SPLINE_CURVE_WITH_KNOTS('',3,
(#4963,#4964,#4965,#4966,#4967,#4968,#4969,#4970,#4971),
.UNSPECIFIED.,.F.,.F.,
(4,1,1,1,1,1,4),
(0.,0.205671023426964,0.398328378658114,0.578442451039894,0.731958969131168,0.872477074671822,
1.),
.UNSPECIFIED.);
#2762=LINE('',#4972,#4973);
#2763=VERTEX_POINT('',#4975);
#2764=B_SPLINE_CURVE_WITH_KNOTS('',3,
(#4976,#4977,#4978,#4979,#4980,#4981,#4982,#4983,#4984,#4985,#4986,#4987,#4988,#4989,
#4990),
.UNSPECIFIED.,.F.,.F.,
(4,1,1,1,1,1,1,1,1,1,1,1,4),
(0.,0.0460595280808927,0.0924610346720053,0.139153389296208,0.186046767259425,0.233085659070388,
0.284740672508018,0.34100992671314,0.428642959456414,0.549754355841107,0.700931871898826,
0.853185460911545,1.),
.UNSPECIFIED.);
#2765=B_SPLINE_CURVE_WITH_KNOTS('',3,
(#4991,#4992,#4993,#4994,#4995,#4996,#4997,#4998,#4999,#5000,#5001,#5002,#5003,#5004,
#5005,#5006,#5007,#5008,#5009,#5010,#5011,#5012,#5013,#5014,#5015,#5016,#5017,#5018,
#5019,#5020,#5021,#5022,#5023,#5024,#5025,#5026,#5027,#5028,#5029,#5030,#5031,#5032,
#5033,#5034,#5035,#5036,#5037),
.UNSPECIFIED.,.F.,.F.,
(4,1,1,1,1,1,1,1,1,1,1,1,1,1,1,1,1,1,1,1,1,1,1,1,1,1,1,1,1,1,1,1,1,1,1,1,1,1,1,1,
1,1,1,1,4),
(0.,0.0107950749622248,0.0231123209749881,0.0368792632292485,0.0539147444374059,
0.0726720989761991,0.101244055783307,0.129417531282096,0.157251739565184,0.1756904322338,
0.193178464751476,0.209735815910309,0.226327361000222,0.243608848945032,0.261482742610055,
0.280365104815609,0.299689845405471,0.32011802791798,0.341221133809566,0.363246384181565,
0.385503163471342,0.408538627585662,0.432115928795868,0.456600549822588,0.481434147458906,
0.50696120947964,0.518601266174216,0.5328339330567,0.559078124914465,0.585342302561919,
0.611798882027159,0.638459194931032,0.665444223733025,0.692564510184572,0.719935620507216,
0.747433388693117,0.775047497404604,0.802663836059952,0.830370811825404,0.858193671791273,
0.886223175287651,0.914378644718966,0.942753097261322,0.971415678360128,1.),
.UNSPECIFIED.);
#2766=LINE('',#5038,#5039);
#2767=LINE('',#5041,#5042);
#2768=LINE('',#5044,#5045);
#2769=LINE('',#5047,#5048);
#2770=LINE('',#5050,#5051);
#2771=LINE('',#5053,#5054);
#2772=LINE('',#5056,#5057);
#2773=LINE('',#5059,#5060);
#2774=LINE('',#5062,#5063);
#2775=LINE('',#5065,#5066);
#2776=LINE('',#5068,#5069);
#2777=LINE('',#5071,#5072);
#2778=LINE('',#5074,#5075);
#2779=LINE('',#5077,#5078);
#2780=LINE('',#5080,#5081);
#2781=LINE('',#5083,#5084);
#2782=LINE('',#5086,#5087);
#2783=LINE('',#5089,#5090);
#2784=B_SPLINE_CURVE_WITH_KNOTS('',3,
(#5092,#5093,#5094,#5095,#5096,#5097),
.UNSPECIFIED.,.F.,.F.,
(4,1,1,4),
(0.,0.333333333333333,0.666666666666667,1.),
.UNSPECIFIED.);
#2785=LINE('',#5098,#5099);
#2786=LINE('',#5101,#5102);
#2787=LINE('',#5104,#5105);
#2788=B_SPLINE_CURVE_WITH_KNOTS('',3,
(#5107,#5108,#5109,#5110,#5111,#5112),
.UNSPECIFIED.,.F.,.F.,
(4,1,1,4),
(0.,0.333333333333333,0.666666666666667,1.),
.UNSPECIFIED.);
#2789=LINE('',#5113,#5114);
#2790=LINE('',#5116,#5117);
#2791=LINE('',#5119,#5120);
#2792=B_SPLINE_CURVE_WITH_KNOTS('',3,
(#5122,#5123,#5124,#5125,#5126,#5127,#5128,#5129,#5130),
.UNSPECIFIED.,.F.,.F.,
(4,1,1,1,1,1,4),
(0.,0.124183011301667,0.268458007656551,0.439360935976387,0.626966839768301,0.816025176746751,
1.),
.UNSPECIFIED.);
#2793=LINE('',#5131,#5132);
#2794=LINE('',#5134,#5135);
#2795=LINE('',#5137,#5138);
#2796=LINE('',#5140,#5141);
#2797=LINE('',#5143,#5144);
#2798=B_SPLINE_CURVE_WITH_KNOTS('',3,
(#5146,#5147,#5148,#5149,#5150,#5151,#5152,#5153,#5154,#5155),
.UNSPECIFIED.,.F.,.F.,
(4,1,1,1,1,1,1,4),
(0.,0.115751331833197,0.23158476256526,0.354065106200314,0.49269657159544,0.650845807249051,
0.822680567331025,1.),
.UNSPECIFIED.);
#2799=LINE('',#5156,#5157);
#2800=LINE('',#5159,#5160);
#2801=CARTESIAN_POINT('',(2.39984175624984,-2.94910233075202,10.));
#2802=CARTESIAN_POINT('',(2.75347394420284,-3.99118855579716,10.));
#2803=CARTESIAN_POINT('',(2.39984175624984,-2.94910233075202,10.));
#2804=CARTESIAN_POINT('',(2.39984174525295,-2.95434618016521,10.));
#2805=CARTESIAN_POINT('',(2.39987648326245,-2.96461760535536,10.));
#2806=CARTESIAN_POINT('',(2.40005895566794,-2.98268449998775,10.));
#2807=CARTESIAN_POINT('',(2.40030990200814,-2.99617849600348,10.));
#2808=CARTESIAN_POINT('',(2.4006284281993,-3.00927322480503,10.));
#2809=CARTESIAN_POINT('',(2.40089437644843,-3.0187978002124,10.));
#2810=CARTESIAN_POINT('',(2.40133333784421,-3.03170836683671,10.));
#2811=CARTESIAN_POINT('',(2.40181706031222,-3.04387694966068,10.));
#2812=CARTESIAN_POINT('',(2.4023206295024,-3.05498417942407,10.));
#2813=CARTESIAN_POINT('',(2.40276429480543,-3.0637970473375,10.));
#2814=CARTESIAN_POINT('',(2.40311396599538,-3.07028785798079,10.));
#2815=CARTESIAN_POINT('',(2.40350617486237,-3.07725777308243,10.));
#2816=CARTESIAN_POINT('',(2.40404487072764,-3.08623056025083,10.));
#2817=CARTESIAN_POINT('',(2.40489752398098,-3.09925809669595,10.));
#2818=CARTESIAN_POINT('',(2.40600596033,-3.11457032212117,10.));
#2819=CARTESIAN_POINT('',(2.407447626357,-3.1323559505426,10.));
#2820=CARTESIAN_POINT('',(2.40883587610184,-3.14772034906838,10.));
#2821=CARTESIAN_POINT('',(2.40994418161888,-3.15906377466603,10.));
#2822=CARTESIAN_POINT('',(2.41100954813965,-3.16953809557886,10.));
#2823=CARTESIAN_POINT('',(2.41242392397536,-3.18269917743345,10.));
#2824=CARTESIAN_POINT('',(2.41444264263523,-3.20002566133572,10.));
#2825=CARTESIAN_POINT('',(2.41677966066936,-3.21853130302683,10.));
#2826=CARTESIAN_POINT('',(2.41944444781789,-3.23800917026978,10.));
#2827=CARTESIAN_POINT('',(2.42220451919711,-3.25663059057365,10.));
#2828=CARTESIAN_POINT('',(2.42444271416497,-3.27073274125025,10.));
#2829=CARTESIAN_POINT('',(2.42685987244331,-3.2853707170713,10.));
#2830=CARTESIAN_POINT('',(2.4298572983893,-3.30264404825872,10.));
#2831=CARTESIAN_POINT('',(2.43424144297777,-3.32603781540849,9.99999999999999));
#2832=CARTESIAN_POINT('',(2.43924944417437,-3.35077942667962,9.99999999999999));
#2833=CARTESIAN_POINT('',(2.44488976201213,-3.37657115935427,9.99999999999999));
#2834=CARTESIAN_POINT('',(2.45125852297366,-3.40353869736357,9.99999999999999));
#2835=CARTESIAN_POINT('',(2.45600965296559,-3.42218089709772,9.99999999999999));
#2836=CARTESIAN_POINT('',(2.46103844456025,-3.44114412404022,9.99999999999999));
#2837=CARTESIAN_POINT('',(2.46643624239639,-3.46074177588403,9.99999999999999));
#2838=CARTESIAN_POINT('',(2.47505712046644,-3.48982443737149,9.99999999999999));
#2839=CARTESIAN_POINT('',(2.48466100999312,-3.5199190463117,9.99999999999999));
#2840=CARTESIAN_POINT('',(2.4951126870418,-3.5503891114186,9.99999999999999));
#2841=CARTESIAN_POINT('',(2.50354018272983,-3.57326925660487,9.99999999999999));
#2842=CARTESIAN_POINT('',(2.51156144054421,-3.5941216447487,9.99999999999999));
#2843=CARTESIAN_POINT('',(2.52002203392861,-3.61535377705443,9.99999999999999));
#2844=CARTESIAN_POINT('',(2.53412708382557,-3.64864080100008,9.99999999999999));
#2845=CARTESIAN_POINT('',(2.5486537457979,-3.680271095042,9.99999999999999));
#2846=CARTESIAN_POINT('',(2.56278558184818,-3.70906661190049,9.99999999999999));
#2847=CARTESIAN_POINT('',(2.57765804771642,-3.73804414085242,9.99999999999999));
#2848=CARTESIAN_POINT('',(2.59579923826427,-3.77106490861104,9.99999999999999));
#2849=CARTESIAN_POINT('',(2.61282779346306,-3.79979486502932,9.99999999999999));
#2850=CARTESIAN_POINT('',(2.62603979056694,-3.82113463297659,9.99999999999999));
#2851=CARTESIAN_POINT('',(2.63968478072328,-3.84248303889596,9.99999999999999));
#2852=CARTESIAN_POINT('',(2.6584226370864,-3.8703201693957,9.99999999999999));
#2853=CARTESIAN_POINT('',(2.67797818720451,-3.89762593086038,9.99999999999999));
#2854=CARTESIAN_POINT('',(2.69322133002684,-3.91787686051881,9.99999999999999));
#2855=CARTESIAN_POINT('',(2.70867905826094,-3.93781229659801,9.99999999999999));
#2856=CARTESIAN_POINT('',(2.72462029787647,-3.95756895661825,9.99999999999999));
#2857=CARTESIAN_POINT('',(2.7413833863338,-3.97737226204815,9.99999999999999));
#2858=CARTESIAN_POINT('',(2.75014199776656,-3.98741218431999,9.99999999999999));
#2859=CARTESIAN_POINT('',(2.75347394420284,-3.99118855579716,9.99999999999999));
#2860=CARTESIAN_POINT('',(3.80493637115028,-4.47683953854175,10.));
#2861=CARTESIAN_POINT('',(2.75347394420284,-3.99118855579716,10.));
#2862=CARTESIAN_POINT('',(2.75491636787795,-3.99282338339415,10.));
#2863=CARTESIAN_POINT('',(2.75753718652502,-3.99577783441893,9.99999999999999));
#2864=CARTESIAN_POINT('',(2.76043769854982,-3.99901583154806,9.99999999999999));
#2865=CARTESIAN_POINT('',(2.76254406211439,-4.0013547475289,9.99999999999999));
#2866=CARTESIAN_POINT('',(2.76440442311939,-4.0034134953271,9.99999999999998));
#2867=CARTESIAN_POINT('',(2.76733220340596,-4.00663452643561,9.99999999999998));
#2868=CARTESIAN_POINT('',(2.77098369391066,-4.01061853695854,9.99999999999998));
#2869=CARTESIAN_POINT('',(2.77513012783001,-4.01509814669793,9.99999999999997));
#2870=CARTESIAN_POINT('',(2.77910573536368,-4.01934976368844,9.99999999999996));
#2871=CARTESIAN_POINT('',(2.78239291522132,-4.02283259016547,9.99999999999996));
#2872=CARTESIAN_POINT('',(2.78477544439245,-4.0253402863493,9.99999999999996));
#2873=CARTESIAN_POINT('',(2.78731991370708,-4.02800681067899,9.99999999999995));
#2874=CARTESIAN_POINT('',(2.79055062814813,-4.03137027164681,9.99999999999995));
#2875=CARTESIAN_POINT('',(2.7947688080032,-4.03572000243884,9.99999999999994));
#2876=CARTESIAN_POINT('',(2.79925953365781,-4.04030396953144,9.99999999999994));
#2877=CARTESIAN_POINT('',(2.80407802229602,-4.04516933793233,9.99999999999993));
#2878=CARTESIAN_POINT('',(2.80911566718403,-4.05019800016676,9.99999999999992));
#2879=CARTESIAN_POINT('',(2.81441514528757,-4.0554257128565,9.99999999999992));
#2880=CARTESIAN_POINT('',(2.81905998910062,-4.05995162652028,9.99999999999991));
#2881=CARTESIAN_POINT('',(2.82289321057425,-4.06364991844873,9.99999999999991));
#2882=CARTESIAN_POINT('',(2.82701080600688,-4.06759620819176,9.9999999999999));
#2883=CARTESIAN_POINT('',(2.83233249648573,-4.0726438617392,9.99999999999989));
#2884=CARTESIAN_POINT('',(2.8392363301796,-4.0790961041964,9.99999999999988));
#2885=CARTESIAN_POINT('',(2.84665838371082,-4.08592406444679,9.99999999999987));
#2886=CARTESIAN_POINT('',(2.85476689657471,-4.09325744438534,9.99999999999986));
#2887=CARTESIAN_POINT('',(2.86344236397673,-4.10096083696243,9.99999999999985));
#2888=CARTESIAN_POINT('',(2.8701826490154,-4.10683063793163,9.99999999999985));
#2889=CARTESIAN_POINT('',(2.87654501388433,-4.11230438537129,9.99999999999984));
#2890=CARTESIAN_POINT('',(2.88327598094982,-4.11803463727008,9.99999999999983));
#2891=CARTESIAN_POINT('',(2.89306479739582,-4.12620948163634,9.99999999999982));
#2892=CARTESIAN_POINT('',(2.90416172982997,-4.13526849518164,9.9999999999998));
#2893=CARTESIAN_POINT('',(2.91601665970166,-4.14471847846523,9.99999999999979));
#2894=CARTESIAN_POINT('',(2.92857459102074,-4.15448122339801,9.99999999999977));
#2895=CARTESIAN_POINT('',(2.93817651285201,-4.16175025322979,9.99999999999976));
#2896=CARTESIAN_POINT('',(2.9474527674367,-4.16865973123549,9.99999999999975));
#2897=CARTESIAN_POINT('',(2.95722398560929,-4.17583274142438,9.99999999999974));
#2898=CARTESIAN_POINT('',(2.97157990006459,-4.18609309127917,9.99999999999972));
#2899=CARTESIAN_POINT('',(2.98783404522204,-4.19735487689621,9.99999999999971));
#2900=CARTESIAN_POINT('',(3.00548303034314,-4.20918368777988,9.99999999999969));
#2901=CARTESIAN_POINT('',(3.02434847201636,-4.2213853400477,9.99999999999967));
#2902=CARTESIAN_POINT('',(3.03943619821428,-4.23078187860333,9.99999999999965));
#2903=CARTESIAN_POINT('',(3.05337478606658,-4.23924987094063,9.99999999999964));
#2904=CARTESIAN_POINT('',(3.06819181243693,-4.248066613562,9.99999999999962));
#2905=CARTESIAN_POINT('',(3.08916876715905,-4.26009850712542,9.9999999999996));
#2906=CARTESIAN_POINT('',(3.11320569134237,-4.27328503193895,9.99999999999958));
#2907=CARTESIAN_POINT('',(3.13831455946673,-4.2864378732684,9.99999999999955));
#2908=CARTESIAN_POINT('',(3.15677361114801,-4.29565763462327,9.99999999999953));
#2909=CARTESIAN_POINT('',(3.17446218545339,-4.30424774373482,9.99999999999952));
#2910=CARTESIAN_POINT('',(3.19275304552167,-4.31290987964734,9.9999999999995));
#2911=CARTESIAN_POINT('',(3.21928792804533,-4.32489418760271,9.99999999999947));
#2912=CARTESIAN_POINT('',(3.24921105339309,-4.33771204403438,9.99999999999944));
#2913=CARTESIAN_POINT('',(3.27382262784775,-4.34766483619296,9.99999999999942));
#2914=CARTESIAN_POINT('',(3.29712857922868,-4.3567024601975,9.9999999999994));
#2915=CARTESIAN_POINT('',(3.32739164683049,-4.36803666774187,9.99999999999937));
#2916=CARTESIAN_POINT('',(3.37185085172482,-4.38347682028774,9.99999999999934));
#2917=CARTESIAN_POINT('',(3.42008907889037,-4.39856234120522,9.99999999999929));
#2918=CARTESIAN_POINT('',(3.45654704576793,-4.40899817391077,9.99999999999926));
#2919=CARTESIAN_POINT('',(3.48706364409019,-4.41726844767808,9.99999999999924));
#2920=CARTESIAN_POINT('',(3.51674713953844,-4.42486406239401,9.99999999999921));
#2921=CARTESIAN_POINT('',(3.54991790146131,-4.43275070389842,9.99999999999919));
#2922=CARTESIAN_POINT('',(3.58045266584669,-4.43953917673106,9.99999999999917));
#2923=CARTESIAN_POINT('',(3.60944932042069,-4.44558308944408,9.99999999999914));
#2924=CARTESIAN_POINT('',(3.6366682399955,-4.4508956735476,9.99999999999912));
#2925=CARTESIAN_POINT('',(3.65568694869289,-4.45438621228243,9.99999999999911));
#2926=CARTESIAN_POINT('',(3.6744478916579,-4.45771463900675,9.99999999999909));
#2927=CARTESIAN_POINT('',(3.69451561199477,-4.46113574732694,9.99999999999908));
#2928=CARTESIAN_POINT('',(3.72230500469025,-4.46555168713499,9.99999999999906));
#2929=CARTESIAN_POINT('',(3.74995475328723,-4.46963734567833,9.99999999999904));
#2930=CARTESIAN_POINT('',(3.77056212075489,-4.47246103645365,9.99999999999902));
#2931=CARTESIAN_POINT('',(3.78887801946144,-4.47485217264953,9.99999999999901));
#2932=CARTESIAN_POINT('',(3.79802274613328,-4.47599891619363,9.999999999999));
#2933=CARTESIAN_POINT('',(3.80493637115028,-4.47683953854175,9.999999999999));
#2934=CARTESIAN_POINT('',(6.19082485389486,-4.52400977092394,10.));
#2935=CARTESIAN_POINT('',(3.80493637115028,-4.47683953854175,10.));
#2936=CARTESIAN_POINT('',(3.80796842342379,-4.47718415625876,10.));
#2937=CARTESIAN_POINT('',(3.81173095704968,-4.47760076992755,10.));
#2938=CARTESIAN_POINT('',(3.8170698309108,-4.47817446734732,10.));
#2939=CARTESIAN_POINT('',(3.8208554466733,-4.47857391602235,10.));
#2940=CARTESIAN_POINT('',(3.82529477911094,-4.47903153051189,10.));
#2941=CARTESIAN_POINT('',(3.82944432357477,-4.47945028008191,10.));
#2942=CARTESIAN_POINT('',(3.83341071514124,-4.47984291783071,10.));
#2943=CARTESIAN_POINT('',(3.83742024233905,-4.4802326517412,10.));
#2944=CARTESIAN_POINT('',(3.84107606838541,-4.48058138916646,10.));
#2945=CARTESIAN_POINT('',(3.8440447823746,-4.48086014175756,10.));
#2946=CARTESIAN_POINT('',(3.84787429717322,-4.48121606729927,10.));
#2947=CARTESIAN_POINT('',(3.85387747779439,-4.48176346458093,10.));
#2948=CARTESIAN_POINT('',(3.86254180932695,-4.48252703268125,10.));
#2949=CARTESIAN_POINT('',(3.87173151700799,-4.48330638418345,10.));
#2950=CARTESIAN_POINT('',(3.88051296999595,-4.48402555114398,10.));
#2951=CARTESIAN_POINT('',(3.88635257952837,-4.48448945433868,10.));
#2952=CARTESIAN_POINT('',(3.89227894837824,-4.48495270361374,10.));
#2953=CARTESIAN_POINT('',(3.90086621558161,-4.48561246434912,10.));
#2954=CARTESIAN_POINT('',(3.9164346812744,-4.48675856239101,10.));
#2955=CARTESIAN_POINT('',(3.93728578891913,-4.48820195289317,10.));
#2956=CARTESIAN_POINT('',(3.95550454545833,-4.489378248247,10.));
#2957=CARTESIAN_POINT('',(3.97113444756351,-4.49034305406624,10.));
#2958=CARTESIAN_POINT('',(3.98755207036168,-4.491326033894,10.));
#2959=CARTESIAN_POINT('',(4.01349213756066,-4.49279707299039,10.));
#2960=CARTESIAN_POINT('',(4.04794059869184,-4.49460332704056,10.0000000000001));
#2961=CARTESIAN_POINT('',(4.07951591535876,-4.49612156222444,10.0000000000001));
#2962=CARTESIAN_POINT('',(4.10430985560551,-4.49724379459532,10.0000000000001));
#2963=CARTESIAN_POINT('',(4.12617595401316,-4.49819899849967,10.0000000000001));
#2964=CARTESIAN_POINT('',(4.15321289161769,-4.49932533893987,10.0000000000001));
#2965=CARTESIAN_POINT('',(4.18880088855272,-4.50071897456771,10.0000000000001));
#2966=CARTESIAN_POINT('',(4.22984319451032,-4.50221832281525,10.0000000000001));
#2967=CARTESIAN_POINT('',(4.27564055773057,-4.50376614057724,10.0000000000001));
#2968=CARTESIAN_POINT('',(4.31650824322204,-4.50504219029101,10.0000000000001));
#2969=CARTESIAN_POINT('',(4.37001368042696,-4.50661622716264,10.0000000000001));
#2970=CARTESIAN_POINT('',(4.43928458553535,-4.50847935875469,10.0000000000001));
#2971=CARTESIAN_POINT('',(4.52863974364362,-4.51058158652514,10.0000000000002));
#2972=CARTESIAN_POINT('',(4.61688389995195,-4.51240630350463,10.0000000000002));
#2973=CARTESIAN_POINT('',(4.67681428904718,-4.51350920615442,10.0000000000002));
#2974=CARTESIAN_POINT('',(4.74256346315063,-4.51464728184334,10.0000000000002));
#2975=CARTESIAN_POINT('',(4.81837825136265,-4.51585769336463,10.0000000000002));
#2976=CARTESIAN_POINT('',(4.93134673124537,-4.51741496632165,10.0000000000002));
#2977=CARTESIAN_POINT('',(5.05070656267887,-4.51881695195398,10.0000000000003));
#2978=CARTESIAN_POINT('',(5.17640065509434,-4.52005936574776,10.0000000000003));
#2979=CARTESIAN_POINT('',(5.28928016375265,-4.52098397488774,10.0000000000003));
#2980=CARTESIAN_POINT('',(5.37846314109761,-4.52160260022025,10.0000000000003));
#2981=CARTESIAN_POINT('',(5.47190235176476,-4.52218151283824,10.0000000000004));
#2982=CARTESIAN_POINT('',(5.58614246502732,-4.52277289771798,10.0000000000004));
#2983=CARTESIAN_POINT('',(5.73294631615296,-4.52333739175961,10.0000000000004));
#2984=CARTESIAN_POINT('',(5.87513985063052,-4.52371075085072,10.0000000000004));
#2985=CARTESIAN_POINT('',(5.97635716459235,-4.52387152337738,10.0000000000005));
#2986=CARTESIAN_POINT('',(6.07929339417948,-4.52398163002928,10.0000000000005));
#2987=CARTESIAN_POINT('',(6.13889027274587,-4.52400969026101,10.0000000000005));
#2988=CARTESIAN_POINT('',(6.19082485389383,-4.52400977092394,10.0000000000005));
#2989=CARTESIAN_POINT('',(7.79403447871366,-4.52400977092394,10.));
#2990=CARTESIAN_POINT('',(6.19082485389486,-4.52400977092394,10.));
#2991=VECTOR('',#2992,1.);
#2992=DIRECTION('',(1.,5.54000179359272E-16,0.));
#2993=CARTESIAN_POINT('',(7.79403447871366,-1.32708242364131,10.));
#2994=CARTESIAN_POINT('',(7.79403447871366,-4.52400977092394,10.));
#2995=VECTOR('',#2996,1.);
#2996=DIRECTION('',(8.33467567339377E-16,1.,0.));
#2997=CARTESIAN_POINT('',(5.96452341630426,-1.32708242364131,10.));
#2998=CARTESIAN_POINT('',(7.79403447871366,-1.32708242364131,10.));
#2999=VECTOR('',#3000,1.);
#3000=DIRECTION('',(-1.,2.42736553483975E-16,0.));
#3001=CARTESIAN_POINT('',(3.93695516594186,-1.37425271254546,10.));
#3002=CARTESIAN_POINT('',(5.96452341630426,-1.32708242364131,10.));
#3003=CARTESIAN_POINT('',(5.94719580294012,-1.32708243208707,10.));
#3004=CARTESIAN_POINT('',(5.89656376887362,-1.32709407747492,10.));
#3005=CARTESIAN_POINT('',(5.83302604531768,-1.32715304759567,10.));
#3006=CARTESIAN_POINT('',(5.75994022657949,-1.32727093116318,10.));
#3007=CARTESIAN_POINT('',(5.69121622911411,-1.32742352576944,10.));
#3008=CARTESIAN_POINT('',(5.61646857675433,-1.32765730368061,10.));
#3009=CARTESIAN_POINT('',(5.56056362766618,-1.32787884270205,10.));
#3010=CARTESIAN_POINT('',(5.52391723938714,-1.32804216408237,10.));
#3011=CARTESIAN_POINT('',(5.48951363070651,-1.32820689057305,9.99999999999999));
#3012=CARTESIAN_POINT('',(5.44627190092507,-1.32843581301732,9.99999999999999));
#3013=CARTESIAN_POINT('',(5.39534137504451,-1.32873975088376,9.99999999999999));
#3014=CARTESIAN_POINT('',(5.34338170080748,-1.32908726671467,9.99999999999999));
#3015=CARTESIAN_POINT('',(5.28997407657669,-1.32948592063571,9.99999999999999));
#3016=CARTESIAN_POINT('',(5.23537532292901,-1.32993935593225,9.99999999999999));
#3017=CARTESIAN_POINT('',(5.1792734923353,-1.33045634455045,9.99999999999999));
#3018=CARTESIAN_POINT('',(5.1218184372916,-1.33104267858607,9.99999999999999));
#3019=CARTESIAN_POINT('',(5.07921958810479,-1.33152370111639,9.99999999999999));
#3020=CARTESIAN_POINT('',(5.03927078857954,-1.33200276506549,9.99999999999999));
#3021=CARTESIAN_POINT('',(4.99863908686851,-1.33251502254236,9.99999999999999));
#3022=CARTESIAN_POINT('',(4.94117818249703,-1.33330790044801,9.99999999999999));
#3023=CARTESIAN_POINT('',(4.87968117090794,-1.33424422194208,9.99999999999999));
#3024=CARTESIAN_POINT('',(4.81787788991026,-1.3352816955972,9.99999999999999));
#3025=CARTESIAN_POINT('',(4.75594473410474,-1.33642739745736,9.99999999999999));
#3026=CARTESIAN_POINT('',(4.69443914854021,-1.3376811569747,9.99999999999999));
#3027=CARTESIAN_POINT('',(4.63380434859887,-1.33904222249854,9.99999999999999));
#3028=CARTESIAN_POINT('',(4.5746004081619,-1.34050407378849,9.99999999999999));
#3029=CARTESIAN_POINT('',(4.51653279411334,-1.34208023284897,9.99999999999999));
#3030=CARTESIAN_POINT('',(4.47182523500219,-1.34341463095627,9.99999999999999));
#3031=CARTESIAN_POINT('',(4.43453674918653,-1.34460378959362,9.99999999999998));
#3032=CARTESIAN_POINT('',(4.39853373395011,-1.34580717914626,9.99999999999998));
#3033=CARTESIAN_POINT('',(4.35188807349949,-1.34749247912604,9.99999999999998));
#3034=CARTESIAN_POINT('',(4.30026708955583,-1.34954678700365,9.99999999999998));
#3035=CARTESIAN_POINT('',(4.25032321909371,-1.35174094440877,9.99999999999998));
#3036=CARTESIAN_POINT('',(4.20173508234992,-1.35410486172135,9.99999999999998));
#3037=CARTESIAN_POINT('',(4.15482665910855,-1.35664196627067,9.99999999999998));
#3038=CARTESIAN_POINT('',(4.12160706819327,-1.35865052082392,9.99999999999998));
#3039=CARTESIAN_POINT('',(4.09166458701106,-1.36059497549648,9.99999999999998));
#3040=CARTESIAN_POINT('',(4.0674495553207,-1.36226292455392,9.99999999999998));
#3041=CARTESIAN_POINT('',(4.04061981923873,-1.36430146230971,9.99999999999998));
#3042=CARTESIAN_POINT('',(4.01205943391641,-1.36663183578082,9.99999999999998));
#3043=CARTESIAN_POINT('',(3.99095533937994,-1.36852695977428,9.99999999999998));
#3044=CARTESIAN_POINT('',(3.96286731872616,-1.37131874103696,9.99999999999998));
#3045=CARTESIAN_POINT('',(3.94894440917887,-1.37282916278299,9.99999999999998));
#3046=CARTESIAN_POINT('',(3.93695516594186,-1.37425271254546,9.99999999999998));
#3047=CARTESIAN_POINT('',(2.81004926120902,-1.8693377191577,10.));
#3048=CARTESIAN_POINT('',(3.93695516594186,-1.37425271254546,10.));
#3049=CARTESIAN_POINT('',(3.93108375318157,-1.37494780873706,10.));
#3050=CARTESIAN_POINT('',(3.91491200697956,-1.37691251186535,10.));
#3051=CARTESIAN_POINT('',(3.89396028585271,-1.37963970903423,10.));
#3052=CARTESIAN_POINT('',(3.87004465116401,-1.38295160967573,10.));
#3053=CARTESIAN_POINT('',(3.84530964535594,-1.38656552887542,10.));
#3054=CARTESIAN_POINT('',(3.82110331107705,-1.39037896316445,10.));
#3055=CARTESIAN_POINT('',(3.80143532018103,-1.39365618221624,10.));
#3056=CARTESIAN_POINT('',(3.78406827242042,-1.39663940950287,10.));
#3057=CARTESIAN_POINT('',(3.7581450405674,-1.4012981484951,10.));
#3058=CARTESIAN_POINT('',(3.73243810902013,-1.40626414715126,10.));
#3059=CARTESIAN_POINT('',(3.70046738523085,-1.41279056797677,10.));
#3060=CARTESIAN_POINT('',(3.65977376645777,-1.42160925054199,10.));
#3061=CARTESIAN_POINT('',(3.62004372652639,-1.43121808191419,10.));
#3062=CARTESIAN_POINT('',(3.57883071508878,-1.44193374468796,10.));
#3063=CARTESIAN_POINT('',(3.5420835086777,-1.45203382372319,10.));
#3064=CARTESIAN_POINT('',(3.49102399044191,-1.46741121919748,10.));
#3065=CARTESIAN_POINT('',(3.44827250200356,-1.48152622862168,10.));
#3066=CARTESIAN_POINT('',(3.40545978297415,-1.49665378157601,10.));
#3067=CARTESIAN_POINT('',(3.3549882009338,-1.51566539545948,10.));
#3068=CARTESIAN_POINT('',(3.29487436000193,-1.54081675426073,10.));
#3069=CARTESIAN_POINT('',(3.24519191287355,-1.56395370504025,10.));
#3070=CARTESIAN_POINT('',(3.19559294196915,-1.58851348759718,10.));
#3071=CARTESIAN_POINT('',(3.14537798531859,-1.61535145953833,10.0000000000001));
#3072=CARTESIAN_POINT('',(3.09283415651634,-1.64655727926497,10.0000000000001));
#3073=CARTESIAN_POINT('',(3.03272224765409,-1.68485332396796,10.0000000000001));
#3074=CARTESIAN_POINT('',(2.98980599074374,-1.71514108526854,10.0000000000001));
#3075=CARTESIAN_POINT('',(2.93641753293722,-1.75611006671503,10.0000000000001));
#3076=CARTESIAN_POINT('',(2.89993720616365,-1.78581728408023,10.0000000000001));
#3077=CARTESIAN_POINT('',(2.86356154926977,-1.81820282963291,10.0000000000001));
#3078=CARTESIAN_POINT('',(2.8358057988391,-1.84403176223883,10.0000000000001));
#3079=CARTESIAN_POINT('',(2.82125018084255,-1.85813573837473,10.0000000000001));
#3080=CARTESIAN_POINT('',(2.81004926120902,-1.8693377191577,10.0000000000001));
#3081=CARTESIAN_POINT('',(2.81004926120902,-1.8693377191577,10.));
#3082=CARTESIAN_POINT('',(2.80624022609927,-1.87314699884923,10.));
#3083=CARTESIAN_POINT('',(2.79651258429035,-1.88298655514733,10.));
#3084=CARTESIAN_POINT('',(2.78344928236238,-1.89659471107242,10.));
#3085=CARTESIAN_POINT('',(2.7704057731614,-1.9105822597215,10.));
#3086=CARTESIAN_POINT('',(2.75813407506738,-1.92405046015522,10.));
#3087=CARTESIAN_POINT('',(2.74625917904526,-1.93746528065146,10.));
#3088=CARTESIAN_POINT('',(2.73633740096537,-1.94898231846912,10.));
#3089=CARTESIAN_POINT('',(2.73048917172698,-1.95588782347144,10.));
#3090=CARTESIAN_POINT('',(2.72510271705732,-1.96231017103571,10.));
#3091=CARTESIAN_POINT('',(2.71899911184642,-1.96967730011763,10.));
#3092=CARTESIAN_POINT('',(2.71112189077596,-1.97936278757693,10.));
#3093=CARTESIAN_POINT('',(2.70309493766947,-1.98942406923344,10.));
#3094=CARTESIAN_POINT('',(2.69484739984089,-1.99997178646128,10.));
#3095=CARTESIAN_POINT('',(2.68660713288999,-2.01073412469148,10.));
#3096=CARTESIAN_POINT('',(2.68100752341093,-2.01820501399868,10.));
#3097=CARTESIAN_POINT('',(2.6748049425315,-2.02657228513873,10.));
#3098=CARTESIAN_POINT('',(2.66736352777805,-2.03675246451474,10.));
#3099=CARTESIAN_POINT('',(2.65573008203138,-2.05314441436742,10.));
#3100=CARTESIAN_POINT('',(2.64580325160464,-2.06762588291295,10.));
#3101=CARTESIAN_POINT('',(2.63334767907012,-2.08628659185717,10.));
#3102=CARTESIAN_POINT('',(2.62228489638058,-2.10347632532211,10.));
#3103=CARTESIAN_POINT('',(2.60983128521847,-2.12368809361338,10.0000000000001));
#3104=CARTESIAN_POINT('',(2.59890409724244,-2.14198480957347,10.0000000000001));
#3105=CARTESIAN_POINT('',(2.58683018921964,-2.16303916072404,10.0000000000001));
#3106=CARTESIAN_POINT('',(2.57426235104111,-2.18601514375954,10.0000000000001));
#3107=CARTESIAN_POINT('',(2.56575408814983,-2.20230619275334,10.0000000000001));
#3108=CARTESIAN_POINT('',(2.55807357991601,-2.21741090998785,10.0000000000001));
#3109=CARTESIAN_POINT('',(2.55028802215403,-2.23309282209146,10.0000000000001));
#3110=CARTESIAN_POINT('',(2.5394226195117,-2.25600840631105,10.0000000000001));
#3111=CARTESIAN_POINT('',(2.52811643339412,-2.28114446382851,10.0000000000001));
#3112=CARTESIAN_POINT('',(2.51864685853926,-2.30340224290172,10.0000000000001));
#3113=CARTESIAN_POINT('',(2.51151975312802,-2.32094369953687,10.0000000000001));
#3114=CARTESIAN_POINT('',(2.50329480994847,-2.34179766383754,10.0000000000001));
#3115=CARTESIAN_POINT('',(2.49283297706003,-2.3697976672331,10.0000000000001));
#3116=CARTESIAN_POINT('',(2.48048820457521,-2.40582202015156,10.0000000000001));
#3117=CARTESIAN_POINT('',(2.47263579120404,-2.43084505779046,10.0000000000001));
#3118=CARTESIAN_POINT('',(2.46505210470846,-2.45619433790794,10.0000000000001));
#3119=CARTESIAN_POINT('',(2.45661112115924,-2.48598104009263,10.0000000000001));
#3120=CARTESIAN_POINT('',(2.44863331396072,-2.51768134748519,10.0000000000001));
#3121=CARTESIAN_POINT('',(2.44115158469902,-2.54993462313216,10.0000000000001));
#3122=CARTESIAN_POINT('',(2.43492441650184,-2.57883978840216,10.0000000000001));
#3123=CARTESIAN_POINT('',(2.42833084244348,-2.61361627742804,10.0000000000001));
#3124=CARTESIAN_POINT('',(2.42455569642285,-2.6358983795628,10.0000000000001));
#3125=CARTESIAN_POINT('',(2.42154313005285,-2.65463763445597,10.0000000000001));
#3126=CARTESIAN_POINT('',(2.4181783675677,-2.67686099217427,10.0000000000001));
#3127=CARTESIAN_POINT('',(2.41341056722853,-2.71286710803582,10.0000000000001));
#3128=CARTESIAN_POINT('',(2.40892036206076,-2.75385979663975,10.0000000000001));
#3129=CARTESIAN_POINT('',(2.40598471613006,-2.78809763511543,10.0000000000001));
#3130=CARTESIAN_POINT('',(2.40419397268421,-2.81355889116828,10.0000000000002));
#3131=CARTESIAN_POINT('',(2.40300909412505,-2.83276821162317,10.0000000000002));
#3132=CARTESIAN_POINT('',(2.40188783900456,-2.85474760752213,10.0000000000002));
#3133=CARTESIAN_POINT('',(2.40095375138519,-2.87868823135472,10.0000000000002));
#3134=CARTESIAN_POINT('',(2.40030515775366,-2.90233906324888,10.0000000000002));
#3135=CARTESIAN_POINT('',(2.40001666323245,-2.92010861578904,10.0000000000002));
#3136=CARTESIAN_POINT('',(2.39987195055151,-2.93566611244127,10.0000000000002));
#3137=CARTESIAN_POINT('',(2.39984175564325,-2.94344675897393,10.0000000000002));
#3138=CARTESIAN_POINT('',(2.39984175624984,-2.94910233075202,10.0000000000002));
#3139=CARTESIAN_POINT('',(7.79403447871366,0.973957440171918,10.));
#3140=CARTESIAN_POINT('',(7.79403447871366,4.67065789501793,10.));
#3141=CARTESIAN_POINT('',(7.79403447871366,0.973957440171918,10.));
#3142=VECTOR('',#3143,1.);
#3143=DIRECTION('',(2.40262480162765E-16,1.,0.));
#3144=CARTESIAN_POINT('',(5.21008886453803,4.67065789501793,10.));
#3145=CARTESIAN_POINT('',(7.79403447871366,4.67065789501793,10.));
#3146=VECTOR('',#3147,1.);
#3147=DIRECTION('',(-1.,0.,0.));
#3148=CARTESIAN_POINT('',(3.29572918319727,4.58580933260853,10.));
#3149=CARTESIAN_POINT('',(5.21008886453803,4.67065789501793,10.));
#3150=CARTESIAN_POINT('',(5.19406994217465,4.67065787942558,10.));
#3151=CARTESIAN_POINT('',(5.14387898199782,4.67063543524189,10.));
#3152=CARTESIAN_POINT('',(5.08514090786269,4.6705238112679,10.));
#3153=CARTESIAN_POINT('',(5.00096878193459,4.6702513455999,10.));
#3154=CARTESIAN_POINT('',(4.91589682748683,4.66984018577971,10.));
#3155=CARTESIAN_POINT('',(4.83382700450759,4.6692215722242,10.));
#3156=CARTESIAN_POINT('',(4.76332424067666,4.66857907131405,10.));
#3157=CARTESIAN_POINT('',(4.70851954496502,4.66800315397491,10.));
#3158=CARTESIAN_POINT('',(4.64125826289116,4.66715441553288,10.));
#3159=CARTESIAN_POINT('',(4.58702219350092,4.66637801703416,10.));
#3160=CARTESIAN_POINT('',(4.53511820223624,4.66554820124685,10.));
#3161=CARTESIAN_POINT('',(4.48362792260403,4.66463667564815,10.));
#3162=CARTESIAN_POINT('',(4.43100467826689,4.66360752094493,10.));
#3163=CARTESIAN_POINT('',(4.39003930290907,4.66272346856477,10.));
#3164=CARTESIAN_POINT('',(4.35349749083111,4.66188308581696,10.));
#3165=CARTESIAN_POINT('',(4.31623144376873,4.66098326076978,10.));
#3166=CARTESIAN_POINT('',(4.26542129227837,4.65965108984216,10.));
#3167=CARTESIAN_POINT('',(4.20877290637099,4.6580167336386,10.));
#3168=CARTESIAN_POINT('',(4.1517100111266,4.65620673674229,9.99999999999999));
#3169=CARTESIAN_POINT('',(4.09441722233217,4.65420998497097,9.99999999999999));
#3170=CARTESIAN_POINT('',(4.03718151576862,4.65201870090231,9.99999999999999));
#3171=CARTESIAN_POINT('',(3.98040829231136,4.6496320244191,9.99999999999999));
#3172=CARTESIAN_POINT('',(3.92451940153442,4.64705392077723,9.99999999999999));
#3173=CARTESIAN_POINT('',(3.86943785883658,4.64426754024528,9.99999999999999));
#3174=CARTESIAN_POINT('',(3.83167733554209,4.64217226268322,9.99999999999999));
#3175=CARTESIAN_POINT('',(3.79587777036986,4.64008014019206,9.99999999999999));
#3176=CARTESIAN_POINT('',(3.76096549306225,4.63794560695395,9.99999999999999));
#3177=CARTESIAN_POINT('',(3.71069785701923,4.6345833318851,9.99999999999999));
#3178=CARTESIAN_POINT('',(3.66016577105542,4.63086803074645,9.99999999999999));
#3179=CARTESIAN_POINT('',(3.61086106649662,4.6268743478623,9.99999999999999));
#3180=CARTESIAN_POINT('',(3.56261217895782,4.62255500587857,9.99999999999999));
#3181=CARTESIAN_POINT('',(3.51576705672839,4.61790412667136,9.99999999999999));
#3182=CARTESIAN_POINT('',(3.48223405213902,4.61419419961432,9.99999999999999));
#3183=CARTESIAN_POINT('',(3.45211603484398,4.61062036199444,9.99999999999999));
#3184=CARTESIAN_POINT('',(3.42255242354092,4.60690537637961,9.99999999999999));
#3185=CARTESIAN_POINT('',(3.38131564223901,4.60110301807713,9.99999999999999));
#3186=CARTESIAN_POINT('',(3.35048111053738,4.5961193728678,9.99999999999999));
#3187=CARTESIAN_POINT('',(3.32199540457683,4.59106275808723,9.99999999999999));
#3188=CARTESIAN_POINT('',(3.30791087703037,4.58835316540282,9.99999999999999));
#3189=CARTESIAN_POINT('',(3.29572918319727,4.58580933260853,9.99999999999999));
#3190=CARTESIAN_POINT('',(2.28194508627705,4.03414895246815,10.));
#3191=CARTESIAN_POINT('',(3.29572918319727,4.58580933260853,10.));
#3192=CARTESIAN_POINT('',(3.29136359092715,4.58501569942882,10.));
#3193=CARTESIAN_POINT('',(3.2796778605576,4.58285501550648,10.));
#3194=CARTESIAN_POINT('',(3.26443018440543,4.57990753305727,10.));
#3195=CARTESIAN_POINT('',(3.2473596179864,4.57647140388178,10.));
#3196=CARTESIAN_POINT('',(3.22971978828954,4.57279293652806,10.));
#3197=CARTESIAN_POINT('',(3.21236958203034,4.56899087520512,10.));
#3198=CARTESIAN_POINT('',(3.19853608494065,4.56584048837564,10.));
#3199=CARTESIAN_POINT('',(3.18655129938254,4.56305536199351,10.));
#3200=CARTESIAN_POINT('',(3.16926055098167,4.55891940273799,10.));
#3201=CARTESIAN_POINT('',(3.14692887682101,4.55331729325509,10.));
#3202=CARTESIAN_POINT('',(3.12880240389943,4.54852809286596,10.));
#3203=CARTESIAN_POINT('',(3.10871620889195,4.54306079633157,10.));
#3204=CARTESIAN_POINT('',(3.08697532706361,4.53691629457139,10.));
#3205=CARTESIAN_POINT('',(3.0581924992348,4.52828463264435,10.));
#3206=CARTESIAN_POINT('',(3.03902627586933,4.52222355605206,10.));
#3207=CARTESIAN_POINT('',(3.01796689901112,4.51537374636131,10.));
#3208=CARTESIAN_POINT('',(2.99369779574506,4.50720674833807,10.));
#3209=CARTESIAN_POINT('',(2.95693113914947,4.49401503213676,10.));
#3210=CARTESIAN_POINT('',(2.92924391896211,4.48337612556902,10.));
#3211=CARTESIAN_POINT('',(2.90191563036662,4.47243085190812,10.));
#3212=CARTESIAN_POINT('',(2.86666262647973,4.45779388701758,10.));
#3213=CARTESIAN_POINT('',(2.81139778501791,4.43285048793173,10.0000000000001));
#3214=CARTESIAN_POINT('',(2.7683903997355,4.41122959241232,10.0000000000001));
#3215=CARTESIAN_POINT('',(2.72265451918598,4.38694992963004,10.0000000000001));
#3216=CARTESIAN_POINT('',(2.68034164914285,4.36317253933492,10.0000000000001));
#3217=CARTESIAN_POINT('',(2.63207165772594,4.33319858549918,10.0000000000001));
#3218=CARTESIAN_POINT('',(2.59246550323868,4.30708116452953,10.0000000000001));
#3219=CARTESIAN_POINT('',(2.55981630370783,4.2844319456488,10.0000000000001));
#3220=CARTESIAN_POINT('',(2.5148209314071,4.25127426674594,10.0000000000001));
#3221=CARTESIAN_POINT('',(2.47830934632669,4.22234259314388,10.0000000000001));
#3222=CARTESIAN_POINT('',(2.43391531100574,4.18497813854063,10.0000000000001));
#3223=CARTESIAN_POINT('',(2.39552834770458,4.15063906233637,10.0000000000001));
#3224=CARTESIAN_POINT('',(2.35880316860756,4.11515019635131,10.0000000000001));
#3225=CARTESIAN_POINT('',(2.32519740603448,4.08118236409592,10.0000000000001));
#3226=CARTESIAN_POINT('',(2.30205898083879,4.05655271460017,10.0000000000001));
#3227=CARTESIAN_POINT('',(2.28461867513876,4.03714459781107,10.0000000000001));
#3228=CARTESIAN_POINT('',(2.28194508627705,4.03414895246815,10.0000000000001));
#3229=CARTESIAN_POINT('',(1.89057674633148,2.8600149368658,10.));
#3230=CARTESIAN_POINT('',(2.28194508627705,4.03414895246815,10.));
#3231=CARTESIAN_POINT('',(2.28034687549128,4.03235823496103,9.99999999999999));
#3232=CARTESIAN_POINT('',(2.27746001420675,4.02910698259706,9.99999999999998));
#3233=CARTESIAN_POINT('',(2.27429847157105,4.02551298894998,9.99999999999997));
#3234=CARTESIAN_POINT('',(2.27201616488999,4.02290516358349,9.99999999999996));
#3235=CARTESIAN_POINT('',(2.27000740510318,4.02060239991517,9.99999999999995));
#3236=CARTESIAN_POINT('',(2.26686680882511,4.01698176843868,9.99999999999994));
#3237=CARTESIAN_POINT('',(2.26298405151474,4.01246955973902,9.99999999999992));
#3238=CARTESIAN_POINT('',(2.258622282332,4.00735209075112,9.9999999999999));
#3239=CARTESIAN_POINT('',(2.25440845065995,4.00235919172221,9.99999999999988));
#3240=CARTESIAN_POINT('',(2.25102612659666,3.99831399929012,9.99999999999987));
#3241=CARTESIAN_POINT('',(2.24835926874407,3.99510386484314,9.99999999999986));
#3242=CARTESIAN_POINT('',(2.24530822444852,3.9914136922298,9.99999999999984));
#3243=CARTESIAN_POINT('',(2.24112143248453,3.98630760044717,9.99999999999982));
#3244=CARTESIAN_POINT('',(2.23534339769458,3.9791772682346,9.9999999999998));
#3245=CARTESIAN_POINT('',(2.22839118974018,3.97047306677987,9.99999999999977));
#3246=CARTESIAN_POINT('',(2.22064888257134,3.96059970293259,9.99999999999973));
#3247=CARTESIAN_POINT('',(2.21452623482699,3.95263879550307,9.9999999999997));
#3248=CARTESIAN_POINT('',(2.20777371653786,3.94375101153823,9.99999999999967));
#3249=CARTESIAN_POINT('',(2.19996549490841,3.93331272140465,9.99999999999964));
#3250=CARTESIAN_POINT('',(2.18930588801293,3.91868182979693,9.99999999999958));
#3251=CARTESIAN_POINT('',(2.17843972520906,3.903341184007,9.99999999999953));
#3252=CARTESIAN_POINT('',(2.16947385206816,3.89031078146727,9.99999999999949));
#3253=CARTESIAN_POINT('',(2.16257541076686,3.88006496049189,9.99999999999945));
#3254=CARTESIAN_POINT('',(2.15613556058402,3.87036666612297,9.99999999999942));
#3255=CARTESIAN_POINT('',(2.14839289228312,3.85847252933162,9.99999999999938));
#3256=CARTESIAN_POINT('',(2.13923131568811,3.84402210822585,9.99999999999933));
#3257=CARTESIAN_POINT('',(2.13007545722013,3.82918481923401,9.99999999999929));
#3258=CARTESIAN_POINT('',(2.12233676463152,3.81628721820313,9.99999999999925));
#3259=CARTESIAN_POINT('',(2.11615178924408,3.80574875528699,9.99999999999921));
#3260=CARTESIAN_POINT('',(2.10981735723004,3.79479144182246,9.99999999999918));
#3261=CARTESIAN_POINT('',(2.10178611685177,3.78057765217707,9.99999999999913));
#3262=CARTESIAN_POINT('',(2.09214244502101,3.76294355563896,9.99999999999908));
#3263=CARTESIAN_POINT('',(2.08549500514144,3.75036781148037,9.99999999999904));
#3264=CARTESIAN_POINT('',(2.07847196714146,3.73683660180365,9.999999999999));
#3265=CARTESIAN_POINT('',(2.07093557974642,3.72200219958663,9.99999999999895));
#3266=CARTESIAN_POINT('',(2.06005851297613,3.69969368150832,9.99999999999888));
#3267=CARTESIAN_POINT('',(2.04922963559951,3.6764892136221,9.99999999999882));
#3268=CARTESIAN_POINT('',(2.04201386776569,3.66029866975626,9.99999999999877));
#3269=CARTESIAN_POINT('',(2.03467446152463,3.64342960074292,9.99999999999872));
#3270=CARTESIAN_POINT('',(2.02720708429259,3.62580976640603,9.99999999999867));
#3271=CARTESIAN_POINT('',(2.01652682330741,3.59926693488465,9.99999999999859));
#3272=CARTESIAN_POINT('',(2.00770161770328,3.57611413989405,9.99999999999853));
#3273=CARTESIAN_POINT('',(2.00094364485883,3.55758717645972,9.99999999999848));
#3274=CARTESIAN_POINT('',(1.99417863819835,3.53849206854307,9.99999999999842));
#3275=CARTESIAN_POINT('',(1.98610672468362,3.5146844782827,9.99999999999836));
#3276=CARTESIAN_POINT('',(1.97688492326757,3.48570417374498,9.99999999999828));
#3277=CARTESIAN_POINT('',(1.97082642455089,3.46541586860945,9.99999999999823));
#3278=CARTESIAN_POINT('',(1.96482313877435,3.44460301197969,9.99999999999817));
#3279=CARTESIAN_POINT('',(1.95864518798569,3.42231430893919,9.99999999999811));
#3280=CARTESIAN_POINT('',(1.95036492698218,3.39010168908929,9.99999999999803));
#3281=CARTESIAN_POINT('',(1.94260067720992,3.35738911152196,9.99999999999795));
#3282=CARTESIAN_POINT('',(1.93539103451742,3.32434291577872,9.99999999999786));
#3283=CARTESIAN_POINT('',(1.93075003727024,3.30107733539857,9.99999999999781));
#3284=CARTESIAN_POINT('',(1.92650889380403,3.2786999926713,9.99999999999775));
#3285=CARTESIAN_POINT('',(1.9224471590992,3.25618990718026,9.9999999999977));
#3286=CARTESIAN_POINT('',(1.91708523334213,3.22341523411498,9.99999999999762));
#3287=CARTESIAN_POINT('',(1.91212131949919,3.18952802668956,9.99999999999754));
#3288=CARTESIAN_POINT('',(1.9077337687576,3.15576670776315,9.99999999999746));
#3289=CARTESIAN_POINT('',(1.90390758665086,3.12222500264661,9.99999999999738));
#3290=CARTESIAN_POINT('',(1.90159500705553,3.09882604022621,9.99999999999733));
#3291=CARTESIAN_POINT('',(1.89960952903283,3.07694090439824,9.99999999999728));
#3292=CARTESIAN_POINT('',(1.89781821216456,3.05551023991771,9.99999999999723));
#3293=CARTESIAN_POINT('',(1.89564041367166,3.02462526052338,9.99999999999716));
#3294=CARTESIAN_POINT('',(1.89381537691871,2.99274859768545,9.99999999999709));
#3295=CARTESIAN_POINT('',(1.8923894788139,2.96059709353137,9.99999999999702));
#3296=CARTESIAN_POINT('',(1.89167228634835,2.93790249509233,9.99999999999697));
#3297=CARTESIAN_POINT('',(1.89112652933006,2.91580233295227,9.99999999999693));
#3298=CARTESIAN_POINT('',(1.89071123862498,2.89308862512661,9.99999999999688));
#3299=CARTESIAN_POINT('',(1.89057674457484,2.87151957040056,9.99999999999683));
#3300=CARTESIAN_POINT('',(1.89057674633148,2.8600149368658,9.99999999999681));
#3301=CARTESIAN_POINT('',(2.19235054442918,1.80383546972356,10.));
#3302=CARTESIAN_POINT('',(1.89057674633148,2.8600149368658,10.));
#3303=CARTESIAN_POINT('',(1.89057674706274,2.8556437334181,10.));
#3304=CARTESIAN_POINT('',(1.8906132320552,2.84135930403329,10.));
#3305=CARTESIAN_POINT('',(1.89078123269934,2.82606091845499,10.));
#3306=CARTESIAN_POINT('',(1.89121925301189,2.80113187776643,10.));
#3307=CARTESIAN_POINT('',(1.89173156527612,2.78190521479721,10.));
#3308=CARTESIAN_POINT('',(1.89275092005101,2.75508729278945,10.));
#3309=CARTESIAN_POINT('',(1.89379117331329,2.73251531795945,10.));
#3310=CARTESIAN_POINT('',(1.89522139875103,2.70780531186713,10.));
#3311=CARTESIAN_POINT('',(1.89669769485408,2.68624381173711,10.));
#3312=CARTESIAN_POINT('',(1.89763620137064,2.673953968773,10.));
#3313=CARTESIAN_POINT('',(1.89855659469489,2.6625019441135,10.));
#3314=CARTESIAN_POINT('',(1.89953109746405,2.65096006589028,10.));
#3315=CARTESIAN_POINT('',(1.90107979026689,2.63413191910413,10.));
#3316=CARTESIAN_POINT('',(1.90280354857213,2.61687593817411,10.));
#3317=CARTESIAN_POINT('',(1.90474948769575,2.59888443098673,10.));
#3318=CARTESIAN_POINT('',(1.90692870326612,2.58024611966368,10.));
#3319=CARTESIAN_POINT('',(1.90928578914063,2.56156176478168,10.));
#3320=CARTESIAN_POINT('',(1.91108233063132,2.54828630746368,10.));
#3321=CARTESIAN_POINT('',(1.91306200590769,2.53419489668745,10.));
#3322=CARTESIAN_POINT('',(1.9153973473316,2.51826338693519,10.));
#3323=CARTESIAN_POINT('',(1.91905493441744,2.49513383180732,10.));
#3324=CARTESIAN_POINT('',(1.92325791707105,2.47049673609866,10.));
#3325=CARTESIAN_POINT('',(1.92802768029221,2.44458097358968,10.));
#3326=CARTESIAN_POINT('',(1.93348460243667,2.4171136339779,10.));
#3327=CARTESIAN_POINT('',(1.9374961924547,2.39840478597501,10.));
#3328=CARTESIAN_POINT('',(1.94180792387067,2.37904453673613,10.));
#3329=CARTESIAN_POINT('',(1.94644493788114,2.358984287744,10.));
#3330=CARTESIAN_POINT('',(1.95408483205541,2.328292977481,10.));
#3331=CARTESIAN_POINT('',(1.96274799508218,2.2959814543217,10.));
#3332=CARTESIAN_POINT('',(1.97245115494653,2.2623984632473,10.));
#3333=CARTESIAN_POINT('',(1.98104744898338,2.23478700380153,10.));
#3334=CARTESIAN_POINT('',(1.98880438368838,2.21112439959702,10.));
#3335=CARTESIAN_POINT('',(1.9971905948372,2.18648365022939,10.));
#3336=CARTESIAN_POINT('',(2.00900742360371,2.15377702109996,10.));
#3337=CARTESIAN_POINT('',(2.02383603527267,2.11566347913854,10.));
#3338=CARTESIAN_POINT('',(2.03909858445024,2.07919519219275,10.));
#3339=CARTESIAN_POINT('',(2.05061969080363,2.05341257353967,10.));
#3340=CARTESIAN_POINT('',(2.0627864391418,2.02713596509779,10.));
#3341=CARTESIAN_POINT('',(2.07670396079214,1.99829860559752,10.));
#3342=CARTESIAN_POINT('',(2.09712717751896,1.95883646262126,10.));
#3343=CARTESIAN_POINT('',(2.1147945120394,1.92694849602495,10.));
#3344=CARTESIAN_POINT('',(2.1296939050104,1.90131575334606,10.));
#3345=CARTESIAN_POINT('',(2.1450431350237,1.87574720738185,10.));
#3346=CARTESIAN_POINT('',(2.16198459197743,1.84889564432225,10.));
#3347=CARTESIAN_POINT('',(2.1791269392503,1.82304206507267,10.));
#3348=CARTESIAN_POINT('',(2.188137133316,1.80989252358601,10.));
#3349=CARTESIAN_POINT('',(2.19235054442918,1.80383546972356,10.));
#3350=CARTESIAN_POINT('',(3.0646528834465,1.17198568888126,10.));
#3351=CARTESIAN_POINT('',(2.19235054442918,1.80383546972356,10.));
#3352=CARTESIAN_POINT('',(2.19481347596831,1.80029481189037,10.));
#3353=CARTESIAN_POINT('',(2.1996659924551,1.79337985404318,10.));
#3354=CARTESIAN_POINT('',(2.20829886809993,1.78128685624431,9.99999999999999));
#3355=CARTESIAN_POINT('',(2.21483833491167,1.77231946560456,9.99999999999999));
#3356=CARTESIAN_POINT('',(2.22124408428258,1.76365793574116,9.99999999999999));
#3357=CARTESIAN_POINT('',(2.22627407790287,1.75691604268817,9.99999999999999));
#3358=CARTESIAN_POINT('',(2.23435583312786,1.74625329065238,9.99999999999999));
#3359=CARTESIAN_POINT('',(2.24295914690279,1.73511768261712,9.99999999999999));
#3360=CARTESIAN_POINT('',(2.25002897073216,1.72614810508077,9.99999999999998));
#3361=CARTESIAN_POINT('',(2.2569156431641,1.7175129493254,9.99999999999998));
#3362=CARTESIAN_POINT('',(2.26353958347336,1.70931441989355,9.99999999999998));
#3363=CARTESIAN_POINT('',(2.27182092030093,1.69924850962991,9.99999999999998));
#3364=CARTESIAN_POINT('',(2.27933927506323,1.6902514868452,9.99999999999998));
#3365=CARTESIAN_POINT('',(2.28683885291979,1.68141265123742,9.99999999999998));
#3366=CARTESIAN_POINT('',(2.29361324086945,1.67354856905098,9.99999999999997));
#3367=CARTESIAN_POINT('',(2.29889266275525,1.66749826250401,9.99999999999997));
#3368=CARTESIAN_POINT('',(2.30457882591287,1.66103482940829,9.99999999999997));
#3369=CARTESIAN_POINT('',(2.31182955794503,1.65288812253669,9.99999999999997));
#3370=CARTESIAN_POINT('',(2.32165566188473,1.64204943594516,9.99999999999997));
#3371=CARTESIAN_POINT('',(2.33388243145834,1.62882802359923,9.99999999999996));
#3372=CARTESIAN_POINT('',(2.34851933550161,1.61339674193576,9.99999999999996));
#3373=CARTESIAN_POINT('',(2.36208396132485,1.59953473825113,9.99999999999996));
#3374=CARTESIAN_POINT('',(2.37404311162274,1.58758376561484,9.99999999999996));
#3375=CARTESIAN_POINT('',(2.38530198780326,1.57651941108349,9.99999999999995));
#3376=CARTESIAN_POINT('',(2.39971763225903,1.56268882944445,9.99999999999995));
#3377=CARTESIAN_POINT('',(2.41640159058128,1.54712629645858,9.99999999999994));
#3378=CARTESIAN_POINT('',(2.43428447279685,1.53094040070467,9.99999999999994));
#3379=CARTESIAN_POINT('',(2.45377601123534,1.5138500809554,9.99999999999994));
#3380=CARTESIAN_POINT('',(2.4696276113674,1.50041458006925,9.99999999999993));
#3381=CARTESIAN_POINT('',(2.48908966826738,1.48430262197974,9.99999999999993));
#3382=CARTESIAN_POINT('',(2.51200778010414,1.46589805398966,9.99999999999993));
#3383=CARTESIAN_POINT('',(2.54144019464415,1.44341771526894,9.99999999999992));
#3384=CARTESIAN_POINT('',(2.56763531600611,1.42430529958216,9.99999999999991));
#3385=CARTESIAN_POINT('',(2.58539947557187,1.41180221818253,9.99999999999991));
#3386=CARTESIAN_POINT('',(2.60407343310459,1.39893087143414,9.99999999999991));
#3387=CARTESIAN_POINT('',(2.62587833008433,1.38430724377627,9.9999999999999));
#3388=CARTESIAN_POINT('',(2.65613260488581,1.36490252928069,9.9999999999999));
#3389=CARTESIAN_POINT('',(2.68431636146052,1.34764196603727,9.9999999999999));
#3390=CARTESIAN_POINT('',(2.70603918089649,1.33486310956759,9.99999999999989));
#3391=CARTESIAN_POINT('',(2.72855526789398,1.32193548389184,9.99999999999989));
#3392=CARTESIAN_POINT('',(2.75524107954207,1.30711151425888,9.99999999999988));
#3393=CARTESIAN_POINT('',(2.79070445664497,1.28838704985795,9.99999999999988));
#3394=CARTESIAN_POINT('',(2.82709036546708,1.27014523708083,9.99999999999987));
#3395=CARTESIAN_POINT('',(2.85362875976053,1.25752787011565,9.99999999999987));
#3396=CARTESIAN_POINT('',(2.8789711391746,1.24584156161306,9.99999999999986));
#3397=CARTESIAN_POINT('',(2.90482808313782,1.23424397299134,9.99999999999986));
#3398=CARTESIAN_POINT('',(2.94236464458873,1.21825882168166,9.99999999999985));
#3399=CARTESIAN_POINT('',(2.98062309976703,1.20286789218128,9.99999999999985));
#3400=CARTESIAN_POINT('',(3.00771456869358,1.19254385828492,9.99999999999984));
#3401=CARTESIAN_POINT('',(3.03512415664428,1.18240004766739,9.99999999999984));
#3402=CARTESIAN_POINT('',(3.05080864812358,1.1767909404102,9.99999999999984));
#3403=CARTESIAN_POINT('',(3.0646528834465,1.17198568888126,9.99999999999984));
#3404=CARTESIAN_POINT('',(5.54016479076066,0.973957440171918,10.));
#3405=CARTESIAN_POINT('',(3.0646528834465,1.17198568888126,10.));
#3406=CARTESIAN_POINT('',(3.06671044144473,1.17127152353713,10.));
#3407=CARTESIAN_POINT('',(3.07086090917885,1.16984390243007,10.));
#3408=CARTESIAN_POINT('',(3.07714484532811,1.16772075145634,10.));
#3409=CARTESIAN_POINT('',(3.08228048425109,1.1660162411782,10.));
#3410=CARTESIAN_POINT('',(3.0866125677168,1.16459638093815,10.));
#3411=CARTESIAN_POINT('',(3.09103991997915,1.16315836356924,10.));
#3412=CARTESIAN_POINT('',(3.09770491335786,1.16102433575232,10.));
#3413=CARTESIAN_POINT('',(3.10630986215171,1.15832766261547,10.));
#3414=CARTESIAN_POINT('',(3.11597247892082,1.15537365961573,10.));
#3415=CARTESIAN_POINT('',(3.12508020272567,1.15265717027518,10.));
#3416=CARTESIAN_POINT('',(3.13290918054767,1.15037219893736,10.));
#3417=CARTESIAN_POINT('',(3.13828267942425,1.14882949399092,10.));
#3418=CARTESIAN_POINT('',(3.14417368623657,1.1471549300024,10.));
#3419=CARTESIAN_POINT('',(3.15134315699968,1.14514541595714,10.));
#3420=CARTESIAN_POINT('',(3.16248172181079,1.14209166223998,10.));
#3421=CARTESIAN_POINT('',(3.1755388889321,1.13860878049891,10.));
#3422=CARTESIAN_POINT('',(3.19063083801213,1.1347120248799,10.));
#3423=CARTESIAN_POINT('',(3.20522273723781,1.13106697535033,10.));
#3424=CARTESIAN_POINT('',(3.21638291153945,1.12836096184475,10.));
#3425=CARTESIAN_POINT('',(3.2252353409282,1.12625260268105,10.));
#3426=CARTESIAN_POINT('',(3.23480951346231,1.12400360724187,10.));
#3427=CARTESIAN_POINT('',(3.24803419659356,1.12097029896905,10.));
#3428=CARTESIAN_POINT('',(3.26779515015483,1.11657117225403,10.));
#3429=CARTESIAN_POINT('',(3.29825413728085,1.11006982900151,10.));
#3430=CARTESIAN_POINT('',(3.33345745888584,1.10305821895718,10.));
#3431=CARTESIAN_POINT('',(3.36832777571352,1.09655292211489,10.));
#3432=CARTESIAN_POINT('',(3.40578082102636,1.08988906396922,10.));
#3433=CARTESIAN_POINT('',(3.44975633737423,1.08257143657868,10.));
#3434=CARTESIAN_POINT('',(3.50213638687409,1.07452227561708,10.));
#3435=CARTESIAN_POINT('',(3.5555524369407,1.06690692583766,10.));
#3436=CARTESIAN_POINT('',(3.59390563467594,1.06185277930572,10.));
#3437=CARTESIAN_POINT('',(3.63358567800784,1.05683890157767,10.));
#3438=CARTESIAN_POINT('',(3.67747043067087,1.05152331519193,10.));
#3439=CARTESIAN_POINT('',(3.74618234561955,1.04388113346476,10.));
#3440=CARTESIAN_POINT('',(3.82636776334655,1.03578844612628,10.));
#3441=CARTESIAN_POINT('',(3.91504838321252,1.02775451424545,10.));
#3442=CARTESIAN_POINT('',(3.97940761350317,1.0225688257749,10.));
#3443=CARTESIAN_POINT('',(4.04773940215666,1.01739139518397,10.));
#3444=CARTESIAN_POINT('',(4.12256558444638,1.01210149906031,10.));
#3445=CARTESIAN_POINT('',(4.23750374095117,1.00501588705616,10.));
#3446=CARTESIAN_POINT('',(4.36092026493995,0.998491188276475,10.));
#3447=CARTESIAN_POINT('',(4.47974063786841,0.993175098896888,10.));
#3448=CARTESIAN_POINT('',(4.56779269959068,0.989811711491123,10.));
#3449=CARTESIAN_POINT('',(4.65976809633052,0.986622369697083,10.));
#3450=CARTESIAN_POINT('',(4.7671065254535,0.983370830818728,10.));
#3451=CARTESIAN_POINT('',(4.91359092814988,0.979886056063176,10.));
#3452=CARTESIAN_POINT('',(5.06535917175983,0.9771919536684,10.));
#3453=CARTESIAN_POINT('',(5.17124655069117,0.975903663695017,10.));
#3454=CARTESIAN_POINT('',(5.27626882673268,0.974913871747132,10.));
#3455=CARTESIAN_POINT('',(5.3832643004499,0.97418354246146,10.));
#3456=CARTESIAN_POINT('',(5.48636763881361,0.97395802356387,10.));
#3457=CARTESIAN_POINT('',(5.54016479076066,0.973957440171919,10.));
#3458=CARTESIAN_POINT('',(5.54016479076066,0.973957440171918,10.));
#3459=VECTOR('',#3460,1.);
#3460=DIRECTION('',(1.,-1.97034110811167E-16,0.));
#3461=CARTESIAN_POINT('',(14.5,-8.37157890324958,10.));
#3462=CARTESIAN_POINT('',(14.5,8.37157890324956,10.));
#3463=CARTESIAN_POINT('',(14.5,-8.37157890324958,10.));
#3464=VECTOR('',#3465,1.);
#3465=DIRECTION('',(1.06094493041852E-15,1.,0.));
#3466=CARTESIAN_POINT('',(1.03239184176734E-14,16.7431578064991,10.));
#3467=CARTESIAN_POINT('',(14.5,8.37157890324957,10.));
#3468=VECTOR('',#3469,1.);
#3469=DIRECTION('',(-0.866025403784439,0.5,0.));
#3470=CARTESIAN_POINT('',(-14.5,8.37157890324958,10.));
#3471=CARTESIAN_POINT('',(9.76822904969052E-15,16.7431578064991,10.));
#3472=VECTOR('',#3473,1.);
#3473=DIRECTION('',(-0.866025403784439,-0.499999999999999,0.));
#3474=CARTESIAN_POINT('',(-14.5,-8.37157890324956,10.));
#3475=CARTESIAN_POINT('',(-14.5,8.37157890324959,10.));
#3476=VECTOR('',#3477,1.);
#3477=DIRECTION('',(-5.30472465209259E-16,-1.,0.));
#3478=CARTESIAN_POINT('',(-9.03791008081591E-15,-16.7431578064991,10.));
#3479=CARTESIAN_POINT('',(-14.5,-8.37157890324957,10.));
#3480=VECTOR('',#3481,1.);
#3481=DIRECTION('',(0.866025403784438,-0.500000000000001,0.));
#3482=CARTESIAN_POINT('',(-1.12947857085501E-14,-16.7431578064991,10.));
#3483=VECTOR('',#3484,1.);
#3484=DIRECTION('',(0.866025403784439,0.5,0.));
#3485=CARTESIAN_POINT('',(10.5854134262226,6.,10.));
#3486=CARTESIAN_POINT('',(9.58541342622263,7.,10.));
#3487=AXIS2_PLACEMENT_3D('',#3488,#3489,#3490);
#3488=CARTESIAN_POINT('',(9.58541342622263,6.,10.));
#3489=DIRECTION('',(0.,0.,-1.));
#3490=DIRECTION('',(0.,1.,0.));
#3491=CARTESIAN_POINT('',(10.5854134262226,-5.8249918127718,10.));
#3492=CARTESIAN_POINT('',(10.5854134262226,-5.8249918127718,10.));
#3493=VECTOR('',#3494,1.);
#3494=DIRECTION('',(0.,1.,0.));
#3495=CARTESIAN_POINT('',(9.58541342622263,-6.8249918127718,10.));
#3496=AXIS2_PLACEMENT_3D('',#3497,#3498,#3499);
#3497=CARTESIAN_POINT('',(9.58541342622263,-5.8249918127718,10.));
#3498=DIRECTION('',(0.,0.,-1.));
#3499=DIRECTION('',(1.,0.,0.));
#3500=CARTESIAN_POINT('',(5.05920190896722,-6.8249918127718,10.));
#3501=CARTESIAN_POINT('',(5.05920190896722,-6.8249918127718,10.));
#3502=VECTOR('',#3503,1.);
#3503=DIRECTION('',(1.,1.9622998534516E-16,0.));
#3504=CARTESIAN_POINT('',(2.61202106902164,-6.68825597778541,10.));
#3505=CARTESIAN_POINT('',(2.61202106902164,-6.68825597778541,10.));
#3506=CARTESIAN_POINT('',(2.61775935307158,-6.68922909421592,10.));
#3507=CARTESIAN_POINT('',(2.63337336718634,-6.69184827862605,10.));
#3508=CARTESIAN_POINT('',(2.65347309641302,-6.6951224084005,10.));
#3509=CARTESIAN_POINT('',(2.67761634479004,-6.69895325001933,10.));
#3510=CARTESIAN_POINT('',(2.70242996708236,-6.70278892459936,10.));
#3511=CARTESIAN_POINT('',(2.72738140214025,-6.70650760150931,10.));
#3512=CARTESIAN_POINT('',(2.74545440445359,-6.70913032127931,10.));
#3513=CARTESIAN_POINT('',(2.75820488469682,-6.71095646757725,9.99999999999999));
#3514=CARTESIAN_POINT('',(2.77170831768357,-6.71286306378061,9.99999999999999));
#3515=CARTESIAN_POINT('',(2.79010428983779,-6.7154131312846,9.99999999999999));
#3516=CARTESIAN_POINT('',(2.81145512920515,-6.7183063616708,9.99999999999999));
#3517=CARTESIAN_POINT('',(2.83601924927801,-6.72154537056193,9.99999999999999));
#3518=CARTESIAN_POINT('',(2.85985783409415,-6.72460086444171,9.99999999999999));
#3519=CARTESIAN_POINT('',(2.87747391662495,-6.7268004827935,9.99999999999999));
#3520=CARTESIAN_POINT('',(2.89207182762414,-6.72859612562626,9.99999999999999));
#3521=CARTESIAN_POINT('',(2.90787995933962,-6.73051642904635,9.99999999999999));
#3522=CARTESIAN_POINT('',(2.93031220475006,-6.73317970589577,9.99999999999999));
#3523=CARTESIAN_POINT('',(2.95658964194045,-6.73621428838519,9.99999999999999));
#3524=CARTESIAN_POINT('',(2.9844607274379,-6.73933989921152,9.99999999999999));
#3525=CARTESIAN_POINT('',(3.01431615036008,-6.74258520586054,9.99999999999999));
#3526=CARTESIAN_POINT('',(3.04558301910141,-6.74587388125241,9.99999999999999));
#3527=CARTESIAN_POINT('',(3.07898393341344,-6.74926892280431,9.99999999999999));
#3528=CARTESIAN_POINT('',(3.10854708436177,-6.75216668952489,9.99999999999998));
#3529=CARTESIAN_POINT('',(3.13358984828286,-6.75454985212731,9.99999999999998));
#3530=CARTESIAN_POINT('',(3.16133483580518,-6.75713641617597,9.99999999999998));
#3531=CARTESIAN_POINT('',(3.19778837116171,-6.76042343370341,9.99999999999998));
#3532=CARTESIAN_POINT('',(3.25216667710252,-6.76509947633205,9.99999999999998));
#3533=CARTESIAN_POINT('',(3.31795291600081,-6.77041296560842,9.99999999999998));
#3534=CARTESIAN_POINT('',(3.39638618184282,-6.77626577660443,9.99999999999998));
#3535=CARTESIAN_POINT('',(3.4646841255959,-6.78094374535805,9.99999999999997));
#3536=CARTESIAN_POINT('',(3.51642345404692,-6.78425961527881,9.99999999999997));
#3537=CARTESIAN_POINT('',(3.56530754850811,-6.78727611893279,9.99999999999997));
#3538=CARTESIAN_POINT('',(3.62803865675151,-6.79093293909338,9.99999999999997));
#3539=CARTESIAN_POINT('',(3.71023246577938,-6.79532265351288,9.99999999999997));
#3540=CARTESIAN_POINT('',(3.79902199426387,-6.79963050620434,9.99999999999996));
#3541=CARTESIAN_POINT('',(3.89349935106731,-6.80375327497195,9.99999999999996));
#3542=CARTESIAN_POINT('',(3.99256094095075,-6.80759201887696,9.99999999999996));
#3543=CARTESIAN_POINT('',(4.06188842640729,-6.80995458654093,9.99999999999996));
#3544=CARTESIAN_POINT('',(4.13368288830922,-6.81223481666495,9.99999999999995));
#3545=CARTESIAN_POINT('',(4.20942437543456,-6.81445353639747,9.99999999999995));
#3546=CARTESIAN_POINT('',(4.32173843759001,-6.81724500953201,9.99999999999995));
#3547=CARTESIAN_POINT('',(4.43823975016163,-6.81964137113463,9.99999999999994));
#3548=CARTESIAN_POINT('',(4.55783923368114,-6.82160582712949,9.99999999999994));
#3549=CARTESIAN_POINT('',(4.66095050434484,-6.82289006309577,9.99999999999994));
#3550=CARTESIAN_POINT('',(4.74314540837141,-6.8236765582259,9.99999999999993));
#3551=CARTESIAN_POINT('',(4.82678165410764,-6.82432263885155,9.99999999999993));
#3552=CARTESIAN_POINT('',(4.9312078582071,-6.82485287012698,9.99999999999993));
#3553=CARTESIAN_POINT('',(5.01625722666807,-6.82499162445112,9.99999999999993));
#3554=CARTESIAN_POINT('',(5.05920190873962,-6.8249918127718,9.99999999999993));
#3555=CARTESIAN_POINT('',(1.16916130636301,-6.11772749338776,10.));
#3556=CARTESIAN_POINT('',(1.16916130636301,-6.11772749338776,10.));
#3557=CARTESIAN_POINT('',(1.17294658480553,-6.12030699627717,10.));
#3558=CARTESIAN_POINT('',(1.18363768393196,-6.12756164200708,10.));
#3559=CARTESIAN_POINT('',(1.19733412261103,-6.13674453006945,10.));
#3560=CARTESIAN_POINT('',(1.21540358828704,-6.14872502205578,10.));
#3561=CARTESIAN_POINT('',(1.23448579587865,-6.16121910803274,10.));
#3562=CARTESIAN_POINT('',(1.25390509735376,-6.17370401050998,10.));
#3563=CARTESIAN_POINT('',(1.27582279241651,-6.18761696450985,10.));
#3564=CARTESIAN_POINT('',(1.29801908098965,-6.2014849303688,10.));
#3565=CARTESIAN_POINT('',(1.32071473661318,-6.21536075487809,10.));
#3566=CARTESIAN_POINT('',(1.33514063612292,-6.2240607575721,10.));
#3567=CARTESIAN_POINT('',(1.34588744654417,-6.23049636801264,10.));
#3568=CARTESIAN_POINT('',(1.35774244961076,-6.23753797148889,10.));
#3569=CARTESIAN_POINT('',(1.37306439510193,-6.24654085606934,10.));
#3570=CARTESIAN_POINT('',(1.39072495644167,-6.25678995878267,10.));
#3571=CARTESIAN_POINT('',(1.41395784399361,-6.27007260500954,10.));
#3572=CARTESIAN_POINT('',(1.43642381949742,-6.28266006089423,10.));
#3573=CARTESIAN_POINT('',(1.45968685131863,-6.29545912342701,10.));
#3574=CARTESIAN_POINT('',(1.4907581058302,-6.31229694851755,10.));
#3575=CARTESIAN_POINT('',(1.53786047837511,-6.33704666130473,10.));
#3576=CARTESIAN_POINT('',(1.60080602030068,-6.36858880142291,10.));
#3577=CARTESIAN_POINT('',(1.65998895713636,-6.3966699660434,10.0000000000001));
#3578=CARTESIAN_POINT('',(1.74632902524107,-6.43575167404875,10.0000000000001));
#3579=CARTESIAN_POINT('',(1.84822495597541,-6.47830073414003,10.0000000000001));
#3580=CARTESIAN_POINT('',(1.94641146733423,-6.5147754697243,10.0000000000001));
#3581=CARTESIAN_POINT('',(2.02922198587901,-6.54353395862966,10.0000000000001));
#3582=CARTESIAN_POINT('',(2.09277619860786,-6.56426061672327,10.0000000000001));
#3583=CARTESIAN_POINT('',(2.16426325509431,-6.58577271779855,10.0000000000001));
#3584=CARTESIAN_POINT('',(2.21611849191587,-6.6005041842668,10.0000000000001));
#3585=CARTESIAN_POINT('',(2.26271589768907,-6.61308359264255,10.0000000000001));
#3586=CARTESIAN_POINT('',(2.30661099534181,-6.62437574070447,10.0000000000001));
#3587=CARTESIAN_POINT('',(2.33684278959678,-6.63177631602395,10.0000000000001));
#3588=CARTESIAN_POINT('',(2.36604179261883,-6.63873393797924,10.0000000000001));
#3589=CARTESIAN_POINT('',(2.3951463899372,-6.64549223546708,10.0000000000001));
#3590=CARTESIAN_POINT('',(2.43796295426273,-6.65493889982224,10.0000000000001));
#3591=CARTESIAN_POINT('',(2.48169306785084,-6.66407315425513,10.0000000000001));
#3592=CARTESIAN_POINT('',(2.52536406246227,-6.67269057460062,10.0000000000001));
#3593=CARTESIAN_POINT('',(2.56107226481539,-6.67933301873522,10.0000000000001));
#3594=CARTESIAN_POINT('',(2.58993085021998,-6.6844680385401,10.0000000000001));
#3595=CARTESIAN_POINT('',(2.60428975733082,-6.68694485811953,10.0000000000001));
#3596=CARTESIAN_POINT('',(2.61202106902164,-6.68825597778541,10.0000000000001));
#3597=CARTESIAN_POINT('',(0.108235916304264,-4.96251946053,10.));
#3598=CARTESIAN_POINT('',(0.108235916304264,-4.96251946053,10.));
#3599=CARTESIAN_POINT('',(0.110755651387975,-4.96680304490704,10.));
#3600=CARTESIAN_POINT('',(0.117884662462487,-4.97887409645581,10.));
#3601=CARTESIAN_POINT('',(0.127058895611755,-4.99423380955286,10.));
#3602=CARTESIAN_POINT('',(0.139188048671709,-5.01432992445472,10.));
#3603=CARTESIAN_POINT('',(0.152084296661552,-5.03544994870872,10.));
#3604=CARTESIAN_POINT('',(0.165732365731655,-5.05742723925354,10.));
#3605=CARTESIAN_POINT('',(0.183077523735521,-5.08501325792188,10.));
#3606=CARTESIAN_POINT('',(0.200907436331515,-5.11286437485166,10.));
#3607=CARTESIAN_POINT('',(0.220683756164739,-5.14305824346805,10.));
#3608=CARTESIAN_POINT('',(0.240171126093164,-5.17235824730722,10.));
#3609=CARTESIAN_POINT('',(0.261008067785242,-5.20307142974455,10.));
#3610=CARTESIAN_POINT('',(0.282721274653049,-5.2343228347262,10.));
#3611=CARTESIAN_POINT('',(0.297884566959304,-5.2557620868784,10.));
#3612=CARTESIAN_POINT('',(0.308151453857233,-5.27011772348107,10.));
#3613=CARTESIAN_POINT('',(0.318366410962264,-5.28429892270994,10.));
#3614=CARTESIAN_POINT('',(0.331330832169969,-5.30210701986526,10.));
#3615=CARTESIAN_POINT('',(0.350046297312036,-5.32743769564824,10.));
#3616=CARTESIAN_POINT('',(0.372267238857689,-5.35695344174131,10.));
#3617=CARTESIAN_POINT('',(0.398368150011659,-5.390831572822,10.));
#3618=CARTESIAN_POINT('',(0.423885283326239,-5.42315652733391,10.));
#3619=CARTESIAN_POINT('',(0.441929768053103,-5.44550538674324,10.));
#3620=CARTESIAN_POINT('',(0.457422824526031,-5.46447332728063,10.));
#3621=CARTESIAN_POINT('',(0.473791021765111,-5.48430372749156,10.));
#3622=CARTESIAN_POINT('',(0.497896770608572,-5.51292519304605,10.));
#3623=CARTESIAN_POINT('',(0.524507034941957,-5.543814337989,10.));
#3624=CARTESIAN_POINT('',(0.552239693921298,-5.57526148914752,10.));
#3625=CARTESIAN_POINT('',(0.581203760770944,-5.60731683127896,10.));
#3626=CARTESIAN_POINT('',(0.611071607868239,-5.63955610962303,10.));
#3627=CARTESIAN_POINT('',(0.639119888628806,-5.66906890482869,10.));
#3628=CARTESIAN_POINT('',(0.659878891254696,-5.69042543351859,10.));
#3629=CARTESIAN_POINT('',(0.680961962847184,-5.71183426721003,10.));
#3630=CARTESIAN_POINT('',(0.705121109046568,-5.73596555061229,10.));
#3631=CARTESIAN_POINT('',(0.737833176734457,-5.76778179460635,10.));
#3632=CARTESIAN_POINT('',(0.771225825282632,-5.79939516700794,10.));
#3633=CARTESIAN_POINT('',(0.805216965715516,-5.83070781742002,10.));
#3634=CARTESIAN_POINT('',(0.839794437218074,-5.86169167974389,10.));
#3635=CARTESIAN_POINT('',(0.863346558008159,-5.8822145328786,10.));
#3636=CARTESIAN_POINT('',(0.886889464488122,-5.90243826246911,10.));
#3637=CARTESIAN_POINT('',(0.910544234304881,-5.9224736050955,10.));
#3638=CARTESIAN_POINT('',(0.946229284253215,-5.9518599390317,10.));
#3639=CARTESIAN_POINT('',(0.982467379135802,-5.98086250644791,10.));
#3640=CARTESIAN_POINT('',(1.01916118770772,-6.00939803125534,10.));
#3641=CARTESIAN_POINT('',(1.04660606874182,-6.03012985131504,10.));
#3642=CARTESIAN_POINT('',(1.07159864564488,-6.04867517655776,10.));
#3643=CARTESIAN_POINT('',(1.09661845771948,-6.06696891915432,10.));
#3644=CARTESIAN_POINT('',(1.13146739142196,-6.0917872378033,10.));
#3645=CARTESIAN_POINT('',(1.15663050004729,-6.10918833052945,10.));
#3646=CARTESIAN_POINT('',(1.16916130636301,-6.11772749338776,10.));
#3647=CARTESIAN_POINT('',(-0.31612270923934,-3.34515877164874,10.));
#3648=CARTESIAN_POINT('',(-0.31612270923934,-3.34515877306035,10.));
#3649=CARTESIAN_POINT('',(-0.316122709296097,-3.34942714478749,10.));
#3650=CARTESIAN_POINT('',(-0.316099443120288,-3.36317471653664,10.));
#3651=CARTESIAN_POINT('',(-0.315992392270941,-3.37811340388035,10.));
#3652=CARTESIAN_POINT('',(-0.315718141065856,-3.40205730803446,10.));
#3653=CARTESIAN_POINT('',(-0.315402691392765,-3.42031781848353,10.));
#3654=CARTESIAN_POINT('',(-0.314728650189111,-3.44813428791908,10.));
#3655=CARTESIAN_POINT('',(-0.313952558971737,-3.47384584726502,10.));
#3656=CARTESIAN_POINT('',(-0.312811634713415,-3.50291337969694,10.));
#3657=CARTESIAN_POINT('',(-0.311916156168715,-3.52200114691464,10.));
#3658=CARTESIAN_POINT('',(-0.311247354903432,-3.53531019421118,10.));
#3659=CARTESIAN_POINT('',(-0.310633530358606,-3.54692462417786,10.));
#3660=CARTESIAN_POINT('',(-0.309566859916538,-3.56549241503596,10.));
#3661=CARTESIAN_POINT('',(-0.308229457759401,-3.58669799948331,10.));
#3662=CARTESIAN_POINT('',(-0.306549202824203,-3.61075689442443,10.));
#3663=CARTESIAN_POINT('',(-0.304772526429988,-3.63385513197877,10.));
#3664=CARTESIAN_POINT('',(-0.303192077841239,-3.65278076917825,10.));
#3665=CARTESIAN_POINT('',(-0.301965519243098,-3.66668977814189,10.));
#3666=CARTESIAN_POINT('',(-0.300603129208067,-3.6816050040409,10.));
#3667=CARTESIAN_POINT('',(-0.298768363811343,-3.7006674844641,10.));
#3668=CARTESIAN_POINT('',(-0.296246139406945,-3.72508300981494,10.));
#3669=CARTESIAN_POINT('',(-0.293400924789225,-3.75075874107216,10.));
#3670=CARTESIAN_POINT('',(-0.290159897117815,-3.77802613173034,10.));
#3671=CARTESIAN_POINT('',(-0.286540391942588,-3.80643161039277,10.));
#3672=CARTESIAN_POINT('',(-0.282461212979237,-3.83633239095348,10.));
#3673=CARTESIAN_POINT('',(-0.278619317214476,-3.86265399372552,10.));
#3674=CARTESIAN_POINT('',(-0.275295785061516,-3.88426146013428,10.));
#3675=CARTESIAN_POINT('',(-0.271613853274626,-3.90740121598123,10.));
#3676=CARTESIAN_POINT('',(-0.266668110147176,-3.93695392649945,10.));
#3677=CARTESIAN_POINT('',(-0.259881884874463,-3.97480692831031,10.));
#3678=CARTESIAN_POINT('',(-0.252250816282997,-4.01454426752772,10.));
#3679=CARTESIAN_POINT('',(-0.242594573819138,-4.06147782077006,10.));
#3680=CARTESIAN_POINT('',(-0.230609560243597,-4.11525649018248,10.));
#3681=CARTESIAN_POINT('',(-0.220119909797034,-4.15831085888148,10.));
#3682=CARTESIAN_POINT('',(-0.209605981629689,-4.19935469996669,10.));
#3683=CARTESIAN_POINT('',(-0.199527521737046,-4.237046973272,10.));
#3684=CARTESIAN_POINT('',(-0.184825306280377,-4.28842088305662,10.));
#3685=CARTESIAN_POINT('',(-0.169047405669141,-4.34013142486973,10.));
#3686=CARTESIAN_POINT('',(-0.151767953875616,-4.39328668644711,10.));
#3687=CARTESIAN_POINT('',(-0.135399204311108,-4.44057448052533,10.));
#3688=CARTESIAN_POINT('',(-0.121997379154051,-4.47741831996629,10.));
#3689=CARTESIAN_POINT('',(-0.107964228034563,-4.5148325327499,10.));
#3690=CARTESIAN_POINT('',(-0.0903231330244347,-4.55993538099722,10.));
#3691=CARTESIAN_POINT('',(-0.0736063831924666,-4.60024319002729,10.));
#3692=CARTESIAN_POINT('',(-0.0573408077265808,-4.63818847979058,10.));
#3693=CARTESIAN_POINT('',(-0.0403331013675008,-4.67674939101975,10.));
#3694=CARTESIAN_POINT('',(-0.016974917007679,-4.72702691090081,10.));
#3695=CARTESIAN_POINT('',(0.00180267047771121,-4.76552967937078,10.));
#3696=CARTESIAN_POINT('',(0.0212047611363971,-4.80425591821959,10.));
#3697=CARTESIAN_POINT('',(0.0436548840588609,-4.84760998770395,10.));
#3698=CARTESIAN_POINT('',(0.0703595539888982,-4.89655978889661,10.0000000000001));
#3699=CARTESIAN_POINT('',(0.0920631958259914,-4.934813389106,10.0000000000001));
#3700=CARTESIAN_POINT('',(0.103148634798251,-4.95387103777009,10.0000000000001));
#3701=CARTESIAN_POINT('',(0.108235916304264,-4.96251946053,10.0000000000001));
#3702=CARTESIAN_POINT('',(0.207264482019786,-1.56284688086519,10.));
#3703=CARTESIAN_POINT('',(0.207264482019786,-1.56284688086519,10.));
#3704=CARTESIAN_POINT('',(0.204143197036384,-1.56768342601668,10.));
#3705=CARTESIAN_POINT('',(0.195972043138504,-1.58041305841639,10.));
#3706=CARTESIAN_POINT('',(0.184886384053327,-1.59793025147307,10.));
#3707=CARTESIAN_POINT('',(0.172809585923955,-1.61728737179514,9.99999999999999));
#3708=CARTESIAN_POINT('',(0.160764376445505,-1.636844828674,9.99999999999999));
#3709=CARTESIAN_POINT('',(0.14842714009837,-1.65721754619056,9.99999999999999));
#3710=CARTESIAN_POINT('',(0.14006363914205,-1.67124754642193,9.99999999999999));
#3711=CARTESIAN_POINT('',(0.134607665176403,-1.68046237965219,9.99999999999999));
#3712=CARTESIAN_POINT('',(0.13027943449478,-1.68780359567064,9.99999999999999));
#3713=CARTESIAN_POINT('',(0.123162820473038,-1.69997356456899,9.99999999999999));
#3714=CARTESIAN_POINT('',(0.114990190688095,-1.71409429148573,9.99999999999999));
#3715=CARTESIAN_POINT('',(0.10588756314507,-1.73001631785485,9.99999999999999));
#3716=CARTESIAN_POINT('',(0.0972784976949492,-1.74526879399712,9.99999999999998));
#3717=CARTESIAN_POINT('',(0.0900064868171613,-1.75830626299188,9.99999999999998));
#3718=CARTESIAN_POINT('',(0.0849383705755526,-1.76747519708287,9.99999999999998));
#3719=CARTESIAN_POINT('',(0.0795285434483397,-1.77731802023976,9.99999999999998));
#3720=CARTESIAN_POINT('',(0.0729273495343321,-1.78942705244213,9.99999999999998));
#3721=CARTESIAN_POINT('',(0.0641337315114315,-1.80576534255736,9.99999999999998));
#3722=CARTESIAN_POINT('',(0.0549330512336568,-1.82309631928454,9.99999999999998));
#3723=CARTESIAN_POINT('',(0.0452561037265334,-1.84159644192142,9.99999999999998));
#3724=CARTESIAN_POINT('',(0.0353242301317194,-1.86088639205734,9.99999999999998));
#3725=CARTESIAN_POINT('',(0.0251002583457375,-1.88107546952406,9.99999999999997));
#3726=CARTESIAN_POINT('',(0.0173388818546948,-1.89667063669319,9.99999999999997));
#3727=CARTESIAN_POINT('',(0.0102536056316054,-1.91107206133702,9.99999999999997));
#3728=CARTESIAN_POINT('',(0.00283065845572272,-1.92630389021197,9.99999999999997));
#3729=CARTESIAN_POINT('',(-0.00744542092418612,-1.94775961103732,9.99999999999997));
#3730=CARTESIAN_POINT('',(-0.0191045050210848,-1.97262287692264,9.99999999999997));
#3731=CARTESIAN_POINT('',(-0.031154463828704,-1.99890931143325,9.99999999999996));
#3732=CARTESIAN_POINT('',(-0.042300513584232,-2.0238301607263,9.99999999999996));
#3733=CARTESIAN_POINT('',(-0.0507460534073354,-2.043135928932,9.99999999999996));
#3734=CARTESIAN_POINT('',(-0.0594173448707505,-2.06323484124077,9.99999999999996));
#3735=CARTESIAN_POINT('',(-0.0696608109580195,-2.08742790085407,9.99999999999996));
#3736=CARTESIAN_POINT('',(-0.0830051963512438,-2.11990803492802,9.99999999999996));
#3737=CARTESIAN_POINT('',(-0.0950287030962148,-2.15014306778078,9.99999999999995));
#3738=CARTESIAN_POINT('',(-0.104242001840587,-2.17398982845989,9.99999999999995));
#3739=CARTESIAN_POINT('',(-0.113763899719346,-2.1991019805047,9.99999999999995));
#3740=CARTESIAN_POINT('',(-0.12699538596158,-2.23493512125261,9.99999999999995));
#3741=CARTESIAN_POINT('',(-0.142673979032852,-2.27955932173353,9.99999999999994));
#3742=CARTESIAN_POINT('',(-0.15544992206114,-2.31787224090958,9.99999999999994));
#3743=CARTESIAN_POINT('',(-0.168348354763967,-2.35785279933185,9.99999999999994));
#3744=CARTESIAN_POINT('',(-0.181651537104428,-2.40106037332509,9.99999999999993));
#3745=CARTESIAN_POINT('',(-0.197200672664585,-2.45505922013495,9.99999999999993));
#3746=CARTESIAN_POINT('',(-0.208994973885183,-2.49872199716592,9.99999999999993));
#3747=CARTESIAN_POINT('',(-0.218035281934359,-2.53405915870367,9.99999999999993));
#3748=CARTESIAN_POINT('',(-0.227107694938168,-2.57088269180308,9.99999999999992));
#3749=CARTESIAN_POINT('',(-0.24060685641361,-2.62891406955317,9.99999999999992));
#3750=CARTESIAN_POINT('',(-0.253736871237585,-2.69226291944805,9.99999999999991));
#3751=CARTESIAN_POINT('',(-0.26782543753773,-2.76835716798723,9.99999999999991));
#3752=CARTESIAN_POINT('',(-0.281800124708563,-2.85387490540338,9.9999999999999));
#3753=CARTESIAN_POINT('',(-0.292155199917506,-2.93415268249153,9.9999999999999));
#3754=CARTESIAN_POINT('',(-0.301613383698892,-3.02293993679438,9.99999999999989));
#3755=CARTESIAN_POINT('',(-0.308061122144273,-3.09898917573171,9.99999999999989));
#3756=CARTESIAN_POINT('',(-0.312405648276274,-3.17872477464164,9.99999999999988));
#3757=CARTESIAN_POINT('',(-0.314442539762429,-3.23324058684265,9.99999999999988));
#3758=CARTESIAN_POINT('',(-0.315743972921535,-3.28300113832914,9.99999999999988));
#3759=CARTESIAN_POINT('',(-0.31612280522189,-3.32154801463304,9.99999999999987));
#3760=CARTESIAN_POINT('',(-0.31612270923934,-3.34515877163575,9.99999999999987));
#3761=CARTESIAN_POINT('',(1.62653910022634,-0.346288555797157,10.));
#3762=CARTESIAN_POINT('',(1.62653910022634,-0.346288555797157,10.));
#3763=CARTESIAN_POINT('',(1.62119989691981,-0.348705487258425,10.));
#3764=CARTESIAN_POINT('',(1.60718414774982,-0.355090300677131,10.));
#3765=CARTESIAN_POINT('',(1.58803369849456,-0.363959750753372,10.));
#3766=CARTESIAN_POINT('',(1.56701452718492,-0.373854915512861,10.));
#3767=CARTESIAN_POINT('',(1.54590810702816,-0.383937105849168,9.99999999999999));
#3768=CARTESIAN_POINT('',(1.52409560818264,-0.394553877388475,9.99999999999999));
#3769=CARTESIAN_POINT('',(1.50919459199525,-0.401932355793348,9.99999999999999));
#3770=CARTESIAN_POINT('',(1.49943349417764,-0.40680115886728,9.99999999999999));
#3771=CARTESIAN_POINT('',(1.49167109239506,-0.410690665611844,9.99999999999999));
#3772=CARTESIAN_POINT('',(1.47884173146304,-0.41717546846626,9.99999999999999));
#3773=CARTESIAN_POINT('',(1.4640319970584,-0.424743171562561,9.99999999999999));
#3774=CARTESIAN_POINT('',(1.44742431081619,-0.43333904915189,9.99999999999999));
#3775=CARTESIAN_POINT('',(1.4316342397349,-0.44161999974952,9.99999999999999));
#3776=CARTESIAN_POINT('',(1.41821122463088,-0.448744761150382,9.99999999999999));
#3777=CARTESIAN_POINT('',(1.40887311770179,-0.453746497983532,9.99999999999999));
#3778=CARTESIAN_POINT('',(1.3989517909899,-0.459090452736863,9.99999999999999));
#3779=CARTESIAN_POINT('',(1.38689816756825,-0.465634448204325,9.99999999999999));
#3780=CARTESIAN_POINT('',(1.37079389594269,-0.474485189100064,9.99999999999998));
#3781=CARTESIAN_POINT('',(1.35396159441778,-0.483855652380811,9.99999999999998));
#3782=CARTESIAN_POINT('',(1.33628902379669,-0.493827810360851,9.99999999999998));
#3783=CARTESIAN_POINT('',(1.31810759771643,-0.504232585907171,9.99999999999998));
#3784=CARTESIAN_POINT('',(1.29931116392183,-0.515145781034213,9.99999999999998));
#3785=CARTESIAN_POINT('',(1.28281598190883,-0.52486627086525,9.99999999999998));
#3786=CARTESIAN_POINT('',(1.26962278101292,-0.532735907862092,9.99999999999998));
#3787=CARTESIAN_POINT('',(1.25572061741912,-0.541094241585212,9.99999999999998));
#3788=CARTESIAN_POINT('',(1.23836010640598,-0.551655785832221,9.99999999999998));
#3789=CARTESIAN_POINT('',(1.21600771231242,-0.565487808993687,9.99999999999998));
#3790=CARTESIAN_POINT('',(1.19254492754352,-0.58026937862145,9.99999999999997));
#3791=CARTESIAN_POINT('',(1.1675759498923,-0.596303002111507,9.99999999999997));
#3792=CARTESIAN_POINT('',(1.14823535181969,-0.608976130434982,9.99999999999997));
#3793=CARTESIAN_POINT('',(1.1304974139305,-0.620753416643563,9.99999999999997));
#3794=CARTESIAN_POINT('',(1.11197601778573,-0.633182173539554,9.99999999999997));
#3795=CARTESIAN_POINT('',(1.08578985494695,-0.651096480991077,9.99999999999997));
#3796=CARTESIAN_POINT('',(1.05554454552339,-0.672276024330789,9.99999999999996));
#3797=CARTESIAN_POINT('',(1.03311322967915,-0.688378698365846,9.99999999999996));
#3798=CARTESIAN_POINT('',(1.01145953173001,-0.704159527671716,9.99999999999996));
#3799=CARTESIAN_POINT('',(0.984524719834197,-0.724050763440681,9.99999999999996));
#3800=CARTESIAN_POINT('',(0.94342143456572,-0.755340300324818,9.99999999999996));
#3801=CARTESIAN_POINT('',(0.911610361757334,-0.780518637416608,9.99999999999996));
#3802=CARTESIAN_POINT('',(0.878785275983039,-0.807022764862696,9.99999999999995));
#3803=CARTESIAN_POINT('',(0.848737516307501,-0.831797911163508,9.99999999999995));
#3804=CARTESIAN_POINT('',(0.811318860211936,-0.863814284512116,9.99999999999995));
#3805=CARTESIAN_POINT('',(0.785061064079506,-0.886884621342055,9.99999999999995));
#3806=CARTESIAN_POINT('',(0.757669329864014,-0.911363357514509,9.99999999999994));
#3807=CARTESIAN_POINT('',(0.724142565329137,-0.942078459917814,9.99999999999994));
#3808=CARTESIAN_POINT('',(0.681626398891149,-0.98246916989897,9.99999999999994));
#3809=CARTESIAN_POINT('',(0.647983049709261,-1.01565492815502,9.99999999999994));
#3810=CARTESIAN_POINT('',(0.618936331757186,-1.04507117882115,9.99999999999994));
#3811=CARTESIAN_POINT('',(0.589240636568104,-1.07574499956274,9.99999999999993));
#3812=CARTESIAN_POINT('',(0.55020647009919,-1.11742244165639,9.99999999999993));
#3813=CARTESIAN_POINT('',(0.505933496717224,-1.1666740090842,9.99999999999993));
#3814=CARTESIAN_POINT('',(0.465020699975529,-1.21412816151917,9.99999999999992));
#3815=CARTESIAN_POINT('',(0.435951317310185,-1.24915653554279,9.99999999999992));
#3816=CARTESIAN_POINT('',(0.406624626413036,-1.28526248397323,9.99999999999992));
#3817=CARTESIAN_POINT('',(0.374306264626658,-1.32612460970197,9.99999999999992));
#3818=CARTESIAN_POINT('',(0.331202703751855,-1.3830919846092,9.99999999999991));
#3819=CARTESIAN_POINT('',(0.296795532581805,-1.43065268284627,9.99999999999991));
#3820=CARTESIAN_POINT('',(0.268946896176984,-1.4704279517585,9.99999999999991));
#3821=CARTESIAN_POINT('',(0.241399808023087,-1.5106849301364,9.99999999999991));
#3822=CARTESIAN_POINT('',(0.22047782186309,-1.54237207762967,9.99999999999991));
#3823=CARTESIAN_POINT('',(0.207264482019786,-1.56284688086519,9.9999999999999));
#3824=CARTESIAN_POINT('',(-0.316151648482998,0.907919103532463,10.));
#3825=CARTESIAN_POINT('',(-0.316151648482998,0.907919103532463,10.));
#3826=CARTESIAN_POINT('',(-0.31046101075836,0.90048972744487,10.));
#3827=CARTESIAN_POINT('',(-0.295211850891657,0.880761238202712,10.));
#3828=CARTESIAN_POINT('',(-0.274469641973829,0.854566114667861,10.));
#3829=CARTESIAN_POINT('',(-0.250512569497382,0.825005336206378,10.));
#3830=CARTESIAN_POINT('',(-0.225760857708968,0.795117123798263,10.));
#3831=CARTESIAN_POINT('',(-0.201488877820905,0.766647913414378,10.));
#3832=CARTESIAN_POINT('',(-0.183282685812245,0.745765948134685,10.));
#3833=CARTESIAN_POINT('',(-0.170594607473867,0.731369947647329,10.));
#3834=CARTESIAN_POINT('',(-0.15723595445198,0.716386876955235,10.));
#3835=CARTESIAN_POINT('',(-0.140985690978661,0.698432046123273,10.));
#3836=CARTESIAN_POINT('',(-0.123936083961538,0.679884811853619,10.));
#3837=CARTESIAN_POINT('',(-0.105802444273402,0.660477703793188,10.));
#3838=CARTESIAN_POINT('',(-0.0867870547707182,0.64047284573941,10.));
#3839=CARTESIAN_POINT('',(-0.0722319094146397,0.625429660041795,10.));
#3840=CARTESIAN_POINT('',(-0.058488429034566,0.61137981774502,10.));
#3841=CARTESIAN_POINT('',(-0.0437939600039506,0.596501209600834,10.));
#3842=CARTESIAN_POINT('',(-0.0190487250938385,0.571884508254444,10.));
#3843=CARTESIAN_POINT('',(0.0127497362370192,0.541038911721076,10.));
#3844=CARTESIAN_POINT('',(0.0508685469634141,0.505207113566821,10.));
#3845=CARTESIAN_POINT('',(0.0891600606558833,0.470409802915295,10.));
#3846=CARTESIAN_POINT('',(0.116286960205031,0.446533814272688,10.));
#3847=CARTESIAN_POINT('',(0.140036202780292,0.425966089225496,10.));
#3848=CARTESIAN_POINT('',(0.165017941239209,0.404648244985462,10.));
#3849=CARTESIAN_POINT('',(0.202565717943178,0.373517451418927,10.));
#3850=CARTESIAN_POINT('',(0.249701074774307,0.335677952763361,10.));
#3851=CARTESIAN_POINT('',(0.305413604239222,0.29272085582183,10.));
#3852=CARTESIAN_POINT('',(0.355541091005602,0.255907422832876,10.));
#3853=CARTESIAN_POINT('',(0.400356354503623,0.224085858794482,10.));
#3854=CARTESIAN_POINT('',(0.441807620148753,0.19540932216727,10.));
#3855=CARTESIAN_POINT('',(0.494491637859386,0.160313723209386,10.));
#3856=CARTESIAN_POINT('',(0.551805568121604,0.123687794410797,10.));
#3857=CARTESIAN_POINT('',(0.609213640761107,0.088525478081485,10.));
#3858=CARTESIAN_POINT('',(0.649604994877158,0.0647953263450611,10.));
#3859=CARTESIAN_POINT('',(0.691299221859075,0.0408316691692712,10.));
#3860=CARTESIAN_POINT('',(0.735966575181457,0.0157884257721979,10.));
#3861=CARTESIAN_POINT('',(0.801751191183657,-0.0194352925293212,10.));
#3862=CARTESIAN_POINT('',(0.861517509934639,-0.0499617995405313,10.));
#3863=CARTESIAN_POINT('',(0.907568647325283,-0.0725621288633261,10.));
#3864=CARTESIAN_POINT('',(0.954655927600568,-0.095112397085424,10.));
#3865=CARTESIAN_POINT('',(1.01069168831104,-0.121058094452992,10.));
#3866=CARTESIAN_POINT('',(1.08356827061277,-0.153136077534304,10.));
#3867=CARTESIAN_POINT('',(1.15327249174675,-0.182278461180125,10.));
#3868=CARTESIAN_POINT('',(1.20326180821853,-0.202202476734081,10.));
#3869=CARTESIAN_POINT('',(1.25396983145171,-0.221885728823028,10.));
#3870=CARTESIAN_POINT('',(1.30977488427811,-0.242866467252433,10.));
#3871=CARTESIAN_POINT('',(1.38762888750101,-0.270575114637373,10.));
#3872=CARTESIAN_POINT('',(1.45716445118085,-0.293975482647657,10.));
#3873=CARTESIAN_POINT('',(1.51012842409379,-0.310980650528968,10.));
#3874=CARTESIAN_POINT('',(1.56349462102103,-0.327626765148764,10.));
#3875=CARTESIAN_POINT('',(1.59967252071348,-0.338470035013212,10.));
#3876=CARTESIAN_POINT('',(1.62653910022634,-0.346288555797158,10.));
#3877=CARTESIAN_POINT('',(-0.995142722463823,2.99209166666667,10.));
#3878=CARTESIAN_POINT('',(-0.995142722463823,2.9920916666444,10.));
#3879=CARTESIAN_POINT('',(-0.995142729353056,2.98495623695331,10.));
#3880=CARTESIAN_POINT('',(-0.995095222425199,2.9662034187404,10.));
#3881=CARTESIAN_POINT('',(-0.994857907104886,2.94051144950105,10.));
#3882=CARTESIAN_POINT('',(-0.994406911586033,2.91222899581958,10.));
#3883=CARTESIAN_POINT('',(-0.99378011896615,2.88375629101243,10.));
#3884=CARTESIAN_POINT('',(-0.992896312114322,2.85422733253047,10.));
#3885=CARTESIAN_POINT('',(-0.992141936772551,2.83400044523096,10.));
#3886=CARTESIAN_POINT('',(-0.991604900445526,2.8207259909265,10.));
#3887=CARTESIAN_POINT('',(-0.99115637903477,2.81015617393745,10.));
#3888=CARTESIAN_POINT('',(-0.990346300394921,2.79264432594928,10.));
#3889=CARTESIAN_POINT('',(-0.989312120282043,2.77239019948854,10.));
#3890=CARTESIAN_POINT('',(-0.988019346655726,2.7496191088605,10.));
#3891=CARTESIAN_POINT('',(-0.986656103169765,2.72787760078236,10.));
#3892=CARTESIAN_POINT('',(-0.985397664285991,2.70942387277008,10.));
#3893=CARTESIAN_POINT('',(-0.984456632287142,2.69641697187394,10.));
#3894=CARTESIAN_POINT('',(-0.983410471310459,2.68246203673717,10.));
#3895=CARTESIAN_POINT('',(-0.982055047187601,2.66525356903417,10.));
#3896=CARTESIAN_POINT('',(-0.980106330794425,2.64223123529683,10.));
#3897=CARTESIAN_POINT('',(-0.977896832166778,2.61793329119649,10.));
#3898=CARTESIAN_POINT('',(-0.97537785135897,2.59214569914812,10.));
#3899=CARTESIAN_POINT('',(-0.972575698093833,2.56541775421462,10.));
#3900=CARTESIAN_POINT('',(-0.969446235035294,2.53755095474378,10.));
#3901=CARTESIAN_POINT('',(-0.966864914751031,2.51605944381777,10.));
#3902=CARTESIAN_POINT('',(-0.964378561555362,2.4962147036321,10.));
#3903=CARTESIAN_POINT('',(-0.961630724757956,2.47500586227398,10.));
#3904=CARTESIAN_POINT('',(-0.957513761350286,2.44504475222913,10.));
#3905=CARTESIAN_POINT('',(-0.951696204450722,2.40548474985087,10.));
#3906=CARTESIAN_POINT('',(-0.944292426994957,2.35905128902866,10.));
#3907=CARTESIAN_POINT('',(-0.936320129412601,2.31347941836752,10.));
#3908=CARTESIAN_POINT('',(-0.929436728555088,2.27683212019563,10.));
#3909=CARTESIAN_POINT('',(-0.922805561880504,2.24306915954856,10.));
#3910=CARTESIAN_POINT('',(-0.914777021293751,2.20430289143785,10.));
#3911=CARTESIAN_POINT('',(-0.904326717586462,2.15712278413361,9.99999999999999));
#3912=CARTESIAN_POINT('',(-0.892715432181101,2.1081097854092,9.99999999999999));
#3913=CARTESIAN_POINT('',(-0.879766097650996,2.05697096677926,9.99999999999999));
#3914=CARTESIAN_POINT('',(-0.868671287513111,2.01594960996889,9.99999999999999));
#3915=CARTESIAN_POINT('',(-0.858506323034014,1.98000252616756,9.99999999999999));
#3916=CARTESIAN_POINT('',(-0.847627716817391,1.94276781363917,9.99999999999999));
#3917=CARTESIAN_POINT('',(-0.832300866707555,1.89303627013194,9.99999999999999));
#3918=CARTESIAN_POINT('',(-0.813442840465662,1.83562081154147,9.99999999999999));
#3919=CARTESIAN_POINT('',(-0.79500281796696,1.78286254951929,9.99999999999999));
#3920=CARTESIAN_POINT('',(-0.780575512065088,1.74370761498754,9.99999999999999));
#3921=CARTESIAN_POINT('',(-0.765343911193577,1.7035977024262,9.99999999999999));
#3922=CARTESIAN_POINT('',(-0.747084843229568,1.65733492323099,9.99999999999999));
#3923=CARTESIAN_POINT('',(-0.730052064138737,1.61666364325366,9.99999999999999));
#3924=CARTESIAN_POINT('',(-0.712279974491011,1.57544955174669,9.99999999999999));
#3925=CARTESIAN_POINT('',(-0.693604694312523,1.53339230297535,9.99999999999999));
#3926=CARTESIAN_POINT('',(-0.664013713665491,1.47046265982215,9.99999999999999));
#3927=CARTESIAN_POINT('',(-0.641308323343385,1.42483137897922,9.99999999999999));
#3928=CARTESIAN_POINT('',(-0.619579771747592,1.38255871681911,9.99999999999999));
#3929=CARTESIAN_POINT('',(-0.597199227093029,1.34019304409542,9.99999999999999));
#3930=CARTESIAN_POINT('',(-0.564107474666069,1.28055988537599,9.99999999999999));
#3931=CARTESIAN_POINT('',(-0.530938780882385,1.2238503921732,9.99999999999999));
#3932=CARTESIAN_POINT('',(-0.505381377206314,1.18202752080226,9.99999999999999));
#3933=CARTESIAN_POINT('',(-0.479069436779937,1.14005231414802,9.99999999999999));
#3934=CARTESIAN_POINT('',(-0.447891189302364,1.09191683094543,9.99999999999999));
#3935=CARTESIAN_POINT('',(-0.411584792227763,1.03856401506239,9.99999999999999));
#3936=CARTESIAN_POINT('',(-0.382564925535121,0.99751570099854,9.99999999999999));
#3937=CARTESIAN_POINT('',(-0.352986492335943,0.956660898879136,9.99999999999999));
#3938=CARTESIAN_POINT('',(-0.331508635674537,0.927968142893762,9.99999999999999));
#3939=CARTESIAN_POINT('',(-0.316151648482998,0.907919103532463,9.99999999999999));
#3940=CARTESIAN_POINT('',(-0.556633089379721,4.82626183426159,10.));
#3941=CARTESIAN_POINT('',(-0.556633089379721,4.82626183426159,10.));
#3942=CARTESIAN_POINT('',(-0.558714179858734,4.82203249493036,10.));
#3943=CARTESIAN_POINT('',(-0.56561270552362,4.80795985687163,10.));
#3944=CARTESIAN_POINT('',(-0.57280090507526,4.7931097670574,10.));
#3945=CARTESIAN_POINT('',(-0.584677249134591,4.76833677636005,10.));
#3946=CARTESIAN_POINT('',(-0.593594210379156,4.74948179919914,10.));
#3947=CARTESIAN_POINT('',(-0.607206358551558,4.72020987519219,10.));
#3948=CARTESIAN_POINT('',(-0.619686940195461,4.69298924186859,9.99999999999999));
#3949=CARTESIAN_POINT('',(-0.633801134293573,4.661513307917,9.99999999999999));
#3950=CARTESIAN_POINT('',(-0.643307053137569,4.63989127616786,9.99999999999999));
#3951=CARTESIAN_POINT('',(-0.651744549571209,4.62052098120815,9.99999999999999));
#3952=CARTESIAN_POINT('',(-0.662151945769691,4.59636110192892,9.99999999999999));
#3953=CARTESIAN_POINT('',(-0.677261294381141,4.56046732804483,9.99999999999999));
#3954=CARTESIAN_POINT('',(-0.691417032914568,4.52593036396244,9.99999999999999));
#3955=CARTESIAN_POINT('',(-0.700731566973557,4.50268429445469,9.99999999999999));
#3956=CARTESIAN_POINT('',(-0.707746827681837,4.48498406717449,9.99999999999999));
#3957=CARTESIAN_POINT('',(-0.714337179692317,4.46819238850787,9.99999999999999));
#3958=CARTESIAN_POINT('',(-0.723392317399505,4.44473753226768,9.99999999999999));
#3959=CARTESIAN_POINT('',(-0.732769288936423,4.42001633633749,9.99999999999998));
#3960=CARTESIAN_POINT('',(-0.742552864717729,4.39372578333223,9.99999999999998));
#3961=CARTESIAN_POINT('',(-0.752536600980591,4.36634126520576,9.99999999999998));
#3962=CARTESIAN_POINT('',(-0.762792423723905,4.33759350136724,9.99999999999998));
#3963=CARTESIAN_POINT('',(-0.771891427677379,4.31149232300017,9.99999999999998));
#3964=CARTESIAN_POINT('',(-0.778981683400265,4.29073889196925,9.99999999999998));
#3965=CARTESIAN_POINT('',(-0.786514519838307,4.26840002432675,9.99999999999998));
#3966=CARTESIAN_POINT('',(-0.795745936444229,4.240483003962,9.99999999999998));
#3967=CARTESIAN_POINT('',(-0.809310660516616,4.19819586064734,9.99999999999998));
#3968=CARTESIAN_POINT('',(-0.824762243164884,4.14805359507679,9.99999999999998));
#3969=CARTESIAN_POINT('',(-0.841927476557637,4.08938034027141,9.99999999999997));
#3970=CARTESIAN_POINT('',(-0.857097743056095,4.0344387590024,9.99999999999997));
#3971=CARTESIAN_POINT('',(-0.86694983485087,3.9967986962464,9.99999999999997));
#3972=CARTESIAN_POINT('',(-0.875776656168376,3.96217072088282,9.99999999999997));
#3973=CARTESIAN_POINT('',(-0.885433993647037,3.92304838551563,9.99999999999997));
#3974=CARTESIAN_POINT('',(-0.898595882009865,3.86631311929262,9.99999999999996));
#3975=CARTESIAN_POINT('',(-0.911611276376079,3.80616705102034,9.99999999999996));
#3976=CARTESIAN_POINT('',(-0.924221481883304,3.74314862907898,9.99999999999996));
#3977=CARTESIAN_POINT('',(-0.936384539946177,3.67668341193376,9.99999999999996));
#3978=CARTESIAN_POINT('',(-0.944842576020242,3.62548211318312,9.99999999999996));
#3979=CARTESIAN_POINT('',(-0.952040987456796,3.57868055647532,9.99999999999996));
#3980=CARTESIAN_POINT('',(-0.958970257131669,3.53076976031145,9.99999999999995));
#3981=CARTESIAN_POINT('',(-0.967570661483688,3.46373318872671,9.99999999999995));
#3982=CARTESIAN_POINT('',(-0.975779109438963,3.38860733044835,9.99999999999995));
#3983=CARTESIAN_POINT('',(-0.982682019593879,3.31176285697612,9.99999999999995));
#3984=CARTESIAN_POINT('',(-0.987162996288701,3.24782921106516,9.99999999999994));
#3985=CARTESIAN_POINT('',(-0.990108316012042,3.19492481010033,9.99999999999994));
#3986=CARTESIAN_POINT('',(-0.992557074757937,3.14121138745062,9.99999999999994));
#3987=CARTESIAN_POINT('',(-0.994444593560468,3.07818539444032,9.99999999999994));
#3988=CARTESIAN_POINT('',(-0.995088163182999,3.02441057703063,9.99999999999994));
#3989=CARTESIAN_POINT('',(-0.995142724907291,2.99759192388585,9.99999999999994));
#3990=CARTESIAN_POINT('',(-0.995142722463823,2.9920916740484,9.99999999999994));
#3991=CARTESIAN_POINT('',(0.64102819218738,6.25025349266295,10.));
#3992=CARTESIAN_POINT('',(0.64102819218738,6.25025349266295,10.));
#3993=CARTESIAN_POINT('',(0.636509667925192,6.24708210820142,10.));
#3994=CARTESIAN_POINT('',(0.624534774107793,6.2386362080022,10.));
#3995=CARTESIAN_POINT('',(0.608361292674959,6.22708040680561,10.));
#3996=CARTESIAN_POINT('',(0.590339439271635,6.2140398716668,9.99999999999999));
#3997=CARTESIAN_POINT('',(0.572174449216285,6.20074324141447,9.99999999999999));
#3998=CARTESIAN_POINT('',(0.55356637092501,6.18691393536493,9.99999999999999));
#3999=CARTESIAN_POINT('',(0.540897625750009,6.17737162229261,9.99999999999999));
#4000=CARTESIAN_POINT('',(0.532278784556034,6.17084293363305,9.99999999999999));
#4001=CARTESIAN_POINT('',(0.524872651606448,6.1652087292573,9.99999999999999));
#4002=CARTESIAN_POINT('',(0.512996205838115,6.1561044851741,9.99999999999999));
#4003=CARTESIAN_POINT('',(0.499489923750873,6.1456545208741,9.99999999999999));
#4004=CARTESIAN_POINT('',(0.484221798368966,6.13371018062794,9.99999999999998));
#4005=CARTESIAN_POINT('',(0.469581404424393,6.12212505537746,9.99999999999998));
#4006=CARTESIAN_POINT('',(0.458100509609625,6.11294326084803,9.99999999999998));
#4007=CARTESIAN_POINT('',(0.44926045125317,6.10582426908269,9.99999999999998));
#4008=CARTESIAN_POINT('',(0.439711950722494,6.09809570859061,9.99999999999998));
#4009=CARTESIAN_POINT('',(0.426949249349765,6.0876776268562,9.99999999999998));
#4010=CARTESIAN_POINT('',(0.41119018753925,6.07466691445404,9.99999999999998));
#4011=CARTESIAN_POINT('',(0.394531124034774,6.06074596136944,9.99999999999998));
#4012=CARTESIAN_POINT('',(0.376761971755086,6.04570379772682,9.99999999999997));
#4013=CARTESIAN_POINT('',(0.358291219153594,6.02985145073401,9.99999999999997));
#4014=CARTESIAN_POINT('',(0.339855007962182,6.01380115865272,9.99999999999997));
#4015=CARTESIAN_POINT('',(0.326802581747947,6.00227901222766,9.99999999999997));
#4016=CARTESIAN_POINT('',(0.312896652055985,5.9899080439137,9.99999999999997));
#4017=CARTESIAN_POINT('',(0.297046732996738,5.97567679424417,9.99999999999997));
#4018=CARTESIAN_POINT('',(0.274147197619778,5.9547602205968,9.99999999999996));
#4019=CARTESIAN_POINT('',(0.249578465514733,5.93190470445917,9.99999999999996));
#4020=CARTESIAN_POINT('',(0.223535372173807,5.90719759042889,9.99999999999996));
#4021=CARTESIAN_POINT('',(0.195659961768266,5.8801855155887,9.99999999999995));
#4022=CARTESIAN_POINT('',(0.166626325708392,5.85140669431643,9.99999999999995));
#4023=CARTESIAN_POINT('',(0.14344818629761,5.82788039814043,9.99999999999995));
#4024=CARTESIAN_POINT('',(0.12311198061587,5.80690199736909,9.99999999999995));
#4025=CARTESIAN_POINT('',(0.10193353027305,5.78477580774284,9.99999999999994));
#4026=CARTESIAN_POINT('',(0.0731607306958386,5.7540579004037,9.99999999999994));
#4027=CARTESIAN_POINT('',(0.0403443802192478,5.71806601964522,9.99999999999994));
#4028=CARTESIAN_POINT('',(0.00692223839456707,5.68037596897272,9.99999999999993));
#4029=CARTESIAN_POINT('',(-0.0267249593245092,5.64133582113061,9.99999999999993));
#4030=CARTESIAN_POINT('',(-0.0606447376930743,5.60081307375091,9.99999999999993));
#4031=CARTESIAN_POINT('',(-0.0904064294477814,5.56418342457616,9.99999999999992));
#4032=CARTESIAN_POINT('',(-0.112783909671179,5.53595219593669,9.99999999999992));
#4033=CARTESIAN_POINT('',(-0.135085626138302,5.50738925706882,9.99999999999992));
#4034=CARTESIAN_POINT('',(-0.161129426315175,5.47333962536391,9.99999999999991));
#4035=CARTESIAN_POINT('',(-0.193760444615976,5.42935968270884,9.99999999999991));
#4036=CARTESIAN_POINT('',(-0.22583498035079,5.38478879992458,9.99999999999991));
#4037=CARTESIAN_POINT('',(-0.257296564702524,5.33971046516862,9.9999999999999));
#4038=CARTESIAN_POINT('',(-0.288086576573983,5.29422282648103,9.9999999999999));
#4039=CARTESIAN_POINT('',(-0.308641986924035,5.26291174392765,9.9999999999999));
#4040=CARTESIAN_POINT('',(-0.328490853689502,5.23219010496354,9.99999999999989));
#4041=CARTESIAN_POINT('',(-0.348164496706499,5.20126866789284,9.99999999999989));
#4042=CARTESIAN_POINT('',(-0.376601390888318,5.15521273189783,9.99999999999988));
#4043=CARTESIAN_POINT('',(-0.404834318933517,5.10805713347685,9.99999999999988));
#4044=CARTESIAN_POINT('',(-0.432294697192716,5.06075852613987,9.99999999999988));
#4045=CARTESIAN_POINT('',(-0.457852350516307,5.0153675540965,9.99999999999987));
#4046=CARTESIAN_POINT('',(-0.475161501472791,4.98373553346553,9.99999999999987));
#4047=CARTESIAN_POINT('',(-0.492075900172961,4.95235255249691,9.99999999999987));
#4048=CARTESIAN_POINT('',(-0.509582944670223,4.91931513155337,9.99999999999987));
#4049=CARTESIAN_POINT('',(-0.533536890182666,4.87274101083054,9.99999999999986));
#4050=CARTESIAN_POINT('',(-0.549031938627973,4.84170947522579,9.99999999999986));
#4051=CARTESIAN_POINT('',(-0.556633089379721,4.82626183426159,9.99999999999986));
#4052=CARTESIAN_POINT('',(2.51299250330612,6.90571735720099,10.));
#4053=CARTESIAN_POINT('',(2.51299250330612,6.90571735720099,10.));
#4054=CARTESIAN_POINT('',(2.50507204307712,6.9048444472585,10.));
#4055=CARTESIAN_POINT('',(2.48298810533443,6.90236299324283,10.));
#4056=CARTESIAN_POINT('',(2.45529012432787,6.89908262454803,10.));
#4057=CARTESIAN_POINT('',(2.41970406352251,6.89467110683718,9.99999999999999));
#4058=CARTESIAN_POINT('',(2.3813117525249,6.88967954598472,9.99999999999999));
#4059=CARTESIAN_POINT('',(2.3484318718793,6.88509456352435,9.99999999999999));
#4060=CARTESIAN_POINT('',(2.31927531819885,6.88088212911929,9.99999999999999));
#4061=CARTESIAN_POINT('',(2.29674649812241,6.87754606281888,9.99999999999998));
#4062=CARTESIAN_POINT('',(2.26440093423944,6.87253965560532,9.99999999999998));
#4063=CARTESIAN_POINT('',(2.23445276563007,6.86771974141634,9.99999999999998));
#4064=CARTESIAN_POINT('',(2.20945718418259,6.86354561692261,9.99999999999998));
#4065=CARTESIAN_POINT('',(2.19185833252603,6.8605241997009,9.99999999999998));
#4066=CARTESIAN_POINT('',(2.17547731633653,6.85767094640065,9.99999999999998));
#4067=CARTESIAN_POINT('',(2.15514532373517,6.85405867587733,9.99999999999997));
#4068=CARTESIAN_POINT('',(2.12774717651688,6.84903564483978,9.99999999999997));
#4069=CARTESIAN_POINT('',(2.09817497188893,6.84343241890466,9.99999999999997));
#4070=CARTESIAN_POINT('',(2.07289069079815,6.83847327033715,9.99999999999997));
#4071=CARTESIAN_POINT('',(2.05109173301439,6.83408409128415,9.99999999999997));
#4072=CARTESIAN_POINT('',(2.02787180438913,6.82932142276884,9.99999999999996));
#4073=CARTESIAN_POINT('',(1.99744074002616,6.82289176786352,9.99999999999996));
#4074=CARTESIAN_POINT('',(1.96005179253039,6.81467889664405,9.99999999999996));
#4075=CARTESIAN_POINT('',(1.92978305513344,6.80775982226242,9.99999999999996));
#4076=CARTESIAN_POINT('',(1.90281169259266,6.80141987952241,9.99999999999995));
#4077=CARTESIAN_POINT('',(1.87393440634358,6.79448723168007,9.99999999999995));
#4078=CARTESIAN_POINT('',(1.83451492483865,6.78467718268543,9.99999999999995));
#4079=CARTESIAN_POINT('',(1.78749832242875,6.77243825682675,9.99999999999994));
#4080=CARTESIAN_POINT('',(1.73837180313561,6.75904462287806,9.99999999999994));
#4081=CARTESIAN_POINT('',(1.68684413849746,6.74431007863738,9.99999999999994));
#4082=CARTESIAN_POINT('',(1.64178156066211,6.73078241183757,9.99999999999993));
#4083=CARTESIAN_POINT('',(1.60599840476287,6.7196210432763,9.99999999999993));
#4084=CARTESIAN_POINT('',(1.56938146009386,6.70791887700766,9.99999999999993));
#4085=CARTESIAN_POINT('',(1.52378105658654,6.6928218943679,9.99999999999993));
#4086=CARTESIAN_POINT('',(1.46622952704497,6.67279771934261,9.99999999999992));
#4087=CARTESIAN_POINT('',(1.40720792928817,6.65119786140164,9.99999999999992));
#4088=CARTESIAN_POINT('',(1.34647875748475,6.62780743277989,9.99999999999991));
#4089=CARTESIAN_POINT('',(1.30078221542041,6.60927452189531,9.99999999999991));
#4090=CARTESIAN_POINT('',(1.25896453068049,6.59175861020475,9.99999999999991));
#4091=CARTESIAN_POINT('',(1.21624096519158,6.57338830993149,9.9999999999999));
#4092=CARTESIAN_POINT('',(1.15712399073199,6.54676011467968,9.9999999999999));
#4093=CARTESIAN_POINT('',(1.0926159989347,6.51613371747555,9.99999999999989));
#4094=CARTESIAN_POINT('',(1.03797317043326,6.48879638993288,9.99999999999989));
#4095=CARTESIAN_POINT('',(0.9949308552233,6.46637395025166,9.99999999999988));
#4096=CARTESIAN_POINT('',(0.944068464849767,6.43917673609561,9.99999999999988));
#4097=CARTESIAN_POINT('',(0.876017300227963,6.40104194590595,9.99999999999988));
#4098=CARTESIAN_POINT('',(0.801548449552153,6.35629575328892,9.99999999999987));
#4099=CARTESIAN_POINT('',(0.744530577764296,6.32009242061606,9.99999999999986));
#4100=CARTESIAN_POINT('',(0.694741111239837,6.28736834743435,9.99999999999986));
#4101=CARTESIAN_POINT('',(0.662048304650673,6.26500687786682,9.99999999999986));
#4102=CARTESIAN_POINT('',(0.64102819218738,6.25025349266295,9.99999999999986));
#4103=CARTESIAN_POINT('',(5.87967485389487,7.,10.));
#4104=CARTESIAN_POINT('',(5.87967485389487,7.,10.));
#4105=CARTESIAN_POINT('',(5.85761484778716,6.99984403820571,10.));
#4106=CARTESIAN_POINT('',(5.81273514404909,6.99951940776597,10.));
#4107=CARTESIAN_POINT('',(5.73395609789987,6.99892258862182,10.));
#4108=CARTESIAN_POINT('',(5.67666950861724,6.99846307336579,9.99999999999999));
#4109=CARTESIAN_POINT('',(5.61813612020778,6.99797698928499,9.99999999999999));
#4110=CARTESIAN_POINT('',(5.5734216878032,6.99759661154718,9.99999999999999));
#4111=CARTESIAN_POINT('',(5.50961258992199,6.99702988224612,9.99999999999999));
#4112=CARTESIAN_POINT('',(5.4506270290193,6.99648553267799,9.99999999999999));
#4113=CARTESIAN_POINT('',(5.39565585055508,6.99595904497055,9.99999999999999));
#4114=CARTESIAN_POINT('',(5.35920265975998,6.99559804454243,9.99999999999998));
#4115=CARTESIAN_POINT('',(5.32589197460393,6.99526275320652,9.99999999999998));
#4116=CARTESIAN_POINT('',(5.28937478252139,6.99488923382158,9.99999999999998));
#4117=CARTESIAN_POINT('',(5.23386589911753,6.99430244489682,9.99999999999998));
#4118=CARTESIAN_POINT('',(5.17206078943788,6.99362482570809,9.99999999999998));
#4119=CARTESIAN_POINT('',(5.10571728479341,6.99286845079,9.99999999999998));
#4120=CARTESIAN_POINT('',(5.03374915048475,6.9920125527497,9.99999999999998));
#4121=CARTESIAN_POINT('',(4.95796088449704,6.99106968050163,9.99999999999997));
#4122=CARTESIAN_POINT('',(4.87811211101768,6.99002841462039,9.99999999999997));
#4123=CARTESIAN_POINT('',(4.81651603297317,6.98918498927322,9.99999999999997));
#4124=CARTESIAN_POINT('',(4.75958535427178,6.98837993891752,9.99999999999997));
#4125=CARTESIAN_POINT('',(4.69957746442219,6.98750899013295,9.99999999999997));
#4126=CARTESIAN_POINT('',(4.61539792931752,6.98622823318484,9.99999999999996));
#4127=CARTESIAN_POINT('',(4.51947939334001,6.98468391029323,9.99999999999996));
#4128=CARTESIAN_POINT('',(4.42027017004396,6.9829896318274,9.99999999999996));
#4129=CARTESIAN_POINT('',(4.3175957738673,6.98112453571183,9.99999999999995));
#4130=CARTESIAN_POINT('',(4.21316863228247,6.97910208354781,9.99999999999995));
#4131=CARTESIAN_POINT('',(4.10774279276906,6.97692157174758,9.99999999999995));
#4132=CARTESIAN_POINT('',(4.00199926246171,6.97458308843268,9.99999999999994));
#4133=CARTESIAN_POINT('',(3.89550367502142,6.97206038136801,9.99999999999994));
#4134=CARTESIAN_POINT('',(3.81859632100795,6.97010449827055,9.99999999999994));
#4135=CARTESIAN_POINT('',(3.74704758262792,6.96820451856684,9.99999999999994));
#4136=CARTESIAN_POINT('',(3.67561975776527,6.96623731411649,9.99999999999994));
#4137=CARTESIAN_POINT('',(3.5740826447431,6.96323897228115,9.99999999999993));
#4138=CARTESIAN_POINT('',(3.46672394704578,6.9598079788073,9.99999999999993));
#4139=CARTESIAN_POINT('',(3.35932400453012,6.95607815881468,9.99999999999993));
#4140=CARTESIAN_POINT('',(3.25210317042531,6.95201297937175,9.99999999999992));
#4141=CARTESIAN_POINT('',(3.14527009589589,6.94756738134237,9.99999999999992));
#4142=CARTESIAN_POINT('',(3.03900006479826,6.94267989942863,9.99999999999992));
#4143=CARTESIAN_POINT('',(2.95399964988957,6.93832262046392,9.99999999999991));
#4144=CARTESIAN_POINT('',(2.88364545578471,6.93439232460604,9.99999999999991));
#4145=CARTESIAN_POINT('',(2.81342582565152,6.93021407089825,9.99999999999991));
#4146=CARTESIAN_POINT('',(2.72252065614199,6.92419455972926,9.99999999999991));
#4147=CARTESIAN_POINT('',(2.63904823934707,6.9177190732162,9.99999999999991));
#4148=CARTESIAN_POINT('',(2.56920221362624,6.91149087771191,9.9999999999999));
#4149=CARTESIAN_POINT('',(2.53435697290756,6.90801772575875,9.9999999999999));
#4150=CARTESIAN_POINT('',(2.51299250330612,6.90571735720099,9.9999999999999));
#4151=CARTESIAN_POINT('',(9.58541342622263,7.,10.));
#4152=VECTOR('',#4153,1.);
#4153=DIRECTION('',(-1.,-2.39676491572425E-16,0.));
#4154=CARTESIAN_POINT('',(-3.27388955489636,-3.01514066739147,10.));
#4155=CARTESIAN_POINT('',(-2.27388955489636,-2.01514066739147,10.));
#4156=AXIS2_PLACEMENT_3D('',#4157,#4158,#4159);
#4157=CARTESIAN_POINT('',(-3.27388955489636,-2.01514066739147,10.));
#4158=DIRECTION('',(0.,0.,-1.));
#4159=DIRECTION('',(1.,-8.88178419700125E-16,0.));
#4160=CARTESIAN_POINT('',(-10.3365384260466,-3.01514066739147,10.));
#4161=CARTESIAN_POINT('',(-10.3365384260466,-3.01514066739147,10.));
#4162=VECTOR('',#4163,1.);
#4163=DIRECTION('',(1.,-1.25757125393588E-16,0.));
#4164=CARTESIAN_POINT('',(-11.3365384260466,-2.01514066739147,10.));
#4165=AXIS2_PLACEMENT_3D('',#4166,#4167,#4168);
#4166=CARTESIAN_POINT('',(-10.3365384260466,-2.01514066739147,10.));
#4167=DIRECTION('',(0.,0.,-1.));
#4168=DIRECTION('',(1.77635683940025E-15,-1.,0.));
#4169=CARTESIAN_POINT('',(-11.3365384260466,-1.87442172649475,10.));
#4170=CARTESIAN_POINT('',(-11.3365384260466,-1.87442172649475,10.));
#4171=VECTOR('',#4172,1.);
#4172=DIRECTION('',(0.,-1.,0.));
#4173=CARTESIAN_POINT('',(-10.3365384260466,-0.874421726494747,10.));
#4174=AXIS2_PLACEMENT_3D('',#4175,#4176,#4177);
#4175=CARTESIAN_POINT('',(-10.3365384260466,-1.87442172649475,10.));
#4176=DIRECTION('',(0.,0.,-1.));
#4177=DIRECTION('',(-1.,0.,0.));
#4178=CARTESIAN_POINT('',(-8.13017705489636,-0.874421726494747,10.));
#4179=CARTESIAN_POINT('',(-8.13017705489636,-0.874421726494748,10.));
#4180=VECTOR('',#4181,1.);
#4181=DIRECTION('',(-1.,1.00638366782713E-16,0.));
#4182=CARTESIAN_POINT('',(-8.13017705489636,6.,10.));
#4183=CARTESIAN_POINT('',(-8.13017705489636,6.,10.));
#4184=VECTOR('',#4185,1.);
#4185=DIRECTION('',(0.,-1.,0.));
#4186=CARTESIAN_POINT('',(-7.13017705489636,7.,10.));
#4187=AXIS2_PLACEMENT_3D('',#4188,#4189,#4190);
#4188=CARTESIAN_POINT('',(-7.13017705489636,6.,10.));
#4189=DIRECTION('',(0.,0.,-1.));
#4190=DIRECTION('',(-1.,0.,0.));
#4191=CARTESIAN_POINT('',(-6.48019304755931,7.,10.));
#4192=CARTESIAN_POINT('',(-6.48019304755931,7.,10.));
#4193=VECTOR('',#4194,1.);
#4194=DIRECTION('',(-1.,0.,0.));
#4195=CARTESIAN_POINT('',(-5.48019304755931,6.,10.));
#4196=AXIS2_PLACEMENT_3D('',#4197,#4198,#4199);
#4197=CARTESIAN_POINT('',(-6.48019304755931,6.,10.));
#4198=DIRECTION('',(0.,0.,-1.));
#4199=DIRECTION('',(0.,1.,0.));
#4200=CARTESIAN_POINT('',(-5.48019304755931,-0.874421726494748,10.));
#4201=CARTESIAN_POINT('',(-5.48019304755931,-0.874421726494748,10.));
#4202=VECTOR('',#4203,1.);
#4203=DIRECTION('',(0.,1.,0.));
#4204=CARTESIAN_POINT('',(-3.27388955489636,-0.874421726494748,10.));
#4205=CARTESIAN_POINT('',(-3.27388955489636,-0.874421726494748,10.));
#4206=VECTOR('',#4207,1.);
#4207=DIRECTION('',(-1.,1.00641006853064E-16,0.));
#4208=CARTESIAN_POINT('',(-2.27388955489636,-1.87442172649475,10.));
#4209=AXIS2_PLACEMENT_3D('',#4210,#4211,#4212);
#4210=CARTESIAN_POINT('',(-3.27388955489636,-1.87442172649475,10.));
#4211=DIRECTION('',(0.,0.,-1.));
#4212=DIRECTION('',(4.44089209850063E-16,1.,0.));
#4213=CARTESIAN_POINT('',(-2.27388955489636,-2.01514066739147,10.));
#4214=VECTOR('',#4215,1.);
#4215=DIRECTION('',(3.15585952409913E-15,1.,0.));
#4216=CARTESIAN_POINT('',(15.5,-8.94892917243921,9.));
#4217=CARTESIAN_POINT('',(15.5,8.94892917243919,9.));
#4218=CARTESIAN_POINT('',(15.5,-8.94892917243921,9.));
#4219=VECTOR('',#4220,1.);
#4220=DIRECTION('',(9.92496870391517E-16,1.,0.));
#4221=CARTESIAN_POINT('',(15.5,8.94892917243919,9.));
#4222=VECTOR('',#4223,1.);
#4223=DIRECTION('',(-0.654653670707977,-0.377964473009226,0.654653670707977));
#4224=CARTESIAN_POINT('',(15.5,-8.94892917243921,9.));
#4225=VECTOR('',#4226,1.);
#4226=DIRECTION('',(-0.654653670707977,0.377964473009227,0.654653670707977));
#4227=CARTESIAN_POINT('',(1.06927227473321E-14,17.8978583448784,9.));
#4228=CARTESIAN_POINT('',(15.5,8.94892917243919,9.));
#4229=VECTOR('',#4230,1.);
#4230=DIRECTION('',(-0.866025403784439,0.5,0.));
#4231=CARTESIAN_POINT('',(1.06581410364015E-14,17.8978583448784,9.));
#4232=VECTOR('',#4233,1.);
#4233=DIRECTION('',(-6.3596013107845E-16,-0.755928946018455,0.654653670707976));
#4234=CARTESIAN_POINT('',(-15.5,8.94892917243921,9.));
#4235=CARTESIAN_POINT('',(1.08234525925818E-14,17.8978583448784,9.));
#4236=VECTOR('',#4237,1.);
#4237=DIRECTION('',(-0.866025403784439,-0.499999999999999,0.));
#4238=CARTESIAN_POINT('',(-15.5,8.94892917243921,9.));
#4239=VECTOR('',#4240,1.);
#4240=DIRECTION('',(0.654653670707977,-0.377964473009226,0.654653670707977));
#4241=CARTESIAN_POINT('',(-15.5,-8.94892917243919,9.));
#4242=CARTESIAN_POINT('',(-15.5,8.94892917243921,9.));
#4243=VECTOR('',#4244,1.);
#4244=DIRECTION('',(-4.96248435195759E-16,-1.,0.));
#4245=CARTESIAN_POINT('',(-15.5,-8.94892917243918,9.));
#4246=VECTOR('',#4247,1.);
#4247=DIRECTION('',(0.654653670707979,0.377964473009223,0.654653670707978));
#4248=CARTESIAN_POINT('',(-1.16012013758809E-14,-17.8978583448784,9.));
#4249=CARTESIAN_POINT('',(-15.5,-8.94892917243919,9.));
#4250=VECTOR('',#4251,1.);
#4251=DIRECTION('',(0.866025403784438,-0.500000000000001,0.));
#4252=CARTESIAN_POINT('',(-1.24344978758018E-14,-17.8978583448784,9.));
#4253=VECTOR('',#4254,1.);
#4254=DIRECTION('',(2.48932965593565E-15,0.755928946018455,0.654653670707977));
#4255=CARTESIAN_POINT('',(-1.076790487596E-14,-17.8978583448784,9.));
#4256=VECTOR('',#4257,1.);
#4257=DIRECTION('',(0.866025403784439,0.5,0.));
#4258=CARTESIAN_POINT('',(-3.27388955489636,-1.87442172649475,9.));
#4259=CARTESIAN_POINT('',(-6.48019304755931,-1.87442172649475,9.));
#4260=CARTESIAN_POINT('',(-3.27388955489636,-1.87442172649475,9.));
#4261=VECTOR('',#4262,1.);
#4262=DIRECTION('',(-1.,6.92525225491412E-17,0.));
#4263=CARTESIAN_POINT('',(-6.48019304755931,6.,9.));
#4264=CARTESIAN_POINT('',(-6.48019304755931,-1.87442172649475,9.));
#4265=VECTOR('',#4266,1.);
#4266=DIRECTION('',(2.25585687571624E-16,1.,0.));
#4267=CARTESIAN_POINT('',(-7.13017705489636,6.,9.));
#4268=CARTESIAN_POINT('',(-6.48019304755932,6.,9.));
#4269=VECTOR('',#4270,1.);
#4270=DIRECTION('',(-1.,0.,0.));
#4271=CARTESIAN_POINT('',(-7.13017705489636,-1.87442172649475,9.));
#4272=CARTESIAN_POINT('',(-7.13017705489636,6.,9.));
#4273=VECTOR('',#4274,1.);
#4274=DIRECTION('',(0.,-1.,0.));
#4275=CARTESIAN_POINT('',(-10.3365384260466,-1.87442172649475,9.));
#4276=CARTESIAN_POINT('',(-7.13017705489636,-1.87442172649475,9.));
#4277=VECTOR('',#4278,1.);
#4278=DIRECTION('',(-1.,1.3850254492392E-16,0.));
#4279=CARTESIAN_POINT('',(-10.3365384260466,-2.01514066739147,9.));
#4280=CARTESIAN_POINT('',(-10.3365384260466,-1.87442172649475,9.));
#4281=VECTOR('',#4282,1.);
#4282=DIRECTION('',(0.,-1.,0.));
#4283=CARTESIAN_POINT('',(-3.27388955489636,-2.01514066739147,9.));
#4284=CARTESIAN_POINT('',(-10.3365384260466,-2.01514066739147,9.));
#4285=VECTOR('',#4286,1.);
#4286=DIRECTION('',(1.,-1.25757125393588E-16,0.));
#4287=CARTESIAN_POINT('',(-3.27388955489636,-2.01514066739147,9.));
#4288=VECTOR('',#4289,1.);
#4289=DIRECTION('',(6.31171904819825E-15,1.,0.));
#4290=CARTESIAN_POINT('',(2.00362027809041,-4.65279227360544,9.));
#4291=CARTESIAN_POINT('',(3.68811412666667,-5.47000006126112,9.));
#4292=CARTESIAN_POINT('',(2.00362025185983,-4.65279224387602,9.));
#4293=CARTESIAN_POINT('',(2.05287645800418,-4.7086186377031,9.));
#4294=CARTESIAN_POINT('',(2.14101713637999,-4.79803410559503,9.));
#4295=CARTESIAN_POINT('',(2.29094434838284,-4.92824725925098,9.));
#4296=CARTESIAN_POINT('',(2.37169640479541,-4.98870560838304,9.));
#4297=CARTESIAN_POINT('',(2.53846366870607,-5.09932876867499,9.));
#4298=CARTESIAN_POINT('',(2.62743634456733,-5.14921414434443,9.));
#4299=CARTESIAN_POINT('',(2.81058934415357,-5.24025144914982,9.));
#4300=CARTESIAN_POINT('',(2.90752416052124,-5.27968962846741,9.));
#4301=CARTESIAN_POINT('',(3.10766855866983,-5.35128016031073,9.));
#4302=CARTESIAN_POINT('',(3.21302234467009,-5.38046667229825,9.));
#4303=CARTESIAN_POINT('',(3.43216863412798,-5.43258221368206,9.));
#4304=CARTESIAN_POINT('',(3.54720436185256,-5.45203215212376,9.));
#4305=CARTESIAN_POINT('',(3.66858859666313,-5.46760354015412,9.));
#4306=CARTESIAN_POINT('',(3.6764826807823,-5.46858580411242,9.));
#4307=CARTESIAN_POINT('',(3.68553305606128,-5.46968623115983,9.));
#4308=CARTESIAN_POINT('',(3.68682567358076,-5.4698433993696,9.));
#4309=CARTESIAN_POINT('',(3.68811413064357,-5.47000006171317,9.));
#4310=CARTESIAN_POINT('',(1.39984175624984,-2.94910233075202,9.));
#4311=CARTESIAN_POINT('',(1.39984175624984,-2.94910233075202,9.));
#4312=CARTESIAN_POINT('',(1.39984175624984,-3.04905212763555,9.));
#4313=CARTESIAN_POINT('',(1.40570456692318,-3.18956962309715,9.));
#4314=CARTESIAN_POINT('',(1.43427165968564,-3.42221109935687,9.));
#4315=CARTESIAN_POINT('',(1.4532984021835,-3.53505073576915,9.));
#4316=CARTESIAN_POINT('',(1.50729800806842,-3.74996314698038,9.));
#4317=CARTESIAN_POINT('',(1.53950681405154,-3.85479318343568,9.));
#4318=CARTESIAN_POINT('',(1.61765662353307,-4.05320438686875,9.));
#4319=CARTESIAN_POINT('',(1.66252304261334,-4.14998197297136,9.));
#4320=CARTESIAN_POINT('',(1.76368095150544,-4.33203205248155,9.));
#4321=CARTESIAN_POINT('',(1.820426882162,-4.42018381129949,9.));
#4322=CARTESIAN_POINT('',(1.92044695225012,-4.55453173684093,9.));
#4323=CARTESIAN_POINT('',(1.96575738769398,-4.60987893418457,9.));
#4324=CARTESIAN_POINT('',(2.00362030432099,-4.65279230333486,9.));
#4325=CARTESIAN_POINT('',(1.99494562198326,-1.27758113070844,9.));
#4326=CARTESIAN_POINT('',(1.9949456219839,-1.27758113070771,9.));
#4327=CARTESIAN_POINT('',(1.96187362854076,-1.31537905484863,9.));
#4328=CARTESIAN_POINT('',(1.92438502370773,-1.36108443789354,9.));
#4329=CARTESIAN_POINT('',(1.83127267444737,-1.4834457351347,9.));
#4330=CARTESIAN_POINT('',(1.77296541740684,-1.57148847416141,9.));
#4331=CARTESIAN_POINT('',(1.67043994238547,-1.75159955342154,9.));
#4332=CARTESIAN_POINT('',(1.62502187861731,-1.84634784320557,9.));
#4333=CARTESIAN_POINT('',(1.54674532112852,-2.03875214740477,9.));
#4334=CARTESIAN_POINT('',(1.51421451916037,-2.1393670391051,9.));
#4335=CARTESIAN_POINT('',(1.46008195357177,-2.34340382527681,9.));
#4336=CARTESIAN_POINT('',(1.44029184774874,-2.44946355138203,9.));
#4337=CARTESIAN_POINT('',(1.41027080007443,-2.66539197418057,9.));
#4338=CARTESIAN_POINT('',(1.40272508332828,-2.7770219794894,9.));
#4339=CARTESIAN_POINT('',(1.40002955357873,-2.90743093288123,9.));
#4340=CARTESIAN_POINT('',(1.39984175624984,-2.92887104748823,9.));
#4341=CARTESIAN_POINT('',(1.39984175624984,-2.94910233075202,9.));
#4342=CARTESIAN_POINT('',(1.04748797807919,-2.10508711975355,9.));
#4343=CARTESIAN_POINT('',(1.99494562198262,-1.27758113070917,9.));
#4344=CARTESIAN_POINT('',(1.90212238326185,-1.32124996076751,9.));
#4345=CARTESIAN_POINT('',(1.83202769088552,-1.36010833948719,9.));
#4346=CARTESIAN_POINT('',(1.6690972530563,-1.46128034601692,9.));
#4347=CARTESIAN_POINT('',(1.58835639329682,-1.51853741268211,9.));
#4348=CARTESIAN_POINT('',(1.43861198288257,-1.64121933520755,9.));
#4349=CARTESIAN_POINT('',(1.3687488093719,-1.70656456628261,9.));
#4350=CARTESIAN_POINT('',(1.23689458279301,-1.84704185120977,9.));
#4351=CARTESIAN_POINT('',(1.17482067813782,-1.92288355210317,9.));
#4352=CARTESIAN_POINT('',(1.0932506263095,-2.03604728289037,9.));
#4353=CARTESIAN_POINT('',(1.07094169665521,-2.06874462060974,9.));
#4354=CARTESIAN_POINT('',(1.04748797807919,-2.10508711975355,9.));
#4355=CARTESIAN_POINT('',(0.68387729076066,-3.34515877164874,9.));
#4356=CARTESIAN_POINT('',(1.04748797807919,-2.10508711975355,9.));
#4357=CARTESIAN_POINT('',(0.981036846515797,-2.2080558743295,9.));
#4358=CARTESIAN_POINT('',(0.940238938614888,-2.28301282187612,9.));
#4359=CARTESIAN_POINT('',(0.855206379668879,-2.46280231551645,9.));
#4360=CARTESIAN_POINT('',(0.819524117463372,-2.5523929817112,9.));
#4361=CARTESIAN_POINT('',(0.761268951636925,-2.73373743707123,9.));
#4362=CARTESIAN_POINT('',(0.738308109238008,-2.82594960348293,9.));
#4363=CARTESIAN_POINT('',(0.703599986333481,-3.01595302259704,9.));
#4364=CARTESIAN_POINT('',(0.692487582970943,-3.11450753184439,9.));
#4365=CARTESIAN_POINT('',(0.684963428241115,-3.25746148306809,9.));
#4366=CARTESIAN_POINT('',(0.68387729076066,-3.29939650266898,9.));
#4367=CARTESIAN_POINT('',(0.68387729076066,-3.34515877164874,9.));
#4368=CARTESIAN_POINT('',(0.970171903075398,-4.45550234572136,9.));
#4369=CARTESIAN_POINT('',(0.68387729076066,-3.34515877164874,9.));
#4370=CARTESIAN_POINT('',(0.68387729076066,-3.47089458640036,9.));
#4371=CARTESIAN_POINT('',(0.690051829793162,-3.56057074607222,9.));
#4372=CARTESIAN_POINT('',(0.715780051993824,-3.75985363443972,9.));
#4373=CARTESIAN_POINT('',(0.733410774187448,-3.85332950483852,9.));
#4374=CARTESIAN_POINT('',(0.779991539722269,-4.03005283326157,9.));
#4375=CARTESIAN_POINT('',(0.807965717933086,-4.11425019398808,9.));
#4376=CARTESIAN_POINT('',(0.874534193056752,-4.27695188233224,9.));
#4377=CARTESIAN_POINT('',(0.913110644622628,-4.35590925187772,9.));
#4378=CARTESIAN_POINT('',(0.961177958982446,-4.4401007757753,9.));
#4379=CARTESIAN_POINT('',(0.965578191402084,-4.44769297395709,9.));
#4380=CARTESIAN_POINT('',(0.970171888319199,-4.45550232063562,9.));
#4381=CARTESIAN_POINT('',(1.73229411035109,-5.29136108248245,9.));
#4382=CARTESIAN_POINT('',(0.970171917831596,-4.4555023708071,9.));
#4383=CARTESIAN_POINT('',(1.0426760326621,-4.57876035973491,9.));
#4384=CARTESIAN_POINT('',(1.10294378577884,-4.66729621177616,9.));
#4385=CARTESIAN_POINT('',(1.24585001090604,-4.85184300324658,9.));
#4386=CARTESIAN_POINT('',(1.31845136444916,-4.93532270468224,9.));
#4387=CARTESIAN_POINT('',(1.46871744442808,-5.08508968822988,9.));
#4388=CARTESIAN_POINT('',(1.5459808975017,-5.15308749304947,9.));
#4389=CARTESIAN_POINT('',(1.66148749963672,-5.24163981102975,9.));
#4390=CARTESIAN_POINT('',(1.69470766666213,-5.26574755307603,9.));
#4391=CARTESIAN_POINT('',(1.73229412742367,-5.29136109411667,9.));
#4392=CARTESIAN_POINT('',(2.77921966346262,-5.70233274039978,9.));
#4393=CARTESIAN_POINT('',(1.7322940932785,-5.29136107084822,9.));
#4394=CARTESIAN_POINT('',(1.83644370998394,-5.36233450625388,9.));
#4395=CARTESIAN_POINT('',(1.91256887614888,-5.40576326449412,9.));
#4396=CARTESIAN_POINT('',(2.10360644365316,-5.50237593792413,9.));
#4397=CARTESIAN_POINT('',(2.2033912347869,-5.54464474772023,9.));
#4398=CARTESIAN_POINT('',(2.41306113426417,-5.61897633997877,9.));
#4399=CARTESIAN_POINT('',(2.52431585910771,-5.65007245562887,9.));
#4400=CARTESIAN_POINT('',(2.68435774861156,-5.68515769758123,9.));
#4401=CARTESIAN_POINT('',(2.73018775498744,-5.6931614431785,9.));
#4402=CARTESIAN_POINT('',(2.77921966346263,-5.70233274039978,9.));
#4403=CARTESIAN_POINT('',(5.05920190896722,-5.8249918127718,9.));
#4404=CARTESIAN_POINT('',(2.77921966346262,-5.70233274039978,9.));
#4405=CARTESIAN_POINT('',(2.84752529795776,-5.71391640700477,9.));
#4406=CARTESIAN_POINT('',(2.90349465928903,-5.72177928861593,9.));
#4407=CARTESIAN_POINT('',(3.05004212608308,-5.74107804140447,9.));
#4408=CARTESIAN_POINT('',(3.13544144782563,-5.75006874367244,9.));
#4409=CARTESIAN_POINT('',(3.33137817731705,-5.76902996535611,9.));
#4410=CARTESIAN_POINT('',(3.44398009641653,-5.77731149559472,9.));
#4411=CARTESIAN_POINT('',(3.70142866802052,-5.79437477371841,9.));
#4412=CARTESIAN_POINT('',(3.84805860050805,-5.8010976882676,9.));
#4413=CARTESIAN_POINT('',(4.18251755190447,-5.81433099385191,9.));
#4414=CARTESIAN_POINT('',(4.37184392189298,-5.81848713706626,9.));
#4415=CARTESIAN_POINT('',(4.72680291128141,-5.82407427176488,9.));
#4416=CARTESIAN_POINT('',(4.89229856204944,-5.82426087054317,9.));
#4417=CARTESIAN_POINT('',(5.05920190896722,-5.8249918127718,9.));
#4418=CARTESIAN_POINT('',(9.58541342622263,-5.8249918127718,9.));
#4419=CARTESIAN_POINT('',(5.05920190896722,-5.8249918127718,9.));
#4420=VECTOR('',#4421,1.);
#4421=DIRECTION('',(1.,0.,0.));
#4422=CARTESIAN_POINT('',(9.58541342622263,6.,9.));
#4423=CARTESIAN_POINT('',(9.58541342622263,-5.8249918127718,9.));
#4424=VECTOR('',#4425,1.);
#4425=DIRECTION('',(0.,1.,0.));
#4426=CARTESIAN_POINT('',(5.87967485389487,6.,9.));
#4427=CARTESIAN_POINT('',(9.58541342622263,6.,9.));
#4428=VECTOR('',#4429,1.);
#4429=DIRECTION('',(-1.,0.,0.));
#4430=CARTESIAN_POINT('',(2.62145268977033,5.91161586128489,9.));
#4431=CARTESIAN_POINT('',(5.87967485389487,6.,9.));
#4432=CARTESIAN_POINT('',(5.58474072926047,5.9971639426153,9.));
#4433=CARTESIAN_POINT('',(5.28953773199968,5.99527166549676,9.));
#4434=CARTESIAN_POINT('',(4.77022828148221,5.98853429985668,9.));
#4435=CARTESIAN_POINT('',(4.54555079829356,5.9853543405478,9.));
#4436=CARTESIAN_POINT('',(4.15221778252977,5.97770935812635,9.));
#4437=CARTESIAN_POINT('',(3.98301924994571,5.9741904903149,9.));
#4438=CARTESIAN_POINT('',(3.68759787793825,5.96621754141476,9.));
#4439=CARTESIAN_POINT('',(3.56072427742375,5.96259362011356,9.));
#4440=CARTESIAN_POINT('',(3.34008780298257,5.95468530277305,9.));
#4441=CARTESIAN_POINT('',(3.24553891895197,5.95112313419701,9.));
#4442=CARTESIAN_POINT('',(3.08213938427993,5.94356318472086,9.));
#4443=CARTESIAN_POINT('',(3.01232864356746,5.94018307328981,9.));
#4444=CARTESIAN_POINT('',(2.89289969820873,5.93318538156873,9.));
#4445=CARTESIAN_POINT('',(2.84208953838359,5.9300776662702,9.));
#4446=CARTESIAN_POINT('',(2.75666560801481,5.92382073833014,9.));
#4447=CARTESIAN_POINT('',(2.72056699272819,5.9210580477652,9.));
#4448=CARTESIAN_POINT('',(2.66410390224491,5.91594061307755,9.));
#4449=CARTESIAN_POINT('',(2.64430400646791,5.91407742452972,9.));
#4450=CARTESIAN_POINT('',(2.62145268977033,5.91161586128489,9.));
#4451=CARTESIAN_POINT('',(1.21551408620784,5.43173901046272,9.));
#4452=CARTESIAN_POINT('',(2.62145268977033,5.91161586128489,9.));
#4453=CARTESIAN_POINT('',(2.44950387748194,5.8926332334007,9.));
#4454=CARTESIAN_POINT('',(2.31075572526877,5.86965291375532,9.));
#4455=CARTESIAN_POINT('',(2.03428934189703,5.80531043554299,9.));
#4456=CARTESIAN_POINT('',(1.90857819171279,5.76971965465039,9.));
#4457=CARTESIAN_POINT('',(1.68301037655464,5.68724886940141,9.));
#4458=CARTESIAN_POINT('',(1.57991061045624,5.64317130900111,9.));
#4459=CARTESIAN_POINT('',(1.39260070472775,5.54624517686911,9.));
#4460=CARTESIAN_POINT('',(1.30630098073626,5.49481366994191,9.));
#4461=CARTESIAN_POINT('',(1.22158352891948,5.43598731345939,9.));
#4462=CARTESIAN_POINT('',(1.21856578628284,5.43388088905375,9.));
#4463=CARTESIAN_POINT('',(1.21551408620784,5.43173901046272,9.));
#4464=CARTESIAN_POINT('',(0.340625498216298,4.38475642434547,9.));
#4465=CARTESIAN_POINT('',(1.21551408620784,5.43173901046272,9.));
#4466=CARTESIAN_POINT('',(1.10824125568632,5.35644806658034,9.));
#4467=CARTESIAN_POINT('',(1.03685396625018,5.29746332398561,9.));
#4468=CARTESIAN_POINT('',(0.873273486601009,5.14716796984999,9.));
#4469=CARTESIAN_POINT('',(0.796365144092945,5.06634333396032,9.));
#4470=CARTESIAN_POINT('',(0.650119831348494,4.89224795015128,9.));
#4471=CARTESIAN_POINT('',(0.581081178192982,4.79742131091173,9.));
#4472=CARTESIAN_POINT('',(0.452943503553127,4.59878926574535,9.));
#4473=CARTESIAN_POINT('',(0.400376590699069,4.49766554435272,9.));
#4474=CARTESIAN_POINT('',(0.340625492490845,4.3847564127098,9.));
#4475=CARTESIAN_POINT('',(0.00485727753617687,2.99209166666667,9.));
#4476=CARTESIAN_POINT('',(0.34062550394175,4.38475643598114,9.));
#4477=CARTESIAN_POINT('',(0.26690388764609,4.23493413710904,9.));
#4478=CARTESIAN_POINT('',(0.217509872853716,4.11480718926761,9.));
#4479=CARTESIAN_POINT('',(0.126690118600211,3.84808738429464,9.));
#4480=CARTESIAN_POINT('',(0.0906723544975347,3.71726904224141,9.));
#4481=CARTESIAN_POINT('',(0.0384709013286266,3.45833603737733,9.));
#4482=CARTESIAN_POINT('',(0.020950501641388,3.32928421476695,9.));
#4483=CARTESIAN_POINT('',(0.00722001658948463,3.13086807371123,9.));
#4484=CARTESIAN_POINT('',(0.00649071245669595,3.06472080067214,9.));
#4485=CARTESIAN_POINT('',(0.00485727753617693,2.99209166666667,9.));
#4486=CARTESIAN_POINT('',(0.477724112424566,1.51599909518112,9.));
#4487=CARTESIAN_POINT('',(0.00485727753617682,2.99209166666667,9.));
#4488=CARTESIAN_POINT('',(0.00485727753617683,2.85064633067439,9.));
#4489=CARTESIAN_POINT('',(0.0118145530968795,2.74506643517885,9.));
#4490=CARTESIAN_POINT('',(0.0411413753526723,2.51781401186807,9.));
#4491=CARTESIAN_POINT('',(0.0609987065261626,2.41170562217696,9.));
#4492=CARTESIAN_POINT('',(0.113482295149813,2.21283779163225,9.));
#4493=CARTESIAN_POINT('',(0.144703430011141,2.11869167672802,9.));
#4494=CARTESIAN_POINT('',(0.218685880366208,1.93860413296276,9.));
#4495=CARTESIAN_POINT('',(0.261242539445573,1.8519207731344,9.));
#4496=CARTESIAN_POINT('',(0.358446551348776,1.68263248031582,9.));
#4497=CARTESIAN_POINT('',(0.413839596225294,1.59977306326087,9.));
#4498=CARTESIAN_POINT('',(0.475597522958753,1.51877850653497,9.));
#4499=CARTESIAN_POINT('',(0.476657379353485,1.51739176321061,9.));
#4500=CARTESIAN_POINT('',(0.477724124642482,1.51599907923009,9.));
#4501=CARTESIAN_POINT('',(2.03689356643099,0.575379259551508,9.));
#4502=CARTESIAN_POINT('',(0.477724100206651,1.51599911113216,9.));
#4503=CARTESIAN_POINT('',(0.548195945230218,1.42399495373441,9.));
#4504=CARTESIAN_POINT('',(0.600281841144328,1.36660756016505,9.));
#4505=CARTESIAN_POINT('',(0.737753586562844,1.22930961897623,9.));
#4506=CARTESIAN_POINT('',(0.812155166613393,1.16462076933114,9.));
#4507=CARTESIAN_POINT('',(0.973389669781516,1.04076794925899,9.));
#4508=CARTESIAN_POINT('',(1.06192526281857,0.982240382392278,9.));
#4509=CARTESIAN_POINT('',(1.25484909731134,0.869321812874487,9.));
#4510=CARTESIAN_POINT('',(1.36196602555478,0.816471291195461,9.));
#4511=CARTESIAN_POINT('',(1.59634246261611,0.714589349345067,9.));
#4512=CARTESIAN_POINT('',(1.72688720891267,0.667975480818501,9.));
#4513=CARTESIAN_POINT('',(1.87545827390883,0.622844564038716,9.));
#4514=CARTESIAN_POINT('',(1.89058925415593,0.618439273421424,9.));
#4515=CARTESIAN_POINT('',(1.94771744230226,0.601494521699337,9.));
#4516=CARTESIAN_POINT('',(1.99162752598544,0.588597863253687,9.));
#4517=CARTESIAN_POINT('',(2.03689356501918,0.575379260590728,9.));
#4518=CARTESIAN_POINT('',(1.37143194350018,1.23279024327581,9.));
#4519=CARTESIAN_POINT('',(1.37143196856974,1.23279020723651,9.));
#4520=CARTESIAN_POINT('',(1.42194698317,1.16017124588736,9.));
#4521=CARTESIAN_POINT('',(1.50681885506111,1.05137441121895,9.));
#4522=CARTESIAN_POINT('',(1.65823240113555,0.88566856862596,9.));
#4523=CARTESIAN_POINT('',(1.74044959361432,0.807246243256245,9.));
#4524=CARTESIAN_POINT('',(1.89318644500787,0.678484796450578,9.));
#4525=CARTESIAN_POINT('',(1.9658768313897,0.627653920495332,9.));
#4526=CARTESIAN_POINT('',(2.03689356596039,0.575379259897914,9.));
#4527=CARTESIAN_POINT('',(2.0368935669016,0.575379259205101,9.));
#4528=CARTESIAN_POINT('',(2.03689356784281,0.575379258512288,9.));
#4529=CARTESIAN_POINT('',(0.890576746331477,2.8600149368658,9.));
#4530=CARTESIAN_POINT('',(0.890576746331477,2.8600149368658,9.));
#4531=CARTESIAN_POINT('',(0.890576746331477,2.74936298189062,9.));
#4532=CARTESIAN_POINT('',(0.897180231974255,2.59758563268188,9.));
#4533=CARTESIAN_POINT('',(0.928584553139924,2.34417304051666,9.));
#4534=CARTESIAN_POINT('',(0.949733432764801,2.22119574287084,9.));
#4535=CARTESIAN_POINT('',(1.00900753401468,1.9871124453757,9.));
#4536=CARTESIAN_POINT('',(1.04455581725751,1.87295318058284,9.));
#4537=CARTESIAN_POINT('',(1.13017928022844,1.65670412976354,9.));
#4538=CARTESIAN_POINT('',(1.17943538888871,1.55137634236645,9.));
#4539=CARTESIAN_POINT('',(1.27690771840838,1.37633295616636,9.));
#4540=CARTESIAN_POINT('',(1.3277611721156,1.29557012522469,9.));
#4541=CARTESIAN_POINT('',(1.37143191843061,1.23279027931511,9.));
#4542=CARTESIAN_POINT('',(1.53587376803025,4.70001499612068,9.));
#4543=CARTESIAN_POINT('',(1.53587378934902,4.70001502000735,9.));
#4544=CARTESIAN_POINT('',(1.48089219215822,4.63841075223785,9.));
#4545=CARTESIAN_POINT('',(1.39794503343587,4.53443939674306,9.));
#4546=CARTESIAN_POINT('',(1.27808302678459,4.35735064327362,9.));
#4547=CARTESIAN_POINT('',(1.22378928834721,4.26348359233104,9.));
#4548=CARTESIAN_POINT('',(1.12768036994929,4.07156387529624,9.));
#4549=CARTESIAN_POINT('',(1.08605204773482,3.97046939770308,9.));
#4550=CARTESIAN_POINT('',(1.01362403052215,3.76419990924395,9.));
#4551=CARTESIAN_POINT('',(0.984549466822183,3.65620259852603,9.));
#4552=CARTESIAN_POINT('',(0.935791021785582,3.43508491579466,9.));
#4553=CARTESIAN_POINT('',(0.919145480638191,3.31983838784387,9.));
#4554=CARTESIAN_POINT('',(0.895290056172266,3.08991215966011,9.));
#4555=CARTESIAN_POINT('',(0.890576746331477,2.96663027479453,9.));
#4556=CARTESIAN_POINT('',(0.890576746331477,2.8600149368658,9.));
#4557=CARTESIAN_POINT('',(3.10536279671067,5.56756301312293,9.));
#4558=CARTESIAN_POINT('',(3.1053627989237,5.5675630135634,9.));
#4559=CARTESIAN_POINT('',(3.00266399938626,5.54838025731322,9.));
#4560=CARTESIAN_POINT('',(2.86281645590546,5.51563286906016,9.));
#4561=CARTESIAN_POINT('',(2.62947026573633,5.44116998771696,9.));
#4562=CARTESIAN_POINT('',(2.51397960935388,5.39730650029304,9.));
#4563=CARTESIAN_POINT('',(2.29642596879819,5.29537507907023,9.));
#4564=CARTESIAN_POINT('',(2.19089137524288,5.23788459655982,9.));
#4565=CARTESIAN_POINT('',(1.99291973017856,5.11112210828937,9.));
#4566=CARTESIAN_POINT('',(1.89752432832518,5.04070917517927,9.));
#4567=CARTESIAN_POINT('',(1.71897344627808,4.89010606167863,9.));
#4568=CARTESIAN_POINT('',(1.63402350072985,4.80786605252686,9.));
#4569=CARTESIAN_POINT('',(1.5489935456578,4.7146390175225,9.));
#4570=CARTESIAN_POINT('',(1.54229354490038,4.70720805206141,9.));
#4571=CARTESIAN_POINT('',(1.53587374671148,4.70001497223401,9.));
#4572=CARTESIAN_POINT('',(5.21008886453803,5.67065789501793,9.));
#4573=CARTESIAN_POINT('',(5.21008886453803,5.67065789501793,9.));
#4574=CARTESIAN_POINT('',(5.03776547657075,5.67065789501793,9.));
#4575=CARTESIAN_POINT('',(4.86219555249369,5.67001297000053,9.));
#4576=CARTESIAN_POINT('',(4.55400690312055,5.66610919940322,9.));
#4577=CARTESIAN_POINT('',(4.42062454196356,5.66409161235529,9.));
#4578=CARTESIAN_POINT('',(4.18350326820116,5.65780285982358,9.));
#4579=CARTESIAN_POINT('',(4.0807550968987,5.65479140732207,9.));
#4580=CARTESIAN_POINT('',(3.89711298893221,5.64694770982545,9.));
#4581=CARTESIAN_POINT('',(3.81737036793358,5.64329155037358,9.));
#4582=CARTESIAN_POINT('',(3.6736753536491,5.63442475443377,9.));
#4583=CARTESIAN_POINT('',(3.6110583135031,5.63034226174696,9.));
#4584=CARTESIAN_POINT('',(3.49685017499359,5.6207382529699,9.));
#4585=CARTESIAN_POINT('',(3.44679734711165,5.61633794611954,9.));
#4586=CARTESIAN_POINT('',(3.35393084207361,5.60606439846081,9.));
#4587=CARTESIAN_POINT('',(3.31286663869597,5.60135408998632,9.));
#4588=CARTESIAN_POINT('',(3.23492804202794,5.5902637796568,9.));
#4589=CARTESIAN_POINT('',(3.19992910795257,5.58509433427716,9.));
#4590=CARTESIAN_POINT('',(3.14444033976347,5.575142364029,9.));
#4591=CARTESIAN_POINT('',(3.12351011349048,5.57119666589805,9.));
#4592=CARTESIAN_POINT('',(3.10536279449764,5.56756301268246,9.));
#4593=CARTESIAN_POINT('',(8.79403447871366,5.67065789501793,9.));
#4594=CARTESIAN_POINT('',(8.79403447871366,5.67065789501793,9.));
#4595=VECTOR('',#4596,1.);
#4596=DIRECTION('',(-1.,0.,0.));
#4597=CARTESIAN_POINT('',(8.79403447871366,-0.026042559828082,9.));
#4598=CARTESIAN_POINT('',(8.79403447871366,-0.0260425598280819,9.));
#4599=VECTOR('',#4600,1.);
#4600=DIRECTION('',(0.,1.,0.));
#4601=CARTESIAN_POINT('',(5.54016479076066,-0.0260425598280817,9.));
#4602=CARTESIAN_POINT('',(5.54016479076066,-0.0260425598280817,9.));
#4603=VECTOR('',#4604,1.);
#4604=DIRECTION('',(1.,-1.49275361294223E-16,0.));
#4605=CARTESIAN_POINT('',(3.93655099594045,0.0229497901302327,9.));
#4606=CARTESIAN_POINT('',(3.93655099594115,0.0229497901301719,9.));
#4607=CARTESIAN_POINT('',(3.95112358051983,0.0216913935748586,9.));
#4608=CARTESIAN_POINT('',(3.96554080013502,0.0208058977432741,9.));
#4609=CARTESIAN_POINT('',(4.10800482915394,0.0102675994517545,9.));
#4610=CARTESIAN_POINT('',(4.23462224710901,0.00354035257856106,9.));
#4611=CARTESIAN_POINT('',(4.52030936866413,-0.0100220409938781,9.));
#4612=CARTESIAN_POINT('',(4.6782859183352,-0.0146628133390258,9.));
#4613=CARTESIAN_POINT('',(5.03547681283862,-0.0233631124250196,9.));
#4614=CARTESIAN_POINT('',(5.23377891077603,-0.0252586301075023,9.));
#4615=CARTESIAN_POINT('',(5.46793989976597,-0.0259976615862448,9.));
#4616=CARTESIAN_POINT('',(5.50410818396261,-0.0259964714689182,9.));
#4617=CARTESIAN_POINT('',(5.54016479076066,-0.0260425598280817,9.));
#4618=CARTESIAN_POINT('',(4.502960786045,-0.141883377571699,9.));
#4619=CARTESIAN_POINT('',(3.93655099593974,0.0229497901302934,9.));
#4620=CARTESIAN_POINT('',(4.12535425930816,-0.0319945991037042,9.));
#4621=CARTESIAN_POINT('',(4.31415752267658,-0.0869389883377017,9.));
#4622=CARTESIAN_POINT('',(4.502960786045,-0.141883377571699,9.));
#4623=CARTESIAN_POINT('',(4.01305727633018,-0.36365184804086,9.));
#4624=CARTESIAN_POINT('',(4.502960786045,-0.141883377571699,9.));
#4625=CARTESIAN_POINT('',(4.33965961616065,-0.215806201060155,9.));
#4626=CARTESIAN_POINT('',(4.1763584462763,-0.289729024548611,9.));
#4627=CARTESIAN_POINT('',(4.01305727639196,-0.363651848037067,9.));
#4628=CARTESIAN_POINT('',(5.96452341630426,-0.327082423641312,9.));
#4629=CARTESIAN_POINT('',(5.96452341630426,-0.327082423641312,9.));
#4630=CARTESIAN_POINT('',(5.78500400202575,-0.327082423641312,9.));
#4631=CARTESIAN_POINT('',(5.60387787539691,-0.327415959835464,9.));
#4632=CARTESIAN_POINT('',(5.28577285910383,-0.329425809649057,9.));
#4633=CARTESIAN_POINT('',(5.14843658791776,-0.33046281933622,9.));
#4634=CARTESIAN_POINT('',(4.90581960310418,-0.333673878450558,9.));
#4635=CARTESIAN_POINT('',(4.80106470636425,-0.335207453648708,9.));
#4636=CARTESIAN_POINT('',(4.61555390368993,-0.339163353174758,9.));
#4637=CARTESIAN_POINT('',(4.53542030754346,-0.340999810455813,9.));
#4638=CARTESIAN_POINT('',(4.39293463665809,-0.345391170539504,9.));
#4639=CARTESIAN_POINT('',(4.33132167296249,-0.347400523440289,9.));
#4640=CARTESIAN_POINT('',(4.2210463506871,-0.352033692810455,9.));
#4641=CARTESIAN_POINT('',(4.17326322725736,-0.354136418222762,9.));
#4642=CARTESIAN_POINT('',(4.08769544380514,-0.358866880018476,9.));
#4643=CARTESIAN_POINT('',(4.05020489687434,-0.361371511032083,9.00000000000003));
#4644=CARTESIAN_POINT('',(4.0130572762684,-0.363651848044652,9.));
#4645=CARTESIAN_POINT('',(8.79403447871366,-0.327082423641311,9.));
#4646=CARTESIAN_POINT('',(8.79403447871367,-0.327082423641312,9.));
#4647=VECTOR('',#4648,1.);
#4648=DIRECTION('',(-1.,1.17711823718382E-16,0.));
#4649=CARTESIAN_POINT('',(8.79403447871366,-5.52400977092394,9.));
#4650=CARTESIAN_POINT('',(8.79403447871366,-5.52400977092394,9.));
#4651=VECTOR('',#4652,1.);
#4652=DIRECTION('',(3.41809057678875E-16,1.,0.));
#4653=CARTESIAN_POINT('',(6.19082485389486,-5.52400977092394,9.));
#4654=CARTESIAN_POINT('',(6.19082485389486,-5.52400977092394,9.));
#4655=VECTOR('',#4656,1.);
#4656=DIRECTION('',(1.,0.,0.));
#4657=CARTESIAN_POINT('',(3.68811412268977,-5.47000006080907,9.));
#4658=CARTESIAN_POINT('',(3.68940512248538,-5.47014680620573,9.));
#4659=CARTESIAN_POINT('',(3.69067847872064,-5.47029154609374,9.));
#4660=CARTESIAN_POINT('',(3.70833825503361,-5.47229889798395,9.));
#4661=CARTESIAN_POINT('',(3.73200766601898,-5.474717962899,9.));
#4662=CARTESIAN_POINT('',(3.77467069350708,-5.47876902364779,9.));
#4663=CARTESIAN_POINT('',(3.79696127035706,-5.48055589240588,9.));
#4664=CARTESIAN_POINT('',(3.84677922520008,-5.48442712777379,9.));
#4665=CARTESIAN_POINT('',(3.87338793968152,-5.48617145955927,9.));
#4666=CARTESIAN_POINT('',(3.9333003746614,-5.48995967990262,9.));
#4667=CARTESIAN_POINT('',(3.96582031693471,-5.49168714850921,9.));
#4668=CARTESIAN_POINT('',(4.03938906703326,-5.49543749862059,9.));
#4669=CARTESIAN_POINT('',(4.07977209280148,-5.49715298905162,9.));
#4670=CARTESIAN_POINT('',(4.17139223028161,-5.50086724949566,9.));
#4671=CARTESIAN_POINT('',(4.22206463032155,-5.50255647757335,9.));
#4672=CARTESIAN_POINT('',(4.33722034710808,-5.50619505050913,9.));
#4673=CARTESIAN_POINT('',(4.40122430743096,-5.50782376608639,9.));
#4674=CARTESIAN_POINT('',(4.54680543524379,-5.51130288690648,9.));
#4675=CARTESIAN_POINT('',(4.62797473209118,-5.51281406526914,9.));
#4676=CARTESIAN_POINT('',(4.81267248422064,-5.51599885084903,9.));
#4677=CARTESIAN_POINT('',(4.91585269319599,-5.51730796101397,9.));
#4678=CARTESIAN_POINT('',(5.15065739713215,-5.52000131497955,9.));
#4679=CARTESIAN_POINT('',(5.28198330664826,-5.52098952656539,9.));
#4680=CARTESIAN_POINT('',(5.58081250206475,-5.52291648795453,9.));
#4681=CARTESIAN_POINT('',(5.74807058265089,-5.52344408351649,9.));
#4682=CARTESIAN_POINT('',(6.00716921794747,-5.52394485764172,9.));
#4683=CARTESIAN_POINT('',(6.09906843824561,-5.52395252503896,9.));
#4684=CARTESIAN_POINT('',(6.19082485389486,-5.52400977092394,9.));
#4685=CARTESIAN_POINT('',(15.5,-8.94892917243921,6.));
#4686=CARTESIAN_POINT('',(15.5,-8.94892917243921,6.));
#4687=VECTOR('',#4688,1.);
#4688=DIRECTION('',(-5.9211894646675E-16,0.,1.));
#4689=CARTESIAN_POINT('',(15.5,8.9489291724392,6.));
#4690=CARTESIAN_POINT('',(15.5,-8.94892917243921,6.));
#4691=VECTOR('',#4692,1.);
#4692=DIRECTION('',(9.92496870391517E-16,1.,0.));
#4693=CARTESIAN_POINT('',(15.5,8.94892917243919,6.));
#4694=VECTOR('',#4695,1.);
#4695=DIRECTION('',(0.,0.,1.));
#4696=CARTESIAN_POINT('',(8.31318032845965E-15,17.8978583448784,6.));
#4697=CARTESIAN_POINT('',(15.5,8.94892917243919,6.));
#4698=VECTOR('',#4699,1.);
#4699=DIRECTION('',(-0.866025403784438,0.5,0.));
#4700=CARTESIAN_POINT('',(1.06311563239434E-14,17.8978583448784,6.));
#4701=VECTOR('',#4702,1.);
#4702=DIRECTION('',(0.,0.,1.));
#4703=CARTESIAN_POINT('',(-15.5,8.94892917243921,6.));
#4704=CARTESIAN_POINT('',(1.04091117190184E-14,17.8978583448784,6.));
#4705=VECTOR('',#4706,1.);
#4706=DIRECTION('',(-0.866025403784439,-0.499999999999999,0.));
#4707=CARTESIAN_POINT('',(-15.5,8.94892917243921,6.));
#4708=VECTOR('',#4709,1.);
#4709=DIRECTION('',(5.9211894646675E-16,5.9211894646675E-16,1.));
#4710=CARTESIAN_POINT('',(-15.5,-8.94892917243919,6.));
#4711=CARTESIAN_POINT('',(-15.5,8.94892917243921,6.));
#4712=VECTOR('',#4713,1.);
#4713=DIRECTION('',(-4.96248435195758E-16,-1.,0.));
#4714=CARTESIAN_POINT('',(-15.5,-8.94892917243919,6.));
#4715=VECTOR('',#4716,1.);
#4716=DIRECTION('',(0.,0.,1.));
#4717=CARTESIAN_POINT('',(-1.07130229561807E-14,-17.8978583448784,6.));
#4718=CARTESIAN_POINT('',(-15.5,-8.94892917243919,6.));
#4719=VECTOR('',#4720,1.);
#4720=DIRECTION('',(0.866025403784438,-0.500000000000001,0.));
#4721=CARTESIAN_POINT('',(-9.87972645625984E-15,-17.8978583448784,6.));
#4722=VECTOR('',#4723,1.);
#4723=DIRECTION('',(-5.9211894646675E-16,0.,1.));
#4724=CARTESIAN_POINT('',(-1.076790487596E-14,-17.8978583448784,6.));
#4725=VECTOR('',#4726,1.);
#4726=DIRECTION('',(0.866025403784439,0.5,0.));
#4727=CARTESIAN_POINT('',(14.5,-8.37157890324958,5.));
#4728=CARTESIAN_POINT('',(15.5,-8.94892917243921,6.));
#4729=VECTOR('',#4730,1.);
#4730=DIRECTION('',(-0.654653670707976,0.377964473009228,-0.654653670707978));
#4731=CARTESIAN_POINT('',(14.5,8.37157890324956,5.));
#4732=CARTESIAN_POINT('',(14.5,-8.37157890324958,5.));
#4733=VECTOR('',#4734,1.);
#4734=DIRECTION('',(1.06094493041852E-15,1.,0.));
#4735=CARTESIAN_POINT('',(15.5,8.9489291724392,6.));
#4736=VECTOR('',#4737,1.);
#4737=DIRECTION('',(-0.654653670707977,-0.37796447300923,-0.654653670707976));
#4738=CARTESIAN_POINT('',(8.01095378303764E-15,16.7431578064991,5.));
#4739=CARTESIAN_POINT('',(14.5,8.37157890324956,5.));
#4740=VECTOR('',#4741,1.);
#4741=DIRECTION('',(-0.866025403784438,0.500000000000001,0.));
#4742=CARTESIAN_POINT('',(6.88338275267597E-15,17.8978583448784,6.));
#4743=VECTOR('',#4744,1.);
#4744=DIRECTION('',(7.26811578375371E-17,-0.755928946018455,-0.654653670707977));
#4745=CARTESIAN_POINT('',(-14.5,8.37157890324958,5.));
#4746=CARTESIAN_POINT('',(9.40740656668734E-15,16.7431578064991,5.));
#4747=VECTOR('',#4748,1.);
#4748=DIRECTION('',(-0.866025403784439,-0.499999999999999,0.));
#4749=CARTESIAN_POINT('',(-15.5,8.94892917243921,6.));
#4750=VECTOR('',#4751,1.);
#4751=DIRECTION('',(0.654653670707979,-0.377964473009225,-0.654653670707977));
#4752=CARTESIAN_POINT('',(-14.5,-8.37157890324957,5.));
#4753=CARTESIAN_POINT('',(-14.5,8.37157890324958,5.));
#4754=VECTOR('',#4755,1.);
#4755=DIRECTION('',(-5.30472465209259E-16,-1.,0.));
#4756=CARTESIAN_POINT('',(-15.5,-8.94892917243919,6.));
#4757=VECTOR('',#4758,1.);
#4758=DIRECTION('',(0.654653670707978,0.377964473009226,-0.654653670707977));
#4759=CARTESIAN_POINT('',(-1.01018738127484E-14,-16.7431578064991,5.));
#4760=CARTESIAN_POINT('',(-14.5,-8.37157890324957,5.));
#4761=VECTOR('',#4762,1.);
#4762=DIRECTION('',(0.866025403784438,-0.500000000000001,-5.30472465209259E-17));
#4763=CARTESIAN_POINT('',(-1.06581410364015E-14,-17.8978583448784,6.));
#4764=VECTOR('',#4765,1.);
#4765=DIRECTION('',(4.90597815403376E-16,0.755928946018455,-0.654653670707977));
#4766=CARTESIAN_POINT('',(-1.02678294107718E-14,-16.7431578064991,5.));
#4767=VECTOR('',#4768,1.);
#4768=DIRECTION('',(0.866025403784439,0.5,0.));
#4769=CARTESIAN_POINT('',(-13.5,3.30654635769785E-15,5.));
#4770=AXIS2_PLACEMENT_3D('',#4771,#4772,#4773);
#4771=CARTESIAN_POINT('',(0.,0.,5.));
#4772=DIRECTION('',(0.,0.,1.));
#4773=DIRECTION('',(-1.,1.22464679914735E-16,0.));
#4774=CARTESIAN_POINT('',(-12.5,3.06161699786838E-15,4.));
#4775=AXIS2_PLACEMENT_3D('',#4776,#4777,#4778);
#4776=CARTESIAN_POINT('',(0.,0.,4.));
#4777=DIRECTION('',(0.,0.,1.));
#4778=DIRECTION('',(-1.,1.22464679914735E-16,0.));
#4779=CARTESIAN_POINT('',(-12.5,1.53080849893419E-15,0.));
#4780=AXIS2_PLACEMENT_3D('',#4781,#4782,#4783);
#4781=CARTESIAN_POINT('',(0.,0.,0.));
#4782=DIRECTION('',(0.,0.,1.));
#4783=DIRECTION('',(-1.,1.22464679914735E-16,0.));
#4784=CARTESIAN_POINT('',(5.05920190896722,-6.8249918127718,10.));
#4785=VECTOR('',#4786,1.);
#4786=DIRECTION('',(0.,0.707106781186548,-0.707106781186547));
#4787=CARTESIAN_POINT('',(2.61202106902164,-6.68825597778541,10.));
#4788=VECTOR('',#4789,1.);
#4789=DIRECTION('',(0.118227259934079,0.697153006884772,-0.707106781186547));
#4790=CARTESIAN_POINT('',(9.58541342622263,-6.8249918127718,10.));
#4791=VECTOR('',#4792,1.);
#4792=DIRECTION('',(0.,0.707106781186548,-0.707106781186547));
#4793=CARTESIAN_POINT('',(9.58541342622263,-5.8249918127718,9.));
#4794=VECTOR('',#4795,1.);
#4795=DIRECTION('',(0.707106781186547,0.,0.707106781186547));
#4796=CARTESIAN_POINT('',(10.5854134262226,6.,10.));
#4797=VECTOR('',#4798,1.);
#4798=DIRECTION('',(-0.707106781186547,0.,-0.707106781186547));
#4799=CARTESIAN_POINT('',(9.58541342622263,6.,9.));
#4800=VECTOR('',#4801,1.);
#4801=DIRECTION('',(0.,0.707106781186547,0.707106781186548));
#4802=CARTESIAN_POINT('',(5.87967485389487,7.,10.));
#4803=CARTESIAN_POINT('',(5.87967485389487,6.98039215686184,9.98039215686184));
#4804=CARTESIAN_POINT('',(5.87967485389487,6.96078431372368,9.96078431372368));
#4805=CARTESIAN_POINT('',(5.87967485389487,6.92156862744809,9.92156862744809));
#4806=CARTESIAN_POINT('',(5.87967485389487,6.90196078431059,9.90196078431059));
#4807=CARTESIAN_POINT('',(5.87967485389487,6.86274509803538,9.86274509803538));
#4808=CARTESIAN_POINT('',(5.87967485389487,6.84313725489774,9.84313725489775));
#4809=CARTESIAN_POINT('',(5.87967485389487,6.80392156862284,9.80392156862284));
#4810=CARTESIAN_POINT('',(5.87967485389487,6.78431372548563,9.78431372548563));
#4811=CARTESIAN_POINT('',(5.87967485389487,6.74509803921154,9.74509803921154));
#4812=CARTESIAN_POINT('',(5.87967485389487,6.72549019607471,9.72549019607471));
#4813=CARTESIAN_POINT('',(5.87967485389487,6.68627450980075,9.68627450980075));
#4814=CARTESIAN_POINT('',(5.87967485389487,6.66666666666365,9.66666666666365));
#4815=CARTESIAN_POINT('',(5.87967485389487,6.62745098038972,9.62745098038972));
#4816=CARTESIAN_POINT('',(5.87967485389487,6.60784313725293,9.60784313725293));
#4817=CARTESIAN_POINT('',(5.87967485389487,6.56862745097955,9.56862745097955));
#4818=CARTESIAN_POINT('',(5.87967485389487,6.54901960784302,9.54901960784302));
#4819=CARTESIAN_POINT('',(5.87967485389487,6.5098039215695,9.5098039215695));
#4820=CARTESIAN_POINT('',(5.87967485389487,6.49019607843259,9.49019607843259));
#4821=CARTESIAN_POINT('',(5.87967485389487,6.45098039215945,9.45098039215945));
#4822=CARTESIAN_POINT('',(5.87967485389487,6.43137254902331,9.43137254902332));
#4823=CARTESIAN_POINT('',(5.87967485389487,6.39215686274985,9.39215686274986));
#4824=CARTESIAN_POINT('',(5.87967485389487,6.37254901961263,9.37254901961263));
#4825=CARTESIAN_POINT('',(5.87967485389487,6.33333333333816,9.33333333333816));
#4826=CARTESIAN_POINT('',(5.87967485389487,6.313725490201,9.313725490201));
#4827=CARTESIAN_POINT('',(5.87967485389487,6.27450980392664,9.27450980392664));
#4828=CARTESIAN_POINT('',(5.87967485389487,6.25490196078947,9.25490196078947));
#4829=CARTESIAN_POINT('',(5.87967485389487,6.21568627451574,9.21568627451574));
#4830=CARTESIAN_POINT('',(5.87967485389487,6.19607843137909,9.19607843137909));
#4831=CARTESIAN_POINT('',(5.87967485389487,6.15686274510468,9.15686274510468));
#4832=CARTESIAN_POINT('',(5.87967485389487,6.13725490196662,9.13725490196662));
#4833=CARTESIAN_POINT('',(5.87967485389487,6.09803921569085,9.09803921569085));
#4834=CARTESIAN_POINT('',(5.87967485389487,6.07843137255248,9.07843137255248));
#4835=CARTESIAN_POINT('',(5.87967485389487,6.03921568627617,9.03921568627617));
#4836=CARTESIAN_POINT('',(5.87967485389487,6.01960784313809,9.01960784313809));
#4837=CARTESIAN_POINT('',(5.87967485389487,6.,9.));
#4838=CARTESIAN_POINT('',(2.51299250330612,6.90571735720099,10.));
#4839=CARTESIAN_POINT('',(2.51835724404366,6.85654570913558,9.9505365905955));
#4840=CARTESIAN_POINT('',(2.52956178549799,6.75387108275106,9.84725247480897));
#4841=CARTESIAN_POINT('',(2.54721407509566,6.59215909825737,9.68457999824722));
#4842=CARTESIAN_POINT('',(2.56608280303604,6.4192160848644,9.51061081934715));
#4843=CARTESIAN_POINT('',(2.58532778583934,6.24282382074755,9.33317194330496));
#4844=CARTESIAN_POINT('',(2.60383145902812,6.07316891921101,9.16251108743981));
#4845=CARTESIAN_POINT('',(2.61574654711633,5.96391588927554,9.05261034050314));
#4846=CARTESIAN_POINT('',(2.62145268977033,5.91161586128489,9.));
#4847=CARTESIAN_POINT('',(0.64102819218738,6.25025349266295,10.));
#4848=VECTOR('',#4849,1.);
#4849=DIRECTION('',(0.406222871357883,-0.57877714086318,-0.707106781186547));
#4850=CARTESIAN_POINT('',(-0.556633089379721,4.82626183426159,10.));
#4851=VECTOR('',#4852,1.);
#4852=DIRECTION('',(0.634457627718502,-0.312191477509893,-0.707106781186548));
#4853=CARTESIAN_POINT('',(-0.995142722463823,2.99209166666667,10.));
#4854=VECTOR('',#4855,1.);
#4855=DIRECTION('',(0.707106781186547,0.,-0.707106781186547));
#4856=CARTESIAN_POINT('',(-0.316151648482998,0.907919103532463,10.));
#4857=VECTOR('',#4858,1.);
#4858=DIRECTION('',(0.56135494259674,0.42997747431954,-0.707106781186547));
#4859=CARTESIAN_POINT('',(2.75956242692218,0.293005874837179,9.06957767645053));
#4860=CARTESIAN_POINT('',(3.93655099594045,0.0229497901302328,9.));
#4861=CARTESIAN_POINT('',(3.90881931401257,0.0281290469089551,9.00277589486084));
#4862=CARTESIAN_POINT('',(3.85359880397537,0.0383346341035194,9.00840666082978));
#4863=CARTESIAN_POINT('',(3.77114424287955,0.053602303538596,9.01678677972582));
#4864=CARTESIAN_POINT('',(3.68955215760132,0.0691344385657089,9.02467197209366));
#4865=CARTESIAN_POINT('',(3.60882451692061,0.0850886422686315,9.03191036233078));
#4866=CARTESIAN_POINT('',(3.52935169569903,0.101040605728058,9.03880027892308));
#4867=CARTESIAN_POINT('',(3.45120951832736,0.117256871734485,9.04506460890609));
#4868=CARTESIAN_POINT('',(3.37495787383636,0.133659012277115,9.05062221083522));
#4869=CARTESIAN_POINT('',(3.30018904604985,0.150073921052876,9.05575322092057));
#4870=CARTESIAN_POINT('',(3.22736147800093,0.166756234732158,9.06008504586004));
#4871=CARTESIAN_POINT('',(3.15633192963003,0.183628081252995,9.0637324804173));
#4872=CARTESIAN_POINT('',(3.08763508141603,0.200433862543607,9.06679154005371));
#4873=CARTESIAN_POINT('',(3.02075170483546,0.217717194043272,9.06888534654623));
#4874=CARTESIAN_POINT('',(2.95507696793856,0.235166505389679,9.07048206346316));
#4875=CARTESIAN_POINT('',(2.90905651623912,0.248062286832068,9.07095908794491));
#4876=CARTESIAN_POINT('',(2.86502210272123,0.260844332867494,9.07099037401582));
#4877=CARTESIAN_POINT('',(2.82150548323486,0.273745544645892,9.07076255767353));
#4878=CARTESIAN_POINT('',(2.78062825812507,0.286364914284638,9.07006785132095));
#4879=CARTESIAN_POINT('',(2.75956242739356,0.293005874781155,9.06957767655231));
#4880=CARTESIAN_POINT('',(2.03689356643099,0.575379259551508,9.));
#4881=CARTESIAN_POINT('',(2.0426082498863,0.572552364229131,9.00111210326387));
#4882=CARTESIAN_POINT('',(2.05410882942802,0.567026761864348,9.00319578814832));
#4883=CARTESIAN_POINT('',(2.07151143523981,0.558986276399139,9.00604759590049));
#4884=CARTESIAN_POINT('',(2.08898267054521,0.551086708442814,9.00875100914929));
#4885=CARTESIAN_POINT('',(2.10643151974402,0.543152117073344,9.01149976689444));
#4886=CARTESIAN_POINT('',(2.12582789654859,0.534333969638702,9.01455865763451));
#4887=CARTESIAN_POINT('',(2.14919712698046,0.523872444847582,9.01809416525802));
#4888=CARTESIAN_POINT('',(2.17663347147561,0.511772070522296,9.02207819902905));
#4889=CARTESIAN_POINT('',(2.20432603615453,0.499769860606655,9.02590301979201));
#4890=CARTESIAN_POINT('',(2.22847815849641,0.489458888629262,9.02909148985026));
#4891=CARTESIAN_POINT('',(2.2490532915659,0.48077795368077,9.03171006452059));
#4892=CARTESIAN_POINT('',(2.26816159849524,0.472797402447344,9.03406405947326));
#4893=CARTESIAN_POINT('',(2.28777716613339,0.46468838468667,9.03640023097274));
#4894=CARTESIAN_POINT('',(2.30806908560399,0.456386110315462,9.03873309656682));
#4895=CARTESIAN_POINT('',(2.3288828355446,0.447958878624119,9.04103918301522));
#4896=CARTESIAN_POINT('',(2.35034415077898,0.439360024863807,9.04332738301635));
#4897=CARTESIAN_POINT('',(2.37241791885391,0.430608182547673,9.04558845465845));
#4898=CARTESIAN_POINT('',(2.39537257732356,0.421603710674794,9.04784196210006));
#4899=CARTESIAN_POINT('',(2.41904794294543,0.412413986159826,9.05006617303176));
#4900=CARTESIAN_POINT('',(2.44361033985831,0.402988997507046,9.05226056877154));
#4901=CARTESIAN_POINT('',(2.46897069211077,0.393403642029568,9.0543764509106));
#4902=CARTESIAN_POINT('',(2.49532343608826,0.383594919514576,9.05643132847356));
#4903=CARTESIAN_POINT('',(2.52239879223056,0.373675283487788,9.05839027530488));
#4904=CARTESIAN_POINT('',(2.55020170735598,0.363650745524422,9.06024679248487));
#4905=CARTESIAN_POINT('',(2.57856817046837,0.353586813481092,9.06198362725103));
#4906=CARTESIAN_POINT('',(2.60763727404292,0.343440567373658,9.0636031747901));
#4907=CARTESIAN_POINT('',(2.63723681457718,0.333278029305603,9.06509014638198));
#4908=CARTESIAN_POINT('',(2.66734630178535,0.323110060139921,9.06643984304815));
#4909=CARTESIAN_POINT('',(2.69779859704029,0.31299488672385,9.06764305844183));
#4910=CARTESIAN_POINT('',(2.72857571879481,0.302938997705967,9.06869858709315));
#4911=CARTESIAN_POINT('',(2.74920774029962,0.296307346885323,9.06930103904016));
#4912=CARTESIAN_POINT('',(2.75956242647923,0.293005874990924,9.06957767645053));
#4913=CARTESIAN_POINT('',(1.62653910022634,-0.346288555797157,10.));
#4914=CARTESIAN_POINT('',(1.64236649148969,-0.345163827837621,9.99449753859339));
#4915=CARTESIAN_POINT('',(1.66992941968724,-0.343206102477729,9.984914296977));
#4916=CARTESIAN_POINT('',(1.70513852550512,-0.340706658453812,9.97267133903585));
#4917=CARTESIAN_POINT('',(1.72943543389138,-0.338982245762695,9.96422242981438));
#4918=CARTESIAN_POINT('',(1.7469564710898,-0.337738838361914,9.95812963943644));
#4919=CARTESIAN_POINT('',(1.76269925933067,-0.336621667094869,9.95265518347772));
#4920=CARTESIAN_POINT('',(1.78027122726647,-0.335374698787937,9.94654463365937));
#4921=CARTESIAN_POINT('',(1.80088341195811,-0.333911937057425,9.93937691076435));
#4922=CARTESIAN_POINT('',(1.8240214486216,-0.332269777246941,9.93133097852645));
#4923=CARTESIAN_POINT('',(1.84966346403624,-0.330449611534236,9.92241458901265));
#4924=CARTESIAN_POINT('',(1.87699346217991,-0.328509181148805,9.91291165014649));
#4925=CARTESIAN_POINT('',(1.90586744232155,-0.32645851792689,9.90287240766717));
#4926=CARTESIAN_POINT('',(1.93526643018729,-0.324369847575284,9.89265128073391));
#4927=CARTESIAN_POINT('',(1.964718654703,-0.322276637693553,9.88241233495204));
#4928=CARTESIAN_POINT('',(1.99412173486983,-0.320186185630152,9.87219114353567));
#4929=CARTESIAN_POINT('',(2.02438966353338,-0.318033543990797,9.86166995027881));
#4930=CARTESIAN_POINT('',(2.05612422945568,-0.315775942557055,9.85063954601587));
#4931=CARTESIAN_POINT('',(2.0901852776866,-0.31335229601743,9.83880098629784));
#4932=CARTESIAN_POINT('',(2.12627975731475,-0.310783657397173,9.82625594365097));
#4933=CARTESIAN_POINT('',(2.16491197635376,-0.308034605152285,9.81282871453944));
#4934=CARTESIAN_POINT('',(2.20574366665051,-0.305129768343065,9.79863636094528));
#4935=CARTESIAN_POINT('',(2.2491863231992,-0.302041562781085,9.78353431483496));
#4936=CARTESIAN_POINT('',(2.29434298466083,-0.298832933968662,9.76783513248701));
#4937=CARTESIAN_POINT('',(2.341625273662,-0.29547285894455,9.75139732597707));
#4938=CARTESIAN_POINT('',(2.39106091828923,-0.291959872679053,9.73421079510461));
#4939=CARTESIAN_POINT('',(2.44405478737438,-0.288193998439733,9.71578726209171));
#4940=CARTESIAN_POINT('',(2.50022036398035,-0.284202744837734,9.69626106306263));
#4941=CARTESIAN_POINT('',(2.56058604721668,-0.279913019124363,9.67527468200832));
#4942=CARTESIAN_POINT('',(2.6247783824585,-0.275351363493991,9.65295794866668));
#4943=CARTESIAN_POINT('',(2.69386437721592,-0.270441952852729,9.62893991440188));
#4944=CARTESIAN_POINT('',(2.76646926115325,-0.26528248187987,9.60369852356594));
#4945=CARTESIAN_POINT('',(2.84336796707911,-0.259817881963534,9.5769643676205));
#4946=CARTESIAN_POINT('',(2.92426994796727,-0.25406880007481,9.5488384564265));
#4947=CARTESIAN_POINT('',(3.01103843288702,-0.247902830838443,9.51867303063149));
#4948=CARTESIAN_POINT('',(3.10261081548587,-0.241395485522001,9.48683750976518));
#4949=CARTESIAN_POINT('',(3.19982214059489,-0.234487423907621,9.4530415870087));
#4950=CARTESIAN_POINT('',(3.30162952337562,-0.227252755804345,9.41764782562708));
#4951=CARTESIAN_POINT('',(3.40887576773542,-0.219631589617031,9.38036322132564));
#4952=CARTESIAN_POINT('',(3.51968063215374,-0.211757539657188,9.34184144791368));
#4953=CARTESIAN_POINT('',(3.63394246003321,-0.203637829877761,9.3021178467314));
#4954=CARTESIAN_POINT('',(3.75071543399337,-0.195339672249496,9.26152123513724));
#4955=CARTESIAN_POINT('',(3.87083012472033,-0.186804044498313,9.21976286176688));
#4956=CARTESIAN_POINT('',(3.9934451931552,-0.178090734123776,9.17713522165436));
#4957=CARTESIAN_POINT('',(4.11854963759098,-0.169200522932624,9.13364213958903));
#4958=CARTESIAN_POINT('',(4.24530581677886,-0.16019293564949,9.0895748250458));
#4959=CARTESIAN_POINT('',(4.3737120585418,-0.151068091103136,9.04493385936401));
#4960=CARTESIAN_POINT('',(4.45974005893599,-0.144954742410322,9.01502586610337));
#4961=CARTESIAN_POINT('',(4.50296078604486,-0.1418833775714,8.99999999999967));
#4962=CARTESIAN_POINT('',(3.82293769990769,-0.413755472300918,9.03275914783562));
#4963=CARTESIAN_POINT('',(4.01305727633018,-0.36365184804086,9.));
#4964=CARTESIAN_POINT('',(4.00027979988852,-0.366882924443095,9.00232580301787));
#4965=CARTESIAN_POINT('',(3.97550751290784,-0.373168565708651,9.00681544670432));
#4966=CARTESIAN_POINT('',(3.93932910859734,-0.382472027951203,9.01325963232176));
#4967=CARTESIAN_POINT('',(3.90613714917228,-0.391205844099098,9.01899118213264));
#4968=CARTESIAN_POINT('',(3.87592132494893,-0.399241482368848,9.02413144047658));
#4969=CARTESIAN_POINT('',(3.84876398603552,-0.406604682589191,9.02862299941141));
#4970=CARTESIAN_POINT('',(3.83129794361519,-0.411425739697184,9.03143384655253));
#4971=CARTESIAN_POINT('',(3.82293768737578,-0.413755473718407,9.03275914790679));
#4972=CARTESIAN_POINT('',(0.207264482019786,-1.56284688086519,10.));
#4973=VECTOR('',#4974,1.);
#4974=DIRECTION('',(0.594127731775875,-0.383421749950175,-0.707106781186547));
#4975=CARTESIAN_POINT('',(2.12490617267684,-1.18424291536532,9.03109549389698));
#4976=CARTESIAN_POINT('',(1.99494562198326,-1.27758113070844,9.));
#4977=CARTESIAN_POINT('',(1.99690425716671,-1.27610498080596,9.0005019766686));
#4978=CARTESIAN_POINT('',(2.00084083457656,-1.27314778799527,9.00150796645505));
#4979=CARTESIAN_POINT('',(2.00677914462591,-1.26871484398661,9.00301725172004));
#4980=CARTESIAN_POINT('',(2.01276634481202,-1.26427243258844,9.00453121893094));
#4981=CARTESIAN_POINT('',(2.018793683852,-1.25982637733967,9.00604797568867));
#4982=CARTESIAN_POINT('',(2.02504660783331,-1.25524003743676,9.00761428234685));
#4983=CARTESIAN_POINT('',(2.03171601633051,-1.25037615081924,9.00927707544432));
#4984=CARTESIAN_POINT('',(2.04015114719039,-1.2442625086698,9.01137028210185));
#4985=CARTESIAN_POINT('',(2.05160421799959,-1.2359979542274,9.01417518615972));
#4986=CARTESIAN_POINT('',(2.06720267970213,-1.22481689291432,9.01792894441628));
#4987=CARTESIAN_POINT('',(2.08566729819672,-1.21169178960944,9.02227117436099));
#4988=CARTESIAN_POINT('',(2.10532886290486,-1.19784851537028,9.02677424713873));
#4989=CARTESIAN_POINT('',(2.1184491738677,-1.1887122187932,9.02968675245349));
#4990=CARTESIAN_POINT('',(2.12490616087705,-1.18424292716595,9.03109549389698));
#4991=CARTESIAN_POINT('',(3.82293771241783,-0.413755470886014,9.03275914776444));
#4992=CARTESIAN_POINT('',(3.81649351056812,-0.415549516477654,9.03378229842925));
#4993=CARTESIAN_POINT('',(3.80269750013387,-0.419412861161091,9.03595213431077));
#4994=CARTESIAN_POINT('',(3.78068779257851,-0.425650129749625,9.03934658015648));
#4995=CARTESIAN_POINT('',(3.75495937368446,-0.433032912853268,9.0432310218449));
#4996=CARTESIAN_POINT('',(3.72539692906376,-0.441635395950894,9.04758543263346));
#4997=CARTESIAN_POINT('',(3.68701896620453,-0.452978602388625,9.05307847959092));
#4998=CARTESIAN_POINT('',(3.64202853308876,-0.466546536995938,9.05927171758579));
#4999=CARTESIAN_POINT('',(3.59168130546337,-0.482104430645466,9.06586119157402));
#5000=CARTESIAN_POINT('',(3.5474289209028,-0.496128210086151,9.07133478642147));
#5001=CARTESIAN_POINT('',(3.50958728125663,-0.508394348300652,9.07576586112779));
#5002=CARTESIAN_POINT('',(3.47848343937559,-0.518668317456394,9.07923319792647));
#5003=CARTESIAN_POINT('',(3.44852249655768,-0.528754770109877,9.0824000405695));
#5004=CARTESIAN_POINT('',(3.41874115353366,-0.538994986598326,9.0853527377989));
#5005=CARTESIAN_POINT('',(3.38821793925608,-0.549616287807129,9.08826420649727));
#5006=CARTESIAN_POINT('',(3.35638485422986,-0.560851978161383,9.09115614352698));
#5007=CARTESIAN_POINT('',(3.32339357821845,-0.572675514955638,9.09399017788056));
#5008=CARTESIAN_POINT('',(3.28895027141004,-0.585227307638023,9.09675957296501));
#5009=CARTESIAN_POINT('',(3.2532611043667,-0.598471012083255,9.09941241533765));
#5010=CARTESIAN_POINT('',(3.21605709962603,-0.612552361693019,9.10192686520649));
#5011=CARTESIAN_POINT('',(3.1778604769623,-0.627322139560464,9.10422350065687));
#5012=CARTESIAN_POINT('',(3.13862083766684,-0.642844292462596,9.10626484981458));
#5013=CARTESIAN_POINT('',(3.09858335926313,-0.65907622592236,9.10798860717291));
#5014=CARTESIAN_POINT('',(3.05737356391167,-0.676199220443773,9.10938405685746));
#5015=CARTESIAN_POINT('',(3.01522376107396,-0.694042036835588,9.1105113962002));
#5016=CARTESIAN_POINT('',(2.97208242354575,-0.712704214358402,9.11130119373236));
#5017=CARTESIAN_POINT('',(2.93647196844932,-0.728459079912865,9.11163389225232));
#5018=CARTESIAN_POINT('',(2.90703728513786,-0.741710072736812,9.1117007933805));
#5019=CARTESIAN_POINT('',(2.87725634277682,-0.755282301402335,9.1116178412228));
#5020=CARTESIAN_POINT('',(2.83925566532942,-0.772943040156696,9.11119998671415));
#5021=CARTESIAN_POINT('',(2.79452456524915,-0.794286285572801,9.11020292042316));
#5022=CARTESIAN_POINT('',(2.74981313549789,-0.816221352227755,9.1086585893484));
#5023=CARTESIAN_POINT('',(2.7049109774472,-0.838738901396057,9.10666226792077));
#5024=CARTESIAN_POINT('',(2.65987608990537,-0.86185608778837,9.10417440982332));
#5025=CARTESIAN_POINT('',(2.61470042029375,-0.885600791731553,9.1011729367242));
#5026=CARTESIAN_POINT('',(2.56951869231414,-0.909935633898491,9.09763634239749));
#5027=CARTESIAN_POINT('',(2.5243629901351,-0.934871491300285,9.09354148655049));
#5028=CARTESIAN_POINT('',(2.47940269342375,-0.9603644624532,9.08885851282668));
#5029=CARTESIAN_POINT('',(2.43465272459521,-0.986376777628363,9.08361567579819));
#5030=CARTESIAN_POINT('',(2.39009895857323,-1.0128767382837,9.07784767810831));
#5031=CARTESIAN_POINT('',(2.34564811461828,-1.03993741038844,9.0715264244748));
#5032=CARTESIAN_POINT('',(2.30129465602071,-1.06757120177166,9.06464289454394));
#5033=CARTESIAN_POINT('',(2.25700169608489,-1.09581928824214,9.05717478883632));
#5034=CARTESIAN_POINT('',(2.2127449718347,-1.12471460275593,9.0491021105212));
#5035=CARTESIAN_POINT('',(2.16866313368692,-1.15420624995909,9.04041404934738));
#5036=CARTESIAN_POINT('',(2.13943869652587,-1.17419778239891,9.03425356904271));
#5037=CARTESIAN_POINT('',(2.12490618447663,-1.1842429035647,9.03109549389698));
#5038=CARTESIAN_POINT('',(-0.31612270923934,-3.34515877164874,10.));
#5039=VECTOR('',#5040,1.);
#5040=DIRECTION('',(0.707106781186547,0.,-0.707106781186547));
#5041=CARTESIAN_POINT('',(0.108235916304264,-4.96251946053,10.));
#5042=VECTOR('',#5043,1.);
#5043=DIRECTION('',(0.609480770760379,0.358515257797119,-0.707106781186547));
#5044=CARTESIAN_POINT('',(1.16916130636301,-6.11772749338776,10.));
#5045=VECTOR('',#5046,1.);
#5046=DIRECTION('',(0.398195036480707,0.584329284669294,-0.707106781186548));
#5047=CARTESIAN_POINT('',(-3.27388955489636,-1.87442172649475,9.));
#5048=VECTOR('',#5049,1.);
#5049=DIRECTION('',(0.,0.707106781186548,0.707106781186547));
#5050=CARTESIAN_POINT('',(-2.27388955489636,-1.87442172649475,10.));
#5051=VECTOR('',#5052,1.);
#5052=DIRECTION('',(-0.707106781186547,0.,-0.707106781186547));
#5053=CARTESIAN_POINT('',(-5.48019304755931,-0.874421726494748,10.));
#5054=VECTOR('',#5055,1.);
#5055=DIRECTION('',(-0.577350269189626,-0.577350269189626,-0.577350269189626));
#5056=CARTESIAN_POINT('',(-5.48019304755931,6.,10.));
#5057=VECTOR('',#5058,1.);
#5058=DIRECTION('',(-0.707106781186547,0.,-0.707106781186548));
#5059=CARTESIAN_POINT('',(-6.48019304755931,6.,9.));
#5060=VECTOR('',#5061,1.);
#5061=DIRECTION('',(0.,0.707106781186547,0.707106781186547));
#5062=CARTESIAN_POINT('',(-7.13017705489636,7.,10.));
#5063=VECTOR('',#5064,1.);
#5064=DIRECTION('',(0.,-0.707106781186547,-0.707106781186547));
#5065=CARTESIAN_POINT('',(-7.13017705489636,6.,9.));
#5066=VECTOR('',#5067,1.);
#5067=DIRECTION('',(-0.707106781186547,0.,0.707106781186547));
#5068=CARTESIAN_POINT('',(-8.13017705489636,-0.874421726494747,10.));
#5069=VECTOR('',#5070,1.);
#5070=DIRECTION('',(0.577350269189626,-0.577350269189625,-0.577350269189626));
#5071=CARTESIAN_POINT('',(-10.3365384260466,-0.874421726494747,10.));
#5072=VECTOR('',#5073,1.);
#5073=DIRECTION('',(0.,-0.707106781186547,-0.707106781186548));
#5074=CARTESIAN_POINT('',(-10.3365384260466,-1.87442172649475,9.));
#5075=VECTOR('',#5076,1.);
#5076=DIRECTION('',(-0.707106781186546,0.,0.707106781186549));
#5077=CARTESIAN_POINT('',(-11.3365384260466,-2.01514066739147,10.));
#5078=VECTOR('',#5079,1.);
#5079=DIRECTION('',(0.707106781186546,0.,-0.707106781186549));
#5080=CARTESIAN_POINT('',(-10.3365384260466,-2.01514066739147,9.));
#5081=VECTOR('',#5082,1.);
#5082=DIRECTION('',(0.,-0.707106781186547,0.707106781186548));
#5083=CARTESIAN_POINT('',(-3.27388955489636,-3.01514066739147,10.));
#5084=VECTOR('',#5085,1.);
#5085=DIRECTION('',(0.,0.707106781186547,-0.707106781186548));
#5086=CARTESIAN_POINT('',(-3.27388955489636,-2.01514066739147,9.));
#5087=VECTOR('',#5088,1.);
#5088=DIRECTION('',(0.707106781186547,0.,0.707106781186547));
#5089=CARTESIAN_POINT('',(5.54016479076066,-0.0260425598280817,9.));
#5090=VECTOR('',#5091,1.);
#5091=DIRECTION('',(0.,0.707106781186547,0.707106781186548));
#5092=CARTESIAN_POINT('',(2.75956242603629,0.293005875144668,9.06957767645053));
#5093=CARTESIAN_POINT('',(2.79346136637838,0.39067029867456,9.17295793462269));
#5094=CARTESIAN_POINT('',(2.86125924664267,0.58599914588009,9.37971845096702));
#5095=CARTESIAN_POINT('',(2.96295606577941,0.87899241712562,9.68985922548351));
#5096=CARTESIAN_POINT('',(3.03075394436411,1.07432126491413,9.89661974182784));
#5097=CARTESIAN_POINT('',(3.0646528834465,1.17198568888126,10.));
#5098=CARTESIAN_POINT('',(8.79403447871366,-0.0260425598280819,9.));
#5099=VECTOR('',#5100,1.);
#5100=DIRECTION('',(-0.577350269189625,0.577350269189626,0.577350269189626));
#5101=CARTESIAN_POINT('',(8.79403447871366,5.67065789501793,9.));
#5102=VECTOR('',#5103,1.);
#5103=DIRECTION('',(-0.577350269189625,-0.577350269189626,0.577350269189626));
#5104=CARTESIAN_POINT('',(5.21008886453803,5.67065789501793,9.));
#5105=VECTOR('',#5106,1.);
#5106=DIRECTION('',(0.,-0.707106781186547,0.707106781186547));
#5107=CARTESIAN_POINT('',(3.10536279449764,5.56756301268246,9.));
#5108=CARTESIAN_POINT('',(3.12792654622624,5.45877362467673,9.11110445861944));
#5109=CARTESIAN_POINT('',(3.16717879342321,5.23999109952965,9.33333768212026));
#5110=CARTESIAN_POINT('',(3.23138303686522,4.9128910808594,9.66666653182409));
#5111=CARTESIAN_POINT('',(3.27479044736379,4.69493858855749,9.88889563722762));
#5112=CARTESIAN_POINT('',(3.29572918319727,4.58580933260853,10.));
#5113=CARTESIAN_POINT('',(1.53587374671148,4.70001497223401,9.));
#5114=VECTOR('',#5115,1.);
#5115=DIRECTION('',(0.52755210345575,-0.470838377938135,0.707106781186548));
#5116=CARTESIAN_POINT('',(0.890576746331477,2.8600149368658,9.));
#5117=VECTOR('',#5118,1.);
#5118=DIRECTION('',(0.707106781186547,0.,0.707106781186548));
#5119=CARTESIAN_POINT('',(1.37143191843061,1.23279027931511,9.));
#5120=VECTOR('',#5121,1.);
#5121=DIRECTION('',(0.580477127245934,0.403789926501774,0.707106781186548));
#5122=CARTESIAN_POINT('',(3.68811413064357,-5.47000006171317,9.));
#5123=CARTESIAN_POINT('',(3.69294994779522,-5.42888884485567,9.04139433708105));
#5124=CARTESIAN_POINT('',(3.70340147686427,-5.34001458963074,9.13088033477795));
#5125=CARTESIAN_POINT('',(3.72051199193363,-5.19456278657839,9.27733398311216));
#5126=CARTESIAN_POINT('',(3.7400906344341,-5.02811442030633,9.4449285923858));
#5127=CARTESIAN_POINT('',(3.76141377712141,-4.84684044424104,9.6274509830248));
#5128=CARTESIAN_POINT('',(3.78324568509884,-4.66123893994053,9.81433067143686));
#5129=CARTESIAN_POINT('',(3.79777228583415,-4.53774505289996,9.93867505898214));
#5130=CARTESIAN_POINT('',(3.80493637115028,-4.47683953854174,10.));
#5131=CARTESIAN_POINT('',(2.00362030432099,-4.65279230333486,9.));
#5132=VECTOR('',#5133,1.);
#5133=DIRECTION('',(0.530226593657877,0.467824496342341,0.707106781186547));
#5134=CARTESIAN_POINT('',(6.19082485389486,-5.52400977092394,9.));
#5135=VECTOR('',#5136,1.);
#5136=DIRECTION('',(0.,0.707106781186547,0.707106781186547));
#5137=CARTESIAN_POINT('',(8.79403447871366,-5.52400977092394,9.));
#5138=VECTOR('',#5139,1.);
#5139=DIRECTION('',(-0.577350269189625,0.577350269189626,0.577350269189626));
#5140=CARTESIAN_POINT('',(8.79403447871367,-0.327082423641311,9.));
#5141=VECTOR('',#5142,1.);
#5142=DIRECTION('',(-0.577350269189625,-0.577350269189626,0.577350269189625));
#5143=CARTESIAN_POINT('',(5.96452341630427,-0.327082423641312,9.));
#5144=VECTOR('',#5145,1.);
#5145=DIRECTION('',(0.,-0.707106781186547,0.707106781186548));
#5146=CARTESIAN_POINT('',(3.82293767488743,-0.413755475130727,9.03275914797797));
#5147=CARTESIAN_POINT('',(3.82733700042474,-0.450815074039489,9.07007895393702));
#5148=CARTESIAN_POINT('',(3.83612024681112,-0.524962758491091,9.1447450339442));
#5149=CARTESIAN_POINT('',(3.84957829813616,-0.638322096652445,9.25890044681544));
#5150=CARTESIAN_POINT('',(3.863884947774,-0.759009365108615,9.38043272488731));
#5151=CARTESIAN_POINT('',(3.87986932792566,-0.893236441101822,9.51560819695873));
#5152=CARTESIAN_POINT('',(3.89766176365526,-1.043273163892,9.66669620285468));
#5153=CARTESIAN_POINT('',(3.91694783618142,-1.20569368190084,9.83025773596033));
#5154=CARTESIAN_POINT('',(3.93021562350147,-1.31748114692206,9.94282980092278));
#5155=CARTESIAN_POINT('',(3.93695516594186,-1.37425271254546,10.));
#5156=CARTESIAN_POINT('',(2.12490619627642,-1.18424289176408,9.03109549389698));
#5157=VECTOR('',#5158,1.);
#5158=DIRECTION('',(0.500017601574936,-0.499982397805412,0.707106781186547));
#5159=CARTESIAN_POINT('',(1.39984175624984,-2.94910233075202,9.));
#5160=VECTOR('',#5161,1.);
#5161=DIRECTION('',(0.707106781186547,0.,0.707106781186547));
ENDSEC;
END-ISO-10303-21;
