ISO-10303-21;
HEADER;
FILE_DESCRIPTION(('STEP AP242'),
    '1');
FILE_NAME('itemPillContainer',
    '',
    ('UNSPECIFIED'),
    ('UNSPECIFIED'),
    'C3D Converter',
    'C3D Toolkit',
    '');
FILE_SCHEMA(('AP242_MANAGED_MODEL_BASED_3D_ENGINEERING_MIM_LF { 1 0 10303 442 1 1 4 }'));
ENDSEC;

DATA;
#1=PRODUCT_DEFINITION('','UNSPECIFIED',#28,#31);
#2=SHAPE_DEFINITION_REPRESENTATION(#26,#3);
#3=SHAPE_REPRESENTATION('NONE',(#4),#8);
#4=AXIS2_PLACEMENT_3D('',#5,#6,#7);
#5=CARTESIAN_POINT('',(0.,0.,0.));
#6=DIRECTION('',(0.,0.,1.));
#7=DIRECTION('',(1.,0.,0.));
#8=(GEOMETRIC_REPRESENTATION_CONTEXT(3)GLOBAL_UNCERTAINTY_ASSIGNED_CONTEXT((#10))
GLOBAL_UNIT_ASSIGNED_CONTEXT((#9,#11,#12))REPRESENTATION_CONTEXT('NONE','NONE'));
#9=(LENGTH_UNIT()NAMED_UNIT(*)SI_UNIT(.MILLI.,.METRE.));
#10=UNCERTAINTY_MEASURE_WITH_UNIT(LENGTH_MEASURE(1.E-5),#9,'NONE','NONE');
#11=(NAMED_UNIT(*)PLANE_ANGLE_UNIT()SI_UNIT($,.RADIAN.));
#12=(NAMED_UNIT(*)SI_UNIT($,.STERADIAN.)SOLID_ANGLE_UNIT());
#13=MANIFOLD_SOLID_BREP('',#14);
#14=CLOSED_SHELL('',(#48,#49,#50,#51,#52,#53,#54,#55,#56,#57,#58,#59,#60,#61,#62,
#63,#64,#65,#66,#67,#68,#69,#70,#71,#72,#73,#74,#75,#76,#77,#78,#79,#80,#81,#82,
#83,#84,#85,#86,#87,#88,#89,#90,#91,#92,#93,#94,#95,#96,#97,#98,#99,#100,#101,#102,
#103,#104,#105,#106,#107,#108,#109,#110,#111,#112,#113,#114,#115,#116,#117,#118,
#119,#120,#121,#122,#123,#124,#125,#126,#127,#128,#129,#130,#131,#132,#133,#134,
#135,#136,#137,#138,#139,#140,#141,#142,#143,#144,#145,#146,#147,#148,#149,#150,
#151,#152,#153,#154,#155,#156,#157,#158,#159,#160,#161,#162,#163,#164,#165,#166,
#167,#168,#169,#170,#171,#172,#173,#174,#175,#176,#177,#178,#179,#180,#181,#182,
#183,#184,#185,#186,#187,#188,#189,#190,#191,#192,#193,#194,#195,#196,#197,#198,
#199,#200,#201,#202,#203,#204,#205,#206,#207,#208,#209,#210,#211,#212,#213,#214,
#215,#216,#217,#218,#219,#220,#221,#222,#223,#224,#225,#226,#227,#228,#229,#230,
#231,#232,#233,#234,#235,#236,#237,#238,#239));
#15=COLOUR_RGB('',0.564705882352941,0.564705882352941,0.564705882352941);
#16=FILL_AREA_STYLE_COLOUR('',#15);
#17=FILL_AREA_STYLE($,(#16));
#18=SURFACE_STYLE_FILL_AREA(#17);
#19=SURFACE_SIDE_STYLE('',(#18));
#20=SURFACE_STYLE_USAGE(.BOTH.,#19);
#21=PRESENTATION_STYLE_ASSIGNMENT((#20));
#22=MECHANICAL_DESIGN_GEOMETRIC_PRESENTATION_REPRESENTATION('NONE',(#23),#8);
#23=STYLED_ITEM('',(#21),#13);
#24=ADVANCED_BREP_SHAPE_REPRESENTATION('NONE',(#13),#8);
#25=SHAPE_REPRESENTATION_RELATIONSHIP('','',#3,#24);
#26=PRODUCT_DEFINITION_SHAPE('NONE','NONE',#1);
#27=MECHANICAL_CONTEXT('NONE',#32,'mechanical');
#28=PRODUCT_DEFINITION_FORMATION_WITH_SPECIFIED_SOURCE('ANY','UNSPECIFIED',#29,.NOT_KNOWN.);
#29=PRODUCT('','itemPillContainer','NONE',(#27));
#30=PRODUCT_RELATED_PRODUCT_CATEGORY('detail','',(#29));
#31=DESIGN_CONTEXT('detailed design',#32,'design');
#32=APPLICATION_CONTEXT('configuration controlled 3d designs of mechanical parts and assemblies');
#33=APPLICATION_PROTOCOL_DEFINITION('international standard','config_control_design',
1994,#32);
#34=CC_DESIGN_DATE_AND_TIME_ASSIGNMENT(#35,#39,(#1));
#35=DATE_AND_TIME(#36,#37);
#36=CALENDAR_DATE(0,1,1);
#37=LOCAL_TIME(0,0,0.,#38);
#38=COORDINATED_UNIVERSAL_TIME_OFFSET(0,0,.AHEAD.);
#39=DATE_TIME_ROLE('creation_date');
#40=CC_DESIGN_APPROVAL(#41,(#1));
#41=APPROVAL(#42,'UNSPECIFIED');
#42=APPROVAL_STATUS('not_yet_approved');
#43=APPROVAL_DATE_TIME(#44,#41);
#44=DATE_AND_TIME(#45,#46);
#45=CALENDAR_DATE(0,1,1);
#46=LOCAL_TIME(0,0,0.,#47);
#47=COORDINATED_UNIVERSAL_TIME_OFFSET(0,0,.AHEAD.);
#48=ADVANCED_FACE('',(#240,#242),#244,.T.);
#49=ADVANCED_FACE('',(#249,#251),#253,.T.);
#50=ADVANCED_FACE('',(#258,#260),#262,.T.);
#51=ADVANCED_FACE('',(#267,#269),#271,.T.);
#52=ADVANCED_FACE('',(#276,#278),#280,.T.);
#53=ADVANCED_FACE('',(#285,#287),#289,.F.);
#54=ADVANCED_FACE('',(#294,#296),#298,.F.);
#55=ADVANCED_FACE('',(#303,#305),#307,.F.);
#56=ADVANCED_FACE('',(#312,#314),#316,.F.);
#57=ADVANCED_FACE('',(#321,#323),#325,.F.);
#58=ADVANCED_FACE('',(#330),#332,.T.);
#59=ADVANCED_FACE('',(#337),#339,.T.);
#60=ADVANCED_FACE('',(#344),#346,.T.);
#61=ADVANCED_FACE('',(#351),#353,.T.);
#62=ADVANCED_FACE('',(#358),#360,.T.);
#63=ADVANCED_FACE('',(#365),#367,.T.);
#64=ADVANCED_FACE('',(#372),#374,.T.);
#65=ADVANCED_FACE('',(#379),#381,.T.);
#66=ADVANCED_FACE('',(#386),#388,.T.);
#67=ADVANCED_FACE('',(#393),#395,.T.);
#68=ADVANCED_FACE('',(#400),#402,.T.);
#69=ADVANCED_FACE('',(#407),#409,.T.);
#70=ADVANCED_FACE('',(#414),#416,.T.);
#71=ADVANCED_FACE('',(#421),#423,.T.);
#72=ADVANCED_FACE('',(#428),#430,.T.);
#73=ADVANCED_FACE('',(#435),#437,.T.);
#74=ADVANCED_FACE('',(#442),#444,.T.);
#75=ADVANCED_FACE('',(#449),#451,.T.);
#76=ADVANCED_FACE('',(#456),#458,.T.);
#77=ADVANCED_FACE('',(#463),#465,.T.);
#78=ADVANCED_FACE('',(#470),#472,.T.);
#79=ADVANCED_FACE('',(#477),#479,.T.);
#80=ADVANCED_FACE('',(#484),#486,.T.);
#81=ADVANCED_FACE('',(#491),#493,.T.);
#82=ADVANCED_FACE('',(#498),#500,.T.);
#83=ADVANCED_FACE('',(#505),#507,.T.);
#84=ADVANCED_FACE('',(#512),#514,.T.);
#85=ADVANCED_FACE('',(#519),#521,.T.);
#86=ADVANCED_FACE('',(#526),#528,.T.);
#87=ADVANCED_FACE('',(#533),#535,.T.);
#88=ADVANCED_FACE('',(#540),#542,.T.);
#89=ADVANCED_FACE('',(#547),#549,.T.);
#90=ADVANCED_FACE('',(#554),#556,.T.);
#91=ADVANCED_FACE('',(#561),#563,.T.);
#92=ADVANCED_FACE('',(#568),#570,.T.);
#93=ADVANCED_FACE('',(#575,#577),#579,.T.);
#94=ADVANCED_FACE('',(#584),#586,.T.);
#95=ADVANCED_FACE('',(#591),#593,.F.);
#96=ADVANCED_FACE('',(#598),#600,.T.);
#97=ADVANCED_FACE('',(#605),#607,.T.);
#98=ADVANCED_FACE('',(#612),#614,.T.);
#99=ADVANCED_FACE('',(#619),#621,.T.);
#100=ADVANCED_FACE('',(#626),#628,.T.);
#101=ADVANCED_FACE('',(#633),#635,.T.);
#102=ADVANCED_FACE('',(#640),#642,.T.);
#103=ADVANCED_FACE('',(#647),#649,.T.);
#104=ADVANCED_FACE('',(#654),#656,.T.);
#105=ADVANCED_FACE('',(#661),#663,.T.);
#106=ADVANCED_FACE('',(#668),#670,.T.);
#107=ADVANCED_FACE('',(#675),#677,.T.);
#108=ADVANCED_FACE('',(#682),#684,.T.);
#109=ADVANCED_FACE('',(#689),#691,.T.);
#110=ADVANCED_FACE('',(#696),#698,.T.);
#111=ADVANCED_FACE('',(#703),#705,.T.);
#112=ADVANCED_FACE('',(#710),#712,.T.);
#113=ADVANCED_FACE('',(#717),#719,.T.);
#114=ADVANCED_FACE('',(#724),#726,.T.);
#115=ADVANCED_FACE('',(#731),#733,.T.);
#116=ADVANCED_FACE('',(#738),#740,.T.);
#117=ADVANCED_FACE('',(#745),#747,.T.);
#118=ADVANCED_FACE('',(#752),#754,.T.);
#119=ADVANCED_FACE('',(#759,#761),#763,.T.);
#120=ADVANCED_FACE('',(#768,#770),#772,.T.);
#121=ADVANCED_FACE('',(#777,#779),#781,.F.);
#122=ADVANCED_FACE('',(#786,#788),#790,.F.);
#123=ADVANCED_FACE('',(#795),#797,.T.);
#124=ADVANCED_FACE('',(#802),#804,.T.);
#125=ADVANCED_FACE('',(#809,#811),#813,.F.);
#126=ADVANCED_FACE('',(#818,#820),#822,.F.);
#127=ADVANCED_FACE('',(#827,#829),#831,.F.);
#128=ADVANCED_FACE('',(#836,#838),#840,.F.);
#129=ADVANCED_FACE('',(#845,#847),#849,.F.);
#130=ADVANCED_FACE('',(#854,#856),#858,.F.);
#131=ADVANCED_FACE('',(#863,#865),#867,.F.);
#132=ADVANCED_FACE('',(#872),#874,.T.);
#133=ADVANCED_FACE('',(#879),#881,.T.);
#134=ADVANCED_FACE('',(#886),#888,.T.);
#135=ADVANCED_FACE('',(#893),#895,.T.);
#136=ADVANCED_FACE('',(#900),#902,.T.);
#137=ADVANCED_FACE('',(#907),#909,.T.);
#138=ADVANCED_FACE('',(#914),#916,.T.);
#139=ADVANCED_FACE('',(#921),#923,.T.);
#140=ADVANCED_FACE('',(#928),#930,.T.);
#141=ADVANCED_FACE('',(#935),#937,.T.);
#142=ADVANCED_FACE('',(#942),#944,.T.);
#143=ADVANCED_FACE('',(#949),#951,.T.);
#144=ADVANCED_FACE('',(#956),#958,.T.);
#145=ADVANCED_FACE('',(#963),#965,.T.);
#146=ADVANCED_FACE('',(#970),#972,.T.);
#147=ADVANCED_FACE('',(#977),#979,.T.);
#148=ADVANCED_FACE('',(#984),#986,.T.);
#149=ADVANCED_FACE('',(#991),#993,.T.);
#150=ADVANCED_FACE('',(#998),#1000,.T.);
#151=ADVANCED_FACE('',(#1005),#1007,.T.);
#152=ADVANCED_FACE('',(#1012),#1014,.T.);
#153=ADVANCED_FACE('',(#1019),#1021,.T.);
#154=ADVANCED_FACE('',(#1026),#1028,.T.);
#155=ADVANCED_FACE('',(#1033),#1035,.T.);
#156=ADVANCED_FACE('',(#1040),#1042,.T.);
#157=ADVANCED_FACE('',(#1047),#1049,.T.);
#158=ADVANCED_FACE('',(#1054),#1056,.T.);
#159=ADVANCED_FACE('',(#1061),#1063,.T.);
#160=ADVANCED_FACE('',(#1068),#1070,.T.);
#161=ADVANCED_FACE('',(#1075),#1077,.T.);
#162=ADVANCED_FACE('',(#1082),#1084,.T.);
#163=ADVANCED_FACE('',(#1089),#1091,.T.);
#164=ADVANCED_FACE('',(#1096),#1098,.T.);
#165=ADVANCED_FACE('',(#1103),#1105,.T.);
#166=ADVANCED_FACE('',(#1110),#1112,.T.);
#167=ADVANCED_FACE('',(#1117),#1119,.T.);
#168=ADVANCED_FACE('',(#1124),#1126,.T.);
#169=ADVANCED_FACE('',(#1131),#1133,.T.);
#170=ADVANCED_FACE('',(#1138),#1140,.T.);
#171=ADVANCED_FACE('',(#1145),#1147,.T.);
#172=ADVANCED_FACE('',(#1152),#1154,.T.);
#173=ADVANCED_FACE('',(#1159),#1161,.T.);
#174=ADVANCED_FACE('',(#1166),#1168,.T.);
#175=ADVANCED_FACE('',(#1173),#1175,.T.);
#176=ADVANCED_FACE('',(#1180),#1182,.T.);
#177=ADVANCED_FACE('',(#1187),#1189,.T.);
#178=ADVANCED_FACE('',(#1194),#1196,.T.);
#179=ADVANCED_FACE('',(#1201),#1203,.T.);
#180=ADVANCED_FACE('',(#1208),#1210,.T.);
#181=ADVANCED_FACE('',(#1215),#1217,.T.);
#182=ADVANCED_FACE('',(#1222),#1224,.T.);
#183=ADVANCED_FACE('',(#1229),#1231,.T.);
#184=ADVANCED_FACE('',(#1236),#1238,.T.);
#185=ADVANCED_FACE('',(#1243),#1245,.T.);
#186=ADVANCED_FACE('',(#1250),#1252,.T.);
#187=ADVANCED_FACE('',(#1257),#1259,.T.);
#188=ADVANCED_FACE('',(#1264),#1266,.T.);
#189=ADVANCED_FACE('',(#1271),#1273,.T.);
#190=ADVANCED_FACE('',(#1278),#1280,.T.);
#191=ADVANCED_FACE('',(#1285),#1287,.T.);
#192=ADVANCED_FACE('',(#1292),#1294,.T.);
#193=ADVANCED_FACE('',(#1299),#1301,.T.);
#194=ADVANCED_FACE('',(#1306),#1308,.T.);
#195=ADVANCED_FACE('',(#1313),#1315,.T.);
#196=ADVANCED_FACE('',(#1320),#1322,.T.);
#197=ADVANCED_FACE('',(#1327),#1329,.T.);
#198=ADVANCED_FACE('',(#1334),#1336,.T.);
#199=ADVANCED_FACE('',(#1341),#1343,.T.);
#200=ADVANCED_FACE('',(#1348),#1350,.T.);
#201=ADVANCED_FACE('',(#1355),#1357,.T.);
#202=ADVANCED_FACE('',(#1362),#1364,.T.);
#203=ADVANCED_FACE('',(#1369),#1371,.T.);
#204=ADVANCED_FACE('',(#1376),#1378,.T.);
#205=ADVANCED_FACE('',(#1383),#1385,.T.);
#206=ADVANCED_FACE('',(#1390),#1392,.T.);
#207=ADVANCED_FACE('',(#1397),#1399,.T.);
#208=ADVANCED_FACE('',(#1404),#1406,.T.);
#209=ADVANCED_FACE('',(#1411),#1413,.T.);
#210=ADVANCED_FACE('',(#1418),#1420,.F.);
#211=ADVANCED_FACE('',(#1425),#1427,.F.);
#212=ADVANCED_FACE('',(#1432),#1434,.F.);
#213=ADVANCED_FACE('',(#1439),#1441,.F.);
#214=ADVANCED_FACE('',(#1446),#1448,.F.);
#215=ADVANCED_FACE('',(#1453),#1455,.F.);
#216=ADVANCED_FACE('',(#1460),#1462,.F.);
#217=ADVANCED_FACE('',(#1467),#1469,.F.);
#218=ADVANCED_FACE('',(#1474),#1476,.F.);
#219=ADVANCED_FACE('',(#1481),#1483,.F.);
#220=ADVANCED_FACE('',(#1488),#1490,.F.);
#221=ADVANCED_FACE('',(#1495),#1497,.F.);
#222=ADVANCED_FACE('',(#1502),#1504,.F.);
#223=ADVANCED_FACE('',(#1509),#1511,.F.);
#224=ADVANCED_FACE('',(#1516),#1518,.F.);
#225=ADVANCED_FACE('',(#1523),#1525,.F.);
#226=ADVANCED_FACE('',(#1530),#1532,.F.);
#227=ADVANCED_FACE('',(#1537),#1539,.F.);
#228=ADVANCED_FACE('',(#1544),#1546,.F.);
#229=ADVANCED_FACE('',(#1551),#1553,.F.);
#230=ADVANCED_FACE('',(#1558),#1560,.F.);
#231=ADVANCED_FACE('',(#1565),#1567,.F.);
#232=ADVANCED_FACE('',(#1572),#1574,.F.);
#233=ADVANCED_FACE('',(#1579),#1581,.F.);
#234=ADVANCED_FACE('',(#1586),#1588,.F.);
#235=ADVANCED_FACE('',(#1593),#1595,.F.);
#236=ADVANCED_FACE('',(#1600),#1602,.F.);
#237=ADVANCED_FACE('',(#1607),#1609,.F.);
#238=ADVANCED_FACE('',(#1614),#1616,.F.);
#239=ADVANCED_FACE('',(#1621),#1623,.F.);
#240=FACE_BOUND('',#241,.T.);
#241=EDGE_LOOP('',(#1628,#1629,#1630,#1631,#1632,#1633));
#242=FACE_BOUND('',#243,.T.);
#243=EDGE_LOOP('',(#1634));
#244=PLANE('',#245);
#245=AXIS2_PLACEMENT_3D('',#246,#247,#248);
#246=CARTESIAN_POINT('',(0.,0.,20.));
#247=DIRECTION('',(0.,0.,1.));
#248=DIRECTION('',(-0.499999999999999,0.866025403784439,0.));
#249=FACE_BOUND('',#250,.T.);
#250=EDGE_LOOP('',(#1635,#1636,#1637,#1638,#1639,#1640));
#251=FACE_BOUND('',#252,.T.);
#252=EDGE_LOOP('',(#1641));
#253=PLANE('',#254);
#254=AXIS2_PLACEMENT_3D('',#255,#256,#257);
#255=CARTESIAN_POINT('',(0.,0.,20.));
#256=DIRECTION('',(0.,0.,1.));
#257=DIRECTION('',(0.500000000000001,0.866025403784438,0.));
#258=FACE_BOUND('',#259,.T.);
#259=EDGE_LOOP('',(#1642,#1643,#1644,#1645,#1646,#1647));
#260=FACE_BOUND('',#261,.T.);
#261=EDGE_LOOP('',(#1648));
#262=PLANE('',#263);
#263=AXIS2_PLACEMENT_3D('',#264,#265,#266);
#264=CARTESIAN_POINT('',(0.,0.,20.));
#265=DIRECTION('',(0.,0.,1.));
#266=DIRECTION('',(1.,0.,0.));
#267=FACE_BOUND('',#268,.T.);
#268=EDGE_LOOP('',(#1649,#1650,#1651,#1652,#1653,#1654));
#269=FACE_BOUND('',#270,.T.);
#270=EDGE_LOOP('',(#1655));
#271=PLANE('',#272);
#272=AXIS2_PLACEMENT_3D('',#273,#274,#275);
#273=CARTESIAN_POINT('',(0.,0.,20.));
#274=DIRECTION('',(0.,0.,1.));
#275=DIRECTION('',(0.5,-0.866025403784439,0.));
#276=FACE_BOUND('',#277,.T.);
#277=EDGE_LOOP('',(#1656,#1657,#1658,#1659,#1660,#1661));
#278=FACE_BOUND('',#279,.T.);
#279=EDGE_LOOP('',(#1662));
#280=PLANE('',#281);
#281=AXIS2_PLACEMENT_3D('',#282,#283,#284);
#282=CARTESIAN_POINT('',(0.,0.,20.));
#283=DIRECTION('',(0.,0.,1.));
#284=DIRECTION('',(-0.5,-0.866025403784439,0.));
#285=FACE_OUTER_BOUND('',#286,.T.);
#286=EDGE_LOOP('',(#1663));
#287=FACE_OUTER_BOUND('',#288,.T.);
#288=EDGE_LOOP('',(#1664));
#289=CYLINDRICAL_SURFACE('',#290,12.5);
#290=AXIS2_PLACEMENT_3D('',#291,#292,#293);
#291=CARTESIAN_POINT('',(-20.5,35.507041555162,2.));
#292=DIRECTION('',(0.,0.,1.));
#293=DIRECTION('',(-0.499999999999999,0.866025403784439,0.));
#294=FACE_OUTER_BOUND('',#295,.T.);
#295=EDGE_LOOP('',(#1665));
#296=FACE_OUTER_BOUND('',#297,.T.);
#297=EDGE_LOOP('',(#1666));
#298=CYLINDRICAL_SURFACE('',#299,12.5);
#299=AXIS2_PLACEMENT_3D('',#300,#301,#302);
#300=CARTESIAN_POINT('',(20.5,35.507041555162,2.));
#301=DIRECTION('',(0.,0.,1.));
#302=DIRECTION('',(0.500000000000001,0.866025403784438,0.));
#303=FACE_OUTER_BOUND('',#304,.T.);
#304=EDGE_LOOP('',(#1667));
#305=FACE_OUTER_BOUND('',#306,.T.);
#306=EDGE_LOOP('',(#1668));
#307=CYLINDRICAL_SURFACE('',#308,12.5);
#308=AXIS2_PLACEMENT_3D('',#309,#310,#311);
#309=CARTESIAN_POINT('',(41.,0.,2.));
#310=DIRECTION('',(0.,0.,1.));
#311=DIRECTION('',(1.,0.,0.));
#312=FACE_OUTER_BOUND('',#313,.T.);
#313=EDGE_LOOP('',(#1669));
#314=FACE_OUTER_BOUND('',#315,.T.);
#315=EDGE_LOOP('',(#1670));
#316=CYLINDRICAL_SURFACE('',#317,12.5);
#317=AXIS2_PLACEMENT_3D('',#318,#319,#320);
#318=CARTESIAN_POINT('',(20.5,-35.507041555162,2.));
#319=DIRECTION('',(0.,0.,1.));
#320=DIRECTION('',(0.5,-0.866025403784439,0.));
#321=FACE_OUTER_BOUND('',#322,.T.);
#322=EDGE_LOOP('',(#1671));
#323=FACE_OUTER_BOUND('',#324,.T.);
#324=EDGE_LOOP('',(#1672));
#325=CYLINDRICAL_SURFACE('',#326,12.5);
#326=AXIS2_PLACEMENT_3D('',#327,#328,#329);
#327=CARTESIAN_POINT('',(-20.5,-35.507041555162,2.));
#328=DIRECTION('',(0.,0.,1.));
#329=DIRECTION('',(-0.5,-0.866025403784439,0.));
#330=FACE_BOUND('',#331,.T.);
#331=EDGE_LOOP('',(#1673,#1674,#1675,#1676,#1677));
#332=PLANE('',#333);
#333=AXIS2_PLACEMENT_3D('',#334,#335,#336);
#334=CARTESIAN_POINT('',(-36.,26.5581123827228,0.));
#335=DIRECTION('',(-0.500000000000001,-0.866025403784438,0.));
#336=DIRECTION('',(0.866025403784438,-0.500000000000001,0.));
#337=FACE_BOUND('',#338,.T.);
#338=EDGE_LOOP('',(#1678,#1679,#1680,#1681));
#339=PLANE('',#340);
#340=AXIS2_PLACEMENT_3D('',#341,#342,#343);
#341=CARTESIAN_POINT('',(-20.5,17.6091832102836,0.));
#342=DIRECTION('',(0.499999999999999,-0.866025403784439,0.));
#343=DIRECTION('',(0.866025403784439,0.499999999999999,0.));
#344=FACE_BOUND('',#345,.T.);
#345=EDGE_LOOP('',(#1682,#1683,#1684,#1685,#1686));
#346=PLANE('',#347);
#347=AXIS2_PLACEMENT_3D('',#348,#349,#350);
#348=CARTESIAN_POINT('',(-4.99999999999998,26.5581123827228,0.));
#349=DIRECTION('',(1.,-6.66133814775094E-16,0.));
#350=DIRECTION('',(6.66133814775094E-16,1.,0.));
#351=FACE_BOUND('',#352,.T.);
#352=EDGE_LOOP('',(#1687,#1688,#1689,#1690,#1691));
#353=PLANE('',#354);
#354=AXIS2_PLACEMENT_3D('',#355,#356,#357);
#355=CARTESIAN_POINT('',(-4.99999999999997,44.4559707276012,0.));
#356=DIRECTION('',(0.500000000000001,0.866025403784438,0.));
#357=DIRECTION('',(-0.866025403784438,0.500000000000001,0.));
#358=FACE_BOUND('',#359,.T.);
#359=EDGE_LOOP('',(#1692,#1693,#1694,#1695));
#360=PLANE('',#361);
#361=AXIS2_PLACEMENT_3D('',#362,#363,#364);
#362=CARTESIAN_POINT('',(-20.5,53.4048999000404,0.));
#363=DIRECTION('',(-0.499999999999999,0.866025403784439,0.));
#364=DIRECTION('',(-0.866025403784439,-0.499999999999999,0.));
#365=FACE_BOUND('',#366,.T.);
#366=EDGE_LOOP('',(#1696,#1697,#1698,#1699,#1700));
#367=PLANE('',#368);
#368=AXIS2_PLACEMENT_3D('',#369,#370,#371);
#369=CARTESIAN_POINT('',(-36.,44.4559707276012,0.));
#370=DIRECTION('',(-1.,9.43689570931383E-16,0.));
#371=DIRECTION('',(-9.43689570931383E-16,-1.,0.));
#372=FACE_BOUND('',#373,.T.);
#373=EDGE_LOOP('',(#1701,#1702,#1703,#1704,#1705));
#374=PLANE('',#375);
#375=AXIS2_PLACEMENT_3D('',#376,#377,#378);
#376=CARTESIAN_POINT('',(5.00000000000002,44.4559707276012,0.));
#377=DIRECTION('',(-1.,4.9960036108132E-16,0.));
#378=DIRECTION('',(-4.9960036108132E-16,-1.,0.));
#379=FACE_BOUND('',#380,.T.);
#380=EDGE_LOOP('',(#1706,#1707,#1708,#1709));
#381=PLANE('',#382);
#382=AXIS2_PLACEMENT_3D('',#383,#384,#385);
#383=CARTESIAN_POINT('',(5.00000000000001,26.5581123827228,0.));
#384=DIRECTION('',(-0.5,-0.866025403784439,0.));
#385=DIRECTION('',(0.866025403784439,-0.5,0.));
#386=FACE_BOUND('',#387,.T.);
#387=EDGE_LOOP('',(#1710,#1711,#1712,#1713,#1714));
#388=PLANE('',#389);
#389=AXIS2_PLACEMENT_3D('',#390,#391,#392);
#390=CARTESIAN_POINT('',(20.5,17.6091832102836,0.));
#391=DIRECTION('',(0.5,-0.866025403784439,0.));
#392=DIRECTION('',(0.866025403784439,0.5,0.));
#393=FACE_BOUND('',#394,.T.);
#394=EDGE_LOOP('',(#1715,#1716,#1717,#1718,#1719));
#395=PLANE('',#396);
#396=AXIS2_PLACEMENT_3D('',#397,#398,#399);
#397=CARTESIAN_POINT('',(36.,26.5581123827228,0.));
#398=DIRECTION('',(1.,-7.7715611723761E-16,0.));
#399=DIRECTION('',(7.7715611723761E-16,1.,0.));
#400=FACE_BOUND('',#401,.T.);
#401=EDGE_LOOP('',(#1720,#1721,#1722,#1723));
#402=PLANE('',#403);
#403=AXIS2_PLACEMENT_3D('',#404,#405,#406);
#404=CARTESIAN_POINT('',(36.,44.4559707276012,0.));
#405=DIRECTION('',(0.5,0.866025403784439,0.));
#406=DIRECTION('',(-0.866025403784439,0.5,0.));
#407=FACE_BOUND('',#408,.T.);
#408=EDGE_LOOP('',(#1724,#1725,#1726,#1727,#1728));
#409=PLANE('',#410);
#410=AXIS2_PLACEMENT_3D('',#411,#412,#413);
#411=CARTESIAN_POINT('',(20.5,53.4048999000404,0.));
#412=DIRECTION('',(-0.499999999999999,0.866025403784439,0.));
#413=DIRECTION('',(-0.866025403784439,-0.499999999999999,0.));
#414=FACE_BOUND('',#415,.T.);
#415=EDGE_LOOP('',(#1729,#1730,#1731,#1732,#1733));
#416=PLANE('',#417);
#417=AXIS2_PLACEMENT_3D('',#418,#419,#420);
#418=CARTESIAN_POINT('',(41.,17.8978583448784,0.));
#419=DIRECTION('',(-0.5,0.866025403784439,0.));
#420=DIRECTION('',(-0.866025403784439,-0.5,0.));
#421=FACE_BOUND('',#422,.T.);
#422=EDGE_LOOP('',(#1734,#1735,#1736,#1737));
#423=PLANE('',#424);
#424=AXIS2_PLACEMENT_3D('',#425,#426,#427);
#425=CARTESIAN_POINT('',(25.5,8.9489291724392,0.));
#426=DIRECTION('',(-1.,-1.22464679914735E-16,0.));
#427=DIRECTION('',(1.22464679914735E-16,-1.,0.));
#428=FACE_BOUND('',#429,.T.);
#429=EDGE_LOOP('',(#1738,#1739,#1740,#1741,#1742));
#430=PLANE('',#431);
#431=AXIS2_PLACEMENT_3D('',#432,#433,#434);
#432=CARTESIAN_POINT('',(25.5,-8.9489291724392,0.));
#433=DIRECTION('',(-0.5,-0.866025403784439,0.));
#434=DIRECTION('',(0.866025403784439,-0.5,0.));
#435=FACE_BOUND('',#436,.T.);
#436=EDGE_LOOP('',(#1743,#1744,#1745,#1746,#1747));
#437=PLANE('',#438);
#438=AXIS2_PLACEMENT_3D('',#439,#440,#441);
#439=CARTESIAN_POINT('',(41.,-17.8978583448784,0.));
#440=DIRECTION('',(0.5,-0.866025403784439,0.));
#441=DIRECTION('',(0.866025403784439,0.5,0.));
#442=FACE_BOUND('',#443,.T.);
#443=EDGE_LOOP('',(#1748,#1749,#1750,#1751));
#444=PLANE('',#445);
#445=AXIS2_PLACEMENT_3D('',#446,#447,#448);
#446=CARTESIAN_POINT('',(56.5,-8.9489291724392,0.));
#447=DIRECTION('',(1.,1.22464679914735E-16,0.));
#448=DIRECTION('',(-1.22464679914735E-16,1.,0.));
#449=FACE_BOUND('',#450,.T.);
#450=EDGE_LOOP('',(#1752,#1753,#1754,#1755,#1756));
#451=PLANE('',#452);
#452=AXIS2_PLACEMENT_3D('',#453,#454,#455);
#453=CARTESIAN_POINT('',(56.5,8.9489291724392,0.));
#454=DIRECTION('',(0.5,0.866025403784439,0.));
#455=DIRECTION('',(-0.866025403784439,0.5,0.));
#456=FACE_BOUND('',#457,.T.);
#457=EDGE_LOOP('',(#1757,#1758,#1759,#1760,#1761));
#458=PLANE('',#459);
#459=AXIS2_PLACEMENT_3D('',#460,#461,#462);
#460=CARTESIAN_POINT('',(36.,-26.5581123827228,0.));
#461=DIRECTION('',(0.5,0.866025403784439,0.));
#462=DIRECTION('',(-0.866025403784439,0.5,0.));
#463=FACE_BOUND('',#464,.T.);
#464=EDGE_LOOP('',(#1762,#1763,#1764,#1765));
#465=PLANE('',#466);
#466=AXIS2_PLACEMENT_3D('',#467,#468,#469);
#467=CARTESIAN_POINT('',(20.5,-17.6091832102836,0.));
#468=DIRECTION('',(-0.5,0.866025403784439,0.));
#469=DIRECTION('',(-0.866025403784439,-0.5,0.));
#470=FACE_BOUND('',#471,.T.);
#471=EDGE_LOOP('',(#1766,#1767,#1768,#1769,#1770));
#472=PLANE('',#473);
#473=AXIS2_PLACEMENT_3D('',#474,#475,#476);
#474=CARTESIAN_POINT('',(4.99999999999999,-26.5581123827228,0.));
#475=DIRECTION('',(-1.,2.22044604925031E-16,0.));
#476=DIRECTION('',(-2.22044604925031E-16,-1.,0.));
#477=FACE_BOUND('',#478,.T.);
#478=EDGE_LOOP('',(#1771,#1772,#1773,#1774,#1775));
#479=PLANE('',#480);
#480=AXIS2_PLACEMENT_3D('',#481,#482,#483);
#481=CARTESIAN_POINT('',(4.99999999999999,-44.4559707276012,0.));
#482=DIRECTION('',(-0.5,-0.866025403784438,0.));
#483=DIRECTION('',(0.866025403784438,-0.5,0.));
#484=FACE_BOUND('',#485,.T.);
#485=EDGE_LOOP('',(#1776,#1777,#1778,#1779));
#486=PLANE('',#487);
#487=AXIS2_PLACEMENT_3D('',#488,#489,#490);
#488=CARTESIAN_POINT('',(20.5,-53.4048999000404,0.));
#489=DIRECTION('',(0.5,-0.866025403784439,0.));
#490=DIRECTION('',(0.866025403784439,0.5,0.));
#491=FACE_BOUND('',#492,.T.);
#492=EDGE_LOOP('',(#1780,#1781,#1782,#1783,#1784));
#493=PLANE('',#494);
#494=AXIS2_PLACEMENT_3D('',#495,#496,#497);
#495=CARTESIAN_POINT('',(36.,-44.4559707276012,0.));
#496=DIRECTION('',(1.,-4.9960036108132E-16,0.));
#497=DIRECTION('',(4.9960036108132E-16,1.,0.));
#498=FACE_BOUND('',#499,.T.);
#499=EDGE_LOOP('',(#1785,#1786,#1787,#1788,#1789));
#500=PLANE('',#501);
#501=AXIS2_PLACEMENT_3D('',#502,#503,#504);
#502=CARTESIAN_POINT('',(-5.00000000000001,-44.4559707276012,0.));
#503=DIRECTION('',(1.,-1.11022302462516E-16,0.));
#504=DIRECTION('',(1.11022302462516E-16,1.,0.));
#505=FACE_BOUND('',#506,.T.);
#506=EDGE_LOOP('',(#1790,#1791,#1792,#1793));
#507=PLANE('',#508);
#508=AXIS2_PLACEMENT_3D('',#509,#510,#511);
#509=CARTESIAN_POINT('',(-5.,-26.5581123827228,0.));
#510=DIRECTION('',(0.5,0.866025403784439,0.));
#511=DIRECTION('',(-0.866025403784439,0.5,0.));
#512=FACE_BOUND('',#513,.T.);
#513=EDGE_LOOP('',(#1794,#1795,#1796,#1797,#1798));
#514=PLANE('',#515);
#515=AXIS2_PLACEMENT_3D('',#516,#517,#518);
#516=CARTESIAN_POINT('',(-20.5,-17.6091832102836,0.));
#517=DIRECTION('',(-0.5,0.866025403784439,0.));
#518=DIRECTION('',(-0.866025403784439,-0.5,0.));
#519=FACE_BOUND('',#520,.T.);
#520=EDGE_LOOP('',(#1799,#1800,#1801,#1802,#1803));
#521=PLANE('',#522);
#522=AXIS2_PLACEMENT_3D('',#523,#524,#525);
#523=CARTESIAN_POINT('',(-36.,-26.5581123827228,0.));
#524=DIRECTION('',(-1.,3.88578058618805E-16,0.));
#525=DIRECTION('',(-3.88578058618805E-16,-1.,0.));
#526=FACE_BOUND('',#527,.T.);
#527=EDGE_LOOP('',(#1804,#1805,#1806,#1807));
#528=PLANE('',#529);
#529=AXIS2_PLACEMENT_3D('',#530,#531,#532);
#530=CARTESIAN_POINT('',(-36.,-44.4559707276012,0.));
#531=DIRECTION('',(-0.5,-0.866025403784439,0.));
#532=DIRECTION('',(0.866025403784439,-0.5,0.));
#533=FACE_BOUND('',#534,.T.);
#534=EDGE_LOOP('',(#1808,#1809,#1810,#1811,#1812));
#535=PLANE('',#536);
#536=AXIS2_PLACEMENT_3D('',#537,#538,#539);
#537=CARTESIAN_POINT('',(-20.5,-53.4048999000404,0.));
#538=DIRECTION('',(0.5,-0.866025403784439,0.));
#539=DIRECTION('',(0.866025403784439,0.5,0.));
#540=FACE_BOUND('',#541,.T.);
#541=EDGE_LOOP('',(#1813));
#542=PLANE('',#543);
#543=AXIS2_PLACEMENT_3D('',#544,#545,#546);
#544=CARTESIAN_POINT('',(0.,0.,2.));
#545=DIRECTION('',(0.,0.,1.));
#546=DIRECTION('',(-0.499999999999999,0.866025403784439,0.));
#547=FACE_BOUND('',#548,.T.);
#548=EDGE_LOOP('',(#1814));
#549=PLANE('',#550);
#550=AXIS2_PLACEMENT_3D('',#551,#552,#553);
#551=CARTESIAN_POINT('',(0.,0.,2.));
#552=DIRECTION('',(0.,0.,1.));
#553=DIRECTION('',(0.500000000000001,0.866025403784438,0.));
#554=FACE_BOUND('',#555,.T.);
#555=EDGE_LOOP('',(#1815));
#556=PLANE('',#557);
#557=AXIS2_PLACEMENT_3D('',#558,#559,#560);
#558=CARTESIAN_POINT('',(0.,0.,2.));
#559=DIRECTION('',(0.,0.,1.));
#560=DIRECTION('',(1.,0.,0.));
#561=FACE_BOUND('',#562,.T.);
#562=EDGE_LOOP('',(#1816));
#563=PLANE('',#564);
#564=AXIS2_PLACEMENT_3D('',#565,#566,#567);
#565=CARTESIAN_POINT('',(0.,0.,2.));
#566=DIRECTION('',(0.,0.,1.));
#567=DIRECTION('',(0.5,-0.866025403784439,0.));
#568=FACE_BOUND('',#569,.T.);
#569=EDGE_LOOP('',(#1817));
#570=PLANE('',#571);
#571=AXIS2_PLACEMENT_3D('',#572,#573,#574);
#572=CARTESIAN_POINT('',(0.,0.,2.));
#573=DIRECTION('',(0.,0.,1.));
#574=DIRECTION('',(-0.5,-0.866025403784439,0.));
#575=FACE_BOUND('',#576,.T.);
#576=EDGE_LOOP('',(#1818,#1819,#1820,#1821,#1822,#1823,#1824,#1825,#1826,#1827,#1828,
#1829,#1830,#1831,#1832,#1833,#1834,#1835,#1836,#1837,#1838,#1839,#1840,#1841,#1842,
#1843,#1844,#1845,#1846,#1847));
#577=FACE_BOUND('',#578,.T.);
#578=EDGE_LOOP('',(#1848,#1849,#1850,#1851,#1852,#1853));
#579=PLANE('',#580);
#580=AXIS2_PLACEMENT_3D('',#581,#582,#583);
#581=CARTESIAN_POINT('',(0.,0.,5.));
#582=DIRECTION('',(0.,0.,1.));
#583=DIRECTION('',(-1.,1.22464679914735E-16,0.));
#584=FACE_BOUND('',#585,.T.);
#585=EDGE_LOOP('',(#1854,#1855,#1856,#1857));
#586=PLANE('',#587);
#587=AXIS2_PLACEMENT_3D('',#588,#589,#590);
#588=CARTESIAN_POINT('',(3.0666807056633E-14,47.3427220735493,0.));
#589=DIRECTION('',(-0.499999999999999,0.866025403784439,0.));
#590=DIRECTION('',(-0.866025403784439,-0.499999999999999,0.));
#591=FACE_BOUND('',#592,.T.);
#592=EDGE_LOOP('',(#1858,#1859,#1860,#1861,#1862,#1863,#1864,#1865,#1866,#1867,#1868,
#1869,#1870,#1871,#1872,#1873,#1874,#1875,#1876,#1877,#1878,#1879,#1880,#1881,#1882,
#1883,#1884,#1885,#1886,#1887));
#593=PLANE('',#594);
#594=AXIS2_PLACEMENT_3D('',#595,#596,#597);
#595=CARTESIAN_POINT('',(0.,0.,0.));
#596=DIRECTION('',(0.,0.,1.));
#597=DIRECTION('',(-1.,1.22464679914735E-16,0.));
#598=FACE_BOUND('',#599,.T.);
#599=EDGE_LOOP('',(#1888,#1889,#1890,#1891));
#600=PLANE('',#601);
#601=AXIS2_PLACEMENT_3D('',#602,#603,#604);
#602=CARTESIAN_POINT('',(3.0666807056633E-14,47.3427220735493,0.));
#603=DIRECTION('',(-0.499999999999999,0.866025403784439,0.));
#604=DIRECTION('',(-0.866025403784439,-0.499999999999999,0.));
#605=FACE_BOUND('',#606,.T.);
#606=EDGE_LOOP('',(#1892,#1893,#1894,#1895));
#607=PLANE('',#608);
#608=AXIS2_PLACEMENT_3D('',#609,#610,#611);
#609=CARTESIAN_POINT('',(41.,23.6713610367746,0.));
#610=DIRECTION('',(0.500000000000001,0.866025403784438,0.));
#611=DIRECTION('',(-0.866025403784438,0.500000000000001,0.));
#612=FACE_BOUND('',#613,.T.);
#613=EDGE_LOOP('',(#1896,#1897,#1898,#1899));
#614=PLANE('',#615);
#615=AXIS2_PLACEMENT_3D('',#616,#617,#618);
#616=CARTESIAN_POINT('',(41.,23.6713610367746,0.));
#617=DIRECTION('',(0.500000000000001,0.866025403784438,0.));
#618=DIRECTION('',(-0.866025403784438,0.500000000000001,0.));
#619=FACE_BOUND('',#620,.T.);
#620=EDGE_LOOP('',(#1900,#1901,#1902,#1903));
#621=PLANE('',#622);
#622=AXIS2_PLACEMENT_3D('',#623,#624,#625);
#623=CARTESIAN_POINT('',(41.,-23.6713610367747,0.));
#624=DIRECTION('',(1.,-3.00169785191581E-16,0.));
#625=DIRECTION('',(3.00169785191581E-16,1.,0.));
#626=FACE_BOUND('',#627,.T.);
#627=EDGE_LOOP('',(#1904,#1905,#1906,#1907));
#628=PLANE('',#629);
#629=AXIS2_PLACEMENT_3D('',#630,#631,#632);
#630=CARTESIAN_POINT('',(41.,-23.6713610367747,0.));
#631=DIRECTION('',(1.,-3.00169785191581E-16,0.));
#632=DIRECTION('',(3.00169785191581E-16,1.,0.));
#633=FACE_BOUND('',#634,.T.);
#634=EDGE_LOOP('',(#1908,#1909,#1910,#1911));
#635=PLANE('',#636);
#636=AXIS2_PLACEMENT_3D('',#637,#638,#639);
#637=CARTESIAN_POINT('',(-1.29032386626305E-14,-47.3427220735493,0.));
#638=DIRECTION('',(0.5,-0.866025403784439,0.));
#639=DIRECTION('',(0.866025403784439,0.5,0.));
#640=FACE_BOUND('',#641,.T.);
#641=EDGE_LOOP('',(#1912,#1913,#1914,#1915));
#642=PLANE('',#643);
#643=AXIS2_PLACEMENT_3D('',#644,#645,#646);
#644=CARTESIAN_POINT('',(-1.29032386626305E-14,-47.3427220735493,0.));
#645=DIRECTION('',(0.5,-0.866025403784439,0.));
#646=DIRECTION('',(0.866025403784439,0.5,0.));
#647=FACE_BOUND('',#648,.T.);
#648=EDGE_LOOP('',(#1916,#1917,#1918,#1919));
#649=PLANE('',#650);
#650=AXIS2_PLACEMENT_3D('',#651,#652,#653);
#651=CARTESIAN_POINT('',(-41.,-23.6713610367746,0.));
#652=DIRECTION('',(-0.5,-0.866025403784439,0.));
#653=DIRECTION('',(0.866025403784439,-0.5,0.));
#654=FACE_BOUND('',#655,.T.);
#655=EDGE_LOOP('',(#1920,#1921,#1922,#1923));
#656=PLANE('',#657);
#657=AXIS2_PLACEMENT_3D('',#658,#659,#660);
#658=CARTESIAN_POINT('',(-41.,-23.6713610367746,0.));
#659=DIRECTION('',(-0.5,-0.866025403784439,0.));
#660=DIRECTION('',(0.866025403784439,-0.5,0.));
#661=FACE_BOUND('',#662,.T.);
#662=EDGE_LOOP('',(#1924,#1925,#1926,#1927,#1928));
#663=PLANE('',#664);
#664=AXIS2_PLACEMENT_3D('',#665,#666,#667);
#665=CARTESIAN_POINT('',(-41.,-17.8978583448784,0.));
#666=DIRECTION('',(0.5,-0.866025403784439,0.));
#667=DIRECTION('',(0.866025403784439,0.5,0.));
#668=FACE_BOUND('',#669,.T.);
#669=EDGE_LOOP('',(#1929,#1930,#1931,#1932));
#670=PLANE('',#671);
#671=AXIS2_PLACEMENT_3D('',#672,#673,#674);
#672=CARTESIAN_POINT('',(-41.,23.6713610367747,0.));
#673=DIRECTION('',(-1.,4.50254677787371E-16,0.));
#674=DIRECTION('',(-4.50254677787371E-16,-1.,0.));
#675=FACE_BOUND('',#676,.T.);
#676=EDGE_LOOP('',(#1933,#1934,#1935,#1936));
#677=PLANE('',#678);
#678=AXIS2_PLACEMENT_3D('',#679,#680,#681);
#679=CARTESIAN_POINT('',(-41.,23.6713610367747,0.));
#680=DIRECTION('',(-1.,4.50254677787371E-16,0.));
#681=DIRECTION('',(-4.50254677787371E-16,-1.,0.));
#682=FACE_BOUND('',#683,.T.);
#683=EDGE_LOOP('',(#1937,#1938,#1939,#1940,#1941));
#684=PLANE('',#685);
#685=AXIS2_PLACEMENT_3D('',#686,#687,#688);
#686=CARTESIAN_POINT('',(-25.5,8.9489291724392,0.));
#687=DIRECTION('',(0.5,0.866025403784439,0.));
#688=DIRECTION('',(-0.866025403784439,0.5,0.));
#689=FACE_BOUND('',#690,.T.);
#690=EDGE_LOOP('',(#1942,#1943,#1944,#1945));
#691=PLANE('',#692);
#692=AXIS2_PLACEMENT_3D('',#693,#694,#695);
#693=CARTESIAN_POINT('',(-25.5,-8.9489291724392,0.));
#694=DIRECTION('',(1.,0.,0.));
#695=DIRECTION('',(0.,1.,0.));
#696=FACE_BOUND('',#697,.T.);
#697=EDGE_LOOP('',(#1946,#1947,#1948,#1949));
#698=PLANE('',#699);
#699=AXIS2_PLACEMENT_3D('',#700,#701,#702);
#700=CARTESIAN_POINT('',(-6.63274759186543E-15,-17.8978583448784,0.));
#701=DIRECTION('',(0.5,-0.866025403784439,0.));
#702=DIRECTION('',(0.866025403784439,0.5,0.));
#703=FACE_BOUND('',#704,.T.);
#704=EDGE_LOOP('',(#1950,#1951,#1952,#1953));
#705=PLANE('',#706);
#706=AXIS2_PLACEMENT_3D('',#707,#708,#709);
#707=CARTESIAN_POINT('',(-15.5,-8.9489291724392,0.));
#708=DIRECTION('',(-0.5,-0.866025403784439,0.));
#709=DIRECTION('',(0.866025403784439,-0.5,0.));
#710=FACE_BOUND('',#711,.T.);
#711=EDGE_LOOP('',(#1954,#1955,#1956,#1957));
#712=PLANE('',#713);
#713=AXIS2_PLACEMENT_3D('',#714,#715,#716);
#714=CARTESIAN_POINT('',(-15.5,8.94892917243921,0.));
#715=DIRECTION('',(-1.,5.9549812223491E-16,0.));
#716=DIRECTION('',(-5.9549812223491E-16,-1.,0.));
#717=FACE_BOUND('',#718,.T.);
#718=EDGE_LOOP('',(#1958,#1959,#1960,#1961));
#719=PLANE('',#720);
#720=AXIS2_PLACEMENT_3D('',#721,#722,#723);
#721=CARTESIAN_POINT('',(1.10736396903661E-14,17.8978583448784,0.));
#722=DIRECTION('',(-0.499999999999999,0.866025403784439,0.));
#723=DIRECTION('',(-0.866025403784439,-0.499999999999999,0.));
#724=FACE_BOUND('',#725,.T.);
#725=EDGE_LOOP('',(#1962,#1963,#1964,#1965));
#726=PLANE('',#727);
#727=AXIS2_PLACEMENT_3D('',#728,#729,#730);
#728=CARTESIAN_POINT('',(15.5,8.94892917243919,0.));
#729=DIRECTION('',(0.5,0.866025403784438,0.));
#730=DIRECTION('',(-0.866025403784438,0.5,0.));
#731=FACE_BOUND('',#732,.T.);
#732=EDGE_LOOP('',(#1966,#1967,#1968,#1969));
#733=PLANE('',#734);
#734=AXIS2_PLACEMENT_3D('',#735,#736,#737);
#735=CARTESIAN_POINT('',(15.5,-8.94892917243921,0.));
#736=DIRECTION('',(1.,-5.9549812223491E-16,0.));
#737=DIRECTION('',(5.9549812223491E-16,1.,0.));
#738=FACE_BOUND('',#739,.T.);
#739=EDGE_LOOP('',(#1970,#1971,#1972,#1973,#1974));
#740=PLANE('',#741);
#741=AXIS2_PLACEMENT_3D('',#742,#743,#744);
#742=CARTESIAN_POINT('',(-56.5,-8.94892917243919,0.));
#743=DIRECTION('',(-0.5,-0.866025403784439,0.));
#744=DIRECTION('',(0.866025403784439,-0.5,0.));
#745=FACE_BOUND('',#746,.T.);
#746=EDGE_LOOP('',(#1975,#1976,#1977,#1978));
#747=PLANE('',#748);
#748=AXIS2_PLACEMENT_3D('',#749,#750,#751);
#749=CARTESIAN_POINT('',(-56.5,8.94892917243921,0.));
#750=DIRECTION('',(-1.,0.,0.));
#751=DIRECTION('',(0.,-1.,0.));
#752=FACE_BOUND('',#753,.T.);
#753=EDGE_LOOP('',(#1979,#1980,#1981,#1982,#1983));
#754=PLANE('',#755);
#755=AXIS2_PLACEMENT_3D('',#756,#757,#758);
#756=CARTESIAN_POINT('',(-41.,17.8978583448784,0.));
#757=DIRECTION('',(-0.5,0.866025403784439,0.));
#758=DIRECTION('',(-0.866025403784439,-0.5,0.));
#759=FACE_BOUND('',#760,.T.);
#760=EDGE_LOOP('',(#1984,#1985,#1986,#1987,#1988,#1989));
#761=FACE_BOUND('',#762,.T.);
#762=EDGE_LOOP('',(#1990));
#763=PLANE('',#764);
#764=AXIS2_PLACEMENT_3D('',#765,#766,#767);
#765=CARTESIAN_POINT('',(0.,0.,20.));
#766=DIRECTION('',(0.,0.,1.));
#767=DIRECTION('',(-1.,1.22464679914735E-16,0.));
#768=FACE_BOUND('',#769,.T.);
#769=EDGE_LOOP('',(#1991,#1992,#1993,#1994,#1995,#1996));
#770=FACE_BOUND('',#771,.T.);
#771=EDGE_LOOP('',(#1997));
#772=PLANE('',#773);
#773=AXIS2_PLACEMENT_3D('',#774,#775,#776);
#774=CARTESIAN_POINT('',(0.,0.,20.));
#775=DIRECTION('',(0.,0.,1.));
#776=DIRECTION('',(-1.,1.22464679914735E-16,0.));
#777=FACE_OUTER_BOUND('',#778,.T.);
#778=EDGE_LOOP('',(#1998));
#779=FACE_OUTER_BOUND('',#780,.T.);
#780=EDGE_LOOP('',(#1999));
#781=CYLINDRICAL_SURFACE('',#782,12.5);
#782=AXIS2_PLACEMENT_3D('',#783,#784,#785);
#783=CARTESIAN_POINT('',(-41.,5.02105187650415E-15,2.));
#784=DIRECTION('',(0.,0.,1.));
#785=DIRECTION('',(-1.,1.22464679914735E-16,0.));
#786=FACE_OUTER_BOUND('',#787,.T.);
#787=EDGE_LOOP('',(#2000));
#788=FACE_OUTER_BOUND('',#789,.T.);
#789=EDGE_LOOP('',(#2001));
#790=CYLINDRICAL_SURFACE('',#791,12.5);
#791=AXIS2_PLACEMENT_3D('',#792,#793,#794);
#792=CARTESIAN_POINT('',(0.,0.,2.));
#793=DIRECTION('',(0.,0.,1.));
#794=DIRECTION('',(-1.,1.22464679914735E-16,0.));
#795=FACE_BOUND('',#796,.T.);
#796=EDGE_LOOP('',(#2002));
#797=PLANE('',#798);
#798=AXIS2_PLACEMENT_3D('',#799,#800,#801);
#799=CARTESIAN_POINT('',(0.,0.,2.));
#800=DIRECTION('',(0.,0.,1.));
#801=DIRECTION('',(-1.,1.22464679914735E-16,0.));
#802=FACE_BOUND('',#803,.T.);
#803=EDGE_LOOP('',(#2003));
#804=PLANE('',#805);
#805=AXIS2_PLACEMENT_3D('',#806,#807,#808);
#806=CARTESIAN_POINT('',(0.,0.,2.));
#807=DIRECTION('',(0.,0.,1.));
#808=DIRECTION('',(-1.,1.22464679914735E-16,0.));
#809=FACE_OUTER_BOUND('',#810,.T.);
#810=EDGE_LOOP('',(#2004));
#811=FACE_OUTER_BOUND('',#812,.T.);
#812=EDGE_LOOP('',(#2005));
#813=CONICAL_SURFACE('',#814,13.,0.785398163397449);
#814=AXIS2_PLACEMENT_3D('',#815,#816,#817);
#815=CARTESIAN_POINT('',(-20.5,35.507041555162,19.5));
#816=DIRECTION('',(0.,0.,1.));
#817=DIRECTION('',(-0.499999999999999,0.866025403784439,0.));
#818=FACE_OUTER_BOUND('',#819,.T.);
#819=EDGE_LOOP('',(#2006));
#820=FACE_OUTER_BOUND('',#821,.T.);
#821=EDGE_LOOP('',(#2007));
#822=CONICAL_SURFACE('',#823,13.,0.78539816339745);
#823=AXIS2_PLACEMENT_3D('',#824,#825,#826);
#824=CARTESIAN_POINT('',(20.5,35.507041555162,19.5));
#825=DIRECTION('',(0.,0.,1.));
#826=DIRECTION('',(0.500000000000001,0.866025403784438,0.));
#827=FACE_OUTER_BOUND('',#828,.T.);
#828=EDGE_LOOP('',(#2008));
#829=FACE_OUTER_BOUND('',#830,.T.);
#830=EDGE_LOOP('',(#2009));
#831=CONICAL_SURFACE('',#832,13.,0.785398163397448);
#832=AXIS2_PLACEMENT_3D('',#833,#834,#835);
#833=CARTESIAN_POINT('',(41.,0.,19.5));
#834=DIRECTION('',(0.,0.,1.));
#835=DIRECTION('',(1.,0.,0.));
#836=FACE_OUTER_BOUND('',#837,.T.);
#837=EDGE_LOOP('',(#2010));
#838=FACE_OUTER_BOUND('',#839,.T.);
#839=EDGE_LOOP('',(#2011));
#840=CONICAL_SURFACE('',#841,13.,0.78539816339745);
#841=AXIS2_PLACEMENT_3D('',#842,#843,#844);
#842=CARTESIAN_POINT('',(20.5,-35.507041555162,19.5));
#843=DIRECTION('',(0.,0.,1.));
#844=DIRECTION('',(0.5,-0.866025403784439,0.));
#845=FACE_OUTER_BOUND('',#846,.T.);
#846=EDGE_LOOP('',(#2012));
#847=FACE_OUTER_BOUND('',#848,.T.);
#848=EDGE_LOOP('',(#2013));
#849=CONICAL_SURFACE('',#850,13.,0.785398163397447);
#850=AXIS2_PLACEMENT_3D('',#851,#852,#853);
#851=CARTESIAN_POINT('',(-20.5,-35.507041555162,19.5));
#852=DIRECTION('',(0.,0.,1.));
#853=DIRECTION('',(-0.5,-0.866025403784439,0.));
#854=FACE_OUTER_BOUND('',#855,.T.);
#855=EDGE_LOOP('',(#2014));
#856=FACE_OUTER_BOUND('',#857,.T.);
#857=EDGE_LOOP('',(#2015));
#858=CONICAL_SURFACE('',#859,13.,0.785398163397448);
#859=AXIS2_PLACEMENT_3D('',#860,#861,#862);
#860=CARTESIAN_POINT('',(-41.,5.02105187650415E-15,19.5));
#861=DIRECTION('',(0.,0.,1.));
#862=DIRECTION('',(-1.,1.22464679914735E-16,0.));
#863=FACE_OUTER_BOUND('',#864,.T.);
#864=EDGE_LOOP('',(#2016));
#865=FACE_OUTER_BOUND('',#866,.T.);
#866=EDGE_LOOP('',(#2017));
#867=CONICAL_SURFACE('',#868,13.,0.785398163397448);
#868=AXIS2_PLACEMENT_3D('',#869,#870,#871);
#869=CARTESIAN_POINT('',(0.,0.,19.5));
#870=DIRECTION('',(0.,0.,1.));
#871=DIRECTION('',(-1.,1.22464679914735E-16,0.));
#872=FACE_BOUND('',#873,.T.);
#873=EDGE_LOOP('',(#2018,#2019,#2020,#2021));
#874=PLANE('',#875);
#875=AXIS2_PLACEMENT_3D('',#876,#877,#878);
#876=CARTESIAN_POINT('',(-39.4641016151377,28.5581123827228,19.));
#877=DIRECTION('',(-0.353553390593275,-0.612372435695795,0.707106781186546));
#878=DIRECTION('',(0.866025403784438,-0.500000000000001,0.));
#879=FACE_BOUND('',#880,.T.);
#880=EDGE_LOOP('',(#2022,#2023,#2024,#2025));
#881=PLANE('',#882);
#882=AXIS2_PLACEMENT_3D('',#883,#884,#885);
#883=CARTESIAN_POINT('',(-23.9641016151377,15.6091832102836,19.));
#884=DIRECTION('',(0.353553390593273,-0.612372435695795,0.707106781186548));
#885=DIRECTION('',(0.866025403784439,0.5,2.42505374425184E-17));
#886=FACE_BOUND('',#887,.T.);
#887=EDGE_LOOP('',(#2026,#2027,#2028,#2029));
#888=PLANE('',#889);
#889=AXIS2_PLACEMENT_3D('',#890,#891,#892);
#890=CARTESIAN_POINT('',(-4.99999999999998,22.5581123827228,19.));
#891=DIRECTION('',(0.707106781186548,-4.60760211407849E-16,0.707106781186547));
#892=DIRECTION('',(6.51613339974874E-16,1.,0.));
#893=FACE_BOUND('',#894,.T.);
#894=EDGE_LOOP('',(#2030,#2031,#2032,#2033));
#895=PLANE('',#896);
#896=AXIS2_PLACEMENT_3D('',#897,#898,#899);
#897=CARTESIAN_POINT('',(-1.53589838486222,42.4559707276012,19.));
#898=DIRECTION('',(0.353553390593273,0.612372435695792,0.70710678118655));
#899=DIRECTION('',(-0.866025403784438,0.500000000000001,-4.85010748850369E-17));
#900=FACE_BOUND('',#901,.T.);
#901=EDGE_LOOP('',(#2034,#2035,#2036,#2037));
#902=PLANE('',#903);
#903=AXIS2_PLACEMENT_3D('',#904,#905,#906);
#904=CARTESIAN_POINT('',(-17.0358983848622,55.4048999000404,19.));
#905=DIRECTION('',(-0.353553390593271,0.61237243569579,0.707106781186553));
#906=DIRECTION('',(-0.866025403784439,-0.499999999999999,0.));
#907=FACE_BOUND('',#908,.T.);
#908=EDGE_LOOP('',(#2038,#2039,#2040,#2041));
#909=PLANE('',#910);
#910=AXIS2_PLACEMENT_3D('',#911,#912,#913);
#911=CARTESIAN_POINT('',(-36.,48.4559707276012,19.));
#912=DIRECTION('',(-0.70710678118655,7.7601719816059E-16,0.707106781186545));
#913=DIRECTION('',(-1.09745404627347E-15,-1.,0.));
#914=FACE_BOUND('',#915,.T.);
#915=EDGE_LOOP('',(#2042,#2043,#2044,#2045));
#916=PLANE('',#917);
#917=AXIS2_PLACEMENT_3D('',#918,#919,#920);
#918=CARTESIAN_POINT('',(5.00000000000002,48.4559707276012,19.));
#919=DIRECTION('',(-0.707106781186547,3.39507524195257E-16,0.707106781186548));
#920=DIRECTION('',(-4.80136145244644E-16,-1.,4.30776080451494E-32));
#921=FACE_BOUND('',#922,.T.);
#922=EDGE_LOOP('',(#2046,#2047,#2048,#2049));
#923=PLANE('',#924);
#924=AXIS2_PLACEMENT_3D('',#925,#926,#927);
#925=CARTESIAN_POINT('',(1.53589838486226,28.5581123827228,19.));
#926=DIRECTION('',(-0.353553390593274,-0.612372435695795,0.707106781186547));
#927=DIRECTION('',(0.866025403784439,-0.5,2.42505374425184E-17));
#928=FACE_BOUND('',#929,.T.);
#929=EDGE_LOOP('',(#2050,#2051,#2052,#2053));
#930=PLANE('',#931);
#931=AXIS2_PLACEMENT_3D('',#932,#933,#934);
#932=CARTESIAN_POINT('',(17.0358983848623,15.6091832102836,19.));
#933=DIRECTION('',(0.353553390593274,-0.612372435695795,0.707106781186547));
#934=DIRECTION('',(0.866025403784439,0.499999999999999,-2.42505374425183E-17));
#935=FACE_BOUND('',#936,.T.);
#936=EDGE_LOOP('',(#2054,#2055,#2056,#2057));
#937=PLANE('',#938);
#938=AXIS2_PLACEMENT_3D('',#939,#940,#941);
#939=CARTESIAN_POINT('',(36.,22.5581123827228,19.));
#940=DIRECTION('',(0.707106781186548,-3.88008599080294E-16,0.707106781186548));
#941=DIRECTION('',(5.48727023136736E-16,1.,0.));
#942=FACE_BOUND('',#943,.T.);
#943=EDGE_LOOP('',(#2058,#2059,#2060,#2061));
#944=PLANE('',#945);
#945=AXIS2_PLACEMENT_3D('',#946,#947,#948);
#946=CARTESIAN_POINT('',(39.4641016151378,42.4559707276012,19.));
#947=DIRECTION('',(0.353553390593272,0.612372435695792,0.70710678118655));
#948=DIRECTION('',(-0.866025403784439,0.5,2.42505374425184E-17));
#949=FACE_BOUND('',#950,.T.);
#950=EDGE_LOOP('',(#2062,#2063,#2064,#2065));
#951=PLANE('',#952);
#952=AXIS2_PLACEMENT_3D('',#953,#954,#955);
#953=CARTESIAN_POINT('',(23.9641016151378,55.4048999000404,19.));
#954=DIRECTION('',(-0.353553390593273,0.612372435695794,0.707106781186548));
#955=DIRECTION('',(-0.866025403784439,-0.499999999999999,-9.28414153346102E-17));
#956=FACE_BOUND('',#957,.T.);
#957=EDGE_LOOP('',(#2066,#2067,#2068,#2069));
#958=PLANE('',#959);
#959=AXIS2_PLACEMENT_3D('',#960,#961,#962);
#960=CARTESIAN_POINT('',(44.4641016151377,19.8978583448784,19.));
#961=DIRECTION('',(-0.353553390593274,0.612372435695795,0.707106781186547));
#962=DIRECTION('',(-0.866025403784439,-0.5,-2.42505374425183E-17));
#963=FACE_BOUND('',#964,.T.);
#964=EDGE_LOOP('',(#2070,#2071,#2072,#2073));
#965=PLANE('',#966);
#966=AXIS2_PLACEMENT_3D('',#967,#968,#969);
#967=CARTESIAN_POINT('',(25.5,12.9489291724392,19.));
#968=DIRECTION('',(-0.707106781186548,-9.70021497700734E-17,0.707106781186548));
#969=DIRECTION('',(1.37181755784184E-16,-1.,0.));
#970=FACE_BOUND('',#971,.T.);
#971=EDGE_LOOP('',(#2074,#2075,#2076,#2077));
#972=PLANE('',#973);
#973=AXIS2_PLACEMENT_3D('',#974,#975,#976);
#974=CARTESIAN_POINT('',(22.0358983848622,-6.9489291724392,19.));
#975=DIRECTION('',(-0.353553390593274,-0.612372435695795,0.707106781186547));
#976=DIRECTION('',(0.866025403784439,-0.5,2.42505374425183E-17));
#977=FACE_BOUND('',#978,.T.);
#978=EDGE_LOOP('',(#2078,#2079,#2080,#2081));
#979=PLANE('',#980);
#980=AXIS2_PLACEMENT_3D('',#981,#982,#983);
#981=CARTESIAN_POINT('',(37.5358983848622,-19.8978583448784,19.));
#982=DIRECTION('',(0.353553390593273,-0.612372435695794,0.707106781186548));
#983=DIRECTION('',(0.866025403784439,0.5,0.));
#984=FACE_BOUND('',#985,.T.);
#985=EDGE_LOOP('',(#2082,#2083,#2084,#2085));
#986=PLANE('',#987);
#987=AXIS2_PLACEMENT_3D('',#988,#989,#990);
#988=CARTESIAN_POINT('',(56.5,-12.9489291724392,19.));
#989=DIRECTION('',(0.707106781186548,0.,0.707106781186548));
#990=DIRECTION('',(0.,1.,0.));
#991=FACE_BOUND('',#992,.T.);
#992=EDGE_LOOP('',(#2086,#2087,#2088,#2089));
#993=PLANE('',#994);
#994=AXIS2_PLACEMENT_3D('',#995,#996,#997);
#995=CARTESIAN_POINT('',(59.9641016151378,6.9489291724392,19.));
#996=DIRECTION('',(0.353553390593275,0.612372435695796,0.707106781186546));
#997=DIRECTION('',(-0.866025403784439,0.5,0.));
#998=FACE_BOUND('',#999,.T.);
#999=EDGE_LOOP('',(#2090,#2091,#2092,#2093));
#1000=PLANE('',#1001);
#1001=AXIS2_PLACEMENT_3D('',#1002,#1003,#1004);
#1002=CARTESIAN_POINT('',(39.4641016151377,-28.5581123827228,19.));
#1003=DIRECTION('',(0.353553390593275,0.612372435695796,0.707106781186546));
#1004=DIRECTION('',(-0.866025403784439,0.5,-2.42505374425183E-17));
#1005=FACE_BOUND('',#1006,.T.);
#1006=EDGE_LOOP('',(#2094,#2095,#2096,#2097));
#1007=PLANE('',#1008);
#1008=AXIS2_PLACEMENT_3D('',#1009,#1010,#1011);
#1009=CARTESIAN_POINT('',(23.9641016151377,-15.6091832102836,19.));
#1010=DIRECTION('',(-0.353553390593274,0.612372435695795,0.707106781186547));
#1011=DIRECTION('',(-0.866025403784439,-0.5,0.));
#1012=FACE_BOUND('',#1013,.T.);
#1013=EDGE_LOOP('',(#2098,#2099,#2100,#2101));
#1014=PLANE('',#1015);
#1015=AXIS2_PLACEMENT_3D('',#1016,#1017,#1018);
#1016=CARTESIAN_POINT('',(4.99999999999999,-22.5581123827228,19.));
#1017=DIRECTION('',(-0.707106781186548,1.4550322465511E-16,0.707106781186547));
#1018=DIRECTION('',(-2.05772633676276E-16,-1.,0.));
#1019=FACE_BOUND('',#1020,.T.);
#1020=EDGE_LOOP('',(#2102,#2103,#2104,#2105));
#1021=PLANE('',#1022);
#1022=AXIS2_PLACEMENT_3D('',#1023,#1024,#1025);
#1023=CARTESIAN_POINT('',(1.53589838486223,-42.4559707276012,19.));
#1024=DIRECTION('',(-0.353553390593272,-0.61237243569579,0.707106781186552));
#1025=DIRECTION('',(0.866025403784438,-0.5,0.));
#1026=FACE_BOUND('',#1027,.T.);
#1027=EDGE_LOOP('',(#2106,#2107,#2108,#2109));
#1028=PLANE('',#1029);
#1029=AXIS2_PLACEMENT_3D('',#1030,#1031,#1032);
#1030=CARTESIAN_POINT('',(17.0358983848622,-55.4048999000404,19.));
#1031=DIRECTION('',(0.353553390593274,-0.612372435695795,0.707106781186548));
#1032=DIRECTION('',(0.866025403784439,0.5,0.));
#1033=FACE_BOUND('',#1034,.T.);
#1034=EDGE_LOOP('',(#2110,#2111,#2112,#2113));
#1035=PLANE('',#1036);
#1036=AXIS2_PLACEMENT_3D('',#1037,#1038,#1039);
#1037=CARTESIAN_POINT('',(36.,-48.4559707276012,19.));
#1038=DIRECTION('',(0.707106781186545,-3.88008599080292E-16,0.70710678118655));
#1039=DIRECTION('',(5.48727023136736E-16,1.,0.));
#1040=FACE_BOUND('',#1041,.T.);
#1041=EDGE_LOOP('',(#2114,#2115,#2116,#2117));
#1042=PLANE('',#1043);
#1043=AXIS2_PLACEMENT_3D('',#1044,#1045,#1046);
#1044=CARTESIAN_POINT('',(-5.00000000000001,-48.4559707276012,19.));
#1045=DIRECTION('',(0.707106781186547,8.61552160902988E-32,0.707106781186548));
#1046=DIRECTION('',(1.37181755784184E-16,1.,-1.37181755784184E-16));
#1047=FACE_BOUND('',#1048,.T.);
#1048=EDGE_LOOP('',(#2118,#2119,#2120,#2121));
#1049=PLANE('',#1050);
#1050=AXIS2_PLACEMENT_3D('',#1051,#1052,#1053);
#1051=CARTESIAN_POINT('',(-1.53589838486225,-28.5581123827228,19.));
#1052=DIRECTION('',(0.353553390593275,0.612372435695796,0.707106781186546));
#1053=DIRECTION('',(-0.866025403784439,0.5,0.));
#1054=FACE_BOUND('',#1055,.T.);
#1055=EDGE_LOOP('',(#2122,#2123,#2124,#2125));
#1056=PLANE('',#1057);
#1057=AXIS2_PLACEMENT_3D('',#1058,#1059,#1060);
#1058=CARTESIAN_POINT('',(-17.0358983848623,-15.6091832102836,19.));
#1059=DIRECTION('',(-0.353553390593274,0.612372435695795,0.707106781186547));
#1060=DIRECTION('',(-0.866025403784439,-0.5,0.));
#1061=FACE_BOUND('',#1062,.T.);
#1062=EDGE_LOOP('',(#2126,#2127,#2128,#2129));
#1063=PLANE('',#1064);
#1064=AXIS2_PLACEMENT_3D('',#1065,#1066,#1067);
#1065=CARTESIAN_POINT('',(-36.,-22.5581123827228,19.));
#1066=DIRECTION('',(-0.707106781186548,1.94004299540147E-16,0.707106781186548));
#1067=DIRECTION('',(-2.74363511568368E-16,-1.,0.));
#1068=FACE_BOUND('',#1069,.T.);
#1069=EDGE_LOOP('',(#2130,#2131,#2132,#2133));
#1070=PLANE('',#1071);
#1071=AXIS2_PLACEMENT_3D('',#1072,#1073,#1074);
#1072=CARTESIAN_POINT('',(-39.4641016151378,-42.4559707276012,19.));
#1073=DIRECTION('',(-0.353553390593275,-0.612372435695796,0.707106781186546));
#1074=DIRECTION('',(0.866025403784438,-0.5,2.42505374425183E-17));
#1075=FACE_BOUND('',#1076,.T.);
#1076=EDGE_LOOP('',(#2134,#2135,#2136,#2137));
#1077=PLANE('',#1078);
#1078=AXIS2_PLACEMENT_3D('',#1079,#1080,#1081);
#1079=CARTESIAN_POINT('',(-23.9641016151378,-55.4048999000404,19.));
#1080=DIRECTION('',(0.353553390593272,-0.612372435695792,0.70710678118655));
#1081=DIRECTION('',(0.866025403784439,0.5,-1.65593027662165E-16));
#1082=FACE_BOUND('',#1083,.T.);
#1083=EDGE_LOOP('',(#2138,#2139,#2140,#2141));
#1084=PLANE('',#1085);
#1085=AXIS2_PLACEMENT_3D('',#1086,#1087,#1088);
#1086=CARTESIAN_POINT('',(-56.5,12.9489291724392,19.));
#1087=DIRECTION('',(-0.707106781186548,0.,0.707106781186548));
#1088=DIRECTION('',(0.,-1.,0.));
#1089=FACE_BOUND('',#1090,.T.);
#1090=EDGE_LOOP('',(#2142,#2143,#2144,#2145));
#1091=PLANE('',#1092);
#1092=AXIS2_PLACEMENT_3D('',#1093,#1094,#1095);
#1093=CARTESIAN_POINT('',(-59.9641016151378,-6.94892917243919,19.));
#1094=DIRECTION('',(-0.353553390593275,-0.612372435695796,0.707106781186546));
#1095=DIRECTION('',(0.866025403784439,-0.5,0.));
#1096=FACE_BOUND('',#1097,.T.);
#1097=EDGE_LOOP('',(#2146,#2147,#2148,#2149));
#1098=PLANE('',#1099);
#1099=AXIS2_PLACEMENT_3D('',#1100,#1101,#1102);
#1100=CARTESIAN_POINT('',(-44.4641016151378,-19.8978583448784,19.));
#1101=DIRECTION('',(0.353553390593273,-0.612372435695794,0.707106781186548));
#1102=DIRECTION('',(0.866025403784439,0.5,0.));
#1103=FACE_BOUND('',#1104,.T.);
#1104=EDGE_LOOP('',(#2150,#2151,#2152,#2153));
#1105=PLANE('',#1106);
#1106=AXIS2_PLACEMENT_3D('',#1107,#1108,#1109);
#1107=CARTESIAN_POINT('',(-25.5,-12.9489291724392,19.));
#1108=DIRECTION('',(0.707106781186548,0.,0.707106781186548));
#1109=DIRECTION('',(0.,1.,0.));
#1110=FACE_BOUND('',#1111,.T.);
#1111=EDGE_LOOP('',(#2154,#2155,#2156,#2157));
#1112=PLANE('',#1113);
#1113=AXIS2_PLACEMENT_3D('',#1114,#1115,#1116);
#1114=CARTESIAN_POINT('',(-22.0358983848622,6.9489291724392,19.));
#1115=DIRECTION('',(0.353553390593274,0.612372435695794,0.707106781186548));
#1116=DIRECTION('',(-0.866025403784439,0.5,0.));
#1117=FACE_BOUND('',#1118,.T.);
#1118=EDGE_LOOP('',(#2158,#2159,#2160,#2161));
#1119=PLANE('',#1120);
#1120=AXIS2_PLACEMENT_3D('',#1121,#1122,#1123);
#1121=CARTESIAN_POINT('',(-37.5358983848623,19.8978583448784,19.));
#1122=DIRECTION('',(-0.353553390593274,0.612372435695796,0.707106781186546));
#1123=DIRECTION('',(-0.866025403784439,-0.5,-2.42505374425183E-17));
#1124=FACE_BOUND('',#1125,.T.);
#1125=EDGE_LOOP('',(#2162,#2163,#2164,#2165));
#1126=PLANE('',#1127);
#1127=AXIS2_PLACEMENT_3D('',#1128,#1129,#1130);
#1128=CARTESIAN_POINT('',(18.9641016151378,6.94892917243919,19.));
#1129=DIRECTION('',(0.353553390593274,0.612372435695794,0.707106781186549));
#1130=DIRECTION('',(-0.866025403784438,0.5,-2.42505374425184E-17));
#1131=FACE_BOUND('',#1132,.T.);
#1132=EDGE_LOOP('',(#2166,#2167,#2168,#2169));
#1133=PLANE('',#1134);
#1134=AXIS2_PLACEMENT_3D('',#1135,#1136,#1137);
#1135=CARTESIAN_POINT('',(3.46410161513777,19.8978583448784,19.));
#1136=DIRECTION('',(-0.353553390593274,0.612372435695795,0.707106781186547));
#1137=DIRECTION('',(-0.866025403784439,-0.5,0.));
#1138=FACE_BOUND('',#1139,.T.);
#1139=EDGE_LOOP('',(#2170,#2171,#2172,#2173));
#1140=PLANE('',#1141);
#1141=AXIS2_PLACEMENT_3D('',#1142,#1143,#1144);
#1142=CARTESIAN_POINT('',(-15.5,12.9489291724392,19.));
#1143=DIRECTION('',(-0.707106781186547,3.88008599080293E-16,0.707106781186548));
#1144=DIRECTION('',(-5.48727023136736E-16,-1.,0.));
#1145=FACE_BOUND('',#1146,.T.);
#1146=EDGE_LOOP('',(#2174,#2175,#2176,#2177));
#1147=PLANE('',#1148);
#1148=AXIS2_PLACEMENT_3D('',#1149,#1150,#1151);
#1149=CARTESIAN_POINT('',(-18.9641016151378,-6.94892917243919,19.));
#1150=DIRECTION('',(-0.353553390593273,-0.612372435695793,0.707106781186549));
#1151=DIRECTION('',(0.866025403784439,-0.5,-2.42505374425184E-17));
#1152=FACE_BOUND('',#1153,.T.);
#1153=EDGE_LOOP('',(#2178,#2179,#2180,#2181));
#1154=PLANE('',#1155);
#1155=AXIS2_PLACEMENT_3D('',#1156,#1157,#1158);
#1156=CARTESIAN_POINT('',(-3.46410161513776,-19.8978583448784,19.));
#1157=DIRECTION('',(0.353553390593273,-0.612372435695794,0.707106781186548));
#1158=DIRECTION('',(0.866025403784439,0.5,0.));
#1159=FACE_BOUND('',#1160,.T.);
#1160=EDGE_LOOP('',(#2182,#2183,#2184,#2185));
#1161=PLANE('',#1162);
#1162=AXIS2_PLACEMENT_3D('',#1163,#1164,#1165);
#1163=CARTESIAN_POINT('',(15.5,-12.9489291724392,19.));
#1164=DIRECTION('',(0.707106781186547,-3.88008599080293E-16,0.707106781186548));
#1165=DIRECTION('',(5.48727023136736E-16,1.,0.));
#1166=FACE_BOUND('',#1167,.T.);
#1167=EDGE_LOOP('',(#2186,#2187,#2188,#2189,#2190));
#1168=PLANE('',#1169);
#1169=AXIS2_PLACEMENT_3D('',#1170,#1171,#1172);
#1170=CARTESIAN_POINT('',(-41.,-9.89785834487839,3.));
#1171=DIRECTION('',(-0.707106781186548,4.90349617612206E-16,0.707106781186547));
#1172=DIRECTION('',(-6.52667368970958E-16,-1.,4.07917105606849E-17));
#1173=FACE_BOUND('',#1174,.T.);
#1174=EDGE_LOOP('',(#2191,#2192,#2193,#2194,#2195));
#1175=PLANE('',#1176);
#1176=AXIS2_PLACEMENT_3D('',#1177,#1178,#1179);
#1177=CARTESIAN_POINT('',(-47.9282032302755,-19.6713610367746,3.));
#1178=DIRECTION('',(-0.353553390593273,-0.612372435695793,0.707106781186549));
#1179=DIRECTION('',(0.866025403784439,-0.5,0.));
#1180=FACE_BOUND('',#1181,.T.);
#1181=EDGE_LOOP('',(#2196,#2197,#2198,#2199,#2200));
#1182=PLANE('',#1183);
#1183=AXIS2_PLACEMENT_3D('',#1184,#1185,#1186);
#1184=CARTESIAN_POINT('',(-11.9282032302755,-40.4559707276012,3.));
#1185=DIRECTION('',(-0.353553390593274,-0.612372435695795,0.707106781186548));
#1186=DIRECTION('',(0.866025403784439,-0.5,4.92399504340016E-17));
#1187=FACE_BOUND('',#1188,.T.);
#1188=EDGE_LOOP('',(#2201,#2202,#2203,#2204,#2205));
#1189=PLANE('',#1190);
#1190=AXIS2_PLACEMENT_3D('',#1191,#1192,#1193);
#1191=CARTESIAN_POINT('',(-6.92820323027552,-51.3427220735493,3.));
#1192=DIRECTION('',(0.353553390593275,-0.612372435695797,0.707106781186545));
#1193=DIRECTION('',(0.866025403784439,0.5,-2.03958552803426E-17));
#1194=FACE_BOUND('',#1195,.T.);
#1195=EDGE_LOOP('',(#2206,#2207,#2208,#2209,#2210));
#1196=PLANE('',#1197);
#1197=AXIS2_PLACEMENT_3D('',#1198,#1199,#1200);
#1198=CARTESIAN_POINT('',(29.0717967697245,-30.5581123827228,3.));
#1199=DIRECTION('',(0.353553390593273,-0.612372435695793,0.70710678118655));
#1200=DIRECTION('',(0.866025403784439,0.5,-8.44823987331694E-18));
#1201=FACE_BOUND('',#1202,.T.);
#1202=EDGE_LOOP('',(#2211,#2212,#2213,#2214,#2215));
#1203=PLANE('',#1204);
#1204=AXIS2_PLACEMENT_3D('',#1205,#1206,#1207);
#1205=CARTESIAN_POINT('',(41.,-31.6713610367747,3.));
#1206=DIRECTION('',(0.707106781186546,-2.30752761229273E-16,0.707106781186549));
#1207=DIRECTION('',(3.26333684485479E-16,1.,0.));
#1208=FACE_BOUND('',#1209,.T.);
#1209=EDGE_LOOP('',(#2216,#2217,#2218,#2219,#2220));
#1210=PLANE('',#1211);
#1211=AXIS2_PLACEMENT_3D('',#1212,#1213,#1214);
#1212=CARTESIAN_POINT('',(41.,9.8978583448784,3.));
#1213=DIRECTION('',(0.707106781186548,-2.30752761229274E-16,0.707106781186548));
#1214=DIRECTION('',(3.2633368448548E-16,1.,0.));
#1215=FACE_BOUND('',#1216,.T.);
#1216=EDGE_LOOP('',(#2221,#2222,#2223,#2224,#2225));
#1217=PLANE('',#1218);
#1218=AXIS2_PLACEMENT_3D('',#1219,#1220,#1221);
#1219=CARTESIAN_POINT('',(47.9282032302755,19.6713610367746,3.));
#1220=DIRECTION('',(0.353553390593273,0.612372435695792,0.70710678118655));
#1221=DIRECTION('',(-0.866025403784438,0.500000000000001,7.80840455876609E-17));
#1222=FACE_BOUND('',#1223,.T.);
#1223=EDGE_LOOP('',(#2226,#2227,#2228,#2229,#2230));
#1224=PLANE('',#1225);
#1225=AXIS2_PLACEMENT_3D('',#1226,#1227,#1228);
#1226=CARTESIAN_POINT('',(11.9282032302755,40.4559707276012,3.));
#1227=DIRECTION('',(0.353553390593272,0.61237243569579,0.707106781186552));
#1228=DIRECTION('',(-0.866025403784438,0.500000000000001,4.92399504340015E-17));
#1229=FACE_BOUND('',#1230,.T.);
#1230=EDGE_LOOP('',(#2231,#2232,#2233,#2234,#2235));
#1231=PLANE('',#1232);
#1232=AXIS2_PLACEMENT_3D('',#1233,#1234,#1235);
#1233=CARTESIAN_POINT('',(6.92820323027554,51.3427220735493,3.));
#1234=DIRECTION('',(-0.353553390593274,0.612372435695795,0.707106781186547));
#1235=DIRECTION('',(-0.866025403784439,-0.499999999999999,-2.88440951536592E-17));
#1236=FACE_BOUND('',#1237,.T.);
#1237=EDGE_LOOP('',(#2236,#2237,#2238,#2239,#2240));
#1238=PLANE('',#1239);
#1239=AXIS2_PLACEMENT_3D('',#1240,#1241,#1242);
#1240=CARTESIAN_POINT('',(-29.0717967697245,30.5581123827228,3.));
#1241=DIRECTION('',(-0.353553390593272,0.612372435695793,0.70710678118655));
#1242=DIRECTION('',(-0.866025403784439,-0.499999999999999,-8.44823987331695E-18));
#1243=FACE_BOUND('',#1244,.T.);
#1244=EDGE_LOOP('',(#2241,#2242,#2243,#2244,#2245));
#1245=PLANE('',#1246);
#1246=AXIS2_PLACEMENT_3D('',#1247,#1248,#1249);
#1247=CARTESIAN_POINT('',(-41.,31.6713610367747,3.));
#1248=DIRECTION('',(-0.707106781186548,4.61505522458546E-16,0.707106781186548));
#1249=DIRECTION('',(-6.52667368970957E-16,-1.,0.));
#1250=FACE_BOUND('',#1251,.T.);
#1251=EDGE_LOOP('',(#2246,#2247,#2248,#2249));
#1252=PLANE('',#1253);
#1253=AXIS2_PLACEMENT_3D('',#1254,#1255,#1256);
#1254=CARTESIAN_POINT('',(-4.99999999999997,50.1465696508427,7.));
#1255=DIRECTION('',(0.707106781186548,-4.77164410893098E-16,0.707106781186548));
#1256=DIRECTION('',(-6.74812381366788E-16,-1.,0.));
#1257=FACE_BOUND('',#1258,.T.);
#1258=EDGE_LOOP('',(#2250,#2251,#2252,#2253));
#1259=PLANE('',#1260);
#1260=AXIS2_PLACEMENT_3D('',#1261,#1262,#1263);
#1261=CARTESIAN_POINT('',(1.92820323027553,30.5581123827228,7.));
#1262=DIRECTION('',(0.353553390593273,-0.612372435695794,0.707106781186548));
#1263=DIRECTION('',(-0.866025403784439,-0.499999999999999,0.));
#1264=FACE_BOUND('',#1265,.T.);
#1265=EDGE_LOOP('',(#2254,#2255,#2256,#2257));
#1266=PLANE('',#1267);
#1267=AXIS2_PLACEMENT_3D('',#1268,#1269,#1270);
#1268=CARTESIAN_POINT('',(-13.5717967697245,13.6091832102836,7.));
#1269=DIRECTION('',(-0.353553390593274,-0.612372435695794,0.707106781186548));
#1270=DIRECTION('',(-0.866025403784438,0.500000000000001,-1.40585912784747E-17));
#1271=FACE_BOUND('',#1272,.T.);
#1272=EDGE_LOOP('',(#2258,#2259,#2260,#2261));
#1273=PLANE('',#1274);
#1274=AXIS2_PLACEMENT_3D('',#1275,#1276,#1277);
#1275=CARTESIAN_POINT('',(40.9282032302755,29.4034118443435,7.));
#1276=DIRECTION('',(0.353553390593274,-0.612372435695795,0.707106781186547));
#1277=DIRECTION('',(-0.866025403784439,-0.499999999999999,-2.57051096292834E-17));
#1278=FACE_BOUND('',#1279,.T.);
#1279=EDGE_LOOP('',(#2262,#2263,#2264,#2265));
#1280=PLANE('',#1281);
#1281=AXIS2_PLACEMENT_3D('',#1282,#1283,#1284);
#1282=CARTESIAN_POINT('',(27.4282032302755,13.6091832102836,7.));
#1283=DIRECTION('',(-0.353553390593274,-0.612372435695794,0.707106781186548));
#1284=DIRECTION('',(-0.866025403784438,0.5,3.70546703619935E-17));
#1285=FACE_BOUND('',#1286,.T.);
#1286=EDGE_LOOP('',(#2266,#2267,#2268,#2269));
#1287=PLANE('',#1288);
#1288=AXIS2_PLACEMENT_3D('',#1289,#1290,#1291);
#1289=CARTESIAN_POINT('',(5.00000000000001,18.5581123827228,7.));
#1290=DIRECTION('',(-0.707106781186548,3.57873308169824E-16,0.707106781186548));
#1291=DIRECTION('',(5.06109286025091E-16,1.,3.53172610336811E-32));
#1292=FACE_BOUND('',#1293,.T.);
#1293=EDGE_LOOP('',(#2270,#2271,#2272,#2273));
#1294=PLANE('',#1295);
#1295=AXIS2_PLACEMENT_3D('',#1296,#1297,#1298);
#1296=CARTESIAN_POINT('',(45.9282032302755,-20.7431578064991,7.));
#1297=DIRECTION('',(-0.353553390593274,-0.612372435695795,0.707106781186548));
#1298=DIRECTION('',(-0.866025403784439,0.5,-3.97637009077582E-17));
#1299=FACE_BOUND('',#1300,.T.);
#1300=EDGE_LOOP('',(#2274,#2275,#2276,#2277));
#1301=PLANE('',#1302);
#1302=AXIS2_PLACEMENT_3D('',#1303,#1304,#1305);
#1303=CARTESIAN_POINT('',(25.5,-16.9489291724392,7.));
#1304=DIRECTION('',(-0.707106781186547,-7.4109340723987E-17,0.707106781186548));
#1305=DIRECTION('',(-1.04806434750391E-16,1.,0.));
#1306=FACE_BOUND('',#1307,.T.);
#1307=EDGE_LOOP('',(#2278,#2279,#2280,#2281));
#1308=PLANE('',#1309);
#1309=AXIS2_PLACEMENT_3D('',#1310,#1311,#1312);
#1310=CARTESIAN_POINT('',(18.5717967697245,4.9489291724392,7.));
#1311=DIRECTION('',(-0.353553390593274,0.612372435695795,0.707106781186547));
#1312=DIRECTION('',(0.866025403784439,0.5,0.));
#1313=FACE_BOUND('',#1314,.T.);
#1314=EDGE_LOOP('',(#2282,#2283,#2284,#2285));
#1315=PLANE('',#1316);
#1316=AXIS2_PLACEMENT_3D('',#1317,#1318,#1319);
#1317=CARTESIAN_POINT('',(4.99999999999999,-50.1465696508427,7.));
#1318=DIRECTION('',(-0.707106781186548,1.59054803631033E-16,0.707106781186548));
#1319=DIRECTION('',(2.24937460455596E-16,1.,0.));
#1320=FACE_BOUND('',#1321,.T.);
#1321=EDGE_LOOP('',(#2286,#2287,#2288,#2289));
#1322=PLANE('',#1323);
#1323=AXIS2_PLACEMENT_3D('',#1324,#1325,#1326);
#1324=CARTESIAN_POINT('',(-1.92820323027552,-30.5581123827228,7.));
#1325=DIRECTION('',(-0.353553390593274,0.612372435695795,0.707106781186547));
#1326=DIRECTION('',(0.866025403784439,0.5,-3.70546703619935E-17));
#1327=FACE_BOUND('',#1328,.T.);
#1328=EDGE_LOOP('',(#2290,#2291,#2292,#2293));
#1329=PLANE('',#1330);
#1330=AXIS2_PLACEMENT_3D('',#1331,#1332,#1333);
#1331=CARTESIAN_POINT('',(13.5717967697245,-13.6091832102836,7.));
#1332=DIRECTION('',(0.353553390593274,0.612372435695794,0.707106781186548));
#1333=DIRECTION('',(0.866025403784439,-0.5,0.));
#1334=FACE_BOUND('',#1335,.T.);
#1335=EDGE_LOOP('',(#2294,#2295,#2296,#2297));
#1336=PLANE('',#1337);
#1337=AXIS2_PLACEMENT_3D('',#1338,#1339,#1340);
#1338=CARTESIAN_POINT('',(-40.9282032302755,-29.4034118443435,7.));
#1339=DIRECTION('',(-0.353553390593273,0.612372435695794,0.707106781186548));
#1340=DIRECTION('',(0.866025403784439,0.5,0.));
#1341=FACE_BOUND('',#1342,.T.);
#1342=EDGE_LOOP('',(#2298,#2299,#2300,#2301));
#1343=PLANE('',#1344);
#1344=AXIS2_PLACEMENT_3D('',#1345,#1346,#1347);
#1345=CARTESIAN_POINT('',(-27.4282032302755,-13.6091832102836,7.));
#1346=DIRECTION('',(0.353553390593274,0.612372435695795,0.707106781186547));
#1347=DIRECTION('',(0.866025403784439,-0.5,0.));
#1348=FACE_BOUND('',#1349,.T.);
#1349=EDGE_LOOP('',(#2302,#2303,#2304,#2305));
#1350=PLANE('',#1351);
#1351=AXIS2_PLACEMENT_3D('',#1352,#1353,#1354);
#1352=CARTESIAN_POINT('',(-5.00000000000001,-18.5581123827228,7.));
#1353=DIRECTION('',(0.707106781186548,-9.94092522693955E-17,0.707106781186547));
#1354=DIRECTION('',(-1.12468730227798E-16,-1.,-2.81171825569495E-17));
#1355=FACE_BOUND('',#1356,.T.);
#1356=EDGE_LOOP('',(#2306,#2307,#2308,#2309));
#1357=PLANE('',#1358);
#1358=AXIS2_PLACEMENT_3D('',#1359,#1360,#1361);
#1359=CARTESIAN_POINT('',(-45.9282032302755,20.7431578064991,7.));
#1360=DIRECTION('',(0.353553390593273,0.612372435695793,0.70710678118655));
#1361=DIRECTION('',(0.866025403784439,-0.5,0.));
#1362=FACE_BOUND('',#1363,.T.);
#1363=EDGE_LOOP('',(#2310,#2311,#2312,#2313));
#1364=PLANE('',#1365);
#1365=AXIS2_PLACEMENT_3D('',#1366,#1367,#1368);
#1366=CARTESIAN_POINT('',(-25.5,16.9489291724392,7.));
#1367=DIRECTION('',(0.707106781186547,0.,0.707106781186547));
#1368=DIRECTION('',(0.,-1.,0.));
#1369=FACE_BOUND('',#1370,.T.);
#1370=EDGE_LOOP('',(#2314,#2315,#2316,#2317));
#1371=PLANE('',#1372);
#1372=AXIS2_PLACEMENT_3D('',#1373,#1374,#1375);
#1373=CARTESIAN_POINT('',(-18.5717967697245,-4.9489291724392,7.));
#1374=DIRECTION('',(0.353553390593274,-0.612372435695795,0.707106781186547));
#1375=DIRECTION('',(-0.866025403784439,-0.5,0.));
#1376=FACE_BOUND('',#1377,.T.);
#1377=EDGE_LOOP('',(#2318,#2319,#2320,#2321));
#1378=PLANE('',#1379);
#1379=AXIS2_PLACEMENT_3D('',#1380,#1381,#1382);
#1380=CARTESIAN_POINT('',(22.4282032302755,-4.94892917243921,7.));
#1381=DIRECTION('',(0.353553390593274,-0.612372435695795,0.707106781186547));
#1382=DIRECTION('',(-0.866025403784439,-0.5,0.));
#1383=FACE_BOUND('',#1384,.T.);
#1384=EDGE_LOOP('',(#2322,#2323,#2324,#2325));
#1385=PLANE('',#1386);
#1386=AXIS2_PLACEMENT_3D('',#1387,#1388,#1389);
#1387=CARTESIAN_POINT('',(6.92820323027551,-21.8978583448784,7.));
#1388=DIRECTION('',(-0.353553390593274,-0.612372435695794,0.707106781186548));
#1389=DIRECTION('',(-0.866025403784439,0.5,0.));
#1390=FACE_BOUND('',#1391,.T.);
#1391=EDGE_LOOP('',(#2326,#2327,#2328,#2329));
#1392=PLANE('',#1393);
#1393=AXIS2_PLACEMENT_3D('',#1394,#1395,#1396);
#1394=CARTESIAN_POINT('',(-15.5,-16.9489291724392,7.));
#1395=DIRECTION('',(-0.707106781186547,4.44656044343922E-16,0.707106781186547));
#1396=DIRECTION('',(6.28838608502347E-16,1.,0.));
#1397=FACE_BOUND('',#1398,.T.);
#1398=EDGE_LOOP('',(#2330,#2331,#2332,#2333));
#1399=PLANE('',#1400);
#1400=AXIS2_PLACEMENT_3D('',#1401,#1402,#1403);
#1401=CARTESIAN_POINT('',(-22.4282032302755,4.94892917243921,7.));
#1402=DIRECTION('',(-0.353553390593273,0.612372435695795,0.707106781186548));
#1403=DIRECTION('',(0.866025403784439,0.499999999999999,0.));
#1404=FACE_BOUND('',#1405,.T.);
#1405=EDGE_LOOP('',(#2334,#2335,#2336,#2337));
#1406=PLANE('',#1407);
#1407=AXIS2_PLACEMENT_3D('',#1408,#1409,#1410);
#1408=CARTESIAN_POINT('',(-6.92820323027549,21.8978583448784,7.));
#1409=DIRECTION('',(0.353553390593274,0.612372435695795,0.707106781186547));
#1410=DIRECTION('',(0.866025403784439,-0.5,0.));
#1411=FACE_BOUND('',#1412,.T.);
#1412=EDGE_LOOP('',(#2338,#2339,#2340,#2341));
#1413=PLANE('',#1414);
#1414=AXIS2_PLACEMENT_3D('',#1415,#1416,#1417);
#1415=CARTESIAN_POINT('',(15.5,16.9489291724392,7.));
#1416=DIRECTION('',(0.707106781186546,-4.44656044343921E-16,0.707106781186549));
#1417=DIRECTION('',(-6.28838608502347E-16,-1.,6.5822317129249E-32));
#1418=FACE_BOUND('',#1419,.T.);
#1419=EDGE_LOOP('',(#2342,#2343,#2344,#2345));
#1420=PLANE('',#1421);
#1421=AXIS2_PLACEMENT_3D('',#1422,#1423,#1424);
#1422=CARTESIAN_POINT('',(41.,-27.6713610367747,1.));
#1423=DIRECTION('',(-0.707106781186547,0.,0.707106781186547));
#1424=DIRECTION('',(0.,1.,0.));
#1425=FACE_BOUND('',#1426,.T.);
#1426=EDGE_LOOP('',(#2346,#2347,#2348,#2349));
#1427=PLANE('',#1428);
#1428=AXIS2_PLACEMENT_3D('',#1429,#1430,#1431);
#1429=CARTESIAN_POINT('',(37.5358983848622,-19.8978583448784,1.));
#1430=DIRECTION('',(-0.353553390593274,0.612372435695795,0.707106781186547));
#1431=DIRECTION('',(0.866025403784439,0.5,2.14346493412788E-18));
#1432=FACE_BOUND('',#1433,.T.);
#1433=EDGE_LOOP('',(#2350,#2351,#2352,#2353));
#1434=PLANE('',#1435);
#1435=AXIS2_PLACEMENT_3D('',#1436,#1437,#1438);
#1436=CARTESIAN_POINT('',(56.5,-12.9489291724392,1.));
#1437=DIRECTION('',(-0.707106781186548,0.,0.707106781186548));
#1438=DIRECTION('',(0.,1.,0.));
#1439=FACE_BOUND('',#1440,.T.);
#1440=EDGE_LOOP('',(#2354,#2355,#2356,#2357));
#1441=PLANE('',#1442);
#1442=AXIS2_PLACEMENT_3D('',#1443,#1444,#1445);
#1443=CARTESIAN_POINT('',(59.9641016151378,6.9489291724392,1.));
#1444=DIRECTION('',(-0.353553390593274,-0.612372435695796,0.707106781186546));
#1445=DIRECTION('',(-0.866025403784439,0.5,0.));
#1446=FACE_BOUND('',#1447,.T.);
#1447=EDGE_LOOP('',(#2358,#2359,#2360,#2361));
#1448=PLANE('',#1449);
#1449=AXIS2_PLACEMENT_3D('',#1450,#1451,#1452);
#1450=CARTESIAN_POINT('',(41.,13.8978583448784,1.));
#1451=DIRECTION('',(-0.707106781186548,0.,0.707106781186548));
#1452=DIRECTION('',(0.,1.,0.));
#1453=FACE_BOUND('',#1454,.T.);
#1454=EDGE_LOOP('',(#2362,#2363,#2364,#2365));
#1455=PLANE('',#1456);
#1456=AXIS2_PLACEMENT_3D('',#1457,#1458,#1459);
#1457=CARTESIAN_POINT('',(44.4641016151377,21.6713610367746,1.));
#1458=DIRECTION('',(-0.353553390593274,-0.612372435695795,0.707106781186547));
#1459=DIRECTION('',(-0.866025403784438,0.500000000000001,0.));
#1460=FACE_BOUND('',#1461,.T.);
#1461=EDGE_LOOP('',(#2366,#2367,#2368,#2369));
#1462=PLANE('',#1463);
#1463=AXIS2_PLACEMENT_3D('',#1464,#1465,#1466);
#1464=CARTESIAN_POINT('',(36.,22.5581123827228,1.));
#1465=DIRECTION('',(-0.707106781186545,3.84977281899977E-16,0.70710678118655));
#1466=DIRECTION('',(5.48727023136736E-16,1.,4.28692986825576E-18));
#1467=FACE_BOUND('',#1468,.T.);
#1468=EDGE_LOOP('',(#2370,#2371,#2372,#2373));
#1469=PLANE('',#1470);
#1470=AXIS2_PLACEMENT_3D('',#1471,#1472,#1473);
#1471=CARTESIAN_POINT('',(39.4641016151378,42.4559707276012,1.));
#1472=DIRECTION('',(-0.353553390593274,-0.612372435695795,0.707106781186547));
#1473=DIRECTION('',(-0.866025403784439,0.5,-2.42505374425183E-17));
#1474=FACE_BOUND('',#1475,.T.);
#1475=EDGE_LOOP('',(#2374,#2375,#2376,#2377));
#1476=PLANE('',#1477);
#1477=AXIS2_PLACEMENT_3D('',#1478,#1479,#1480);
#1478=CARTESIAN_POINT('',(23.9641016151378,55.4048999000404,1.));
#1479=DIRECTION('',(0.353553390593271,-0.612372435695791,0.707106781186552));
#1480=DIRECTION('',(-0.866025403784439,-0.499999999999999,2.14346493412785E-18));
#1481=FACE_BOUND('',#1482,.T.);
#1482=EDGE_LOOP('',(#2378,#2379,#2380,#2381));
#1483=PLANE('',#1484);
#1484=AXIS2_PLACEMENT_3D('',#1485,#1486,#1487);
#1485=CARTESIAN_POINT('',(8.46410161513779,42.4559707276012,1.));
#1486=DIRECTION('',(-0.35355339059327,-0.612372435695787,0.707106781186556));
#1487=DIRECTION('',(-0.866025403784438,0.500000000000001,4.03028572128692E-18));
#1488=FACE_BOUND('',#1489,.T.);
#1489=EDGE_LOOP('',(#2382,#2383,#2384,#2385));
#1490=PLANE('',#1491);
#1491=AXIS2_PLACEMENT_3D('',#1492,#1493,#1494);
#1492=CARTESIAN_POINT('',(3.46410161513779,49.3427220735493,1.));
#1493=DIRECTION('',(0.353553390593273,-0.612372435695794,0.707106781186548));
#1494=DIRECTION('',(-0.866025403784439,-0.5,0.));
#1495=FACE_BOUND('',#1496,.T.);
#1496=EDGE_LOOP('',(#2386,#2387,#2388,#2389));
#1497=PLANE('',#1498);
#1498=AXIS2_PLACEMENT_3D('',#1499,#1500,#1501);
#1499=CARTESIAN_POINT('',(-1.53589838486222,42.4559707276012,1.));
#1500=DIRECTION('',(-0.353553390593274,-0.612372435695793,0.707106781186549));
#1501=DIRECTION('',(-0.866025403784438,0.500000000000001,0.));
#1502=FACE_BOUND('',#1503,.T.);
#1503=EDGE_LOOP('',(#2390,#2391,#2392,#2393));
#1504=PLANE('',#1505);
#1505=AXIS2_PLACEMENT_3D('',#1506,#1507,#1508);
#1506=CARTESIAN_POINT('',(-17.0358983848622,55.4048999000404,1.));
#1507=DIRECTION('',(0.353553390593272,-0.612372435695792,0.707106781186551));
#1508=DIRECTION('',(-0.866025403784439,-0.5,0.));
#1509=FACE_BOUND('',#1510,.T.);
#1510=EDGE_LOOP('',(#2394,#2395,#2396,#2397));
#1511=PLANE('',#1512);
#1512=AXIS2_PLACEMENT_3D('',#1513,#1514,#1515);
#1513=CARTESIAN_POINT('',(-36.,48.4559707276012,1.));
#1514=DIRECTION('',(0.707106781186547,-7.76017198160587E-16,0.707106781186547));
#1515=DIRECTION('',(-1.09745404627347E-15,-1.,0.));
#1516=FACE_BOUND('',#1517,.T.);
#1517=EDGE_LOOP('',(#2398,#2399,#2400,#2401));
#1518=PLANE('',#1519);
#1519=AXIS2_PLACEMENT_3D('',#1520,#1521,#1522);
#1520=CARTESIAN_POINT('',(-32.5358983848622,28.5581123827228,1.));
#1521=DIRECTION('',(0.353553390593273,-0.612372435695794,0.707106781186548));
#1522=DIRECTION('',(-0.866025403784439,-0.5,-4.15671920969749E-17));
#1523=FACE_BOUND('',#1524,.T.);
#1524=EDGE_LOOP('',(#2402,#2403,#2404,#2405));
#1525=PLANE('',#1526);
#1526=AXIS2_PLACEMENT_3D('',#1527,#1528,#1529);
#1527=CARTESIAN_POINT('',(-41.,27.6713610367747,1.));
#1528=DIRECTION('',(0.707106781186545,-3.64779822546093E-16,0.70710678118655));
#1529=DIRECTION('',(-5.15876572324737E-16,-1.,0.));
#1530=FACE_BOUND('',#1531,.T.);
#1531=EDGE_LOOP('',(#2406,#2407,#2408,#2409));
#1532=PLANE('',#1533);
#1533=AXIS2_PLACEMENT_3D('',#1534,#1535,#1536);
#1534=CARTESIAN_POINT('',(-37.5358983848623,19.8978583448784,1.));
#1535=DIRECTION('',(0.353553390593274,-0.612372435695796,0.707106781186546));
#1536=DIRECTION('',(-0.866025403784439,-0.5,2.42505374425183E-17));
#1537=FACE_BOUND('',#1538,.T.);
#1538=EDGE_LOOP('',(#2410,#2411,#2412,#2413));
#1539=PLANE('',#1540);
#1540=AXIS2_PLACEMENT_3D('',#1541,#1542,#1543);
#1541=CARTESIAN_POINT('',(-56.5,12.9489291724392,1.));
#1542=DIRECTION('',(0.707106781186548,0.,0.707106781186548));
#1543=DIRECTION('',(0.,-1.,0.));
#1544=FACE_BOUND('',#1545,.T.);
#1545=EDGE_LOOP('',(#2414,#2415,#2416,#2417));
#1546=PLANE('',#1547);
#1547=AXIS2_PLACEMENT_3D('',#1548,#1549,#1550);
#1548=CARTESIAN_POINT('',(-59.9641016151378,-6.94892917243919,1.));
#1549=DIRECTION('',(0.353553390593275,0.612372435695796,0.707106781186546));
#1550=DIRECTION('',(0.866025403784439,-0.5,0.));
#1551=FACE_BOUND('',#1552,.T.);
#1552=EDGE_LOOP('',(#2418,#2419,#2420,#2421));
#1553=PLANE('',#1554);
#1554=AXIS2_PLACEMENT_3D('',#1555,#1556,#1557);
#1555=CARTESIAN_POINT('',(-41.,-13.8978583448784,1.));
#1556=DIRECTION('',(0.70710678118655,-3.59080137818814E-16,0.707106781186545));
#1557=DIRECTION('',(-5.15876572324739E-16,-1.,8.06057144257404E-18));
#1558=FACE_BOUND('',#1559,.T.);
#1559=EDGE_LOOP('',(#2422,#2423,#2424,#2425));
#1560=PLANE('',#1561);
#1561=AXIS2_PLACEMENT_3D('',#1562,#1563,#1564);
#1562=CARTESIAN_POINT('',(-44.4641016151378,-21.6713610367746,1.));
#1563=DIRECTION('',(0.353553390593273,0.612372435695793,0.70710678118655));
#1564=DIRECTION('',(0.866025403784439,-0.5,4.5597477818262E-17));
#1565=FACE_BOUND('',#1566,.T.);
#1566=EDGE_LOOP('',(#2426,#2427,#2428,#2429));
#1567=PLANE('',#1568);
#1568=AXIS2_PLACEMENT_3D('',#1569,#1570,#1571);
#1569=CARTESIAN_POINT('',(-36.,-22.5581123827228,1.));
#1570=DIRECTION('',(0.707106781186547,-1.90972982359832E-16,0.707106781186547));
#1571=DIRECTION('',(-2.74363511568368E-16,-1.,4.28692986825575E-18));
#1572=FACE_BOUND('',#1573,.T.);
#1573=EDGE_LOOP('',(#2430,#2431,#2432,#2433));
#1574=PLANE('',#1575);
#1575=AXIS2_PLACEMENT_3D('',#1576,#1577,#1578);
#1576=CARTESIAN_POINT('',(-39.4641016151378,-42.4559707276012,1.));
#1577=DIRECTION('',(0.353553390593276,0.612372435695799,0.707106781186543));
#1578=DIRECTION('',(0.866025403784439,-0.5,0.));
#1579=FACE_BOUND('',#1580,.T.);
#1580=EDGE_LOOP('',(#2434,#2435,#2436,#2437));
#1581=PLANE('',#1582);
#1582=AXIS2_PLACEMENT_3D('',#1583,#1584,#1585);
#1583=CARTESIAN_POINT('',(-23.9641016151378,-55.4048999000404,1.));
#1584=DIRECTION('',(-0.353553390593273,0.612372435695794,0.707106781186548));
#1585=DIRECTION('',(0.866025403784439,0.5,0.));
#1586=FACE_BOUND('',#1587,.T.);
#1587=EDGE_LOOP('',(#2438,#2439,#2440,#2441));
#1588=PLANE('',#1589);
#1589=AXIS2_PLACEMENT_3D('',#1590,#1591,#1592);
#1590=CARTESIAN_POINT('',(-8.46410161513777,-42.4559707276012,1.));
#1591=DIRECTION('',(0.353553390593273,0.612372435695794,0.707106781186548));
#1592=DIRECTION('',(0.866025403784439,-0.5,4.03028572128701E-18));
#1593=FACE_BOUND('',#1594,.T.);
#1594=EDGE_LOOP('',(#2442,#2443,#2444,#2445));
#1595=PLANE('',#1596);
#1596=AXIS2_PLACEMENT_3D('',#1597,#1598,#1599);
#1597=CARTESIAN_POINT('',(-3.46410161513777,-49.3427220735493,1.));
#1598=DIRECTION('',(-0.353553390593274,0.612372435695796,0.707106781186546));
#1599=DIRECTION('',(0.866025403784439,0.5,0.));
#1600=FACE_BOUND('',#1601,.T.);
#1601=EDGE_LOOP('',(#2446,#2447,#2448,#2449));
#1602=PLANE('',#1603);
#1603=AXIS2_PLACEMENT_3D('',#1604,#1605,#1606);
#1604=CARTESIAN_POINT('',(1.53589838486223,-42.4559707276012,1.));
#1605=DIRECTION('',(0.353553390593274,0.612372435695794,0.707106781186548));
#1606=DIRECTION('',(0.866025403784439,-0.5,-2.42505374425184E-17));
#1607=FACE_BOUND('',#1608,.T.);
#1608=EDGE_LOOP('',(#2450,#2451,#2452,#2453));
#1609=PLANE('',#1610);
#1610=AXIS2_PLACEMENT_3D('',#1611,#1612,#1613);
#1611=CARTESIAN_POINT('',(17.0358983848622,-55.4048999000404,1.));
#1612=DIRECTION('',(-0.353553390593273,0.612372435695794,0.707106781186548));
#1613=DIRECTION('',(0.866025403784439,0.5,2.42505374425184E-17));
#1614=FACE_BOUND('',#1615,.T.);
#1615=EDGE_LOOP('',(#2454,#2455,#2456,#2457));
#1616=PLANE('',#1617);
#1617=AXIS2_PLACEMENT_3D('',#1618,#1619,#1620);
#1618=CARTESIAN_POINT('',(36.,-48.4559707276012,1.));
#1619=DIRECTION('',(-0.707106781186547,3.84977281899979E-16,0.707106781186548));
#1620=DIRECTION('',(5.48727023136736E-16,1.,4.28692986825572E-18));
#1621=FACE_BOUND('',#1622,.T.);
#1622=EDGE_LOOP('',(#2458,#2459,#2460,#2461));
#1623=PLANE('',#1624);
#1624=AXIS2_PLACEMENT_3D('',#1625,#1626,#1627);
#1625=CARTESIAN_POINT('',(32.5358983848622,-28.5581123827228,1.));
#1626=DIRECTION('',(-0.353553390593273,0.612372435695794,0.707106781186548));
#1627=DIRECTION('',(0.866025403784439,0.5,4.03028572128701E-18));
#1628=ORIENTED_EDGE('',*,*,#2462,.T.);
#1629=ORIENTED_EDGE('',*,*,#2463,.T.);
#1630=ORIENTED_EDGE('',*,*,#2464,.T.);
#1631=ORIENTED_EDGE('',*,*,#2465,.T.);
#1632=ORIENTED_EDGE('',*,*,#2466,.T.);
#1633=ORIENTED_EDGE('',*,*,#2467,.T.);
#1634=ORIENTED_EDGE('',*,*,#2468,.T.);
#1635=ORIENTED_EDGE('',*,*,#2469,.T.);
#1636=ORIENTED_EDGE('',*,*,#2470,.T.);
#1637=ORIENTED_EDGE('',*,*,#2471,.T.);
#1638=ORIENTED_EDGE('',*,*,#2472,.T.);
#1639=ORIENTED_EDGE('',*,*,#2473,.T.);
#1640=ORIENTED_EDGE('',*,*,#2474,.T.);
#1641=ORIENTED_EDGE('',*,*,#2475,.T.);
#1642=ORIENTED_EDGE('',*,*,#2476,.T.);
#1643=ORIENTED_EDGE('',*,*,#2477,.T.);
#1644=ORIENTED_EDGE('',*,*,#2478,.T.);
#1645=ORIENTED_EDGE('',*,*,#2479,.T.);
#1646=ORIENTED_EDGE('',*,*,#2480,.T.);
#1647=ORIENTED_EDGE('',*,*,#2481,.T.);
#1648=ORIENTED_EDGE('',*,*,#2482,.T.);
#1649=ORIENTED_EDGE('',*,*,#2483,.T.);
#1650=ORIENTED_EDGE('',*,*,#2484,.T.);
#1651=ORIENTED_EDGE('',*,*,#2485,.T.);
#1652=ORIENTED_EDGE('',*,*,#2486,.T.);
#1653=ORIENTED_EDGE('',*,*,#2487,.T.);
#1654=ORIENTED_EDGE('',*,*,#2488,.T.);
#1655=ORIENTED_EDGE('',*,*,#2489,.T.);
#1656=ORIENTED_EDGE('',*,*,#2490,.T.);
#1657=ORIENTED_EDGE('',*,*,#2491,.T.);
#1658=ORIENTED_EDGE('',*,*,#2492,.T.);
#1659=ORIENTED_EDGE('',*,*,#2493,.T.);
#1660=ORIENTED_EDGE('',*,*,#2494,.T.);
#1661=ORIENTED_EDGE('',*,*,#2495,.T.);
#1662=ORIENTED_EDGE('',*,*,#2496,.T.);
#1663=ORIENTED_EDGE('',*,*,#2497,.F.);
#1664=ORIENTED_EDGE('',*,*,#2498,.F.);
#1665=ORIENTED_EDGE('',*,*,#2499,.F.);
#1666=ORIENTED_EDGE('',*,*,#2500,.F.);
#1667=ORIENTED_EDGE('',*,*,#2501,.F.);
#1668=ORIENTED_EDGE('',*,*,#2502,.F.);
#1669=ORIENTED_EDGE('',*,*,#2503,.F.);
#1670=ORIENTED_EDGE('',*,*,#2504,.F.);
#1671=ORIENTED_EDGE('',*,*,#2505,.F.);
#1672=ORIENTED_EDGE('',*,*,#2506,.F.);
#1673=ORIENTED_EDGE('',*,*,#2507,.F.);
#1674=ORIENTED_EDGE('',*,*,#2508,.T.);
#1675=ORIENTED_EDGE('',*,*,#2509,.F.);
#1676=ORIENTED_EDGE('',*,*,#2510,.F.);
#1677=ORIENTED_EDGE('',*,*,#2511,.F.);
#1678=ORIENTED_EDGE('',*,*,#2512,.F.);
#1679=ORIENTED_EDGE('',*,*,#2513,.T.);
#1680=ORIENTED_EDGE('',*,*,#2514,.F.);
#1681=ORIENTED_EDGE('',*,*,#2508,.F.);
#1682=ORIENTED_EDGE('',*,*,#2515,.F.);
#1683=ORIENTED_EDGE('',*,*,#2516,.F.);
#1684=ORIENTED_EDGE('',*,*,#2517,.T.);
#1685=ORIENTED_EDGE('',*,*,#2518,.F.);
#1686=ORIENTED_EDGE('',*,*,#2513,.F.);
#1687=ORIENTED_EDGE('',*,*,#2519,.T.);
#1688=ORIENTED_EDGE('',*,*,#2520,.T.);
#1689=ORIENTED_EDGE('',*,*,#2521,.F.);
#1690=ORIENTED_EDGE('',*,*,#2517,.F.);
#1691=ORIENTED_EDGE('',*,*,#2522,.F.);
#1692=ORIENTED_EDGE('',*,*,#2523,.T.);
#1693=ORIENTED_EDGE('',*,*,#2524,.T.);
#1694=ORIENTED_EDGE('',*,*,#2525,.F.);
#1695=ORIENTED_EDGE('',*,*,#2520,.F.);
#1696=ORIENTED_EDGE('',*,*,#2526,.T.);
#1697=ORIENTED_EDGE('',*,*,#2527,.F.);
#1698=ORIENTED_EDGE('',*,*,#2510,.T.);
#1699=ORIENTED_EDGE('',*,*,#2528,.F.);
#1700=ORIENTED_EDGE('',*,*,#2524,.F.);
#1701=ORIENTED_EDGE('',*,*,#2529,.F.);
#1702=ORIENTED_EDGE('',*,*,#2530,.T.);
#1703=ORIENTED_EDGE('',*,*,#2531,.F.);
#1704=ORIENTED_EDGE('',*,*,#2532,.F.);
#1705=ORIENTED_EDGE('',*,*,#2533,.F.);
#1706=ORIENTED_EDGE('',*,*,#2534,.F.);
#1707=ORIENTED_EDGE('',*,*,#2535,.T.);
#1708=ORIENTED_EDGE('',*,*,#2536,.F.);
#1709=ORIENTED_EDGE('',*,*,#2530,.F.);
#1710=ORIENTED_EDGE('',*,*,#2537,.F.);
#1711=ORIENTED_EDGE('',*,*,#2538,.F.);
#1712=ORIENTED_EDGE('',*,*,#2539,.T.);
#1713=ORIENTED_EDGE('',*,*,#2540,.F.);
#1714=ORIENTED_EDGE('',*,*,#2535,.F.);
#1715=ORIENTED_EDGE('',*,*,#2541,.T.);
#1716=ORIENTED_EDGE('',*,*,#2542,.T.);
#1717=ORIENTED_EDGE('',*,*,#2543,.F.);
#1718=ORIENTED_EDGE('',*,*,#2539,.F.);
#1719=ORIENTED_EDGE('',*,*,#2544,.F.);
#1720=ORIENTED_EDGE('',*,*,#2545,.T.);
#1721=ORIENTED_EDGE('',*,*,#2546,.T.);
#1722=ORIENTED_EDGE('',*,*,#2547,.F.);
#1723=ORIENTED_EDGE('',*,*,#2542,.F.);
#1724=ORIENTED_EDGE('',*,*,#2548,.T.);
#1725=ORIENTED_EDGE('',*,*,#2549,.F.);
#1726=ORIENTED_EDGE('',*,*,#2532,.T.);
#1727=ORIENTED_EDGE('',*,*,#2550,.F.);
#1728=ORIENTED_EDGE('',*,*,#2546,.F.);
#1729=ORIENTED_EDGE('',*,*,#2551,.F.);
#1730=ORIENTED_EDGE('',*,*,#2552,.T.);
#1731=ORIENTED_EDGE('',*,*,#2553,.F.);
#1732=ORIENTED_EDGE('',*,*,#2554,.F.);
#1733=ORIENTED_EDGE('',*,*,#2555,.F.);
#1734=ORIENTED_EDGE('',*,*,#2556,.F.);
#1735=ORIENTED_EDGE('',*,*,#2557,.T.);
#1736=ORIENTED_EDGE('',*,*,#2558,.F.);
#1737=ORIENTED_EDGE('',*,*,#2552,.F.);
#1738=ORIENTED_EDGE('',*,*,#2559,.F.);
#1739=ORIENTED_EDGE('',*,*,#2560,.F.);
#1740=ORIENTED_EDGE('',*,*,#2561,.T.);
#1741=ORIENTED_EDGE('',*,*,#2562,.F.);
#1742=ORIENTED_EDGE('',*,*,#2557,.F.);
#1743=ORIENTED_EDGE('',*,*,#2563,.T.);
#1744=ORIENTED_EDGE('',*,*,#2564,.T.);
#1745=ORIENTED_EDGE('',*,*,#2565,.F.);
#1746=ORIENTED_EDGE('',*,*,#2561,.F.);
#1747=ORIENTED_EDGE('',*,*,#2566,.F.);
#1748=ORIENTED_EDGE('',*,*,#2567,.T.);
#1749=ORIENTED_EDGE('',*,*,#2568,.T.);
#1750=ORIENTED_EDGE('',*,*,#2569,.F.);
#1751=ORIENTED_EDGE('',*,*,#2564,.F.);
#1752=ORIENTED_EDGE('',*,*,#2570,.T.);
#1753=ORIENTED_EDGE('',*,*,#2571,.F.);
#1754=ORIENTED_EDGE('',*,*,#2554,.T.);
#1755=ORIENTED_EDGE('',*,*,#2572,.F.);
#1756=ORIENTED_EDGE('',*,*,#2568,.F.);
#1757=ORIENTED_EDGE('',*,*,#2573,.F.);
#1758=ORIENTED_EDGE('',*,*,#2574,.T.);
#1759=ORIENTED_EDGE('',*,*,#2575,.F.);
#1760=ORIENTED_EDGE('',*,*,#2576,.F.);
#1761=ORIENTED_EDGE('',*,*,#2577,.F.);
#1762=ORIENTED_EDGE('',*,*,#2578,.F.);
#1763=ORIENTED_EDGE('',*,*,#2579,.T.);
#1764=ORIENTED_EDGE('',*,*,#2580,.F.);
#1765=ORIENTED_EDGE('',*,*,#2574,.F.);
#1766=ORIENTED_EDGE('',*,*,#2581,.F.);
#1767=ORIENTED_EDGE('',*,*,#2582,.F.);
#1768=ORIENTED_EDGE('',*,*,#2583,.T.);
#1769=ORIENTED_EDGE('',*,*,#2584,.F.);
#1770=ORIENTED_EDGE('',*,*,#2579,.F.);
#1771=ORIENTED_EDGE('',*,*,#2585,.T.);
#1772=ORIENTED_EDGE('',*,*,#2586,.T.);
#1773=ORIENTED_EDGE('',*,*,#2587,.F.);
#1774=ORIENTED_EDGE('',*,*,#2583,.F.);
#1775=ORIENTED_EDGE('',*,*,#2588,.F.);
#1776=ORIENTED_EDGE('',*,*,#2589,.T.);
#1777=ORIENTED_EDGE('',*,*,#2590,.T.);
#1778=ORIENTED_EDGE('',*,*,#2591,.F.);
#1779=ORIENTED_EDGE('',*,*,#2586,.F.);
#1780=ORIENTED_EDGE('',*,*,#2592,.T.);
#1781=ORIENTED_EDGE('',*,*,#2593,.F.);
#1782=ORIENTED_EDGE('',*,*,#2576,.T.);
#1783=ORIENTED_EDGE('',*,*,#2594,.F.);
#1784=ORIENTED_EDGE('',*,*,#2590,.F.);
#1785=ORIENTED_EDGE('',*,*,#2595,.F.);
#1786=ORIENTED_EDGE('',*,*,#2596,.T.);
#1787=ORIENTED_EDGE('',*,*,#2597,.F.);
#1788=ORIENTED_EDGE('',*,*,#2598,.F.);
#1789=ORIENTED_EDGE('',*,*,#2599,.F.);
#1790=ORIENTED_EDGE('',*,*,#2600,.F.);
#1791=ORIENTED_EDGE('',*,*,#2601,.T.);
#1792=ORIENTED_EDGE('',*,*,#2602,.F.);
#1793=ORIENTED_EDGE('',*,*,#2596,.F.);
#1794=ORIENTED_EDGE('',*,*,#2603,.F.);
#1795=ORIENTED_EDGE('',*,*,#2604,.F.);
#1796=ORIENTED_EDGE('',*,*,#2605,.T.);
#1797=ORIENTED_EDGE('',*,*,#2606,.F.);
#1798=ORIENTED_EDGE('',*,*,#2601,.F.);
#1799=ORIENTED_EDGE('',*,*,#2607,.T.);
#1800=ORIENTED_EDGE('',*,*,#2608,.T.);
#1801=ORIENTED_EDGE('',*,*,#2609,.F.);
#1802=ORIENTED_EDGE('',*,*,#2605,.F.);
#1803=ORIENTED_EDGE('',*,*,#2610,.F.);
#1804=ORIENTED_EDGE('',*,*,#2611,.T.);
#1805=ORIENTED_EDGE('',*,*,#2612,.T.);
#1806=ORIENTED_EDGE('',*,*,#2613,.F.);
#1807=ORIENTED_EDGE('',*,*,#2608,.F.);
#1808=ORIENTED_EDGE('',*,*,#2614,.T.);
#1809=ORIENTED_EDGE('',*,*,#2615,.F.);
#1810=ORIENTED_EDGE('',*,*,#2598,.T.);
#1811=ORIENTED_EDGE('',*,*,#2616,.F.);
#1812=ORIENTED_EDGE('',*,*,#2612,.F.);
#1813=ORIENTED_EDGE('',*,*,#2498,.T.);
#1814=ORIENTED_EDGE('',*,*,#2500,.T.);
#1815=ORIENTED_EDGE('',*,*,#2502,.T.);
#1816=ORIENTED_EDGE('',*,*,#2504,.T.);
#1817=ORIENTED_EDGE('',*,*,#2506,.T.);
#1818=ORIENTED_EDGE('',*,*,#2617,.T.);
#1819=ORIENTED_EDGE('',*,*,#2618,.T.);
#1820=ORIENTED_EDGE('',*,*,#2619,.T.);
#1821=ORIENTED_EDGE('',*,*,#2620,.T.);
#1822=ORIENTED_EDGE('',*,*,#2621,.T.);
#1823=ORIENTED_EDGE('',*,*,#2622,.T.);
#1824=ORIENTED_EDGE('',*,*,#2623,.T.);
#1825=ORIENTED_EDGE('',*,*,#2624,.T.);
#1826=ORIENTED_EDGE('',*,*,#2625,.T.);
#1827=ORIENTED_EDGE('',*,*,#2626,.T.);
#1828=ORIENTED_EDGE('',*,*,#2627,.T.);
#1829=ORIENTED_EDGE('',*,*,#2628,.T.);
#1830=ORIENTED_EDGE('',*,*,#2629,.T.);
#1831=ORIENTED_EDGE('',*,*,#2630,.T.);
#1832=ORIENTED_EDGE('',*,*,#2631,.T.);
#1833=ORIENTED_EDGE('',*,*,#2632,.T.);
#1834=ORIENTED_EDGE('',*,*,#2633,.T.);
#1835=ORIENTED_EDGE('',*,*,#2634,.T.);
#1836=ORIENTED_EDGE('',*,*,#2635,.T.);
#1837=ORIENTED_EDGE('',*,*,#2636,.T.);
#1838=ORIENTED_EDGE('',*,*,#2637,.T.);
#1839=ORIENTED_EDGE('',*,*,#2638,.T.);
#1840=ORIENTED_EDGE('',*,*,#2639,.T.);
#1841=ORIENTED_EDGE('',*,*,#2640,.T.);
#1842=ORIENTED_EDGE('',*,*,#2641,.T.);
#1843=ORIENTED_EDGE('',*,*,#2642,.T.);
#1844=ORIENTED_EDGE('',*,*,#2643,.T.);
#1845=ORIENTED_EDGE('',*,*,#2644,.T.);
#1846=ORIENTED_EDGE('',*,*,#2645,.T.);
#1847=ORIENTED_EDGE('',*,*,#2646,.T.);
#1848=ORIENTED_EDGE('',*,*,#2647,.T.);
#1849=ORIENTED_EDGE('',*,*,#2648,.T.);
#1850=ORIENTED_EDGE('',*,*,#2649,.T.);
#1851=ORIENTED_EDGE('',*,*,#2650,.T.);
#1852=ORIENTED_EDGE('',*,*,#2651,.T.);
#1853=ORIENTED_EDGE('',*,*,#2652,.T.);
#1854=ORIENTED_EDGE('',*,*,#2653,.T.);
#1855=ORIENTED_EDGE('',*,*,#2522,.T.);
#1856=ORIENTED_EDGE('',*,*,#2654,.F.);
#1857=ORIENTED_EDGE('',*,*,#2655,.F.);
#1858=ORIENTED_EDGE('',*,*,#2656,.F.);
#1859=ORIENTED_EDGE('',*,*,#2657,.F.);
#1860=ORIENTED_EDGE('',*,*,#2658,.F.);
#1861=ORIENTED_EDGE('',*,*,#2659,.F.);
#1862=ORIENTED_EDGE('',*,*,#2660,.F.);
#1863=ORIENTED_EDGE('',*,*,#2661,.F.);
#1864=ORIENTED_EDGE('',*,*,#2662,.F.);
#1865=ORIENTED_EDGE('',*,*,#2663,.F.);
#1866=ORIENTED_EDGE('',*,*,#2664,.F.);
#1867=ORIENTED_EDGE('',*,*,#2665,.F.);
#1868=ORIENTED_EDGE('',*,*,#2666,.F.);
#1869=ORIENTED_EDGE('',*,*,#2667,.F.);
#1870=ORIENTED_EDGE('',*,*,#2668,.F.);
#1871=ORIENTED_EDGE('',*,*,#2669,.F.);
#1872=ORIENTED_EDGE('',*,*,#2670,.F.);
#1873=ORIENTED_EDGE('',*,*,#2671,.F.);
#1874=ORIENTED_EDGE('',*,*,#2672,.F.);
#1875=ORIENTED_EDGE('',*,*,#2673,.F.);
#1876=ORIENTED_EDGE('',*,*,#2674,.F.);
#1877=ORIENTED_EDGE('',*,*,#2675,.F.);
#1878=ORIENTED_EDGE('',*,*,#2676,.F.);
#1879=ORIENTED_EDGE('',*,*,#2677,.F.);
#1880=ORIENTED_EDGE('',*,*,#2678,.F.);
#1881=ORIENTED_EDGE('',*,*,#2679,.F.);
#1882=ORIENTED_EDGE('',*,*,#2680,.F.);
#1883=ORIENTED_EDGE('',*,*,#2681,.F.);
#1884=ORIENTED_EDGE('',*,*,#2682,.F.);
#1885=ORIENTED_EDGE('',*,*,#2683,.F.);
#1886=ORIENTED_EDGE('',*,*,#2684,.F.);
#1887=ORIENTED_EDGE('',*,*,#2685,.F.);
#1888=ORIENTED_EDGE('',*,*,#2686,.T.);
#1889=ORIENTED_EDGE('',*,*,#2687,.T.);
#1890=ORIENTED_EDGE('',*,*,#2688,.F.);
#1891=ORIENTED_EDGE('',*,*,#2527,.T.);
#1892=ORIENTED_EDGE('',*,*,#2689,.T.);
#1893=ORIENTED_EDGE('',*,*,#2544,.T.);
#1894=ORIENTED_EDGE('',*,*,#2690,.F.);
#1895=ORIENTED_EDGE('',*,*,#2691,.F.);
#1896=ORIENTED_EDGE('',*,*,#2692,.T.);
#1897=ORIENTED_EDGE('',*,*,#2655,.T.);
#1898=ORIENTED_EDGE('',*,*,#2693,.F.);
#1899=ORIENTED_EDGE('',*,*,#2549,.T.);
#1900=ORIENTED_EDGE('',*,*,#2694,.T.);
#1901=ORIENTED_EDGE('',*,*,#2566,.T.);
#1902=ORIENTED_EDGE('',*,*,#2695,.F.);
#1903=ORIENTED_EDGE('',*,*,#2696,.F.);
#1904=ORIENTED_EDGE('',*,*,#2697,.T.);
#1905=ORIENTED_EDGE('',*,*,#2691,.T.);
#1906=ORIENTED_EDGE('',*,*,#2698,.F.);
#1907=ORIENTED_EDGE('',*,*,#2571,.T.);
#1908=ORIENTED_EDGE('',*,*,#2699,.T.);
#1909=ORIENTED_EDGE('',*,*,#2588,.T.);
#1910=ORIENTED_EDGE('',*,*,#2700,.F.);
#1911=ORIENTED_EDGE('',*,*,#2701,.F.);
#1912=ORIENTED_EDGE('',*,*,#2702,.T.);
#1913=ORIENTED_EDGE('',*,*,#2696,.T.);
#1914=ORIENTED_EDGE('',*,*,#2703,.F.);
#1915=ORIENTED_EDGE('',*,*,#2593,.T.);
#1916=ORIENTED_EDGE('',*,*,#2704,.T.);
#1917=ORIENTED_EDGE('',*,*,#2610,.T.);
#1918=ORIENTED_EDGE('',*,*,#2705,.F.);
#1919=ORIENTED_EDGE('',*,*,#2706,.F.);
#1920=ORIENTED_EDGE('',*,*,#2707,.T.);
#1921=ORIENTED_EDGE('',*,*,#2701,.T.);
#1922=ORIENTED_EDGE('',*,*,#2708,.F.);
#1923=ORIENTED_EDGE('',*,*,#2615,.T.);
#1924=ORIENTED_EDGE('',*,*,#2709,.F.);
#1925=ORIENTED_EDGE('',*,*,#2710,.T.);
#1926=ORIENTED_EDGE('',*,*,#2711,.F.);
#1927=ORIENTED_EDGE('',*,*,#2712,.F.);
#1928=ORIENTED_EDGE('',*,*,#2713,.F.);
#1929=ORIENTED_EDGE('',*,*,#2714,.T.);
#1930=ORIENTED_EDGE('',*,*,#2706,.T.);
#1931=ORIENTED_EDGE('',*,*,#2715,.F.);
#1932=ORIENTED_EDGE('',*,*,#2716,.T.);
#1933=ORIENTED_EDGE('',*,*,#2717,.T.);
#1934=ORIENTED_EDGE('',*,*,#2718,.T.);
#1935=ORIENTED_EDGE('',*,*,#2719,.F.);
#1936=ORIENTED_EDGE('',*,*,#2687,.F.);
#1937=ORIENTED_EDGE('',*,*,#2720,.F.);
#1938=ORIENTED_EDGE('',*,*,#2721,.F.);
#1939=ORIENTED_EDGE('',*,*,#2722,.T.);
#1940=ORIENTED_EDGE('',*,*,#2723,.F.);
#1941=ORIENTED_EDGE('',*,*,#2724,.F.);
#1942=ORIENTED_EDGE('',*,*,#2725,.F.);
#1943=ORIENTED_EDGE('',*,*,#2724,.T.);
#1944=ORIENTED_EDGE('',*,*,#2726,.F.);
#1945=ORIENTED_EDGE('',*,*,#2710,.F.);
#1946=ORIENTED_EDGE('',*,*,#2727,.F.);
#1947=ORIENTED_EDGE('',*,*,#2728,.T.);
#1948=ORIENTED_EDGE('',*,*,#2729,.F.);
#1949=ORIENTED_EDGE('',*,*,#2730,.F.);
#1950=ORIENTED_EDGE('',*,*,#2731,.F.);
#1951=ORIENTED_EDGE('',*,*,#2730,.T.);
#1952=ORIENTED_EDGE('',*,*,#2732,.F.);
#1953=ORIENTED_EDGE('',*,*,#2733,.F.);
#1954=ORIENTED_EDGE('',*,*,#2734,.F.);
#1955=ORIENTED_EDGE('',*,*,#2733,.T.);
#1956=ORIENTED_EDGE('',*,*,#2735,.F.);
#1957=ORIENTED_EDGE('',*,*,#2736,.F.);
#1958=ORIENTED_EDGE('',*,*,#2737,.F.);
#1959=ORIENTED_EDGE('',*,*,#2736,.T.);
#1960=ORIENTED_EDGE('',*,*,#2738,.F.);
#1961=ORIENTED_EDGE('',*,*,#2739,.F.);
#1962=ORIENTED_EDGE('',*,*,#2740,.F.);
#1963=ORIENTED_EDGE('',*,*,#2739,.T.);
#1964=ORIENTED_EDGE('',*,*,#2741,.F.);
#1965=ORIENTED_EDGE('',*,*,#2742,.F.);
#1966=ORIENTED_EDGE('',*,*,#2743,.F.);
#1967=ORIENTED_EDGE('',*,*,#2742,.T.);
#1968=ORIENTED_EDGE('',*,*,#2744,.F.);
#1969=ORIENTED_EDGE('',*,*,#2728,.F.);
#1970=ORIENTED_EDGE('',*,*,#2745,.T.);
#1971=ORIENTED_EDGE('',*,*,#2716,.F.);
#1972=ORIENTED_EDGE('',*,*,#2712,.T.);
#1973=ORIENTED_EDGE('',*,*,#2746,.F.);
#1974=ORIENTED_EDGE('',*,*,#2747,.F.);
#1975=ORIENTED_EDGE('',*,*,#2748,.T.);
#1976=ORIENTED_EDGE('',*,*,#2747,.T.);
#1977=ORIENTED_EDGE('',*,*,#2749,.F.);
#1978=ORIENTED_EDGE('',*,*,#2750,.F.);
#1979=ORIENTED_EDGE('',*,*,#2751,.T.);
#1980=ORIENTED_EDGE('',*,*,#2750,.T.);
#1981=ORIENTED_EDGE('',*,*,#2752,.F.);
#1982=ORIENTED_EDGE('',*,*,#2722,.F.);
#1983=ORIENTED_EDGE('',*,*,#2718,.F.);
#1984=ORIENTED_EDGE('',*,*,#2753,.T.);
#1985=ORIENTED_EDGE('',*,*,#2754,.T.);
#1986=ORIENTED_EDGE('',*,*,#2755,.T.);
#1987=ORIENTED_EDGE('',*,*,#2756,.T.);
#1988=ORIENTED_EDGE('',*,*,#2757,.T.);
#1989=ORIENTED_EDGE('',*,*,#2758,.T.);
#1990=ORIENTED_EDGE('',*,*,#2759,.T.);
#1991=ORIENTED_EDGE('',*,*,#2760,.T.);
#1992=ORIENTED_EDGE('',*,*,#2761,.T.);
#1993=ORIENTED_EDGE('',*,*,#2762,.T.);
#1994=ORIENTED_EDGE('',*,*,#2763,.T.);
#1995=ORIENTED_EDGE('',*,*,#2764,.T.);
#1996=ORIENTED_EDGE('',*,*,#2765,.T.);
#1997=ORIENTED_EDGE('',*,*,#2766,.T.);
#1998=ORIENTED_EDGE('',*,*,#2767,.F.);
#1999=ORIENTED_EDGE('',*,*,#2768,.F.);
#2000=ORIENTED_EDGE('',*,*,#2769,.F.);
#2001=ORIENTED_EDGE('',*,*,#2770,.F.);
#2002=ORIENTED_EDGE('',*,*,#2768,.T.);
#2003=ORIENTED_EDGE('',*,*,#2770,.T.);
#2004=ORIENTED_EDGE('',*,*,#2497,.T.);
#2005=ORIENTED_EDGE('',*,*,#2468,.F.);
#2006=ORIENTED_EDGE('',*,*,#2475,.F.);
#2007=ORIENTED_EDGE('',*,*,#2499,.T.);
#2008=ORIENTED_EDGE('',*,*,#2482,.F.);
#2009=ORIENTED_EDGE('',*,*,#2501,.T.);
#2010=ORIENTED_EDGE('',*,*,#2489,.F.);
#2011=ORIENTED_EDGE('',*,*,#2503,.T.);
#2012=ORIENTED_EDGE('',*,*,#2505,.T.);
#2013=ORIENTED_EDGE('',*,*,#2496,.F.);
#2014=ORIENTED_EDGE('',*,*,#2767,.T.);
#2015=ORIENTED_EDGE('',*,*,#2759,.F.);
#2016=ORIENTED_EDGE('',*,*,#2769,.T.);
#2017=ORIENTED_EDGE('',*,*,#2766,.F.);
#2018=ORIENTED_EDGE('',*,*,#2509,.T.);
#2019=ORIENTED_EDGE('',*,*,#2771,.T.);
#2020=ORIENTED_EDGE('',*,*,#2462,.F.);
#2021=ORIENTED_EDGE('',*,*,#2772,.F.);
#2022=ORIENTED_EDGE('',*,*,#2514,.T.);
#2023=ORIENTED_EDGE('',*,*,#2773,.T.);
#2024=ORIENTED_EDGE('',*,*,#2463,.F.);
#2025=ORIENTED_EDGE('',*,*,#2771,.F.);
#2026=ORIENTED_EDGE('',*,*,#2518,.T.);
#2027=ORIENTED_EDGE('',*,*,#2774,.T.);
#2028=ORIENTED_EDGE('',*,*,#2464,.F.);
#2029=ORIENTED_EDGE('',*,*,#2773,.F.);
#2030=ORIENTED_EDGE('',*,*,#2521,.T.);
#2031=ORIENTED_EDGE('',*,*,#2775,.T.);
#2032=ORIENTED_EDGE('',*,*,#2465,.F.);
#2033=ORIENTED_EDGE('',*,*,#2774,.F.);
#2034=ORIENTED_EDGE('',*,*,#2525,.T.);
#2035=ORIENTED_EDGE('',*,*,#2776,.T.);
#2036=ORIENTED_EDGE('',*,*,#2466,.F.);
#2037=ORIENTED_EDGE('',*,*,#2775,.F.);
#2038=ORIENTED_EDGE('',*,*,#2528,.T.);
#2039=ORIENTED_EDGE('',*,*,#2772,.T.);
#2040=ORIENTED_EDGE('',*,*,#2467,.F.);
#2041=ORIENTED_EDGE('',*,*,#2776,.F.);
#2042=ORIENTED_EDGE('',*,*,#2531,.T.);
#2043=ORIENTED_EDGE('',*,*,#2777,.T.);
#2044=ORIENTED_EDGE('',*,*,#2469,.F.);
#2045=ORIENTED_EDGE('',*,*,#2778,.F.);
#2046=ORIENTED_EDGE('',*,*,#2536,.T.);
#2047=ORIENTED_EDGE('',*,*,#2779,.T.);
#2048=ORIENTED_EDGE('',*,*,#2470,.F.);
#2049=ORIENTED_EDGE('',*,*,#2777,.F.);
#2050=ORIENTED_EDGE('',*,*,#2540,.T.);
#2051=ORIENTED_EDGE('',*,*,#2780,.T.);
#2052=ORIENTED_EDGE('',*,*,#2471,.F.);
#2053=ORIENTED_EDGE('',*,*,#2779,.F.);
#2054=ORIENTED_EDGE('',*,*,#2543,.T.);
#2055=ORIENTED_EDGE('',*,*,#2781,.T.);
#2056=ORIENTED_EDGE('',*,*,#2472,.F.);
#2057=ORIENTED_EDGE('',*,*,#2780,.F.);
#2058=ORIENTED_EDGE('',*,*,#2547,.T.);
#2059=ORIENTED_EDGE('',*,*,#2782,.T.);
#2060=ORIENTED_EDGE('',*,*,#2473,.F.);
#2061=ORIENTED_EDGE('',*,*,#2781,.F.);
#2062=ORIENTED_EDGE('',*,*,#2550,.T.);
#2063=ORIENTED_EDGE('',*,*,#2778,.T.);
#2064=ORIENTED_EDGE('',*,*,#2474,.F.);
#2065=ORIENTED_EDGE('',*,*,#2782,.F.);
#2066=ORIENTED_EDGE('',*,*,#2553,.T.);
#2067=ORIENTED_EDGE('',*,*,#2783,.T.);
#2068=ORIENTED_EDGE('',*,*,#2476,.F.);
#2069=ORIENTED_EDGE('',*,*,#2784,.F.);
#2070=ORIENTED_EDGE('',*,*,#2558,.T.);
#2071=ORIENTED_EDGE('',*,*,#2785,.T.);
#2072=ORIENTED_EDGE('',*,*,#2477,.F.);
#2073=ORIENTED_EDGE('',*,*,#2783,.F.);
#2074=ORIENTED_EDGE('',*,*,#2562,.T.);
#2075=ORIENTED_EDGE('',*,*,#2786,.T.);
#2076=ORIENTED_EDGE('',*,*,#2478,.F.);
#2077=ORIENTED_EDGE('',*,*,#2785,.F.);
#2078=ORIENTED_EDGE('',*,*,#2565,.T.);
#2079=ORIENTED_EDGE('',*,*,#2787,.T.);
#2080=ORIENTED_EDGE('',*,*,#2479,.F.);
#2081=ORIENTED_EDGE('',*,*,#2786,.F.);
#2082=ORIENTED_EDGE('',*,*,#2569,.T.);
#2083=ORIENTED_EDGE('',*,*,#2788,.T.);
#2084=ORIENTED_EDGE('',*,*,#2480,.F.);
#2085=ORIENTED_EDGE('',*,*,#2787,.F.);
#2086=ORIENTED_EDGE('',*,*,#2572,.T.);
#2087=ORIENTED_EDGE('',*,*,#2784,.T.);
#2088=ORIENTED_EDGE('',*,*,#2481,.F.);
#2089=ORIENTED_EDGE('',*,*,#2788,.F.);
#2090=ORIENTED_EDGE('',*,*,#2575,.T.);
#2091=ORIENTED_EDGE('',*,*,#2789,.T.);
#2092=ORIENTED_EDGE('',*,*,#2483,.F.);
#2093=ORIENTED_EDGE('',*,*,#2790,.F.);
#2094=ORIENTED_EDGE('',*,*,#2580,.T.);
#2095=ORIENTED_EDGE('',*,*,#2791,.T.);
#2096=ORIENTED_EDGE('',*,*,#2484,.F.);
#2097=ORIENTED_EDGE('',*,*,#2789,.F.);
#2098=ORIENTED_EDGE('',*,*,#2584,.T.);
#2099=ORIENTED_EDGE('',*,*,#2792,.T.);
#2100=ORIENTED_EDGE('',*,*,#2485,.F.);
#2101=ORIENTED_EDGE('',*,*,#2791,.F.);
#2102=ORIENTED_EDGE('',*,*,#2587,.T.);
#2103=ORIENTED_EDGE('',*,*,#2793,.T.);
#2104=ORIENTED_EDGE('',*,*,#2486,.F.);
#2105=ORIENTED_EDGE('',*,*,#2792,.F.);
#2106=ORIENTED_EDGE('',*,*,#2591,.T.);
#2107=ORIENTED_EDGE('',*,*,#2794,.T.);
#2108=ORIENTED_EDGE('',*,*,#2487,.F.);
#2109=ORIENTED_EDGE('',*,*,#2793,.F.);
#2110=ORIENTED_EDGE('',*,*,#2594,.T.);
#2111=ORIENTED_EDGE('',*,*,#2790,.T.);
#2112=ORIENTED_EDGE('',*,*,#2488,.F.);
#2113=ORIENTED_EDGE('',*,*,#2794,.F.);
#2114=ORIENTED_EDGE('',*,*,#2597,.T.);
#2115=ORIENTED_EDGE('',*,*,#2795,.T.);
#2116=ORIENTED_EDGE('',*,*,#2490,.F.);
#2117=ORIENTED_EDGE('',*,*,#2796,.F.);
#2118=ORIENTED_EDGE('',*,*,#2602,.T.);
#2119=ORIENTED_EDGE('',*,*,#2797,.T.);
#2120=ORIENTED_EDGE('',*,*,#2491,.F.);
#2121=ORIENTED_EDGE('',*,*,#2795,.F.);
#2122=ORIENTED_EDGE('',*,*,#2606,.T.);
#2123=ORIENTED_EDGE('',*,*,#2798,.T.);
#2124=ORIENTED_EDGE('',*,*,#2492,.F.);
#2125=ORIENTED_EDGE('',*,*,#2797,.F.);
#2126=ORIENTED_EDGE('',*,*,#2609,.T.);
#2127=ORIENTED_EDGE('',*,*,#2799,.T.);
#2128=ORIENTED_EDGE('',*,*,#2493,.F.);
#2129=ORIENTED_EDGE('',*,*,#2798,.F.);
#2130=ORIENTED_EDGE('',*,*,#2613,.T.);
#2131=ORIENTED_EDGE('',*,*,#2800,.T.);
#2132=ORIENTED_EDGE('',*,*,#2494,.F.);
#2133=ORIENTED_EDGE('',*,*,#2799,.F.);
#2134=ORIENTED_EDGE('',*,*,#2616,.T.);
#2135=ORIENTED_EDGE('',*,*,#2796,.T.);
#2136=ORIENTED_EDGE('',*,*,#2495,.F.);
#2137=ORIENTED_EDGE('',*,*,#2800,.F.);
#2138=ORIENTED_EDGE('',*,*,#2749,.T.);
#2139=ORIENTED_EDGE('',*,*,#2801,.T.);
#2140=ORIENTED_EDGE('',*,*,#2753,.F.);
#2141=ORIENTED_EDGE('',*,*,#2802,.F.);
#2142=ORIENTED_EDGE('',*,*,#2746,.T.);
#2143=ORIENTED_EDGE('',*,*,#2803,.T.);
#2144=ORIENTED_EDGE('',*,*,#2754,.F.);
#2145=ORIENTED_EDGE('',*,*,#2801,.F.);
#2146=ORIENTED_EDGE('',*,*,#2711,.T.);
#2147=ORIENTED_EDGE('',*,*,#2804,.T.);
#2148=ORIENTED_EDGE('',*,*,#2755,.F.);
#2149=ORIENTED_EDGE('',*,*,#2803,.F.);
#2150=ORIENTED_EDGE('',*,*,#2726,.T.);
#2151=ORIENTED_EDGE('',*,*,#2805,.T.);
#2152=ORIENTED_EDGE('',*,*,#2756,.F.);
#2153=ORIENTED_EDGE('',*,*,#2804,.F.);
#2154=ORIENTED_EDGE('',*,*,#2723,.T.);
#2155=ORIENTED_EDGE('',*,*,#2806,.T.);
#2156=ORIENTED_EDGE('',*,*,#2757,.F.);
#2157=ORIENTED_EDGE('',*,*,#2805,.F.);
#2158=ORIENTED_EDGE('',*,*,#2752,.T.);
#2159=ORIENTED_EDGE('',*,*,#2802,.T.);
#2160=ORIENTED_EDGE('',*,*,#2758,.F.);
#2161=ORIENTED_EDGE('',*,*,#2806,.F.);
#2162=ORIENTED_EDGE('',*,*,#2741,.T.);
#2163=ORIENTED_EDGE('',*,*,#2807,.T.);
#2164=ORIENTED_EDGE('',*,*,#2760,.F.);
#2165=ORIENTED_EDGE('',*,*,#2808,.F.);
#2166=ORIENTED_EDGE('',*,*,#2738,.T.);
#2167=ORIENTED_EDGE('',*,*,#2809,.T.);
#2168=ORIENTED_EDGE('',*,*,#2761,.F.);
#2169=ORIENTED_EDGE('',*,*,#2807,.F.);
#2170=ORIENTED_EDGE('',*,*,#2735,.T.);
#2171=ORIENTED_EDGE('',*,*,#2810,.T.);
#2172=ORIENTED_EDGE('',*,*,#2762,.F.);
#2173=ORIENTED_EDGE('',*,*,#2809,.F.);
#2174=ORIENTED_EDGE('',*,*,#2732,.T.);
#2175=ORIENTED_EDGE('',*,*,#2811,.T.);
#2176=ORIENTED_EDGE('',*,*,#2763,.F.);
#2177=ORIENTED_EDGE('',*,*,#2810,.F.);
#2178=ORIENTED_EDGE('',*,*,#2729,.T.);
#2179=ORIENTED_EDGE('',*,*,#2812,.T.);
#2180=ORIENTED_EDGE('',*,*,#2764,.F.);
#2181=ORIENTED_EDGE('',*,*,#2811,.F.);
#2182=ORIENTED_EDGE('',*,*,#2744,.T.);
#2183=ORIENTED_EDGE('',*,*,#2808,.T.);
#2184=ORIENTED_EDGE('',*,*,#2765,.F.);
#2185=ORIENTED_EDGE('',*,*,#2812,.F.);
#2186=ORIENTED_EDGE('',*,*,#2813,.F.);
#2187=ORIENTED_EDGE('',*,*,#2713,.T.);
#2188=ORIENTED_EDGE('',*,*,#2715,.T.);
#2189=ORIENTED_EDGE('',*,*,#2814,.T.);
#2190=ORIENTED_EDGE('',*,*,#2620,.F.);
#2191=ORIENTED_EDGE('',*,*,#2815,.F.);
#2192=ORIENTED_EDGE('',*,*,#2621,.F.);
#2193=ORIENTED_EDGE('',*,*,#2814,.F.);
#2194=ORIENTED_EDGE('',*,*,#2705,.T.);
#2195=ORIENTED_EDGE('',*,*,#2604,.T.);
#2196=ORIENTED_EDGE('',*,*,#2816,.F.);
#2197=ORIENTED_EDGE('',*,*,#2599,.T.);
#2198=ORIENTED_EDGE('',*,*,#2708,.T.);
#2199=ORIENTED_EDGE('',*,*,#2817,.T.);
#2200=ORIENTED_EDGE('',*,*,#2625,.F.);
#2201=ORIENTED_EDGE('',*,*,#2818,.F.);
#2202=ORIENTED_EDGE('',*,*,#2626,.F.);
#2203=ORIENTED_EDGE('',*,*,#2817,.F.);
#2204=ORIENTED_EDGE('',*,*,#2700,.T.);
#2205=ORIENTED_EDGE('',*,*,#2582,.T.);
#2206=ORIENTED_EDGE('',*,*,#2819,.F.);
#2207=ORIENTED_EDGE('',*,*,#2577,.T.);
#2208=ORIENTED_EDGE('',*,*,#2703,.T.);
#2209=ORIENTED_EDGE('',*,*,#2820,.T.);
#2210=ORIENTED_EDGE('',*,*,#2630,.F.);
#2211=ORIENTED_EDGE('',*,*,#2821,.F.);
#2212=ORIENTED_EDGE('',*,*,#2631,.F.);
#2213=ORIENTED_EDGE('',*,*,#2820,.F.);
#2214=ORIENTED_EDGE('',*,*,#2695,.T.);
#2215=ORIENTED_EDGE('',*,*,#2560,.T.);
#2216=ORIENTED_EDGE('',*,*,#2822,.F.);
#2217=ORIENTED_EDGE('',*,*,#2555,.T.);
#2218=ORIENTED_EDGE('',*,*,#2698,.T.);
#2219=ORIENTED_EDGE('',*,*,#2823,.T.);
#2220=ORIENTED_EDGE('',*,*,#2635,.F.);
#2221=ORIENTED_EDGE('',*,*,#2824,.F.);
#2222=ORIENTED_EDGE('',*,*,#2636,.F.);
#2223=ORIENTED_EDGE('',*,*,#2823,.F.);
#2224=ORIENTED_EDGE('',*,*,#2690,.T.);
#2225=ORIENTED_EDGE('',*,*,#2538,.T.);
#2226=ORIENTED_EDGE('',*,*,#2825,.F.);
#2227=ORIENTED_EDGE('',*,*,#2533,.T.);
#2228=ORIENTED_EDGE('',*,*,#2693,.T.);
#2229=ORIENTED_EDGE('',*,*,#2826,.T.);
#2230=ORIENTED_EDGE('',*,*,#2640,.F.);
#2231=ORIENTED_EDGE('',*,*,#2827,.F.);
#2232=ORIENTED_EDGE('',*,*,#2641,.F.);
#2233=ORIENTED_EDGE('',*,*,#2826,.F.);
#2234=ORIENTED_EDGE('',*,*,#2654,.T.);
#2235=ORIENTED_EDGE('',*,*,#2516,.T.);
#2236=ORIENTED_EDGE('',*,*,#2828,.F.);
#2237=ORIENTED_EDGE('',*,*,#2511,.T.);
#2238=ORIENTED_EDGE('',*,*,#2688,.T.);
#2239=ORIENTED_EDGE('',*,*,#2829,.T.);
#2240=ORIENTED_EDGE('',*,*,#2645,.F.);
#2241=ORIENTED_EDGE('',*,*,#2830,.F.);
#2242=ORIENTED_EDGE('',*,*,#2646,.F.);
#2243=ORIENTED_EDGE('',*,*,#2829,.F.);
#2244=ORIENTED_EDGE('',*,*,#2719,.T.);
#2245=ORIENTED_EDGE('',*,*,#2721,.T.);
#2246=ORIENTED_EDGE('',*,*,#2515,.T.);
#2247=ORIENTED_EDGE('',*,*,#2831,.T.);
#2248=ORIENTED_EDGE('',*,*,#2642,.F.);
#2249=ORIENTED_EDGE('',*,*,#2827,.T.);
#2250=ORIENTED_EDGE('',*,*,#2512,.T.);
#2251=ORIENTED_EDGE('',*,*,#2832,.T.);
#2252=ORIENTED_EDGE('',*,*,#2643,.F.);
#2253=ORIENTED_EDGE('',*,*,#2831,.F.);
#2254=ORIENTED_EDGE('',*,*,#2507,.T.);
#2255=ORIENTED_EDGE('',*,*,#2828,.T.);
#2256=ORIENTED_EDGE('',*,*,#2644,.F.);
#2257=ORIENTED_EDGE('',*,*,#2832,.F.);
#2258=ORIENTED_EDGE('',*,*,#2537,.T.);
#2259=ORIENTED_EDGE('',*,*,#2833,.T.);
#2260=ORIENTED_EDGE('',*,*,#2637,.F.);
#2261=ORIENTED_EDGE('',*,*,#2824,.T.);
#2262=ORIENTED_EDGE('',*,*,#2534,.T.);
#2263=ORIENTED_EDGE('',*,*,#2834,.T.);
#2264=ORIENTED_EDGE('',*,*,#2638,.F.);
#2265=ORIENTED_EDGE('',*,*,#2833,.F.);
#2266=ORIENTED_EDGE('',*,*,#2529,.T.);
#2267=ORIENTED_EDGE('',*,*,#2825,.T.);
#2268=ORIENTED_EDGE('',*,*,#2639,.F.);
#2269=ORIENTED_EDGE('',*,*,#2834,.F.);
#2270=ORIENTED_EDGE('',*,*,#2559,.T.);
#2271=ORIENTED_EDGE('',*,*,#2835,.T.);
#2272=ORIENTED_EDGE('',*,*,#2632,.F.);
#2273=ORIENTED_EDGE('',*,*,#2821,.T.);
#2274=ORIENTED_EDGE('',*,*,#2556,.T.);
#2275=ORIENTED_EDGE('',*,*,#2836,.T.);
#2276=ORIENTED_EDGE('',*,*,#2633,.F.);
#2277=ORIENTED_EDGE('',*,*,#2835,.F.);
#2278=ORIENTED_EDGE('',*,*,#2551,.T.);
#2279=ORIENTED_EDGE('',*,*,#2822,.T.);
#2280=ORIENTED_EDGE('',*,*,#2634,.F.);
#2281=ORIENTED_EDGE('',*,*,#2836,.F.);
#2282=ORIENTED_EDGE('',*,*,#2581,.T.);
#2283=ORIENTED_EDGE('',*,*,#2837,.T.);
#2284=ORIENTED_EDGE('',*,*,#2627,.F.);
#2285=ORIENTED_EDGE('',*,*,#2818,.T.);
#2286=ORIENTED_EDGE('',*,*,#2578,.T.);
#2287=ORIENTED_EDGE('',*,*,#2838,.T.);
#2288=ORIENTED_EDGE('',*,*,#2628,.F.);
#2289=ORIENTED_EDGE('',*,*,#2837,.F.);
#2290=ORIENTED_EDGE('',*,*,#2573,.T.);
#2291=ORIENTED_EDGE('',*,*,#2819,.T.);
#2292=ORIENTED_EDGE('',*,*,#2629,.F.);
#2293=ORIENTED_EDGE('',*,*,#2838,.F.);
#2294=ORIENTED_EDGE('',*,*,#2603,.T.);
#2295=ORIENTED_EDGE('',*,*,#2839,.T.);
#2296=ORIENTED_EDGE('',*,*,#2622,.F.);
#2297=ORIENTED_EDGE('',*,*,#2815,.T.);
#2298=ORIENTED_EDGE('',*,*,#2600,.T.);
#2299=ORIENTED_EDGE('',*,*,#2840,.T.);
#2300=ORIENTED_EDGE('',*,*,#2623,.F.);
#2301=ORIENTED_EDGE('',*,*,#2839,.F.);
#2302=ORIENTED_EDGE('',*,*,#2595,.T.);
#2303=ORIENTED_EDGE('',*,*,#2816,.T.);
#2304=ORIENTED_EDGE('',*,*,#2624,.F.);
#2305=ORIENTED_EDGE('',*,*,#2840,.F.);
#2306=ORIENTED_EDGE('',*,*,#2720,.T.);
#2307=ORIENTED_EDGE('',*,*,#2841,.T.);
#2308=ORIENTED_EDGE('',*,*,#2617,.F.);
#2309=ORIENTED_EDGE('',*,*,#2830,.T.);
#2310=ORIENTED_EDGE('',*,*,#2725,.T.);
#2311=ORIENTED_EDGE('',*,*,#2842,.T.);
#2312=ORIENTED_EDGE('',*,*,#2618,.F.);
#2313=ORIENTED_EDGE('',*,*,#2841,.F.);
#2314=ORIENTED_EDGE('',*,*,#2709,.T.);
#2315=ORIENTED_EDGE('',*,*,#2813,.T.);
#2316=ORIENTED_EDGE('',*,*,#2619,.F.);
#2317=ORIENTED_EDGE('',*,*,#2842,.F.);
#2318=ORIENTED_EDGE('',*,*,#2727,.T.);
#2319=ORIENTED_EDGE('',*,*,#2843,.T.);
#2320=ORIENTED_EDGE('',*,*,#2647,.F.);
#2321=ORIENTED_EDGE('',*,*,#2844,.F.);
#2322=ORIENTED_EDGE('',*,*,#2731,.T.);
#2323=ORIENTED_EDGE('',*,*,#2845,.T.);
#2324=ORIENTED_EDGE('',*,*,#2648,.F.);
#2325=ORIENTED_EDGE('',*,*,#2843,.F.);
#2326=ORIENTED_EDGE('',*,*,#2734,.T.);
#2327=ORIENTED_EDGE('',*,*,#2846,.T.);
#2328=ORIENTED_EDGE('',*,*,#2649,.F.);
#2329=ORIENTED_EDGE('',*,*,#2845,.F.);
#2330=ORIENTED_EDGE('',*,*,#2737,.T.);
#2331=ORIENTED_EDGE('',*,*,#2847,.T.);
#2332=ORIENTED_EDGE('',*,*,#2650,.F.);
#2333=ORIENTED_EDGE('',*,*,#2846,.F.);
#2334=ORIENTED_EDGE('',*,*,#2740,.T.);
#2335=ORIENTED_EDGE('',*,*,#2848,.T.);
#2336=ORIENTED_EDGE('',*,*,#2651,.F.);
#2337=ORIENTED_EDGE('',*,*,#2847,.F.);
#2338=ORIENTED_EDGE('',*,*,#2743,.T.);
#2339=ORIENTED_EDGE('',*,*,#2844,.T.);
#2340=ORIENTED_EDGE('',*,*,#2652,.F.);
#2341=ORIENTED_EDGE('',*,*,#2848,.F.);
#2342=ORIENTED_EDGE('',*,*,#2694,.F.);
#2343=ORIENTED_EDGE('',*,*,#2849,.F.);
#2344=ORIENTED_EDGE('',*,*,#2656,.T.);
#2345=ORIENTED_EDGE('',*,*,#2850,.T.);
#2346=ORIENTED_EDGE('',*,*,#2563,.F.);
#2347=ORIENTED_EDGE('',*,*,#2850,.F.);
#2348=ORIENTED_EDGE('',*,*,#2685,.T.);
#2349=ORIENTED_EDGE('',*,*,#2851,.T.);
#2350=ORIENTED_EDGE('',*,*,#2567,.F.);
#2351=ORIENTED_EDGE('',*,*,#2851,.F.);
#2352=ORIENTED_EDGE('',*,*,#2684,.T.);
#2353=ORIENTED_EDGE('',*,*,#2852,.T.);
#2354=ORIENTED_EDGE('',*,*,#2570,.F.);
#2355=ORIENTED_EDGE('',*,*,#2852,.F.);
#2356=ORIENTED_EDGE('',*,*,#2683,.T.);
#2357=ORIENTED_EDGE('',*,*,#2853,.T.);
#2358=ORIENTED_EDGE('',*,*,#2697,.F.);
#2359=ORIENTED_EDGE('',*,*,#2853,.F.);
#2360=ORIENTED_EDGE('',*,*,#2682,.T.);
#2361=ORIENTED_EDGE('',*,*,#2854,.T.);
#2362=ORIENTED_EDGE('',*,*,#2689,.F.);
#2363=ORIENTED_EDGE('',*,*,#2854,.F.);
#2364=ORIENTED_EDGE('',*,*,#2681,.T.);
#2365=ORIENTED_EDGE('',*,*,#2855,.T.);
#2366=ORIENTED_EDGE('',*,*,#2541,.F.);
#2367=ORIENTED_EDGE('',*,*,#2855,.F.);
#2368=ORIENTED_EDGE('',*,*,#2680,.T.);
#2369=ORIENTED_EDGE('',*,*,#2856,.T.);
#2370=ORIENTED_EDGE('',*,*,#2545,.F.);
#2371=ORIENTED_EDGE('',*,*,#2856,.F.);
#2372=ORIENTED_EDGE('',*,*,#2679,.T.);
#2373=ORIENTED_EDGE('',*,*,#2857,.T.);
#2374=ORIENTED_EDGE('',*,*,#2548,.F.);
#2375=ORIENTED_EDGE('',*,*,#2857,.F.);
#2376=ORIENTED_EDGE('',*,*,#2678,.T.);
#2377=ORIENTED_EDGE('',*,*,#2858,.T.);
#2378=ORIENTED_EDGE('',*,*,#2692,.F.);
#2379=ORIENTED_EDGE('',*,*,#2858,.F.);
#2380=ORIENTED_EDGE('',*,*,#2677,.T.);
#2381=ORIENTED_EDGE('',*,*,#2859,.T.);
#2382=ORIENTED_EDGE('',*,*,#2653,.F.);
#2383=ORIENTED_EDGE('',*,*,#2859,.F.);
#2384=ORIENTED_EDGE('',*,*,#2676,.T.);
#2385=ORIENTED_EDGE('',*,*,#2860,.T.);
#2386=ORIENTED_EDGE('',*,*,#2519,.F.);
#2387=ORIENTED_EDGE('',*,*,#2860,.F.);
#2388=ORIENTED_EDGE('',*,*,#2675,.T.);
#2389=ORIENTED_EDGE('',*,*,#2861,.T.);
#2390=ORIENTED_EDGE('',*,*,#2523,.F.);
#2391=ORIENTED_EDGE('',*,*,#2861,.F.);
#2392=ORIENTED_EDGE('',*,*,#2674,.T.);
#2393=ORIENTED_EDGE('',*,*,#2862,.T.);
#2394=ORIENTED_EDGE('',*,*,#2526,.F.);
#2395=ORIENTED_EDGE('',*,*,#2862,.F.);
#2396=ORIENTED_EDGE('',*,*,#2673,.T.);
#2397=ORIENTED_EDGE('',*,*,#2863,.T.);
#2398=ORIENTED_EDGE('',*,*,#2686,.F.);
#2399=ORIENTED_EDGE('',*,*,#2863,.F.);
#2400=ORIENTED_EDGE('',*,*,#2672,.T.);
#2401=ORIENTED_EDGE('',*,*,#2864,.T.);
#2402=ORIENTED_EDGE('',*,*,#2717,.F.);
#2403=ORIENTED_EDGE('',*,*,#2864,.F.);
#2404=ORIENTED_EDGE('',*,*,#2671,.T.);
#2405=ORIENTED_EDGE('',*,*,#2865,.T.);
#2406=ORIENTED_EDGE('',*,*,#2751,.F.);
#2407=ORIENTED_EDGE('',*,*,#2865,.F.);
#2408=ORIENTED_EDGE('',*,*,#2670,.T.);
#2409=ORIENTED_EDGE('',*,*,#2866,.T.);
#2410=ORIENTED_EDGE('',*,*,#2748,.F.);
#2411=ORIENTED_EDGE('',*,*,#2866,.F.);
#2412=ORIENTED_EDGE('',*,*,#2669,.T.);
#2413=ORIENTED_EDGE('',*,*,#2867,.T.);
#2414=ORIENTED_EDGE('',*,*,#2745,.F.);
#2415=ORIENTED_EDGE('',*,*,#2867,.F.);
#2416=ORIENTED_EDGE('',*,*,#2668,.T.);
#2417=ORIENTED_EDGE('',*,*,#2868,.T.);
#2418=ORIENTED_EDGE('',*,*,#2714,.F.);
#2419=ORIENTED_EDGE('',*,*,#2868,.F.);
#2420=ORIENTED_EDGE('',*,*,#2667,.T.);
#2421=ORIENTED_EDGE('',*,*,#2869,.T.);
#2422=ORIENTED_EDGE('',*,*,#2704,.F.);
#2423=ORIENTED_EDGE('',*,*,#2869,.F.);
#2424=ORIENTED_EDGE('',*,*,#2666,.T.);
#2425=ORIENTED_EDGE('',*,*,#2870,.T.);
#2426=ORIENTED_EDGE('',*,*,#2607,.F.);
#2427=ORIENTED_EDGE('',*,*,#2870,.F.);
#2428=ORIENTED_EDGE('',*,*,#2665,.T.);
#2429=ORIENTED_EDGE('',*,*,#2871,.T.);
#2430=ORIENTED_EDGE('',*,*,#2611,.F.);
#2431=ORIENTED_EDGE('',*,*,#2871,.F.);
#2432=ORIENTED_EDGE('',*,*,#2664,.T.);
#2433=ORIENTED_EDGE('',*,*,#2872,.T.);
#2434=ORIENTED_EDGE('',*,*,#2614,.F.);
#2435=ORIENTED_EDGE('',*,*,#2872,.F.);
#2436=ORIENTED_EDGE('',*,*,#2663,.T.);
#2437=ORIENTED_EDGE('',*,*,#2873,.T.);
#2438=ORIENTED_EDGE('',*,*,#2707,.F.);
#2439=ORIENTED_EDGE('',*,*,#2873,.F.);
#2440=ORIENTED_EDGE('',*,*,#2662,.T.);
#2441=ORIENTED_EDGE('',*,*,#2874,.T.);
#2442=ORIENTED_EDGE('',*,*,#2699,.F.);
#2443=ORIENTED_EDGE('',*,*,#2874,.F.);
#2444=ORIENTED_EDGE('',*,*,#2661,.T.);
#2445=ORIENTED_EDGE('',*,*,#2875,.T.);
#2446=ORIENTED_EDGE('',*,*,#2585,.F.);
#2447=ORIENTED_EDGE('',*,*,#2875,.F.);
#2448=ORIENTED_EDGE('',*,*,#2660,.T.);
#2449=ORIENTED_EDGE('',*,*,#2876,.T.);
#2450=ORIENTED_EDGE('',*,*,#2589,.F.);
#2451=ORIENTED_EDGE('',*,*,#2876,.F.);
#2452=ORIENTED_EDGE('',*,*,#2659,.T.);
#2453=ORIENTED_EDGE('',*,*,#2877,.T.);
#2454=ORIENTED_EDGE('',*,*,#2592,.F.);
#2455=ORIENTED_EDGE('',*,*,#2877,.F.);
#2456=ORIENTED_EDGE('',*,*,#2658,.T.);
#2457=ORIENTED_EDGE('',*,*,#2878,.T.);
#2458=ORIENTED_EDGE('',*,*,#2702,.F.);
#2459=ORIENTED_EDGE('',*,*,#2878,.F.);
#2460=ORIENTED_EDGE('',*,*,#2657,.T.);
#2461=ORIENTED_EDGE('',*,*,#2849,.T.);
#2462=EDGE_CURVE('',#2879,#2880,#2881,.T.);
#2463=EDGE_CURVE('',#2880,#2882,#2883,.T.);
#2464=EDGE_CURVE('',#2882,#2884,#2885,.T.);
#2465=EDGE_CURVE('',#2884,#2886,#2887,.T.);
#2466=EDGE_CURVE('',#2886,#2888,#2889,.T.);
#2467=EDGE_CURVE('',#2888,#2879,#2890,.T.);
#2468=EDGE_CURVE('',#2891,#2891,#2892,.F.);
#2469=EDGE_CURVE('',#2893,#2894,#2895,.T.);
#2470=EDGE_CURVE('',#2894,#2896,#2897,.T.);
#2471=EDGE_CURVE('',#2896,#2898,#2899,.T.);
#2472=EDGE_CURVE('',#2898,#2900,#2901,.T.);
#2473=EDGE_CURVE('',#2900,#2902,#2903,.T.);
#2474=EDGE_CURVE('',#2902,#2893,#2904,.T.);
#2475=EDGE_CURVE('',#2905,#2905,#2906,.F.);
#2476=EDGE_CURVE('',#2907,#2908,#2909,.T.);
#2477=EDGE_CURVE('',#2908,#2910,#2911,.T.);
#2478=EDGE_CURVE('',#2910,#2912,#2913,.T.);
#2479=EDGE_CURVE('',#2912,#2914,#2915,.T.);
#2480=EDGE_CURVE('',#2914,#2916,#2917,.T.);
#2481=EDGE_CURVE('',#2916,#2907,#2918,.T.);
#2482=EDGE_CURVE('',#2919,#2919,#2920,.F.);
#2483=EDGE_CURVE('',#2921,#2922,#2923,.T.);
#2484=EDGE_CURVE('',#2922,#2924,#2925,.T.);
#2485=EDGE_CURVE('',#2924,#2926,#2927,.T.);
#2486=EDGE_CURVE('',#2926,#2928,#2929,.T.);
#2487=EDGE_CURVE('',#2928,#2930,#2931,.T.);
#2488=EDGE_CURVE('',#2930,#2921,#2932,.T.);
#2489=EDGE_CURVE('',#2933,#2933,#2934,.F.);
#2490=EDGE_CURVE('',#2935,#2936,#2937,.T.);
#2491=EDGE_CURVE('',#2936,#2938,#2939,.T.);
#2492=EDGE_CURVE('',#2938,#2940,#2941,.T.);
#2493=EDGE_CURVE('',#2940,#2942,#2943,.T.);
#2494=EDGE_CURVE('',#2942,#2944,#2945,.T.);
#2495=EDGE_CURVE('',#2944,#2935,#2946,.T.);
#2496=EDGE_CURVE('',#2947,#2947,#2948,.F.);
#2497=EDGE_CURVE('',#2949,#2949,#2950,.F.);
#2498=EDGE_CURVE('',#2951,#2951,#2952,.T.);
#2499=EDGE_CURVE('',#2953,#2953,#2954,.F.);
#2500=EDGE_CURVE('',#2955,#2955,#2956,.T.);
#2501=EDGE_CURVE('',#2957,#2957,#2958,.F.);
#2502=EDGE_CURVE('',#2959,#2959,#2960,.T.);
#2503=EDGE_CURVE('',#2961,#2961,#2962,.F.);
#2504=EDGE_CURVE('',#2963,#2963,#2964,.T.);
#2505=EDGE_CURVE('',#2965,#2965,#2966,.F.);
#2506=EDGE_CURVE('',#2967,#2967,#2968,.T.);
#2507=EDGE_CURVE('',#2969,#2970,#2971,.T.);
#2508=EDGE_CURVE('',#2969,#2972,#2973,.T.);
#2509=EDGE_CURVE('',#2974,#2972,#2975,.T.);
#2510=EDGE_CURVE('',#2976,#2974,#2977,.T.);
#2511=EDGE_CURVE('',#2970,#2976,#2978,.F.);
#2512=EDGE_CURVE('',#2979,#2969,#2980,.T.);
#2513=EDGE_CURVE('',#2979,#2981,#2982,.T.);
#2514=EDGE_CURVE('',#2972,#2981,#2983,.T.);
#2515=EDGE_CURVE('',#2984,#2979,#2985,.T.);
#2516=EDGE_CURVE('',#2986,#2984,#2987,.T.);
#2517=EDGE_CURVE('',#2986,#2988,#2989,.T.);
#2518=EDGE_CURVE('',#2981,#2988,#2990,.T.);
#2519=EDGE_CURVE('',#2991,#2992,#2993,.T.);
#2520=EDGE_CURVE('',#2992,#2994,#2995,.T.);
#2521=EDGE_CURVE('',#2988,#2994,#2996,.T.);
#2522=EDGE_CURVE('',#2991,#2986,#2997,.T.);
#2523=EDGE_CURVE('',#2992,#2998,#2999,.T.);
#2524=EDGE_CURVE('',#2998,#3000,#3001,.T.);
#2525=EDGE_CURVE('',#2994,#3000,#3002,.T.);
#2526=EDGE_CURVE('',#2998,#3003,#3004,.T.);
#2527=EDGE_CURVE('',#2976,#3003,#3005,.T.);
#2528=EDGE_CURVE('',#3000,#2974,#3006,.T.);
#2529=EDGE_CURVE('',#3007,#3008,#3009,.T.);
#2530=EDGE_CURVE('',#3007,#3010,#3011,.T.);
#2531=EDGE_CURVE('',#3012,#3010,#3013,.T.);
#2532=EDGE_CURVE('',#3014,#3012,#3015,.T.);
#2533=EDGE_CURVE('',#3008,#3014,#3016,.F.);
#2534=EDGE_CURVE('',#3017,#3007,#3018,.T.);
#2535=EDGE_CURVE('',#3017,#3019,#3020,.T.);
#2536=EDGE_CURVE('',#3010,#3019,#3021,.T.);
#2537=EDGE_CURVE('',#3022,#3017,#3023,.T.);
#2538=EDGE_CURVE('',#3024,#3022,#3025,.T.);
#2539=EDGE_CURVE('',#3024,#3026,#3027,.T.);
#2540=EDGE_CURVE('',#3019,#3026,#3028,.T.);
#2541=EDGE_CURVE('',#3029,#3030,#3031,.T.);
#2542=EDGE_CURVE('',#3030,#3032,#3033,.T.);
#2543=EDGE_CURVE('',#3026,#3032,#3034,.T.);
#2544=EDGE_CURVE('',#3029,#3024,#3035,.T.);
#2545=EDGE_CURVE('',#3030,#3036,#3037,.T.);
#2546=EDGE_CURVE('',#3036,#3038,#3039,.T.);
#2547=EDGE_CURVE('',#3032,#3038,#3040,.T.);
#2548=EDGE_CURVE('',#3036,#3041,#3042,.T.);
#2549=EDGE_CURVE('',#3014,#3041,#3043,.T.);
#2550=EDGE_CURVE('',#3038,#3012,#3044,.T.);
#2551=EDGE_CURVE('',#3045,#3046,#3047,.T.);
#2552=EDGE_CURVE('',#3045,#3048,#3049,.T.);
#2553=EDGE_CURVE('',#3050,#3048,#3051,.T.);
#2554=EDGE_CURVE('',#3052,#3050,#3053,.T.);
#2555=EDGE_CURVE('',#3046,#3052,#3054,.F.);
#2556=EDGE_CURVE('',#3055,#3045,#3056,.T.);
#2557=EDGE_CURVE('',#3055,#3057,#3058,.T.);
#2558=EDGE_CURVE('',#3048,#3057,#3059,.T.);
#2559=EDGE_CURVE('',#3060,#3055,#3061,.T.);
#2560=EDGE_CURVE('',#3062,#3060,#3063,.T.);
#2561=EDGE_CURVE('',#3062,#3064,#3065,.T.);
#2562=EDGE_CURVE('',#3057,#3064,#3066,.T.);
#2563=EDGE_CURVE('',#3067,#3068,#3069,.T.);
#2564=EDGE_CURVE('',#3068,#3070,#3071,.T.);
#2565=EDGE_CURVE('',#3064,#3070,#3072,.T.);
#2566=EDGE_CURVE('',#3067,#3062,#3073,.T.);
#2567=EDGE_CURVE('',#3068,#3074,#3075,.T.);
#2568=EDGE_CURVE('',#3074,#3076,#3077,.T.);
#2569=EDGE_CURVE('',#3070,#3076,#3078,.T.);
#2570=EDGE_CURVE('',#3074,#3079,#3080,.T.);
#2571=EDGE_CURVE('',#3052,#3079,#3081,.T.);
#2572=EDGE_CURVE('',#3076,#3050,#3082,.T.);
#2573=EDGE_CURVE('',#3083,#3084,#3085,.T.);
#2574=EDGE_CURVE('',#3083,#3086,#3087,.T.);
#2575=EDGE_CURVE('',#3088,#3086,#3089,.T.);
#2576=EDGE_CURVE('',#3090,#3088,#3091,.T.);
#2577=EDGE_CURVE('',#3084,#3090,#3092,.F.);
#2578=EDGE_CURVE('',#3093,#3083,#3094,.T.);
#2579=EDGE_CURVE('',#3093,#3095,#3096,.T.);
#2580=EDGE_CURVE('',#3086,#3095,#3097,.T.);
#2581=EDGE_CURVE('',#3098,#3093,#3099,.T.);
#2582=EDGE_CURVE('',#3100,#3098,#3101,.T.);
#2583=EDGE_CURVE('',#3100,#3102,#3103,.T.);
#2584=EDGE_CURVE('',#3095,#3102,#3104,.T.);
#2585=EDGE_CURVE('',#3105,#3106,#3107,.T.);
#2586=EDGE_CURVE('',#3106,#3108,#3109,.T.);
#2587=EDGE_CURVE('',#3102,#3108,#3110,.T.);
#2588=EDGE_CURVE('',#3105,#3100,#3111,.T.);
#2589=EDGE_CURVE('',#3106,#3112,#3113,.T.);
#2590=EDGE_CURVE('',#3112,#3114,#3115,.T.);
#2591=EDGE_CURVE('',#3108,#3114,#3116,.T.);
#2592=EDGE_CURVE('',#3112,#3117,#3118,.T.);
#2593=EDGE_CURVE('',#3090,#3117,#3119,.T.);
#2594=EDGE_CURVE('',#3114,#3088,#3120,.T.);
#2595=EDGE_CURVE('',#3121,#3122,#3123,.T.);
#2596=EDGE_CURVE('',#3121,#3124,#3125,.T.);
#2597=EDGE_CURVE('',#3126,#3124,#3127,.T.);
#2598=EDGE_CURVE('',#3128,#3126,#3129,.T.);
#2599=EDGE_CURVE('',#3122,#3128,#3130,.F.);
#2600=EDGE_CURVE('',#3131,#3121,#3132,.T.);
#2601=EDGE_CURVE('',#3131,#3133,#3134,.T.);
#2602=EDGE_CURVE('',#3124,#3133,#3135,.T.);
#2603=EDGE_CURVE('',#3136,#3131,#3137,.T.);
#2604=EDGE_CURVE('',#3138,#3136,#3139,.T.);
#2605=EDGE_CURVE('',#3138,#3140,#3141,.T.);
#2606=EDGE_CURVE('',#3133,#3140,#3142,.T.);
#2607=EDGE_CURVE('',#3143,#3144,#3145,.T.);
#2608=EDGE_CURVE('',#3144,#3146,#3147,.T.);
#2609=EDGE_CURVE('',#3140,#3146,#3148,.T.);
#2610=EDGE_CURVE('',#3143,#3138,#3149,.T.);
#2611=EDGE_CURVE('',#3144,#3150,#3151,.T.);
#2612=EDGE_CURVE('',#3150,#3152,#3153,.T.);
#2613=EDGE_CURVE('',#3146,#3152,#3154,.T.);
#2614=EDGE_CURVE('',#3150,#3155,#3156,.T.);
#2615=EDGE_CURVE('',#3128,#3155,#3157,.T.);
#2616=EDGE_CURVE('',#3152,#3126,#3158,.T.);
#2617=EDGE_CURVE('',#3159,#3160,#3161,.T.);
#2618=EDGE_CURVE('',#3160,#3162,#3163,.T.);
#2619=EDGE_CURVE('',#3162,#3164,#3165,.T.);
#2620=EDGE_CURVE('',#3164,#3166,#3167,.T.);
#2621=EDGE_CURVE('',#3166,#3168,#3169,.T.);
#2622=EDGE_CURVE('',#3168,#3170,#3171,.T.);
#2623=EDGE_CURVE('',#3170,#3172,#3173,.T.);
#2624=EDGE_CURVE('',#3172,#3174,#3175,.T.);
#2625=EDGE_CURVE('',#3174,#3176,#3177,.T.);
#2626=EDGE_CURVE('',#3176,#3178,#3179,.T.);
#2627=EDGE_CURVE('',#3178,#3180,#3181,.T.);
#2628=EDGE_CURVE('',#3180,#3182,#3183,.T.);
#2629=EDGE_CURVE('',#3182,#3184,#3185,.T.);
#2630=EDGE_CURVE('',#3184,#3186,#3187,.T.);
#2631=EDGE_CURVE('',#3186,#3188,#3189,.T.);
#2632=EDGE_CURVE('',#3188,#3190,#3191,.T.);
#2633=EDGE_CURVE('',#3190,#3192,#3193,.T.);
#2634=EDGE_CURVE('',#3192,#3194,#3195,.T.);
#2635=EDGE_CURVE('',#3194,#3196,#3197,.T.);
#2636=EDGE_CURVE('',#3196,#3198,#3199,.T.);
#2637=EDGE_CURVE('',#3198,#3200,#3201,.T.);
#2638=EDGE_CURVE('',#3200,#3202,#3203,.T.);
#2639=EDGE_CURVE('',#3202,#3204,#3205,.T.);
#2640=EDGE_CURVE('',#3204,#3206,#3207,.T.);
#2641=EDGE_CURVE('',#3206,#3208,#3209,.T.);
#2642=EDGE_CURVE('',#3208,#3210,#3211,.T.);
#2643=EDGE_CURVE('',#3210,#3212,#3213,.T.);
#2644=EDGE_CURVE('',#3212,#3214,#3215,.T.);
#2645=EDGE_CURVE('',#3214,#3216,#3217,.T.);
#2646=EDGE_CURVE('',#3216,#3159,#3218,.T.);
#2647=EDGE_CURVE('',#3219,#3220,#3221,.T.);
#2648=EDGE_CURVE('',#3220,#3222,#3223,.T.);
#2649=EDGE_CURVE('',#3222,#3224,#3225,.T.);
#2650=EDGE_CURVE('',#3224,#3226,#3227,.T.);
#2651=EDGE_CURVE('',#3226,#3228,#3229,.T.);
#2652=EDGE_CURVE('',#3228,#3219,#3230,.T.);
#2653=EDGE_CURVE('',#3231,#2991,#3232,.T.);
#2654=EDGE_CURVE('',#3233,#2986,#3234,.T.);
#2655=EDGE_CURVE('',#3231,#3233,#3235,.T.);
#2656=EDGE_CURVE('',#3236,#3237,#3238,.T.);
#2657=EDGE_CURVE('',#3239,#3236,#3240,.T.);
#2658=EDGE_CURVE('',#3241,#3239,#3242,.T.);
#2659=EDGE_CURVE('',#3243,#3241,#3244,.T.);
#2660=EDGE_CURVE('',#3245,#3243,#3246,.T.);
#2661=EDGE_CURVE('',#3247,#3245,#3248,.T.);
#2662=EDGE_CURVE('',#3249,#3247,#3250,.T.);
#2663=EDGE_CURVE('',#3251,#3249,#3252,.T.);
#2664=EDGE_CURVE('',#3253,#3251,#3254,.T.);
#2665=EDGE_CURVE('',#3255,#3253,#3256,.T.);
#2666=EDGE_CURVE('',#3257,#3255,#3258,.T.);
#2667=EDGE_CURVE('',#3259,#3257,#3260,.T.);
#2668=EDGE_CURVE('',#3261,#3259,#3262,.T.);
#2669=EDGE_CURVE('',#3263,#3261,#3264,.T.);
#2670=EDGE_CURVE('',#3265,#3263,#3266,.T.);
#2671=EDGE_CURVE('',#3267,#3265,#3268,.T.);
#2672=EDGE_CURVE('',#3269,#3267,#3270,.T.);
#2673=EDGE_CURVE('',#3271,#3269,#3272,.T.);
#2674=EDGE_CURVE('',#3273,#3271,#3274,.T.);
#2675=EDGE_CURVE('',#3275,#3273,#3276,.T.);
#2676=EDGE_CURVE('',#3277,#3275,#3278,.T.);
#2677=EDGE_CURVE('',#3279,#3277,#3280,.T.);
#2678=EDGE_CURVE('',#3281,#3279,#3282,.T.);
#2679=EDGE_CURVE('',#3283,#3281,#3284,.T.);
#2680=EDGE_CURVE('',#3285,#3283,#3286,.T.);
#2681=EDGE_CURVE('',#3287,#3285,#3288,.T.);
#2682=EDGE_CURVE('',#3289,#3287,#3290,.T.);
#2683=EDGE_CURVE('',#3291,#3289,#3292,.T.);
#2684=EDGE_CURVE('',#3293,#3291,#3294,.T.);
#2685=EDGE_CURVE('',#3237,#3293,#3295,.T.);
#2686=EDGE_CURVE('',#3003,#3296,#3297,.T.);
#2687=EDGE_CURVE('',#3296,#3298,#3299,.T.);
#2688=EDGE_CURVE('',#2976,#3298,#3300,.T.);
#2689=EDGE_CURVE('',#3301,#3029,#3302,.T.);
#2690=EDGE_CURVE('',#3303,#3024,#3304,.T.);
#2691=EDGE_CURVE('',#3301,#3303,#3305,.T.);
#2692=EDGE_CURVE('',#3041,#3231,#3306,.T.);
#2693=EDGE_CURVE('',#3014,#3233,#3307,.T.);
#2694=EDGE_CURVE('',#3308,#3067,#3309,.T.);
#2695=EDGE_CURVE('',#3310,#3062,#3311,.T.);
#2696=EDGE_CURVE('',#3308,#3310,#3312,.T.);
#2697=EDGE_CURVE('',#3079,#3301,#3313,.T.);
#2698=EDGE_CURVE('',#3052,#3303,#3314,.T.);
#2699=EDGE_CURVE('',#3315,#3105,#3316,.T.);
#2700=EDGE_CURVE('',#3317,#3100,#3318,.T.);
#2701=EDGE_CURVE('',#3315,#3317,#3319,.T.);
#2702=EDGE_CURVE('',#3117,#3308,#3320,.T.);
#2703=EDGE_CURVE('',#3090,#3310,#3321,.T.);
#2704=EDGE_CURVE('',#3322,#3143,#3323,.T.);
#2705=EDGE_CURVE('',#3324,#3138,#3325,.T.);
#2706=EDGE_CURVE('',#3322,#3324,#3326,.T.);
#2707=EDGE_CURVE('',#3155,#3315,#3327,.T.);
#2708=EDGE_CURVE('',#3128,#3317,#3328,.T.);
#2709=EDGE_CURVE('',#3329,#3330,#3331,.T.);
#2710=EDGE_CURVE('',#3329,#3332,#3333,.T.);
#2711=EDGE_CURVE('',#3334,#3332,#3335,.T.);
#2712=EDGE_CURVE('',#3336,#3334,#3337,.T.);
#2713=EDGE_CURVE('',#3330,#3336,#3338,.F.);
#2714=EDGE_CURVE('',#3339,#3322,#3340,.T.);
#2715=EDGE_CURVE('',#3336,#3324,#3341,.T.);
#2716=EDGE_CURVE('',#3336,#3339,#3342,.T.);
#2717=EDGE_CURVE('',#3296,#3343,#3344,.T.);
#2718=EDGE_CURVE('',#3343,#3345,#3346,.T.);
#2719=EDGE_CURVE('',#3298,#3345,#3347,.T.);
#2720=EDGE_CURVE('',#3348,#3349,#3350,.T.);
#2721=EDGE_CURVE('',#3345,#3348,#3351,.T.);
#2722=EDGE_CURVE('',#3345,#3352,#3353,.T.);
#2723=EDGE_CURVE('',#3354,#3352,#3355,.T.);
#2724=EDGE_CURVE('',#3349,#3354,#3356,.T.);
#2725=EDGE_CURVE('',#3349,#3329,#3357,.T.);
#2726=EDGE_CURVE('',#3332,#3354,#3358,.T.);
#2727=EDGE_CURVE('',#3359,#3360,#3361,.T.);
#2728=EDGE_CURVE('',#3359,#3362,#3363,.T.);
#2729=EDGE_CURVE('',#3364,#3362,#3365,.T.);
#2730=EDGE_CURVE('',#3360,#3364,#3366,.T.);
#2731=EDGE_CURVE('',#3360,#3367,#3368,.T.);
#2732=EDGE_CURVE('',#3369,#3364,#3370,.T.);
#2733=EDGE_CURVE('',#3367,#3369,#3371,.T.);
#2734=EDGE_CURVE('',#3367,#3372,#3373,.T.);
#2735=EDGE_CURVE('',#3374,#3369,#3375,.T.);
#2736=EDGE_CURVE('',#3372,#3374,#3376,.T.);
#2737=EDGE_CURVE('',#3372,#3377,#3378,.T.);
#2738=EDGE_CURVE('',#3379,#3374,#3380,.T.);
#2739=EDGE_CURVE('',#3377,#3379,#3381,.T.);
#2740=EDGE_CURVE('',#3377,#3382,#3383,.T.);
#2741=EDGE_CURVE('',#3384,#3379,#3385,.T.);
#2742=EDGE_CURVE('',#3382,#3384,#3386,.T.);
#2743=EDGE_CURVE('',#3382,#3359,#3387,.T.);
#2744=EDGE_CURVE('',#3362,#3384,#3388,.T.);
#2745=EDGE_CURVE('',#3389,#3339,#3390,.T.);
#2746=EDGE_CURVE('',#3391,#3334,#3392,.T.);
#2747=EDGE_CURVE('',#3389,#3391,#3393,.T.);
#2748=EDGE_CURVE('',#3394,#3389,#3395,.T.);
#2749=EDGE_CURVE('',#3396,#3391,#3397,.T.);
#2750=EDGE_CURVE('',#3394,#3396,#3398,.T.);
#2751=EDGE_CURVE('',#3343,#3394,#3399,.T.);
#2752=EDGE_CURVE('',#3352,#3396,#3400,.T.);
#2753=EDGE_CURVE('',#3401,#3402,#3403,.T.);
#2754=EDGE_CURVE('',#3402,#3404,#3405,.T.);
#2755=EDGE_CURVE('',#3404,#3406,#3407,.T.);
#2756=EDGE_CURVE('',#3406,#3408,#3409,.T.);
#2757=EDGE_CURVE('',#3408,#3410,#3411,.T.);
#2758=EDGE_CURVE('',#3410,#3401,#3412,.T.);
#2759=EDGE_CURVE('',#3413,#3413,#3414,.F.);
#2760=EDGE_CURVE('',#3415,#3416,#3417,.T.);
#2761=EDGE_CURVE('',#3416,#3418,#3419,.T.);
#2762=EDGE_CURVE('',#3418,#3420,#3421,.T.);
#2763=EDGE_CURVE('',#3420,#3422,#3423,.T.);
#2764=EDGE_CURVE('',#3422,#3424,#3425,.T.);
#2765=EDGE_CURVE('',#3424,#3415,#3426,.T.);
#2766=EDGE_CURVE('',#3427,#3427,#3428,.F.);
#2767=EDGE_CURVE('',#3429,#3429,#3430,.F.);
#2768=EDGE_CURVE('',#3431,#3431,#3432,.T.);
#2769=EDGE_CURVE('',#3433,#3433,#3434,.F.);
#2770=EDGE_CURVE('',#3435,#3435,#3436,.T.);
#2771=EDGE_CURVE('',#2972,#2880,#3437,.T.);
#2772=EDGE_CURVE('',#2974,#2879,#3438,.T.);
#2773=EDGE_CURVE('',#2981,#2882,#3439,.T.);
#2774=EDGE_CURVE('',#2988,#2884,#3440,.T.);
#2775=EDGE_CURVE('',#2994,#2886,#3441,.T.);
#2776=EDGE_CURVE('',#3000,#2888,#3442,.T.);
#2777=EDGE_CURVE('',#3010,#2894,#3443,.T.);
#2778=EDGE_CURVE('',#3012,#2893,#3444,.T.);
#2779=EDGE_CURVE('',#3019,#2896,#3445,.T.);
#2780=EDGE_CURVE('',#3026,#2898,#3446,.T.);
#2781=EDGE_CURVE('',#3032,#2900,#3447,.T.);
#2782=EDGE_CURVE('',#3038,#2902,#3448,.T.);
#2783=EDGE_CURVE('',#3048,#2908,#3449,.T.);
#2784=EDGE_CURVE('',#3050,#2907,#3450,.T.);
#2785=EDGE_CURVE('',#3057,#2910,#3451,.T.);
#2786=EDGE_CURVE('',#3064,#2912,#3452,.T.);
#2787=EDGE_CURVE('',#3070,#2914,#3453,.T.);
#2788=EDGE_CURVE('',#3076,#2916,#3454,.T.);
#2789=EDGE_CURVE('',#3086,#2922,#3455,.T.);
#2790=EDGE_CURVE('',#3088,#2921,#3456,.T.);
#2791=EDGE_CURVE('',#3095,#2924,#3457,.T.);
#2792=EDGE_CURVE('',#3102,#2926,#3458,.T.);
#2793=EDGE_CURVE('',#3108,#2928,#3459,.T.);
#2794=EDGE_CURVE('',#3114,#2930,#3460,.T.);
#2795=EDGE_CURVE('',#3124,#2936,#3461,.T.);
#2796=EDGE_CURVE('',#3126,#2935,#3462,.T.);
#2797=EDGE_CURVE('',#3133,#2938,#3463,.T.);
#2798=EDGE_CURVE('',#3140,#2940,#3464,.T.);
#2799=EDGE_CURVE('',#3146,#2942,#3465,.T.);
#2800=EDGE_CURVE('',#3152,#2944,#3466,.T.);
#2801=EDGE_CURVE('',#3391,#3402,#3467,.T.);
#2802=EDGE_CURVE('',#3396,#3401,#3468,.T.);
#2803=EDGE_CURVE('',#3334,#3404,#3469,.T.);
#2804=EDGE_CURVE('',#3332,#3406,#3470,.T.);
#2805=EDGE_CURVE('',#3354,#3408,#3471,.T.);
#2806=EDGE_CURVE('',#3352,#3410,#3472,.T.);
#2807=EDGE_CURVE('',#3379,#3416,#3473,.T.);
#2808=EDGE_CURVE('',#3384,#3415,#3474,.T.);
#2809=EDGE_CURVE('',#3374,#3418,#3475,.T.);
#2810=EDGE_CURVE('',#3369,#3420,#3476,.T.);
#2811=EDGE_CURVE('',#3364,#3422,#3477,.T.);
#2812=EDGE_CURVE('',#3362,#3424,#3478,.T.);
#2813=EDGE_CURVE('',#3330,#3164,#3479,.F.);
#2814=EDGE_CURVE('',#3324,#3166,#3480,.T.);
#2815=EDGE_CURVE('',#3168,#3136,#3481,.F.);
#2816=EDGE_CURVE('',#3122,#3174,#3482,.F.);
#2817=EDGE_CURVE('',#3317,#3176,#3483,.T.);
#2818=EDGE_CURVE('',#3178,#3098,#3484,.F.);
#2819=EDGE_CURVE('',#3084,#3184,#3485,.F.);
#2820=EDGE_CURVE('',#3310,#3186,#3486,.T.);
#2821=EDGE_CURVE('',#3188,#3060,#3487,.F.);
#2822=EDGE_CURVE('',#3046,#3194,#3488,.F.);
#2823=EDGE_CURVE('',#3303,#3196,#3489,.T.);
#2824=EDGE_CURVE('',#3198,#3022,#3490,.F.);
#2825=EDGE_CURVE('',#3008,#3204,#3491,.F.);
#2826=EDGE_CURVE('',#3233,#3206,#3492,.T.);
#2827=EDGE_CURVE('',#3208,#2984,#3493,.F.);
#2828=EDGE_CURVE('',#2970,#3214,#3494,.F.);
#2829=EDGE_CURVE('',#3298,#3216,#3495,.T.);
#2830=EDGE_CURVE('',#3159,#3348,#3496,.F.);
#2831=EDGE_CURVE('',#2979,#3210,#3497,.T.);
#2832=EDGE_CURVE('',#2969,#3212,#3498,.T.);
#2833=EDGE_CURVE('',#3017,#3200,#3499,.T.);
#2834=EDGE_CURVE('',#3007,#3202,#3500,.T.);
#2835=EDGE_CURVE('',#3055,#3190,#3501,.T.);
#2836=EDGE_CURVE('',#3045,#3192,#3502,.T.);
#2837=EDGE_CURVE('',#3093,#3180,#3503,.T.);
#2838=EDGE_CURVE('',#3083,#3182,#3504,.T.);
#2839=EDGE_CURVE('',#3131,#3170,#3505,.T.);
#2840=EDGE_CURVE('',#3121,#3172,#3506,.T.);
#2841=EDGE_CURVE('',#3349,#3160,#3507,.T.);
#2842=EDGE_CURVE('',#3329,#3162,#3508,.T.);
#2843=EDGE_CURVE('',#3360,#3220,#3509,.T.);
#2844=EDGE_CURVE('',#3359,#3219,#3510,.T.);
#2845=EDGE_CURVE('',#3367,#3222,#3511,.T.);
#2846=EDGE_CURVE('',#3372,#3224,#3512,.T.);
#2847=EDGE_CURVE('',#3377,#3226,#3513,.T.);
#2848=EDGE_CURVE('',#3382,#3228,#3514,.T.);
#2849=EDGE_CURVE('',#3236,#3308,#3515,.F.);
#2850=EDGE_CURVE('',#3237,#3067,#3516,.F.);
#2851=EDGE_CURVE('',#3293,#3068,#3517,.F.);
#2852=EDGE_CURVE('',#3291,#3074,#3518,.F.);
#2853=EDGE_CURVE('',#3289,#3079,#3519,.F.);
#2854=EDGE_CURVE('',#3287,#3301,#3520,.F.);
#2855=EDGE_CURVE('',#3285,#3029,#3521,.F.);
#2856=EDGE_CURVE('',#3283,#3030,#3522,.F.);
#2857=EDGE_CURVE('',#3281,#3036,#3523,.F.);
#2858=EDGE_CURVE('',#3279,#3041,#3524,.F.);
#2859=EDGE_CURVE('',#3277,#3231,#3525,.F.);
#2860=EDGE_CURVE('',#3275,#2991,#3526,.F.);
#2861=EDGE_CURVE('',#3273,#2992,#3527,.F.);
#2862=EDGE_CURVE('',#3271,#2998,#3528,.F.);
#2863=EDGE_CURVE('',#3269,#3003,#3529,.F.);
#2864=EDGE_CURVE('',#3267,#3296,#3530,.F.);
#2865=EDGE_CURVE('',#3265,#3343,#3531,.F.);
#2866=EDGE_CURVE('',#3263,#3394,#3532,.F.);
#2867=EDGE_CURVE('',#3261,#3389,#3533,.F.);
#2868=EDGE_CURVE('',#3259,#3339,#3534,.F.);
#2869=EDGE_CURVE('',#3257,#3322,#3535,.F.);
#2870=EDGE_CURVE('',#3255,#3143,#3536,.F.);
#2871=EDGE_CURVE('',#3253,#3144,#3537,.F.);
#2872=EDGE_CURVE('',#3251,#3150,#3538,.F.);
#2873=EDGE_CURVE('',#3249,#3155,#3539,.F.);
#2874=EDGE_CURVE('',#3247,#3315,#3540,.F.);
#2875=EDGE_CURVE('',#3245,#3105,#3541,.F.);
#2876=EDGE_CURVE('',#3243,#3106,#3542,.F.);
#2877=EDGE_CURVE('',#3241,#3112,#3543,.F.);
#2878=EDGE_CURVE('',#3239,#3117,#3544,.F.);
#2879=VERTEX_POINT('',#3545);
#2880=VERTEX_POINT('',#3546);
#2881=LINE('',#3547,#3548);
#2882=VERTEX_POINT('',#3550);
#2883=LINE('',#3551,#3552);
#2884=VERTEX_POINT('',#3554);
#2885=LINE('',#3555,#3556);
#2886=VERTEX_POINT('',#3558);
#2887=LINE('',#3559,#3560);
#2888=VERTEX_POINT('',#3562);
#2889=LINE('',#3563,#3564);
#2890=LINE('',#3566,#3567);
#2891=VERTEX_POINT('',#3569);
#2892=CIRCLE('',#3570,13.5);
#2893=VERTEX_POINT('',#3574);
#2894=VERTEX_POINT('',#3575);
#2895=LINE('',#3576,#3577);
#2896=VERTEX_POINT('',#3579);
#2897=LINE('',#3580,#3581);
#2898=VERTEX_POINT('',#3583);
#2899=LINE('',#3584,#3585);
#2900=VERTEX_POINT('',#3587);
#2901=LINE('',#3588,#3589);
#2902=VERTEX_POINT('',#3591);
#2903=LINE('',#3592,#3593);
#2904=LINE('',#3595,#3596);
#2905=VERTEX_POINT('',#3598);
#2906=CIRCLE('',#3599,13.5);
#2907=VERTEX_POINT('',#3603);
#2908=VERTEX_POINT('',#3604);
#2909=LINE('',#3605,#3606);
#2910=VERTEX_POINT('',#3608);
#2911=LINE('',#3609,#3610);
#2912=VERTEX_POINT('',#3612);
#2913=LINE('',#3613,#3614);
#2914=VERTEX_POINT('',#3616);
#2915=LINE('',#3617,#3618);
#2916=VERTEX_POINT('',#3620);
#2917=LINE('',#3621,#3622);
#2918=LINE('',#3624,#3625);
#2919=VERTEX_POINT('',#3627);
#2920=CIRCLE('',#3628,13.5);
#2921=VERTEX_POINT('',#3632);
#2922=VERTEX_POINT('',#3633);
#2923=LINE('',#3634,#3635);
#2924=VERTEX_POINT('',#3637);
#2925=LINE('',#3638,#3639);
#2926=VERTEX_POINT('',#3641);
#2927=LINE('',#3642,#3643);
#2928=VERTEX_POINT('',#3645);
#2929=LINE('',#3646,#3647);
#2930=VERTEX_POINT('',#3649);
#2931=LINE('',#3650,#3651);
#2932=LINE('',#3653,#3654);
#2933=VERTEX_POINT('',#3656);
#2934=CIRCLE('',#3657,13.5);
#2935=VERTEX_POINT('',#3661);
#2936=VERTEX_POINT('',#3662);
#2937=LINE('',#3663,#3664);
#2938=VERTEX_POINT('',#3666);
#2939=LINE('',#3667,#3668);
#2940=VERTEX_POINT('',#3670);
#2941=LINE('',#3671,#3672);
#2942=VERTEX_POINT('',#3674);
#2943=LINE('',#3675,#3676);
#2944=VERTEX_POINT('',#3678);
#2945=LINE('',#3679,#3680);
#2946=LINE('',#3682,#3683);
#2947=VERTEX_POINT('',#3685);
#2948=CIRCLE('',#3686,13.5);
#2949=VERTEX_POINT('',#3690);
#2950=CIRCLE('',#3691,12.5);
#2951=VERTEX_POINT('',#3695);
#2952=CIRCLE('',#3696,12.5);
#2953=VERTEX_POINT('',#3700);
#2954=CIRCLE('',#3701,12.5);
#2955=VERTEX_POINT('',#3705);
#2956=CIRCLE('',#3706,12.5);
#2957=VERTEX_POINT('',#3710);
#2958=CIRCLE('',#3711,12.5);
#2959=VERTEX_POINT('',#3715);
#2960=CIRCLE('',#3716,12.5);
#2961=VERTEX_POINT('',#3720);
#2962=CIRCLE('',#3721,12.5);
#2963=VERTEX_POINT('',#3725);
#2964=CIRCLE('',#3726,12.5);
#2965=VERTEX_POINT('',#3730);
#2966=CIRCLE('',#3731,12.5);
#2967=VERTEX_POINT('',#3735);
#2968=CIRCLE('',#3736,12.5);
#2969=VERTEX_POINT('',#3740);
#2970=VERTEX_POINT('',#3741);
#2971=LINE('',#3742,#3743);
#2972=VERTEX_POINT('',#3745);
#2973=LINE('',#3746,#3747);
#2974=VERTEX_POINT('',#3749);
#2975=LINE('',#3750,#3751);
#2976=VERTEX_POINT('',#3753);
#2977=LINE('',#3754,#3755);
#2978=LINE('',#3757,#3758);
#2979=VERTEX_POINT('',#3760);
#2980=LINE('',#3761,#3762);
#2981=VERTEX_POINT('',#3764);
#2982=LINE('',#3765,#3766);
#2983=LINE('',#3768,#3769);
#2984=VERTEX_POINT('',#3771);
#2985=LINE('',#3772,#3773);
#2986=VERTEX_POINT('',#3775);
#2987=LINE('',#3776,#3777);
#2988=VERTEX_POINT('',#3779);
#2989=LINE('',#3780,#3781);
#2990=LINE('',#3783,#3784);
#2991=VERTEX_POINT('',#3786);
#2992=VERTEX_POINT('',#3787);
#2993=LINE('',#3788,#3789);
#2994=VERTEX_POINT('',#3791);
#2995=LINE('',#3792,#3793);
#2996=LINE('',#3795,#3796);
#2997=LINE('',#3798,#3799);
#2998=VERTEX_POINT('',#3801);
#2999=LINE('',#3802,#3803);
#3000=VERTEX_POINT('',#3805);
#3001=LINE('',#3806,#3807);
#3002=LINE('',#3809,#3810);
#3003=VERTEX_POINT('',#3812);
#3004=LINE('',#3813,#3814);
#3005=LINE('',#3816,#3817);
#3006=LINE('',#3819,#3820);
#3007=VERTEX_POINT('',#3822);
#3008=VERTEX_POINT('',#3823);
#3009=LINE('',#3824,#3825);
#3010=VERTEX_POINT('',#3827);
#3011=LINE('',#3828,#3829);
#3012=VERTEX_POINT('',#3831);
#3013=LINE('',#3832,#3833);
#3014=VERTEX_POINT('',#3835);
#3015=LINE('',#3836,#3837);
#3016=LINE('',#3839,#3840);
#3017=VERTEX_POINT('',#3842);
#3018=LINE('',#3843,#3844);
#3019=VERTEX_POINT('',#3846);
#3020=LINE('',#3847,#3848);
#3021=LINE('',#3850,#3851);
#3022=VERTEX_POINT('',#3853);
#3023=LINE('',#3854,#3855);
#3024=VERTEX_POINT('',#3857);
#3025=LINE('',#3858,#3859);
#3026=VERTEX_POINT('',#3861);
#3027=LINE('',#3862,#3863);
#3028=LINE('',#3865,#3866);
#3029=VERTEX_POINT('',#3868);
#3030=VERTEX_POINT('',#3869);
#3031=LINE('',#3870,#3871);
#3032=VERTEX_POINT('',#3873);
#3033=LINE('',#3874,#3875);
#3034=LINE('',#3877,#3878);
#3035=LINE('',#3880,#3881);
#3036=VERTEX_POINT('',#3883);
#3037=LINE('',#3884,#3885);
#3038=VERTEX_POINT('',#3887);
#3039=LINE('',#3888,#3889);
#3040=LINE('',#3891,#3892);
#3041=VERTEX_POINT('',#3894);
#3042=LINE('',#3895,#3896);
#3043=LINE('',#3898,#3899);
#3044=LINE('',#3901,#3902);
#3045=VERTEX_POINT('',#3904);
#3046=VERTEX_POINT('',#3905);
#3047=LINE('',#3906,#3907);
#3048=VERTEX_POINT('',#3909);
#3049=LINE('',#3910,#3911);
#3050=VERTEX_POINT('',#3913);
#3051=LINE('',#3914,#3915);
#3052=VERTEX_POINT('',#3917);
#3053=LINE('',#3918,#3919);
#3054=LINE('',#3921,#3922);
#3055=VERTEX_POINT('',#3924);
#3056=LINE('',#3925,#3926);
#3057=VERTEX_POINT('',#3928);
#3058=LINE('',#3929,#3930);
#3059=LINE('',#3932,#3933);
#3060=VERTEX_POINT('',#3935);
#3061=LINE('',#3936,#3937);
#3062=VERTEX_POINT('',#3939);
#3063=LINE('',#3940,#3941);
#3064=VERTEX_POINT('',#3943);
#3065=LINE('',#3944,#3945);
#3066=LINE('',#3947,#3948);
#3067=VERTEX_POINT('',#3950);
#3068=VERTEX_POINT('',#3951);
#3069=LINE('',#3952,#3953);
#3070=VERTEX_POINT('',#3955);
#3071=LINE('',#3956,#3957);
#3072=LINE('',#3959,#3960);
#3073=LINE('',#3962,#3963);
#3074=VERTEX_POINT('',#3965);
#3075=LINE('',#3966,#3967);
#3076=VERTEX_POINT('',#3969);
#3077=LINE('',#3970,#3971);
#3078=LINE('',#3973,#3974);
#3079=VERTEX_POINT('',#3976);
#3080=LINE('',#3977,#3978);
#3081=LINE('',#3980,#3981);
#3082=LINE('',#3983,#3984);
#3083=VERTEX_POINT('',#3986);
#3084=VERTEX_POINT('',#3987);
#3085=LINE('',#3988,#3989);
#3086=VERTEX_POINT('',#3991);
#3087=LINE('',#3992,#3993);
#3088=VERTEX_POINT('',#3995);
#3089=LINE('',#3996,#3997);
#3090=VERTEX_POINT('',#3999);
#3091=LINE('',#4000,#4001);
#3092=LINE('',#4003,#4004);
#3093=VERTEX_POINT('',#4006);
#3094=LINE('',#4007,#4008);
#3095=VERTEX_POINT('',#4010);
#3096=LINE('',#4011,#4012);
#3097=LINE('',#4014,#4015);
#3098=VERTEX_POINT('',#4017);
#3099=LINE('',#4018,#4019);
#3100=VERTEX_POINT('',#4021);
#3101=LINE('',#4022,#4023);
#3102=VERTEX_POINT('',#4025);
#3103=LINE('',#4026,#4027);
#3104=LINE('',#4029,#4030);
#3105=VERTEX_POINT('',#4032);
#3106=VERTEX_POINT('',#4033);
#3107=LINE('',#4034,#4035);
#3108=VERTEX_POINT('',#4037);
#3109=LINE('',#4038,#4039);
#3110=LINE('',#4041,#4042);
#3111=LINE('',#4044,#4045);
#3112=VERTEX_POINT('',#4047);
#3113=LINE('',#4048,#4049);
#3114=VERTEX_POINT('',#4051);
#3115=LINE('',#4052,#4053);
#3116=LINE('',#4055,#4056);
#3117=VERTEX_POINT('',#4058);
#3118=LINE('',#4059,#4060);
#3119=LINE('',#4062,#4063);
#3120=LINE('',#4065,#4066);
#3121=VERTEX_POINT('',#4068);
#3122=VERTEX_POINT('',#4069);
#3123=LINE('',#4070,#4071);
#3124=VERTEX_POINT('',#4073);
#3125=LINE('',#4074,#4075);
#3126=VERTEX_POINT('',#4077);
#3127=LINE('',#4078,#4079);
#3128=VERTEX_POINT('',#4081);
#3129=LINE('',#4082,#4083);
#3130=LINE('',#4085,#4086);
#3131=VERTEX_POINT('',#4088);
#3132=LINE('',#4089,#4090);
#3133=VERTEX_POINT('',#4092);
#3134=LINE('',#4093,#4094);
#3135=LINE('',#4096,#4097);
#3136=VERTEX_POINT('',#4099);
#3137=LINE('',#4100,#4101);
#3138=VERTEX_POINT('',#4103);
#3139=LINE('',#4104,#4105);
#3140=VERTEX_POINT('',#4107);
#3141=LINE('',#4108,#4109);
#3142=LINE('',#4111,#4112);
#3143=VERTEX_POINT('',#4114);
#3144=VERTEX_POINT('',#4115);
#3145=LINE('',#4116,#4117);
#3146=VERTEX_POINT('',#4119);
#3147=LINE('',#4120,#4121);
#3148=LINE('',#4123,#4124);
#3149=LINE('',#4126,#4127);
#3150=VERTEX_POINT('',#4129);
#3151=LINE('',#4130,#4131);
#3152=VERTEX_POINT('',#4133);
#3153=LINE('',#4134,#4135);
#3154=LINE('',#4137,#4138);
#3155=VERTEX_POINT('',#4140);
#3156=LINE('',#4141,#4142);
#3157=LINE('',#4144,#4145);
#3158=LINE('',#4147,#4148);
#3159=VERTEX_POINT('',#4150);
#3160=VERTEX_POINT('',#4151);
#3161=LINE('',#4152,#4153);
#3162=VERTEX_POINT('',#4155);
#3163=LINE('',#4156,#4157);
#3164=VERTEX_POINT('',#4159);
#3165=LINE('',#4160,#4161);
#3166=VERTEX_POINT('',#4163);
#3167=LINE('',#4164,#4165);
#3168=VERTEX_POINT('',#4167);
#3169=LINE('',#4168,#4169);
#3170=VERTEX_POINT('',#4171);
#3171=LINE('',#4172,#4173);
#3172=VERTEX_POINT('',#4175);
#3173=LINE('',#4176,#4177);
#3174=VERTEX_POINT('',#4179);
#3175=LINE('',#4180,#4181);
#3176=VERTEX_POINT('',#4183);
#3177=LINE('',#4184,#4185);
#3178=VERTEX_POINT('',#4187);
#3179=LINE('',#4188,#4189);
#3180=VERTEX_POINT('',#4191);
#3181=LINE('',#4192,#4193);
#3182=VERTEX_POINT('',#4195);
#3183=LINE('',#4196,#4197);
#3184=VERTEX_POINT('',#4199);
#3185=LINE('',#4200,#4201);
#3186=VERTEX_POINT('',#4203);
#3187=LINE('',#4204,#4205);
#3188=VERTEX_POINT('',#4207);
#3189=LINE('',#4208,#4209);
#3190=VERTEX_POINT('',#4211);
#3191=LINE('',#4212,#4213);
#3192=VERTEX_POINT('',#4215);
#3193=LINE('',#4216,#4217);
#3194=VERTEX_POINT('',#4219);
#3195=LINE('',#4220,#4221);
#3196=VERTEX_POINT('',#4223);
#3197=LINE('',#4224,#4225);
#3198=VERTEX_POINT('',#4227);
#3199=LINE('',#4228,#4229);
#3200=VERTEX_POINT('',#4231);
#3201=LINE('',#4232,#4233);
#3202=VERTEX_POINT('',#4235);
#3203=LINE('',#4236,#4237);
#3204=VERTEX_POINT('',#4239);
#3205=LINE('',#4240,#4241);
#3206=VERTEX_POINT('',#4243);
#3207=LINE('',#4244,#4245);
#3208=VERTEX_POINT('',#4247);
#3209=LINE('',#4248,#4249);
#3210=VERTEX_POINT('',#4251);
#3211=LINE('',#4252,#4253);
#3212=VERTEX_POINT('',#4255);
#3213=LINE('',#4256,#4257);
#3214=VERTEX_POINT('',#4259);
#3215=LINE('',#4260,#4261);
#3216=VERTEX_POINT('',#4263);
#3217=LINE('',#4264,#4265);
#3218=LINE('',#4267,#4268);
#3219=VERTEX_POINT('',#4270);
#3220=VERTEX_POINT('',#4271);
#3221=LINE('',#4272,#4273);
#3222=VERTEX_POINT('',#4275);
#3223=LINE('',#4276,#4277);
#3224=VERTEX_POINT('',#4279);
#3225=LINE('',#4280,#4281);
#3226=VERTEX_POINT('',#4283);
#3227=LINE('',#4284,#4285);
#3228=VERTEX_POINT('',#4287);
#3229=LINE('',#4288,#4289);
#3230=LINE('',#4291,#4292);
#3231=VERTEX_POINT('',#4294);
#3232=LINE('',#4295,#4296);
#3233=VERTEX_POINT('',#4298);
#3234=LINE('',#4299,#4300);
#3235=LINE('',#4302,#4303);
#3236=VERTEX_POINT('',#4305);
#3237=VERTEX_POINT('',#4306);
#3238=LINE('',#4307,#4308);
#3239=VERTEX_POINT('',#4310);
#3240=LINE('',#4311,#4312);
#3241=VERTEX_POINT('',#4314);
#3242=LINE('',#4315,#4316);
#3243=VERTEX_POINT('',#4318);
#3244=LINE('',#4319,#4320);
#3245=VERTEX_POINT('',#4322);
#3246=LINE('',#4323,#4324);
#3247=VERTEX_POINT('',#4326);
#3248=LINE('',#4327,#4328);
#3249=VERTEX_POINT('',#4330);
#3250=LINE('',#4331,#4332);
#3251=VERTEX_POINT('',#4334);
#3252=LINE('',#4335,#4336);
#3253=VERTEX_POINT('',#4338);
#3254=LINE('',#4339,#4340);
#3255=VERTEX_POINT('',#4342);
#3256=LINE('',#4343,#4344);
#3257=VERTEX_POINT('',#4346);
#3258=LINE('',#4347,#4348);
#3259=VERTEX_POINT('',#4350);
#3260=LINE('',#4351,#4352);
#3261=VERTEX_POINT('',#4354);
#3262=LINE('',#4355,#4356);
#3263=VERTEX_POINT('',#4358);
#3264=LINE('',#4359,#4360);
#3265=VERTEX_POINT('',#4362);
#3266=LINE('',#4363,#4364);
#3267=VERTEX_POINT('',#4366);
#3268=LINE('',#4367,#4368);
#3269=VERTEX_POINT('',#4370);
#3270=LINE('',#4371,#4372);
#3271=VERTEX_POINT('',#4374);
#3272=LINE('',#4375,#4376);
#3273=VERTEX_POINT('',#4378);
#3274=LINE('',#4379,#4380);
#3275=VERTEX_POINT('',#4382);
#3276=LINE('',#4383,#4384);
#3277=VERTEX_POINT('',#4386);
#3278=LINE('',#4387,#4388);
#3279=VERTEX_POINT('',#4390);
#3280=LINE('',#4391,#4392);
#3281=VERTEX_POINT('',#4394);
#3282=LINE('',#4395,#4396);
#3283=VERTEX_POINT('',#4398);
#3284=LINE('',#4399,#4400);
#3285=VERTEX_POINT('',#4402);
#3286=LINE('',#4403,#4404);
#3287=VERTEX_POINT('',#4406);
#3288=LINE('',#4407,#4408);
#3289=VERTEX_POINT('',#4410);
#3290=LINE('',#4411,#4412);
#3291=VERTEX_POINT('',#4414);
#3292=LINE('',#4415,#4416);
#3293=VERTEX_POINT('',#4418);
#3294=LINE('',#4419,#4420);
#3295=LINE('',#4422,#4423);
#3296=VERTEX_POINT('',#4425);
#3297=LINE('',#4426,#4427);
#3298=VERTEX_POINT('',#4429);
#3299=LINE('',#4430,#4431);
#3300=LINE('',#4433,#4434);
#3301=VERTEX_POINT('',#4436);
#3302=LINE('',#4437,#4438);
#3303=VERTEX_POINT('',#4440);
#3304=LINE('',#4441,#4442);
#3305=LINE('',#4444,#4445);
#3306=LINE('',#4447,#4448);
#3307=LINE('',#4450,#4451);
#3308=VERTEX_POINT('',#4453);
#3309=LINE('',#4454,#4455);
#3310=VERTEX_POINT('',#4457);
#3311=LINE('',#4458,#4459);
#3312=LINE('',#4461,#4462);
#3313=LINE('',#4464,#4465);
#3314=LINE('',#4467,#4468);
#3315=VERTEX_POINT('',#4470);
#3316=LINE('',#4471,#4472);
#3317=VERTEX_POINT('',#4474);
#3318=LINE('',#4475,#4476);
#3319=LINE('',#4478,#4479);
#3320=LINE('',#4481,#4482);
#3321=LINE('',#4484,#4485);
#3322=VERTEX_POINT('',#4487);
#3323=LINE('',#4488,#4489);
#3324=VERTEX_POINT('',#4491);
#3325=LINE('',#4492,#4493);
#3326=LINE('',#4495,#4496);
#3327=LINE('',#4498,#4499);
#3328=LINE('',#4501,#4502);
#3329=VERTEX_POINT('',#4504);
#3330=VERTEX_POINT('',#4505);
#3331=LINE('',#4506,#4507);
#3332=VERTEX_POINT('',#4509);
#3333=LINE('',#4510,#4511);
#3334=VERTEX_POINT('',#4513);
#3335=LINE('',#4514,#4515);
#3336=VERTEX_POINT('',#4517);
#3337=LINE('',#4518,#4519);
#3338=LINE('',#4521,#4522);
#3339=VERTEX_POINT('',#4524);
#3340=LINE('',#4525,#4526);
#3341=LINE('',#4528,#4529);
#3342=LINE('',#4531,#4532);
#3343=VERTEX_POINT('',#4534);
#3344=LINE('',#4535,#4536);
#3345=VERTEX_POINT('',#4538);
#3346=LINE('',#4539,#4540);
#3347=LINE('',#4542,#4543);
#3348=VERTEX_POINT('',#4545);
#3349=VERTEX_POINT('',#4546);
#3350=LINE('',#4547,#4548);
#3351=LINE('',#4550,#4551);
#3352=VERTEX_POINT('',#4553);
#3353=LINE('',#4554,#4555);
#3354=VERTEX_POINT('',#4557);
#3355=LINE('',#4558,#4559);
#3356=LINE('',#4561,#4562);
#3357=LINE('',#4564,#4565);
#3358=LINE('',#4567,#4568);
#3359=VERTEX_POINT('',#4570);
#3360=VERTEX_POINT('',#4571);
#3361=LINE('',#4572,#4573);
#3362=VERTEX_POINT('',#4575);
#3363=LINE('',#4576,#4577);
#3364=VERTEX_POINT('',#4579);
#3365=LINE('',#4580,#4581);
#3366=LINE('',#4583,#4584);
#3367=VERTEX_POINT('',#4586);
#3368=LINE('',#4587,#4588);
#3369=VERTEX_POINT('',#4590);
#3370=LINE('',#4591,#4592);
#3371=LINE('',#4594,#4595);
#3372=VERTEX_POINT('',#4597);
#3373=LINE('',#4598,#4599);
#3374=VERTEX_POINT('',#4601);
#3375=LINE('',#4602,#4603);
#3376=LINE('',#4605,#4606);
#3377=VERTEX_POINT('',#4608);
#3378=LINE('',#4609,#4610);
#3379=VERTEX_POINT('',#4612);
#3380=LINE('',#4613,#4614);
#3381=LINE('',#4616,#4617);
#3382=VERTEX_POINT('',#4619);
#3383=LINE('',#4620,#4621);
#3384=VERTEX_POINT('',#4623);
#3385=LINE('',#4624,#4625);
#3386=LINE('',#4627,#4628);
#3387=LINE('',#4630,#4631);
#3388=LINE('',#4633,#4634);
#3389=VERTEX_POINT('',#4636);
#3390=LINE('',#4637,#4638);
#3391=VERTEX_POINT('',#4640);
#3392=LINE('',#4641,#4642);
#3393=LINE('',#4644,#4645);
#3394=VERTEX_POINT('',#4647);
#3395=LINE('',#4648,#4649);
#3396=VERTEX_POINT('',#4651);
#3397=LINE('',#4652,#4653);
#3398=LINE('',#4655,#4656);
#3399=LINE('',#4658,#4659);
#3400=LINE('',#4661,#4662);
#3401=VERTEX_POINT('',#4664);
#3402=VERTEX_POINT('',#4665);
#3403=LINE('',#4666,#4667);
#3404=VERTEX_POINT('',#4669);
#3405=LINE('',#4670,#4671);
#3406=VERTEX_POINT('',#4673);
#3407=LINE('',#4674,#4675);
#3408=VERTEX_POINT('',#4677);
#3409=LINE('',#4678,#4679);
#3410=VERTEX_POINT('',#4681);
#3411=LINE('',#4682,#4683);
#3412=LINE('',#4685,#4686);
#3413=VERTEX_POINT('',#4688);
#3414=CIRCLE('',#4689,13.5);
#3415=VERTEX_POINT('',#4693);
#3416=VERTEX_POINT('',#4694);
#3417=LINE('',#4695,#4696);
#3418=VERTEX_POINT('',#4698);
#3419=LINE('',#4699,#4700);
#3420=VERTEX_POINT('',#4702);
#3421=LINE('',#4703,#4704);
#3422=VERTEX_POINT('',#4706);
#3423=LINE('',#4707,#4708);
#3424=VERTEX_POINT('',#4710);
#3425=LINE('',#4711,#4712);
#3426=LINE('',#4714,#4715);
#3427=VERTEX_POINT('',#4717);
#3428=CIRCLE('',#4718,13.5);
#3429=VERTEX_POINT('',#4722);
#3430=CIRCLE('',#4723,12.5);
#3431=VERTEX_POINT('',#4727);
#3432=CIRCLE('',#4728,12.5);
#3433=VERTEX_POINT('',#4732);
#3434=CIRCLE('',#4733,12.5);
#3435=VERTEX_POINT('',#4737);
#3436=CIRCLE('',#4738,12.5);
#3437=LINE('',#4742,#4743);
#3438=LINE('',#4745,#4746);
#3439=LINE('',#4748,#4749);
#3440=LINE('',#4751,#4752);
#3441=LINE('',#4754,#4755);
#3442=LINE('',#4757,#4758);
#3443=LINE('',#4760,#4761);
#3444=LINE('',#4763,#4764);
#3445=LINE('',#4766,#4767);
#3446=LINE('',#4769,#4770);
#3447=LINE('',#4772,#4773);
#3448=LINE('',#4775,#4776);
#3449=LINE('',#4778,#4779);
#3450=LINE('',#4781,#4782);
#3451=LINE('',#4784,#4785);
#3452=LINE('',#4787,#4788);
#3453=LINE('',#4790,#4791);
#3454=LINE('',#4793,#4794);
#3455=LINE('',#4796,#4797);
#3456=LINE('',#4799,#4800);
#3457=LINE('',#4802,#4803);
#3458=LINE('',#4805,#4806);
#3459=LINE('',#4808,#4809);
#3460=LINE('',#4811,#4812);
#3461=LINE('',#4814,#4815);
#3462=LINE('',#4817,#4818);
#3463=LINE('',#4820,#4821);
#3464=LINE('',#4823,#4824);
#3465=LINE('',#4826,#4827);
#3466=LINE('',#4829,#4830);
#3467=LINE('',#4832,#4833);
#3468=LINE('',#4835,#4836);
#3469=LINE('',#4838,#4839);
#3470=LINE('',#4841,#4842);
#3471=LINE('',#4844,#4845);
#3472=LINE('',#4847,#4848);
#3473=LINE('',#4850,#4851);
#3474=LINE('',#4853,#4854);
#3475=LINE('',#4856,#4857);
#3476=LINE('',#4859,#4860);
#3477=LINE('',#4862,#4863);
#3478=LINE('',#4865,#4866);
#3479=LINE('',#4868,#4869);
#3480=LINE('',#4871,#4872);
#3481=LINE('',#4874,#4875);
#3482=LINE('',#4877,#4878);
#3483=LINE('',#4880,#4881);
#3484=LINE('',#4883,#4884);
#3485=LINE('',#4886,#4887);
#3486=LINE('',#4889,#4890);
#3487=LINE('',#4892,#4893);
#3488=LINE('',#4895,#4896);
#3489=LINE('',#4898,#4899);
#3490=LINE('',#4901,#4902);
#3491=LINE('',#4904,#4905);
#3492=LINE('',#4907,#4908);
#3493=LINE('',#4910,#4911);
#3494=LINE('',#4913,#4914);
#3495=LINE('',#4916,#4917);
#3496=LINE('',#4919,#4920);
#3497=LINE('',#4922,#4923);
#3498=LINE('',#4925,#4926);
#3499=LINE('',#4928,#4929);
#3500=LINE('',#4931,#4932);
#3501=LINE('',#4934,#4935);
#3502=LINE('',#4937,#4938);
#3503=LINE('',#4940,#4941);
#3504=LINE('',#4943,#4944);
#3505=LINE('',#4946,#4947);
#3506=LINE('',#4949,#4950);
#3507=LINE('',#4952,#4953);
#3508=LINE('',#4955,#4956);
#3509=LINE('',#4958,#4959);
#3510=LINE('',#4961,#4962);
#3511=LINE('',#4964,#4965);
#3512=LINE('',#4967,#4968);
#3513=LINE('',#4970,#4971);
#3514=LINE('',#4973,#4974);
#3515=LINE('',#4976,#4977);
#3516=LINE('',#4979,#4980);
#3517=LINE('',#4982,#4983);
#3518=LINE('',#4985,#4986);
#3519=LINE('',#4988,#4989);
#3520=LINE('',#4991,#4992);
#3521=LINE('',#4994,#4995);
#3522=LINE('',#4997,#4998);
#3523=LINE('',#5000,#5001);
#3524=LINE('',#5003,#5004);
#3525=LINE('',#5006,#5007);
#3526=LINE('',#5009,#5010);
#3527=LINE('',#5012,#5013);
#3528=LINE('',#5015,#5016);
#3529=LINE('',#5018,#5019);
#3530=LINE('',#5021,#5022);
#3531=LINE('',#5024,#5025);
#3532=LINE('',#5027,#5028);
#3533=LINE('',#5030,#5031);
#3534=LINE('',#5033,#5034);
#3535=LINE('',#5036,#5037);
#3536=LINE('',#5039,#5040);
#3537=LINE('',#5042,#5043);
#3538=LINE('',#5045,#5046);
#3539=LINE('',#5048,#5049);
#3540=LINE('',#5051,#5052);
#3541=LINE('',#5054,#5055);
#3542=LINE('',#5057,#5058);
#3543=LINE('',#5060,#5061);
#3544=LINE('',#5063,#5064);
#3545=CARTESIAN_POINT('',(-35.,27.1354626519124,20.));
#3546=CARTESIAN_POINT('',(-20.5,18.7638837486628,20.));
#3547=CARTESIAN_POINT('',(-35.,27.1354626519124,20.));
#3548=VECTOR('',#3549,1.);
#3549=DIRECTION('',(0.866025403784438,-0.500000000000001,0.));
#3550=CARTESIAN_POINT('',(-5.99999999999998,27.1354626519124,20.));
#3551=CARTESIAN_POINT('',(-20.5,18.7638837486628,20.));
#3552=VECTOR('',#3553,1.);
#3553=DIRECTION('',(0.866025403784439,0.499999999999999,0.));
#3554=CARTESIAN_POINT('',(-5.99999999999997,43.8786204584115,20.));
#3555=CARTESIAN_POINT('',(-5.99999999999998,27.1354626519124,20.));
#3556=VECTOR('',#3557,1.);
#3557=DIRECTION('',(6.36566958251111E-16,1.,0.));
#3558=CARTESIAN_POINT('',(-20.5,52.2501993616611,20.));
#3559=CARTESIAN_POINT('',(-5.99999999999997,43.8786204584115,20.));
#3560=VECTOR('',#3561,1.);
#3561=DIRECTION('',(-0.866025403784438,0.500000000000001,0.));
#3562=CARTESIAN_POINT('',(-35.,43.8786204584116,20.));
#3563=CARTESIAN_POINT('',(-20.5,52.2501993616611,20.));
#3564=VECTOR('',#3565,1.);
#3565=DIRECTION('',(-0.866025403784439,-0.499999999999999,0.));
#3566=CARTESIAN_POINT('',(-35.,43.8786204584116,20.));
#3567=VECTOR('',#3568,1.);
#3568=DIRECTION('',(-1.27313391650222E-15,-1.,0.));
#3569=CARTESIAN_POINT('',(-27.25,47.1983845062519,20.));
#3570=AXIS2_PLACEMENT_3D('',#3571,#3572,#3573);
#3571=CARTESIAN_POINT('',(-20.5,35.507041555162,20.));
#3572=DIRECTION('',(0.,0.,1.));
#3573=DIRECTION('',(-0.499999999999999,0.866025403784439,0.));
#3574=CARTESIAN_POINT('',(6.00000000000002,43.8786204584116,20.));
#3575=CARTESIAN_POINT('',(6.00000000000001,27.1354626519124,20.));
#3576=CARTESIAN_POINT('',(6.00000000000002,43.8786204584116,20.));
#3577=VECTOR('',#3578,1.);
#3578=DIRECTION('',(-4.77425218688333E-16,-1.,0.));
#3579=CARTESIAN_POINT('',(20.5,18.7638837486628,20.));
#3580=CARTESIAN_POINT('',(6.00000000000001,27.1354626519124,20.));
#3581=VECTOR('',#3582,1.);
#3582=DIRECTION('',(0.866025403784438,-0.500000000000001,0.));
#3583=CARTESIAN_POINT('',(35.,27.1354626519124,20.));
#3584=CARTESIAN_POINT('',(20.5,18.7638837486628,20.));
#3585=VECTOR('',#3586,1.);
#3586=DIRECTION('',(0.866025403784439,0.5,0.));
#3587=CARTESIAN_POINT('',(35.,43.8786204584115,20.));
#3588=CARTESIAN_POINT('',(35.,27.1354626519124,20.));
#3589=VECTOR('',#3590,1.);
#3590=DIRECTION('',(8.48755944334815E-16,1.,0.));
#3591=CARTESIAN_POINT('',(20.5,52.2501993616611,20.));
#3592=CARTESIAN_POINT('',(35.,43.8786204584115,20.));
#3593=VECTOR('',#3594,1.);
#3594=DIRECTION('',(-0.866025403784438,0.500000000000001,0.));
#3595=CARTESIAN_POINT('',(20.5,52.2501993616611,20.));
#3596=VECTOR('',#3597,1.);
#3597=DIRECTION('',(-0.866025403784439,-0.499999999999999,0.));
#3598=CARTESIAN_POINT('',(27.25,47.1983845062519,20.));
#3599=AXIS2_PLACEMENT_3D('',#3600,#3601,#3602);
#3600=CARTESIAN_POINT('',(20.5,35.507041555162,20.));
#3601=DIRECTION('',(0.,0.,1.));
#3602=DIRECTION('',(0.500000000000001,0.866025403784438,0.));
#3603=CARTESIAN_POINT('',(41.,16.7431578064991,20.));
#3604=CARTESIAN_POINT('',(26.5,8.37157890324957,20.));
#3605=CARTESIAN_POINT('',(41.,16.7431578064992,20.));
#3606=VECTOR('',#3607,1.);
#3607=DIRECTION('',(-0.866025403784439,-0.5,0.));
#3608=CARTESIAN_POINT('',(26.5,-8.37157890324957,20.));
#3609=CARTESIAN_POINT('',(26.5,8.37157890324957,20.));
#3610=VECTOR('',#3611,1.);
#3611=DIRECTION('',(0.,-1.,0.));
#3612=CARTESIAN_POINT('',(41.,-16.7431578064991,20.));
#3613=CARTESIAN_POINT('',(26.5,-8.37157890324957,20.));
#3614=VECTOR('',#3615,1.);
#3615=DIRECTION('',(0.866025403784439,-0.5,0.));
#3616=CARTESIAN_POINT('',(55.5,-8.37157890324958,20.));
#3617=CARTESIAN_POINT('',(41.,-16.7431578064991,20.));
#3618=VECTOR('',#3619,1.);
#3619=DIRECTION('',(0.866025403784439,0.499999999999999,0.));
#3620=CARTESIAN_POINT('',(55.5,8.37157890324958,20.));
#3621=CARTESIAN_POINT('',(55.5,-8.37157890324958,20.));
#3622=VECTOR('',#3623,1.);
#3623=DIRECTION('',(0.,1.,0.));
#3624=CARTESIAN_POINT('',(55.5,8.37157890324958,20.));
#3625=VECTOR('',#3626,1.);
#3626=DIRECTION('',(-0.866025403784439,0.5,0.));
#3627=CARTESIAN_POINT('',(54.5,-1.65327317884893E-15,20.));
#3628=AXIS2_PLACEMENT_3D('',#3629,#3630,#3631);
#3629=CARTESIAN_POINT('',(41.,0.,20.));
#3630=DIRECTION('',(0.,0.,1.));
#3631=DIRECTION('',(1.,0.,0.));
#3632=CARTESIAN_POINT('',(35.,-27.1354626519124,20.));
#3633=CARTESIAN_POINT('',(20.5,-18.7638837486628,20.));
#3634=CARTESIAN_POINT('',(35.,-27.1354626519124,20.));
#3635=VECTOR('',#3636,1.);
#3636=DIRECTION('',(-0.866025403784439,0.5,0.));
#3637=CARTESIAN_POINT('',(5.99999999999999,-27.1354626519124,20.));
#3638=CARTESIAN_POINT('',(20.5,-18.7638837486628,20.));
#3639=VECTOR('',#3640,1.);
#3640=DIRECTION('',(-0.866025403784439,-0.5,0.));
#3641=CARTESIAN_POINT('',(5.99999999999999,-43.8786204584115,20.));
#3642=CARTESIAN_POINT('',(5.99999999999999,-27.1354626519124,20.));
#3643=VECTOR('',#3644,1.);
#3644=DIRECTION('',(-2.6523623260463E-16,-1.,0.));
#3645=CARTESIAN_POINT('',(20.5,-52.2501993616611,20.));
#3646=CARTESIAN_POINT('',(5.99999999999999,-43.8786204584116,20.));
#3647=VECTOR('',#3648,1.);
#3648=DIRECTION('',(0.866025403784438,-0.500000000000001,0.));
#3649=CARTESIAN_POINT('',(35.,-43.8786204584116,20.));
#3650=CARTESIAN_POINT('',(20.5,-52.2501993616611,20.));
#3651=VECTOR('',#3652,1.);
#3652=DIRECTION('',(0.866025403784439,0.5,0.));
#3653=CARTESIAN_POINT('',(35.,-43.8786204584116,20.));
#3654=VECTOR('',#3655,1.);
#3655=DIRECTION('',(8.48755944334814E-16,1.,0.));
#3656=CARTESIAN_POINT('',(27.25,-47.1983845062519,20.));
#3657=AXIS2_PLACEMENT_3D('',#3658,#3659,#3660);
#3658=CARTESIAN_POINT('',(20.5,-35.507041555162,20.));
#3659=DIRECTION('',(0.,0.,1.));
#3660=DIRECTION('',(0.5,-0.866025403784439,0.));
#3661=CARTESIAN_POINT('',(-6.00000000000001,-43.8786204584116,20.));
#3662=CARTESIAN_POINT('',(-6.,-27.1354626519124,20.));
#3663=CARTESIAN_POINT('',(-6.00000000000001,-43.8786204584116,20.));
#3664=VECTOR('',#3665,1.);
#3665=DIRECTION('',(0.,1.,0.));
#3666=CARTESIAN_POINT('',(-20.5,-18.7638837486628,20.));
#3667=CARTESIAN_POINT('',(-6.,-27.1354626519124,20.));
#3668=VECTOR('',#3669,1.);
#3669=DIRECTION('',(-0.866025403784439,0.5,0.));
#3670=CARTESIAN_POINT('',(-35.,-27.1354626519124,20.));
#3671=CARTESIAN_POINT('',(-20.5,-18.7638837486628,20.));
#3672=VECTOR('',#3673,1.);
#3673=DIRECTION('',(-0.866025403784439,-0.5,0.));
#3674=CARTESIAN_POINT('',(-35.,-43.8786204584116,20.));
#3675=CARTESIAN_POINT('',(-35.,-27.1354626519124,20.));
#3676=VECTOR('',#3677,1.);
#3677=DIRECTION('',(-4.24377972167407E-16,-1.,0.));
#3678=CARTESIAN_POINT('',(-20.5,-52.2501993616611,20.));
#3679=CARTESIAN_POINT('',(-35.,-43.8786204584116,20.));
#3680=VECTOR('',#3681,1.);
#3681=DIRECTION('',(0.866025403784439,-0.5,0.));
#3682=CARTESIAN_POINT('',(-20.5,-52.2501993616611,20.));
#3683=VECTOR('',#3684,1.);
#3684=DIRECTION('',(0.866025403784439,0.499999999999999,0.));
#3685=CARTESIAN_POINT('',(-27.25,-47.1983845062519,20.));
#3686=AXIS2_PLACEMENT_3D('',#3687,#3688,#3689);
#3687=CARTESIAN_POINT('',(-20.5,-35.507041555162,20.));
#3688=DIRECTION('',(0.,0.,1.));
#3689=DIRECTION('',(-0.5,-0.866025403784439,0.));
#3690=CARTESIAN_POINT('',(-26.75,46.3323591024675,19.));
#3691=AXIS2_PLACEMENT_3D('',#3692,#3693,#3694);
#3692=CARTESIAN_POINT('',(-20.5,35.507041555162,19.));
#3693=DIRECTION('',(0.,0.,1.));
#3694=DIRECTION('',(-0.499999999999999,0.866025403784439,0.));
#3695=CARTESIAN_POINT('',(-26.75,46.3323591024675,2.));
#3696=AXIS2_PLACEMENT_3D('',#3697,#3698,#3699);
#3697=CARTESIAN_POINT('',(-20.5,35.507041555162,2.));
#3698=DIRECTION('',(0.,0.,1.));
#3699=DIRECTION('',(-0.499999999999999,0.866025403784439,0.));
#3700=CARTESIAN_POINT('',(26.75,46.3323591024674,19.));
#3701=AXIS2_PLACEMENT_3D('',#3702,#3703,#3704);
#3702=CARTESIAN_POINT('',(20.5,35.507041555162,19.));
#3703=DIRECTION('',(0.,0.,1.));
#3704=DIRECTION('',(0.5,0.866025403784438,0.));
#3705=CARTESIAN_POINT('',(26.75,46.3323591024675,2.));
#3706=AXIS2_PLACEMENT_3D('',#3707,#3708,#3709);
#3707=CARTESIAN_POINT('',(20.5,35.507041555162,2.));
#3708=DIRECTION('',(0.,0.,1.));
#3709=DIRECTION('',(0.500000000000001,0.866025403784438,0.));
#3710=CARTESIAN_POINT('',(53.5,-1.53080849893419E-15,19.));
#3711=AXIS2_PLACEMENT_3D('',#3712,#3713,#3714);
#3712=CARTESIAN_POINT('',(41.,0.,19.));
#3713=DIRECTION('',(0.,0.,1.));
#3714=DIRECTION('',(1.,0.,0.));
#3715=CARTESIAN_POINT('',(53.5,0.,2.));
#3716=AXIS2_PLACEMENT_3D('',#3717,#3718,#3719);
#3717=CARTESIAN_POINT('',(41.,0.,2.));
#3718=DIRECTION('',(0.,0.,1.));
#3719=DIRECTION('',(1.,0.,0.));
#3720=CARTESIAN_POINT('',(26.75,-46.3323591024675,19.));
#3721=AXIS2_PLACEMENT_3D('',#3722,#3723,#3724);
#3722=CARTESIAN_POINT('',(20.5,-35.507041555162,19.));
#3723=DIRECTION('',(0.,0.,1.));
#3724=DIRECTION('',(0.5,-0.866025403784439,0.));
#3725=CARTESIAN_POINT('',(26.75,-46.3323591024675,2.));
#3726=AXIS2_PLACEMENT_3D('',#3727,#3728,#3729);
#3727=CARTESIAN_POINT('',(20.5,-35.507041555162,2.));
#3728=DIRECTION('',(0.,0.,1.));
#3729=DIRECTION('',(0.5,-0.866025403784439,0.));
#3730=CARTESIAN_POINT('',(-26.75,-46.3323591024675,19.));
#3731=AXIS2_PLACEMENT_3D('',#3732,#3733,#3734);
#3732=CARTESIAN_POINT('',(-20.5,-35.507041555162,19.));
#3733=DIRECTION('',(0.,0.,1.));
#3734=DIRECTION('',(-0.5,-0.866025403784439,0.));
#3735=CARTESIAN_POINT('',(-26.75,-46.3323591024675,2.));
#3736=AXIS2_PLACEMENT_3D('',#3737,#3738,#3739);
#3737=CARTESIAN_POINT('',(-20.5,-35.507041555162,2.));
#3738=DIRECTION('',(0.,0.,1.));
#3739=DIRECTION('',(-0.5,-0.866025403784439,0.));
#3740=CARTESIAN_POINT('',(-20.5,17.6091832102836,7.));
#3741=CARTESIAN_POINT('',(-32.,24.2487113059643,6.99999999999999));
#3742=CARTESIAN_POINT('',(-20.5,17.6091832102836,7.));
#3743=VECTOR('',#3744,1.);
#3744=DIRECTION('',(-0.866025403784438,0.500000000000001,0.));
#3745=CARTESIAN_POINT('',(-20.5,17.6091832102836,19.));
#3746=CARTESIAN_POINT('',(-20.5,17.6091832102836,7.));
#3747=VECTOR('',#3748,1.);
#3748=DIRECTION('',(0.,0.,1.));
#3749=CARTESIAN_POINT('',(-36.,26.5581123827228,19.));
#3750=CARTESIAN_POINT('',(-36.,26.5581123827228,19.));
#3751=VECTOR('',#3752,1.);
#3752=DIRECTION('',(0.866025403784438,-0.500000000000001,0.));
#3753=CARTESIAN_POINT('',(-36.,26.5581123827228,3.));
#3754=CARTESIAN_POINT('',(-36.,26.5581123827228,3.));
#3755=VECTOR('',#3756,1.);
#3756=DIRECTION('',(-4.44089209850063E-16,4.44089209850063E-16,1.));
#3757=CARTESIAN_POINT('',(-36.,26.5581123827228,3.));
#3758=VECTOR('',#3759,1.);
#3759=DIRECTION('',(0.654653670707981,-0.377964473009227,0.654653670707974));
#3760=CARTESIAN_POINT('',(-4.99999999999998,26.5581123827228,7.));
#3761=CARTESIAN_POINT('',(-4.99999999999998,26.5581123827228,7.));
#3762=VECTOR('',#3763,1.);
#3763=DIRECTION('',(-0.866025403784439,-0.499999999999999,0.));
#3764=CARTESIAN_POINT('',(-4.99999999999998,26.5581123827228,19.));
#3765=CARTESIAN_POINT('',(-4.99999999999998,26.5581123827228,7.));
#3766=VECTOR('',#3767,1.);
#3767=DIRECTION('',(0.,0.,1.));
#3768=CARTESIAN_POINT('',(-20.5,17.6091832102836,19.));
#3769=VECTOR('',#3770,1.);
#3770=DIRECTION('',(0.866025403784439,0.499999999999999,0.));
#3771=CARTESIAN_POINT('',(-4.99999999999997,39.8371685740842,6.99999999999999));
#3772=CARTESIAN_POINT('',(-4.99999999999997,39.8371685740842,7.));
#3773=VECTOR('',#3774,1.);
#3774=DIRECTION('',(-6.68856586568196E-16,-1.,0.));
#3775=CARTESIAN_POINT('',(-4.99999999999997,44.4559707276012,3.));
#3776=CARTESIAN_POINT('',(-4.99999999999997,44.4559707276012,3.));
#3777=VECTOR('',#3778,1.);
#3778=DIRECTION('',(-1.1628985254006E-15,-0.755928946018454,0.654653670707977));
#3779=CARTESIAN_POINT('',(-4.99999999999997,44.4559707276012,19.));
#3780=CARTESIAN_POINT('',(-4.99999999999997,44.4559707276012,3.));
#3781=VECTOR('',#3782,1.);
#3782=DIRECTION('',(-1.11022302462516E-16,0.,1.));
#3783=CARTESIAN_POINT('',(-4.99999999999998,26.5581123827228,19.));
#3784=VECTOR('',#3785,1.);
#3785=DIRECTION('',(6.45122965754486E-16,1.,0.));
#3786=CARTESIAN_POINT('',(-4.99999999999997,44.4559707276012,1.));
#3787=CARTESIAN_POINT('',(-20.5,53.4048999000404,1.));
#3788=CARTESIAN_POINT('',(-4.99999999999997,44.4559707276012,1.));
#3789=VECTOR('',#3790,1.);
#3790=DIRECTION('',(-0.866025403784438,0.500000000000001,0.));
#3791=CARTESIAN_POINT('',(-20.5,53.4048999000404,19.));
#3792=CARTESIAN_POINT('',(-20.5,53.4048999000404,1.));
#3793=VECTOR('',#3794,1.);
#3794=DIRECTION('',(0.,0.,1.));
#3795=CARTESIAN_POINT('',(-4.99999999999997,44.4559707276012,19.));
#3796=VECTOR('',#3797,1.);
#3797=DIRECTION('',(-0.866025403784438,0.500000000000001,0.));
#3798=CARTESIAN_POINT('',(-4.99999999999997,44.4559707276012,1.));
#3799=VECTOR('',#3800,1.);
#3800=DIRECTION('',(0.,0.,1.));
#3801=CARTESIAN_POINT('',(-36.,44.4559707276012,1.));
#3802=CARTESIAN_POINT('',(-20.5,53.4048999000404,1.));
#3803=VECTOR('',#3804,1.);
#3804=DIRECTION('',(-0.866025403784439,-0.499999999999999,0.));
#3805=CARTESIAN_POINT('',(-36.,44.4559707276012,19.));
#3806=CARTESIAN_POINT('',(-36.,44.4559707276012,1.));
#3807=VECTOR('',#3808,1.);
#3808=DIRECTION('',(0.,0.,1.));
#3809=CARTESIAN_POINT('',(-20.5,53.4048999000404,19.));
#3810=VECTOR('',#3811,1.);
#3811=DIRECTION('',(-0.866025403784439,-0.499999999999999,0.));
#3812=CARTESIAN_POINT('',(-36.,26.5581123827228,1.));
#3813=CARTESIAN_POINT('',(-36.,44.4559707276012,1.));
#3814=VECTOR('',#3815,1.);
#3815=DIRECTION('',(-7.93997496313213E-16,-1.,0.));
#3816=CARTESIAN_POINT('',(-36.,26.5581123827228,3.));
#3817=VECTOR('',#3818,1.);
#3818=DIRECTION('',(0.,0.,-1.));
#3819=CARTESIAN_POINT('',(-36.,44.4559707276012,19.));
#3820=VECTOR('',#3821,1.);
#3821=DIRECTION('',(-7.93997496313213E-16,-1.,0.));
#3822=CARTESIAN_POINT('',(5.00000000000001,26.5581123827228,7.));
#3823=CARTESIAN_POINT('',(5.00000000000002,39.8371685740841,6.99999999999999));
#3824=CARTESIAN_POINT('',(5.00000000000001,26.5581123827228,7.));
#3825=VECTOR('',#3826,1.);
#3826=DIRECTION('',(4.68199610597739E-16,1.,0.));
#3827=CARTESIAN_POINT('',(5.00000000000001,26.5581123827228,19.));
#3828=CARTESIAN_POINT('',(5.00000000000001,26.5581123827228,7.));
#3829=VECTOR('',#3830,1.);
#3830=DIRECTION('',(0.,0.,1.));
#3831=CARTESIAN_POINT('',(5.00000000000002,44.4559707276012,19.));
#3832=CARTESIAN_POINT('',(5.00000000000002,44.4559707276012,19.));
#3833=VECTOR('',#3834,1.);
#3834=DIRECTION('',(-4.96248435195758E-16,-1.,0.));
#3835=CARTESIAN_POINT('',(5.00000000000002,44.4559707276012,3.));
#3836=CARTESIAN_POINT('',(5.00000000000002,44.4559707276012,3.));
#3837=VECTOR('',#3838,1.);
#3838=DIRECTION('',(1.66533453693773E-16,4.44089209850063E-16,1.));
#3839=CARTESIAN_POINT('',(5.00000000000002,44.4559707276012,3.));
#3840=VECTOR('',#3841,1.);
#3841=DIRECTION('',(5.81449262700296E-16,-0.755928946018458,0.654653670707973));
#3842=CARTESIAN_POINT('',(20.5,17.6091832102836,7.));
#3843=CARTESIAN_POINT('',(20.5,17.6091832102836,7.));
#3844=VECTOR('',#3845,1.);
#3845=DIRECTION('',(-0.866025403784438,0.5,0.));
#3846=CARTESIAN_POINT('',(20.5,17.6091832102836,19.));
#3847=CARTESIAN_POINT('',(20.5,17.6091832102836,7.));
#3848=VECTOR('',#3849,1.);
#3849=DIRECTION('',(0.,0.,1.));
#3850=CARTESIAN_POINT('',(5.00000000000001,26.5581123827228,19.));
#3851=VECTOR('',#3852,1.);
#3852=DIRECTION('',(0.866025403784438,-0.5,0.));
#3853=CARTESIAN_POINT('',(32.,24.2487113059643,6.99999999999999));
#3854=CARTESIAN_POINT('',(32.,24.2487113059643,7.));
#3855=VECTOR('',#3856,1.);
#3856=DIRECTION('',(-0.866025403784439,-0.5,-6.68856586568197E-17));
#3857=CARTESIAN_POINT('',(36.,26.5581123827228,3.));
#3858=CARTESIAN_POINT('',(36.,26.5581123827228,3.));
#3859=VECTOR('',#3860,1.);
#3860=DIRECTION('',(-0.65465367070798,-0.377964473009226,0.654653670707975));
#3861=CARTESIAN_POINT('',(36.,26.5581123827228,19.));
#3862=CARTESIAN_POINT('',(36.,26.5581123827228,3.));
#3863=VECTOR('',#3864,1.);
#3864=DIRECTION('',(0.,4.44089209850063E-16,1.));
#3865=CARTESIAN_POINT('',(20.5,17.6091832102836,19.));
#3866=VECTOR('',#3867,1.);
#3867=DIRECTION('',(0.866025403784439,0.499999999999999,0.));
#3868=CARTESIAN_POINT('',(36.,26.5581123827228,1.));
#3869=CARTESIAN_POINT('',(36.,44.4559707276012,1.));
#3870=CARTESIAN_POINT('',(36.,26.5581123827228,1.));
#3871=VECTOR('',#3872,1.);
#3872=DIRECTION('',(7.93997496313213E-16,1.,6.20310543994697E-18));
#3873=CARTESIAN_POINT('',(36.,44.4559707276012,19.));
#3874=CARTESIAN_POINT('',(36.,44.4559707276012,1.));
#3875=VECTOR('',#3876,1.);
#3876=DIRECTION('',(0.,0.,1.));
#3877=CARTESIAN_POINT('',(36.,26.5581123827228,19.));
#3878=VECTOR('',#3879,1.);
#3879=DIRECTION('',(7.93997496313214E-16,1.,0.));
#3880=CARTESIAN_POINT('',(36.,26.5581123827228,1.));
#3881=VECTOR('',#3882,1.);
#3882=DIRECTION('',(0.,0.,1.));
#3883=CARTESIAN_POINT('',(20.5,53.4048999000404,1.));
#3884=CARTESIAN_POINT('',(36.,44.4559707276012,1.));
#3885=VECTOR('',#3886,1.);
#3886=DIRECTION('',(-0.866025403784438,0.5,-1.2406210879894E-17));
#3887=CARTESIAN_POINT('',(20.5,53.4048999000404,19.));
#3888=CARTESIAN_POINT('',(20.5,53.4048999000404,1.));
#3889=VECTOR('',#3890,1.);
#3890=DIRECTION('',(0.,0.,1.));
#3891=CARTESIAN_POINT('',(36.,44.4559707276012,19.));
#3892=VECTOR('',#3893,1.);
#3893=DIRECTION('',(-0.866025403784438,0.5,0.));
#3894=CARTESIAN_POINT('',(5.00000000000001,44.4559707276012,1.));
#3895=CARTESIAN_POINT('',(20.5,53.4048999000404,1.));
#3896=VECTOR('',#3897,1.);
#3897=DIRECTION('',(-0.866025403784439,-0.499999999999999,6.20310543994698E-18));
#3898=CARTESIAN_POINT('',(5.00000000000001,44.4559707276012,3.));
#3899=VECTOR('',#3900,1.);
#3900=DIRECTION('',(0.,0.,-1.));
#3901=CARTESIAN_POINT('',(20.5,53.4048999000404,19.));
#3902=VECTOR('',#3903,1.);
#3903=DIRECTION('',(-0.866025403784439,-0.499999999999999,-1.98499374078303E-16));
#3904=CARTESIAN_POINT('',(25.5,8.9489291724392,7.));
#3905=CARTESIAN_POINT('',(37.,15.5884572681199,7.));
#3906=CARTESIAN_POINT('',(25.5,8.9489291724392,7.));
#3907=VECTOR('',#3908,1.);
#3908=DIRECTION('',(0.866025403784439,0.5,0.));
#3909=CARTESIAN_POINT('',(25.5,8.9489291724392,19.));
#3910=CARTESIAN_POINT('',(25.5,8.9489291724392,7.));
#3911=VECTOR('',#3912,1.);
#3912=DIRECTION('',(0.,0.,1.));
#3913=CARTESIAN_POINT('',(41.,17.8978583448784,19.));
#3914=CARTESIAN_POINT('',(41.,17.8978583448784,19.));
#3915=VECTOR('',#3916,1.);
#3916=DIRECTION('',(-0.866025403784439,-0.5,0.));
#3917=CARTESIAN_POINT('',(41.,17.8978583448784,3.));
#3918=CARTESIAN_POINT('',(41.,17.8978583448784,3.));
#3919=VECTOR('',#3920,1.);
#3920=DIRECTION('',(4.44089209850063E-16,0.,1.));
#3921=CARTESIAN_POINT('',(41.,17.8978583448784,3.));
#3922=VECTOR('',#3923,1.);
#3923=DIRECTION('',(-0.654653670707977,-0.377964473009229,0.654653670707977));
#3924=CARTESIAN_POINT('',(25.5,-8.9489291724392,7.));
#3925=CARTESIAN_POINT('',(25.5,-8.9489291724392,7.));
#3926=VECTOR('',#3927,1.);
#3927=DIRECTION('',(-1.98499374078303E-16,1.,0.));
#3928=CARTESIAN_POINT('',(25.5,-8.9489291724392,19.));
#3929=CARTESIAN_POINT('',(25.5,-8.9489291724392,7.));
#3930=VECTOR('',#3931,1.);
#3931=DIRECTION('',(0.,0.,1.));
#3932=CARTESIAN_POINT('',(25.5,8.9489291724392,19.));
#3933=VECTOR('',#3934,1.);
#3934=DIRECTION('',(1.98499374078303E-16,-1.,0.));
#3935=CARTESIAN_POINT('',(37.,-15.5884572681199,7.));
#3936=CARTESIAN_POINT('',(37.,-15.5884572681199,7.));
#3937=VECTOR('',#3938,1.);
#3938=DIRECTION('',(-0.866025403784439,0.5,-6.68856586568198E-17));
#3939=CARTESIAN_POINT('',(41.,-17.8978583448784,3.));
#3940=CARTESIAN_POINT('',(41.,-17.8978583448784,3.));
#3941=VECTOR('',#3942,1.);
#3942=DIRECTION('',(-0.654653670707979,0.377964473009229,0.654653670707974));
#3943=CARTESIAN_POINT('',(41.,-17.8978583448784,19.));
#3944=CARTESIAN_POINT('',(41.,-17.8978583448784,3.));
#3945=VECTOR('',#3946,1.);
#3946=DIRECTION('',(4.44089209850063E-16,4.44089209850063E-16,1.));
#3947=CARTESIAN_POINT('',(25.5,-8.9489291724392,19.));
#3948=VECTOR('',#3949,1.);
#3949=DIRECTION('',(0.866025403784439,-0.5,0.));
#3950=CARTESIAN_POINT('',(41.,-17.8978583448784,1.));
#3951=CARTESIAN_POINT('',(56.5,-8.9489291724392,1.));
#3952=CARTESIAN_POINT('',(41.,-17.8978583448784,1.));
#3953=VECTOR('',#3954,1.);
#3954=DIRECTION('',(0.866025403784439,0.5,6.20310543994697E-18));
#3955=CARTESIAN_POINT('',(56.5,-8.9489291724392,19.));
#3956=CARTESIAN_POINT('',(56.5,-8.9489291724392,1.));
#3957=VECTOR('',#3958,1.);
#3958=DIRECTION('',(0.,0.,1.));
#3959=CARTESIAN_POINT('',(41.,-17.8978583448784,19.));
#3960=VECTOR('',#3961,1.);
#3961=DIRECTION('',(0.866025403784439,0.5,0.));
#3962=CARTESIAN_POINT('',(41.,-17.8978583448784,1.));
#3963=VECTOR('',#3964,1.);
#3964=DIRECTION('',(0.,0.,1.));
#3965=CARTESIAN_POINT('',(56.5,8.9489291724392,1.));
#3966=CARTESIAN_POINT('',(56.5,-8.9489291724392,1.));
#3967=VECTOR('',#3968,1.);
#3968=DIRECTION('',(0.,1.,0.));
#3969=CARTESIAN_POINT('',(56.5,8.9489291724392,19.));
#3970=CARTESIAN_POINT('',(56.5,8.9489291724392,1.));
#3971=VECTOR('',#3972,1.);
#3972=DIRECTION('',(0.,0.,1.));
#3973=CARTESIAN_POINT('',(56.5,-8.9489291724392,19.));
#3974=VECTOR('',#3975,1.);
#3975=DIRECTION('',(0.,1.,0.));
#3976=CARTESIAN_POINT('',(41.,17.8978583448784,1.));
#3977=CARTESIAN_POINT('',(56.5,8.9489291724392,1.));
#3978=VECTOR('',#3979,1.);
#3979=DIRECTION('',(-0.866025403784439,0.5,0.));
#3980=CARTESIAN_POINT('',(41.,17.8978583448784,3.));
#3981=VECTOR('',#3982,1.);
#3982=DIRECTION('',(0.,0.,-1.));
#3983=CARTESIAN_POINT('',(56.5,8.9489291724392,19.));
#3984=VECTOR('',#3985,1.);
#3985=DIRECTION('',(-0.866025403784439,0.5,0.));
#3986=CARTESIAN_POINT('',(20.5,-17.6091832102836,7.));
#3987=CARTESIAN_POINT('',(32.,-24.2487113059643,6.99999999999999));
#3988=CARTESIAN_POINT('',(20.5,-17.6091832102836,7.));
#3989=VECTOR('',#3990,1.);
#3990=DIRECTION('',(0.866025403784439,-0.5,0.));
#3991=CARTESIAN_POINT('',(20.5,-17.6091832102836,19.));
#3992=CARTESIAN_POINT('',(20.5,-17.6091832102836,7.));
#3993=VECTOR('',#3994,1.);
#3994=DIRECTION('',(0.,0.,1.));
#3995=CARTESIAN_POINT('',(36.,-26.5581123827228,19.));
#3996=CARTESIAN_POINT('',(36.,-26.5581123827228,19.));
#3997=VECTOR('',#3998,1.);
#3998=DIRECTION('',(-0.866025403784439,0.5,0.));
#3999=CARTESIAN_POINT('',(36.,-26.5581123827228,3.));
#4000=CARTESIAN_POINT('',(36.,-26.5581123827228,3.));
#4001=VECTOR('',#4002,1.);
#4002=DIRECTION('',(0.,4.44089209850063E-16,1.));
#4003=CARTESIAN_POINT('',(36.,-26.5581123827228,3.));
#4004=VECTOR('',#4005,1.);
#4005=DIRECTION('',(-0.654653670707979,0.377964473009228,0.654653670707975));
#4006=CARTESIAN_POINT('',(4.99999999999999,-26.5581123827228,7.));
#4007=CARTESIAN_POINT('',(4.99999999999999,-26.5581123827228,7.));
#4008=VECTOR('',#4009,1.);
#4009=DIRECTION('',(0.866025403784439,0.5,0.));
#4010=CARTESIAN_POINT('',(4.99999999999999,-26.5581123827228,19.));
#4011=CARTESIAN_POINT('',(4.99999999999999,-26.5581123827228,7.));
#4012=VECTOR('',#4013,1.);
#4013=DIRECTION('',(0.,0.,1.));
#4014=CARTESIAN_POINT('',(20.5,-17.6091832102836,19.));
#4015=VECTOR('',#4016,1.);
#4016=DIRECTION('',(-0.866025403784439,-0.5,0.));
#4017=CARTESIAN_POINT('',(4.99999999999999,-39.8371685740842,7.));
#4018=CARTESIAN_POINT('',(4.99999999999999,-39.8371685740842,7.));
#4019=VECTOR('',#4020,1.);
#4020=DIRECTION('',(2.00656975970459E-16,1.,0.));
#4021=CARTESIAN_POINT('',(4.99999999999999,-44.4559707276012,3.));
#4022=CARTESIAN_POINT('',(4.99999999999999,-44.4559707276012,3.));
#4023=VECTOR('',#4024,1.);
#4024=DIRECTION('',(7.26811578375372E-16,0.755928946018453,0.654653670707979));
#4025=CARTESIAN_POINT('',(4.99999999999999,-44.4559707276012,19.));
#4026=CARTESIAN_POINT('',(4.99999999999999,-44.4559707276012,3.));
#4027=VECTOR('',#4028,1.);
#4028=DIRECTION('',(0.,0.,1.));
#4029=CARTESIAN_POINT('',(4.99999999999999,-26.5581123827228,19.));
#4030=VECTOR('',#4031,1.);
#4031=DIRECTION('',(-1.98499374078303E-16,-1.,0.));
#4032=CARTESIAN_POINT('',(4.99999999999999,-44.4559707276012,1.));
#4033=CARTESIAN_POINT('',(20.5,-53.4048999000404,1.));
#4034=CARTESIAN_POINT('',(4.99999999999999,-44.4559707276012,1.));
#4035=VECTOR('',#4036,1.);
#4036=DIRECTION('',(0.866025403784438,-0.500000000000001,-1.2406210879894E-17));
#4037=CARTESIAN_POINT('',(20.5,-53.4048999000404,19.));
#4038=CARTESIAN_POINT('',(20.5,-53.4048999000404,1.));
#4039=VECTOR('',#4040,1.);
#4040=DIRECTION('',(0.,0.,1.));
#4041=CARTESIAN_POINT('',(4.99999999999999,-44.4559707276012,19.));
#4042=VECTOR('',#4043,1.);
#4043=DIRECTION('',(0.866025403784438,-0.5,0.));
#4044=CARTESIAN_POINT('',(4.99999999999999,-44.4559707276012,1.));
#4045=VECTOR('',#4046,1.);
#4046=DIRECTION('',(0.,0.,1.));
#4047=CARTESIAN_POINT('',(36.,-44.4559707276012,1.));
#4048=CARTESIAN_POINT('',(20.5,-53.4048999000404,1.));
#4049=VECTOR('',#4050,1.);
#4050=DIRECTION('',(0.866025403784439,0.5,1.2406210879894E-17));
#4051=CARTESIAN_POINT('',(36.,-44.4559707276012,19.));
#4052=CARTESIAN_POINT('',(36.,-44.4559707276012,1.));
#4053=VECTOR('',#4054,1.);
#4054=DIRECTION('',(0.,0.,1.));
#4055=CARTESIAN_POINT('',(20.5,-53.4048999000404,19.));
#4056=VECTOR('',#4057,1.);
#4057=DIRECTION('',(0.866025403784439,0.5,0.));
#4058=CARTESIAN_POINT('',(36.,-26.5581123827228,1.));
#4059=CARTESIAN_POINT('',(36.,-44.4559707276012,1.));
#4060=VECTOR('',#4061,1.);
#4061=DIRECTION('',(3.96998748156607E-16,1.,0.));
#4062=CARTESIAN_POINT('',(36.,-26.5581123827228,3.));
#4063=VECTOR('',#4064,1.);
#4064=DIRECTION('',(0.,0.,-1.));
#4065=CARTESIAN_POINT('',(36.,-44.4559707276012,19.));
#4066=VECTOR('',#4067,1.);
#4067=DIRECTION('',(3.96998748156607E-16,1.,0.));
#4068=CARTESIAN_POINT('',(-5.,-26.5581123827228,7.));
#4069=CARTESIAN_POINT('',(-5.00000000000001,-39.8371685740842,7.));
#4070=CARTESIAN_POINT('',(-5.00000000000001,-26.5581123827228,7.));
#4071=VECTOR('',#4072,1.);
#4072=DIRECTION('',(-1.33771317313639E-16,-1.,-1.33771317313639E-16));
#4073=CARTESIAN_POINT('',(-5.00000000000001,-26.5581123827228,19.));
#4074=CARTESIAN_POINT('',(-5.00000000000001,-26.5581123827228,7.));
#4075=VECTOR('',#4076,1.);
#4076=DIRECTION('',(0.,0.,1.));
#4077=CARTESIAN_POINT('',(-5.00000000000001,-44.4559707276012,19.));
#4078=CARTESIAN_POINT('',(-5.00000000000001,-44.4559707276012,19.));
#4079=VECTOR('',#4080,1.);
#4080=DIRECTION('',(9.92496870391516E-17,1.,-1.98499374078303E-16));
#4081=CARTESIAN_POINT('',(-5.,-44.4559707276012,3.));
#4082=CARTESIAN_POINT('',(-5.,-44.4559707276012,3.));
#4083=VECTOR('',#4084,1.);
#4084=DIRECTION('',(-6.66133814775094E-16,-4.44089209850063E-16,1.));
#4085=CARTESIAN_POINT('',(-5.00000000000001,-44.4559707276012,3.));
#4086=VECTOR('',#4087,1.);
#4087=DIRECTION('',(-1.30826084107567E-15,0.755928946018455,0.654653670707977));
#4088=CARTESIAN_POINT('',(-20.5,-17.6091832102836,7.));
#4089=CARTESIAN_POINT('',(-20.5,-17.6091832102836,7.));
#4090=VECTOR('',#4091,1.);
#4091=DIRECTION('',(0.866025403784439,-0.5,0.));
#4092=CARTESIAN_POINT('',(-20.5,-17.6091832102836,19.));
#4093=CARTESIAN_POINT('',(-20.5,-17.6091832102836,7.));
#4094=VECTOR('',#4095,1.);
#4095=DIRECTION('',(0.,0.,1.));
#4096=CARTESIAN_POINT('',(-5.,-26.5581123827228,19.));
#4097=VECTOR('',#4098,1.);
#4098=DIRECTION('',(-0.866025403784438,0.5,0.));
#4099=CARTESIAN_POINT('',(-32.,-24.2487113059643,6.99999999999999));
#4100=CARTESIAN_POINT('',(-32.,-24.2487113059643,7.));
#4101=VECTOR('',#4102,1.);
#4102=DIRECTION('',(0.866025403784439,0.5,0.));
#4103=CARTESIAN_POINT('',(-36.,-26.5581123827228,3.));
#4104=CARTESIAN_POINT('',(-36.,-26.5581123827228,3.));
#4105=VECTOR('',#4106,1.);
#4106=DIRECTION('',(0.654653670707978,0.377964473009228,0.654653670707976));
#4107=CARTESIAN_POINT('',(-36.,-26.5581123827228,19.));
#4108=CARTESIAN_POINT('',(-36.,-26.5581123827228,3.));
#4109=VECTOR('',#4110,1.);
#4110=DIRECTION('',(-4.44089209850063E-16,-8.88178419700125E-16,1.));
#4111=CARTESIAN_POINT('',(-20.5,-17.6091832102836,19.));
#4112=VECTOR('',#4113,1.);
#4113=DIRECTION('',(-0.866025403784439,-0.5,0.));
#4114=CARTESIAN_POINT('',(-36.,-26.5581123827228,1.));
#4115=CARTESIAN_POINT('',(-36.,-44.4559707276012,1.));
#4116=CARTESIAN_POINT('',(-36.,-26.5581123827228,1.));
#4117=VECTOR('',#4118,1.);
#4118=DIRECTION('',(-3.96998748156606E-16,-1.,6.20310543994697E-18));
#4119=CARTESIAN_POINT('',(-36.,-44.4559707276012,19.));
#4120=CARTESIAN_POINT('',(-36.,-44.4559707276012,1.));
#4121=VECTOR('',#4122,1.);
#4122=DIRECTION('',(0.,0.,1.));
#4123=CARTESIAN_POINT('',(-36.,-26.5581123827228,19.));
#4124=VECTOR('',#4125,1.);
#4125=DIRECTION('',(-3.96998748156607E-16,-1.,0.));
#4126=CARTESIAN_POINT('',(-36.,-26.5581123827228,1.));
#4127=VECTOR('',#4128,1.);
#4128=DIRECTION('',(0.,0.,1.));
#4129=CARTESIAN_POINT('',(-20.5,-53.4048999000404,1.));
#4130=CARTESIAN_POINT('',(-36.,-44.4559707276012,1.));
#4131=VECTOR('',#4132,1.);
#4132=DIRECTION('',(0.866025403784439,-0.5,0.));
#4133=CARTESIAN_POINT('',(-20.5,-53.4048999000404,19.));
#4134=CARTESIAN_POINT('',(-20.5,-53.4048999000404,1.));
#4135=VECTOR('',#4136,1.);
#4136=DIRECTION('',(0.,0.,1.));
#4137=CARTESIAN_POINT('',(-36.,-44.4559707276012,19.));
#4138=VECTOR('',#4139,1.);
#4139=DIRECTION('',(0.866025403784439,-0.5,0.));
#4140=CARTESIAN_POINT('',(-4.99999999999999,-44.4559707276012,1.));
#4141=CARTESIAN_POINT('',(-20.5,-53.4048999000404,1.));
#4142=VECTOR('',#4143,1.);
#4143=DIRECTION('',(0.866025403784439,0.5,0.));
#4144=CARTESIAN_POINT('',(-4.99999999999999,-44.4559707276012,3.));
#4145=VECTOR('',#4146,1.);
#4146=DIRECTION('',(0.,0.,-1.));
#4147=CARTESIAN_POINT('',(-20.5,-53.4048999000404,19.));
#4148=VECTOR('',#4149,1.);
#4149=DIRECTION('',(0.866025403784439,0.499999999999999,-1.98499374078303E-16));
#4150=CARTESIAN_POINT('',(-39.,19.0525588832576,5.));
#4151=CARTESIAN_POINT('',(-23.5,10.1036297108185,5.));
#4152=CARTESIAN_POINT('',(-39.,19.0525588832576,5.));
#4153=VECTOR('',#4154,1.);
#4154=DIRECTION('',(0.866025403784439,-0.5,0.));
#4155=CARTESIAN_POINT('',(-23.5,-10.1036297108185,5.));
#4156=CARTESIAN_POINT('',(-23.5,10.1036297108185,5.));
#4157=VECTOR('',#4158,1.);
#4158=DIRECTION('',(0.,-1.,0.));
#4159=CARTESIAN_POINT('',(-39.,-19.0525588832576,5.));
#4160=CARTESIAN_POINT('',(-23.5,-10.1036297108185,5.));
#4161=VECTOR('',#4162,1.);
#4162=DIRECTION('',(-0.866025403784439,-0.5,0.));
#4163=CARTESIAN_POINT('',(-39.,-22.5166604983954,5.));
#4164=CARTESIAN_POINT('',(-39.,-19.0525588832577,5.));
#4165=VECTOR('',#4166,1.);
#4166=DIRECTION('',(0.,-1.,0.));
#4167=CARTESIAN_POINT('',(-36.,-24.2487113059643,5.));
#4168=CARTESIAN_POINT('',(-39.,-22.5166604983954,5.));
#4169=VECTOR('',#4170,1.);
#4170=DIRECTION('',(0.866025403784439,-0.499999999999999,0.));
#4171=CARTESIAN_POINT('',(-20.5,-15.2997821335251,5.));
#4172=CARTESIAN_POINT('',(-36.,-24.2487113059643,5.));
#4173=VECTOR('',#4174,1.);
#4174=DIRECTION('',(0.866025403784439,0.5,0.));
#4175=CARTESIAN_POINT('',(-3.00000000000001,-25.4034118443435,5.));
#4176=CARTESIAN_POINT('',(-20.5,-15.2997821335251,5.));
#4177=VECTOR('',#4178,1.);
#4178=DIRECTION('',(0.866025403784439,-0.5,0.));
#4179=CARTESIAN_POINT('',(-3.00000000000001,-43.3012701892219,5.));
#4180=CARTESIAN_POINT('',(-3.00000000000001,-25.4034118443435,5.));
#4181=VECTOR('',#4182,1.);
#4182=DIRECTION('',(-9.92496870391517E-17,-1.,-4.96248435195759E-17));
#4183=CARTESIAN_POINT('',(-6.19735743895882E-17,-45.0333209967908,5.));
#4184=CARTESIAN_POINT('',(-3.00000000000001,-43.3012701892219,5.));
#4185=VECTOR('',#4186,1.);
#4186=DIRECTION('',(0.866025403784438,-0.500000000000001,0.));
#4187=CARTESIAN_POINT('',(2.99999999999999,-43.3012701892219,5.));
#4188=CARTESIAN_POINT('',(8.50729209347001E-16,-45.0333209967908,5.));
#4189=VECTOR('',#4190,1.);
#4190=DIRECTION('',(0.866025403784438,0.500000000000001,0.));
#4191=CARTESIAN_POINT('',(2.99999999999999,-25.4034118443435,5.));
#4192=CARTESIAN_POINT('',(2.99999999999999,-43.3012701892219,5.));
#4193=VECTOR('',#4194,1.);
#4194=DIRECTION('',(1.98499374078303E-16,1.,0.));
#4195=CARTESIAN_POINT('',(20.5,-15.2997821335251,5.));
#4196=CARTESIAN_POINT('',(2.99999999999999,-25.4034118443435,5.));
#4197=VECTOR('',#4198,1.);
#4198=DIRECTION('',(0.866025403784439,0.5,0.));
#4199=CARTESIAN_POINT('',(36.,-24.2487113059643,5.));
#4200=CARTESIAN_POINT('',(20.5,-15.2997821335251,5.));
#4201=VECTOR('',#4202,1.);
#4202=DIRECTION('',(0.866025403784439,-0.5,0.));
#4203=CARTESIAN_POINT('',(39.,-22.5166604983954,5.));
#4204=CARTESIAN_POINT('',(36.,-24.2487113059643,5.));
#4205=VECTOR('',#4206,1.);
#4206=DIRECTION('',(0.866025403784439,0.499999999999999,0.));
#4207=CARTESIAN_POINT('',(39.,-19.0525588832576,5.));
#4208=CARTESIAN_POINT('',(39.,-22.5166604983954,5.));
#4209=VECTOR('',#4210,1.);
#4210=DIRECTION('',(0.,1.,0.));
#4211=CARTESIAN_POINT('',(23.5,-10.1036297108184,5.));
#4212=CARTESIAN_POINT('',(39.,-19.0525588832576,5.));
#4213=VECTOR('',#4214,1.);
#4214=DIRECTION('',(-0.866025403784439,0.5,0.));
#4215=CARTESIAN_POINT('',(23.5,10.1036297108185,5.));
#4216=CARTESIAN_POINT('',(23.5,-10.1036297108184,5.));
#4217=VECTOR('',#4218,1.);
#4218=DIRECTION('',(-1.75813731326497E-16,1.,0.));
#4219=CARTESIAN_POINT('',(39.,19.0525588832576,5.));
#4220=CARTESIAN_POINT('',(23.5,10.1036297108184,5.));
#4221=VECTOR('',#4222,1.);
#4222=DIRECTION('',(0.866025403784439,0.5,0.));
#4223=CARTESIAN_POINT('',(39.,22.5166604983954,4.99999999999999));
#4224=CARTESIAN_POINT('',(39.,19.0525588832576,5.));
#4225=VECTOR('',#4226,1.);
#4226=DIRECTION('',(2.05116019880915E-15,1.,0.));
#4227=CARTESIAN_POINT('',(36.,24.2487113059643,5.));
#4228=CARTESIAN_POINT('',(39.,22.5166604983954,4.99999999999999));
#4229=VECTOR('',#4230,1.);
#4230=DIRECTION('',(-0.866025403784438,0.5,0.));
#4231=CARTESIAN_POINT('',(20.5,15.2997821335251,5.));
#4232=CARTESIAN_POINT('',(36.,24.2487113059643,5.));
#4233=VECTOR('',#4234,1.);
#4234=DIRECTION('',(-0.866025403784439,-0.5,-4.96248435195759E-17));
#4235=CARTESIAN_POINT('',(3.00000000000001,25.4034118443435,5.));
#4236=CARTESIAN_POINT('',(20.5,15.2997821335251,5.));
#4237=VECTOR('',#4238,1.);
#4238=DIRECTION('',(-0.866025403784439,0.5,4.39534328316243E-17));
#4239=CARTESIAN_POINT('',(3.00000000000002,43.3012701892219,4.99999999999999));
#4240=CARTESIAN_POINT('',(3.00000000000001,25.4034118443435,5.));
#4241=VECTOR('',#4242,1.);
#4242=DIRECTION('',(4.96248435195759E-16,1.,0.));
#4243=CARTESIAN_POINT('',(1.7159408153617E-14,45.0333209967908,4.99999999999999));
#4244=CARTESIAN_POINT('',(3.00000000000002,43.3012701892219,4.99999999999999));
#4245=VECTOR('',#4246,1.);
#4246=DIRECTION('',(-0.866025403784438,0.500000000000002,0.));
#4247=CARTESIAN_POINT('',(-2.99999999999997,43.3012701892219,5.));
#4248=CARTESIAN_POINT('',(1.56360827063366E-14,45.0333209967908,5.));
#4249=VECTOR('',#4250,1.);
#4250=DIRECTION('',(-0.866025403784439,-0.5,0.));
#4251=CARTESIAN_POINT('',(-2.99999999999998,25.4034118443435,5.));
#4252=CARTESIAN_POINT('',(-2.99999999999997,43.3012701892219,5.));
#4253=VECTOR('',#4254,1.);
#4254=DIRECTION('',(-6.94747809274062E-16,-1.,0.));
#4255=CARTESIAN_POINT('',(-20.5,15.2997821335251,5.));
#4256=CARTESIAN_POINT('',(-2.99999999999998,25.4034118443435,5.));
#4257=VECTOR('',#4258,1.);
#4258=DIRECTION('',(-0.866025403784439,-0.5,0.));
#4259=CARTESIAN_POINT('',(-36.,24.2487113059643,5.));
#4260=CARTESIAN_POINT('',(-20.5,15.2997821335251,5.));
#4261=VECTOR('',#4262,1.);
#4262=DIRECTION('',(-0.866025403784438,0.5,0.));
#4263=CARTESIAN_POINT('',(-39.,22.5166604983954,5.));
#4264=CARTESIAN_POINT('',(-36.,24.2487113059643,5.));
#4265=VECTOR('',#4266,1.);
#4266=DIRECTION('',(-0.866025403784439,-0.499999999999999,0.));
#4267=CARTESIAN_POINT('',(-39.,22.5166604983954,5.));
#4268=VECTOR('',#4269,1.);
#4269=DIRECTION('',(0.,-1.,0.));
#4270=CARTESIAN_POINT('',(17.5,-10.1036297108185,5.));
#4271=CARTESIAN_POINT('',(-1.10019362447389E-14,-20.2072594216369,5.));
#4272=CARTESIAN_POINT('',(17.5,-10.1036297108185,5.));
#4273=VECTOR('',#4274,1.);
#4274=DIRECTION('',(-0.866025403784439,-0.5,0.));
#4275=CARTESIAN_POINT('',(-17.5,-10.1036297108184,5.));
#4276=CARTESIAN_POINT('',(-1.2783657234614E-14,-20.2072594216369,5.));
#4277=VECTOR('',#4278,1.);
#4278=DIRECTION('',(-0.866025403784439,0.5,0.));
#4279=CARTESIAN_POINT('',(-17.5,10.1036297108185,5.));
#4280=CARTESIAN_POINT('',(-17.5,-10.1036297108184,5.));
#4281=VECTOR('',#4282,1.);
#4282=DIRECTION('',(3.51627462652994E-16,1.,0.));
#4283=CARTESIAN_POINT('',(1.33334045964517E-14,20.2072594216369,5.));
#4284=CARTESIAN_POINT('',(-17.5,10.1036297108185,5.));
#4285=VECTOR('',#4286,1.);
#4286=DIRECTION('',(0.866025403784439,0.499999999999999,0.));
#4287=CARTESIAN_POINT('',(17.5,10.1036297108184,5.));
#4288=CARTESIAN_POINT('',(1.30057018395391E-14,20.2072594216369,5.));
#4289=VECTOR('',#4290,1.);
#4290=DIRECTION('',(0.866025403784439,-0.5,0.));
#4291=CARTESIAN_POINT('',(17.5,10.1036297108184,5.));
#4292=VECTOR('',#4293,1.);
#4293=DIRECTION('',(-7.03254925305989E-16,-1.,0.));
#4294=CARTESIAN_POINT('',(3.11404816509086E-14,47.3427220735493,1.));
#4295=CARTESIAN_POINT('',(3.12908667466321E-14,47.3427220735493,1.));
#4296=VECTOR('',#4297,1.);
#4297=DIRECTION('',(-0.866025403784439,-0.499999999999999,0.));
#4298=CARTESIAN_POINT('',(2.85388946271112E-14,47.3427220735493,3.));
#4299=CARTESIAN_POINT('',(3.22087935026189E-14,47.3427220735493,3.));
#4300=VECTOR('',#4301,1.);
#4301=DIRECTION('',(-0.866025403784439,-0.499999999999999,0.));
#4302=CARTESIAN_POINT('',(2.95442582435185E-14,47.3427220735493,1.));
#4303=VECTOR('',#4304,1.);
#4304=DIRECTION('',(0.,0.,1.));
#4305=CARTESIAN_POINT('',(40.,-23.094010767585,1.83186799063151E-15));
#4306=CARTESIAN_POINT('',(40.,-17.3205080756888,9.99200722162641E-16));
#4307=CARTESIAN_POINT('',(40.,-23.094010767585,1.66533453693773E-16));
#4308=VECTOR('',#4309,1.);
#4309=DIRECTION('',(0.,1.,9.61481343191781E-18));
#4310=CARTESIAN_POINT('',(35.,-25.9807621135332,5.9211894646675E-16));
#4311=CARTESIAN_POINT('',(35.,-25.9807621135332,2.55351295663786E-15));
#4312=VECTOR('',#4313,1.);
#4313=DIRECTION('',(0.866025403784439,0.499999999999999,0.));
#4314=CARTESIAN_POINT('',(35.,-43.8786204584116,-1.4432899320127E-15));
#4315=CARTESIAN_POINT('',(35.,-43.8786204584116,-1.72084568816899E-15));
#4316=VECTOR('',#4317,1.);
#4317=DIRECTION('',(7.93997496313213E-16,1.,3.10155271997349E-18));
#4318=CARTESIAN_POINT('',(20.5,-52.2501993616611,0.));
#4319=CARTESIAN_POINT('',(20.5,-52.2501993616611,-6.66133814775094E-16));
#4320=VECTOR('',#4321,1.);
#4321=DIRECTION('',(0.866025403784439,0.5,1.32618116302315E-17));
#4322=CARTESIAN_POINT('',(4.99999999999999,-43.3012701892219,-8.88178419700125E-16));
#4323=CARTESIAN_POINT('',(4.99999999999999,-43.3012701892219,8.88178419700125E-16));
#4324=VECTOR('',#4325,1.);
#4325=DIRECTION('',(0.866025403784438,-0.5,-1.2406210879894E-17));
#4326=CARTESIAN_POINT('',(-1.21365263517721E-14,-46.1880215351701,-6.29126380620922E-16));
#4327=CARTESIAN_POINT('',(-9.26749417942566E-15,-46.1880215351701,-2.22044604925031E-15));
#4328=VECTOR('',#4329,1.);
#4329=DIRECTION('',(0.866025403784439,0.5,0.));
#4330=CARTESIAN_POINT('',(-5.,-43.3012701892219,4.07081775695891E-16));
#4331=CARTESIAN_POINT('',(-5.,-43.3012701892219,1.27675647831893E-15));
#4332=VECTOR('',#4333,1.);
#4333=DIRECTION('',(0.866025403784439,-0.499999999999999,0.));
#4334=CARTESIAN_POINT('',(-20.5,-52.2501993616611,-4.07081775695891E-15));
#4335=CARTESIAN_POINT('',(-20.5,-52.2501993616611,-6.66133814775094E-16));
#4336=VECTOR('',#4337,1.);
#4337=DIRECTION('',(0.866025403784439,0.5,0.));
#4338=CARTESIAN_POINT('',(-35.,-43.8786204584116,-3.51570624464633E-15));
#4339=CARTESIAN_POINT('',(-35.,-43.8786204584116,-5.44009282066327E-15));
#4340=VECTOR('',#4341,1.);
#4341=DIRECTION('',(0.866025403784439,-0.5,0.));
#4342=CARTESIAN_POINT('',(-35.,-25.9807621135331,1.70234197109191E-15));
#4343=CARTESIAN_POINT('',(-35.,-25.9807621135331,1.11022302462516E-16));
#4344=VECTOR('',#4345,1.);
#4345=DIRECTION('',(-3.96998748156606E-16,-1.,3.10155271997349E-18));
#4346=CARTESIAN_POINT('',(-40.,-23.094010767585,3.70074341541719E-16));
#4347=CARTESIAN_POINT('',(-40.,-23.094010767585,2.33146835171283E-15));
#4348=VECTOR('',#4349,1.);
#4349=DIRECTION('',(0.866025403784438,-0.500000000000001,1.92296268638357E-17));
#4350=CARTESIAN_POINT('',(-40.,-17.3205080756888,-3.70074341541719E-16));
#4351=CARTESIAN_POINT('',(-40.,-17.3205080756888,-1.83186799063151E-15));
#4352=VECTOR('',#4353,1.);
#4353=DIRECTION('',(0.,-1.,9.61481343191784E-18));
#4354=CARTESIAN_POINT('',(-55.5,-8.37157890324957,8.88178419700125E-16));
#4355=CARTESIAN_POINT('',(-55.5,-8.37157890324957,1.16573417585641E-15));
#4356=VECTOR('',#4357,1.);
#4357=DIRECTION('',(0.866025403784439,-0.5,6.20310543994698E-18));
#4358=CARTESIAN_POINT('',(-55.5,8.37157890324958,-1.03620815631681E-15));
#4359=CARTESIAN_POINT('',(-55.5,8.37157890324958,1.11022302462516E-16));
#4360=VECTOR('',#4361,1.);
#4361=DIRECTION('',(0.,-1.,0.));
#4362=CARTESIAN_POINT('',(-40.,17.3205080756888,-2.44249065417534E-15));
#4363=CARTESIAN_POINT('',(-40.,17.3205080756888,-1.88737914186277E-15));
#4364=VECTOR('',#4365,1.);
#4365=DIRECTION('',(-0.866025403784439,-0.5,1.24062108798939E-17));
#4366=CARTESIAN_POINT('',(-40.,23.0940107675851,4.07081775695891E-16));
#4367=CARTESIAN_POINT('',(-40.,23.0940107675851,-1.77635683940025E-15));
#4368=VECTOR('',#4369,1.);
#4369=DIRECTION('',(0.,-1.,0.));
#4370=CARTESIAN_POINT('',(-35.,25.9807621135332,1.75785312232316E-15));
#4371=CARTESIAN_POINT('',(-35.,25.9807621135332,2.55351295663786E-15));
#4372=VECTOR('',#4373,1.);
#4373=DIRECTION('',(-0.866025403784439,-0.499999999999999,-2.88444402957535E-17));
#4374=CARTESIAN_POINT('',(-35.,43.8786204584116,1.07321559047098E-15));
#4375=CARTESIAN_POINT('',(-35.,43.8786204584116,1.11022302462516E-16));
#4376=VECTOR('',#4377,1.);
#4377=DIRECTION('',(-1.19099624446982E-15,-1.,0.));
#4378=CARTESIAN_POINT('',(-20.5,52.2501993616611,7.7715611723761E-16));
#4379=CARTESIAN_POINT('',(-20.5,52.2501993616611,1.49880108324396E-15));
#4380=VECTOR('',#4381,1.);
#4381=DIRECTION('',(-0.866025403784439,-0.5,0.));
#4382=CARTESIAN_POINT('',(-4.99999999999997,43.3012701892219,6.66133814775094E-16));
#4383=CARTESIAN_POINT('',(-4.99999999999997,43.3012701892219,-2.22044604925031E-16));
#4384=VECTOR('',#4385,1.);
#4385=DIRECTION('',(-0.866025403784438,0.500000000000001,-6.20310543994698E-18));
#4386=CARTESIAN_POINT('',(1.99265912412253E-14,46.18802153517,4.32986979603811E-15));
#4387=CARTESIAN_POINT('',(2.10081026648367E-14,46.1880215351701,1.27675647831893E-15));
#4388=VECTOR('',#4389,1.);
#4389=DIRECTION('',(-0.866025403784438,-0.5,0.));
#4390=CARTESIAN_POINT('',(5.,43.3012701892219,4.84797387419652E-15));
#4391=CARTESIAN_POINT('',(5.,43.3012701892219,5.21804821573824E-15));
#4392=VECTOR('',#4393,1.);
#4393=DIRECTION('',(-0.866025403784439,0.5,0.));
#4394=CARTESIAN_POINT('',(20.5,52.2501993616611,1.48029736616688E-16));
#4395=CARTESIAN_POINT('',(20.5,52.2501993616611,2.05391259555654E-15));
#4396=VECTOR('',#4397,1.);
#4397=DIRECTION('',(-0.866025403784439,-0.499999999999999,0.));
#4398=CARTESIAN_POINT('',(35.,43.8786204584115,2.22044604925031E-16));
#4399=CARTESIAN_POINT('',(35.,43.8786204584115,-1.49880108324396E-15));
#4400=VECTOR('',#4401,1.);
#4401=DIRECTION('',(-0.866025403784439,0.5,-1.98927174453472E-17));
#4402=CARTESIAN_POINT('',(35.,25.9807621135331,1.14723045877933E-15));
#4403=CARTESIAN_POINT('',(35.,25.9807621135331,1.83186799063151E-15));
#4404=VECTOR('',#4405,1.);
#4405=DIRECTION('',(7.93997496313213E-16,1.,3.10155271997349E-18));
#4406=CARTESIAN_POINT('',(40.,23.094010767585,-1.48029736616688E-16));
#4407=CARTESIAN_POINT('',(40.,23.094010767585,-1.11022302462516E-16));
#4408=VECTOR('',#4409,1.);
#4409=DIRECTION('',(-0.866025403784438,0.500000000000001,0.));
#4410=CARTESIAN_POINT('',(40.,17.3205080756888,-8.88178419700125E-16));
#4411=CARTESIAN_POINT('',(40.,17.3205080756888,-1.11022302462516E-16));
#4412=VECTOR('',#4413,1.);
#4413=DIRECTION('',(0.,1.,0.));
#4414=CARTESIAN_POINT('',(55.5,8.37157890324957,-7.40148683083438E-16));
#4415=CARTESIAN_POINT('',(55.5,8.37157890324958,-1.22124532708767E-15));
#4416=VECTOR('',#4417,1.);
#4417=DIRECTION('',(-0.866025403784439,0.5,0.));
#4418=CARTESIAN_POINT('',(55.5,-8.37157890324958,9.25185853854297E-16));
#4419=CARTESIAN_POINT('',(55.5,-8.37157890324958,1.11022302462516E-16));
#4420=VECTOR('',#4421,1.);
#4421=DIRECTION('',(0.,1.,0.));
#4422=CARTESIAN_POINT('',(40.,-17.3205080756888,1.27675647831893E-15));
#4423=VECTOR('',#4424,1.);
#4424=DIRECTION('',(0.866025403784439,0.5,0.));
#4425=CARTESIAN_POINT('',(-41.,23.6713610367747,1.));
#4426=CARTESIAN_POINT('',(-36.,26.5581123827228,1.));
#4427=VECTOR('',#4428,1.);
#4428=DIRECTION('',(-0.866025403784439,-0.499999999999999,0.));
#4429=CARTESIAN_POINT('',(-41.,23.6713610367747,3.));
#4430=CARTESIAN_POINT('',(-41.,23.6713610367747,1.));
#4431=VECTOR('',#4432,1.);
#4432=DIRECTION('',(0.,0.,1.));
#4433=CARTESIAN_POINT('',(-36.,26.5581123827228,3.));
#4434=VECTOR('',#4435,1.);
#4435=DIRECTION('',(-0.866025403784439,-0.499999999999999,7.69185074553426E-17));
#4436=CARTESIAN_POINT('',(41.,23.6713610367746,1.));
#4437=CARTESIAN_POINT('',(41.,23.6713610367746,1.));
#4438=VECTOR('',#4439,1.);
#4439=DIRECTION('',(-0.866025403784438,0.500000000000001,0.));
#4440=CARTESIAN_POINT('',(41.,23.6713610367746,3.));
#4441=CARTESIAN_POINT('',(41.,23.6713610367746,3.));
#4442=VECTOR('',#4443,1.);
#4443=DIRECTION('',(-0.866025403784439,0.5,1.53837014910686E-16));
#4444=CARTESIAN_POINT('',(41.,23.6713610367746,1.));
#4445=VECTOR('',#4446,1.);
#4446=DIRECTION('',(0.,0.,1.));
#4447=CARTESIAN_POINT('',(5.00000000000001,44.4559707276012,1.));
#4448=VECTOR('',#4449,1.);
#4449=DIRECTION('',(-0.866025403784438,0.5,3.84592537276714E-17));
#4450=CARTESIAN_POINT('',(5.00000000000002,44.4559707276012,3.));
#4451=VECTOR('',#4452,1.);
#4452=DIRECTION('',(-0.866025403784437,0.500000000000002,1.53837014910685E-16));
#4453=CARTESIAN_POINT('',(41.,-23.6713610367747,1.));
#4454=CARTESIAN_POINT('',(41.,-23.6713610367747,1.));
#4455=VECTOR('',#4456,1.);
#4456=DIRECTION('',(0.,1.,0.));
#4457=CARTESIAN_POINT('',(41.,-23.6713610367747,3.));
#4458=CARTESIAN_POINT('',(41.,-23.6713610367747,3.));
#4459=VECTOR('',#4460,1.);
#4460=DIRECTION('',(0.,1.,0.));
#4461=CARTESIAN_POINT('',(41.,-23.6713610367747,1.));
#4462=VECTOR('',#4463,1.);
#4463=DIRECTION('',(0.,0.,1.));
#4464=CARTESIAN_POINT('',(41.,17.8978583448784,1.));
#4465=VECTOR('',#4466,1.);
#4466=DIRECTION('',(0.,1.,0.));
#4467=CARTESIAN_POINT('',(41.,17.8978583448784,3.));
#4468=VECTOR('',#4469,1.);
#4469=DIRECTION('',(0.,1.,0.));
#4470=CARTESIAN_POINT('',(-1.11564672076558E-14,-47.3427220735493,1.));
#4471=CARTESIAN_POINT('',(-1.26391199329294E-14,-47.3427220735493,1.));
#4472=VECTOR('',#4473,1.);
#4473=DIRECTION('',(0.866025403784439,0.5,0.));
#4474=CARTESIAN_POINT('',(-1.10271191743204E-14,-47.3427220735493,3.));
#4475=CARTESIAN_POINT('',(-1.18996831946627E-14,-47.3427220735493,3.));
#4476=VECTOR('',#4477,1.);
#4477=DIRECTION('',(0.866025403784439,0.5,-1.53837014910685E-16));
#4478=CARTESIAN_POINT('',(-1.00043330101157E-14,-47.3427220735493,1.));
#4479=VECTOR('',#4480,1.);
#4480=DIRECTION('',(0.,0.,1.));
#4481=CARTESIAN_POINT('',(36.,-26.5581123827228,1.));
#4482=VECTOR('',#4483,1.);
#4483=DIRECTION('',(0.866025403784439,0.5,1.92296268638356E-17));
#4484=CARTESIAN_POINT('',(36.,-26.5581123827228,3.));
#4485=VECTOR('',#4486,1.);
#4486=DIRECTION('',(0.866025403784439,0.5,7.69185074553426E-17));
#4487=CARTESIAN_POINT('',(-41.,-23.6713610367746,1.));
#4488=CARTESIAN_POINT('',(-41.,-23.6713610367746,1.));
#4489=VECTOR('',#4490,1.);
#4490=DIRECTION('',(0.866025403784439,-0.5,3.84592537276714E-17));
#4491=CARTESIAN_POINT('',(-41.,-23.6713610367746,3.));
#4492=CARTESIAN_POINT('',(-41.,-23.6713610367746,3.));
#4493=VECTOR('',#4494,1.);
#4494=DIRECTION('',(0.866025403784439,-0.5,0.));
#4495=CARTESIAN_POINT('',(-41.,-23.6713610367746,1.));
#4496=VECTOR('',#4497,1.);
#4497=DIRECTION('',(0.,0.,1.));
#4498=CARTESIAN_POINT('',(-4.99999999999998,-44.4559707276012,1.));
#4499=VECTOR('',#4500,1.);
#4500=DIRECTION('',(0.866025403784439,-0.5,0.));
#4501=CARTESIAN_POINT('',(-5.,-44.4559707276012,3.));
#4502=VECTOR('',#4503,1.);
#4503=DIRECTION('',(0.866025403784438,-0.5,1.53837014910685E-16));
#4504=CARTESIAN_POINT('',(-25.5,-8.9489291724392,7.));
#4505=CARTESIAN_POINT('',(-37.,-15.5884572681199,7.));
#4506=CARTESIAN_POINT('',(-25.5,-8.9489291724392,7.));
#4507=VECTOR('',#4508,1.);
#4508=DIRECTION('',(-0.866025403784439,-0.5,0.));
#4509=CARTESIAN_POINT('',(-25.5,-8.9489291724392,19.));
#4510=CARTESIAN_POINT('',(-25.5,-8.9489291724392,7.));
#4511=VECTOR('',#4512,1.);
#4512=DIRECTION('',(0.,0.,1.));
#4513=CARTESIAN_POINT('',(-41.,-17.8978583448784,19.));
#4514=CARTESIAN_POINT('',(-41.,-17.8978583448784,19.));
#4515=VECTOR('',#4516,1.);
#4516=DIRECTION('',(0.866025403784439,0.5,0.));
#4517=CARTESIAN_POINT('',(-41.,-17.8978583448784,3.));
#4518=CARTESIAN_POINT('',(-41.,-17.8978583448784,3.));
#4519=VECTOR('',#4520,1.);
#4520=DIRECTION('',(0.,0.,1.));
#4521=CARTESIAN_POINT('',(-41.,-17.8978583448784,3.));
#4522=VECTOR('',#4523,1.);
#4523=DIRECTION('',(0.654653670707977,0.377964473009227,0.654653670707977));
#4524=CARTESIAN_POINT('',(-41.,-17.8978583448784,1.));
#4525=CARTESIAN_POINT('',(-41.,-17.8978583448784,1.));
#4526=VECTOR('',#4527,1.);
#4527=DIRECTION('',(0.,-1.,0.));
#4528=CARTESIAN_POINT('',(-41.,-17.8978583448784,3.));
#4529=VECTOR('',#4530,1.);
#4530=DIRECTION('',(0.,-1.,1.53837014910685E-16));
#4531=CARTESIAN_POINT('',(-41.,-17.8978583448784,3.));
#4532=VECTOR('',#4533,1.);
#4533=DIRECTION('',(0.,0.,-1.));
#4534=CARTESIAN_POINT('',(-41.,17.8978583448784,1.));
#4535=CARTESIAN_POINT('',(-41.,23.6713610367747,1.));
#4536=VECTOR('',#4537,1.);
#4537=DIRECTION('',(-1.23069611928548E-15,-1.,0.));
#4538=CARTESIAN_POINT('',(-41.,17.8978583448784,3.));
#4539=CARTESIAN_POINT('',(-41.,17.8978583448784,1.));
#4540=VECTOR('',#4541,1.);
#4541=DIRECTION('',(0.,0.,1.));
#4542=CARTESIAN_POINT('',(-41.,23.6713610367747,3.));
#4543=VECTOR('',#4544,1.);
#4544=DIRECTION('',(0.,-1.,0.));
#4545=CARTESIAN_POINT('',(-37.,15.5884572681199,7.));
#4546=CARTESIAN_POINT('',(-25.5,8.9489291724392,7.));
#4547=CARTESIAN_POINT('',(-37.,15.5884572681199,7.));
#4548=VECTOR('',#4549,1.);
#4549=DIRECTION('',(0.866025403784439,-0.5,0.));
#4550=CARTESIAN_POINT('',(-41.,17.8978583448784,3.));
#4551=VECTOR('',#4552,1.);
#4552=DIRECTION('',(0.654653670707977,-0.377964473009227,0.654653670707977));
#4553=CARTESIAN_POINT('',(-41.,17.8978583448784,19.));
#4554=CARTESIAN_POINT('',(-41.,17.8978583448784,3.));
#4555=VECTOR('',#4556,1.);
#4556=DIRECTION('',(-1.33226762955019E-15,0.,1.));
#4557=CARTESIAN_POINT('',(-25.5,8.9489291724392,19.));
#4558=CARTESIAN_POINT('',(-25.5,8.9489291724392,19.));
#4559=VECTOR('',#4560,1.);
#4560=DIRECTION('',(-0.866025403784439,0.5,0.));
#4561=CARTESIAN_POINT('',(-25.5,8.9489291724392,7.));
#4562=VECTOR('',#4563,1.);
#4563=DIRECTION('',(0.,0.,1.));
#4564=CARTESIAN_POINT('',(-25.5,8.9489291724392,7.));
#4565=VECTOR('',#4566,1.);
#4566=DIRECTION('',(0.,-1.,0.));
#4567=CARTESIAN_POINT('',(-25.5,-8.9489291724392,19.));
#4568=VECTOR('',#4569,1.);
#4569=DIRECTION('',(0.,1.,0.));
#4570=CARTESIAN_POINT('',(15.5,-8.94892917243921,7.));
#4571=CARTESIAN_POINT('',(-3.75273647661082E-15,-17.8978583448784,7.));
#4572=CARTESIAN_POINT('',(15.5,-8.94892917243921,7.));
#4573=VECTOR('',#4574,1.);
#4574=DIRECTION('',(-0.866025403784439,-0.499999999999999,0.));
#4575=CARTESIAN_POINT('',(15.5,-8.94892917243921,19.));
#4576=CARTESIAN_POINT('',(15.5,-8.94892917243921,7.));
#4577=VECTOR('',#4578,1.);
#4578=DIRECTION('',(0.,0.,1.));
#4579=CARTESIAN_POINT('',(-3.98965524967919E-15,-17.8978583448784,19.));
#4580=CARTESIAN_POINT('',(-6.20295365995812E-15,-17.8978583448784,19.));
#4581=VECTOR('',#4582,1.);
#4582=DIRECTION('',(0.866025403784439,0.5,0.));
#4583=CARTESIAN_POINT('',(-5.09273063533297E-15,-17.8978583448784,7.));
#4584=VECTOR('',#4585,1.);
#4585=DIRECTION('',(0.,0.,1.));
#4586=CARTESIAN_POINT('',(-15.5,-8.94892917243919,7.));
#4587=CARTESIAN_POINT('',(-1.33226762955019E-15,-17.8978583448784,7.));
#4588=VECTOR('',#4589,1.);
#4589=DIRECTION('',(-0.866025403784439,0.5,0.));
#4590=CARTESIAN_POINT('',(-15.5,-8.94892917243919,19.));
#4591=CARTESIAN_POINT('',(-15.5,-8.9489291724392,19.));
#4592=VECTOR('',#4593,1.);
#4593=DIRECTION('',(0.866025403784439,-0.5,0.));
#4594=CARTESIAN_POINT('',(-15.5,-8.9489291724392,7.));
#4595=VECTOR('',#4596,1.);
#4596=DIRECTION('',(0.,0.,1.));
#4597=CARTESIAN_POINT('',(-15.5,8.94892917243921,7.));
#4598=CARTESIAN_POINT('',(-15.5,-8.94892917243919,7.));
#4599=VECTOR('',#4600,1.);
#4600=DIRECTION('',(5.9549812223491E-16,1.,0.));
#4601=CARTESIAN_POINT('',(-15.5,8.94892917243921,19.));
#4602=CARTESIAN_POINT('',(-15.5,8.94892917243921,19.));
#4603=VECTOR('',#4604,1.);
#4604=DIRECTION('',(-5.9549812223491E-16,-1.,0.));
#4605=CARTESIAN_POINT('',(-15.5,8.94892917243921,7.));
#4606=VECTOR('',#4607,1.);
#4607=DIRECTION('',(0.,0.,1.));
#4608=CARTESIAN_POINT('',(1.37149953619506E-14,17.8978583448784,7.));
#4609=CARTESIAN_POINT('',(-15.5,8.94892917243921,7.));
#4610=VECTOR('',#4611,1.);
#4611=DIRECTION('',(0.866025403784439,0.499999999999999,0.));
#4612=CARTESIAN_POINT('',(1.18722387245178E-14,17.8978583448784,19.));
#4613=CARTESIAN_POINT('',(1.04218011535337E-14,17.8978583448784,19.));
#4614=VECTOR('',#4615,1.);
#4615=DIRECTION('',(-0.866025403784439,-0.499999999999999,0.));
#4616=CARTESIAN_POINT('',(1.2642247202784E-14,17.8978583448784,7.));
#4617=VECTOR('',#4618,1.);
#4618=DIRECTION('',(0.,0.,1.));
#4619=CARTESIAN_POINT('',(15.5,8.94892917243919,7.));
#4620=CARTESIAN_POINT('',(1.59872115546023E-14,17.8978583448784,7.));
#4621=VECTOR('',#4622,1.);
#4622=DIRECTION('',(0.866025403784439,-0.5,0.));
#4623=CARTESIAN_POINT('',(15.5,8.94892917243919,19.));
#4624=CARTESIAN_POINT('',(15.5,8.94892917243919,19.));
#4625=VECTOR('',#4626,1.);
#4626=DIRECTION('',(-0.866025403784439,0.5,0.));
#4627=CARTESIAN_POINT('',(15.5,8.94892917243919,7.));
#4628=VECTOR('',#4629,1.);
#4629=DIRECTION('',(0.,0.,1.));
#4630=CARTESIAN_POINT('',(15.5,8.94892917243919,7.));
#4631=VECTOR('',#4632,1.);
#4632=DIRECTION('',(-5.9549812223491E-16,-1.,0.));
#4633=CARTESIAN_POINT('',(15.5,-8.94892917243921,19.));
#4634=VECTOR('',#4635,1.);
#4635=DIRECTION('',(5.9549812223491E-16,1.,0.));
#4636=CARTESIAN_POINT('',(-56.5,-8.94892917243919,1.));
#4637=CARTESIAN_POINT('',(-56.5,-8.94892917243919,1.));
#4638=VECTOR('',#4639,1.);
#4639=DIRECTION('',(0.866025403784438,-0.5,0.));
#4640=CARTESIAN_POINT('',(-56.5,-8.94892917243919,19.));
#4641=CARTESIAN_POINT('',(-56.5,-8.94892917243919,19.));
#4642=VECTOR('',#4643,1.);
#4643=DIRECTION('',(0.866025403784439,-0.5,0.));
#4644=CARTESIAN_POINT('',(-56.5,-8.94892917243919,1.));
#4645=VECTOR('',#4646,1.);
#4646=DIRECTION('',(0.,0.,1.));
#4647=CARTESIAN_POINT('',(-56.5,8.94892917243921,1.));
#4648=CARTESIAN_POINT('',(-56.5,8.94892917243921,1.));
#4649=VECTOR('',#4650,1.);
#4650=DIRECTION('',(0.,-1.,0.));
#4651=CARTESIAN_POINT('',(-56.5,8.94892917243921,19.));
#4652=CARTESIAN_POINT('',(-56.5,8.94892917243921,19.));
#4653=VECTOR('',#4654,1.);
#4654=DIRECTION('',(0.,-1.,0.));
#4655=CARTESIAN_POINT('',(-56.5,8.94892917243921,1.));
#4656=VECTOR('',#4657,1.);
#4657=DIRECTION('',(0.,0.,1.));
#4658=CARTESIAN_POINT('',(-41.,17.8978583448784,1.));
#4659=VECTOR('',#4660,1.);
#4660=DIRECTION('',(-0.866025403784439,-0.5,1.2406210879894E-17));
#4661=CARTESIAN_POINT('',(-41.,17.8978583448784,19.));
#4662=VECTOR('',#4663,1.);
#4663=DIRECTION('',(-0.866025403784439,-0.5,0.));
#4664=CARTESIAN_POINT('',(-55.5,8.37157890324958,20.));
#4665=CARTESIAN_POINT('',(-55.5,-8.37157890324957,20.));
#4666=CARTESIAN_POINT('',(-55.5,8.37157890324958,20.));
#4667=VECTOR('',#4668,1.);
#4668=DIRECTION('',(0.,-1.,0.));
#4669=CARTESIAN_POINT('',(-41.,-16.7431578064991,20.));
#4670=CARTESIAN_POINT('',(-55.5,-8.37157890324957,20.));
#4671=VECTOR('',#4672,1.);
#4672=DIRECTION('',(0.866025403784439,-0.5,0.));
#4673=CARTESIAN_POINT('',(-26.5,-8.37157890324957,20.));
#4674=CARTESIAN_POINT('',(-41.,-16.7431578064992,20.));
#4675=VECTOR('',#4676,1.);
#4676=DIRECTION('',(0.866025403784439,0.5,0.));
#4677=CARTESIAN_POINT('',(-26.5,8.37157890324957,20.));
#4678=CARTESIAN_POINT('',(-26.5,-8.37157890324957,20.));
#4679=VECTOR('',#4680,1.);
#4680=DIRECTION('',(0.,1.,0.));
#4681=CARTESIAN_POINT('',(-41.,16.7431578064991,20.));
#4682=CARTESIAN_POINT('',(-26.5,8.37157890324958,20.));
#4683=VECTOR('',#4684,1.);
#4684=DIRECTION('',(-0.866025403784439,0.5,0.));
#4685=CARTESIAN_POINT('',(-41.,16.7431578064991,20.));
#4686=VECTOR('',#4687,1.);
#4687=DIRECTION('',(-0.866025403784439,-0.5,0.));
#4688=CARTESIAN_POINT('',(-54.5,8.327598234202E-15,20.));
#4689=AXIS2_PLACEMENT_3D('',#4690,#4691,#4692);
#4690=CARTESIAN_POINT('',(-41.,5.02105187650415E-15,20.));
#4691=DIRECTION('',(0.,0.,1.));
#4692=DIRECTION('',(-1.,1.22464679914735E-16,0.));
#4693=CARTESIAN_POINT('',(14.5,8.37157890324956,20.));
#4694=CARTESIAN_POINT('',(7.25230138287712E-15,16.7431578064991,20.));
#4695=CARTESIAN_POINT('',(14.5,8.37157890324956,20.));
#4696=VECTOR('',#4697,1.);
#4697=DIRECTION('',(-0.866025403784438,0.500000000000001,0.));
#4698=CARTESIAN_POINT('',(-14.5,8.37157890324958,20.));
#4699=CARTESIAN_POINT('',(6.82613803443385E-15,16.7431578064991,20.));
#4700=VECTOR('',#4701,1.);
#4701=DIRECTION('',(-0.866025403784439,-0.5,0.));
#4702=CARTESIAN_POINT('',(-14.5,-8.37157890324956,20.));
#4703=CARTESIAN_POINT('',(-14.5,8.37157890324958,20.));
#4704=VECTOR('',#4705,1.);
#4705=DIRECTION('',(-6.36566958251111E-16,-1.,0.));
#4706=CARTESIAN_POINT('',(-5.40192967516852E-15,-16.7431578064991,20.));
#4707=CARTESIAN_POINT('',(-14.5,-8.37157890324957,20.));
#4708=VECTOR('',#4709,1.);
#4709=DIRECTION('',(0.866025403784439,-0.5,0.));
#4710=CARTESIAN_POINT('',(14.5,-8.37157890324958,20.));
#4711=CARTESIAN_POINT('',(-7.71431645413398E-15,-16.7431578064991,20.));
#4712=VECTOR('',#4713,1.);
#4713=DIRECTION('',(0.866025403784439,0.5,0.));
#4714=CARTESIAN_POINT('',(14.5,-8.37157890324958,20.));
#4715=VECTOR('',#4716,1.);
#4716=DIRECTION('',(6.36566958251111E-16,1.,0.));
#4717=CARTESIAN_POINT('',(-13.5,3.30654635769785E-15,20.));
#4718=AXIS2_PLACEMENT_3D('',#4719,#4720,#4721);
#4719=CARTESIAN_POINT('',(0.,0.,20.));
#4720=DIRECTION('',(0.,0.,1.));
#4721=DIRECTION('',(-1.,1.22464679914735E-16,0.));
#4722=CARTESIAN_POINT('',(-53.5,8.08266887437253E-15,19.));
#4723=AXIS2_PLACEMENT_3D('',#4724,#4725,#4726);
#4724=CARTESIAN_POINT('',(-41.,5.02105187650415E-15,19.));
#4725=DIRECTION('',(0.,0.,1.));
#4726=DIRECTION('',(-1.,1.22464679914735E-16,0.));
#4727=CARTESIAN_POINT('',(-53.5,6.55186037543834E-15,2.));
#4728=AXIS2_PLACEMENT_3D('',#4729,#4730,#4731);
#4729=CARTESIAN_POINT('',(-41.,5.02105187650415E-15,2.));
#4730=DIRECTION('',(0.,0.,1.));
#4731=DIRECTION('',(-1.,1.22464679914735E-16,0.));
#4732=CARTESIAN_POINT('',(-12.5,3.06161699786838E-15,19.));
#4733=AXIS2_PLACEMENT_3D('',#4734,#4735,#4736);
#4734=CARTESIAN_POINT('',(0.,0.,19.));
#4735=DIRECTION('',(0.,0.,1.));
#4736=DIRECTION('',(-1.,1.22464679914735E-16,0.));
#4737=CARTESIAN_POINT('',(-12.5,1.53080849893419E-15,2.));
#4738=AXIS2_PLACEMENT_3D('',#4739,#4740,#4741);
#4739=CARTESIAN_POINT('',(0.,0.,2.));
#4740=DIRECTION('',(0.,0.,1.));
#4741=DIRECTION('',(-1.,1.22464679914735E-16,0.));
#4742=CARTESIAN_POINT('',(-20.5,17.6091832102836,19.));
#4743=VECTOR('',#4744,1.);
#4744=DIRECTION('',(-4.65159410160239E-15,0.755928946018453,0.654653670707979));
#4745=CARTESIAN_POINT('',(-36.,26.5581123827228,19.));
#4746=VECTOR('',#4747,1.);
#4747=DIRECTION('',(0.654653670707979,0.377964473009222,0.654653670707979));
#4748=CARTESIAN_POINT('',(-4.99999999999998,26.5581123827228,19.));
#4749=VECTOR('',#4750,1.);
#4750=DIRECTION('',(-0.654653670707977,0.377964473009227,0.654653670707977));
#4751=CARTESIAN_POINT('',(-4.99999999999997,44.4559707276012,19.));
#4752=VECTOR('',#4753,1.);
#4753=DIRECTION('',(-0.654653670707976,-0.377964473009233,0.654653670707975));
#4754=CARTESIAN_POINT('',(-20.5,53.4048999000404,19.));
#4755=VECTOR('',#4756,1.);
#4756=DIRECTION('',(2.32579705080119E-15,-0.755928946018457,0.654653670707974));
#4757=CARTESIAN_POINT('',(-36.,44.4559707276012,19.));
#4758=VECTOR('',#4759,1.);
#4759=DIRECTION('',(0.654653670707974,-0.377964473009237,0.654653670707974));
#4760=CARTESIAN_POINT('',(5.00000000000001,26.5581123827228,19.));
#4761=VECTOR('',#4762,1.);
#4762=DIRECTION('',(0.654653670707977,0.377964473009229,0.654653670707977));
#4763=CARTESIAN_POINT('',(5.00000000000003,44.4559707276012,19.));
#4764=VECTOR('',#4765,1.);
#4765=DIRECTION('',(0.654653670707976,-0.377964473009226,0.654653670707979));
#4766=CARTESIAN_POINT('',(20.5,17.6091832102836,19.));
#4767=VECTOR('',#4768,1.);
#4768=DIRECTION('',(-2.32579705080119E-15,0.755928946018455,0.654653670707977));
#4769=CARTESIAN_POINT('',(36.,26.5581123827228,19.));
#4770=VECTOR('',#4771,1.);
#4771=DIRECTION('',(-0.654653670707977,0.377964473009227,0.654653670707977));
#4772=CARTESIAN_POINT('',(36.,44.4559707276012,19.));
#4773=VECTOR('',#4774,1.);
#4774=DIRECTION('',(-0.654653670707977,-0.377964473009235,0.654653670707973));
#4775=CARTESIAN_POINT('',(20.5,53.4048999000404,19.));
#4776=VECTOR('',#4777,1.);
#4777=DIRECTION('',(4.65159410160237E-15,-0.755928946018458,0.654653670707973));
#4778=CARTESIAN_POINT('',(25.5,8.9489291724392,19.));
#4779=VECTOR('',#4780,1.);
#4780=DIRECTION('',(0.654653670707978,-0.377964473009227,0.654653670707976));
#4781=CARTESIAN_POINT('',(41.,17.8978583448784,19.));
#4782=VECTOR('',#4783,1.);
#4783=DIRECTION('',(0.,-0.755928946018454,0.654653670707978));
#4784=CARTESIAN_POINT('',(25.5,-8.9489291724392,19.));
#4785=VECTOR('',#4786,1.);
#4786=DIRECTION('',(0.654653670707979,0.377964473009225,0.654653670707977));
#4787=CARTESIAN_POINT('',(41.,-17.8978583448784,19.));
#4788=VECTOR('',#4789,1.);
#4789=DIRECTION('',(0.,0.755928946018454,0.654653670707978));
#4790=CARTESIAN_POINT('',(56.5,-8.9489291724392,19.));
#4791=VECTOR('',#4792,1.);
#4792=DIRECTION('',(-0.654653670707978,0.377964473009224,0.654653670707978));
#4793=CARTESIAN_POINT('',(56.5,8.9489291724392,19.));
#4794=VECTOR('',#4795,1.);
#4795=DIRECTION('',(-0.654653670707979,-0.377964473009222,0.654653670707979));
#4796=CARTESIAN_POINT('',(20.5,-17.6091832102836,19.));
#4797=VECTOR('',#4798,1.);
#4798=DIRECTION('',(-2.32579705080119E-15,-0.755928946018454,0.654653670707978));
#4799=CARTESIAN_POINT('',(36.,-26.5581123827228,19.));
#4800=VECTOR('',#4801,1.);
#4801=DIRECTION('',(-0.654653670707977,-0.377964473009229,0.654653670707977));
#4802=CARTESIAN_POINT('',(4.99999999999999,-26.5581123827228,19.));
#4803=VECTOR('',#4804,1.);
#4804=DIRECTION('',(0.654653670707977,-0.377964473009228,0.654653670707977));
#4805=CARTESIAN_POINT('',(4.99999999999999,-44.4559707276012,19.));
#4806=VECTOR('',#4807,1.);
#4807=DIRECTION('',(0.65465367070798,0.37796447300923,0.654653670707972));
#4808=CARTESIAN_POINT('',(20.5,-53.4048999000404,19.));
#4809=VECTOR('',#4810,1.);
#4810=DIRECTION('',(0.,0.755928946018455,0.654653670707977));
#4811=CARTESIAN_POINT('',(36.,-44.4559707276012,19.));
#4812=VECTOR('',#4813,1.);
#4813=DIRECTION('',(-0.654653670707978,0.377964473009225,0.654653670707978));
#4814=CARTESIAN_POINT('',(-5.00000000000001,-26.5581123827228,19.));
#4815=VECTOR('',#4816,1.);
#4816=DIRECTION('',(-0.654653670707977,-0.377964473009227,0.654653670707977));
#4817=CARTESIAN_POINT('',(-5.00000000000002,-44.4559707276012,19.));
#4818=VECTOR('',#4819,1.);
#4819=DIRECTION('',(-0.654653670707973,0.377964473009231,0.654653670707979));
#4820=CARTESIAN_POINT('',(-20.5,-17.6091832102836,19.));
#4821=VECTOR('',#4822,1.);
#4822=DIRECTION('',(0.,-0.755928946018455,0.654653670707977));
#4823=CARTESIAN_POINT('',(-36.,-26.5581123827228,19.));
#4824=VECTOR('',#4825,1.);
#4825=DIRECTION('',(0.654653670707977,-0.377964473009227,0.654653670707977));
#4826=CARTESIAN_POINT('',(-36.,-44.4559707276012,19.));
#4827=VECTOR('',#4828,1.);
#4828=DIRECTION('',(0.65465367070798,0.37796447300922,0.654653670707978));
#4829=CARTESIAN_POINT('',(-20.5,-53.4048999000404,19.));
#4830=VECTOR('',#4831,1.);
#4831=DIRECTION('',(0.,0.755928946018454,0.654653670707978));
#4832=CARTESIAN_POINT('',(-56.5,-8.94892917243919,19.));
#4833=VECTOR('',#4834,1.);
#4834=DIRECTION('',(0.654653670707978,0.377964473009224,0.654653670707978));
#4835=CARTESIAN_POINT('',(-56.5,8.94892917243921,19.));
#4836=VECTOR('',#4837,1.);
#4837=DIRECTION('',(0.654653670707977,-0.377964473009228,0.654653670707977));
#4838=CARTESIAN_POINT('',(-41.,-17.8978583448784,19.));
#4839=VECTOR('',#4840,1.);
#4840=DIRECTION('',(-4.6515941016024E-15,0.755928946018454,0.654653670707978));
#4841=CARTESIAN_POINT('',(-25.5,-8.9489291724392,19.));
#4842=VECTOR('',#4843,1.);
#4843=DIRECTION('',(-0.654653670707979,0.377964473009225,0.654653670707977));
#4844=CARTESIAN_POINT('',(-25.5,8.9489291724392,19.));
#4845=VECTOR('',#4846,1.);
#4846=DIRECTION('',(-0.654653670707978,-0.377964473009225,0.654653670707978));
#4847=CARTESIAN_POINT('',(-41.,17.8978583448784,19.));
#4848=VECTOR('',#4849,1.);
#4849=DIRECTION('',(0.,-0.755928946018455,0.654653670707977));
#4850=CARTESIAN_POINT('',(1.19904086659517E-14,17.8978583448784,19.));
#4851=VECTOR('',#4852,1.);
#4852=DIRECTION('',(-2.85273544512334E-15,-0.755928946018454,0.654653670707978));
#4853=CARTESIAN_POINT('',(15.5,8.94892917243919,19.));
#4854=VECTOR('',#4855,1.);
#4855=DIRECTION('',(-0.654653670707977,-0.377964473009229,0.654653670707976));
#4856=CARTESIAN_POINT('',(-15.5,8.94892917243921,19.));
#4857=VECTOR('',#4858,1.);
#4858=DIRECTION('',(0.654653670707978,-0.377964473009227,0.654653670707977));
#4859=CARTESIAN_POINT('',(-15.5,-8.94892917243919,19.));
#4860=VECTOR('',#4861,1.);
#4861=DIRECTION('',(0.654653670707977,0.377964473009229,0.654653670707977));
#4862=CARTESIAN_POINT('',(-2.88657986402541E-15,-17.8978583448784,19.));
#4863=VECTOR('',#4864,1.);
#4864=DIRECTION('',(-1.29009055161628E-15,0.755928946018455,0.654653670707977));
#4865=CARTESIAN_POINT('',(15.5,-8.94892917243921,19.));
#4866=VECTOR('',#4867,1.);
#4867=DIRECTION('',(-0.654653670707979,0.377964473009226,0.654653670707976));
#4868=CARTESIAN_POINT('',(-39.,-19.0525588832576,5.));
#4869=VECTOR('',#4870,1.);
#4870=DIRECTION('',(0.447213595499959,0.774596669241483,0.447213595499957));
#4871=CARTESIAN_POINT('',(-41.,-23.6713610367746,3.));
#4872=VECTOR('',#4873,1.);
#4873=DIRECTION('',(0.654653670707978,0.377964473009226,0.654653670707977));
#4874=CARTESIAN_POINT('',(-32.,-24.2487113059643,6.99999999999999));
#4875=VECTOR('',#4876,1.);
#4876=DIRECTION('',(-0.894427190999917,0.,-0.447213595499956));
#4877=CARTESIAN_POINT('',(-3.00000000000001,-43.3012701892219,5.));
#4878=VECTOR('',#4879,1.);
#4879=DIRECTION('',(-0.447213595499959,0.774596669241483,0.447213595499958));
#4880=CARTESIAN_POINT('',(-1.24344978758018E-14,-47.3427220735493,3.));
#4881=VECTOR('',#4882,1.);
#4882=DIRECTION('',(4.14282599673962E-15,0.755928946018454,0.654653670707978));
#4883=CARTESIAN_POINT('',(4.99999999999999,-39.8371685740842,7.00000000000001));
#4884=VECTOR('',#4885,1.);
#4885=DIRECTION('',(-0.447213595499958,-0.774596669241483,-0.447213595499959));
#4886=CARTESIAN_POINT('',(36.,-24.2487113059643,5.));
#4887=VECTOR('',#4888,1.);
#4888=DIRECTION('',(-0.894427190999917,2.38323278711738E-15,0.447213595499956));
#4889=CARTESIAN_POINT('',(41.,-23.6713610367747,3.));
#4890=VECTOR('',#4891,1.);
#4891=DIRECTION('',(-0.654653670707977,0.37796447300923,0.654653670707976));
#4892=CARTESIAN_POINT('',(37.,-15.5884572681199,7.));
#4893=VECTOR('',#4894,1.);
#4894=DIRECTION('',(0.44721359549996,-0.774596669241483,-0.447213595499957));
#4895=CARTESIAN_POINT('',(39.,19.0525588832576,5.));
#4896=VECTOR('',#4897,1.);
#4897=DIRECTION('',(-0.447213595499957,-0.774596669241484,0.447213595499957));
#4898=CARTESIAN_POINT('',(41.,23.6713610367746,3.));
#4899=VECTOR('',#4900,1.);
#4900=DIRECTION('',(-0.654653670707979,-0.377964473009226,0.654653670707976));
#4901=CARTESIAN_POINT('',(32.,24.2487113059643,6.99999999999999));
#4902=VECTOR('',#4903,1.);
#4903=DIRECTION('',(0.894427190999917,0.,-0.447213595499956));
#4904=CARTESIAN_POINT('',(3.00000000000002,43.3012701892219,4.99999999999999));
#4905=VECTOR('',#4906,1.);
#4906=DIRECTION('',(0.447213595499957,-0.774596669241486,0.447213595499954));
#4907=CARTESIAN_POINT('',(2.75335310107039E-14,47.3427220735493,3.));
#4908=VECTOR('',#4909,1.);
#4909=DIRECTION('',(-3.45235499728302E-15,-0.755928946018456,0.654653670707975));
#4910=CARTESIAN_POINT('',(-4.99999999999998,39.8371685740842,6.99999999999999));
#4911=VECTOR('',#4912,1.);
#4912=DIRECTION('',(0.447213595499959,0.774596669241483,-0.447213595499958));
#4913=CARTESIAN_POINT('',(-36.,24.2487113059643,5.));
#4914=VECTOR('',#4915,1.);
#4915=DIRECTION('',(0.894427190999917,-1.58882185807825E-15,0.447213595499955));
#4916=CARTESIAN_POINT('',(-41.,23.6713610367747,3.));
#4917=VECTOR('',#4918,1.);
#4918=DIRECTION('',(0.654653670707978,-0.377964473009228,0.654653670707976));
#4919=CARTESIAN_POINT('',(-37.,15.5884572681199,7.));
#4920=VECTOR('',#4921,1.);
#4921=DIRECTION('',(-0.447213595499957,0.774596669241484,-0.447213595499957));
#4922=CARTESIAN_POINT('',(-4.99999999999998,26.5581123827228,7.));
#4923=VECTOR('',#4924,1.);
#4924=DIRECTION('',(0.654653670707976,-0.37796447300923,-0.654653670707977));
#4925=CARTESIAN_POINT('',(-20.5,17.6091832102836,7.));
#4926=VECTOR('',#4927,1.);
#4927=DIRECTION('',(1.1628985254006E-15,-0.755928946018454,-0.654653670707977));
#4928=CARTESIAN_POINT('',(20.5,17.6091832102836,7.));
#4929=VECTOR('',#4930,1.);
#4930=DIRECTION('',(-2.32579705080119E-15,-0.755928946018454,-0.654653670707978));
#4931=CARTESIAN_POINT('',(5.00000000000001,26.5581123827228,7.));
#4932=VECTOR('',#4933,1.);
#4933=DIRECTION('',(-0.654653670707977,-0.377964473009228,-0.654653670707978));
#4934=CARTESIAN_POINT('',(25.5,-8.9489291724392,7.));
#4935=VECTOR('',#4936,1.);
#4936=DIRECTION('',(-0.654653670707977,-0.377964473009227,-0.654653670707977));
#4937=CARTESIAN_POINT('',(25.5,8.9489291724392,7.));
#4938=VECTOR('',#4939,1.);
#4939=DIRECTION('',(-0.654653670707977,0.377964473009227,-0.654653670707977));
#4940=CARTESIAN_POINT('',(4.99999999999999,-26.5581123827228,7.));
#4941=VECTOR('',#4942,1.);
#4942=DIRECTION('',(-0.654653670707977,0.377964473009228,-0.654653670707977));
#4943=CARTESIAN_POINT('',(20.5,-17.6091832102836,7.));
#4944=VECTOR('',#4945,1.);
#4945=DIRECTION('',(-2.32579705080119E-15,0.755928946018454,-0.654653670707978));
#4946=CARTESIAN_POINT('',(-20.5,-17.6091832102836,7.));
#4947=VECTOR('',#4948,1.);
#4948=DIRECTION('',(2.32579705080119E-15,0.755928946018455,-0.654653670707977));
#4949=CARTESIAN_POINT('',(-5.,-26.5581123827228,7.));
#4950=VECTOR('',#4951,1.);
#4951=DIRECTION('',(0.654653670707976,0.377964473009229,-0.654653670707977));
#4952=CARTESIAN_POINT('',(-25.5,8.9489291724392,7.));
#4953=VECTOR('',#4954,1.);
#4954=DIRECTION('',(0.654653670707976,0.37796447300923,-0.654653670707976));
#4955=CARTESIAN_POINT('',(-25.5,-8.9489291724392,7.));
#4956=VECTOR('',#4957,1.);
#4957=DIRECTION('',(0.654653670707976,-0.377964473009228,-0.654653670707978));
#4958=CARTESIAN_POINT('',(-3.10862446895044E-15,-17.8978583448784,7.));
#4959=VECTOR('',#4960,1.);
#4960=DIRECTION('',(-2.52567023485442E-15,-0.755928946018454,-0.654653670707977));
#4961=CARTESIAN_POINT('',(15.5,-8.94892917243921,7.));
#4962=VECTOR('',#4963,1.);
#4963=DIRECTION('',(0.654653670707978,-0.377964473009225,-0.654653670707978));
#4964=CARTESIAN_POINT('',(-15.5,-8.94892917243919,7.));
#4965=VECTOR('',#4966,1.);
#4966=DIRECTION('',(-0.654653670707977,-0.377964473009229,-0.654653670707977));
#4967=CARTESIAN_POINT('',(-15.5,8.94892917243921,7.));
#4968=VECTOR('',#4969,1.);
#4969=DIRECTION('',(-0.654653670707977,0.377964473009227,-0.654653670707977));
#4970=CARTESIAN_POINT('',(1.4210854715202E-14,17.8978583448784,7.));
#4971=VECTOR('',#4972,1.);
#4972=DIRECTION('',(-3.45235499728301E-16,0.755928946018455,-0.654653670707977));
#4973=CARTESIAN_POINT('',(15.5,8.94892917243919,7.));
#4974=VECTOR('',#4975,1.);
#4975=DIRECTION('',(0.654653670707978,0.377964473009227,-0.654653670707976));
#4976=CARTESIAN_POINT('',(41.,-23.6713610367747,1.));
#4977=VECTOR('',#4978,1.);
#4978=DIRECTION('',(-0.654653670707978,0.377964473009226,-0.654653670707977));
#4979=CARTESIAN_POINT('',(41.,-17.8978583448784,1.));
#4980=VECTOR('',#4981,1.);
#4981=DIRECTION('',(-0.654653670707978,0.377964473009226,-0.654653670707977));
#4982=CARTESIAN_POINT('',(56.5,-8.9489291724392,1.));
#4983=VECTOR('',#4984,1.);
#4984=DIRECTION('',(-0.654653670707981,0.377964473009223,-0.654653670707976));
#4985=CARTESIAN_POINT('',(56.5,8.94892917243919,1.));
#4986=VECTOR('',#4987,1.);
#4987=DIRECTION('',(-0.654653670707978,-0.377964473009223,-0.654653670707979));
#4988=CARTESIAN_POINT('',(41.,17.8978583448784,1.));
#4989=VECTOR('',#4990,1.);
#4990=DIRECTION('',(-0.654653670707976,-0.377964473009231,-0.654653670707976));
#4991=CARTESIAN_POINT('',(41.,23.6713610367746,1.));
#4992=VECTOR('',#4993,1.);
#4993=DIRECTION('',(-0.654653670707977,-0.377964473009227,-0.654653670707977));
#4994=CARTESIAN_POINT('',(36.,26.5581123827228,1.));
#4995=VECTOR('',#4996,1.);
#4996=DIRECTION('',(-0.654653670707978,-0.377964473009226,-0.654653670707977));
#4997=CARTESIAN_POINT('',(36.,44.4559707276012,1.));
#4998=VECTOR('',#4999,1.);
#4999=DIRECTION('',(-0.654653670707978,-0.377964473009225,-0.654653670707978));
#5000=CARTESIAN_POINT('',(20.5,53.4048999000404,1.));
#5001=VECTOR('',#5002,1.);
#5002=DIRECTION('',(6.97739115240357E-15,-0.755928946018455,-0.654653670707977));
#5003=CARTESIAN_POINT('',(5.00000000000002,44.4559707276012,1.));
#5004=VECTOR('',#5005,1.);
#5005=DIRECTION('',(-1.10475359913056E-14,-0.755928946018461,-0.65465367070797));
#5006=CARTESIAN_POINT('',(3.26405569239796E-14,47.3427220735493,1.));
#5007=VECTOR('',#5008,1.);
#5008=DIRECTION('',(-8.30382228293861E-15,-0.755928946018459,-0.654653670707972));
#5009=CARTESIAN_POINT('',(-4.99999999999997,44.4559707276012,1.));
#5010=VECTOR('',#5011,1.);
#5011=DIRECTION('',(-3.48869557620177E-15,-0.755928946018457,-0.654653670707974));
#5012=CARTESIAN_POINT('',(-20.5,53.4048999000404,1.));
#5013=VECTOR('',#5014,1.);
#5014=DIRECTION('',(0.,-0.755928946018453,-0.654653670707979));
#5015=CARTESIAN_POINT('',(-36.,44.4559707276012,1.));
#5016=VECTOR('',#5017,1.);
#5017=DIRECTION('',(0.654653670707977,-0.37796447300923,-0.654653670707976));
#5018=CARTESIAN_POINT('',(-36.,26.5581123827228,1.));
#5019=VECTOR('',#5020,1.);
#5020=DIRECTION('',(0.65465367070798,-0.377964473009227,-0.654653670707974));
#5021=CARTESIAN_POINT('',(-41.,23.6713610367747,1.));
#5022=VECTOR('',#5023,1.);
#5023=DIRECTION('',(0.654653670707984,-0.377964473009219,-0.654653670707975));
#5024=CARTESIAN_POINT('',(-41.,17.8978583448784,1.));
#5025=VECTOR('',#5026,1.);
#5026=DIRECTION('',(0.654653670707982,-0.377964473009223,-0.654653670707975));
#5027=CARTESIAN_POINT('',(-56.5,8.94892917243921,1.));
#5028=VECTOR('',#5029,1.);
#5029=DIRECTION('',(0.654653670707976,-0.377964473009229,-0.654653670707977));
#5030=CARTESIAN_POINT('',(-56.5,-8.94892917243919,1.));
#5031=VECTOR('',#5032,1.);
#5032=DIRECTION('',(0.654653670707979,0.377964473009223,-0.654653670707978));
#5033=CARTESIAN_POINT('',(-41.,-17.8978583448784,1.));
#5034=VECTOR('',#5035,1.);
#5035=DIRECTION('',(0.654653670707978,0.377964473009225,-0.654653670707978));
#5036=CARTESIAN_POINT('',(-41.,-23.6713610367746,1.));
#5037=VECTOR('',#5038,1.);
#5038=DIRECTION('',(0.654653670707977,0.37796447300923,-0.654653670707976));
#5039=CARTESIAN_POINT('',(-36.,-26.5581123827228,1.));
#5040=VECTOR('',#5041,1.);
#5041=DIRECTION('',(0.654653670707978,0.377964473009226,-0.654653670707977));
#5042=CARTESIAN_POINT('',(-36.,-44.4559707276012,1.));
#5043=VECTOR('',#5044,1.);
#5044=DIRECTION('',(0.65465367070798,0.377964473009219,-0.654653670707979));
#5045=CARTESIAN_POINT('',(-20.5,-53.4048999000404,1.));
#5046=VECTOR('',#5047,1.);
#5047=DIRECTION('',(0.,0.755928946018451,-0.654653670707981));
#5048=CARTESIAN_POINT('',(-4.99999999999999,-44.4559707276012,1.));
#5049=VECTOR('',#5050,1.);
#5050=DIRECTION('',(-6.97739115240354E-15,0.755928946018457,-0.654653670707974));
#5051=CARTESIAN_POINT('',(-1.22124532708767E-14,-47.3427220735493,1.));
#5052=VECTOR('',#5053,1.);
#5053=DIRECTION('',(-3.27065210268916E-16,0.755928946018456,-0.654653670707975));
#5054=CARTESIAN_POINT('',(4.99999999999999,-44.4559707276012,1.));
#5055=VECTOR('',#5056,1.);
#5056=DIRECTION('',(0.,0.755928946018456,-0.654653670707975));
#5057=CARTESIAN_POINT('',(20.5,-53.4048999000404,1.));
#5058=VECTOR('',#5059,1.);
#5059=DIRECTION('',(0.,0.755928946018455,-0.654653670707977));
#5060=CARTESIAN_POINT('',(36.,-44.4559707276012,1.));
#5061=VECTOR('',#5062,1.);
#5062=DIRECTION('',(-0.654653670707977,0.377964473009225,-0.654653670707978));
#5063=CARTESIAN_POINT('',(36.,-26.5581123827228,1.));
#5064=VECTOR('',#5065,1.);
#5065=DIRECTION('',(-0.654653670707981,0.377964473009224,-0.654653670707975));
ENDSEC;
END-ISO-10303-21;
