ISO-10303-21;
HEADER;
FILE_DESCRIPTION(('STEP AP242'),
    '1');
FILE_NAME('itemBackPlank',
    '',
    ('UNSPECIFIED'),
    ('UNSPECIFIED'),
    'C3D Converter',
    'C3D Toolkit',
    '');
FILE_SCHEMA(('AP242_MANAGED_MODEL_BASED_3D_ENGINEERING_MIM_LF { 1 0 10303 442 1 1 4 }'));
ENDSEC;

DATA;
#1=PRODUCT_DEFINITION('','UNSPECIFIED',#28,#31);
#2=SHAPE_DEFINITION_REPRESENTATION(#26,#3);
#3=SHAPE_REPRESENTATION('NONE',(#4),#8);
#4=AXIS2_PLACEMENT_3D('',#5,#6,#7);
#5=CARTESIAN_POINT('',(0.,0.,0.));
#6=DIRECTION('',(0.,0.,1.));
#7=DIRECTION('',(1.,0.,0.));
#8=(GEOMETRIC_REPRESENTATION_CONTEXT(3)GLOBAL_UNCERTAINTY_ASSIGNED_CONTEXT((#10))
GLOBAL_UNIT_ASSIGNED_CONTEXT((#9,#11,#12))REPRESENTATION_CONTEXT('NONE','NONE'));
#9=(LENGTH_UNIT()NAMED_UNIT(*)SI_UNIT(.MILLI.,.METRE.));
#10=UNCERTAINTY_MEASURE_WITH_UNIT(LENGTH_MEASURE(1.E-5),#9,'NONE','NONE');
#11=(NAMED_UNIT(*)PLANE_ANGLE_UNIT()SI_UNIT($,.RADIAN.));
#12=(NAMED_UNIT(*)SI_UNIT($,.STERADIAN.)SOLID_ANGLE_UNIT());
#13=MANIFOLD_SOLID_BREP('',#14);
#14=CLOSED_SHELL('',(#48,#49,#50,#51,#52,#53,#54,#55,#56,#57,#58,#59,#60,#61,#62,
#63,#64,#65,#66,#67,#68,#69,#70,#71,#72,#73,#74,#75,#76,#77,#78,#79,#80,#81,#82,
#83,#84,#85,#86,#87,#88,#89,#90,#91,#92,#93,#94,#95,#96,#97,#98,#99,#100,#101,#102,
#103,#104,#105,#106,#107,#108,#109,#110,#111,#112,#113,#114,#115,#116,#117,#118,
#119,#120,#121,#122,#123,#124,#125,#126,#127,#128,#129,#130,#131,#132,#133,#134));
#15=COLOUR_RGB('',0.564705882352941,0.564705882352941,0.564705882352941);
#16=FILL_AREA_STYLE_COLOUR('',#15);
#17=FILL_AREA_STYLE($,(#16));
#18=SURFACE_STYLE_FILL_AREA(#17);
#19=SURFACE_SIDE_STYLE('',(#18));
#20=SURFACE_STYLE_USAGE(.BOTH.,#19);
#21=PRESENTATION_STYLE_ASSIGNMENT((#20));
#22=MECHANICAL_DESIGN_GEOMETRIC_PRESENTATION_REPRESENTATION('NONE',(#23),#8);
#23=STYLED_ITEM('',(#21),#13);
#24=ADVANCED_BREP_SHAPE_REPRESENTATION('NONE',(#13),#8);
#25=SHAPE_REPRESENTATION_RELATIONSHIP('','',#3,#24);
#26=PRODUCT_DEFINITION_SHAPE('NONE','NONE',#1);
#27=MECHANICAL_CONTEXT('NONE',#32,'mechanical');
#28=PRODUCT_DEFINITION_FORMATION_WITH_SPECIFIED_SOURCE('ANY','UNSPECIFIED',#29,.NOT_KNOWN.);
#29=PRODUCT('','itemBackPlank','NONE',(#27));
#30=PRODUCT_RELATED_PRODUCT_CATEGORY('detail','',(#29));
#31=DESIGN_CONTEXT('detailed design',#32,'design');
#32=APPLICATION_CONTEXT('configuration controlled 3d designs of mechanical parts and assemblies');
#33=APPLICATION_PROTOCOL_DEFINITION('international standard','config_control_design',
1994,#32);
#34=CC_DESIGN_DATE_AND_TIME_ASSIGNMENT(#35,#39,(#1));
#35=DATE_AND_TIME(#36,#37);
#36=CALENDAR_DATE(0,1,1);
#37=LOCAL_TIME(0,0,0.,#38);
#38=COORDINATED_UNIVERSAL_TIME_OFFSET(0,0,.AHEAD.);
#39=DATE_TIME_ROLE('creation_date');
#40=CC_DESIGN_APPROVAL(#41,(#1));
#41=APPROVAL(#42,'UNSPECIFIED');
#42=APPROVAL_STATUS('not_yet_approved');
#43=APPROVAL_DATE_TIME(#44,#41);
#44=DATE_AND_TIME(#45,#46);
#45=CALENDAR_DATE(0,1,1);
#46=LOCAL_TIME(0,0,0.,#47);
#47=COORDINATED_UNIVERSAL_TIME_OFFSET(0,0,.AHEAD.);
#48=ADVANCED_FACE('',(#135,#137,#139,#141,#143,#145,#147,#149,#151,#153,#155),#157,
.F.);
#49=ADVANCED_FACE('',(#162),#164,.T.);
#50=ADVANCED_FACE('',(#169),#171,.T.);
#51=ADVANCED_FACE('',(#176),#178,.T.);
#52=ADVANCED_FACE('',(#183),#185,.T.);
#53=ADVANCED_FACE('',(#190),#192,.T.);
#54=ADVANCED_FACE('',(#197),#199,.T.);
#55=ADVANCED_FACE('',(#204),#206,.T.);
#56=ADVANCED_FACE('',(#211),#213,.T.);
#57=ADVANCED_FACE('',(#218,#220),#222,.F.);
#58=ADVANCED_FACE('',(#227,#229),#231,.F.);
#59=ADVANCED_FACE('',(#236,#238),#240,.F.);
#60=ADVANCED_FACE('',(#245,#247),#249,.F.);
#61=ADVANCED_FACE('',(#254,#256),#258,.T.);
#62=ADVANCED_FACE('',(#263,#265),#267,.T.);
#63=ADVANCED_FACE('',(#272),#274,.F.);
#64=ADVANCED_FACE('',(#279),#281,.F.);
#65=ADVANCED_FACE('',(#286),#288,.F.);
#66=ADVANCED_FACE('',(#293),#295,.F.);
#67=ADVANCED_FACE('',(#300),#302,.F.);
#68=ADVANCED_FACE('',(#307),#309,.F.);
#69=ADVANCED_FACE('',(#314),#316,.F.);
#70=ADVANCED_FACE('',(#321),#323,.F.);
#71=ADVANCED_FACE('',(#328),#330,.T.);
#72=ADVANCED_FACE('',(#335),#337,.T.);
#73=ADVANCED_FACE('',(#342),#344,.T.);
#74=ADVANCED_FACE('',(#349,#351,#353,#355,#357),#359,.T.);
#75=ADVANCED_FACE('',(#364,#366),#368,.T.);
#76=ADVANCED_FACE('',(#373,#375),#377,.T.);
#77=ADVANCED_FACE('',(#382),#384,.T.);
#78=ADVANCED_FACE('',(#389),#391,.T.);
#79=ADVANCED_FACE('',(#396),#398,.T.);
#80=ADVANCED_FACE('',(#403),#405,.T.);
#81=ADVANCED_FACE('',(#410),#412,.T.);
#82=ADVANCED_FACE('',(#417),#419,.T.);
#83=ADVANCED_FACE('',(#424),#426,.T.);
#84=ADVANCED_FACE('',(#431),#433,.T.);
#85=ADVANCED_FACE('',(#438),#440,.T.);
#86=ADVANCED_FACE('',(#445),#447,.T.);
#87=ADVANCED_FACE('',(#452,#454),#456,.T.);
#88=ADVANCED_FACE('',(#461,#463),#465,.T.);
#89=ADVANCED_FACE('',(#470),#472,.T.);
#90=ADVANCED_FACE('',(#477),#479,.T.);
#91=ADVANCED_FACE('',(#484),#486,.T.);
#92=ADVANCED_FACE('',(#491),#493,.F.);
#93=ADVANCED_FACE('',(#498),#500,.T.);
#94=ADVANCED_FACE('',(#505),#507,.F.);
#95=ADVANCED_FACE('',(#512),#514,.T.);
#96=ADVANCED_FACE('',(#519),#521,.T.);
#97=ADVANCED_FACE('',(#526),#528,.T.);
#98=ADVANCED_FACE('',(#533),#535,.F.);
#99=ADVANCED_FACE('',(#540),#542,.T.);
#100=ADVANCED_FACE('',(#547),#549,.F.);
#101=ADVANCED_FACE('',(#554),#556,.T.);
#102=ADVANCED_FACE('',(#561),#563,.T.);
#103=ADVANCED_FACE('',(#568),#570,.F.);
#104=ADVANCED_FACE('',(#575),#577,.T.);
#105=ADVANCED_FACE('',(#582),#584,.F.);
#106=ADVANCED_FACE('',(#589),#591,.T.);
#107=ADVANCED_FACE('',(#596,#598),#600,.T.);
#108=ADVANCED_FACE('',(#605,#607),#609,.T.);
#109=ADVANCED_FACE('',(#614),#616,.T.);
#110=ADVANCED_FACE('',(#621),#623,.T.);
#111=ADVANCED_FACE('',(#628),#630,.F.);
#112=ADVANCED_FACE('',(#635),#637,.T.);
#113=ADVANCED_FACE('',(#642),#644,.F.);
#114=ADVANCED_FACE('',(#649),#651,.T.);
#115=ADVANCED_FACE('',(#656),#658,.F.);
#116=ADVANCED_FACE('',(#663),#665,.T.);
#117=ADVANCED_FACE('',(#670),#672,.F.);
#118=ADVANCED_FACE('',(#677),#679,.T.);
#119=ADVANCED_FACE('',(#684),#686,.F.);
#120=ADVANCED_FACE('',(#691),#693,.T.);
#121=ADVANCED_FACE('',(#698),#700,.F.);
#122=ADVANCED_FACE('',(#705),#707,.T.);
#123=ADVANCED_FACE('',(#712),#714,.F.);
#124=ADVANCED_FACE('',(#719),#721,.T.);
#125=ADVANCED_FACE('',(#726),#728,.F.);
#126=ADVANCED_FACE('',(#733),#735,.T.);
#127=ADVANCED_FACE('',(#740),#742,.F.);
#128=ADVANCED_FACE('',(#747),#749,.T.);
#129=ADVANCED_FACE('',(#754),#756,.F.);
#130=ADVANCED_FACE('',(#761),#763,.T.);
#131=ADVANCED_FACE('',(#768),#770,.F.);
#132=ADVANCED_FACE('',(#775),#777,.T.);
#133=ADVANCED_FACE('',(#782),#784,.F.);
#134=ADVANCED_FACE('',(#789),#791,.T.);
#135=FACE_BOUND('',#136,.T.);
#136=EDGE_LOOP('',(#796,#797,#798,#799,#800,#801,#802,#803));
#137=FACE_BOUND('',#138,.T.);
#138=EDGE_LOOP('',(#804,#805,#806,#807,#808,#809,#810,#811));
#139=FACE_BOUND('',#140,.T.);
#140=EDGE_LOOP('',(#812,#813,#814,#815,#816,#817,#818,#819));
#141=FACE_BOUND('',#142,.T.);
#142=EDGE_LOOP('',(#820,#821,#822,#823,#824,#825,#826,#827));
#143=FACE_BOUND('',#144,.T.);
#144=EDGE_LOOP('',(#828));
#145=FACE_BOUND('',#146,.T.);
#146=EDGE_LOOP('',(#829));
#147=FACE_BOUND('',#148,.T.);
#148=EDGE_LOOP('',(#830));
#149=FACE_BOUND('',#150,.T.);
#150=EDGE_LOOP('',(#831));
#151=FACE_BOUND('',#152,.T.);
#152=EDGE_LOOP('',(#832));
#153=FACE_BOUND('',#154,.T.);
#154=EDGE_LOOP('',(#833));
#155=FACE_BOUND('',#156,.T.);
#156=EDGE_LOOP('',(#834,#835,#836,#837,#838,#839,#840,#841));
#157=PLANE('',#158);
#158=AXIS2_PLACEMENT_3D('',#159,#160,#161);
#159=CARTESIAN_POINT('',(0.,0.,0.));
#160=DIRECTION('',(0.,0.,1.));
#161=DIRECTION('',(-1.,1.22464679914735E-16,0.));
#162=FACE_BOUND('',#163,.T.);
#163=EDGE_LOOP('',(#842,#843,#844,#845));
#164=CYLINDRICAL_SURFACE('',#165,4.);
#165=AXIS2_PLACEMENT_3D('',#166,#167,#168);
#166=CARTESIAN_POINT('',(43.5,56.,-14.));
#167=DIRECTION('',(0.,0.,-1.));
#168=DIRECTION('',(0.,1.,0.));
#169=FACE_BOUND('',#170,.T.);
#170=EDGE_LOOP('',(#846,#847,#848,#849));
#171=PLANE('',#172);
#172=AXIS2_PLACEMENT_3D('',#173,#174,#175);
#173=CARTESIAN_POINT('',(47.5,-60.,0.));
#174=DIRECTION('',(1.,-1.1842378929335E-16,0.));
#175=DIRECTION('',(1.1842378929335E-16,1.,0.));
#176=FACE_BOUND('',#177,.T.);
#177=EDGE_LOOP('',(#850,#851,#852,#853));
#178=CYLINDRICAL_SURFACE('',#179,4.);
#179=AXIS2_PLACEMENT_3D('',#180,#181,#182);
#180=CARTESIAN_POINT('',(43.5,-56.,-14.));
#181=DIRECTION('',(0.,0.,-1.));
#182=DIRECTION('',(1.,0.,0.));
#183=FACE_BOUND('',#184,.T.);
#184=EDGE_LOOP('',(#854,#855,#856,#857));
#185=PLANE('',#186);
#186=AXIS2_PLACEMENT_3D('',#187,#188,#189);
#187=CARTESIAN_POINT('',(-47.5,-60.,0.));
#188=DIRECTION('',(-1.49587944370547E-16,-1.,0.));
#189=DIRECTION('',(1.,-1.49587944370547E-16,0.));
#190=FACE_BOUND('',#191,.T.);
#191=EDGE_LOOP('',(#858,#859,#860,#861));
#192=CYLINDRICAL_SURFACE('',#193,4.);
#193=AXIS2_PLACEMENT_3D('',#194,#195,#196);
#194=CARTESIAN_POINT('',(-43.5,-56.,-14.));
#195=DIRECTION('',(0.,0.,-1.));
#196=DIRECTION('',(0.,-1.,0.));
#197=FACE_BOUND('',#198,.T.);
#198=EDGE_LOOP('',(#862,#863,#864,#865));
#199=PLANE('',#200);
#200=AXIS2_PLACEMENT_3D('',#201,#202,#203);
#201=CARTESIAN_POINT('',(-47.5,60.,0.));
#202=DIRECTION('',(-1.,1.1842378929335E-16,0.));
#203=DIRECTION('',(-1.1842378929335E-16,-1.,0.));
#204=FACE_BOUND('',#205,.T.);
#205=EDGE_LOOP('',(#866,#867,#868,#869));
#206=CYLINDRICAL_SURFACE('',#207,4.);
#207=AXIS2_PLACEMENT_3D('',#208,#209,#210);
#208=CARTESIAN_POINT('',(-43.5,56.,-14.));
#209=DIRECTION('',(0.,0.,-1.));
#210=DIRECTION('',(-1.,0.,0.));
#211=FACE_BOUND('',#212,.T.);
#212=EDGE_LOOP('',(#870,#871,#872,#873));
#213=PLANE('',#214);
#214=AXIS2_PLACEMENT_3D('',#215,#216,#217);
#215=CARTESIAN_POINT('',(47.5,60.,0.));
#216=DIRECTION('',(1.49587944370547E-16,1.,0.));
#217=DIRECTION('',(-1.,1.49587944370547E-16,0.));
#218=FACE_OUTER_BOUND('',#219,.T.);
#219=EDGE_LOOP('',(#874));
#220=FACE_OUTER_BOUND('',#221,.T.);
#221=EDGE_LOOP('',(#875));
#222=CYLINDRICAL_SURFACE('',#223,3.);
#223=AXIS2_PLACEMENT_3D('',#224,#225,#226);
#224=CARTESIAN_POINT('',(42.5,55.,-1.77635683940025E-15));
#225=DIRECTION('',(0.,0.,1.));
#226=DIRECTION('',(6.12323399573676E-17,-1.,0.));
#227=FACE_OUTER_BOUND('',#228,.T.);
#228=EDGE_LOOP('',(#876));
#229=FACE_OUTER_BOUND('',#230,.T.);
#230=EDGE_LOOP('',(#877));
#231=CYLINDRICAL_SURFACE('',#232,3.);
#232=AXIS2_PLACEMENT_3D('',#233,#234,#235);
#233=CARTESIAN_POINT('',(-42.9,55.,-1.77635683940025E-15));
#234=DIRECTION('',(0.,0.,1.));
#235=DIRECTION('',(6.12323399573676E-17,-1.,0.));
#236=FACE_OUTER_BOUND('',#237,.T.);
#237=EDGE_LOOP('',(#878));
#238=FACE_OUTER_BOUND('',#239,.T.);
#239=EDGE_LOOP('',(#879));
#240=CYLINDRICAL_SURFACE('',#241,3.);
#241=AXIS2_PLACEMENT_3D('',#242,#243,#244);
#242=CARTESIAN_POINT('',(-42.9,-55.,-1.77635683940025E-15));
#243=DIRECTION('',(0.,0.,1.));
#244=DIRECTION('',(6.12323399573676E-17,-1.,0.));
#245=FACE_OUTER_BOUND('',#246,.T.);
#246=EDGE_LOOP('',(#880));
#247=FACE_OUTER_BOUND('',#248,.T.);
#248=EDGE_LOOP('',(#881));
#249=CYLINDRICAL_SURFACE('',#250,3.);
#250=AXIS2_PLACEMENT_3D('',#251,#252,#253);
#251=CARTESIAN_POINT('',(41.5,-49.,-1.77635683940025E-15));
#252=DIRECTION('',(0.,0.,1.));
#253=DIRECTION('',(6.12323399573676E-17,-1.,0.));
#254=FACE_OUTER_BOUND('',#255,.T.);
#255=EDGE_LOOP('',(#882));
#256=FACE_OUTER_BOUND('',#257,.T.);
#257=EDGE_LOOP('',(#883));
#258=CYLINDRICAL_SURFACE('',#259,8.);
#259=AXIS2_PLACEMENT_3D('',#260,#261,#262);
#260=CARTESIAN_POINT('',(26.5,47.,0.));
#261=DIRECTION('',(0.,0.,-1.));
#262=DIRECTION('',(-6.12323399573677E-17,-1.,0.));
#263=FACE_OUTER_BOUND('',#264,.T.);
#264=EDGE_LOOP('',(#884));
#265=FACE_OUTER_BOUND('',#266,.T.);
#266=EDGE_LOOP('',(#885));
#267=CYLINDRICAL_SURFACE('',#268,8.);
#268=AXIS2_PLACEMENT_3D('',#269,#270,#271);
#269=CARTESIAN_POINT('',(26.5,-47.,0.));
#270=DIRECTION('',(0.,0.,-1.));
#271=DIRECTION('',(-6.12323399573677E-17,-1.,0.));
#272=FACE_BOUND('',#273,.T.);
#273=EDGE_LOOP('',(#886,#887,#888,#889));
#274=CYLINDRICAL_SURFACE('',#275,4.);
#275=AXIS2_PLACEMENT_3D('',#276,#277,#278);
#276=CARTESIAN_POINT('',(40.5,-41.,-4.));
#277=DIRECTION('',(0.,1.,0.));
#278=DIRECTION('',(-1.,0.,0.));
#279=FACE_BOUND('',#280,.T.);
#280=EDGE_LOOP('',(#890,#891,#892,#893));
#281=TOROIDAL_SURFACE('',#282,5.,4.);
#282=AXIS2_PLACEMENT_3D('',#283,#284,#285);
#283=CARTESIAN_POINT('',(35.5,25.,-4.));
#284=DIRECTION('',(0.,0.,1.));
#285=DIRECTION('',(-1.4210854715202E-14,-1.,0.));
#286=FACE_BOUND('',#287,.T.);
#287=EDGE_LOOP('',(#894,#895,#896,#897));
#288=CYLINDRICAL_SURFACE('',#289,4.);
#289=AXIS2_PLACEMENT_3D('',#290,#291,#292);
#290=CARTESIAN_POINT('',(51.5,30.,-4.));
#291=DIRECTION('',(-1.,2.11052297750525E-16,0.));
#292=DIRECTION('',(-2.11052297750525E-16,-1.,1.11022302462516E-16));
#293=FACE_BOUND('',#294,.T.);
#294=EDGE_LOOP('',(#898,#899,#900,#901));
#295=TOROIDAL_SURFACE('',#296,4.5,4.);
#296=AXIS2_PLACEMENT_3D('',#297,#298,#299);
#297=CARTESIAN_POINT('',(17.,25.5,-4.));
#298=DIRECTION('',(0.,0.,1.));
#299=DIRECTION('',(1.,2.8421709430404E-14,0.));
#300=FACE_BOUND('',#301,.T.);
#301=EDGE_LOOP('',(#902,#903,#904,#905,#906,#907));
#302=CYLINDRICAL_SURFACE('',#303,4.);
#303=AXIS2_PLACEMENT_3D('',#304,#305,#306);
#304=CARTESIAN_POINT('',(12.5,41.5,-4.));
#305=DIRECTION('',(0.,-1.,0.));
#306=DIRECTION('',(1.,0.,0.));
#307=FACE_BOUND('',#308,.T.);
#308=EDGE_LOOP('',(#908,#909,#910,#911));
#309=TOROIDAL_SURFACE('',#310,4.5,4.);
#310=AXIS2_PLACEMENT_3D('',#311,#312,#313);
#311=CARTESIAN_POINT('',(17.,-25.5,-4.));
#312=DIRECTION('',(0.,0.,1.));
#313=DIRECTION('',(0.,1.,0.));
#314=FACE_BOUND('',#315,.T.);
#315=EDGE_LOOP('',(#912,#913,#914,#915));
#316=CYLINDRICAL_SURFACE('',#317,4.);
#317=AXIS2_PLACEMENT_3D('',#318,#319,#320);
#318=CARTESIAN_POINT('',(1.,-30.,-4.));
#319=DIRECTION('',(1.,-2.81403063667366E-16,0.));
#320=DIRECTION('',(2.81403063667366E-16,1.,0.));
#321=FACE_BOUND('',#322,.T.);
#322=EDGE_LOOP('',(#916,#917,#918,#919));
#323=TOROIDAL_SURFACE('',#324,5.,4.);
#324=AXIS2_PLACEMENT_3D('',#325,#326,#327);
#325=CARTESIAN_POINT('',(35.5,-25.,-4.));
#326=DIRECTION('',(0.,0.,1.));
#327=DIRECTION('',(-1.,3.5527136788005E-15,0.));
#328=FACE_BOUND('',#329,.T.);
#329=EDGE_LOOP('',(#920,#921,#922,#923,#924,#925,#926,#927));
#330=PLANE('',#331);
#331=AXIS2_PLACEMENT_3D('',#332,#333,#334);
#332=CARTESIAN_POINT('',(0.,0.,1.));
#333=DIRECTION('',(0.,0.,-1.));
#334=DIRECTION('',(-1.,0.,0.));
#335=FACE_BOUND('',#336,.T.);
#336=EDGE_LOOP('',(#928,#929,#930,#931,#932,#933,#934,#935));
#337=PLANE('',#338);
#338=AXIS2_PLACEMENT_3D('',#339,#340,#341);
#339=CARTESIAN_POINT('',(0.,0.,1.));
#340=DIRECTION('',(0.,0.,-1.));
#341=DIRECTION('',(-1.,0.,0.));
#342=FACE_BOUND('',#343,.T.);
#343=EDGE_LOOP('',(#936,#937,#938,#939,#940,#941,#942,#943));
#344=PLANE('',#345);
#345=AXIS2_PLACEMENT_3D('',#346,#347,#348);
#346=CARTESIAN_POINT('',(0.,0.,1.));
#347=DIRECTION('',(0.,0.,-1.));
#348=DIRECTION('',(-1.,0.,0.));
#349=FACE_BOUND('',#350,.T.);
#350=EDGE_LOOP('',(#944,#945,#946,#947,#948,#949,#950,#951));
#351=FACE_BOUND('',#352,.T.);
#352=EDGE_LOOP('',(#952));
#353=FACE_BOUND('',#354,.T.);
#354=EDGE_LOOP('',(#953));
#355=FACE_BOUND('',#356,.T.);
#356=EDGE_LOOP('',(#954));
#357=FACE_BOUND('',#358,.T.);
#358=EDGE_LOOP('',(#955));
#359=PLANE('',#360);
#360=AXIS2_PLACEMENT_3D('',#361,#362,#363);
#361=CARTESIAN_POINT('',(0.,0.,2.));
#362=DIRECTION('',(0.,0.,1.));
#363=DIRECTION('',(-1.,1.22464679914735E-16,0.));
#364=FACE_BOUND('',#365,.T.);
#365=EDGE_LOOP('',(#956));
#366=FACE_BOUND('',#367,.T.);
#367=EDGE_LOOP('',(#957));
#368=PLANE('',#369);
#369=AXIS2_PLACEMENT_3D('',#370,#371,#372);
#370=CARTESIAN_POINT('',(0.,0.,-18.));
#371=DIRECTION('',(0.,0.,-1.));
#372=DIRECTION('',(-6.12323399573677E-17,-1.,0.));
#373=FACE_BOUND('',#374,.T.);
#374=EDGE_LOOP('',(#958));
#375=FACE_BOUND('',#376,.T.);
#376=EDGE_LOOP('',(#959));
#377=PLANE('',#378);
#378=AXIS2_PLACEMENT_3D('',#379,#380,#381);
#379=CARTESIAN_POINT('',(0.,0.,-18.));
#380=DIRECTION('',(0.,0.,-1.));
#381=DIRECTION('',(-6.12323399573677E-17,-1.,0.));
#382=FACE_BOUND('',#383,.T.);
#383=EDGE_LOOP('',(#960,#961,#962,#963));
#384=PLANE('',#385);
#385=AXIS2_PLACEMENT_3D('',#386,#387,#388);
#386=CARTESIAN_POINT('',(36.5,26.,0.));
#387=DIRECTION('',(1.,0.,0.));
#388=DIRECTION('',(0.,-1.,0.));
#389=FACE_BOUND('',#390,.T.);
#390=EDGE_LOOP('',(#964,#965,#966,#967));
#391=CYLINDRICAL_SURFACE('',#392,1.);
#392=AXIS2_PLACEMENT_3D('',#393,#394,#395);
#393=CARTESIAN_POINT('',(35.5,25.,4.));
#394=DIRECTION('',(0.,0.,1.));
#395=DIRECTION('',(1.,0.,0.));
#396=FACE_BOUND('',#397,.T.);
#397=EDGE_LOOP('',(#968,#969,#970,#971));
#398=PLANE('',#399);
#399=AXIS2_PLACEMENT_3D('',#400,#401,#402);
#400=CARTESIAN_POINT('',(16.5,26.,0.));
#401=DIRECTION('',(1.77635683940025E-16,1.,0.));
#402=DIRECTION('',(1.,-1.77635683940025E-16,0.));
#403=FACE_BOUND('',#404,.T.);
#404=EDGE_LOOP('',(#972,#973,#974,#975,#976));
#405=CYLINDRICAL_SURFACE('',#406,0.5);
#406=AXIS2_PLACEMENT_3D('',#407,#408,#409);
#407=CARTESIAN_POINT('',(17.,25.5,-8.88178419700125E-16));
#408=DIRECTION('',(0.,-4.44089209850063E-16,1.));
#409=DIRECTION('',(-1.,-1.4210854715202E-14,-6.31088724176809E-30));
#410=FACE_BOUND('',#411,.T.);
#411=EDGE_LOOP('',(#977,#978,#979,#980,#981,#982,#983,#984));
#412=PLANE('',#413);
#413=AXIS2_PLACEMENT_3D('',#414,#415,#416);
#414=CARTESIAN_POINT('',(0.,0.,-4.));
#415=DIRECTION('',(0.,0.,-1.));
#416=DIRECTION('',(-6.12323399573677E-17,-1.,0.));
#417=FACE_BOUND('',#418,.T.);
#418=EDGE_LOOP('',(#985,#986,#987,#988,#989,#990,#991,#992));
#419=PLANE('',#420);
#420=AXIS2_PLACEMENT_3D('',#421,#422,#423);
#421=CARTESIAN_POINT('',(0.,0.,-4.));
#422=DIRECTION('',(0.,0.,-1.));
#423=DIRECTION('',(-6.12323399573677E-17,-1.,0.));
#424=FACE_BOUND('',#425,.T.);
#425=EDGE_LOOP('',(#993,#994,#995,#996,#997,#998,#999,#1000));
#426=PLANE('',#427);
#427=AXIS2_PLACEMENT_3D('',#428,#429,#430);
#428=CARTESIAN_POINT('',(0.,0.,-4.));
#429=DIRECTION('',(0.,0.,-1.));
#430=DIRECTION('',(-6.12323399573677E-17,-1.,0.));
#431=FACE_BOUND('',#432,.T.);
#432=EDGE_LOOP('',(#1001,#1002,#1003,#1004,#1005));
#433=CYLINDRICAL_SURFACE('',#434,0.5);
#434=AXIS2_PLACEMENT_3D('',#435,#436,#437);
#435=CARTESIAN_POINT('',(17.,-25.5,2.));
#436=DIRECTION('',(0.,0.,1.));
#437=DIRECTION('',(-1.,0.,0.));
#438=FACE_BOUND('',#439,.T.);
#439=EDGE_LOOP('',(#1006,#1007,#1008,#1009));
#440=PLANE('',#441);
#441=AXIS2_PLACEMENT_3D('',#442,#443,#444);
#442=CARTESIAN_POINT('',(36.5,-26.,0.));
#443=DIRECTION('',(-1.77635683940025E-16,-1.,0.));
#444=DIRECTION('',(-1.,1.77635683940025E-16,0.));
#445=FACE_BOUND('',#446,.T.);
#446=EDGE_LOOP('',(#1010,#1011,#1012,#1013));
#447=CYLINDRICAL_SURFACE('',#448,1.);
#448=AXIS2_PLACEMENT_3D('',#449,#450,#451);
#449=CARTESIAN_POINT('',(35.5,-25.,4.));
#450=DIRECTION('',(0.,2.53765262771464E-16,1.));
#451=DIRECTION('',(0.,-1.,2.53765262771464E-16));
#452=FACE_OUTER_BOUND('',#453,.T.);
#453=EDGE_LOOP('',(#1014));
#454=FACE_OUTER_BOUND('',#455,.T.);
#455=EDGE_LOOP('',(#1015));
#456=CYLINDRICAL_SURFACE('',#457,4.);
#457=AXIS2_PLACEMENT_3D('',#458,#459,#460);
#458=CARTESIAN_POINT('',(26.5,47.,-18.));
#459=DIRECTION('',(0.,0.,-1.));
#460=DIRECTION('',(-6.12323399573677E-17,-1.,0.));
#461=FACE_BOUND('',#462,.T.);
#462=EDGE_LOOP('',(#1016,#1017));
#463=FACE_OUTER_BOUND('',#464,.T.);
#464=EDGE_LOOP('',(#1018));
#465=CYLINDRICAL_SURFACE('',#466,4.);
#466=AXIS2_PLACEMENT_3D('',#467,#468,#469);
#467=CARTESIAN_POINT('',(26.5,-47.,-18.));
#468=DIRECTION('',(0.,0.,-1.));
#469=DIRECTION('',(-6.12323399573677E-17,-1.,0.));
#470=FACE_BOUND('',#471,.T.);
#471=EDGE_LOOP('',(#1019,#1020,#1021,#1022,#1023,#1024,#1025,#1026,#1027,#1028,#1029,
#1030,#1031,#1032,#1033,#1034,#1035,#1036,#1037,#1038,#1039,#1040,#1041,#1042));
#472=PLANE('',#473);
#473=AXIS2_PLACEMENT_3D('',#474,#475,#476);
#474=CARTESIAN_POINT('',(0.,0.,-6.));
#475=DIRECTION('',(0.,0.,-1.));
#476=DIRECTION('',(-6.12323399573677E-17,-1.,0.));
#477=FACE_BOUND('',#478,.T.);
#478=EDGE_LOOP('',(#1043,#1044,#1045,#1046));
#479=PLANE('',#480);
#480=AXIS2_PLACEMENT_3D('',#481,#482,#483);
#481=CARTESIAN_POINT('',(35.5,25.,-4.));
#482=DIRECTION('',(-1.86984930463184E-16,-1.,0.));
#483=DIRECTION('',(-1.,1.86984930463184E-16,0.));
#484=FACE_BOUND('',#485,.T.);
#485=EDGE_LOOP('',(#1047,#1048,#1049,#1050,#1051));
#486=CYLINDRICAL_SURFACE('',#487,0.5);
#487=AXIS2_PLACEMENT_3D('',#488,#489,#490);
#488=CARTESIAN_POINT('',(17.,5.5,-8.88178419700125E-16));
#489=DIRECTION('',(0.,0.,1.));
#490=DIRECTION('',(-1.,0.,0.));
#491=FACE_BOUND('',#492,.T.);
#492=EDGE_LOOP('',(#1052,#1053,#1054,#1055));
#493=CYLINDRICAL_SURFACE('',#494,1.);
#494=AXIS2_PLACEMENT_3D('',#495,#496,#497);
#495=CARTESIAN_POINT('',(34.5,24.,0.));
#496=DIRECTION('',(0.,0.,-1.));
#497=DIRECTION('',(0.,1.,0.));
#498=FACE_BOUND('',#499,.T.);
#499=EDGE_LOOP('',(#1056,#1057,#1058,#1059));
#500=PLANE('',#501);
#501=AXIS2_PLACEMENT_3D('',#502,#503,#504);
#502=CARTESIAN_POINT('',(35.5,6.,-4.));
#503=DIRECTION('',(-1.,0.,0.));
#504=DIRECTION('',(0.,1.,0.));
#505=FACE_BOUND('',#506,.T.);
#506=EDGE_LOOP('',(#1060,#1061,#1062,#1063));
#507=CYLINDRICAL_SURFACE('',#508,1.);
#508=AXIS2_PLACEMENT_3D('',#509,#510,#511);
#509=CARTESIAN_POINT('',(34.5,7.,8.88178419700125E-16));
#510=DIRECTION('',(0.,0.,-1.));
#511=DIRECTION('',(1.,0.,0.));
#512=FACE_BOUND('',#513,.T.);
#513=EDGE_LOOP('',(#1064,#1065,#1066,#1067));
#514=PLANE('',#515);
#515=AXIS2_PLACEMENT_3D('',#516,#517,#518);
#516=CARTESIAN_POINT('',(16.5,6.,-4.));
#517=DIRECTION('',(4.67462326157961E-17,1.,0.));
#518=DIRECTION('',(1.,-4.67462326157961E-17,0.));
#519=FACE_BOUND('',#520,.T.);
#520=EDGE_LOOP('',(#1068,#1069,#1070,#1071,#1072));
#521=CYLINDRICAL_SURFACE('',#522,0.5);
#522=AXIS2_PLACEMENT_3D('',#523,#524,#525);
#523=CARTESIAN_POINT('',(17.,-5.5,-8.88178419700125E-16));
#524=DIRECTION('',(0.,-2.22044604925031E-16,1.));
#525=DIRECTION('',(-1.,-3.94430452610506E-31,0.));
#526=FACE_BOUND('',#527,.T.);
#527=EDGE_LOOP('',(#1073,#1074,#1075,#1076));
#528=PLANE('',#529);
#529=AXIS2_PLACEMENT_3D('',#530,#531,#532);
#530=CARTESIAN_POINT('',(35.5,5.,-4.));
#531=DIRECTION('',(-4.67462326157961E-17,-1.,0.));
#532=DIRECTION('',(-1.,4.67462326157961E-17,0.));
#533=FACE_BOUND('',#534,.T.);
#534=EDGE_LOOP('',(#1077,#1078,#1079,#1080));
#535=CYLINDRICAL_SURFACE('',#536,1.);
#536=AXIS2_PLACEMENT_3D('',#537,#538,#539);
#537=CARTESIAN_POINT('',(34.5,4.,0.));
#538=DIRECTION('',(0.,0.,-1.));
#539=DIRECTION('',(0.,1.,0.));
#540=FACE_BOUND('',#541,.T.);
#541=EDGE_LOOP('',(#1081,#1082,#1083,#1084));
#542=PLANE('',#543);
#543=AXIS2_PLACEMENT_3D('',#544,#545,#546);
#544=CARTESIAN_POINT('',(35.5,-5.,-4.));
#545=DIRECTION('',(-1.,0.,0.));
#546=DIRECTION('',(0.,1.,0.));
#547=FACE_BOUND('',#548,.T.);
#548=EDGE_LOOP('',(#1085,#1086,#1087,#1088));
#549=CYLINDRICAL_SURFACE('',#550,1.);
#550=AXIS2_PLACEMENT_3D('',#551,#552,#553);
#551=CARTESIAN_POINT('',(34.5,-4.,8.88178419700125E-16));
#552=DIRECTION('',(0.,0.,-1.));
#553=DIRECTION('',(1.,0.,0.));
#554=FACE_BOUND('',#555,.T.);
#555=EDGE_LOOP('',(#1089,#1090,#1091,#1092));
#556=PLANE('',#557);
#557=AXIS2_PLACEMENT_3D('',#558,#559,#560);
#558=CARTESIAN_POINT('',(16.5,-5.,-4.));
#559=DIRECTION('',(4.67462326157961E-17,1.,0.));
#560=DIRECTION('',(1.,-4.67462326157961E-17,0.));
#561=FACE_BOUND('',#562,.T.);
#562=EDGE_LOOP('',(#1093,#1094,#1095,#1096));
#563=PLANE('',#564);
#564=AXIS2_PLACEMENT_3D('',#565,#566,#567);
#565=CARTESIAN_POINT('',(35.5,-6.,-4.));
#566=DIRECTION('',(-4.67462326157961E-17,-1.,0.));
#567=DIRECTION('',(-1.,4.67462326157961E-17,0.));
#568=FACE_BOUND('',#569,.T.);
#569=EDGE_LOOP('',(#1097,#1098,#1099,#1100));
#570=CYLINDRICAL_SURFACE('',#571,1.);
#571=AXIS2_PLACEMENT_3D('',#572,#573,#574);
#572=CARTESIAN_POINT('',(34.5,-7.,0.));
#573=DIRECTION('',(0.,0.,-1.));
#574=DIRECTION('',(0.,1.,0.));
#575=FACE_BOUND('',#576,.T.);
#576=EDGE_LOOP('',(#1101,#1102,#1103,#1104));
#577=PLANE('',#578);
#578=AXIS2_PLACEMENT_3D('',#579,#580,#581);
#579=CARTESIAN_POINT('',(35.5,-25.,-4.));
#580=DIRECTION('',(-1.,0.,0.));
#581=DIRECTION('',(0.,1.,0.));
#582=FACE_BOUND('',#583,.T.);
#583=EDGE_LOOP('',(#1105,#1106,#1107,#1108));
#584=CYLINDRICAL_SURFACE('',#585,1.);
#585=AXIS2_PLACEMENT_3D('',#586,#587,#588);
#586=CARTESIAN_POINT('',(34.5,-24.,8.88178419700125E-16));
#587=DIRECTION('',(0.,0.,-1.));
#588=DIRECTION('',(1.,0.,0.));
#589=FACE_BOUND('',#590,.T.);
#590=EDGE_LOOP('',(#1109,#1110,#1111,#1112));
#591=PLANE('',#592);
#592=AXIS2_PLACEMENT_3D('',#593,#594,#595);
#593=CARTESIAN_POINT('',(16.5,-25.,-4.));
#594=DIRECTION('',(1.86984930463184E-16,1.,0.));
#595=DIRECTION('',(1.,-1.86984930463184E-16,0.));
#596=FACE_OUTER_BOUND('',#597,.T.);
#597=EDGE_LOOP('',(#1113));
#598=FACE_OUTER_BOUND('',#599,.T.);
#599=EDGE_LOOP('',(#1114));
#600=CONICAL_SURFACE('',#601,2.3,0.16839015714753);
#601=AXIS2_PLACEMENT_3D('',#602,#603,#604);
#602=CARTESIAN_POINT('',(26.5,47.,-33.));
#603=DIRECTION('',(0.,0.,1.));
#604=DIRECTION('',(-8.88178419700125E-16,-1.,0.));
#605=FACE_BOUND('',#606,.T.);
#606=EDGE_LOOP('',(#1115,#1116));
#607=FACE_OUTER_BOUND('',#608,.T.);
#608=EDGE_LOOP('',(#1117));
#609=CONICAL_SURFACE('',#610,2.3,0.16839015714753);
#610=AXIS2_PLACEMENT_3D('',#611,#612,#613);
#611=CARTESIAN_POINT('',(26.5,-47.,-33.));
#612=DIRECTION('',(0.,0.,1.));
#613=DIRECTION('',(-1.1842378929335E-14,-1.,0.));
#614=FACE_BOUND('',#615,.T.);
#615=EDGE_LOOP('',(#1118));
#616=PLANE('',#617);
#617=AXIS2_PLACEMENT_3D('',#618,#619,#620);
#618=CARTESIAN_POINT('',(0.,0.,-43.));
#619=DIRECTION('',(0.,0.,-1.));
#620=DIRECTION('',(-6.12323399573677E-17,-1.,0.));
#621=FACE_BOUND('',#622,.T.);
#622=EDGE_LOOP('',(#1119));
#623=PLANE('',#624);
#624=AXIS2_PLACEMENT_3D('',#625,#626,#627);
#625=CARTESIAN_POINT('',(0.,0.,-43.));
#626=DIRECTION('',(0.,0.,-1.));
#627=DIRECTION('',(-6.12323399573677E-17,-1.,0.));
#628=FACE_BOUND('',#629,.T.);
#629=EDGE_LOOP('',(#1120,#1121,#1122,#1123));
#630=CONICAL_SURFACE('',#631,4.5,0.785398163397446);
#631=AXIS2_PLACEMENT_3D('',#632,#633,#634);
#632=CARTESIAN_POINT('',(-34.5,-47.,0.5));
#633=DIRECTION('',(0.,0.,-1.));
#634=DIRECTION('',(0.479425538604204,-0.877582561890372,0.));
#635=FACE_BOUND('',#636,.T.);
#636=EDGE_LOOP('',(#1124,#1125,#1126,#1127));
#637=PLANE('',#638);
#638=AXIS2_PLACEMENT_3D('',#639,#640,#641);
#639=CARTESIAN_POINT('',(-39.5,-51.,0.));
#640=DIRECTION('',(0.70710678118655,0.,-0.707106781186545));
#641=DIRECTION('',(0.,1.,0.));
#642=FACE_BOUND('',#643,.T.);
#643=EDGE_LOOP('',(#1128,#1129,#1130,#1131));
#644=CONICAL_SURFACE('',#645,4.5,0.785398163397445);
#645=AXIS2_PLACEMENT_3D('',#646,#647,#648);
#646=CARTESIAN_POINT('',(-34.5,47.,0.499999999999999));
#647=DIRECTION('',(0.,0.,-1.));
#648=DIRECTION('',(-0.877582561890373,-0.479425538604202,0.));
#649=FACE_BOUND('',#650,.T.);
#650=EDGE_LOOP('',(#1132,#1133,#1134,#1135));
#651=PLANE('',#652);
#652=AXIS2_PLACEMENT_3D('',#653,#654,#655);
#653=CARTESIAN_POINT('',(-38.5,52.,0.));
#654=DIRECTION('',(0.,-0.707106781186545,-0.70710678118655));
#655=DIRECTION('',(1.,0.,0.));
#656=FACE_BOUND('',#657,.T.);
#657=EDGE_LOOP('',(#1136,#1137,#1138,#1139));
#658=CONICAL_SURFACE('',#659,4.5,0.785398163397448);
#659=AXIS2_PLACEMENT_3D('',#660,#661,#662);
#660=CARTESIAN_POINT('',(-32.5,47.,0.5));
#661=DIRECTION('',(0.,0.,-1.));
#662=DIRECTION('',(-0.479425538604204,0.877582561890372,0.));
#663=FACE_BOUND('',#664,.T.);
#664=EDGE_LOOP('',(#1140,#1141,#1142,#1143));
#665=PLANE('',#666);
#666=AXIS2_PLACEMENT_3D('',#667,#668,#669);
#667=CARTESIAN_POINT('',(-27.5,51.,0.));
#668=DIRECTION('',(-0.707106781186546,0.,-0.707106781186549));
#669=DIRECTION('',(0.,-1.,0.));
#670=FACE_BOUND('',#671,.T.);
#671=EDGE_LOOP('',(#1144,#1145,#1146,#1147));
#672=CONICAL_SURFACE('',#673,4.5,0.785398163397448);
#673=AXIS2_PLACEMENT_3D('',#674,#675,#676);
#674=CARTESIAN_POINT('',(-32.5,-47.,0.5));
#675=DIRECTION('',(0.,0.,-1.));
#676=DIRECTION('',(0.877582561890373,0.479425538604202,0.));
#677=FACE_BOUND('',#678,.T.);
#678=EDGE_LOOP('',(#1148,#1149,#1150,#1151));
#679=PLANE('',#680);
#680=AXIS2_PLACEMENT_3D('',#681,#682,#683);
#681=CARTESIAN_POINT('',(-28.5,-52.,0.));
#682=DIRECTION('',(0.,0.70710678118655,-0.707106781186545));
#683=DIRECTION('',(-1.,0.,0.));
#684=FACE_BOUND('',#685,.T.);
#685=EDGE_LOOP('',(#1152,#1153,#1154,#1155));
#686=CONICAL_SURFACE('',#687,4.5,0.785398163397447);
#687=AXIS2_PLACEMENT_3D('',#688,#689,#690);
#688=CARTESIAN_POINT('',(-1.5,47.,0.499999999999999));
#689=DIRECTION('',(0.,0.,-1.));
#690=DIRECTION('',(-0.479425538604203,0.877582561890373,0.));
#691=FACE_BOUND('',#692,.T.);
#692=EDGE_LOOP('',(#1156,#1157,#1158,#1159));
#693=PLANE('',#694);
#694=AXIS2_PLACEMENT_3D('',#695,#696,#697);
#695=CARTESIAN_POINT('',(3.5,51.,0.));
#696=DIRECTION('',(-0.707106781186547,0.,-0.707106781186547));
#697=DIRECTION('',(0.,-1.,0.));
#698=FACE_BOUND('',#699,.T.);
#699=EDGE_LOOP('',(#1160,#1161,#1162,#1163));
#700=CONICAL_SURFACE('',#701,4.5,0.785398163397449);
#701=AXIS2_PLACEMENT_3D('',#702,#703,#704);
#702=CARTESIAN_POINT('',(-1.5,-47.,0.5));
#703=DIRECTION('',(0.,0.,-1.));
#704=DIRECTION('',(0.877582561890372,0.479425538604204,0.));
#705=FACE_BOUND('',#706,.T.);
#706=EDGE_LOOP('',(#1164,#1165,#1166,#1167));
#707=PLANE('',#708);
#708=AXIS2_PLACEMENT_3D('',#709,#710,#711);
#709=CARTESIAN_POINT('',(2.5,-52.,0.));
#710=DIRECTION('',(0.,0.707106781186547,-0.707106781186547));
#711=DIRECTION('',(-1.,0.,0.));
#712=FACE_BOUND('',#713,.T.);
#713=EDGE_LOOP('',(#1168,#1169,#1170,#1171));
#714=CONICAL_SURFACE('',#715,4.5,0.785398163397447);
#715=AXIS2_PLACEMENT_3D('',#716,#717,#718);
#716=CARTESIAN_POINT('',(-3.5,-47.,0.5));
#717=DIRECTION('',(0.,0.,-1.));
#718=DIRECTION('',(0.479425538604203,-0.877582561890373,0.));
#719=FACE_BOUND('',#720,.T.);
#720=EDGE_LOOP('',(#1172,#1173,#1174,#1175));
#721=PLANE('',#722);
#722=AXIS2_PLACEMENT_3D('',#723,#724,#725);
#723=CARTESIAN_POINT('',(-8.5,-51.,0.));
#724=DIRECTION('',(0.707106781186548,0.,-0.707106781186547));
#725=DIRECTION('',(0.,1.,0.));
#726=FACE_BOUND('',#727,.T.);
#727=EDGE_LOOP('',(#1176,#1177,#1178,#1179));
#728=CONICAL_SURFACE('',#729,4.5,0.785398163397447);
#729=AXIS2_PLACEMENT_3D('',#730,#731,#732);
#730=CARTESIAN_POINT('',(-3.5,47.,0.5));
#731=DIRECTION('',(0.,0.,-1.));
#732=DIRECTION('',(-0.877582561890372,-0.479425538604204,0.));
#733=FACE_BOUND('',#734,.T.);
#734=EDGE_LOOP('',(#1180,#1181,#1182,#1183));
#735=PLANE('',#736);
#736=AXIS2_PLACEMENT_3D('',#737,#738,#739);
#737=CARTESIAN_POINT('',(-7.5,52.,0.));
#738=DIRECTION('',(0.,-0.707106781186547,-0.707106781186547));
#739=DIRECTION('',(1.,0.,0.));
#740=FACE_BOUND('',#741,.T.);
#741=EDGE_LOOP('',(#1184,#1185,#1186,#1187));
#742=CONICAL_SURFACE('',#743,4.5,0.785398163397447);
#743=AXIS2_PLACEMENT_3D('',#744,#745,#746);
#744=CARTESIAN_POINT('',(-17.,47.,0.5));
#745=DIRECTION('',(0.,0.,-1.));
#746=DIRECTION('',(-0.479425538604203,0.877582561890373,0.));
#747=FACE_BOUND('',#748,.T.);
#748=EDGE_LOOP('',(#1188,#1189,#1190,#1191));
#749=PLANE('',#750);
#750=AXIS2_PLACEMENT_3D('',#751,#752,#753);
#751=CARTESIAN_POINT('',(-12.,51.,0.));
#752=DIRECTION('',(-0.707106781186547,0.,-0.707106781186548));
#753=DIRECTION('',(0.,-1.,0.));
#754=FACE_BOUND('',#755,.T.);
#755=EDGE_LOOP('',(#1192,#1193,#1194,#1195));
#756=CONICAL_SURFACE('',#757,4.5,0.785398163397448);
#757=AXIS2_PLACEMENT_3D('',#758,#759,#760);
#758=CARTESIAN_POINT('',(-17.,-47.,0.499999999999999));
#759=DIRECTION('',(0.,0.,-1.));
#760=DIRECTION('',(0.877582561890372,0.479425538604204,0.));
#761=FACE_BOUND('',#762,.T.);
#762=EDGE_LOOP('',(#1196,#1197,#1198,#1199));
#763=PLANE('',#764);
#764=AXIS2_PLACEMENT_3D('',#765,#766,#767);
#765=CARTESIAN_POINT('',(-13.,-52.,0.));
#766=DIRECTION('',(0.,0.707106781186548,-0.707106781186548));
#767=DIRECTION('',(-1.,0.,0.));
#768=FACE_BOUND('',#769,.T.);
#769=EDGE_LOOP('',(#1200,#1201,#1202,#1203));
#770=CONICAL_SURFACE('',#771,4.5,0.785398163397447);
#771=AXIS2_PLACEMENT_3D('',#772,#773,#774);
#772=CARTESIAN_POINT('',(-19.,-47.,0.5));
#773=DIRECTION('',(0.,0.,-1.));
#774=DIRECTION('',(0.479425538604203,-0.877582561890373,0.));
#775=FACE_BOUND('',#776,.T.);
#776=EDGE_LOOP('',(#1204,#1205,#1206,#1207));
#777=PLANE('',#778);
#778=AXIS2_PLACEMENT_3D('',#779,#780,#781);
#779=CARTESIAN_POINT('',(-24.,-51.,0.));
#780=DIRECTION('',(0.707106781186547,0.,-0.707106781186547));
#781=DIRECTION('',(0.,1.,0.));
#782=FACE_BOUND('',#783,.T.);
#783=EDGE_LOOP('',(#1208,#1209,#1210,#1211));
#784=CONICAL_SURFACE('',#785,4.5,0.785398163397447);
#785=AXIS2_PLACEMENT_3D('',#786,#787,#788);
#786=CARTESIAN_POINT('',(-19.,47.,0.499999999999999));
#787=DIRECTION('',(0.,0.,-1.));
#788=DIRECTION('',(-0.877582561890372,-0.479425538604204,0.));
#789=FACE_BOUND('',#790,.T.);
#790=EDGE_LOOP('',(#1212,#1213,#1214,#1215));
#791=PLANE('',#792);
#792=AXIS2_PLACEMENT_3D('',#793,#794,#795);
#793=CARTESIAN_POINT('',(-23.,52.,0.));
#794=DIRECTION('',(0.,-0.707106781186553,-0.707106781186543));
#795=DIRECTION('',(1.,0.,0.));
#796=ORIENTED_EDGE('',*,*,#1216,.F.);
#797=ORIENTED_EDGE('',*,*,#1217,.F.);
#798=ORIENTED_EDGE('',*,*,#1218,.F.);
#799=ORIENTED_EDGE('',*,*,#1219,.F.);
#800=ORIENTED_EDGE('',*,*,#1220,.F.);
#801=ORIENTED_EDGE('',*,*,#1221,.F.);
#802=ORIENTED_EDGE('',*,*,#1222,.F.);
#803=ORIENTED_EDGE('',*,*,#1223,.F.);
#804=ORIENTED_EDGE('',*,*,#1224,.F.);
#805=ORIENTED_EDGE('',*,*,#1225,.T.);
#806=ORIENTED_EDGE('',*,*,#1226,.F.);
#807=ORIENTED_EDGE('',*,*,#1227,.T.);
#808=ORIENTED_EDGE('',*,*,#1228,.F.);
#809=ORIENTED_EDGE('',*,*,#1229,.T.);
#810=ORIENTED_EDGE('',*,*,#1230,.F.);
#811=ORIENTED_EDGE('',*,*,#1231,.T.);
#812=ORIENTED_EDGE('',*,*,#1232,.F.);
#813=ORIENTED_EDGE('',*,*,#1233,.T.);
#814=ORIENTED_EDGE('',*,*,#1234,.F.);
#815=ORIENTED_EDGE('',*,*,#1235,.T.);
#816=ORIENTED_EDGE('',*,*,#1236,.F.);
#817=ORIENTED_EDGE('',*,*,#1237,.T.);
#818=ORIENTED_EDGE('',*,*,#1238,.F.);
#819=ORIENTED_EDGE('',*,*,#1239,.T.);
#820=ORIENTED_EDGE('',*,*,#1240,.F.);
#821=ORIENTED_EDGE('',*,*,#1241,.T.);
#822=ORIENTED_EDGE('',*,*,#1242,.F.);
#823=ORIENTED_EDGE('',*,*,#1243,.T.);
#824=ORIENTED_EDGE('',*,*,#1244,.F.);
#825=ORIENTED_EDGE('',*,*,#1245,.T.);
#826=ORIENTED_EDGE('',*,*,#1246,.F.);
#827=ORIENTED_EDGE('',*,*,#1247,.T.);
#828=ORIENTED_EDGE('',*,*,#1248,.T.);
#829=ORIENTED_EDGE('',*,*,#1249,.T.);
#830=ORIENTED_EDGE('',*,*,#1250,.T.);
#831=ORIENTED_EDGE('',*,*,#1251,.T.);
#832=ORIENTED_EDGE('',*,*,#1252,.F.);
#833=ORIENTED_EDGE('',*,*,#1253,.F.);
#834=ORIENTED_EDGE('',*,*,#1254,.F.);
#835=ORIENTED_EDGE('',*,*,#1255,.F.);
#836=ORIENTED_EDGE('',*,*,#1256,.F.);
#837=ORIENTED_EDGE('',*,*,#1257,.F.);
#838=ORIENTED_EDGE('',*,*,#1258,.F.);
#839=ORIENTED_EDGE('',*,*,#1259,.F.);
#840=ORIENTED_EDGE('',*,*,#1260,.F.);
#841=ORIENTED_EDGE('',*,*,#1261,.F.);
#842=ORIENTED_EDGE('',*,*,#1262,.F.);
#843=ORIENTED_EDGE('',*,*,#1216,.T.);
#844=ORIENTED_EDGE('',*,*,#1263,.T.);
#845=ORIENTED_EDGE('',*,*,#1264,.T.);
#846=ORIENTED_EDGE('',*,*,#1262,.T.);
#847=ORIENTED_EDGE('',*,*,#1265,.F.);
#848=ORIENTED_EDGE('',*,*,#1266,.F.);
#849=ORIENTED_EDGE('',*,*,#1217,.T.);
#850=ORIENTED_EDGE('',*,*,#1267,.F.);
#851=ORIENTED_EDGE('',*,*,#1218,.T.);
#852=ORIENTED_EDGE('',*,*,#1266,.T.);
#853=ORIENTED_EDGE('',*,*,#1268,.T.);
#854=ORIENTED_EDGE('',*,*,#1267,.T.);
#855=ORIENTED_EDGE('',*,*,#1269,.F.);
#856=ORIENTED_EDGE('',*,*,#1270,.F.);
#857=ORIENTED_EDGE('',*,*,#1219,.T.);
#858=ORIENTED_EDGE('',*,*,#1271,.F.);
#859=ORIENTED_EDGE('',*,*,#1220,.T.);
#860=ORIENTED_EDGE('',*,*,#1270,.T.);
#861=ORIENTED_EDGE('',*,*,#1272,.T.);
#862=ORIENTED_EDGE('',*,*,#1273,.F.);
#863=ORIENTED_EDGE('',*,*,#1221,.T.);
#864=ORIENTED_EDGE('',*,*,#1271,.T.);
#865=ORIENTED_EDGE('',*,*,#1274,.F.);
#866=ORIENTED_EDGE('',*,*,#1275,.F.);
#867=ORIENTED_EDGE('',*,*,#1222,.T.);
#868=ORIENTED_EDGE('',*,*,#1273,.T.);
#869=ORIENTED_EDGE('',*,*,#1276,.T.);
#870=ORIENTED_EDGE('',*,*,#1263,.F.);
#871=ORIENTED_EDGE('',*,*,#1223,.T.);
#872=ORIENTED_EDGE('',*,*,#1275,.T.);
#873=ORIENTED_EDGE('',*,*,#1277,.F.);
#874=ORIENTED_EDGE('',*,*,#1278,.F.);
#875=ORIENTED_EDGE('',*,*,#1248,.F.);
#876=ORIENTED_EDGE('',*,*,#1279,.F.);
#877=ORIENTED_EDGE('',*,*,#1249,.F.);
#878=ORIENTED_EDGE('',*,*,#1280,.F.);
#879=ORIENTED_EDGE('',*,*,#1250,.F.);
#880=ORIENTED_EDGE('',*,*,#1281,.F.);
#881=ORIENTED_EDGE('',*,*,#1251,.F.);
#882=ORIENTED_EDGE('',*,*,#1252,.T.);
#883=ORIENTED_EDGE('',*,*,#1282,.F.);
#884=ORIENTED_EDGE('',*,*,#1253,.T.);
#885=ORIENTED_EDGE('',*,*,#1283,.F.);
#886=ORIENTED_EDGE('',*,*,#1254,.T.);
#887=ORIENTED_EDGE('',*,*,#1284,.T.);
#888=ORIENTED_EDGE('',*,*,#1285,.F.);
#889=ORIENTED_EDGE('',*,*,#1286,.F.);
#890=ORIENTED_EDGE('',*,*,#1255,.T.);
#891=ORIENTED_EDGE('',*,*,#1286,.T.);
#892=ORIENTED_EDGE('',*,*,#1287,.F.);
#893=ORIENTED_EDGE('',*,*,#1288,.F.);
#894=ORIENTED_EDGE('',*,*,#1256,.T.);
#895=ORIENTED_EDGE('',*,*,#1288,.T.);
#896=ORIENTED_EDGE('',*,*,#1289,.F.);
#897=ORIENTED_EDGE('',*,*,#1290,.F.);
#898=ORIENTED_EDGE('',*,*,#1257,.T.);
#899=ORIENTED_EDGE('',*,*,#1290,.T.);
#900=ORIENTED_EDGE('',*,*,#1291,.F.);
#901=ORIENTED_EDGE('',*,*,#1292,.F.);
#902=ORIENTED_EDGE('',*,*,#1258,.T.);
#903=ORIENTED_EDGE('',*,*,#1292,.T.);
#904=ORIENTED_EDGE('',*,*,#1293,.F.);
#905=ORIENTED_EDGE('',*,*,#1294,.F.);
#906=ORIENTED_EDGE('',*,*,#1295,.F.);
#907=ORIENTED_EDGE('',*,*,#1296,.F.);
#908=ORIENTED_EDGE('',*,*,#1259,.T.);
#909=ORIENTED_EDGE('',*,*,#1296,.T.);
#910=ORIENTED_EDGE('',*,*,#1297,.F.);
#911=ORIENTED_EDGE('',*,*,#1298,.F.);
#912=ORIENTED_EDGE('',*,*,#1260,.T.);
#913=ORIENTED_EDGE('',*,*,#1298,.T.);
#914=ORIENTED_EDGE('',*,*,#1299,.F.);
#915=ORIENTED_EDGE('',*,*,#1300,.F.);
#916=ORIENTED_EDGE('',*,*,#1261,.T.);
#917=ORIENTED_EDGE('',*,*,#1300,.T.);
#918=ORIENTED_EDGE('',*,*,#1301,.F.);
#919=ORIENTED_EDGE('',*,*,#1284,.F.);
#920=ORIENTED_EDGE('',*,*,#1302,.F.);
#921=ORIENTED_EDGE('',*,*,#1303,.T.);
#922=ORIENTED_EDGE('',*,*,#1304,.F.);
#923=ORIENTED_EDGE('',*,*,#1305,.T.);
#924=ORIENTED_EDGE('',*,*,#1306,.F.);
#925=ORIENTED_EDGE('',*,*,#1307,.T.);
#926=ORIENTED_EDGE('',*,*,#1308,.F.);
#927=ORIENTED_EDGE('',*,*,#1309,.T.);
#928=ORIENTED_EDGE('',*,*,#1310,.F.);
#929=ORIENTED_EDGE('',*,*,#1311,.T.);
#930=ORIENTED_EDGE('',*,*,#1312,.F.);
#931=ORIENTED_EDGE('',*,*,#1313,.T.);
#932=ORIENTED_EDGE('',*,*,#1314,.F.);
#933=ORIENTED_EDGE('',*,*,#1315,.T.);
#934=ORIENTED_EDGE('',*,*,#1316,.F.);
#935=ORIENTED_EDGE('',*,*,#1317,.T.);
#936=ORIENTED_EDGE('',*,*,#1318,.F.);
#937=ORIENTED_EDGE('',*,*,#1319,.T.);
#938=ORIENTED_EDGE('',*,*,#1320,.F.);
#939=ORIENTED_EDGE('',*,*,#1321,.T.);
#940=ORIENTED_EDGE('',*,*,#1322,.F.);
#941=ORIENTED_EDGE('',*,*,#1323,.T.);
#942=ORIENTED_EDGE('',*,*,#1324,.F.);
#943=ORIENTED_EDGE('',*,*,#1325,.T.);
#944=ORIENTED_EDGE('',*,*,#1264,.F.);
#945=ORIENTED_EDGE('',*,*,#1277,.T.);
#946=ORIENTED_EDGE('',*,*,#1276,.F.);
#947=ORIENTED_EDGE('',*,*,#1274,.T.);
#948=ORIENTED_EDGE('',*,*,#1272,.F.);
#949=ORIENTED_EDGE('',*,*,#1269,.T.);
#950=ORIENTED_EDGE('',*,*,#1268,.F.);
#951=ORIENTED_EDGE('',*,*,#1265,.T.);
#952=ORIENTED_EDGE('',*,*,#1278,.T.);
#953=ORIENTED_EDGE('',*,*,#1279,.T.);
#954=ORIENTED_EDGE('',*,*,#1280,.T.);
#955=ORIENTED_EDGE('',*,*,#1281,.T.);
#956=ORIENTED_EDGE('',*,*,#1282,.T.);
#957=ORIENTED_EDGE('',*,*,#1326,.F.);
#958=ORIENTED_EDGE('',*,*,#1283,.T.);
#959=ORIENTED_EDGE('',*,*,#1327,.F.);
#960=ORIENTED_EDGE('',*,*,#1285,.T.);
#961=ORIENTED_EDGE('',*,*,#1328,.T.);
#962=ORIENTED_EDGE('',*,*,#1329,.F.);
#963=ORIENTED_EDGE('',*,*,#1330,.F.);
#964=ORIENTED_EDGE('',*,*,#1287,.T.);
#965=ORIENTED_EDGE('',*,*,#1330,.T.);
#966=ORIENTED_EDGE('',*,*,#1331,.T.);
#967=ORIENTED_EDGE('',*,*,#1332,.F.);
#968=ORIENTED_EDGE('',*,*,#1289,.T.);
#969=ORIENTED_EDGE('',*,*,#1332,.T.);
#970=ORIENTED_EDGE('',*,*,#1333,.F.);
#971=ORIENTED_EDGE('',*,*,#1334,.F.);
#972=ORIENTED_EDGE('',*,*,#1291,.T.);
#973=ORIENTED_EDGE('',*,*,#1334,.T.);
#974=ORIENTED_EDGE('',*,*,#1335,.T.);
#975=ORIENTED_EDGE('',*,*,#1336,.F.);
#976=ORIENTED_EDGE('',*,*,#1337,.T.);
#977=ORIENTED_EDGE('',*,*,#1338,.F.);
#978=ORIENTED_EDGE('',*,*,#1293,.T.);
#979=ORIENTED_EDGE('',*,*,#1337,.F.);
#980=ORIENTED_EDGE('',*,*,#1339,.F.);
#981=ORIENTED_EDGE('',*,*,#1340,.F.);
#982=ORIENTED_EDGE('',*,*,#1341,.F.);
#983=ORIENTED_EDGE('',*,*,#1342,.F.);
#984=ORIENTED_EDGE('',*,*,#1343,.F.);
#985=ORIENTED_EDGE('',*,*,#1344,.F.);
#986=ORIENTED_EDGE('',*,*,#1294,.T.);
#987=ORIENTED_EDGE('',*,*,#1345,.F.);
#988=ORIENTED_EDGE('',*,*,#1346,.F.);
#989=ORIENTED_EDGE('',*,*,#1347,.F.);
#990=ORIENTED_EDGE('',*,*,#1348,.F.);
#991=ORIENTED_EDGE('',*,*,#1349,.F.);
#992=ORIENTED_EDGE('',*,*,#1350,.F.);
#993=ORIENTED_EDGE('',*,*,#1351,.F.);
#994=ORIENTED_EDGE('',*,*,#1295,.T.);
#995=ORIENTED_EDGE('',*,*,#1352,.F.);
#996=ORIENTED_EDGE('',*,*,#1353,.F.);
#997=ORIENTED_EDGE('',*,*,#1354,.F.);
#998=ORIENTED_EDGE('',*,*,#1355,.F.);
#999=ORIENTED_EDGE('',*,*,#1356,.F.);
#1000=ORIENTED_EDGE('',*,*,#1357,.F.);
#1001=ORIENTED_EDGE('',*,*,#1297,.T.);
#1002=ORIENTED_EDGE('',*,*,#1351,.T.);
#1003=ORIENTED_EDGE('',*,*,#1358,.T.);
#1004=ORIENTED_EDGE('',*,*,#1359,.T.);
#1005=ORIENTED_EDGE('',*,*,#1360,.F.);
#1006=ORIENTED_EDGE('',*,*,#1299,.T.);
#1007=ORIENTED_EDGE('',*,*,#1360,.T.);
#1008=ORIENTED_EDGE('',*,*,#1361,.F.);
#1009=ORIENTED_EDGE('',*,*,#1362,.F.);
#1010=ORIENTED_EDGE('',*,*,#1301,.T.);
#1011=ORIENTED_EDGE('',*,*,#1362,.T.);
#1012=ORIENTED_EDGE('',*,*,#1363,.T.);
#1013=ORIENTED_EDGE('',*,*,#1328,.F.);
#1014=ORIENTED_EDGE('',*,*,#1326,.T.);
#1015=ORIENTED_EDGE('',*,*,#1364,.T.);
#1016=ORIENTED_EDGE('',*,*,#1365,.T.);
#1017=ORIENTED_EDGE('',*,*,#1366,.T.);
#1018=ORIENTED_EDGE('',*,*,#1327,.T.);
#1019=ORIENTED_EDGE('',*,*,#1367,.T.);
#1020=ORIENTED_EDGE('',*,*,#1368,.F.);
#1021=ORIENTED_EDGE('',*,*,#1369,.T.);
#1022=ORIENTED_EDGE('',*,*,#1370,.F.);
#1023=ORIENTED_EDGE('',*,*,#1371,.T.);
#1024=ORIENTED_EDGE('',*,*,#1372,.F.);
#1025=ORIENTED_EDGE('',*,*,#1373,.T.);
#1026=ORIENTED_EDGE('',*,*,#1374,.F.);
#1027=ORIENTED_EDGE('',*,*,#1375,.T.);
#1028=ORIENTED_EDGE('',*,*,#1376,.F.);
#1029=ORIENTED_EDGE('',*,*,#1377,.T.);
#1030=ORIENTED_EDGE('',*,*,#1378,.F.);
#1031=ORIENTED_EDGE('',*,*,#1379,.T.);
#1032=ORIENTED_EDGE('',*,*,#1380,.F.);
#1033=ORIENTED_EDGE('',*,*,#1381,.T.);
#1034=ORIENTED_EDGE('',*,*,#1382,.F.);
#1035=ORIENTED_EDGE('',*,*,#1383,.T.);
#1036=ORIENTED_EDGE('',*,*,#1335,.F.);
#1037=ORIENTED_EDGE('',*,*,#1333,.T.);
#1038=ORIENTED_EDGE('',*,*,#1331,.F.);
#1039=ORIENTED_EDGE('',*,*,#1329,.T.);
#1040=ORIENTED_EDGE('',*,*,#1363,.F.);
#1041=ORIENTED_EDGE('',*,*,#1361,.T.);
#1042=ORIENTED_EDGE('',*,*,#1359,.F.);
#1043=ORIENTED_EDGE('',*,*,#1336,.T.);
#1044=ORIENTED_EDGE('',*,*,#1383,.F.);
#1045=ORIENTED_EDGE('',*,*,#1384,.F.);
#1046=ORIENTED_EDGE('',*,*,#1339,.T.);
#1047=ORIENTED_EDGE('',*,*,#1385,.F.);
#1048=ORIENTED_EDGE('',*,*,#1345,.T.);
#1049=ORIENTED_EDGE('',*,*,#1338,.T.);
#1050=ORIENTED_EDGE('',*,*,#1386,.T.);
#1051=ORIENTED_EDGE('',*,*,#1378,.T.);
#1052=ORIENTED_EDGE('',*,*,#1387,.F.);
#1053=ORIENTED_EDGE('',*,*,#1340,.T.);
#1054=ORIENTED_EDGE('',*,*,#1384,.T.);
#1055=ORIENTED_EDGE('',*,*,#1382,.T.);
#1056=ORIENTED_EDGE('',*,*,#1388,.F.);
#1057=ORIENTED_EDGE('',*,*,#1341,.T.);
#1058=ORIENTED_EDGE('',*,*,#1387,.T.);
#1059=ORIENTED_EDGE('',*,*,#1381,.F.);
#1060=ORIENTED_EDGE('',*,*,#1389,.F.);
#1061=ORIENTED_EDGE('',*,*,#1342,.T.);
#1062=ORIENTED_EDGE('',*,*,#1388,.T.);
#1063=ORIENTED_EDGE('',*,*,#1380,.T.);
#1064=ORIENTED_EDGE('',*,*,#1386,.F.);
#1065=ORIENTED_EDGE('',*,*,#1343,.T.);
#1066=ORIENTED_EDGE('',*,*,#1389,.T.);
#1067=ORIENTED_EDGE('',*,*,#1379,.F.);
#1068=ORIENTED_EDGE('',*,*,#1390,.F.);
#1069=ORIENTED_EDGE('',*,*,#1352,.T.);
#1070=ORIENTED_EDGE('',*,*,#1344,.T.);
#1071=ORIENTED_EDGE('',*,*,#1391,.T.);
#1072=ORIENTED_EDGE('',*,*,#1372,.T.);
#1073=ORIENTED_EDGE('',*,*,#1385,.T.);
#1074=ORIENTED_EDGE('',*,*,#1377,.F.);
#1075=ORIENTED_EDGE('',*,*,#1392,.F.);
#1076=ORIENTED_EDGE('',*,*,#1346,.T.);
#1077=ORIENTED_EDGE('',*,*,#1393,.F.);
#1078=ORIENTED_EDGE('',*,*,#1347,.T.);
#1079=ORIENTED_EDGE('',*,*,#1392,.T.);
#1080=ORIENTED_EDGE('',*,*,#1376,.T.);
#1081=ORIENTED_EDGE('',*,*,#1394,.F.);
#1082=ORIENTED_EDGE('',*,*,#1348,.T.);
#1083=ORIENTED_EDGE('',*,*,#1393,.T.);
#1084=ORIENTED_EDGE('',*,*,#1375,.F.);
#1085=ORIENTED_EDGE('',*,*,#1395,.F.);
#1086=ORIENTED_EDGE('',*,*,#1349,.T.);
#1087=ORIENTED_EDGE('',*,*,#1394,.T.);
#1088=ORIENTED_EDGE('',*,*,#1374,.T.);
#1089=ORIENTED_EDGE('',*,*,#1391,.F.);
#1090=ORIENTED_EDGE('',*,*,#1350,.T.);
#1091=ORIENTED_EDGE('',*,*,#1395,.T.);
#1092=ORIENTED_EDGE('',*,*,#1373,.F.);
#1093=ORIENTED_EDGE('',*,*,#1390,.T.);
#1094=ORIENTED_EDGE('',*,*,#1371,.F.);
#1095=ORIENTED_EDGE('',*,*,#1396,.F.);
#1096=ORIENTED_EDGE('',*,*,#1353,.T.);
#1097=ORIENTED_EDGE('',*,*,#1397,.F.);
#1098=ORIENTED_EDGE('',*,*,#1354,.T.);
#1099=ORIENTED_EDGE('',*,*,#1396,.T.);
#1100=ORIENTED_EDGE('',*,*,#1370,.T.);
#1101=ORIENTED_EDGE('',*,*,#1398,.F.);
#1102=ORIENTED_EDGE('',*,*,#1355,.T.);
#1103=ORIENTED_EDGE('',*,*,#1397,.T.);
#1104=ORIENTED_EDGE('',*,*,#1369,.F.);
#1105=ORIENTED_EDGE('',*,*,#1399,.F.);
#1106=ORIENTED_EDGE('',*,*,#1356,.T.);
#1107=ORIENTED_EDGE('',*,*,#1398,.T.);
#1108=ORIENTED_EDGE('',*,*,#1368,.T.);
#1109=ORIENTED_EDGE('',*,*,#1358,.F.);
#1110=ORIENTED_EDGE('',*,*,#1357,.T.);
#1111=ORIENTED_EDGE('',*,*,#1399,.T.);
#1112=ORIENTED_EDGE('',*,*,#1367,.F.);
#1113=ORIENTED_EDGE('',*,*,#1400,.F.);
#1114=ORIENTED_EDGE('',*,*,#1364,.F.);
#1115=ORIENTED_EDGE('',*,*,#1366,.F.);
#1116=ORIENTED_EDGE('',*,*,#1365,.F.);
#1117=ORIENTED_EDGE('',*,*,#1401,.F.);
#1118=ORIENTED_EDGE('',*,*,#1400,.T.);
#1119=ORIENTED_EDGE('',*,*,#1401,.T.);
#1120=ORIENTED_EDGE('',*,*,#1302,.T.);
#1121=ORIENTED_EDGE('',*,*,#1402,.F.);
#1122=ORIENTED_EDGE('',*,*,#1240,.T.);
#1123=ORIENTED_EDGE('',*,*,#1403,.T.);
#1124=ORIENTED_EDGE('',*,*,#1247,.F.);
#1125=ORIENTED_EDGE('',*,*,#1404,.T.);
#1126=ORIENTED_EDGE('',*,*,#1303,.F.);
#1127=ORIENTED_EDGE('',*,*,#1403,.F.);
#1128=ORIENTED_EDGE('',*,*,#1304,.T.);
#1129=ORIENTED_EDGE('',*,*,#1404,.F.);
#1130=ORIENTED_EDGE('',*,*,#1246,.T.);
#1131=ORIENTED_EDGE('',*,*,#1405,.T.);
#1132=ORIENTED_EDGE('',*,*,#1245,.F.);
#1133=ORIENTED_EDGE('',*,*,#1406,.T.);
#1134=ORIENTED_EDGE('',*,*,#1305,.F.);
#1135=ORIENTED_EDGE('',*,*,#1405,.F.);
#1136=ORIENTED_EDGE('',*,*,#1306,.T.);
#1137=ORIENTED_EDGE('',*,*,#1406,.F.);
#1138=ORIENTED_EDGE('',*,*,#1244,.T.);
#1139=ORIENTED_EDGE('',*,*,#1407,.T.);
#1140=ORIENTED_EDGE('',*,*,#1243,.F.);
#1141=ORIENTED_EDGE('',*,*,#1408,.T.);
#1142=ORIENTED_EDGE('',*,*,#1307,.F.);
#1143=ORIENTED_EDGE('',*,*,#1407,.F.);
#1144=ORIENTED_EDGE('',*,*,#1308,.T.);
#1145=ORIENTED_EDGE('',*,*,#1408,.F.);
#1146=ORIENTED_EDGE('',*,*,#1242,.T.);
#1147=ORIENTED_EDGE('',*,*,#1409,.T.);
#1148=ORIENTED_EDGE('',*,*,#1241,.F.);
#1149=ORIENTED_EDGE('',*,*,#1402,.T.);
#1150=ORIENTED_EDGE('',*,*,#1309,.F.);
#1151=ORIENTED_EDGE('',*,*,#1409,.F.);
#1152=ORIENTED_EDGE('',*,*,#1310,.T.);
#1153=ORIENTED_EDGE('',*,*,#1410,.F.);
#1154=ORIENTED_EDGE('',*,*,#1238,.T.);
#1155=ORIENTED_EDGE('',*,*,#1411,.T.);
#1156=ORIENTED_EDGE('',*,*,#1237,.F.);
#1157=ORIENTED_EDGE('',*,*,#1412,.T.);
#1158=ORIENTED_EDGE('',*,*,#1311,.F.);
#1159=ORIENTED_EDGE('',*,*,#1411,.F.);
#1160=ORIENTED_EDGE('',*,*,#1312,.T.);
#1161=ORIENTED_EDGE('',*,*,#1412,.F.);
#1162=ORIENTED_EDGE('',*,*,#1236,.T.);
#1163=ORIENTED_EDGE('',*,*,#1413,.T.);
#1164=ORIENTED_EDGE('',*,*,#1235,.F.);
#1165=ORIENTED_EDGE('',*,*,#1414,.T.);
#1166=ORIENTED_EDGE('',*,*,#1313,.F.);
#1167=ORIENTED_EDGE('',*,*,#1413,.F.);
#1168=ORIENTED_EDGE('',*,*,#1314,.T.);
#1169=ORIENTED_EDGE('',*,*,#1414,.F.);
#1170=ORIENTED_EDGE('',*,*,#1234,.T.);
#1171=ORIENTED_EDGE('',*,*,#1415,.T.);
#1172=ORIENTED_EDGE('',*,*,#1233,.F.);
#1173=ORIENTED_EDGE('',*,*,#1416,.T.);
#1174=ORIENTED_EDGE('',*,*,#1315,.F.);
#1175=ORIENTED_EDGE('',*,*,#1415,.F.);
#1176=ORIENTED_EDGE('',*,*,#1316,.T.);
#1177=ORIENTED_EDGE('',*,*,#1416,.F.);
#1178=ORIENTED_EDGE('',*,*,#1232,.T.);
#1179=ORIENTED_EDGE('',*,*,#1417,.T.);
#1180=ORIENTED_EDGE('',*,*,#1239,.F.);
#1181=ORIENTED_EDGE('',*,*,#1410,.T.);
#1182=ORIENTED_EDGE('',*,*,#1317,.F.);
#1183=ORIENTED_EDGE('',*,*,#1417,.F.);
#1184=ORIENTED_EDGE('',*,*,#1318,.T.);
#1185=ORIENTED_EDGE('',*,*,#1418,.F.);
#1186=ORIENTED_EDGE('',*,*,#1230,.T.);
#1187=ORIENTED_EDGE('',*,*,#1419,.T.);
#1188=ORIENTED_EDGE('',*,*,#1229,.F.);
#1189=ORIENTED_EDGE('',*,*,#1420,.T.);
#1190=ORIENTED_EDGE('',*,*,#1319,.F.);
#1191=ORIENTED_EDGE('',*,*,#1419,.F.);
#1192=ORIENTED_EDGE('',*,*,#1320,.T.);
#1193=ORIENTED_EDGE('',*,*,#1420,.F.);
#1194=ORIENTED_EDGE('',*,*,#1228,.T.);
#1195=ORIENTED_EDGE('',*,*,#1421,.T.);
#1196=ORIENTED_EDGE('',*,*,#1227,.F.);
#1197=ORIENTED_EDGE('',*,*,#1422,.T.);
#1198=ORIENTED_EDGE('',*,*,#1321,.F.);
#1199=ORIENTED_EDGE('',*,*,#1421,.F.);
#1200=ORIENTED_EDGE('',*,*,#1322,.T.);
#1201=ORIENTED_EDGE('',*,*,#1422,.F.);
#1202=ORIENTED_EDGE('',*,*,#1226,.T.);
#1203=ORIENTED_EDGE('',*,*,#1423,.T.);
#1204=ORIENTED_EDGE('',*,*,#1225,.F.);
#1205=ORIENTED_EDGE('',*,*,#1424,.T.);
#1206=ORIENTED_EDGE('',*,*,#1323,.F.);
#1207=ORIENTED_EDGE('',*,*,#1423,.F.);
#1208=ORIENTED_EDGE('',*,*,#1324,.T.);
#1209=ORIENTED_EDGE('',*,*,#1424,.F.);
#1210=ORIENTED_EDGE('',*,*,#1224,.T.);
#1211=ORIENTED_EDGE('',*,*,#1425,.T.);
#1212=ORIENTED_EDGE('',*,*,#1231,.F.);
#1213=ORIENTED_EDGE('',*,*,#1418,.T.);
#1214=ORIENTED_EDGE('',*,*,#1325,.F.);
#1215=ORIENTED_EDGE('',*,*,#1425,.F.);
#1216=EDGE_CURVE('',#1426,#1427,#1428,.F.);
#1217=EDGE_CURVE('',#1429,#1426,#1430,.T.);
#1218=EDGE_CURVE('',#1431,#1429,#1432,.F.);
#1219=EDGE_CURVE('',#1433,#1431,#1434,.T.);
#1220=EDGE_CURVE('',#1435,#1433,#1436,.F.);
#1221=EDGE_CURVE('',#1437,#1435,#1438,.T.);
#1222=EDGE_CURVE('',#1439,#1437,#1440,.F.);
#1223=EDGE_CURVE('',#1427,#1439,#1441,.T.);
#1224=EDGE_CURVE('',#1442,#1443,#1444,.F.);
#1225=EDGE_CURVE('',#1442,#1445,#1446,.T.);
#1226=EDGE_CURVE('',#1447,#1445,#1448,.F.);
#1227=EDGE_CURVE('',#1447,#1449,#1450,.T.);
#1228=EDGE_CURVE('',#1451,#1449,#1452,.F.);
#1229=EDGE_CURVE('',#1451,#1453,#1454,.T.);
#1230=EDGE_CURVE('',#1455,#1453,#1456,.F.);
#1231=EDGE_CURVE('',#1455,#1443,#1457,.T.);
#1232=EDGE_CURVE('',#1458,#1459,#1460,.F.);
#1233=EDGE_CURVE('',#1458,#1461,#1462,.T.);
#1234=EDGE_CURVE('',#1463,#1461,#1464,.F.);
#1235=EDGE_CURVE('',#1463,#1465,#1466,.T.);
#1236=EDGE_CURVE('',#1467,#1465,#1468,.F.);
#1237=EDGE_CURVE('',#1467,#1469,#1470,.T.);
#1238=EDGE_CURVE('',#1471,#1469,#1472,.F.);
#1239=EDGE_CURVE('',#1471,#1459,#1473,.T.);
#1240=EDGE_CURVE('',#1474,#1475,#1476,.F.);
#1241=EDGE_CURVE('',#1474,#1477,#1478,.T.);
#1242=EDGE_CURVE('',#1479,#1477,#1480,.F.);
#1243=EDGE_CURVE('',#1479,#1481,#1482,.T.);
#1244=EDGE_CURVE('',#1483,#1481,#1484,.F.);
#1245=EDGE_CURVE('',#1483,#1485,#1486,.T.);
#1246=EDGE_CURVE('',#1487,#1485,#1488,.F.);
#1247=EDGE_CURVE('',#1487,#1475,#1489,.T.);
#1248=EDGE_CURVE('',#1490,#1490,#1491,.T.);
#1249=EDGE_CURVE('',#1492,#1492,#1493,.T.);
#1250=EDGE_CURVE('',#1494,#1494,#1495,.T.);
#1251=EDGE_CURVE('',#1496,#1496,#1497,.T.);
#1252=EDGE_CURVE('',#1498,#1498,#1499,.T.);
#1253=EDGE_CURVE('',#1500,#1500,#1501,.T.);
#1254=EDGE_CURVE('',#1502,#1503,#1504,.F.);
#1255=EDGE_CURVE('',#1505,#1502,#1506,.F.);
#1256=EDGE_CURVE('',#1507,#1505,#1508,.F.);
#1257=EDGE_CURVE('',#1509,#1507,#1510,.F.);
#1258=EDGE_CURVE('',#1511,#1509,#1512,.F.);
#1259=EDGE_CURVE('',#1513,#1511,#1514,.F.);
#1260=EDGE_CURVE('',#1515,#1513,#1516,.F.);
#1261=EDGE_CURVE('',#1503,#1515,#1517,.F.);
#1262=EDGE_CURVE('',#1426,#1518,#1519,.T.);
#1263=EDGE_CURVE('',#1427,#1520,#1521,.T.);
#1264=EDGE_CURVE('',#1520,#1518,#1522,.F.);
#1265=EDGE_CURVE('',#1523,#1518,#1524,.T.);
#1266=EDGE_CURVE('',#1429,#1523,#1525,.T.);
#1267=EDGE_CURVE('',#1431,#1526,#1527,.T.);
#1268=EDGE_CURVE('',#1523,#1526,#1528,.F.);
#1269=EDGE_CURVE('',#1529,#1526,#1530,.T.);
#1270=EDGE_CURVE('',#1433,#1529,#1531,.T.);
#1271=EDGE_CURVE('',#1435,#1532,#1533,.T.);
#1272=EDGE_CURVE('',#1529,#1532,#1534,.F.);
#1273=EDGE_CURVE('',#1437,#1535,#1536,.T.);
#1274=EDGE_CURVE('',#1535,#1532,#1537,.T.);
#1275=EDGE_CURVE('',#1439,#1538,#1539,.T.);
#1276=EDGE_CURVE('',#1535,#1538,#1540,.F.);
#1277=EDGE_CURVE('',#1520,#1538,#1541,.T.);
#1278=EDGE_CURVE('',#1542,#1542,#1543,.F.);
#1279=EDGE_CURVE('',#1544,#1544,#1545,.F.);
#1280=EDGE_CURVE('',#1546,#1546,#1547,.F.);
#1281=EDGE_CURVE('',#1548,#1548,#1549,.F.);
#1282=EDGE_CURVE('',#1550,#1550,#1551,.T.);
#1283=EDGE_CURVE('',#1552,#1552,#1553,.T.);
#1284=EDGE_CURVE('',#1503,#1554,#1555,.T.);
#1285=EDGE_CURVE('',#1556,#1554,#1557,.F.);
#1286=EDGE_CURVE('',#1502,#1556,#1558,.T.);
#1287=EDGE_CURVE('',#1559,#1556,#1560,.F.);
#1288=EDGE_CURVE('',#1505,#1559,#1561,.T.);
#1289=EDGE_CURVE('',#1562,#1559,#1563,.F.);
#1290=EDGE_CURVE('',#1507,#1562,#1564,.T.);
#1291=EDGE_CURVE('',#1565,#1562,#1566,.F.);
#1292=EDGE_CURVE('',#1509,#1565,#1567,.T.);
#1293=EDGE_CURVE('',#1568,#1565,#1569,.T.);
#1294=EDGE_CURVE('',#1570,#1568,#1571,.T.);
#1295=EDGE_CURVE('',#1572,#1570,#1573,.T.);
#1296=EDGE_CURVE('',#1511,#1572,#1574,.T.);
#1297=EDGE_CURVE('',#1575,#1572,#1576,.F.);
#1298=EDGE_CURVE('',#1513,#1575,#1577,.T.);
#1299=EDGE_CURVE('',#1578,#1575,#1579,.F.);
#1300=EDGE_CURVE('',#1515,#1578,#1580,.T.);
#1301=EDGE_CURVE('',#1554,#1578,#1581,.F.);
#1302=EDGE_CURVE('',#1582,#1583,#1584,.F.);
#1303=EDGE_CURVE('',#1582,#1585,#1586,.T.);
#1304=EDGE_CURVE('',#1587,#1585,#1588,.F.);
#1305=EDGE_CURVE('',#1587,#1589,#1590,.T.);
#1306=EDGE_CURVE('',#1591,#1589,#1592,.F.);
#1307=EDGE_CURVE('',#1591,#1593,#1594,.T.);
#1308=EDGE_CURVE('',#1595,#1593,#1596,.F.);
#1309=EDGE_CURVE('',#1595,#1583,#1597,.T.);
#1310=EDGE_CURVE('',#1598,#1599,#1600,.F.);
#1311=EDGE_CURVE('',#1598,#1601,#1602,.T.);
#1312=EDGE_CURVE('',#1603,#1601,#1604,.F.);
#1313=EDGE_CURVE('',#1603,#1605,#1606,.T.);
#1314=EDGE_CURVE('',#1607,#1605,#1608,.F.);
#1315=EDGE_CURVE('',#1607,#1609,#1610,.T.);
#1316=EDGE_CURVE('',#1611,#1609,#1612,.F.);
#1317=EDGE_CURVE('',#1611,#1599,#1613,.T.);
#1318=EDGE_CURVE('',#1614,#1615,#1616,.F.);
#1319=EDGE_CURVE('',#1614,#1617,#1618,.T.);
#1320=EDGE_CURVE('',#1619,#1617,#1620,.F.);
#1321=EDGE_CURVE('',#1619,#1621,#1622,.T.);
#1322=EDGE_CURVE('',#1623,#1621,#1624,.F.);
#1323=EDGE_CURVE('',#1623,#1625,#1626,.T.);
#1324=EDGE_CURVE('',#1627,#1625,#1628,.F.);
#1325=EDGE_CURVE('',#1627,#1615,#1629,.T.);
#1326=EDGE_CURVE('',#1630,#1630,#1631,.T.);
#1327=EDGE_CURVE('',#1632,#1632,#1633,.T.);
#1328=EDGE_CURVE('',#1554,#1634,#1635,.T.);
#1329=EDGE_CURVE('',#1636,#1634,#1637,.T.);
#1330=EDGE_CURVE('',#1556,#1636,#1638,.T.);
#1331=EDGE_CURVE('',#1636,#1639,#1640,.F.);
#1332=EDGE_CURVE('',#1559,#1639,#1641,.T.);
#1333=EDGE_CURVE('',#1642,#1639,#1643,.T.);
#1334=EDGE_CURVE('',#1562,#1642,#1644,.T.);
#1335=EDGE_CURVE('',#1642,#1645,#1646,.F.);
#1336=EDGE_CURVE('',#1647,#1645,#1648,.T.);
#1337=EDGE_CURVE('',#1647,#1565,#1649,.F.);
#1338=EDGE_CURVE('',#1568,#1650,#1651,.F.);
#1339=EDGE_CURVE('',#1652,#1647,#1653,.T.);
#1340=EDGE_CURVE('',#1654,#1652,#1655,.F.);
#1341=EDGE_CURVE('',#1656,#1654,#1657,.T.);
#1342=EDGE_CURVE('',#1658,#1656,#1659,.F.);
#1343=EDGE_CURVE('',#1650,#1658,#1660,.T.);
#1344=EDGE_CURVE('',#1570,#1661,#1662,.F.);
#1345=EDGE_CURVE('',#1663,#1568,#1664,.F.);
#1346=EDGE_CURVE('',#1665,#1663,#1666,.T.);
#1347=EDGE_CURVE('',#1667,#1665,#1668,.F.);
#1348=EDGE_CURVE('',#1669,#1667,#1670,.T.);
#1349=EDGE_CURVE('',#1671,#1669,#1672,.F.);
#1350=EDGE_CURVE('',#1661,#1671,#1673,.T.);
#1351=EDGE_CURVE('',#1572,#1674,#1675,.F.);
#1352=EDGE_CURVE('',#1676,#1570,#1677,.F.);
#1353=EDGE_CURVE('',#1678,#1676,#1679,.T.);
#1354=EDGE_CURVE('',#1680,#1678,#1681,.F.);
#1355=EDGE_CURVE('',#1682,#1680,#1683,.T.);
#1356=EDGE_CURVE('',#1684,#1682,#1685,.F.);
#1357=EDGE_CURVE('',#1674,#1684,#1686,.T.);
#1358=EDGE_CURVE('',#1674,#1687,#1688,.T.);
#1359=EDGE_CURVE('',#1687,#1689,#1690,.F.);
#1360=EDGE_CURVE('',#1575,#1689,#1691,.T.);
#1361=EDGE_CURVE('',#1692,#1689,#1693,.T.);
#1362=EDGE_CURVE('',#1578,#1692,#1694,.T.);
#1363=EDGE_CURVE('',#1692,#1634,#1695,.F.);
#1364=EDGE_CURVE('',#1696,#1696,#1697,.T.);
#1365=EDGE_CURVE('',#1698,#1699,#1700,.F.);
#1366=EDGE_CURVE('',#1699,#1698,#1701,.F.);
#1367=EDGE_CURVE('',#1687,#1702,#1703,.T.);
#1368=EDGE_CURVE('',#1704,#1702,#1705,.F.);
#1369=EDGE_CURVE('',#1704,#1706,#1707,.T.);
#1370=EDGE_CURVE('',#1708,#1706,#1709,.F.);
#1371=EDGE_CURVE('',#1708,#1710,#1711,.T.);
#1372=EDGE_CURVE('',#1712,#1710,#1713,.F.);
#1373=EDGE_CURVE('',#1712,#1714,#1715,.T.);
#1374=EDGE_CURVE('',#1716,#1714,#1717,.F.);
#1375=EDGE_CURVE('',#1716,#1718,#1719,.T.);
#1376=EDGE_CURVE('',#1720,#1718,#1721,.F.);
#1377=EDGE_CURVE('',#1720,#1722,#1723,.T.);
#1378=EDGE_CURVE('',#1724,#1722,#1725,.F.);
#1379=EDGE_CURVE('',#1724,#1726,#1727,.T.);
#1380=EDGE_CURVE('',#1728,#1726,#1729,.F.);
#1381=EDGE_CURVE('',#1728,#1730,#1731,.T.);
#1382=EDGE_CURVE('',#1732,#1730,#1733,.F.);
#1383=EDGE_CURVE('',#1732,#1645,#1734,.T.);
#1384=EDGE_CURVE('',#1652,#1732,#1735,.T.);
#1385=EDGE_CURVE('',#1663,#1722,#1736,.T.);
#1386=EDGE_CURVE('',#1650,#1724,#1737,.T.);
#1387=EDGE_CURVE('',#1654,#1730,#1738,.T.);
#1388=EDGE_CURVE('',#1656,#1728,#1739,.T.);
#1389=EDGE_CURVE('',#1658,#1726,#1740,.T.);
#1390=EDGE_CURVE('',#1676,#1710,#1741,.T.);
#1391=EDGE_CURVE('',#1661,#1712,#1742,.T.);
#1392=EDGE_CURVE('',#1665,#1720,#1743,.T.);
#1393=EDGE_CURVE('',#1667,#1718,#1744,.T.);
#1394=EDGE_CURVE('',#1669,#1716,#1745,.T.);
#1395=EDGE_CURVE('',#1671,#1714,#1746,.T.);
#1396=EDGE_CURVE('',#1678,#1708,#1747,.T.);
#1397=EDGE_CURVE('',#1680,#1706,#1748,.T.);
#1398=EDGE_CURVE('',#1682,#1704,#1749,.T.);
#1399=EDGE_CURVE('',#1684,#1702,#1750,.T.);
#1400=EDGE_CURVE('',#1751,#1751,#1752,.F.);
#1401=EDGE_CURVE('',#1753,#1753,#1754,.T.);
#1402=EDGE_CURVE('',#1474,#1583,#1755,.T.);
#1403=EDGE_CURVE('',#1475,#1582,#1756,.F.);
#1404=EDGE_CURVE('',#1487,#1585,#1757,.T.);
#1405=EDGE_CURVE('',#1485,#1587,#1758,.F.);
#1406=EDGE_CURVE('',#1483,#1589,#1759,.T.);
#1407=EDGE_CURVE('',#1481,#1591,#1760,.F.);
#1408=EDGE_CURVE('',#1479,#1593,#1761,.T.);
#1409=EDGE_CURVE('',#1477,#1595,#1762,.F.);
#1410=EDGE_CURVE('',#1471,#1599,#1763,.T.);
#1411=EDGE_CURVE('',#1469,#1598,#1764,.F.);
#1412=EDGE_CURVE('',#1467,#1601,#1765,.T.);
#1413=EDGE_CURVE('',#1465,#1603,#1766,.F.);
#1414=EDGE_CURVE('',#1463,#1605,#1767,.T.);
#1415=EDGE_CURVE('',#1461,#1607,#1768,.F.);
#1416=EDGE_CURVE('',#1458,#1609,#1769,.T.);
#1417=EDGE_CURVE('',#1459,#1611,#1770,.F.);
#1418=EDGE_CURVE('',#1455,#1615,#1771,.T.);
#1419=EDGE_CURVE('',#1453,#1614,#1772,.F.);
#1420=EDGE_CURVE('',#1451,#1617,#1773,.T.);
#1421=EDGE_CURVE('',#1449,#1619,#1774,.F.);
#1422=EDGE_CURVE('',#1447,#1621,#1775,.T.);
#1423=EDGE_CURVE('',#1445,#1623,#1776,.F.);
#1424=EDGE_CURVE('',#1442,#1625,#1777,.T.);
#1425=EDGE_CURVE('',#1443,#1627,#1778,.F.);
#1426=VERTEX_POINT('',#1779);
#1427=VERTEX_POINT('',#1780);
#1428=CIRCLE('',#1781,4.);
#1429=VERTEX_POINT('',#1785);
#1430=LINE('',#1786,#1787);
#1431=VERTEX_POINT('',#1789);
#1432=CIRCLE('',#1790,4.);
#1433=VERTEX_POINT('',#1794);
#1434=LINE('',#1795,#1796);
#1435=VERTEX_POINT('',#1798);
#1436=CIRCLE('',#1799,4.);
#1437=VERTEX_POINT('',#1803);
#1438=LINE('',#1804,#1805);
#1439=VERTEX_POINT('',#1807);
#1440=CIRCLE('',#1808,4.00000000000001);
#1441=LINE('',#1812,#1813);
#1442=VERTEX_POINT('',#1815);
#1443=VERTEX_POINT('',#1816);
#1444=CIRCLE('',#1817,5.);
#1445=VERTEX_POINT('',#1821);
#1446=LINE('',#1822,#1823);
#1447=VERTEX_POINT('',#1825);
#1448=CIRCLE('',#1826,5.);
#1449=VERTEX_POINT('',#1830);
#1450=LINE('',#1831,#1832);
#1451=VERTEX_POINT('',#1834);
#1452=CIRCLE('',#1835,5.);
#1453=VERTEX_POINT('',#1839);
#1454=LINE('',#1840,#1841);
#1455=VERTEX_POINT('',#1843);
#1456=CIRCLE('',#1844,5.);
#1457=LINE('',#1848,#1849);
#1458=VERTEX_POINT('',#1851);
#1459=VERTEX_POINT('',#1852);
#1460=CIRCLE('',#1853,5.);
#1461=VERTEX_POINT('',#1857);
#1462=LINE('',#1858,#1859);
#1463=VERTEX_POINT('',#1861);
#1464=CIRCLE('',#1862,5.);
#1465=VERTEX_POINT('',#1866);
#1466=LINE('',#1867,#1868);
#1467=VERTEX_POINT('',#1870);
#1468=CIRCLE('',#1871,5.);
#1469=VERTEX_POINT('',#1875);
#1470=LINE('',#1876,#1877);
#1471=VERTEX_POINT('',#1879);
#1472=CIRCLE('',#1880,5.);
#1473=LINE('',#1884,#1885);
#1474=VERTEX_POINT('',#1887);
#1475=VERTEX_POINT('',#1888);
#1476=CIRCLE('',#1889,5.00000000000001);
#1477=VERTEX_POINT('',#1893);
#1478=LINE('',#1894,#1895);
#1479=VERTEX_POINT('',#1897);
#1480=CIRCLE('',#1898,4.99999999999999);
#1481=VERTEX_POINT('',#1902);
#1482=LINE('',#1903,#1904);
#1483=VERTEX_POINT('',#1906);
#1484=CIRCLE('',#1907,5.);
#1485=VERTEX_POINT('',#1911);
#1486=LINE('',#1912,#1913);
#1487=VERTEX_POINT('',#1915);
#1488=CIRCLE('',#1916,5.00000000000001);
#1489=LINE('',#1920,#1921);
#1490=VERTEX_POINT('',#1923);
#1491=CIRCLE('',#1924,3.);
#1492=VERTEX_POINT('',#1928);
#1493=CIRCLE('',#1929,3.);
#1494=VERTEX_POINT('',#1933);
#1495=CIRCLE('',#1934,3.);
#1496=VERTEX_POINT('',#1938);
#1497=CIRCLE('',#1939,3.);
#1498=VERTEX_POINT('',#1943);
#1499=CIRCLE('',#1944,8.);
#1500=VERTEX_POINT('',#1948);
#1501=CIRCLE('',#1949,8.);
#1502=VERTEX_POINT('',#1953);
#1503=VERTEX_POINT('',#1954);
#1504=LINE('',#1955,#1956);
#1505=VERTEX_POINT('',#1958);
#1506=CIRCLE('',#1959,5.);
#1507=VERTEX_POINT('',#1963);
#1508=LINE('',#1964,#1965);
#1509=VERTEX_POINT('',#1967);
#1510=CIRCLE('',#1968,4.5);
#1511=VERTEX_POINT('',#1972);
#1512=LINE('',#1973,#1974);
#1513=VERTEX_POINT('',#1976);
#1514=CIRCLE('',#1977,4.5);
#1515=VERTEX_POINT('',#1981);
#1516=LINE('',#1982,#1983);
#1517=CIRCLE('',#1985,5.);
#1518=VERTEX_POINT('',#1989);
#1519=LINE('',#1990,#1991);
#1520=VERTEX_POINT('',#1993);
#1521=LINE('',#1994,#1995);
#1522=CIRCLE('',#1997,4.);
#1523=VERTEX_POINT('',#2001);
#1524=LINE('',#2002,#2003);
#1525=LINE('',#2005,#2006);
#1526=VERTEX_POINT('',#2008);
#1527=LINE('',#2009,#2010);
#1528=CIRCLE('',#2012,4.);
#1529=VERTEX_POINT('',#2016);
#1530=LINE('',#2017,#2018);
#1531=LINE('',#2020,#2021);
#1532=VERTEX_POINT('',#2023);
#1533=LINE('',#2024,#2025);
#1534=CIRCLE('',#2027,4.);
#1535=VERTEX_POINT('',#2031);
#1536=LINE('',#2032,#2033);
#1537=LINE('',#2035,#2036);
#1538=VERTEX_POINT('',#2038);
#1539=LINE('',#2039,#2040);
#1540=CIRCLE('',#2042,4.);
#1541=LINE('',#2046,#2047);
#1542=VERTEX_POINT('',#2049);
#1543=CIRCLE('',#2050,3.);
#1544=VERTEX_POINT('',#2054);
#1545=CIRCLE('',#2055,3.);
#1546=VERTEX_POINT('',#2059);
#1547=CIRCLE('',#2060,3.);
#1548=VERTEX_POINT('',#2064);
#1549=CIRCLE('',#2065,3.);
#1550=VERTEX_POINT('',#2069);
#1551=CIRCLE('',#2070,8.);
#1552=VERTEX_POINT('',#2074);
#1553=CIRCLE('',#2075,8.);
#1554=VERTEX_POINT('',#2079);
#1555=CIRCLE('',#2080,4.);
#1556=VERTEX_POINT('',#2084);
#1557=LINE('',#2085,#2086);
#1558=CIRCLE('',#2088,4.);
#1559=VERTEX_POINT('',#2092);
#1560=CIRCLE('',#2093,1.);
#1561=CIRCLE('',#2097,4.);
#1562=VERTEX_POINT('',#2101);
#1563=LINE('',#2102,#2103);
#1564=CIRCLE('',#2105,4.);
#1565=VERTEX_POINT('',#2109);
#1566=CIRCLE('',#2110,0.5);
#1567=CIRCLE('',#2114,4.);
#1568=VERTEX_POINT('',#2118);
#1569=LINE('',#2119,#2120);
#1570=VERTEX_POINT('',#2122);
#1571=LINE('',#2123,#2124);
#1572=VERTEX_POINT('',#2126);
#1573=LINE('',#2127,#2128);
#1574=CIRCLE('',#2130,4.);
#1575=VERTEX_POINT('',#2134);
#1576=CIRCLE('',#2135,0.5);
#1577=CIRCLE('',#2139,4.);
#1578=VERTEX_POINT('',#2143);
#1579=LINE('',#2144,#2145);
#1580=CIRCLE('',#2147,4.);
#1581=CIRCLE('',#2151,1.);
#1582=VERTEX_POINT('',#2155);
#1583=VERTEX_POINT('',#2156);
#1584=CIRCLE('',#2157,4.);
#1585=VERTEX_POINT('',#2161);
#1586=LINE('',#2162,#2163);
#1587=VERTEX_POINT('',#2165);
#1588=CIRCLE('',#2166,4.);
#1589=VERTEX_POINT('',#2170);
#1590=LINE('',#2171,#2172);
#1591=VERTEX_POINT('',#2174);
#1592=CIRCLE('',#2175,4.);
#1593=VERTEX_POINT('',#2179);
#1594=LINE('',#2180,#2181);
#1595=VERTEX_POINT('',#2183);
#1596=CIRCLE('',#2184,4.);
#1597=LINE('',#2188,#2189);
#1598=VERTEX_POINT('',#2191);
#1599=VERTEX_POINT('',#2192);
#1600=CIRCLE('',#2193,4.);
#1601=VERTEX_POINT('',#2197);
#1602=LINE('',#2198,#2199);
#1603=VERTEX_POINT('',#2201);
#1604=CIRCLE('',#2202,4.);
#1605=VERTEX_POINT('',#2206);
#1606=LINE('',#2207,#2208);
#1607=VERTEX_POINT('',#2210);
#1608=CIRCLE('',#2211,4.);
#1609=VERTEX_POINT('',#2215);
#1610=LINE('',#2216,#2217);
#1611=VERTEX_POINT('',#2219);
#1612=CIRCLE('',#2220,4.);
#1613=LINE('',#2224,#2225);
#1614=VERTEX_POINT('',#2227);
#1615=VERTEX_POINT('',#2228);
#1616=CIRCLE('',#2229,4.);
#1617=VERTEX_POINT('',#2233);
#1618=LINE('',#2234,#2235);
#1619=VERTEX_POINT('',#2237);
#1620=CIRCLE('',#2238,4.);
#1621=VERTEX_POINT('',#2242);
#1622=LINE('',#2243,#2244);
#1623=VERTEX_POINT('',#2246);
#1624=CIRCLE('',#2247,4.);
#1625=VERTEX_POINT('',#2251);
#1626=LINE('',#2252,#2253);
#1627=VERTEX_POINT('',#2255);
#1628=CIRCLE('',#2256,4.);
#1629=LINE('',#2260,#2261);
#1630=VERTEX_POINT('',#2263);
#1631=CIRCLE('',#2264,4.);
#1632=VERTEX_POINT('',#2268);
#1633=CIRCLE('',#2269,4.);
#1634=VERTEX_POINT('',#2273);
#1635=LINE('',#2274,#2275);
#1636=VERTEX_POINT('',#2277);
#1637=LINE('',#2278,#2279);
#1638=LINE('',#2281,#2282);
#1639=VERTEX_POINT('',#2284);
#1640=CIRCLE('',#2285,1.);
#1641=LINE('',#2289,#2290);
#1642=VERTEX_POINT('',#2292);
#1643=LINE('',#2293,#2294);
#1644=LINE('',#2296,#2297);
#1645=VERTEX_POINT('',#2299);
#1646=CIRCLE('',#2300,0.5);
#1647=VERTEX_POINT('',#2304);
#1648=LINE('',#2305,#2306);
#1649=CIRCLE('',#2308,0.5);
#1650=VERTEX_POINT('',#2312);
#1651=CIRCLE('',#2313,0.5);
#1652=VERTEX_POINT('',#2317);
#1653=LINE('',#2318,#2319);
#1654=VERTEX_POINT('',#2321);
#1655=CIRCLE('',#2322,0.999999999999993);
#1656=VERTEX_POINT('',#2326);
#1657=LINE('',#2327,#2328);
#1658=VERTEX_POINT('',#2330);
#1659=CIRCLE('',#2331,1.);
#1660=LINE('',#2335,#2336);
#1661=VERTEX_POINT('',#2338);
#1662=CIRCLE('',#2339,0.5);
#1663=VERTEX_POINT('',#2343);
#1664=CIRCLE('',#2344,0.5);
#1665=VERTEX_POINT('',#2348);
#1666=LINE('',#2349,#2350);
#1667=VERTEX_POINT('',#2352);
#1668=CIRCLE('',#2353,1.);
#1669=VERTEX_POINT('',#2357);
#1670=LINE('',#2358,#2359);
#1671=VERTEX_POINT('',#2361);
#1672=CIRCLE('',#2362,1.);
#1673=LINE('',#2366,#2367);
#1674=VERTEX_POINT('',#2369);
#1675=CIRCLE('',#2370,0.500000000000004);
#1676=VERTEX_POINT('',#2374);
#1677=CIRCLE('',#2375,0.5);
#1678=VERTEX_POINT('',#2379);
#1679=LINE('',#2380,#2381);
#1680=VERTEX_POINT('',#2383);
#1681=CIRCLE('',#2384,1.);
#1682=VERTEX_POINT('',#2388);
#1683=LINE('',#2389,#2390);
#1684=VERTEX_POINT('',#2392);
#1685=CIRCLE('',#2393,1.);
#1686=LINE('',#2397,#2398);
#1687=VERTEX_POINT('',#2400);
#1688=LINE('',#2401,#2402);
#1689=VERTEX_POINT('',#2404);
#1690=CIRCLE('',#2405,0.5);
#1691=LINE('',#2409,#2410);
#1692=VERTEX_POINT('',#2412);
#1693=LINE('',#2413,#2414);
#1694=LINE('',#2416,#2417);
#1695=CIRCLE('',#2419,1.);
#1696=VERTEX_POINT('',#2423);
#1697=CIRCLE('',#2424,4.);
#1698=VERTEX_POINT('',#2428);
#1699=VERTEX_POINT('',#2429);
#1700=CIRCLE('',#2430,4.);
#1701=CIRCLE('',#2434,4.);
#1702=VERTEX_POINT('',#2438);
#1703=LINE('',#2439,#2440);
#1704=VERTEX_POINT('',#2442);
#1705=CIRCLE('',#2443,1.);
#1706=VERTEX_POINT('',#2447);
#1707=LINE('',#2448,#2449);
#1708=VERTEX_POINT('',#2451);
#1709=CIRCLE('',#2452,1.);
#1710=VERTEX_POINT('',#2456);
#1711=LINE('',#2457,#2458);
#1712=VERTEX_POINT('',#2460);
#1713=CIRCLE('',#2461,0.5);
#1714=VERTEX_POINT('',#2465);
#1715=LINE('',#2466,#2467);
#1716=VERTEX_POINT('',#2469);
#1717=CIRCLE('',#2470,1.);
#1718=VERTEX_POINT('',#2474);
#1719=LINE('',#2475,#2476);
#1720=VERTEX_POINT('',#2478);
#1721=CIRCLE('',#2479,1.);
#1722=VERTEX_POINT('',#2483);
#1723=LINE('',#2484,#2485);
#1724=VERTEX_POINT('',#2487);
#1725=CIRCLE('',#2488,0.5);
#1726=VERTEX_POINT('',#2492);
#1727=LINE('',#2493,#2494);
#1728=VERTEX_POINT('',#2496);
#1729=CIRCLE('',#2497,1.);
#1730=VERTEX_POINT('',#2501);
#1731=LINE('',#2502,#2503);
#1732=VERTEX_POINT('',#2505);
#1733=CIRCLE('',#2506,1.);
#1734=LINE('',#2510,#2511);
#1735=LINE('',#2513,#2514);
#1736=LINE('',#2516,#2517);
#1737=LINE('',#2519,#2520);
#1738=LINE('',#2522,#2523);
#1739=LINE('',#2525,#2526);
#1740=LINE('',#2528,#2529);
#1741=LINE('',#2531,#2532);
#1742=LINE('',#2534,#2535);
#1743=LINE('',#2537,#2538);
#1744=LINE('',#2540,#2541);
#1745=LINE('',#2543,#2544);
#1746=LINE('',#2546,#2547);
#1747=LINE('',#2549,#2550);
#1748=LINE('',#2552,#2553);
#1749=LINE('',#2555,#2556);
#1750=LINE('',#2558,#2559);
#1751=VERTEX_POINT('',#2561);
#1752=CIRCLE('',#2562,0.600000000000003);
#1753=VERTEX_POINT('',#2566);
#1754=CIRCLE('',#2567,0.600000000000003);
#1755=LINE('',#2571,#2572);
#1756=LINE('',#2574,#2575);
#1757=LINE('',#2577,#2578);
#1758=LINE('',#2580,#2581);
#1759=LINE('',#2583,#2584);
#1760=LINE('',#2586,#2587);
#1761=LINE('',#2589,#2590);
#1762=LINE('',#2592,#2593);
#1763=LINE('',#2595,#2596);
#1764=LINE('',#2598,#2599);
#1765=LINE('',#2601,#2602);
#1766=LINE('',#2604,#2605);
#1767=LINE('',#2607,#2608);
#1768=LINE('',#2610,#2611);
#1769=LINE('',#2613,#2614);
#1770=LINE('',#2616,#2617);
#1771=LINE('',#2619,#2620);
#1772=LINE('',#2622,#2623);
#1773=LINE('',#2625,#2626);
#1774=LINE('',#2628,#2629);
#1775=LINE('',#2631,#2632);
#1776=LINE('',#2634,#2635);
#1777=LINE('',#2637,#2638);
#1778=LINE('',#2640,#2641);
#1779=CARTESIAN_POINT('',(47.5,56.,0.));
#1780=CARTESIAN_POINT('',(43.5,60.,0.));
#1781=AXIS2_PLACEMENT_3D('',#1782,#1783,#1784);
#1782=CARTESIAN_POINT('',(43.5,56.,0.));
#1783=DIRECTION('',(0.,0.,-1.));
#1784=DIRECTION('',(0.,1.,0.));
#1785=CARTESIAN_POINT('',(47.5,-56.,0.));
#1786=CARTESIAN_POINT('',(47.5,-56.,0.));
#1787=VECTOR('',#1788,1.);
#1788=DIRECTION('',(1.26882631385732E-16,1.,0.));
#1789=CARTESIAN_POINT('',(43.5,-60.,0.));
#1790=AXIS2_PLACEMENT_3D('',#1791,#1792,#1793);
#1791=CARTESIAN_POINT('',(43.5,-56.,0.));
#1792=DIRECTION('',(0.,0.,-1.));
#1793=DIRECTION('',(1.,0.,0.));
#1794=CARTESIAN_POINT('',(-43.5,-60.,0.));
#1795=CARTESIAN_POINT('',(-43.5,-60.,0.));
#1796=VECTOR('',#1797,1.);
#1797=DIRECTION('',(1.,-1.63343157646E-16,0.));
#1798=CARTESIAN_POINT('',(-47.5,-56.,0.));
#1799=AXIS2_PLACEMENT_3D('',#1800,#1801,#1802);
#1800=CARTESIAN_POINT('',(-43.5,-56.,0.));
#1801=DIRECTION('',(0.,0.,-1.));
#1802=DIRECTION('',(0.,-1.,0.));
#1803=CARTESIAN_POINT('',(-47.5,56.,0.));
#1804=CARTESIAN_POINT('',(-47.5,56.,0.));
#1805=VECTOR('',#1806,1.);
#1806=DIRECTION('',(-6.34413156928661E-17,-1.,0.));
#1807=CARTESIAN_POINT('',(-43.5,60.,0.));
#1808=AXIS2_PLACEMENT_3D('',#1809,#1810,#1811);
#1809=CARTESIAN_POINT('',(-43.5,56.,0.));
#1810=DIRECTION('',(0.,0.,-1.));
#1811=DIRECTION('',(-1.,0.,0.));
#1812=CARTESIAN_POINT('',(43.5,60.,0.));
#1813=VECTOR('',#1814,1.);
#1814=DIRECTION('',(-1.,1.63343157646E-16,0.));
#1815=CARTESIAN_POINT('',(-24.,47.,-5.9211894646675E-16));
#1816=CARTESIAN_POINT('',(-19.,52.,-5.9211894646675E-16));
#1817=AXIS2_PLACEMENT_3D('',#1818,#1819,#1820);
#1818=CARTESIAN_POINT('',(-19.,47.,0.));
#1819=DIRECTION('',(0.,0.,1.));
#1820=DIRECTION('',(0.,1.,0.));
#1821=CARTESIAN_POINT('',(-24.,-47.,0.));
#1822=CARTESIAN_POINT('',(-24.,47.,0.));
#1823=VECTOR('',#1824,1.);
#1824=DIRECTION('',(-3.77948263702181E-17,-1.,0.));
#1825=CARTESIAN_POINT('',(-19.,-52.,0.));
#1826=AXIS2_PLACEMENT_3D('',#1827,#1828,#1829);
#1827=CARTESIAN_POINT('',(-19.,-47.,0.));
#1828=DIRECTION('',(0.,0.,1.));
#1829=DIRECTION('',(-1.,0.,0.));
#1830=CARTESIAN_POINT('',(-17.,-52.,-5.9211894646675E-16));
#1831=CARTESIAN_POINT('',(-19.,-52.,0.));
#1832=VECTOR('',#1833,1.);
#1833=DIRECTION('',(1.,0.,0.));
#1834=CARTESIAN_POINT('',(-12.,-47.,-5.9211894646675E-16));
#1835=AXIS2_PLACEMENT_3D('',#1836,#1837,#1838);
#1836=CARTESIAN_POINT('',(-17.,-47.,0.));
#1837=DIRECTION('',(0.,0.,1.));
#1838=DIRECTION('',(-7.105427357601E-16,-1.,0.));
#1839=CARTESIAN_POINT('',(-12.,47.,0.));
#1840=CARTESIAN_POINT('',(-12.,-47.,0.));
#1841=VECTOR('',#1842,1.);
#1842=DIRECTION('',(0.,1.,0.));
#1843=CARTESIAN_POINT('',(-17.,52.,0.));
#1844=AXIS2_PLACEMENT_3D('',#1845,#1846,#1847);
#1845=CARTESIAN_POINT('',(-17.,47.,0.));
#1846=DIRECTION('',(0.,0.,1.));
#1847=DIRECTION('',(1.,0.,0.));
#1848=CARTESIAN_POINT('',(-17.,52.,0.));
#1849=VECTOR('',#1850,1.);
#1850=DIRECTION('',(-1.,0.,0.));
#1851=CARTESIAN_POINT('',(-8.5,47.,0.));
#1852=CARTESIAN_POINT('',(-3.5,52.,0.));
#1853=AXIS2_PLACEMENT_3D('',#1854,#1855,#1856);
#1854=CARTESIAN_POINT('',(-3.5,47.,0.));
#1855=DIRECTION('',(0.,0.,1.));
#1856=DIRECTION('',(2.66453525910038E-16,1.,0.));
#1857=CARTESIAN_POINT('',(-8.5,-47.,0.));
#1858=CARTESIAN_POINT('',(-8.5,47.,0.));
#1859=VECTOR('',#1860,1.);
#1860=DIRECTION('',(1.8897413185109E-17,-1.,0.));
#1861=CARTESIAN_POINT('',(-3.5,-52.,0.));
#1862=AXIS2_PLACEMENT_3D('',#1863,#1864,#1865);
#1863=CARTESIAN_POINT('',(-3.5,-47.,0.));
#1864=DIRECTION('',(0.,0.,1.));
#1865=DIRECTION('',(-1.,0.,0.));
#1866=CARTESIAN_POINT('',(-1.49999999999999,-52.,0.));
#1867=CARTESIAN_POINT('',(-3.5,-52.,0.));
#1868=VECTOR('',#1869,1.);
#1869=DIRECTION('',(1.,0.,0.));
#1870=CARTESIAN_POINT('',(3.5,-47.,0.));
#1871=AXIS2_PLACEMENT_3D('',#1872,#1873,#1874);
#1872=CARTESIAN_POINT('',(-1.5,-47.,0.));
#1873=DIRECTION('',(0.,0.,1.));
#1874=DIRECTION('',(2.66453525910038E-16,-1.,0.));
#1875=CARTESIAN_POINT('',(3.5,47.,-5.9211894646675E-16));
#1876=CARTESIAN_POINT('',(3.5,-47.,0.));
#1877=VECTOR('',#1878,1.);
#1878=DIRECTION('',(0.,1.,0.));
#1879=CARTESIAN_POINT('',(-1.49999999999999,52.,-5.9211894646675E-16));
#1880=AXIS2_PLACEMENT_3D('',#1881,#1882,#1883);
#1881=CARTESIAN_POINT('',(-1.5,47.,0.));
#1882=DIRECTION('',(0.,0.,1.));
#1883=DIRECTION('',(1.,0.,0.));
#1884=CARTESIAN_POINT('',(-1.49999999999999,52.,0.));
#1885=VECTOR('',#1886,1.);
#1886=DIRECTION('',(-1.,0.,0.));
#1887=CARTESIAN_POINT('',(-34.5,-52.,0.));
#1888=CARTESIAN_POINT('',(-39.5,-47.,0.));
#1889=AXIS2_PLACEMENT_3D('',#1890,#1891,#1892);
#1890=CARTESIAN_POINT('',(-34.5,-47.,0.));
#1891=DIRECTION('',(0.,0.,1.));
#1892=DIRECTION('',(-1.,0.,0.));
#1893=CARTESIAN_POINT('',(-32.5,-52.,0.));
#1894=CARTESIAN_POINT('',(-34.5,-52.,0.));
#1895=VECTOR('',#1896,1.);
#1896=DIRECTION('',(1.,0.,0.));
#1897=CARTESIAN_POINT('',(-27.5,-47.,0.));
#1898=AXIS2_PLACEMENT_3D('',#1899,#1900,#1901);
#1899=CARTESIAN_POINT('',(-32.5,-47.,0.));
#1900=DIRECTION('',(0.,0.,1.));
#1901=DIRECTION('',(-1.4210854715202E-15,-1.,0.));
#1902=CARTESIAN_POINT('',(-27.5,47.,0.));
#1903=CARTESIAN_POINT('',(-27.5,-47.,0.));
#1904=VECTOR('',#1905,1.);
#1905=DIRECTION('',(0.,1.,0.));
#1906=CARTESIAN_POINT('',(-32.5,52.,0.));
#1907=AXIS2_PLACEMENT_3D('',#1908,#1909,#1910);
#1908=CARTESIAN_POINT('',(-32.5,47.,0.));
#1909=DIRECTION('',(0.,0.,1.));
#1910=DIRECTION('',(1.,1.4210854715202E-15,0.));
#1911=CARTESIAN_POINT('',(-34.5,52.,-5.9211894646675E-16));
#1912=CARTESIAN_POINT('',(-32.5,52.,0.));
#1913=VECTOR('',#1914,1.);
#1914=DIRECTION('',(-1.,0.,0.));
#1915=CARTESIAN_POINT('',(-39.5,47.,-5.9211894646675E-16));
#1916=AXIS2_PLACEMENT_3D('',#1917,#1918,#1919);
#1917=CARTESIAN_POINT('',(-34.5,47.,0.));
#1918=DIRECTION('',(0.,0.,1.));
#1919=DIRECTION('',(-1.4210854715202E-15,1.,0.));
#1920=CARTESIAN_POINT('',(-39.5,47.,0.));
#1921=VECTOR('',#1922,1.);
#1922=DIRECTION('',(0.,-1.,0.));
#1923=CARTESIAN_POINT('',(42.5,52.,-1.77635683940025E-15));
#1924=AXIS2_PLACEMENT_3D('',#1925,#1926,#1927);
#1925=CARTESIAN_POINT('',(42.5,55.,0.));
#1926=DIRECTION('',(0.,0.,1.));
#1927=DIRECTION('',(6.12323399573676E-17,-1.,0.));
#1928=CARTESIAN_POINT('',(-42.9,52.,-1.77635683940025E-15));
#1929=AXIS2_PLACEMENT_3D('',#1930,#1931,#1932);
#1930=CARTESIAN_POINT('',(-42.9,55.,0.));
#1931=DIRECTION('',(0.,0.,1.));
#1932=DIRECTION('',(6.12323399573676E-17,-1.,0.));
#1933=CARTESIAN_POINT('',(-42.9,-58.,-1.77635683940025E-15));
#1934=AXIS2_PLACEMENT_3D('',#1935,#1936,#1937);
#1935=CARTESIAN_POINT('',(-42.9,-55.,0.));
#1936=DIRECTION('',(0.,0.,1.));
#1937=DIRECTION('',(6.12323399573676E-17,-1.,0.));
#1938=CARTESIAN_POINT('',(41.5,-52.,-1.77635683940025E-15));
#1939=AXIS2_PLACEMENT_3D('',#1940,#1941,#1942);
#1940=CARTESIAN_POINT('',(41.5,-49.,0.));
#1941=DIRECTION('',(0.,0.,1.));
#1942=DIRECTION('',(6.12323399573676E-17,-1.,0.));
#1943=CARTESIAN_POINT('',(26.5,39.,0.));
#1944=AXIS2_PLACEMENT_3D('',#1945,#1946,#1947);
#1945=CARTESIAN_POINT('',(26.5,47.,0.));
#1946=DIRECTION('',(0.,0.,-1.));
#1947=DIRECTION('',(-6.12323399573677E-17,-1.,0.));
#1948=CARTESIAN_POINT('',(26.5,-55.,0.));
#1949=AXIS2_PLACEMENT_3D('',#1950,#1951,#1952);
#1950=CARTESIAN_POINT('',(26.5,-47.,0.));
#1951=DIRECTION('',(0.,0.,-1.));
#1952=DIRECTION('',(-6.12323399573677E-17,-1.,0.));
#1953=CARTESIAN_POINT('',(40.5,25.,0.));
#1954=CARTESIAN_POINT('',(40.5,-25.,-1.48029736616688E-16));
#1955=CARTESIAN_POINT('',(40.5,-25.,0.));
#1956=VECTOR('',#1957,1.);
#1957=DIRECTION('',(0.,1.,0.));
#1958=CARTESIAN_POINT('',(35.5,30.,0.));
#1959=AXIS2_PLACEMENT_3D('',#1960,#1961,#1962);
#1960=CARTESIAN_POINT('',(35.5,25.,0.));
#1961=DIRECTION('',(0.,0.,1.));
#1962=DIRECTION('',(1.,-3.5527136788005E-15,0.));
#1963=CARTESIAN_POINT('',(17.,30.,-8.88178419700125E-16));
#1964=CARTESIAN_POINT('',(35.5,30.,0.));
#1965=VECTOR('',#1966,1.);
#1966=DIRECTION('',(-1.,3.84077154464919E-16,0.));
#1967=CARTESIAN_POINT('',(12.5,25.5,-8.88178419700125E-16));
#1968=AXIS2_PLACEMENT_3D('',#1969,#1970,#1971);
#1969=CARTESIAN_POINT('',(17.,25.5,0.));
#1970=DIRECTION('',(0.,0.,1.));
#1971=DIRECTION('',(0.,1.,0.));
#1972=CARTESIAN_POINT('',(12.5,-25.5,0.));
#1973=CARTESIAN_POINT('',(12.5,25.5,0.));
#1974=VECTOR('',#1975,1.);
#1975=DIRECTION('',(0.,-1.,0.));
#1976=CARTESIAN_POINT('',(17.,-30.,0.));
#1977=AXIS2_PLACEMENT_3D('',#1978,#1979,#1980);
#1978=CARTESIAN_POINT('',(17.,-25.5,0.));
#1979=DIRECTION('',(0.,0.,1.));
#1980=DIRECTION('',(-1.,0.,0.));
#1981=CARTESIAN_POINT('',(35.5,-30.,-1.48029736616688E-16));
#1982=CARTESIAN_POINT('',(17.,-30.,0.));
#1983=VECTOR('',#1984,1.);
#1984=DIRECTION('',(1.,-3.84077154464919E-16,0.));
#1985=AXIS2_PLACEMENT_3D('',#1986,#1987,#1988);
#1986=CARTESIAN_POINT('',(35.5,-25.,0.));
#1987=DIRECTION('',(0.,0.,1.));
#1988=DIRECTION('',(0.,-1.,0.));
#1989=CARTESIAN_POINT('',(47.5,56.,2.));
#1990=CARTESIAN_POINT('',(47.5,56.,0.));
#1991=VECTOR('',#1992,1.);
#1992=DIRECTION('',(0.,0.,1.));
#1993=CARTESIAN_POINT('',(43.5,60.,2.));
#1994=CARTESIAN_POINT('',(43.5,60.,0.));
#1995=VECTOR('',#1996,1.);
#1996=DIRECTION('',(0.,0.,1.));
#1997=AXIS2_PLACEMENT_3D('',#1998,#1999,#2000);
#1998=CARTESIAN_POINT('',(43.5,56.,2.));
#1999=DIRECTION('',(0.,0.,1.));
#2000=DIRECTION('',(1.,1.77635683940025E-15,0.));
#2001=CARTESIAN_POINT('',(47.5,-56.,2.));
#2002=CARTESIAN_POINT('',(47.5,-56.,2.));
#2003=VECTOR('',#2004,1.);
#2004=DIRECTION('',(1.26882631385732E-16,1.,0.));
#2005=CARTESIAN_POINT('',(47.5,-56.,0.));
#2006=VECTOR('',#2007,1.);
#2007=DIRECTION('',(0.,0.,1.));
#2008=CARTESIAN_POINT('',(43.5,-60.,2.));
#2009=CARTESIAN_POINT('',(43.5,-60.,0.));
#2010=VECTOR('',#2011,1.);
#2011=DIRECTION('',(0.,0.,1.));
#2012=AXIS2_PLACEMENT_3D('',#2013,#2014,#2015);
#2013=CARTESIAN_POINT('',(43.5,-56.,2.));
#2014=DIRECTION('',(0.,0.,1.));
#2015=DIRECTION('',(0.,-1.,0.));
#2016=CARTESIAN_POINT('',(-43.5,-60.,2.));
#2017=CARTESIAN_POINT('',(-43.5,-60.,2.));
#2018=VECTOR('',#2019,1.);
#2019=DIRECTION('',(1.,-1.63343157646E-16,0.));
#2020=CARTESIAN_POINT('',(-43.5,-60.,0.));
#2021=VECTOR('',#2022,1.);
#2022=DIRECTION('',(0.,0.,1.));
#2023=CARTESIAN_POINT('',(-47.5,-56.,2.));
#2024=CARTESIAN_POINT('',(-47.5,-56.,0.));
#2025=VECTOR('',#2026,1.);
#2026=DIRECTION('',(0.,0.,1.));
#2027=AXIS2_PLACEMENT_3D('',#2028,#2029,#2030);
#2028=CARTESIAN_POINT('',(-43.5,-56.,2.));
#2029=DIRECTION('',(0.,0.,1.));
#2030=DIRECTION('',(-1.,0.,0.));
#2031=CARTESIAN_POINT('',(-47.5,56.,2.));
#2032=CARTESIAN_POINT('',(-47.5,56.,0.));
#2033=VECTOR('',#2034,1.);
#2034=DIRECTION('',(0.,0.,1.));
#2035=CARTESIAN_POINT('',(-47.5,56.,2.));
#2036=VECTOR('',#2037,1.);
#2037=DIRECTION('',(-6.34413156928661E-17,-1.,0.));
#2038=CARTESIAN_POINT('',(-43.5,60.,2.));
#2039=CARTESIAN_POINT('',(-43.5,60.,0.));
#2040=VECTOR('',#2041,1.);
#2041=DIRECTION('',(0.,0.,1.));
#2042=AXIS2_PLACEMENT_3D('',#2043,#2044,#2045);
#2043=CARTESIAN_POINT('',(-43.5,56.,2.));
#2044=DIRECTION('',(0.,0.,1.));
#2045=DIRECTION('',(-3.5527136788005E-15,1.,0.));
#2046=CARTESIAN_POINT('',(43.5,60.,2.));
#2047=VECTOR('',#2048,1.);
#2048=DIRECTION('',(-1.,1.63343157646E-16,0.));
#2049=CARTESIAN_POINT('',(42.5,52.,2.));
#2050=AXIS2_PLACEMENT_3D('',#2051,#2052,#2053);
#2051=CARTESIAN_POINT('',(42.5,55.,2.));
#2052=DIRECTION('',(0.,0.,1.));
#2053=DIRECTION('',(6.12323399573676E-17,-1.,0.));
#2054=CARTESIAN_POINT('',(-42.9,52.,2.));
#2055=AXIS2_PLACEMENT_3D('',#2056,#2057,#2058);
#2056=CARTESIAN_POINT('',(-42.9,55.,2.));
#2057=DIRECTION('',(0.,0.,1.));
#2058=DIRECTION('',(6.12323399573676E-17,-1.,0.));
#2059=CARTESIAN_POINT('',(-42.9,-58.,2.));
#2060=AXIS2_PLACEMENT_3D('',#2061,#2062,#2063);
#2061=CARTESIAN_POINT('',(-42.9,-55.,2.));
#2062=DIRECTION('',(0.,0.,1.));
#2063=DIRECTION('',(6.12323399573676E-17,-1.,0.));
#2064=CARTESIAN_POINT('',(41.5,-52.,2.));
#2065=AXIS2_PLACEMENT_3D('',#2066,#2067,#2068);
#2066=CARTESIAN_POINT('',(41.5,-49.,2.));
#2067=DIRECTION('',(0.,0.,1.));
#2068=DIRECTION('',(6.12323399573676E-17,-1.,0.));
#2069=CARTESIAN_POINT('',(26.5,39.,-18.));
#2070=AXIS2_PLACEMENT_3D('',#2071,#2072,#2073);
#2071=CARTESIAN_POINT('',(26.5,47.,-18.));
#2072=DIRECTION('',(0.,0.,-1.));
#2073=DIRECTION('',(-6.12323399573677E-17,-1.,0.));
#2074=CARTESIAN_POINT('',(26.5,-55.,-18.));
#2075=AXIS2_PLACEMENT_3D('',#2076,#2077,#2078);
#2076=CARTESIAN_POINT('',(26.5,-47.,-18.));
#2077=DIRECTION('',(0.,0.,-1.));
#2078=DIRECTION('',(-6.12323399573677E-17,-1.,0.));
#2079=CARTESIAN_POINT('',(36.5,-25.,-4.));
#2080=AXIS2_PLACEMENT_3D('',#2081,#2082,#2083);
#2081=CARTESIAN_POINT('',(40.5,-25.,-4.));
#2082=DIRECTION('',(0.,-1.,0.));
#2083=DIRECTION('',(-6.12323399573677E-17,0.,1.));
#2084=CARTESIAN_POINT('',(36.5,25.,-4.));
#2085=CARTESIAN_POINT('',(36.5,-25.,-4.));
#2086=VECTOR('',#2087,1.);
#2087=DIRECTION('',(0.,1.,0.));
#2088=AXIS2_PLACEMENT_3D('',#2089,#2090,#2091);
#2089=CARTESIAN_POINT('',(40.5,24.9999999999999,-4.));
#2090=DIRECTION('',(-1.40500424502343E-14,-1.,0.));
#2091=DIRECTION('',(0.,0.,1.));
#2092=CARTESIAN_POINT('',(35.5,26.,-4.));
#2093=AXIS2_PLACEMENT_3D('',#2094,#2095,#2096);
#2094=CARTESIAN_POINT('',(35.5,25.,-4.));
#2095=DIRECTION('',(0.,0.,1.));
#2096=DIRECTION('',(1.,0.,0.));
#2097=AXIS2_PLACEMENT_3D('',#2098,#2099,#2100);
#2098=CARTESIAN_POINT('',(35.5,30.,-4.));
#2099=DIRECTION('',(1.,-2.11052297750525E-16,0.));
#2100=DIRECTION('',(1.0508285991624E-32,4.9789962505148E-17,1.));
#2101=CARTESIAN_POINT('',(17.,26.,-4.));
#2102=CARTESIAN_POINT('',(35.5,26.,-4.));
#2103=VECTOR('',#2104,1.);
#2104=DIRECTION('',(-1.,1.92038577232459E-16,-4.80096443081149E-17));
#2105=AXIS2_PLACEMENT_3D('',#2106,#2107,#2108);
#2106=CARTESIAN_POINT('',(16.9999999999999,30.,-4.));
#2107=DIRECTION('',(1.,2.85825216953717E-14,0.));
#2108=DIRECTION('',(0.,0.,1.));
#2109=CARTESIAN_POINT('',(16.5,25.5,-4.));
#2110=AXIS2_PLACEMENT_3D('',#2111,#2112,#2113);
#2111=CARTESIAN_POINT('',(17.,25.5,-4.));
#2112=DIRECTION('',(1.40129846432482E-45,-4.44089209850063E-16,1.));
#2113=DIRECTION('',(6.22301527786114E-61,1.,4.44089209850063E-16));
#2114=AXIS2_PLACEMENT_3D('',#2115,#2116,#2117);
#2115=CARTESIAN_POINT('',(12.5,25.5,-4.));
#2116=DIRECTION('',(0.,1.,0.));
#2117=DIRECTION('',(6.12323399573677E-17,0.,1.));
#2118=CARTESIAN_POINT('',(16.5,5.5,-4.));
#2119=CARTESIAN_POINT('',(16.5,5.5,-4.));
#2120=VECTOR('',#2121,1.);
#2121=DIRECTION('',(0.,1.,0.));
#2122=CARTESIAN_POINT('',(16.5,-5.5,-4.));
#2123=CARTESIAN_POINT('',(16.5,-5.5,-4.));
#2124=VECTOR('',#2125,1.);
#2125=DIRECTION('',(0.,1.,0.));
#2126=CARTESIAN_POINT('',(16.5,-25.5,-4.));
#2127=CARTESIAN_POINT('',(16.5,-25.5,-4.));
#2128=VECTOR('',#2129,1.);
#2129=DIRECTION('',(0.,1.,0.));
#2130=AXIS2_PLACEMENT_3D('',#2131,#2132,#2133);
#2131=CARTESIAN_POINT('',(12.5,-25.5,-4.));
#2132=DIRECTION('',(-3.82856869892695E-16,1.,0.));
#2133=DIRECTION('',(0.,0.,1.));
#2134=CARTESIAN_POINT('',(17.,-26.,-4.));
#2135=AXIS2_PLACEMENT_3D('',#2136,#2137,#2138);
#2136=CARTESIAN_POINT('',(17.,-25.5,-4.));
#2137=DIRECTION('',(0.,0.,1.));
#2138=DIRECTION('',(-1.,0.,0.));
#2139=AXIS2_PLACEMENT_3D('',#2140,#2141,#2142);
#2140=CARTESIAN_POINT('',(17.,-30.,-4.));
#2141=DIRECTION('',(-1.,2.81403063667366E-16,0.));
#2142=DIRECTION('',(1.7230968059525E-32,6.12323399573677E-17,1.));
#2143=CARTESIAN_POINT('',(35.5,-26.,-4.));
#2144=CARTESIAN_POINT('',(17.,-26.,-4.));
#2145=VECTOR('',#2146,1.);
#2146=DIRECTION('',(1.,-3.84077154464919E-16,0.));
#2147=AXIS2_PLACEMENT_3D('',#2148,#2149,#2150);
#2148=CARTESIAN_POINT('',(35.5,-30.,-4.));
#2149=DIRECTION('',(-1.,3.8359906236829E-15,0.));
#2150=DIRECTION('',(-6.81408818025435E-30,-1.77635683940025E-15,1.));
#2151=AXIS2_PLACEMENT_3D('',#2152,#2153,#2154);
#2152=CARTESIAN_POINT('',(35.5,-25.,-4.));
#2153=DIRECTION('',(0.,2.53765262771464E-16,1.));
#2154=DIRECTION('',(0.,-1.,2.53765262771464E-16));
#2155=CARTESIAN_POINT('',(-38.5,-47.,1.));
#2156=CARTESIAN_POINT('',(-34.5,-51.,1.));
#2157=AXIS2_PLACEMENT_3D('',#2158,#2159,#2160);
#2158=CARTESIAN_POINT('',(-34.5,-47.,1.));
#2159=DIRECTION('',(0.,0.,-1.));
#2160=DIRECTION('',(0.,-1.,0.));
#2161=CARTESIAN_POINT('',(-38.5,47.,1.));
#2162=CARTESIAN_POINT('',(-38.5,-47.,1.));
#2163=VECTOR('',#2164,1.);
#2164=DIRECTION('',(7.55896527404362E-17,1.,0.));
#2165=CARTESIAN_POINT('',(-34.5,51.,1.));
#2166=AXIS2_PLACEMENT_3D('',#2167,#2168,#2169);
#2167=CARTESIAN_POINT('',(-34.5,47.,1.));
#2168=DIRECTION('',(0.,0.,-1.));
#2169=DIRECTION('',(-1.,0.,0.));
#2170=CARTESIAN_POINT('',(-32.5,51.,1.));
#2171=CARTESIAN_POINT('',(-34.5,51.,1.));
#2172=VECTOR('',#2173,1.);
#2173=DIRECTION('',(1.,0.,0.));
#2174=CARTESIAN_POINT('',(-28.5,47.,0.999999999999999));
#2175=AXIS2_PLACEMENT_3D('',#2176,#2177,#2178);
#2176=CARTESIAN_POINT('',(-32.5,47.,1.));
#2177=DIRECTION('',(0.,0.,-1.));
#2178=DIRECTION('',(0.,1.,0.));
#2179=CARTESIAN_POINT('',(-28.5,-47.,0.999999999999999));
#2180=CARTESIAN_POINT('',(-28.5,47.,0.999999999999999));
#2181=VECTOR('',#2182,1.);
#2182=DIRECTION('',(0.,-1.,0.));
#2183=CARTESIAN_POINT('',(-32.5,-51.,1.));
#2184=AXIS2_PLACEMENT_3D('',#2185,#2186,#2187);
#2185=CARTESIAN_POINT('',(-32.5,-47.,1.));
#2186=DIRECTION('',(0.,0.,-1.));
#2187=DIRECTION('',(1.,0.,0.));
#2188=CARTESIAN_POINT('',(-32.5,-51.,1.));
#2189=VECTOR('',#2190,1.);
#2190=DIRECTION('',(-1.,0.,0.));
#2191=CARTESIAN_POINT('',(2.5,47.,1.));
#2192=CARTESIAN_POINT('',(-1.49999999999999,51.,1.));
#2193=AXIS2_PLACEMENT_3D('',#2194,#2195,#2196);
#2194=CARTESIAN_POINT('',(-1.5,47.,1.));
#2195=DIRECTION('',(0.,0.,-1.));
#2196=DIRECTION('',(1.66533453693773E-16,1.,0.));
#2197=CARTESIAN_POINT('',(2.5,-47.,1.));
#2198=CARTESIAN_POINT('',(2.5,47.,1.));
#2199=VECTOR('',#2200,1.);
#2200=DIRECTION('',(0.,-1.,0.));
#2201=CARTESIAN_POINT('',(-1.49999999999999,-51.,1.));
#2202=AXIS2_PLACEMENT_3D('',#2203,#2204,#2205);
#2203=CARTESIAN_POINT('',(-1.5,-47.,1.));
#2204=DIRECTION('',(0.,0.,-1.));
#2205=DIRECTION('',(1.,-1.77635683940025E-15,0.));
#2206=CARTESIAN_POINT('',(-3.5,-51.,1.));
#2207=CARTESIAN_POINT('',(-1.5,-51.,1.));
#2208=VECTOR('',#2209,1.);
#2209=DIRECTION('',(-1.,0.,0.));
#2210=CARTESIAN_POINT('',(-7.5,-47.,1.));
#2211=AXIS2_PLACEMENT_3D('',#2212,#2213,#2214);
#2212=CARTESIAN_POINT('',(-3.5,-47.,1.));
#2213=DIRECTION('',(0.,0.,-1.));
#2214=DIRECTION('',(2.22044604925031E-16,-1.,0.));
#2215=CARTESIAN_POINT('',(-7.5,47.,1.));
#2216=CARTESIAN_POINT('',(-7.5,-47.,1.));
#2217=VECTOR('',#2218,1.);
#2218=DIRECTION('',(0.,1.,0.));
#2219=CARTESIAN_POINT('',(-3.5,51.,1.));
#2220=AXIS2_PLACEMENT_3D('',#2221,#2222,#2223);
#2221=CARTESIAN_POINT('',(-3.5,47.,1.));
#2222=DIRECTION('',(0.,0.,-1.));
#2223=DIRECTION('',(-1.,0.,0.));
#2224=CARTESIAN_POINT('',(-3.5,51.,1.));
#2225=VECTOR('',#2226,1.);
#2226=DIRECTION('',(1.,0.,0.));
#2227=CARTESIAN_POINT('',(-13.,47.,1.));
#2228=CARTESIAN_POINT('',(-17.,51.,1.));
#2229=AXIS2_PLACEMENT_3D('',#2230,#2231,#2232);
#2230=CARTESIAN_POINT('',(-17.,47.,1.));
#2231=DIRECTION('',(0.,0.,-1.));
#2232=DIRECTION('',(0.,1.,0.));
#2233=CARTESIAN_POINT('',(-13.,-47.,1.));
#2234=CARTESIAN_POINT('',(-13.,47.,1.));
#2235=VECTOR('',#2236,1.);
#2236=DIRECTION('',(1.8897413185109E-17,-1.,-1.18108832406932E-18));
#2237=CARTESIAN_POINT('',(-17.,-51.,1.));
#2238=AXIS2_PLACEMENT_3D('',#2239,#2240,#2241);
#2239=CARTESIAN_POINT('',(-17.,-47.,1.));
#2240=DIRECTION('',(0.,0.,-1.));
#2241=DIRECTION('',(1.,-1.77635683940025E-15,0.));
#2242=CARTESIAN_POINT('',(-19.,-51.,1.));
#2243=CARTESIAN_POINT('',(-17.,-51.,1.));
#2244=VECTOR('',#2245,1.);
#2245=DIRECTION('',(-1.,0.,0.));
#2246=CARTESIAN_POINT('',(-23.,-47.,1.));
#2247=AXIS2_PLACEMENT_3D('',#2248,#2249,#2250);
#2248=CARTESIAN_POINT('',(-19.,-47.,1.));
#2249=DIRECTION('',(0.,0.,-1.));
#2250=DIRECTION('',(0.,-1.,0.));
#2251=CARTESIAN_POINT('',(-23.,47.,1.));
#2252=CARTESIAN_POINT('',(-23.,-47.,1.));
#2253=VECTOR('',#2254,1.);
#2254=DIRECTION('',(0.,1.,-1.18108832406932E-18));
#2255=CARTESIAN_POINT('',(-19.,51.,1.));
#2256=AXIS2_PLACEMENT_3D('',#2257,#2258,#2259);
#2257=CARTESIAN_POINT('',(-19.,47.,1.));
#2258=DIRECTION('',(0.,0.,-1.));
#2259=DIRECTION('',(-1.,0.,0.));
#2260=CARTESIAN_POINT('',(-19.,51.,1.));
#2261=VECTOR('',#2262,1.);
#2262=DIRECTION('',(1.,0.,0.));
#2263=CARTESIAN_POINT('',(26.5,43.,-18.));
#2264=AXIS2_PLACEMENT_3D('',#2265,#2266,#2267);
#2265=CARTESIAN_POINT('',(26.5,47.,-18.));
#2266=DIRECTION('',(0.,0.,-1.));
#2267=DIRECTION('',(-6.12323399573677E-17,-1.,0.));
#2268=CARTESIAN_POINT('',(26.5,-51.,-18.));
#2269=AXIS2_PLACEMENT_3D('',#2270,#2271,#2272);
#2270=CARTESIAN_POINT('',(26.5,-47.,-18.));
#2271=DIRECTION('',(0.,0.,-1.));
#2272=DIRECTION('',(-6.12323399573677E-17,-1.,0.));
#2273=CARTESIAN_POINT('',(36.5,-25.,-6.));
#2274=CARTESIAN_POINT('',(36.5,-25.,-4.));
#2275=VECTOR('',#2276,1.);
#2276=DIRECTION('',(0.,0.,-1.));
#2277=CARTESIAN_POINT('',(36.5,25.,-6.));
#2278=CARTESIAN_POINT('',(36.5,25.,-6.));
#2279=VECTOR('',#2280,1.);
#2280=DIRECTION('',(0.,-1.,0.));
#2281=CARTESIAN_POINT('',(36.5,25.,-4.));
#2282=VECTOR('',#2283,1.);
#2283=DIRECTION('',(0.,0.,-1.));
#2284=CARTESIAN_POINT('',(35.5,26.,-6.));
#2285=AXIS2_PLACEMENT_3D('',#2286,#2287,#2288);
#2286=CARTESIAN_POINT('',(35.5,25.,-6.));
#2287=DIRECTION('',(0.,0.,-1.));
#2288=DIRECTION('',(0.,1.,0.));
#2289=CARTESIAN_POINT('',(35.5,26.,-4.));
#2290=VECTOR('',#2291,1.);
#2291=DIRECTION('',(0.,0.,-1.));
#2292=CARTESIAN_POINT('',(17.,26.,-6.));
#2293=CARTESIAN_POINT('',(17.,26.,-6.));
#2294=VECTOR('',#2295,1.);
#2295=DIRECTION('',(1.,-1.9203857723246E-16,0.));
#2296=CARTESIAN_POINT('',(17.,26.,-4.));
#2297=VECTOR('',#2298,1.);
#2298=DIRECTION('',(0.,1.77635683940025E-15,-1.));
#2299=CARTESIAN_POINT('',(17.,25.,-6.));
#2300=AXIS2_PLACEMENT_3D('',#2301,#2302,#2303);
#2301=CARTESIAN_POINT('',(17.,25.5,-6.));
#2302=DIRECTION('',(0.,0.,-1.));
#2303=DIRECTION('',(0.,-1.,0.));
#2304=CARTESIAN_POINT('',(17.,25.,-4.));
#2305=CARTESIAN_POINT('',(17.,25.,-4.));
#2306=VECTOR('',#2307,1.);
#2307=DIRECTION('',(0.,1.77635683940025E-15,-1.));
#2308=AXIS2_PLACEMENT_3D('',#2309,#2310,#2311);
#2309=CARTESIAN_POINT('',(17.,25.5,-4.));
#2310=DIRECTION('',(0.,0.,1.));
#2311=DIRECTION('',(-1.,-1.4210854715202E-14,0.));
#2312=CARTESIAN_POINT('',(17.,6.,-4.));
#2313=AXIS2_PLACEMENT_3D('',#2314,#2315,#2316);
#2314=CARTESIAN_POINT('',(17.,5.5,-4.));
#2315=DIRECTION('',(0.,0.,1.));
#2316=DIRECTION('',(0.,1.,0.));
#2317=CARTESIAN_POINT('',(34.5,25.,-4.));
#2318=CARTESIAN_POINT('',(34.5,25.,-4.));
#2319=VECTOR('',#2320,1.);
#2320=DIRECTION('',(-1.,4.06024420434343E-16,0.));
#2321=CARTESIAN_POINT('',(35.5,24.,-4.));
#2322=AXIS2_PLACEMENT_3D('',#2323,#2324,#2325);
#2323=CARTESIAN_POINT('',(34.5,24.,-4.));
#2324=DIRECTION('',(0.,0.,-1.));
#2325=DIRECTION('',(7.10542735760105E-15,1.,0.));
#2326=CARTESIAN_POINT('',(35.5,7.,-4.));
#2327=CARTESIAN_POINT('',(35.5,7.,-4.));
#2328=VECTOR('',#2329,1.);
#2329=DIRECTION('',(0.,1.,0.));
#2330=CARTESIAN_POINT('',(34.5,6.,-4.));
#2331=AXIS2_PLACEMENT_3D('',#2332,#2333,#2334);
#2332=CARTESIAN_POINT('',(34.5,7.,-4.));
#2333=DIRECTION('',(0.,0.,-1.));
#2334=DIRECTION('',(1.,0.,0.));
#2335=CARTESIAN_POINT('',(17.,6.,-4.));
#2336=VECTOR('',#2337,1.);
#2337=DIRECTION('',(1.,-1.01506105108586E-16,0.));
#2338=CARTESIAN_POINT('',(17.,-5.,-4.));
#2339=AXIS2_PLACEMENT_3D('',#2340,#2341,#2342);
#2340=CARTESIAN_POINT('',(17.,-5.5,-4.));
#2341=DIRECTION('',(0.,0.,1.));
#2342=DIRECTION('',(0.,1.,0.));
#2343=CARTESIAN_POINT('',(17.,5.,-4.));
#2344=AXIS2_PLACEMENT_3D('',#2345,#2346,#2347);
#2345=CARTESIAN_POINT('',(17.,5.5,-4.));
#2346=DIRECTION('',(0.,0.,1.));
#2347=DIRECTION('',(-1.,-8.88178419700125E-15,0.));
#2348=CARTESIAN_POINT('',(34.5,5.,-4.));
#2349=CARTESIAN_POINT('',(34.5,5.,-4.));
#2350=VECTOR('',#2351,1.);
#2351=DIRECTION('',(-1.,5.07530525542929E-17,0.));
#2352=CARTESIAN_POINT('',(35.5,4.,-4.));
#2353=AXIS2_PLACEMENT_3D('',#2354,#2355,#2356);
#2354=CARTESIAN_POINT('',(34.5,4.,-4.));
#2355=DIRECTION('',(0.,0.,-1.));
#2356=DIRECTION('',(7.105427357601E-15,1.,0.));
#2357=CARTESIAN_POINT('',(35.5,-4.,-4.));
#2358=CARTESIAN_POINT('',(35.5,-4.,-4.));
#2359=VECTOR('',#2360,1.);
#2360=DIRECTION('',(0.,1.,0.));
#2361=CARTESIAN_POINT('',(34.5,-5.,-4.));
#2362=AXIS2_PLACEMENT_3D('',#2363,#2364,#2365);
#2363=CARTESIAN_POINT('',(34.5,-4.,-4.));
#2364=DIRECTION('',(0.,0.,-1.));
#2365=DIRECTION('',(1.,0.,0.));
#2366=CARTESIAN_POINT('',(17.,-5.,-4.));
#2367=VECTOR('',#2368,1.);
#2368=DIRECTION('',(1.,-1.01506105108586E-16,0.));
#2369=CARTESIAN_POINT('',(17.,-25.,-4.));
#2370=AXIS2_PLACEMENT_3D('',#2371,#2372,#2373);
#2371=CARTESIAN_POINT('',(17.,-25.5,-4.));
#2372=DIRECTION('',(0.,0.,1.));
#2373=DIRECTION('',(0.,1.,0.));
#2374=CARTESIAN_POINT('',(17.,-6.,-4.));
#2375=AXIS2_PLACEMENT_3D('',#2376,#2377,#2378);
#2376=CARTESIAN_POINT('',(17.,-5.5,-4.));
#2377=DIRECTION('',(0.,0.,1.));
#2378=DIRECTION('',(-1.,-1.4210854715202E-14,0.));
#2379=CARTESIAN_POINT('',(34.5,-6.,-4.));
#2380=CARTESIAN_POINT('',(34.5,-6.,-4.));
#2381=VECTOR('',#2382,1.);
#2382=DIRECTION('',(-1.,5.07530525542929E-17,0.));
#2383=CARTESIAN_POINT('',(35.5,-7.,-4.));
#2384=AXIS2_PLACEMENT_3D('',#2385,#2386,#2387);
#2385=CARTESIAN_POINT('',(34.5,-7.,-4.));
#2386=DIRECTION('',(0.,0.,-1.));
#2387=DIRECTION('',(7.10542735760099E-15,1.,0.));
#2388=CARTESIAN_POINT('',(35.5,-24.,-4.));
#2389=CARTESIAN_POINT('',(35.5,-24.,-4.));
#2390=VECTOR('',#2391,1.);
#2391=DIRECTION('',(0.,1.,0.));
#2392=CARTESIAN_POINT('',(34.5,-25.,-4.));
#2393=AXIS2_PLACEMENT_3D('',#2394,#2395,#2396);
#2394=CARTESIAN_POINT('',(34.5,-24.,-4.));
#2395=DIRECTION('',(0.,0.,-1.));
#2396=DIRECTION('',(1.,0.,0.));
#2397=CARTESIAN_POINT('',(17.,-25.,-4.));
#2398=VECTOR('',#2399,1.);
#2399=DIRECTION('',(1.,-4.06024420434343E-16,0.));
#2400=CARTESIAN_POINT('',(17.,-25.,-6.));
#2401=CARTESIAN_POINT('',(17.,-25.,-4.));
#2402=VECTOR('',#2403,1.);
#2403=DIRECTION('',(0.,0.,-1.));
#2404=CARTESIAN_POINT('',(17.,-26.,-6.));
#2405=AXIS2_PLACEMENT_3D('',#2406,#2407,#2408);
#2406=CARTESIAN_POINT('',(17.,-25.5,-6.));
#2407=DIRECTION('',(0.,0.,-1.));
#2408=DIRECTION('',(0.,-1.,0.));
#2409=CARTESIAN_POINT('',(17.,-26.,-4.));
#2410=VECTOR('',#2411,1.);
#2411=DIRECTION('',(0.,0.,-1.));
#2412=CARTESIAN_POINT('',(35.5,-26.,-6.));
#2413=CARTESIAN_POINT('',(35.5,-26.,-6.));
#2414=VECTOR('',#2415,1.);
#2415=DIRECTION('',(-1.,1.9203857723246E-16,0.));
#2416=CARTESIAN_POINT('',(35.5,-26.,-4.));
#2417=VECTOR('',#2418,1.);
#2418=DIRECTION('',(0.,0.,-1.));
#2419=AXIS2_PLACEMENT_3D('',#2420,#2421,#2422);
#2420=CARTESIAN_POINT('',(35.5,-25.,-6.));
#2421=DIRECTION('',(0.,0.,-1.));
#2422=DIRECTION('',(1.,7.105427357601E-15,0.));
#2423=CARTESIAN_POINT('',(26.5,43.,-23.));
#2424=AXIS2_PLACEMENT_3D('',#2425,#2426,#2427);
#2425=CARTESIAN_POINT('',(26.5,47.,-23.));
#2426=DIRECTION('',(0.,0.,1.));
#2427=DIRECTION('',(-6.43249059870655E-16,-1.,0.));
#2428=CARTESIAN_POINT('',(26.5,-43.,-23.));
#2429=CARTESIAN_POINT('',(26.5,-51.,-23.));
#2430=AXIS2_PLACEMENT_3D('',#2431,#2432,#2433);
#2431=CARTESIAN_POINT('',(26.5,-47.,-23.));
#2432=DIRECTION('',(0.,0.,-1.));
#2433=DIRECTION('',(0.,-1.,0.));
#2434=AXIS2_PLACEMENT_3D('',#2435,#2436,#2437);
#2435=CARTESIAN_POINT('',(26.5,-47.,-23.));
#2436=DIRECTION('',(0.,0.,-1.));
#2437=DIRECTION('',(1.15463194561016E-14,1.,0.));
#2438=CARTESIAN_POINT('',(34.5,-25.,-6.));
#2439=CARTESIAN_POINT('',(17.,-25.,-6.));
#2440=VECTOR('',#2441,1.);
#2441=DIRECTION('',(1.,-2.03012210217171E-16,0.));
#2442=CARTESIAN_POINT('',(35.5,-24.,-6.));
#2443=AXIS2_PLACEMENT_3D('',#2444,#2445,#2446);
#2444=CARTESIAN_POINT('',(34.5,-24.,-6.));
#2445=DIRECTION('',(0.,0.,1.));
#2446=DIRECTION('',(0.,-1.,0.));
#2447=CARTESIAN_POINT('',(35.5,-7.,-6.));
#2448=CARTESIAN_POINT('',(35.5,-24.,-6.));
#2449=VECTOR('',#2450,1.);
#2450=DIRECTION('',(0.,1.,0.));
#2451=CARTESIAN_POINT('',(34.5,-6.,-6.));
#2452=AXIS2_PLACEMENT_3D('',#2453,#2454,#2455);
#2453=CARTESIAN_POINT('',(34.5,-7.,-6.));
#2454=DIRECTION('',(0.,0.,1.));
#2455=DIRECTION('',(1.,2.66453525910038E-15,0.));
#2456=CARTESIAN_POINT('',(17.,-6.,-6.));
#2457=CARTESIAN_POINT('',(34.5,-6.,-6.));
#2458=VECTOR('',#2459,1.);
#2459=DIRECTION('',(-1.,5.07530525542929E-17,0.));
#2460=CARTESIAN_POINT('',(17.,-5.,-6.));
#2461=AXIS2_PLACEMENT_3D('',#2462,#2463,#2464);
#2462=CARTESIAN_POINT('',(17.,-5.5,-6.));
#2463=DIRECTION('',(0.,0.,-1.));
#2464=DIRECTION('',(0.,-1.,0.));
#2465=CARTESIAN_POINT('',(34.5,-5.,-6.));
#2466=CARTESIAN_POINT('',(17.,-5.,-6.));
#2467=VECTOR('',#2468,1.);
#2468=DIRECTION('',(1.,-5.07530525542929E-17,0.));
#2469=CARTESIAN_POINT('',(35.5,-4.,-6.));
#2470=AXIS2_PLACEMENT_3D('',#2471,#2472,#2473);
#2471=CARTESIAN_POINT('',(34.5,-4.,-6.));
#2472=DIRECTION('',(0.,0.,1.));
#2473=DIRECTION('',(0.,-1.,0.));
#2474=CARTESIAN_POINT('',(35.5,4.,-6.));
#2475=CARTESIAN_POINT('',(35.5,-4.,-6.));
#2476=VECTOR('',#2477,1.);
#2477=DIRECTION('',(0.,1.,0.));
#2478=CARTESIAN_POINT('',(34.5,5.,-6.));
#2479=AXIS2_PLACEMENT_3D('',#2480,#2481,#2482);
#2480=CARTESIAN_POINT('',(34.5,4.,-6.));
#2481=DIRECTION('',(0.,0.,1.));
#2482=DIRECTION('',(1.,2.22044604925031E-15,0.));
#2483=CARTESIAN_POINT('',(17.,5.,-6.));
#2484=CARTESIAN_POINT('',(34.5,5.,-6.));
#2485=VECTOR('',#2486,1.);
#2486=DIRECTION('',(-1.,5.07530525542929E-17,0.));
#2487=CARTESIAN_POINT('',(17.,6.,-6.));
#2488=AXIS2_PLACEMENT_3D('',#2489,#2490,#2491);
#2489=CARTESIAN_POINT('',(17.,5.5,-6.));
#2490=DIRECTION('',(0.,0.,-1.));
#2491=DIRECTION('',(0.,-1.,0.));
#2492=CARTESIAN_POINT('',(34.5,6.,-6.));
#2493=CARTESIAN_POINT('',(17.,6.,-6.));
#2494=VECTOR('',#2495,1.);
#2495=DIRECTION('',(1.,-5.07530525542929E-17,0.));
#2496=CARTESIAN_POINT('',(35.5,7.,-6.));
#2497=AXIS2_PLACEMENT_3D('',#2498,#2499,#2500);
#2498=CARTESIAN_POINT('',(34.5,7.,-6.));
#2499=DIRECTION('',(0.,0.,1.));
#2500=DIRECTION('',(0.,-1.,0.));
#2501=CARTESIAN_POINT('',(35.5,24.,-6.));
#2502=CARTESIAN_POINT('',(35.5,7.,-6.));
#2503=VECTOR('',#2504,1.);
#2504=DIRECTION('',(0.,1.,0.));
#2505=CARTESIAN_POINT('',(34.5,25.,-6.));
#2506=AXIS2_PLACEMENT_3D('',#2507,#2508,#2509);
#2507=CARTESIAN_POINT('',(34.5,24.,-6.));
#2508=DIRECTION('',(0.,0.,1.));
#2509=DIRECTION('',(1.,-3.5527136788005E-15,0.));
#2510=CARTESIAN_POINT('',(34.5,25.,-6.));
#2511=VECTOR('',#2512,1.);
#2512=DIRECTION('',(-1.,2.03012210217171E-16,0.));
#2513=CARTESIAN_POINT('',(34.5,25.,-4.));
#2514=VECTOR('',#2515,1.);
#2515=DIRECTION('',(0.,0.,-1.));
#2516=CARTESIAN_POINT('',(17.,5.,-4.));
#2517=VECTOR('',#2518,1.);
#2518=DIRECTION('',(0.,0.,-1.));
#2519=CARTESIAN_POINT('',(17.,6.,-4.));
#2520=VECTOR('',#2521,1.);
#2521=DIRECTION('',(0.,0.,-1.));
#2522=CARTESIAN_POINT('',(35.5,24.,-4.));
#2523=VECTOR('',#2524,1.);
#2524=DIRECTION('',(0.,0.,-1.));
#2525=CARTESIAN_POINT('',(35.5,7.,-4.));
#2526=VECTOR('',#2527,1.);
#2527=DIRECTION('',(0.,0.,-1.));
#2528=CARTESIAN_POINT('',(34.5,6.,-4.));
#2529=VECTOR('',#2530,1.);
#2530=DIRECTION('',(0.,0.,-1.));
#2531=CARTESIAN_POINT('',(17.,-6.,-4.));
#2532=VECTOR('',#2533,1.);
#2533=DIRECTION('',(0.,0.,-1.));
#2534=CARTESIAN_POINT('',(17.,-5.,-4.));
#2535=VECTOR('',#2536,1.);
#2536=DIRECTION('',(0.,0.,-1.));
#2537=CARTESIAN_POINT('',(34.5,5.,-4.));
#2538=VECTOR('',#2539,1.);
#2539=DIRECTION('',(0.,0.,-1.));
#2540=CARTESIAN_POINT('',(35.5,4.,-4.));
#2541=VECTOR('',#2542,1.);
#2542=DIRECTION('',(0.,0.,-1.));
#2543=CARTESIAN_POINT('',(35.5,-4.,-4.));
#2544=VECTOR('',#2545,1.);
#2545=DIRECTION('',(0.,0.,-1.));
#2546=CARTESIAN_POINT('',(34.5,-5.,-4.));
#2547=VECTOR('',#2548,1.);
#2548=DIRECTION('',(0.,0.,-1.));
#2549=CARTESIAN_POINT('',(34.5,-6.,-4.));
#2550=VECTOR('',#2551,1.);
#2551=DIRECTION('',(0.,0.,-1.));
#2552=CARTESIAN_POINT('',(35.5,-7.,-4.));
#2553=VECTOR('',#2554,1.);
#2554=DIRECTION('',(0.,0.,-1.));
#2555=CARTESIAN_POINT('',(35.5,-24.,-4.));
#2556=VECTOR('',#2557,1.);
#2557=DIRECTION('',(0.,0.,-1.));
#2558=CARTESIAN_POINT('',(34.5,-25.,-4.));
#2559=VECTOR('',#2560,1.);
#2560=DIRECTION('',(0.,0.,-1.));
#2561=CARTESIAN_POINT('',(26.5,46.4,-43.));
#2562=AXIS2_PLACEMENT_3D('',#2563,#2564,#2565);
#2563=CARTESIAN_POINT('',(26.5,47.,-43.));
#2564=DIRECTION('',(0.,0.,1.));
#2565=DIRECTION('',(-8.88178419700125E-16,-1.,0.));
#2566=CARTESIAN_POINT('',(26.5,-46.4,-43.));
#2567=AXIS2_PLACEMENT_3D('',#2568,#2569,#2570);
#2568=CARTESIAN_POINT('',(26.5,-47.,-43.));
#2569=DIRECTION('',(0.,0.,-1.));
#2570=DIRECTION('',(1.1842378929335E-14,1.,0.));
#2571=CARTESIAN_POINT('',(-34.5,-52.,0.));
#2572=VECTOR('',#2573,1.);
#2573=DIRECTION('',(0.,0.707106781186545,0.70710678118655));
#2574=CARTESIAN_POINT('',(-38.5,-47.,1.));
#2575=VECTOR('',#2576,1.);
#2576=DIRECTION('',(-0.707106781186547,0.,-0.707106781186548));
#2577=CARTESIAN_POINT('',(-39.5,47.,-8.88178419700125E-16));
#2578=VECTOR('',#2579,1.);
#2579=DIRECTION('',(0.707106781186547,0.,0.707106781186548));
#2580=CARTESIAN_POINT('',(-34.5,51.,1.));
#2581=VECTOR('',#2582,1.);
#2582=DIRECTION('',(0.,0.70710678118655,-0.707106781186545));
#2583=CARTESIAN_POINT('',(-32.5,52.,0.));
#2584=VECTOR('',#2585,1.);
#2585=DIRECTION('',(0.,-0.70710678118655,0.707106781186545));
#2586=CARTESIAN_POINT('',(-28.5,47.,0.999999999999999));
#2587=VECTOR('',#2588,1.);
#2588=DIRECTION('',(0.707106781186548,0.,-0.707106781186547));
#2589=CARTESIAN_POINT('',(-27.5,-47.,0.));
#2590=VECTOR('',#2591,1.);
#2591=DIRECTION('',(-0.707106781186548,5.02429586778808E-15,0.707106781186547));
#2592=CARTESIAN_POINT('',(-32.5,-51.,1.));
#2593=VECTOR('',#2594,1.);
#2594=DIRECTION('',(0.,-0.707106781186545,-0.70710678118655));
#2595=CARTESIAN_POINT('',(-1.49999999999999,52.,-8.88178419700125E-16));
#2596=VECTOR('',#2597,1.);
#2597=DIRECTION('',(-1.57009245868377E-16,-0.707106781186547,0.707106781186548));
#2598=CARTESIAN_POINT('',(2.5,47.,1.));
#2599=VECTOR('',#2600,1.);
#2600=DIRECTION('',(0.707106781186547,0.,-0.707106781186548));
#2601=CARTESIAN_POINT('',(3.5,-47.,0.));
#2602=VECTOR('',#2603,1.);
#2603=DIRECTION('',(-0.707106781186548,-5.02429586778808E-15,0.707106781186547));
#2604=CARTESIAN_POINT('',(-1.49999999999999,-51.,1.));
#2605=VECTOR('',#2606,1.);
#2606=DIRECTION('',(9.42055475210265E-16,-0.707106781186548,-0.707106781186547));
#2607=CARTESIAN_POINT('',(-3.5,-52.,0.));
#2608=VECTOR('',#2609,1.);
#2609=DIRECTION('',(0.,0.707106781186548,0.707106781186547));
#2610=CARTESIAN_POINT('',(-7.5,-47.,1.));
#2611=VECTOR('',#2612,1.);
#2612=DIRECTION('',(-0.707106781186546,0.,-0.707106781186549));
#2613=CARTESIAN_POINT('',(-8.5,47.,0.));
#2614=VECTOR('',#2615,1.);
#2615=DIRECTION('',(0.707106781186546,5.02429586778809E-15,0.707106781186549));
#2616=CARTESIAN_POINT('',(-3.5,51.,1.));
#2617=VECTOR('',#2618,1.);
#2618=DIRECTION('',(0.,0.707106781186548,-0.707106781186547));
#2619=CARTESIAN_POINT('',(-17.,52.,0.));
#2620=VECTOR('',#2621,1.);
#2621=DIRECTION('',(0.,-0.707106781186545,0.70710678118655));
#2622=CARTESIAN_POINT('',(-13.,47.,1.));
#2623=VECTOR('',#2624,1.);
#2624=DIRECTION('',(0.707106781186547,0.,-0.707106781186548));
#2625=CARTESIAN_POINT('',(-12.,-47.,-8.88178419700125E-16));
#2626=VECTOR('',#2627,1.);
#2627=DIRECTION('',(-0.707106781186547,0.,0.707106781186548));
#2628=CARTESIAN_POINT('',(-17.,-51.,1.));
#2629=VECTOR('',#2630,1.);
#2630=DIRECTION('',(2.51214793389404E-15,-0.707106781186547,-0.707106781186548));
#2631=CARTESIAN_POINT('',(-19.,-52.,0.));
#2632=VECTOR('',#2633,1.);
#2633=DIRECTION('',(0.,0.707106781186548,0.707106781186547));
#2634=CARTESIAN_POINT('',(-23.,-47.,1.));
#2635=VECTOR('',#2636,1.);
#2636=DIRECTION('',(-0.707106781186546,0.,-0.707106781186549));
#2637=CARTESIAN_POINT('',(-24.,47.,-8.88178419700125E-16));
#2638=VECTOR('',#2639,1.);
#2639=DIRECTION('',(0.707106781186546,5.02429586778809E-15,0.707106781186549));
#2640=CARTESIAN_POINT('',(-19.,51.,1.));
#2641=VECTOR('',#2642,1.);
#2642=DIRECTION('',(0.,0.707106781186545,-0.70710678118655));
ENDSEC;
END-ISO-10303-21;
