ISO-10303-21;
HEADER;
FILE_DESCRIPTION(('STEP AP242'),
    '1');
FILE_NAME('itemBackPlankTop',
    '',
    ('UNSPECIFIED'),
    ('UNSPECIFIED'),
    'C3D Converter',
    'C3D Toolkit',
    '');
FILE_SCHEMA(('AP242_MANAGED_MODEL_BASED_3D_ENGINEERING_MIM_LF { 1 0 10303 442 1 1 4 }'));
ENDSEC;

DATA;
#1=PRODUCT_DEFINITION('','UNSPECIFIED',#28,#31);
#2=SHAPE_DEFINITION_REPRESENTATION(#26,#3);
#3=SHAPE_REPRESENTATION('NONE',(#4),#8);
#4=AXIS2_PLACEMENT_3D('',#5,#6,#7);
#5=CARTESIAN_POINT('',(0.,0.,0.));
#6=DIRECTION('',(0.,0.,1.));
#7=DIRECTION('',(1.,0.,0.));
#8=(GEOMETRIC_REPRESENTATION_CONTEXT(3)GLOBAL_UNCERTAINTY_ASSIGNED_CONTEXT((#10))
GLOBAL_UNIT_ASSIGNED_CONTEXT((#9,#11,#12))REPRESENTATION_CONTEXT('NONE','NONE'));
#9=(LENGTH_UNIT()NAMED_UNIT(*)SI_UNIT(.MILLI.,.METRE.));
#10=UNCERTAINTY_MEASURE_WITH_UNIT(LENGTH_MEASURE(1.E-5),#9,'NONE','NONE');
#11=(NAMED_UNIT(*)PLANE_ANGLE_UNIT()SI_UNIT($,.RADIAN.));
#12=(NAMED_UNIT(*)SI_UNIT($,.STERADIAN.)SOLID_ANGLE_UNIT());
#13=MANIFOLD_SOLID_BREP('',#14);
#14=CLOSED_SHELL('',(#48,#49,#50,#51,#52,#53,#54,#55,#56,#57,#58,#59,#60,#61,#62,
#63,#64,#65,#66,#67,#68,#69,#70,#71,#72,#73,#74,#75,#76,#77,#78,#79,#80,#81,#82,
#83,#84,#85,#86,#87,#88,#89,#90,#91,#92,#93,#94,#95,#96,#97,#98,#99,#100,#101,#102,
#103,#104,#105,#106,#107,#108,#109,#110,#111,#112,#113,#114,#115,#116,#117,#118,
#119,#120,#121,#122,#123,#124,#125,#126,#127,#128,#129,#130));
#15=COLOUR_RGB('',0.564705882352941,0.564705882352941,0.564705882352941);
#16=FILL_AREA_STYLE_COLOUR('',#15);
#17=FILL_AREA_STYLE($,(#16));
#18=SURFACE_STYLE_FILL_AREA(#17);
#19=SURFACE_SIDE_STYLE('',(#18));
#20=SURFACE_STYLE_USAGE(.BOTH.,#19);
#21=PRESENTATION_STYLE_ASSIGNMENT((#20));
#22=MECHANICAL_DESIGN_GEOMETRIC_PRESENTATION_REPRESENTATION('NONE',(#23),#8);
#23=STYLED_ITEM('',(#21),#13);
#24=ADVANCED_BREP_SHAPE_REPRESENTATION('NONE',(#13),#8);
#25=SHAPE_REPRESENTATION_RELATIONSHIP('','',#3,#24);
#26=PRODUCT_DEFINITION_SHAPE('NONE','NONE',#1);
#27=MECHANICAL_CONTEXT('NONE',#32,'mechanical');
#28=PRODUCT_DEFINITION_FORMATION_WITH_SPECIFIED_SOURCE('ANY','UNSPECIFIED',#29,.NOT_KNOWN.);
#29=PRODUCT('','itemBackPlankTop','NONE',(#27));
#30=PRODUCT_RELATED_PRODUCT_CATEGORY('detail','',(#29));
#31=DESIGN_CONTEXT('detailed design',#32,'design');
#32=APPLICATION_CONTEXT('configuration controlled 3d designs of mechanical parts and assemblies');
#33=APPLICATION_PROTOCOL_DEFINITION('international standard','config_control_design',
1994,#32);
#34=CC_DESIGN_DATE_AND_TIME_ASSIGNMENT(#35,#39,(#1));
#35=DATE_AND_TIME(#36,#37);
#36=CALENDAR_DATE(0,1,1);
#37=LOCAL_TIME(0,0,0.,#38);
#38=COORDINATED_UNIVERSAL_TIME_OFFSET(0,0,.AHEAD.);
#39=DATE_TIME_ROLE('creation_date');
#40=CC_DESIGN_APPROVAL(#41,(#1));
#41=APPROVAL(#42,'UNSPECIFIED');
#42=APPROVAL_STATUS('not_yet_approved');
#43=APPROVAL_DATE_TIME(#44,#41);
#44=DATE_AND_TIME(#45,#46);
#45=CALENDAR_DATE(0,1,1);
#46=LOCAL_TIME(0,0,0.,#47);
#47=COORDINATED_UNIVERSAL_TIME_OFFSET(0,0,.AHEAD.);
#48=ADVANCED_FACE('',(#131),#133,.F.);
#49=ADVANCED_FACE('',(#138),#140,.F.);
#50=ADVANCED_FACE('',(#145),#147,.F.);
#51=ADVANCED_FACE('',(#152,#154),#156,.T.);
#52=ADVANCED_FACE('',(#161),#163,.T.);
#53=ADVANCED_FACE('',(#168),#170,.T.);
#54=ADVANCED_FACE('',(#175),#177,.T.);
#55=ADVANCED_FACE('',(#182),#184,.T.);
#56=ADVANCED_FACE('',(#189),#191,.T.);
#57=ADVANCED_FACE('',(#196),#198,.T.);
#58=ADVANCED_FACE('',(#203),#205,.T.);
#59=ADVANCED_FACE('',(#210),#212,.T.);
#60=ADVANCED_FACE('',(#217),#219,.T.);
#61=ADVANCED_FACE('',(#224),#226,.T.);
#62=ADVANCED_FACE('',(#231),#233,.T.);
#63=ADVANCED_FACE('',(#238),#240,.T.);
#64=ADVANCED_FACE('',(#245),#247,.T.);
#65=ADVANCED_FACE('',(#252),#254,.F.);
#66=ADVANCED_FACE('',(#259),#261,.T.);
#67=ADVANCED_FACE('',(#266),#268,.F.);
#68=ADVANCED_FACE('',(#273),#275,.T.);
#69=ADVANCED_FACE('',(#280),#282,.F.);
#70=ADVANCED_FACE('',(#287),#289,.T.);
#71=ADVANCED_FACE('',(#294),#296,.T.);
#72=ADVANCED_FACE('',(#301),#303,.F.);
#73=ADVANCED_FACE('',(#308),#310,.T.);
#74=ADVANCED_FACE('',(#315),#317,.F.);
#75=ADVANCED_FACE('',(#322),#324,.F.);
#76=ADVANCED_FACE('',(#329),#331,.T.);
#77=ADVANCED_FACE('',(#336),#338,.T.);
#78=ADVANCED_FACE('',(#343),#345,.T.);
#79=ADVANCED_FACE('',(#350),#352,.T.);
#80=ADVANCED_FACE('',(#357),#359,.T.);
#81=ADVANCED_FACE('',(#364),#366,.T.);
#82=ADVANCED_FACE('',(#371),#373,.T.);
#83=ADVANCED_FACE('',(#378),#380,.F.);
#84=ADVANCED_FACE('',(#385),#387,.T.);
#85=ADVANCED_FACE('',(#392),#394,.T.);
#86=ADVANCED_FACE('',(#399),#401,.T.);
#87=ADVANCED_FACE('',(#406),#408,.T.);
#88=ADVANCED_FACE('',(#413),#415,.T.);
#89=ADVANCED_FACE('',(#420),#422,.F.);
#90=ADVANCED_FACE('',(#427),#429,.T.);
#91=ADVANCED_FACE('',(#434),#436,.T.);
#92=ADVANCED_FACE('',(#441),#443,.T.);
#93=ADVANCED_FACE('',(#448),#450,.F.);
#94=ADVANCED_FACE('',(#455),#457,.T.);
#95=ADVANCED_FACE('',(#462),#464,.T.);
#96=ADVANCED_FACE('',(#469),#471,.T.);
#97=ADVANCED_FACE('',(#544),#546,.T.);
#98=ADVANCED_FACE('',(#551),#553,.T.);
#99=ADVANCED_FACE('',(#558),#560,.T.);
#100=ADVANCED_FACE('',(#565),#567,.T.);
#101=ADVANCED_FACE('',(#572),#574,.T.);
#102=ADVANCED_FACE('',(#579),#581,.T.);
#103=ADVANCED_FACE('',(#586),#588,.F.);
#104=ADVANCED_FACE('',(#661),#663,.T.);
#105=ADVANCED_FACE('',(#668),#670,.T.);
#106=ADVANCED_FACE('',(#675),#677,.T.);
#107=ADVANCED_FACE('',(#682),#684,.T.);
#108=ADVANCED_FACE('',(#689),#691,.T.);
#109=ADVANCED_FACE('',(#696),#698,.F.);
#110=ADVANCED_FACE('',(#771),#773,.T.);
#111=ADVANCED_FACE('',(#778),#780,.T.);
#112=ADVANCED_FACE('',(#853),#855,.T.);
#113=ADVANCED_FACE('',(#860),#862,.F.);
#114=ADVANCED_FACE('',(#867),#869,.F.);
#115=ADVANCED_FACE('',(#874),#876,.T.);
#116=ADVANCED_FACE('',(#881),#883,.T.);
#117=ADVANCED_FACE('',(#888),#890,.F.);
#118=ADVANCED_FACE('',(#895),#897,.T.);
#119=ADVANCED_FACE('',(#902),#904,.T.);
#120=ADVANCED_FACE('',(#909),#911,.T.);
#121=ADVANCED_FACE('',(#916),#918,.T.);
#122=ADVANCED_FACE('',(#923),#925,.T.);
#123=ADVANCED_FACE('',(#930),#932,.T.);
#124=ADVANCED_FACE('',(#937),#939,.T.);
#125=ADVANCED_FACE('',(#944),#946,.T.);
#126=ADVANCED_FACE('',(#951),#953,.F.);
#127=ADVANCED_FACE('',(#958),#960,.T.);
#128=ADVANCED_FACE('',(#965),#967,.T.);
#129=ADVANCED_FACE('',(#972),#974,.T.);
#130=ADVANCED_FACE('',(#979),#981,.T.);
#131=FACE_BOUND('',#132,.T.);
#132=EDGE_LOOP('',(#986,#987,#988,#989));
#133=PLANE('',#134);
#134=AXIS2_PLACEMENT_3D('',#135,#136,#137);
#135=CARTESIAN_POINT('',(30.,-40.,2.));
#136=DIRECTION('',(0.975905620134089,2.67209458227109E-17,-0.218193080987229));
#137=DIRECTION('',(0.218193080987229,-1.19513969396712E-16,0.975905620134089));
#138=FACE_BOUND('',#139,.T.);
#139=EDGE_LOOP('',(#990,#991,#992,#993));
#140=PLANE('',#141);
#141=AXIS2_PLACEMENT_3D('',#142,#143,#144);
#142=CARTESIAN_POINT('',(32.8245835642171,-40.,5.46723631856192));
#143=DIRECTION('',(-0.975905620134089,-2.67209458227108E-17,0.218193080987228));
#144=DIRECTION('',(-0.218193080987228,1.19513969396713E-16,-0.975905620134089));
#145=FACE_BOUND('',#146,.T.);
#146=EDGE_LOOP('',(#994,#995,#996,#997));
#147=PLANE('',#148);
#148=AXIS2_PLACEMENT_3D('',#149,#150,#151);
#149=CARTESIAN_POINT('',(30.8727723239489,-40.,5.90362248053638));
#150=DIRECTION('',(-0.21819308098723,1.19513969396712E-16,-0.975905620134089));
#151=DIRECTION('',(0.975905620134089,2.6720945822711E-17,-0.21819308098723));
#152=FACE_BOUND('',#153,.T.);
#153=EDGE_LOOP('',(#998,#999,#1000,#1001,#1002,#1003,#1004,#1005,#1006,#1007,#1008,
#1009,#1010,#1011,#1012,#1013,#1014,#1015,#1016,#1017,#1018,#1019));
#154=FACE_BOUND('',#155,.T.);
#155=EDGE_LOOP('',(#1020,#1021,#1022,#1023));
#156=PLANE('',#157);
#157=AXIS2_PLACEMENT_3D('',#158,#159,#160);
#158=CARTESIAN_POINT('',(0.,0.,2.));
#159=DIRECTION('',(0.,0.,1.));
#160=DIRECTION('',(-1.,1.22464679914735E-16,0.));
#161=FACE_BOUND('',#162,.T.);
#162=EDGE_LOOP('',(#1024,#1025,#1026,#1027,#1028,#1029,#1030,#1031,#1032));
#163=CYLINDRICAL_SURFACE('',#164,1.);
#164=AXIS2_PLACEMENT_3D('',#165,#166,#167);
#165=CARTESIAN_POINT('',(-34.8968667038148,-41.,-2.12181556152359));
#166=DIRECTION('',(0.218193080987229,0.,0.975905620134089));
#167=DIRECTION('',(6.76715060456914E-15,1.,-1.51300024249543E-15));
#168=FACE_BOUND('',#169,.T.);
#169=EDGE_LOOP('',(#1033,#1034,#1035,#1036,#1037,#1038));
#170=PLANE('',#171);
#171=AXIS2_PLACEMENT_3D('',#172,#173,#174);
#172=CARTESIAN_POINT('',(-35.,50.,0.));
#173=DIRECTION('',(-1.,1.4210854715202E-16,0.));
#174=DIRECTION('',(-1.4210854715202E-16,-1.,0.));
#175=FACE_BOUND('',#176,.T.);
#176=EDGE_LOOP('',(#1039,#1040,#1041,#1042));
#177=CYLINDRICAL_SURFACE('',#178,1.);
#178=AXIS2_PLACEMENT_3D('',#179,#180,#181);
#179=CARTESIAN_POINT('',(-34.,-49.,-4.));
#180=DIRECTION('',(0.,0.,-1.));
#181=DIRECTION('',(0.,-1.,0.));
#182=FACE_BOUND('',#183,.T.);
#183=EDGE_LOOP('',(#1043,#1044,#1045,#1046));
#184=PLANE('',#185);
#185=AXIS2_PLACEMENT_3D('',#186,#187,#188);
#186=CARTESIAN_POINT('',(-35.,-50.,0.));
#187=DIRECTION('',(-2.03012210217171E-16,-1.,0.));
#188=DIRECTION('',(1.,-2.03012210217171E-16,0.));
#189=FACE_BOUND('',#190,.T.);
#190=EDGE_LOOP('',(#1047,#1048,#1049,#1050));
#191=CYLINDRICAL_SURFACE('',#192,1.);
#192=AXIS2_PLACEMENT_3D('',#193,#194,#195);
#193=CARTESIAN_POINT('',(34.,-49.,-4.));
#194=DIRECTION('',(0.,0.,-1.));
#195=DIRECTION('',(1.,0.,0.));
#196=FACE_BOUND('',#197,.T.);
#197=EDGE_LOOP('',(#1051,#1052,#1053,#1054));
#198=PLANE('',#199);
#199=AXIS2_PLACEMENT_3D('',#200,#201,#202);
#200=CARTESIAN_POINT('',(35.,-50.,0.));
#201=DIRECTION('',(1.,-1.4210854715202E-16,0.));
#202=DIRECTION('',(1.4210854715202E-16,1.,0.));
#203=FACE_BOUND('',#204,.T.);
#204=EDGE_LOOP('',(#1055,#1056,#1057,#1058));
#205=CYLINDRICAL_SURFACE('',#206,1.);
#206=AXIS2_PLACEMENT_3D('',#207,#208,#209);
#207=CARTESIAN_POINT('',(34.,49.,-4.));
#208=DIRECTION('',(0.,0.,-1.));
#209=DIRECTION('',(0.,1.,0.));
#210=FACE_BOUND('',#211,.T.);
#211=EDGE_LOOP('',(#1059,#1060,#1061,#1062));
#212=PLANE('',#213);
#213=AXIS2_PLACEMENT_3D('',#214,#215,#216);
#214=CARTESIAN_POINT('',(35.,50.,0.));
#215=DIRECTION('',(2.03012210217171E-16,1.,0.));
#216=DIRECTION('',(-1.,2.03012210217171E-16,0.));
#217=FACE_BOUND('',#218,.T.);
#218=EDGE_LOOP('',(#1063,#1064,#1065,#1066));
#219=CYLINDRICAL_SURFACE('',#220,1.);
#220=AXIS2_PLACEMENT_3D('',#221,#222,#223);
#221=CARTESIAN_POINT('',(-34.,49.,-4.));
#222=DIRECTION('',(0.,0.,-1.));
#223=DIRECTION('',(-1.,0.,0.));
#224=FACE_BOUND('',#225,.T.);
#225=EDGE_LOOP('',(#1067,#1068,#1069,#1070,#1071,#1072,#1073,#1074,#1075));
#226=CYLINDRICAL_SURFACE('',#227,1.);
#227=AXIS2_PLACEMENT_3D('',#228,#229,#230);
#228=CARTESIAN_POINT('',(-34.8968667038148,41.,-2.12181556152359));
#229=DIRECTION('',(0.218193080987229,0.,0.975905620134089));
#230=DIRECTION('',(6.76715060456914E-15,1.,-1.51300024249543E-15));
#231=FACE_BOUND('',#232,.T.);
#232=EDGE_LOOP('',(#1076,#1077,#1078,#1079));
#233=PLANE('',#234);
#234=AXIS2_PLACEMENT_3D('',#235,#236,#237);
#235=CARTESIAN_POINT('',(0.,42.,2.57175827820944E-15));
#236=DIRECTION('',(0.,1.,6.12323399573677E-17));
#237=DIRECTION('',(-1.,7.49879891330929E-33,-1.22464679914735E-16));
#238=FACE_BOUND('',#239,.T.);
#239=EDGE_LOOP('',(#1080,#1081,#1082,#1083,#1084,#1085,#1086,#1087));
#240=CYLINDRICAL_SURFACE('',#241,1.);
#241=AXIS2_PLACEMENT_3D('',#242,#243,#244);
#242=CARTESIAN_POINT('',(19.4049990207615,41.,20.7638594644088));
#243=DIRECTION('',(-0.218193080987228,0.,-0.975905620134089));
#244=DIRECTION('',(0.,1.,0.));
#245=FACE_BOUND('',#246,.T.);
#246=EDGE_LOOP('',(#1088,#1089,#1090,#1091,#1092));
#247=PLANE('',#248);
#248=AXIS2_PLACEMENT_3D('',#249,#250,#251);
#249=CARTESIAN_POINT('',(19.7263253979339,40.,17.6179495230193));
#250=DIRECTION('',(0.975905620134089,0.,-0.218193080987228));
#251=DIRECTION('',(-0.218193080987228,0.,-0.975905620134089));
#252=FACE_BOUND('',#253,.T.);
#253=EDGE_LOOP('',(#1093,#1094,#1095,#1096,#1097));
#254=PLANE('',#255);
#255=AXIS2_PLACEMENT_3D('',#256,#257,#258);
#256=CARTESIAN_POINT('',(0.,40.,2.44929359829471E-15));
#257=DIRECTION('',(0.,1.,6.12323399573677E-17));
#258=DIRECTION('',(-1.,7.49879891330929E-33,-1.22464679914735E-16));
#259=FACE_BOUND('',#260,.T.);
#260=EDGE_LOOP('',(#1098,#1099,#1100,#1101,#1102));
#261=PLANE('',#262);
#262=AXIS2_PLACEMENT_3D('',#263,#264,#265);
#263=CARTESIAN_POINT('',(0.,-40.,-2.44929359829471E-15));
#264=DIRECTION('',(0.,1.,6.12323399573677E-17));
#265=DIRECTION('',(-1.,7.49879891330929E-33,-1.22464679914735E-16));
#266=FACE_BOUND('',#267,.T.);
#267=EDGE_LOOP('',(#1103,#1104,#1105,#1106,#1107));
#268=PLANE('',#269);
#269=AXIS2_PLACEMENT_3D('',#270,#271,#272);
#270=CARTESIAN_POINT('',(19.7263253979339,-40.,17.6179495230193));
#271=DIRECTION('',(-0.975905620134089,-2.67209458227108E-17,0.218193080987228));
#272=DIRECTION('',(-0.218193080987228,1.19513969396713E-16,-0.975905620134089));
#273=FACE_BOUND('',#274,.T.);
#274=EDGE_LOOP('',(#1108,#1109,#1110,#1111,#1112,#1113,#1114,#1115));
#275=CYLINDRICAL_SURFACE('',#276,1.);
#276=AXIS2_PLACEMENT_3D('',#277,#278,#279);
#277=CARTESIAN_POINT('',(19.1868059397742,-41.,19.7879538442748));
#278=DIRECTION('',(-0.218193080987228,0.,-0.975905620134089));
#279=DIRECTION('',(3.38357530228457E-15,1.,-7.56500121247713E-16));
#280=FACE_BOUND('',#281,.T.);
#281=EDGE_LOOP('',(#1116,#1117,#1118,#1119));
#282=PLANE('',#283);
#283=AXIS2_PLACEMENT_3D('',#284,#285,#286);
#284=CARTESIAN_POINT('',(0.,-42.,-2.57175827820944E-15));
#285=DIRECTION('',(0.,1.,6.12323399573677E-17));
#286=DIRECTION('',(-1.,7.49879891330929E-33,-1.22464679914735E-16));
#287=FACE_BOUND('',#288,.T.);
#288=EDGE_LOOP('',(#1120,#1121,#1122,#1123));
#289=CYLINDRICAL_SURFACE('',#290,1.);
#290=AXIS2_PLACEMENT_3D('',#291,#292,#293);
#291=CARTESIAN_POINT('',(-32.0469967059543,-43.5355339059327,10.6247121238635));
#292=DIRECTION('',(-0.154285807174054,-0.707106781186547,-0.690069481794878));
#293=DIRECTION('',(-0.97590562013409,4.16150399756891E-15,0.218193080987223));
#294=FACE_BOUND('',#295,.T.);
#295=EDGE_LOOP('',(#1124,#1125,#1126));
#296=SPHERICAL_SURFACE('',#297,1.);
#297=AXIS2_PLACEMENT_3D('',#298,#299,#300);
#298=CARTESIAN_POINT('',(-28.3112430696237,-41.,27.3335048712594));
#299=DIRECTION('',(0.,-1.,-6.12323399573677E-17));
#300=DIRECTION('',(0.21819308098723,-5.97569846983562E-17,0.975905620134089));
#301=FACE_BOUND('',#302,.T.);
#302=EDGE_LOOP('',(#1127,#1128,#1129));
#303=PLANE('',#304);
#304=AXIS2_PLACEMENT_3D('',#305,#306,#307);
#305=CARTESIAN_POINT('',(-35.,-40.,1.99999999999999));
#306=DIRECTION('',(0.975905620134089,2.67209458227109E-17,-0.218193080987229));
#307=DIRECTION('',(0.218193080987229,-1.19513969396712E-16,0.975905620134089));
#308=FACE_BOUND('',#309,.T.);
#309=EDGE_LOOP('',(#1130,#1131,#1132,#1133));
#310=CYLINDRICAL_SURFACE('',#311,1.);
#311=AXIS2_PLACEMENT_3D('',#312,#313,#314);
#312=CARTESIAN_POINT('',(-31.8023323654193,-41.,11.719014949114));
#313=DIRECTION('',(0.218193080987228,0.,0.975905620134089));
#314=DIRECTION('',(-3.00532524166072E-15,1.,6.71930932989748E-16));
#315=FACE_BOUND('',#316,.T.);
#316=EDGE_LOOP('',(#1134,#1135,#1136));
#317=PLANE('',#318);
#318=AXIS2_PLACEMENT_3D('',#319,#320,#321);
#319=CARTESIAN_POINT('',(-35.,-40.,1.99999999999999));
#320=DIRECTION('',(0.975905620134089,2.67209458227109E-17,-0.218193080987229));
#321=DIRECTION('',(0.218193080987229,-1.19513969396712E-16,0.975905620134089));
#322=FACE_BOUND('',#323,.T.);
#323=EDGE_LOOP('',(#1137,#1138,#1139,#1140,#1141,#1142,#1143,#1144));
#324=PLANE('',#325);
#325=AXIS2_PLACEMENT_3D('',#326,#327,#328);
#326=CARTESIAN_POINT('',(0.,0.,0.));
#327=DIRECTION('',(0.,0.,1.));
#328=DIRECTION('',(-1.,1.22464679914735E-16,0.));
#329=FACE_BOUND('',#330,.T.);
#330=EDGE_LOOP('',(#1145,#1146,#1147));
#331=PLANE('',#332);
#332=AXIS2_PLACEMENT_3D('',#333,#334,#335);
#333=CARTESIAN_POINT('',(-35.,40.,2.));
#334=DIRECTION('',(-0.975905620134089,0.,0.218193080987229));
#335=DIRECTION('',(0.218193080987229,0.,0.975905620134089));
#336=FACE_BOUND('',#337,.T.);
#337=EDGE_LOOP('',(#1148,#1149,#1150,#1151));
#338=CYLINDRICAL_SURFACE('',#339,1.);
#339=AXIS2_PLACEMENT_3D('',#340,#341,#342);
#340=CARTESIAN_POINT('',(-31.8023323654193,41.,11.719014949114));
#341=DIRECTION('',(-0.218193080987229,0.,-0.975905620134089));
#342=DIRECTION('',(-3.78250060623857E-16,-1.,8.45691882579644E-17));
#343=FACE_BOUND('',#344,.T.);
#344=EDGE_LOOP('',(#1152,#1153,#1154));
#345=SPHERICAL_SURFACE('',#346,1.);
#346=AXIS2_PLACEMENT_3D('',#347,#348,#349);
#347=CARTESIAN_POINT('',(-28.3112430696237,41.,27.3335048712595));
#348=DIRECTION('',(0.,1.,6.12323399573677E-17));
#349=DIRECTION('',(-0.975905620134088,-1.33604729113557E-17,0.218193080987233));
#350=FACE_BOUND('',#351,.T.);
#351=EDGE_LOOP('',(#1155,#1156,#1157,#1158));
#352=CYLINDRICAL_SURFACE('',#353,1.);
#353=AXIS2_PLACEMENT_3D('',#354,#355,#356);
#354=CARTESIAN_POINT('',(-32.0469967059543,43.5355339059327,10.6247121238635));
#355=DIRECTION('',(0.154285807174054,-0.707106781186548,0.690069481794878));
#356=DIRECTION('',(-0.975905620134089,1.07943856534509E-15,0.218193080987229));
#357=FACE_BOUND('',#358,.T.);
#358=EDGE_LOOP('',(#1159,#1160,#1161,#1162));
#359=CYLINDRICAL_SURFACE('',#360,1.);
#360=AXIS2_PLACEMENT_3D('',#361,#362,#363);
#361=CARTESIAN_POINT('',(-32.21486555016,41.,28.2062771952084));
#362=DIRECTION('',(0.975905620134089,0.,-0.218193080987229));
#363=DIRECTION('',(-7.56500121247716E-16,1.,-3.38357530228457E-15));
#364=FACE_BOUND('',#365,.T.);
#365=EDGE_LOOP('',(#1163,#1164,#1165));
#366=PLANE('',#367);
#367=AXIS2_PLACEMENT_3D('',#368,#369,#370);
#368=CARTESIAN_POINT('',(19.7263253979339,40.,17.6179495230193));
#369=DIRECTION('',(0.975905620134089,0.,-0.218193080987228));
#370=DIRECTION('',(-0.218193080987228,0.,-0.975905620134089));
#371=FACE_BOUND('',#372,.T.);
#372=EDGE_LOOP('',(#1166,#1167,#1168,#1169));
#373=CYLINDRICAL_SURFACE('',#374,1.);
#374=AXIS2_PLACEMENT_3D('',#375,#376,#377);
#375=CARTESIAN_POINT('',(17.8511761943032,43.5355339059327,13.8141229183538));
#376=DIRECTION('',(-0.154285807174054,0.707106781186547,-0.690069481794878));
#377=DIRECTION('',(0.975905620134089,1.76635401601925E-16,-0.218193080987227));
#378=FACE_BOUND('',#379,.T.);
#379=EDGE_LOOP('',(#1170,#1171,#1172,#1173));
#380=PLANE('',#381);
#381=AXIS2_PLACEMENT_3D('',#382,#383,#384);
#382=CARTESIAN_POINT('',(0.,40.,2.44929359829471E-15));
#383=DIRECTION('',(0.,1.,6.12323399573677E-17));
#384=DIRECTION('',(-1.,7.49879891330929E-33,-1.22464679914735E-16));
#385=FACE_BOUND('',#386,.T.);
#386=EDGE_LOOP('',(#1174,#1175,#1176,#1177));
#387=CYLINDRICAL_SURFACE('',#388,1.);
#388=AXIS2_PLACEMENT_3D('',#389,#390,#391);
#389=CARTESIAN_POINT('',(15.6957166439786,33.,4.17346392212934));
#390=DIRECTION('',(0.,-1.,0.));
#391=DIRECTION('',(0.975905620134089,0.,-0.218193080987228));
#392=FACE_BOUND('',#393,.T.);
#393=EDGE_LOOP('',(#1178,#1179,#1180));
#394=SPHERICAL_SURFACE('',#395,1.);
#395=AXIS2_PLACEMENT_3D('',#396,#397,#398);
#396=CARTESIAN_POINT('',(18.5322266968126,41.,16.8602369838725));
#397=DIRECTION('',(0.,1.,6.12323399573677E-17));
#398=DIRECTION('',(0.218193080987231,-5.97569846983562E-17,0.975905620134089));
#399=FACE_BOUND('',#400,.T.);
#400=EDGE_LOOP('',(#1181,#1182,#1183,#1184));
#401=CYLINDRICAL_SURFACE('',#402,0.5);
#402=AXIS2_PLACEMENT_3D('',#403,#404,#405);
#403=CARTESIAN_POINT('',(15.5158545813101,41.7677669529664,1.07745191867522));
#404=DIRECTION('',(-0.154285807174055,0.707106781186547,-0.690069481794878));
#405=DIRECTION('',(0.975905620134091,9.10805422447975E-15,-0.218193080987219));
#406=FACE_BOUND('',#407,.T.);
#407=EDGE_LOOP('',(#1185,#1186,#1187,#1188,#1189));
#408=PLANE('',#409);
#409=AXIS2_PLACEMENT_3D('',#410,#411,#412);
#410=CARTESIAN_POINT('',(16.2352361021383,40.,2.00345960087392));
#411=DIRECTION('',(-0.154285807174055,-0.707106781186548,-0.690069481794877));
#412=DIRECTION('',(0.154285807174055,-0.707106781186547,0.690069481794877));
#413=FACE_BOUND('',#414,.T.);
#414=EDGE_LOOP('',(#1190,#1191,#1192,#1193));
#415=CYLINDRICAL_SURFACE('',#416,0.5);
#416=AXIS2_PLACEMENT_3D('',#417,#418,#419);
#417=CARTESIAN_POINT('',(15.5158545813101,-41.7677669529664,1.07745191867522));
#418=DIRECTION('',(0.154285807174054,0.707106781186547,0.690069481794878));
#419=DIRECTION('',(0.975905620134089,-3.14018491736754E-16,-0.218193080987227));
#420=FACE_BOUND('',#421,.T.);
#421=EDGE_LOOP('',(#1194,#1195,#1196,#1197,#1198));
#422=PLANE('',#423);
#423=AXIS2_PLACEMENT_3D('',#424,#425,#426);
#424=CARTESIAN_POINT('',(16.2352361021383,-40.,2.00345960087392));
#425=DIRECTION('',(0.154285807174055,-0.707106781186548,0.690069481794877));
#426=DIRECTION('',(0.154285807174055,0.707106781186547,0.690069481794878));
#427=FACE_BOUND('',#428,.T.);
#428=EDGE_LOOP('',(#1199,#1200,#1201,#1202));
#429=CYLINDRICAL_SURFACE('',#430,1.);
#430=AXIS2_PLACEMENT_3D('',#431,#432,#433);
#431=CARTESIAN_POINT('',(15.6957166439786,-33.,4.17346392212933));
#432=DIRECTION('',(0.,-1.,-1.61486985400023E-16));
#433=DIRECTION('',(0.975905620134089,3.52353428837705E-17,-0.218193080987228));
#434=FACE_BOUND('',#435,.T.);
#435=EDGE_LOOP('',(#1203,#1204,#1205,#1206));
#436=PLANE('',#437);
#437=AXIS2_PLACEMENT_3D('',#438,#439,#440);
#438=CARTESIAN_POINT('',(0.,-40.,-2.44929359829471E-15));
#439=DIRECTION('',(0.,1.,6.12323399573677E-17));
#440=DIRECTION('',(-1.,7.49879891330929E-33,-1.22464679914735E-16));
#441=FACE_BOUND('',#442,.T.);
#442=EDGE_LOOP('',(#1207,#1208,#1209,#1210));
#443=CYLINDRICAL_SURFACE('',#444,1.);
#444=AXIS2_PLACEMENT_3D('',#445,#446,#447);
#445=CARTESIAN_POINT('',(17.8511761943032,-43.5355339059328,13.8141229183538));
#446=DIRECTION('',(0.154285807174054,0.707106781186548,0.690069481794877));
#447=DIRECTION('',(0.97590562013409,-2.39514998154967E-15,-0.218193080987226));
#448=FACE_BOUND('',#449,.T.);
#449=EDGE_LOOP('',(#1211,#1212,#1213));
#450=PLANE('',#451);
#451=AXIS2_PLACEMENT_3D('',#452,#453,#454);
#452=CARTESIAN_POINT('',(19.7263253979339,-40.,17.6179495230193));
#453=DIRECTION('',(-0.975905620134089,-2.67209458227108E-17,0.218193080987228));
#454=DIRECTION('',(-0.218193080987228,1.19513969396713E-16,-0.975905620134089));
#455=FACE_BOUND('',#456,.T.);
#456=EDGE_LOOP('',(#1214,#1215,#1216));
#457=SPHERICAL_SURFACE('',#458,1.);
#458=AXIS2_PLACEMENT_3D('',#459,#460,#461);
#459=CARTESIAN_POINT('',(18.5322266968126,-41.,16.8602369838725));
#460=DIRECTION('',(0.,-1.,-6.12323399573677E-17));
#461=DIRECTION('',(0.975905620134089,1.33604729113554E-17,-0.218193080987228));
#462=FACE_BOUND('',#463,.T.);
#463=EDGE_LOOP('',(#1217,#1218,#1219,#1220));
#464=CYLINDRICAL_SURFACE('',#465,1.);
#465=AXIS2_PLACEMENT_3D('',#466,#467,#468);
#466=CARTESIAN_POINT('',(-32.21486555016,-41.,28.2062771952084));
#467=DIRECTION('',(-0.975905620134089,0.,0.218193080987229));
#468=DIRECTION('',(-7.56500121247716E-16,-1.,-3.38357530228457E-15));
#469=FACE_BOUND('',#470,.T.);
#470=EDGE_LOOP('',(#1221,#1222,#1223));
#471=B_SPLINE_SURFACE_WITH_KNOTS('',3,3,(
(#472,#473,#474,#475,#476,#477,#478,#479,#480,#481,#482,#483),
(#484,#485,#486,#487,#488,#489,#490,#491,#492,#493,#494,#495),
(#496,#497,#498,#499,#500,#501,#502,#503,#504,#505,#506,#507),
(#508,#509,#510,#511,#512,#513,#514,#515,#516,#517,#518,#519),
(#520,#521,#522,#523,#524,#525,#526,#527,#528,#529,#530,#531),
(#532,#533,#534,#535,#536,#537,#538,#539,#540,#541,#542,#543)),
.UNSPECIFIED.,.F.,.F.,.F.,
(4,1,1,4),
(4,1,1,1,1,1,1,1,1,4),
(-8.3719555221529E-5,7.58043772207758,18.8281315177853,31.),
(0.,0.0868571339122656,0.202666645795286,0.318476157678307,0.434285669561328,0.550095181444349,
0.66590469332737,0.781714205210391,0.897523717093411,1.),
.UNSPECIFIED.);
#472=CARTESIAN_POINT('',(-31.1157940698065,-37.8535532625894,14.7896487990195));
#473=CARTESIAN_POINT('',(-31.1116644051126,-37.8346347652923,14.8081177835063));
#474=CARTESIAN_POINT('',(-31.1007473297721,-37.7916548254671,14.8569423473886));
#475=CARTESIAN_POINT('',(-31.0784385535327,-37.7350910245914,14.9567160675788));
#476=CARTESIAN_POINT('',(-31.048256506958,-37.7017552989163,15.0917048351244));
#477=CARTESIAN_POINT('',(-31.0148829738147,-37.7108459358845,15.2409703007017));
#478=CARTESIAN_POINT('',(-30.982835804608,-37.7680560644846,15.3843064863146));
#479=CARTESIAN_POINT('',(-30.9567646702093,-37.8655917360963,15.5009170125297));
#480=CARTESIAN_POINT('',(-30.9393467319624,-37.9854970532896,15.5788270302891));
#481=CARTESIAN_POINT('',(-30.9309370791824,-38.1039895956557,15.6164469239528));
#482=CARTESIAN_POINT('',(-30.929555658954,-38.175548723479,15.6226297918325));
#483=CARTESIAN_POINT('',(-30.9295546536634,-38.2071066001465,15.6226362250283));
#484=CARTESIAN_POINT('',(-31.2805663907024,-37.8500941785017,14.8268076502427));
#485=CARTESIAN_POINT('',(-31.2893992860661,-37.832393403281,14.8476572037387));
#486=CARTESIAN_POINT('',(-31.3096057518786,-37.7925905847887,14.9022207502199));
#487=CARTESIAN_POINT('',(-31.3364179263572,-37.7421832360672,15.01100272695));
#488=CARTESIAN_POINT('',(-31.3518109539352,-37.7156830230452,15.1539299405942));
#489=CARTESIAN_POINT('',(-31.345966248522,-37.7292873788571,15.3074273141553));
#490=CARTESIAN_POINT('',(-31.315847849556,-37.7866530295434,15.4506598302321));
#491=CARTESIAN_POINT('',(-31.265413432255,-37.880107410249,15.5634518832737));
#492=CARTESIAN_POINT('',(-31.2040567986457,-37.9937393366327,15.634787244184));
#493=CARTESIAN_POINT('',(-31.1443729534301,-38.1061414566169,15.664233628924));
#494=CARTESIAN_POINT('',(-31.1091953306624,-38.1743186395091,15.6644671323056));
#495=CARTESIAN_POINT('',(-31.0939092587979,-38.2044404996531,15.6616633809537));
#496=CARTESIAN_POINT('',(-31.6693012080657,-38.0332799834182,14.8961312995409));
#497=CARTESIAN_POINT('',(-31.6842543193629,-38.0336458127895,14.9168709572376));
#498=CARTESIAN_POINT('',(-31.7171910468547,-38.0371195737407,14.9683128896451));
#499=CARTESIAN_POINT('',(-31.7581830566933,-38.0527834676045,15.0583490383607));
#500=CARTESIAN_POINT('',(-31.7840526002235,-38.0814941446405,15.1631355082006));
#501=CARTESIAN_POINT('',(-31.7872546842598,-38.1188556647225,15.2689426894626));
#502=CARTESIAN_POINT('',(-31.7662630539264,-38.1615300686602,15.3705640635894));
#503=CARTESIAN_POINT('',(-31.7220207205952,-38.2073083242791,15.4630221217566));
#504=CARTESIAN_POINT('',(-31.6580027551276,-38.2551196551908,15.5412894656803));
#505=CARTESIAN_POINT('',(-31.5829454841096,-38.3020307947811,15.5987303493618));
#506=CARTESIAN_POINT('',(-31.5296803555762,-38.332252255268,15.6239812318127));
#507=CARTESIAN_POINT('',(-31.5045131074123,-38.3461105548528,15.6331740729928));
#508=CARTESIAN_POINT('',(-32.0290389183311,-38.639120882729,14.9182883663749));
#509=CARTESIAN_POINT('',(-32.0295341239234,-38.6439240857249,14.9313427023837));
#510=CARTESIAN_POINT('',(-32.0293838242288,-38.6550151131848,14.9615183610746));
#511=CARTESIAN_POINT('',(-32.0252706439733,-38.6716898516204,15.0078078923554));
#512=CARTESIAN_POINT('',(-32.0176044891489,-38.6893480036489,15.0571997396604));
#513=CARTESIAN_POINT('',(-32.0081102434421,-38.7076737142634,15.105765961662));
#514=CARTESIAN_POINT('',(-31.9975353122986,-38.7277352293569,15.1534123673693));
#515=CARTESIAN_POINT('',(-31.9859488334852,-38.7495725112036,15.2000278610733));
#516=CARTESIAN_POINT('',(-31.9726435301928,-38.7723108043357,15.2459568561124));
#517=CARTESIAN_POINT('',(-31.9567974371311,-38.7941602290898,15.2899882357746));
#518=CARTESIAN_POINT('',(-31.9435522399685,-38.808186709858,15.3186621732723));
#519=CARTESIAN_POINT('',(-31.9365409406531,-38.8147172704467,15.3320012845785));
#520=CARTESIAN_POINT('',(-32.1177355873734,-39.146790212094,14.8893191353974));
#521=CARTESIAN_POINT('',(-32.1172663081363,-39.1486982677292,14.8933865635098));
#522=CARTESIAN_POINT('',(-32.1163043164009,-39.1532248068906,14.90291980145));
#523=CARTESIAN_POINT('',(-32.1149844385736,-39.1606833763477,14.9180528057424));
#524=CARTESIAN_POINT('',(-32.1132185509406,-39.1689998904231,14.9346127719405));
#525=CARTESIAN_POINT('',(-32.1106531059136,-39.1769435826729,14.9511390782087));
#526=CARTESIAN_POINT('',(-32.1070188907462,-39.1840498240925,14.9677253489574));
#527=CARTESIAN_POINT('',(-32.1022799316571,-39.1903193802506,14.984465894019));
#528=CARTESIAN_POINT('',(-32.0966804181232,-39.196159741034,15.0012288815135));
#529=CARTESIAN_POINT('',(-32.0909717885406,-39.2017758334166,15.0171118439144));
#530=CARTESIAN_POINT('',(-32.0874072129208,-39.2055637071252,15.0272883926504));
#531=CARTESIAN_POINT('',(-32.085824759921,-39.2073691152265,15.0320457320108));
#532=CARTESIAN_POINT('',(-32.1236587425918,-39.4142135623731,14.8649248905035));
#533=CARTESIAN_POINT('',(-32.1236587425917,-39.4142135623731,14.8649248905035));
#534=CARTESIAN_POINT('',(-32.1236587425918,-39.414213562373,14.8649248905035));
#535=CARTESIAN_POINT('',(-32.1236587425918,-39.4142135623732,14.8649248905035));
#536=CARTESIAN_POINT('',(-32.1236587425918,-39.414213562373,14.8649248905035));
#537=CARTESIAN_POINT('',(-32.1236587425918,-39.4142135623731,14.8649248905035));
#538=CARTESIAN_POINT('',(-32.1236587425917,-39.414213562373,14.8649248905035));
#539=CARTESIAN_POINT('',(-32.1236587425918,-39.4142135623732,14.8649248905035));
#540=CARTESIAN_POINT('',(-32.1236587425917,-39.414213562373,14.8649248905035));
#541=CARTESIAN_POINT('',(-32.1236587425918,-39.4142135623732,14.8649248905035));
#542=CARTESIAN_POINT('',(-32.1236587425918,-39.4142135623731,14.8649248905035));
#543=CARTESIAN_POINT('',(-32.1236587425918,-39.4142135623731,14.8649248905035));
#544=FACE_BOUND('',#545,.T.);
#545=EDGE_LOOP('',(#1224,#1225,#1226,#1227));
#546=CYLINDRICAL_SURFACE('',#547,1.);
#547=AXIS2_PLACEMENT_3D('',#548,#549,#550);
#548=CARTESIAN_POINT('',(-28.3112430696237,-36.4142135623731,27.3335048712594));
#549=DIRECTION('',(0.,-1.,0.));
#550=DIRECTION('',(0.218193080987229,0.,0.975905620134089));
#551=FACE_BOUND('',#552,.T.);
#552=EDGE_LOOP('',(#1228,#1229,#1230,#1231));
#553=CYLINDRICAL_SURFACE('',#554,1.);
#554=AXIS2_PLACEMENT_3D('',#555,#556,#557);
#555=CARTESIAN_POINT('',(-28.9922935721331,-43.5355339059327,24.2873908057408));
#556=DIRECTION('',(-0.154285807174056,-0.707106781186547,-0.690069481794878));
#557=DIRECTION('',(-0.975905620134091,1.05272092937506E-14,0.218193080987219));
#558=FACE_BOUND('',#559,.T.);
#559=EDGE_LOOP('',(#1232,#1233,#1234,#1235));
#560=CYLINDRICAL_SURFACE('',#561,1.);
#561=AXIS2_PLACEMENT_3D('',#562,#563,#564);
#562=CARTESIAN_POINT('',(-31.1477531224577,-33.,14.6467318095163));
#563=DIRECTION('',(6.45947941600091E-16,1.,0.));
#564=DIRECTION('',(-0.975905620134089,6.30384226521575E-16,0.218193080987227));
#565=FACE_BOUND('',#566,.T.);
#566=EDGE_LOOP('',(#1236,#1237,#1238,#1239));
#567=CYLINDRICAL_SURFACE('',#568,1.);
#568=AXIS2_PLACEMENT_3D('',#569,#570,#571);
#569=CARTESIAN_POINT('',(-31.1477531224577,33.,14.6467318095163));
#570=DIRECTION('',(0.,1.,0.));
#571=DIRECTION('',(-0.975905620134089,0.,0.218193080987227));
#572=FACE_BOUND('',#573,.T.);
#573=EDGE_LOOP('',(#1240,#1241,#1242,#1243));
#574=CYLINDRICAL_SURFACE('',#575,1.);
#575=AXIS2_PLACEMENT_3D('',#576,#577,#578);
#576=CARTESIAN_POINT('',(-28.9922935721331,43.5355339059327,24.2873908057408));
#577=DIRECTION('',(0.154285807174056,-0.707106781186546,0.690069481794878));
#578=DIRECTION('',(-0.975905620134089,7.97082564506134E-16,0.21819308098723));
#579=FACE_BOUND('',#580,.T.);
#580=EDGE_LOOP('',(#1244,#1245,#1246,#1247));
#581=CYLINDRICAL_SURFACE('',#582,1.);
#582=AXIS2_PLACEMENT_3D('',#583,#584,#585);
#583=CARTESIAN_POINT('',(-28.3112430696237,36.4142135623731,27.3335048712595));
#584=DIRECTION('',(0.,-1.,0.));
#585=DIRECTION('',(0.21819308098723,0.,0.975905620134089));
#586=FACE_BOUND('',#587,.T.);
#587=EDGE_LOOP('',(#1248,#1249,#1250));
#588=B_SPLINE_SURFACE_WITH_KNOTS('',3,3,(
(#589,#590,#591,#592,#593,#594,#595,#596,#597,#598,#599,#600),
(#601,#602,#603,#604,#605,#606,#607,#608,#609,#610,#611,#612),
(#613,#614,#615,#616,#617,#618,#619,#620,#621,#622,#623,#624),
(#625,#626,#627,#628,#629,#630,#631,#632,#633,#634,#635,#636),
(#637,#638,#639,#640,#641,#642,#643,#644,#645,#646,#647,#648),
(#649,#650,#651,#652,#653,#654,#655,#656,#657,#658,#659,#660)),
.UNSPECIFIED.,.F.,.F.,.F.,
(4,1,1,4),
(4,1,1,1,1,1,1,1,1,4),
(-8.37195552215361E-5,7.580437722078,18.8281315177845,31.),
(0.,0.0868571339122656,0.202666645795286,0.318476157678307,0.434285669561328,0.550095181444349,
0.66590469332737,0.781714205210391,0.897523717093412,1.),
.UNSPECIFIED.);
#589=CARTESIAN_POINT('',(-31.1157940698065,37.8535532625894,14.7896487990195));
#590=CARTESIAN_POINT('',(-31.1116644051126,37.8346347652923,14.8081177835063));
#591=CARTESIAN_POINT('',(-31.1007473297721,37.7916548254672,14.8569423473886));
#592=CARTESIAN_POINT('',(-31.0784385535327,37.7350910245914,14.9567160675788));
#593=CARTESIAN_POINT('',(-31.048256506958,37.7017552989163,15.0917048351244));
#594=CARTESIAN_POINT('',(-31.0148829738147,37.7108459358845,15.2409703007017));
#595=CARTESIAN_POINT('',(-30.982835804608,37.7680560644845,15.3843064863146));
#596=CARTESIAN_POINT('',(-30.9567646702093,37.8655917360963,15.5009170125297));
#597=CARTESIAN_POINT('',(-30.9393467319624,37.9854970532895,15.5788270302891));
#598=CARTESIAN_POINT('',(-30.9309370791824,38.1039895956557,15.6164469239528));
#599=CARTESIAN_POINT('',(-30.929555658954,38.175548723479,15.6226297918325));
#600=CARTESIAN_POINT('',(-30.9295546536634,38.2071066001465,15.6226362250283));
#601=CARTESIAN_POINT('',(-31.2805663907024,37.8500941785018,14.8268076502427));
#602=CARTESIAN_POINT('',(-31.2893992860662,37.832393403281,14.8476572037387));
#603=CARTESIAN_POINT('',(-31.3096057518785,37.7925905847887,14.90222075022));
#604=CARTESIAN_POINT('',(-31.3364179263573,37.7421832360673,15.01100272695));
#605=CARTESIAN_POINT('',(-31.3518109539353,37.7156830230454,15.1539299405942));
#606=CARTESIAN_POINT('',(-31.3459662485222,37.729287378857,15.3074273141553));
#607=CARTESIAN_POINT('',(-31.3158478495561,37.7866530295435,15.4506598302322));
#608=CARTESIAN_POINT('',(-31.2654134322551,37.880107410249,15.5634518832737));
#609=CARTESIAN_POINT('',(-31.2040567986457,37.9937393366328,15.634787244184));
#610=CARTESIAN_POINT('',(-31.1443729534303,38.1061414566169,15.664233628924));
#611=CARTESIAN_POINT('',(-31.1091953306624,38.1743186395092,15.6644671323057));
#612=CARTESIAN_POINT('',(-31.093909258798,38.2044404996531,15.6616633809537));
#613=CARTESIAN_POINT('',(-31.6693012080656,38.0332799834181,14.8961312995408));
#614=CARTESIAN_POINT('',(-31.6842543193627,38.0336458127895,14.9168709572376));
#615=CARTESIAN_POINT('',(-31.7171910468549,38.0371195737405,14.9683128896451));
#616=CARTESIAN_POINT('',(-31.7581830566931,38.0527834676045,15.0583490383607));
#617=CARTESIAN_POINT('',(-31.7840526002235,38.0814941446401,15.1631355082005));
#618=CARTESIAN_POINT('',(-31.7872546842595,38.1188556647225,15.2689426894626));
#619=CARTESIAN_POINT('',(-31.7662630539265,38.1615300686601,15.3705640635893));
#620=CARTESIAN_POINT('',(-31.7220207205951,38.2073083242791,15.4630221217566));
#621=CARTESIAN_POINT('',(-31.6580027551276,38.2551196551905,15.5412894656802));
#622=CARTESIAN_POINT('',(-31.5829454841095,38.3020307947813,15.5987303493619));
#623=CARTESIAN_POINT('',(-31.5296803555762,38.3322522552676,15.6239812318126));
#624=CARTESIAN_POINT('',(-31.5045131074122,38.3461105548527,15.6331740729928));
#625=CARTESIAN_POINT('',(-32.0290389183312,38.6391208827291,14.918288366375));
#626=CARTESIAN_POINT('',(-32.0295341239235,38.6439240857249,14.9313427023837));
#627=CARTESIAN_POINT('',(-32.0293838242286,38.655015113185,14.9615183610746));
#628=CARTESIAN_POINT('',(-32.0252706439736,38.6716898516204,15.0078078923554));
#629=CARTESIAN_POINT('',(-32.0176044891488,38.6893480036492,15.0571997396605));
#630=CARTESIAN_POINT('',(-32.0081102434423,38.7076737142633,15.105765961662));
#631=CARTESIAN_POINT('',(-31.9975353122986,38.7277352293569,15.1534123673693));
#632=CARTESIAN_POINT('',(-31.9859488334853,38.7495725112035,15.2000278610734));
#633=CARTESIAN_POINT('',(-31.9726435301929,38.7723108043361,15.2459568561124));
#634=CARTESIAN_POINT('',(-31.9567974371312,38.7941602290896,15.2899882357746));
#635=CARTESIAN_POINT('',(-31.9435522399685,38.8081867098584,15.3186621732724));
#636=CARTESIAN_POINT('',(-31.9365409406532,38.8147172704468,15.3320012845785));
#637=CARTESIAN_POINT('',(-32.1177355873733,39.1467902120939,14.8893191353974));
#638=CARTESIAN_POINT('',(-32.1172663081363,39.1486982677292,14.8933865635098));
#639=CARTESIAN_POINT('',(-32.116304316401,39.1532248068904,14.90291980145));
#640=CARTESIAN_POINT('',(-32.1149844385736,39.1606833763478,14.9180528057425));
#641=CARTESIAN_POINT('',(-32.1132185509405,39.1689998904229,14.9346127719405));
#642=CARTESIAN_POINT('',(-32.1106531059136,39.1769435826731,14.9511390782087));
#643=CARTESIAN_POINT('',(-32.1070188907462,39.1840498240924,14.9677253489575));
#644=CARTESIAN_POINT('',(-32.1022799316571,39.1903193802507,14.984465894019));
#645=CARTESIAN_POINT('',(-32.0966804181232,39.1961597410338,15.0012288815135));
#646=CARTESIAN_POINT('',(-32.0909717885406,39.2017758334166,15.0171118439145));
#647=CARTESIAN_POINT('',(-32.0874072129208,39.205563707125,15.0272883926504));
#648=CARTESIAN_POINT('',(-32.085824759921,39.2073691152264,15.0320457320108));
#649=CARTESIAN_POINT('',(-32.1236587425918,39.4142135623731,14.8649248905035));
#650=CARTESIAN_POINT('',(-32.1236587425918,39.4142135623732,14.8649248905036));
#651=CARTESIAN_POINT('',(-32.1236587425917,39.414213562373,14.8649248905035));
#652=CARTESIAN_POINT('',(-32.1236587425918,39.4142135623732,14.8649248905036));
#653=CARTESIAN_POINT('',(-32.1236587425918,39.414213562373,14.8649248905035));
#654=CARTESIAN_POINT('',(-32.1236587425918,39.4142135623731,14.8649248905035));
#655=CARTESIAN_POINT('',(-32.1236587425917,39.4142135623731,14.8649248905036));
#656=CARTESIAN_POINT('',(-32.1236587425918,39.4142135623731,14.8649248905035));
#657=CARTESIAN_POINT('',(-32.1236587425917,39.4142135623731,14.8649248905036));
#658=CARTESIAN_POINT('',(-32.1236587425918,39.4142135623731,14.8649248905035));
#659=CARTESIAN_POINT('',(-32.1236587425917,39.4142135623731,14.8649248905036));
#660=CARTESIAN_POINT('',(-32.1236587425918,39.4142135623731,14.8649248905035));
#661=FACE_BOUND('',#662,.T.);
#662=EDGE_LOOP('',(#1251,#1252,#1253,#1254));
#663=PLANE('',#664);
#664=AXIS2_PLACEMENT_3D('',#665,#666,#667);
#665=CARTESIAN_POINT('',(-29.0689556087706,40.,28.5276035723808));
#666=DIRECTION('',(0.218193080987229,0.,0.975905620134089));
#667=DIRECTION('',(0.975905620134089,0.,-0.218193080987229));
#668=FACE_BOUND('',#669,.T.);
#669=EDGE_LOOP('',(#1255,#1256,#1257,#1258));
#670=CYLINDRICAL_SURFACE('',#671,1.);
#671=AXIS2_PLACEMENT_3D('',#672,#673,#674);
#672=CARTESIAN_POINT('',(18.5322266968126,36.4142135623731,16.8602369838725));
#673=DIRECTION('',(0.,-1.,0.));
#674=DIRECTION('',(0.975905620134089,0.,-0.21819308098723));
#675=FACE_BOUND('',#676,.T.);
#676=EDGE_LOOP('',(#1259,#1260,#1261,#1262));
#677=PLANE('',#678);
#678=AXIS2_PLACEMENT_3D('',#679,#680,#681);
#679=CARTESIAN_POINT('',(19.2899392359595,40.,15.6661382827512));
#680=DIRECTION('',(-0.154285807174055,-0.707106781186548,-0.690069481794877));
#681=DIRECTION('',(0.154285807174056,-0.707106781186547,0.690069481794877));
#682=FACE_BOUND('',#683,.T.);
#683=EDGE_LOOP('',(#1263,#1264,#1265));
#684=CYLINDRICAL_SURFACE('',#685,1.);
#685=AXIS2_PLACEMENT_3D('',#686,#687,#688);
#686=CARTESIAN_POINT('',(17.7607976609423,36.8786796564404,13.4098895748981));
#687=DIRECTION('',(-0.154285807174056,-0.707106781186548,-0.690069481794877));
#688=DIRECTION('',(0.975905620134088,9.42055475210257E-16,-0.218193080987231));
#689=FACE_BOUND('',#690,.T.);
#690=EDGE_LOOP('',(#1266,#1267,#1268,#1269));
#691=PLANE('',#692);
#692=AXIS2_PLACEMENT_3D('',#693,#694,#695);
#693=CARTESIAN_POINT('',(16.8898153450999,37.,4.93117646127619));
#694=DIRECTION('',(0.218193080987229,0.,0.975905620134089));
#695=DIRECTION('',(0.,1.,0.));
#696=FACE_BOUND('',#697,.T.);
#697=EDGE_LOOP('',(#1270,#1271,#1272,#1273));
#698=B_SPLINE_SURFACE_WITH_KNOTS('',3,3,(
(#699,#700,#701,#702,#703,#704,#705,#706,#707,#708,#709,#710),
(#711,#712,#713,#714,#715,#716,#717,#718,#719,#720,#721,#722),
(#723,#724,#725,#726,#727,#728,#729,#730,#731,#732,#733,#734),
(#735,#736,#737,#738,#739,#740,#741,#742,#743,#744,#745,#746),
(#747,#748,#749,#750,#751,#752,#753,#754,#755,#756,#757,#758),
(#759,#760,#761,#762,#763,#764,#765,#766,#767,#768,#769,#770)),
.UNSPECIFIED.,.F.,.F.,.F.,
(4,1,1,4),
(4,1,1,1,1,1,1,1,1,4),
(1.66056697839131,2.14104585482269,2.71762050654035,3.23138225043416),
(0.,0.0868576838974259,0.202667929093994,0.318478174290562,0.434288419487129,0.550098664683697,
0.665908909880265,0.781719155076833,0.897529400273401,1.),
.UNSPECIFIED.);
#699=CARTESIAN_POINT('',(16.1065254295341,38.3535585277809,3.7193276273338));
#700=CARTESIAN_POINT('',(16.1265060851693,38.3535598882324,3.71486152870683));
#701=CARTESIAN_POINT('',(16.1747682267416,38.3556337407892,3.70619561260529));
#702=CARTESIAN_POINT('',(16.2550510360714,38.3675995736274,3.70050639593869));
#703=CARTESIAN_POINT('',(16.3443110516134,38.3926427613026,3.70621021346945));
#704=CARTESIAN_POINT('',(16.430425745424,38.429677443784,3.72490488040385));
#705=CARTESIAN_POINT('',(16.5083557345897,38.4773480801721,3.75632814549202));
#706=CARTESIAN_POINT('',(16.5737529483418,38.5330541704424,3.7987874872131));
#707=CARTESIAN_POINT('',(16.6237579567946,38.593416342952,3.84945943428904));
#708=CARTESIAN_POINT('',(16.6560684062035,38.6525475796115,3.90282639401617));
#709=CARTESIAN_POINT('',(16.667893118652,38.6900344125916,3.93859493917269));
#710=CARTESIAN_POINT('',(16.6716200222636,38.7071119183741,3.95526081433313));
#711=CARTESIAN_POINT('',(16.1239951165595,38.2735690623756,3.79738609835562));
#712=CARTESIAN_POINT('',(16.1454900994353,38.2718831265984,3.79431101248465));
#713=CARTESIAN_POINT('',(16.1975919820161,38.2701457571489,3.78917119338424));
#714=CARTESIAN_POINT('',(16.2847879213275,38.2770307070992,3.79025216845882));
#715=CARTESIAN_POINT('',(16.3818355834822,38.2983854947272,3.80503493442498));
#716=CARTESIAN_POINT('',(16.4747393558123,38.3340815833334,3.8343246612708));
#717=CARTESIAN_POINT('',(16.557130523297,38.3828078672926,3.87724833223614));
#718=CARTESIAN_POINT('',(16.6237013517812,38.441487687686,3.93115607296208));
#719=CARTESIAN_POINT('',(16.6713236792306,38.5059105289665,3.99218229111691));
#720=CARTESIAN_POINT('',(16.6983154865228,38.5691413080381,4.05363711392325));
#721=CARTESIAN_POINT('',(16.7052952782513,38.6090260153604,4.09324521178236));
#722=CARTESIAN_POINT('',(16.7065593963144,38.6271224529689,4.11137775637678));
#723=CARTESIAN_POINT('',(16.1205245467085,38.0971758548106,3.97891027265981));
#724=CARTESIAN_POINT('',(16.1443363425087,38.0914287043511,3.97948058996076));
#725=CARTESIAN_POINT('',(16.2025585739592,38.0804204193089,3.98352678599551));
#726=CARTESIAN_POINT('',(16.301493612336,38.0747798457711,4.00199175109835));
#727=CARTESIAN_POINT('',(16.4119534411501,38.0870476702891,4.0397611908728));
#728=CARTESIAN_POINT('',(16.5158562371624,38.1195010411574,4.09555877053939));
#729=CARTESIAN_POINT('',(16.6036344269247,38.1708456368911,4.16684214450428));
#730=CARTESIAN_POINT('',(16.6675883130591,38.2367919010355,4.2482002267582));
#731=CARTESIAN_POINT('',(16.7038800281277,38.3111320352022,4.33252782710361));
#732=CARTESIAN_POINT('',(16.7128673974059,38.3843914137862,4.40976108010506));
#733=CARTESIAN_POINT('',(16.7053721197424,38.4301412078249,4.45479886693381));
#734=CARTESIAN_POINT('',(16.6996182566126,38.4507292454039,4.47442610498518));
#735=CARTESIAN_POINT('',(15.9782492248756,37.9011709914086,4.2115642809336));
#736=CARTESIAN_POINT('',(16.0000253682229,37.8867574865332,4.22147194697901));
#737=CARTESIAN_POINT('',(16.0541554528752,37.8549165153115,4.24894139590964));
#738=CARTESIAN_POINT('',(16.149485935135,37.8170645766915,4.31054269287209));
#739=CARTESIAN_POINT('',(16.2578706312822,37.8016507436793,4.40166727453667));
#740=CARTESIAN_POINT('',(16.3570215794553,37.8208000201326,4.51204696145283));
#741=CARTESIAN_POINT('',(16.4319095625258,37.8765462660288,4.63064645134682));
#742=CARTESIAN_POINT('',(16.4723606607562,37.9621065848762,4.74293113073905));
#743=CARTESIAN_POINT('',(16.4772606958266,38.0644281805776,4.83631043910234));
#744=CARTESIAN_POINT('',(16.45439618837,38.1655912464544,4.90172277652323));
#745=CARTESIAN_POINT('',(16.4285178731552,38.2273385030383,4.9295072842103));
#746=CARTESIAN_POINT('',(16.4150676129467,38.2547243820018,4.93973412153272));
#747=CARTESIAN_POINT('',(15.811168643902,37.853480314142,4.29778829918529));
#748=CARTESIAN_POINT('',(15.8218452070878,37.834460054816,4.31489777868497));
#749=CARTESIAN_POINT('',(15.8488699593021,37.7912226981436,4.36038516010596));
#750=CARTESIAN_POINT('',(15.8987574428529,37.7342037963136,4.45448502805659));
#751=CARTESIAN_POINT('',(15.9587915934578,37.7004152656866,4.58338250513499));
#752=CARTESIAN_POINT('',(16.0170567364554,37.7092452420268,4.72758417855565));
#753=CARTESIAN_POINT('',(16.0642441118029,37.7664854139516,4.86777277328276));
#754=CARTESIAN_POINT('',(16.0933381655503,37.8643166255691,4.98354569561399));
#755=CARTESIAN_POINT('',(16.1028850758809,37.984658555507,5.06267443146165));
#756=CARTESIAN_POINT('',(16.0966985685248,38.1035772281271,5.10283628579934));
#757=CARTESIAN_POINT('',(16.0864751823463,38.1753752579541,5.11113869561355));
#758=CARTESIAN_POINT('',(16.0809064509996,38.2070337047353,5.11218215803612));
#759=CARTESIAN_POINT('',(15.7276660499044,37.8535533906121,4.31638293724282));
#760=CARTESIAN_POINT('',(15.7317951437752,37.8346344495442,4.33485251567534));
#761=CARTESIAN_POINT('',(15.742710839164,37.7916535259399,4.38367851563965));
#762=CARTESIAN_POINT('',(15.7650173583171,37.7350885545862,4.4834545254182));
#763=CARTESIAN_POINT('',(15.7951971041127,37.7017523360847,4.61844538945319));
#764=CARTESIAN_POINT('',(15.8285688763228,37.710843433004,4.76771202813299));
#765=CARTESIAN_POINT('',(15.8606151857955,37.7680548579984,4.91104815437247));
#766=CARTESIAN_POINT('',(15.8866865259322,37.8655923293065,5.02765752295482));
#767=CARTESIAN_POINT('',(15.9041056121286,37.9854996121999,5.10556575001258));
#768=CARTESIAN_POINT('',(15.9125168056289,38.1039917561221,5.14318306190683));
#769=CARTESIAN_POINT('',(15.9138995761514,38.1755500996391,5.14936514408707));
#770=CARTESIAN_POINT('',(15.9139012630042,38.2071067812053,5.14937143415118));
#771=FACE_BOUND('',#772,.T.);
#772=EDGE_LOOP('',(#1274,#1275,#1276,#1277));
#773=CYLINDRICAL_SURFACE('',#774,0.5);
#774=AXIS2_PLACEMENT_3D('',#775,#776,#777);
#775=CARTESIAN_POINT('',(17.7566244247404,38.2071067811866,4.22503057022192));
#776=DIRECTION('',(0.975905620134089,1.36642833800019E-16,-0.218193080987229));
#777=DIRECTION('',(0.218193080987229,1.70667022764162E-31,0.975905620134089));
#778=FACE_BOUND('',#779,.T.);
#779=EDGE_LOOP('',(#1278,#1279,#1280,#1281));
#780=B_SPLINE_SURFACE_WITH_KNOTS('',3,3,(
(#781,#782,#783,#784,#785,#786,#787,#788,#789,#790,#791,#792),
(#793,#794,#795,#796,#797,#798,#799,#800,#801,#802,#803,#804),
(#805,#806,#807,#808,#809,#810,#811,#812,#813,#814,#815,#816),
(#817,#818,#819,#820,#821,#822,#823,#824,#825,#826,#827,#828),
(#829,#830,#831,#832,#833,#834,#835,#836,#837,#838,#839,#840),
(#841,#842,#843,#844,#845,#846,#847,#848,#849,#850,#851,#852)),
.UNSPECIFIED.,.F.,.F.,.F.,
(4,1,1,4),
(4,1,1,1,1,1,1,1,1,4),
(1.66056697839131,2.14104585482269,2.71762050654035,3.23138225043416),
(0.,0.0868576838974259,0.202667929093994,0.318478174290562,0.434288419487129,0.550098664683697,
0.665908909880265,0.781719155076833,0.897529400273401,1.),
.UNSPECIFIED.);
#781=CARTESIAN_POINT('',(16.1065254295341,-38.3535585277809,3.71932762733379));
#782=CARTESIAN_POINT('',(16.1265060851693,-38.3535598882325,3.71486152870682));
#783=CARTESIAN_POINT('',(16.1747682267416,-38.3556337407891,3.70619561260529));
#784=CARTESIAN_POINT('',(16.2550510360714,-38.3675995736274,3.70050639593868));
#785=CARTESIAN_POINT('',(16.3443110516135,-38.3926427613026,3.70621021346944));
#786=CARTESIAN_POINT('',(16.4304257454239,-38.429677443784,3.72490488040384));
#787=CARTESIAN_POINT('',(16.5083557345897,-38.4773480801721,3.75632814549201));
#788=CARTESIAN_POINT('',(16.5737529483417,-38.5330541704424,3.79878748721309));
#789=CARTESIAN_POINT('',(16.6237579567947,-38.593416342952,3.84945943428904));
#790=CARTESIAN_POINT('',(16.6560684062034,-38.6525475796116,3.90282639401617));
#791=CARTESIAN_POINT('',(16.6678931186521,-38.6900344125915,3.93859493917268));
#792=CARTESIAN_POINT('',(16.6716200222636,-38.7071119183741,3.95526081433313));
#793=CARTESIAN_POINT('',(16.1239951165595,-38.2735690623756,3.79738609835562));
#794=CARTESIAN_POINT('',(16.1454900994353,-38.2718831265984,3.79431101248463));
#795=CARTESIAN_POINT('',(16.1975919820161,-38.2701457571489,3.78917119338425));
#796=CARTESIAN_POINT('',(16.2847879213275,-38.2770307070992,3.7902521684588));
#797=CARTESIAN_POINT('',(16.3818355834821,-38.2983854947273,3.80503493442497));
#798=CARTESIAN_POINT('',(16.4747393558123,-38.3340815833333,3.8343246612708));
#799=CARTESIAN_POINT('',(16.557130523297,-38.3828078672928,3.87724833223613));
#800=CARTESIAN_POINT('',(16.6237013517812,-38.4414876876858,3.93115607296208));
#801=CARTESIAN_POINT('',(16.6713236792306,-38.5059105289666,3.9921822911169));
#802=CARTESIAN_POINT('',(16.6983154865229,-38.569141308038,4.05363711392324));
#803=CARTESIAN_POINT('',(16.7052952782513,-38.6090260153606,4.09324521178236));
#804=CARTESIAN_POINT('',(16.7065593963144,-38.6271224529689,4.11137775637678));
#805=CARTESIAN_POINT('',(16.1205245467086,-38.0971758548106,3.9789102726598));
#806=CARTESIAN_POINT('',(16.1443363425087,-38.091428704351,3.97948058996075));
#807=CARTESIAN_POINT('',(16.2025585739593,-38.0804204193089,3.98352678599548));
#808=CARTESIAN_POINT('',(16.3014936123359,-38.074779845771,4.00199175109835));
#809=CARTESIAN_POINT('',(16.4119534411502,-38.087047670289,4.03976119087279));
#810=CARTESIAN_POINT('',(16.5158562371624,-38.1195010411574,4.09555877053937));
#811=CARTESIAN_POINT('',(16.6036344269247,-38.170845636891,4.16684214450428));
#812=CARTESIAN_POINT('',(16.6675883130591,-38.2367919010357,4.24820022675818));
#813=CARTESIAN_POINT('',(16.7038800281278,-38.311132035202,4.33252782710361));
#814=CARTESIAN_POINT('',(16.7128673974059,-38.3843914137862,4.40976108010504));
#815=CARTESIAN_POINT('',(16.7053721197424,-38.4301412078248,4.45479886693382));
#816=CARTESIAN_POINT('',(16.6996182566126,-38.4507292454039,4.47442610498517));
#817=CARTESIAN_POINT('',(15.9782492248756,-37.9011709914085,4.21156428093359));
#818=CARTESIAN_POINT('',(16.0000253682229,-37.8867574865333,4.22147194697899));
#819=CARTESIAN_POINT('',(16.0541554528751,-37.8549165153114,4.24894139590966));
#820=CARTESIAN_POINT('',(16.1494859351351,-37.8170645766915,4.31054269287206));
#821=CARTESIAN_POINT('',(16.2578706312821,-37.8016507436794,4.40166727453666));
#822=CARTESIAN_POINT('',(16.3570215794553,-37.8208000201325,4.51204696145284));
#823=CARTESIAN_POINT('',(16.4319095625258,-37.8765462660288,4.6306464513468));
#824=CARTESIAN_POINT('',(16.4723606607562,-37.9621065848761,4.74293113073907));
#825=CARTESIAN_POINT('',(16.4772606958266,-38.0644281805776,4.83631043910232));
#826=CARTESIAN_POINT('',(16.4543961883701,-38.1655912464546,4.90172277652324));
#827=CARTESIAN_POINT('',(16.4285178731552,-38.2273385030384,4.92950728421026));
#828=CARTESIAN_POINT('',(16.4150676129466,-38.2547243820018,4.93973412153272));
#829=CARTESIAN_POINT('',(15.8111686439021,-37.8534803141421,4.29778829918528));
#830=CARTESIAN_POINT('',(15.8218452070878,-37.8344600548159,4.31489777868496));
#831=CARTESIAN_POINT('',(15.8488699593021,-37.7912226981437,4.36038516010595));
#832=CARTESIAN_POINT('',(15.8987574428529,-37.7342037963135,4.45448502805658));
#833=CARTESIAN_POINT('',(15.9587915934578,-37.7004152656866,4.583382505135));
#834=CARTESIAN_POINT('',(16.0170567364554,-37.7092452420268,4.72758417855561));
#835=CARTESIAN_POINT('',(16.0642441118029,-37.7664854139516,4.86777277328278));
#836=CARTESIAN_POINT('',(16.0933381655504,-37.8643166255691,4.98354569561395));
#837=CARTESIAN_POINT('',(16.1028850758808,-37.984658555507,5.06267443146166));
#838=CARTESIAN_POINT('',(16.0966985685248,-38.103577228127,5.10283628579932));
#839=CARTESIAN_POINT('',(16.0864751823463,-38.1753752579541,5.11113869561355));
#840=CARTESIAN_POINT('',(16.0809064509996,-38.2070337047353,5.11218215803612));
#841=CARTESIAN_POINT('',(15.7276660499043,-37.8535533906121,4.31638293724281));
#842=CARTESIAN_POINT('',(15.7317951437752,-37.8346344495442,4.33485251567533));
#843=CARTESIAN_POINT('',(15.742710839164,-37.7916535259399,4.38367851563963));
#844=CARTESIAN_POINT('',(15.7650173583171,-37.7350885545863,4.4834545254182));
#845=CARTESIAN_POINT('',(15.7951971041127,-37.7017523360847,4.61844538945318));
#846=CARTESIAN_POINT('',(15.8285688763228,-37.710843433004,4.76771202813299));
#847=CARTESIAN_POINT('',(15.8606151857955,-37.7680548579984,4.91104815437246));
#848=CARTESIAN_POINT('',(15.8866865259322,-37.8655923293065,5.02765752295482));
#849=CARTESIAN_POINT('',(15.9041056121286,-37.9854996121999,5.10556575001257));
#850=CARTESIAN_POINT('',(15.9125168056289,-38.103991756122,5.14318306190683));
#851=CARTESIAN_POINT('',(15.9138995761514,-38.1755500996392,5.14936514408705));
#852=CARTESIAN_POINT('',(15.9139012630042,-38.2071067812053,5.14937143415117));
#853=FACE_BOUND('',#854,.T.);
#854=EDGE_LOOP('',(#1282,#1283,#1284,#1285));
#855=CYLINDRICAL_SURFACE('',#856,0.5);
#856=AXIS2_PLACEMENT_3D('',#857,#858,#859);
#857=CARTESIAN_POINT('',(17.7566244247404,-38.2071067811866,4.22503057022192));
#858=DIRECTION('',(-0.975905620134089,1.36642833800019E-16,0.218193080987229));
#859=DIRECTION('',(0.218193080987229,-2.84445037940268E-31,0.975905620134089));
#860=FACE_BOUND('',#861,.T.);
#861=EDGE_LOOP('',(#1286,#1287,#1288,#1289));
#862=PLANE('',#863);
#863=AXIS2_PLACEMENT_3D('',#864,#865,#866);
#864=CARTESIAN_POINT('',(16.8898153450999,-37.,4.93117646127618));
#865=DIRECTION('',(-0.218193080987229,1.19513969396712E-16,-0.975905620134089));
#866=DIRECTION('',(0.,-1.,-1.22464679914735E-16));
#867=FACE_BOUND('',#868,.T.);
#868=EDGE_LOOP('',(#1290,#1291,#1292,#1293));
#869=PLANE('',#870);
#870=AXIS2_PLACEMENT_3D('',#871,#872,#873);
#871=CARTESIAN_POINT('',(19.2899392359595,-40.,15.6661382827512));
#872=DIRECTION('',(0.154285807174055,-0.707106781186548,0.690069481794877));
#873=DIRECTION('',(0.154285807174056,0.707106781186547,0.690069481794877));
#874=FACE_BOUND('',#875,.T.);
#875=EDGE_LOOP('',(#1294,#1295,#1296));
#876=CYLINDRICAL_SURFACE('',#877,1.);
#877=AXIS2_PLACEMENT_3D('',#878,#879,#880);
#878=CARTESIAN_POINT('',(17.7607976609423,-36.8786796564404,13.4098895748981));
#879=DIRECTION('',(0.154285807174054,-0.707106781186548,0.690069481794877));
#880=DIRECTION('',(0.975905620134088,-3.51308187630495E-15,-0.218193080987231));
#881=FACE_BOUND('',#882,.T.);
#882=EDGE_LOOP('',(#1297,#1298,#1299,#1300));
#883=CYLINDRICAL_SURFACE('',#884,1.);
#884=AXIS2_PLACEMENT_3D('',#885,#886,#887);
#885=CARTESIAN_POINT('',(18.5322266968126,-36.4142135623731,16.8602369838725));
#886=DIRECTION('',(0.,-1.,-3.70623078441962E-16));
#887=DIRECTION('',(0.975905620134089,8.08673913702224E-17,-0.218193080987227));
#888=FACE_BOUND('',#889,.T.);
#889=EDGE_LOOP('',(#1301,#1302,#1303,#1304));
#890=PLANE('',#891);
#891=AXIS2_PLACEMENT_3D('',#892,#893,#894);
#892=CARTESIAN_POINT('',(-29.0689556087706,-40.,28.5276035723808));
#893=DIRECTION('',(-0.218193080987229,1.19513969396712E-16,-0.975905620134089));
#894=DIRECTION('',(0.975905620134089,2.67209458227109E-17,-0.218193080987229));
#895=FACE_BOUND('',#896,.T.);
#896=EDGE_LOOP('',(#1305,#1306,#1307));
#897=SPHERICAL_SURFACE('',#898,1.);
#898=AXIS2_PLACEMENT_3D('',#899,#900,#901);
#899=CARTESIAN_POINT('',(-28.3112430696237,-40.4142135623731,27.3335048712595));
#900=DIRECTION('',(-0.975905620134089,-2.67209458227109E-17,0.218193080987229));
#901=DIRECTION('',(0.218193080987229,1.42375756610248E-14,0.975905620134089));
#902=FACE_BOUND('',#903,.T.);
#903=EDGE_LOOP('',(#1308,#1309,#1310));
#904=CYLINDRICAL_SURFACE('',#905,1.);
#905=AXIS2_PLACEMENT_3D('',#906,#907,#908);
#906=CARTESIAN_POINT('',(-29.082672105494,-36.8786796564404,23.8831574622851));
#907=DIRECTION('',(-0.154285807174054,0.707106781186549,-0.690069481794876));
#908=DIRECTION('',(-0.975905620134087,1.03641281914268E-14,0.218193080987238));
#909=FACE_BOUND('',#910,.T.);
#910=EDGE_LOOP('',(#1311,#1312,#1313));
#911=CYLINDRICAL_SURFACE('',#912,1.);
#912=AXIS2_PLACEMENT_3D('',#913,#914,#915);
#913=CARTESIAN_POINT('',(-29.082672105494,36.8786796564403,23.8831574622851));
#914=DIRECTION('',(0.154285807174054,0.707106781186549,0.690069481794876));
#915=DIRECTION('',(-0.975905620134088,-5.24094256291395E-15,0.218193080987233));
#916=FACE_BOUND('',#917,.T.);
#917=EDGE_LOOP('',(#1314,#1315,#1316));
#918=PLANE('',#919);
#919=AXIS2_PLACEMENT_3D('',#920,#921,#922);
#920=CARTESIAN_POINT('',(-35.,40.,2.));
#921=DIRECTION('',(-0.975905620134089,0.,0.218193080987229));
#922=DIRECTION('',(0.218193080987229,0.,0.975905620134089));
#923=FACE_BOUND('',#924,.T.);
#924=EDGE_LOOP('',(#1317,#1318,#1319));
#925=SPHERICAL_SURFACE('',#926,1.);
#926=AXIS2_PLACEMENT_3D('',#927,#928,#929);
#927=CARTESIAN_POINT('',(-28.3112430696237,40.4142135623731,27.3335048712595));
#928=DIRECTION('',(-0.975905620134089,0.,0.218193080987229));
#929=DIRECTION('',(0.154285807174055,-0.707106781186547,0.690069481794878));
#930=FACE_BOUND('',#931,.T.);
#931=EDGE_LOOP('',(#1320,#1321,#1322,#1323));
#932=CYLINDRICAL_SURFACE('',#933,1.);
#933=AXIS2_PLACEMENT_3D('',#934,#935,#936);
#934=CARTESIAN_POINT('',(-33.1907711702941,40.4142135623731,28.4244702761956));
#935=DIRECTION('',(-0.975905620134089,3.675221047035E-16,0.218193080987229));
#936=DIRECTION('',(0.154285807174055,-0.707106781186547,0.690069481794878));
#937=FACE_BOUND('',#938,.T.);
#938=EDGE_LOOP('',(#1324,#1325,#1326));
#939=SPHERICAL_SURFACE('',#940,1.);
#940=AXIS2_PLACEMENT_3D('',#941,#942,#943);
#941=CARTESIAN_POINT('',(18.5322266968126,40.4142135623731,16.8602369838725));
#942=DIRECTION('',(0.975905620134089,0.,-0.218193080987228));
#943=DIRECTION('',(0.218193080987228,-1.42108547152024E-14,0.975905620134089));
#944=FACE_BOUND('',#945,.T.);
#945=EDGE_LOOP('',(#1327,#1328,#1329,#1330));
#946=PLANE('',#947);
#947=AXIS2_PLACEMENT_3D('',#948,#949,#950);
#948=CARTESIAN_POINT('',(19.5081323169467,39.,16.6420439028853));
#949=DIRECTION('',(0.154285807174055,-0.707106781186547,0.690069481794877));
#950=DIRECTION('',(0.154285807174054,0.707106781186548,0.690069481794877));
#951=FACE_BOUND('',#952,.T.);
#952=EDGE_LOOP('',(#1331,#1332,#1333,#1334));
#953=PLANE('',#954);
#954=AXIS2_PLACEMENT_3D('',#955,#956,#957);
#955=CARTESIAN_POINT('',(19.5081323169467,-39.,16.6420439028853));
#956=DIRECTION('',(-0.154285807174055,-0.707106781186547,-0.690069481794877));
#957=DIRECTION('',(0.154285807174054,-0.707106781186548,0.690069481794877));
#958=FACE_BOUND('',#959,.T.);
#959=EDGE_LOOP('',(#1335,#1336,#1337));
#960=SPHERICAL_SURFACE('',#961,1.);
#961=AXIS2_PLACEMENT_3D('',#962,#963,#964);
#962=CARTESIAN_POINT('',(18.5322266968126,-40.4142135623731,16.8602369838725));
#963=DIRECTION('',(0.975905620134089,2.67209458227108E-17,-0.218193080987228));
#964=DIRECTION('',(0.154285807174049,0.707106781186573,0.690069481794853));
#965=FACE_BOUND('',#966,.T.);
#966=EDGE_LOOP('',(#1338,#1339,#1340,#1341));
#967=CYLINDRICAL_SURFACE('',#968,1.);
#968=AXIS2_PLACEMENT_3D('',#969,#970,#971);
#969=CARTESIAN_POINT('',(-33.1907711702941,-40.4142135623731,28.4244702761956));
#970=DIRECTION('',(0.975905620134089,6.125368411725E-16,-0.218193080987229));
#971=DIRECTION('',(0.154285807174054,0.70710678118655,0.690069481794875));
#972=FACE_BOUND('',#973,.T.);
#973=EDGE_LOOP('',(#1342,#1343,#1344,#1345));
#974=CYLINDRICAL_SURFACE('',#975,1.);
#975=AXIS2_PLACEMENT_3D('',#976,#977,#978);
#976=CARTESIAN_POINT('',(30.1031332961852,-41.,-2.12181556152359));
#977=DIRECTION('',(-0.218193080987229,0.,-0.975905620134089));
#978=DIRECTION('',(3.00532524166071E-15,-1.,-6.71930932989751E-16));
#979=FACE_BOUND('',#980,.T.);
#980=EDGE_LOOP('',(#1346,#1347,#1348,#1349));
#981=CYLINDRICAL_SURFACE('',#982,1.);
#982=AXIS2_PLACEMENT_3D('',#983,#984,#985);
#983=CARTESIAN_POINT('',(32.7214502680319,41.,9.5890518800855));
#984=DIRECTION('',(-0.218193080987228,1.23007459407694E-15,-0.975905620134089));
#985=DIRECTION('',(2.68393765525762E-16,1.,1.20043670954385E-15));
#986=ORIENTED_EDGE('',*,*,#1350,.F.);
#987=ORIENTED_EDGE('',*,*,#1351,.T.);
#988=ORIENTED_EDGE('',*,*,#1352,.T.);
#989=ORIENTED_EDGE('',*,*,#1353,.T.);
#990=ORIENTED_EDGE('',*,*,#1354,.T.);
#991=ORIENTED_EDGE('',*,*,#1355,.T.);
#992=ORIENTED_EDGE('',*,*,#1356,.F.);
#993=ORIENTED_EDGE('',*,*,#1357,.F.);
#994=ORIENTED_EDGE('',*,*,#1357,.T.);
#995=ORIENTED_EDGE('',*,*,#1358,.F.);
#996=ORIENTED_EDGE('',*,*,#1353,.F.);
#997=ORIENTED_EDGE('',*,*,#1359,.F.);
#998=ORIENTED_EDGE('',*,*,#1360,.F.);
#999=ORIENTED_EDGE('',*,*,#1361,.T.);
#1000=ORIENTED_EDGE('',*,*,#1362,.F.);
#1001=ORIENTED_EDGE('',*,*,#1363,.T.);
#1002=ORIENTED_EDGE('',*,*,#1364,.F.);
#1003=ORIENTED_EDGE('',*,*,#1365,.T.);
#1004=ORIENTED_EDGE('',*,*,#1366,.F.);
#1005=ORIENTED_EDGE('',*,*,#1367,.T.);
#1006=ORIENTED_EDGE('',*,*,#1368,.F.);
#1007=ORIENTED_EDGE('',*,*,#1369,.T.);
#1008=ORIENTED_EDGE('',*,*,#1370,.F.);
#1009=ORIENTED_EDGE('',*,*,#1371,.F.);
#1010=ORIENTED_EDGE('',*,*,#1372,.F.);
#1011=ORIENTED_EDGE('',*,*,#1373,.F.);
#1012=ORIENTED_EDGE('',*,*,#1374,.F.);
#1013=ORIENTED_EDGE('',*,*,#1375,.F.);
#1014=ORIENTED_EDGE('',*,*,#1376,.T.);
#1015=ORIENTED_EDGE('',*,*,#1377,.F.);
#1016=ORIENTED_EDGE('',*,*,#1378,.F.);
#1017=ORIENTED_EDGE('',*,*,#1379,.F.);
#1018=ORIENTED_EDGE('',*,*,#1380,.F.);
#1019=ORIENTED_EDGE('',*,*,#1381,.F.);
#1020=ORIENTED_EDGE('',*,*,#1382,.F.);
#1021=ORIENTED_EDGE('',*,*,#1351,.F.);
#1022=ORIENTED_EDGE('',*,*,#1383,.F.);
#1023=ORIENTED_EDGE('',*,*,#1355,.F.);
#1024=ORIENTED_EDGE('',*,*,#1384,.T.);
#1025=ORIENTED_EDGE('',*,*,#1385,.F.);
#1026=ORIENTED_EDGE('',*,*,#1377,.T.);
#1027=ORIENTED_EDGE('',*,*,#1360,.T.);
#1028=ORIENTED_EDGE('',*,*,#1386,.T.);
#1029=ORIENTED_EDGE('',*,*,#1387,.T.);
#1030=ORIENTED_EDGE('',*,*,#1388,.F.);
#1031=ORIENTED_EDGE('',*,*,#1389,.F.);
#1032=ORIENTED_EDGE('',*,*,#1390,.F.);
#1033=ORIENTED_EDGE('',*,*,#1376,.F.);
#1034=ORIENTED_EDGE('',*,*,#1369,.F.);
#1035=ORIENTED_EDGE('',*,*,#1391,.F.);
#1036=ORIENTED_EDGE('',*,*,#1392,.T.);
#1037=ORIENTED_EDGE('',*,*,#1393,.T.);
#1038=ORIENTED_EDGE('',*,*,#1361,.F.);
#1039=ORIENTED_EDGE('',*,*,#1393,.F.);
#1040=ORIENTED_EDGE('',*,*,#1394,.T.);
#1041=ORIENTED_EDGE('',*,*,#1395,.T.);
#1042=ORIENTED_EDGE('',*,*,#1362,.T.);
#1043=ORIENTED_EDGE('',*,*,#1396,.T.);
#1044=ORIENTED_EDGE('',*,*,#1363,.F.);
#1045=ORIENTED_EDGE('',*,*,#1395,.F.);
#1046=ORIENTED_EDGE('',*,*,#1397,.T.);
#1047=ORIENTED_EDGE('',*,*,#1396,.F.);
#1048=ORIENTED_EDGE('',*,*,#1398,.T.);
#1049=ORIENTED_EDGE('',*,*,#1399,.T.);
#1050=ORIENTED_EDGE('',*,*,#1364,.T.);
#1051=ORIENTED_EDGE('',*,*,#1400,.T.);
#1052=ORIENTED_EDGE('',*,*,#1365,.F.);
#1053=ORIENTED_EDGE('',*,*,#1399,.F.);
#1054=ORIENTED_EDGE('',*,*,#1401,.T.);
#1055=ORIENTED_EDGE('',*,*,#1400,.F.);
#1056=ORIENTED_EDGE('',*,*,#1402,.T.);
#1057=ORIENTED_EDGE('',*,*,#1403,.T.);
#1058=ORIENTED_EDGE('',*,*,#1366,.T.);
#1059=ORIENTED_EDGE('',*,*,#1403,.F.);
#1060=ORIENTED_EDGE('',*,*,#1404,.T.);
#1061=ORIENTED_EDGE('',*,*,#1405,.T.);
#1062=ORIENTED_EDGE('',*,*,#1367,.F.);
#1063=ORIENTED_EDGE('',*,*,#1405,.F.);
#1064=ORIENTED_EDGE('',*,*,#1406,.T.);
#1065=ORIENTED_EDGE('',*,*,#1391,.T.);
#1066=ORIENTED_EDGE('',*,*,#1368,.T.);
#1067=ORIENTED_EDGE('',*,*,#1407,.T.);
#1068=ORIENTED_EDGE('',*,*,#1408,.T.);
#1069=ORIENTED_EDGE('',*,*,#1409,.T.);
#1070=ORIENTED_EDGE('',*,*,#1410,.T.);
#1071=ORIENTED_EDGE('',*,*,#1411,.F.);
#1072=ORIENTED_EDGE('',*,*,#1370,.T.);
#1073=ORIENTED_EDGE('',*,*,#1375,.T.);
#1074=ORIENTED_EDGE('',*,*,#1412,.T.);
#1075=ORIENTED_EDGE('',*,*,#1413,.T.);
#1076=ORIENTED_EDGE('',*,*,#1411,.T.);
#1077=ORIENTED_EDGE('',*,*,#1414,.T.);
#1078=ORIENTED_EDGE('',*,*,#1415,.T.);
#1079=ORIENTED_EDGE('',*,*,#1371,.T.);
#1080=ORIENTED_EDGE('',*,*,#1416,.T.);
#1081=ORIENTED_EDGE('',*,*,#1417,.F.);
#1082=ORIENTED_EDGE('',*,*,#1418,.T.);
#1083=ORIENTED_EDGE('',*,*,#1419,.T.);
#1084=ORIENTED_EDGE('',*,*,#1420,.T.);
#1085=ORIENTED_EDGE('',*,*,#1372,.T.);
#1086=ORIENTED_EDGE('',*,*,#1415,.F.);
#1087=ORIENTED_EDGE('',*,*,#1421,.F.);
#1088=ORIENTED_EDGE('',*,*,#1422,.F.);
#1089=ORIENTED_EDGE('',*,*,#1423,.T.);
#1090=ORIENTED_EDGE('',*,*,#1373,.T.);
#1091=ORIENTED_EDGE('',*,*,#1420,.F.);
#1092=ORIENTED_EDGE('',*,*,#1424,.F.);
#1093=ORIENTED_EDGE('',*,*,#1425,.F.);
#1094=ORIENTED_EDGE('',*,*,#1426,.F.);
#1095=ORIENTED_EDGE('',*,*,#1412,.F.);
#1096=ORIENTED_EDGE('',*,*,#1374,.T.);
#1097=ORIENTED_EDGE('',*,*,#1423,.F.);
#1098=ORIENTED_EDGE('',*,*,#1427,.F.);
#1099=ORIENTED_EDGE('',*,*,#1428,.T.);
#1100=ORIENTED_EDGE('',*,*,#1378,.T.);
#1101=ORIENTED_EDGE('',*,*,#1385,.T.);
#1102=ORIENTED_EDGE('',*,*,#1429,.F.);
#1103=ORIENTED_EDGE('',*,*,#1430,.T.);
#1104=ORIENTED_EDGE('',*,*,#1431,.T.);
#1105=ORIENTED_EDGE('',*,*,#1432,.T.);
#1106=ORIENTED_EDGE('',*,*,#1379,.T.);
#1107=ORIENTED_EDGE('',*,*,#1428,.F.);
#1108=ORIENTED_EDGE('',*,*,#1433,.T.);
#1109=ORIENTED_EDGE('',*,*,#1434,.F.);
#1110=ORIENTED_EDGE('',*,*,#1435,.F.);
#1111=ORIENTED_EDGE('',*,*,#1436,.F.);
#1112=ORIENTED_EDGE('',*,*,#1437,.F.);
#1113=ORIENTED_EDGE('',*,*,#1438,.T.);
#1114=ORIENTED_EDGE('',*,*,#1380,.T.);
#1115=ORIENTED_EDGE('',*,*,#1432,.F.);
#1116=ORIENTED_EDGE('',*,*,#1386,.F.);
#1117=ORIENTED_EDGE('',*,*,#1381,.T.);
#1118=ORIENTED_EDGE('',*,*,#1438,.F.);
#1119=ORIENTED_EDGE('',*,*,#1439,.F.);
#1120=ORIENTED_EDGE('',*,*,#1440,.T.);
#1121=ORIENTED_EDGE('',*,*,#1441,.F.);
#1122=ORIENTED_EDGE('',*,*,#1384,.F.);
#1123=ORIENTED_EDGE('',*,*,#1442,.T.);
#1124=ORIENTED_EDGE('',*,*,#1443,.F.);
#1125=ORIENTED_EDGE('',*,*,#1387,.F.);
#1126=ORIENTED_EDGE('',*,*,#1444,.T.);
#1127=ORIENTED_EDGE('',*,*,#1388,.T.);
#1128=ORIENTED_EDGE('',*,*,#1445,.F.);
#1129=ORIENTED_EDGE('',*,*,#1446,.F.);
#1130=ORIENTED_EDGE('',*,*,#1389,.T.);
#1131=ORIENTED_EDGE('',*,*,#1447,.T.);
#1132=ORIENTED_EDGE('',*,*,#1448,.F.);
#1133=ORIENTED_EDGE('',*,*,#1449,.F.);
#1134=ORIENTED_EDGE('',*,*,#1390,.T.);
#1135=ORIENTED_EDGE('',*,*,#1450,.F.);
#1136=ORIENTED_EDGE('',*,*,#1442,.F.);
#1137=ORIENTED_EDGE('',*,*,#1402,.F.);
#1138=ORIENTED_EDGE('',*,*,#1401,.F.);
#1139=ORIENTED_EDGE('',*,*,#1398,.F.);
#1140=ORIENTED_EDGE('',*,*,#1397,.F.);
#1141=ORIENTED_EDGE('',*,*,#1394,.F.);
#1142=ORIENTED_EDGE('',*,*,#1392,.F.);
#1143=ORIENTED_EDGE('',*,*,#1406,.F.);
#1144=ORIENTED_EDGE('',*,*,#1404,.F.);
#1145=ORIENTED_EDGE('',*,*,#1407,.F.);
#1146=ORIENTED_EDGE('',*,*,#1451,.T.);
#1147=ORIENTED_EDGE('',*,*,#1452,.T.);
#1148=ORIENTED_EDGE('',*,*,#1408,.F.);
#1149=ORIENTED_EDGE('',*,*,#1453,.F.);
#1150=ORIENTED_EDGE('',*,*,#1454,.T.);
#1151=ORIENTED_EDGE('',*,*,#1455,.T.);
#1152=ORIENTED_EDGE('',*,*,#1456,.T.);
#1153=ORIENTED_EDGE('',*,*,#1410,.F.);
#1154=ORIENTED_EDGE('',*,*,#1457,.F.);
#1155=ORIENTED_EDGE('',*,*,#1458,.T.);
#1156=ORIENTED_EDGE('',*,*,#1451,.F.);
#1157=ORIENTED_EDGE('',*,*,#1413,.F.);
#1158=ORIENTED_EDGE('',*,*,#1459,.T.);
#1159=ORIENTED_EDGE('',*,*,#1460,.T.);
#1160=ORIENTED_EDGE('',*,*,#1461,.T.);
#1161=ORIENTED_EDGE('',*,*,#1414,.F.);
#1162=ORIENTED_EDGE('',*,*,#1456,.F.);
#1163=ORIENTED_EDGE('',*,*,#1416,.F.);
#1164=ORIENTED_EDGE('',*,*,#1462,.F.);
#1165=ORIENTED_EDGE('',*,*,#1463,.F.);
#1166=ORIENTED_EDGE('',*,*,#1464,.F.);
#1167=ORIENTED_EDGE('',*,*,#1417,.T.);
#1168=ORIENTED_EDGE('',*,*,#1463,.T.);
#1169=ORIENTED_EDGE('',*,*,#1465,.F.);
#1170=ORIENTED_EDGE('',*,*,#1418,.F.);
#1171=ORIENTED_EDGE('',*,*,#1466,.F.);
#1172=ORIENTED_EDGE('',*,*,#1454,.F.);
#1173=ORIENTED_EDGE('',*,*,#1467,.F.);
#1174=ORIENTED_EDGE('',*,*,#1468,.T.);
#1175=ORIENTED_EDGE('',*,*,#1424,.T.);
#1176=ORIENTED_EDGE('',*,*,#1419,.F.);
#1177=ORIENTED_EDGE('',*,*,#1469,.F.);
#1178=ORIENTED_EDGE('',*,*,#1421,.T.);
#1179=ORIENTED_EDGE('',*,*,#1461,.F.);
#1180=ORIENTED_EDGE('',*,*,#1470,.F.);
#1181=ORIENTED_EDGE('',*,*,#1471,.F.);
#1182=ORIENTED_EDGE('',*,*,#1425,.T.);
#1183=ORIENTED_EDGE('',*,*,#1422,.T.);
#1184=ORIENTED_EDGE('',*,*,#1472,.T.);
#1185=ORIENTED_EDGE('',*,*,#1471,.T.);
#1186=ORIENTED_EDGE('',*,*,#1473,.F.);
#1187=ORIENTED_EDGE('',*,*,#1474,.T.);
#1188=ORIENTED_EDGE('',*,*,#1459,.F.);
#1189=ORIENTED_EDGE('',*,*,#1426,.T.);
#1190=ORIENTED_EDGE('',*,*,#1475,.T.);
#1191=ORIENTED_EDGE('',*,*,#1476,.T.);
#1192=ORIENTED_EDGE('',*,*,#1430,.F.);
#1193=ORIENTED_EDGE('',*,*,#1427,.T.);
#1194=ORIENTED_EDGE('',*,*,#1475,.F.);
#1195=ORIENTED_EDGE('',*,*,#1429,.T.);
#1196=ORIENTED_EDGE('',*,*,#1441,.T.);
#1197=ORIENTED_EDGE('',*,*,#1477,.F.);
#1198=ORIENTED_EDGE('',*,*,#1478,.F.);
#1199=ORIENTED_EDGE('',*,*,#1479,.T.);
#1200=ORIENTED_EDGE('',*,*,#1480,.T.);
#1201=ORIENTED_EDGE('',*,*,#1433,.F.);
#1202=ORIENTED_EDGE('',*,*,#1431,.F.);
#1203=ORIENTED_EDGE('',*,*,#1434,.T.);
#1204=ORIENTED_EDGE('',*,*,#1481,.F.);
#1205=ORIENTED_EDGE('',*,*,#1448,.T.);
#1206=ORIENTED_EDGE('',*,*,#1482,.F.);
#1207=ORIENTED_EDGE('',*,*,#1483,.T.);
#1208=ORIENTED_EDGE('',*,*,#1484,.F.);
#1209=ORIENTED_EDGE('',*,*,#1485,.F.);
#1210=ORIENTED_EDGE('',*,*,#1435,.T.);
#1211=ORIENTED_EDGE('',*,*,#1436,.T.);
#1212=ORIENTED_EDGE('',*,*,#1485,.T.);
#1213=ORIENTED_EDGE('',*,*,#1486,.T.);
#1214=ORIENTED_EDGE('',*,*,#1487,.F.);
#1215=ORIENTED_EDGE('',*,*,#1488,.F.);
#1216=ORIENTED_EDGE('',*,*,#1437,.T.);
#1217=ORIENTED_EDGE('',*,*,#1489,.F.);
#1218=ORIENTED_EDGE('',*,*,#1444,.F.);
#1219=ORIENTED_EDGE('',*,*,#1439,.T.);
#1220=ORIENTED_EDGE('',*,*,#1488,.T.);
#1221=ORIENTED_EDGE('',*,*,#1490,.F.);
#1222=ORIENTED_EDGE('',*,*,#1440,.F.);
#1223=ORIENTED_EDGE('',*,*,#1491,.T.);
#1224=ORIENTED_EDGE('',*,*,#1443,.T.);
#1225=ORIENTED_EDGE('',*,*,#1492,.F.);
#1226=ORIENTED_EDGE('',*,*,#1493,.F.);
#1227=ORIENTED_EDGE('',*,*,#1445,.T.);
#1228=ORIENTED_EDGE('',*,*,#1494,.F.);
#1229=ORIENTED_EDGE('',*,*,#1447,.F.);
#1230=ORIENTED_EDGE('',*,*,#1446,.T.);
#1231=ORIENTED_EDGE('',*,*,#1495,.T.);
#1232=ORIENTED_EDGE('',*,*,#1491,.F.);
#1233=ORIENTED_EDGE('',*,*,#1450,.T.);
#1234=ORIENTED_EDGE('',*,*,#1449,.T.);
#1235=ORIENTED_EDGE('',*,*,#1496,.F.);
#1236=ORIENTED_EDGE('',*,*,#1497,.F.);
#1237=ORIENTED_EDGE('',*,*,#1498,.T.);
#1238=ORIENTED_EDGE('',*,*,#1453,.T.);
#1239=ORIENTED_EDGE('',*,*,#1452,.F.);
#1240=ORIENTED_EDGE('',*,*,#1499,.T.);
#1241=ORIENTED_EDGE('',*,*,#1500,.T.);
#1242=ORIENTED_EDGE('',*,*,#1501,.F.);
#1243=ORIENTED_EDGE('',*,*,#1455,.F.);
#1244=ORIENTED_EDGE('',*,*,#1457,.T.);
#1245=ORIENTED_EDGE('',*,*,#1502,.F.);
#1246=ORIENTED_EDGE('',*,*,#1503,.F.);
#1247=ORIENTED_EDGE('',*,*,#1504,.T.);
#1248=ORIENTED_EDGE('',*,*,#1497,.T.);
#1249=ORIENTED_EDGE('',*,*,#1458,.F.);
#1250=ORIENTED_EDGE('',*,*,#1505,.F.);
#1251=ORIENTED_EDGE('',*,*,#1460,.F.);
#1252=ORIENTED_EDGE('',*,*,#1504,.F.);
#1253=ORIENTED_EDGE('',*,*,#1506,.F.);
#1254=ORIENTED_EDGE('',*,*,#1507,.T.);
#1255=ORIENTED_EDGE('',*,*,#1470,.T.);
#1256=ORIENTED_EDGE('',*,*,#1507,.F.);
#1257=ORIENTED_EDGE('',*,*,#1508,.T.);
#1258=ORIENTED_EDGE('',*,*,#1462,.T.);
#1259=ORIENTED_EDGE('',*,*,#1464,.T.);
#1260=ORIENTED_EDGE('',*,*,#1509,.T.);
#1261=ORIENTED_EDGE('',*,*,#1499,.F.);
#1262=ORIENTED_EDGE('',*,*,#1466,.T.);
#1263=ORIENTED_EDGE('',*,*,#1510,.F.);
#1264=ORIENTED_EDGE('',*,*,#1465,.T.);
#1265=ORIENTED_EDGE('',*,*,#1511,.F.);
#1266=ORIENTED_EDGE('',*,*,#1512,.F.);
#1267=ORIENTED_EDGE('',*,*,#1469,.T.);
#1268=ORIENTED_EDGE('',*,*,#1467,.T.);
#1269=ORIENTED_EDGE('',*,*,#1498,.F.);
#1270=ORIENTED_EDGE('',*,*,#1473,.T.);
#1271=ORIENTED_EDGE('',*,*,#1472,.F.);
#1272=ORIENTED_EDGE('',*,*,#1468,.F.);
#1273=ORIENTED_EDGE('',*,*,#1513,.T.);
#1274=ORIENTED_EDGE('',*,*,#1474,.F.);
#1275=ORIENTED_EDGE('',*,*,#1513,.F.);
#1276=ORIENTED_EDGE('',*,*,#1512,.T.);
#1277=ORIENTED_EDGE('',*,*,#1505,.T.);
#1278=ORIENTED_EDGE('',*,*,#1478,.T.);
#1279=ORIENTED_EDGE('',*,*,#1514,.T.);
#1280=ORIENTED_EDGE('',*,*,#1479,.F.);
#1281=ORIENTED_EDGE('',*,*,#1476,.F.);
#1282=ORIENTED_EDGE('',*,*,#1477,.T.);
#1283=ORIENTED_EDGE('',*,*,#1490,.T.);
#1284=ORIENTED_EDGE('',*,*,#1515,.F.);
#1285=ORIENTED_EDGE('',*,*,#1514,.F.);
#1286=ORIENTED_EDGE('',*,*,#1515,.T.);
#1287=ORIENTED_EDGE('',*,*,#1496,.T.);
#1288=ORIENTED_EDGE('',*,*,#1481,.T.);
#1289=ORIENTED_EDGE('',*,*,#1480,.F.);
#1290=ORIENTED_EDGE('',*,*,#1483,.F.);
#1291=ORIENTED_EDGE('',*,*,#1482,.T.);
#1292=ORIENTED_EDGE('',*,*,#1494,.T.);
#1293=ORIENTED_EDGE('',*,*,#1516,.F.);
#1294=ORIENTED_EDGE('',*,*,#1517,.T.);
#1295=ORIENTED_EDGE('',*,*,#1518,.F.);
#1296=ORIENTED_EDGE('',*,*,#1484,.T.);
#1297=ORIENTED_EDGE('',*,*,#1487,.T.);
#1298=ORIENTED_EDGE('',*,*,#1486,.F.);
#1299=ORIENTED_EDGE('',*,*,#1519,.T.);
#1300=ORIENTED_EDGE('',*,*,#1520,.T.);
#1301=ORIENTED_EDGE('',*,*,#1489,.T.);
#1302=ORIENTED_EDGE('',*,*,#1520,.F.);
#1303=ORIENTED_EDGE('',*,*,#1521,.F.);
#1304=ORIENTED_EDGE('',*,*,#1492,.T.);
#1305=ORIENTED_EDGE('',*,*,#1522,.F.);
#1306=ORIENTED_EDGE('',*,*,#1523,.F.);
#1307=ORIENTED_EDGE('',*,*,#1493,.T.);
#1308=ORIENTED_EDGE('',*,*,#1524,.F.);
#1309=ORIENTED_EDGE('',*,*,#1495,.F.);
#1310=ORIENTED_EDGE('',*,*,#1523,.T.);
#1311=ORIENTED_EDGE('',*,*,#1525,.T.);
#1312=ORIENTED_EDGE('',*,*,#1526,.T.);
#1313=ORIENTED_EDGE('',*,*,#1500,.F.);
#1314=ORIENTED_EDGE('',*,*,#1409,.F.);
#1315=ORIENTED_EDGE('',*,*,#1501,.T.);
#1316=ORIENTED_EDGE('',*,*,#1502,.T.);
#1317=ORIENTED_EDGE('',*,*,#1503,.T.);
#1318=ORIENTED_EDGE('',*,*,#1526,.F.);
#1319=ORIENTED_EDGE('',*,*,#1527,.F.);
#1320=ORIENTED_EDGE('',*,*,#1528,.T.);
#1321=ORIENTED_EDGE('',*,*,#1506,.T.);
#1322=ORIENTED_EDGE('',*,*,#1527,.T.);
#1323=ORIENTED_EDGE('',*,*,#1529,.F.);
#1324=ORIENTED_EDGE('',*,*,#1508,.F.);
#1325=ORIENTED_EDGE('',*,*,#1528,.F.);
#1326=ORIENTED_EDGE('',*,*,#1511,.T.);
#1327=ORIENTED_EDGE('',*,*,#1510,.T.);
#1328=ORIENTED_EDGE('',*,*,#1529,.T.);
#1329=ORIENTED_EDGE('',*,*,#1525,.F.);
#1330=ORIENTED_EDGE('',*,*,#1509,.F.);
#1331=ORIENTED_EDGE('',*,*,#1517,.F.);
#1332=ORIENTED_EDGE('',*,*,#1516,.T.);
#1333=ORIENTED_EDGE('',*,*,#1524,.T.);
#1334=ORIENTED_EDGE('',*,*,#1530,.T.);
#1335=ORIENTED_EDGE('',*,*,#1518,.T.);
#1336=ORIENTED_EDGE('',*,*,#1531,.F.);
#1337=ORIENTED_EDGE('',*,*,#1519,.F.);
#1338=ORIENTED_EDGE('',*,*,#1531,.T.);
#1339=ORIENTED_EDGE('',*,*,#1530,.F.);
#1340=ORIENTED_EDGE('',*,*,#1522,.T.);
#1341=ORIENTED_EDGE('',*,*,#1521,.T.);
#1342=ORIENTED_EDGE('',*,*,#1352,.F.);
#1343=ORIENTED_EDGE('',*,*,#1382,.T.);
#1344=ORIENTED_EDGE('',*,*,#1354,.F.);
#1345=ORIENTED_EDGE('',*,*,#1359,.T.);
#1346=ORIENTED_EDGE('',*,*,#1356,.T.);
#1347=ORIENTED_EDGE('',*,*,#1383,.T.);
#1348=ORIENTED_EDGE('',*,*,#1350,.T.);
#1349=ORIENTED_EDGE('',*,*,#1358,.T.);
#1350=EDGE_CURVE('',#1532,#1533,#1534,.T.);
#1351=EDGE_CURVE('',#1532,#1535,#1536,.T.);
#1352=EDGE_CURVE('',#1535,#1537,#1538,.T.);
#1353=EDGE_CURVE('',#1537,#1533,#1539,.T.);
#1354=EDGE_CURVE('',#1540,#1541,#1542,.T.);
#1355=EDGE_CURVE('',#1541,#1543,#1544,.T.);
#1356=EDGE_CURVE('',#1545,#1543,#1546,.T.);
#1357=EDGE_CURVE('',#1540,#1545,#1547,.T.);
#1358=EDGE_CURVE('',#1533,#1545,#1548,.F.);
#1359=EDGE_CURVE('',#1540,#1537,#1549,.F.);
#1360=EDGE_CURVE('',#1550,#1551,#1552,.F.);
#1361=EDGE_CURVE('',#1550,#1553,#1554,.T.);
#1362=EDGE_CURVE('',#1555,#1553,#1556,.F.);
#1363=EDGE_CURVE('',#1555,#1557,#1558,.T.);
#1364=EDGE_CURVE('',#1559,#1557,#1560,.F.);
#1365=EDGE_CURVE('',#1559,#1561,#1562,.T.);
#1366=EDGE_CURVE('',#1563,#1561,#1564,.F.);
#1367=EDGE_CURVE('',#1563,#1565,#1566,.T.);
#1368=EDGE_CURVE('',#1567,#1565,#1568,.F.);
#1369=EDGE_CURVE('',#1567,#1569,#1570,.T.);
#1370=EDGE_CURVE('',#1571,#1569,#1572,.T.);
#1371=EDGE_CURVE('',#1573,#1571,#1574,.T.);
#1372=EDGE_CURVE('',#1575,#1573,#1576,.F.);
#1373=EDGE_CURVE('',#1577,#1575,#1578,.T.);
#1374=EDGE_CURVE('',#1579,#1577,#1580,.F.);
#1375=EDGE_CURVE('',#1569,#1579,#1581,.F.);
#1376=EDGE_CURVE('',#1569,#1550,#1582,.T.);
#1377=EDGE_CURVE('',#1583,#1550,#1584,.T.);
#1378=EDGE_CURVE('',#1585,#1583,#1586,.T.);
#1379=EDGE_CURVE('',#1587,#1585,#1588,.F.);
#1380=EDGE_CURVE('',#1589,#1587,#1590,.T.);
#1381=EDGE_CURVE('',#1551,#1589,#1591,.F.);
#1382=EDGE_CURVE('',#1535,#1541,#1592,.F.);
#1383=EDGE_CURVE('',#1543,#1532,#1593,.F.);
#1384=EDGE_CURVE('',#1594,#1595,#1596,.T.);
#1385=EDGE_CURVE('',#1583,#1595,#1597,.T.);
#1386=EDGE_CURVE('',#1551,#1598,#1599,.T.);
#1387=EDGE_CURVE('',#1598,#1600,#1601,.F.);
#1388=EDGE_CURVE('',#1602,#1600,#1603,.T.);
#1389=EDGE_CURVE('',#1604,#1602,#1605,.T.);
#1390=EDGE_CURVE('',#1594,#1604,#1606,.T.);
#1391=EDGE_CURVE('',#1607,#1567,#1608,.T.);
#1392=EDGE_CURVE('',#1607,#1609,#1610,.T.);
#1393=EDGE_CURVE('',#1609,#1553,#1611,.T.);
#1394=EDGE_CURVE('',#1609,#1612,#1613,.F.);
#1395=EDGE_CURVE('',#1612,#1555,#1614,.T.);
#1396=EDGE_CURVE('',#1615,#1557,#1616,.T.);
#1397=EDGE_CURVE('',#1612,#1615,#1617,.T.);
#1398=EDGE_CURVE('',#1615,#1618,#1619,.F.);
#1399=EDGE_CURVE('',#1618,#1559,#1620,.T.);
#1400=EDGE_CURVE('',#1621,#1561,#1622,.T.);
#1401=EDGE_CURVE('',#1618,#1621,#1623,.T.);
#1402=EDGE_CURVE('',#1621,#1624,#1625,.F.);
#1403=EDGE_CURVE('',#1624,#1563,#1626,.T.);
#1404=EDGE_CURVE('',#1624,#1627,#1628,.T.);
#1405=EDGE_CURVE('',#1627,#1565,#1629,.T.);
#1406=EDGE_CURVE('',#1627,#1607,#1630,.F.);
#1407=EDGE_CURVE('',#1631,#1632,#1633,.T.);
#1408=EDGE_CURVE('',#1632,#1634,#1635,.T.);
#1409=EDGE_CURVE('',#1634,#1636,#1637,.T.);
#1410=EDGE_CURVE('',#1636,#1638,#1639,.T.);
#1411=EDGE_CURVE('',#1571,#1638,#1640,.T.);
#1412=EDGE_CURVE('',#1579,#1641,#1642,.T.);
#1413=EDGE_CURVE('',#1641,#1631,#1643,.F.);
#1414=EDGE_CURVE('',#1638,#1644,#1645,.T.);
#1415=EDGE_CURVE('',#1644,#1573,#1646,.T.);
#1416=EDGE_CURVE('',#1647,#1648,#1649,.T.);
#1417=EDGE_CURVE('',#1650,#1648,#1651,.T.);
#1418=EDGE_CURVE('',#1650,#1652,#1653,.T.);
#1419=EDGE_CURVE('',#1652,#1654,#1655,.F.);
#1420=EDGE_CURVE('',#1654,#1575,#1656,.T.);
#1421=EDGE_CURVE('',#1647,#1644,#1657,.F.);
#1422=EDGE_CURVE('',#1658,#1659,#1660,.T.);
#1423=EDGE_CURVE('',#1658,#1577,#1661,.T.);
#1424=EDGE_CURVE('',#1659,#1654,#1662,.T.);
#1425=EDGE_CURVE('',#1663,#1658,#1664,.F.);
#1426=EDGE_CURVE('',#1641,#1663,#1665,.F.);
#1427=EDGE_CURVE('',#1666,#1667,#1668,.T.);
#1428=EDGE_CURVE('',#1666,#1585,#1669,.T.);
#1429=EDGE_CURVE('',#1667,#1595,#1670,.F.);
#1430=EDGE_CURVE('',#1666,#1671,#1672,.T.);
#1431=EDGE_CURVE('',#1671,#1673,#1674,.T.);
#1432=EDGE_CURVE('',#1673,#1587,#1675,.T.);
#1433=EDGE_CURVE('',#1673,#1676,#1677,.T.);
#1434=EDGE_CURVE('',#1678,#1676,#1679,.T.);
#1435=EDGE_CURVE('',#1680,#1678,#1681,.F.);
#1436=EDGE_CURVE('',#1682,#1680,#1683,.T.);
#1437=EDGE_CURVE('',#1684,#1682,#1685,.T.);
#1438=EDGE_CURVE('',#1684,#1589,#1686,.T.);
#1439=EDGE_CURVE('',#1598,#1684,#1687,.T.);
#1440=EDGE_CURVE('',#1688,#1689,#1690,.F.);
#1441=EDGE_CURVE('',#1595,#1689,#1691,.T.);
#1442=EDGE_CURVE('',#1594,#1688,#1692,.T.);
#1443=EDGE_CURVE('',#1600,#1693,#1694,.F.);
#1444=EDGE_CURVE('',#1598,#1693,#1695,.T.);
#1445=EDGE_CURVE('',#1696,#1600,#1697,.T.);
#1446=EDGE_CURVE('',#1602,#1696,#1698,.T.);
#1447=EDGE_CURVE('',#1602,#1699,#1700,.T.);
#1448=EDGE_CURVE('',#1701,#1699,#1702,.T.);
#1449=EDGE_CURVE('',#1604,#1701,#1703,.F.);
#1450=EDGE_CURVE('',#1688,#1604,#1704,.T.);
#1451=EDGE_CURVE('',#1631,#1705,#1706,.T.);
#1452=EDGE_CURVE('',#1705,#1632,#1707,.T.);
#1453=EDGE_CURVE('',#1708,#1632,#1709,.T.);
#1454=EDGE_CURVE('',#1708,#1710,#1711,.T.);
#1455=EDGE_CURVE('',#1710,#1634,#1712,.F.);
#1456=EDGE_CURVE('',#1713,#1638,#1714,.F.);
#1457=EDGE_CURVE('',#1713,#1636,#1715,.F.);
#1458=EDGE_CURVE('',#1716,#1705,#1717,.T.);
#1459=EDGE_CURVE('',#1641,#1716,#1718,.T.);
#1460=EDGE_CURVE('',#1713,#1719,#1720,.T.);
#1461=EDGE_CURVE('',#1719,#1644,#1721,.T.);
#1462=EDGE_CURVE('',#1722,#1647,#1723,.T.);
#1463=EDGE_CURVE('',#1648,#1722,#1724,.T.);
#1464=EDGE_CURVE('',#1650,#1725,#1726,.T.);
#1465=EDGE_CURVE('',#1725,#1722,#1727,.T.);
#1466=EDGE_CURVE('',#1710,#1650,#1728,.F.);
#1467=EDGE_CURVE('',#1652,#1708,#1729,.F.);
#1468=EDGE_CURVE('',#1730,#1659,#1731,.F.);
#1469=EDGE_CURVE('',#1730,#1652,#1732,.T.);
#1470=EDGE_CURVE('',#1647,#1719,#1733,.F.);
#1471=EDGE_CURVE('',#1663,#1734,#1735,.T.);
#1472=EDGE_CURVE('',#1659,#1734,#1736,.F.);
#1473=EDGE_CURVE('',#1737,#1734,#1738,.F.);
#1474=EDGE_CURVE('',#1737,#1716,#1739,.T.);
#1475=EDGE_CURVE('',#1667,#1740,#1741,.T.);
#1476=EDGE_CURVE('',#1740,#1671,#1742,.T.);
#1477=EDGE_CURVE('',#1743,#1689,#1744,.T.);
#1478=EDGE_CURVE('',#1740,#1743,#1745,.T.);
#1479=EDGE_CURVE('',#1671,#1746,#1747,.T.);
#1480=EDGE_CURVE('',#1746,#1676,#1748,.T.);
#1481=EDGE_CURVE('',#1701,#1676,#1749,.F.);
#1482=EDGE_CURVE('',#1678,#1699,#1750,.F.);
#1483=EDGE_CURVE('',#1678,#1751,#1752,.T.);
#1484=EDGE_CURVE('',#1753,#1751,#1754,.F.);
#1485=EDGE_CURVE('',#1680,#1753,#1755,.T.);
#1486=EDGE_CURVE('',#1753,#1682,#1756,.T.);
#1487=EDGE_CURVE('',#1757,#1682,#1758,.F.);
#1488=EDGE_CURVE('',#1684,#1757,#1759,.F.);
#1489=EDGE_CURVE('',#1693,#1757,#1760,.T.);
#1490=EDGE_CURVE('',#1689,#1761,#1762,.T.);
#1491=EDGE_CURVE('',#1688,#1761,#1763,.F.);
#1492=EDGE_CURVE('',#1764,#1693,#1765,.T.);
#1493=EDGE_CURVE('',#1696,#1764,#1766,.T.);
#1494=EDGE_CURVE('',#1699,#1767,#1768,.T.);
#1495=EDGE_CURVE('',#1696,#1767,#1769,.F.);
#1496=EDGE_CURVE('',#1761,#1701,#1770,.T.);
#1497=EDGE_CURVE('',#1771,#1705,#1772,.T.);
#1498=EDGE_CURVE('',#1771,#1708,#1773,.T.);
#1499=EDGE_CURVE('',#1710,#1774,#1775,.T.);
#1500=EDGE_CURVE('',#1774,#1776,#1777,.T.);
#1501=EDGE_CURVE('',#1634,#1776,#1778,.T.);
#1502=EDGE_CURVE('',#1776,#1636,#1779,.T.);
#1503=EDGE_CURVE('',#1780,#1776,#1781,.F.);
#1504=EDGE_CURVE('',#1780,#1713,#1782,.T.);
#1505=EDGE_CURVE('',#1771,#1716,#1783,.F.);
#1506=EDGE_CURVE('',#1784,#1780,#1785,.F.);
#1507=EDGE_CURVE('',#1784,#1719,#1786,.T.);
#1508=EDGE_CURVE('',#1784,#1722,#1787,.T.);
#1509=EDGE_CURVE('',#1725,#1774,#1788,.T.);
#1510=EDGE_CURVE('',#1725,#1789,#1790,.T.);
#1511=EDGE_CURVE('',#1789,#1722,#1791,.F.);
#1512=EDGE_CURVE('',#1730,#1771,#1792,.T.);
#1513=EDGE_CURVE('',#1730,#1737,#1793,.F.);
#1514=EDGE_CURVE('',#1743,#1746,#1794,.T.);
#1515=EDGE_CURVE('',#1746,#1761,#1795,.T.);
#1516=EDGE_CURVE('',#1751,#1767,#1796,.T.);
#1517=EDGE_CURVE('',#1751,#1797,#1798,.T.);
#1518=EDGE_CURVE('',#1753,#1797,#1799,.T.);
#1519=EDGE_CURVE('',#1753,#1800,#1801,.F.);
#1520=EDGE_CURVE('',#1800,#1757,#1802,.T.);
#1521=EDGE_CURVE('',#1764,#1800,#1803,.T.);
#1522=EDGE_CURVE('',#1804,#1764,#1805,.F.);
#1523=EDGE_CURVE('',#1696,#1804,#1806,.F.);
#1524=EDGE_CURVE('',#1767,#1804,#1807,.T.);
#1525=EDGE_CURVE('',#1774,#1808,#1809,.T.);
#1526=EDGE_CURVE('',#1808,#1776,#1810,.T.);
#1527=EDGE_CURVE('',#1780,#1808,#1811,.F.);
#1528=EDGE_CURVE('',#1789,#1784,#1812,.F.);
#1529=EDGE_CURVE('',#1789,#1808,#1813,.F.);
#1530=EDGE_CURVE('',#1804,#1797,#1814,.T.);
#1531=EDGE_CURVE('',#1800,#1797,#1815,.F.);
#1532=VERTEX_POINT('',#1816);
#1533=VERTEX_POINT('',#1817);
#1534=LINE('',#1818,#1819);
#1535=VERTEX_POINT('',#1821);
#1536=LINE('',#1822,#1823);
#1537=VERTEX_POINT('',#1825);
#1538=LINE('',#1826,#1827);
#1539=LINE('',#1829,#1830);
#1540=VERTEX_POINT('',#1832);
#1541=VERTEX_POINT('',#1833);
#1542=LINE('',#1834,#1835);
#1543=VERTEX_POINT('',#1837);
#1544=LINE('',#1838,#1839);
#1545=VERTEX_POINT('',#1841);
#1546=LINE('',#1842,#1843);
#1547=LINE('',#1845,#1846);
#1548=CIRCLE('',#1848,1.);
#1549=CIRCLE('',#1852,1.);
#1550=VERTEX_POINT('',#1856);
#1551=VERTEX_POINT('',#1857);
#1552=(BOUNDED_CURVE()B_SPLINE_CURVE(3,
(#1858,#1859,#1860,#1861),
.UNSPECIFIED.,.F.,.F.)B_SPLINE_CURVE_WITH_KNOTS((4,4),
(0.,1.),
.UNSPECIFIED.)CURVE()GEOMETRIC_REPRESENTATION_ITEM()RATIONAL_B_SPLINE_CURVE((1.,
0.804737854124365,0.804737854124365,1.))REPRESENTATION_ITEM(''));
#1553=VERTEX_POINT('',#1862);
#1554=LINE('',#1863,#1864);
#1555=VERTEX_POINT('',#1866);
#1556=CIRCLE('',#1867,1.);
#1557=VERTEX_POINT('',#1871);
#1558=LINE('',#1872,#1873);
#1559=VERTEX_POINT('',#1875);
#1560=CIRCLE('',#1876,1.);
#1561=VERTEX_POINT('',#1880);
#1562=LINE('',#1881,#1882);
#1563=VERTEX_POINT('',#1884);
#1564=CIRCLE('',#1885,1.);
#1565=VERTEX_POINT('',#1889);
#1566=LINE('',#1890,#1891);
#1567=VERTEX_POINT('',#1893);
#1568=CIRCLE('',#1894,1.);
#1569=VERTEX_POINT('',#1898);
#1570=LINE('',#1899,#1900);
#1571=VERTEX_POINT('',#1902);
#1572=(BOUNDED_CURVE()B_SPLINE_CURVE(3,
(#1903,#1904,#1905,#1906),
.UNSPECIFIED.,.F.,.F.)B_SPLINE_CURVE_WITH_KNOTS((4,4),
(0.,1.),
.UNSPECIFIED.)CURVE()GEOMETRIC_REPRESENTATION_ITEM()RATIONAL_B_SPLINE_CURVE((1.,
0.804737854124365,0.804737854124365,1.))REPRESENTATION_ITEM(''));
#1573=VERTEX_POINT('',#1907);
#1574=LINE('',#1908,#1909);
#1575=VERTEX_POINT('',#1911);
#1576=(BOUNDED_CURVE()B_SPLINE_CURVE(3,
(#1912,#1913,#1914,#1915),
.UNSPECIFIED.,.F.,.F.)B_SPLINE_CURVE_WITH_KNOTS((4,4),
(0.,1.),
.UNSPECIFIED.)CURVE()GEOMETRIC_REPRESENTATION_ITEM()RATIONAL_B_SPLINE_CURVE((1.,
0.804737854124365,0.804737854124365,1.))REPRESENTATION_ITEM(''));
#1577=VERTEX_POINT('',#1916);
#1578=LINE('',#1917,#1918);
#1579=VERTEX_POINT('',#1920);
#1580=LINE('',#1921,#1922);
#1581=(BOUNDED_CURVE()B_SPLINE_CURVE(3,
(#1924,#1925,#1926,#1927),
.UNSPECIFIED.,.F.,.F.)B_SPLINE_CURVE_WITH_KNOTS((4,4),
(0.,1.),
.UNSPECIFIED.)CURVE()GEOMETRIC_REPRESENTATION_ITEM()RATIONAL_B_SPLINE_CURVE((1.,
0.804737854124365,0.804737854124365,1.))REPRESENTATION_ITEM(''));
#1582=LINE('',#1928,#1929);
#1583=VERTEX_POINT('',#1931);
#1584=(BOUNDED_CURVE()B_SPLINE_CURVE(3,
(#1932,#1933,#1934,#1935),
.UNSPECIFIED.,.F.,.F.)B_SPLINE_CURVE_WITH_KNOTS((4,4),
(0.,1.),
.UNSPECIFIED.)CURVE()GEOMETRIC_REPRESENTATION_ITEM()RATIONAL_B_SPLINE_CURVE((1.,
0.804737854124365,0.804737854124365,1.))REPRESENTATION_ITEM(''));
#1585=VERTEX_POINT('',#1936);
#1586=LINE('',#1937,#1938);
#1587=VERTEX_POINT('',#1940);
#1588=LINE('',#1941,#1942);
#1589=VERTEX_POINT('',#1944);
#1590=(BOUNDED_CURVE()B_SPLINE_CURVE(3,
(#1945,#1946,#1947,#1948),
.UNSPECIFIED.,.F.,.F.)B_SPLINE_CURVE_WITH_KNOTS((4,4),
(0.,1.),
.UNSPECIFIED.)CURVE()GEOMETRIC_REPRESENTATION_ITEM()RATIONAL_B_SPLINE_CURVE((1.,
0.804737854124365,0.804737854124365,1.))REPRESENTATION_ITEM(''));
#1591=LINE('',#1949,#1950);
#1592=(BOUNDED_CURVE()B_SPLINE_CURVE(3,
(#1952,#1953,#1954,#1955),
.UNSPECIFIED.,.F.,.F.)B_SPLINE_CURVE_WITH_KNOTS((4,4),
(0.,1.),
.UNSPECIFIED.)CURVE()GEOMETRIC_REPRESENTATION_ITEM()RATIONAL_B_SPLINE_CURVE((1.,
0.333333333333334,0.333333333333334,1.))REPRESENTATION_ITEM(''));
#1593=(BOUNDED_CURVE()B_SPLINE_CURVE(3,
(#1956,#1957,#1958,#1959),
.UNSPECIFIED.,.F.,.F.)B_SPLINE_CURVE_WITH_KNOTS((4,4),
(0.,1.),
.UNSPECIFIED.)CURVE()GEOMETRIC_REPRESENTATION_ITEM()RATIONAL_B_SPLINE_CURVE((1.,
0.333333333333335,0.333333333333335,1.))REPRESENTATION_ITEM(''));
#1594=VERTEX_POINT('',#1960);
#1595=VERTEX_POINT('',#1961);
#1596=(BOUNDED_CURVE()B_SPLINE_CURVE(3,
(#1962,#1963,#1964,#1965),
.UNSPECIFIED.,.F.,.F.)B_SPLINE_CURVE_WITH_KNOTS((4,4),
(0.,1.),
.UNSPECIFIED.)CURVE()GEOMETRIC_REPRESENTATION_ITEM()RATIONAL_B_SPLINE_CURVE((1.,
0.804737854124367,0.804737854124367,1.))REPRESENTATION_ITEM(''));
#1597=LINE('',#1966,#1967);
#1598=VERTEX_POINT('',#1969);
#1599=LINE('',#1970,#1971);
#1600=VERTEX_POINT('',#1973);
#1601=CIRCLE('',#1974,1.);
#1602=VERTEX_POINT('',#1978);
#1603=LINE('',#1979,#1980);
#1604=VERTEX_POINT('',#1982);
#1605=LINE('',#1983,#1984);
#1606=LINE('',#1986,#1987);
#1607=VERTEX_POINT('',#1989);
#1608=LINE('',#1990,#1991);
#1609=VERTEX_POINT('',#1993);
#1610=LINE('',#1994,#1995);
#1611=LINE('',#1997,#1998);
#1612=VERTEX_POINT('',#2000);
#1613=CIRCLE('',#2001,1.);
#1614=LINE('',#2005,#2006);
#1615=VERTEX_POINT('',#2008);
#1616=LINE('',#2009,#2010);
#1617=LINE('',#2012,#2013);
#1618=VERTEX_POINT('',#2015);
#1619=CIRCLE('',#2016,1.);
#1620=LINE('',#2020,#2021);
#1621=VERTEX_POINT('',#2023);
#1622=LINE('',#2024,#2025);
#1623=LINE('',#2027,#2028);
#1624=VERTEX_POINT('',#2030);
#1625=CIRCLE('',#2031,1.00000000000001);
#1626=LINE('',#2035,#2036);
#1627=VERTEX_POINT('',#2038);
#1628=LINE('',#2039,#2040);
#1629=LINE('',#2042,#2043);
#1630=CIRCLE('',#2045,1.00000000000001);
#1631=VERTEX_POINT('',#2049);
#1632=VERTEX_POINT('',#2050);
#1633=LINE('',#2051,#2052);
#1634=VERTEX_POINT('',#2054);
#1635=LINE('',#2055,#2056);
#1636=VERTEX_POINT('',#2058);
#1637=LINE('',#2059,#2060);
#1638=VERTEX_POINT('',#2062);
#1639=CIRCLE('',#2063,1.);
#1640=LINE('',#2067,#2068);
#1641=VERTEX_POINT('',#2070);
#1642=LINE('',#2071,#2072);
#1643=(BOUNDED_CURVE()B_SPLINE_CURVE(3,
(#2074,#2075,#2076,#2077),
.UNSPECIFIED.,.F.,.F.)B_SPLINE_CURVE_WITH_KNOTS((4,4),
(0.,1.),
.UNSPECIFIED.)CURVE()GEOMETRIC_REPRESENTATION_ITEM()RATIONAL_B_SPLINE_CURVE((1.,
0.804737854124367,0.804737854124367,1.))REPRESENTATION_ITEM(''));
#1644=VERTEX_POINT('',#2078);
#1645=LINE('',#2079,#2080);
#1646=LINE('',#2082,#2083);
#1647=VERTEX_POINT('',#2085);
#1648=VERTEX_POINT('',#2086);
#1649=LINE('',#2087,#2088);
#1650=VERTEX_POINT('',#2090);
#1651=(BOUNDED_CURVE()B_SPLINE_CURVE(3,
(#2091,#2092,#2093,#2094),
.UNSPECIFIED.,.F.,.F.)B_SPLINE_CURVE_WITH_KNOTS((4,4),
(0.,1.),
.UNSPECIFIED.)CURVE()GEOMETRIC_REPRESENTATION_ITEM()RATIONAL_B_SPLINE_CURVE((1.,
0.804737854124365,0.804737854124365,1.))REPRESENTATION_ITEM(''));
#1652=VERTEX_POINT('',#2095);
#1653=LINE('',#2096,#2097);
#1654=VERTEX_POINT('',#2099);
#1655=(BOUNDED_CURVE()B_SPLINE_CURVE(3,
(#2100,#2101,#2102,#2103),
.UNSPECIFIED.,.F.,.F.)B_SPLINE_CURVE_WITH_KNOTS((4,4),
(0.,1.),
.UNSPECIFIED.)CURVE()GEOMETRIC_REPRESENTATION_ITEM()RATIONAL_B_SPLINE_CURVE((1.,
0.804737854124365,0.804737854124365,1.))REPRESENTATION_ITEM(''));
#1656=LINE('',#2104,#2105);
#1657=CIRCLE('',#2107,1.);
#1658=VERTEX_POINT('',#2111);
#1659=VERTEX_POINT('',#2112);
#1660=LINE('',#2113,#2114);
#1661=LINE('',#2116,#2117);
#1662=LINE('',#2119,#2120);
#1663=VERTEX_POINT('',#2122);
#1664=(BOUNDED_CURVE()B_SPLINE_CURVE(3,
(#2123,#2124,#2125,#2126),
.UNSPECIFIED.,.F.,.F.)B_SPLINE_CURVE_WITH_KNOTS((4,4),
(0.,1.),
.UNSPECIFIED.)CURVE()GEOMETRIC_REPRESENTATION_ITEM()RATIONAL_B_SPLINE_CURVE((1.,
0.804737854124365,0.804737854124365,1.))REPRESENTATION_ITEM(''));
#1665=LINE('',#2127,#2128);
#1666=VERTEX_POINT('',#2130);
#1667=VERTEX_POINT('',#2131);
#1668=(BOUNDED_CURVE()B_SPLINE_CURVE(3,
(#2132,#2133,#2134,#2135),
.UNSPECIFIED.,.F.,.F.)B_SPLINE_CURVE_WITH_KNOTS((4,4),
(0.,1.),
.UNSPECIFIED.)CURVE()GEOMETRIC_REPRESENTATION_ITEM()RATIONAL_B_SPLINE_CURVE((1.,
0.804737854124365,0.804737854124365,1.))REPRESENTATION_ITEM(''));
#1669=LINE('',#2136,#2137);
#1670=LINE('',#2139,#2140);
#1671=VERTEX_POINT('',#2142);
#1672=LINE('',#2143,#2144);
#1673=VERTEX_POINT('',#2146);
#1674=LINE('',#2147,#2148);
#1675=LINE('',#2150,#2151);
#1676=VERTEX_POINT('',#2153);
#1677=(BOUNDED_CURVE()B_SPLINE_CURVE(3,
(#2154,#2155,#2156,#2157),
.UNSPECIFIED.,.F.,.F.)B_SPLINE_CURVE_WITH_KNOTS((4,4),
(0.,1.),
.UNSPECIFIED.)CURVE()GEOMETRIC_REPRESENTATION_ITEM()RATIONAL_B_SPLINE_CURVE((1.,
0.804737854124365,0.804737854124365,1.))REPRESENTATION_ITEM(''));
#1678=VERTEX_POINT('',#2158);
#1679=LINE('',#2159,#2160);
#1680=VERTEX_POINT('',#2162);
#1681=(BOUNDED_CURVE()B_SPLINE_CURVE(3,
(#2163,#2164,#2165,#2166),
.UNSPECIFIED.,.F.,.F.)B_SPLINE_CURVE_WITH_KNOTS((4,4),
(0.,1.),
.UNSPECIFIED.)CURVE()GEOMETRIC_REPRESENTATION_ITEM()RATIONAL_B_SPLINE_CURVE((1.,
0.804737854124364,0.804737854124364,1.))REPRESENTATION_ITEM(''));
#1682=VERTEX_POINT('',#2167);
#1683=LINE('',#2168,#2169);
#1684=VERTEX_POINT('',#2171);
#1685=CIRCLE('',#2172,1.);
#1686=LINE('',#2176,#2177);
#1687=LINE('',#2179,#2180);
#1688=VERTEX_POINT('',#2182);
#1689=VERTEX_POINT('',#2183);
#1690=B_SPLINE_CURVE_WITH_KNOTS('',3,
(#2184,#2185,#2186,#2187,#2188,#2189,#2190,#2191,#2192,#2193,#2194,#2195,#2196,#2197,
#2198,#2199,#2200),
.UNSPECIFIED.,.F.,.F.,
(4,1,1,1,1,1,1,1,1,1,1,1,1,1,4),
(0.,0.0606079691311464,0.113910200071639,0.161766782511762,0.215188847482057,0.273416138363957,
0.333916097959369,0.400600690771964,0.469864561242695,0.549905079929254,0.632004438221138,
0.724467764266915,0.837220316792327,0.93037756736034,1.),
.UNSPECIFIED.);
#1691=LINE('',#2201,#2202);
#1692=LINE('',#2204,#2205);
#1693=VERTEX_POINT('',#2207);
#1694=CIRCLE('',#2208,1.);
#1695=CIRCLE('',#2212,1.);
#1696=VERTEX_POINT('',#2216);
#1697=LINE('',#2217,#2218);
#1698=LINE('',#2220,#2221);
#1699=VERTEX_POINT('',#2223);
#1700=(BOUNDED_CURVE()B_SPLINE_CURVE(3,
(#2224,#2225,#2226,#2227),
.UNSPECIFIED.,.F.,.F.)B_SPLINE_CURVE_WITH_KNOTS((4,4),
(0.,1.),
.UNSPECIFIED.)CURVE()GEOMETRIC_REPRESENTATION_ITEM()RATIONAL_B_SPLINE_CURVE((1.,
0.804737854124365,0.804737854124365,1.))REPRESENTATION_ITEM(''));
#1701=VERTEX_POINT('',#2228);
#1702=LINE('',#2229,#2230);
#1703=(BOUNDED_CURVE()B_SPLINE_CURVE(3,
(#2232,#2233,#2234,#2235),
.UNSPECIFIED.,.F.,.F.)B_SPLINE_CURVE_WITH_KNOTS((4,4),
(0.,1.),
.UNSPECIFIED.)CURVE()GEOMETRIC_REPRESENTATION_ITEM()RATIONAL_B_SPLINE_CURVE((1.,
0.804737854124365,0.804737854124365,1.))REPRESENTATION_ITEM(''));
#1704=LINE('',#2236,#2237);
#1705=VERTEX_POINT('',#2239);
#1706=LINE('',#2240,#2241);
#1707=LINE('',#2243,#2244);
#1708=VERTEX_POINT('',#2246);
#1709=(BOUNDED_CURVE()B_SPLINE_CURVE(3,
(#2247,#2248,#2249,#2250),
.UNSPECIFIED.,.F.,.F.)B_SPLINE_CURVE_WITH_KNOTS((4,4),
(0.,1.),
.UNSPECIFIED.)CURVE()GEOMETRIC_REPRESENTATION_ITEM()RATIONAL_B_SPLINE_CURVE((1.,
0.804737854124365,0.804737854124365,1.))REPRESENTATION_ITEM(''));
#1710=VERTEX_POINT('',#2251);
#1711=LINE('',#2252,#2253);
#1712=(BOUNDED_CURVE()B_SPLINE_CURVE(3,
(#2255,#2256,#2257,#2258),
.UNSPECIFIED.,.F.,.F.)B_SPLINE_CURVE_WITH_KNOTS((4,4),
(0.,1.),
.UNSPECIFIED.)CURVE()GEOMETRIC_REPRESENTATION_ITEM()RATIONAL_B_SPLINE_CURVE((1.,
0.804737854124365,0.804737854124365,1.))REPRESENTATION_ITEM(''));
#1713=VERTEX_POINT('',#2259);
#1714=CIRCLE('',#2260,1.);
#1715=CIRCLE('',#2264,1.);
#1716=VERTEX_POINT('',#2268);
#1717=B_SPLINE_CURVE_WITH_KNOTS('',3,
(#2269,#2270,#2271,#2272,#2273,#2274,#2275,#2276,#2277,#2278,#2279,#2280,#2281,#2282,
#2283,#2284,#2285),
.UNSPECIFIED.,.F.,.F.,
(4,1,1,1,1,1,1,1,1,1,1,1,1,1,4),
(0.,0.0606079691305619,0.113910200070935,0.161766782511036,0.215188847481634,0.273416138363612,
0.333916097959259,0.400600690771602,0.469864561242793,0.549905079931049,0.632004438225409,
0.724467764274293,0.837220316804655,0.930377567370374,1.),
.UNSPECIFIED.);
#1718=LINE('',#2286,#2287);
#1719=VERTEX_POINT('',#2289);
#1720=LINE('',#2290,#2291);
#1721=CIRCLE('',#2293,1.);
#1722=VERTEX_POINT('',#2297);
#1723=LINE('',#2298,#2299);
#1724=LINE('',#2301,#2302);
#1725=VERTEX_POINT('',#2304);
#1726=LINE('',#2305,#2306);
#1727=(BOUNDED_CURVE()B_SPLINE_CURVE(3,
(#2308,#2309,#2310,#2311),
.UNSPECIFIED.,.F.,.F.)B_SPLINE_CURVE_WITH_KNOTS((4,4),
(0.,1.),
.UNSPECIFIED.)CURVE()GEOMETRIC_REPRESENTATION_ITEM()RATIONAL_B_SPLINE_CURVE((1.,
0.804737854124364,0.804737854124364,1.))REPRESENTATION_ITEM(''));
#1728=LINE('',#2312,#2313);
#1729=LINE('',#2315,#2316);
#1730=VERTEX_POINT('',#2318);
#1731=(BOUNDED_CURVE()B_SPLINE_CURVE(3,
(#2319,#2320,#2321,#2322),
.UNSPECIFIED.,.F.,.F.)B_SPLINE_CURVE_WITH_KNOTS((4,4),
(0.,1.),
.UNSPECIFIED.)CURVE()GEOMETRIC_REPRESENTATION_ITEM()RATIONAL_B_SPLINE_CURVE((1.,
0.804737854124365,0.804737854124365,1.))REPRESENTATION_ITEM(''));
#1732=LINE('',#2323,#2324);
#1733=CIRCLE('',#2326,1.);
#1734=VERTEX_POINT('',#2330);
#1735=LINE('',#2331,#2332);
#1736=CIRCLE('',#2334,0.5);
#1737=VERTEX_POINT('',#2338);
#1738=(BOUNDED_CURVE()B_SPLINE_CURVE(3,
(#2339,#2340,#2341,#2342),
.UNSPECIFIED.,.F.,.F.)B_SPLINE_CURVE_WITH_KNOTS((4,4),
(0.,1.),
.UNSPECIFIED.)CURVE()GEOMETRIC_REPRESENTATION_ITEM()RATIONAL_B_SPLINE_CURVE((1.,
0.804737854124365,0.804737854124365,1.))REPRESENTATION_ITEM(''));
#1739=LINE('',#2343,#2344);
#1740=VERTEX_POINT('',#2346);
#1741=LINE('',#2347,#2348);
#1742=CIRCLE('',#2350,0.5);
#1743=VERTEX_POINT('',#2354);
#1744=LINE('',#2355,#2356);
#1745=(BOUNDED_CURVE()B_SPLINE_CURVE(3,
(#2358,#2359,#2360,#2361),
.UNSPECIFIED.,.F.,.F.)B_SPLINE_CURVE_WITH_KNOTS((4,4),
(0.,1.),
.UNSPECIFIED.)CURVE()GEOMETRIC_REPRESENTATION_ITEM()RATIONAL_B_SPLINE_CURVE((1.,
0.804737854124365,0.804737854124365,1.))REPRESENTATION_ITEM(''));
#1746=VERTEX_POINT('',#2362);
#1747=(BOUNDED_CURVE()B_SPLINE_CURVE(3,
(#2363,#2364,#2365,#2366),
.UNSPECIFIED.,.F.,.F.)B_SPLINE_CURVE_WITH_KNOTS((4,4),
(0.,1.),
.UNSPECIFIED.)CURVE()GEOMETRIC_REPRESENTATION_ITEM()RATIONAL_B_SPLINE_CURVE((1.,
0.804737854124365,0.804737854124365,1.))REPRESENTATION_ITEM(''));
#1748=LINE('',#2367,#2368);
#1749=LINE('',#2370,#2371);
#1750=LINE('',#2373,#2374);
#1751=VERTEX_POINT('',#2376);
#1752=LINE('',#2377,#2378);
#1753=VERTEX_POINT('',#2380);
#1754=(BOUNDED_CURVE()B_SPLINE_CURVE(3,
(#2381,#2382,#2383,#2384),
.UNSPECIFIED.,.F.,.F.)B_SPLINE_CURVE_WITH_KNOTS((4,4),
(0.,1.),
.UNSPECIFIED.)CURVE()GEOMETRIC_REPRESENTATION_ITEM()RATIONAL_B_SPLINE_CURVE((1.,
0.804737854124364,0.804737854124364,1.))REPRESENTATION_ITEM(''));
#1755=LINE('',#2385,#2386);
#1756=LINE('',#2388,#2389);
#1757=VERTEX_POINT('',#2391);
#1758=CIRCLE('',#2392,1.);
#1759=CIRCLE('',#2396,1.);
#1760=LINE('',#2400,#2401);
#1761=VERTEX_POINT('',#2403);
#1762=B_SPLINE_CURVE_WITH_KNOTS('',3,
(#2404,#2405,#2406,#2407,#2408,#2409,#2410,#2411,#2412,#2413,#2414,#2415,#2416,#2417,
#2418,#2419,#2420,#2421,#2422,#2423,#2424,#2425,#2426,#2427,#2428,#2429,#2430,#2431,
#2432,#2433,#2434,#2435,#2436),
.UNSPECIFIED.,.F.,.F.,
(4,1,1,1,1,1,1,1,1,1,1,1,1,1,1,1,1,1,1,1,1,1,1,1,1,1,1,1,1,1,4),
(0.,0.00720194779807236,0.0147342327750825,0.0225934999612369,0.0310645477203065,
0.0398417633028763,0.0557530686612237,0.0827706078766203,0.125280326098271,0.177563459890909,
0.235294117647047,0.2941176470588,0.333333319083361,0.35294117647054,0.411764705882256,
0.470588235293924,0.529411764705495,0.588235294116872,0.64705882352786,0.705882352938071,
0.764705882347391,0.822436540100735,0.874719673891468,0.917229392112942,0.944246931329359,
0.960158236689189,0.968935452273237,0.977406500033829,0.985265767221618,0.992798052200273,
1.),
.UNSPECIFIED.);
#1763=B_SPLINE_CURVE_WITH_KNOTS('',3,
(#2437,#2438,#2439,#2440,#2441,#2442,#2443,#2444,#2445,#2446,#2447,#2448,#2449,#2450,
#2451,#2452,#2453),
.UNSPECIFIED.,.F.,.F.,
(4,1,1,1,1,1,1,1,1,1,1,1,1,1,4),
(0.,0.0606077308930013,0.113909869248218,0.161766417722958,0.215188264311649,0.273414484850558,
0.333915302795226,0.400600872381381,0.4698698482599,0.549914884255765,0.632023565964802,
0.724494414413511,0.837246511823623,0.930393790857001,1.),
.UNSPECIFIED.);
#1764=VERTEX_POINT('',#2454);
#1765=LINE('',#2455,#2456);
#1766=CIRCLE('',#2458,1.);
#1767=VERTEX_POINT('',#2462);
#1768=LINE('',#2463,#2464);
#1769=(BOUNDED_CURVE()B_SPLINE_CURVE(3,
(#2466,#2467,#2468,#2469),
.UNSPECIFIED.,.F.,.F.)B_SPLINE_CURVE_WITH_KNOTS((4,4),
(0.,1.),
.UNSPECIFIED.)CURVE()GEOMETRIC_REPRESENTATION_ITEM()RATIONAL_B_SPLINE_CURVE((1.,
0.804737854124365,0.804737854124365,1.))REPRESENTATION_ITEM(''));
#1770=LINE('',#2470,#2471);
#1771=VERTEX_POINT('',#2473);
#1772=B_SPLINE_CURVE_WITH_KNOTS('',3,
(#2474,#2475,#2476,#2477,#2478,#2479,#2480,#2481,#2482,#2483,#2484,#2485,#2486,#2487,
#2488,#2489,#2490),
.UNSPECIFIED.,.F.,.F.,
(4,1,1,1,1,1,1,1,1,1,1,1,1,1,4),
(0.,0.0606077308936707,0.113909869249123,0.161766417723907,0.215188264312329,0.273414484851292,
0.333915302795934,0.4006008723823,0.469869848260757,0.549914884256409,0.632023565964591,
0.72449441441226,0.837246511823803,0.930393790857792,1.),
.UNSPECIFIED.);
#1773=LINE('',#2491,#2492);
#1774=VERTEX_POINT('',#2494);
#1775=LINE('',#2495,#2496);
#1776=VERTEX_POINT('',#2498);
#1777=(BOUNDED_CURVE()B_SPLINE_CURVE(3,
(#2499,#2500,#2501,#2502),
.UNSPECIFIED.,.F.,.F.)B_SPLINE_CURVE_WITH_KNOTS((4,4),
(0.,1.),
.UNSPECIFIED.)CURVE()GEOMETRIC_REPRESENTATION_ITEM()RATIONAL_B_SPLINE_CURVE((1.,
0.804737854124365,0.804737854124365,1.))REPRESENTATION_ITEM(''));
#1778=LINE('',#2503,#2504);
#1779=LINE('',#2506,#2507);
#1780=VERTEX_POINT('',#2509);
#1781=CIRCLE('',#2510,1.);
#1782=LINE('',#2514,#2515);
#1783=B_SPLINE_CURVE_WITH_KNOTS('',3,
(#2517,#2518,#2519,#2520,#2521,#2522,#2523,#2524,#2525,#2526,#2527,#2528,#2529,#2530,
#2531,#2532,#2533,#2534,#2535,#2536,#2537,#2538,#2539,#2540,#2541,#2542,#2543,#2544,
#2545,#2546,#2547,#2548,#2549),
.UNSPECIFIED.,.F.,.F.,
(4,1,1,1,1,1,1,1,1,1,1,1,1,1,1,1,1,1,1,1,1,1,1,1,1,1,1,1,1,1,4),
(0.,0.00720194779808229,0.0147342327750904,0.0225934999612708,0.0310645477203334,
0.0398417633028975,0.0557530686612157,0.0827706078766067,0.125280326098269,0.177563459890916,
0.235294117647055,0.294117647058817,0.333333319083365,0.352941176470577,0.411764705882331,
0.470588235294076,0.529411764705801,0.588235294117485,0.647058823529089,0.705882352940533,
0.764705882351791,0.822436540107347,0.874719673899607,0.91722939212123,0.944246931336836,
0.960158236695457,0.968935452278323,0.977406500037718,0.985265767224237,0.992798052201594,
1.),
.UNSPECIFIED.);
#1784=VERTEX_POINT('',#2550);
#1785=LINE('',#2551,#2552);
#1786=LINE('',#2554,#2555);
#1787=CIRCLE('',#2557,1.);
#1788=LINE('',#2561,#2562);
#1789=VERTEX_POINT('',#2564);
#1790=LINE('',#2565,#2566);
#1791=CIRCLE('',#2568,1.);
#1792=LINE('',#2572,#2573);
#1793=CIRCLE('',#2575,0.5);
#1794=CIRCLE('',#2579,0.5);
#1795=LINE('',#2583,#2584);
#1796=LINE('',#2586,#2587);
#1797=VERTEX_POINT('',#2589);
#1798=LINE('',#2590,#2591);
#1799=CIRCLE('',#2593,1.);
#1800=VERTEX_POINT('',#2597);
#1801=CIRCLE('',#2598,1.);
#1802=LINE('',#2602,#2603);
#1803=LINE('',#2605,#2606);
#1804=VERTEX_POINT('',#2608);
#1805=CIRCLE('',#2609,1.);
#1806=CIRCLE('',#2613,1.);
#1807=LINE('',#2617,#2618);
#1808=VERTEX_POINT('',#2620);
#1809=LINE('',#2621,#2622);
#1810=CIRCLE('',#2624,1.);
#1811=CIRCLE('',#2628,1.);
#1812=CIRCLE('',#2632,1.);
#1813=LINE('',#2636,#2637);
#1814=LINE('',#2639,#2640);
#1815=CIRCLE('',#2642,1.);
#1816=CARTESIAN_POINT('',(30.,41.,2.));
#1817=CARTESIAN_POINT('',(30.8727723239489,41.,5.90362248053638));
#1818=CARTESIAN_POINT('',(30.,41.,2.));
#1819=VECTOR('',#1820,1.);
#1820=DIRECTION('',(0.218193080987228,0.,0.975905620134089));
#1821=CARTESIAN_POINT('',(30.,-41.,2.));
#1822=CARTESIAN_POINT('',(30.,41.,2.));
#1823=VECTOR('',#1824,1.);
#1824=DIRECTION('',(0.,-1.,2.70786103567111E-18));
#1825=CARTESIAN_POINT('',(30.8727723239489,-41.,5.90362248053638));
#1826=CARTESIAN_POINT('',(30.,-41.,2.));
#1827=VECTOR('',#1828,1.);
#1828=DIRECTION('',(0.218193080987229,0.,0.975905620134089));
#1829=CARTESIAN_POINT('',(30.8727723239489,-41.,5.90362248053638));
#1830=VECTOR('',#1831,1.);
#1831=DIRECTION('',(0.,1.,8.66515531414756E-17));
#1832=CARTESIAN_POINT('',(32.8245835642171,-41.,5.46723631856192));
#1833=CARTESIAN_POINT('',(32.0493785041685,-41.,2.));
#1834=CARTESIAN_POINT('',(32.8245835642171,-41.,5.46723631856192));
#1835=VECTOR('',#1836,1.);
#1836=DIRECTION('',(-0.218193080987228,0.,-0.975905620134089));
#1837=CARTESIAN_POINT('',(32.0493785041685,41.,2.));
#1838=CARTESIAN_POINT('',(32.0493785041685,-41.,2.));
#1839=VECTOR('',#1840,1.);
#1840=DIRECTION('',(0.,1.,1.62471662140267E-17));
#1841=CARTESIAN_POINT('',(32.8245835642171,41.,5.46723631856192));
#1842=CARTESIAN_POINT('',(32.8245835642171,41.,5.46723631856192));
#1843=VECTOR('',#1844,1.);
#1844=DIRECTION('',(-0.218193080987226,0.,-0.97590562013409));
#1845=CARTESIAN_POINT('',(32.8245835642171,-41.,5.46723631856192));
#1846=VECTOR('',#1847,1.);
#1847=DIRECTION('',(0.,1.,9.74829972841601E-17));
#1848=AXIS2_PLACEMENT_3D('',#1849,#1850,#1851);
#1849=CARTESIAN_POINT('',(31.848677944083,41.,5.68542939954916));
#1850=DIRECTION('',(0.21819308098723,-1.19513969396712E-16,0.975905620134089));
#1851=DIRECTION('',(0.975905620134089,-7.96122963531462E-32,-0.21819308098723));
#1852=AXIS2_PLACEMENT_3D('',#1853,#1854,#1855);
#1853=CARTESIAN_POINT('',(31.848677944083,-41.,5.68542939954915));
#1854=DIRECTION('',(0.21819308098723,-1.19513969396712E-16,0.975905620134089));
#1855=DIRECTION('',(-0.975905620134089,-3.3171790147144E-33,0.21819308098723));
#1856=CARTESIAN_POINT('',(-35.,-41.,1.99999999999998));
#1857=CARTESIAN_POINT('',(-33.9753107479158,-42.,2.));
#1858=CARTESIAN_POINT('',(-33.9753107479157,-42.,2.));
#1859=CARTESIAN_POINT('',(-34.5755598145687,-42.,2.));
#1860=CARTESIAN_POINT('',(-35.,-41.5857864376269,2.));
#1861=CARTESIAN_POINT('',(-35.,-41.,2.));
#1862=CARTESIAN_POINT('',(-35.,-49.,2.));
#1863=CARTESIAN_POINT('',(-35.,-41.,1.99999999999997));
#1864=VECTOR('',#1865,1.);
#1865=DIRECTION('',(-8.88178419700126E-16,-1.,3.94129173741931E-15));
#1866=CARTESIAN_POINT('',(-34.,-50.,2.));
#1867=AXIS2_PLACEMENT_3D('',#1868,#1869,#1870);
#1868=CARTESIAN_POINT('',(-34.,-49.,2.));
#1869=DIRECTION('',(0.,0.,1.));
#1870=DIRECTION('',(-1.,0.,0.));
#1871=CARTESIAN_POINT('',(34.,-50.,2.));
#1872=CARTESIAN_POINT('',(-34.,-50.,2.));
#1873=VECTOR('',#1874,1.);
#1874=DIRECTION('',(1.,-2.089831575765E-16,0.));
#1875=CARTESIAN_POINT('',(35.,-49.,2.));
#1876=AXIS2_PLACEMENT_3D('',#1877,#1878,#1879);
#1877=CARTESIAN_POINT('',(34.,-49.,2.));
#1878=DIRECTION('',(0.,0.,1.));
#1879=DIRECTION('',(0.,-1.,0.));
#1880=CARTESIAN_POINT('',(35.,49.,2.));
#1881=CARTESIAN_POINT('',(35.,-49.,2.));
#1882=VECTOR('',#1883,1.);
#1883=DIRECTION('',(1.45008721583694E-16,1.,0.));
#1884=CARTESIAN_POINT('',(34.,50.,2.));
#1885=AXIS2_PLACEMENT_3D('',#1886,#1887,#1888);
#1886=CARTESIAN_POINT('',(34.,49.,2.));
#1887=DIRECTION('',(0.,0.,1.));
#1888=DIRECTION('',(1.,0.,0.));
#1889=CARTESIAN_POINT('',(-34.,50.,2.));
#1890=CARTESIAN_POINT('',(34.,50.,2.));
#1891=VECTOR('',#1892,1.);
#1892=DIRECTION('',(-1.,1.0449157878825E-16,0.));
#1893=CARTESIAN_POINT('',(-35.,49.,2.));
#1894=AXIS2_PLACEMENT_3D('',#1895,#1896,#1897);
#1895=CARTESIAN_POINT('',(-34.,49.,2.));
#1896=DIRECTION('',(0.,0.,1.));
#1897=DIRECTION('',(0.,1.,0.));
#1898=CARTESIAN_POINT('',(-35.,41.,2.));
#1899=CARTESIAN_POINT('',(-35.,49.,2.));
#1900=VECTOR('',#1901,1.);
#1901=DIRECTION('',(0.,-1.,-3.88578058618804E-16));
#1902=CARTESIAN_POINT('',(-33.9753107479158,42.,2.));
#1903=CARTESIAN_POINT('',(-33.9753107479158,42.,2.));
#1904=CARTESIAN_POINT('',(-34.5755598145688,42.,2.));
#1905=CARTESIAN_POINT('',(-35.,41.5857864376269,2.));
#1906=CARTESIAN_POINT('',(-35.,41.,2.));
#1907=CARTESIAN_POINT('',(15.2097733521275,42.,2.));
#1908=CARTESIAN_POINT('',(15.2097733521275,42.,2.));
#1909=VECTOR('',#1910,1.);
#1910=DIRECTION('',(-1.,0.,0.));
#1911=CARTESIAN_POINT('',(16.2344626042117,41.,2.));
#1912=CARTESIAN_POINT('',(15.2097733521275,42.,2.));
#1913=CARTESIAN_POINT('',(15.8100224187805,42.,2.));
#1914=CARTESIAN_POINT('',(16.2344626042117,41.5857864376269,2.));
#1915=CARTESIAN_POINT('',(16.2344626042117,41.,2.));
#1916=CARTESIAN_POINT('',(16.2344626042117,40.,2.));
#1917=CARTESIAN_POINT('',(16.2344626042117,40.,2.));
#1918=VECTOR('',#1919,1.);
#1919=DIRECTION('',(0.,1.,0.));
#1920=CARTESIAN_POINT('',(-33.9753107479158,40.,2.));
#1921=CARTESIAN_POINT('',(16.2344626042117,40.,2.));
#1922=VECTOR('',#1923,1.);
#1923=DIRECTION('',(-1.,0.,0.));
#1924=CARTESIAN_POINT('',(-33.9753107479157,40.,2.));
#1925=CARTESIAN_POINT('',(-34.5755598145687,40.,2.));
#1926=CARTESIAN_POINT('',(-35.,40.4142135623731,2.));
#1927=CARTESIAN_POINT('',(-35.,41.,2.));
#1928=CARTESIAN_POINT('',(-35.,41.,2.));
#1929=VECTOR('',#1930,1.);
#1930=DIRECTION('',(0.,-1.,-3.46606212565903E-16));
#1931=CARTESIAN_POINT('',(-33.9753107479157,-40.,2.));
#1932=CARTESIAN_POINT('',(-33.9753107479157,-40.,2.));
#1933=CARTESIAN_POINT('',(-34.5755598145687,-40.,2.));
#1934=CARTESIAN_POINT('',(-35.,-40.4142135623731,2.));
#1935=CARTESIAN_POINT('',(-35.,-41.,2.));
#1936=CARTESIAN_POINT('',(16.2344626042117,-40.,1.99999999999999));
#1937=CARTESIAN_POINT('',(16.2344626042117,-40.,2.));
#1938=VECTOR('',#1939,1.);
#1939=DIRECTION('',(-1.,0.,0.));
#1940=CARTESIAN_POINT('',(16.2344626042117,-41.,2.));
#1941=CARTESIAN_POINT('',(16.2344626042117,-40.,2.));
#1942=VECTOR('',#1943,1.);
#1943=DIRECTION('',(0.,-1.,0.));
#1944=CARTESIAN_POINT('',(15.2097733521275,-42.,2.));
#1945=CARTESIAN_POINT('',(15.2097733521275,-42.,2.));
#1946=CARTESIAN_POINT('',(15.8100224187805,-42.,2.));
#1947=CARTESIAN_POINT('',(16.2344626042117,-41.5857864376269,2.));
#1948=CARTESIAN_POINT('',(16.2344626042117,-41.,2.));
#1949=CARTESIAN_POINT('',(15.2097733521275,-42.,2.));
#1950=VECTOR('',#1951,1.);
#1951=DIRECTION('',(-1.,0.,0.));
#1952=CARTESIAN_POINT('',(32.0493785041685,-41.,2.));
#1953=CARTESIAN_POINT('',(32.0493785041685,-43.,2.));
#1954=CARTESIAN_POINT('',(30.,-43.,2.));
#1955=CARTESIAN_POINT('',(30.,-41.,2.));
#1956=CARTESIAN_POINT('',(30.,41.,2.));
#1957=CARTESIAN_POINT('',(30.,43.,2.));
#1958=CARTESIAN_POINT('',(32.0493785041685,43.,2.));
#1959=CARTESIAN_POINT('',(32.0493785041685,41.,2.));
#1960=CARTESIAN_POINT('',(-32.4696663712053,-41.,13.317346993691));
#1961=CARTESIAN_POINT('',(-31.5841392844321,-40.,12.6949205692481));
#1962=CARTESIAN_POINT('',(-32.4696663712053,-41.,13.317346993691));
#1963=CARTESIAN_POINT('',(-32.5226088903007,-40.4142135623731,13.0805525834581));
#1964=CARTESIAN_POINT('',(-32.1558115611105,-40.,12.8227351168745));
#1965=CARTESIAN_POINT('',(-31.5841392844321,-40.,12.6949205692481));
#1966=CARTESIAN_POINT('',(-33.9753107479157,-40.,2.));
#1967=VECTOR('',#1968,1.);
#1968=DIRECTION('',(0.218193080987228,0.,0.975905620134089));
#1969=CARTESIAN_POINT('',(-28.3112430696237,-42.,27.3335048712594));
#1970=CARTESIAN_POINT('',(-33.9753107479158,-42.,2.));
#1971=VECTOR('',#1972,1.);
#1972=DIRECTION('',(0.218193080987229,0.,0.975905620134089));
#1973=CARTESIAN_POINT('',(-29.2871486897578,-41.,27.5516979522467));
#1974=AXIS2_PLACEMENT_3D('',#1975,#1976,#1977);
#1975=CARTESIAN_POINT('',(-28.3112430696237,-41.,27.3335048712594));
#1976=DIRECTION('',(0.218193080987229,0.,0.975905620134089));
#1977=DIRECTION('',(-0.975905620134089,0.,0.218193080987229));
#1978=CARTESIAN_POINT('',(-29.4149632373841,-41.,26.9800256755683));
#1979=CARTESIAN_POINT('',(-29.4149632373841,-41.,26.9800256755683));
#1980=VECTOR('',#1981,1.);
#1981=DIRECTION('',(0.218193080987223,0.,0.97590562013409));
#1982=CARTESIAN_POINT('',(-32.1236587425918,-41.,14.8649248905035));
#1983=CARTESIAN_POINT('',(-32.1236587425918,-41.,14.8649248905035));
#1984=VECTOR('',#1985,1.);
#1985=DIRECTION('',(0.218193080987229,0.,0.975905620134089));
#1986=CARTESIAN_POINT('',(-32.4696663712053,-41.,13.317346993691));
#1987=VECTOR('',#1988,1.);
#1988=DIRECTION('',(0.218193080987229,0.,0.975905620134089));
#1989=CARTESIAN_POINT('',(-35.,49.,-7.40148683083438E-17));
#1990=CARTESIAN_POINT('',(-35.,49.,-2.22044604925031E-16));
#1991=VECTOR('',#1992,1.);
#1992=DIRECTION('',(0.,0.,1.));
#1993=CARTESIAN_POINT('',(-35.,-49.,7.40148683083438E-17));
#1994=CARTESIAN_POINT('',(-35.,49.,0.));
#1995=VECTOR('',#1996,1.);
#1996=DIRECTION('',(-7.25043607918469E-17,-1.,0.));
#1997=CARTESIAN_POINT('',(-35.,-49.,2.22044604925031E-16));
#1998=VECTOR('',#1999,1.);
#1999=DIRECTION('',(0.,0.,1.));
#2000=CARTESIAN_POINT('',(-34.,-50.,7.40148683083438E-17));
#2001=AXIS2_PLACEMENT_3D('',#2002,#2003,#2004);
#2002=CARTESIAN_POINT('',(-34.,-49.,0.));
#2003=DIRECTION('',(0.,0.,-1.));
#2004=DIRECTION('',(0.,-1.,0.));
#2005=CARTESIAN_POINT('',(-34.,-50.,2.22044604925031E-16));
#2006=VECTOR('',#2007,1.);
#2007=DIRECTION('',(0.,0.,1.));
#2008=CARTESIAN_POINT('',(34.,-50.,-7.40148683083438E-17));
#2009=CARTESIAN_POINT('',(34.,-50.,-2.22044604925031E-16));
#2010=VECTOR('',#2011,1.);
#2011=DIRECTION('',(0.,0.,1.));
#2012=CARTESIAN_POINT('',(-34.,-50.,0.));
#2013=VECTOR('',#2014,1.);
#2014=DIRECTION('',(1.,-2.089831575765E-16,0.));
#2015=CARTESIAN_POINT('',(35.,-49.,-1.48029736616688E-16));
#2016=AXIS2_PLACEMENT_3D('',#2017,#2018,#2019);
#2017=CARTESIAN_POINT('',(34.,-49.,0.));
#2018=DIRECTION('',(0.,0.,-1.));
#2019=DIRECTION('',(1.,0.,0.));
#2020=CARTESIAN_POINT('',(35.,-49.,-4.44089209850063E-16));
#2021=VECTOR('',#2022,1.);
#2022=DIRECTION('',(0.,0.,1.));
#2023=CARTESIAN_POINT('',(35.,49.,7.40148683083438E-17));
#2024=CARTESIAN_POINT('',(35.,49.,2.22044604925031E-16));
#2025=VECTOR('',#2026,1.);
#2026=DIRECTION('',(0.,0.,1.));
#2027=CARTESIAN_POINT('',(35.,-49.,0.));
#2028=VECTOR('',#2029,1.);
#2029=DIRECTION('',(1.45008721583694E-16,1.,0.));
#2030=CARTESIAN_POINT('',(34.,50.,7.40148683083438E-17));
#2031=AXIS2_PLACEMENT_3D('',#2032,#2033,#2034);
#2032=CARTESIAN_POINT('',(34.,49.,0.));
#2033=DIRECTION('',(0.,0.,-1.));
#2034=DIRECTION('',(0.,1.,0.));
#2035=CARTESIAN_POINT('',(34.,50.,2.22044604925031E-16));
#2036=VECTOR('',#2037,1.);
#2037=DIRECTION('',(0.,0.,1.));
#2038=CARTESIAN_POINT('',(-34.,50.,-7.40148683083438E-17));
#2039=CARTESIAN_POINT('',(34.,50.,0.));
#2040=VECTOR('',#2041,1.);
#2041=DIRECTION('',(-1.,1.0449157878825E-16,0.));
#2042=CARTESIAN_POINT('',(-34.,50.,-2.22044604925031E-16));
#2043=VECTOR('',#2044,1.);
#2044=DIRECTION('',(0.,0.,1.));
#2045=AXIS2_PLACEMENT_3D('',#2046,#2047,#2048);
#2046=CARTESIAN_POINT('',(-34.,49.,0.));
#2047=DIRECTION('',(0.,0.,-1.));
#2048=DIRECTION('',(-1.,0.,0.));
#2049=CARTESIAN_POINT('',(-32.4696663712053,41.,13.317346993691));
#2050=CARTESIAN_POINT('',(-32.1236587425918,41.,14.8649248905035));
#2051=CARTESIAN_POINT('',(-32.4696663712053,41.,13.317346993691));
#2052=VECTOR('',#2053,1.);
#2053=DIRECTION('',(0.218193080987229,0.,0.975905620134089));
#2054=CARTESIAN_POINT('',(-29.4149632373841,41.,26.9800256755683));
#2055=CARTESIAN_POINT('',(-32.1236587425918,41.,14.8649248905035));
#2056=VECTOR('',#2057,1.);
#2057=DIRECTION('',(0.218193080987228,0.,0.975905620134089));
#2058=CARTESIAN_POINT('',(-29.2871486897578,41.,27.5516979522467));
#2059=CARTESIAN_POINT('',(-29.4149632373841,41.,26.9800256755683));
#2060=VECTOR('',#2061,1.);
#2061=DIRECTION('',(0.218193080987227,0.,0.975905620134089));
#2062=CARTESIAN_POINT('',(-28.3112430696237,42.,27.3335048712595));
#2063=AXIS2_PLACEMENT_3D('',#2064,#2065,#2066);
#2064=CARTESIAN_POINT('',(-28.3112430696237,41.,27.3335048712594));
#2065=DIRECTION('',(-0.218193080987229,1.97215226305253E-31,-0.975905620134089));
#2066=DIRECTION('',(-0.975905620134089,6.99545883169469E-15,0.218193080987229));
#2067=CARTESIAN_POINT('',(-33.9753107479158,42.,2.));
#2068=VECTOR('',#2069,1.);
#2069=DIRECTION('',(0.218193080987229,0.,0.975905620134089));
#2070=CARTESIAN_POINT('',(-31.5841392844321,40.,12.6949205692481));
#2071=CARTESIAN_POINT('',(-33.9753107479158,40.,2.));
#2072=VECTOR('',#2073,1.);
#2073=DIRECTION('',(0.218193080987228,0.,0.975905620134089));
#2074=CARTESIAN_POINT('',(-32.4696663712053,41.,13.317346993691));
#2075=CARTESIAN_POINT('',(-32.5226088903007,40.4142135623731,13.0805525834581));
#2076=CARTESIAN_POINT('',(-32.1558115611105,40.,12.8227351168745));
#2077=CARTESIAN_POINT('',(-31.5841392844321,40.,12.6949205692481));
#2078=CARTESIAN_POINT('',(18.5322266968126,42.,16.8602369838725));
#2079=CARTESIAN_POINT('',(-28.3112430696237,42.,27.3335048712595));
#2080=VECTOR('',#2081,1.);
#2081=DIRECTION('',(0.975905620134089,0.,-0.218193080987229));
#2082=CARTESIAN_POINT('',(18.5322266968126,42.,16.8602369838725));
#2083=VECTOR('',#2084,1.);
#2084=DIRECTION('',(-0.218193080987228,0.,-0.975905620134089));
#2085=CARTESIAN_POINT('',(19.5081323169466,41.,16.6420439028852));
#2086=CARTESIAN_POINT('',(19.3803177693203,41.,16.0703716262068));
#2087=CARTESIAN_POINT('',(19.5081323169466,41.,16.6420439028852));
#2088=VECTOR('',#2089,1.);
#2089=DIRECTION('',(-0.218193080987232,0.,-0.975905620134088));
#2090=CARTESIAN_POINT('',(18.3140336158253,40.,15.8843313637384));
#2091=CARTESIAN_POINT('',(18.3140336158253,40.,15.8843313637384));
#2092=CARTESIAN_POINT('',(18.8857058925038,40.,15.7565168161121));
#2093=CARTESIAN_POINT('',(19.3273752502249,40.4142135623731,15.8335772159739));
#2094=CARTESIAN_POINT('',(19.3803177693203,41.,16.0703716262068));
#2095=CARTESIAN_POINT('',(15.9139097249658,40.,5.14936954226342));
#2096=CARTESIAN_POINT('',(18.3140336158253,40.,15.8843313637384));
#2097=VECTOR('',#2098,1.);
#2098=DIRECTION('',(-0.218193080987228,0.,-0.975905620134089));
#2099=CARTESIAN_POINT('',(16.6716222641127,41.,3.95527084114211));
#2100=CARTESIAN_POINT('',(16.6716222641127,41.,3.9552708411421));
#2101=CARTESIAN_POINT('',(16.799436811739,40.4142135623731,4.52694311782052));
#2102=CARTESIAN_POINT('',(16.4855820016442,40.,5.02155499463707));
#2103=CARTESIAN_POINT('',(15.9139097249658,40.,5.14936954226342));
#2104=CARTESIAN_POINT('',(16.6716222641127,41.,3.9552708411421));
#2105=VECTOR('',#2106,1.);
#2106=DIRECTION('',(-0.218193080987228,0.,-0.975905620134089));
#2107=AXIS2_PLACEMENT_3D('',#2108,#2109,#2110);
#2108=CARTESIAN_POINT('',(18.5322266968126,41.,16.8602369838725));
#2109=DIRECTION('',(-0.21819308098723,5.97569846983562E-17,-0.975905620134089));
#2110=DIRECTION('',(1.30385606018411E-17,1.,5.83171772093926E-17));
#2111=CARTESIAN_POINT('',(16.3895219093124,40.,2.69352908266868));
#2112=CARTESIAN_POINT('',(16.6716222641127,38.7071067811866,3.95527084114211));
#2113=CARTESIAN_POINT('',(16.3895219093123,40.0000000000001,2.6935290826687));
#2114=VECTOR('',#2115,1.);
#2115=DIRECTION('',(0.154285807174054,-0.707106781186547,0.690069481794878));
#2116=CARTESIAN_POINT('',(16.3895219093125,40.,2.69352908266852));
#2117=VECTOR('',#2118,1.);
#2118=DIRECTION('',(-0.218193080987649,0.,-0.975905620133995));
#2119=CARTESIAN_POINT('',(16.6716222641127,38.7071067811865,3.95527084114211));
#2120=VECTOR('',#2121,1.);
#2121=DIRECTION('',(0.,1.,3.8736144030281E-16));
#2122=CARTESIAN_POINT('',(15.7472832920712,40.,2.11255614136754));
#2123=CARTESIAN_POINT('',(16.3895219093123,40.,2.69352908266882));
#2124=CARTESIAN_POINT('',(16.2991433759514,40.,2.28929573921315));
#2125=CARTESIAN_POINT('',(16.0331194304104,40.,2.04864886755438));
#2126=CARTESIAN_POINT('',(15.7472832920712,40.,2.11255614136754));
#2127=CARTESIAN_POINT('',(15.7472832920712,40.,2.11255614136754));
#2128=VECTOR('',#2129,1.);
#2129=DIRECTION('',(-0.975905620134089,0.,0.218193080987229));
#2130=CARTESIAN_POINT('',(16.3895219093123,-40.,2.69352908266869));
#2131=CARTESIAN_POINT('',(15.7472832920712,-40.,2.11255614136754));
#2132=CARTESIAN_POINT('',(16.3895219093123,-40.,2.69352908266881));
#2133=CARTESIAN_POINT('',(16.2991433759514,-40.,2.28929573921314));
#2134=CARTESIAN_POINT('',(16.0331194304104,-40.,2.04864886755437));
#2135=CARTESIAN_POINT('',(15.7472832920712,-40.,2.11255614136754));
#2136=CARTESIAN_POINT('',(16.3895219093123,-40.,2.69352908266858));
#2137=VECTOR('',#2138,1.);
#2138=DIRECTION('',(-0.218193080987327,0.,-0.975905620134067));
#2139=CARTESIAN_POINT('',(-31.5841392844321,-40.,12.6949205692481));
#2140=VECTOR('',#2141,1.);
#2141=DIRECTION('',(0.975905620134089,0.,-0.218193080987229));
#2142=CARTESIAN_POINT('',(16.6716222641127,-38.7071067811866,3.9552708411421));
#2143=CARTESIAN_POINT('',(16.3895219093123,-40.0000000000001,2.6935290826687));
#2144=VECTOR('',#2145,1.);
#2145=DIRECTION('',(0.154285807174056,0.707106781186546,0.690069481794879));
#2146=CARTESIAN_POINT('',(16.6716222641127,-41.,3.9552708411421));
#2147=CARTESIAN_POINT('',(16.6716222641127,-38.7071067811866,3.9552708411421));
#2148=VECTOR('',#2149,1.);
#2149=DIRECTION('',(0.,-1.,1.93680720151406E-16));
#2150=CARTESIAN_POINT('',(16.6716222641127,-41.,3.9552708411421));
#2151=VECTOR('',#2152,1.);
#2152=DIRECTION('',(-0.218193080987228,0.,-0.975905620134089));
#2153=CARTESIAN_POINT('',(15.9139097249658,-40.,5.14936954226342));
#2154=CARTESIAN_POINT('',(16.6716222641127,-41.,3.95527084114209));
#2155=CARTESIAN_POINT('',(16.799436811739,-40.4142135623731,4.52694311782051));
#2156=CARTESIAN_POINT('',(16.4855820016442,-40.,5.02155499463706));
#2157=CARTESIAN_POINT('',(15.9139097249658,-40.,5.14936954226341));
#2158=CARTESIAN_POINT('',(18.3140336158253,-40.,15.8843313637384));
#2159=CARTESIAN_POINT('',(18.3140336158253,-40.,15.8843313637384));
#2160=VECTOR('',#2161,1.);
#2161=DIRECTION('',(-0.218193080987228,0.,-0.975905620134089));
#2162=CARTESIAN_POINT('',(19.3803177693203,-41.,16.0703716262068));
#2163=CARTESIAN_POINT('',(18.3140336158253,-40.,15.8843313637384));
#2164=CARTESIAN_POINT('',(18.8857058925038,-40.,15.7565168161121));
#2165=CARTESIAN_POINT('',(19.3273752502249,-40.4142135623731,15.8335772159739));
#2166=CARTESIAN_POINT('',(19.3803177693203,-41.,16.0703716262068));
#2167=CARTESIAN_POINT('',(19.5081323169466,-41.,16.6420439028852));
#2168=CARTESIAN_POINT('',(19.5081323169466,-41.,16.6420439028852));
#2169=VECTOR('',#2170,1.);
#2170=DIRECTION('',(-0.218193080987226,0.,-0.975905620134089));
#2171=CARTESIAN_POINT('',(18.5322266968126,-42.,16.8602369838725));
#2172=AXIS2_PLACEMENT_3D('',#2173,#2174,#2175);
#2173=CARTESIAN_POINT('',(18.5322266968126,-41.,16.8602369838725));
#2174=DIRECTION('',(0.218193080987228,-5.97569846983563E-17,0.975905620134089));
#2175=DIRECTION('',(3.37053674168273E-15,-1.,-8.14817298457105E-16));
#2176=CARTESIAN_POINT('',(18.5322266968126,-42.,16.8602369838725));
#2177=VECTOR('',#2178,1.);
#2178=DIRECTION('',(-0.218193080987228,0.,-0.975905620134089));
#2179=CARTESIAN_POINT('',(-28.3112430696237,-42.,27.3335048712595));
#2180=VECTOR('',#2181,1.);
#2181=DIRECTION('',(0.975905620134089,0.,-0.218193080987229));
#2182=CARTESIAN_POINT('',(-32.1236587425918,-39.4142135623731,14.8649248905035));
#2183=CARTESIAN_POINT('',(-31.1157994855511,-37.8535533905933,14.7896498786859));
#2184=CARTESIAN_POINT('',(-31.1157994855511,-37.8535533905933,14.7896498786859));
#2185=CARTESIAN_POINT('',(-31.1563511650127,-37.8545119314125,14.7977342209613));
#2186=CARTESIAN_POINT('',(-31.2318301180253,-37.8607342957423,14.8152644803912));
#2187=CARTESIAN_POINT('',(-31.3362314245899,-37.8910303175896,14.8352491716106));
#2188=CARTESIAN_POINT('',(-31.4309847363061,-37.9337039723596,14.852436355673));
#2189=CARTESIAN_POINT('',(-31.5225023767016,-37.9905105907734,14.8674025324057));
#2190=CARTESIAN_POINT('',(-31.6130615605744,-38.0640445826313,14.8805915326228));
#2191=CARTESIAN_POINT('',(-31.70100169852,-38.1543365912561,14.8915685102147));
#2192=CARTESIAN_POINT('',(-31.7833608537993,-38.2594027454342,14.8998803844559));
#2193=CARTESIAN_POINT('',(-31.8622544029572,-38.383567482078,14.9055789676026));
#2194=CARTESIAN_POINT('',(-31.9337989821976,-38.5239460757834,14.908076993805));
#2195=CARTESIAN_POINT('',(-31.9983501803636,-38.6849015150035,14.907038691909));
#2196=CARTESIAN_POINT('',(-32.0551301842858,-38.872045976747,14.9017376757009));
#2197=CARTESIAN_POINT('',(-32.0958082969843,-39.0709528005514,14.8917015689347));
#2198=CARTESIAN_POINT('',(-32.117314604453,-39.2568190052089,14.8786402901811));
#2199=CARTESIAN_POINT('',(-32.1226931353777,-39.367067406807,14.8692437328003));
#2200=CARTESIAN_POINT('',(-32.1236587425918,-39.4142135623731,14.8649248905035));
#2201=CARTESIAN_POINT('',(-31.5841392844321,-40.,12.6949205692481));
#2202=VECTOR('',#2203,1.);
#2203=DIRECTION('',(0.154285807174052,0.707106781186547,0.690069481794878));
#2204=CARTESIAN_POINT('',(-32.4696663712053,-41.,13.317346993691));
#2205=VECTOR('',#2206,1.);
#2206=DIRECTION('',(0.154285807174055,0.707106781186547,0.690069481794878));
#2207=CARTESIAN_POINT('',(-28.0930499886365,-41.,28.3094104913935));
#2208=AXIS2_PLACEMENT_3D('',#2209,#2210,#2211);
#2209=CARTESIAN_POINT('',(-28.3112430696237,-41.,27.3335048712594));
#2210=DIRECTION('',(0.,-1.,0.));
#2211=DIRECTION('',(0.21819308098723,0.,0.975905620134089));
#2212=AXIS2_PLACEMENT_3D('',#2213,#2214,#2215);
#2213=CARTESIAN_POINT('',(-28.3112430696237,-41.,27.3335048712594));
#2214=DIRECTION('',(-0.975905620134089,-1.33604729113555E-17,0.21819308098723));
#2215=DIRECTION('',(1.30385606018411E-17,-1.,-2.9151627479751E-18));
#2216=CARTESIAN_POINT('',(-29.2871486897578,-40.4142135623731,27.5516979522467));
#2217=CARTESIAN_POINT('',(-29.2871486897578,-40.4142135623731,27.5516979522467));
#2218=VECTOR('',#2219,1.);
#2219=DIRECTION('',(0.,-1.,0.));
#2220=CARTESIAN_POINT('',(-29.4149632373841,-41.,26.9800256755682));
#2221=VECTOR('',#2222,1.);
#2222=DIRECTION('',(0.154285807174057,0.707106781186542,0.690069481794882));
#2223=CARTESIAN_POINT('',(-28.5294361506109,-40.,26.3575992511254));
#2224=CARTESIAN_POINT('',(-29.4149632373841,-41.,26.9800256755683));
#2225=CARTESIAN_POINT('',(-29.4679057564795,-40.4142135623731,26.7432312653354));
#2226=CARTESIAN_POINT('',(-29.1011084272893,-40.,26.4854137987517));
#2227=CARTESIAN_POINT('',(-28.5294361506109,-40.,26.3575992511254));
#2228=CARTESIAN_POINT('',(-30.9295600414704,-40.,15.6226374296504));
#2229=CARTESIAN_POINT('',(-30.9295600414704,-40.,15.6226374296504));
#2230=VECTOR('',#2231,1.);
#2231=DIRECTION('',(0.218193080987228,0.,0.975905620134089));
#2232=CARTESIAN_POINT('',(-30.9295600414704,-40.,15.6226374296504));
#2233=CARTESIAN_POINT('',(-31.5012323181489,-40.,15.7504519772767));
#2234=CARTESIAN_POINT('',(-31.9958441949654,-40.4142135623731,15.436597167182));
#2235=CARTESIAN_POINT('',(-32.1236587425918,-41.,14.8649248905035));
#2236=CARTESIAN_POINT('',(-32.1236587425918,-39.4142135623731,14.8649248905035));
#2237=VECTOR('',#2238,1.);
#2238=DIRECTION('',(0.,-1.,0.));
#2239=CARTESIAN_POINT('',(-32.1236587425918,39.4142135623731,14.8649248905035));
#2240=CARTESIAN_POINT('',(-32.4696663712053,41.,13.317346993691));
#2241=VECTOR('',#2242,1.);
#2242=DIRECTION('',(0.154285807174052,-0.707106781186548,0.690069481794878));
#2243=CARTESIAN_POINT('',(-32.1236587425918,39.4142135623731,14.8649248905035));
#2244=VECTOR('',#2245,1.);
#2245=DIRECTION('',(0.,1.,0.));
#2246=CARTESIAN_POINT('',(-30.9295600414704,40.,15.6226374296504));
#2247=CARTESIAN_POINT('',(-30.9295600414704,40.,15.6226374296504));
#2248=CARTESIAN_POINT('',(-31.5012323181489,40.,15.7504519772767));
#2249=CARTESIAN_POINT('',(-31.9958441949654,40.4142135623731,15.436597167182));
#2250=CARTESIAN_POINT('',(-32.1236587425918,41.,14.8649248905035));
#2251=CARTESIAN_POINT('',(-28.5294361506109,40.,26.3575992511254));
#2252=CARTESIAN_POINT('',(-30.9295600414704,40.,15.6226374296504));
#2253=VECTOR('',#2254,1.);
#2254=DIRECTION('',(0.218193080987229,0.,0.975905620134089));
#2255=CARTESIAN_POINT('',(-29.4149632373841,41.,26.9800256755683));
#2256=CARTESIAN_POINT('',(-29.4679057564795,40.4142135623731,26.7432312653354));
#2257=CARTESIAN_POINT('',(-29.1011084272893,40.,26.4854137987517));
#2258=CARTESIAN_POINT('',(-28.5294361506109,40.,26.3575992511254));
#2259=CARTESIAN_POINT('',(-28.0930499886365,41.,28.3094104913935));
#2260=AXIS2_PLACEMENT_3D('',#2261,#2262,#2263);
#2261=CARTESIAN_POINT('',(-28.3112430696237,41.,27.3335048712595));
#2262=DIRECTION('',(0.975905620134088,1.33604729113557E-17,-0.218193080987233));
#2263=DIRECTION('',(-1.30385606018413E-17,1.,2.91516274797517E-18));
#2264=AXIS2_PLACEMENT_3D('',#2265,#2266,#2267);
#2265=CARTESIAN_POINT('',(-28.3112430696237,41.,27.3335048712595));
#2266=DIRECTION('',(0.,1.,0.));
#2267=DIRECTION('',(-0.975905620134089,0.,0.21819308098723));
#2268=CARTESIAN_POINT('',(-31.1157994855511,37.8535533905933,14.7896498786859));
#2269=CARTESIAN_POINT('',(-31.1157994855511,37.8535533905933,14.7896498786859));
#2270=CARTESIAN_POINT('',(-31.1563511650123,37.8545119314125,14.7977342209613));
#2271=CARTESIAN_POINT('',(-31.2318301180244,37.8607342957423,14.815264480391));
#2272=CARTESIAN_POINT('',(-31.3362314245886,37.8910303175892,14.8352491716104));
#2273=CARTESIAN_POINT('',(-31.430984736305,37.933703972359,14.8524363556728));
#2274=CARTESIAN_POINT('',(-31.5225023767007,37.9905105907728,14.8674025324056));
#2275=CARTESIAN_POINT('',(-31.6130615605739,38.0640445826309,14.8805915326227));
#2276=CARTESIAN_POINT('',(-31.7010016985196,38.1543365912557,14.8915685102146));
#2277=CARTESIAN_POINT('',(-31.7833608537992,38.259402745434,14.8998803844559));
#2278=CARTESIAN_POINT('',(-31.8622544029578,38.3835674820789,14.9055789676026));
#2279=CARTESIAN_POINT('',(-31.9337989821994,38.5239460757872,14.9080769938051));
#2280=CARTESIAN_POINT('',(-31.9983501803668,38.6849015150122,14.9070386919089));
#2281=CARTESIAN_POINT('',(-32.05513018429,38.8720459767628,14.9017376757003));
#2282=CARTESIAN_POINT('',(-32.0958082969876,39.0709528005713,14.8917015689335));
#2283=CARTESIAN_POINT('',(-32.1173146044539,39.2568190052241,14.8786402901801));
#2284=CARTESIAN_POINT('',(-32.1226931353779,39.3670674068138,14.8692437327993));
#2285=CARTESIAN_POINT('',(-32.1236587425918,39.4142135623731,14.8649248905035));
#2286=CARTESIAN_POINT('',(-31.5841392844321,40.,12.6949205692481));
#2287=VECTOR('',#2288,1.);
#2288=DIRECTION('',(0.154285807174051,-0.707106781186547,0.690069481794879));
#2289=CARTESIAN_POINT('',(18.7504197777998,41.,17.8361426040066));
#2290=CARTESIAN_POINT('',(-28.0930499886365,41.,28.3094104913935));
#2291=VECTOR('',#2292,1.);
#2292=DIRECTION('',(0.975905620134089,0.,-0.218193080987229));
#2293=AXIS2_PLACEMENT_3D('',#2294,#2295,#2296);
#2294=CARTESIAN_POINT('',(18.5322266968126,41.,16.8602369838725));
#2295=DIRECTION('',(-0.975905620134089,-9.86076131526265E-32,0.218193080987229));
#2296=DIRECTION('',(0.218193080987229,3.52834558582603E-15,0.975905620134089));
#2297=CARTESIAN_POINT('',(19.5081323169467,40.4142135623731,16.6420439028853));
#2298=CARTESIAN_POINT('',(19.5081323169466,40.4142135623731,16.6420439028852));
#2299=VECTOR('',#2300,1.);
#2300=DIRECTION('',(0.,1.,0.));
#2301=CARTESIAN_POINT('',(19.3803177693203,41.,16.0703716262068));
#2302=VECTOR('',#2303,1.);
#2303=DIRECTION('',(0.154285807174054,-0.707106781186549,0.690069481794876));
#2304=CARTESIAN_POINT('',(18.5322266968126,39.,16.8602369838725));
#2305=CARTESIAN_POINT('',(18.3140336158253,40.,15.8843313637384));
#2306=VECTOR('',#2307,1.);
#2307=DIRECTION('',(0.154285807174054,-0.707106781186547,0.690069481794878));
#2308=CARTESIAN_POINT('',(18.5322266968126,39.,16.8602369838725));
#2309=CARTESIAN_POINT('',(19.103898973491,39.,16.7324224362461));
#2310=CARTESIAN_POINT('',(19.5081323169467,39.5857864376269,16.6420439028853));
#2311=CARTESIAN_POINT('',(19.5081323169467,40.4142135623731,16.6420439028853));
#2312=CARTESIAN_POINT('',(18.3140336158253,40.,15.8843313637384));
#2313=VECTOR('',#2314,1.);
#2314=DIRECTION('',(-0.975905620134089,0.,0.218193080987229));
#2315=CARTESIAN_POINT('',(-30.9295600414704,40.,15.6226374296504));
#2316=VECTOR('',#2317,1.);
#2317=DIRECTION('',(0.975905620134089,0.,-0.218193080987229));
#2318=CARTESIAN_POINT('',(15.9139097249658,38.2071067811866,5.14936954226342));
#2319=CARTESIAN_POINT('',(16.6716222641127,38.7071067811865,3.95527084114211));
#2320=CARTESIAN_POINT('',(16.799436811739,38.4142135623731,4.52694311782053));
#2321=CARTESIAN_POINT('',(16.4855820016442,38.2071067811865,5.02155499463708));
#2322=CARTESIAN_POINT('',(15.9139097249658,38.2071067811865,5.14936954226342));
#2323=CARTESIAN_POINT('',(15.9139097249658,38.2071067811865,5.14936954226342));
#2324=VECTOR('',#2325,1.);
#2325=DIRECTION('',(0.,1.,0.));
#2326=AXIS2_PLACEMENT_3D('',#2327,#2328,#2329);
#2327=CARTESIAN_POINT('',(18.5322266968126,41.,16.8602369838725));
#2328=DIRECTION('',(0.,1.,0.));
#2329=DIRECTION('',(0.218193080987231,0.,0.975905620134088));
#2330=CARTESIAN_POINT('',(16.1065265504586,38.3535533905933,3.71933264073828));
#2331=CARTESIAN_POINT('',(15.7472832920712,40.,2.11255614136754));
#2332=VECTOR('',#2333,1.);
#2333=DIRECTION('',(0.154285807174055,-0.707106781186546,0.690069481794879));
#2334=AXIS2_PLACEMENT_3D('',#2335,#2336,#2337);
#2335=CARTESIAN_POINT('',(16.1836694540456,38.7071067811865,4.06436738163572));
#2336=DIRECTION('',(0.154285807174055,-0.707106781186547,0.690069481794878));
#2337=DIRECTION('',(-0.154285807174038,-0.707106781186548,-0.690069481794881));
#2338=CARTESIAN_POINT('',(15.7276702808852,37.8535533905933,4.31638199129894));
#2339=CARTESIAN_POINT('',(16.1065265504586,38.3535533905933,3.71933264073828));
#2340=CARTESIAN_POINT('',(16.1704338242718,38.0606601717798,4.0051687790775));
#2341=CARTESIAN_POINT('',(16.0135064192244,37.8535533905933,4.25247471748577));
#2342=CARTESIAN_POINT('',(15.7276702808852,37.8535533905933,4.31638199129894));
#2343=CARTESIAN_POINT('',(15.7276702808852,37.8535533905933,4.31638199129894));
#2344=VECTOR('',#2345,1.);
#2345=DIRECTION('',(-0.975905620134089,-1.48029736616688E-16,0.218193080987229));
#2346=CARTESIAN_POINT('',(16.1065265504586,-38.3535533905933,3.71933264073828));
#2347=CARTESIAN_POINT('',(15.7472832920712,-40.,2.11255614136753));
#2348=VECTOR('',#2349,1.);
#2349=DIRECTION('',(0.154285807174054,0.707106781186548,0.690069481794877));
#2350=AXIS2_PLACEMENT_3D('',#2351,#2352,#2353);
#2351=CARTESIAN_POINT('',(16.1836694540456,-38.7071067811866,4.06436738163571));
#2352=DIRECTION('',(-0.154285807174054,-0.707106781186547,-0.690069481794878));
#2353=DIRECTION('',(-0.154285807174054,0.707106781186548,-0.690069481794877));
#2354=CARTESIAN_POINT('',(15.7276702808852,-37.8535533905933,4.31638199129893));
#2355=CARTESIAN_POINT('',(15.7276702808852,-37.8535533905933,4.31638199129894));
#2356=VECTOR('',#2357,1.);
#2357=DIRECTION('',(-0.975905620134089,0.,0.218193080987229));
#2358=CARTESIAN_POINT('',(16.1065265504586,-38.3535533905933,3.71933264073828));
#2359=CARTESIAN_POINT('',(16.1704338242718,-38.0606601717798,4.00516877907749));
#2360=CARTESIAN_POINT('',(16.0135064192244,-37.8535533905933,4.25247471748576));
#2361=CARTESIAN_POINT('',(15.7276702808852,-37.8535533905933,4.31638199129893));
#2362=CARTESIAN_POINT('',(15.9139097249658,-38.2071067811866,5.14936954226342));
#2363=CARTESIAN_POINT('',(16.6716222641127,-38.7071067811866,3.9552708411421));
#2364=CARTESIAN_POINT('',(16.799436811739,-38.4142135623731,4.52694311782052));
#2365=CARTESIAN_POINT('',(16.4855820016442,-38.2071067811866,5.02155499463707));
#2366=CARTESIAN_POINT('',(15.9139097249658,-38.2071067811866,5.14936954226342));
#2367=CARTESIAN_POINT('',(15.9139097249658,-38.2071067811866,5.14936954226342));
#2368=VECTOR('',#2369,1.);
#2369=DIRECTION('',(0.,-1.,0.));
#2370=CARTESIAN_POINT('',(15.9139097249658,-40.,5.14936954226342));
#2371=VECTOR('',#2372,1.);
#2372=DIRECTION('',(-0.975905620134089,0.,0.218193080987229));
#2373=CARTESIAN_POINT('',(-28.5294361506109,-40.,26.3575992511254));
#2374=VECTOR('',#2375,1.);
#2375=DIRECTION('',(0.975905620134089,0.,-0.218193080987229));
#2376=CARTESIAN_POINT('',(18.5322266968126,-39.,16.8602369838725));
#2377=CARTESIAN_POINT('',(18.3140336158253,-40.,15.8843313637384));
#2378=VECTOR('',#2379,1.);
#2379=DIRECTION('',(0.154285807174056,0.707106781186547,0.690069481794878));
#2380=CARTESIAN_POINT('',(19.5081323169467,-40.4142135623731,16.6420439028853));
#2381=CARTESIAN_POINT('',(18.5322266968126,-39.,16.8602369838725));
#2382=CARTESIAN_POINT('',(19.103898973491,-39.,16.7324224362461));
#2383=CARTESIAN_POINT('',(19.5081323169467,-39.5857864376269,16.6420439028853));
#2384=CARTESIAN_POINT('',(19.5081323169467,-40.4142135623731,16.6420439028853));
#2385=CARTESIAN_POINT('',(19.3803177693203,-41.,16.0703716262068));
#2386=VECTOR('',#2387,1.);
#2387=DIRECTION('',(0.154285807174054,0.707106781186549,0.690069481794876));
#2388=CARTESIAN_POINT('',(19.5081323169466,-40.4142135623731,16.6420439028852));
#2389=VECTOR('',#2390,1.);
#2390=DIRECTION('',(0.,-1.,0.));
#2391=CARTESIAN_POINT('',(18.7504197777998,-41.,17.8361426040066));
#2392=AXIS2_PLACEMENT_3D('',#2393,#2394,#2395);
#2393=CARTESIAN_POINT('',(18.5322266968126,-41.,16.8602369838725));
#2394=DIRECTION('',(1.23259516440783E-32,-1.,-3.70623078441962E-16));
#2395=DIRECTION('',(0.975905620134089,8.08673913702224E-17,-0.218193080987227));
#2396=AXIS2_PLACEMENT_3D('',#2397,#2398,#2399);
#2397=CARTESIAN_POINT('',(18.5322266968126,-41.,16.8602369838725));
#2398=DIRECTION('',(0.975905620134089,0.,-0.218193080987229));
#2399=DIRECTION('',(0.218193080987229,-3.52834558582603E-15,0.975905620134089));
#2400=CARTESIAN_POINT('',(-28.0930499886365,-41.,28.3094104913935));
#2401=VECTOR('',#2402,1.);
#2402=DIRECTION('',(0.975905620134089,0.,-0.218193080987229));
#2403=CARTESIAN_POINT('',(-30.9295600414704,-38.2071067811866,15.6226374296504));
#2404=CARTESIAN_POINT('',(-31.1157994855511,-37.8535533905933,14.7896498786859));
#2405=CARTESIAN_POINT('',(-31.115363110929,-37.8515534387598,14.7916016382808));
#2406=CARTESIAN_POINT('',(-31.1144627791592,-37.8474965752787,14.795628525079));
#2407=CARTESIAN_POINT('',(-31.1130588799097,-37.8413866305389,14.8019077030994));
#2408=CARTESIAN_POINT('',(-31.111550853929,-37.8350578444713,14.808652605568));
#2409=CARTESIAN_POINT('',(-31.1099365048599,-37.8285400451109,14.8158730559985));
#2410=CARTESIAN_POINT('',(-31.1077667173862,-37.8201323272511,14.8255777990296));
#2411=CARTESIAN_POINT('',(-31.1043011903714,-37.8074771028122,14.8410779570537));
#2412=CARTESIAN_POINT('',(-31.0983494874027,-37.7879125432539,14.8676979597663));
#2413=CARTESIAN_POINT('',(-31.0893876757865,-37.7632753707527,14.9077811845262));
#2414=CARTESIAN_POINT('',(-31.0774785353437,-37.7383342628801,14.9610468382425));
#2415=CARTESIAN_POINT('',(-31.0636217470553,-37.718757580864,15.0230236777678));
#2416=CARTESIAN_POINT('',(-31.0504171747485,-37.7088861600842,15.082083370533));
#2417=CARTESIAN_POINT('',(-31.0403366602335,-37.7067510458511,15.1271701841215));
#2418=CARTESIAN_POINT('',(-31.0302561684038,-37.707818076302,15.172256896247));
#2419=CARTESIAN_POINT('',(-31.0185458609337,-37.7140439762637,15.2246332356884));
#2420=CARTESIAN_POINT('',(-31.0038754588079,-37.7315062344399,15.2902491013215));
#2421=CARTESIAN_POINT('',(-30.9898721287697,-37.7580898303224,15.3528813737251));
#2422=CARTESIAN_POINT('',(-30.9768044424153,-37.7932852573229,15.4113288208102));
#2423=CARTESIAN_POINT('',(-30.9649230270319,-37.8364174037066,15.464470469461));
#2424=CARTESIAN_POINT('',(-30.954455756839,-37.8866590632989,15.5112871135195));
#2425=CARTESIAN_POINT('',(-30.9456582112654,-37.9426974085634,15.5506356305733));
#2426=CARTESIAN_POINT('',(-30.9388803649318,-38.0014463457396,15.5809506996912));
#2427=CARTESIAN_POINT('',(-30.934307394956,-38.0576768087248,15.6014040847125));
#2428=CARTESIAN_POINT('',(-30.9317716022662,-38.1041408063861,15.6127458483525));
#2429=CARTESIAN_POINT('',(-30.9305816466955,-38.1372629545645,15.6180681266455));
#2430=CARTESIAN_POINT('',(-30.9300836706337,-38.1574424171521,15.6202954094226));
#2431=CARTESIAN_POINT('',(-30.9298465907496,-38.1704192858822,15.6213557895175));
#2432=CARTESIAN_POINT('',(-30.9297106775172,-38.1802597496445,15.6219636845566));
#2433=CARTESIAN_POINT('',(-30.9296207839527,-38.1896219955488,15.6223657487005));
#2434=CARTESIAN_POINT('',(-30.9295707549787,-38.1984920497603,15.6225895116476));
#2435=CARTESIAN_POINT('',(-30.9295600407306,-38.2042784255394,15.6226374329285));
#2436=CARTESIAN_POINT('',(-30.9295600414704,-38.2071067811866,15.6226374296504));
#2437=CARTESIAN_POINT('',(-30.9295600414704,-38.2071067811866,15.6226374296504));
#2438=CARTESIAN_POINT('',(-30.9699024148017,-38.2084623572653,15.6316571817144));
#2439=CARTESIAN_POINT('',(-31.0465791393968,-38.2124104333501,15.643829180855));
#2440=CARTESIAN_POINT('',(-31.1544340439473,-38.2361496464948,15.6483660821163));
#2441=CARTESIAN_POINT('',(-31.2543178926601,-38.269083072742,15.6426052728972));
#2442=CARTESIAN_POINT('',(-31.3526016401892,-38.3130431395637,15.6273056699841));
#2443=CARTESIAN_POINT('',(-31.4519402685477,-38.3699098726126,15.6012268708055));
#2444=CARTESIAN_POINT('',(-31.5506548447199,-38.4397491460335,15.5640159622812));
#2445=CARTESIAN_POINT('',(-31.6455554950628,-38.5210160620491,15.5162474027727));
#2446=CARTESIAN_POINT('',(-31.739269668439,-38.6170585009981,15.4556735848125));
#2447=CARTESIAN_POINT('',(-31.8275721544795,-38.7256450563213,15.3832393843105));
#2448=CARTESIAN_POINT('',(-31.9113375361076,-38.8501448194349,15.2962748808427));
#2449=CARTESIAN_POINT('',(-31.9904502549079,-38.9949035557292,15.1910818726061));
#2450=CARTESIAN_POINT('',(-32.054857634741,-39.1487527463067,15.0748894808947));
#2451=CARTESIAN_POINT('',(-32.0985373101687,-39.2924976362115,14.9626306919792));
#2452=CARTESIAN_POINT('',(-32.1170690825619,-39.3777554091598,14.8943982644018));
#2453=CARTESIAN_POINT('',(-32.1236587425918,-39.4142135623731,14.8649248905035));
#2454=CARTESIAN_POINT('',(-28.0930499886365,-40.4142135623731,28.3094104913935));
#2455=CARTESIAN_POINT('',(-28.0930499886365,-40.4142135623731,28.3094104913935));
#2456=VECTOR('',#2457,1.);
#2457=DIRECTION('',(0.,-1.,0.));
#2458=AXIS2_PLACEMENT_3D('',#2459,#2460,#2461);
#2459=CARTESIAN_POINT('',(-28.3112430696237,-40.4142135623731,27.3335048712595));
#2460=DIRECTION('',(-3.13261762047146E-15,1.,-1.38886997791825E-14));
#2461=DIRECTION('',(-0.975905620134089,-2.67209458226845E-17,0.21819308098723));
#2462=CARTESIAN_POINT('',(-28.3112430696237,-39.,27.3335048712595));
#2463=CARTESIAN_POINT('',(-28.5294361506109,-40.,26.3575992511254));
#2464=VECTOR('',#2465,1.);
#2465=DIRECTION('',(0.154285807174056,0.707106781186546,0.690069481794878));
#2466=CARTESIAN_POINT('',(-28.3112430696237,-39.,27.3335048712595));
#2467=CARTESIAN_POINT('',(-28.8829153463021,-39.,27.4613194188858));
#2468=CARTESIAN_POINT('',(-29.2871486897578,-39.5857864376269,27.5516979522467));
#2469=CARTESIAN_POINT('',(-29.2871486897578,-40.4142135623731,27.5516979522467));
#2470=CARTESIAN_POINT('',(-30.9295600414704,-38.2071067811866,15.6226374296504));
#2471=VECTOR('',#2472,1.);
#2472=DIRECTION('',(0.,-1.,0.));
#2473=CARTESIAN_POINT('',(-30.9295600414704,38.2071067811865,15.6226374296504));
#2474=CARTESIAN_POINT('',(-30.9295600414704,38.2071067811865,15.6226374296504));
#2475=CARTESIAN_POINT('',(-30.9699024148022,38.2084623572653,15.6316571817145));
#2476=CARTESIAN_POINT('',(-31.0465791393979,38.2124104333502,15.6438291808552));
#2477=CARTESIAN_POINT('',(-31.154434043949,38.2361496464953,15.6483660821163));
#2478=CARTESIAN_POINT('',(-31.2543178926617,38.2690830727426,15.642605272897));
#2479=CARTESIAN_POINT('',(-31.3526016401906,38.3130431395644,15.6273056699838));
#2480=CARTESIAN_POINT('',(-31.4519402685489,38.3699098726134,15.6012268708051));
#2481=CARTESIAN_POINT('',(-31.5506548447211,38.4397491460345,15.5640159622807));
#2482=CARTESIAN_POINT('',(-31.6455554950639,38.5210160620502,15.5162474027721));
#2483=CARTESIAN_POINT('',(-31.73926966844,38.6170585009992,15.4556735848118));
#2484=CARTESIAN_POINT('',(-31.8275721544799,38.7256450563219,15.3832393843101));
#2485=CARTESIAN_POINT('',(-31.9113375361073,38.8501448194345,15.296274880843));
#2486=CARTESIAN_POINT('',(-31.9904502549076,38.9949035557285,15.1910818726066));
#2487=CARTESIAN_POINT('',(-32.054857634741,39.1487527463065,15.0748894808949));
#2488=CARTESIAN_POINT('',(-32.0985373101688,39.2924976362121,14.962630691979));
#2489=CARTESIAN_POINT('',(-32.117069082562,39.37775540916,14.8943982644012));
#2490=CARTESIAN_POINT('',(-32.1236587425918,39.4142135623731,14.8649248905035));
#2491=CARTESIAN_POINT('',(-30.9295600414704,38.2071067811865,15.6226374296504));
#2492=VECTOR('',#2493,1.);
#2493=DIRECTION('',(0.,1.,0.));
#2494=CARTESIAN_POINT('',(-28.3112430696237,39.,27.3335048712595));
#2495=CARTESIAN_POINT('',(-28.5294361506109,40.,26.3575992511254));
#2496=VECTOR('',#2497,1.);
#2497=DIRECTION('',(0.154285807174056,-0.707106781186546,0.690069481794878));
#2498=CARTESIAN_POINT('',(-29.2871486897578,40.4142135623731,27.5516979522467));
#2499=CARTESIAN_POINT('',(-28.3112430696237,39.,27.3335048712595));
#2500=CARTESIAN_POINT('',(-28.8829153463021,39.,27.4613194188858));
#2501=CARTESIAN_POINT('',(-29.2871486897578,39.5857864376269,27.5516979522467));
#2502=CARTESIAN_POINT('',(-29.2871486897578,40.4142135623731,27.5516979522467));
#2503=CARTESIAN_POINT('',(-29.4149632373841,41.,26.9800256755683));
#2504=VECTOR('',#2505,1.);
#2505=DIRECTION('',(0.154285807174052,-0.707106781186549,0.690069481794876));
#2506=CARTESIAN_POINT('',(-29.2871486897578,40.4142135623731,27.5516979522467));
#2507=VECTOR('',#2508,1.);
#2508=DIRECTION('',(0.,1.,0.));
#2509=CARTESIAN_POINT('',(-28.0930499886365,40.4142135623731,28.3094104913935));
#2510=AXIS2_PLACEMENT_3D('',#2511,#2512,#2513);
#2511=CARTESIAN_POINT('',(-28.3112430696237,40.4142135623731,27.3335048712595));
#2512=DIRECTION('',(-4.72373815535549E-16,1.,-2.11277213420122E-15));
#2513=DIRECTION('',(-0.975905620134089,-3.54987407349455E-30,0.218193080987227));
#2514=CARTESIAN_POINT('',(-28.0930499886365,40.4142135623731,28.3094104913935));
#2515=VECTOR('',#2516,1.);
#2516=DIRECTION('',(0.,1.,0.));
#2517=CARTESIAN_POINT('',(-31.1157994855511,37.8535533905933,14.7896498786859));
#2518=CARTESIAN_POINT('',(-31.115363110929,37.8515534387598,14.7916016382808));
#2519=CARTESIAN_POINT('',(-31.1144627791591,37.8474965752787,14.795628525079));
#2520=CARTESIAN_POINT('',(-31.1130588799094,37.8413866305389,14.8019077030994));
#2521=CARTESIAN_POINT('',(-31.1115508539287,37.8350578444713,14.8086526055679));
#2522=CARTESIAN_POINT('',(-31.1099365048595,37.8285400451109,14.8158730559984));
#2523=CARTESIAN_POINT('',(-31.1077667173855,37.820132327251,14.8255777990295));
#2524=CARTESIAN_POINT('',(-31.1043011903713,37.8074771028123,14.8410779570537));
#2525=CARTESIAN_POINT('',(-31.0983494874023,37.7879125432539,14.8676979597662));
#2526=CARTESIAN_POINT('',(-31.0893876757871,37.7632753707527,14.9077811845263));
#2527=CARTESIAN_POINT('',(-31.0774785353437,37.7383342628801,14.9610468382425));
#2528=CARTESIAN_POINT('',(-31.0636217470554,37.718757580864,15.0230236777679));
#2529=CARTESIAN_POINT('',(-31.0504171747483,37.7088861600842,15.0820833705329));
#2530=CARTESIAN_POINT('',(-31.0403366602336,37.7067510458511,15.1271701841215));
#2531=CARTESIAN_POINT('',(-31.0302561684034,37.707818076302,15.172256896247));
#2532=CARTESIAN_POINT('',(-31.0185458609338,37.7140439762638,15.2246332356885));
#2533=CARTESIAN_POINT('',(-31.0038754588079,37.73150623444,15.2902491013217));
#2534=CARTESIAN_POINT('',(-30.9898721287695,37.7580898303226,15.3528813737254));
#2535=CARTESIAN_POINT('',(-30.9768044424152,37.7932852573233,15.4113288208109));
#2536=CARTESIAN_POINT('',(-30.9649230270315,37.8364174037077,15.4644704694623));
#2537=CARTESIAN_POINT('',(-30.9544557568386,37.8866590633013,15.5112871135216));
#2538=CARTESIAN_POINT('',(-30.9456582112649,37.9426974085678,15.5506356305762));
#2539=CARTESIAN_POINT('',(-30.9388803649312,38.0014463457465,15.5809506996943));
#2540=CARTESIAN_POINT('',(-30.9343073949555,38.0576768087335,15.6014040847152));
#2541=CARTESIAN_POINT('',(-30.9317716022662,38.1041408063953,15.6127458483544));
#2542=CARTESIAN_POINT('',(-30.9305816466954,38.1372629545731,15.6180681266467));
#2543=CARTESIAN_POINT('',(-30.9300836706342,38.1574424171595,15.6202954094235));
#2544=CARTESIAN_POINT('',(-30.9298465907499,38.1704192858882,15.621355789518));
#2545=CARTESIAN_POINT('',(-30.9297106775174,38.180259749649,15.6219636845569));
#2546=CARTESIAN_POINT('',(-30.9296207839529,38.1896219955519,15.6223657487007));
#2547=CARTESIAN_POINT('',(-30.9295707549787,38.1984920497619,15.6225895116476));
#2548=CARTESIAN_POINT('',(-30.9295600407305,38.2042784255399,15.6226374329285));
#2549=CARTESIAN_POINT('',(-30.9295600414704,38.2071067811865,15.6226374296504));
#2550=CARTESIAN_POINT('',(18.7504197777998,40.4142135623731,17.8361426040066));
#2551=CARTESIAN_POINT('',(-28.0930499886365,40.4142135623731,28.3094104913935));
#2552=VECTOR('',#2553,1.);
#2553=DIRECTION('',(0.975905620134089,-4.44089209850063E-16,-0.218193080987229));
#2554=CARTESIAN_POINT('',(18.7504197777998,40.4142135623731,17.8361426040066));
#2555=VECTOR('',#2556,1.);
#2556=DIRECTION('',(0.,1.,0.));
#2557=AXIS2_PLACEMENT_3D('',#2558,#2559,#2560);
#2558=CARTESIAN_POINT('',(18.5322266968126,40.4142135623731,16.8602369838725));
#2559=DIRECTION('',(0.,1.,0.));
#2560=DIRECTION('',(0.218193080987231,0.,0.975905620134088));
#2561=CARTESIAN_POINT('',(18.5322266968126,39.,16.8602369838725));
#2562=VECTOR('',#2563,1.);
#2563=DIRECTION('',(-0.975905620134089,0.,0.218193080987229));
#2564=CARTESIAN_POINT('',(18.6865125039866,39.7071067811865,17.5503064656674));
#2565=CARTESIAN_POINT('',(18.5322266968126,39.,16.8602369838725));
#2566=VECTOR('',#2567,1.);
#2567=DIRECTION('',(0.154285807174056,0.707106781186546,0.690069481794878));
#2568=AXIS2_PLACEMENT_3D('',#2569,#2570,#2571);
#2569=CARTESIAN_POINT('',(18.5322266968126,40.4142135623731,16.8602369838725));
#2570=DIRECTION('',(-0.154285807174062,-0.707106781186512,-0.690069481794912));
#2571=DIRECTION('',(0.975905620134092,-1.49762747888103E-14,-0.218193080987214));
#2572=CARTESIAN_POINT('',(15.9139097249658,38.2071067811866,5.14936954226342));
#2573=VECTOR('',#2574,1.);
#2574=DIRECTION('',(-0.975905620134089,-1.48029736616688E-16,0.218193080987229));
#2575=AXIS2_PLACEMENT_3D('',#2576,#2577,#2578);
#2576=CARTESIAN_POINT('',(15.8048131844722,38.2071067811866,4.66141673219638));
#2577=DIRECTION('',(-0.975905620134089,-1.36642833800019E-16,0.218193080987229));
#2578=DIRECTION('',(-0.154285807174055,-0.707106781186548,-0.690069481794877));
#2579=AXIS2_PLACEMENT_3D('',#2580,#2581,#2582);
#2580=CARTESIAN_POINT('',(15.8048131844722,-38.2071067811866,4.66141673219637));
#2581=DIRECTION('',(0.975905620134089,-1.36642833800019E-16,-0.218193080987229));
#2582=DIRECTION('',(-0.154285807174055,0.707106781186548,-0.690069481794877));
#2583=CARTESIAN_POINT('',(15.9139097249658,-38.2071067811866,5.14936954226342));
#2584=VECTOR('',#2585,1.);
#2585=DIRECTION('',(-0.975905620134089,1.48029736616688E-16,0.218193080987229));
#2586=CARTESIAN_POINT('',(18.5322266968126,-39.,16.8602369838725));
#2587=VECTOR('',#2588,1.);
#2588=DIRECTION('',(-0.975905620134089,0.,0.218193080987229));
#2589=CARTESIAN_POINT('',(18.6865125039866,-39.7071067811865,17.5503064656673));
#2590=CARTESIAN_POINT('',(18.5322266968126,-39.,16.8602369838725));
#2591=VECTOR('',#2592,1.);
#2592=DIRECTION('',(0.154285807174054,-0.70710678118655,0.690069481794875));
#2593=AXIS2_PLACEMENT_3D('',#2594,#2595,#2596);
#2594=CARTESIAN_POINT('',(18.5322266968126,-40.4142135623731,16.8602369838725));
#2595=DIRECTION('',(0.15428580717406,-0.707106781186522,0.690069481794902));
#2596=DIRECTION('',(0.975905620134091,7.55682893947259E-15,-0.218193080987221));
#2597=CARTESIAN_POINT('',(18.7504197777998,-40.4142135623731,17.8361426040066));
#2598=AXIS2_PLACEMENT_3D('',#2599,#2600,#2601);
#2599=CARTESIAN_POINT('',(18.5322266968126,-40.4142135623731,16.8602369838725));
#2600=DIRECTION('',(-1.23259516440783E-32,1.,3.70623078441962E-16));
#2601=DIRECTION('',(0.218193080987228,-3.61693145202908E-16,0.975905620134089));
#2602=CARTESIAN_POINT('',(18.7504197777998,-40.4142135623731,17.8361426040066));
#2603=VECTOR('',#2604,1.);
#2604=DIRECTION('',(0.,-1.,0.));
#2605=CARTESIAN_POINT('',(-28.0930499886365,-40.4142135623731,28.3094104913935));
#2606=VECTOR('',#2607,1.);
#2607=DIRECTION('',(0.975905620134089,5.9211894646675E-16,-0.218193080987229));
#2608=CARTESIAN_POINT('',(-28.1569572624496,-39.7071067811865,28.0235743530543));
#2609=AXIS2_PLACEMENT_3D('',#2610,#2611,#2612);
#2610=CARTESIAN_POINT('',(-28.3112430696237,-40.4142135623731,27.3335048712595));
#2611=DIRECTION('',(-0.975905620134089,-6.24500451351651E-16,0.218193080987229));
#2612=DIRECTION('',(0.218193080987229,5.44009282066327E-15,0.975905620134089));
#2613=AXIS2_PLACEMENT_3D('',#2614,#2615,#2616);
#2614=CARTESIAN_POINT('',(-28.3112430696237,-40.4142135623731,27.3335048712595));
#2615=DIRECTION('',(0.154285807174054,-0.707106781186549,0.690069481794876));
#2616=DIRECTION('',(0.154285807174067,0.707106781186546,0.690069481794876));
#2617=CARTESIAN_POINT('',(-28.3112430696237,-39.,27.3335048712595));
#2618=VECTOR('',#2619,1.);
#2619=DIRECTION('',(0.154285807174055,-0.707106781186551,0.690069481794873));
#2620=CARTESIAN_POINT('',(-28.1569572624496,39.7071067811865,28.0235743530543));
#2621=CARTESIAN_POINT('',(-28.3112430696237,39.,27.3335048712595));
#2622=VECTOR('',#2623,1.);
#2623=DIRECTION('',(0.154285807174053,0.707106781186544,0.690069481794881));
#2624=AXIS2_PLACEMENT_3D('',#2625,#2626,#2627);
#2625=CARTESIAN_POINT('',(-28.3112430696237,40.4142135623731,27.3335048712595));
#2626=DIRECTION('',(-0.154285807174054,-0.707106781186549,-0.690069481794876));
#2627=DIRECTION('',(0.154285807174064,-0.707106781186546,0.690069481794876));
#2628=AXIS2_PLACEMENT_3D('',#2629,#2630,#2631);
#2629=CARTESIAN_POINT('',(-28.3112430696237,40.4142135623731,27.3335048712595));
#2630=DIRECTION('',(-0.975905620134089,4.16333634234434E-16,0.218193080987229));
#2631=DIRECTION('',(0.154285807174055,-0.707106781186546,0.690069481794879));
#2632=AXIS2_PLACEMENT_3D('',#2633,#2634,#2635);
#2633=CARTESIAN_POINT('',(18.5322266968126,40.4142135623731,16.8602369838725));
#2634=DIRECTION('',(0.975905620134089,-4.16333634234434E-16,-0.218193080987229));
#2635=DIRECTION('',(0.218193080987229,1.94289029309402E-15,0.975905620134089));
#2636=CARTESIAN_POINT('',(-28.1569572624496,39.7071067811865,28.0235743530543));
#2637=VECTOR('',#2638,1.);
#2638=DIRECTION('',(0.975905620134089,-2.96059473233375E-16,-0.218193080987229));
#2639=CARTESIAN_POINT('',(-28.1569572624496,-39.7071067811865,28.0235743530543));
#2640=VECTOR('',#2641,1.);
#2641=DIRECTION('',(0.975905620134089,4.44089209850063E-16,-0.218193080987229));
#2642=AXIS2_PLACEMENT_3D('',#2643,#2644,#2645);
#2643=CARTESIAN_POINT('',(18.5322266968126,-40.4142135623731,16.8602369838725));
#2644=DIRECTION('',(0.975905620134089,6.24500451351651E-16,-0.218193080987229));
#2645=DIRECTION('',(0.154285807174054,0.707106781186551,0.690069481794874));
ENDSEC;
END-ISO-10303-21;
