ISO-10303-21;
HEADER;
FILE_DESCRIPTION(('STEP AP242'),
    '1');
FILE_NAME('itemBoilerPowerControlHandle',
    '',
    ('UNSPECIFIED'),
    ('UNSPECIFIED'),
    'C3D Converter',
    'C3D Toolkit',
    '');
FILE_SCHEMA(('AP242_MANAGED_MODEL_BASED_3D_ENGINEERING_MIM_LF { 1 0 10303 442 1 1 4 }'));
ENDSEC;

DATA;
#1=PRODUCT_DEFINITION('','UNSPECIFIED',#28,#31);
#2=SHAPE_DEFINITION_REPRESENTATION(#26,#3);
#3=SHAPE_REPRESENTATION('NONE',(#4),#8);
#4=AXIS2_PLACEMENT_3D('',#5,#6,#7);
#5=CARTESIAN_POINT('',(0.,0.,0.));
#6=DIRECTION('',(0.,0.,1.));
#7=DIRECTION('',(1.,0.,0.));
#8=(GEOMETRIC_REPRESENTATION_CONTEXT(3)GLOBAL_UNCERTAINTY_ASSIGNED_CONTEXT((#10))
GLOBAL_UNIT_ASSIGNED_CONTEXT((#9,#11,#12))REPRESENTATION_CONTEXT('NONE','NONE'));
#9=(LENGTH_UNIT()NAMED_UNIT(*)SI_UNIT(.MILLI.,.METRE.));
#10=UNCERTAINTY_MEASURE_WITH_UNIT(LENGTH_MEASURE(1.E-5),#9,'NONE','NONE');
#11=(NAMED_UNIT(*)PLANE_ANGLE_UNIT()SI_UNIT($,.RADIAN.));
#12=(NAMED_UNIT(*)SI_UNIT($,.STERADIAN.)SOLID_ANGLE_UNIT());
#13=MANIFOLD_SOLID_BREP('',#14);
#14=CLOSED_SHELL('',(#48,#49,#50,#51,#52,#53,#54,#55,#56,#57,#58,#59,#60,#61,#62,
#63,#64,#65,#66,#67,#68,#69,#70,#71,#72,#73,#74,#75,#76,#77,#78,#79,#80,#81,#82,
#83,#84,#85,#86,#87,#88,#89,#90,#91,#92,#93,#94,#95,#96,#97,#98,#99,#100,#101,#102,
#103,#104,#105,#106,#107,#108,#109,#110,#111,#112,#113,#114,#115,#116,#117,#118,
#119,#120,#121,#122,#123,#124,#125,#126,#127,#128,#129,#130,#131,#132,#133,#134,
#135,#136,#137,#138,#139,#140,#141,#142,#143,#144,#145,#146,#147,#148,#149,#150,
#151,#152,#153,#154,#155,#156,#157,#158,#159,#160,#161,#162,#163,#164,#165,#166,
#167,#168,#169,#170,#171,#172,#173));
#15=COLOUR_RGB('',0.564705882352941,0.564705882352941,0.564705882352941);
#16=FILL_AREA_STYLE_COLOUR('',#15);
#17=FILL_AREA_STYLE($,(#16));
#18=SURFACE_STYLE_FILL_AREA(#17);
#19=SURFACE_SIDE_STYLE('',(#18));
#20=SURFACE_STYLE_USAGE(.BOTH.,#19);
#21=PRESENTATION_STYLE_ASSIGNMENT((#20));
#22=MECHANICAL_DESIGN_GEOMETRIC_PRESENTATION_REPRESENTATION('NONE',(#23),#8);
#23=STYLED_ITEM('',(#21),#13);
#24=ADVANCED_BREP_SHAPE_REPRESENTATION('NONE',(#13),#8);
#25=SHAPE_REPRESENTATION_RELATIONSHIP('','',#3,#24);
#26=PRODUCT_DEFINITION_SHAPE('NONE','NONE',#1);
#27=MECHANICAL_CONTEXT('NONE',#32,'mechanical');
#28=PRODUCT_DEFINITION_FORMATION_WITH_SPECIFIED_SOURCE('ANY','UNSPECIFIED',#29,.NOT_KNOWN.);
#29=PRODUCT('','itemBoilerPowerControlHandle','NONE',(#27));
#30=PRODUCT_RELATED_PRODUCT_CATEGORY('detail','',(#29));
#31=DESIGN_CONTEXT('detailed design',#32,'design');
#32=APPLICATION_CONTEXT('configuration controlled 3d designs of mechanical parts and assemblies');
#33=APPLICATION_PROTOCOL_DEFINITION('international standard','config_control_design',
1994,#32);
#34=CC_DESIGN_DATE_AND_TIME_ASSIGNMENT(#35,#39,(#1));
#35=DATE_AND_TIME(#36,#37);
#36=CALENDAR_DATE(0,1,1);
#37=LOCAL_TIME(0,0,0.,#38);
#38=COORDINATED_UNIVERSAL_TIME_OFFSET(0,0,.AHEAD.);
#39=DATE_TIME_ROLE('creation_date');
#40=CC_DESIGN_APPROVAL(#41,(#1));
#41=APPROVAL(#42,'UNSPECIFIED');
#42=APPROVAL_STATUS('not_yet_approved');
#43=APPROVAL_DATE_TIME(#44,#41);
#44=DATE_AND_TIME(#45,#46);
#45=CALENDAR_DATE(0,1,1);
#46=LOCAL_TIME(0,0,0.,#47);
#47=COORDINATED_UNIVERSAL_TIME_OFFSET(0,0,.AHEAD.);
#48=ADVANCED_FACE('',(#174,#176,#178),#180,.T.);
#49=ADVANCED_FACE('',(#185),#187,.F.);
#50=ADVANCED_FACE('',(#192),#194,.F.);
#51=ADVANCED_FACE('',(#199),#201,.F.);
#52=ADVANCED_FACE('',(#206),#208,.F.);
#53=ADVANCED_FACE('',(#213),#215,.F.);
#54=ADVANCED_FACE('',(#220),#222,.F.);
#55=ADVANCED_FACE('',(#227),#229,.F.);
#56=ADVANCED_FACE('',(#234),#236,.F.);
#57=ADVANCED_FACE('',(#241,#243),#245,.T.);
#58=ADVANCED_FACE('',(#250,#252),#254,.F.);
#59=ADVANCED_FACE('',(#259),#261,.F.);
#60=ADVANCED_FACE('',(#266),#268,.F.);
#61=ADVANCED_FACE('',(#273),#275,.T.);
#62=ADVANCED_FACE('',(#280),#282,.T.);
#63=ADVANCED_FACE('',(#287,#289),#291,.T.);
#64=ADVANCED_FACE('',(#296),#298,.T.);
#65=ADVANCED_FACE('',(#303),#305,.F.);
#66=ADVANCED_FACE('',(#310,#312),#314,.F.);
#67=ADVANCED_FACE('',(#319),#321,.F.);
#68=ADVANCED_FACE('',(#326),#328,.F.);
#69=ADVANCED_FACE('',(#333,#335),#337,.T.);
#70=ADVANCED_FACE('',(#342),#344,.T.);
#71=ADVANCED_FACE('',(#349,#351,#353),#355,.F.);
#72=ADVANCED_FACE('',(#360,#362),#364,.T.);
#73=ADVANCED_FACE('',(#369),#371,.F.);
#74=ADVANCED_FACE('',(#376),#378,.F.);
#75=ADVANCED_FACE('',(#383),#385,.F.);
#76=ADVANCED_FACE('',(#390),#392,.F.);
#77=ADVANCED_FACE('',(#397),#399,.T.);
#78=ADVANCED_FACE('',(#404),#406,.T.);
#79=ADVANCED_FACE('',(#411),#413,.F.);
#80=ADVANCED_FACE('',(#418),#420,.T.);
#81=ADVANCED_FACE('',(#425),#427,.F.);
#82=ADVANCED_FACE('',(#432),#434,.T.);
#83=ADVANCED_FACE('',(#439),#441,.T.);
#84=ADVANCED_FACE('',(#446),#448,.T.);
#85=ADVANCED_FACE('',(#453),#455,.F.);
#86=ADVANCED_FACE('',(#460,#462),#464,.T.);
#87=ADVANCED_FACE('',(#469),#471,.F.);
#88=ADVANCED_FACE('',(#476),#478,.T.);
#89=ADVANCED_FACE('',(#483),#485,.T.);
#90=ADVANCED_FACE('',(#490),#492,.T.);
#91=ADVANCED_FACE('',(#497),#499,.T.);
#92=ADVANCED_FACE('',(#504),#506,.T.);
#93=ADVANCED_FACE('',(#511),#513,.F.);
#94=ADVANCED_FACE('',(#518),#520,.T.);
#95=ADVANCED_FACE('',(#525),#527,.F.);
#96=ADVANCED_FACE('',(#532),#534,.T.);
#97=ADVANCED_FACE('',(#539),#541,.T.);
#98=ADVANCED_FACE('',(#546),#548,.T.);
#99=ADVANCED_FACE('',(#553),#555,.T.);
#100=ADVANCED_FACE('',(#560),#562,.T.);
#101=ADVANCED_FACE('',(#567),#569,.F.);
#102=ADVANCED_FACE('',(#574),#576,.T.);
#103=ADVANCED_FACE('',(#581),#583,.F.);
#104=ADVANCED_FACE('',(#588),#590,.T.);
#105=ADVANCED_FACE('',(#595),#597,.T.);
#106=ADVANCED_FACE('',(#602),#604,.T.);
#107=ADVANCED_FACE('',(#609),#611,.F.);
#108=ADVANCED_FACE('',(#616),#618,.T.);
#109=ADVANCED_FACE('',(#623),#625,.T.);
#110=ADVANCED_FACE('',(#630),#632,.T.);
#111=ADVANCED_FACE('',(#637),#639,.F.);
#112=ADVANCED_FACE('',(#644),#646,.F.);
#113=ADVANCED_FACE('',(#651),#653,.T.);
#114=ADVANCED_FACE('',(#658),#660,.F.);
#115=ADVANCED_FACE('',(#665),#667,.F.);
#116=ADVANCED_FACE('',(#672),#674,.T.);
#117=ADVANCED_FACE('',(#679),#681,.T.);
#118=ADVANCED_FACE('',(#686),#688,.T.);
#119=ADVANCED_FACE('',(#693),#695,.F.);
#120=ADVANCED_FACE('',(#700),#702,.F.);
#121=ADVANCED_FACE('',(#707),#709,.T.);
#122=ADVANCED_FACE('',(#714),#716,.F.);
#123=ADVANCED_FACE('',(#721),#723,.F.);
#124=ADVANCED_FACE('',(#728),#730,.T.);
#125=ADVANCED_FACE('',(#735),#737,.T.);
#126=ADVANCED_FACE('',(#742),#744,.T.);
#127=ADVANCED_FACE('',(#749),#751,.F.);
#128=ADVANCED_FACE('',(#756),#758,.F.);
#129=ADVANCED_FACE('',(#763),#765,.T.);
#130=ADVANCED_FACE('',(#770),#772,.F.);
#131=ADVANCED_FACE('',(#777),#779,.F.);
#132=ADVANCED_FACE('',(#784),#786,.T.);
#133=ADVANCED_FACE('',(#791),#793,.T.);
#134=ADVANCED_FACE('',(#798),#800,.T.);
#135=ADVANCED_FACE('',(#805),#807,.F.);
#136=ADVANCED_FACE('',(#812),#814,.F.);
#137=ADVANCED_FACE('',(#819),#821,.T.);
#138=ADVANCED_FACE('',(#826),#828,.F.);
#139=ADVANCED_FACE('',(#833),#835,.F.);
#140=ADVANCED_FACE('',(#840),#842,.T.);
#141=ADVANCED_FACE('',(#847),#849,.F.);
#142=ADVANCED_FACE('',(#854),#856,.T.);
#143=ADVANCED_FACE('',(#861),#863,.T.);
#144=ADVANCED_FACE('',(#868),#870,.F.);
#145=ADVANCED_FACE('',(#875),#877,.T.);
#146=ADVANCED_FACE('',(#882),#884,.F.);
#147=ADVANCED_FACE('',(#889),#891,.T.);
#148=ADVANCED_FACE('',(#896),#898,.T.);
#149=ADVANCED_FACE('',(#903),#905,.T.);
#150=ADVANCED_FACE('',(#910),#912,.T.);
#151=ADVANCED_FACE('',(#917),#919,.T.);
#152=ADVANCED_FACE('',(#924),#926,.F.);
#153=ADVANCED_FACE('',(#931),#933,.T.);
#154=ADVANCED_FACE('',(#938),#940,.F.);
#155=ADVANCED_FACE('',(#945),#947,.T.);
#156=ADVANCED_FACE('',(#952),#954,.T.);
#157=ADVANCED_FACE('',(#959),#961,.T.);
#158=ADVANCED_FACE('',(#966),#968,.T.);
#159=ADVANCED_FACE('',(#973),#975,.T.);
#160=ADVANCED_FACE('',(#980),#982,.F.);
#161=ADVANCED_FACE('',(#987),#989,.T.);
#162=ADVANCED_FACE('',(#994),#996,.F.);
#163=ADVANCED_FACE('',(#1001),#1003,.T.);
#164=ADVANCED_FACE('',(#1008),#1010,.T.);
#165=ADVANCED_FACE('',(#1015),#1017,.T.);
#166=ADVANCED_FACE('',(#1022),#1024,.T.);
#167=ADVANCED_FACE('',(#1029),#1031,.T.);
#168=ADVANCED_FACE('',(#1036),#1038,.F.);
#169=ADVANCED_FACE('',(#1043),#1045,.T.);
#170=ADVANCED_FACE('',(#1050),#1052,.F.);
#171=ADVANCED_FACE('',(#1057),#1059,.T.);
#172=ADVANCED_FACE('',(#1064),#1066,.T.);
#173=ADVANCED_FACE('',(#1071),#1073,.T.);
#174=FACE_BOUND('',#175,.T.);
#175=EDGE_LOOP('',(#1078,#1079,#1080,#1081));
#176=FACE_BOUND('',#177,.T.);
#177=EDGE_LOOP('',(#1082,#1083,#1084,#1085));
#178=FACE_BOUND('',#179,.T.);
#179=EDGE_LOOP('',(#1086,#1087));
#180=PLANE('',#181);
#181=AXIS2_PLACEMENT_3D('',#182,#183,#184);
#182=CARTESIAN_POINT('',(0.,0.,12.));
#183=DIRECTION('',(0.,0.,1.));
#184=DIRECTION('',(-1.,1.22464679914735E-16,0.));
#185=FACE_BOUND('',#186,.T.);
#186=EDGE_LOOP('',(#1088,#1089,#1090,#1091));
#187=PLANE('',#188);
#188=AXIS2_PLACEMENT_3D('',#189,#190,#191);
#189=CARTESIAN_POINT('',(2.12132034355966,22.1,7.));
#190=DIRECTION('',(0.707106781186548,-2.66915717976242E-16,0.707106781186547));
#191=DIRECTION('',(-0.707106781186547,0.,0.707106781186548));
#192=FACE_BOUND('',#193,.T.);
#193=EDGE_LOOP('',(#1092,#1093,#1094,#1095));
#194=PLANE('',#195);
#195=AXIS2_PLACEMENT_3D('',#196,#197,#198);
#196=CARTESIAN_POINT('',(2.12132034355966,22.1,7.));
#197=DIRECTION('',(0.707106781186548,-2.66915717976242E-16,0.707106781186547));
#198=DIRECTION('',(-0.707106781186547,0.,0.707106781186548));
#199=FACE_BOUND('',#200,.T.);
#200=EDGE_LOOP('',(#1096,#1097,#1098,#1099));
#201=PLANE('',#202);
#202=AXIS2_PLACEMENT_3D('',#203,#204,#205);
#203=CARTESIAN_POINT('',(1.61572898290376E-14,22.1,9.12132034355964));
#204=DIRECTION('',(-0.707106781186547,2.75412436388419E-16,0.707106781186547));
#205=DIRECTION('',(-0.707106781186547,0.,-0.707106781186547));
#206=FACE_BOUND('',#207,.T.);
#207=EDGE_LOOP('',(#1100,#1101,#1102,#1103));
#208=PLANE('',#209);
#209=AXIS2_PLACEMENT_3D('',#210,#211,#212);
#210=CARTESIAN_POINT('',(1.61572898290376E-14,22.1,9.12132034355964));
#211=DIRECTION('',(-0.707106781186547,2.75412436388419E-16,0.707106781186547));
#212=DIRECTION('',(-0.707106781186547,0.,-0.707106781186547));
#213=FACE_BOUND('',#214,.T.);
#214=EDGE_LOOP('',(#1104,#1105,#1106,#1107));
#215=PLANE('',#216);
#216=AXIS2_PLACEMENT_3D('',#217,#218,#219);
#217=CARTESIAN_POINT('',(-2.12132034355963,22.1,7.));
#218=DIRECTION('',(-0.707106781186547,2.66915717976242E-16,-0.707106781186547));
#219=DIRECTION('',(0.707106781186547,0.,-0.707106781186547));
#220=FACE_BOUND('',#221,.T.);
#221=EDGE_LOOP('',(#1108,#1109,#1110,#1111));
#222=PLANE('',#223);
#223=AXIS2_PLACEMENT_3D('',#224,#225,#226);
#224=CARTESIAN_POINT('',(-2.12132034355963,22.1,7.));
#225=DIRECTION('',(-0.707106781186547,2.66915717976242E-16,-0.707106781186547));
#226=DIRECTION('',(0.707106781186547,0.,-0.707106781186547));
#227=FACE_BOUND('',#228,.T.);
#228=EDGE_LOOP('',(#1112,#1113,#1114,#1115));
#229=PLANE('',#230);
#230=AXIS2_PLACEMENT_3D('',#231,#232,#233);
#231=CARTESIAN_POINT('',(1.59120509788898E-14,22.1,4.87867965644036));
#232=DIRECTION('',(0.707106781186548,-2.75412436388419E-16,-0.707106781186547));
#233=DIRECTION('',(0.707106781186547,0.,0.707106781186548));
#234=FACE_BOUND('',#235,.T.);
#235=EDGE_LOOP('',(#1116,#1117,#1118,#1119));
#236=PLANE('',#237);
#237=AXIS2_PLACEMENT_3D('',#238,#239,#240);
#238=CARTESIAN_POINT('',(1.59120509788898E-14,22.1,4.87867965644036));
#239=DIRECTION('',(0.707106781186548,-2.75412436388419E-16,-0.707106781186547));
#240=DIRECTION('',(0.707106781186547,0.,0.707106781186548));
#241=FACE_BOUND('',#242,.T.);
#242=EDGE_LOOP('',(#1120,#1121,#1122,#1123,#1124));
#243=FACE_BOUND('',#244,.T.);
#244=EDGE_LOOP('',(#1125,#1126,#1127,#1128));
#245=PLANE('',#246);
#246=AXIS2_PLACEMENT_3D('',#247,#248,#249);
#247=CARTESIAN_POINT('',(1.1065672479535E-15,4.1,0.));
#248=DIRECTION('',(5.11956682701455E-16,1.,0.));
#249=DIRECTION('',(-1.,5.11956682701455E-16,0.));
#250=FACE_BOUND('',#251,.T.);
#251=EDGE_LOOP('',(#1129,#1130,#1131,#1132,#1133));
#252=FACE_BOUND('',#253,.T.);
#253=EDGE_LOOP('',(#1134,#1135,#1136,#1137));
#254=PLANE('',#255);
#255=AXIS2_PLACEMENT_3D('',#256,#257,#258);
#256=CARTESIAN_POINT('',(2.64243729605786E-15,7.1,0.));
#257=DIRECTION('',(5.11956682701455E-16,1.,0.));
#258=DIRECTION('',(-1.,5.11956682701455E-16,0.));
#259=FACE_BOUND('',#260,.T.);
#260=EDGE_LOOP('',(#1138,#1139,#1140,#1141));
#261=PLANE('',#262);
#262=AXIS2_PLACEMENT_3D('',#263,#264,#265);
#263=CARTESIAN_POINT('',(3.00000000000001,4.1,12.));
#264=DIRECTION('',(1.,-5.9211894646675E-16,-2.6386563176307E-16));
#265=DIRECTION('',(-2.6386563176307E-16,0.,-1.));
#266=FACE_BOUND('',#267,.T.);
#267=EDGE_LOOP('',(#1142,#1143,#1144,#1145));
#268=PLANE('',#269);
#269=AXIS2_PLACEMENT_3D('',#270,#271,#272);
#270=CARTESIAN_POINT('',(-2.99999999999999,4.1,5.26794919243112));
#271=DIRECTION('',(-1.,5.9211894646675E-16,3.95798447644606E-16));
#272=DIRECTION('',(3.95798447644606E-16,0.,1.));
#273=FACE_BOUND('',#274,.T.);
#274=EDGE_LOOP('',(#1146,#1147,#1148,#1149));
#275=CYLINDRICAL_SURFACE('',#276,5.1);
#276=AXIS2_PLACEMENT_3D('',#277,#278,#279);
#277=CARTESIAN_POINT('',(0.,0.,0.));
#278=DIRECTION('',(0.,0.,1.));
#279=DIRECTION('',(-0.59473532894522,0.803921568627451,0.));
#280=FACE_BOUND('',#281,.T.);
#281=EDGE_LOOP('',(#1150,#1151,#1152,#1153));
#282=PLANE('',#283);
#283=AXIS2_PLACEMENT_3D('',#284,#285,#286);
#284=CARTESIAN_POINT('',(5.1,-2.08864177318283E-15,2.));
#285=DIRECTION('',(1.,-2.06511242080448E-16,0.));
#286=DIRECTION('',(2.06511242080448E-16,1.,0.));
#287=FACE_BOUND('',#288,.T.);
#288=EDGE_LOOP('',(#1154,#1155,#1156,#1157));
#289=FACE_BOUND('',#290,.T.);
#290=EDGE_LOOP('',(#1158,#1159,#1160,#1161));
#291=CYLINDRICAL_SURFACE('',#292,10.);
#292=AXIS2_PLACEMENT_3D('',#293,#294,#295);
#293=CARTESIAN_POINT('',(0.,0.,2.));
#294=DIRECTION('',(0.,0.,1.));
#295=DIRECTION('',(0.51,0.860174400921115,0.));
#296=FACE_BOUND('',#297,.T.);
#297=EDGE_LOOP('',(#1162,#1163,#1164,#1165));
#298=PLANE('',#299);
#299=AXIS2_PLACEMENT_3D('',#300,#301,#302);
#300=CARTESIAN_POINT('',(-5.1,8.60174400921116,2.));
#301=DIRECTION('',(-1.,1.03255621040224E-16,0.));
#302=DIRECTION('',(-1.03255621040224E-16,-1.,0.));
#303=FACE_BOUND('',#304,.T.);
#304=EDGE_LOOP('',(#1166,#1167,#1168,#1169));
#305=CYLINDRICAL_SURFACE('',#306,3.1);
#306=AXIS2_PLACEMENT_3D('',#307,#308,#309);
#307=CARTESIAN_POINT('',(0.,0.,0.));
#308=DIRECTION('',(0.,0.,1.));
#309=DIRECTION('',(-0.735597048451057,0.67741935483871,0.));
#310=FACE_BOUND('',#311,.T.);
#311=EDGE_LOOP('',(#1170,#1171,#1172,#1173));
#312=FACE_BOUND('',#313,.T.);
#313=EDGE_LOOP('',(#1174,#1175,#1176,#1177));
#314=PLANE('',#315);
#315=AXIS2_PLACEMENT_3D('',#316,#317,#318);
#316=CARTESIAN_POINT('',(2.28035085019828,2.1,0.));
#317=DIRECTION('',(3.8949200278672E-16,1.,0.));
#318=DIRECTION('',(-1.,3.8949200278672E-16,0.));
#319=FACE_BOUND('',#320,.T.);
#320=EDGE_LOOP('',(#1178,#1179,#1180,#1181));
#321=PLANE('',#322);
#322=AXIS2_PLACEMENT_3D('',#323,#324,#325);
#323=CARTESIAN_POINT('',(3.00000000000001,4.1,5.26794919243112));
#324=DIRECTION('',(0.5,-2.96059473233375E-16,-0.866025403784439));
#325=DIRECTION('',(-0.866025403784439,5.12790049702284E-16,-0.5));
#326=FACE_BOUND('',#327,.T.);
#327=EDGE_LOOP('',(#1182,#1183,#1184,#1185));
#328=PLANE('',#329);
#329=AXIS2_PLACEMENT_3D('',#330,#331,#332);
#330=CARTESIAN_POINT('',(7.76790539570444E-15,4.1,3.53589838486225));
#331=DIRECTION('',(-0.5,2.55978341350727E-16,-0.866025403784439));
#332=DIRECTION('',(-0.866025403784439,5.12790049702284E-16,0.5));
#333=FACE_BOUND('',#334,.T.);
#334=EDGE_LOOP('',(#1186));
#335=FACE_BOUND('',#336,.T.);
#336=EDGE_LOOP('',(#1187,#1188,#1189,#1190));
#337=PLANE('',#338);
#338=AXIS2_PLACEMENT_3D('',#339,#340,#341);
#339=CARTESIAN_POINT('',(0.,0.,2.));
#340=DIRECTION('',(0.,0.,1.));
#341=DIRECTION('',(-1.,1.22464679914735E-16,0.));
#342=FACE_BOUND('',#343,.T.);
#343=EDGE_LOOP('',(#1191,#1192));
#344=PLANE('',#345);
#345=AXIS2_PLACEMENT_3D('',#346,#347,#348);
#346=CARTESIAN_POINT('',(0.,0.,2.));
#347=DIRECTION('',(0.,0.,1.));
#348=DIRECTION('',(-1.,1.22464679914735E-16,0.));
#349=FACE_OUTER_BOUND('',#350,.T.);
#350=EDGE_LOOP('',(#1193));
#351=FACE_OUTER_BOUND('',#352,.T.);
#352=EDGE_LOOP('',(#1194));
#353=FACE_BOUND('',#354,.T.);
#354=EDGE_LOOP('',(#1195,#1196,#1197,#1198));
#355=CYLINDRICAL_SURFACE('',#356,17.5);
#356=AXIS2_PLACEMENT_3D('',#357,#358,#359);
#357=CARTESIAN_POINT('',(0.,0.,2.));
#358=DIRECTION('',(0.,0.,1.));
#359=DIRECTION('',(-1.,1.22464679914735E-16,0.));
#360=FACE_BOUND('',#361,.T.);
#361=EDGE_LOOP('',(#1199,#1200,#1201,#1202,#1203,#1204,#1205,#1206,#1207,#1208,#1209,
#1210,#1211,#1212,#1213,#1214,#1215,#1216,#1217,#1218,#1219,#1220,#1221,#1222,#1223,
#1224,#1225,#1226,#1227,#1228,#1229,#1230));
#362=FACE_BOUND('',#363,.T.);
#363=EDGE_LOOP('',(#1231));
#364=PLANE('',#365);
#365=AXIS2_PLACEMENT_3D('',#366,#367,#368);
#366=CARTESIAN_POINT('',(0.,0.,12.));
#367=DIRECTION('',(0.,0.,1.));
#368=DIRECTION('',(-1.,1.22464679914735E-16,0.));
#369=FACE_BOUND('',#370,.T.);
#370=EDGE_LOOP('',(#1232,#1233,#1234,#1235));
#371=PLANE('',#372);
#372=AXIS2_PLACEMENT_3D('',#373,#374,#375);
#373=CARTESIAN_POINT('',(2.12132034355966,22.1,7.));
#374=DIRECTION('',(0.707106781186548,-2.66915717976242E-16,0.707106781186547));
#375=DIRECTION('',(-0.707106781186547,0.,0.707106781186548));
#376=FACE_BOUND('',#377,.T.);
#377=EDGE_LOOP('',(#1236,#1237,#1238,#1239));
#378=PLANE('',#379);
#379=AXIS2_PLACEMENT_3D('',#380,#381,#382);
#380=CARTESIAN_POINT('',(1.59120509788898E-14,22.1,4.87867965644036));
#381=DIRECTION('',(0.707106781186548,-2.75412436388419E-16,-0.707106781186547));
#382=DIRECTION('',(0.707106781186547,0.,0.707106781186548));
#383=FACE_BOUND('',#384,.T.);
#384=EDGE_LOOP('',(#1240,#1241,#1242,#1243));
#385=PLANE('',#386);
#386=AXIS2_PLACEMENT_3D('',#387,#388,#389);
#387=CARTESIAN_POINT('',(-2.12132034355963,22.1,7.));
#388=DIRECTION('',(-0.707106781186547,2.66915717976242E-16,-0.707106781186547));
#389=DIRECTION('',(0.707106781186547,0.,-0.707106781186547));
#390=FACE_BOUND('',#391,.T.);
#391=EDGE_LOOP('',(#1244,#1245,#1246,#1247));
#392=PLANE('',#393);
#393=AXIS2_PLACEMENT_3D('',#394,#395,#396);
#394=CARTESIAN_POINT('',(1.61572898290376E-14,22.1,9.12132034355964));
#395=DIRECTION('',(-0.707106781186547,2.75412436388419E-16,0.707106781186547));
#396=DIRECTION('',(-0.707106781186547,0.,-0.707106781186547));
#397=FACE_BOUND('',#398,.T.);
#398=EDGE_LOOP('',(#1248,#1249,#1250,#1251));
#399=CYLINDRICAL_SURFACE('',#400,2.);
#400=AXIS2_PLACEMENT_3D('',#401,#402,#403);
#401=CARTESIAN_POINT('',(21.8063400285891,-17.5636993414699,-4.));
#402=DIRECTION('',(0.,0.,-1.));
#403=DIRECTION('',(0.707106781186545,0.70710678118655,0.));
#404=FACE_BOUND('',#405,.T.);
#405=EDGE_LOOP('',(#1252,#1253,#1254,#1255));
#406=PLANE('',#407);
#407=AXIS2_PLACEMENT_3D('',#408,#409,#410);
#408=CARTESIAN_POINT('',(24.4520345692846,-17.3809667574192,0.));
#409=DIRECTION('',(0.707106781186545,0.70710678118655,0.));
#410=DIRECTION('',(-0.70710678118655,0.707106781186545,0.));
#411=FACE_BOUND('',#412,.T.);
#412=EDGE_LOOP('',(#1256,#1257,#1258,#1259));
#413=CYLINDRICAL_SURFACE('',#414,2.);
#414=AXIS2_PLACEMENT_3D('',#415,#416,#417);
#415=CARTESIAN_POINT('',(19.3242039797709,-9.42470904315928,-4.));
#416=DIRECTION('',(0.,-1.77635683940025E-16,-1.));
#417=DIRECTION('',(-0.707106781186546,-0.707106781186549,1.25607396694702E-16));
#418=FACE_BOUND('',#419,.T.);
#419=EDGE_LOOP('',(#1260,#1261,#1262,#1263));
#420=CYLINDRICAL_SURFACE('',#421,19.5);
#421=AXIS2_PLACEMENT_3D('',#422,#423,#424);
#422=CARTESIAN_POINT('',(0.,0.,0.));
#423=DIRECTION('',(0.,0.,1.));
#424=DIRECTION('',(-1.,1.22464679914735E-16,0.));
#425=FACE_BOUND('',#426,.T.);
#426=EDGE_LOOP('',(#1264,#1265,#1266,#1267));
#427=CYLINDRICAL_SURFACE('',#428,2.);
#428=AXIS2_PLACEMENT_3D('',#429,#430,#431);
#429=CARTESIAN_POINT('',(19.0178203866264,10.0285845333236,-4.));
#430=DIRECTION('',(0.,0.,1.));
#431=DIRECTION('',(-0.898393001030665,0.439192458609111,0.));
#432=FACE_BOUND('',#433,.T.);
#433=EDGE_LOOP('',(#1268,#1269,#1270,#1271));
#434=PLANE('',#435);
#435=AXIS2_PLACEMENT_3D('',#436,#437,#438);
#436=CARTESIAN_POINT('',(16.4970153027485,9.42594749088298,0.));
#437=DIRECTION('',(0.898393001030665,-0.439192458609111,0.));
#438=DIRECTION('',(0.439192458609111,0.898393001030665,0.));
#439=FACE_BOUND('',#440,.T.);
#440=EDGE_LOOP('',(#1272,#1273,#1274,#1275));
#441=PLANE('',#442);
#442=AXIS2_PLACEMENT_3D('',#443,#444,#445);
#443=CARTESIAN_POINT('',(21.9081424055669,20.4947138632722,0.));
#444=DIRECTION('',(0.707106781186549,0.707106781186547,0.));
#445=DIRECTION('',(-0.707106781186547,0.707106781186549,0.));
#446=FACE_BOUND('',#447,.T.);
#447=EDGE_LOOP('',(#1276,#1277,#1278,#1279));
#448=PLANE('',#449);
#449=AXIS2_PLACEMENT_3D('',#450,#451,#452);
#450=CARTESIAN_POINT('',(20.4947138632722,21.9081424055669,0.));
#451=DIRECTION('',(-0.43924207784961,0.898368742246945,0.));
#452=DIRECTION('',(-0.898368742246945,-0.43924207784961,0.));
#453=FACE_BOUND('',#454,.T.);
#454=EDGE_LOOP('',(#1280,#1281,#1282,#1283));
#455=CYLINDRICAL_SURFACE('',#456,2.);
#456=AXIS2_PLACEMENT_3D('',#457,#458,#459);
#457=CARTESIAN_POINT('',(10.0292301419418,19.017479926635,-4.));
#458=DIRECTION('',(0.,0.,-1.));
#459=DIRECTION('',(0.439242077849611,-0.898368742246944,0.));
#460=FACE_BOUND('',#461,.T.);
#461=EDGE_LOOP('',(#1284,#1285,#1286,#1287));
#462=FACE_BOUND('',#463,.T.);
#463=EDGE_LOOP('',(#1288,#1289,#1290,#1291));
#464=CYLINDRICAL_SURFACE('',#465,19.5);
#465=AXIS2_PLACEMENT_3D('',#466,#467,#468);
#466=CARTESIAN_POINT('',(0.,0.,0.));
#467=DIRECTION('',(0.,0.,1.));
#468=DIRECTION('',(-1.,1.22464679914735E-16,0.));
#469=FACE_BOUND('',#470,.T.);
#470=EDGE_LOOP('',(#1292,#1293,#1294,#1295));
#471=CYLINDRICAL_SURFACE('',#472,2.);
#472=AXIS2_PLACEMENT_3D('',#473,#474,#475);
#473=CARTESIAN_POINT('',(-9.4247090431592,19.3242039797709,-4.));
#474=DIRECTION('',(-2.66453525910038E-16,-3.5527136788005E-16,1.));
#475=DIRECTION('',(-0.707106781186548,-0.707106781186547,-4.39625888431457E-16));
#476=FACE_BOUND('',#477,.T.);
#477=EDGE_LOOP('',(#1296,#1297,#1298,#1299));
#478=PLANE('',#479);
#479=AXIS2_PLACEMENT_3D('',#480,#481,#482);
#480=CARTESIAN_POINT('',(-9.42594749088297,16.4970153027485,0.));
#481=DIRECTION('',(0.707106781186548,0.707106781186547,0.));
#482=DIRECTION('',(-0.707106781186547,0.707106781186548,0.));
#483=FACE_BOUND('',#484,.T.);
#484=EDGE_LOOP('',(#1300,#1301,#1302,#1303));
#485=CYLINDRICAL_SURFACE('',#486,2.);
#486=AXIS2_PLACEMENT_3D('',#487,#488,#489);
#487=CARTESIAN_POINT('',(-17.5636993414699,21.8063400285892,-4.));
#488=DIRECTION('',(0.,0.,-1.));
#489=DIRECTION('',(-0.627274976481066,0.7787978581639,0.));
#490=FACE_BOUND('',#491,.T.);
#491=EDGE_LOOP('',(#1304,#1305,#1306,#1307));
#492=CYLINDRICAL_SURFACE('',#493,30.);
#493=AXIS2_PLACEMENT_3D('',#494,#495,#496);
#494=CARTESIAN_POINT('',(0.,0.,0.));
#495=DIRECTION('',(0.,0.,1.));
#496=DIRECTION('',(-0.579365558580638,0.815067818976155,0.));
#497=FACE_BOUND('',#498,.T.);
#498=EDGE_LOOP('',(#1308,#1309,#1310,#1311));
#499=CYLINDRICAL_SURFACE('',#500,2.);
#500=AXIS2_PLACEMENT_3D('',#501,#502,#503);
#501=CARTESIAN_POINT('',(-21.8063400285892,17.5636993414699,-4.));
#502=DIRECTION('',(0.,0.,-1.));
#503=DIRECTION('',(-0.707106781186547,-0.707106781186548,0.));
#504=FACE_BOUND('',#505,.T.);
#505=EDGE_LOOP('',(#1312,#1313,#1314,#1315));
#506=PLANE('',#507);
#507=AXIS2_PLACEMENT_3D('',#508,#509,#510);
#508=CARTESIAN_POINT('',(-24.4520345692846,17.3809667574192,0.));
#509=DIRECTION('',(-0.707106781186548,-0.707106781186547,0.));
#510=DIRECTION('',(0.707106781186547,-0.707106781186548,0.));
#511=FACE_BOUND('',#512,.T.);
#512=EDGE_LOOP('',(#1316,#1317,#1318,#1319));
#513=CYLINDRICAL_SURFACE('',#514,2.);
#514=AXIS2_PLACEMENT_3D('',#515,#516,#517);
#515=CARTESIAN_POINT('',(-19.3242039797709,9.42470904315921,-4.));
#516=DIRECTION('',(0.,8.88178419700125E-17,-1.));
#517=DIRECTION('',(0.707106781186548,0.707106781186547,6.28036983473509E-17));
#518=FACE_BOUND('',#519,.T.);
#519=EDGE_LOOP('',(#1320,#1321,#1322,#1323));
#520=CYLINDRICAL_SURFACE('',#521,19.5);
#521=AXIS2_PLACEMENT_3D('',#522,#523,#524);
#522=CARTESIAN_POINT('',(0.,0.,0.));
#523=DIRECTION('',(0.,0.,1.));
#524=DIRECTION('',(-1.,1.22464679914735E-16,0.));
#525=FACE_BOUND('',#526,.T.);
#526=EDGE_LOOP('',(#1324,#1325,#1326,#1327));
#527=CYLINDRICAL_SURFACE('',#528,2.);
#528=AXIS2_PLACEMENT_3D('',#529,#530,#531);
#529=CARTESIAN_POINT('',(-19.3238359583413,-9.42546358833952,-4.));
#530=DIRECTION('',(0.,0.,1.));
#531=DIRECTION('',(0.707106781186549,-0.707106781186547,0.));
#532=FACE_BOUND('',#533,.T.);
#533=EDGE_LOOP('',(#1328,#1329,#1330,#1331));
#534=PLANE('',#535);
#535=AXIS2_PLACEMENT_3D('',#536,#537,#538);
#536=CARTESIAN_POINT('',(-16.4966071089598,-9.42666186370421,0.));
#537=DIRECTION('',(-0.707106781186547,0.707106781186548,0.));
#538=DIRECTION('',(-0.707106781186548,-0.707106781186547,0.));
#539=FACE_BOUND('',#540,.T.);
#540=EDGE_LOOP('',(#1332,#1333,#1334,#1335));
#541=CYLINDRICAL_SURFACE('',#542,2.);
#542=AXIS2_PLACEMENT_3D('',#543,#544,#545);
#543=CARTESIAN_POINT('',(-21.8058392228639,-17.5643211023544,-4.));
#544=DIRECTION('',(0.,0.,-1.));
#545=DIRECTION('',(-0.778779972245138,-0.627297182226943,0.));
#546=FACE_BOUND('',#547,.T.);
#547=EDGE_LOOP('',(#1336,#1337,#1338,#1339));
#548=CYLINDRICAL_SURFACE('',#549,30.);
#549=AXIS2_PLACEMENT_3D('',#550,#551,#552);
#550=CARTESIAN_POINT('',(0.,0.,0.));
#551=DIRECTION('',(0.,0.,1.));
#552=DIRECTION('',(-0.815052271747612,-0.579387430239091,0.));
#553=FACE_BOUND('',#554,.T.);
#554=EDGE_LOOP('',(#1340,#1341,#1342,#1343));
#555=CYLINDRICAL_SURFACE('',#556,2.);
#556=AXIS2_PLACEMENT_3D('',#557,#558,#559);
#557=CARTESIAN_POINT('',(-17.5636993414699,-21.8063400285892,-4.));
#558=DIRECTION('',(0.,0.,-1.));
#559=DIRECTION('',(0.707106781186549,-0.707106781186546,0.));
#560=FACE_BOUND('',#561,.T.);
#561=EDGE_LOOP('',(#1344,#1345,#1346,#1347));
#562=PLANE('',#563);
#563=AXIS2_PLACEMENT_3D('',#564,#565,#566);
#564=CARTESIAN_POINT('',(-17.3809667574191,-24.4520345692846,0.));
#565=DIRECTION('',(0.707106781186549,-0.707106781186546,0.));
#566=DIRECTION('',(0.707106781186546,0.707106781186549,0.));
#567=FACE_BOUND('',#568,.T.);
#568=EDGE_LOOP('',(#1348,#1349,#1350,#1351));
#569=CYLINDRICAL_SURFACE('',#570,2.);
#570=AXIS2_PLACEMENT_3D('',#571,#572,#573);
#571=CARTESIAN_POINT('',(-9.42470904315921,-19.3242039797709,-4.));
#572=DIRECTION('',(0.,0.,-1.));
#573=DIRECTION('',(-0.70710678118655,0.707106781186545,0.));
#574=FACE_BOUND('',#575,.T.);
#575=EDGE_LOOP('',(#1352,#1353,#1354,#1355));
#576=CYLINDRICAL_SURFACE('',#577,19.5);
#577=AXIS2_PLACEMENT_3D('',#578,#579,#580);
#578=CARTESIAN_POINT('',(0.,0.,0.));
#579=DIRECTION('',(0.,0.,1.));
#580=DIRECTION('',(-1.,1.22464679914735E-16,0.));
#581=FACE_BOUND('',#582,.T.);
#582=EDGE_LOOP('',(#1356,#1357,#1358,#1359));
#583=CYLINDRICAL_SURFACE('',#584,2.);
#584=AXIS2_PLACEMENT_3D('',#585,#586,#587);
#585=CARTESIAN_POINT('',(9.42470904315918,-19.3242039797709,-4.));
#586=DIRECTION('',(0.,0.,1.));
#587=DIRECTION('',(0.707106781186551,0.707106781186544,0.));
#588=FACE_BOUND('',#589,.T.);
#589=EDGE_LOOP('',(#1360,#1361,#1362,#1363));
#590=PLANE('',#591);
#591=AXIS2_PLACEMENT_3D('',#592,#593,#594);
#592=CARTESIAN_POINT('',(9.42594749088298,-16.4970153027485,0.));
#593=DIRECTION('',(-0.707106781186551,-0.707106781186544,0.));
#594=DIRECTION('',(0.707106781186544,-0.707106781186551,0.));
#595=FACE_BOUND('',#596,.T.);
#596=EDGE_LOOP('',(#1364,#1365,#1366,#1367));
#597=CYLINDRICAL_SURFACE('',#598,2.);
#598=AXIS2_PLACEMENT_3D('',#599,#600,#601);
#599=CARTESIAN_POINT('',(17.5636993414698,-21.8063400285892,-4.));
#600=DIRECTION('',(0.,0.,-1.));
#601=DIRECTION('',(0.627274976481066,-0.7787978581639,0.));
#602=FACE_BOUND('',#603,.T.);
#603=EDGE_LOOP('',(#1368,#1369,#1370,#1371));
#604=CYLINDRICAL_SURFACE('',#605,30.);
#605=AXIS2_PLACEMENT_3D('',#606,#607,#608);
#606=CARTESIAN_POINT('',(0.,0.,0.));
#607=DIRECTION('',(0.,0.,1.));
#608=DIRECTION('',(0.579365558580636,-0.815067818976156,0.));
#609=FACE_BOUND('',#610,.T.);
#610=EDGE_LOOP('',(#1372,#1373,#1374,#1375,#1376,#1377,#1378,#1379,#1380,#1381,#1382,
#1383,#1384,#1385,#1386,#1387,#1388,#1389,#1390,#1391,#1392,#1393,#1394,#1395,#1396,
#1397,#1398,#1399,#1400,#1401,#1402,#1403));
#611=PLANE('',#612);
#612=AXIS2_PLACEMENT_3D('',#613,#614,#615);
#613=CARTESIAN_POINT('',(0.,0.,0.));
#614=DIRECTION('',(0.,0.,1.));
#615=DIRECTION('',(-1.,1.22464679914735E-16,0.));
#616=FACE_BOUND('',#617,.T.);
#617=EDGE_LOOP('',(#1404,#1405,#1406,#1407));
#618=CYLINDRICAL_SURFACE('',#619,1.2);
#619=AXIS2_PLACEMENT_3D('',#620,#621,#622);
#620=CARTESIAN_POINT('',(20.45377976748,20.2520202265113,-4.8));
#621=DIRECTION('',(0.,0.,-1.));
#622=DIRECTION('',(0.707106781186549,0.707106781186546,0.));
#623=FACE_BOUND('',#624,.T.);
#624=EDGE_LOOP('',(#1408,#1409,#1410,#1411));
#625=CYLINDRICAL_SURFACE('',#626,1.2);
#626=AXIS2_PLACEMENT_3D('',#627,#628,#629);
#627=CARTESIAN_POINT('',(20.2520556055185,20.4537443884729,-4.8));
#628=DIRECTION('',(0.,0.,-1.));
#629=DIRECTION('',(-0.43924207784961,0.898368742246944,0.));
#630=FACE_BOUND('',#631,.T.);
#631=EDGE_LOOP('',(#1412,#1413,#1414,#1415));
#632=CONICAL_SURFACE('',#633,0.700000000000001,0.785398163397448);
#633=AXIS2_PLACEMENT_3D('',#634,#635,#636);
#634=CARTESIAN_POINT('',(20.2520556055185,20.4537443884729,0.5));
#635=DIRECTION('',(0.,0.,1.));
#636=DIRECTION('',(0.945833681478773,-0.324651577818916,0.));
#637=FACE_BOUND('',#638,.T.);
#638=EDGE_LOOP('',(#1416,#1417,#1418,#1419));
#639=PLANE('',#640);
#640=AXIS2_PLACEMENT_3D('',#641,#642,#643);
#641=CARTESIAN_POINT('',(23.3184400810867,23.2887551905677,1.));
#642=DIRECTION('',(0.310591051829928,-0.635242629648843,0.707106781186548));
#643=DIRECTION('',(-0.898368742246944,-0.43924207784961,3.52537939041958E-17));
#644=FACE_BOUND('',#645,.T.);
#645=EDGE_LOOP('',(#1420,#1421,#1422,#1423));
#646=CONICAL_SURFACE('',#647,2.5,0.785398163397448);
#647=AXIS2_PLACEMENT_3D('',#648,#649,#650);
#648=CARTESIAN_POINT('',(10.0292301419418,19.017479926635,0.5));
#649=DIRECTION('',(0.,0.,-1.));
#650=DIRECTION('',(0.955308170262802,0.29561173831419,0.));
#651=FACE_BOUND('',#652,.T.);
#652=EDGE_LOOP('',(#1424,#1425,#1426,#1427));
#653=CONICAL_SURFACE('',#654,19.,0.785398163397448);
#654=AXIS2_PLACEMENT_3D('',#655,#656,#657);
#655=CARTESIAN_POINT('',(0.,0.,0.5));
#656=DIRECTION('',(0.,0.,1.));
#657=DIRECTION('',(0.55919167110849,0.829038403792547,0.));
#658=FACE_BOUND('',#659,.T.);
#659=EDGE_LOOP('',(#1428,#1429,#1430,#1431));
#660=CONICAL_SURFACE('',#661,2.5,0.785398163397448);
#661=AXIS2_PLACEMENT_3D('',#662,#663,#664);
#662=CARTESIAN_POINT('',(-9.4247090431592,19.3242039797709,0.5));
#663=DIRECTION('',(0.,0.,-1.));
#664=DIRECTION('',(1.,-1.4210854715202E-15,0.));
#665=FACE_BOUND('',#666,.T.);
#666=EDGE_LOOP('',(#1432,#1433,#1434,#1435));
#667=PLANE('',#668);
#668=AXIS2_PLACEMENT_3D('',#669,#670,#671);
#669=CARTESIAN_POINT('',(-8.01049548078611,15.0815632926516,1.));
#670=DIRECTION('',(-0.500000000000001,-0.500000000000001,0.707106781186546));
#671=DIRECTION('',(-0.707106781186547,0.707106781186548,0.));
#672=FACE_BOUND('',#673,.T.);
#673=EDGE_LOOP('',(#1436,#1437,#1438,#1439));
#674=CONICAL_SURFACE('',#675,1.5,0.78539816339745);
#675=AXIS2_PLACEMENT_3D('',#676,#677,#678);
#676=CARTESIAN_POINT('',(-17.5636993414699,21.8063400285892,0.5));
#677=DIRECTION('',(0.,0.,1.));
#678=DIRECTION('',(0.994243636219647,-0.107142857142857,0.));
#679=FACE_BOUND('',#680,.T.);
#680=EDGE_LOOP('',(#1440,#1441,#1442,#1443));
#681=CONICAL_SURFACE('',#682,29.5,0.785398163397448);
#682=AXIS2_PLACEMENT_3D('',#683,#684,#685);
#683=CARTESIAN_POINT('',(0.,0.,0.5));
#684=DIRECTION('',(0.,0.,1.));
#685=DIRECTION('',(-0.572116200885084,0.820172574940676,0.));
#686=FACE_BOUND('',#687,.T.);
#687=EDGE_LOOP('',(#1444,#1445,#1446,#1447));
#688=CONICAL_SURFACE('',#689,1.5,0.785398163397449);
#689=AXIS2_PLACEMENT_3D('',#690,#691,#692);
#690=CARTESIAN_POINT('',(-21.8063400285892,17.5636993414699,0.5));
#691=DIRECTION('',(0.,0.,1.));
#692=DIRECTION('',(-2.368475785867E-15,1.,0.));
#693=FACE_BOUND('',#694,.T.);
#694=EDGE_LOOP('',(#1448,#1449,#1450,#1451));
#695=PLANE('',#696);
#696=AXIS2_PLACEMENT_3D('',#697,#698,#699);
#697=CARTESIAN_POINT('',(-26.0489807157084,18.977912903843,1.));
#698=DIRECTION('',(0.500000000000001,0.500000000000001,0.707106781186546));
#699=DIRECTION('',(0.707106781186547,-0.707106781186548,3.57899311688221E-18));
#700=FACE_BOUND('',#701,.T.);
#701=EDGE_LOOP('',(#1452,#1453,#1454,#1455));
#702=CONICAL_SURFACE('',#703,2.5,0.785398163397449);
#703=AXIS2_PLACEMENT_3D('',#704,#705,#706);
#704=CARTESIAN_POINT('',(-19.3242039797709,9.42470904315921,0.5));
#705=DIRECTION('',(0.,0.,-1.));
#706=DIRECTION('',(-0.325581395348836,0.945514016290983,0.));
#707=FACE_BOUND('',#708,.T.);
#708=EDGE_LOOP('',(#1456,#1457,#1458,#1459));
#709=CONICAL_SURFACE('',#710,19.,0.785398163397449);
#710=AXIS2_PLACEMENT_3D('',#711,#712,#713);
#711=CARTESIAN_POINT('',(0.,0.,0.5));
#712=DIRECTION('',(0.,0.,1.));
#713=DIRECTION('',(-0.84625513891854,0.532777852255481,0.));
#714=FACE_BOUND('',#715,.T.);
#715=EDGE_LOOP('',(#1460,#1461,#1462,#1463));
#716=CONICAL_SURFACE('',#717,2.5,0.785398163397449);
#717=AXIS2_PLACEMENT_3D('',#718,#719,#720);
#718=CARTESIAN_POINT('',(-19.3238359583413,-9.42546358833952,0.5));
#719=DIRECTION('',(0.,0.,-1.));
#720=DIRECTION('',(2.8421709430404E-15,1.,0.));
#721=FACE_BOUND('',#722,.T.);
#722=EDGE_LOOP('',(#1464,#1465,#1466,#1467));
#723=PLANE('',#724);
#724=AXIS2_PLACEMENT_3D('',#725,#726,#727);
#725=CARTESIAN_POINT('',(-15.0811952712221,-8.01125002596642,1.));
#726=DIRECTION('',(0.500000000000001,-0.500000000000002,0.707106781186545));
#727=DIRECTION('',(-0.707106781186548,-0.707106781186547,-3.69131386407328E-17));
#728=FACE_BOUND('',#729,.T.);
#729=EDGE_LOOP('',(#1468,#1469,#1470,#1471));
#730=CONICAL_SURFACE('',#731,1.5,0.785398163397449);
#731=AXIS2_PLACEMENT_3D('',#732,#733,#734);
#732=CARTESIAN_POINT('',(-21.8058392228639,-17.5643211023544,0.5));
#733=DIRECTION('',(0.,0.,1.));
#734=DIRECTION('',(0.107114508054922,0.994246690798693,0.));
#735=FACE_BOUND('',#736,.T.);
#736=EDGE_LOOP('',(#1472,#1473,#1474,#1475));
#737=CONICAL_SURFACE('',#738,29.5,0.785398163397447);
#738=AXIS2_PLACEMENT_3D('',#739,#740,#741);
#739=CARTESIAN_POINT('',(0.,0.,0.5));
#740=DIRECTION('',(0.,0.,1.));
#741=DIRECTION('',(-0.820156261757005,-0.572139586377989,0.));
#742=FACE_BOUND('',#743,.T.);
#743=EDGE_LOOP('',(#1476,#1477,#1478,#1479));
#744=CONICAL_SURFACE('',#745,1.5,0.785398163397447);
#745=AXIS2_PLACEMENT_3D('',#746,#747,#748);
#746=CARTESIAN_POINT('',(-17.5636993414699,-21.8063400285892,0.5));
#747=DIRECTION('',(0.,0.,1.));
#748=DIRECTION('',(-1.,-4.73695157173399E-15,0.));
#749=FACE_BOUND('',#750,.T.);
#750=EDGE_LOOP('',(#1480,#1481,#1482,#1483));
#751=PLANE('',#752);
#752=AXIS2_PLACEMENT_3D('',#753,#754,#755);
#753=CARTESIAN_POINT('',(-18.9779129038429,-26.0489807157085,1.));
#754=DIRECTION('',(-0.500000000000002,0.5,0.707106781186546));
#755=DIRECTION('',(0.707106781186546,0.707106781186549,0.));
#756=FACE_BOUND('',#757,.T.);
#757=EDGE_LOOP('',(#1484,#1485,#1486,#1487));
#758=CONICAL_SURFACE('',#759,2.5,0.785398163397449);
#759=AXIS2_PLACEMENT_3D('',#760,#761,#762);
#760=CARTESIAN_POINT('',(-9.42470904315921,-19.3242039797709,0.5));
#761=DIRECTION('',(0.,0.,-1.));
#762=DIRECTION('',(-0.945514016290982,-0.325581395348838,0.));
#763=FACE_BOUND('',#764,.T.);
#764=EDGE_LOOP('',(#1488,#1489,#1490,#1491));
#765=CONICAL_SURFACE('',#766,19.,0.785398163397449);
#766=AXIS2_PLACEMENT_3D('',#767,#768,#769);
#767=CARTESIAN_POINT('',(0.,0.,0.5));
#768=DIRECTION('',(0.,0.,1.));
#769=DIRECTION('',(-0.532777852255481,-0.84625513891854,0.));
#770=FACE_BOUND('',#771,.T.);
#771=EDGE_LOOP('',(#1492,#1493,#1494,#1495));
#772=CONICAL_SURFACE('',#773,2.5,0.785398163397448);
#773=AXIS2_PLACEMENT_3D('',#774,#775,#776);
#774=CARTESIAN_POINT('',(9.42470904315918,-19.3242039797709,0.5));
#775=DIRECTION('',(0.,0.,-1.));
#776=DIRECTION('',(-1.,5.6843418860808E-15,0.));
#777=FACE_BOUND('',#778,.T.);
#778=EDGE_LOOP('',(#1496,#1497,#1498,#1499));
#779=PLANE('',#780);
#780=AXIS2_PLACEMENT_3D('',#781,#782,#783);
#781=CARTESIAN_POINT('',(8.0104954807861,-15.0815632926516,1.));
#782=DIRECTION('',(0.500000000000004,0.5,0.707106781186545));
#783=DIRECTION('',(0.707106781186544,-0.707106781186551,0.));
#784=FACE_BOUND('',#785,.T.);
#785=EDGE_LOOP('',(#1500,#1501,#1502,#1503));
#786=CONICAL_SURFACE('',#787,1.5,0.78539816339745);
#787=AXIS2_PLACEMENT_3D('',#788,#789,#790);
#788=CARTESIAN_POINT('',(17.5636993414698,-21.8063400285892,0.5));
#789=DIRECTION('',(0.,0.,1.));
#790=DIRECTION('',(-0.994243636219647,0.107142857142859,0.));
#791=FACE_BOUND('',#792,.T.);
#792=EDGE_LOOP('',(#1504,#1505,#1506,#1507));
#793=CONICAL_SURFACE('',#794,29.5,0.785398163397445);
#794=AXIS2_PLACEMENT_3D('',#795,#796,#797);
#795=CARTESIAN_POINT('',(0.,0.,0.5));
#796=DIRECTION('',(0.,0.,1.));
#797=DIRECTION('',(0.572116200885082,-0.820172574940677,0.));
#798=FACE_BOUND('',#799,.T.);
#799=EDGE_LOOP('',(#1508,#1509,#1510,#1511));
#800=CONICAL_SURFACE('',#801,1.5,0.785398163397448);
#801=AXIS2_PLACEMENT_3D('',#802,#803,#804);
#802=CARTESIAN_POINT('',(21.8063400285891,-17.5636993414699,0.5));
#803=DIRECTION('',(0.,0.,1.));
#804=DIRECTION('',(2.368475785867E-15,-1.,0.));
#805=FACE_BOUND('',#806,.T.);
#806=EDGE_LOOP('',(#1512,#1513,#1514,#1515));
#807=PLANE('',#808);
#808=AXIS2_PLACEMENT_3D('',#809,#810,#811);
#809=CARTESIAN_POINT('',(26.0489807157084,-18.977912903843,1.));
#810=DIRECTION('',(-0.499999999999999,-0.500000000000003,0.707106781186546));
#811=DIRECTION('',(-0.70710678118655,0.707106781186545,0.));
#812=FACE_BOUND('',#813,.T.);
#813=EDGE_LOOP('',(#1516,#1517,#1518,#1519));
#814=CONICAL_SURFACE('',#815,2.5,0.785398163397448);
#815=AXIS2_PLACEMENT_3D('',#816,#817,#818);
#816=CARTESIAN_POINT('',(19.3242039797709,-9.42470904315928,0.5));
#817=DIRECTION('',(0.,0.,-1.));
#818=DIRECTION('',(0.325581395348834,-0.945514016290984,0.));
#819=FACE_BOUND('',#820,.T.);
#820=EDGE_LOOP('',(#1520,#1521,#1522,#1523));
#821=CONICAL_SURFACE('',#822,19.,0.785398163397448);
#822=AXIS2_PLACEMENT_3D('',#823,#824,#825);
#823=CARTESIAN_POINT('',(0.,0.,0.5));
#824=DIRECTION('',(0.,0.,1.));
#825=DIRECTION('',(0.846255138918537,-0.532777852255484,0.));
#826=FACE_BOUND('',#827,.T.);
#827=EDGE_LOOP('',(#1524,#1525,#1526,#1527));
#828=CONICAL_SURFACE('',#829,2.5,0.785398163397449);
#829=AXIS2_PLACEMENT_3D('',#830,#831,#832);
#830=CARTESIAN_POINT('',(19.0178203866264,10.0285845333236,0.5));
#831=DIRECTION('',(0.,0.,-1.));
#832=DIRECTION('',(0.324703817470823,-0.94581574892781,0.));
#833=FACE_BOUND('',#834,.T.);
#834=EDGE_LOOP('',(#1528,#1529,#1530,#1531));
#835=PLANE('',#836);
#836=AXIS2_PLACEMENT_3D('',#837,#838,#839);
#837=CARTESIAN_POINT('',(15.4642645501286,7.3133974464192,1.));
#838=DIRECTION('',(-0.635259783199316,0.310555965728494,0.707106781186547));
#839=DIRECTION('',(0.439192458609111,0.898393001030665,-3.52526244777649E-17));
#840=FACE_BOUND('',#841,.T.);
#841=EDGE_LOOP('',(#1532,#1533,#1534,#1535));
#842=CONICAL_SURFACE('',#843,0.699999999999999,0.785398163397447);
#843=AXIS2_PLACEMENT_3D('',#844,#845,#846);
#844=CARTESIAN_POINT('',(20.45377976748,20.2520202265113,0.500000000000001));
#845=DIRECTION('',(0.,0.,1.));
#846=DIRECTION('',(0.,-1.,0.));
#847=FACE_BOUND('',#848,.T.);
#848=EDGE_LOOP('',(#1536,#1537,#1538,#1539));
#849=PLANE('',#850);
#850=AXIS2_PLACEMENT_3D('',#851,#852,#853);
#851=CARTESIAN_POINT('',(22.7143770386348,19.6884792302042,1.));
#852=DIRECTION('',(-0.5,-0.499999999999999,0.707106781186549));
#853=DIRECTION('',(-0.707106781186547,0.707106781186548,0.));
#854=FACE_BOUND('',#855,.T.);
#855=EDGE_LOOP('',(#1540,#1541,#1542,#1543));
#856=CONICAL_SURFACE('',#857,0.700000000000001,0.785398163397447);
#857=AXIS2_PLACEMENT_3D('',#858,#859,#860);
#858=CARTESIAN_POINT('',(20.2520556055185,20.4537443884729,11.5));
#859=DIRECTION('',(0.,0.,-1.));
#860=DIRECTION('',(-1.,0.,0.));
#861=FACE_BOUND('',#862,.T.);
#862=EDGE_LOOP('',(#1544,#1545,#1546,#1547));
#863=PLANE('',#864);
#864=AXIS2_PLACEMENT_3D('',#865,#866,#867);
#865=CARTESIAN_POINT('',(23.3184400810867,23.2887551905677,11.));
#866=DIRECTION('',(-0.310591051829929,0.635242629648844,0.707106781186547));
#867=DIRECTION('',(-0.898368742246944,-0.43924207784961,-3.52537939041957E-17));
#868=FACE_BOUND('',#869,.T.);
#869=EDGE_LOOP('',(#1548,#1549,#1550,#1551));
#870=CONICAL_SURFACE('',#871,2.5,0.785398163397449);
#871=AXIS2_PLACEMENT_3D('',#872,#873,#874);
#872=CARTESIAN_POINT('',(10.0292301419418,19.017479926635,11.5));
#873=DIRECTION('',(0.,0.,1.));
#874=DIRECTION('',(-0.945833681478773,0.324651577818915,0.));
#875=FACE_BOUND('',#876,.T.);
#876=EDGE_LOOP('',(#1552,#1553,#1554,#1555));
#877=CONICAL_SURFACE('',#878,19.,0.785398163397447);
#878=AXIS2_PLACEMENT_3D('',#879,#880,#881);
#879=CARTESIAN_POINT('',(0.,0.,11.5));
#880=DIRECTION('',(0.,0.,-1.));
#881=DIRECTION('',(-0.55919167110849,-0.829038403792547,0.));
#882=FACE_BOUND('',#883,.T.);
#883=EDGE_LOOP('',(#1556,#1557,#1558,#1559));
#884=CONICAL_SURFACE('',#885,2.5,0.785398163397452);
#885=AXIS2_PLACEMENT_3D('',#886,#887,#888);
#886=CARTESIAN_POINT('',(-9.4247090431592,19.3242039797709,11.5));
#887=DIRECTION('',(0.,0.,1.));
#888=DIRECTION('',(-0.94551401629098,0.325581395348844,0.));
#889=FACE_BOUND('',#890,.T.);
#890=EDGE_LOOP('',(#1560,#1561,#1562,#1563));
#891=PLANE('',#892);
#892=AXIS2_PLACEMENT_3D('',#893,#894,#895);
#893=CARTESIAN_POINT('',(-8.01049548078611,15.0815632926516,11.));
#894=DIRECTION('',(0.500000000000001,0.5,0.707106781186547));
#895=DIRECTION('',(-0.707106781186547,0.707106781186548,1.38247259558671E-16));
#896=FACE_BOUND('',#897,.T.);
#897=EDGE_LOOP('',(#1564,#1565,#1566,#1567));
#898=CONICAL_SURFACE('',#899,1.5,0.785398163397447);
#899=AXIS2_PLACEMENT_3D('',#900,#901,#902);
#900=CARTESIAN_POINT('',(-17.5636993414699,21.8063400285892,11.5));
#901=DIRECTION('',(0.,0.,-1.));
#902=DIRECTION('',(-1.,2.36847578586699E-15,0.));
#903=FACE_BOUND('',#904,.T.);
#904=EDGE_LOOP('',(#1568,#1569,#1570,#1571));
#905=CONICAL_SURFACE('',#906,29.5,0.785398163397448);
#906=AXIS2_PLACEMENT_3D('',#907,#908,#909);
#907=CARTESIAN_POINT('',(0.,0.,11.5));
#908=DIRECTION('',(0.,0.,-1.));
#909=DIRECTION('',(0.572116200885084,-0.820172574940676,0.));
#910=FACE_BOUND('',#911,.T.);
#911=EDGE_LOOP('',(#1572,#1573,#1574,#1575));
#912=CONICAL_SURFACE('',#913,1.5,0.785398163397447);
#913=AXIS2_PLACEMENT_3D('',#914,#915,#916);
#914=CARTESIAN_POINT('',(-21.8063400285892,17.5636993414699,11.5));
#915=DIRECTION('',(0.,0.,-1.));
#916=DIRECTION('',(0.107142857142859,-0.994243636219647,0.));
#917=FACE_BOUND('',#918,.T.);
#918=EDGE_LOOP('',(#1576,#1577,#1578,#1579));
#919=PLANE('',#920);
#920=AXIS2_PLACEMENT_3D('',#921,#922,#923);
#921=CARTESIAN_POINT('',(-26.0489807157084,18.977912903843,11.));
#922=DIRECTION('',(-0.500000000000002,-0.500000000000001,0.707106781186546));
#923=DIRECTION('',(0.707106781186547,-0.707106781186548,4.0491684844278E-17));
#924=FACE_BOUND('',#925,.T.);
#925=EDGE_LOOP('',(#1580,#1581,#1582,#1583));
#926=CONICAL_SURFACE('',#927,2.5,0.785398163397447);
#927=AXIS2_PLACEMENT_3D('',#928,#929,#930);
#928=CARTESIAN_POINT('',(-19.3242039797709,9.42470904315921,11.5));
#929=DIRECTION('',(0.,0.,1.));
#930=DIRECTION('',(-1.4210854715202E-15,-1.,0.));
#931=FACE_BOUND('',#932,.T.);
#932=EDGE_LOOP('',(#1584,#1585,#1586,#1587));
#933=CONICAL_SURFACE('',#934,19.,0.785398163397449);
#934=AXIS2_PLACEMENT_3D('',#935,#936,#937);
#935=CARTESIAN_POINT('',(0.,0.,11.5));
#936=DIRECTION('',(0.,0.,-1.));
#937=DIRECTION('',(0.846255138918539,-0.532777852255481,0.));
#938=FACE_BOUND('',#939,.T.);
#939=EDGE_LOOP('',(#1588,#1589,#1590,#1591));
#940=CONICAL_SURFACE('',#941,2.5,0.785398163397448);
#941=AXIS2_PLACEMENT_3D('',#942,#943,#944);
#942=CARTESIAN_POINT('',(-19.3238359583413,-9.42546358833952,11.5));
#943=DIRECTION('',(0.,0.,1.));
#944=DIRECTION('',(-0.325544475606417,-0.94552672854983,0.));
#945=FACE_BOUND('',#946,.T.);
#946=EDGE_LOOP('',(#1592,#1593,#1594,#1595));
#947=PLANE('',#948);
#948=AXIS2_PLACEMENT_3D('',#949,#950,#951);
#949=CARTESIAN_POINT('',(-15.0811952712221,-8.01125002596642,11.));
#950=DIRECTION('',(-0.500000000000001,0.500000000000001,0.707106781186546));
#951=DIRECTION('',(-0.707106781186548,-0.707106781186547,0.));
#952=FACE_BOUND('',#953,.T.);
#953=EDGE_LOOP('',(#1596,#1597,#1598,#1599));
#954=CONICAL_SURFACE('',#955,1.5,0.785398163397448);
#955=AXIS2_PLACEMENT_3D('',#956,#957,#958);
#956=CARTESIAN_POINT('',(-21.8058392228639,-17.5643211023544,11.5));
#957=DIRECTION('',(0.,0.,-1.));
#958=DIRECTION('',(0.,-1.,0.));
#959=FACE_BOUND('',#960,.T.);
#960=EDGE_LOOP('',(#1600,#1601,#1602,#1603));
#961=CONICAL_SURFACE('',#962,29.5,0.785398163397448);
#962=AXIS2_PLACEMENT_3D('',#963,#964,#965);
#963=CARTESIAN_POINT('',(0.,0.,11.5));
#964=DIRECTION('',(0.,0.,-1.));
#965=DIRECTION('',(0.820156261757005,0.572139586377989,0.));
#966=FACE_BOUND('',#967,.T.);
#967=EDGE_LOOP('',(#1604,#1605,#1606,#1607));
#968=CONICAL_SURFACE('',#969,1.5,0.785398163397447);
#969=AXIS2_PLACEMENT_3D('',#970,#971,#972);
#970=CARTESIAN_POINT('',(-17.5636993414699,-21.8063400285892,11.5));
#971=DIRECTION('',(0.,0.,-1.));
#972=DIRECTION('',(0.994243636219647,0.107142857142859,0.));
#973=FACE_BOUND('',#974,.T.);
#974=EDGE_LOOP('',(#1608,#1609,#1610,#1611));
#975=PLANE('',#976);
#976=AXIS2_PLACEMENT_3D('',#977,#978,#979);
#977=CARTESIAN_POINT('',(-18.9779129038429,-26.0489807157085,11.));
#978=DIRECTION('',(0.500000000000002,-0.5,0.707106781186546));
#979=DIRECTION('',(0.707106781186546,0.707106781186549,0.));
#980=FACE_BOUND('',#981,.T.);
#981=EDGE_LOOP('',(#1612,#1613,#1614,#1615));
#982=CONICAL_SURFACE('',#983,2.5,0.78539816339745);
#983=AXIS2_PLACEMENT_3D('',#984,#985,#986);
#984=CARTESIAN_POINT('',(-9.42470904315921,-19.3242039797709,11.5));
#985=DIRECTION('',(0.,0.,1.));
#986=DIRECTION('',(1.,2.8421709430404E-15,0.));
#987=FACE_BOUND('',#988,.T.);
#988=EDGE_LOOP('',(#1616,#1617,#1618,#1619));
#989=CONICAL_SURFACE('',#990,19.,0.785398163397449);
#990=AXIS2_PLACEMENT_3D('',#991,#992,#993);
#991=CARTESIAN_POINT('',(0.,0.,11.5));
#992=DIRECTION('',(0.,0.,-1.));
#993=DIRECTION('',(0.532777852255481,0.84625513891854,0.));
#994=FACE_BOUND('',#995,.T.);
#995=EDGE_LOOP('',(#1620,#1621,#1622,#1623));
#996=CONICAL_SURFACE('',#997,2.5,0.785398163397449);
#997=AXIS2_PLACEMENT_3D('',#998,#999,#1000);
#998=CARTESIAN_POINT('',(9.42470904315918,-19.3242039797709,11.5));
#999=DIRECTION('',(0.,0.,1.));
#1000=DIRECTION('',(0.945514016290982,-0.325581395348839,0.));
#1001=FACE_BOUND('',#1002,.T.);
#1002=EDGE_LOOP('',(#1624,#1625,#1626,#1627));
#1003=PLANE('',#1004);
#1004=AXIS2_PLACEMENT_3D('',#1005,#1006,#1007);
#1005=CARTESIAN_POINT('',(8.0104954807861,-15.0815632926516,11.));
#1006=DIRECTION('',(-0.500000000000003,-0.499999999999998,0.707106781186547));
#1007=DIRECTION('',(0.707106781186544,-0.707106781186551,1.38247259558671E-16));
#1008=FACE_BOUND('',#1009,.T.);
#1009=EDGE_LOOP('',(#1628,#1629,#1630,#1631));
#1010=CONICAL_SURFACE('',#1011,1.5,0.78539816339745);
#1011=AXIS2_PLACEMENT_3D('',#1012,#1013,#1014);
#1012=CARTESIAN_POINT('',(17.5636993414698,-21.8063400285892,11.5));
#1013=DIRECTION('',(0.,0.,-1.));
#1014=DIRECTION('',(1.,-2.36847578586701E-15,0.));
#1015=FACE_BOUND('',#1016,.T.);
#1016=EDGE_LOOP('',(#1632,#1633,#1634,#1635));
#1017=CONICAL_SURFACE('',#1018,29.5,0.785398163397445);
#1018=AXIS2_PLACEMENT_3D('',#1019,#1020,#1021);
#1019=CARTESIAN_POINT('',(0.,0.,11.5));
#1020=DIRECTION('',(0.,0.,-1.));
#1021=DIRECTION('',(-0.572116200885082,0.820172574940677,0.));
#1022=FACE_BOUND('',#1023,.T.);
#1023=EDGE_LOOP('',(#1636,#1637,#1638,#1639));
#1024=CONICAL_SURFACE('',#1025,1.5,0.785398163397448);
#1025=AXIS2_PLACEMENT_3D('',#1026,#1027,#1028);
#1026=CARTESIAN_POINT('',(21.8063400285891,-17.5636993414699,11.5));
#1027=DIRECTION('',(0.,0.,-1.));
#1028=DIRECTION('',(-0.107142857142854,0.994243636219647,0.));
#1029=FACE_BOUND('',#1030,.T.);
#1030=EDGE_LOOP('',(#1640,#1641,#1642,#1643));
#1031=PLANE('',#1032);
#1032=AXIS2_PLACEMENT_3D('',#1033,#1034,#1035);
#1033=CARTESIAN_POINT('',(26.0489807157084,-18.977912903843,11.));
#1034=DIRECTION('',(0.5,0.500000000000004,0.707106781186544));
#1035=DIRECTION('',(-0.70710678118655,0.707106781186545,9.77555747143938E-17));
#1036=FACE_BOUND('',#1037,.T.);
#1037=EDGE_LOOP('',(#1644,#1645,#1646,#1647));
#1038=CONICAL_SURFACE('',#1039,2.5,0.785398163397452);
#1039=AXIS2_PLACEMENT_3D('',#1040,#1041,#1042);
#1040=CARTESIAN_POINT('',(19.3242039797709,-9.42470904315928,11.5));
#1041=DIRECTION('',(0.,0.,1.));
#1042=DIRECTION('',(-2.8421709430404E-15,1.,0.));
#1043=FACE_BOUND('',#1044,.T.);
#1044=EDGE_LOOP('',(#1648,#1649,#1650,#1651));
#1045=CONICAL_SURFACE('',#1046,19.,0.785398163397448);
#1046=AXIS2_PLACEMENT_3D('',#1047,#1048,#1049);
#1047=CARTESIAN_POINT('',(0.,0.,11.5));
#1048=DIRECTION('',(0.,0.,-1.));
#1049=DIRECTION('',(-0.846255138918538,0.532777852255484,0.));
#1050=FACE_BOUND('',#1051,.T.);
#1051=EDGE_LOOP('',(#1652,#1653,#1654,#1655));
#1052=CONICAL_SURFACE('',#1053,2.5,0.785398163397449);
#1053=AXIS2_PLACEMENT_3D('',#1054,#1055,#1056);
#1054=CARTESIAN_POINT('',(19.0178203866264,10.0285845333236,11.5));
#1055=DIRECTION('',(0.,0.,1.));
#1056=DIRECTION('',(0.295644168816541,0.955298134324974,0.));
#1057=FACE_BOUND('',#1058,.T.);
#1058=EDGE_LOOP('',(#1656,#1657,#1658,#1659));
#1059=PLANE('',#1060);
#1060=AXIS2_PLACEMENT_3D('',#1061,#1062,#1063);
#1061=CARTESIAN_POINT('',(15.4642645501286,7.3133974464192,11.));
#1062=DIRECTION('',(0.635259783199316,-0.310555965728494,0.707106781186548));
#1063=DIRECTION('',(0.439192458609111,0.898393001030665,3.5252624477765E-17));
#1064=FACE_BOUND('',#1065,.T.);
#1065=EDGE_LOOP('',(#1660,#1661,#1662,#1663));
#1066=CONICAL_SURFACE('',#1067,0.699999999999998,0.785398163397449);
#1067=AXIS2_PLACEMENT_3D('',#1068,#1069,#1070);
#1068=CARTESIAN_POINT('',(20.45377976748,20.2520202265113,11.5));
#1069=DIRECTION('',(0.,0.,-1.));
#1070=DIRECTION('',(-0.324703817470821,0.945815748927811,0.));
#1071=FACE_BOUND('',#1072,.T.);
#1072=EDGE_LOOP('',(#1664,#1665,#1666,#1667));
#1073=PLANE('',#1074);
#1074=AXIS2_PLACEMENT_3D('',#1075,#1076,#1077);
#1075=CARTESIAN_POINT('',(22.7143770386348,19.6884792302042,11.));
#1076=DIRECTION('',(0.5,0.499999999999999,0.707106781186549));
#1077=DIRECTION('',(-0.707106781186547,0.707106781186548,0.));
#1078=ORIENTED_EDGE('',*,*,#1668,.T.);
#1079=ORIENTED_EDGE('',*,*,#1669,.T.);
#1080=ORIENTED_EDGE('',*,*,#1670,.T.);
#1081=ORIENTED_EDGE('',*,*,#1671,.T.);
#1082=ORIENTED_EDGE('',*,*,#1672,.T.);
#1083=ORIENTED_EDGE('',*,*,#1673,.T.);
#1084=ORIENTED_EDGE('',*,*,#1674,.T.);
#1085=ORIENTED_EDGE('',*,*,#1675,.T.);
#1086=ORIENTED_EDGE('',*,*,#1676,.T.);
#1087=ORIENTED_EDGE('',*,*,#1677,.T.);
#1088=ORIENTED_EDGE('',*,*,#1678,.T.);
#1089=ORIENTED_EDGE('',*,*,#1679,.F.);
#1090=ORIENTED_EDGE('',*,*,#1680,.F.);
#1091=ORIENTED_EDGE('',*,*,#1681,.T.);
#1092=ORIENTED_EDGE('',*,*,#1682,.T.);
#1093=ORIENTED_EDGE('',*,*,#1683,.T.);
#1094=ORIENTED_EDGE('',*,*,#1684,.F.);
#1095=ORIENTED_EDGE('',*,*,#1685,.F.);
#1096=ORIENTED_EDGE('',*,*,#1686,.T.);
#1097=ORIENTED_EDGE('',*,*,#1687,.F.);
#1098=ORIENTED_EDGE('',*,*,#1688,.F.);
#1099=ORIENTED_EDGE('',*,*,#1679,.T.);
#1100=ORIENTED_EDGE('',*,*,#1689,.T.);
#1101=ORIENTED_EDGE('',*,*,#1685,.T.);
#1102=ORIENTED_EDGE('',*,*,#1690,.F.);
#1103=ORIENTED_EDGE('',*,*,#1691,.F.);
#1104=ORIENTED_EDGE('',*,*,#1692,.T.);
#1105=ORIENTED_EDGE('',*,*,#1693,.F.);
#1106=ORIENTED_EDGE('',*,*,#1694,.F.);
#1107=ORIENTED_EDGE('',*,*,#1687,.T.);
#1108=ORIENTED_EDGE('',*,*,#1695,.T.);
#1109=ORIENTED_EDGE('',*,*,#1691,.T.);
#1110=ORIENTED_EDGE('',*,*,#1696,.F.);
#1111=ORIENTED_EDGE('',*,*,#1697,.F.);
#1112=ORIENTED_EDGE('',*,*,#1698,.T.);
#1113=ORIENTED_EDGE('',*,*,#1681,.F.);
#1114=ORIENTED_EDGE('',*,*,#1699,.F.);
#1115=ORIENTED_EDGE('',*,*,#1693,.T.);
#1116=ORIENTED_EDGE('',*,*,#1700,.T.);
#1117=ORIENTED_EDGE('',*,*,#1697,.T.);
#1118=ORIENTED_EDGE('',*,*,#1701,.F.);
#1119=ORIENTED_EDGE('',*,*,#1683,.F.);
#1120=ORIENTED_EDGE('',*,*,#1675,.F.);
#1121=ORIENTED_EDGE('',*,*,#1702,.T.);
#1122=ORIENTED_EDGE('',*,*,#1703,.T.);
#1123=ORIENTED_EDGE('',*,*,#1704,.T.);
#1124=ORIENTED_EDGE('',*,*,#1705,.T.);
#1125=ORIENTED_EDGE('',*,*,#1700,.F.);
#1126=ORIENTED_EDGE('',*,*,#1682,.F.);
#1127=ORIENTED_EDGE('',*,*,#1689,.F.);
#1128=ORIENTED_EDGE('',*,*,#1695,.F.);
#1129=ORIENTED_EDGE('',*,*,#1673,.F.);
#1130=ORIENTED_EDGE('',*,*,#1706,.F.);
#1131=ORIENTED_EDGE('',*,*,#1707,.F.);
#1132=ORIENTED_EDGE('',*,*,#1708,.F.);
#1133=ORIENTED_EDGE('',*,*,#1709,.F.);
#1134=ORIENTED_EDGE('',*,*,#1698,.F.);
#1135=ORIENTED_EDGE('',*,*,#1692,.F.);
#1136=ORIENTED_EDGE('',*,*,#1686,.F.);
#1137=ORIENTED_EDGE('',*,*,#1678,.F.);
#1138=ORIENTED_EDGE('',*,*,#1674,.F.);
#1139=ORIENTED_EDGE('',*,*,#1709,.T.);
#1140=ORIENTED_EDGE('',*,*,#1710,.F.);
#1141=ORIENTED_EDGE('',*,*,#1702,.F.);
#1142=ORIENTED_EDGE('',*,*,#1672,.F.);
#1143=ORIENTED_EDGE('',*,*,#1705,.F.);
#1144=ORIENTED_EDGE('',*,*,#1711,.T.);
#1145=ORIENTED_EDGE('',*,*,#1706,.T.);
#1146=ORIENTED_EDGE('',*,*,#1712,.F.);
#1147=ORIENTED_EDGE('',*,*,#1668,.F.);
#1148=ORIENTED_EDGE('',*,*,#1713,.F.);
#1149=ORIENTED_EDGE('',*,*,#1714,.F.);
#1150=ORIENTED_EDGE('',*,*,#1715,.T.);
#1151=ORIENTED_EDGE('',*,*,#1716,.T.);
#1152=ORIENTED_EDGE('',*,*,#1669,.F.);
#1153=ORIENTED_EDGE('',*,*,#1712,.T.);
#1154=ORIENTED_EDGE('',*,*,#1717,.T.);
#1155=ORIENTED_EDGE('',*,*,#1718,.T.);
#1156=ORIENTED_EDGE('',*,*,#1670,.F.);
#1157=ORIENTED_EDGE('',*,*,#1716,.F.);
#1158=ORIENTED_EDGE('',*,*,#1680,.T.);
#1159=ORIENTED_EDGE('',*,*,#1688,.T.);
#1160=ORIENTED_EDGE('',*,*,#1694,.T.);
#1161=ORIENTED_EDGE('',*,*,#1699,.T.);
#1162=ORIENTED_EDGE('',*,*,#1719,.T.);
#1163=ORIENTED_EDGE('',*,*,#1713,.T.);
#1164=ORIENTED_EDGE('',*,*,#1671,.F.);
#1165=ORIENTED_EDGE('',*,*,#1718,.F.);
#1166=ORIENTED_EDGE('',*,*,#1720,.F.);
#1167=ORIENTED_EDGE('',*,*,#1721,.T.);
#1168=ORIENTED_EDGE('',*,*,#1676,.F.);
#1169=ORIENTED_EDGE('',*,*,#1722,.F.);
#1170=ORIENTED_EDGE('',*,*,#1723,.F.);
#1171=ORIENTED_EDGE('',*,*,#1722,.T.);
#1172=ORIENTED_EDGE('',*,*,#1677,.F.);
#1173=ORIENTED_EDGE('',*,*,#1721,.F.);
#1174=ORIENTED_EDGE('',*,*,#1684,.T.);
#1175=ORIENTED_EDGE('',*,*,#1701,.T.);
#1176=ORIENTED_EDGE('',*,*,#1696,.T.);
#1177=ORIENTED_EDGE('',*,*,#1690,.T.);
#1178=ORIENTED_EDGE('',*,*,#1710,.T.);
#1179=ORIENTED_EDGE('',*,*,#1708,.T.);
#1180=ORIENTED_EDGE('',*,*,#1724,.F.);
#1181=ORIENTED_EDGE('',*,*,#1703,.F.);
#1182=ORIENTED_EDGE('',*,*,#1724,.T.);
#1183=ORIENTED_EDGE('',*,*,#1707,.T.);
#1184=ORIENTED_EDGE('',*,*,#1711,.F.);
#1185=ORIENTED_EDGE('',*,*,#1704,.F.);
#1186=ORIENTED_EDGE('',*,*,#1725,.F.);
#1187=ORIENTED_EDGE('',*,*,#1715,.F.);
#1188=ORIENTED_EDGE('',*,*,#1714,.T.);
#1189=ORIENTED_EDGE('',*,*,#1719,.F.);
#1190=ORIENTED_EDGE('',*,*,#1717,.F.);
#1191=ORIENTED_EDGE('',*,*,#1723,.T.);
#1192=ORIENTED_EDGE('',*,*,#1720,.T.);
#1193=ORIENTED_EDGE('',*,*,#1726,.F.);
#1194=ORIENTED_EDGE('',*,*,#1725,.T.);
#1195=ORIENTED_EDGE('',*,*,#1727,.T.);
#1196=ORIENTED_EDGE('',*,*,#1728,.T.);
#1197=ORIENTED_EDGE('',*,*,#1729,.T.);
#1198=ORIENTED_EDGE('',*,*,#1730,.T.);
#1199=ORIENTED_EDGE('',*,*,#1731,.F.);
#1200=ORIENTED_EDGE('',*,*,#1732,.T.);
#1201=ORIENTED_EDGE('',*,*,#1733,.F.);
#1202=ORIENTED_EDGE('',*,*,#1734,.T.);
#1203=ORIENTED_EDGE('',*,*,#1735,.F.);
#1204=ORIENTED_EDGE('',*,*,#1736,.T.);
#1205=ORIENTED_EDGE('',*,*,#1737,.F.);
#1206=ORIENTED_EDGE('',*,*,#1738,.T.);
#1207=ORIENTED_EDGE('',*,*,#1739,.F.);
#1208=ORIENTED_EDGE('',*,*,#1740,.T.);
#1209=ORIENTED_EDGE('',*,*,#1741,.F.);
#1210=ORIENTED_EDGE('',*,*,#1742,.T.);
#1211=ORIENTED_EDGE('',*,*,#1743,.F.);
#1212=ORIENTED_EDGE('',*,*,#1744,.T.);
#1213=ORIENTED_EDGE('',*,*,#1745,.F.);
#1214=ORIENTED_EDGE('',*,*,#1746,.T.);
#1215=ORIENTED_EDGE('',*,*,#1747,.F.);
#1216=ORIENTED_EDGE('',*,*,#1748,.T.);
#1217=ORIENTED_EDGE('',*,*,#1749,.F.);
#1218=ORIENTED_EDGE('',*,*,#1750,.T.);
#1219=ORIENTED_EDGE('',*,*,#1751,.F.);
#1220=ORIENTED_EDGE('',*,*,#1752,.T.);
#1221=ORIENTED_EDGE('',*,*,#1753,.F.);
#1222=ORIENTED_EDGE('',*,*,#1754,.T.);
#1223=ORIENTED_EDGE('',*,*,#1755,.F.);
#1224=ORIENTED_EDGE('',*,*,#1756,.T.);
#1225=ORIENTED_EDGE('',*,*,#1757,.F.);
#1226=ORIENTED_EDGE('',*,*,#1758,.T.);
#1227=ORIENTED_EDGE('',*,*,#1759,.F.);
#1228=ORIENTED_EDGE('',*,*,#1760,.T.);
#1229=ORIENTED_EDGE('',*,*,#1761,.F.);
#1230=ORIENTED_EDGE('',*,*,#1762,.T.);
#1231=ORIENTED_EDGE('',*,*,#1726,.T.);
#1232=ORIENTED_EDGE('',*,*,#1727,.F.);
#1233=ORIENTED_EDGE('',*,*,#1763,.F.);
#1234=ORIENTED_EDGE('',*,*,#1764,.F.);
#1235=ORIENTED_EDGE('',*,*,#1765,.T.);
#1236=ORIENTED_EDGE('',*,*,#1728,.F.);
#1237=ORIENTED_EDGE('',*,*,#1765,.F.);
#1238=ORIENTED_EDGE('',*,*,#1766,.F.);
#1239=ORIENTED_EDGE('',*,*,#1767,.T.);
#1240=ORIENTED_EDGE('',*,*,#1729,.F.);
#1241=ORIENTED_EDGE('',*,*,#1767,.F.);
#1242=ORIENTED_EDGE('',*,*,#1768,.F.);
#1243=ORIENTED_EDGE('',*,*,#1769,.T.);
#1244=ORIENTED_EDGE('',*,*,#1730,.F.);
#1245=ORIENTED_EDGE('',*,*,#1769,.F.);
#1246=ORIENTED_EDGE('',*,*,#1770,.F.);
#1247=ORIENTED_EDGE('',*,*,#1763,.T.);
#1248=ORIENTED_EDGE('',*,*,#1771,.T.);
#1249=ORIENTED_EDGE('',*,*,#1772,.F.);
#1250=ORIENTED_EDGE('',*,*,#1773,.T.);
#1251=ORIENTED_EDGE('',*,*,#1774,.T.);
#1252=ORIENTED_EDGE('',*,*,#1775,.F.);
#1253=ORIENTED_EDGE('',*,*,#1774,.F.);
#1254=ORIENTED_EDGE('',*,*,#1776,.T.);
#1255=ORIENTED_EDGE('',*,*,#1777,.T.);
#1256=ORIENTED_EDGE('',*,*,#1778,.T.);
#1257=ORIENTED_EDGE('',*,*,#1777,.F.);
#1258=ORIENTED_EDGE('',*,*,#1779,.T.);
#1259=ORIENTED_EDGE('',*,*,#1780,.T.);
#1260=ORIENTED_EDGE('',*,*,#1781,.F.);
#1261=ORIENTED_EDGE('',*,*,#1780,.F.);
#1262=ORIENTED_EDGE('',*,*,#1782,.T.);
#1263=ORIENTED_EDGE('',*,*,#1783,.F.);
#1264=ORIENTED_EDGE('',*,*,#1784,.T.);
#1265=ORIENTED_EDGE('',*,*,#1783,.T.);
#1266=ORIENTED_EDGE('',*,*,#1785,.T.);
#1267=ORIENTED_EDGE('',*,*,#1786,.F.);
#1268=ORIENTED_EDGE('',*,*,#1787,.F.);
#1269=ORIENTED_EDGE('',*,*,#1786,.T.);
#1270=ORIENTED_EDGE('',*,*,#1788,.T.);
#1271=ORIENTED_EDGE('',*,*,#1789,.T.);
#1272=ORIENTED_EDGE('',*,*,#1790,.F.);
#1273=ORIENTED_EDGE('',*,*,#1791,.F.);
#1274=ORIENTED_EDGE('',*,*,#1792,.T.);
#1275=ORIENTED_EDGE('',*,*,#1793,.T.);
#1276=ORIENTED_EDGE('',*,*,#1794,.F.);
#1277=ORIENTED_EDGE('',*,*,#1795,.F.);
#1278=ORIENTED_EDGE('',*,*,#1796,.T.);
#1279=ORIENTED_EDGE('',*,*,#1797,.T.);
#1280=ORIENTED_EDGE('',*,*,#1798,.T.);
#1281=ORIENTED_EDGE('',*,*,#1797,.F.);
#1282=ORIENTED_EDGE('',*,*,#1799,.T.);
#1283=ORIENTED_EDGE('',*,*,#1800,.T.);
#1284=ORIENTED_EDGE('',*,*,#1801,.F.);
#1285=ORIENTED_EDGE('',*,*,#1800,.F.);
#1286=ORIENTED_EDGE('',*,*,#1802,.T.);
#1287=ORIENTED_EDGE('',*,*,#1803,.F.);
#1288=ORIENTED_EDGE('',*,*,#1764,.T.);
#1289=ORIENTED_EDGE('',*,*,#1770,.T.);
#1290=ORIENTED_EDGE('',*,*,#1768,.T.);
#1291=ORIENTED_EDGE('',*,*,#1766,.T.);
#1292=ORIENTED_EDGE('',*,*,#1804,.T.);
#1293=ORIENTED_EDGE('',*,*,#1803,.T.);
#1294=ORIENTED_EDGE('',*,*,#1805,.T.);
#1295=ORIENTED_EDGE('',*,*,#1806,.F.);
#1296=ORIENTED_EDGE('',*,*,#1807,.F.);
#1297=ORIENTED_EDGE('',*,*,#1806,.T.);
#1298=ORIENTED_EDGE('',*,*,#1808,.T.);
#1299=ORIENTED_EDGE('',*,*,#1809,.T.);
#1300=ORIENTED_EDGE('',*,*,#1810,.T.);
#1301=ORIENTED_EDGE('',*,*,#1809,.F.);
#1302=ORIENTED_EDGE('',*,*,#1811,.T.);
#1303=ORIENTED_EDGE('',*,*,#1812,.T.);
#1304=ORIENTED_EDGE('',*,*,#1813,.F.);
#1305=ORIENTED_EDGE('',*,*,#1812,.F.);
#1306=ORIENTED_EDGE('',*,*,#1814,.T.);
#1307=ORIENTED_EDGE('',*,*,#1815,.T.);
#1308=ORIENTED_EDGE('',*,*,#1816,.T.);
#1309=ORIENTED_EDGE('',*,*,#1815,.F.);
#1310=ORIENTED_EDGE('',*,*,#1817,.T.);
#1311=ORIENTED_EDGE('',*,*,#1818,.T.);
#1312=ORIENTED_EDGE('',*,*,#1819,.F.);
#1313=ORIENTED_EDGE('',*,*,#1818,.F.);
#1314=ORIENTED_EDGE('',*,*,#1820,.T.);
#1315=ORIENTED_EDGE('',*,*,#1821,.T.);
#1316=ORIENTED_EDGE('',*,*,#1822,.T.);
#1317=ORIENTED_EDGE('',*,*,#1821,.F.);
#1318=ORIENTED_EDGE('',*,*,#1823,.T.);
#1319=ORIENTED_EDGE('',*,*,#1824,.T.);
#1320=ORIENTED_EDGE('',*,*,#1825,.F.);
#1321=ORIENTED_EDGE('',*,*,#1824,.F.);
#1322=ORIENTED_EDGE('',*,*,#1826,.T.);
#1323=ORIENTED_EDGE('',*,*,#1827,.F.);
#1324=ORIENTED_EDGE('',*,*,#1828,.T.);
#1325=ORIENTED_EDGE('',*,*,#1827,.T.);
#1326=ORIENTED_EDGE('',*,*,#1829,.T.);
#1327=ORIENTED_EDGE('',*,*,#1830,.F.);
#1328=ORIENTED_EDGE('',*,*,#1831,.F.);
#1329=ORIENTED_EDGE('',*,*,#1830,.T.);
#1330=ORIENTED_EDGE('',*,*,#1832,.T.);
#1331=ORIENTED_EDGE('',*,*,#1833,.T.);
#1332=ORIENTED_EDGE('',*,*,#1834,.T.);
#1333=ORIENTED_EDGE('',*,*,#1833,.F.);
#1334=ORIENTED_EDGE('',*,*,#1835,.T.);
#1335=ORIENTED_EDGE('',*,*,#1836,.T.);
#1336=ORIENTED_EDGE('',*,*,#1837,.F.);
#1337=ORIENTED_EDGE('',*,*,#1836,.F.);
#1338=ORIENTED_EDGE('',*,*,#1838,.T.);
#1339=ORIENTED_EDGE('',*,*,#1839,.T.);
#1340=ORIENTED_EDGE('',*,*,#1840,.T.);
#1341=ORIENTED_EDGE('',*,*,#1839,.F.);
#1342=ORIENTED_EDGE('',*,*,#1841,.T.);
#1343=ORIENTED_EDGE('',*,*,#1842,.T.);
#1344=ORIENTED_EDGE('',*,*,#1843,.F.);
#1345=ORIENTED_EDGE('',*,*,#1842,.F.);
#1346=ORIENTED_EDGE('',*,*,#1844,.T.);
#1347=ORIENTED_EDGE('',*,*,#1845,.T.);
#1348=ORIENTED_EDGE('',*,*,#1846,.T.);
#1349=ORIENTED_EDGE('',*,*,#1845,.F.);
#1350=ORIENTED_EDGE('',*,*,#1847,.T.);
#1351=ORIENTED_EDGE('',*,*,#1848,.T.);
#1352=ORIENTED_EDGE('',*,*,#1849,.F.);
#1353=ORIENTED_EDGE('',*,*,#1848,.F.);
#1354=ORIENTED_EDGE('',*,*,#1850,.T.);
#1355=ORIENTED_EDGE('',*,*,#1851,.F.);
#1356=ORIENTED_EDGE('',*,*,#1852,.T.);
#1357=ORIENTED_EDGE('',*,*,#1851,.T.);
#1358=ORIENTED_EDGE('',*,*,#1853,.T.);
#1359=ORIENTED_EDGE('',*,*,#1854,.F.);
#1360=ORIENTED_EDGE('',*,*,#1855,.F.);
#1361=ORIENTED_EDGE('',*,*,#1854,.T.);
#1362=ORIENTED_EDGE('',*,*,#1856,.T.);
#1363=ORIENTED_EDGE('',*,*,#1857,.T.);
#1364=ORIENTED_EDGE('',*,*,#1858,.T.);
#1365=ORIENTED_EDGE('',*,*,#1857,.F.);
#1366=ORIENTED_EDGE('',*,*,#1859,.T.);
#1367=ORIENTED_EDGE('',*,*,#1860,.T.);
#1368=ORIENTED_EDGE('',*,*,#1861,.F.);
#1369=ORIENTED_EDGE('',*,*,#1860,.F.);
#1370=ORIENTED_EDGE('',*,*,#1862,.T.);
#1371=ORIENTED_EDGE('',*,*,#1772,.T.);
#1372=ORIENTED_EDGE('',*,*,#1863,.F.);
#1373=ORIENTED_EDGE('',*,*,#1864,.F.);
#1374=ORIENTED_EDGE('',*,*,#1865,.F.);
#1375=ORIENTED_EDGE('',*,*,#1866,.F.);
#1376=ORIENTED_EDGE('',*,*,#1867,.F.);
#1377=ORIENTED_EDGE('',*,*,#1868,.F.);
#1378=ORIENTED_EDGE('',*,*,#1869,.F.);
#1379=ORIENTED_EDGE('',*,*,#1870,.F.);
#1380=ORIENTED_EDGE('',*,*,#1871,.F.);
#1381=ORIENTED_EDGE('',*,*,#1872,.F.);
#1382=ORIENTED_EDGE('',*,*,#1873,.F.);
#1383=ORIENTED_EDGE('',*,*,#1874,.F.);
#1384=ORIENTED_EDGE('',*,*,#1875,.F.);
#1385=ORIENTED_EDGE('',*,*,#1876,.F.);
#1386=ORIENTED_EDGE('',*,*,#1877,.F.);
#1387=ORIENTED_EDGE('',*,*,#1878,.F.);
#1388=ORIENTED_EDGE('',*,*,#1879,.F.);
#1389=ORIENTED_EDGE('',*,*,#1880,.F.);
#1390=ORIENTED_EDGE('',*,*,#1881,.F.);
#1391=ORIENTED_EDGE('',*,*,#1882,.F.);
#1392=ORIENTED_EDGE('',*,*,#1883,.F.);
#1393=ORIENTED_EDGE('',*,*,#1884,.F.);
#1394=ORIENTED_EDGE('',*,*,#1885,.F.);
#1395=ORIENTED_EDGE('',*,*,#1886,.F.);
#1396=ORIENTED_EDGE('',*,*,#1887,.F.);
#1397=ORIENTED_EDGE('',*,*,#1888,.F.);
#1398=ORIENTED_EDGE('',*,*,#1889,.F.);
#1399=ORIENTED_EDGE('',*,*,#1890,.F.);
#1400=ORIENTED_EDGE('',*,*,#1891,.F.);
#1401=ORIENTED_EDGE('',*,*,#1892,.F.);
#1402=ORIENTED_EDGE('',*,*,#1893,.F.);
#1403=ORIENTED_EDGE('',*,*,#1894,.F.);
#1404=ORIENTED_EDGE('',*,*,#1895,.T.);
#1405=ORIENTED_EDGE('',*,*,#1789,.F.);
#1406=ORIENTED_EDGE('',*,*,#1896,.T.);
#1407=ORIENTED_EDGE('',*,*,#1791,.T.);
#1408=ORIENTED_EDGE('',*,*,#1897,.T.);
#1409=ORIENTED_EDGE('',*,*,#1793,.F.);
#1410=ORIENTED_EDGE('',*,*,#1898,.T.);
#1411=ORIENTED_EDGE('',*,*,#1795,.T.);
#1412=ORIENTED_EDGE('',*,*,#1863,.T.);
#1413=ORIENTED_EDGE('',*,*,#1899,.T.);
#1414=ORIENTED_EDGE('',*,*,#1898,.F.);
#1415=ORIENTED_EDGE('',*,*,#1900,.F.);
#1416=ORIENTED_EDGE('',*,*,#1796,.F.);
#1417=ORIENTED_EDGE('',*,*,#1899,.F.);
#1418=ORIENTED_EDGE('',*,*,#1894,.T.);
#1419=ORIENTED_EDGE('',*,*,#1901,.T.);
#1420=ORIENTED_EDGE('',*,*,#1893,.T.);
#1421=ORIENTED_EDGE('',*,*,#1902,.T.);
#1422=ORIENTED_EDGE('',*,*,#1799,.F.);
#1423=ORIENTED_EDGE('',*,*,#1901,.F.);
#1424=ORIENTED_EDGE('',*,*,#1802,.F.);
#1425=ORIENTED_EDGE('',*,*,#1902,.F.);
#1426=ORIENTED_EDGE('',*,*,#1892,.T.);
#1427=ORIENTED_EDGE('',*,*,#1903,.T.);
#1428=ORIENTED_EDGE('',*,*,#1891,.T.);
#1429=ORIENTED_EDGE('',*,*,#1904,.T.);
#1430=ORIENTED_EDGE('',*,*,#1805,.F.);
#1431=ORIENTED_EDGE('',*,*,#1903,.F.);
#1432=ORIENTED_EDGE('',*,*,#1808,.F.);
#1433=ORIENTED_EDGE('',*,*,#1904,.F.);
#1434=ORIENTED_EDGE('',*,*,#1890,.T.);
#1435=ORIENTED_EDGE('',*,*,#1905,.T.);
#1436=ORIENTED_EDGE('',*,*,#1889,.T.);
#1437=ORIENTED_EDGE('',*,*,#1906,.T.);
#1438=ORIENTED_EDGE('',*,*,#1811,.F.);
#1439=ORIENTED_EDGE('',*,*,#1905,.F.);
#1440=ORIENTED_EDGE('',*,*,#1814,.F.);
#1441=ORIENTED_EDGE('',*,*,#1906,.F.);
#1442=ORIENTED_EDGE('',*,*,#1888,.T.);
#1443=ORIENTED_EDGE('',*,*,#1907,.T.);
#1444=ORIENTED_EDGE('',*,*,#1887,.T.);
#1445=ORIENTED_EDGE('',*,*,#1908,.T.);
#1446=ORIENTED_EDGE('',*,*,#1817,.F.);
#1447=ORIENTED_EDGE('',*,*,#1907,.F.);
#1448=ORIENTED_EDGE('',*,*,#1820,.F.);
#1449=ORIENTED_EDGE('',*,*,#1908,.F.);
#1450=ORIENTED_EDGE('',*,*,#1886,.T.);
#1451=ORIENTED_EDGE('',*,*,#1909,.T.);
#1452=ORIENTED_EDGE('',*,*,#1885,.T.);
#1453=ORIENTED_EDGE('',*,*,#1910,.T.);
#1454=ORIENTED_EDGE('',*,*,#1823,.F.);
#1455=ORIENTED_EDGE('',*,*,#1909,.F.);
#1456=ORIENTED_EDGE('',*,*,#1826,.F.);
#1457=ORIENTED_EDGE('',*,*,#1910,.F.);
#1458=ORIENTED_EDGE('',*,*,#1884,.T.);
#1459=ORIENTED_EDGE('',*,*,#1911,.T.);
#1460=ORIENTED_EDGE('',*,*,#1883,.T.);
#1461=ORIENTED_EDGE('',*,*,#1912,.T.);
#1462=ORIENTED_EDGE('',*,*,#1829,.F.);
#1463=ORIENTED_EDGE('',*,*,#1911,.F.);
#1464=ORIENTED_EDGE('',*,*,#1832,.F.);
#1465=ORIENTED_EDGE('',*,*,#1912,.F.);
#1466=ORIENTED_EDGE('',*,*,#1882,.T.);
#1467=ORIENTED_EDGE('',*,*,#1913,.T.);
#1468=ORIENTED_EDGE('',*,*,#1881,.T.);
#1469=ORIENTED_EDGE('',*,*,#1914,.T.);
#1470=ORIENTED_EDGE('',*,*,#1835,.F.);
#1471=ORIENTED_EDGE('',*,*,#1913,.F.);
#1472=ORIENTED_EDGE('',*,*,#1838,.F.);
#1473=ORIENTED_EDGE('',*,*,#1914,.F.);
#1474=ORIENTED_EDGE('',*,*,#1880,.T.);
#1475=ORIENTED_EDGE('',*,*,#1915,.T.);
#1476=ORIENTED_EDGE('',*,*,#1879,.T.);
#1477=ORIENTED_EDGE('',*,*,#1916,.T.);
#1478=ORIENTED_EDGE('',*,*,#1841,.F.);
#1479=ORIENTED_EDGE('',*,*,#1915,.F.);
#1480=ORIENTED_EDGE('',*,*,#1844,.F.);
#1481=ORIENTED_EDGE('',*,*,#1916,.F.);
#1482=ORIENTED_EDGE('',*,*,#1878,.T.);
#1483=ORIENTED_EDGE('',*,*,#1917,.T.);
#1484=ORIENTED_EDGE('',*,*,#1877,.T.);
#1485=ORIENTED_EDGE('',*,*,#1918,.T.);
#1486=ORIENTED_EDGE('',*,*,#1847,.F.);
#1487=ORIENTED_EDGE('',*,*,#1917,.F.);
#1488=ORIENTED_EDGE('',*,*,#1850,.F.);
#1489=ORIENTED_EDGE('',*,*,#1918,.F.);
#1490=ORIENTED_EDGE('',*,*,#1876,.T.);
#1491=ORIENTED_EDGE('',*,*,#1919,.T.);
#1492=ORIENTED_EDGE('',*,*,#1875,.T.);
#1493=ORIENTED_EDGE('',*,*,#1920,.T.);
#1494=ORIENTED_EDGE('',*,*,#1853,.F.);
#1495=ORIENTED_EDGE('',*,*,#1919,.F.);
#1496=ORIENTED_EDGE('',*,*,#1856,.F.);
#1497=ORIENTED_EDGE('',*,*,#1920,.F.);
#1498=ORIENTED_EDGE('',*,*,#1874,.T.);
#1499=ORIENTED_EDGE('',*,*,#1921,.T.);
#1500=ORIENTED_EDGE('',*,*,#1873,.T.);
#1501=ORIENTED_EDGE('',*,*,#1922,.T.);
#1502=ORIENTED_EDGE('',*,*,#1859,.F.);
#1503=ORIENTED_EDGE('',*,*,#1921,.F.);
#1504=ORIENTED_EDGE('',*,*,#1862,.F.);
#1505=ORIENTED_EDGE('',*,*,#1922,.F.);
#1506=ORIENTED_EDGE('',*,*,#1872,.T.);
#1507=ORIENTED_EDGE('',*,*,#1923,.T.);
#1508=ORIENTED_EDGE('',*,*,#1871,.T.);
#1509=ORIENTED_EDGE('',*,*,#1924,.T.);
#1510=ORIENTED_EDGE('',*,*,#1773,.F.);
#1511=ORIENTED_EDGE('',*,*,#1923,.F.);
#1512=ORIENTED_EDGE('',*,*,#1776,.F.);
#1513=ORIENTED_EDGE('',*,*,#1924,.F.);
#1514=ORIENTED_EDGE('',*,*,#1870,.T.);
#1515=ORIENTED_EDGE('',*,*,#1925,.T.);
#1516=ORIENTED_EDGE('',*,*,#1869,.T.);
#1517=ORIENTED_EDGE('',*,*,#1926,.T.);
#1518=ORIENTED_EDGE('',*,*,#1779,.F.);
#1519=ORIENTED_EDGE('',*,*,#1925,.F.);
#1520=ORIENTED_EDGE('',*,*,#1782,.F.);
#1521=ORIENTED_EDGE('',*,*,#1926,.F.);
#1522=ORIENTED_EDGE('',*,*,#1868,.T.);
#1523=ORIENTED_EDGE('',*,*,#1927,.T.);
#1524=ORIENTED_EDGE('',*,*,#1867,.T.);
#1525=ORIENTED_EDGE('',*,*,#1928,.T.);
#1526=ORIENTED_EDGE('',*,*,#1785,.F.);
#1527=ORIENTED_EDGE('',*,*,#1927,.F.);
#1528=ORIENTED_EDGE('',*,*,#1788,.F.);
#1529=ORIENTED_EDGE('',*,*,#1928,.F.);
#1530=ORIENTED_EDGE('',*,*,#1866,.T.);
#1531=ORIENTED_EDGE('',*,*,#1929,.T.);
#1532=ORIENTED_EDGE('',*,*,#1865,.T.);
#1533=ORIENTED_EDGE('',*,*,#1930,.T.);
#1534=ORIENTED_EDGE('',*,*,#1896,.F.);
#1535=ORIENTED_EDGE('',*,*,#1929,.F.);
#1536=ORIENTED_EDGE('',*,*,#1792,.F.);
#1537=ORIENTED_EDGE('',*,*,#1930,.F.);
#1538=ORIENTED_EDGE('',*,*,#1864,.T.);
#1539=ORIENTED_EDGE('',*,*,#1900,.T.);
#1540=ORIENTED_EDGE('',*,*,#1731,.T.);
#1541=ORIENTED_EDGE('',*,*,#1931,.F.);
#1542=ORIENTED_EDGE('',*,*,#1897,.F.);
#1543=ORIENTED_EDGE('',*,*,#1932,.T.);
#1544=ORIENTED_EDGE('',*,*,#1794,.T.);
#1545=ORIENTED_EDGE('',*,*,#1933,.T.);
#1546=ORIENTED_EDGE('',*,*,#1732,.F.);
#1547=ORIENTED_EDGE('',*,*,#1932,.F.);
#1548=ORIENTED_EDGE('',*,*,#1733,.T.);
#1549=ORIENTED_EDGE('',*,*,#1933,.F.);
#1550=ORIENTED_EDGE('',*,*,#1798,.F.);
#1551=ORIENTED_EDGE('',*,*,#1934,.T.);
#1552=ORIENTED_EDGE('',*,*,#1801,.T.);
#1553=ORIENTED_EDGE('',*,*,#1935,.T.);
#1554=ORIENTED_EDGE('',*,*,#1734,.F.);
#1555=ORIENTED_EDGE('',*,*,#1934,.F.);
#1556=ORIENTED_EDGE('',*,*,#1735,.T.);
#1557=ORIENTED_EDGE('',*,*,#1935,.F.);
#1558=ORIENTED_EDGE('',*,*,#1804,.F.);
#1559=ORIENTED_EDGE('',*,*,#1936,.T.);
#1560=ORIENTED_EDGE('',*,*,#1807,.T.);
#1561=ORIENTED_EDGE('',*,*,#1937,.T.);
#1562=ORIENTED_EDGE('',*,*,#1736,.F.);
#1563=ORIENTED_EDGE('',*,*,#1936,.F.);
#1564=ORIENTED_EDGE('',*,*,#1737,.T.);
#1565=ORIENTED_EDGE('',*,*,#1937,.F.);
#1566=ORIENTED_EDGE('',*,*,#1810,.F.);
#1567=ORIENTED_EDGE('',*,*,#1938,.T.);
#1568=ORIENTED_EDGE('',*,*,#1813,.T.);
#1569=ORIENTED_EDGE('',*,*,#1939,.T.);
#1570=ORIENTED_EDGE('',*,*,#1738,.F.);
#1571=ORIENTED_EDGE('',*,*,#1938,.F.);
#1572=ORIENTED_EDGE('',*,*,#1739,.T.);
#1573=ORIENTED_EDGE('',*,*,#1939,.F.);
#1574=ORIENTED_EDGE('',*,*,#1816,.F.);
#1575=ORIENTED_EDGE('',*,*,#1940,.T.);
#1576=ORIENTED_EDGE('',*,*,#1819,.T.);
#1577=ORIENTED_EDGE('',*,*,#1941,.T.);
#1578=ORIENTED_EDGE('',*,*,#1740,.F.);
#1579=ORIENTED_EDGE('',*,*,#1940,.F.);
#1580=ORIENTED_EDGE('',*,*,#1741,.T.);
#1581=ORIENTED_EDGE('',*,*,#1941,.F.);
#1582=ORIENTED_EDGE('',*,*,#1822,.F.);
#1583=ORIENTED_EDGE('',*,*,#1942,.T.);
#1584=ORIENTED_EDGE('',*,*,#1825,.T.);
#1585=ORIENTED_EDGE('',*,*,#1943,.T.);
#1586=ORIENTED_EDGE('',*,*,#1742,.F.);
#1587=ORIENTED_EDGE('',*,*,#1942,.F.);
#1588=ORIENTED_EDGE('',*,*,#1743,.T.);
#1589=ORIENTED_EDGE('',*,*,#1943,.F.);
#1590=ORIENTED_EDGE('',*,*,#1828,.F.);
#1591=ORIENTED_EDGE('',*,*,#1944,.T.);
#1592=ORIENTED_EDGE('',*,*,#1831,.T.);
#1593=ORIENTED_EDGE('',*,*,#1945,.T.);
#1594=ORIENTED_EDGE('',*,*,#1744,.F.);
#1595=ORIENTED_EDGE('',*,*,#1944,.F.);
#1596=ORIENTED_EDGE('',*,*,#1745,.T.);
#1597=ORIENTED_EDGE('',*,*,#1945,.F.);
#1598=ORIENTED_EDGE('',*,*,#1834,.F.);
#1599=ORIENTED_EDGE('',*,*,#1946,.T.);
#1600=ORIENTED_EDGE('',*,*,#1837,.T.);
#1601=ORIENTED_EDGE('',*,*,#1947,.T.);
#1602=ORIENTED_EDGE('',*,*,#1746,.F.);
#1603=ORIENTED_EDGE('',*,*,#1946,.F.);
#1604=ORIENTED_EDGE('',*,*,#1747,.T.);
#1605=ORIENTED_EDGE('',*,*,#1947,.F.);
#1606=ORIENTED_EDGE('',*,*,#1840,.F.);
#1607=ORIENTED_EDGE('',*,*,#1948,.T.);
#1608=ORIENTED_EDGE('',*,*,#1843,.T.);
#1609=ORIENTED_EDGE('',*,*,#1949,.T.);
#1610=ORIENTED_EDGE('',*,*,#1748,.F.);
#1611=ORIENTED_EDGE('',*,*,#1948,.F.);
#1612=ORIENTED_EDGE('',*,*,#1749,.T.);
#1613=ORIENTED_EDGE('',*,*,#1949,.F.);
#1614=ORIENTED_EDGE('',*,*,#1846,.F.);
#1615=ORIENTED_EDGE('',*,*,#1950,.T.);
#1616=ORIENTED_EDGE('',*,*,#1849,.T.);
#1617=ORIENTED_EDGE('',*,*,#1951,.T.);
#1618=ORIENTED_EDGE('',*,*,#1750,.F.);
#1619=ORIENTED_EDGE('',*,*,#1950,.F.);
#1620=ORIENTED_EDGE('',*,*,#1751,.T.);
#1621=ORIENTED_EDGE('',*,*,#1951,.F.);
#1622=ORIENTED_EDGE('',*,*,#1852,.F.);
#1623=ORIENTED_EDGE('',*,*,#1952,.T.);
#1624=ORIENTED_EDGE('',*,*,#1855,.T.);
#1625=ORIENTED_EDGE('',*,*,#1953,.T.);
#1626=ORIENTED_EDGE('',*,*,#1752,.F.);
#1627=ORIENTED_EDGE('',*,*,#1952,.F.);
#1628=ORIENTED_EDGE('',*,*,#1753,.T.);
#1629=ORIENTED_EDGE('',*,*,#1953,.F.);
#1630=ORIENTED_EDGE('',*,*,#1858,.F.);
#1631=ORIENTED_EDGE('',*,*,#1954,.T.);
#1632=ORIENTED_EDGE('',*,*,#1861,.T.);
#1633=ORIENTED_EDGE('',*,*,#1955,.T.);
#1634=ORIENTED_EDGE('',*,*,#1754,.F.);
#1635=ORIENTED_EDGE('',*,*,#1954,.F.);
#1636=ORIENTED_EDGE('',*,*,#1755,.T.);
#1637=ORIENTED_EDGE('',*,*,#1955,.F.);
#1638=ORIENTED_EDGE('',*,*,#1771,.F.);
#1639=ORIENTED_EDGE('',*,*,#1956,.T.);
#1640=ORIENTED_EDGE('',*,*,#1775,.T.);
#1641=ORIENTED_EDGE('',*,*,#1957,.T.);
#1642=ORIENTED_EDGE('',*,*,#1756,.F.);
#1643=ORIENTED_EDGE('',*,*,#1956,.F.);
#1644=ORIENTED_EDGE('',*,*,#1757,.T.);
#1645=ORIENTED_EDGE('',*,*,#1957,.F.);
#1646=ORIENTED_EDGE('',*,*,#1778,.F.);
#1647=ORIENTED_EDGE('',*,*,#1958,.T.);
#1648=ORIENTED_EDGE('',*,*,#1781,.T.);
#1649=ORIENTED_EDGE('',*,*,#1959,.T.);
#1650=ORIENTED_EDGE('',*,*,#1758,.F.);
#1651=ORIENTED_EDGE('',*,*,#1958,.F.);
#1652=ORIENTED_EDGE('',*,*,#1759,.T.);
#1653=ORIENTED_EDGE('',*,*,#1959,.F.);
#1654=ORIENTED_EDGE('',*,*,#1784,.F.);
#1655=ORIENTED_EDGE('',*,*,#1960,.T.);
#1656=ORIENTED_EDGE('',*,*,#1787,.T.);
#1657=ORIENTED_EDGE('',*,*,#1961,.T.);
#1658=ORIENTED_EDGE('',*,*,#1760,.F.);
#1659=ORIENTED_EDGE('',*,*,#1960,.F.);
#1660=ORIENTED_EDGE('',*,*,#1761,.T.);
#1661=ORIENTED_EDGE('',*,*,#1961,.F.);
#1662=ORIENTED_EDGE('',*,*,#1895,.F.);
#1663=ORIENTED_EDGE('',*,*,#1962,.T.);
#1664=ORIENTED_EDGE('',*,*,#1790,.T.);
#1665=ORIENTED_EDGE('',*,*,#1931,.T.);
#1666=ORIENTED_EDGE('',*,*,#1762,.F.);
#1667=ORIENTED_EDGE('',*,*,#1962,.F.);
#1668=EDGE_CURVE('',#1963,#1964,#1965,.T.);
#1669=EDGE_CURVE('',#1964,#1966,#1967,.T.);
#1670=EDGE_CURVE('',#1966,#1968,#1969,.T.);
#1671=EDGE_CURVE('',#1968,#1963,#1970,.T.);
#1672=EDGE_CURVE('',#1971,#1972,#1973,.F.);
#1673=EDGE_CURVE('',#1972,#1974,#1975,.F.);
#1674=EDGE_CURVE('',#1974,#1976,#1977,.F.);
#1675=EDGE_CURVE('',#1976,#1971,#1978,.T.);
#1676=EDGE_CURVE('',#1979,#1980,#1981,.F.);
#1677=EDGE_CURVE('',#1980,#1979,#1982,.F.);
#1678=EDGE_CURVE('',#1983,#1984,#1985,.T.);
#1679=EDGE_CURVE('',#1986,#1984,#1987,.T.);
#1680=EDGE_CURVE('',#1988,#1986,#1989,.T.);
#1681=EDGE_CURVE('',#1988,#1983,#1990,.T.);
#1682=EDGE_CURVE('',#1991,#1992,#1993,.F.);
#1683=EDGE_CURVE('',#1992,#1994,#1995,.T.);
#1684=EDGE_CURVE('',#1996,#1994,#1997,.T.);
#1685=EDGE_CURVE('',#1991,#1996,#1998,.T.);
#1686=EDGE_CURVE('',#1984,#1999,#2000,.T.);
#1687=EDGE_CURVE('',#2001,#1999,#2002,.T.);
#1688=EDGE_CURVE('',#1986,#2001,#2003,.T.);
#1689=EDGE_CURVE('',#2004,#1991,#2005,.F.);
#1690=EDGE_CURVE('',#2006,#1996,#2007,.T.);
#1691=EDGE_CURVE('',#2004,#2006,#2008,.T.);
#1692=EDGE_CURVE('',#1999,#2009,#2010,.T.);
#1693=EDGE_CURVE('',#2011,#2009,#2012,.T.);
#1694=EDGE_CURVE('',#2001,#2011,#2013,.F.);
#1695=EDGE_CURVE('',#2014,#2004,#2015,.F.);
#1696=EDGE_CURVE('',#2016,#2006,#2017,.T.);
#1697=EDGE_CURVE('',#2014,#2016,#2018,.T.);
#1698=EDGE_CURVE('',#2009,#1983,#2019,.T.);
#1699=EDGE_CURVE('',#2011,#1988,#2020,.F.);
#1700=EDGE_CURVE('',#1992,#2014,#2021,.F.);
#1701=EDGE_CURVE('',#1994,#2016,#2022,.T.);
#1702=EDGE_CURVE('',#1976,#2023,#2024,.T.);
#1703=EDGE_CURVE('',#2023,#2025,#2026,.T.);
#1704=EDGE_CURVE('',#2025,#2027,#2028,.T.);
#1705=EDGE_CURVE('',#2027,#1971,#2029,.T.);
#1706=EDGE_CURVE('',#2030,#1972,#2031,.T.);
#1707=EDGE_CURVE('',#2032,#2030,#2033,.T.);
#1708=EDGE_CURVE('',#2034,#2032,#2035,.T.);
#1709=EDGE_CURVE('',#1974,#2034,#2036,.T.);
#1710=EDGE_CURVE('',#2023,#2034,#2037,.T.);
#1711=EDGE_CURVE('',#2027,#2030,#2038,.T.);
#1712=EDGE_CURVE('',#1964,#2039,#2040,.F.);
#1713=EDGE_CURVE('',#2041,#1963,#2042,.T.);
#1714=EDGE_CURVE('',#2039,#2041,#2043,.F.);
#1715=EDGE_CURVE('',#2039,#2044,#2045,.T.);
#1716=EDGE_CURVE('',#2044,#1966,#2046,.T.);
#1717=EDGE_CURVE('',#2044,#2047,#2048,.T.);
#1718=EDGE_CURVE('',#2047,#1968,#2049,.T.);
#1719=EDGE_CURVE('',#2047,#2041,#2050,.T.);
#1720=EDGE_CURVE('',#2051,#2052,#2053,.T.);
#1721=EDGE_CURVE('',#2051,#1980,#2054,.T.);
#1722=EDGE_CURVE('',#2052,#1979,#2055,.T.);
#1723=EDGE_CURVE('',#2052,#2051,#2056,.F.);
#1724=EDGE_CURVE('',#2025,#2032,#2057,.T.);
#1725=EDGE_CURVE('',#2058,#2058,#2059,.F.);
#1726=EDGE_CURVE('',#2060,#2060,#2061,.F.);
#1727=EDGE_CURVE('',#2062,#2063,#2064,.F.);
#1728=EDGE_CURVE('',#2063,#2065,#2066,.T.);
#1729=EDGE_CURVE('',#2065,#2067,#2068,.T.);
#1730=EDGE_CURVE('',#2067,#2062,#2069,.F.);
#1731=EDGE_CURVE('',#2070,#2071,#2072,.F.);
#1732=EDGE_CURVE('',#2070,#2073,#2074,.T.);
#1733=EDGE_CURVE('',#2075,#2073,#2076,.F.);
#1734=EDGE_CURVE('',#2075,#2077,#2078,.T.);
#1735=EDGE_CURVE('',#2079,#2077,#2080,.F.);
#1736=EDGE_CURVE('',#2079,#2081,#2082,.T.);
#1737=EDGE_CURVE('',#2083,#2081,#2084,.F.);
#1738=EDGE_CURVE('',#2083,#2085,#2086,.T.);
#1739=EDGE_CURVE('',#2087,#2085,#2088,.F.);
#1740=EDGE_CURVE('',#2087,#2089,#2090,.T.);
#1741=EDGE_CURVE('',#2091,#2089,#2092,.F.);
#1742=EDGE_CURVE('',#2091,#2093,#2094,.T.);
#1743=EDGE_CURVE('',#2095,#2093,#2096,.F.);
#1744=EDGE_CURVE('',#2095,#2097,#2098,.T.);
#1745=EDGE_CURVE('',#2099,#2097,#2100,.F.);
#1746=EDGE_CURVE('',#2099,#2101,#2102,.T.);
#1747=EDGE_CURVE('',#2103,#2101,#2104,.F.);
#1748=EDGE_CURVE('',#2103,#2105,#2106,.T.);
#1749=EDGE_CURVE('',#2107,#2105,#2108,.F.);
#1750=EDGE_CURVE('',#2107,#2109,#2110,.T.);
#1751=EDGE_CURVE('',#2111,#2109,#2112,.F.);
#1752=EDGE_CURVE('',#2111,#2113,#2114,.T.);
#1753=EDGE_CURVE('',#2115,#2113,#2116,.F.);
#1754=EDGE_CURVE('',#2115,#2117,#2118,.T.);
#1755=EDGE_CURVE('',#2119,#2117,#2120,.F.);
#1756=EDGE_CURVE('',#2119,#2121,#2122,.T.);
#1757=EDGE_CURVE('',#2123,#2121,#2124,.F.);
#1758=EDGE_CURVE('',#2123,#2125,#2126,.T.);
#1759=EDGE_CURVE('',#2127,#2125,#2128,.F.);
#1760=EDGE_CURVE('',#2127,#2129,#2130,.T.);
#1761=EDGE_CURVE('',#2131,#2129,#2132,.F.);
#1762=EDGE_CURVE('',#2131,#2071,#2133,.T.);
#1763=EDGE_CURVE('',#2134,#2062,#2135,.T.);
#1764=EDGE_CURVE('',#2136,#2134,#2137,.T.);
#1765=EDGE_CURVE('',#2136,#2063,#2138,.T.);
#1766=EDGE_CURVE('',#2139,#2136,#2140,.F.);
#1767=EDGE_CURVE('',#2139,#2065,#2141,.T.);
#1768=EDGE_CURVE('',#2142,#2139,#2143,.F.);
#1769=EDGE_CURVE('',#2142,#2067,#2144,.T.);
#1770=EDGE_CURVE('',#2134,#2142,#2145,.T.);
#1771=EDGE_CURVE('',#2146,#2147,#2148,.F.);
#1772=EDGE_CURVE('',#2149,#2147,#2150,.T.);
#1773=EDGE_CURVE('',#2149,#2151,#2152,.F.);
#1774=EDGE_CURVE('',#2151,#2146,#2153,.T.);
#1775=EDGE_CURVE('',#2146,#2154,#2155,.T.);
#1776=EDGE_CURVE('',#2151,#2156,#2157,.T.);
#1777=EDGE_CURVE('',#2156,#2154,#2158,.T.);
#1778=EDGE_CURVE('',#2159,#2154,#2160,.F.);
#1779=EDGE_CURVE('',#2156,#2161,#2162,.F.);
#1780=EDGE_CURVE('',#2161,#2159,#2163,.T.);
#1781=EDGE_CURVE('',#2159,#2164,#2165,.T.);
#1782=EDGE_CURVE('',#2161,#2166,#2167,.T.);
#1783=EDGE_CURVE('',#2164,#2166,#2168,.F.);
#1784=EDGE_CURVE('',#2169,#2164,#2170,.F.);
#1785=EDGE_CURVE('',#2166,#2171,#2172,.F.);
#1786=EDGE_CURVE('',#2169,#2171,#2173,.F.);
#1787=EDGE_CURVE('',#2169,#2174,#2175,.T.);
#1788=EDGE_CURVE('',#2171,#2176,#2177,.T.);
#1789=EDGE_CURVE('',#2176,#2174,#2178,.T.);
#1790=EDGE_CURVE('',#2179,#2180,#2181,.T.);
#1791=EDGE_CURVE('',#2182,#2179,#2183,.T.);
#1792=EDGE_CURVE('',#2182,#2184,#2185,.T.);
#1793=EDGE_CURVE('',#2184,#2180,#2186,.T.);
#1794=EDGE_CURVE('',#2187,#2188,#2189,.T.);
#1795=EDGE_CURVE('',#2190,#2187,#2191,.T.);
#1796=EDGE_CURVE('',#2190,#2192,#2193,.T.);
#1797=EDGE_CURVE('',#2192,#2188,#2194,.T.);
#1798=EDGE_CURVE('',#2195,#2188,#2196,.F.);
#1799=EDGE_CURVE('',#2192,#2197,#2198,.F.);
#1800=EDGE_CURVE('',#2197,#2195,#2199,.T.);
#1801=EDGE_CURVE('',#2195,#2200,#2201,.T.);
#1802=EDGE_CURVE('',#2197,#2202,#2203,.T.);
#1803=EDGE_CURVE('',#2200,#2202,#2204,.F.);
#1804=EDGE_CURVE('',#2205,#2200,#2206,.F.);
#1805=EDGE_CURVE('',#2202,#2207,#2208,.F.);
#1806=EDGE_CURVE('',#2205,#2207,#2209,.F.);
#1807=EDGE_CURVE('',#2205,#2210,#2211,.T.);
#1808=EDGE_CURVE('',#2207,#2212,#2213,.T.);
#1809=EDGE_CURVE('',#2212,#2210,#2214,.T.);
#1810=EDGE_CURVE('',#2215,#2210,#2216,.F.);
#1811=EDGE_CURVE('',#2212,#2217,#2218,.F.);
#1812=EDGE_CURVE('',#2217,#2215,#2219,.T.);
#1813=EDGE_CURVE('',#2215,#2220,#2221,.T.);
#1814=EDGE_CURVE('',#2217,#2222,#2223,.T.);
#1815=EDGE_CURVE('',#2222,#2220,#2224,.T.);
#1816=EDGE_CURVE('',#2225,#2220,#2226,.F.);
#1817=EDGE_CURVE('',#2222,#2227,#2228,.F.);
#1818=EDGE_CURVE('',#2227,#2225,#2229,.T.);
#1819=EDGE_CURVE('',#2225,#2230,#2231,.T.);
#1820=EDGE_CURVE('',#2227,#2232,#2233,.T.);
#1821=EDGE_CURVE('',#2232,#2230,#2234,.T.);
#1822=EDGE_CURVE('',#2235,#2230,#2236,.F.);
#1823=EDGE_CURVE('',#2232,#2237,#2238,.F.);
#1824=EDGE_CURVE('',#2237,#2235,#2239,.T.);
#1825=EDGE_CURVE('',#2235,#2240,#2241,.T.);
#1826=EDGE_CURVE('',#2237,#2242,#2243,.T.);
#1827=EDGE_CURVE('',#2240,#2242,#2244,.F.);
#1828=EDGE_CURVE('',#2245,#2240,#2246,.F.);
#1829=EDGE_CURVE('',#2242,#2247,#2248,.F.);
#1830=EDGE_CURVE('',#2245,#2247,#2249,.F.);
#1831=EDGE_CURVE('',#2245,#2250,#2251,.T.);
#1832=EDGE_CURVE('',#2247,#2252,#2253,.T.);
#1833=EDGE_CURVE('',#2252,#2250,#2254,.T.);
#1834=EDGE_CURVE('',#2255,#2250,#2256,.F.);
#1835=EDGE_CURVE('',#2252,#2257,#2258,.F.);
#1836=EDGE_CURVE('',#2257,#2255,#2259,.T.);
#1837=EDGE_CURVE('',#2255,#2260,#2261,.T.);
#1838=EDGE_CURVE('',#2257,#2262,#2263,.T.);
#1839=EDGE_CURVE('',#2262,#2260,#2264,.T.);
#1840=EDGE_CURVE('',#2265,#2260,#2266,.F.);
#1841=EDGE_CURVE('',#2262,#2267,#2268,.F.);
#1842=EDGE_CURVE('',#2267,#2265,#2269,.T.);
#1843=EDGE_CURVE('',#2265,#2270,#2271,.T.);
#1844=EDGE_CURVE('',#2267,#2272,#2273,.T.);
#1845=EDGE_CURVE('',#2272,#2270,#2274,.T.);
#1846=EDGE_CURVE('',#2275,#2270,#2276,.F.);
#1847=EDGE_CURVE('',#2272,#2277,#2278,.F.);
#1848=EDGE_CURVE('',#2277,#2275,#2279,.T.);
#1849=EDGE_CURVE('',#2275,#2280,#2281,.T.);
#1850=EDGE_CURVE('',#2277,#2282,#2283,.T.);
#1851=EDGE_CURVE('',#2280,#2282,#2284,.F.);
#1852=EDGE_CURVE('',#2285,#2280,#2286,.F.);
#1853=EDGE_CURVE('',#2282,#2287,#2288,.F.);
#1854=EDGE_CURVE('',#2285,#2287,#2289,.F.);
#1855=EDGE_CURVE('',#2285,#2290,#2291,.T.);
#1856=EDGE_CURVE('',#2287,#2292,#2293,.T.);
#1857=EDGE_CURVE('',#2292,#2290,#2294,.T.);
#1858=EDGE_CURVE('',#2295,#2290,#2296,.F.);
#1859=EDGE_CURVE('',#2292,#2297,#2298,.F.);
#1860=EDGE_CURVE('',#2297,#2295,#2299,.T.);
#1861=EDGE_CURVE('',#2295,#2147,#2300,.T.);
#1862=EDGE_CURVE('',#2297,#2149,#2301,.T.);
#1863=EDGE_CURVE('',#2302,#2303,#2304,.F.);
#1864=EDGE_CURVE('',#2305,#2302,#2306,.T.);
#1865=EDGE_CURVE('',#2307,#2305,#2308,.F.);
#1866=EDGE_CURVE('',#2309,#2307,#2310,.T.);
#1867=EDGE_CURVE('',#2311,#2309,#2312,.F.);
#1868=EDGE_CURVE('',#2313,#2311,#2314,.T.);
#1869=EDGE_CURVE('',#2315,#2313,#2316,.F.);
#1870=EDGE_CURVE('',#2317,#2315,#2318,.T.);
#1871=EDGE_CURVE('',#2319,#2317,#2320,.F.);
#1872=EDGE_CURVE('',#2321,#2319,#2322,.T.);
#1873=EDGE_CURVE('',#2323,#2321,#2324,.F.);
#1874=EDGE_CURVE('',#2325,#2323,#2326,.T.);
#1875=EDGE_CURVE('',#2327,#2325,#2328,.F.);
#1876=EDGE_CURVE('',#2329,#2327,#2330,.T.);
#1877=EDGE_CURVE('',#2331,#2329,#2332,.F.);
#1878=EDGE_CURVE('',#2333,#2331,#2334,.T.);
#1879=EDGE_CURVE('',#2335,#2333,#2336,.F.);
#1880=EDGE_CURVE('',#2337,#2335,#2338,.T.);
#1881=EDGE_CURVE('',#2339,#2337,#2340,.F.);
#1882=EDGE_CURVE('',#2341,#2339,#2342,.T.);
#1883=EDGE_CURVE('',#2343,#2341,#2344,.F.);
#1884=EDGE_CURVE('',#2345,#2343,#2346,.T.);
#1885=EDGE_CURVE('',#2347,#2345,#2348,.F.);
#1886=EDGE_CURVE('',#2349,#2347,#2350,.T.);
#1887=EDGE_CURVE('',#2351,#2349,#2352,.F.);
#1888=EDGE_CURVE('',#2353,#2351,#2354,.T.);
#1889=EDGE_CURVE('',#2355,#2353,#2356,.F.);
#1890=EDGE_CURVE('',#2357,#2355,#2358,.T.);
#1891=EDGE_CURVE('',#2359,#2357,#2360,.F.);
#1892=EDGE_CURVE('',#2361,#2359,#2362,.T.);
#1893=EDGE_CURVE('',#2363,#2361,#2364,.F.);
#1894=EDGE_CURVE('',#2303,#2363,#2365,.T.);
#1895=EDGE_CURVE('',#2179,#2174,#2366,.F.);
#1896=EDGE_CURVE('',#2176,#2182,#2367,.F.);
#1897=EDGE_CURVE('',#2187,#2180,#2368,.F.);
#1898=EDGE_CURVE('',#2184,#2190,#2369,.F.);
#1899=EDGE_CURVE('',#2303,#2190,#2370,.T.);
#1900=EDGE_CURVE('',#2302,#2184,#2371,.F.);
#1901=EDGE_CURVE('',#2363,#2192,#2372,.F.);
#1902=EDGE_CURVE('',#2361,#2197,#2373,.T.);
#1903=EDGE_CURVE('',#2359,#2202,#2374,.F.);
#1904=EDGE_CURVE('',#2357,#2207,#2375,.T.);
#1905=EDGE_CURVE('',#2355,#2212,#2376,.F.);
#1906=EDGE_CURVE('',#2353,#2217,#2377,.T.);
#1907=EDGE_CURVE('',#2351,#2222,#2378,.F.);
#1908=EDGE_CURVE('',#2349,#2227,#2379,.T.);
#1909=EDGE_CURVE('',#2347,#2232,#2380,.F.);
#1910=EDGE_CURVE('',#2345,#2237,#2381,.T.);
#1911=EDGE_CURVE('',#2343,#2242,#2382,.F.);
#1912=EDGE_CURVE('',#2341,#2247,#2383,.T.);
#1913=EDGE_CURVE('',#2339,#2252,#2384,.F.);
#1914=EDGE_CURVE('',#2337,#2257,#2385,.T.);
#1915=EDGE_CURVE('',#2335,#2262,#2386,.F.);
#1916=EDGE_CURVE('',#2333,#2267,#2387,.T.);
#1917=EDGE_CURVE('',#2331,#2272,#2388,.F.);
#1918=EDGE_CURVE('',#2329,#2277,#2389,.T.);
#1919=EDGE_CURVE('',#2327,#2282,#2390,.F.);
#1920=EDGE_CURVE('',#2325,#2287,#2391,.T.);
#1921=EDGE_CURVE('',#2323,#2292,#2392,.F.);
#1922=EDGE_CURVE('',#2321,#2297,#2393,.T.);
#1923=EDGE_CURVE('',#2319,#2149,#2394,.F.);
#1924=EDGE_CURVE('',#2317,#2151,#2395,.T.);
#1925=EDGE_CURVE('',#2315,#2156,#2396,.F.);
#1926=EDGE_CURVE('',#2313,#2161,#2397,.T.);
#1927=EDGE_CURVE('',#2311,#2166,#2398,.F.);
#1928=EDGE_CURVE('',#2309,#2171,#2399,.T.);
#1929=EDGE_CURVE('',#2307,#2176,#2400,.F.);
#1930=EDGE_CURVE('',#2305,#2182,#2401,.T.);
#1931=EDGE_CURVE('',#2180,#2071,#2402,.T.);
#1932=EDGE_CURVE('',#2187,#2070,#2403,.F.);
#1933=EDGE_CURVE('',#2188,#2073,#2404,.T.);
#1934=EDGE_CURVE('',#2195,#2075,#2405,.F.);
#1935=EDGE_CURVE('',#2200,#2077,#2406,.T.);
#1936=EDGE_CURVE('',#2205,#2079,#2407,.F.);
#1937=EDGE_CURVE('',#2210,#2081,#2408,.T.);
#1938=EDGE_CURVE('',#2215,#2083,#2409,.F.);
#1939=EDGE_CURVE('',#2220,#2085,#2410,.T.);
#1940=EDGE_CURVE('',#2225,#2087,#2411,.F.);
#1941=EDGE_CURVE('',#2230,#2089,#2412,.T.);
#1942=EDGE_CURVE('',#2235,#2091,#2413,.F.);
#1943=EDGE_CURVE('',#2240,#2093,#2414,.T.);
#1944=EDGE_CURVE('',#2245,#2095,#2415,.F.);
#1945=EDGE_CURVE('',#2250,#2097,#2416,.T.);
#1946=EDGE_CURVE('',#2255,#2099,#2417,.F.);
#1947=EDGE_CURVE('',#2260,#2101,#2418,.T.);
#1948=EDGE_CURVE('',#2265,#2103,#2419,.F.);
#1949=EDGE_CURVE('',#2270,#2105,#2420,.T.);
#1950=EDGE_CURVE('',#2275,#2107,#2421,.F.);
#1951=EDGE_CURVE('',#2280,#2109,#2422,.T.);
#1952=EDGE_CURVE('',#2285,#2111,#2423,.F.);
#1953=EDGE_CURVE('',#2290,#2113,#2424,.T.);
#1954=EDGE_CURVE('',#2295,#2115,#2425,.F.);
#1955=EDGE_CURVE('',#2147,#2117,#2426,.T.);
#1956=EDGE_CURVE('',#2146,#2119,#2427,.F.);
#1957=EDGE_CURVE('',#2154,#2121,#2428,.T.);
#1958=EDGE_CURVE('',#2159,#2123,#2429,.F.);
#1959=EDGE_CURVE('',#2164,#2125,#2430,.T.);
#1960=EDGE_CURVE('',#2169,#2127,#2431,.F.);
#1961=EDGE_CURVE('',#2174,#2129,#2432,.T.);
#1962=EDGE_CURVE('',#2179,#2131,#2433,.F.);
#1963=VERTEX_POINT('',#2434);
#1964=VERTEX_POINT('',#2435);
#1965=CIRCLE('',#2436,5.1);
#1966=VERTEX_POINT('',#2440);
#1967=LINE('',#2441,#2442);
#1968=VERTEX_POINT('',#2444);
#1969=CIRCLE('',#2445,10.);
#1970=LINE('',#2449,#2450);
#1971=VERTEX_POINT('',#2452);
#1972=VERTEX_POINT('',#2453);
#1973=LINE('',#2454,#2455);
#1974=VERTEX_POINT('',#2457);
#1975=LINE('',#2458,#2459);
#1976=VERTEX_POINT('',#2461);
#1977=LINE('',#2462,#2463);
#1978=LINE('',#2465,#2466);
#1979=VERTEX_POINT('',#2468);
#1980=VERTEX_POINT('',#2469);
#1981=CIRCLE('',#2470,3.1);
#1982=LINE('',#2474,#2475);
#1983=VERTEX_POINT('',#2477);
#1984=VERTEX_POINT('',#2478);
#1985=LINE('',#2479,#2480);
#1986=VERTEX_POINT('',#2482);
#1987=LINE('',#2483,#2484);
#1988=VERTEX_POINT('',#2486);
#1989=(BOUNDED_CURVE()B_SPLINE_CURVE(3,
(#2487,#2488,#2489,#2490),
.UNSPECIFIED.,.F.,.F.)B_SPLINE_CURVE_WITH_KNOTS((4,4),
(0.,1.),
.UNSPECIFIED.)CURVE()GEOMETRIC_REPRESENTATION_ITEM()RATIONAL_B_SPLINE_CURVE((1.,
0.99619598280398,0.99619598280398,1.))REPRESENTATION_ITEM(''));
#1990=LINE('',#2491,#2492);
#1991=VERTEX_POINT('',#2494);
#1992=VERTEX_POINT('',#2495);
#1993=LINE('',#2496,#2497);
#1994=VERTEX_POINT('',#2499);
#1995=LINE('',#2500,#2501);
#1996=VERTEX_POINT('',#2503);
#1997=LINE('',#2504,#2505);
#1998=LINE('',#2507,#2508);
#1999=VERTEX_POINT('',#2510);
#2000=LINE('',#2511,#2512);
#2001=VERTEX_POINT('',#2514);
#2002=LINE('',#2515,#2516);
#2003=(BOUNDED_CURVE()B_SPLINE_CURVE(3,
(#2518,#2519,#2520,#2521),
.UNSPECIFIED.,.F.,.F.)B_SPLINE_CURVE_WITH_KNOTS((4,4),
(0.,1.),
.UNSPECIFIED.)CURVE()GEOMETRIC_REPRESENTATION_ITEM()RATIONAL_B_SPLINE_CURVE((1.,
0.99619598280398,0.99619598280398,1.))REPRESENTATION_ITEM(''));
#2004=VERTEX_POINT('',#2522);
#2005=LINE('',#2523,#2524);
#2006=VERTEX_POINT('',#2526);
#2007=LINE('',#2527,#2528);
#2008=LINE('',#2530,#2531);
#2009=VERTEX_POINT('',#2533);
#2010=LINE('',#2534,#2535);
#2011=VERTEX_POINT('',#2537);
#2012=LINE('',#2538,#2539);
#2013=(BOUNDED_CURVE()B_SPLINE_CURVE(3,
(#2541,#2542,#2543,#2544),
.UNSPECIFIED.,.F.,.F.)B_SPLINE_CURVE_WITH_KNOTS((4,4),
(0.,1.),
.UNSPECIFIED.)CURVE()GEOMETRIC_REPRESENTATION_ITEM()RATIONAL_B_SPLINE_CURVE((1.,
0.99619598280398,0.99619598280398,1.))REPRESENTATION_ITEM(''));
#2014=VERTEX_POINT('',#2545);
#2015=LINE('',#2546,#2547);
#2016=VERTEX_POINT('',#2549);
#2017=LINE('',#2550,#2551);
#2018=LINE('',#2553,#2554);
#2019=LINE('',#2556,#2557);
#2020=(BOUNDED_CURVE()B_SPLINE_CURVE(3,
(#2559,#2560,#2561,#2562),
.UNSPECIFIED.,.F.,.F.)B_SPLINE_CURVE_WITH_KNOTS((4,4),
(0.,1.),
.UNSPECIFIED.)CURVE()GEOMETRIC_REPRESENTATION_ITEM()RATIONAL_B_SPLINE_CURVE((1.,
0.99619598280398,0.99619598280398,1.))REPRESENTATION_ITEM(''));
#2021=LINE('',#2563,#2564);
#2022=LINE('',#2566,#2567);
#2023=VERTEX_POINT('',#2569);
#2024=LINE('',#2570,#2571);
#2025=VERTEX_POINT('',#2573);
#2026=LINE('',#2574,#2575);
#2027=VERTEX_POINT('',#2577);
#2028=LINE('',#2578,#2579);
#2029=LINE('',#2581,#2582);
#2030=VERTEX_POINT('',#2584);
#2031=LINE('',#2585,#2586);
#2032=VERTEX_POINT('',#2588);
#2033=LINE('',#2589,#2590);
#2034=VERTEX_POINT('',#2592);
#2035=LINE('',#2593,#2594);
#2036=LINE('',#2596,#2597);
#2037=LINE('',#2599,#2600);
#2038=LINE('',#2602,#2603);
#2039=VERTEX_POINT('',#2605);
#2040=LINE('',#2606,#2607);
#2041=VERTEX_POINT('',#2609);
#2042=LINE('',#2610,#2611);
#2043=CIRCLE('',#2613,5.1);
#2044=VERTEX_POINT('',#2617);
#2045=LINE('',#2618,#2619);
#2046=LINE('',#2621,#2622);
#2047=VERTEX_POINT('',#2624);
#2048=CIRCLE('',#2625,10.);
#2049=LINE('',#2629,#2630);
#2050=LINE('',#2632,#2633);
#2051=VERTEX_POINT('',#2635);
#2052=VERTEX_POINT('',#2636);
#2053=CIRCLE('',#2637,3.1);
#2054=LINE('',#2641,#2642);
#2055=LINE('',#2644,#2645);
#2056=LINE('',#2647,#2648);
#2057=LINE('',#2650,#2651);
#2058=VERTEX_POINT('',#2653);
#2059=CIRCLE('',#2654,17.5);
#2060=VERTEX_POINT('',#2658);
#2061=CIRCLE('',#2659,17.5);
#2062=VERTEX_POINT('',#2663);
#2063=VERTEX_POINT('',#2664);
#2064=(BOUNDED_CURVE()B_SPLINE_CURVE(3,
(#2665,#2666,#2667,#2668),
.UNSPECIFIED.,.F.,.F.)B_SPLINE_CURVE_WITH_KNOTS((4,4),
(0.,1.),
.UNSPECIFIED.)CURVE()GEOMETRIC_REPRESENTATION_ITEM()RATIONAL_B_SPLINE_CURVE((1.,
0.998769843760913,0.998769843760913,1.))REPRESENTATION_ITEM(''));
#2065=VERTEX_POINT('',#2669);
#2066=(BOUNDED_CURVE()B_SPLINE_CURVE(3,
(#2670,#2671,#2672,#2673),
.UNSPECIFIED.,.F.,.F.)B_SPLINE_CURVE_WITH_KNOTS((4,4),
(0.,1.),
.UNSPECIFIED.)CURVE()GEOMETRIC_REPRESENTATION_ITEM()RATIONAL_B_SPLINE_CURVE((1.,
0.998769843760913,0.998769843760913,1.))REPRESENTATION_ITEM(''));
#2067=VERTEX_POINT('',#2674);
#2068=(BOUNDED_CURVE()B_SPLINE_CURVE(3,
(#2675,#2676,#2677,#2678),
.UNSPECIFIED.,.F.,.F.)B_SPLINE_CURVE_WITH_KNOTS((4,4),
(0.,1.),
.UNSPECIFIED.)CURVE()GEOMETRIC_REPRESENTATION_ITEM()RATIONAL_B_SPLINE_CURVE((1.,
0.998769843760913,0.998769843760913,1.))REPRESENTATION_ITEM(''));
#2069=(BOUNDED_CURVE()B_SPLINE_CURVE(3,
(#2679,#2680,#2681,#2682),
.UNSPECIFIED.,.F.,.F.)B_SPLINE_CURVE_WITH_KNOTS((4,4),
(0.,1.),
.UNSPECIFIED.)CURVE()GEOMETRIC_REPRESENTATION_ITEM()RATIONAL_B_SPLINE_CURVE((1.,
0.998769843760913,0.998769843760913,1.))REPRESENTATION_ITEM(''));
#2070=VERTEX_POINT('',#2683);
#2071=VERTEX_POINT('',#2684);
#2072=CIRCLE('',#2685,0.2);
#2073=VERTEX_POINT('',#2689);
#2074=LINE('',#2690,#2691);
#2075=VERTEX_POINT('',#2693);
#2076=CIRCLE('',#2694,3.);
#2077=VERTEX_POINT('',#2698);
#2078=CIRCLE('',#2699,18.5);
#2079=VERTEX_POINT('',#2703);
#2080=CIRCLE('',#2704,3.00000000000001);
#2081=VERTEX_POINT('',#2708);
#2082=LINE('',#2709,#2710);
#2083=VERTEX_POINT('',#2712);
#2084=CIRCLE('',#2713,1.);
#2085=VERTEX_POINT('',#2717);
#2086=CIRCLE('',#2718,29.);
#2087=VERTEX_POINT('',#2722);
#2088=CIRCLE('',#2723,1.);
#2089=VERTEX_POINT('',#2727);
#2090=LINE('',#2728,#2729);
#2091=VERTEX_POINT('',#2731);
#2092=CIRCLE('',#2732,3.);
#2093=VERTEX_POINT('',#2736);
#2094=CIRCLE('',#2737,18.5);
#2095=VERTEX_POINT('',#2741);
#2096=CIRCLE('',#2742,3.);
#2097=VERTEX_POINT('',#2746);
#2098=LINE('',#2747,#2748);
#2099=VERTEX_POINT('',#2750);
#2100=CIRCLE('',#2751,0.999999999999998);
#2101=VERTEX_POINT('',#2755);
#2102=CIRCLE('',#2756,29.);
#2103=VERTEX_POINT('',#2760);
#2104=CIRCLE('',#2761,1.);
#2105=VERTEX_POINT('',#2765);
#2106=LINE('',#2766,#2767);
#2107=VERTEX_POINT('',#2769);
#2108=CIRCLE('',#2770,3.);
#2109=VERTEX_POINT('',#2774);
#2110=CIRCLE('',#2775,18.5);
#2111=VERTEX_POINT('',#2779);
#2112=CIRCLE('',#2780,3.);
#2113=VERTEX_POINT('',#2784);
#2114=LINE('',#2785,#2786);
#2115=VERTEX_POINT('',#2788);
#2116=CIRCLE('',#2789,0.999999999999998);
#2117=VERTEX_POINT('',#2793);
#2118=CIRCLE('',#2794,29.);
#2119=VERTEX_POINT('',#2798);
#2120=CIRCLE('',#2799,1.);
#2121=VERTEX_POINT('',#2803);
#2122=LINE('',#2804,#2805);
#2123=VERTEX_POINT('',#2807);
#2124=CIRCLE('',#2808,3.);
#2125=VERTEX_POINT('',#2812);
#2126=CIRCLE('',#2813,18.5);
#2127=VERTEX_POINT('',#2817);
#2128=CIRCLE('',#2818,3.);
#2129=VERTEX_POINT('',#2822);
#2130=LINE('',#2823,#2824);
#2131=VERTEX_POINT('',#2826);
#2132=CIRCLE('',#2827,0.199999999999998);
#2133=LINE('',#2831,#2832);
#2134=VERTEX_POINT('',#2834);
#2135=LINE('',#2835,#2836);
#2136=VERTEX_POINT('',#2838);
#2137=(BOUNDED_CURVE()B_SPLINE_CURVE(3,
(#2839,#2840,#2841,#2842),
.UNSPECIFIED.,.F.,.F.)B_SPLINE_CURVE_WITH_KNOTS((4,4),
(0.,1.),
.UNSPECIFIED.)CURVE()GEOMETRIC_REPRESENTATION_ITEM()RATIONAL_B_SPLINE_CURVE((1.,
0.999010136709026,0.999010136709026,1.))REPRESENTATION_ITEM(''));
#2138=LINE('',#2843,#2844);
#2139=VERTEX_POINT('',#2846);
#2140=(BOUNDED_CURVE()B_SPLINE_CURVE(3,
(#2847,#2848,#2849,#2850),
.UNSPECIFIED.,.F.,.F.)B_SPLINE_CURVE_WITH_KNOTS((4,4),
(0.,1.),
.UNSPECIFIED.)CURVE()GEOMETRIC_REPRESENTATION_ITEM()RATIONAL_B_SPLINE_CURVE((1.,
0.999010136709026,0.999010136709026,1.))REPRESENTATION_ITEM(''));
#2141=LINE('',#2851,#2852);
#2142=VERTEX_POINT('',#2854);
#2143=(BOUNDED_CURVE()B_SPLINE_CURVE(3,
(#2855,#2856,#2857,#2858),
.UNSPECIFIED.,.F.,.F.)B_SPLINE_CURVE_WITH_KNOTS((4,4),
(0.,1.),
.UNSPECIFIED.)CURVE()GEOMETRIC_REPRESENTATION_ITEM()RATIONAL_B_SPLINE_CURVE((1.,
0.999010136709026,0.999010136709026,1.))REPRESENTATION_ITEM(''));
#2144=LINE('',#2859,#2860);
#2145=(BOUNDED_CURVE()B_SPLINE_CURVE(3,
(#2862,#2863,#2864,#2865),
.UNSPECIFIED.,.F.,.F.)B_SPLINE_CURVE_WITH_KNOTS((4,4),
(0.,1.),
.UNSPECIFIED.)CURVE()GEOMETRIC_REPRESENTATION_ITEM()RATIONAL_B_SPLINE_CURVE((1.,
0.999010136709026,0.999010136709026,1.))REPRESENTATION_ITEM(''));
#2146=VERTEX_POINT('',#2866);
#2147=VERTEX_POINT('',#2867);
#2148=CIRCLE('',#2868,2.);
#2149=VERTEX_POINT('',#2872);
#2150=LINE('',#2873,#2874);
#2151=VERTEX_POINT('',#2876);
#2152=CIRCLE('',#2877,2.);
#2153=LINE('',#2881,#2882);
#2154=VERTEX_POINT('',#2884);
#2155=LINE('',#2885,#2886);
#2156=VERTEX_POINT('',#2888);
#2157=LINE('',#2889,#2890);
#2158=LINE('',#2892,#2893);
#2159=VERTEX_POINT('',#2895);
#2160=CIRCLE('',#2896,2.);
#2161=VERTEX_POINT('',#2900);
#2162=CIRCLE('',#2901,2.);
#2163=LINE('',#2905,#2906);
#2164=VERTEX_POINT('',#2908);
#2165=CIRCLE('',#2909,19.5);
#2166=VERTEX_POINT('',#2913);
#2167=CIRCLE('',#2914,19.5);
#2168=LINE('',#2918,#2919);
#2169=VERTEX_POINT('',#2921);
#2170=CIRCLE('',#2922,2.);
#2171=VERTEX_POINT('',#2926);
#2172=CIRCLE('',#2927,2.);
#2173=LINE('',#2931,#2932);
#2174=VERTEX_POINT('',#2934);
#2175=LINE('',#2935,#2936);
#2176=VERTEX_POINT('',#2938);
#2177=LINE('',#2939,#2940);
#2178=LINE('',#2942,#2943);
#2179=VERTEX_POINT('',#2945);
#2180=VERTEX_POINT('',#2946);
#2181=LINE('',#2947,#2948);
#2182=VERTEX_POINT('',#2950);
#2183=LINE('',#2951,#2952);
#2184=VERTEX_POINT('',#2954);
#2185=LINE('',#2955,#2956);
#2186=LINE('',#2958,#2959);
#2187=VERTEX_POINT('',#2961);
#2188=VERTEX_POINT('',#2962);
#2189=LINE('',#2963,#2964);
#2190=VERTEX_POINT('',#2966);
#2191=LINE('',#2967,#2968);
#2192=VERTEX_POINT('',#2970);
#2193=LINE('',#2971,#2972);
#2194=LINE('',#2974,#2975);
#2195=VERTEX_POINT('',#2977);
#2196=CIRCLE('',#2978,2.);
#2197=VERTEX_POINT('',#2982);
#2198=CIRCLE('',#2983,2.);
#2199=LINE('',#2987,#2988);
#2200=VERTEX_POINT('',#2990);
#2201=CIRCLE('',#2991,19.5);
#2202=VERTEX_POINT('',#2995);
#2203=CIRCLE('',#2996,19.5);
#2204=LINE('',#3000,#3001);
#2205=VERTEX_POINT('',#3003);
#2206=CIRCLE('',#3004,2.);
#2207=VERTEX_POINT('',#3008);
#2208=CIRCLE('',#3009,2.);
#2209=LINE('',#3013,#3014);
#2210=VERTEX_POINT('',#3016);
#2211=LINE('',#3017,#3018);
#2212=VERTEX_POINT('',#3020);
#2213=LINE('',#3021,#3022);
#2214=LINE('',#3024,#3025);
#2215=VERTEX_POINT('',#3027);
#2216=CIRCLE('',#3028,2.);
#2217=VERTEX_POINT('',#3032);
#2218=CIRCLE('',#3033,2.);
#2219=LINE('',#3037,#3038);
#2220=VERTEX_POINT('',#3040);
#2221=CIRCLE('',#3041,30.);
#2222=VERTEX_POINT('',#3045);
#2223=CIRCLE('',#3046,30.);
#2224=LINE('',#3050,#3051);
#2225=VERTEX_POINT('',#3053);
#2226=CIRCLE('',#3054,2.);
#2227=VERTEX_POINT('',#3058);
#2228=CIRCLE('',#3059,2.);
#2229=LINE('',#3063,#3064);
#2230=VERTEX_POINT('',#3066);
#2231=LINE('',#3067,#3068);
#2232=VERTEX_POINT('',#3070);
#2233=LINE('',#3071,#3072);
#2234=LINE('',#3074,#3075);
#2235=VERTEX_POINT('',#3077);
#2236=CIRCLE('',#3078,2.);
#2237=VERTEX_POINT('',#3082);
#2238=CIRCLE('',#3083,2.);
#2239=LINE('',#3087,#3088);
#2240=VERTEX_POINT('',#3090);
#2241=CIRCLE('',#3091,19.5);
#2242=VERTEX_POINT('',#3095);
#2243=CIRCLE('',#3096,19.5);
#2244=LINE('',#3100,#3101);
#2245=VERTEX_POINT('',#3103);
#2246=CIRCLE('',#3104,2.);
#2247=VERTEX_POINT('',#3108);
#2248=CIRCLE('',#3109,2.);
#2249=LINE('',#3113,#3114);
#2250=VERTEX_POINT('',#3116);
#2251=LINE('',#3117,#3118);
#2252=VERTEX_POINT('',#3120);
#2253=LINE('',#3121,#3122);
#2254=LINE('',#3124,#3125);
#2255=VERTEX_POINT('',#3127);
#2256=CIRCLE('',#3128,2.);
#2257=VERTEX_POINT('',#3132);
#2258=CIRCLE('',#3133,2.);
#2259=LINE('',#3137,#3138);
#2260=VERTEX_POINT('',#3140);
#2261=CIRCLE('',#3141,30.);
#2262=VERTEX_POINT('',#3145);
#2263=CIRCLE('',#3146,30.);
#2264=LINE('',#3150,#3151);
#2265=VERTEX_POINT('',#3153);
#2266=CIRCLE('',#3154,2.);
#2267=VERTEX_POINT('',#3158);
#2268=CIRCLE('',#3159,2.);
#2269=LINE('',#3163,#3164);
#2270=VERTEX_POINT('',#3166);
#2271=LINE('',#3167,#3168);
#2272=VERTEX_POINT('',#3170);
#2273=LINE('',#3171,#3172);
#2274=LINE('',#3174,#3175);
#2275=VERTEX_POINT('',#3177);
#2276=CIRCLE('',#3178,2.);
#2277=VERTEX_POINT('',#3182);
#2278=CIRCLE('',#3183,2.);
#2279=LINE('',#3187,#3188);
#2280=VERTEX_POINT('',#3190);
#2281=CIRCLE('',#3191,19.5);
#2282=VERTEX_POINT('',#3195);
#2283=CIRCLE('',#3196,19.5);
#2284=LINE('',#3200,#3201);
#2285=VERTEX_POINT('',#3203);
#2286=CIRCLE('',#3204,2.);
#2287=VERTEX_POINT('',#3208);
#2288=CIRCLE('',#3209,2.);
#2289=LINE('',#3213,#3214);
#2290=VERTEX_POINT('',#3216);
#2291=LINE('',#3217,#3218);
#2292=VERTEX_POINT('',#3220);
#2293=LINE('',#3221,#3222);
#2294=LINE('',#3224,#3225);
#2295=VERTEX_POINT('',#3227);
#2296=CIRCLE('',#3228,2.);
#2297=VERTEX_POINT('',#3232);
#2298=CIRCLE('',#3233,2.);
#2299=LINE('',#3237,#3238);
#2300=CIRCLE('',#3240,30.);
#2301=CIRCLE('',#3244,30.);
#2302=VERTEX_POINT('',#3248);
#2303=VERTEX_POINT('',#3249);
#2304=CIRCLE('',#3250,0.2);
#2305=VERTEX_POINT('',#3254);
#2306=LINE('',#3255,#3256);
#2307=VERTEX_POINT('',#3258);
#2308=CIRCLE('',#3259,0.2);
#2309=VERTEX_POINT('',#3263);
#2310=LINE('',#3264,#3265);
#2311=VERTEX_POINT('',#3267);
#2312=CIRCLE('',#3268,3.);
#2313=VERTEX_POINT('',#3272);
#2314=CIRCLE('',#3273,18.5);
#2315=VERTEX_POINT('',#3277);
#2316=CIRCLE('',#3278,3.);
#2317=VERTEX_POINT('',#3282);
#2318=LINE('',#3283,#3284);
#2319=VERTEX_POINT('',#3286);
#2320=CIRCLE('',#3287,1.);
#2321=VERTEX_POINT('',#3291);
#2322=CIRCLE('',#3292,29.);
#2323=VERTEX_POINT('',#3296);
#2324=CIRCLE('',#3297,0.999999999999998);
#2325=VERTEX_POINT('',#3301);
#2326=LINE('',#3302,#3303);
#2327=VERTEX_POINT('',#3305);
#2328=CIRCLE('',#3306,3.);
#2329=VERTEX_POINT('',#3310);
#2330=CIRCLE('',#3311,18.5);
#2331=VERTEX_POINT('',#3315);
#2332=CIRCLE('',#3316,3.);
#2333=VERTEX_POINT('',#3320);
#2334=LINE('',#3321,#3322);
#2335=VERTEX_POINT('',#3324);
#2336=CIRCLE('',#3325,1.);
#2337=VERTEX_POINT('',#3329);
#2338=CIRCLE('',#3330,29.);
#2339=VERTEX_POINT('',#3334);
#2340=CIRCLE('',#3335,1.);
#2341=VERTEX_POINT('',#3339);
#2342=LINE('',#3340,#3341);
#2343=VERTEX_POINT('',#3343);
#2344=CIRCLE('',#3344,3.);
#2345=VERTEX_POINT('',#3348);
#2346=CIRCLE('',#3349,18.5);
#2347=VERTEX_POINT('',#3353);
#2348=CIRCLE('',#3354,3.);
#2349=VERTEX_POINT('',#3358);
#2350=LINE('',#3359,#3360);
#2351=VERTEX_POINT('',#3362);
#2352=CIRCLE('',#3363,0.999999999999998);
#2353=VERTEX_POINT('',#3367);
#2354=CIRCLE('',#3368,29.);
#2355=VERTEX_POINT('',#3372);
#2356=CIRCLE('',#3373,0.999999999999998);
#2357=VERTEX_POINT('',#3377);
#2358=LINE('',#3378,#3379);
#2359=VERTEX_POINT('',#3381);
#2360=CIRCLE('',#3382,3.);
#2361=VERTEX_POINT('',#3386);
#2362=CIRCLE('',#3387,18.5);
#2363=VERTEX_POINT('',#3391);
#2364=CIRCLE('',#3392,3.);
#2365=LINE('',#3396,#3397);
#2366=CIRCLE('',#3399,1.2);
#2367=CIRCLE('',#3403,1.2);
#2368=CIRCLE('',#3407,1.2);
#2369=CIRCLE('',#3411,1.2);
#2370=LINE('',#3415,#3416);
#2371=LINE('',#3418,#3419);
#2372=LINE('',#3421,#3422);
#2373=LINE('',#3424,#3425);
#2374=LINE('',#3427,#3428);
#2375=LINE('',#3430,#3431);
#2376=LINE('',#3433,#3434);
#2377=LINE('',#3436,#3437);
#2378=LINE('',#3439,#3440);
#2379=LINE('',#3442,#3443);
#2380=LINE('',#3445,#3446);
#2381=LINE('',#3448,#3449);
#2382=LINE('',#3451,#3452);
#2383=LINE('',#3454,#3455);
#2384=LINE('',#3457,#3458);
#2385=LINE('',#3460,#3461);
#2386=LINE('',#3463,#3464);
#2387=LINE('',#3466,#3467);
#2388=LINE('',#3469,#3470);
#2389=LINE('',#3472,#3473);
#2390=LINE('',#3475,#3476);
#2391=LINE('',#3478,#3479);
#2392=LINE('',#3481,#3482);
#2393=LINE('',#3484,#3485);
#2394=LINE('',#3487,#3488);
#2395=LINE('',#3490,#3491);
#2396=LINE('',#3493,#3494);
#2397=LINE('',#3496,#3497);
#2398=LINE('',#3499,#3500);
#2399=LINE('',#3502,#3503);
#2400=LINE('',#3505,#3506);
#2401=LINE('',#3508,#3509);
#2402=LINE('',#3511,#3512);
#2403=LINE('',#3514,#3515);
#2404=LINE('',#3517,#3518);
#2405=LINE('',#3520,#3521);
#2406=LINE('',#3523,#3524);
#2407=LINE('',#3526,#3527);
#2408=LINE('',#3529,#3530);
#2409=LINE('',#3532,#3533);
#2410=LINE('',#3535,#3536);
#2411=LINE('',#3538,#3539);
#2412=LINE('',#3541,#3542);
#2413=LINE('',#3544,#3545);
#2414=LINE('',#3547,#3548);
#2415=LINE('',#3550,#3551);
#2416=LINE('',#3553,#3554);
#2417=LINE('',#3556,#3557);
#2418=LINE('',#3559,#3560);
#2419=LINE('',#3562,#3563);
#2420=LINE('',#3565,#3566);
#2421=LINE('',#3568,#3569);
#2422=LINE('',#3571,#3572);
#2423=LINE('',#3574,#3575);
#2424=LINE('',#3577,#3578);
#2425=LINE('',#3580,#3581);
#2426=LINE('',#3583,#3584);
#2427=LINE('',#3586,#3587);
#2428=LINE('',#3589,#3590);
#2429=LINE('',#3592,#3593);
#2430=LINE('',#3595,#3596);
#2431=LINE('',#3598,#3599);
#2432=LINE('',#3601,#3602);
#2433=LINE('',#3604,#3605);
#2434=CARTESIAN_POINT('',(-5.1,3.45547376230967E-15,12.));
#2435=CARTESIAN_POINT('',(5.1,-2.97682019288295E-15,12.));
#2436=AXIS2_PLACEMENT_3D('',#2437,#2438,#2439);
#2437=CARTESIAN_POINT('',(0.,0.,12.));
#2438=DIRECTION('',(0.,0.,1.));
#2439=DIRECTION('',(-1.,1.22464679914735E-16,0.));
#2440=CARTESIAN_POINT('',(5.1,8.60174400921115,12.));
#2441=CARTESIAN_POINT('',(5.1,-2.08864177318283E-15,12.));
#2442=VECTOR('',#2443,1.);
#2443=DIRECTION('',(2.06511242080448E-16,1.,0.));
#2444=CARTESIAN_POINT('',(-5.1,8.60174400921116,12.));
#2445=AXIS2_PLACEMENT_3D('',#2446,#2447,#2448);
#2446=CARTESIAN_POINT('',(0.,0.,12.));
#2447=DIRECTION('',(0.,0.,1.));
#2448=DIRECTION('',(0.51,0.860174400921115,0.));
#2449=CARTESIAN_POINT('',(-5.1,8.60174400921116,12.));
#2450=VECTOR('',#2451,1.);
#2451=DIRECTION('',(0.,-1.,0.));
#2452=CARTESIAN_POINT('',(-2.99999999999999,4.1,12.));
#2453=CARTESIAN_POINT('',(-2.99999999999999,7.1,12.));
#2454=CARTESIAN_POINT('',(-2.99999999999999,7.1,12.));
#2455=VECTOR('',#2456,1.);
#2456=DIRECTION('',(-5.9211894646675E-16,-1.,0.));
#2457=CARTESIAN_POINT('',(3.00000000000001,7.1,12.));
#2458=CARTESIAN_POINT('',(3.00000000000001,7.1,12.));
#2459=VECTOR('',#2460,1.);
#2460=DIRECTION('',(-1.,2.96059473233375E-16,0.));
#2461=CARTESIAN_POINT('',(3.00000000000001,4.1,12.));
#2462=CARTESIAN_POINT('',(3.00000000000001,4.1,12.));
#2463=VECTOR('',#2464,1.);
#2464=DIRECTION('',(5.9211894646675E-16,1.,0.));
#2465=CARTESIAN_POINT('',(3.00000000000001,4.1,12.));
#2466=VECTOR('',#2467,1.);
#2467=DIRECTION('',(-1.,2.96059473233375E-16,0.));
#2468=CARTESIAN_POINT('',(2.28035085019828,2.1,12.));
#2469=CARTESIAN_POINT('',(-2.28035085019828,2.1,12.));
#2470=AXIS2_PLACEMENT_3D('',#2471,#2472,#2473);
#2471=CARTESIAN_POINT('',(0.,0.,12.));
#2472=DIRECTION('',(0.,0.,1.));
#2473=DIRECTION('',(-0.735597048451057,0.67741935483871,0.));
#2474=CARTESIAN_POINT('',(2.28035085019828,2.1,12.));
#2475=VECTOR('',#2476,1.);
#2476=DIRECTION('',(-1.,4.86865003483399E-16,0.));
#2477=CARTESIAN_POINT('',(2.12132034355965,7.1,7.));
#2478=CARTESIAN_POINT('',(1.01812140800472E-14,7.1,9.12132034355964));
#2479=CARTESIAN_POINT('',(2.12132034355966,7.1,6.99999999999999));
#2480=VECTOR('',#2481,1.);
#2481=DIRECTION('',(-0.707106781186547,5.92118946466746E-16,0.707106781186548));
#2482=CARTESIAN_POINT('',(1.12416920645831E-14,9.99999999999999,9.12132034355964));
#2483=CARTESIAN_POINT('',(1.12416920645831E-14,9.99999999999999,9.12132034355964));
#2484=VECTOR('',#2485,1.);
#2485=DIRECTION('',(-3.6568206363306E-16,-1.,0.));
#2486=CARTESIAN_POINT('',(2.12132034355965,9.77241014284602,7.));
#2487=CARTESIAN_POINT('',(2.12132034355966,9.77241014284602,6.99999999999999));
#2488=CARTESIAN_POINT('',(1.42368721718149,9.92384702706342,7.69763312637816));
#2489=CARTESIAN_POINT('',(0.713880318345917,9.99999999999999,8.40744002521374));
#2490=CARTESIAN_POINT('',(1.31612450498976E-14,9.99999999999999,9.12132034355964));
#2491=CARTESIAN_POINT('',(2.12132034355965,9.77241014284602,7.));
#2492=VECTOR('',#2493,1.);
#2493=DIRECTION('',(-3.32351088427709E-16,-1.,0.));
#2494=CARTESIAN_POINT('',(9.09182459966269E-15,4.1,9.12132034355964));
#2495=CARTESIAN_POINT('',(2.12132034355965,4.1,7.));
#2496=CARTESIAN_POINT('',(2.12132034355966,4.1,6.99999999999999));
#2497=VECTOR('',#2498,1.);
#2498=DIRECTION('',(-0.707106781186547,2.96059473233373E-16,0.707106781186548));
#2499=CARTESIAN_POINT('',(2.12132034355965,2.1,7.));
#2500=CARTESIAN_POINT('',(2.12132034355965,4.1,7.));
#2501=VECTOR('',#2502,1.);
#2502=DIRECTION('',(-2.22044604925031E-16,-1.,-4.44089209850062E-16));
#2503=CARTESIAN_POINT('',(8.36744977330317E-15,2.1,9.12132034355964));
#2504=CARTESIAN_POINT('',(8.32667268468867E-15,2.1,9.12132034355964));
#2505=VECTOR('',#2506,1.);
#2506=DIRECTION('',(0.707106781186548,0.,-0.707106781186548));
#2507=CARTESIAN_POINT('',(9.09182459966269E-15,4.1,9.12132034355964));
#2508=VECTOR('',#2509,1.);
#2509=DIRECTION('',(-2.89114958486498E-16,-1.,0.));
#2510=CARTESIAN_POINT('',(-2.12132034355963,7.1,7.));
#2511=CARTESIAN_POINT('',(1.54342292502945E-14,7.1,9.12132034355965));
#2512=VECTOR('',#2513,1.);
#2513=DIRECTION('',(-0.707106781186547,5.92118946466748E-16,-0.707106781186547));
#2514=CARTESIAN_POINT('',(-2.12132034355963,9.77241014284602,7.));
#2515=CARTESIAN_POINT('',(-2.12132034355963,9.77241014284602,7.));
#2516=VECTOR('',#2517,1.);
#2517=DIRECTION('',(-3.32351088427709E-16,-1.,0.));
#2518=CARTESIAN_POINT('',(1.59165574158351E-14,9.99999999999999,9.12132034355965));
#2519=CARTESIAN_POINT('',(-0.71388031834589,10.,8.40744002521374));
#2520=CARTESIAN_POINT('',(-1.42368721718146,9.92384702706343,7.69763312637817));
#2521=CARTESIAN_POINT('',(-2.12132034355963,9.77241014284603,7.));
#2522=CARTESIAN_POINT('',(-2.12132034355963,4.1,7.));
#2523=CARTESIAN_POINT('',(1.48499912461144E-14,4.1,9.12132034355965));
#2524=VECTOR('',#2525,1.);
#2525=DIRECTION('',(-0.707106781186548,0.,-0.707106781186547));
#2526=CARTESIAN_POINT('',(-2.12132034355963,2.1,7.));
#2527=CARTESIAN_POINT('',(-2.12132034355963,2.1,7.));
#2528=VECTOR('',#2529,1.);
#2529=DIRECTION('',(0.707106781186548,-2.96059473233375E-16,0.707106781186547));
#2530=CARTESIAN_POINT('',(-2.12132034355963,4.1,7.));
#2531=VECTOR('',#2532,1.);
#2532=DIRECTION('',(0.,-1.,0.));
#2533=CARTESIAN_POINT('',(9.83655005004831E-15,7.1,4.87867965644036));
#2534=CARTESIAN_POINT('',(-2.12132034355963,7.1,7.));
#2535=VECTOR('',#2536,1.);
#2536=DIRECTION('',(0.707106781186547,-2.96059473233373E-16,-0.707106781186547));
#2537=CARTESIAN_POINT('',(1.08970280345842E-14,9.99999999999999,4.87867965644036));
#2538=CARTESIAN_POINT('',(1.08970280345842E-14,9.99999999999999,4.87867965644036));
#2539=VECTOR('',#2540,1.);
#2540=DIRECTION('',(-3.6568206363306E-16,-1.,0.));
#2541=CARTESIAN_POINT('',(2.24871184567489E-14,9.99999999999999,4.87867965644035));
#2542=CARTESIAN_POINT('',(-0.713880318345888,10.,5.59255997478626));
#2543=CARTESIAN_POINT('',(-1.42368721718146,9.92384702706343,6.30236687362183));
#2544=CARTESIAN_POINT('',(-2.12132034355963,9.77241014284603,7.));
#2545=CARTESIAN_POINT('',(8.74716056966378E-15,4.1,4.87867965644036));
#2546=CARTESIAN_POINT('',(-2.12132034355963,4.1,7.));
#2547=VECTOR('',#2548,1.);
#2548=DIRECTION('',(0.707106781186547,0.,-0.707106781186547));
#2549=CARTESIAN_POINT('',(8.12221092315541E-15,2.1,4.87867965644036));
#2550=CARTESIAN_POINT('',(1.21014309684142E-14,2.1,4.87867965644035));
#2551=VECTOR('',#2552,1.);
#2552=DIRECTION('',(-0.707106781186548,2.96059473233375E-16,0.707106781186548));
#2553=CARTESIAN_POINT('',(8.74716056966378E-15,4.1,4.87867965644036));
#2554=VECTOR('',#2555,1.);
#2555=DIRECTION('',(-2.89114958486498E-16,-1.,0.));
#2556=CARTESIAN_POINT('',(9.06562981127996E-15,7.1,4.87867965644036));
#2557=VECTOR('',#2558,1.);
#2558=DIRECTION('',(0.707106781186548,-5.92118946466748E-16,0.707106781186547));
#2559=CARTESIAN_POINT('',(2.12132034355966,9.77241014284602,7.00000000000001));
#2560=CARTESIAN_POINT('',(1.42368721718149,9.92384702706342,6.30236687362184));
#2561=CARTESIAN_POINT('',(0.713880318345917,9.99999999999999,5.59255997478626));
#2562=CARTESIAN_POINT('',(1.12304264671867E-14,9.99999999999999,4.87867965644036));
#2563=CARTESIAN_POINT('',(8.48139180709988E-15,4.1,4.87867965644036));
#2564=VECTOR('',#2565,1.);
#2565=DIRECTION('',(0.707106781186548,-2.96059473233374E-16,0.707106781186547));
#2566=CARTESIAN_POINT('',(2.12132034355965,2.1,7.));
#2567=VECTOR('',#2568,1.);
#2568=DIRECTION('',(-0.707106781186548,0.,-0.707106781186548));
#2569=CARTESIAN_POINT('',(3.00000000000001,4.1,5.26794919243112));
#2570=CARTESIAN_POINT('',(3.00000000000001,4.1,12.));
#2571=VECTOR('',#2572,1.);
#2572=DIRECTION('',(-2.6386563176307E-16,0.,-1.));
#2573=CARTESIAN_POINT('',(7.76790539570444E-15,4.1,3.53589838486225));
#2574=CARTESIAN_POINT('',(3.00000000000001,4.1,5.26794919243112));
#2575=VECTOR('',#2576,1.);
#2576=DIRECTION('',(-0.866025403784439,5.12790049702284E-16,-0.5));
#2577=CARTESIAN_POINT('',(-2.99999999999999,4.1,5.26794919243112));
#2578=CARTESIAN_POINT('',(7.76790539570444E-15,4.1,3.53589838486225));
#2579=VECTOR('',#2580,1.);
#2580=DIRECTION('',(-0.866025403784439,5.12790049702284E-16,0.5));
#2581=CARTESIAN_POINT('',(-2.99999999999999,4.1,5.26794919243112));
#2582=VECTOR('',#2583,1.);
#2583=DIRECTION('',(3.95798447644606E-16,0.,1.));
#2584=CARTESIAN_POINT('',(-2.99999999999999,7.1,5.26794919243112));
#2585=CARTESIAN_POINT('',(-2.99999999999999,7.1,5.26794919243112));
#2586=VECTOR('',#2587,1.);
#2587=DIRECTION('',(3.95798447644606E-16,0.,1.));
#2588=CARTESIAN_POINT('',(9.3037754438088E-15,7.1,3.53589838486225));
#2589=CARTESIAN_POINT('',(9.3037754438088E-15,7.1,3.53589838486225));
#2590=VECTOR('',#2591,1.);
#2591=DIRECTION('',(-0.866025403784439,5.12790049702284E-16,0.5));
#2592=CARTESIAN_POINT('',(3.00000000000001,7.1,5.26794919243112));
#2593=CARTESIAN_POINT('',(3.00000000000001,7.1,5.26794919243112));
#2594=VECTOR('',#2595,1.);
#2595=DIRECTION('',(-0.866025403784439,5.12790049702284E-16,-0.5));
#2596=CARTESIAN_POINT('',(3.00000000000001,7.1,12.));
#2597=VECTOR('',#2598,1.);
#2598=DIRECTION('',(-2.6386563176307E-16,0.,-1.));
#2599=CARTESIAN_POINT('',(3.00000000000001,4.1,5.26794919243112));
#2600=VECTOR('',#2601,1.);
#2601=DIRECTION('',(5.9211894646675E-16,1.,0.));
#2602=CARTESIAN_POINT('',(-2.99999999999999,4.1,5.26794919243112));
#2603=VECTOR('',#2604,1.);
#2604=DIRECTION('',(7.40148683083438E-16,1.,0.));
#2605=CARTESIAN_POINT('',(5.1,-2.53273098303289E-15,2.));
#2606=CARTESIAN_POINT('',(5.1,-2.66453525910038E-15,2.));
#2607=VECTOR('',#2608,1.);
#2608=DIRECTION('',(0.,0.,1.));
#2609=CARTESIAN_POINT('',(-5.1,3.12284933782575E-16,2.));
#2610=CARTESIAN_POINT('',(-5.1,6.66133814775094E-15,2.));
#2611=VECTOR('',#2612,1.);
#2612=DIRECTION('',(0.,0.,1.));
#2613=AXIS2_PLACEMENT_3D('',#2614,#2615,#2616);
#2614=CARTESIAN_POINT('',(0.,0.,2.));
#2615=DIRECTION('',(0.,0.,1.));
#2616=DIRECTION('',(-1.,8.7076315656875E-17,0.));
#2617=CARTESIAN_POINT('',(5.1,8.60174400921115,2.));
#2618=CARTESIAN_POINT('',(5.1,-2.08864177318283E-15,2.));
#2619=VECTOR('',#2620,1.);
#2620=DIRECTION('',(2.06511242080448E-16,1.,0.));
#2621=CARTESIAN_POINT('',(5.1,8.60174400921115,2.));
#2622=VECTOR('',#2623,1.);
#2623=DIRECTION('',(0.,0.,1.));
#2624=CARTESIAN_POINT('',(-5.1,8.60174400921116,2.));
#2625=AXIS2_PLACEMENT_3D('',#2626,#2627,#2628);
#2626=CARTESIAN_POINT('',(0.,0.,2.));
#2627=DIRECTION('',(0.,0.,1.));
#2628=DIRECTION('',(0.51,0.860174400921115,0.));
#2629=CARTESIAN_POINT('',(-5.1,8.60174400921116,2.));
#2630=VECTOR('',#2631,1.);
#2631=DIRECTION('',(0.,0.,1.));
#2632=CARTESIAN_POINT('',(-5.1,8.60174400921116,2.));
#2633=VECTOR('',#2634,1.);
#2634=DIRECTION('',(0.,-1.,0.));
#2635=CARTESIAN_POINT('',(-2.28035085019828,2.1,2.));
#2636=CARTESIAN_POINT('',(2.28035085019828,2.1,2.));
#2637=AXIS2_PLACEMENT_3D('',#2638,#2639,#2640);
#2638=CARTESIAN_POINT('',(0.,0.,2.));
#2639=DIRECTION('',(0.,0.,1.));
#2640=DIRECTION('',(-0.735597048451057,0.67741935483871,0.));
#2641=CARTESIAN_POINT('',(-2.28035085019828,2.1,2.));
#2642=VECTOR('',#2643,1.);
#2643=DIRECTION('',(0.,0.,1.));
#2644=CARTESIAN_POINT('',(2.28035085019828,2.1,2.));
#2645=VECTOR('',#2646,1.);
#2646=DIRECTION('',(0.,0.,1.));
#2647=CARTESIAN_POINT('',(-2.28035085019827,2.1,2.));
#2648=VECTOR('',#2649,1.);
#2649=DIRECTION('',(1.,-3.8949200278672E-16,0.));
#2650=CARTESIAN_POINT('',(7.65871098157775E-15,4.1,3.53589838486225));
#2651=VECTOR('',#2652,1.);
#2652=DIRECTION('',(5.52037814584102E-16,1.,0.));
#2653=CARTESIAN_POINT('',(-17.5,2.14313189850787E-15,2.));
#2654=AXIS2_PLACEMENT_3D('',#2655,#2656,#2657);
#2655=CARTESIAN_POINT('',(0.,0.,2.));
#2656=DIRECTION('',(0.,0.,1.));
#2657=DIRECTION('',(-1.,1.22464679914735E-16,0.));
#2658=CARTESIAN_POINT('',(-17.5,2.14313189850787E-15,12.));
#2659=AXIS2_PLACEMENT_3D('',#2660,#2661,#2662);
#2660=CARTESIAN_POINT('',(0.,0.,12.));
#2661=DIRECTION('',(0.,0.,1.));
#2662=DIRECTION('',(-1.,1.22464679914735E-16,0.));
#2663=CARTESIAN_POINT('',(1.4298232672932E-14,17.5,9.12132034355965));
#2664=CARTESIAN_POINT('',(2.12132034355966,17.3709527660402,7.));
#2665=CARTESIAN_POINT('',(2.12132034355967,17.3709527660402,6.99999999999999));
#2666=CARTESIAN_POINT('',(1.41726420858113,17.4569312740848,7.70405613497853));
#2667=CARTESIAN_POINT('',(0.709286504204401,17.5,8.41203383935526));
#2668=CARTESIAN_POINT('',(1.07087032639816E-14,17.5,9.12132034355965));
#2669=CARTESIAN_POINT('',(1.3953568642933E-14,17.5,4.87867965644036));
#2670=CARTESIAN_POINT('',(2.12132034355966,17.3709527660402,7.00000000000001));
#2671=CARTESIAN_POINT('',(1.41726420858113,17.4569312740848,6.29594386502147));
#2672=CARTESIAN_POINT('',(0.709286504204404,17.5,5.58796616064475));
#2673=CARTESIAN_POINT('',(7.98710117787267E-15,17.5,4.87867965644035));
#2674=CARTESIAN_POINT('',(-2.12132034355963,17.3709527660402,7.));
#2675=CARTESIAN_POINT('',(2.58077363988837E-14,17.5,4.87867965644035));
#2676=CARTESIAN_POINT('',(-0.709286504204375,17.5,5.58796616064475));
#2677=CARTESIAN_POINT('',(-1.4172642085811,17.4569312740849,6.29594386502147));
#2678=CARTESIAN_POINT('',(-2.12132034355963,17.3709527660402,7.));
#2679=CARTESIAN_POINT('',(8.10972060294656E-15,17.5,9.12132034355964));
#2680=CARTESIAN_POINT('',(-0.709286504204383,17.5,8.41203383935525));
#2681=CARTESIAN_POINT('',(-1.4172642085811,17.4569312740848,7.70405613497853));
#2682=CARTESIAN_POINT('',(-2.12132034355963,17.3709527660402,7.));
#2683=CARTESIAN_POINT('',(20.1642071899485,20.6334181369223,12.));
#2684=CARTESIAN_POINT('',(20.3934769617558,20.5951657447102,12.));
#2685=AXIS2_PLACEMENT_3D('',#2686,#2687,#2688);
#2686=CARTESIAN_POINT('',(20.2520556055185,20.4537443884729,12.));
#2687=DIRECTION('',(0.,0.,1.));
#2688=DIRECTION('',(0.707106781186547,0.707106781186547,0.));
#2689=CARTESIAN_POINT('',(11.3469563754907,16.3223736998942,12.));
#2690=CARTESIAN_POINT('',(20.1642071899485,20.6334181369223,12.));
#2691=VECTOR('',#2692,1.);
#2692=DIRECTION('',(-0.898368742246945,-0.43924207784961,0.));
#2693=CARTESIAN_POINT('',(8.62980268027551,16.3638780764069,12.));
#2694=AXIS2_PLACEMENT_3D('',#2695,#2696,#2697);
#2695=CARTESIAN_POINT('',(10.0292301419418,19.017479926635,12.));
#2696=DIRECTION('',(0.,0.,-1.));
#2697=DIRECTION('',(0.439242077849612,-0.898368742246944,0.));
#2698=CARTESIAN_POINT('',(-8.10963336271839,16.627803424454,12.));
#2699=AXIS2_PLACEMENT_3D('',#2700,#2701,#2702);
#2700=CARTESIAN_POINT('',(0.,0.,12.));
#2701=DIRECTION('',(0.,0.,1.));
#2702=DIRECTION('',(0.466475820555434,0.884533950076047,0.));
#2703=CARTESIAN_POINT('',(-11.5460293867188,17.2028836362112,12.));
#2704=AXIS2_PLACEMENT_3D('',#2705,#2706,#2707);
#2705=CARTESIAN_POINT('',(-9.4247090431592,19.3242039797709,12.));
#2706=DIRECTION('',(0.,0.,-1.));
#2707=DIRECTION('',(0.438358560146927,-0.898800185105629,0.));
#2708=CARTESIAN_POINT('',(-16.8565925602833,22.5134468097757,12.));
#2709=CARTESIAN_POINT('',(-11.5460293867188,17.2028836362112,12.));
#2710=VECTOR('',#2711,1.);
#2711=DIRECTION('',(-0.707106781186547,0.707106781186548,0.));
#2712=CARTESIAN_POINT('',(-18.1909743179509,22.5851378867531,12.));
#2713=AXIS2_PLACEMENT_3D('',#2714,#2715,#2716);
#2714=CARTESIAN_POINT('',(-17.5636993414699,21.8063400285892,12.));
#2715=DIRECTION('',(0.,0.,1.));
#2716=DIRECTION('',(0.707106781186548,0.707106781186548,0.));
#2717=CARTESIAN_POINT('',(-22.5851378867531,18.190974317951,12.));
#2718=AXIS2_PLACEMENT_3D('',#2719,#2720,#2721);
#2719=CARTESIAN_POINT('',(0.,0.,12.));
#2720=DIRECTION('',(0.,0.,1.));
#2721=DIRECTION('',(-0.627274976481067,0.778797858163899,0.));
#2722=CARTESIAN_POINT('',(-22.5134468097757,16.8565925602833,12.));
#2723=AXIS2_PLACEMENT_3D('',#2724,#2725,#2726);
#2724=CARTESIAN_POINT('',(-21.8063400285892,17.5636993414699,12.));
#2725=DIRECTION('',(0.,0.,1.));
#2726=DIRECTION('',(-0.7787978581639,0.627274976481067,0.));
#2727=CARTESIAN_POINT('',(-17.2028836362112,11.5460293867189,12.));
#2728=CARTESIAN_POINT('',(-22.5134468097757,16.8565925602833,12.));
#2729=VECTOR('',#2730,1.);
#2730=DIRECTION('',(0.707106781186547,-0.707106781186548,0.));
#2731=CARTESIAN_POINT('',(-16.627803424454,8.10963336271839,12.));
#2732=AXIS2_PLACEMENT_3D('',#2733,#2734,#2735);
#2733=CARTESIAN_POINT('',(-19.3242039797709,9.42470904315921,12.));
#2734=DIRECTION('',(0.,0.,-1.));
#2735=DIRECTION('',(0.707106781186549,0.707106781186546,0.));
#2736=CARTESIAN_POINT('',(-16.6274867548518,-8.11028262252472,12.));
#2737=AXIS2_PLACEMENT_3D('',#2738,#2739,#2740);
#2738=CARTESIAN_POINT('',(0.,0.,12.));
#2739=DIRECTION('',(0.,0.,1.));
#2740=DIRECTION('',(-0.898800185105623,0.43835856014694,0.));
#2741=CARTESIAN_POINT('',(-17.2025156147817,-11.5467839318991,12.));
#2742=AXIS2_PLACEMENT_3D('',#2743,#2744,#2745);
#2743=CARTESIAN_POINT('',(-19.3238359583413,-9.42546358833952,12.));
#2744=DIRECTION('',(0.,0.,-1.));
#2745=DIRECTION('',(0.898783067829839,0.438393655271587,0.));
#2746=CARTESIAN_POINT('',(-22.5129460040504,-16.8572143211679,12.));
#2747=CARTESIAN_POINT('',(-17.2025156147817,-11.5467839318992,12.));
#2748=VECTOR('',#2749,1.);
#2749=DIRECTION('',(-0.707106781186548,-0.707106781186547,0.));
#2750=CARTESIAN_POINT('',(-22.584619195109,-18.1916182845813,12.));
#2751=AXIS2_PLACEMENT_3D('',#2752,#2753,#2754);
#2752=CARTESIAN_POINT('',(-21.8058392228639,-17.5643211023544,12.));
#2753=DIRECTION('',(0.,0.,1.));
#2754=DIRECTION('',(-0.707106781186548,0.707106781186548,0.));
#2755=CARTESIAN_POINT('',(-18.1909743179509,-22.5851378867531,12.));
#2756=AXIS2_PLACEMENT_3D('',#2757,#2758,#2759);
#2757=CARTESIAN_POINT('',(0.,0.,12.));
#2758=DIRECTION('',(0.,0.,1.));
#2759=DIRECTION('',(-0.778779972245138,-0.627297182226943,0.));
#2760=CARTESIAN_POINT('',(-16.8565925602833,-22.5134468097757,12.));
#2761=AXIS2_PLACEMENT_3D('',#2762,#2763,#2764);
#2762=CARTESIAN_POINT('',(-17.5636993414699,-21.8063400285892,12.));
#2763=DIRECTION('',(0.,0.,1.));
#2764=DIRECTION('',(-0.627274976481067,-0.7787978581639,0.));
#2765=CARTESIAN_POINT('',(-11.5460293867189,-17.2028836362113,12.));
#2766=CARTESIAN_POINT('',(-16.8565925602833,-22.5134468097757,12.));
#2767=VECTOR('',#2768,1.);
#2768=DIRECTION('',(0.707106781186545,0.70710678118655,0.));
#2769=CARTESIAN_POINT('',(-8.10963336271839,-16.627803424454,12.));
#2770=AXIS2_PLACEMENT_3D('',#2771,#2772,#2773);
#2771=CARTESIAN_POINT('',(-9.42470904315921,-19.3242039797709,12.));
#2772=DIRECTION('',(0.,0.,-1.));
#2773=DIRECTION('',(-0.707106781186549,0.707106781186546,0.));
#2774=CARTESIAN_POINT('',(8.10963336271836,-16.627803424454,12.));
#2775=AXIS2_PLACEMENT_3D('',#2776,#2777,#2778);
#2776=CARTESIAN_POINT('',(0.,0.,12.));
#2777=DIRECTION('',(0.,0.,1.));
#2778=DIRECTION('',(-0.43835856014694,-0.898800185105623,0.));
#2779=CARTESIAN_POINT('',(11.5460293867188,-17.2028836362113,12.));
#2780=AXIS2_PLACEMENT_3D('',#2781,#2782,#2783);
#2781=CARTESIAN_POINT('',(9.42470904315918,-19.3242039797709,12.));
#2782=DIRECTION('',(0.,0.,-1.));
#2783=DIRECTION('',(-0.438358560146938,0.898800185105624,0.));
#2784=CARTESIAN_POINT('',(16.8565925602833,-22.5134468097758,12.));
#2785=CARTESIAN_POINT('',(11.5460293867188,-17.2028836362113,12.));
#2786=VECTOR('',#2787,1.);
#2787=DIRECTION('',(0.707106781186544,-0.707106781186551,0.));
#2788=CARTESIAN_POINT('',(18.1909743179509,-22.5851378867531,12.));
#2789=AXIS2_PLACEMENT_3D('',#2790,#2791,#2792);
#2790=CARTESIAN_POINT('',(17.5636993414698,-21.8063400285892,12.));
#2791=DIRECTION('',(0.,0.,1.));
#2792=DIRECTION('',(-0.707106781186551,-0.707106781186544,0.));
#2793=CARTESIAN_POINT('',(22.585137886753,-18.190974317951,12.));
#2794=AXIS2_PLACEMENT_3D('',#2795,#2796,#2797);
#2795=CARTESIAN_POINT('',(0.,0.,12.));
#2796=DIRECTION('',(0.,0.,1.));
#2797=DIRECTION('',(0.627274976481065,-0.778797858163901,0.));
#2798=CARTESIAN_POINT('',(22.5134468097757,-16.8565925602834,12.));
#2799=AXIS2_PLACEMENT_3D('',#2800,#2801,#2802);
#2800=CARTESIAN_POINT('',(21.8063400285891,-17.5636993414699,12.));
#2801=DIRECTION('',(0.,0.,1.));
#2802=DIRECTION('',(0.778797858163898,-0.627274976481068,0.));
#2803=CARTESIAN_POINT('',(17.2028836362112,-11.5460293867189,12.));
#2804=CARTESIAN_POINT('',(22.5134468097757,-16.8565925602834,12.));
#2805=VECTOR('',#2806,1.);
#2806=DIRECTION('',(-0.70710678118655,0.707106781186545,0.));
#2807=CARTESIAN_POINT('',(16.627803424454,-8.10963336271845,12.));
#2808=AXIS2_PLACEMENT_3D('',#2809,#2810,#2811);
#2809=CARTESIAN_POINT('',(19.3242039797709,-9.42470904315928,12.));
#2810=DIRECTION('',(0.,0.,-1.));
#2811=DIRECTION('',(-0.707106781186546,-0.707106781186549,0.));
#2812=CARTESIAN_POINT('',(16.3641710303529,8.6292471565808,12.));
#2813=AXIS2_PLACEMENT_3D('',#2814,#2815,#2816);
#2814=CARTESIAN_POINT('',(0.,0.,12.));
#2815=DIRECTION('',(0.,0.,1.));
#2816=DIRECTION('',(0.898800185105621,-0.438358560146943,0.));
#2817=CARTESIAN_POINT('',(16.3226413835344,11.346161909151,12.));
#2818=AXIS2_PLACEMENT_3D('',#2819,#2820,#2821);
#2819=CARTESIAN_POINT('',(19.0178203866264,10.0285845333236,12.));
#2820=DIRECTION('',(0.,0.,-1.));
#2821=DIRECTION('',(-0.884549785424482,-0.466445792247612,0.));
#2822=CARTESIAN_POINT('',(20.6334583676862,20.1641817347895,12.));
#2823=CARTESIAN_POINT('',(16.3226413835344,11.346161909151,12.));
#2824=VECTOR('',#2825,1.);
#2825=DIRECTION('',(0.439192458609111,0.898393001030665,0.));
#2826=CARTESIAN_POINT('',(20.5952011237173,20.3934415827487,12.));
#2827=AXIS2_PLACEMENT_3D('',#2828,#2829,#2830);
#2828=CARTESIAN_POINT('',(20.45377976748,20.2520202265113,12.));
#2829=DIRECTION('',(0.,0.,1.));
#2830=DIRECTION('',(0.898393001030663,-0.439192458609114,0.));
#2831=CARTESIAN_POINT('',(20.5952011237173,20.3934415827487,12.));
#2832=VECTOR('',#2833,1.);
#2833=DIRECTION('',(-0.707106781186541,0.707106781186554,0.));
#2834=CARTESIAN_POINT('',(1.509850719483E-14,19.5,9.12132034355964));
#2835=CARTESIAN_POINT('',(1.509850719483E-14,19.5,9.12132034355964));
#2836=VECTOR('',#2837,1.);
#2837=DIRECTION('',(-4.00137260949014E-16,-1.,8.88178419700127E-16));
#2838=CARTESIAN_POINT('',(2.12132034355966,19.3842719749801,7.));
#2839=CARTESIAN_POINT('',(2.12132034355968,19.3842719749801,6.99999999999998));
#2840=CARTESIAN_POINT('',(1.41666733915293,19.4613857688501,7.70465300440673));
#2841=CARTESIAN_POINT('',(0.70885992539041,19.5,8.41246041816925));
#2842=CARTESIAN_POINT('',(1.18310489604709E-14,19.5,9.12132034355965));
#2843=CARTESIAN_POINT('',(2.12132034355966,19.3842719749801,7.));
#2844=VECTOR('',#2845,1.);
#2845=DIRECTION('',(-4.41151316570303E-16,-1.,0.));
#2846=CARTESIAN_POINT('',(1.47538431648311E-14,19.5,4.87867965644036));
#2847=CARTESIAN_POINT('',(2.12132034355966,19.3842719749801,7.));
#2848=CARTESIAN_POINT('',(1.41666733915291,19.4613857688501,6.29534699559326));
#2849=CARTESIAN_POINT('',(0.708859925390401,19.5,5.58753958183074));
#2850=CARTESIAN_POINT('',(8.88854986336085E-15,19.5,4.87867965644035));
#2851=CARTESIAN_POINT('',(1.47538431648311E-14,19.5,4.87867965644036));
#2852=VECTOR('',#2853,1.);
#2853=DIRECTION('',(-4.00137260949014E-16,-1.,0.));
#2854=CARTESIAN_POINT('',(-2.12132034355963,19.3842719749801,7.));
#2855=CARTESIAN_POINT('',(2.87064389347733E-14,19.5,4.87867965644034));
#2856=CARTESIAN_POINT('',(-0.708859925390358,19.5,5.58753958183073));
#2857=CARTESIAN_POINT('',(-1.41666733915287,19.4613857688501,6.29534699559324));
#2858=CARTESIAN_POINT('',(-2.12132034355962,19.3842719749801,6.99999999999999));
#2859=CARTESIAN_POINT('',(-2.12132034355963,19.3842719749801,7.));
#2860=VECTOR('',#2861,1.);
#2861=DIRECTION('',(-4.41151316570302E-16,-1.,-4.41151316570302E-16));
#2862=CARTESIAN_POINT('',(9.01116928843473E-15,19.5,9.12132034355964));
#2863=CARTESIAN_POINT('',(-0.708859925390378,19.5,8.41246041816925));
#2864=CARTESIAN_POINT('',(-1.41666733915288,19.4613857688501,7.70465300440674));
#2865=CARTESIAN_POINT('',(-2.12132034355962,19.3842719749801,7.00000000000001));
#2866=CARTESIAN_POINT('',(23.2205535909622,-16.1494857790968,11.));
#2867=CARTESIAN_POINT('',(23.3639357449169,-18.8182492944321,11.));
#2868=AXIS2_PLACEMENT_3D('',#2869,#2870,#2871);
#2869=CARTESIAN_POINT('',(21.8063400285891,-17.5636993414699,11.));
#2870=DIRECTION('',(0.,0.,1.));
#2871=DIRECTION('',(0.778797858163898,-0.627274976481069,0.));
#2872=CARTESIAN_POINT('',(23.3639357449169,-18.818249294432,1.));
#2873=CARTESIAN_POINT('',(23.3639357449169,-18.818249294432,1.));
#2874=VECTOR('',#2875,1.);
#2875=DIRECTION('',(0.,0.,1.));
#2876=CARTESIAN_POINT('',(23.2205535909622,-16.1494857790968,1.));
#2877=AXIS2_PLACEMENT_3D('',#2878,#2879,#2880);
#2878=CARTESIAN_POINT('',(21.8063400285891,-17.5636993414699,1.));
#2879=DIRECTION('',(0.,0.,-1.));
#2880=DIRECTION('',(0.707106781186545,0.70710678118655,0.));
#2881=CARTESIAN_POINT('',(23.2205535909622,-16.1494857790968,1.));
#2882=VECTOR('',#2883,1.);
#2883=DIRECTION('',(0.,0.,1.));
#2884=CARTESIAN_POINT('',(17.9099904173978,-10.8389226055324,11.));
#2885=CARTESIAN_POINT('',(23.2205535909622,-16.1494857790968,11.));
#2886=VECTOR('',#2887,1.);
#2887=DIRECTION('',(-0.70710678118655,0.707106781186545,0.));
#2888=CARTESIAN_POINT('',(17.9099904173978,-10.8389226055324,1.));
#2889=CARTESIAN_POINT('',(23.2205535909622,-16.1494857790968,1.));
#2890=VECTOR('',#2891,1.);
#2891=DIRECTION('',(-0.70710678118655,0.707106781186545,0.));
#2892=CARTESIAN_POINT('',(17.9099904173978,-10.8389226055324,1.));
#2893=VECTOR('',#2894,1.);
#2894=DIRECTION('',(0.,1.77635683940025E-16,1.));
#2895=CARTESIAN_POINT('',(17.5266036095596,-8.54799192286539,11.));
#2896=AXIS2_PLACEMENT_3D('',#2897,#2898,#2899);
#2897=CARTESIAN_POINT('',(19.3242039797709,-9.42470904315928,11.));
#2898=DIRECTION('',(-1.23259516440783E-32,-1.77635683940025E-16,-1.));
#2899=DIRECTION('',(-0.707106781186546,-0.707106781186549,1.25607396694702E-16));
#2900=CARTESIAN_POINT('',(17.5266036095596,-8.5479919228654,1.));
#2901=AXIS2_PLACEMENT_3D('',#2902,#2903,#2904);
#2902=CARTESIAN_POINT('',(19.3242039797709,-9.42470904315928,1.));
#2903=DIRECTION('',(1.23259516440783E-32,1.77635683940025E-16,1.));
#2904=DIRECTION('',(-0.898800185105621,0.438358560146944,-7.78681226426671E-17));
#2905=CARTESIAN_POINT('',(17.5266036095596,-8.5479919228654,1.));
#2906=VECTOR('',#2907,1.);
#2907=DIRECTION('',(0.,0.,1.));
#2908=CARTESIAN_POINT('',(17.2487208157774,9.09569294882841,11.));
#2909=AXIS2_PLACEMENT_3D('',#2910,#2911,#2912);
#2910=CARTESIAN_POINT('',(0.,0.,11.));
#2911=DIRECTION('',(0.,0.,1.));
#2912=DIRECTION('',(0.898800185105621,-0.438358560146943,0.));
#2913=CARTESIAN_POINT('',(17.2487208157774,9.09569294882841,1.));
#2914=AXIS2_PLACEMENT_3D('',#2915,#2916,#2917);
#2915=CARTESIAN_POINT('',(0.,0.,1.));
#2916=DIRECTION('',(0.,0.,1.));
#2917=DIRECTION('',(0.898800185105621,-0.438358560146943,0.));
#2918=CARTESIAN_POINT('',(17.2487208157774,9.09569294882842,1.));
#2919=VECTOR('',#2920,1.);
#2920=DIRECTION('',(0.,0.,1.));
#2921=CARTESIAN_POINT('',(17.221034384565,10.9069694505419,11.));
#2922=AXIS2_PLACEMENT_3D('',#2923,#2924,#2925);
#2923=CARTESIAN_POINT('',(19.0178203866264,10.0285845333236,11.));
#2924=DIRECTION('',(0.,0.,-1.));
#2925=DIRECTION('',(-0.884549785424483,-0.466445792247611,0.));
#2926=CARTESIAN_POINT('',(17.221034384565,10.9069694505419,1.));
#2927=AXIS2_PLACEMENT_3D('',#2928,#2929,#2930);
#2928=CARTESIAN_POINT('',(19.0178203866264,10.0285845333236,1.));
#2929=DIRECTION('',(0.,0.,1.));
#2930=DIRECTION('',(-0.898393001030665,0.439192458609111,0.));
#2931=CARTESIAN_POINT('',(17.221034384565,10.9069694505419,1.));
#2932=VECTOR('',#2933,1.);
#2933=DIRECTION('',(0.,0.,1.));
#2934=CARTESIAN_POINT('',(21.5318513687168,19.7249892761804,11.));
#2935=CARTESIAN_POINT('',(17.221034384565,10.9069694505419,11.));
#2936=VECTOR('',#2937,1.);
#2937=DIRECTION('',(0.439192458609111,0.898393001030665,0.));
#2938=CARTESIAN_POINT('',(21.5318513687168,19.7249892761804,1.));
#2939=CARTESIAN_POINT('',(17.221034384565,10.9069694505419,1.));
#2940=VECTOR('',#2941,1.);
#2941=DIRECTION('',(0.439192458609111,0.898393001030665,-2.26222352552742E-17));
#2942=CARTESIAN_POINT('',(21.5318513687168,19.7249892761804,1.));
#2943=VECTOR('',#2944,1.);
#2944=DIRECTION('',(0.,0.,1.));
#2945=CARTESIAN_POINT('',(21.3023079049039,21.1005483639352,11.));
#2946=CARTESIAN_POINT('',(21.1005837429423,21.3022725258968,11.));
#2947=CARTESIAN_POINT('',(21.3023079049039,21.1005483639352,11.));
#2948=VECTOR('',#2949,1.);
#2949=DIRECTION('',(-0.707106781186541,0.707106781186554,0.));
#2950=CARTESIAN_POINT('',(21.3023079049039,21.1005483639352,1.));
#2951=CARTESIAN_POINT('',(21.3023079049039,21.1005483639352,1.));
#2952=VECTOR('',#2953,1.);
#2953=DIRECTION('',(0.,0.,1.));
#2954=CARTESIAN_POINT('',(21.1005837429423,21.3022725258968,1.));
#2955=CARTESIAN_POINT('',(21.3023079049039,21.1005483639352,1.));
#2956=VECTOR('',#2957,1.);
#2957=DIRECTION('',(-0.707106781186541,0.707106781186554,0.));
#2958=CARTESIAN_POINT('',(21.1005837429423,21.3022725258968,1.));
#2959=VECTOR('',#2960,1.);
#2960=DIRECTION('',(0.,0.,1.));
#2961=CARTESIAN_POINT('',(19.7249651120989,21.5317868791692,11.));
#2962=CARTESIAN_POINT('',(10.907714297641,17.2207424421411,11.));
#2963=CARTESIAN_POINT('',(19.7249651120989,21.5317868791692,11.));
#2964=VECTOR('',#2965,1.);
#2965=DIRECTION('',(-0.898368742246945,-0.43924207784961,0.));
#2966=CARTESIAN_POINT('',(19.7249651120989,21.5317868791692,1.));
#2967=CARTESIAN_POINT('',(19.7249651120989,21.5317868791692,1.));
#2968=VECTOR('',#2969,1.);
#2969=DIRECTION('',(0.,0.,1.));
#2970=CARTESIAN_POINT('',(10.907714297641,17.2207424421411,1.));
#2971=CARTESIAN_POINT('',(19.7249651120989,21.5317868791692,1.));
#2972=VECTOR('',#2973,1.);
#2973=DIRECTION('',(-0.898368742246945,-0.43924207784961,2.26235973827727E-17));
#2974=CARTESIAN_POINT('',(10.907714297641,17.2207424421411,1.));
#2975=VECTOR('',#2976,1.);
#2976=DIRECTION('',(0.,0.,1.));
#2977=CARTESIAN_POINT('',(9.09627850083095,17.2484120264829,11.));
#2978=AXIS2_PLACEMENT_3D('',#2979,#2980,#2981);
#2979=CARTESIAN_POINT('',(10.0292301419418,19.017479926635,11.));
#2980=DIRECTION('',(0.,0.,-1.));
#2981=DIRECTION('',(0.439242077849611,-0.898368742246944,0.));
#2982=CARTESIAN_POINT('',(9.09627850083095,17.2484120264829,1.));
#2983=AXIS2_PLACEMENT_3D('',#2984,#2985,#2986);
#2984=CARTESIAN_POINT('',(10.0292301419418,19.017479926635,1.));
#2985=DIRECTION('',(0.,0.,1.));
#2986=DIRECTION('',(-0.466475820555432,-0.884533950076048,0.));
#2987=CARTESIAN_POINT('',(9.09627850083095,17.2484120264829,1.));
#2988=VECTOR('',#2989,1.);
#2989=DIRECTION('',(0.,0.,1.));
#2990=CARTESIAN_POINT('',(-8.54799192286533,17.5266036095596,11.));
#2991=AXIS2_PLACEMENT_3D('',#2992,#2993,#2994);
#2992=CARTESIAN_POINT('',(0.,0.,11.));
#2993=DIRECTION('',(0.,0.,1.));
#2994=DIRECTION('',(0.466475820555433,0.884533950076047,0.));
#2995=CARTESIAN_POINT('',(-8.54799192286532,17.5266036095596,1.));
#2996=AXIS2_PLACEMENT_3D('',#2997,#2998,#2999);
#2997=CARTESIAN_POINT('',(0.,0.,1.));
#2998=DIRECTION('',(0.,0.,1.));
#2999=DIRECTION('',(0.466475820555433,0.884533950076047,0.));
#3000=CARTESIAN_POINT('',(-8.54799192286532,17.5266036095596,1.));
#3001=VECTOR('',#3002,1.);
#3002=DIRECTION('',(0.,0.,1.));
#3003=CARTESIAN_POINT('',(-10.8389226055323,17.9099904173978,11.));
#3004=AXIS2_PLACEMENT_3D('',#3005,#3006,#3007);
#3005=CARTESIAN_POINT('',(-9.4247090431592,19.3242039797709,11.));
#3006=DIRECTION('',(2.66453525910038E-16,3.5527136788005E-16,-1.));
#3007=DIRECTION('',(0.43835856014694,-0.898800185105623,-2.02515787249317E-16));
#3008=CARTESIAN_POINT('',(-10.8389226055323,17.9099904173978,1.));
#3009=AXIS2_PLACEMENT_3D('',#3010,#3011,#3012);
#3010=CARTESIAN_POINT('',(-9.4247090431592,19.3242039797709,1.));
#3011=DIRECTION('',(-2.66453525910038E-16,-3.5527136788005E-16,1.));
#3012=DIRECTION('',(-0.707106781186548,-0.707106781186548,-4.39625888431457E-16));
#3013=CARTESIAN_POINT('',(-10.8389226055323,17.9099904173978,1.));
#3014=VECTOR('',#3015,1.);
#3015=DIRECTION('',(0.,-3.5527136788005E-16,1.));
#3016=CARTESIAN_POINT('',(-16.1494857790968,23.2205535909623,11.));
#3017=CARTESIAN_POINT('',(-10.8389226055323,17.9099904173978,11.));
#3018=VECTOR('',#3019,1.);
#3019=DIRECTION('',(-0.707106781186547,0.707106781186548,2.36523684192224E-16));
#3020=CARTESIAN_POINT('',(-16.1494857790968,23.2205535909623,1.));
#3021=CARTESIAN_POINT('',(-10.8389226055323,17.9099904173978,1.));
#3022=VECTOR('',#3023,1.);
#3023=DIRECTION('',(-0.707106781186547,0.707106781186548,0.));
#3024=CARTESIAN_POINT('',(-16.1494857790968,23.2205535909623,1.));
#3025=VECTOR('',#3026,1.);
#3026=DIRECTION('',(0.,0.,1.));
#3027=CARTESIAN_POINT('',(-18.818249294432,23.363935744917,11.));
#3028=AXIS2_PLACEMENT_3D('',#3029,#3030,#3031);
#3029=CARTESIAN_POINT('',(-17.5636993414699,21.8063400285892,11.));
#3030=DIRECTION('',(0.,0.,1.));
#3031=DIRECTION('',(0.707106781186548,0.707106781186547,0.));
#3032=CARTESIAN_POINT('',(-18.818249294432,23.363935744917,1.));
#3033=AXIS2_PLACEMENT_3D('',#3034,#3035,#3036);
#3034=CARTESIAN_POINT('',(-17.5636993414699,21.8063400285892,1.));
#3035=DIRECTION('',(0.,0.,-1.));
#3036=DIRECTION('',(-0.627274976481066,0.7787978581639,0.));
#3037=CARTESIAN_POINT('',(-18.818249294432,23.363935744917,1.));
#3038=VECTOR('',#3039,1.);
#3039=DIRECTION('',(0.,0.,1.));
#3040=CARTESIAN_POINT('',(-23.363935744917,18.818249294432,11.));
#3041=AXIS2_PLACEMENT_3D('',#3042,#3043,#3044);
#3042=CARTESIAN_POINT('',(0.,0.,11.));
#3043=DIRECTION('',(0.,0.,1.));
#3044=DIRECTION('',(-0.627274976481067,0.778797858163899,0.));
#3045=CARTESIAN_POINT('',(-23.363935744917,18.818249294432,1.));
#3046=AXIS2_PLACEMENT_3D('',#3047,#3048,#3049);
#3047=CARTESIAN_POINT('',(0.,0.,1.));
#3048=DIRECTION('',(0.,0.,1.));
#3049=DIRECTION('',(-0.627274976481067,0.778797858163899,0.));
#3050=CARTESIAN_POINT('',(-23.363935744917,18.818249294432,1.));
#3051=VECTOR('',#3052,1.);
#3052=DIRECTION('',(0.,0.,1.));
#3053=CARTESIAN_POINT('',(-23.2205535909623,16.1494857790968,11.));
#3054=AXIS2_PLACEMENT_3D('',#3055,#3056,#3057);
#3055=CARTESIAN_POINT('',(-21.8063400285892,17.5636993414699,11.));
#3056=DIRECTION('',(0.,0.,1.));
#3057=DIRECTION('',(-0.7787978581639,0.627274976481066,0.));
#3058=CARTESIAN_POINT('',(-23.2205535909623,16.1494857790968,1.));
#3059=AXIS2_PLACEMENT_3D('',#3060,#3061,#3062);
#3060=CARTESIAN_POINT('',(-21.8063400285892,17.5636993414699,1.));
#3061=DIRECTION('',(0.,0.,-1.));
#3062=DIRECTION('',(-0.707106781186547,-0.707106781186549,0.));
#3063=CARTESIAN_POINT('',(-23.2205535909623,16.1494857790968,1.));
#3064=VECTOR('',#3065,1.);
#3065=DIRECTION('',(0.,0.,1.));
#3066=CARTESIAN_POINT('',(-17.9099904173978,10.8389226055323,11.));
#3067=CARTESIAN_POINT('',(-23.2205535909623,16.1494857790968,11.));
#3068=VECTOR('',#3069,1.);
#3069=DIRECTION('',(0.707106781186547,-0.707106781186548,2.36523684192224E-16));
#3070=CARTESIAN_POINT('',(-17.9099904173978,10.8389226055323,1.));
#3071=CARTESIAN_POINT('',(-23.2205535909623,16.1494857790968,1.));
#3072=VECTOR('',#3073,1.);
#3073=DIRECTION('',(0.707106781186547,-0.707106781186548,1.4782730262014E-17));
#3074=CARTESIAN_POINT('',(-17.9099904173978,10.8389226055323,1.));
#3075=VECTOR('',#3076,1.);
#3076=DIRECTION('',(0.,0.,1.));
#3077=CARTESIAN_POINT('',(-17.5266036095596,8.54799192286533,11.));
#3078=AXIS2_PLACEMENT_3D('',#3079,#3080,#3081);
#3079=CARTESIAN_POINT('',(-19.3242039797709,9.42470904315921,11.));
#3080=DIRECTION('',(0.,8.88178419700125E-17,-1.));
#3081=DIRECTION('',(0.707106781186548,0.707106781186547,6.28036983473509E-17));
#3082=CARTESIAN_POINT('',(-17.5266036095596,8.54799192286533,1.));
#3083=AXIS2_PLACEMENT_3D('',#3084,#3085,#3086);
#3084=CARTESIAN_POINT('',(-19.3242039797709,9.42470904315921,1.));
#3085=DIRECTION('',(0.,-8.88178419700125E-17,1.));
#3086=DIRECTION('',(0.898800185105623,-0.43835856014694,-3.89340613213331E-17));
#3087=CARTESIAN_POINT('',(-17.5266036095596,8.54799192286533,1.));
#3088=VECTOR('',#3089,1.);
#3089=DIRECTION('',(0.,0.,1.));
#3090=CARTESIAN_POINT('',(-17.5262698226817,-8.54867627779631,11.));
#3091=AXIS2_PLACEMENT_3D('',#3092,#3093,#3094);
#3092=CARTESIAN_POINT('',(0.,0.,11.));
#3093=DIRECTION('',(0.,0.,1.));
#3094=DIRECTION('',(-0.898800185105623,0.43835856014694,0.));
#3095=CARTESIAN_POINT('',(-17.5262698226817,-8.54867627779633,1.));
#3096=AXIS2_PLACEMENT_3D('',#3097,#3098,#3099);
#3097=CARTESIAN_POINT('',(0.,0.,1.));
#3098=DIRECTION('',(0.,0.,1.));
#3099=DIRECTION('',(-0.898800185105623,0.43835856014694,0.));
#3100=CARTESIAN_POINT('',(-17.5262698226817,-8.54867627779632,1.));
#3101=VECTOR('',#3102,1.);
#3102=DIRECTION('',(0.,0.,1.));
#3103=CARTESIAN_POINT('',(-17.9096223959682,-10.8396771507126,11.));
#3104=AXIS2_PLACEMENT_3D('',#3105,#3106,#3107);
#3105=CARTESIAN_POINT('',(-19.3238359583413,-9.42546358833952,11.));
#3106=DIRECTION('',(0.,0.,-1.));
#3107=DIRECTION('',(0.898783067829829,0.438393655271607,0.));
#3108=CARTESIAN_POINT('',(-17.9096223959682,-10.8396771507126,1.));
#3109=AXIS2_PLACEMENT_3D('',#3110,#3111,#3112);
#3110=CARTESIAN_POINT('',(-19.3238359583413,-9.42546358833952,1.));
#3111=DIRECTION('',(0.,0.,1.));
#3112=DIRECTION('',(0.707106781186548,-0.707106781186547,0.));
#3113=CARTESIAN_POINT('',(-17.9096223959682,-10.8396771507126,1.));
#3114=VECTOR('',#3115,1.);
#3115=DIRECTION('',(0.,0.,1.));
#3116=CARTESIAN_POINT('',(-23.220052785237,-16.1501075399813,11.));
#3117=CARTESIAN_POINT('',(-17.9096223959682,-10.8396771507126,11.));
#3118=VECTOR('',#3119,1.);
#3119=DIRECTION('',(-0.707106781186548,-0.707106781186547,0.));
#3120=CARTESIAN_POINT('',(-23.220052785237,-16.1501075399813,1.));
#3121=CARTESIAN_POINT('',(-17.9096223959682,-10.8396771507126,1.));
#3122=VECTOR('',#3123,1.);
#3123=DIRECTION('',(-0.707106781186548,-0.707106781186547,-1.47830998957882E-17));
#3124=CARTESIAN_POINT('',(-23.220052785237,-16.1501075399813,1.));
#3125=VECTOR('',#3126,1.);
#3126=DIRECTION('',(0.,0.,1.));
#3127=CARTESIAN_POINT('',(-23.3633991673541,-18.8189154668083,11.));
#3128=AXIS2_PLACEMENT_3D('',#3129,#3130,#3131);
#3129=CARTESIAN_POINT('',(-21.8058392228639,-17.5643211023544,11.));
#3130=DIRECTION('',(0.,0.,1.));
#3131=DIRECTION('',(-0.707106781186547,0.707106781186548,0.));
#3132=CARTESIAN_POINT('',(-23.3633991673541,-18.8189154668083,1.));
#3133=AXIS2_PLACEMENT_3D('',#3134,#3135,#3136);
#3134=CARTESIAN_POINT('',(-21.8058392228639,-17.5643211023544,0.999999999999999));
#3135=DIRECTION('',(0.,0.,-1.));
#3136=DIRECTION('',(-0.778779972245138,-0.627297182226943,0.));
#3137=CARTESIAN_POINT('',(-23.3633991673541,-18.8189154668083,1.));
#3138=VECTOR('',#3139,1.);
#3139=DIRECTION('',(0.,0.,1.));
#3140=CARTESIAN_POINT('',(-18.818249294432,-23.363935744917,11.));
#3141=AXIS2_PLACEMENT_3D('',#3142,#3143,#3144);
#3142=CARTESIAN_POINT('',(0.,0.,11.));
#3143=DIRECTION('',(0.,0.,1.));
#3144=DIRECTION('',(-0.778779972245137,-0.627297182226943,0.));
#3145=CARTESIAN_POINT('',(-18.818249294432,-23.363935744917,1.));
#3146=AXIS2_PLACEMENT_3D('',#3147,#3148,#3149);
#3147=CARTESIAN_POINT('',(0.,0.,1.));
#3148=DIRECTION('',(0.,0.,1.));
#3149=DIRECTION('',(-0.778779972245137,-0.627297182226943,0.));
#3150=CARTESIAN_POINT('',(-18.818249294432,-23.363935744917,1.));
#3151=VECTOR('',#3152,1.);
#3152=DIRECTION('',(0.,0.,1.));
#3153=CARTESIAN_POINT('',(-16.1494857790968,-23.2205535909623,11.));
#3154=AXIS2_PLACEMENT_3D('',#3155,#3156,#3157);
#3155=CARTESIAN_POINT('',(-17.5636993414699,-21.8063400285892,11.));
#3156=DIRECTION('',(0.,0.,1.));
#3157=DIRECTION('',(-0.627274976481067,-0.7787978581639,0.));
#3158=CARTESIAN_POINT('',(-16.1494857790968,-23.2205535909623,1.));
#3159=AXIS2_PLACEMENT_3D('',#3160,#3161,#3162);
#3160=CARTESIAN_POINT('',(-17.5636993414699,-21.8063400285892,1.));
#3161=DIRECTION('',(0.,0.,-1.));
#3162=DIRECTION('',(0.707106781186549,-0.707106781186546,0.));
#3163=CARTESIAN_POINT('',(-16.1494857790968,-23.2205535909623,1.));
#3164=VECTOR('',#3165,1.);
#3165=DIRECTION('',(0.,0.,1.));
#3166=CARTESIAN_POINT('',(-10.8389226055323,-17.9099904173978,11.));
#3167=CARTESIAN_POINT('',(-16.1494857790968,-23.2205535909623,11.));
#3168=VECTOR('',#3169,1.);
#3169=DIRECTION('',(0.707106781186545,0.70710678118655,0.));
#3170=CARTESIAN_POINT('',(-10.8389226055323,-17.9099904173978,1.));
#3171=CARTESIAN_POINT('',(-16.1494857790968,-23.2205535909623,1.));
#3172=VECTOR('',#3173,1.);
#3173=DIRECTION('',(0.707106781186546,0.707106781186549,0.));
#3174=CARTESIAN_POINT('',(-10.8389226055323,-17.9099904173978,1.));
#3175=VECTOR('',#3176,1.);
#3176=DIRECTION('',(0.,0.,1.));
#3177=CARTESIAN_POINT('',(-8.54799192286533,-17.5266036095596,11.));
#3178=AXIS2_PLACEMENT_3D('',#3179,#3180,#3181);
#3179=CARTESIAN_POINT('',(-9.42470904315921,-19.3242039797709,11.));
#3180=DIRECTION('',(0.,0.,-1.));
#3181=DIRECTION('',(-0.707106781186551,0.707106781186544,0.));
#3182=CARTESIAN_POINT('',(-8.54799192286533,-17.5266036095596,1.));
#3183=AXIS2_PLACEMENT_3D('',#3184,#3185,#3186);
#3184=CARTESIAN_POINT('',(-9.42470904315921,-19.3242039797709,1.));
#3185=DIRECTION('',(0.,0.,1.));
#3186=DIRECTION('',(0.438358560146938,0.898800185105623,0.));
#3187=CARTESIAN_POINT('',(-8.54799192286533,-17.5266036095596,1.));
#3188=VECTOR('',#3189,1.);
#3189=DIRECTION('',(0.,0.,1.));
#3190=CARTESIAN_POINT('',(8.5479919228653,-17.5266036095597,11.));
#3191=AXIS2_PLACEMENT_3D('',#3192,#3193,#3194);
#3192=CARTESIAN_POINT('',(0.,0.,11.));
#3193=DIRECTION('',(0.,0.,1.));
#3194=DIRECTION('',(-0.43835856014694,-0.898800185105623,0.));
#3195=CARTESIAN_POINT('',(8.5479919228653,-17.5266036095597,1.));
#3196=AXIS2_PLACEMENT_3D('',#3197,#3198,#3199);
#3197=CARTESIAN_POINT('',(0.,0.,1.));
#3198=DIRECTION('',(0.,0.,1.));
#3199=DIRECTION('',(-0.43835856014694,-0.898800185105623,0.));
#3200=CARTESIAN_POINT('',(8.5479919228653,-17.5266036095597,1.));
#3201=VECTOR('',#3202,1.);
#3202=DIRECTION('',(0.,0.,1.));
#3203=CARTESIAN_POINT('',(10.8389226055323,-17.9099904173978,11.));
#3204=AXIS2_PLACEMENT_3D('',#3205,#3206,#3207);
#3205=CARTESIAN_POINT('',(9.42470904315918,-19.3242039797709,11.));
#3206=DIRECTION('',(0.,0.,-1.));
#3207=DIRECTION('',(-0.438358560146939,0.898800185105623,0.));
#3208=CARTESIAN_POINT('',(10.8389226055323,-17.9099904173978,1.));
#3209=AXIS2_PLACEMENT_3D('',#3210,#3211,#3212);
#3210=CARTESIAN_POINT('',(9.42470904315918,-19.3242039797709,0.999999999999999));
#3211=DIRECTION('',(0.,0.,1.));
#3212=DIRECTION('',(0.707106781186551,0.707106781186544,0.));
#3213=CARTESIAN_POINT('',(10.8389226055323,-17.9099904173978,1.));
#3214=VECTOR('',#3215,1.);
#3215=DIRECTION('',(0.,0.,1.));
#3216=CARTESIAN_POINT('',(16.1494857790967,-23.2205535909623,11.));
#3217=CARTESIAN_POINT('',(10.8389226055323,-17.9099904173978,11.));
#3218=VECTOR('',#3219,1.);
#3219=DIRECTION('',(0.707106781186544,-0.707106781186551,2.36523684192224E-16));
#3220=CARTESIAN_POINT('',(16.1494857790967,-23.2205535909623,1.));
#3221=CARTESIAN_POINT('',(10.8389226055323,-17.9099904173978,1.));
#3222=VECTOR('',#3223,1.);
#3223=DIRECTION('',(0.707106781186544,-0.707106781186551,0.));
#3224=CARTESIAN_POINT('',(16.1494857790967,-23.2205535909623,1.));
#3225=VECTOR('',#3226,1.);
#3226=DIRECTION('',(0.,0.,1.));
#3227=CARTESIAN_POINT('',(18.818249294432,-23.363935744917,11.));
#3228=AXIS2_PLACEMENT_3D('',#3229,#3230,#3231);
#3229=CARTESIAN_POINT('',(17.5636993414698,-21.8063400285892,11.));
#3230=DIRECTION('',(0.,0.,1.));
#3231=DIRECTION('',(-0.70710678118655,-0.707106781186545,0.));
#3232=CARTESIAN_POINT('',(18.818249294432,-23.363935744917,1.));
#3233=AXIS2_PLACEMENT_3D('',#3234,#3235,#3236);
#3234=CARTESIAN_POINT('',(17.5636993414698,-21.8063400285892,0.999999999999999));
#3235=DIRECTION('',(0.,0.,-1.));
#3236=DIRECTION('',(0.627274976481066,-0.7787978581639,0.));
#3237=CARTESIAN_POINT('',(18.818249294432,-23.363935744917,0.999999999999999));
#3238=VECTOR('',#3239,1.);
#3239=DIRECTION('',(0.,0.,1.));
#3240=AXIS2_PLACEMENT_3D('',#3241,#3242,#3243);
#3241=CARTESIAN_POINT('',(0.,0.,11.));
#3242=DIRECTION('',(0.,0.,1.));
#3243=DIRECTION('',(0.627274976481065,-0.778797858163901,0.));
#3244=AXIS2_PLACEMENT_3D('',#3245,#3246,#3247);
#3245=CARTESIAN_POINT('',(0.,0.,1.));
#3246=DIRECTION('',(0.,0.,1.));
#3247=DIRECTION('',(0.627274976481065,-0.778797858163901,0.));
#3248=CARTESIAN_POINT('',(20.3934769617558,20.5951657447102,-7.40148683083438E-16));
#3249=CARTESIAN_POINT('',(20.1642071899485,20.6334181369223,4.07081775695891E-16));
#3250=AXIS2_PLACEMENT_3D('',#3251,#3252,#3253);
#3251=CARTESIAN_POINT('',(20.2520556055185,20.4537443884729,0.));
#3252=DIRECTION('',(0.,0.,-1.));
#3253=DIRECTION('',(-0.439242077849613,0.898368742246943,0.));
#3254=CARTESIAN_POINT('',(20.5952011237173,20.3934415827487,-7.40148683083438E-16));
#3255=CARTESIAN_POINT('',(20.5952011237173,20.3934415827487,-1.11022302462516E-15));
#3256=VECTOR('',#3257,1.);
#3257=DIRECTION('',(-0.707106781186548,0.707106781186548,0.));
#3258=CARTESIAN_POINT('',(20.6334583676862,20.1641817347895,-6.66133814775094E-16));
#3259=AXIS2_PLACEMENT_3D('',#3260,#3261,#3262);
#3260=CARTESIAN_POINT('',(20.45377976748,20.2520202265113,0.));
#3261=DIRECTION('',(0.,0.,-1.));
#3262=DIRECTION('',(0.707106781186547,0.707106781186547,0.));
#3263=CARTESIAN_POINT('',(16.3226413835344,11.346161909151,-5.18104078158406E-16));
#3264=CARTESIAN_POINT('',(16.3226413835344,11.346161909151,-7.21644966006352E-16));
#3265=VECTOR('',#3266,1.);
#3266=DIRECTION('',(0.439192458609111,0.898393001030665,-2.82777940690927E-17));
#3267=CARTESIAN_POINT('',(16.3641710303529,8.62924715658078,0.));
#3268=AXIS2_PLACEMENT_3D('',#3269,#3270,#3271);
#3269=CARTESIAN_POINT('',(19.0178203866264,10.0285845333236,0.));
#3270=DIRECTION('',(0.,0.,1.));
#3271=DIRECTION('',(-0.898393001030665,0.439192458609112,0.));
#3272=CARTESIAN_POINT('',(16.627803424454,-8.10963336271845,0.));
#3273=AXIS2_PLACEMENT_3D('',#3274,#3275,#3276);
#3274=CARTESIAN_POINT('',(0.,0.,0.));
#3275=DIRECTION('',(0.,0.,1.));
#3276=DIRECTION('',(0.898800185105621,-0.438358560146943,0.));
#3277=CARTESIAN_POINT('',(17.2028836362112,-11.5460293867189,-7.40148683083438E-16));
#3278=AXIS2_PLACEMENT_3D('',#3279,#3280,#3281);
#3279=CARTESIAN_POINT('',(19.3242039797709,-9.42470904315928,0.));
#3280=DIRECTION('',(0.,0.,1.));
#3281=DIRECTION('',(-0.898800185105621,0.438358560146944,0.));
#3282=CARTESIAN_POINT('',(22.5134468097757,-16.8565925602834,-7.40148683083438E-16));
#3283=CARTESIAN_POINT('',(22.5134468097757,-16.8565925602834,-1.11022302462516E-15));
#3284=VECTOR('',#3285,1.);
#3285=DIRECTION('',(-0.70710678118655,0.707106781186545,0.));
#3286=CARTESIAN_POINT('',(22.585137886753,-18.190974317951,0.));
#3287=AXIS2_PLACEMENT_3D('',#3288,#3289,#3290);
#3288=CARTESIAN_POINT('',(21.8063400285891,-17.5636993414699,0.));
#3289=DIRECTION('',(0.,0.,-1.));
#3290=DIRECTION('',(0.707106781186546,0.707106781186549,0.));
#3291=CARTESIAN_POINT('',(18.1909743179509,-22.5851378867531,0.));
#3292=AXIS2_PLACEMENT_3D('',#3293,#3294,#3295);
#3293=CARTESIAN_POINT('',(0.,0.,0.));
#3294=DIRECTION('',(0.,0.,1.));
#3295=DIRECTION('',(0.627274976481065,-0.778797858163901,0.));
#3296=CARTESIAN_POINT('',(16.8565925602833,-22.5134468097758,-1.11022302462516E-15));
#3297=AXIS2_PLACEMENT_3D('',#3298,#3299,#3300);
#3298=CARTESIAN_POINT('',(17.5636993414698,-21.8063400285892,0.));
#3299=DIRECTION('',(0.,0.,-1.));
#3300=DIRECTION('',(0.627274976481066,-0.7787978581639,0.));
#3301=CARTESIAN_POINT('',(11.5460293867188,-17.2028836362113,-1.11022302462516E-15));
#3302=CARTESIAN_POINT('',(11.5460293867188,-17.2028836362113,-1.66533453693773E-15));
#3303=VECTOR('',#3304,1.);
#3304=DIRECTION('',(0.707106781186544,-0.707106781186551,0.));
#3305=CARTESIAN_POINT('',(8.10963336271836,-16.627803424454,0.));
#3306=AXIS2_PLACEMENT_3D('',#3307,#3308,#3309);
#3307=CARTESIAN_POINT('',(9.42470904315918,-19.3242039797709,0.));
#3308=DIRECTION('',(0.,0.,1.));
#3309=DIRECTION('',(0.707106781186552,0.707106781186543,0.));
#3310=CARTESIAN_POINT('',(-8.10963336271839,-16.627803424454,0.));
#3311=AXIS2_PLACEMENT_3D('',#3312,#3313,#3314);
#3312=CARTESIAN_POINT('',(0.,0.,0.));
#3313=DIRECTION('',(0.,0.,1.));
#3314=DIRECTION('',(-0.43835856014694,-0.898800185105623,0.));
#3315=CARTESIAN_POINT('',(-11.5460293867189,-17.2028836362113,-1.48029736616688E-15));
#3316=AXIS2_PLACEMENT_3D('',#3317,#3318,#3319);
#3317=CARTESIAN_POINT('',(-9.42470904315921,-19.3242039797709,0.));
#3318=DIRECTION('',(0.,0.,1.));
#3319=DIRECTION('',(0.438358560146939,0.898800185105623,0.));
#3320=CARTESIAN_POINT('',(-16.8565925602833,-22.5134468097757,-1.48029736616688E-15));
#3321=CARTESIAN_POINT('',(-16.8565925602833,-22.5134468097757,-2.22044604925031E-15));
#3322=VECTOR('',#3323,1.);
#3323=DIRECTION('',(0.707106781186546,0.707106781186549,0.));
#3324=CARTESIAN_POINT('',(-18.1909743179509,-22.5851378867531,0.));
#3325=AXIS2_PLACEMENT_3D('',#3326,#3327,#3328);
#3326=CARTESIAN_POINT('',(-17.5636993414699,-21.8063400285892,0.));
#3327=DIRECTION('',(0.,0.,-1.));
#3328=DIRECTION('',(0.707106781186549,-0.707106781186546,0.));
#3329=CARTESIAN_POINT('',(-22.584619195109,-18.1916182845814,0.));
#3330=AXIS2_PLACEMENT_3D('',#3331,#3332,#3333);
#3331=CARTESIAN_POINT('',(0.,0.,0.));
#3332=DIRECTION('',(0.,0.,1.));
#3333=DIRECTION('',(-0.778779972245138,-0.627297182226943,0.));
#3334=CARTESIAN_POINT('',(-22.5129460040504,-16.8572143211679,-1.88737914186277E-15));
#3335=AXIS2_PLACEMENT_3D('',#3336,#3337,#3338);
#3336=CARTESIAN_POINT('',(-21.8058392228639,-17.5643211023544,0.));
#3337=DIRECTION('',(0.,0.,-1.));
#3338=DIRECTION('',(-0.778779972245138,-0.627297182226942,0.));
#3339=CARTESIAN_POINT('',(-17.2025156147817,-11.5467839318992,-1.77635683940025E-15));
#3340=CARTESIAN_POINT('',(-17.2025156147817,-11.5467839318992,-2.66453525910038E-15));
#3341=VECTOR('',#3342,1.);
#3342=DIRECTION('',(-0.707106781186548,-0.707106781186547,-2.21746498436823E-17));
#3343=CARTESIAN_POINT('',(-16.6274867548518,-8.11028262252474,0.));
#3344=AXIS2_PLACEMENT_3D('',#3345,#3346,#3347);
#3345=CARTESIAN_POINT('',(-19.3238359583413,-9.42546358833952,0.));
#3346=DIRECTION('',(0.,0.,1.));
#3347=DIRECTION('',(0.707106781186547,-0.707106781186548,0.));
#3348=CARTESIAN_POINT('',(-16.627803424454,8.10963336271839,0.));
#3349=AXIS2_PLACEMENT_3D('',#3350,#3351,#3352);
#3350=CARTESIAN_POINT('',(0.,0.,0.));
#3351=DIRECTION('',(0.,0.,1.));
#3352=DIRECTION('',(-0.898800185105623,0.43835856014694,0.));
#3353=CARTESIAN_POINT('',(-17.2028836362112,11.5460293867189,-9.25185853854297E-16));
#3354=AXIS2_PLACEMENT_3D('',#3355,#3356,#3357);
#3355=CARTESIAN_POINT('',(-19.3242039797709,9.42470904315921,0.));
#3356=DIRECTION('',(0.,0.,1.));
#3357=DIRECTION('',(0.898800185105621,-0.438358560146943,0.));
#3358=CARTESIAN_POINT('',(-22.5134468097757,16.8565925602833,-9.25185853854297E-16));
#3359=CARTESIAN_POINT('',(-22.5134468097757,16.8565925602833,-1.38777878078145E-15));
#3360=VECTOR('',#3361,1.);
#3361=DIRECTION('',(0.707106781186547,-0.707106781186548,0.));
#3362=CARTESIAN_POINT('',(-22.5851378867531,18.190974317951,0.));
#3363=AXIS2_PLACEMENT_3D('',#3364,#3365,#3366);
#3364=CARTESIAN_POINT('',(-21.8063400285892,17.5636993414699,0.));
#3365=DIRECTION('',(0.,0.,-1.));
#3366=DIRECTION('',(-0.707106781186548,-0.707106781186548,0.));
#3367=CARTESIAN_POINT('',(-18.1909743179509,22.5851378867531,0.));
#3368=AXIS2_PLACEMENT_3D('',#3369,#3370,#3371);
#3369=CARTESIAN_POINT('',(0.,0.,0.));
#3370=DIRECTION('',(0.,0.,1.));
#3371=DIRECTION('',(-0.627274976481067,0.778797858163899,0.));
#3372=CARTESIAN_POINT('',(-16.8565925602833,22.5134468097757,-1.11022302462516E-15));
#3373=AXIS2_PLACEMENT_3D('',#3374,#3375,#3376);
#3374=CARTESIAN_POINT('',(-17.5636993414699,21.8063400285892,0.));
#3375=DIRECTION('',(0.,0.,-1.));
#3376=DIRECTION('',(-0.627274976481062,0.778797858163903,0.));
#3377=CARTESIAN_POINT('',(-11.5460293867188,17.2028836362112,-1.11022302462516E-15));
#3378=CARTESIAN_POINT('',(-11.5460293867188,17.2028836362112,-1.66533453693773E-15));
#3379=VECTOR('',#3380,1.);
#3380=DIRECTION('',(-0.707106781186547,0.707106781186548,0.));
#3381=CARTESIAN_POINT('',(-8.10963336271838,16.627803424454,0.));
#3382=AXIS2_PLACEMENT_3D('',#3383,#3384,#3385);
#3383=CARTESIAN_POINT('',(-9.4247090431592,19.3242039797709,0.));
#3384=DIRECTION('',(0.,0.,1.));
#3385=DIRECTION('',(-0.707106781186548,-0.707106781186547,0.));
#3386=CARTESIAN_POINT('',(8.62980268027552,16.3638780764069,0.));
#3387=AXIS2_PLACEMENT_3D('',#3388,#3389,#3390);
#3388=CARTESIAN_POINT('',(0.,0.,0.));
#3389=DIRECTION('',(0.,0.,1.));
#3390=DIRECTION('',(0.466475820555434,0.884533950076047,0.));
#3391=CARTESIAN_POINT('',(11.3469563754907,16.3223736998942,4.81096644004234E-16));
#3392=AXIS2_PLACEMENT_3D('',#3393,#3394,#3395);
#3393=CARTESIAN_POINT('',(10.0292301419418,19.017479926635,0.));
#3394=DIRECTION('',(0.,0.,1.));
#3395=DIRECTION('',(-0.466475820555435,-0.884533950076046,0.));
#3396=CARTESIAN_POINT('',(20.1642071899485,20.6334181369223,6.10622663543836E-16));
#3397=VECTOR('',#3398,1.);
#3398=DIRECTION('',(-0.898368742246945,-0.43924207784961,1.13117986913864E-17));
#3399=AXIS2_PLACEMENT_3D('',#3400,#3401,#3402);
#3400=CARTESIAN_POINT('',(20.45377976748,20.2520202265113,11.));
#3401=DIRECTION('',(0.,0.,1.));
#3402=DIRECTION('',(0.898393001030665,-0.439192458609111,0.));
#3403=AXIS2_PLACEMENT_3D('',#3404,#3405,#3406);
#3404=CARTESIAN_POINT('',(20.45377976748,20.2520202265113,1.));
#3405=DIRECTION('',(0.,0.,-1.));
#3406=DIRECTION('',(0.707106781186549,0.707106781186546,0.));
#3407=AXIS2_PLACEMENT_3D('',#3408,#3409,#3410);
#3408=CARTESIAN_POINT('',(20.2520556055185,20.4537443884729,11.));
#3409=DIRECTION('',(0.,0.,1.));
#3410=DIRECTION('',(0.707106781186548,0.707106781186547,0.));
#3411=AXIS2_PLACEMENT_3D('',#3412,#3413,#3414);
#3412=CARTESIAN_POINT('',(20.2520556055185,20.4537443884729,1.));
#3413=DIRECTION('',(0.,0.,-1.));
#3414=DIRECTION('',(-0.43924207784961,0.898368742246944,0.));
#3415=CARTESIAN_POINT('',(20.1642071899485,20.6334181369223,6.10622663543836E-16));
#3416=VECTOR('',#3417,1.);
#3417=DIRECTION('',(-0.310591051829931,0.635242629648844,0.707106781186547));
#3418=CARTESIAN_POINT('',(21.1005837429423,21.3022725258968,1.));
#3419=VECTOR('',#3420,1.);
#3420=DIRECTION('',(-0.500000000000001,-0.499999999999999,-0.707106781186548));
#3421=CARTESIAN_POINT('',(10.907714297641,17.2207424421411,1.));
#3422=VECTOR('',#3423,1.);
#3423=DIRECTION('',(0.31059105182993,-0.635242629648844,-0.707106781186547));
#3424=CARTESIAN_POINT('',(8.62980268027552,16.3638780764069,0.));
#3425=VECTOR('',#3426,1.);
#3426=DIRECTION('',(0.329848215974305,0.625459954288496,0.707106781186548));
#3427=CARTESIAN_POINT('',(-8.5479919228653,17.5266036095597,1.));
#3428=VECTOR('',#3429,1.);
#3429=DIRECTION('',(0.309966310471071,-0.635547705819911,-0.707106781186547));
#3430=CARTESIAN_POINT('',(-11.5460293867188,17.2028836362112,-1.66533453693773E-15));
#3431=VECTOR('',#3432,1.);
#3432=DIRECTION('',(0.499999999999999,0.499999999999999,0.707106781186549));
#3433=CARTESIAN_POINT('',(-16.1494857790968,23.2205535909623,1.));
#3434=VECTOR('',#3435,1.);
#3435=DIRECTION('',(-0.499999999999998,-0.500000000000003,-0.707106781186547));
#3436=CARTESIAN_POINT('',(-18.1909743179509,22.5851378867531,0.));
#3437=VECTOR('',#3438,1.);
#3438=DIRECTION('',(-0.443550389538395,0.550693246681253,0.707106781186547));
#3439=CARTESIAN_POINT('',(-23.363935744917,18.818249294432,1.));
#3440=VECTOR('',#3441,1.);
#3441=DIRECTION('',(0.550693246681251,-0.443550389538396,-0.707106781186547));
#3442=CARTESIAN_POINT('',(-22.5134468097757,16.8565925602833,-1.38777878078145E-15));
#3443=VECTOR('',#3444,1.);
#3444=DIRECTION('',(-0.499999999999999,-0.500000000000001,0.707106781186548));
#3445=CARTESIAN_POINT('',(-17.9099904173978,10.8389226055323,1.));
#3446=VECTOR('',#3447,1.);
#3447=DIRECTION('',(0.499999999999999,0.499999999999999,-0.707106781186549));
#3448=CARTESIAN_POINT('',(-16.627803424454,8.10963336271839,0.));
#3449=VECTOR('',#3450,1.);
#3450=DIRECTION('',(-0.635547705819909,0.309966310471074,0.707106781186547));
#3451=CARTESIAN_POINT('',(-17.5262698226817,-8.54867627779636,1.));
#3452=VECTOR('',#3453,1.);
#3453=DIRECTION('',(0.635535602078119,0.309991126471711,-0.707106781186549));
#3454=CARTESIAN_POINT('',(-17.2025156147817,-11.5467839318992,-2.66453525910038E-15));
#3455=VECTOR('',#3456,1.);
#3456=DIRECTION('',(-0.499999999999998,0.5,0.707106781186549));
#3457=CARTESIAN_POINT('',(-23.220052785237,-16.1501075399813,0.999999999999999));
#3458=VECTOR('',#3459,1.);
#3459=DIRECTION('',(0.499999999999999,-0.499999999999999,-0.707106781186549));
#3460=CARTESIAN_POINT('',(-22.584619195109,-18.1916182845813,0.));
#3461=VECTOR('',#3462,1.);
#3462=DIRECTION('',(-0.550680599426809,-0.443566091371885,0.707106781186547));
#3463=CARTESIAN_POINT('',(-18.818249294432,-23.363935744917,1.));
#3464=VECTOR('',#3465,1.);
#3465=DIRECTION('',(0.443550389538396,0.550693246681251,-0.707106781186547));
#3466=CARTESIAN_POINT('',(-16.8565925602833,-22.5134468097757,-2.22044604925031E-15));
#3467=VECTOR('',#3468,1.);
#3468=DIRECTION('',(0.500000000000003,-0.499999999999998,0.707106781186547));
#3469=CARTESIAN_POINT('',(-10.8389226055323,-17.9099904173978,1.));
#3470=VECTOR('',#3471,1.);
#3471=DIRECTION('',(-0.500000000000001,0.499999999999998,-0.707106781186548));
#3472=CARTESIAN_POINT('',(-8.10963336271839,-16.627803424454,0.));
#3473=VECTOR('',#3474,1.);
#3474=DIRECTION('',(-0.309966310471072,-0.635547705819911,0.707106781186547));
#3475=CARTESIAN_POINT('',(8.54799192286529,-17.5266036095597,1.));
#3476=VECTOR('',#3477,1.);
#3477=DIRECTION('',(-0.309966310471071,0.635547705819911,-0.707106781186547));
#3478=CARTESIAN_POINT('',(11.5460293867188,-17.2028836362113,-1.66533453693773E-15));
#3479=VECTOR('',#3480,1.);
#3480=DIRECTION('',(-0.500000000000002,-0.499999999999995,0.70710678118655));
#3481=CARTESIAN_POINT('',(16.1494857790967,-23.2205535909623,1.));
#3482=VECTOR('',#3483,1.);
#3483=DIRECTION('',(0.500000000000003,0.499999999999998,-0.707106781186547));
#3484=CARTESIAN_POINT('',(18.1909743179509,-22.5851378867531,0.));
#3485=VECTOR('',#3486,1.);
#3486=DIRECTION('',(0.443550389538395,-0.550693246681253,0.707106781186546));
#3487=CARTESIAN_POINT('',(23.3639357449169,-18.8182492944321,1.));
#3488=VECTOR('',#3489,1.);
#3489=DIRECTION('',(-0.550693246681248,0.443550389538397,-0.70710678118655));
#3490=CARTESIAN_POINT('',(22.5134468097757,-16.8565925602834,-1.11022302462516E-15));
#3491=VECTOR('',#3492,1.);
#3492=DIRECTION('',(0.499999999999997,0.500000000000002,0.707106781186549));
#3493=CARTESIAN_POINT('',(17.9099904173978,-10.8389226055324,1.));
#3494=VECTOR('',#3495,1.);
#3495=DIRECTION('',(-0.499999999999999,-0.5,-0.707106781186548));
#3496=CARTESIAN_POINT('',(16.627803424454,-8.10963336271845,0.));
#3497=VECTOR('',#3498,1.);
#3498=DIRECTION('',(0.635547705819909,-0.309966310471076,0.707106781186547));
#3499=CARTESIAN_POINT('',(17.2487208157774,9.09569294882839,1.));
#3500=VECTOR('',#3501,1.);
#3501=DIRECTION('',(-0.625471151570757,-0.329826982754218,-0.707106781186547));
#3502=CARTESIAN_POINT('',(16.3226413835344,11.346161909151,-8.32667268468867E-16));
#3503=VECTOR('',#3504,1.);
#3504=DIRECTION('',(0.635259783199316,-0.310555965728494,0.707106781186548));
#3505=CARTESIAN_POINT('',(21.5318513687168,19.7249892761804,1.));
#3506=VECTOR('',#3507,1.);
#3507=DIRECTION('',(-0.635259783199318,0.310555965728493,-0.707106781186547));
#3508=CARTESIAN_POINT('',(20.5952011237173,20.3934415827487,-1.11022302462516E-15));
#3509=VECTOR('',#3510,1.);
#3510=DIRECTION('',(0.500000000000001,0.499999999999998,0.707106781186548));
#3511=CARTESIAN_POINT('',(21.1005837429423,21.3022725258968,11.));
#3512=VECTOR('',#3513,1.);
#3513=DIRECTION('',(-0.499999999999999,-0.499999999999999,0.707106781186549));
#3514=CARTESIAN_POINT('',(20.1642071899485,20.6334181369223,12.));
#3515=VECTOR('',#3516,1.);
#3516=DIRECTION('',(-0.310591051829932,0.635242629648841,-0.707106781186549));
#3517=CARTESIAN_POINT('',(10.907714297641,17.2207424421411,11.));
#3518=VECTOR('',#3519,1.);
#3519=DIRECTION('',(0.31059105182993,-0.635242629648844,0.707106781186547));
#3520=CARTESIAN_POINT('',(8.62980268027551,16.3638780764069,12.));
#3521=VECTOR('',#3522,1.);
#3522=DIRECTION('',(0.329848215974307,0.625459954288497,-0.707106781186547));
#3523=CARTESIAN_POINT('',(-8.54799192286533,17.5266036095596,11.));
#3524=VECTOR('',#3525,1.);
#3525=DIRECTION('',(0.30996631047107,-0.63554770581991,0.707106781186548));
#3526=CARTESIAN_POINT('',(-11.5460293867188,17.2028836362112,12.));
#3527=VECTOR('',#3528,1.);
#3528=DIRECTION('',(0.499999999999998,0.500000000000003,-0.707106781186546));
#3529=CARTESIAN_POINT('',(-16.1494857790968,23.2205535909623,11.));
#3530=VECTOR('',#3531,1.);
#3531=DIRECTION('',(-0.5,-0.499999999999998,0.707106781186549));
#3532=CARTESIAN_POINT('',(-18.1909743179509,22.5851378867531,12.));
#3533=VECTOR('',#3534,1.);
#3534=DIRECTION('',(-0.443550389538386,0.550693246681257,-0.707106781186549));
#3535=CARTESIAN_POINT('',(-23.363935744917,18.818249294432,11.));
#3536=VECTOR('',#3537,1.);
#3537=DIRECTION('',(0.550693246681251,-0.443550389538396,0.707106781186547));
#3538=CARTESIAN_POINT('',(-22.5134468097757,16.8565925602833,12.));
#3539=VECTOR('',#3540,1.);
#3540=DIRECTION('',(-0.499999999999999,-0.499999999999999,-0.70710678118655));
#3541=CARTESIAN_POINT('',(-17.9099904173978,10.8389226055323,11.));
#3542=VECTOR('',#3543,1.);
#3543=DIRECTION('',(0.499999999999999,0.499999999999999,0.70710678118655));
#3544=CARTESIAN_POINT('',(-16.627803424454,8.10963336271839,12.));
#3545=VECTOR('',#3546,1.);
#3546=DIRECTION('',(-0.635547705819909,0.309966310471073,-0.707106781186548));
#3547=CARTESIAN_POINT('',(-17.5262698226817,-8.54867627779631,11.));
#3548=VECTOR('',#3549,1.);
#3549=DIRECTION('',(0.63553560207812,0.309991126471708,0.70710678118655));
#3550=CARTESIAN_POINT('',(-17.2025156147817,-11.5467839318991,12.));
#3551=VECTOR('',#3552,1.);
#3552=DIRECTION('',(-0.500000000000004,0.499999999999996,-0.707106781186547));
#3553=CARTESIAN_POINT('',(-23.220052785237,-16.1501075399813,11.));
#3554=VECTOR('',#3555,1.);
#3555=DIRECTION('',(0.499999999999999,-0.499999999999999,0.707106781186548));
#3556=CARTESIAN_POINT('',(-22.584619195109,-18.1916182845813,12.));
#3557=VECTOR('',#3558,1.);
#3558=DIRECTION('',(-0.550680599426809,-0.443566091371885,-0.707106781186547));
#3559=CARTESIAN_POINT('',(-18.818249294432,-23.363935744917,11.));
#3560=VECTOR('',#3561,1.);
#3561=DIRECTION('',(0.443550389538395,0.550693246681251,0.707106781186548));
#3562=CARTESIAN_POINT('',(-16.8565925602833,-22.5134468097757,12.));
#3563=VECTOR('',#3564,1.);
#3564=DIRECTION('',(0.500000000000001,-0.499999999999998,-0.707106781186548));
#3565=CARTESIAN_POINT('',(-10.8389226055323,-17.9099904173978,11.));
#3566=VECTOR('',#3567,1.);
#3567=DIRECTION('',(-0.500000000000002,0.499999999999998,0.707106781186547));
#3568=CARTESIAN_POINT('',(-8.10963336271839,-16.627803424454,12.));
#3569=VECTOR('',#3570,1.);
#3570=DIRECTION('',(-0.309966310471072,-0.635547705819911,-0.707106781186546));
#3571=CARTESIAN_POINT('',(8.5479919228653,-17.5266036095597,11.));
#3572=VECTOR('',#3573,1.);
#3573=DIRECTION('',(-0.309966310471071,0.635547705819911,0.707106781186547));
#3574=CARTESIAN_POINT('',(11.5460293867188,-17.2028836362113,12.));
#3575=VECTOR('',#3576,1.);
#3576=DIRECTION('',(-0.500000000000001,-0.499999999999997,-0.707106781186549));
#3577=CARTESIAN_POINT('',(16.1494857790967,-23.2205535909623,11.));
#3578=VECTOR('',#3579,1.);
#3579=DIRECTION('',(0.500000000000001,0.499999999999999,0.707106781186547));
#3580=CARTESIAN_POINT('',(18.1909743179509,-22.5851378867531,12.));
#3581=VECTOR('',#3582,1.);
#3582=DIRECTION('',(0.443550389538395,-0.550693246681253,-0.707106781186547));
#3583=CARTESIAN_POINT('',(23.3639357449169,-18.8182492944321,11.));
#3584=VECTOR('',#3585,1.);
#3585=DIRECTION('',(-0.550693246681248,0.443550389538397,0.70710678118655));
#3586=CARTESIAN_POINT('',(22.5134468097757,-16.8565925602834,12.));
#3587=VECTOR('',#3588,1.);
#3588=DIRECTION('',(0.499999999999999,0.499999999999999,-0.70710678118655));
#3589=CARTESIAN_POINT('',(17.9099904173978,-10.8389226055324,11.));
#3590=VECTOR('',#3591,1.);
#3591=DIRECTION('',(-0.499999999999998,-0.500000000000001,0.707106781186548));
#3592=CARTESIAN_POINT('',(16.627803424454,-8.10963336271845,12.));
#3593=VECTOR('',#3594,1.);
#3594=DIRECTION('',(0.635547705819909,-0.309966310471077,-0.707106781186546));
#3595=CARTESIAN_POINT('',(17.2487208157774,9.09569294882841,11.));
#3596=VECTOR('',#3597,1.);
#3597=DIRECTION('',(-0.625471151570757,-0.329826982754217,0.707106781186548));
#3598=CARTESIAN_POINT('',(16.3226413835344,11.346161909151,12.));
#3599=VECTOR('',#3600,1.);
#3600=DIRECTION('',(0.635259783199315,-0.310555965728495,-0.707106781186548));
#3601=CARTESIAN_POINT('',(21.5318513687168,19.7249892761804,11.));
#3602=VECTOR('',#3603,1.);
#3603=DIRECTION('',(-0.635259783199318,0.310555965728493,0.707106781186546));
#3604=CARTESIAN_POINT('',(20.5952011237173,20.3934415827487,12.));
#3605=VECTOR('',#3606,1.);
#3606=DIRECTION('',(0.5,0.5,-0.707106781186547));
ENDSEC;
END-ISO-10303-21;
